Frequency (Hz),Level (dBm)
50.00,-82.10
50.10,-83.88
50.20,-82.97
50.30,-82.83
50.40,-85.06
50.50,-83.28
50.60,-81.59
50.70,-80.26
50.80,-83.59
50.90,-85.22
51.00,-85.46
51.10,-84.27
51.20,-85.82
51.30,-82.51
51.40,-85.13
51.50,-83.54
51.60,-84.31
51.70,-81.65
51.80,-84.45
51.90,-85.01
52.00,-83.03
52.10,-84.52
52.20,-81.43
52.30,-80.25
52.40,-82.24
52.50,-83.75
52.60,-83.49
52.70,-80.49
52.80,-81.32
52.90,-82.93
53.00,-83.31
53.10,-83.49
53.20,-82.74
53.30,-82.04
53.40,-83.87
53.50,-84.73
53.60,-84.82
53.70,-78.29
53.80,-79.45
53.90,-83.68
54.00,-84.65
54.10,-85.55
54.20,-85.13
54.30,-84.86
54.40,-84.34
54.50,-85.96
54.60,-84.26
54.70,-87.55
54.80,-84.10
54.90,-85.21
55.00,-86.13
55.10,-87.16
55.20,-84.17
55.30,-82.11
55.40,-85.16
55.50,-86.45
55.60,-84.17
55.70,-86.72
55.80,-85.33
55.90,-84.97
56.00,-85.06
56.10,-85.54
56.20,-87.09
56.30,-86.47
56.40,-83.27
56.50,-87.06
56.60,-87.49
56.70,-83.73
56.80,-78.93
56.90,-80.46
57.00,-85.11
57.10,-85.20
57.20,-87.22
57.30,-85.64
57.40,-86.44
57.50,-86.52
57.60,-85.64
57.70,-87.46
57.80,-84.86
57.90,-84.97
58.00,-86.08
58.10,-85.36
58.20,-84.68
58.30,-81.07
58.40,-79.88
58.50,-83.94
58.60,-83.98
58.70,-84.58
58.80,-86.45
58.90,-85.37
59.00,-85.97
59.10,-85.08
59.20,-84.79
59.30,-83.18
59.40,-83.29
59.50,-83.69
59.60,-84.48
59.70,-83.91
59.80,-82.96
59.90,-78.27
60.00,-81.53
60.10,-82.50
60.20,-82.50
60.30,-85.44
60.40,-85.15
60.50,-81.90
60.60,-82.30
60.70,-84.32
60.80,-83.52
60.90,-83.00
61.00,-82.15
61.10,-81.70
61.20,-83.35
61.30,-84.34
61.40,-79.39
61.50,-79.76
61.60,-81.72
61.70,-80.91
61.80,-80.61
61.90,-81.48
62.00,-82.83
62.10,-82.22
62.20,-80.79
62.30,-81.04
62.40,-82.52
62.50,-81.98
62.60,-82.19
62.70,-82.33
62.80,-81.56
62.90,-79.03
63.00,-79.63
63.10,-82.49
63.20,-80.82
63.30,-81.99
63.40,-84.91
63.50,-83.97
63.60,-84.05
63.70,-83.21
63.80,-83.83
63.90,-85.31
64.00,-83.02
64.10,-84.94
64.20,-85.05
64.30,-83.87
64.40,-84.67
64.50,-80.39
64.60,-82.84
64.70,-82.96
64.80,-84.62
64.90,-83.27
65.00,-88.48
65.10,-85.88
65.20,-85.84
65.30,-84.62
65.40,-84.07
65.50,-85.31
65.60,-83.67
65.70,-85.41
65.80,-83.50
65.90,-81.88
66.00,-80.89
66.10,-81.68
66.20,-84.24
66.30,-85.04
66.40,-85.85
66.50,-84.86
66.60,-84.38
66.70,-84.90
66.80,-85.84
66.90,-84.34
67.00,-84.34
67.10,-84.05
67.20,-84.55
67.30,-85.76
67.40,-84.73
67.50,-80.66
67.60,-82.49
67.70,-84.16
67.80,-84.31
67.90,-83.22
68.00,-84.29
68.10,-84.10
68.20,-85.02
68.30,-83.64
68.40,-81.79
68.50,-83.89
68.60,-84.32
68.70,-83.95
68.80,-83.02
68.90,-83.56
69.00,-83.58
69.10,-82.62
69.20,-82.50
69.30,-85.69
69.40,-80.59
69.50,-82.73
69.60,-85.01
69.70,-84.20
69.80,-83.32
69.90,-84.27
70.00,-82.04
70.10,-82.49
70.20,-83.53
70.30,-83.35
70.40,-85.17
70.50,-83.33
70.60,-83.83
70.70,-84.72
70.80,-85.13
70.90,-86.23
71.00,-81.51
71.10,-83.84
71.20,-84.71
71.30,-85.67
71.40,-82.17
71.50,-85.65
71.60,-84.70
71.70,-85.14
71.80,-84.43
71.90,-83.90
72.00,-82.36
72.10,-85.21
72.20,-81.84
72.30,-84.54
72.40,-86.01
72.50,-82.86
72.60,-83.86
72.70,-84.56
72.80,-82.07
72.90,-81.48
73.00,-81.13
73.10,-82.76
73.20,-84.23
73.30,-85.44
73.40,-86.05
73.50,-84.72
73.60,-83.18
73.70,-81.98
73.80,-81.60
73.90,-84.87
74.00,-86.26
74.10,-76.34
74.20,-65.81
74.30,-66.78
74.40,-80.35
74.50,-84.10
74.60,-84.20
74.70,-84.82
74.80,-84.96
74.90,-84.21
75.00,-86.08
75.10,-82.81
75.20,-77.76
75.30,-78.11
75.40,-83.22
75.50,-80.50
75.60,-81.17
75.70,-79.86
75.80,-78.75
75.90,-77.53
76.00,-80.25
76.10,-78.45
76.20,-81.55
76.30,-81.21
76.40,-81.04
76.50,-80.76
76.60,-79.13
76.70,-78.99
76.80,-77.49
76.90,-79.09
77.00,-77.87
77.10,-81.03
77.20,-82.02
77.30,-79.69
77.40,-79.59
77.50,-83.51
77.60,-80.10
77.70,-81.79
77.80,-81.79
77.90,-80.48
78.00,-83.00
78.10,-81.93
78.20,-83.35
78.30,-79.74
78.40,-78.13
78.50,-80.94
78.60,-80.04
78.70,-83.80
78.80,-81.86
78.90,-83.27
79.00,-86.82
79.10,-85.63
79.20,-85.25
79.30,-86.42
79.40,-84.89
79.50,-86.85
79.60,-86.21
79.70,-85.15
79.80,-84.98
79.90,-82.75
80.00,-84.10
80.10,-86.04
80.20,-87.33
80.30,-86.80
80.40,-87.32
80.50,-87.38
80.60,-87.07
80.70,-87.18
80.80,-86.78
80.90,-86.26
81.00,-85.59
81.10,-87.35
81.20,-86.60
81.30,-84.94
81.40,-80.67
81.50,-83.07
81.60,-85.47
81.70,-85.57
81.80,-84.49
81.90,-84.67
82.00,-85.66
82.10,-85.76
82.20,-86.74
82.30,-86.15
82.40,-84.24
82.50,-86.24
82.60,-82.36
82.70,-83.11
82.80,-82.19
82.90,-83.18
83.00,-82.62
83.10,-86.04
83.20,-86.16
83.30,-82.90
83.40,-86.89
83.50,-86.49
83.60,-85.83
83.70,-84.61
83.80,-86.19
83.90,-84.38
84.00,-81.56
84.10,-84.24
84.20,-83.71
84.30,-85.02
84.40,-84.89
84.50,-82.94
84.60,-86.33
84.70,-85.83
84.80,-86.29
84.90,-84.21
85.00,-84.41
85.10,-85.68
85.20,-84.92
85.30,-85.66
85.40,-84.80
85.50,-83.58
85.60,-76.59
85.70,-77.84
85.80,-84.27
85.90,-84.97
86.00,-85.40
86.10,-83.50
86.20,-86.68
86.30,-85.22
86.40,-84.02
86.50,-86.52
86.60,-84.42
86.70,-85.76
86.80,-85.86
86.90,-84.78
87.00,-83.25
87.10,-81.82
87.20,-79.17
87.30,-83.74
87.40,-82.27
87.50,-79.58
87.60,-80.66
87.70,-81.86
87.80,-82.69
87.90,-80.38
88.00,-78.35
88.10,-82.17
88.20,-82.02
88.30,-82.92
88.40,-78.98
88.50,-78.83
88.60,-78.26
88.70,-80.23
88.80,-81.71
88.90,-81.64
89.00,-84.30
89.10,-79.41
89.20,-83.37
89.30,-82.10
89.40,-85.26
89.50,-82.63
89.60,-82.47
89.70,-81.70
89.80,-81.74
89.90,-81.37
90.00,-84.07
90.10,-84.10
90.20,-84.29
90.30,-83.97
90.40,-86.10
90.50,-86.47
90.60,-83.49
90.70,-85.23
90.80,-84.89
90.90,-87.16
91.00,-81.54
91.10,-80.54
91.20,-81.06
91.30,-80.12
91.40,-84.43
91.50,-86.24
91.60,-85.71
91.70,-84.15
91.80,-83.85
91.90,-84.89
92.00,-85.39
92.10,-80.22
92.20,-80.24
92.30,-79.34
92.40,-83.41
92.50,-83.93
92.60,-84.03
92.70,-82.89
92.80,-80.34
92.90,-84.96
93.00,-82.58
93.10,-82.59
93.20,-82.99
93.30,-80.93
93.40,-81.99
93.50,-82.51
93.60,-82.51
93.70,-80.53
93.80,-81.29
93.90,-80.39
94.00,-80.06
94.10,-78.59
94.20,-80.83
94.30,-82.86
94.40,-82.82
94.50,-81.40
94.60,-81.39
94.70,-81.64
94.80,-76.59
94.90,-74.18
95.00,-75.74
95.10,-81.73
95.20,-80.19
95.30,-81.52
95.40,-83.24
95.50,-80.96
95.60,-83.05
95.70,-79.37
95.80,-77.39
95.90,-77.79
96.00,-77.88
96.00,-77.81
96.03,-80.81
96.06,-81.76
96.09,-80.33
96.12,-84.26
96.15,-79.54
96.18,-83.85
96.21,-84.88
96.24,-83.29
96.27,-85.00
96.30,-85.60
96.33,-83.75
96.37,-81.21
96.40,-82.02
96.43,-83.89
96.46,-83.19
96.49,-86.55
96.52,-86.28
96.55,-83.92
96.58,-84.86
96.61,-82.73
96.64,-84.37
96.67,-83.96
96.70,-84.08
96.73,-82.80
96.76,-82.94
96.79,-85.19
96.82,-82.83
96.85,-80.42
96.88,-82.38
96.91,-81.46
96.94,-81.76
96.97,-81.50
97.00,-83.42
97.03,-84.11
97.07,-85.17
97.10,-84.37
97.13,-88.35
97.16,-84.23
97.19,-85.98
97.22,-83.01
97.25,-82.29
97.28,-81.30
97.31,-81.32
97.34,-82.66
97.37,-83.72
97.40,-83.84
97.43,-83.82
97.46,-84.15
97.49,-85.33
97.52,-86.40
97.55,-87.13
97.58,-86.44
97.61,-86.01
97.64,-84.11
97.67,-86.91
97.70,-83.04
97.73,-86.94
97.77,-85.45
97.80,-86.14
97.83,-82.15
97.86,-87.41
97.89,-86.74
97.92,-86.74
97.95,-84.20
97.98,-87.35
98.01,-86.80
98.04,-85.48
98.07,-85.06
98.10,-84.75
98.13,-85.20
98.16,-85.53
98.19,-87.46
98.22,-86.04
98.25,-87.08
98.28,-86.69
98.31,-87.64
98.34,-85.72
98.37,-88.08
98.40,-87.30
98.43,-84.04
98.47,-83.99
98.50,-86.78
98.53,-89.00
98.56,-87.23
98.59,-84.28
98.62,-87.28
98.65,-85.83
98.68,-85.86
98.71,-85.33
98.74,-90.03
98.77,-88.59
98.80,-87.78
98.83,-85.90
98.86,-87.81
98.89,-88.17
98.92,-86.59
98.95,-87.07
98.98,-86.80
99.01,-86.17
99.04,-86.33
99.07,-83.68
99.10,-84.74
99.13,-84.24
99.17,-85.18
99.20,-87.00
99.23,-85.91
99.26,-85.24
99.29,-88.45
99.32,-86.91
99.35,-86.86
99.38,-86.34
99.41,-85.11
99.44,-88.46
99.47,-89.06
99.50,-88.86
99.53,-87.51
99.56,-85.36
99.59,-85.18
99.62,-84.74
99.65,-84.58
99.68,-87.52
99.71,-86.06
99.74,-87.13
99.77,-87.17
99.80,-84.67
99.83,-82.26
99.87,-83.74
99.90,-82.91
99.93,-80.63
99.96,-81.26
99.99,-82.78
100.02,-84.91
100.05,-88.19
100.08,-86.18
100.11,-86.06
100.14,-85.06
100.17,-86.59
100.20,-85.83
100.23,-85.81
100.26,-85.64
100.29,-87.55
100.32,-85.82
100.35,-86.71
100.38,-87.97
100.41,-86.54
100.44,-86.78
100.47,-85.64
100.50,-87.00
100.53,-89.01
100.57,-85.98
100.60,-86.28
100.63,-85.56
100.66,-84.76
100.69,-83.83
100.72,-87.84
100.75,-88.09
100.78,-86.34
100.81,-85.98
100.84,-86.57
100.87,-85.31
100.90,-87.96
100.93,-86.35
100.96,-86.60
100.99,-86.25
101.02,-87.38
101.05,-87.19
101.08,-86.24
101.11,-85.83
101.14,-88.53
101.17,-85.60
101.20,-87.73
101.23,-87.28
101.27,-85.74
101.30,-85.97
101.33,-85.04
101.36,-84.87
101.39,-86.00
101.42,-85.99
101.45,-85.41
101.48,-86.82
101.51,-86.95
101.54,-88.84
101.57,-84.93
101.60,-86.76
101.63,-87.29
101.66,-88.10
101.69,-86.46
101.72,-89.21
101.75,-88.84
101.78,-84.48
101.81,-87.25
101.84,-85.39
101.87,-86.23
101.90,-85.45
101.93,-87.54
101.97,-86.83
102.00,-87.07
102.03,-83.68
102.06,-84.02
102.09,-84.35
102.12,-82.78
102.15,-83.34
102.18,-84.82
102.21,-88.94
102.24,-85.26
102.27,-88.55
102.30,-87.14
102.33,-88.48
102.36,-86.21
102.39,-87.65
102.42,-87.96
102.45,-87.61
102.48,-86.84
102.51,-87.33
102.54,-86.48
102.57,-87.29
102.60,-86.36
102.63,-87.37
102.67,-87.19
102.70,-83.62
102.73,-86.42
102.76,-84.24
102.79,-87.66
102.82,-87.52
102.85,-85.10
102.88,-83.28
102.91,-85.76
102.94,-84.84
102.97,-86.16
103.00,-86.86
103.03,-86.96
103.06,-84.01
103.09,-83.82
103.12,-85.70
103.15,-87.26
103.18,-88.20
103.21,-85.97
103.24,-83.38
103.27,-88.28
103.30,-87.26
103.33,-87.37
103.37,-88.54
103.40,-86.60
103.43,-87.70
103.46,-86.18
103.49,-87.92
103.52,-84.94
103.55,-86.49
103.58,-85.57
103.61,-86.30
103.64,-85.70
103.67,-87.44
103.70,-88.20
103.73,-88.32
103.76,-85.56
103.79,-85.99
103.82,-86.23
103.85,-87.80
103.88,-85.19
103.91,-86.24
103.94,-84.80
103.97,-84.80
104.00,-86.72
104.03,-83.57
104.07,-82.70
104.10,-84.54
104.13,-86.60
104.16,-86.16
104.19,-85.98
104.22,-88.13
104.25,-86.75
104.28,-85.48
104.31,-85.41
104.34,-82.57
104.37,-83.03
104.40,-79.91
104.43,-79.97
104.46,-78.56
104.49,-80.59
104.52,-78.95
104.55,-81.73
104.58,-81.29
104.61,-83.22
104.64,-82.37
104.67,-83.28
104.70,-85.40
104.73,-83.77
104.77,-84.54
104.80,-82.80
104.83,-84.22
104.86,-85.23
104.89,-83.88
104.92,-81.74
104.95,-82.06
104.98,-79.30
105.01,-83.33
105.04,-82.40
105.07,-85.04
105.10,-79.26
105.13,-83.70
105.16,-82.73
105.19,-85.20
105.22,-83.80
105.25,-83.17
105.28,-81.62
105.31,-83.02
105.34,-83.05
105.37,-82.04
105.40,-85.36
105.43,-81.58
105.47,-82.56
105.50,-83.51
105.53,-77.43
105.56,-83.26
105.59,-78.70
105.62,-81.89
105.65,-78.31
105.68,-81.52
105.71,-81.91
105.74,-81.72
105.77,-81.87
105.80,-83.54
105.83,-80.44
105.86,-79.46
105.89,-80.19
105.92,-81.02
105.95,-83.43
105.98,-78.67
106.01,-79.82
106.04,-82.46
106.07,-81.08
106.10,-78.07
106.13,-82.02
106.17,-83.11
106.20,-78.13
106.23,-81.21
106.26,-80.15
106.29,-81.81
106.32,-81.87
106.35,-81.59
106.38,-80.18
106.41,-81.17
106.44,-82.85
106.47,-83.87
106.50,-81.92
106.53,-84.94
106.56,-83.70
106.59,-78.93
106.62,-82.07
106.65,-84.54
106.68,-80.47
106.71,-83.06
106.74,-79.20
106.77,-83.51
106.80,-78.71
106.83,-80.81
106.87,-84.80
106.90,-81.53
106.93,-81.37
106.96,-83.42
106.99,-84.00
107.02,-80.95
107.05,-82.90
107.08,-80.30
107.11,-81.40
107.14,-78.26
107.17,-81.55
107.20,-81.51
107.23,-80.81
107.26,-81.46
107.29,-79.87
107.32,-79.28
107.35,-81.76
107.38,-81.27
107.41,-79.38
107.44,-82.25
107.47,-78.71
107.50,-79.26
107.53,-80.55
107.57,-81.38
107.60,-84.03
107.63,-84.16
107.66,-84.93
107.69,-83.25
107.72,-82.73
107.75,-82.27
107.78,-85.06
107.81,-83.01
107.84,-86.18
107.87,-88.09
107.90,-84.33
107.93,-83.92
107.96,-86.71
107.99,-86.23
108.02,-85.02
108.05,-87.74
108.08,-86.33
108.11,-87.35
108.14,-87.79
108.17,-81.11
108.20,-84.47
108.23,-83.37
108.27,-84.84
108.30,-87.28
108.33,-86.67
108.36,-85.76
108.39,-87.47
108.42,-84.78
108.45,-87.09
108.48,-88.07
108.51,-88.12
108.54,-86.99
108.57,-87.04
108.60,-87.72
108.63,-80.83
108.66,-82.12
108.69,-80.53
108.72,-81.39
108.75,-82.05
108.78,-83.22
108.81,-84.85
108.84,-84.57
108.87,-87.32
108.90,-86.56
108.93,-85.69
108.97,-87.61
109.00,-84.01
109.03,-83.31
109.06,-85.24
109.09,-83.10
109.12,-86.08
109.15,-85.87
109.18,-86.42
109.21,-85.42
109.24,-88.48
109.27,-84.75
109.30,-84.05
109.33,-85.64
109.36,-84.59
109.39,-82.98
109.42,-85.64
109.45,-86.90
109.48,-82.82
109.51,-86.16
109.54,-83.05
109.57,-84.23
109.60,-81.25
109.63,-81.37
109.67,-80.16
109.70,-82.31
109.73,-85.21
109.76,-83.73
109.79,-83.42
109.82,-82.86
109.85,-84.29
109.88,-82.91
109.91,-81.18
109.94,-82.00
109.97,-81.86
110.00,-82.15
170.00,-80.45
170.10,-80.41
170.20,-79.16
170.30,-82.67
170.40,-81.32
170.50,-78.34
170.60,-79.71
170.70,-80.58
170.80,-80.64
170.90,-80.74
171.00,-82.37
171.10,-80.76
171.20,-80.78
171.30,-80.10
171.40,-81.74
171.50,-81.66
171.60,-82.57
171.70,-79.32
171.80,-79.56
171.90,-80.96
172.00,-78.02
172.10,-78.41
172.20,-82.60
172.30,-79.50
172.40,-79.57
172.50,-80.52
172.60,-80.05
172.70,-79.12
172.80,-79.96
172.90,-81.94
173.00,-80.95
173.10,-80.73
173.20,-80.79
173.30,-80.91
173.40,-79.65
173.50,-80.13
173.60,-79.69
173.70,-79.93
173.80,-80.33
173.90,-82.71
174.00,-78.04
174.10,-79.30
174.20,-78.26
174.30,-79.17
174.40,-80.84
174.50,-79.73
174.60,-80.72
174.70,-80.47
174.80,-78.68
174.90,-80.19
175.00,-80.92
175.10,-78.61
175.20,-80.06
175.30,-81.16
175.40,-79.99
175.50,-81.64
175.60,-79.90
175.70,-81.25
175.80,-80.34
175.90,-79.42
176.00,-81.93
176.10,-81.46
176.20,-79.73
176.30,-78.57
176.40,-80.71
176.50,-81.17
176.60,-78.01
176.70,-78.73
176.80,-81.69
176.90,-80.20
177.00,-82.83
177.10,-79.65
177.20,-81.37
177.30,-81.53
177.40,-81.61
177.50,-80.11
177.60,-82.83
177.70,-81.14
177.80,-81.29
177.90,-79.29
178.00,-81.13
178.10,-80.20
178.20,-77.83
178.30,-81.70
178.40,-78.97
178.50,-79.32
178.60,-81.04
178.70,-80.49
178.80,-78.89
178.90,-80.96
179.00,-79.17
179.10,-80.91
179.20,-79.83
179.30,-79.68
179.40,-80.34
179.50,-80.03
179.60,-76.89
179.70,-72.44
179.80,-77.51
179.90,-76.21
180.00,-78.60
180.10,-78.83
180.20,-79.86
180.30,-79.33
180.40,-80.67
180.50,-79.19
180.60,-78.82
180.70,-78.57
180.80,-79.30
180.90,-78.16
181.00,-80.18
181.10,-78.42
181.20,-77.18
181.30,-76.21
181.40,-80.33
181.50,-78.19
181.60,-78.16
181.70,-78.34
181.80,-80.64
181.90,-81.02
182.00,-81.79
182.10,-81.86
182.20,-81.61
182.30,-80.28
182.40,-82.03
182.50,-81.44
182.60,-79.29
182.70,-75.79
182.80,-74.83
182.90,-78.12
183.00,-80.45
183.10,-80.61
183.20,-82.24
183.30,-84.11
183.40,-81.06
183.50,-80.12
183.60,-79.15
183.70,-81.96
183.80,-82.74
183.90,-79.40
184.00,-78.76
184.10,-78.49
184.20,-79.58
184.30,-77.64
184.40,-77.19
184.50,-76.13
184.60,-76.15
184.70,-77.49
184.80,-78.46
184.90,-77.91
185.00,-79.06
185.10,-75.51
185.20,-77.36
185.30,-75.34
185.40,-76.50
185.50,-75.78
185.60,-73.19
185.70,-75.28
185.80,-72.21
185.90,-73.17
186.00,-76.27
186.10,-75.48
186.20,-74.95
186.30,-76.77
186.40,-75.96
186.50,-74.75
186.60,-76.38
186.70,-78.05
186.80,-75.53
186.90,-77.68
187.00,-77.74
187.10,-75.35
187.20,-74.86
187.30,-74.21
187.40,-74.57
187.50,-79.33
187.60,-79.57
187.70,-79.74
187.80,-80.68
187.90,-80.70
188.00,-81.72
188.10,-84.50
188.20,-82.57
188.30,-83.63
188.40,-84.50
188.50,-83.87
188.60,-78.95
188.70,-76.71
188.80,-79.60
188.90,-76.75
189.00,-80.41
189.10,-81.82
189.20,-81.97
189.30,-83.13
189.40,-85.49
189.50,-81.29
189.60,-81.15
189.70,-80.65
189.80,-78.62
189.90,-79.01
190.00,-78.31
190.10,-75.17
190.20,-75.22
190.30,-76.06
190.40,-77.44
190.50,-77.46
190.60,-77.99
190.70,-78.62
190.80,-79.81
190.90,-79.15
191.00,-77.62
191.10,-76.26
191.20,-77.46
191.30,-74.71
191.40,-78.03
191.50,-77.26
191.60,-77.47
191.70,-76.78
191.80,-77.41
191.90,-76.97
192.00,-73.82
192.10,-78.46
192.20,-80.74
192.30,-77.95
192.40,-79.25
192.50,-80.52
192.60,-79.71
192.70,-79.45
192.80,-79.37
192.90,-75.33
193.00,-79.49
193.10,-82.23
193.20,-84.04
193.30,-83.36
193.40,-82.94
193.50,-80.89
193.60,-83.01
193.70,-83.79
193.80,-84.07
193.90,-87.14
194.00,-86.98
194.10,-87.24
194.20,-85.22
194.30,-80.86
194.40,-80.53
194.50,-85.37
194.60,-84.22
194.70,-85.06
194.80,-83.60
194.90,-84.64
195.00,-81.89
195.10,-78.45
195.20,-84.36
195.30,-84.33
195.40,-85.74
195.50,-81.89
195.60,-81.26
195.70,-77.92
195.80,-78.20
195.90,-79.53
196.00,-81.48
196.10,-80.62
196.20,-82.24
196.30,-83.75
196.40,-79.75
196.50,-78.95
196.60,-78.32
196.70,-80.27
196.80,-80.80
196.90,-80.86
197.00,-79.29
197.10,-79.41
197.20,-80.59
197.30,-78.82
197.40,-79.50
197.50,-79.14
197.60,-81.06
197.70,-80.89
197.80,-79.75
197.90,-79.98
198.00,-82.31
198.10,-81.32
198.20,-81.56
198.30,-81.76
198.40,-80.71
198.50,-78.57
198.60,-78.78
198.70,-81.22
198.80,-82.52
198.90,-84.54
199.00,-86.15
199.10,-81.51
199.20,-85.83
199.30,-83.06
199.40,-85.78
199.50,-87.40
199.60,-83.84
199.70,-83.19
199.80,-84.21
199.90,-81.45
200.00,-82.92
200.10,-84.99
200.20,-85.28
200.30,-83.02
200.40,-85.20
200.50,-84.21
200.60,-80.56
200.70,-84.73
200.80,-86.47
200.90,-84.61
201.00,-84.22
201.10,-82.29
201.20,-79.65
201.30,-80.90
201.40,-80.81
201.50,-80.55
201.60,-81.25
201.70,-83.45
201.80,-80.13
201.90,-81.62
202.00,-81.75
202.10,-82.81
202.20,-81.42
202.30,-82.68
202.40,-82.37
202.50,-81.89
202.60,-78.98
202.70,-80.09
202.80,-78.35
202.90,-79.04
203.00,-79.57
203.10,-79.53
203.20,-78.18
203.30,-75.18
203.40,-82.14
203.50,-80.95
203.60,-81.88
203.70,-83.10
203.80,-84.09
203.90,-82.03
204.00,-78.72
204.10,-79.73
204.20,-77.15
204.30,-78.75
204.40,-84.53
204.50,-82.80
204.60,-83.52
204.70,-84.98
204.80,-84.85
204.90,-85.57
205.00,-84.84
205.10,-82.57
205.20,-79.60
205.30,-77.16
205.40,-78.39
205.50,-79.74
205.60,-80.52
205.70,-80.25
205.80,-82.25
205.90,-83.23
206.00,-85.32
206.10,-84.35
206.20,-86.12
206.30,-84.80
206.40,-85.99
206.50,-84.83
206.60,-83.31
206.70,-84.31
206.80,-81.46
206.90,-82.31
207.00,-80.10
207.10,-80.15
207.20,-80.14
207.30,-78.12
207.40,-76.53
207.50,-82.58
207.60,-80.97
207.70,-82.29
207.80,-81.57
207.90,-80.37
208.00,-80.39
208.10,-79.67
208.20,-80.03
208.30,-79.93
208.40,-80.87
208.50,-79.58
208.60,-79.21
208.70,-80.58
208.80,-77.94
208.90,-81.33
209.00,-82.97
209.10,-82.42
209.20,-79.80
209.30,-82.52
209.40,-80.74
209.50,-83.70
209.60,-81.84
209.70,-82.31
209.80,-80.22
209.90,-82.64
210.00,-81.26
210.10,-85.21
210.20,-83.61
210.30,-85.44
210.40,-78.93
210.50,-81.42
210.60,-83.41
210.70,-81.52
210.80,-86.26
210.90,-84.05
211.00,-83.68
211.10,-86.76
211.20,-86.09
211.30,-84.39
211.40,-86.02
211.50,-85.34
211.60,-84.89
211.70,-85.12
211.80,-84.75
211.90,-82.00
212.00,-82.45
212.10,-85.26
212.20,-85.29
212.30,-81.01
212.40,-84.66
212.50,-85.07
212.60,-82.89
212.70,-83.21
212.80,-82.48
212.90,-81.82
213.00,-86.16
213.10,-85.07
213.20,-82.77
213.30,-83.30
213.40,-82.60
213.50,-80.21
213.60,-84.15
213.70,-84.38
213.80,-85.65
213.90,-84.71
214.00,-84.21
214.10,-85.12
214.20,-85.51
214.30,-82.97
214.40,-83.55
214.50,-84.32
214.60,-85.49
214.70,-82.49
214.80,-83.30
214.90,-84.74
215.00,-82.69
215.10,-82.74
215.20,-84.75
215.30,-83.19
215.40,-84.88
215.50,-84.01
215.60,-80.92
215.70,-85.45
215.80,-83.46
215.90,-82.86
216.00,-80.11
216.00,-79.81
216.01,-79.67
216.02,-80.10
216.03,-82.75
216.03,-80.55
216.04,-81.61
216.05,-82.82
216.06,-84.11
216.07,-83.43
216.08,-85.41
216.09,-84.27
216.10,-85.30
216.10,-85.86
216.11,-82.20
216.12,-88.05
216.13,-86.67
216.14,-86.59
216.15,-86.44
216.16,-89.33
216.17,-89.93
216.17,-86.69
216.18,-84.47
216.19,-86.95
216.20,-87.15
216.21,-87.06
216.22,-86.82
216.23,-84.47
216.23,-86.21
216.24,-88.53
216.25,-87.23
216.26,-88.20
216.27,-85.41
216.28,-87.82
216.29,-87.77
216.30,-84.71
216.30,-83.07
216.31,-86.81
216.32,-85.58
216.33,-88.31
216.34,-86.07
216.35,-85.53
216.36,-84.44
216.37,-85.00
216.37,-88.17
216.38,-86.93
216.39,-86.57
216.40,-86.15
216.41,-85.51
216.42,-84.41
216.43,-87.25
216.43,-86.45
216.44,-86.58
216.45,-88.29
216.46,-86.89
216.47,-86.36
216.48,-86.50
216.49,-86.13
216.50,-83.02
216.50,-84.89
216.51,-85.65
216.52,-85.54
216.53,-84.05
216.54,-83.22
216.55,-81.46
216.56,-80.15
216.57,-82.95
216.57,-82.16
216.58,-82.72
216.59,-81.87
216.60,-83.53
216.61,-81.97
216.62,-84.77
216.63,-82.78
216.63,-85.14
216.64,-85.52
216.65,-87.92
216.66,-86.31
216.67,-83.58
216.68,-86.36
216.69,-87.52
216.70,-84.94
216.70,-85.56
216.71,-85.61
216.72,-87.97
216.73,-86.43
216.74,-87.63
216.75,-85.45
216.76,-86.92
216.77,-87.36
216.77,-87.06
216.78,-85.81
216.79,-88.21
216.80,-87.02
216.81,-89.51
216.82,-86.44
216.83,-89.16
216.83,-87.59
216.84,-84.45
216.85,-82.24
216.86,-88.45
216.87,-88.33
216.88,-87.36
216.89,-84.85
216.90,-85.09
216.90,-84.57
216.91,-85.78
216.92,-85.93
216.93,-83.70
216.94,-84.28
216.95,-85.27
216.96,-84.73
216.97,-87.07
216.97,-87.59
216.98,-87.28
216.99,-83.22
217.00,-85.53
217.01,-87.85
217.02,-87.54
217.03,-86.70
217.03,-87.97
217.04,-87.20
217.05,-84.42
217.06,-87.87
217.07,-86.21
217.08,-86.98
217.09,-86.78
217.10,-86.23
217.10,-87.06
217.11,-86.73
217.12,-86.71
217.13,-85.62
217.14,-85.11
217.15,-83.49
217.16,-84.96
217.17,-86.20
217.17,-88.74
217.18,-86.70
217.19,-88.40
217.20,-86.33
217.21,-86.51
217.22,-87.29
217.23,-90.05
217.23,-85.17
217.24,-88.61
217.25,-87.13
217.26,-85.78
217.27,-86.61
217.28,-87.88
217.29,-85.91
217.30,-87.39
217.30,-86.64
217.31,-89.31
217.32,-86.98
217.33,-88.36
217.34,-88.23
217.35,-89.92
217.36,-84.34
217.37,-87.30
217.37,-88.87
217.38,-86.14
217.39,-88.56
217.40,-88.58
217.41,-87.53
217.42,-85.28
217.43,-86.60
217.43,-85.91
217.44,-87.95
217.45,-85.87
217.46,-86.29
217.47,-86.78
217.48,-84.72
217.49,-87.22
217.50,-86.38
217.50,-86.95
217.51,-83.57
217.52,-87.04
217.53,-86.08
217.54,-86.40
217.55,-88.10
217.56,-86.09
217.57,-87.08
217.57,-84.69
217.58,-85.69
217.59,-85.80
217.60,-87.61
217.61,-87.79
217.62,-86.39
217.63,-85.35
217.63,-86.77
217.64,-84.91
217.65,-86.84
217.66,-86.49
217.67,-87.83
217.68,-88.55
217.69,-87.61
217.70,-83.84
217.70,-88.71
217.71,-87.28
217.72,-85.94
217.73,-84.82
217.74,-87.22
217.75,-85.66
217.76,-86.66
217.77,-87.89
217.77,-85.71
217.78,-88.68
217.79,-86.94
217.80,-88.24
217.81,-88.81
217.82,-87.62
217.83,-86.33
217.83,-83.51
217.84,-87.75
217.85,-84.82
217.86,-85.48
217.87,-86.56
217.88,-85.77
217.89,-89.13
217.90,-88.78
217.90,-87.65
217.91,-85.90
217.92,-84.73
217.93,-85.79
217.94,-87.95
217.95,-87.84
217.96,-88.66
217.97,-86.46
217.97,-86.83
217.98,-88.92
217.99,-87.11
218.00,-86.29
218.01,-87.28
218.02,-85.75
218.03,-87.69
218.03,-82.75
218.04,-87.85
218.05,-84.28
218.06,-85.90
218.07,-89.53
218.08,-86.84
218.09,-88.66
218.10,-86.31
218.10,-86.59
218.11,-84.69
218.12,-86.54
218.13,-87.87
218.14,-84.91
218.15,-85.61
218.16,-88.78
218.17,-86.86
218.17,-85.32
218.18,-84.91
218.19,-87.01
218.20,-84.69
218.21,-86.87
218.22,-83.91
218.23,-88.58
218.23,-85.88
218.24,-82.94
218.25,-83.07
218.26,-86.88
218.27,-86.23
218.28,-86.28
218.29,-85.71
218.30,-86.17
218.30,-86.66
218.31,-87.44
218.32,-84.36
218.33,-87.26
218.34,-83.61
218.35,-86.15
218.36,-86.38
218.37,-86.25
218.37,-87.15
218.38,-85.20
218.39,-85.12
218.40,-87.46
218.41,-84.35
218.42,-84.89
218.43,-85.90
218.43,-85.63
218.44,-85.25
218.45,-86.25
218.46,-84.31
218.47,-84.67
218.48,-87.66
218.49,-84.07
218.50,-87.88
218.50,-87.60
218.51,-84.71
218.52,-86.19
218.53,-83.63
218.54,-87.19
218.55,-85.14
218.56,-85.98
218.57,-86.84
218.57,-85.56
218.58,-84.70
218.59,-85.42
218.60,-85.16
218.61,-84.98
218.62,-85.41
218.63,-85.60
218.63,-85.18
218.64,-87.71
218.65,-85.04
218.66,-86.57
218.67,-84.18
218.68,-86.20
218.69,-85.57
218.70,-85.63
218.70,-82.62
218.71,-83.61
218.72,-86.85
218.73,-85.54
218.74,-84.62
218.75,-86.61
218.76,-83.48
218.77,-83.82
218.77,-85.52
218.78,-86.80
218.79,-85.30
218.80,-85.77
218.81,-85.87
218.82,-84.28
218.83,-84.40
218.83,-83.70
218.84,-85.06
218.85,-85.52
218.86,-84.02
218.87,-83.67
218.88,-84.94
218.89,-82.22
218.90,-82.36
218.90,-84.61
218.91,-87.29
218.92,-83.18
218.93,-86.27
218.94,-85.40
218.95,-83.22
218.96,-84.10
218.97,-81.77
218.97,-83.41
218.98,-85.77
218.99,-86.20
219.00,-82.63
219.01,-83.93
219.02,-83.86
219.03,-84.98
219.03,-86.48
219.04,-84.53
219.05,-82.00
219.06,-86.08
219.07,-86.66
219.08,-84.23
219.09,-83.36
219.10,-86.30
219.10,-85.22
219.11,-86.43
219.12,-85.61
219.13,-85.43
219.14,-85.96
219.15,-85.71
219.16,-87.47
219.17,-85.93
219.17,-88.11
219.18,-84.25
219.19,-84.19
219.20,-86.97
219.21,-84.18
219.22,-84.43
219.23,-89.19
219.23,-87.57
219.24,-85.17
219.25,-87.41
219.26,-87.83
219.27,-85.88
219.28,-86.52
219.29,-86.06
219.30,-86.50
219.30,-86.01
219.31,-87.04
219.32,-86.67
219.33,-87.23
219.34,-84.46
219.35,-86.39
219.36,-85.72
219.37,-86.35
219.37,-85.55
219.38,-85.66
219.39,-87.44
219.40,-88.17
219.41,-86.72
219.42,-86.45
219.43,-87.75
219.43,-87.73
219.44,-86.97
219.45,-86.51
219.46,-86.61
219.47,-88.47
219.48,-85.57
219.49,-86.41
219.50,-87.01
219.50,-85.68
219.51,-84.71
219.52,-86.18
219.53,-83.66
219.54,-85.46
219.55,-87.23
219.56,-84.21
219.57,-84.64
219.57,-84.15
219.58,-82.59
219.59,-84.05
219.60,-81.83
219.61,-83.65
219.62,-82.64
219.63,-82.66
219.63,-81.64
219.64,-82.28
219.65,-84.51
219.66,-82.76
219.67,-83.70
219.68,-83.01
219.69,-81.87
219.70,-84.10
219.70,-85.00
219.71,-84.24
219.72,-85.81
219.73,-84.80
219.74,-84.46
219.75,-84.59
219.76,-85.83
219.77,-84.64
219.77,-86.79
219.78,-86.44
219.79,-83.77
219.80,-84.83
219.81,-83.79
219.82,-86.84
219.83,-84.69
219.83,-86.10
219.84,-87.25
219.85,-85.69
219.86,-86.22
219.87,-85.94
219.88,-86.80
219.89,-87.16
219.90,-85.67
219.90,-83.34
219.91,-85.81
219.92,-84.73
219.93,-85.18
219.94,-85.20
219.95,-82.49
219.96,-85.97
219.97,-84.13
219.97,-84.26
219.98,-83.16
219.99,-83.43
220.00,-81.19
400.00,-78.25
400.10,-80.88
400.20,-82.18
400.30,-77.91
400.40,-75.80
400.50,-76.94
400.60,-81.91
400.70,-84.40
400.80,-85.03
400.90,-84.59
401.00,-85.21
401.10,-84.12
401.20,-85.75
401.30,-83.10
401.40,-84.29
401.50,-85.06
401.60,-85.41
401.70,-86.78
401.80,-85.93
401.90,-86.66
402.00,-87.12
402.10,-84.53
402.20,-85.97
402.30,-86.35
402.40,-85.56
402.50,-84.40
402.60,-87.16
402.70,-85.40
402.80,-84.15
402.90,-84.61
403.00,-84.60
403.10,-87.04
403.20,-85.65
403.30,-84.72
403.40,-84.79
403.50,-86.95
403.60,-84.87
403.70,-86.92
403.80,-86.94
403.90,-84.79
404.00,-87.64
404.10,-88.27
404.20,-85.26
404.30,-87.29
404.40,-87.40
404.50,-87.13
404.60,-86.20
404.70,-85.61
404.80,-87.01
404.90,-87.46
405.00,-84.87
405.10,-88.41
405.20,-87.62
405.30,-87.53
405.40,-85.40
405.50,-85.32
405.60,-87.99
405.70,-88.65
405.80,-88.11
405.90,-86.03
406.00,-87.37
406.10,-87.12
406.20,-85.70
406.30,-82.97
406.40,-87.29
406.50,-87.32
406.60,-85.24
406.70,-86.32
406.80,-82.90
406.90,-85.36
407.00,-82.83
407.10,-87.86
407.20,-85.60
407.30,-84.77
407.40,-84.96
407.50,-86.61
407.60,-88.53
407.70,-88.19
407.80,-85.51
407.90,-85.25
408.00,-84.81
408.10,-83.16
408.20,-82.82
408.30,-86.04
408.40,-87.14
408.50,-85.19
408.60,-86.09
408.70,-86.44
408.80,-87.64
408.90,-86.12
409.00,-87.49
409.10,-83.08
409.20,-84.34
409.30,-85.43
409.40,-85.90
409.50,-84.05
409.60,-85.18
409.70,-83.58
409.80,-81.81
409.90,-79.81
410.00,-86.29
410.10,-83.77
410.20,-79.81
410.30,-77.68
410.40,-77.94
410.50,-72.62
410.60,-64.32
410.70,-65.37
410.80,-77.65
410.90,-76.34
411.00,-81.19
411.10,-82.00
411.20,-84.06
411.30,-81.16
411.40,-86.41
411.50,-83.78
411.60,-85.00
411.70,-83.95
411.80,-83.14
411.90,-88.08
412.00,-85.89
412.10,-81.68
412.20,-83.59
412.30,-82.89
412.40,-86.02
412.50,-81.20
412.60,-87.11
412.70,-84.00
412.80,-86.71
412.90,-86.89
413.00,-87.68
413.10,-87.13
413.20,-86.25
413.30,-86.95
413.40,-86.44
413.50,-84.49
413.60,-85.18
413.70,-86.41
413.80,-87.63
413.90,-84.88
414.00,-86.32
414.10,-88.36
414.20,-85.00
414.30,-85.50
414.40,-86.19
414.50,-87.88
414.60,-88.52
414.70,-86.66
414.80,-85.45
414.90,-87.18
415.00,-85.67
415.10,-84.94
415.20,-86.48
415.30,-87.15
415.40,-87.26
415.50,-84.13
415.60,-86.22
415.70,-86.88
415.80,-86.51
415.90,-88.24
416.00,-87.14
416.10,-87.99
416.20,-83.14
416.30,-87.73
416.40,-83.35
416.50,-88.18
416.60,-86.20
416.70,-85.80
416.80,-88.45
416.90,-85.17
417.00,-85.98
417.10,-86.99
417.20,-86.54
417.30,-86.41
417.40,-86.03
417.50,-86.33
417.60,-84.63
417.70,-85.93
417.80,-84.93
417.90,-85.73
418.00,-86.09
418.10,-83.94
418.20,-85.60
418.30,-86.21
418.40,-88.84
418.50,-88.57
418.60,-88.50
418.70,-86.61
418.80,-84.82
418.90,-86.37
419.00,-86.06
419.10,-86.61
419.20,-87.13
419.30,-84.45
419.40,-86.51
419.50,-86.23
419.60,-86.96
419.70,-86.00
419.80,-87.09
419.90,-85.89
420.00,-84.04
420.10,-84.63
420.20,-86.50
420.30,-86.07
420.40,-87.58
420.50,-88.44
420.60,-87.41
420.70,-83.36
420.80,-86.15
420.90,-87.12
421.00,-87.09
421.10,-86.99
421.20,-84.63
421.30,-76.26
421.40,-75.42
421.50,-87.89
421.60,-84.36
421.70,-87.49
421.80,-86.83
421.90,-85.76
422.00,-86.85
422.10,-84.47
422.20,-84.82
422.30,-86.84
422.40,-86.59
422.50,-84.66
422.60,-83.51
422.70,-85.69
422.80,-86.67
422.90,-87.77
423.00,-84.92
423.10,-83.52
423.20,-86.06
423.30,-87.58
423.40,-87.14
423.50,-85.85
423.60,-86.70
423.70,-86.66
423.80,-87.41
423.90,-85.54
424.00,-87.83
424.10,-86.81
424.20,-85.37
424.30,-87.64
424.40,-86.36
424.50,-87.99
424.60,-85.54
424.70,-86.61
424.80,-88.04
424.90,-86.85
425.00,-86.77
425.10,-89.35
425.20,-87.53
425.30,-88.13
425.40,-86.76
425.50,-86.35
425.60,-86.87
425.70,-85.79
425.80,-87.49
425.90,-85.43
426.00,-86.10
426.10,-86.65
426.20,-87.78
426.30,-86.30
426.40,-85.83
426.50,-86.68
426.60,-86.13
426.70,-87.47
426.80,-86.02
426.90,-86.95
427.00,-86.25
427.10,-89.65
427.20,-86.91
427.30,-87.74
427.40,-86.08
427.50,-86.87
427.60,-87.40
427.70,-85.94
427.80,-87.30
427.90,-86.01
428.00,-87.47
428.10,-85.68
428.20,-87.03
428.30,-85.00
428.40,-84.65
428.50,-87.47
428.60,-83.78
428.70,-82.09
428.80,-85.74
428.90,-86.32
429.00,-87.72
429.10,-86.20
429.20,-86.47
429.30,-87.88
429.40,-87.53
429.50,-85.65
429.60,-88.58
429.70,-86.81
429.80,-87.09
429.90,-86.91
430.00,-85.17
430.10,-86.48
430.20,-87.40
430.30,-87.79
430.40,-87.08
430.50,-86.36
430.60,-86.76
430.70,-88.87
430.80,-86.17
430.90,-85.74
431.00,-87.68
431.10,-82.49
431.20,-85.11
431.30,-89.48
431.40,-87.66
431.50,-84.72
431.60,-87.51
431.70,-86.95
431.80,-88.01
431.90,-86.23
432.00,-87.58
432.10,-87.51
432.20,-83.81
432.30,-86.66
432.40,-88.91
432.50,-87.98
432.60,-87.35
432.70,-88.65
432.80,-87.73
432.90,-85.92
433.00,-86.48
433.10,-87.38
433.20,-88.23
433.30,-85.77
433.40,-89.18
433.50,-86.29
433.60,-88.20
433.70,-86.68
433.80,-86.50
433.90,-86.04
434.00,-86.77
434.10,-87.51
434.20,-87.71
434.30,-82.88
434.40,-84.14
434.50,-86.16
434.60,-86.39
434.70,-86.43
434.80,-85.76
434.90,-86.85
435.00,-88.10
435.10,-87.68
435.20,-85.45
435.30,-89.08
435.40,-86.98
435.50,-89.09
435.60,-87.36
435.70,-88.37
435.80,-87.51
435.90,-88.81
436.00,-86.50
436.10,-85.86
436.20,-85.99
436.30,-86.45
436.40,-86.86
436.50,-87.60
436.60,-87.18
436.70,-87.07
436.80,-85.51
436.90,-88.45
437.00,-87.54
437.10,-87.12
437.20,-84.57
437.30,-88.19
437.40,-87.03
437.50,-87.56
437.60,-87.20
437.70,-86.57
437.80,-88.20
437.90,-87.12
438.00,-86.54
438.10,-87.91
438.20,-87.18
438.30,-86.79
438.40,-86.28
438.50,-85.44
438.60,-87.36
438.70,-85.02
438.80,-87.35
438.90,-89.04
439.00,-87.97
439.10,-88.05
439.20,-87.78
439.30,-87.93
439.40,-87.48
439.50,-88.87
439.60,-85.92
439.70,-85.50
439.80,-85.91
439.90,-79.02
440.00,-79.99
440.10,-80.94
440.20,-83.86
440.30,-84.79
440.40,-84.76
440.50,-85.63
440.60,-85.85
440.70,-87.00
440.80,-86.70
440.90,-86.51
441.00,-85.91
441.10,-85.56
441.20,-88.37
441.30,-85.74
441.40,-83.02
441.50,-85.45
441.60,-85.46
441.70,-85.53
441.80,-84.08
441.90,-84.67
442.00,-85.09
442.10,-84.18
442.20,-85.38
442.30,-84.10
442.40,-85.45
442.50,-85.47
442.60,-85.79
442.70,-83.40
442.80,-81.70
442.90,-84.63
443.00,-84.17
443.10,-83.68
443.20,-83.29
443.30,-83.18
443.40,-83.24
443.50,-83.91
443.60,-84.67
443.70,-84.72
443.80,-85.30
443.90,-84.96
444.00,-84.35
444.10,-83.00
444.20,-81.96
444.30,-80.87
444.40,-82.13
444.50,-79.80
444.60,-81.47
444.70,-80.50
444.80,-80.89
444.90,-80.57
445.00,-81.60
445.10,-82.55
445.20,-77.18
445.30,-72.55
445.40,-70.20
445.50,-70.17
445.60,-71.76
445.70,-76.22
445.80,-78.34
445.90,-79.34
446.00,-82.82
446.00,-82.35
446.10,-81.95
446.20,-82.36
446.30,-85.97
446.40,-84.17
446.50,-84.51
446.60,-85.76
446.70,-84.56
446.80,-85.28
446.90,-83.77
447.00,-83.37
447.10,-82.07
447.20,-85.63
447.30,-83.69
447.40,-84.54
447.50,-86.37
447.60,-84.11
447.70,-83.34
447.80,-84.14
447.90,-84.97
448.00,-84.43
448.10,-84.42
448.20,-82.71
448.30,-81.42
448.40,-82.97
448.50,-81.69
448.60,-83.31
448.70,-83.38
448.80,-84.30
448.90,-84.56
449.00,-82.97
449.10,-85.63
449.20,-84.11
449.30,-83.42
449.40,-83.61
449.50,-82.93
449.60,-84.73
449.70,-84.32
449.80,-81.24
449.90,-82.03
450.00,-82.41
450.10,-84.85
450.20,-86.97
450.30,-84.14
450.40,-85.03
450.50,-85.20
450.60,-85.41
450.70,-84.31
450.80,-84.30
450.90,-85.86
451.00,-85.52
451.10,-86.01
451.20,-79.56
451.30,-77.87
451.40,-82.21
451.50,-84.42
451.60,-85.77
451.70,-83.91
451.80,-83.23
451.90,-83.65
452.00,-86.22
452.10,-86.71
452.20,-84.29
452.30,-82.82
452.40,-84.36
452.50,-84.93
452.60,-82.10
452.70,-82.49
452.80,-81.65
452.90,-82.11
453.00,-83.80
453.10,-82.93
453.20,-83.02
453.30,-81.74
453.40,-82.23
453.50,-82.34
453.60,-82.59
453.70,-80.55
453.80,-80.96
453.90,-79.76
454.00,-81.79
454.10,-81.82
454.20,-79.09
454.30,-82.26
454.40,-82.68
454.50,-79.11
454.60,-81.96
454.70,-80.69
454.80,-83.75
454.90,-83.82
455.00,-82.40
455.10,-84.32
455.20,-85.33
455.30,-83.75
455.40,-81.12
455.50,-82.19
455.60,-82.66
455.70,-82.52
455.80,-82.44
455.90,-83.07
456.00,-82.67
456.10,-84.42
456.20,-85.32
456.30,-82.53
456.40,-83.09
456.50,-84.40
456.60,-84.22
456.70,-85.66
456.80,-81.95
456.90,-79.92
457.00,-79.80
457.10,-84.67
457.20,-86.10
457.30,-81.56
457.40,-80.70
457.50,-81.67
457.60,-84.03
457.70,-86.11
457.80,-83.55
457.90,-83.65
458.00,-83.10
458.10,-84.37
458.20,-84.90
458.30,-83.18
458.40,-82.27
458.50,-82.08
458.60,-82.82
458.70,-82.91
458.80,-80.93
458.90,-82.11
459.00,-83.31
459.10,-82.82
459.20,-83.60
459.30,-80.59
459.40,-83.04
459.50,-82.47
459.60,-83.31
459.70,-82.55
459.80,-80.12
459.90,-81.22
460.00,-78.53
460.10,-82.77
460.20,-81.41
460.30,-81.80
460.40,-79.44
460.50,-81.10
460.60,-83.78
460.70,-83.86
460.80,-82.40
460.90,-82.84
461.00,-82.68
461.10,-82.20
461.20,-82.08
461.30,-83.76
461.40,-83.06
461.50,-78.73
461.60,-81.75
461.70,-79.78
461.80,-74.61
461.90,-69.07
462.00,-69.11
462.10,-79.59
462.20,-81.22
462.30,-82.85
462.40,-83.83
462.50,-81.03
462.60,-81.14
462.70,-84.82
462.80,-84.75
462.90,-82.83
463.00,-81.39
463.10,-80.58
463.20,-83.85
463.30,-83.86
463.40,-86.37
463.50,-84.41
463.60,-84.45
463.70,-87.60
463.80,-85.56
463.90,-84.52
464.00,-83.37
464.10,-83.51
464.20,-85.26
464.30,-84.58
464.40,-83.43
464.50,-82.95
464.60,-82.10
464.70,-83.96
464.80,-83.41
464.90,-83.80
465.00,-84.19
465.10,-84.85
465.20,-83.19
465.30,-85.39
465.40,-83.16
465.50,-82.80
465.60,-83.17
465.70,-83.07
465.80,-82.73
465.90,-82.43
466.00,-83.88
466.10,-83.31
466.20,-84.37
466.30,-82.60
466.40,-85.12
466.50,-83.96
466.60,-84.14
466.70,-84.83
466.80,-84.58
466.90,-81.67
467.00,-84.64
467.10,-85.04
467.20,-83.84
467.30,-82.24
467.40,-84.39
467.50,-85.58
467.60,-84.45
467.70,-83.96
467.80,-85.41
467.90,-84.12
468.00,-85.35
468.10,-84.74
468.20,-83.71
468.30,-84.82
468.40,-86.92
468.50,-85.75
468.60,-80.29
468.70,-78.17
468.80,-82.34
468.90,-85.16
469.00,-87.58
469.10,-85.00
469.20,-82.25
469.30,-85.48
469.40,-86.20
469.50,-86.11
469.60,-86.55
469.70,-84.30
469.80,-85.56
469.90,-85.48
470.00,-85.38
470.10,-86.04
470.20,-78.97
470.30,-84.29
470.40,-85.08
470.50,-86.14
470.60,-85.43
470.70,-83.71
470.80,-84.55
470.90,-86.03
471.00,-83.94
471.10,-86.62
471.20,-84.95
471.30,-85.06
471.40,-84.64
471.50,-81.35
471.60,-84.73
471.70,-84.21
471.80,-82.44
471.90,-82.60
472.00,-85.42
472.10,-86.29
472.20,-85.35
472.30,-86.00
472.40,-85.81
472.50,-85.11
472.60,-85.98
472.70,-84.06
472.80,-83.98
472.90,-84.72
473.00,-85.46
473.10,-88.04
473.20,-87.16
473.30,-87.98
473.40,-86.04
473.50,-85.83
473.60,-87.21
473.70,-85.98
473.80,-87.38
473.90,-86.29
474.00,-87.60
474.10,-86.62
474.20,-85.65
474.30,-79.95
474.40,-80.15
474.50,-81.50
474.60,-86.49
474.70,-86.41
474.80,-87.61
474.90,-87.34
475.00,-86.32
475.10,-87.75
475.20,-86.79
475.30,-86.78
475.40,-86.67
475.50,-87.03
475.60,-86.72
475.70,-86.25
475.80,-87.36
475.90,-85.98
476.00,-87.18
476.10,-87.23
476.20,-84.65
476.30,-87.46
476.40,-86.26
476.50,-87.47
476.60,-85.21
476.70,-86.21
476.80,-87.02
476.90,-85.93
477.00,-87.32
477.10,-83.53
477.20,-84.19
477.30,-85.94
477.40,-85.11
477.50,-86.96
477.60,-86.92
477.70,-82.05
477.80,-86.21
477.90,-86.71
478.00,-83.04
478.10,-85.37
478.20,-87.48
478.30,-85.11
478.40,-87.65
478.50,-84.20
478.60,-85.76
478.70,-86.94
478.80,-85.95
478.90,-87.35
479.00,-87.40
479.10,-88.15
479.20,-86.18
479.30,-87.37
479.40,-85.58
479.50,-86.40
479.60,-88.21
479.70,-89.56
479.80,-86.84
479.90,-78.99
480.00,-75.19
480.10,-81.86
480.20,-85.55
480.30,-87.19
480.40,-86.83
480.50,-89.31
480.60,-89.04
480.70,-88.51
480.80,-86.58
480.90,-88.15
481.00,-87.32
481.10,-87.68
481.20,-86.94
481.30,-88.25
481.40,-86.52
481.50,-84.98
481.60,-85.66
481.70,-85.65
481.80,-84.82
481.90,-85.52
482.00,-86.51
482.10,-87.35
482.20,-84.92
482.30,-87.69
482.40,-87.93
482.50,-85.71
482.60,-86.60
482.70,-85.41
482.80,-85.62
482.90,-87.11
483.00,-87.25
483.10,-86.21
483.20,-87.30
483.30,-86.43
483.40,-89.59
483.50,-87.91
483.60,-86.64
483.70,-88.45
483.80,-86.94
483.90,-87.94
484.00,-87.75
484.10,-85.99
484.20,-86.83
484.30,-85.53
484.40,-85.81
484.50,-87.90
484.60,-88.17
484.70,-88.09
484.80,-88.49
484.90,-86.73
485.00,-87.87
485.10,-85.70
485.20,-87.30
485.30,-87.27
485.40,-86.49
485.50,-85.17
485.60,-82.64
485.70,-83.52
485.80,-86.95
485.90,-88.83
486.00,-87.24
486.10,-87.38
486.20,-86.73
486.30,-83.95
486.40,-87.57
486.50,-87.36
486.60,-88.57
486.70,-86.46
486.80,-86.98
486.90,-88.39
487.00,-87.16
487.10,-88.39
487.20,-87.53
487.30,-86.47
487.40,-86.43
487.50,-86.85
487.60,-86.22
487.70,-87.22
487.80,-86.68
487.90,-86.18
488.00,-86.49
488.10,-87.38
488.20,-85.50
488.30,-84.67
488.40,-86.53
488.50,-86.25
488.60,-84.35
488.70,-87.14
488.80,-85.78
488.90,-86.13
489.00,-85.86
489.10,-87.32
489.20,-84.18
489.30,-86.79
489.40,-86.47
489.50,-84.95
489.60,-85.83
489.70,-86.48
489.80,-86.46
489.90,-84.50
490.00,-82.65
490.10,-84.89
490.20,-83.46
490.30,-85.83
490.40,-85.29
490.50,-86.21
490.60,-86.90
490.70,-87.49
490.80,-87.60
490.90,-84.52
491.00,-86.68
491.10,-86.33
491.20,-83.74
491.30,-83.63
491.40,-84.21
491.50,-85.93
491.60,-86.52
491.70,-86.41
491.80,-85.64
491.90,-86.58
492.00,-87.54
492.00,-84.01
492.10,-85.98
492.20,-85.26
492.30,-86.06
492.40,-85.91
492.50,-86.13
492.60,-85.08
492.70,-86.53
492.80,-84.57
492.90,-87.34
493.00,-85.42
493.10,-86.22
493.20,-88.10
493.30,-86.75
493.40,-84.24
493.50,-86.68
493.60,-86.28
493.70,-86.07
493.80,-86.73
493.90,-85.90
494.00,-88.19
494.10,-85.75
494.20,-83.66
494.30,-84.79
494.40,-84.79
494.50,-85.79
494.60,-87.18
494.70,-86.55
494.80,-86.09
494.90,-86.58
495.00,-84.34
495.10,-86.60
495.20,-85.07
495.30,-85.20
495.40,-84.83
495.50,-85.13
495.60,-85.63
495.70,-86.65
495.80,-84.32
495.90,-85.40
496.00,-84.58
496.10,-87.30
496.20,-86.53
496.30,-86.57
496.40,-85.56
496.50,-86.78
496.60,-87.51
496.70,-86.09
496.80,-85.77
496.90,-84.92
497.00,-84.63
497.10,-87.84
497.20,-86.59
497.30,-84.06
497.40,-85.85
497.50,-84.65
497.60,-86.11
497.70,-87.13
497.80,-84.45
497.90,-87.93
498.00,-86.39
498.10,-86.31
498.20,-85.26
498.30,-87.13
498.40,-84.85
498.50,-85.50
498.60,-87.01
498.70,-87.70
498.80,-85.97
498.90,-85.58
499.00,-88.21
499.10,-84.38
499.20,-85.34
499.30,-86.44
499.40,-87.91
499.50,-86.83
499.60,-86.47
499.70,-87.21
499.80,-85.02
499.90,-86.48
500.00,-83.74
500.10,-86.26
500.20,-86.97
500.30,-84.39
500.40,-86.70
500.50,-87.08
500.60,-84.50
500.70,-86.00
500.80,-86.13
500.90,-86.03
501.00,-86.35
501.10,-86.29
501.20,-84.38
501.30,-87.23
501.40,-86.65
501.50,-86.84
501.60,-86.56
501.70,-85.38
501.80,-86.98
501.90,-87.47
502.00,-86.28
502.10,-84.40
502.20,-85.80
502.30,-85.07
502.40,-83.25
502.50,-85.27
502.60,-84.39
502.70,-86.21
502.80,-88.16
502.90,-88.06
503.00,-85.53
503.10,-86.21
503.20,-86.07
503.30,-85.67
503.40,-85.47
503.50,-88.36
503.60,-84.85
503.70,-86.48
503.80,-85.41
503.90,-87.24
504.00,-84.13
504.10,-85.19
504.20,-86.06
504.30,-87.53
504.40,-85.43
504.50,-87.39
504.60,-87.67
504.70,-87.65
504.80,-85.92
504.90,-84.60
505.00,-87.28
505.10,-85.23
505.20,-86.37
505.30,-85.44
505.40,-85.24
505.50,-87.68
505.60,-83.73
505.70,-86.52
505.80,-87.63
505.90,-86.25
506.00,-85.63
506.10,-85.50
506.20,-85.98
506.30,-82.95
506.40,-87.55
506.50,-84.40
506.60,-85.12
506.70,-85.04
506.80,-85.09
506.90,-86.41
507.00,-86.63
507.10,-88.31
507.20,-85.00
507.30,-87.34
507.40,-88.19
507.50,-87.29
507.60,-84.96
507.70,-85.09
507.80,-87.99
507.90,-87.16
508.00,-87.94
508.10,-88.61
508.20,-87.58
508.30,-86.47
508.40,-85.66
508.50,-86.22
508.60,-87.43
508.70,-86.92
508.80,-86.44
508.90,-86.58
509.00,-86.50
509.10,-86.15
509.20,-84.38
509.30,-89.08
509.40,-86.57
509.50,-87.89
509.60,-87.49
509.70,-87.02
509.80,-88.39
509.90,-85.20
510.00,-85.72
510.10,-86.34
510.20,-85.21
510.30,-86.97
510.40,-85.46
510.50,-84.43
510.60,-86.49
510.70,-86.52
510.80,-84.62
510.90,-87.18
511.00,-85.73
511.10,-84.54
511.20,-87.70
511.30,-86.28
511.40,-85.54
511.50,-85.24
511.60,-87.40
511.70,-87.70
511.80,-87.80
511.90,-85.30
512.00,-87.83
512.10,-87.26
512.20,-88.09
512.30,-87.18
512.40,-86.58
512.50,-88.39
512.60,-86.82
512.70,-85.73
512.80,-86.64
512.90,-86.14
513.00,-85.19
513.10,-81.85
513.20,-75.35
513.30,-74.34
513.40,-78.89
513.50,-83.14
513.60,-85.11
513.70,-84.62
513.80,-85.87
513.90,-85.95
514.00,-87.07
514.10,-86.07
514.20,-86.44
514.30,-85.10
514.40,-86.27
514.50,-87.00
514.60,-87.30
514.70,-88.12
514.80,-86.14
514.90,-87.42
515.00,-87.82
515.10,-87.73
515.20,-86.94
515.30,-84.53
515.40,-88.51
515.50,-87.65
515.60,-88.20
515.70,-88.53
515.80,-87.58
515.90,-87.52
516.00,-86.30
516.10,-82.61
516.20,-87.08
516.30,-84.02
516.40,-86.03
516.50,-87.15
516.60,-85.65
516.70,-86.09
516.80,-86.24
516.90,-87.74
517.00,-88.46
517.10,-88.39
517.20,-87.76
517.30,-85.07
517.40,-87.49
517.50,-85.84
517.60,-86.54
517.70,-85.75
517.80,-87.05
517.90,-85.25
518.00,-86.66
518.10,-85.00
518.20,-86.05
518.30,-84.83
518.40,-83.54
518.50,-82.63
518.60,-81.39
518.70,-86.27
518.80,-84.56
518.90,-84.71
519.00,-84.71
519.10,-84.42
519.20,-85.80
519.30,-87.11
519.40,-85.46
519.50,-78.22
519.60,-75.21
519.70,-72.20
519.80,-76.30
519.90,-83.10
520.00,-80.40
520.10,-78.84
520.20,-81.31
520.30,-82.95
520.40,-82.94
520.50,-84.27
520.60,-85.66
520.70,-86.72
520.80,-87.56
520.90,-85.94
521.00,-86.47
521.10,-86.60
521.20,-86.18
521.30,-85.80
521.40,-86.29
521.50,-88.47
521.60,-87.02
521.70,-87.43
521.80,-86.05
521.90,-85.70
522.00,-84.74
522.10,-85.10
522.20,-87.32
522.30,-86.60
522.40,-87.44
522.50,-84.12
522.60,-85.15
522.70,-84.85
522.80,-81.62
522.90,-84.40
523.00,-83.95
523.10,-81.40
523.20,-84.52
523.30,-81.82
523.40,-78.30
523.50,-72.17
523.60,-73.95
523.70,-77.05
523.80,-81.70
523.90,-85.79
524.00,-82.19
524.10,-83.45
524.20,-84.71
524.30,-85.56
524.40,-85.65
524.50,-86.17
524.60,-87.24
524.70,-87.26
524.80,-86.18
524.90,-84.86
525.00,-86.62
525.10,-84.87
525.20,-86.27
525.30,-88.25
525.40,-84.66
525.50,-86.40
525.60,-83.62
525.70,-84.81
525.80,-83.47
525.90,-86.83
526.00,-87.51
526.10,-85.52
526.20,-86.21
526.30,-84.52
526.40,-88.27
526.50,-86.61
526.60,-84.79
526.70,-87.72
526.80,-86.87
526.90,-85.68
527.00,-87.88
527.10,-86.90
527.20,-87.65
527.30,-87.03
527.40,-88.03
527.50,-86.02
527.60,-87.31
527.70,-87.37
527.80,-84.95
527.90,-85.06
528.00,-83.81
528.10,-87.55
528.20,-85.86
528.30,-83.83
528.40,-83.69
528.50,-84.90
528.60,-86.91
528.70,-86.65
528.80,-85.13
528.90,-87.41
529.00,-87.27
529.10,-87.37
529.20,-85.38
529.30,-86.47
529.40,-87.20
529.50,-86.49
529.60,-87.07
529.70,-86.54
529.80,-86.32
529.90,-85.75
530.00,-86.83
530.10,-85.31
530.20,-85.66
530.30,-76.98
530.40,-74.48
530.50,-77.58
530.60,-77.08
530.70,-84.04
530.80,-85.87
530.90,-84.97
531.00,-88.35
531.10,-85.84
531.20,-83.62
531.30,-83.10
531.40,-85.37
531.50,-87.95
531.60,-87.14
531.70,-84.77
531.80,-87.06
531.90,-87.28
532.00,-87.39
532.10,-85.61
532.20,-85.95
532.30,-87.35
532.40,-86.17
532.50,-87.01
532.60,-85.46
532.70,-86.43
532.80,-86.23
532.90,-87.04
533.00,-85.39
533.10,-87.66
533.20,-87.00
533.30,-87.57
533.40,-86.97
533.50,-87.70
533.60,-87.25
533.70,-85.99
533.80,-86.05
533.90,-87.36
534.00,-88.08
534.10,-84.14
534.20,-85.68
534.30,-87.33
534.40,-86.42
534.50,-86.22
534.60,-86.83
534.70,-87.30
534.80,-84.06
534.90,-88.14
535.00,-85.73
535.10,-85.78
535.20,-86.60
535.30,-86.92
535.40,-87.10
535.50,-87.22
535.60,-88.01
535.70,-86.70
535.80,-86.09
535.90,-86.98
536.00,-87.48
536.10,-84.99
536.20,-85.61
536.30,-83.92
536.40,-87.22
536.50,-88.29
536.60,-87.50
536.70,-84.68
536.80,-82.12
536.90,-82.95
537.00,-84.20
537.10,-84.49
537.20,-84.79
537.30,-83.86
537.40,-83.28
537.50,-84.25
537.60,-84.27
537.70,-85.88
537.80,-86.41
537.90,-85.23
538.00,-86.48
538.00,-86.88
538.10,-86.42
538.20,-86.03
538.30,-86.70
538.40,-87.11
538.50,-86.12
538.60,-85.92
538.70,-85.70
538.80,-86.22
538.90,-85.53
539.00,-84.32
539.10,-86.56
539.20,-84.40
539.30,-87.91
539.40,-87.66
539.50,-85.54
539.60,-87.21
539.70,-86.07
539.80,-85.67
539.90,-86.03
540.00,-85.62
540.10,-87.12
540.20,-86.11
540.30,-84.07
540.40,-86.67
540.50,-86.66
540.60,-82.56
540.70,-80.67
540.80,-83.06
540.90,-83.78
541.00,-85.43
541.10,-85.97
541.20,-85.88
541.30,-86.89
541.40,-86.94
541.50,-86.40
541.60,-87.23
541.70,-86.29
541.80,-87.88
541.90,-86.71
542.00,-86.28
542.10,-87.14
542.20,-86.12
542.30,-86.00
542.40,-87.22
542.50,-84.70
542.60,-83.71
542.70,-85.41
542.80,-86.44
542.90,-83.52
543.00,-83.78
543.10,-83.53
543.20,-86.06
543.30,-86.12
543.40,-87.40
543.50,-86.75
543.60,-87.83
543.70,-86.27
543.80,-89.04
543.90,-87.88
544.00,-83.75
544.10,-85.92
544.20,-87.33
544.30,-85.11
544.40,-87.38
544.50,-86.41
544.60,-85.91
544.70,-86.50
544.80,-87.90
544.90,-85.91
545.00,-87.45
545.10,-87.51
545.20,-86.35
545.30,-86.37
545.40,-87.49
545.50,-85.23
545.60,-86.37
545.70,-87.10
545.80,-88.02
545.90,-85.05
546.00,-84.22
546.10,-83.92
546.20,-86.48
546.30,-85.62
546.40,-86.34
546.50,-87.90
546.60,-86.02
546.70,-88.68
546.80,-85.42
546.90,-84.85
547.00,-86.19
547.10,-81.65
547.20,-83.46
547.30,-83.78
547.40,-79.89
547.50,-77.43
547.60,-78.98
547.70,-86.28
547.80,-86.10
547.90,-86.93
548.00,-86.14
548.10,-83.62
548.20,-84.54
548.30,-86.89
548.40,-86.45
548.50,-86.31
548.60,-80.90
548.70,-83.49
548.80,-85.25
548.90,-87.28
549.00,-87.15
549.10,-85.50
549.20,-84.68
549.30,-86.61
549.40,-85.71
549.50,-86.55
549.60,-86.62
549.70,-86.25
549.80,-87.18
549.90,-84.60
550.00,-86.48
550.10,-85.98
550.20,-86.02
550.30,-85.96
550.40,-86.78
550.50,-86.71
550.60,-87.23
550.70,-87.02
550.80,-87.12
550.90,-85.42
551.00,-87.95
551.10,-85.17
551.20,-87.47
551.30,-86.58
551.40,-85.72
551.50,-86.04
551.60,-87.18
551.70,-87.02
551.80,-85.06
551.90,-87.68
552.00,-87.42
552.10,-84.95
552.20,-81.36
552.30,-86.60
552.40,-87.25
552.50,-85.66
552.60,-85.55
552.70,-87.89
552.80,-85.93
552.90,-85.38
553.00,-85.03
553.10,-85.04
553.20,-84.37
553.30,-85.02
553.40,-87.33
553.50,-85.80
553.60,-84.47
553.70,-85.00
553.80,-81.67
553.90,-85.18
554.00,-80.69
554.10,-81.15
554.20,-77.36
554.30,-71.91
554.40,-72.55
554.50,-77.64
554.60,-81.53
554.70,-80.73
554.80,-86.40
554.90,-84.59
555.00,-85.58
555.10,-84.31
555.20,-87.81
555.30,-83.90
555.40,-87.20
555.50,-85.77
555.60,-88.07
555.70,-86.18
555.80,-85.54
555.90,-87.05
556.00,-88.11
556.10,-87.16
556.20,-87.22
556.30,-87.81
556.40,-85.53
556.50,-87.82
556.60,-87.28
556.70,-87.97
556.80,-86.88
556.90,-86.12
557.00,-84.88
557.10,-83.37
557.20,-83.66
557.30,-86.01
557.40,-85.85
557.50,-87.69
557.60,-86.72
557.70,-87.63
557.80,-87.10
557.90,-87.82
558.00,-87.42
558.10,-88.16
558.20,-85.53
558.30,-85.73
558.40,-86.41
558.50,-88.13
558.60,-86.78
558.70,-87.39
558.80,-87.58
558.90,-88.98
559.00,-88.32
559.10,-87.77
559.20,-89.11
559.30,-86.37
559.40,-88.02
559.50,-89.13
559.60,-86.99
559.70,-88.30
559.80,-84.92
559.90,-82.99
560.00,-82.32
560.10,-82.59
560.20,-86.41
560.30,-88.63
560.40,-85.72
560.50,-87.91
560.60,-86.89
560.70,-85.05
560.80,-89.39
560.90,-88.73
561.00,-86.25
561.10,-86.00
561.20,-88.83
561.30,-85.95
561.40,-86.25
561.50,-87.08
561.60,-87.26
561.70,-86.17
561.80,-87.28
561.90,-88.34
562.00,-88.24
562.10,-86.75
562.20,-86.81
562.30,-87.43
562.40,-86.37
562.50,-86.13
562.60,-86.64
562.70,-84.56
562.80,-88.13
562.90,-84.24
563.00,-86.54
563.10,-85.51
563.20,-87.96
563.30,-87.87
563.40,-87.69
563.50,-88.44
563.60,-88.66
563.70,-87.37
563.80,-86.72
563.90,-87.16
564.00,-88.13
564.10,-86.51
564.20,-83.23
564.30,-82.27
564.40,-83.85
564.50,-83.40
564.60,-80.62
564.70,-81.94
564.80,-84.41
564.90,-87.93
565.00,-88.03
565.10,-84.84
565.20,-86.62
565.30,-85.58
565.40,-84.50
565.50,-86.95
565.60,-82.37
565.70,-83.57
565.80,-84.27
565.90,-87.29
566.00,-88.93
566.10,-87.36
566.20,-85.71
566.30,-86.92
566.40,-88.85
566.50,-86.90
566.60,-86.71
566.70,-88.54
566.80,-87.59
566.90,-87.72
567.00,-84.42
567.10,-88.55
567.20,-86.53
567.30,-88.05
567.40,-88.88
567.50,-86.73
567.60,-86.90
567.70,-88.51
567.80,-85.15
567.90,-88.88
568.00,-85.67
568.10,-88.29
568.20,-84.86
568.30,-88.65
568.40,-85.70
568.50,-84.04
568.60,-87.12
568.70,-85.11
568.80,-86.52
568.90,-86.14
569.00,-87.45
569.10,-88.25
569.20,-87.16
569.30,-88.20
569.40,-86.85
569.50,-87.19
569.60,-86.79
569.70,-86.87
569.80,-87.07
569.90,-88.12
570.00,-87.18
570.10,-85.79
570.20,-87.73
570.30,-87.92
570.40,-86.16
570.50,-89.34
570.60,-86.13
570.70,-87.96
570.80,-86.41
570.90,-88.17
571.00,-88.13
571.10,-85.18
571.20,-85.88
571.30,-84.25
571.40,-87.53
571.50,-89.66
571.60,-88.40
571.70,-85.75
571.80,-87.37
571.90,-88.16
572.00,-88.36
572.10,-88.39
572.20,-87.13
572.30,-86.77
572.40,-87.58
572.50,-86.92
572.60,-88.84
572.70,-86.14
572.80,-87.13
572.90,-86.56
573.00,-86.56
573.10,-87.71
573.20,-86.83
573.30,-85.91
573.40,-85.43
573.50,-87.39
573.60,-86.80
573.70,-88.00
573.80,-87.18
573.90,-86.43
574.00,-88.07
574.10,-86.66
574.20,-85.01
574.30,-85.62
574.40,-87.07
574.50,-87.93
574.60,-85.24
574.70,-87.41
574.80,-87.28
574.90,-85.83
575.00,-86.61
575.10,-87.86
575.20,-84.02
575.30,-89.00
575.40,-85.86
575.50,-86.76
575.60,-87.56
575.70,-86.23
575.80,-86.96
575.90,-85.00
576.00,-87.32
576.10,-88.17
576.20,-87.62
576.30,-88.66
576.40,-86.28
576.50,-87.03
576.60,-85.66
576.70,-89.48
576.80,-86.61
576.90,-84.94
577.00,-85.31
577.10,-87.10
577.20,-86.59
577.30,-85.06
577.40,-84.95
577.50,-81.50
577.60,-83.56
577.70,-84.73
577.80,-86.33
577.90,-88.06
578.00,-88.30
578.10,-87.17
578.20,-86.56
578.30,-88.58
578.40,-84.61
578.50,-86.70
578.60,-88.26
578.70,-84.68
578.80,-87.95
578.90,-88.02
579.00,-87.32
579.10,-88.41
579.20,-87.39
579.30,-87.90
579.40,-86.03
579.50,-85.02
579.60,-87.18
579.70,-87.28
579.80,-85.19
579.90,-86.40
580.00,-88.04
580.10,-87.56
580.20,-87.97
580.30,-87.32
580.40,-86.42
580.50,-86.42
580.60,-85.77
580.70,-84.17
580.80,-86.71
580.90,-87.39
581.00,-86.22
581.10,-87.07
581.20,-85.56
581.30,-87.34
581.40,-85.89
581.50,-88.35
581.60,-87.32
581.70,-86.83
581.80,-88.51
581.90,-85.95
582.00,-86.29
582.10,-86.90
582.20,-85.51
582.30,-87.09
582.40,-86.35
582.50,-86.85
582.60,-87.51
582.70,-85.42
582.80,-87.64
582.90,-86.37
583.00,-86.55
583.10,-84.72
583.20,-86.39
583.30,-82.85
583.40,-86.93
583.50,-87.56
583.60,-87.42
583.70,-88.19
583.80,-86.13
583.90,-87.27
584.00,-87.29
584.00,-85.73
584.10,-86.33
584.20,-87.13
584.30,-86.95
584.40,-88.06
584.50,-86.99
584.60,-88.17
584.70,-87.34
584.80,-87.99
584.90,-86.71
585.00,-85.92
585.10,-80.69
585.20,-80.88
585.30,-86.50
585.40,-88.08
585.50,-86.50
585.60,-86.47
585.70,-88.52
585.80,-87.14
585.90,-86.60
586.00,-87.63
586.10,-85.12
586.20,-87.35
586.30,-87.73
586.40,-86.79
586.50,-87.08
586.60,-88.08
586.70,-86.68
586.80,-87.46
586.90,-85.67
587.00,-86.90
587.10,-88.36
587.20,-86.00
587.30,-85.86
587.40,-84.79
587.50,-86.66
587.60,-87.45
587.70,-86.23
587.80,-86.18
587.90,-86.07
588.00,-86.87
588.10,-86.77
588.20,-87.46
588.30,-87.61
588.40,-87.65
588.50,-87.43
588.60,-86.93
588.70,-85.37
588.80,-86.78
588.90,-88.60
589.00,-89.01
589.10,-85.77
589.20,-86.76
589.30,-88.33
589.40,-87.37
589.50,-85.35
589.60,-87.13
589.70,-85.69
589.80,-85.23
589.90,-86.08
590.00,-87.78
590.10,-87.51
590.20,-86.90
590.30,-86.97
590.40,-87.46
590.50,-86.69
590.60,-87.64
590.70,-85.56
590.80,-85.15
590.90,-87.69
591.00,-87.14
591.10,-84.47
591.20,-85.28
591.30,-87.78
591.40,-87.60
591.50,-86.40
591.60,-85.84
591.70,-86.06
591.80,-86.46
591.90,-87.86
592.00,-87.66
592.10,-88.39
592.20,-88.27
592.30,-85.80
592.40,-83.94
592.50,-86.69
592.60,-85.28
592.70,-88.27
592.80,-88.32
592.90,-86.88
593.00,-87.48
593.10,-87.26
593.20,-87.95
593.30,-87.97
593.40,-87.56
593.50,-87.56
593.60,-85.92
593.70,-87.57
593.80,-85.59
593.90,-81.32
594.00,-83.44
594.10,-84.47
594.20,-86.30
594.30,-84.77
594.40,-83.92
594.50,-84.91
594.60,-87.43
594.70,-88.94
594.80,-89.53
594.90,-88.06
595.00,-87.72
595.10,-86.45
595.20,-87.04
595.30,-88.13
595.40,-86.89
595.50,-86.86
595.60,-85.03
595.70,-86.61
595.80,-85.09
595.90,-86.83
596.00,-86.29
596.10,-84.99
596.20,-88.59
596.30,-85.55
596.40,-84.42
596.50,-87.57
596.60,-88.27
596.70,-86.42
596.80,-86.88
596.90,-85.27
597.00,-87.36
597.10,-85.38
597.20,-88.37
597.30,-88.08
597.40,-86.97
597.50,-85.86
597.60,-86.81
597.70,-89.34
597.80,-87.08
597.90,-88.30
598.00,-85.73
598.10,-86.96
598.20,-87.67
598.30,-86.61
598.40,-88.26
598.50,-88.10
598.60,-84.84
598.70,-87.22
598.80,-87.89
598.90,-86.21
599.00,-88.27
599.10,-84.08
599.20,-86.98
599.30,-86.41
599.40,-88.53
599.50,-88.06
599.60,-87.00
599.70,-88.11
599.80,-87.09
599.90,-83.87
600.00,-80.93
600.10,-84.93
600.20,-86.92
600.30,-84.86
600.40,-86.70
600.50,-85.06
600.60,-88.36
600.70,-87.70
600.80,-88.18
600.90,-86.32
601.00,-88.89
601.10,-87.03
601.20,-87.58
601.30,-86.79
601.40,-86.87
601.50,-87.42
601.60,-86.75
601.70,-87.46
601.80,-87.99
601.90,-86.20
602.00,-85.13
602.10,-81.88
602.20,-83.93
602.30,-87.05
602.40,-84.34
602.50,-87.42
602.60,-87.03
602.70,-87.23
602.80,-86.57
602.90,-86.73
603.00,-85.35
603.10,-84.94
603.20,-87.58
603.30,-87.84
603.40,-85.58
603.50,-88.08
603.60,-86.58
603.70,-87.56
603.80,-86.50
603.90,-89.06
604.00,-86.62
604.10,-87.82
604.20,-86.21
604.30,-87.10
604.40,-86.92
604.50,-88.02
604.60,-86.09
604.70,-86.75
604.80,-86.81
604.90,-87.27
605.00,-85.60
605.10,-85.19
605.20,-86.03
605.30,-86.09
605.40,-86.04
605.50,-85.61
605.60,-86.86
605.70,-84.71
605.80,-85.07
605.90,-87.82
606.00,-86.17
606.10,-86.34
606.20,-87.17
606.30,-86.47
606.40,-89.36
606.50,-85.20
606.60,-86.77
606.70,-88.07
606.80,-87.91
606.90,-87.56
607.00,-86.43
607.10,-86.68
607.20,-87.28
607.30,-87.27
607.40,-88.22
607.50,-87.56
607.60,-83.93
607.70,-88.32
607.80,-87.46
607.90,-88.41
608.00,-87.23
608.10,-87.06
608.20,-88.11
608.30,-87.03
608.40,-86.67
608.50,-87.45
608.60,-89.57
608.70,-87.48
608.80,-86.19
608.90,-88.04
609.00,-88.62
609.10,-87.61
609.20,-88.73
609.30,-85.09
609.40,-87.26
609.50,-86.45
609.60,-86.00
609.70,-88.15
609.80,-86.40
609.90,-87.95
610.00,-86.72
610.10,-88.95
610.20,-86.63
610.30,-86.56
610.40,-85.37
610.50,-87.81
610.60,-88.49
610.70,-86.26
610.80,-86.36
610.90,-84.67
611.00,-86.66
611.10,-88.45
611.20,-86.48
611.30,-87.16
611.40,-86.57
611.50,-86.91
611.60,-85.90
611.70,-85.12
611.80,-89.28
611.90,-85.53
612.00,-85.99
612.10,-85.53
612.20,-87.92
612.30,-87.76
612.40,-87.99
612.50,-88.12
612.60,-86.31
612.70,-87.71
612.80,-85.68
612.90,-88.19
613.00,-87.36
613.10,-86.18
613.20,-85.95
613.30,-86.35
613.40,-88.49
613.50,-89.36
613.60,-87.31
613.70,-85.67
613.80,-88.31
613.90,-88.59
614.00,-87.91
614.10,-87.82
614.20,-86.00
614.30,-84.58
614.40,-86.56
614.50,-85.30
614.60,-84.80
614.70,-84.47
614.80,-84.88
614.90,-87.70
615.00,-83.85
615.10,-86.94
615.20,-85.88
615.30,-84.50
615.40,-82.57
615.50,-83.43
615.60,-79.79
615.70,-78.04
615.80,-75.43
615.90,-62.14
616.00,-63.92
616.10,-77.14
616.20,-78.68
616.30,-80.65
616.40,-82.37
616.50,-85.50
616.60,-84.87
616.70,-84.22
616.80,-87.32
616.90,-85.86
617.00,-87.21
617.10,-86.96
617.20,-83.87
617.30,-82.35
617.40,-83.22
617.50,-85.42
617.60,-84.91
617.70,-85.84
617.80,-87.42
617.90,-86.71
618.00,-87.53
618.10,-87.66
618.20,-87.98
618.30,-85.96
618.40,-85.63
618.50,-86.83
618.60,-85.98
618.70,-87.09
618.80,-86.62
618.90,-87.13
619.00,-87.04
619.10,-88.05
619.20,-84.82
619.30,-87.81
619.40,-87.16
619.50,-88.43
619.60,-86.50
619.70,-87.08
619.80,-85.45
619.90,-83.59
620.00,-87.66
620.10,-88.22
620.20,-88.02
620.30,-86.11
620.40,-85.92
620.50,-87.68
620.60,-87.14
620.70,-86.93
620.80,-86.17
620.90,-86.62
621.00,-86.35
621.10,-82.39
621.20,-85.47
621.30,-83.87
621.40,-87.70
621.50,-86.53
621.60,-88.51
621.70,-84.84
621.80,-86.46
621.90,-87.92
622.00,-85.89
622.10,-86.73
622.20,-83.57
622.30,-87.03
622.40,-84.60
622.50,-84.89
622.60,-86.30
622.70,-86.36
622.80,-85.09
622.90,-87.39
623.00,-86.36
623.10,-87.94
623.20,-87.28
623.30,-87.60
623.40,-88.59
623.50,-86.64
623.60,-84.49
623.70,-87.66
623.80,-86.78
623.90,-87.49
624.00,-86.31
624.10,-87.70
624.20,-88.22
624.30,-88.33
624.40,-84.75
624.50,-87.97
624.60,-87.29
624.70,-87.59
624.80,-86.88
624.90,-85.87
625.00,-85.60
625.10,-85.67
625.20,-87.17
625.30,-85.77
625.40,-89.34
625.50,-87.21
625.60,-85.99
625.70,-88.45
625.80,-88.17
625.90,-85.84
626.00,-87.49
626.10,-88.11
626.20,-87.99
626.30,-86.95
626.40,-87.88
626.50,-85.52
626.60,-86.92
626.70,-84.10
626.80,-85.88
626.90,-87.87
627.00,-85.91
627.10,-88.26
627.20,-87.08
627.30,-88.25
627.40,-85.69
627.50,-85.35
627.60,-83.55
627.70,-86.74
627.80,-86.71
627.90,-85.97
628.00,-87.49
628.10,-87.59
628.20,-86.03
628.30,-87.80
628.40,-82.78
628.50,-87.53
628.60,-86.86
628.70,-86.40
628.80,-85.59
628.90,-84.64
629.00,-86.32
629.10,-87.42
629.20,-87.53
629.30,-86.68
629.40,-88.10
629.50,-87.77
629.60,-88.43
629.70,-85.49
629.80,-87.68
629.90,-86.69
630.00,-86.11
630.00,-87.43
630.10,-85.94
630.20,-85.72
630.30,-85.09
630.40,-87.57
630.50,-86.32
630.60,-85.93
630.70,-86.51
630.80,-87.73
630.90,-85.80
631.00,-83.78
631.10,-88.19
631.20,-86.59
631.30,-86.75
631.40,-85.26
631.50,-84.16
631.60,-86.47
631.70,-87.58
631.80,-85.93
631.90,-85.93
632.00,-85.74
632.10,-84.86
632.20,-85.10
632.30,-86.76
632.40,-85.97
632.50,-85.99
632.60,-83.45
632.70,-85.17
632.80,-84.06
632.90,-87.74
633.00,-84.72
633.10,-86.88
633.20,-86.15
633.30,-87.10
633.40,-86.29
633.50,-85.79
633.60,-87.44
633.70,-84.01
633.80,-85.06
633.90,-85.84
634.00,-85.80
634.10,-84.78
634.20,-86.58
634.30,-83.09
634.40,-87.22
634.50,-86.34
634.60,-82.25
634.70,-86.61
634.80,-86.15
634.90,-86.95
635.00,-85.58
635.10,-86.71
635.20,-87.17
635.30,-86.84
635.40,-86.25
635.50,-85.76
635.60,-85.56
635.70,-86.86
635.80,-87.23
635.90,-85.42
636.00,-87.66
636.10,-87.86
636.20,-87.02
636.30,-89.02
636.40,-88.75
636.50,-88.56
636.60,-87.50
636.70,-86.54
636.80,-87.57
636.90,-86.99
637.00,-85.73
637.10,-89.59
637.20,-88.75
637.30,-86.46
637.40,-84.82
637.50,-83.42
637.60,-84.55
637.70,-85.19
637.80,-83.72
637.90,-79.10
638.00,-77.23
638.10,-84.53
638.20,-84.99
638.30,-85.95
638.40,-84.69
638.50,-82.31
638.60,-84.81
638.70,-84.94
638.80,-86.07
638.90,-85.52
639.00,-85.80
639.10,-86.02
639.20,-85.18
639.30,-84.11
639.40,-86.58
639.50,-85.66
639.60,-87.31
639.70,-87.09
639.80,-86.39
639.90,-86.04
640.00,-85.99
640.10,-86.32
640.20,-87.35
640.30,-87.59
640.40,-86.46
640.50,-83.58
640.60,-85.80
640.70,-84.82
640.80,-88.12
640.90,-84.58
641.00,-86.69
641.10,-86.62
641.20,-88.17
641.30,-86.72
641.40,-84.83
641.50,-85.95
641.60,-87.47
641.70,-85.78
641.80,-86.50
641.90,-86.37
642.00,-86.71
642.10,-88.21
642.20,-83.13
642.30,-86.15
642.40,-82.65
642.50,-83.98
642.60,-84.88
642.70,-84.42
642.80,-86.48
642.90,-84.70
643.00,-83.17
643.10,-84.52
643.20,-85.57
643.30,-86.57
643.40,-85.05
643.50,-85.28
643.60,-84.70
643.70,-87.01
643.80,-85.25
643.90,-88.62
644.00,-84.79
644.10,-81.74
644.20,-84.71
644.30,-83.92
644.40,-81.11
644.50,-83.58
644.60,-84.77
644.70,-81.00
644.80,-85.48
644.90,-86.55
645.00,-82.57
645.10,-86.28
645.20,-82.28
645.30,-85.67
645.40,-81.98
645.50,-83.23
645.60,-86.98
645.70,-81.43
645.80,-84.99
645.90,-79.26
646.00,-85.36
646.10,-81.12
646.20,-82.62
646.30,-85.95
646.40,-82.50
646.50,-87.28
646.60,-86.16
646.70,-82.90
646.80,-83.39
646.90,-86.30
647.00,-81.50
647.10,-85.99
647.20,-82.22
647.30,-85.05
647.40,-84.20
647.50,-84.28
647.60,-84.82
647.70,-83.83
647.80,-84.07
647.90,-81.76
648.00,-79.49
648.10,-85.83
648.20,-78.20
648.30,-85.33
648.40,-81.56
648.50,-86.04
648.60,-83.44
648.70,-80.50
648.80,-83.66
648.90,-84.67
649.00,-80.09
649.10,-80.26
649.20,-84.02
649.30,-84.21
649.40,-82.02
649.50,-85.61
649.60,-80.27
649.70,-82.47
649.80,-84.05
649.90,-78.27
650.00,-77.92
650.10,-78.77
650.20,-83.89
650.30,-87.36
650.40,-81.07
650.50,-82.62
650.60,-80.14
650.70,-81.12
650.80,-85.15
650.90,-85.81
651.00,-83.30
651.10,-88.46
651.20,-82.67
651.30,-82.05
651.40,-85.84
651.50,-84.35
651.60,-86.02
651.70,-88.25
651.80,-88.55
651.90,-88.81
652.00,-87.56
652.10,-88.46
652.20,-88.40
652.30,-87.38
652.40,-87.14
652.50,-85.60
652.60,-86.61
652.70,-87.49
652.80,-86.91
652.90,-88.51
653.00,-88.82
653.10,-88.14
653.20,-88.43
653.30,-87.51
653.40,-84.17
653.50,-87.25
653.60,-86.89
653.70,-88.51
653.80,-88.69
653.90,-85.71
654.00,-87.07
654.10,-87.16
654.20,-86.24
654.30,-88.47
654.40,-86.61
654.50,-86.44
654.60,-87.59
654.70,-86.62
654.80,-88.54
654.90,-85.87
655.00,-88.48
655.10,-85.82
655.20,-87.17
655.30,-88.30
655.40,-86.26
655.50,-87.50
655.60,-88.03
655.70,-86.82
655.80,-88.42
655.90,-87.58
656.00,-85.14
656.10,-86.11
656.20,-87.81
656.30,-86.65
656.40,-86.79
656.50,-87.42
656.60,-86.94
656.70,-87.35
656.80,-87.62
656.90,-87.32
657.00,-84.01
657.10,-87.49
657.20,-87.50
657.30,-88.13
657.40,-86.36
657.50,-86.84
657.60,-88.14
657.70,-86.19
657.80,-87.03
657.90,-87.13
658.00,-85.98
658.10,-87.73
658.20,-88.26
658.30,-88.48
658.40,-88.90
658.50,-85.47
658.60,-86.57
658.70,-84.28
658.80,-87.66
658.90,-86.82
659.00,-87.82
659.10,-86.96
659.20,-86.26
659.30,-87.05
659.40,-86.09
659.50,-85.88
659.60,-86.33
659.70,-85.89
659.80,-85.70
659.90,-86.56
660.00,-85.29
660.10,-86.79
660.20,-86.71
660.30,-85.15
660.40,-85.28
660.50,-84.81
660.60,-85.31
660.70,-86.97
660.80,-87.93
660.90,-86.88
661.00,-88.07
661.10,-85.98
661.20,-87.06
661.30,-85.68
661.40,-88.04
661.50,-85.14
661.60,-87.29
661.70,-87.99
661.80,-85.30
661.90,-85.11
662.00,-87.46
662.10,-86.27
662.20,-87.64
662.30,-87.66
662.40,-89.31
662.50,-86.96
662.60,-86.54
662.70,-88.92
662.80,-85.70
662.90,-88.09
663.00,-88.04
663.10,-86.34
663.20,-85.87
663.30,-86.06
663.40,-86.04
663.50,-82.65
663.60,-86.31
663.70,-86.42
663.80,-85.87
663.90,-86.95
664.00,-86.51
664.10,-86.31
664.20,-85.50
664.30,-87.76
664.40,-87.10
664.50,-85.87
664.60,-88.63
664.70,-87.77
664.80,-86.11
664.90,-86.31
665.00,-85.93
665.10,-86.55
665.20,-87.96
665.30,-87.28
665.40,-86.45
665.50,-86.18
665.60,-85.60
665.70,-83.05
665.80,-86.47
665.90,-86.48
666.00,-84.46
666.10,-83.86
666.20,-86.36
666.30,-84.79
666.40,-83.15
666.50,-85.66
666.60,-85.16
666.70,-83.50
666.80,-82.32
666.90,-82.42
667.00,-78.70
667.10,-73.84
667.20,-69.33
667.30,-66.61
667.40,-70.92
667.50,-75.49
667.60,-79.93
667.70,-81.75
667.80,-81.03
667.90,-83.32
668.00,-82.31
668.10,-73.98
668.20,-69.38
668.30,-75.60
668.40,-83.87
668.50,-85.48
668.60,-81.98
668.70,-85.19
668.80,-83.99
668.90,-84.29
669.00,-85.38
669.10,-88.03
669.20,-87.99
669.30,-84.63
669.40,-87.09
669.50,-86.70
669.60,-85.19
669.70,-85.13
669.80,-86.17
669.90,-84.71
670.00,-86.18
670.10,-87.58
670.20,-85.60
670.30,-86.21
670.40,-87.08
670.50,-85.56
670.60,-84.18
670.70,-85.32
670.80,-86.00
670.90,-88.21
671.00,-89.57
671.10,-87.56
671.20,-85.52
671.30,-88.53
671.40,-87.80
671.50,-84.50
671.60,-84.85
671.70,-86.18
671.80,-86.65
671.90,-87.88
672.00,-85.98
672.10,-87.19
672.20,-88.00
672.30,-87.15
672.40,-87.66
672.50,-87.09
672.60,-86.59
672.70,-86.51
672.80,-86.35
672.90,-87.27
673.00,-87.65
673.10,-87.10
673.20,-86.63
673.30,-88.21
673.40,-85.76
673.50,-87.64
673.60,-86.73
673.70,-87.42
673.80,-87.68
673.90,-86.13
674.00,-88.97
674.10,-87.28
674.20,-86.36
674.30,-83.64
674.40,-85.46
674.50,-87.23
674.60,-87.13
674.70,-87.48
674.80,-86.20
674.90,-85.89
675.00,-86.88
675.10,-86.72
675.20,-87.54
675.30,-87.63
675.40,-86.04
675.50,-86.26
675.60,-87.71
675.70,-86.42
675.80,-83.64
675.90,-85.54
676.00,-85.61
676.00,-87.66
676.05,-86.99
676.10,-86.96
676.16,-87.72
676.21,-87.06
676.26,-86.89
676.31,-87.84
676.37,-88.25
676.42,-87.93
676.47,-87.21
676.52,-88.64
676.57,-87.45
676.63,-85.68
676.68,-87.81
676.73,-88.11
676.78,-88.19
676.83,-86.32
676.89,-89.44
676.94,-86.55
676.99,-87.48
677.04,-86.84
677.10,-87.60
677.15,-87.41
677.20,-86.85
677.25,-86.76
677.30,-87.83
677.36,-88.55
677.41,-87.17
677.46,-85.99
677.51,-86.18
677.57,-83.26
677.62,-87.11
677.67,-83.88
677.72,-87.96
677.77,-86.74
677.83,-87.07
677.88,-88.01
677.93,-87.68
677.98,-85.28
678.03,-86.53
678.09,-86.77
678.14,-87.02
678.19,-87.27
678.24,-86.35
678.30,-87.86
678.35,-87.11
678.40,-88.92
678.45,-86.18
678.50,-87.73
678.56,-88.52
678.61,-88.38
678.66,-88.12
678.71,-86.30
678.77,-89.91
678.82,-87.20
678.87,-86.95
678.92,-87.08
678.97,-86.96
679.03,-87.62
679.08,-89.41
679.13,-89.48
679.18,-86.69
679.23,-87.76
679.29,-87.37
679.34,-88.98
679.39,-86.94
679.44,-85.34
679.50,-87.36
679.55,-87.73
679.60,-88.57
679.65,-87.23
679.70,-88.22
679.76,-84.15
679.81,-87.47
679.86,-85.94
679.91,-87.24
679.97,-86.00
680.02,-83.74
680.07,-88.25
680.12,-88.10
680.17,-87.87
680.23,-88.20
680.28,-86.60
680.33,-88.57
680.38,-88.75
680.43,-87.72
680.49,-86.30
680.54,-87.88
680.59,-84.95
680.64,-87.46
680.70,-87.19
680.75,-88.15
680.80,-86.26
680.85,-84.76
680.90,-88.39
680.96,-87.87
681.01,-85.37
681.06,-88.33
681.11,-86.20
681.17,-88.04
681.22,-87.34
681.27,-87.44
681.32,-89.37
681.37,-88.49
681.43,-88.37
681.48,-86.61
681.53,-89.42
681.58,-86.95
681.63,-88.02
681.69,-87.27
681.74,-86.93
681.79,-87.64
681.84,-84.56
681.90,-83.81
681.95,-85.89
682.00,-80.69
682.05,-89.53
682.10,-87.94
682.16,-87.94
682.21,-85.47
682.26,-87.57
682.31,-87.81
682.37,-86.89
682.42,-86.96
682.47,-87.35
682.52,-86.92
682.57,-86.74
682.63,-86.74
682.68,-87.63
682.73,-86.80
682.78,-87.94
682.83,-85.91
682.89,-86.79
682.94,-85.59
682.99,-86.71
683.04,-90.76
683.10,-89.79
683.15,-84.13
683.20,-84.92
683.25,-87.74
683.30,-85.86
683.36,-88.23
683.41,-88.67
683.46,-86.48
683.51,-87.23
683.57,-87.37
683.62,-86.53
683.67,-86.01
683.72,-88.57
683.77,-86.99
683.83,-86.14
683.88,-85.87
683.93,-86.70
683.98,-86.21
684.03,-87.18
684.09,-86.55
684.14,-86.51
684.19,-82.12
684.24,-82.30
684.30,-76.35
684.35,-74.15
684.40,-73.25
684.45,-75.81
684.50,-79.69
684.56,-78.41
684.61,-82.87
684.66,-83.21
684.71,-84.87
684.77,-84.54
684.82,-84.16
684.87,-83.59
684.92,-86.99
684.97,-87.12
685.03,-84.98
685.08,-85.46
685.13,-86.89
685.18,-88.25
685.23,-87.20
685.29,-87.99
685.34,-86.12
685.39,-88.12
685.44,-85.96
685.50,-87.10
685.55,-88.55
685.60,-86.15
685.65,-87.88
685.70,-87.47
685.76,-86.76
685.81,-83.15
685.86,-83.77
685.91,-86.82
685.97,-87.62
686.02,-89.24
686.07,-87.00
686.12,-87.13
686.17,-88.40
686.23,-86.74
686.28,-87.40
686.33,-88.34
686.38,-88.28
686.43,-87.32
686.49,-88.61
686.54,-85.49
686.59,-87.34
686.64,-88.80
686.70,-88.09
686.75,-85.21
686.80,-86.85
686.85,-87.29
686.90,-87.96
686.96,-84.73
687.01,-85.37
687.06,-87.95
687.11,-87.29
687.17,-88.47
687.22,-86.05
687.27,-88.44
687.32,-87.75
687.37,-86.53
687.43,-88.32
687.48,-87.84
687.53,-85.09
687.58,-86.00
687.63,-89.22
687.69,-86.97
687.74,-86.34
687.79,-86.33
687.84,-86.73
687.90,-85.09
687.95,-85.68
688.00,-85.95
688.05,-86.46
688.10,-86.98
688.16,-88.94
688.21,-86.27
688.26,-88.43
688.31,-87.80
688.37,-86.47
688.42,-84.62
688.47,-85.87
688.52,-89.70
688.57,-87.04
688.63,-86.61
688.68,-85.56
688.73,-88.51
688.78,-88.66
688.83,-87.24
688.89,-89.03
688.94,-86.50
688.99,-88.59
689.04,-84.56
689.10,-87.61
689.15,-88.02
689.20,-88.24
689.25,-89.17
689.30,-87.58
689.36,-86.71
689.41,-87.98
689.46,-87.50
689.51,-88.38
689.57,-87.38
689.62,-86.17
689.67,-87.61
689.72,-87.91
689.77,-87.81
689.83,-87.52
689.88,-86.90
689.93,-87.51
689.98,-87.50
690.03,-86.93
690.09,-86.87
690.14,-87.39
690.19,-88.18
690.24,-88.12
690.30,-87.24
690.35,-87.19
690.40,-85.96
690.45,-87.84
690.50,-87.23
690.56,-88.51
690.61,-86.52
690.66,-85.09
690.71,-87.10
690.77,-86.84
690.82,-87.52
690.87,-85.56
690.92,-87.19
690.97,-86.25
691.03,-85.92
691.08,-89.95
691.13,-86.49
691.18,-87.53
691.23,-87.21
691.29,-86.77
691.34,-88.33
691.39,-88.12
691.44,-86.48
691.50,-87.21
691.55,-86.69
691.60,-87.22
691.65,-86.25
691.70,-87.93
691.76,-86.12
691.81,-88.15
691.86,-86.66
691.91,-85.61
691.97,-87.41
692.02,-87.07
692.07,-84.33
692.12,-87.93
692.17,-88.54
692.23,-85.33
692.28,-85.97
692.33,-88.44
692.38,-86.72
692.43,-88.06
692.49,-87.83
692.54,-88.61
692.59,-86.29
692.64,-86.04
692.70,-87.84
692.75,-86.53
692.80,-87.09
692.85,-87.71
692.90,-89.41
692.96,-87.25
693.01,-86.46
693.06,-85.87
693.11,-87.76
693.17,-86.66
693.22,-87.01
693.27,-87.00
693.32,-89.90
693.37,-85.88
693.43,-88.32
693.48,-88.05
693.53,-85.71
693.58,-86.82
693.63,-87.65
693.69,-84.23
693.74,-88.19
693.79,-88.55
693.84,-88.95
693.90,-89.48
693.95,-88.63
694.00,-86.52
694.05,-84.41
694.10,-87.17
694.16,-85.65
694.21,-87.17
694.26,-87.15
694.31,-86.90
694.37,-88.39
694.42,-85.16
694.47,-87.64
694.52,-85.45
694.57,-86.77
694.63,-87.96
694.68,-87.66
694.73,-88.05
694.78,-88.66
694.83,-86.38
694.89,-86.50
694.94,-87.47
694.99,-85.26
695.04,-86.94
695.10,-88.58
695.15,-86.77
695.20,-87.15
695.25,-88.61
695.30,-87.85
695.36,-86.50
695.41,-86.32
695.46,-85.97
695.51,-86.61
695.57,-87.97
695.62,-87.37
695.67,-87.94
695.72,-83.87
695.77,-87.64
695.83,-86.52
695.88,-87.57
695.93,-86.75
695.98,-87.46
696.03,-84.88
696.09,-87.85
696.14,-88.26
696.19,-88.07
696.24,-85.25
696.30,-87.20
696.35,-88.86
696.40,-87.50
696.45,-88.61
696.50,-83.94
696.56,-88.45
696.61,-87.34
696.66,-88.10
696.71,-86.88
696.77,-87.19
696.82,-85.00
696.87,-89.23
696.92,-88.42
696.97,-88.04
697.03,-87.27
697.08,-88.07
697.13,-89.65
697.18,-87.77
697.23,-87.41
697.29,-88.45
697.34,-86.84
697.39,-87.22
697.44,-87.94
697.50,-86.47
697.55,-85.54
697.60,-86.04
697.65,-89.58
697.70,-86.78
697.76,-87.27
697.81,-86.71
697.86,-86.93
697.91,-87.30
697.97,-88.86
698.02,-87.90
698.07,-88.40
698.12,-88.32
698.17,-88.96
698.23,-85.76
698.28,-88.64
698.33,-86.91
698.38,-88.55
698.43,-86.78
698.49,-86.31
698.54,-89.24
698.59,-88.55
698.64,-89.07
698.70,-87.52
698.75,-86.74
698.80,-87.16
698.85,-86.16
698.90,-86.52
698.96,-87.35
699.01,-87.75
699.06,-87.75
699.11,-87.88
699.17,-88.97
699.22,-88.94
699.27,-88.47
699.32,-86.08
699.37,-86.29
699.43,-87.69
699.48,-87.25
699.53,-86.52
699.58,-88.87
699.63,-88.23
699.69,-88.20
699.74,-89.42
699.79,-86.15
699.84,-87.30
699.90,-89.24
699.95,-87.68
700.00,-86.39
700.00,-85.61
700.10,-85.13
700.20,-85.70
700.30,-87.07
700.40,-87.12
700.50,-86.52
700.60,-88.00
700.70,-86.22
700.80,-87.00
700.90,-86.39
701.00,-84.28
701.10,-79.05
701.20,-86.01
701.30,-80.22
701.40,-77.83
701.50,-74.76
701.60,-78.86
701.70,-83.99
701.80,-84.49
701.90,-86.69
702.00,-84.40
702.10,-85.58
702.20,-88.64
702.30,-88.00
702.40,-86.74
702.50,-87.58
702.60,-85.28
702.70,-87.23
702.80,-87.64
702.90,-86.15
703.00,-85.99
703.10,-88.46
703.20,-86.55
703.30,-85.83
703.40,-86.48
703.50,-85.73
703.60,-86.35
703.70,-85.15
703.80,-81.65
703.90,-82.21
704.00,-81.26
704.10,-85.26
704.20,-87.84
704.30,-88.07
704.40,-86.58
704.50,-86.17
704.60,-85.28
704.70,-86.34
704.80,-86.87
704.90,-85.28
705.00,-87.43
705.10,-85.78
705.20,-87.04
705.30,-87.44
705.40,-89.98
705.50,-87.41
705.60,-86.48
705.70,-86.87
705.80,-86.18
705.90,-86.53
706.00,-86.00
706.10,-88.01
706.20,-86.86
706.30,-87.14
706.40,-86.42
706.50,-87.68
706.60,-87.53
706.70,-87.02
706.80,-89.08
706.90,-86.85
707.00,-87.21
707.10,-87.56
707.20,-86.13
707.30,-88.21
707.40,-85.31
707.50,-87.56
707.60,-86.51
707.70,-88.24
707.80,-85.94
707.90,-87.43
708.00,-86.59
708.10,-87.71
708.20,-87.58
708.30,-85.69
708.40,-86.04
708.50,-86.74
708.60,-84.95
708.70,-86.54
708.80,-87.34
708.90,-87.19
709.00,-88.28
709.10,-87.90
709.20,-88.91
709.30,-88.35
709.40,-88.78
709.50,-87.47
709.60,-87.90
709.70,-88.32
709.80,-87.16
709.90,-88.24
710.00,-84.45
710.10,-86.54
710.20,-85.62
710.30,-88.69
710.40,-85.70
710.50,-87.88
710.60,-87.38
710.70,-88.11
710.80,-86.13
710.90,-86.31
711.00,-85.75
711.10,-87.37
711.20,-87.27
711.30,-87.50
711.40,-89.40
711.50,-86.67
711.60,-88.94
711.70,-87.23
711.80,-87.07
711.90,-87.85
712.00,-86.30
712.10,-88.28
712.20,-88.68
712.30,-89.28
712.40,-89.55
712.50,-84.76
712.60,-85.95
712.70,-86.36
712.80,-87.25
712.90,-86.35
713.00,-85.87
713.10,-87.20
713.20,-85.73
713.30,-87.14
713.40,-85.92
713.50,-88.86
713.60,-86.86
713.70,-85.23
713.80,-84.65
713.90,-88.28
714.00,-87.43
714.10,-86.86
714.20,-87.90
714.30,-86.01
714.40,-85.75
714.50,-85.65
714.60,-87.07
714.70,-85.60
714.80,-88.14
714.90,-88.50
715.00,-89.05
715.10,-87.56
715.20,-85.84
715.30,-86.13
715.40,-86.25
715.50,-85.00
715.60,-87.88
715.70,-86.56
715.80,-85.50
715.90,-87.03
716.00,-86.66
716.10,-87.10
716.20,-90.21
716.30,-87.17
716.40,-88.02
716.50,-87.28
716.60,-87.10
716.70,-87.69
716.80,-86.38
716.90,-86.11
717.00,-85.75
717.10,-87.55
717.20,-87.78
717.30,-87.78
717.40,-83.88
717.50,-88.11
717.60,-87.06
717.70,-87.21
717.80,-87.94
717.90,-87.29
718.00,-87.21
718.10,-86.13
718.20,-86.62
718.30,-87.19
718.40,-84.85
718.50,-80.56
718.60,-78.13
718.70,-78.49
718.80,-84.17
718.90,-83.48
719.00,-87.89
719.10,-85.72
719.20,-83.80
719.30,-87.06
719.40,-86.08
719.50,-84.92
719.60,-88.13
719.70,-87.51
719.80,-87.33
719.90,-86.68
720.00,-86.71
720.10,-84.36
720.20,-87.14
720.30,-87.49
720.40,-88.27
720.50,-87.13
720.60,-87.20
720.70,-85.76
720.80,-85.16
720.90,-88.39
721.00,-85.88
721.10,-85.79
721.20,-86.15
721.30,-86.28
721.40,-86.95
721.50,-86.13
721.60,-87.15
721.70,-86.57
721.80,-87.06
721.90,-87.86
722.00,-86.53
722.10,-87.56
722.20,-88.29
722.30,-87.42
722.40,-87.59
722.50,-87.25
722.60,-87.52
722.70,-88.04
722.80,-86.96
722.90,-86.53
723.00,-85.38
723.10,-88.09
723.20,-88.06
723.30,-86.88
723.40,-88.31
723.50,-86.05
723.60,-86.98
723.70,-87.57
723.80,-88.46
723.90,-86.35
724.00,-87.22
724.10,-87.25
724.20,-87.95
724.30,-88.50
724.40,-86.92
724.50,-89.04
724.60,-86.43
724.70,-88.13
724.80,-87.06
724.90,-87.95
725.00,-85.67
725.10,-86.12
725.20,-86.19
725.30,-87.71
725.40,-89.21
725.50,-87.30
725.60,-86.96
725.70,-86.78
725.80,-86.15
725.90,-87.02
726.00,-86.62
726.10,-87.75
726.20,-87.59
726.30,-87.27
726.40,-86.38
726.50,-85.94
726.60,-86.34
726.70,-87.65
726.80,-87.31
726.90,-87.59
727.00,-87.82
727.10,-84.88
727.20,-87.87
727.30,-85.80
727.40,-87.28
727.50,-86.55
727.60,-86.36
727.70,-88.29
727.80,-87.97
727.90,-86.39
728.00,-87.52
728.10,-87.30
728.20,-84.15
728.30,-86.17
728.40,-86.89
728.50,-88.41
728.60,-87.38
728.70,-87.01
728.80,-87.72
728.90,-86.96
729.00,-87.52
729.10,-88.75
729.20,-88.69
729.30,-86.56
729.40,-86.48
729.50,-85.25
729.60,-88.53
729.70,-86.86
729.80,-88.18
729.90,-85.50
730.00,-86.71
730.10,-87.00
730.20,-85.70
730.30,-86.37
730.40,-86.75
730.50,-87.43
730.60,-87.82
730.70,-87.75
730.80,-86.71
730.90,-87.41
731.00,-85.32
731.10,-87.00
731.20,-86.90
731.30,-83.95
731.40,-77.84
731.50,-76.76
731.60,-87.49
731.70,-84.87
731.80,-86.42
731.90,-86.60
732.00,-87.55
732.10,-85.78
732.20,-85.83
732.30,-87.85
732.40,-86.03
732.50,-87.67
732.60,-87.14
732.70,-87.37
732.80,-85.50
732.90,-89.03
733.00,-88.33
733.10,-84.00
733.20,-88.40
733.30,-87.39
733.40,-84.77
733.50,-87.98
733.60,-87.00
733.70,-86.35
733.80,-85.38
733.90,-86.65
734.00,-86.26
734.10,-87.62
734.20,-86.87
734.30,-86.72
734.40,-87.12
734.50,-85.57
734.60,-86.37
734.70,-87.51
734.80,-85.93
734.90,-87.00
735.00,-86.36
735.10,-85.43
735.20,-86.60
735.30,-87.23
735.40,-87.03
735.50,-87.49
735.60,-86.42
735.70,-86.33
735.80,-87.86
735.90,-87.83
736.00,-86.14
736.10,-85.99
736.20,-87.26
736.30,-85.40
736.40,-87.97
736.50,-87.95
736.60,-85.72
736.70,-86.81
736.80,-88.12
736.90,-85.69
737.00,-86.77
737.10,-84.21
737.20,-87.04
737.30,-85.34
737.40,-87.44
737.50,-87.99
737.60,-88.28
737.70,-85.30
737.80,-89.03
737.90,-85.63
738.00,-88.04
738.10,-86.95
738.20,-85.95
738.30,-88.17
738.40,-88.76
738.50,-87.57
738.60,-87.31
738.70,-86.39
738.80,-86.27
738.90,-87.60
739.00,-85.80
739.10,-87.07
739.20,-86.28
739.30,-86.46
739.40,-87.56
739.50,-86.76
739.60,-85.34
739.70,-87.52
739.80,-87.68
739.90,-88.96
740.00,-89.09
740.10,-87.46
740.20,-84.56
740.30,-84.97
740.40,-86.42
740.50,-84.44
740.60,-83.76
740.70,-86.83
740.80,-85.34
740.90,-85.20
741.00,-85.42
741.10,-85.51
741.20,-85.89
741.30,-87.65
741.40,-86.42
741.50,-86.75
741.60,-88.11
741.70,-87.60
741.80,-88.26
741.90,-86.08
742.00,-83.75
742.10,-85.80
742.20,-85.92
742.30,-87.34
742.40,-83.84
742.50,-82.82
742.60,-85.96
742.70,-86.01
742.80,-85.29
742.90,-86.04
743.00,-86.10
743.10,-85.91
743.20,-85.83
743.30,-86.23
743.40,-86.59
743.50,-85.59
743.60,-86.97
743.70,-86.20
743.80,-86.85
743.90,-86.03
744.00,-87.38
744.10,-87.29
744.20,-87.94
744.30,-84.74
744.40,-84.74
744.50,-87.75
744.60,-86.16
744.70,-85.45
744.80,-85.64
744.90,-87.97
745.00,-87.45
745.10,-86.95
745.20,-86.37
745.30,-86.61
745.40,-88.16
745.50,-85.45
745.60,-87.41
745.70,-88.04
745.80,-85.90
745.90,-86.03
746.00,-85.83
746.00,-87.19
746.10,-85.66
746.20,-87.24
746.30,-85.82
746.40,-84.49
746.50,-84.01
746.60,-84.14
746.70,-87.30
746.80,-86.13
746.90,-84.55
747.00,-85.47
747.10,-87.42
747.20,-85.63
747.30,-84.37
747.40,-86.90
747.50,-84.93
747.60,-85.97
747.70,-86.73
747.80,-85.63
747.90,-82.18
748.00,-85.02
748.10,-86.34
748.20,-84.72
748.30,-85.55
748.40,-84.91
748.50,-83.91
748.60,-84.92
748.70,-84.60
748.80,-82.53
748.90,-83.70
749.00,-85.91
749.10,-85.63
749.20,-83.80
749.30,-85.96
749.40,-84.72
749.50,-86.26
749.60,-87.06
749.70,-84.73
749.80,-82.68
749.90,-86.69
750.00,-86.04
750.10,-85.93
750.20,-85.70
750.30,-85.31
750.40,-82.95
750.50,-85.02
750.60,-80.41
750.70,-85.52
750.80,-88.02
750.90,-86.68
751.00,-88.62
751.10,-87.91
751.20,-87.20
751.30,-85.07
751.40,-84.37
751.50,-83.13
751.60,-86.49
751.70,-86.09
751.80,-85.97
751.90,-85.87
752.00,-87.24
752.10,-86.06
752.20,-87.85
752.30,-85.53
752.40,-83.33
752.50,-84.39
752.60,-80.61
752.70,-85.07
752.80,-81.64
752.90,-83.63
753.00,-84.12
753.10,-84.14
753.20,-86.06
753.30,-82.90
753.40,-81.46
753.50,-81.30
753.60,-80.96
753.70,-81.91
753.80,-81.85
753.90,-84.39
754.00,-82.26
754.10,-82.72
754.20,-86.31
754.30,-85.41
754.40,-87.15
754.50,-81.75
754.60,-83.11
754.70,-80.97
754.80,-84.64
754.90,-84.02
755.00,-84.59
755.10,-80.99
755.20,-85.25
755.30,-83.38
755.40,-81.83
755.50,-82.06
755.60,-84.31
755.70,-83.12
755.80,-86.38
755.90,-86.05
756.00,-86.23
756.10,-85.90
756.20,-85.89
756.30,-86.76
756.40,-87.02
756.50,-87.27
756.60,-87.29
756.70,-87.20
756.80,-86.53
756.90,-86.61
757.00,-87.39
757.10,-86.63
757.20,-88.55
757.30,-87.84
757.40,-87.75
757.50,-86.06
757.60,-85.89
757.70,-83.91
757.80,-86.00
757.90,-85.60
758.00,-88.41
758.10,-86.32
758.20,-85.64
758.30,-86.66
758.40,-86.15
758.50,-86.84
758.60,-87.06
758.70,-87.49
758.80,-87.26
758.90,-88.11
759.00,-86.70
759.10,-84.51
759.20,-88.49
759.30,-86.12
759.40,-87.37
759.50,-85.96
759.60,-86.07
759.70,-88.48
759.80,-88.19
759.90,-86.79
760.00,-84.41
760.10,-87.80
760.20,-85.47
760.30,-86.41
760.40,-87.96
760.50,-87.03
760.60,-85.44
760.70,-86.73
760.80,-86.90
760.90,-86.71
761.00,-87.66
761.10,-86.71
761.20,-86.63
761.30,-86.91
761.40,-85.58
761.50,-87.91
761.60,-86.83
761.70,-86.77
761.80,-86.22
761.90,-86.01
762.00,-88.15
762.10,-85.59
762.20,-87.93
762.30,-85.56
762.40,-87.85
762.50,-87.27
762.60,-85.77
762.70,-87.46
762.80,-86.75
762.90,-86.48
763.00,-85.34
763.10,-85.28
763.20,-85.81
763.30,-85.63
763.40,-87.56
763.50,-86.93
763.60,-88.15
763.70,-87.98
763.80,-86.84
763.90,-85.70
764.00,-87.87
764.10,-86.04
764.20,-86.38
764.30,-86.99
764.40,-87.33
764.50,-87.85
764.60,-85.99
764.70,-84.50
764.80,-88.37
764.90,-84.32
765.00,-86.17
765.10,-86.53
765.20,-87.20
765.30,-85.07
765.40,-84.94
765.50,-85.78
765.60,-87.65
765.70,-85.84
765.80,-86.05
765.90,-87.02
766.00,-87.21
766.10,-85.99
766.20,-85.22
766.30,-88.21
766.40,-87.52
766.50,-85.79
766.60,-86.88
766.70,-86.12
766.80,-86.69
766.90,-83.91
767.00,-84.84
767.10,-85.56
767.20,-86.77
767.30,-86.62
767.40,-85.42
767.50,-85.57
767.60,-86.74
767.70,-87.21
767.80,-86.99
767.90,-85.83
768.00,-87.51
768.10,-86.41
768.20,-86.74
768.30,-85.97
768.40,-85.94
768.50,-85.84
768.60,-86.35
768.70,-83.56
768.80,-85.88
768.90,-84.49
769.00,-84.59
769.10,-86.38
769.20,-87.01
769.30,-86.47
769.40,-85.32
769.50,-84.10
769.60,-79.74
769.70,-78.61
769.80,-77.88
769.90,-65.46
770.00,-65.79
770.10,-81.70
770.20,-83.16
770.30,-84.44
770.40,-82.51
770.50,-83.79
770.60,-85.43
770.70,-85.14
770.80,-86.22
770.90,-86.52
771.00,-86.92
771.10,-86.26
771.20,-84.43
771.30,-84.32
771.40,-86.20
771.50,-85.60
771.60,-83.63
771.70,-86.70
771.80,-86.46
771.90,-87.59
772.00,-86.93
772.10,-84.97
772.20,-86.38
772.30,-87.17
772.40,-86.00
772.50,-84.30
772.60,-85.64
772.70,-87.41
772.80,-85.98
772.90,-85.57
773.00,-85.99
773.10,-87.36
773.20,-85.13
773.30,-87.97
773.40,-86.12
773.50,-86.54
773.60,-86.75
773.70,-86.34
773.80,-86.59
773.90,-88.74
774.00,-85.23
774.10,-85.27
774.20,-86.39
774.30,-86.17
774.40,-87.18
774.50,-86.23
774.60,-87.53
774.70,-87.49
774.80,-86.94
774.90,-87.03
775.00,-86.36
775.10,-87.24
775.20,-86.37
775.30,-87.13
775.40,-84.61
775.50,-87.31
775.60,-88.52
775.70,-87.04
775.80,-87.11
775.90,-88.17
776.00,-87.24
776.10,-86.77
776.20,-84.59
776.30,-85.43
776.40,-86.83
776.50,-86.08
776.60,-86.47
776.70,-87.20
776.80,-84.98
776.90,-85.15
777.00,-86.29
777.10,-86.58
777.20,-87.04
777.30,-85.34
777.40,-87.94
777.50,-85.65
777.60,-87.39
777.70,-86.87
777.80,-86.60
777.90,-88.25
778.00,-88.42
778.10,-87.92
778.20,-86.76
778.30,-87.55
778.40,-87.51
778.50,-85.80
778.60,-86.67
778.70,-85.43
778.80,-86.09
778.90,-87.94
779.00,-88.71
779.10,-87.26
779.20,-86.60
779.30,-84.26
779.40,-86.27
779.50,-86.11
779.60,-87.35
779.70,-87.55
779.80,-86.66
779.90,-85.47
780.00,-85.89
780.10,-85.78
780.20,-85.94
780.30,-83.91
780.40,-87.11
780.50,-85.93
780.60,-85.60
780.70,-87.83
780.80,-86.23
780.90,-87.70
781.00,-87.33
781.10,-86.75
781.20,-87.11
781.30,-85.78
781.40,-87.47
781.50,-86.39
781.60,-87.88
781.70,-89.86
781.80,-87.80
781.90,-87.46
782.00,-87.62
782.10,-87.69
782.20,-86.87
782.30,-87.34
782.40,-86.99
782.50,-86.72
782.60,-87.11
782.70,-86.01
782.80,-85.62
782.90,-87.43
783.00,-88.51
783.10,-86.55
783.20,-87.41
783.30,-87.59
783.40,-87.44
783.50,-87.06
783.60,-86.16
783.70,-87.81
783.80,-86.50
783.90,-87.19
784.00,-89.39
784.10,-85.57
784.20,-86.72
784.30,-87.48
784.40,-88.63
784.50,-86.27
784.60,-85.28
784.70,-86.74
784.80,-88.09
784.90,-87.02
785.00,-87.44
785.10,-88.39
785.20,-86.53
785.30,-84.68
785.40,-86.70
785.50,-88.83
785.60,-87.99
785.70,-84.36
785.80,-87.18
785.90,-85.91
786.00,-88.96
786.10,-88.86
786.20,-87.19
786.30,-87.40
786.40,-84.55
786.50,-85.04
786.60,-87.71
786.70,-87.01
786.80,-84.60
786.90,-85.45
787.00,-85.04
787.10,-86.46
787.20,-86.70
787.30,-87.83
787.40,-86.03
787.50,-87.29
787.60,-87.12
787.70,-86.67
787.80,-86.29
787.90,-86.23
788.00,-86.55
788.10,-87.20
788.20,-86.54
788.30,-86.75
788.40,-87.87
788.50,-83.90
788.60,-89.21
788.70,-87.85
788.80,-86.55
788.90,-86.48
789.00,-87.78
789.10,-89.15
789.20,-88.40
789.30,-88.41
789.40,-85.74
789.50,-86.78
789.60,-87.16
789.70,-87.33
789.80,-87.11
789.90,-87.40
790.00,-87.75
790.10,-85.86
790.20,-88.59
790.30,-87.91
790.40,-88.11
790.50,-86.56
790.60,-87.56
790.70,-88.06
790.80,-87.14
790.90,-86.05
791.00,-85.81
791.10,-85.27
791.20,-87.83
791.30,-87.25
791.40,-88.42
791.50,-88.60
791.60,-87.20
791.70,-87.10
791.80,-85.60
791.90,-87.41
792.00,-86.55
792.00,-87.31
792.10,-86.89
792.20,-87.76
792.30,-87.04
792.40,-87.27
792.50,-89.18
792.60,-88.45
792.70,-86.84
792.80,-86.61
792.90,-87.63
793.00,-87.28
793.10,-88.21
793.20,-89.11
793.30,-88.90
793.40,-84.71
793.50,-88.43
793.60,-89.09
793.70,-86.64
793.80,-87.69
793.90,-88.14
794.00,-85.30
794.10,-87.24
794.20,-87.10
794.30,-88.90
794.40,-87.30
794.50,-85.42
794.60,-87.64
794.70,-87.35
794.80,-88.14
794.90,-86.08
795.00,-86.64
795.10,-87.25
795.20,-86.91
795.30,-86.40
795.40,-85.39
795.50,-85.42
795.60,-86.80
795.70,-87.04
795.80,-88.22
795.90,-88.39
796.00,-87.24
796.10,-87.38
796.20,-88.42
796.30,-87.77
796.40,-87.66
796.50,-86.99
796.60,-87.59
796.70,-86.52
796.80,-85.59
796.90,-87.47
797.00,-87.66
797.10,-86.99
797.20,-85.70
797.30,-89.06
797.40,-87.20
797.50,-86.82
797.60,-85.21
797.70,-85.35
797.80,-86.70
797.90,-87.20
798.00,-86.92
798.10,-86.54
798.20,-88.00
798.30,-87.74
798.40,-88.52
798.50,-86.85
798.60,-85.83
798.70,-86.54
798.80,-85.87
798.90,-87.71
799.00,-85.74
799.10,-88.96
799.20,-87.78
799.30,-86.14
799.40,-87.77
799.50,-87.03
799.60,-85.75
799.70,-87.94
799.80,-86.21
799.90,-86.36
800.00,-85.65
800.10,-85.96
800.20,-85.89
800.30,-86.28
800.40,-86.19
800.50,-88.18
800.60,-87.75
800.70,-87.85
800.80,-86.89
800.90,-86.69
801.00,-87.54
801.10,-87.21
801.20,-87.81
801.30,-86.67
801.40,-86.78
801.50,-85.98
801.60,-87.03
801.70,-87.64
801.80,-88.26
801.90,-88.46
802.00,-87.69
802.10,-86.71
802.20,-87.91
802.30,-86.36
802.40,-88.57
802.50,-85.35
802.60,-87.84
802.70,-86.75
802.80,-86.46
802.90,-86.83
803.00,-87.34
803.10,-89.32
803.20,-87.07
803.30,-88.05
803.40,-88.92
803.50,-87.58
803.60,-85.67
803.70,-87.16
803.80,-86.92
803.90,-85.79
804.00,-86.73
804.10,-86.91
804.20,-87.77
804.30,-88.17
804.40,-87.93
804.50,-86.82
804.60,-87.91
804.70,-86.09
804.80,-85.46
804.90,-88.21
805.00,-87.19
805.10,-88.50
805.20,-87.94
805.30,-87.27
805.40,-85.70
805.50,-86.51
805.60,-87.09
805.70,-88.67
805.80,-86.81
805.90,-86.45
806.00,-88.25
806.10,-86.26
806.20,-87.55
806.30,-87.31
806.40,-85.11
806.50,-85.83
806.60,-86.33
806.70,-86.58
806.80,-88.29
806.90,-86.23
807.00,-88.18
807.10,-87.22
807.20,-85.55
807.30,-87.29
807.40,-87.77
807.50,-89.00
807.60,-87.23
807.70,-86.61
807.80,-85.42
807.90,-86.79
808.00,-87.27
808.10,-87.06
808.20,-87.14
808.30,-86.34
808.40,-86.15
808.50,-85.74
808.60,-84.82
808.70,-88.22
808.80,-86.67
808.90,-88.29
809.00,-86.40
809.10,-86.98
809.20,-85.44
809.30,-87.06
809.40,-88.92
809.50,-87.13
809.60,-88.75
809.70,-88.10
809.80,-85.57
809.90,-85.75
810.00,-88.35
810.10,-84.55
810.20,-85.32
810.30,-87.67
810.40,-86.54
810.50,-85.26
810.60,-88.64
810.70,-87.65
810.80,-86.30
810.90,-87.16
811.00,-86.65
811.10,-85.82
811.20,-86.31
811.30,-85.59
811.40,-85.50
811.50,-87.96
811.60,-85.95
811.70,-86.94
811.80,-87.91
811.90,-85.22
812.00,-88.37
812.10,-86.67
812.20,-87.41
812.30,-86.16
812.40,-85.84
812.50,-86.09
812.60,-86.25
812.70,-86.76
812.80,-84.50
812.90,-86.04
813.00,-85.54
813.10,-86.76
813.20,-87.36
813.30,-85.07
813.40,-85.30
813.50,-87.97
813.60,-87.28
813.70,-87.24
813.80,-86.87
813.90,-88.05
814.00,-86.85
814.10,-86.89
814.20,-86.29
814.30,-86.02
814.40,-87.62
814.50,-87.20
814.60,-88.24
814.70,-84.53
814.80,-84.43
814.90,-86.46
815.00,-86.28
815.10,-86.29
815.20,-88.26
815.30,-87.87
815.40,-87.70
815.50,-87.32
815.60,-85.83
815.70,-86.27
815.80,-85.63
815.90,-86.46
816.00,-87.09
816.10,-87.03
816.20,-87.28
816.30,-86.31
816.40,-86.91
816.50,-84.75
816.60,-80.87
816.70,-79.36
816.80,-85.23
816.90,-86.27
817.00,-85.76
817.10,-84.90
817.20,-85.69
817.30,-88.24
817.40,-87.17
817.50,-87.14
817.60,-87.33
817.70,-87.09
817.80,-85.80
817.90,-86.71
818.00,-86.59
818.10,-85.84
818.20,-88.49
818.30,-86.30
818.40,-86.93
818.50,-87.45
818.60,-87.06
818.70,-87.18
818.80,-87.87
818.90,-87.53
819.00,-87.42
819.10,-85.94
819.20,-88.03
819.30,-86.64
819.40,-88.50
819.50,-87.81
819.60,-88.55
819.70,-88.13
819.80,-83.87
819.90,-85.48
820.00,-86.39
820.10,-87.25
820.20,-86.61
820.30,-87.12
820.40,-87.49
820.50,-87.39
820.60,-85.08
820.70,-85.91
820.80,-85.06
820.90,-87.55
821.00,-85.28
821.10,-81.25
821.20,-80.07
821.30,-81.33
821.40,-83.85
821.50,-84.45
821.60,-87.33
821.70,-85.48
821.80,-85.54
821.90,-87.75
822.00,-86.36
822.10,-84.05
822.20,-84.70
822.30,-85.88
822.40,-87.62
822.50,-84.94
822.60,-86.84
822.70,-87.67
822.80,-86.73
822.90,-86.89
823.00,-88.10
823.10,-85.65
823.20,-86.54
823.30,-86.01
823.40,-86.63
823.50,-87.52
823.60,-87.13
823.70,-87.17
823.80,-88.53
823.90,-88.08
824.00,-87.30
824.10,-85.72
824.20,-88.33
824.30,-86.85
824.40,-86.22
824.50,-86.68
824.60,-87.58
824.70,-85.67
824.80,-87.24
824.90,-84.42
825.00,-87.72
825.10,-88.16
825.20,-88.53
825.30,-87.56
825.40,-87.58
825.50,-87.37
825.60,-87.49
825.70,-87.13
825.80,-87.54
825.90,-86.55
826.00,-87.44
826.10,-87.12
826.20,-87.45
826.30,-85.68
826.40,-86.00
826.50,-87.27
826.60,-87.62
826.70,-88.67
826.80,-86.25
826.90,-86.18
827.00,-86.04
827.10,-85.14
827.20,-86.05
827.30,-88.38
827.40,-86.08
827.50,-89.61
827.60,-86.40
827.70,-87.45
827.80,-87.38
827.90,-87.16
828.00,-86.27
828.10,-87.40
828.20,-87.77
828.30,-86.95
828.40,-87.23
828.50,-85.96
828.60,-86.25
828.70,-84.85
828.80,-87.10
828.90,-86.65
829.00,-85.58
829.10,-86.62
829.20,-88.14
829.30,-85.41
829.40,-84.54
829.50,-86.57
829.60,-86.49
829.70,-87.19
829.80,-86.22
829.90,-87.65
830.00,-87.89
830.10,-87.49
830.20,-86.82
830.30,-86.32
830.40,-86.73
830.50,-86.12
830.60,-87.86
830.70,-84.38
830.80,-88.33
830.90,-86.89
831.00,-87.39
831.10,-88.18
831.20,-86.79
831.30,-86.76
831.40,-86.71
831.50,-85.68
831.60,-86.20
831.70,-87.30
831.80,-87.19
831.90,-86.22
832.00,-87.03
832.10,-88.49
832.20,-86.53
832.30,-86.61
832.40,-85.80
832.50,-87.67
832.60,-86.18
832.70,-87.65
832.80,-85.39
832.90,-86.58
833.00,-86.45
833.10,-86.47
833.20,-87.98
833.30,-84.66
833.40,-86.37
833.50,-86.72
833.60,-86.58
833.70,-87.37
833.80,-88.09
833.90,-88.86
834.00,-85.52
834.10,-85.98
834.20,-86.70
834.30,-88.02
834.40,-84.75
834.50,-87.78
834.60,-87.11
834.70,-86.66
834.80,-88.51
834.90,-88.18
835.00,-86.52
835.10,-89.50
835.20,-87.30
835.30,-86.91
835.40,-86.74
835.50,-85.94
835.60,-86.76
835.70,-86.12
835.80,-86.16
835.90,-84.33
836.00,-86.70
836.10,-84.33
836.20,-86.80
836.30,-87.47
836.40,-88.72
836.50,-87.98
836.60,-85.73
836.70,-87.18
836.80,-85.33
836.90,-87.29
837.00,-86.88
837.10,-85.74
837.20,-88.41
837.30,-86.73
837.40,-86.42
837.50,-86.64
837.60,-88.19
837.70,-87.93
837.80,-88.63
837.90,-86.90
838.00,-87.24
838.00,-87.81
838.10,-84.76
838.20,-87.23
838.30,-85.80
838.40,-86.35
838.50,-86.60
838.60,-88.31
838.70,-88.34
838.80,-85.98
838.90,-87.88
839.00,-84.71
839.10,-88.38
839.20,-86.17
839.30,-87.75
839.40,-87.49
839.50,-86.53
839.60,-87.58
839.70,-86.74
839.80,-86.59
839.90,-86.01
840.00,-85.80
840.10,-87.01
840.20,-88.24
840.30,-87.90
840.40,-87.36
840.50,-85.66
840.60,-87.57
840.70,-85.87
840.80,-86.41
840.90,-84.24
841.00,-89.15
841.10,-85.81
841.20,-86.45
841.30,-85.22
841.40,-85.35
841.50,-85.97
841.60,-87.08
841.70,-86.79
841.80,-88.50
841.90,-85.27
842.00,-87.55
842.10,-86.64
842.20,-87.37
842.30,-86.13
842.40,-85.92
842.50,-87.68
842.60,-87.11
842.70,-89.24
842.80,-87.33
842.90,-87.94
843.00,-85.29
843.10,-85.17
843.20,-86.28
843.30,-87.45
843.40,-88.40
843.50,-87.91
843.60,-87.22
843.70,-84.67
843.80,-86.79
843.90,-88.04
844.00,-87.90
844.10,-84.73
844.20,-87.28
844.30,-87.42
844.40,-86.74
844.50,-86.12
844.60,-87.99
844.70,-85.44
844.80,-86.63
844.90,-86.95
845.00,-87.89
845.10,-86.11
845.20,-85.94
845.30,-86.02
845.40,-86.50
845.50,-87.33
845.60,-84.24
845.70,-83.93
845.80,-86.92
845.90,-86.52
846.00,-86.19
846.10,-85.97
846.20,-86.77
846.30,-87.06
846.40,-86.22
846.50,-86.19
846.60,-87.76
846.70,-87.83
846.80,-83.99
846.90,-88.77
847.00,-87.28
847.10,-85.59
847.20,-88.19
847.30,-87.96
847.40,-86.67
847.50,-87.04
847.60,-86.09
847.70,-86.67
847.80,-87.20
847.90,-85.61
848.00,-86.31
848.10,-87.28
848.20,-86.71
848.30,-87.29
848.40,-85.25
848.50,-85.45
848.60,-85.79
848.70,-87.59
848.80,-87.34
848.90,-87.70
849.00,-84.47
849.10,-86.83
849.20,-87.31
849.30,-83.88
849.40,-84.80
849.50,-87.11
849.60,-87.42
849.70,-87.94
849.80,-86.63
849.90,-86.67
850.00,-88.58
850.10,-85.65
850.20,-88.35
850.30,-86.24
850.40,-86.51
850.50,-87.10
850.60,-85.32
850.70,-86.91
850.80,-87.79
850.90,-87.87
851.00,-86.79
851.10,-85.61
851.20,-87.83
851.30,-87.03
851.40,-87.19
851.50,-86.27
851.60,-85.16
851.70,-86.56
851.80,-86.25
851.90,-86.87
852.00,-84.03
852.10,-85.06
852.20,-86.92
852.30,-87.92
852.40,-87.14
852.50,-86.21
852.60,-87.24
852.70,-87.15
852.80,-87.46
852.90,-87.47
853.00,-86.52
853.10,-87.55
853.20,-87.69
853.30,-87.83
853.40,-87.21
853.50,-86.63
853.60,-86.27
853.70,-86.58
853.80,-87.52
853.90,-88.25
854.00,-88.13
854.10,-89.31
854.20,-88.65
854.30,-87.32
854.40,-87.69
854.50,-87.31
854.60,-87.47
854.70,-87.62
854.80,-86.26
854.90,-86.11
855.00,-86.75
855.10,-86.09
855.20,-86.18
855.30,-87.52
855.40,-82.71
855.50,-82.18
855.60,-83.90
855.70,-87.07
855.80,-83.88
855.90,-84.77
856.00,-87.18
856.10,-86.92
856.20,-86.06
856.30,-87.81
856.40,-86.99
856.50,-87.10
856.60,-86.23
856.70,-87.72
856.80,-85.94
856.90,-87.64
857.00,-88.73
857.10,-86.53
857.20,-86.62
857.30,-86.25
857.40,-85.86
857.50,-87.89
857.60,-87.01
857.70,-85.37
857.80,-87.09
857.90,-86.60
858.00,-86.68
858.10,-86.70
858.20,-87.27
858.30,-85.93
858.40,-85.66
858.50,-86.68
858.60,-85.75
858.70,-85.79
858.80,-88.10
858.90,-86.45
859.00,-88.09
859.10,-82.93
859.20,-86.49
859.30,-86.54
859.40,-86.73
859.50,-86.43
859.60,-86.98
859.70,-86.14
859.80,-87.39
859.90,-87.20
860.00,-88.05
860.10,-85.17
860.20,-87.43
860.30,-86.17
860.40,-87.05
860.50,-87.41
860.60,-87.22
860.70,-86.69
860.80,-87.67
860.90,-86.17
861.00,-86.57
861.10,-86.48
861.20,-87.23
861.30,-86.92
861.40,-88.16
861.50,-85.79
861.60,-88.85
861.70,-86.59
861.80,-87.96
861.90,-85.74
862.00,-87.69
862.10,-87.29
862.20,-84.02
862.30,-86.01
862.40,-86.70
862.50,-87.10
862.60,-86.48
862.70,-85.59
862.80,-85.92
862.90,-86.54
863.00,-87.96
863.10,-85.59
863.20,-87.63
863.30,-86.70
863.40,-87.97
863.50,-88.71
863.60,-84.02
863.70,-87.45
863.80,-86.98
863.90,-86.34
864.00,-86.39
864.10,-85.96
864.20,-88.71
864.30,-88.45
864.40,-87.27
864.50,-88.31
864.60,-86.42
864.70,-86.43
864.80,-86.88
864.90,-86.33
865.00,-87.71
865.10,-88.61
865.20,-86.26
865.30,-88.51
865.40,-86.26
865.50,-86.68
865.60,-88.35
865.70,-84.20
865.80,-85.58
865.90,-86.47
866.00,-84.69
866.10,-88.24
866.20,-85.48
866.30,-87.64
866.40,-88.06
866.50,-86.16
866.60,-87.12
866.70,-85.08
866.80,-87.40
866.90,-86.79
867.00,-85.81
867.10,-87.34
867.20,-87.90
867.30,-85.79
867.40,-86.21
867.50,-86.84
867.60,-88.05
867.70,-87.71
867.80,-88.55
867.90,-87.12
868.00,-86.31
868.10,-86.29
868.20,-87.45
868.30,-85.72
868.40,-87.10
868.50,-87.19
868.60,-85.53
868.70,-85.46
868.80,-86.80
868.90,-87.33
869.00,-88.02
869.10,-86.78
869.20,-84.71
869.30,-88.13
869.40,-86.85
869.50,-87.90
869.60,-87.98
869.70,-85.80
869.80,-88.41
869.90,-88.00
870.00,-87.23
870.10,-87.27
870.20,-86.27
870.30,-84.54
870.40,-87.10
870.50,-87.52
870.60,-86.19
870.70,-86.68
870.80,-86.55
870.90,-86.16
871.00,-84.13
871.10,-87.32
871.20,-85.36
871.30,-86.60
871.40,-86.47
871.50,-87.16
871.60,-85.96
871.70,-85.43
871.80,-84.83
871.90,-83.09
872.00,-85.30
872.10,-85.99
872.20,-85.00
872.30,-83.39
872.40,-84.18
872.50,-79.23
872.60,-76.15
872.70,-80.20
872.80,-84.71
872.90,-87.11
873.00,-84.80
873.10,-86.20
873.20,-84.53
873.30,-86.14
873.40,-84.36
873.50,-84.78
873.60,-87.38
873.70,-87.78
873.80,-84.36
873.90,-87.11
874.00,-86.56
874.10,-86.16
874.20,-85.40
874.30,-86.42
874.40,-86.61
874.50,-86.05
874.60,-85.32
874.70,-85.39
874.80,-87.85
874.90,-87.25
875.00,-86.43
875.10,-88.07
875.20,-86.76
875.30,-85.90
875.40,-88.44
875.50,-86.08
875.60,-86.62
875.70,-86.74
875.80,-87.29
875.90,-85.35
876.00,-86.24
876.10,-85.51
876.20,-86.36
876.30,-86.53
876.40,-86.25
876.50,-85.87
876.60,-86.54
876.70,-87.89
876.80,-86.81
876.90,-87.03
877.00,-85.04
877.10,-87.13
877.20,-85.40
877.30,-85.17
877.40,-84.19
877.50,-86.90
877.60,-88.21
877.70,-85.60
877.80,-87.58
877.90,-84.15
878.00,-87.42
878.10,-87.21
878.20,-87.15
878.30,-86.25
878.40,-85.82
878.50,-84.61
878.60,-87.22
878.70,-85.28
878.80,-85.60
878.90,-85.54
879.00,-87.42
879.10,-86.25
879.20,-88.76
879.30,-86.50
879.40,-86.26
879.50,-88.23
879.60,-86.75
879.70,-86.27
879.80,-84.76
879.90,-84.16
880.00,-85.58
880.10,-86.81
880.20,-86.68
880.30,-85.58
880.40,-86.22
880.50,-85.30
880.60,-84.17
880.70,-81.42
880.80,-83.93
880.90,-83.09
881.00,-86.40
881.10,-85.29
881.20,-86.11
881.30,-85.00
881.40,-82.04
881.50,-85.39
881.60,-81.66
881.70,-84.27
881.80,-83.53
881.90,-82.93
882.00,-83.67
882.10,-85.47
882.20,-83.89
882.30,-84.69
882.40,-85.01
882.50,-84.56
882.60,-86.56
882.70,-84.48
882.80,-84.15
882.90,-84.27
883.00,-85.73
883.10,-83.72
883.20,-85.38
883.30,-83.49
883.40,-85.55
883.50,-86.13
883.60,-82.96
883.70,-83.94
883.80,-86.43
883.90,-85.96
884.00,-85.14
884.00,-80.28
884.03,-84.25
884.07,-82.75
884.10,-83.22
884.14,-82.23
884.17,-86.36
884.21,-82.77
884.24,-83.89
884.28,-84.46
884.31,-84.67
884.35,-85.19
884.38,-81.88
884.42,-86.23
884.45,-81.93
884.49,-86.17
884.52,-85.05
884.56,-85.72
884.59,-84.73
884.63,-84.62
884.66,-84.03
884.70,-86.86
884.73,-86.32
884.77,-85.42
884.80,-87.64
884.83,-87.01
884.87,-88.70
884.90,-86.63
884.94,-86.58
884.97,-85.40
885.01,-87.91
885.04,-88.82
885.08,-86.83
885.11,-87.61
885.15,-88.69
885.18,-87.00
885.22,-85.64
885.25,-86.40
885.29,-86.61
885.32,-84.83
885.36,-88.23
885.39,-86.86
885.43,-85.55
885.46,-85.17
885.50,-86.29
885.53,-82.13
885.57,-84.58
885.60,-84.17
885.63,-83.34
885.67,-84.66
885.70,-85.22
885.74,-85.58
885.77,-83.96
885.81,-86.40
885.84,-84.78
885.88,-86.02
885.91,-83.40
885.95,-84.01
885.98,-80.99
886.02,-85.92
886.05,-83.37
886.09,-83.80
886.12,-83.62
886.16,-83.59
886.19,-81.94
886.23,-85.06
886.26,-88.15
886.30,-86.48
886.33,-86.34
886.37,-88.01
886.40,-84.68
886.43,-86.48
886.47,-85.47
886.50,-84.90
886.54,-83.95
886.57,-88.26
886.61,-83.80
886.64,-81.25
886.68,-86.58
886.71,-85.97
886.75,-82.69
886.78,-87.92
886.82,-89.17
886.85,-86.34
886.89,-85.82
886.92,-87.22
886.96,-87.01
886.99,-88.16
887.03,-86.58
887.06,-87.96
887.10,-87.35
887.13,-85.33
887.17,-86.59
887.20,-82.80
887.23,-86.33
887.27,-86.78
887.30,-86.21
887.34,-86.26
887.37,-87.01
887.41,-86.12
887.44,-85.27
887.48,-84.50
887.51,-86.95
887.55,-89.17
887.58,-85.50
887.62,-85.55
887.65,-85.13
887.69,-86.31
887.72,-86.02
887.76,-85.81
887.79,-84.67
887.83,-84.79
887.86,-86.60
887.90,-83.42
887.93,-85.98
887.97,-86.70
888.00,-87.01
888.03,-84.50
888.07,-84.01
888.10,-85.91
888.14,-86.35
888.17,-85.69
888.21,-86.29
888.24,-84.41
888.28,-86.87
888.31,-83.61
888.35,-84.06
888.38,-83.84
888.42,-87.12
888.45,-83.16
888.49,-84.77
888.52,-86.18
888.56,-86.71
888.59,-85.38
888.63,-86.37
888.66,-87.09
888.70,-86.64
888.73,-87.23
888.77,-84.22
888.80,-86.63
888.83,-87.13
888.87,-87.08
888.90,-85.81
888.94,-87.12
888.97,-86.90
889.01,-87.01
889.04,-86.24
889.08,-87.68
889.11,-86.83
889.15,-85.97
889.18,-84.89
889.22,-85.42
889.25,-88.07
889.29,-87.44
889.32,-87.90
889.36,-87.27
889.39,-85.34
889.43,-87.60
889.46,-86.69
889.50,-85.20
889.53,-87.66
889.57,-86.81
889.60,-86.74
889.63,-86.96
889.67,-87.15
889.70,-86.66
889.74,-86.26
889.77,-84.97
889.81,-87.62
889.84,-85.80
889.88,-86.59
889.91,-85.52
889.95,-87.22
889.98,-86.21
890.02,-86.78
890.05,-85.96
890.09,-86.91
890.12,-88.30
890.16,-85.15
890.19,-88.71
890.23,-86.56
890.26,-88.12
890.30,-87.64
890.33,-88.64
890.37,-85.86
890.40,-86.82
890.43,-86.46
890.47,-85.94
890.50,-87.75
890.54,-84.95
890.57,-86.05
890.61,-86.92
890.64,-87.92
890.68,-86.02
890.71,-87.01
890.75,-87.71
890.78,-87.23
890.82,-85.82
890.85,-86.83
890.89,-85.12
890.92,-84.93
890.96,-85.15
890.99,-86.32
891.03,-85.73
891.06,-88.54
891.10,-85.05
891.13,-85.53
891.17,-86.27
891.20,-84.31
891.23,-85.84
891.27,-85.88
891.30,-85.93
891.34,-85.72
891.37,-87.12
891.41,-86.06
891.44,-87.09
891.48,-87.12
891.51,-86.99
891.55,-89.56
891.58,-87.03
891.62,-88.18
891.65,-87.10
891.69,-88.19
891.72,-85.63
891.76,-86.12
891.79,-86.19
891.83,-86.09
891.86,-85.79
891.90,-86.49
891.93,-84.32
891.97,-87.00
892.00,-87.22
892.03,-88.84
892.07,-88.33
892.10,-85.84
892.14,-88.14
892.17,-87.52
892.21,-86.74
892.24,-87.08
892.28,-87.90
892.31,-86.51
892.35,-87.19
892.38,-87.62
892.42,-86.66
892.45,-86.18
892.49,-86.61
892.52,-87.92
892.56,-86.31
892.59,-87.48
892.63,-86.28
892.66,-87.19
892.70,-86.95
892.73,-87.42
892.77,-86.32
892.80,-85.56
892.83,-86.45
892.87,-85.98
892.90,-86.25
892.94,-88.69
892.97,-87.91
893.01,-86.63
893.04,-86.68
893.08,-88.96
893.11,-88.27
893.15,-85.63
893.18,-88.14
893.22,-86.30
893.25,-87.66
893.29,-88.98
893.32,-87.10
893.36,-86.62
893.39,-88.37
893.43,-86.54
893.46,-84.63
893.50,-87.65
893.53,-87.91
893.57,-85.47
893.60,-87.96
893.63,-87.41
893.67,-87.35
893.70,-89.34
893.74,-86.57
893.77,-87.06
893.81,-88.00
893.84,-87.51
893.88,-85.81
893.91,-86.82
893.95,-85.30
893.98,-85.92
894.02,-85.85
894.05,-86.96
894.09,-87.12
894.12,-84.51
894.16,-86.48
894.19,-87.73
894.23,-87.08
894.26,-87.43
894.30,-85.07
894.33,-87.36
894.37,-85.83
894.40,-86.40
894.43,-87.39
894.47,-86.17
894.50,-87.59
894.54,-86.60
894.57,-87.91
894.61,-86.17
894.64,-85.80
894.68,-84.60
894.71,-87.51
894.75,-88.45
894.78,-85.72
894.82,-85.98
894.85,-86.21
894.89,-87.03
894.92,-86.00
894.96,-85.28
894.99,-86.43
895.03,-85.79
895.06,-87.24
895.10,-86.50
895.13,-84.58
895.17,-87.37
895.20,-86.34
895.23,-86.94
895.27,-88.34
895.30,-87.16
895.34,-87.24
895.37,-84.74
895.41,-82.92
895.44,-85.31
895.48,-87.15
895.51,-85.48
895.55,-85.97
895.58,-88.14
895.62,-87.03
895.65,-87.29
895.69,-83.40
895.72,-86.29
895.76,-88.73
895.79,-87.53
895.83,-86.67
895.86,-87.02
895.90,-86.27
895.93,-88.85
895.97,-86.35
896.00,-86.62
896.03,-86.05
896.07,-88.41
896.10,-88.34
896.14,-88.79
896.17,-88.23
896.21,-87.06
896.24,-87.07
896.28,-88.20
896.31,-85.86
896.35,-87.11
896.38,-86.13
896.42,-85.47
896.45,-87.33
896.49,-89.03
896.52,-87.23
896.56,-86.33
896.59,-87.12
896.63,-85.43
896.66,-89.98
896.70,-86.37
896.73,-86.10
896.77,-85.56
896.80,-87.55
896.83,-86.80
896.87,-86.80
896.90,-85.65
896.94,-85.62
896.97,-85.80
897.01,-87.47
897.04,-88.16
897.08,-88.19
897.11,-87.93
897.15,-86.94
897.18,-89.22
897.22,-85.22
897.25,-87.04
897.29,-87.93
897.32,-86.53
897.36,-86.25
897.39,-87.03
897.43,-87.11
897.46,-87.14
897.50,-86.83
897.53,-86.03
897.57,-87.78
897.60,-87.14
897.63,-89.75
897.67,-84.87
897.70,-88.38
897.74,-88.34
897.77,-87.23
897.81,-86.71
897.84,-86.83
897.88,-87.33
897.91,-87.07
897.95,-85.72
897.98,-85.71
898.02,-88.99
898.05,-87.73
898.09,-88.13
898.12,-88.42
898.16,-85.97
898.19,-87.52
898.23,-84.49
898.26,-87.84
898.30,-86.34
898.33,-86.43
898.37,-87.22
898.40,-89.33
898.43,-87.69
898.47,-87.26
898.50,-86.81
898.54,-85.01
898.57,-87.83
898.61,-86.68
898.64,-87.05
898.68,-86.11
898.71,-88.07
898.75,-87.38
898.78,-86.04
898.82,-87.91
898.85,-86.90
898.89,-86.47
898.92,-88.28
898.96,-87.92
898.99,-85.96
899.03,-87.63
899.06,-87.63
899.10,-85.10
899.13,-86.14
899.17,-87.82
899.20,-88.57
899.23,-85.54
899.27,-86.51
899.30,-87.41
899.34,-87.17
899.37,-87.25
899.41,-86.34
899.44,-89.71
899.48,-86.47
899.51,-87.04
899.55,-86.12
899.58,-87.33
899.62,-86.87
899.65,-87.61
899.69,-87.18
899.72,-86.21
899.76,-87.70
899.79,-86.73
899.83,-86.32
899.86,-87.32
899.90,-85.87
899.93,-85.63
899.97,-83.47
900.00,-86.32
900.00,-85.76
900.10,-82.20
900.20,-85.48
900.30,-86.94
900.40,-86.16
900.50,-87.52
900.60,-87.29
900.70,-88.07
900.80,-86.57
900.90,-86.22
901.00,-87.30
901.10,-86.92
901.20,-86.04
901.30,-84.89
901.40,-86.94
901.50,-85.94
901.60,-85.17
901.70,-86.20
901.80,-86.24
901.90,-85.83
902.00,-86.60
902.10,-87.64
902.20,-88.26
902.30,-86.74
902.40,-88.08
902.50,-85.70
902.60,-85.08
902.70,-87.15
902.80,-87.98
902.90,-88.38
903.00,-85.80
903.10,-84.13
903.20,-86.48
903.30,-87.55
903.40,-87.77
903.50,-87.49
903.60,-86.59
903.70,-84.83
903.80,-86.13
903.90,-86.96
904.00,-86.45
904.10,-86.16
904.20,-87.17
904.30,-86.58
904.40,-87.65
904.50,-85.42
904.60,-87.93
904.70,-83.06
904.80,-86.33
904.90,-88.89
905.00,-87.81
905.10,-85.35
905.20,-86.27
905.30,-86.61
905.40,-85.93
905.50,-87.13
905.60,-85.75
905.70,-87.00
905.80,-87.81
905.90,-86.08
906.00,-86.58
906.10,-85.68
906.20,-86.90
906.30,-87.00
906.40,-86.23
906.50,-87.48
906.60,-86.75
906.70,-86.81
906.80,-85.53
906.90,-86.86
907.00,-85.71
907.10,-85.75
907.20,-87.15
907.30,-85.87
907.40,-86.90
907.50,-87.85
907.60,-87.50
907.70,-85.60
907.80,-86.25
907.90,-87.10
908.00,-86.00
908.10,-88.29
908.20,-86.93
908.30,-86.67
908.40,-87.35
908.50,-85.62
908.60,-83.74
908.70,-85.19
908.80,-84.62
908.90,-87.73
909.00,-87.85
909.10,-86.82
909.20,-87.31
909.30,-86.31
909.40,-85.41
909.50,-84.86
909.60,-85.90
909.70,-85.16
909.80,-86.13
909.90,-87.81
910.00,-87.93
910.10,-86.08
910.20,-87.62
910.30,-84.31
910.40,-87.20
910.50,-86.43
910.60,-87.77
910.70,-86.17
910.80,-85.34
910.90,-87.53
911.00,-87.53
911.10,-86.51
911.20,-86.95
911.30,-86.54
911.40,-87.11
911.50,-87.64
911.60,-86.83
911.70,-86.63
911.80,-86.80
911.90,-85.67
912.00,-86.62
912.10,-86.43
912.20,-86.70
912.30,-86.38
912.40,-86.45
912.50,-85.35
912.60,-88.80
912.70,-87.33
912.80,-88.14
912.90,-85.60
913.00,-86.75
913.10,-87.28
913.20,-87.68
913.30,-88.65
913.40,-85.97
913.50,-87.07
913.60,-85.93
913.70,-87.65
913.80,-87.34
913.90,-88.24
914.00,-86.08
914.10,-88.31
914.20,-86.86
914.30,-83.27
914.40,-84.40
914.50,-86.72
914.60,-87.90
914.70,-87.45
914.80,-86.98
914.90,-86.61
915.00,-86.02
915.10,-87.22
915.20,-87.01
915.30,-87.56
915.40,-86.34
915.50,-84.89
915.60,-86.05
915.70,-86.67
915.80,-87.92
915.90,-84.93
916.00,-87.41
916.10,-86.00
916.20,-87.48
916.30,-87.42
916.40,-87.18
916.50,-87.23
916.60,-87.80
916.70,-85.39
916.80,-86.87
916.90,-88.29
917.00,-87.85
917.10,-86.74
917.20,-86.38
917.30,-86.11
917.40,-85.23
917.50,-87.91
917.60,-85.32
917.70,-84.22
917.80,-87.90
917.90,-86.01
918.00,-85.54
918.10,-86.94
918.20,-86.00
918.30,-85.38
918.40,-86.94
918.50,-86.53
918.60,-85.73
918.70,-84.96
918.80,-88.41
918.90,-86.00
919.00,-85.74
919.10,-87.93
919.20,-88.04
919.30,-87.31
919.40,-85.24
919.50,-87.43
919.60,-86.55
919.70,-87.69
919.80,-85.66
919.90,-86.06
920.00,-84.04
920.10,-86.15
920.20,-85.35
920.30,-87.86
920.40,-88.48
920.50,-84.13
920.60,-88.30
920.70,-85.83
920.80,-87.47
920.90,-86.17
921.00,-86.66
921.10,-88.45
921.20,-86.64
921.30,-85.21
921.40,-86.35
921.50,-87.76
921.60,-86.36
921.70,-87.24
921.80,-84.85
921.90,-85.23
922.00,-86.86
922.10,-86.71
922.20,-87.19
922.30,-85.49
922.40,-86.23
922.50,-86.25
922.60,-86.51
922.70,-85.29
922.80,-84.13
922.90,-86.88
923.00,-86.03
923.10,-86.04
923.20,-85.49
923.30,-85.18
923.40,-83.03
923.50,-84.35
923.60,-83.95
923.70,-82.97
923.80,-78.32
923.90,-69.02
924.00,-70.78
924.10,-80.33
924.20,-81.92
924.30,-83.78
924.40,-85.86
924.50,-86.17
924.60,-85.42
924.70,-87.42
924.80,-87.72
924.90,-85.83
925.00,-88.26
925.10,-85.48
925.20,-85.87
925.30,-86.63
925.40,-87.36
925.50,-88.00
925.60,-86.84
925.70,-87.16
925.80,-87.63
925.90,-87.26
926.00,-87.31
926.10,-86.90
926.20,-87.51
926.30,-86.20
926.40,-87.55
926.50,-86.21
926.60,-86.75
926.70,-86.78
926.80,-87.75
926.90,-87.51
927.00,-88.35
927.10,-87.13
927.20,-87.27
927.30,-87.37
927.40,-88.35
927.50,-88.04
927.60,-87.17
927.70,-87.65
927.80,-87.25
927.90,-86.98
928.00,-83.45
928.10,-86.20
928.20,-86.27
928.30,-87.53
928.40,-86.01
928.50,-85.91
928.60,-86.15
928.70,-85.27
928.80,-86.37
928.90,-86.44
929.00,-87.15
929.10,-86.20
929.20,-85.36
929.30,-87.56
929.40,-86.94
929.50,-87.72
929.60,-86.59
929.70,-87.44
929.80,-83.34
929.90,-86.40
930.00,-87.29
930.10,-86.96
930.20,-84.61
930.30,-87.44
930.40,-86.04
930.50,-83.57
930.60,-86.72
930.70,-87.22
930.80,-85.75
930.90,-84.67
931.00,-85.73
931.10,-86.45
931.20,-86.42
931.30,-85.14
931.40,-87.66
931.50,-86.59
931.60,-87.35
931.70,-85.74
931.80,-86.78
931.90,-87.61
932.00,-86.11
932.10,-86.79
932.20,-83.62
932.30,-88.33
932.40,-88.07
932.50,-87.91
932.60,-87.87
932.70,-87.03
932.80,-88.00
932.90,-88.60
933.00,-87.89
933.10,-86.54
933.20,-88.45
933.30,-86.80
933.40,-86.23
933.50,-85.84
933.60,-87.11
933.70,-87.67
933.80,-88.05
933.90,-85.15
934.00,-87.63
934.10,-88.11
934.20,-87.03
934.30,-87.81
934.40,-86.24
934.50,-89.13
934.60,-86.58
934.70,-87.10
934.80,-86.60
934.90,-87.09
935.00,-84.80
935.10,-88.53
935.20,-87.11
935.30,-85.93
935.40,-87.89
935.50,-86.55
935.60,-85.35
935.70,-86.11
935.80,-88.28
935.90,-87.26
936.00,-84.23
936.10,-88.32
936.20,-88.42
936.30,-86.92
936.40,-88.73
936.50,-86.93
936.60,-85.48
936.70,-88.94
936.80,-87.66
936.90,-85.14
937.00,-86.51
937.10,-87.31
937.20,-88.08
937.30,-87.20
937.40,-88.46
937.50,-84.89
937.60,-86.74
937.70,-87.21
937.80,-88.48
937.90,-86.34
938.00,-86.10
938.10,-88.09
938.20,-87.83
938.30,-87.72
938.40,-85.45
938.50,-85.52
938.60,-86.45
938.70,-87.59
938.80,-86.67
938.90,-85.44
939.00,-87.63
939.10,-85.22
939.20,-86.73
939.30,-86.49
939.40,-88.16
939.50,-87.50
939.60,-88.39
939.70,-86.66
939.80,-86.73
939.90,-86.80
940.00,-88.02
940.10,-86.24
940.20,-87.51
940.30,-87.86
940.40,-85.95
940.50,-87.60
940.60,-85.10
940.70,-86.02
940.80,-87.17
940.90,-88.64
941.00,-85.98
941.10,-87.71
941.20,-87.38
941.30,-87.63
941.40,-88.64
941.50,-88.65
941.60,-87.50
941.70,-87.19
941.80,-84.79
941.90,-86.51
942.00,-87.02
942.10,-86.36
942.20,-84.80
942.30,-87.80
942.40,-87.11
942.50,-87.07
942.60,-86.12
942.70,-88.42
942.80,-86.90
942.90,-85.90
943.00,-86.51
943.10,-87.27
943.20,-86.96
943.30,-88.51
943.40,-84.85
943.50,-87.33
943.60,-87.13
943.70,-86.25
943.80,-87.74
943.90,-87.10
944.00,-87.44
944.10,-85.88
944.20,-84.67
944.30,-87.78
944.40,-86.27
944.50,-86.57
944.60,-87.27
944.70,-86.66
944.80,-87.63
944.90,-87.55
945.00,-84.90
945.10,-88.08
945.20,-88.58
945.30,-88.36
945.40,-86.18
945.50,-88.76
945.60,-88.58
945.70,-86.82
945.80,-86.52
945.90,-87.73
946.00,-85.06
946.00,-85.32
946.10,-88.01
946.20,-86.58
946.30,-87.98
946.40,-88.71
946.50,-85.50
946.60,-87.79
946.70,-87.62
946.80,-86.10
946.90,-86.63
947.00,-88.28
947.10,-87.01
947.20,-85.16
947.30,-87.82
947.40,-86.57
947.50,-87.55
947.60,-88.27
947.70,-87.60
947.80,-87.81
947.90,-86.09
948.00,-88.03
948.10,-87.81
948.20,-87.47
948.30,-87.86
948.40,-87.45
948.50,-86.05
948.60,-87.36
948.70,-88.52
948.80,-88.79
948.90,-87.09
949.00,-86.63
949.10,-88.62
949.20,-85.09
949.30,-87.57
949.40,-88.11
949.50,-87.25
949.60,-86.13
949.70,-87.95
949.80,-86.68
949.90,-86.21
950.00,-86.80
950.10,-86.22
950.20,-87.45
950.30,-86.16
950.40,-85.66
950.50,-88.10
950.60,-87.46
950.70,-87.70
950.80,-87.50
950.90,-85.41
951.00,-88.11
951.10,-86.36
951.20,-87.29
951.30,-87.23
951.40,-87.23
951.50,-88.98
951.60,-88.86
951.70,-87.37
951.80,-87.80
951.90,-87.81
952.00,-86.86
952.10,-87.31
952.20,-85.23
952.30,-86.77
952.40,-86.28
952.50,-85.63
952.60,-84.96
952.70,-87.27
952.80,-89.22
952.90,-86.21
953.00,-88.16
953.10,-85.95
953.20,-84.30
953.30,-87.25
953.40,-88.97
953.50,-84.80
953.60,-85.75
953.70,-87.43
953.80,-87.16
953.90,-86.06
954.00,-86.47
954.10,-87.04
954.20,-87.24
954.30,-87.32
954.40,-86.88
954.50,-86.74
954.60,-88.77
954.70,-88.99
954.80,-88.17
954.90,-87.31
955.00,-87.10
955.10,-86.29
955.20,-87.22
955.30,-88.63
955.40,-88.75
955.50,-86.69
955.60,-86.62
955.70,-86.55
955.80,-87.91
955.90,-85.48
956.00,-86.31
956.10,-87.69
956.20,-87.26
956.30,-87.20
956.40,-87.32
956.50,-86.05
956.60,-86.31
956.70,-88.78
956.80,-86.86
956.90,-86.39
957.00,-85.77
957.10,-88.45
957.20,-86.42
957.30,-86.38
957.40,-86.67
957.50,-89.69
957.60,-86.73
957.70,-86.49
957.80,-88.63
957.90,-86.19
958.00,-87.72
958.10,-88.11
958.20,-87.03
958.30,-89.10
958.40,-87.65
958.50,-86.39
958.60,-87.34
958.70,-86.46
958.80,-87.52
958.90,-88.89
959.00,-88.33
959.10,-88.74
959.20,-88.14
959.30,-87.84
959.40,-88.63
959.50,-87.40
959.60,-88.07
959.70,-86.90
959.80,-87.82
959.90,-85.75
960.00,-87.04
960.10,-87.59
960.20,-86.70
960.30,-85.35
960.40,-87.70
960.50,-85.12
960.60,-86.51
960.70,-88.70
960.80,-85.57
960.90,-88.03
961.00,-88.03
961.10,-87.80
961.20,-86.75
961.30,-87.02
961.40,-85.20
961.50,-86.12
961.60,-88.36
961.70,-87.80
961.80,-88.04
961.90,-86.86
962.00,-87.19
962.10,-84.96
962.20,-85.80
962.30,-85.91
962.40,-85.62
962.50,-87.27
962.60,-84.24
962.70,-87.75
962.80,-86.48
962.90,-87.37
963.00,-86.28
963.10,-86.32
963.20,-85.42
963.30,-86.35
963.40,-85.07
963.50,-86.47
963.60,-86.08
963.70,-89.07
963.80,-87.72
963.90,-85.95
964.00,-87.96
964.10,-86.83
964.20,-86.92
964.30,-86.07
964.40,-86.71
964.50,-87.33
964.60,-86.95
964.70,-87.85
964.80,-87.24
964.90,-86.92
965.00,-86.96
965.10,-85.79
965.20,-86.54
965.30,-86.06
965.40,-89.06
965.50,-87.91
965.60,-86.56
965.70,-85.73
965.80,-87.12
965.90,-88.70
966.00,-86.64
966.10,-85.69
966.20,-87.66
966.30,-87.76
966.40,-87.73
966.50,-87.62
966.60,-86.15
966.70,-87.58
966.80,-87.68
966.90,-86.31
967.00,-86.38
967.10,-84.61
967.20,-86.07
967.30,-85.84
967.40,-87.51
967.50,-87.89
967.60,-88.51
967.70,-88.05
967.80,-86.49
967.90,-87.19
968.00,-86.50
968.10,-86.11
968.20,-86.87
968.30,-86.76
968.40,-89.04
968.50,-85.87
968.60,-86.44
968.70,-85.94
968.80,-86.38
968.90,-85.74
969.00,-88.94
969.10,-86.37
969.20,-87.68
969.30,-88.52
969.40,-86.51
969.50,-85.86
969.60,-86.30
969.70,-87.40
969.80,-86.19
969.90,-86.96
970.00,-87.22
970.10,-87.99
970.20,-88.24
970.30,-88.17
970.40,-88.02
970.50,-87.60
970.60,-87.21
970.70,-88.41
970.80,-86.20
970.90,-89.17
971.00,-86.97
971.10,-90.29
971.20,-89.36
971.30,-87.66
971.40,-87.00
971.50,-87.17
971.60,-85.41
971.70,-85.75
971.80,-88.80
971.90,-87.90
972.00,-88.57
972.10,-88.86
972.20,-88.56
972.30,-88.49
972.40,-87.48
972.50,-86.99
972.60,-85.57
972.70,-88.22
972.80,-87.67
972.90,-85.80
973.00,-87.27
973.10,-87.98
973.20,-86.85
973.30,-86.98
973.40,-86.32
973.50,-86.03
973.60,-88.38
973.70,-86.29
973.80,-87.87
973.90,-86.85
974.00,-85.17
974.10,-87.40
974.20,-86.55
974.30,-87.02
974.40,-88.15
974.50,-87.41
974.60,-87.29
974.70,-87.87
974.80,-84.20
974.90,-87.47
975.00,-87.84
975.10,-88.12
975.20,-81.77
975.30,-84.70
975.40,-86.77
975.50,-87.32
975.60,-87.12
975.70,-87.30
975.80,-85.21
975.90,-87.66
976.00,-86.73
976.10,-87.28
976.20,-85.79
976.30,-85.87
976.40,-88.04
976.50,-87.25
976.60,-87.47
976.70,-87.84
976.80,-87.43
976.90,-86.31
977.00,-86.88
977.10,-88.38
977.20,-85.26
977.30,-87.28
977.40,-87.41
977.50,-86.57
977.60,-86.68
977.70,-86.74
977.80,-88.01
977.90,-88.01
978.00,-87.65
978.10,-87.06
978.20,-87.87
978.30,-85.47
978.40,-87.49
978.50,-88.43
978.60,-89.38
978.70,-86.50
978.80,-86.64
978.90,-88.65
979.00,-87.49
979.10,-85.95
979.20,-86.06
979.30,-88.16
979.40,-87.79
979.50,-87.89
979.60,-89.26
979.70,-87.02
979.80,-87.48
979.90,-86.38
980.00,-85.47
980.10,-86.04
980.20,-86.93
980.30,-87.73
980.40,-87.32
980.50,-87.78
980.60,-86.50
980.70,-87.66
980.80,-86.94
980.90,-87.52
981.00,-88.63
981.10,-87.78
981.20,-85.54
981.30,-85.87
981.40,-87.08
981.50,-86.57
981.60,-86.84
981.70,-84.79
981.80,-87.36
981.90,-86.11
982.00,-87.32
982.10,-87.45
982.20,-86.10
982.30,-87.32
982.40,-88.81
982.50,-85.48
982.60,-87.32
982.70,-85.72
982.80,-88.43
982.90,-88.99
983.00,-88.78
983.10,-87.18
983.20,-87.33
983.30,-85.89
983.40,-84.97
983.50,-86.93
983.60,-84.19
983.70,-87.90
983.80,-85.63
983.90,-85.62
984.00,-89.08
984.10,-86.38
984.20,-87.37
984.30,-85.85
984.40,-87.75
984.50,-87.44
984.60,-87.59
984.70,-86.16
984.80,-86.73
984.90,-88.95
985.00,-87.17
985.10,-84.52
985.20,-87.51
985.30,-86.84
985.40,-88.48
985.50,-87.57
985.60,-86.68
985.70,-87.19
985.80,-86.84
985.90,-87.14
986.00,-87.24
986.10,-87.87
986.20,-87.45
986.30,-87.02
986.40,-86.76
986.50,-87.58
986.60,-87.96
986.70,-86.57
986.80,-87.81
986.90,-86.16
987.00,-86.55
987.10,-87.75
987.20,-87.40
987.30,-86.76
987.40,-86.10
987.50,-88.02
987.60,-88.09
987.70,-87.34
987.80,-87.60
987.90,-89.40
988.00,-87.51
988.10,-84.66
988.20,-87.12
988.30,-88.83
988.40,-88.20
988.50,-86.99
988.60,-87.07
988.70,-85.79
988.80,-86.84
988.90,-86.19
989.00,-87.59
989.10,-87.77
989.20,-87.64
989.30,-86.86
989.40,-86.57
989.50,-85.09
989.60,-86.49
989.70,-87.50
989.80,-86.93
989.90,-87.61
990.00,-87.78
990.10,-85.84
990.20,-86.62
990.30,-87.76
990.40,-86.89
990.50,-86.45
990.60,-86.59
990.70,-88.28
990.80,-87.89
990.90,-86.02
991.00,-86.87
991.10,-87.52
991.20,-86.64
991.30,-87.42
991.40,-87.59
991.50,-88.10
991.60,-87.20
991.70,-85.40
991.80,-87.62
991.90,-86.23
992.00,-86.23
992.00,-86.59
992.10,-85.98
992.20,-84.82
992.30,-80.53
992.40,-79.50
992.50,-83.91
992.60,-85.47
992.70,-86.38
992.80,-87.11
992.90,-86.12
993.00,-88.27
993.10,-87.50
993.20,-87.00
993.30,-88.97
993.40,-86.31
993.50,-86.74
993.60,-86.84
993.70,-86.29
993.80,-86.96
993.90,-85.20
994.00,-87.28
994.10,-86.25
994.20,-86.37
994.30,-87.95
994.40,-86.40
994.50,-87.18
994.60,-86.88
994.70,-86.17
994.80,-87.15
994.90,-88.06
995.00,-87.13
995.10,-88.52
995.20,-87.85
995.30,-86.82
995.40,-86.95
995.50,-86.36
995.60,-88.16
995.70,-88.74
995.80,-86.61
995.90,-88.37
996.00,-86.31
996.10,-89.09
996.20,-88.02
996.30,-86.68
996.40,-86.60
996.50,-87.96
996.60,-86.64
996.70,-86.28
996.80,-86.46
996.90,-86.72
997.00,-87.22
997.10,-88.84
997.20,-86.47
997.30,-87.93
997.40,-87.94
997.50,-87.38
997.60,-86.96
997.70,-88.48
997.80,-84.86
997.90,-85.18
998.00,-85.38
998.10,-87.27
998.20,-85.56
998.30,-87.06
998.40,-86.13
998.50,-85.37
998.60,-86.94
998.70,-88.02
998.80,-86.11
998.90,-84.72
999.00,-85.07
999.10,-86.97
999.20,-87.79
999.30,-88.27
999.40,-85.43
999.50,-86.07
999.60,-88.35
999.70,-85.15
999.80,-86.90
999.90,-85.61
1000.00,-83.01
1000.10,-83.32
1000.20,-85.06
1000.30,-86.51
1000.40,-86.30
1000.50,-86.27
1000.60,-85.82
1000.70,-88.36
1000.80,-87.38
1000.90,-87.66
1001.00,-88.91
1001.10,-87.85
1001.20,-88.27
1001.30,-87.33
1001.40,-86.66
1001.50,-86.87
1001.60,-87.07
1001.70,-85.20
1001.80,-88.20
1001.90,-87.13
1002.00,-86.74
1002.10,-87.59
1002.20,-87.62
1002.30,-86.16
1002.40,-89.04
1002.50,-86.80
1002.60,-85.43
1002.70,-87.96
1002.80,-86.78
1002.90,-87.65
1003.00,-88.59
1003.10,-87.06
1003.20,-87.82
1003.30,-87.53
1003.40,-88.19
1003.50,-86.13
1003.60,-87.58
1003.70,-86.27
1003.80,-87.74
1003.90,-88.39
1004.00,-87.29
1004.10,-85.78
1004.20,-83.97
1004.30,-87.53
1004.40,-87.34
1004.50,-85.94
1004.60,-86.93
1004.70,-86.39
1004.80,-88.09
1004.90,-84.80
1005.00,-87.51
1005.10,-89.13
1005.20,-87.91
1005.30,-87.86
1005.40,-85.68
1005.50,-86.23
1005.60,-87.00
1005.70,-88.21
1005.80,-85.49
1005.90,-87.47
1006.00,-87.32
1006.10,-88.02
1006.20,-86.39
1006.30,-85.55
1006.40,-88.74
1006.50,-89.25
1006.60,-84.55
1006.70,-85.58
1006.80,-87.44
1006.90,-88.31
1007.00,-87.34
1007.10,-86.08
1007.20,-87.23
1007.30,-86.98
1007.40,-86.76
1007.50,-87.46
1007.60,-85.59
1007.70,-87.68
1007.80,-86.25
1007.90,-85.25
1008.00,-84.28
1008.10,-87.89
1008.20,-87.22
1008.30,-87.07
1008.40,-88.47
1008.50,-86.16
1008.60,-85.47
1008.70,-88.98
1008.80,-87.40
1008.90,-85.72
1009.00,-85.91
1009.10,-85.37
1009.20,-87.38
1009.30,-80.61
1009.40,-80.62
1009.50,-78.43
1009.60,-84.21
1009.70,-86.25
1009.80,-85.75
1009.90,-86.60
1010.00,-88.09
1010.10,-87.95
1010.20,-85.63
1010.30,-87.17
1010.40,-87.73
1010.50,-87.81
1010.60,-85.71
1010.70,-86.09
1010.80,-86.23
1010.90,-87.80
1011.00,-86.07
1011.10,-87.02
1011.20,-87.89
1011.30,-86.74
1011.40,-85.52
1011.50,-86.52
1011.60,-86.54
1011.70,-87.98
1011.80,-87.26
1011.90,-86.86
1012.00,-86.59
1012.10,-88.66
1012.20,-87.10
1012.30,-86.76
1012.40,-86.11
1012.50,-87.53
1012.60,-88.73
1012.70,-85.27
1012.80,-88.69
1012.90,-86.26
1013.00,-86.05
1013.10,-87.14
1013.20,-85.77
1013.30,-87.36
1013.40,-86.60
1013.50,-88.46
1013.60,-87.21
1013.70,-86.68
1013.80,-85.65
1013.90,-87.48
1014.00,-86.22
1014.10,-87.79
1014.20,-86.73
1014.30,-87.51
1014.40,-86.80
1014.50,-87.08
1014.60,-87.79
1014.70,-86.70
1014.80,-87.63
1014.90,-86.62
1015.00,-85.71
1015.10,-87.55
1015.20,-88.38
1015.30,-87.41
1015.40,-86.43
1015.50,-86.69
1015.60,-87.85
1015.70,-86.51
1015.80,-85.93
1015.90,-87.36
1016.00,-86.77
1016.10,-86.99
1016.20,-87.12
1016.30,-78.28
1016.40,-85.62
1016.50,-86.36
1016.60,-88.16
1016.70,-86.57
1016.80,-88.38
1016.90,-88.00
1017.00,-87.33
1017.10,-87.87
1017.20,-86.91
1017.30,-88.83
1017.40,-86.98
1017.50,-87.85
1017.60,-86.76
1017.70,-87.65
1017.80,-88.15
1017.90,-84.44
1018.00,-86.91
1018.10,-88.65
1018.20,-88.32
1018.30,-87.54
1018.40,-85.75
1018.50,-87.85
1018.60,-88.48
1018.70,-87.91
1018.80,-86.57
1018.90,-85.10
1019.00,-87.80
1019.10,-85.03
1019.20,-88.96
1019.30,-86.81
1019.40,-84.68
1019.50,-86.97
1019.60,-85.38
1019.70,-87.02
1019.80,-86.35
1019.90,-85.19
1020.00,-87.55
1020.10,-87.46
1020.20,-87.83
1020.30,-87.75
1020.40,-84.33
1020.50,-87.25
1020.60,-88.71
1020.70,-87.32
1020.80,-86.50
1020.90,-86.87
1021.00,-86.11
1021.10,-85.57
1021.20,-85.28
1021.30,-87.37
1021.40,-87.33
1021.50,-85.64
1021.60,-87.42
1021.70,-88.98
1021.80,-89.10
1021.90,-88.51
1022.00,-87.14
1022.10,-87.32
1022.20,-88.82
1022.30,-87.51
1022.40,-87.49
1022.50,-85.92
1022.60,-87.09
1022.70,-86.79
1022.80,-89.13
1022.90,-88.02
1023.00,-86.95
1023.10,-88.98
1023.20,-88.59
1023.30,-86.70
1023.40,-87.84
1023.50,-86.96
1023.60,-87.65
1023.70,-85.90
1023.80,-87.13
1023.90,-87.33
1024.00,-87.36
1024.10,-87.06
1024.20,-87.30
1024.30,-86.71
1024.40,-86.76
1024.50,-86.54
1024.60,-86.88
1024.70,-85.57
1024.80,-87.28
1024.90,-85.94
1025.00,-88.09
1025.10,-86.65
1025.20,-84.83
1025.30,-87.09
1025.40,-86.72
1025.50,-85.66
1025.60,-85.66
1025.70,-86.66
1025.80,-85.58
1025.90,-87.23
1026.00,-88.48
1026.10,-86.11
1026.20,-85.76
1026.30,-86.62
1026.40,-84.65
1026.50,-81.18
1026.60,-78.90
1026.70,-81.58
1026.80,-84.80
1026.90,-83.78
1027.00,-87.14
1027.10,-87.23
1027.20,-88.29
1027.30,-88.09
1027.40,-83.75
1027.50,-86.91
1027.60,-87.74
1027.70,-86.28
1027.80,-87.53
1027.90,-87.43
1028.00,-86.50
1028.10,-86.97
1028.20,-88.07
1028.30,-87.36
1028.40,-87.90
1028.50,-86.36
1028.60,-86.71
1028.70,-87.62
1028.80,-85.05
1028.90,-87.22
1029.00,-85.60
1029.10,-86.68
1029.20,-85.93
1029.30,-87.17
1029.40,-86.73
1029.50,-88.02
1029.60,-86.52
1029.70,-87.84
1029.80,-85.96
1029.90,-87.20
1030.00,-87.85
1030.10,-87.07
1030.20,-85.40
1030.30,-86.76
1030.40,-85.04
1030.50,-87.33
1030.60,-86.82
1030.70,-85.94
1030.80,-85.12
1030.90,-87.38
1031.00,-88.00
1031.10,-85.04
1031.20,-85.94
1031.30,-87.94
1031.40,-87.68
1031.50,-86.02
1031.60,-87.10
1031.70,-85.00
1031.80,-86.38
1031.90,-87.27
1032.00,-87.21
1032.10,-87.38
1032.20,-87.14
1032.30,-86.65
1032.40,-86.78
1032.50,-86.08
1032.60,-86.84
1032.70,-88.52
1032.80,-85.58
1032.90,-86.43
1033.00,-87.45
1033.10,-87.51
1033.20,-87.34
1033.30,-86.15
1033.40,-87.87
1033.50,-88.61
1033.60,-85.55
1033.70,-86.55
1033.80,-87.32
1033.90,-85.65
1034.00,-87.67
1034.10,-88.52
1034.20,-87.78
1034.30,-87.02
1034.40,-85.22
1034.50,-86.99
1034.60,-86.46
1034.70,-86.67
1034.80,-86.60
1034.90,-86.90
1035.00,-87.66
1035.10,-86.64
1035.20,-86.78
1035.30,-87.47
1035.40,-87.59
1035.50,-86.55
1035.60,-89.02
1035.70,-87.78
1035.80,-85.20
1035.90,-86.16
1036.00,-85.52
1036.10,-85.20
1036.20,-86.92
1036.30,-87.26
1036.40,-85.99
1036.50,-85.29
1036.60,-85.61
1036.70,-87.68
1036.80,-85.78
1036.90,-86.97
1037.00,-86.72
1037.10,-85.44
1037.20,-84.09
1037.30,-86.95
1037.40,-86.44
1037.50,-86.15
1037.60,-86.56
1037.70,-87.50
1037.80,-87.27
1037.90,-86.05
1038.00,-86.21
1038.00,-86.45
1038.10,-87.87
1038.20,-87.67
1038.30,-87.10
1038.40,-85.82
1038.50,-87.18
1038.60,-86.81
1038.70,-86.94
1038.80,-87.65
1038.90,-86.75
1039.00,-86.42
1039.10,-86.11
1039.20,-83.25
1039.30,-87.48
1039.40,-85.27
1039.50,-85.85
1039.60,-85.12
1039.70,-88.42
1039.80,-86.87
1039.90,-87.55
1040.00,-86.68
1040.10,-87.03
1040.20,-88.55
1040.30,-88.14
1040.40,-86.70
1040.50,-87.54
1040.60,-85.50
1040.70,-87.73
1040.80,-89.19
1040.90,-86.46
1041.00,-86.33
1041.10,-86.92
1041.20,-88.73
1041.30,-86.07
1041.40,-88.05
1041.50,-87.24
1041.60,-87.40
1041.70,-85.65
1041.80,-87.97
1041.90,-88.18
1042.00,-86.38
1042.10,-87.27
1042.20,-88.87
1042.30,-86.18
1042.40,-86.26
1042.50,-86.14
1042.60,-87.71
1042.70,-86.95
1042.80,-87.27
1042.90,-86.24
1043.00,-85.01
1043.10,-87.33
1043.20,-88.12
1043.30,-85.29
1043.40,-85.33
1043.50,-86.37
1043.60,-88.15
1043.70,-86.05
1043.80,-88.38
1043.90,-84.30
1044.00,-88.00
1044.10,-88.59
1044.20,-85.71
1044.30,-87.61
1044.40,-88.57
1044.50,-87.27
1044.60,-87.65
1044.70,-87.70
1044.80,-86.31
1044.90,-86.54
1045.00,-87.53
1045.10,-86.26
1045.20,-85.03
1045.30,-85.09
1045.40,-87.75
1045.50,-87.41
1045.60,-86.53
1045.70,-84.21
1045.80,-88.87
1045.90,-87.70
1046.00,-87.11
1046.10,-86.61
1046.20,-86.82
1046.30,-87.34
1046.40,-85.98
1046.50,-86.14
1046.60,-88.30
1046.70,-84.20
1046.80,-87.53
1046.90,-87.95
1047.00,-87.63
1047.10,-87.19
1047.20,-87.07
1047.30,-87.87
1047.40,-86.74
1047.50,-87.87
1047.60,-88.64
1047.70,-87.29
1047.80,-87.13
1047.90,-86.30
1048.00,-86.25
1048.10,-86.59
1048.20,-87.79
1048.30,-86.68
1048.40,-85.28
1048.50,-85.97
1048.60,-85.33
1048.70,-86.84
1048.80,-86.96
1048.90,-84.74
1049.00,-86.88
1049.10,-86.55
1049.20,-86.43
1049.30,-87.14
1049.40,-88.60
1049.50,-88.75
1049.60,-85.49
1049.70,-84.55
1049.80,-88.81
1049.90,-87.49
1050.00,-87.24
1050.10,-87.79
1050.20,-87.95
1050.30,-86.20
1050.40,-87.43
1050.50,-87.52
1050.60,-87.42
1050.70,-87.62
1050.80,-86.54
1050.90,-87.25
1051.00,-86.79
1051.10,-88.09
1051.20,-88.13
1051.30,-87.11
1051.40,-87.19
1051.50,-87.52
1051.60,-86.45
1051.70,-89.07
1051.80,-87.05
1051.90,-88.96
1052.00,-86.68
1052.10,-87.67
1052.20,-86.49
1052.30,-86.57
1052.40,-86.66
1052.50,-87.61
1052.60,-87.72
1052.70,-86.72
1052.80,-85.25
1052.90,-85.70
1053.00,-86.85
1053.10,-86.03
1053.20,-85.67
1053.30,-87.10
1053.40,-89.78
1053.50,-86.88
1053.60,-86.89
1053.70,-86.58
1053.80,-88.75
1053.90,-86.69
1054.00,-87.70
1054.10,-86.46
1054.20,-86.20
1054.30,-85.49
1054.40,-86.00
1054.50,-84.89
1054.60,-85.17
1054.70,-87.16
1054.80,-88.28
1054.90,-84.98
1055.00,-86.16
1055.10,-87.32
1055.20,-87.69
1055.30,-86.92
1055.40,-86.38
1055.50,-88.88
1055.60,-87.79
1055.70,-86.31
1055.80,-86.97
1055.90,-85.58
1056.00,-86.03
1056.10,-88.17
1056.20,-87.39
1056.30,-86.28
1056.40,-86.99
1056.50,-88.16
1056.60,-86.30
1056.70,-88.83
1056.80,-87.96
1056.90,-86.12
1057.00,-88.67
1057.10,-87.89
1057.20,-85.83
1057.30,-87.79
1057.40,-88.61
1057.50,-85.63
1057.60,-86.74
1057.70,-85.46
1057.80,-86.59
1057.90,-86.46
1058.00,-88.23
1058.10,-86.33
1058.20,-86.41
1058.30,-87.45
1058.40,-86.28
1058.50,-84.09
1058.60,-85.43
1058.70,-85.06
1058.80,-87.65
1058.90,-88.43
1059.00,-86.05
1059.10,-85.35
1059.20,-87.61
1059.30,-87.93
1059.40,-86.40
1059.50,-86.42
1059.60,-86.04
1059.70,-86.93
1059.80,-86.96
1059.90,-86.72
1060.00,-87.07
1060.10,-86.54
1060.20,-87.16
1060.30,-86.99
1060.40,-87.29
1060.50,-87.75
1060.60,-86.97
1060.70,-88.08
1060.80,-86.57
1060.90,-85.39
1061.00,-86.68
1061.10,-88.02
1061.20,-84.64
1061.30,-86.69
1061.40,-86.09
1061.50,-88.96
1061.60,-85.45
1061.70,-86.34
1061.80,-88.75
1061.90,-87.86
1062.00,-87.65
1062.10,-84.77
1062.20,-86.48
1062.30,-85.83
1062.40,-87.34
1062.50,-87.91
1062.60,-86.72
1062.70,-86.05
1062.80,-88.05
1062.90,-88.12
1063.00,-86.12
1063.10,-86.60
1063.20,-86.43
1063.30,-83.28
1063.40,-86.52
1063.50,-85.33
1063.60,-87.90
1063.70,-88.73
1063.80,-87.84
1063.90,-84.13
1064.00,-87.67
1064.10,-84.85
1064.20,-86.71
1064.30,-86.20
1064.40,-85.50
1064.50,-87.51
1064.60,-85.86
1064.70,-86.05
1064.80,-87.35
1064.90,-86.73
1065.00,-87.81
1065.10,-85.89
1065.20,-86.38
1065.30,-87.92
1065.40,-84.60
1065.50,-88.36
1065.60,-88.64
1065.70,-85.75
1065.80,-85.44
1065.90,-86.74
1066.00,-87.40
1066.10,-86.96
1066.20,-86.68
1066.30,-86.98
1066.40,-84.62
1066.50,-87.77
1066.60,-85.83
1066.70,-86.56
1066.80,-87.56
1066.90,-87.88
1067.00,-85.74
1067.10,-86.92
1067.20,-87.03
1067.30,-85.02
1067.40,-87.74
1067.50,-84.44
1067.60,-86.52
1067.70,-86.14
1067.80,-86.67
1067.90,-87.29
1068.00,-85.38
1068.10,-85.40
1068.20,-86.83
1068.30,-89.73
1068.40,-87.98
1068.50,-87.56
1068.60,-85.90
1068.70,-86.00
1068.80,-86.33
1068.90,-88.98
1069.00,-85.50
1069.10,-86.03
1069.20,-86.65
1069.30,-87.31
1069.40,-87.10
1069.50,-86.54
1069.60,-86.53
1069.70,-86.07
1069.80,-87.21
1069.90,-85.88
1070.00,-84.39
1070.10,-87.31
1070.20,-86.95
1070.30,-86.90
1070.40,-86.80
1070.50,-85.59
1070.60,-88.29
1070.70,-86.78
1070.80,-88.24
1070.90,-88.15
1071.00,-87.09
1071.10,-85.91
1071.20,-88.42
1071.30,-87.34
1071.40,-85.15
1071.50,-86.25
1071.60,-85.90
1071.70,-86.54
1071.80,-87.56
1071.90,-85.88
1072.00,-85.88
1072.10,-87.37
1072.20,-86.13
1072.30,-87.49
1072.40,-86.38
1072.50,-83.82
1072.60,-85.26
1072.70,-86.61
1072.80,-86.39
1072.90,-85.06
1073.00,-85.67
1073.10,-87.61
1073.20,-85.91
1073.30,-86.80
1073.40,-84.89
1073.50,-86.94
1073.60,-87.06
1073.70,-86.69
1073.80,-87.31
1073.90,-84.64
1074.00,-86.83
1074.10,-86.68
1074.20,-87.71
1074.30,-85.75
1074.40,-88.20
1074.50,-87.93
1074.60,-85.55
1074.70,-86.52
1074.80,-85.72
1074.90,-88.21
1075.00,-87.14
1075.10,-87.08
1075.20,-87.24
1075.30,-88.08
1075.40,-86.70
1075.50,-87.82
1075.60,-86.71
1075.70,-87.18
1075.80,-86.58
1075.90,-86.25
1076.00,-88.22
1076.10,-87.34
1076.20,-85.27
1076.30,-87.29
1076.40,-87.86
1076.50,-87.25
1076.60,-86.07
1076.70,-85.64
1076.80,-88.20
1076.90,-86.76
1077.00,-88.31
1077.10,-87.25
1077.20,-86.28
1077.30,-87.24
1077.40,-87.15
1077.50,-86.39
1077.60,-84.82
1077.70,-84.74
1077.80,-80.96
1077.90,-74.72
1078.00,-78.87
1078.10,-86.02
1078.20,-86.40
1078.30,-86.12
1078.40,-88.03
1078.50,-85.56
1078.60,-85.71
1078.70,-84.85
1078.80,-86.75
1078.90,-87.94
1079.00,-87.66
1079.10,-88.27
1079.20,-83.91
1079.30,-86.20
1079.40,-84.88
1079.50,-85.12
1079.60,-86.08
1079.70,-85.90
1079.80,-87.08
1079.90,-86.87
1080.00,-86.79
1080.10,-85.35
1080.20,-86.59
1080.30,-87.32
1080.40,-86.04
1080.50,-86.46
1080.60,-86.36
1080.70,-85.39
1080.80,-85.60
1080.90,-85.88
1081.00,-84.71
1081.10,-88.17
1081.20,-87.12
1081.30,-86.63
1081.40,-83.79
1081.50,-87.35
1081.60,-87.29
1081.70,-86.49
1081.80,-85.06
1081.90,-85.09
1082.00,-88.01
1082.10,-89.11
1082.20,-87.07
1082.30,-87.76
1082.40,-86.42
1082.50,-88.02
1082.60,-86.98
1082.70,-85.62
1082.80,-88.14
1082.90,-85.76
1083.00,-87.72
1083.10,-86.16
1083.20,-87.65
1083.30,-85.51
1083.40,-86.30
1083.50,-88.20
1083.60,-87.84
1083.70,-85.31
1083.80,-85.71
1083.90,-86.96
1084.00,-86.39
1084.00,-86.89
1084.10,-84.96
1084.20,-86.39
1084.30,-86.10
1084.40,-86.26
1084.50,-86.71
1084.60,-86.38
1084.70,-87.16
1084.80,-88.72
1084.90,-88.39
1085.00,-86.42
1085.10,-86.22
1085.20,-87.39
1085.30,-82.94
1085.40,-87.05
1085.50,-86.95
1085.60,-86.33
1085.70,-88.05
1085.80,-86.37
1085.90,-86.11
1086.00,-87.61
1086.10,-87.41
1086.20,-83.76
1086.30,-86.95
1086.40,-87.68
1086.50,-87.31
1086.60,-86.35
1086.70,-85.89
1086.80,-87.74
1086.90,-86.72
1087.00,-87.82
1087.10,-86.83
1087.20,-85.88
1087.30,-85.04
1087.40,-86.93
1087.50,-84.87
1087.60,-87.47
1087.70,-86.32
1087.80,-86.11
1087.90,-87.52
1088.00,-89.21
1088.10,-87.33
1088.20,-87.39
1088.30,-85.83
1088.40,-87.32
1088.50,-85.26
1088.60,-89.91
1088.70,-85.88
1088.80,-87.96
1088.90,-85.24
1089.00,-87.01
1089.10,-88.72
1089.20,-87.83
1089.30,-87.58
1089.40,-86.44
1089.50,-86.63
1089.60,-86.25
1089.70,-86.12
1089.80,-86.18
1089.90,-86.75
1090.00,-87.15
1090.10,-87.28
1090.20,-86.85
1090.30,-87.12
1090.40,-83.97
1090.50,-86.68
1090.60,-84.81
1090.70,-88.20
1090.80,-86.03
1090.90,-84.89
1091.00,-86.62
1091.10,-87.21
1091.20,-86.28
1091.30,-86.51
1091.40,-85.01
1091.50,-87.73
1091.60,-84.82
1091.70,-87.13
1091.80,-85.12
1091.90,-85.64
1092.00,-85.51
1092.10,-87.83
1092.20,-86.32
1092.30,-87.30
1092.40,-85.21
1092.50,-87.17
1092.60,-85.53
1092.70,-86.89
1092.80,-86.19
1092.90,-86.74
1093.00,-87.08
1093.10,-84.45
1093.20,-87.01
1093.30,-86.90
1093.40,-85.72
1093.50,-87.98
1093.60,-86.05
1093.70,-85.65
1093.80,-88.07
1093.90,-87.76
1094.00,-88.14
1094.10,-88.08
1094.20,-86.05
1094.30,-87.28
1094.40,-86.75
1094.50,-86.38
1094.60,-86.12
1094.70,-87.10
1094.80,-87.66
1094.90,-85.22
1095.00,-86.64
1095.10,-88.19
1095.20,-86.32
1095.30,-86.22
1095.40,-88.06
1095.50,-87.34
1095.60,-86.89
1095.70,-87.80
1095.80,-85.34
1095.90,-87.80
1096.00,-85.89
1096.10,-85.79
1096.20,-87.75
1096.30,-86.09
1096.40,-87.50
1096.50,-85.96
1096.60,-86.52
1096.70,-87.18
1096.80,-87.83
1096.90,-86.56
1097.00,-86.80
1097.10,-85.81
1097.20,-85.23
1097.30,-86.20
1097.40,-87.45
1097.50,-86.37
1097.60,-86.02
1097.70,-86.02
1097.80,-86.58
1097.90,-86.13
1098.00,-87.46
1098.10,-87.31
1098.20,-85.63
1098.30,-85.81
1098.40,-85.45
1098.50,-85.93
1098.60,-87.12
1098.70,-85.23
1098.80,-85.33
1098.90,-85.38
1099.00,-85.97
1099.10,-87.31
1099.20,-85.29
1099.30,-84.71
1099.40,-85.13
1099.50,-85.11
1099.60,-85.68
1099.70,-84.79
1099.80,-83.58
1099.90,-87.73
1100.00,-85.41
1100.10,-80.24
1100.20,-81.29
1100.30,-84.79
1100.40,-85.05
1100.50,-83.38
1100.60,-85.68
1100.70,-87.05
1100.80,-87.44
1100.90,-87.55
1101.00,-87.79
1101.10,-85.65
1101.20,-86.92
1101.30,-86.79
1101.40,-86.43
1101.50,-86.59
1101.60,-86.42
1101.70,-86.37
1101.80,-85.67
1101.90,-86.36
1102.00,-86.74
1102.10,-83.16
1102.20,-85.83
1102.30,-86.00
1102.40,-85.64
1102.50,-85.34
1102.60,-85.76
1102.70,-87.97
1102.80,-84.02
1102.90,-87.68
1103.00,-86.93
1103.10,-86.35
1103.20,-86.71
1103.30,-87.84
1103.40,-85.99
1103.50,-85.41
1103.60,-86.60
1103.70,-87.16
1103.80,-86.32
1103.90,-86.49
1104.00,-87.25
1104.10,-87.40
1104.20,-86.80
1104.30,-87.00
1104.40,-88.28
1104.50,-85.22
1104.60,-88.04
1104.70,-85.94
1104.80,-87.25
1104.90,-85.88
1105.00,-82.31
1105.10,-86.41
1105.20,-87.24
1105.30,-87.16
1105.40,-87.16
1105.50,-87.15
1105.60,-86.41
1105.70,-88.22
1105.80,-87.60
1105.90,-86.13
1106.00,-87.84
1106.10,-88.01
1106.20,-86.63
1106.30,-87.52
1106.40,-86.98
1106.50,-87.69
1106.60,-86.30
1106.70,-87.63
1106.80,-87.12
1106.90,-84.65
1107.00,-88.72
1107.10,-86.78
1107.20,-86.81
1107.30,-86.65
1107.40,-87.35
1107.50,-87.21
1107.60,-86.94
1107.70,-87.06
1107.80,-86.21
1107.90,-87.33
1108.00,-85.65
1108.10,-87.96
1108.20,-86.31
1108.30,-85.70
1108.40,-89.16
1108.50,-88.41
1108.60,-86.69
1108.70,-86.68
1108.80,-87.36
1108.90,-84.99
1109.00,-85.78
1109.10,-85.71
1109.20,-86.60
1109.30,-88.33
1109.40,-88.92
1109.50,-86.55
1109.60,-85.83
1109.70,-85.41
1109.80,-87.87
1109.90,-86.50
1110.00,-87.82
1110.10,-86.20
1110.20,-86.76
1110.30,-88.58
1110.40,-86.52
1110.50,-85.63
1110.60,-85.70
1110.70,-87.17
1110.80,-86.40
1110.90,-87.96
1111.00,-86.76
1111.10,-87.32
1111.20,-86.84
1111.30,-87.96
1111.40,-87.60
1111.50,-87.52
1111.60,-88.43
1111.70,-87.79
1111.80,-87.88
1111.90,-88.05
1112.00,-87.77
1112.10,-87.94
1112.20,-86.56
1112.30,-87.89
1112.40,-86.98
1112.50,-85.41
1112.60,-87.41
1112.70,-86.82
1112.80,-84.19
1112.90,-86.27
1113.00,-87.64
1113.10,-85.99
1113.20,-86.95
1113.30,-85.66
1113.40,-87.75
1113.50,-87.48
1113.60,-88.37
1113.70,-85.03
1113.80,-86.47
1113.90,-88.60
1114.00,-87.33
1114.10,-86.40
1114.20,-85.78
1114.30,-85.66
1114.40,-86.54
1114.50,-87.81
1114.60,-87.81
1114.70,-89.89
1114.80,-86.87
1114.90,-88.92
1115.00,-86.67
1115.10,-86.86
1115.20,-87.31
1115.30,-87.28
1115.40,-87.22
1115.50,-88.15
1115.60,-88.04
1115.70,-86.64
1115.80,-86.20
1115.90,-86.54
1116.00,-87.93
1116.10,-87.24
1116.20,-87.49
1116.30,-86.41
1116.40,-87.48
1116.50,-87.42
1116.60,-86.56
1116.70,-87.62
1116.80,-85.16
1116.90,-85.93
1117.00,-88.59
1117.10,-86.46
1117.20,-87.95
1117.30,-88.87
1117.40,-87.24
1117.50,-87.20
1117.60,-85.84
1117.70,-87.03
1117.80,-87.53
1117.90,-86.55
1118.00,-86.99
1118.10,-88.53
1118.20,-86.95
1118.30,-86.93
1118.40,-87.70
1118.50,-86.55
1118.60,-87.33
1118.70,-84.93
1118.80,-87.53
1118.90,-88.09
1119.00,-87.88
1119.10,-86.07
1119.20,-87.28
1119.30,-86.81
1119.40,-85.63
1119.50,-85.70
1119.60,-87.78
1119.70,-86.37
1119.80,-87.05
1119.90,-87.37
1120.00,-85.49
1120.10,-88.61
1120.20,-86.54
1120.30,-86.52
1120.40,-88.38
1120.50,-88.44
1120.60,-86.72
1120.70,-87.55
1120.80,-84.95
1120.90,-87.91
1121.00,-85.96
1121.10,-86.45
1121.20,-88.87
1121.30,-86.98
1121.40,-86.66
1121.50,-87.83
1121.60,-86.51
1121.70,-88.80
1121.80,-88.59
1121.90,-87.04
1122.00,-87.98
1122.10,-87.29
1122.20,-85.81
1122.30,-87.12
1122.40,-86.40
1122.50,-86.56
1122.60,-86.81
1122.70,-86.36
1122.80,-88.29
1122.90,-87.31
1123.00,-87.53
1123.10,-85.77
1123.20,-86.01
1123.30,-86.59
1123.40,-87.27
1123.50,-87.04
1123.60,-86.46
1123.70,-86.46
1123.80,-86.12
1123.90,-87.87
1124.00,-85.26
1124.10,-86.86
1124.20,-86.77
1124.30,-86.43
1124.40,-88.23
1124.50,-88.12
1124.60,-86.63
1124.70,-86.43
1124.80,-87.86
1124.90,-86.91
1125.00,-87.25
1125.10,-86.30
1125.20,-88.03
1125.30,-88.33
1125.40,-87.37
1125.50,-87.26
1125.60,-86.52
1125.70,-86.95
1125.80,-86.64
1125.90,-86.94
1126.00,-87.33
1126.10,-86.16
1126.20,-87.49
1126.30,-85.78
1126.40,-86.57
1126.50,-85.26
1126.60,-88.35
1126.70,-85.70
1126.80,-85.25
1126.90,-86.96
1127.00,-86.64
1127.10,-85.84
1127.20,-86.87
1127.30,-87.95
1127.40,-88.48
1127.50,-85.03
1127.60,-86.66
1127.70,-88.01
1127.80,-85.79
1127.90,-86.17
1128.00,-86.47
1128.10,-87.72
1128.20,-87.84
1128.30,-85.17
1128.40,-86.73
1128.50,-86.33
1128.60,-86.99
1128.70,-84.58
1128.80,-85.02
1128.90,-86.63
1129.00,-86.51
1129.10,-87.05
1129.20,-83.24
1129.30,-80.67
1129.40,-86.75
1129.50,-86.09
1129.60,-86.07
1129.70,-87.90
1129.80,-87.44
1129.90,-86.87
1130.00,-86.00
1130.00,-88.38
1130.10,-87.31
1130.20,-86.99
1130.30,-85.94
1130.40,-87.07
1130.50,-88.26
1130.60,-87.47
1130.70,-87.56
1130.80,-86.14
1130.90,-86.66
1131.00,-87.23
1131.10,-85.94
1131.20,-86.84
1131.30,-86.11
1131.40,-87.67
1131.50,-88.45
1131.60,-87.35
1131.70,-87.06
1131.80,-85.47
1131.90,-87.70
1132.00,-88.32
1132.10,-87.97
1132.20,-86.30
1132.30,-87.77
1132.40,-87.49
1132.50,-85.58
1132.60,-85.89
1132.70,-86.06
1132.80,-87.00
1132.90,-87.93
1133.00,-86.26
1133.10,-88.09
1133.20,-87.66
1133.30,-86.15
1133.40,-86.64
1133.50,-85.22
1133.60,-88.14
1133.70,-86.74
1133.80,-88.10
1133.90,-86.68
1134.00,-86.96
1134.10,-87.01
1134.20,-85.28
1134.30,-87.20
1134.40,-85.42
1134.50,-86.31
1134.60,-85.02
1134.70,-85.73
1134.80,-86.23
1134.90,-89.27
1135.00,-86.08
1135.10,-87.37
1135.20,-87.72
1135.30,-88.36
1135.40,-87.15
1135.50,-87.77
1135.60,-88.59
1135.70,-86.96
1135.80,-86.09
1135.90,-87.94
1136.00,-89.10
1136.10,-86.96
1136.20,-87.51
1136.30,-87.23
1136.40,-86.67
1136.50,-85.63
1136.60,-88.14
1136.70,-87.03
1136.80,-88.16
1136.90,-86.60
1137.00,-85.73
1137.10,-84.28
1137.20,-86.43
1137.30,-88.98
1137.40,-85.62
1137.50,-85.66
1137.60,-86.37
1137.70,-87.96
1137.80,-88.06
1137.90,-88.06
1138.00,-87.49
1138.10,-87.55
1138.20,-85.70
1138.30,-85.64
1138.40,-86.05
1138.50,-86.36
1138.60,-86.37
1138.70,-86.83
1138.80,-85.97
1138.90,-87.62
1139.00,-85.43
1139.10,-87.81
1139.20,-86.85
1139.30,-85.83
1139.40,-88.08
1139.50,-86.41
1139.60,-87.24
1139.70,-88.27
1139.80,-84.61
1139.90,-87.32
1140.00,-87.39
1140.10,-87.94
1140.20,-86.99
1140.30,-86.34
1140.40,-86.77
1140.50,-87.86
1140.60,-85.57
1140.70,-85.87
1140.80,-87.14
1140.90,-87.13
1141.00,-85.52
1141.10,-86.51
1141.20,-85.58
1141.30,-85.59
1141.40,-87.24
1141.50,-86.34
1141.60,-86.02
1141.70,-87.57
1141.80,-88.20
1141.90,-85.48
1142.00,-86.22
1142.10,-87.59
1142.20,-86.81
1142.30,-86.32
1142.40,-86.17
1142.50,-85.64
1142.60,-87.17
1142.70,-87.87
1142.80,-87.46
1142.90,-85.93
1143.00,-87.99
1143.10,-85.75
1143.20,-86.78
1143.30,-88.49
1143.40,-87.14
1143.50,-87.05
1143.60,-86.70
1143.70,-86.90
1143.80,-86.68
1143.90,-85.75
1144.00,-88.25
1144.10,-88.76
1144.20,-85.61
1144.30,-89.59
1144.40,-86.70
1144.50,-87.85
1144.60,-86.70
1144.70,-87.82
1144.80,-87.27
1144.90,-86.14
1145.00,-88.11
1145.10,-87.30
1145.20,-85.88
1145.30,-88.10
1145.40,-86.95
1145.50,-88.82
1145.60,-88.75
1145.70,-86.67
1145.80,-86.12
1145.90,-86.63
1146.00,-87.66
1146.10,-85.91
1146.20,-87.20
1146.30,-86.99
1146.40,-85.22
1146.50,-86.74
1146.60,-86.78
1146.70,-85.92
1146.80,-88.05
1146.90,-85.55
1147.00,-86.25
1147.10,-87.36
1147.20,-86.37
1147.30,-85.21
1147.40,-86.11
1147.50,-88.85
1147.60,-85.41
1147.70,-87.94
1147.80,-87.40
1147.90,-86.92
1148.00,-86.22
1148.10,-87.45
1148.20,-87.29
1148.30,-86.76
1148.40,-88.48
1148.50,-87.50
1148.60,-86.83
1148.70,-88.28
1148.80,-88.23
1148.90,-87.41
1149.00,-86.73
1149.10,-87.73
1149.20,-86.97
1149.30,-88.06
1149.40,-87.53
1149.50,-85.41
1149.60,-88.48
1149.70,-86.73
1149.80,-86.90
1149.90,-89.53
1150.00,-87.40
1150.10,-87.79
1150.20,-86.26
1150.30,-85.61
1150.40,-86.38
1150.50,-87.29
1150.60,-88.50
1150.70,-87.35
1150.80,-86.39
1150.90,-87.97
1151.00,-87.19
1151.10,-88.62
1151.20,-86.31
1151.30,-85.48
1151.40,-87.36
1151.50,-86.64
1151.60,-86.86
1151.70,-88.35
1151.80,-87.59
1151.90,-86.87
1152.00,-87.09
1152.10,-86.24
1152.20,-86.55
1152.30,-86.36
1152.40,-86.12
1152.50,-87.05
1152.60,-84.98
1152.70,-87.94
1152.80,-86.29
1152.90,-88.22
1153.00,-85.79
1153.10,-86.17
1153.20,-85.53
1153.30,-85.83
1153.40,-86.72
1153.50,-86.38
1153.60,-86.88
1153.70,-86.39
1153.80,-86.79
1153.90,-86.04
1154.00,-86.59
1154.10,-88.04
1154.20,-85.43
1154.30,-85.58
1154.40,-86.81
1154.50,-84.77
1154.60,-87.33
1154.70,-86.80
1154.80,-86.22
1154.90,-86.12
1155.00,-85.80
1155.10,-84.55
1155.20,-84.57
1155.30,-87.14
1155.40,-86.56
1155.50,-87.21
1155.60,-84.93
1155.70,-86.83
1155.80,-85.32
1155.90,-87.44
1156.00,-86.89
1156.10,-86.37
1156.20,-86.27
1156.30,-85.02
1156.40,-88.61
1156.50,-85.45
1156.60,-87.05
1156.70,-86.63
1156.80,-86.25
1156.90,-87.84
1157.00,-88.34
1157.10,-87.43
1157.20,-88.96
1157.30,-87.16
1157.40,-86.31
1157.50,-86.85
1157.60,-87.17
1157.70,-85.53
1157.80,-88.12
1157.90,-87.82
1158.00,-86.49
1158.10,-86.67
1158.20,-84.90
1158.30,-86.30
1158.40,-84.73
1158.50,-87.06
1158.60,-86.85
1158.70,-86.23
1158.80,-85.19
1158.90,-87.04
1159.00,-87.38
1159.10,-88.99
1159.20,-86.10
1159.30,-86.34
1159.40,-86.34
1159.50,-87.58
1159.60,-86.66
1159.70,-87.07
1159.80,-86.24
1159.90,-87.11
1160.00,-86.65
1160.10,-87.61
1160.20,-86.71
1160.30,-87.38
1160.40,-86.85
1160.50,-85.99
1160.60,-87.01
1160.70,-88.25
1160.80,-87.53
1160.90,-88.83
1161.00,-87.60
1161.10,-85.93
1161.20,-86.33
1161.30,-87.26
1161.40,-86.50
1161.50,-87.13
1161.60,-88.25
1161.70,-87.96
1161.80,-88.15
1161.90,-87.04
1162.00,-88.14
1162.10,-87.09
1162.20,-86.60
1162.30,-86.02
1162.40,-85.93
1162.50,-86.86
1162.60,-86.03
1162.70,-86.34
1162.80,-88.04
1162.90,-87.17
1163.00,-87.38
1163.10,-88.14
1163.20,-86.70
1163.30,-86.88
1163.40,-85.66
1163.50,-84.09
1163.60,-86.93
1163.70,-85.12
1163.80,-87.76
1163.90,-87.00
1164.00,-86.67
1164.10,-87.24
1164.20,-87.04
1164.30,-86.50
1164.40,-87.34
1164.50,-87.08
1164.60,-86.14
1164.70,-85.57
1164.80,-86.22
1164.90,-86.19
1165.00,-86.58
1165.10,-86.14
1165.20,-88.92
1165.30,-86.69
1165.40,-86.13
1165.50,-86.79
1165.60,-87.09
1165.70,-86.32
1165.80,-86.25
1165.90,-86.23
1166.00,-88.25
1166.10,-86.73
1166.20,-87.37
1166.30,-86.66
1166.40,-86.57
1166.50,-86.49
1166.60,-86.34
1166.70,-88.02
1166.80,-87.23
1166.90,-86.08
1167.00,-86.97
1167.10,-87.76
1167.20,-86.54
1167.30,-86.80
1167.40,-86.30
1167.50,-85.59
1167.60,-86.12
1167.70,-86.45
1167.80,-87.69
1167.90,-87.52
1168.00,-86.69
1168.10,-87.01
1168.20,-86.23
1168.30,-86.50
1168.40,-86.51
1168.50,-87.81
1168.60,-88.58
1168.70,-86.73
1168.80,-86.87
1168.90,-87.58
1169.00,-87.85
1169.10,-86.52
1169.20,-85.76
1169.30,-85.60
1169.40,-87.90
1169.50,-85.48
1169.60,-88.61
1169.70,-85.38
1169.80,-86.66
1169.90,-85.62
1170.00,-86.25
1170.10,-87.03
1170.20,-86.87
1170.30,-85.37
1170.40,-85.17
1170.50,-86.89
1170.60,-87.79
1170.70,-87.44
1170.80,-88.73
1170.90,-85.87
1171.00,-87.77
1171.10,-86.86
1171.20,-87.15
1171.30,-87.09
1171.40,-87.09
1171.50,-85.08
1171.60,-85.88
1171.70,-87.11
1171.80,-86.62
1171.90,-87.14
1172.00,-88.57
1172.10,-86.20
1172.20,-88.72
1172.30,-86.86
1172.40,-85.88
1172.50,-86.02
1172.60,-88.07
1172.70,-88.28
1172.80,-87.53
1172.90,-88.00
1173.00,-87.35
1173.10,-87.30
1173.20,-85.78
1173.30,-87.32
1173.40,-86.30
1173.50,-87.03
1173.60,-86.40
1173.70,-87.87
1173.80,-87.62
1173.90,-86.95
1174.00,-86.52
1174.10,-88.91
1174.20,-85.62
1174.30,-87.05
1174.40,-87.80
1174.50,-87.87
1174.60,-86.01
1174.70,-83.26
1174.80,-87.77
1174.90,-87.34
1175.00,-87.55
1175.10,-86.29
1175.20,-83.77
1175.30,-86.48
1175.40,-87.36
1175.50,-87.27
1175.60,-85.36
1175.70,-88.41
1175.80,-88.49
1175.90,-87.71
1176.00,-87.75
1176.00,-86.50
1176.05,-88.73
1176.10,-86.80
1176.16,-87.54
1176.21,-88.22
1176.26,-85.86
1176.31,-87.33
1176.37,-86.61
1176.42,-87.81
1176.47,-88.47
1176.52,-88.73
1176.57,-86.07
1176.63,-87.73
1176.68,-86.76
1176.73,-85.96
1176.78,-87.89
1176.83,-88.56
1176.89,-89.24
1176.94,-88.46
1176.99,-87.15
1177.04,-88.25
1177.10,-87.38
1177.15,-85.23
1177.20,-89.58
1177.25,-87.80
1177.30,-88.85
1177.36,-87.60
1177.41,-88.72
1177.46,-87.50
1177.51,-86.65
1177.57,-88.91
1177.62,-87.72
1177.67,-84.96
1177.72,-87.31
1177.77,-87.62
1177.83,-85.98
1177.88,-88.33
1177.93,-88.22
1177.98,-86.29
1178.03,-86.77
1178.09,-86.53
1178.14,-89.52
1178.19,-88.43
1178.24,-86.96
1178.30,-87.30
1178.35,-88.12
1178.40,-86.67
1178.45,-86.42
1178.50,-86.64
1178.56,-88.86
1178.61,-86.02
1178.66,-88.37
1178.71,-86.78
1178.77,-87.97
1178.82,-87.39
1178.87,-87.74
1178.92,-88.79
1178.97,-89.08
1179.03,-88.07
1179.08,-86.31
1179.13,-87.74
1179.18,-85.69
1179.23,-88.14
1179.29,-86.08
1179.34,-85.82
1179.39,-87.45
1179.44,-85.83
1179.50,-86.67
1179.55,-85.65
1179.60,-88.12
1179.65,-88.14
1179.70,-87.48
1179.76,-86.99
1179.81,-88.45
1179.86,-88.21
1179.91,-87.81
1179.97,-84.39
1180.02,-88.22
1180.07,-87.34
1180.12,-86.71
1180.17,-87.82
1180.23,-86.60
1180.28,-87.19
1180.33,-86.31
1180.38,-86.66
1180.43,-87.46
1180.49,-88.97
1180.54,-87.19
1180.59,-88.51
1180.64,-87.51
1180.70,-88.67
1180.75,-86.14
1180.80,-85.47
1180.85,-87.46
1180.90,-86.35
1180.96,-87.31
1181.01,-87.80
1181.06,-86.15
1181.11,-87.72
1181.17,-87.57
1181.22,-87.14
1181.27,-87.30
1181.32,-86.11
1181.37,-89.05
1181.43,-86.48
1181.48,-84.25
1181.53,-86.85
1181.58,-86.88
1181.63,-87.29
1181.69,-87.86
1181.74,-86.24
1181.79,-84.62
1181.84,-88.11
1181.90,-86.17
1181.95,-85.95
1182.00,-88.00
1182.05,-85.55
1182.10,-87.32
1182.16,-87.11
1182.21,-88.11
1182.26,-86.69
1182.31,-85.77
1182.37,-87.17
1182.42,-84.36
1182.47,-88.21
1182.52,-87.70
1182.57,-86.52
1182.63,-86.76
1182.68,-86.28
1182.73,-86.66
1182.78,-87.29
1182.83,-87.97
1182.89,-86.69
1182.94,-86.28
1182.99,-87.69
1183.04,-88.24
1183.10,-85.32
1183.15,-85.54
1183.20,-88.94
1183.25,-86.88
1183.30,-88.16
1183.36,-89.07
1183.41,-85.65
1183.46,-86.03
1183.51,-85.75
1183.57,-87.57
1183.62,-87.73
1183.67,-85.76
1183.72,-87.74
1183.77,-88.38
1183.83,-85.73
1183.88,-86.85
1183.93,-88.35
1183.98,-88.29
1184.03,-88.70
1184.09,-87.09
1184.14,-88.25
1184.19,-86.17
1184.24,-87.15
1184.30,-87.71
1184.35,-86.90
1184.40,-83.99
1184.45,-87.14
1184.50,-87.87
1184.56,-85.01
1184.61,-89.01
1184.66,-88.68
1184.71,-86.92
1184.77,-88.28
1184.82,-88.39
1184.87,-84.85
1184.92,-85.13
1184.97,-86.26
1185.03,-87.02
1185.08,-86.22
1185.13,-87.87
1185.18,-86.64
1185.23,-87.09
1185.29,-86.70
1185.34,-87.25
1185.39,-87.50
1185.44,-87.44
1185.50,-88.50
1185.55,-87.60
1185.60,-86.03
1185.65,-89.12
1185.70,-87.82
1185.76,-88.01
1185.81,-86.53
1185.86,-87.68
1185.91,-86.94
1185.97,-87.08
1186.02,-88.59
1186.07,-88.31
1186.12,-86.93
1186.17,-87.30
1186.23,-85.60
1186.28,-86.69
1186.33,-86.92
1186.38,-87.64
1186.43,-84.42
1186.49,-87.44
1186.54,-86.58
1186.59,-87.47
1186.64,-87.63
1186.70,-88.01
1186.75,-86.72
1186.80,-89.01
1186.85,-87.05
1186.90,-88.25
1186.96,-89.27
1187.01,-88.44
1187.06,-88.08
1187.11,-85.25
1187.17,-87.47
1187.22,-84.87
1187.27,-85.84
1187.32,-88.37
1187.37,-88.23
1187.43,-88.28
1187.48,-87.92
1187.53,-87.03
1187.58,-86.27
1187.63,-88.89
1187.69,-87.83
1187.74,-87.64
1187.79,-87.05
1187.84,-85.45
1187.90,-87.47
1187.95,-87.53
1188.00,-86.83
1188.05,-86.45
1188.10,-88.17
1188.16,-87.80
1188.21,-86.28
1188.26,-86.09
1188.31,-87.92
1188.37,-89.00
1188.42,-88.13
1188.47,-88.24
1188.52,-88.21
1188.57,-85.77
1188.63,-85.92
1188.68,-86.12
1188.73,-87.63
1188.78,-87.62
1188.83,-86.04
1188.89,-86.60
1188.94,-85.02
1188.99,-86.17
1189.04,-85.96
1189.10,-84.96
1189.15,-87.57
1189.20,-87.24
1189.25,-87.51
1189.30,-86.28
1189.36,-87.36
1189.41,-87.64
1189.46,-88.19
1189.51,-87.80
1189.57,-85.88
1189.62,-88.23
1189.67,-86.20
1189.72,-87.03
1189.77,-86.29
1189.83,-87.83
1189.88,-85.79
1189.93,-87.13
1189.98,-87.85
1190.03,-88.94
1190.09,-86.71
1190.14,-89.39
1190.19,-86.97
1190.24,-86.23
1190.30,-87.31
1190.35,-86.29
1190.40,-86.55
1190.45,-84.48
1190.50,-86.30
1190.56,-88.12
1190.61,-87.92
1190.66,-87.12
1190.71,-86.31
1190.77,-86.65
1190.82,-87.64
1190.87,-88.33
1190.92,-87.65
1190.97,-88.29
1191.03,-88.36
1191.08,-87.76
1191.13,-87.66
1191.18,-88.60
1191.23,-88.00
1191.29,-87.27
1191.34,-85.33
1191.39,-87.56
1191.44,-88.07
1191.50,-87.02
1191.55,-87.93
1191.60,-85.68
1191.65,-87.36
1191.70,-87.44
1191.76,-85.92
1191.81,-88.16
1191.86,-85.00
1191.91,-86.61
1191.97,-85.91
1192.02,-83.54
1192.07,-84.14
1192.12,-85.04
1192.17,-84.87
1192.23,-85.31
1192.28,-83.49
1192.33,-85.28
1192.38,-85.44
1192.43,-86.87
1192.49,-87.16
1192.54,-85.83
1192.59,-89.69
1192.64,-88.67
1192.70,-84.25
1192.75,-88.33
1192.80,-86.68
1192.85,-87.05
1192.90,-87.73
1192.96,-84.88
1193.01,-84.51
1193.06,-86.74
1193.11,-87.28
1193.17,-87.25
1193.22,-85.88
1193.27,-85.38
1193.32,-87.75
1193.37,-86.27
1193.43,-87.15
1193.48,-86.64
1193.53,-86.62
1193.58,-87.96
1193.63,-86.38
1193.69,-87.86
1193.74,-86.99
1193.79,-86.38
1193.84,-88.09
1193.90,-87.85
1193.95,-88.43
1194.00,-88.61
1194.05,-85.03
1194.10,-85.73
1194.16,-86.85
1194.21,-86.62
1194.26,-87.46
1194.31,-87.14
1194.37,-87.66
1194.42,-86.11
1194.47,-86.62
1194.52,-88.11
1194.57,-86.94
1194.63,-84.72
1194.68,-88.21
1194.73,-86.08
1194.78,-85.66
1194.83,-87.95
1194.89,-86.57
1194.94,-86.25
1194.99,-86.31
1195.04,-86.85
1195.10,-86.87
1195.15,-86.83
1195.20,-86.60
1195.25,-85.68
1195.30,-86.16
1195.36,-86.44
1195.41,-86.57
1195.46,-86.39
1195.51,-85.52
1195.57,-85.87
1195.62,-86.13
1195.67,-87.08
1195.72,-83.93
1195.77,-86.13
1195.83,-86.11
1195.88,-86.07
1195.93,-85.13
1195.98,-82.78
1196.03,-84.64
1196.09,-84.37
1196.14,-84.73
1196.19,-83.84
1196.24,-83.81
1196.30,-83.87
1196.35,-82.42
1196.40,-84.01
1196.45,-84.63
1196.50,-83.83
1196.56,-85.80
1196.61,-86.24
1196.66,-84.38
1196.71,-88.06
1196.77,-85.98
1196.82,-85.07
1196.87,-86.28
1196.92,-86.16
1196.97,-87.49
1197.03,-87.13
1197.08,-86.05
1197.13,-86.48
1197.18,-88.08
1197.23,-85.47
1197.29,-86.27
1197.34,-86.81
1197.39,-86.98
1197.44,-86.18
1197.50,-87.35
1197.55,-85.71
1197.60,-87.81
1197.65,-88.05
1197.70,-85.99
1197.76,-88.43
1197.81,-87.01
1197.86,-87.88
1197.91,-87.29
1197.97,-87.93
1198.02,-87.90
1198.07,-86.94
1198.12,-87.11
1198.17,-85.95
1198.23,-86.71
1198.28,-86.82
1198.33,-88.56
1198.38,-86.34
1198.43,-87.14
1198.49,-88.45
1198.54,-87.83
1198.59,-86.47
1198.64,-86.85
1198.70,-86.31
1198.75,-87.90
1198.80,-85.15
1198.85,-85.46
1198.90,-86.37
1198.96,-87.10
1199.01,-86.36
1199.06,-88.26
1199.11,-87.68
1199.17,-87.74
1199.22,-87.25
1199.27,-87.71
1199.32,-87.08
1199.37,-86.75
1199.43,-87.39
1199.48,-88.17
1199.53,-87.50
1199.58,-85.66
1199.63,-87.40
1199.69,-88.36
1199.74,-88.38
1199.79,-87.38
1199.84,-85.38
1199.90,-85.08
1199.95,-85.98
1200.00,-85.06
1800.00,-84.37
1800.10,-86.81
1800.20,-85.70
1800.30,-86.50
1800.40,-86.86
1800.50,-85.46
1800.60,-86.24
1800.70,-86.83
1800.80,-83.20
1800.90,-83.50
1801.00,-87.47
1801.10,-86.07
1801.20,-87.70
1801.30,-87.58
1801.40,-88.97
1801.50,-86.14
1801.60,-88.25
1801.70,-86.41
1801.80,-85.67
1801.90,-86.03
1802.00,-86.55
1802.10,-87.06
1802.20,-87.33
1802.30,-84.85
1802.40,-88.22
1802.50,-84.33
1802.60,-85.05
1802.70,-86.90
1802.80,-85.27
1802.90,-86.50
1803.00,-86.50
1803.10,-85.69
1803.20,-86.59
1803.30,-87.06
1803.40,-87.53
1803.50,-86.62
1803.60,-87.39
1803.70,-85.36
1803.80,-85.92
1803.90,-85.01
1804.00,-85.73
1804.10,-86.37
1804.20,-88.47
1804.30,-85.14
1804.40,-86.43
1804.50,-87.15
1804.60,-87.07
1804.70,-86.51
1804.80,-88.17
1804.90,-87.31
1805.00,-86.20
1805.10,-87.58
1805.20,-84.11
1805.30,-87.17
1805.40,-87.03
1805.50,-85.09
1805.60,-86.31
1805.70,-84.20
1805.80,-86.63
1805.90,-85.05
1806.00,-87.35
1806.10,-86.78
1806.20,-86.40
1806.30,-86.09
1806.40,-86.21
1806.50,-86.31
1806.60,-88.19
1806.70,-86.21
1806.80,-86.06
1806.90,-87.77
1807.00,-87.83
1807.10,-87.08
1807.20,-86.63
1807.30,-87.10
1807.40,-88.78
1807.50,-86.51
1807.60,-86.03
1807.70,-87.49
1807.80,-86.81
1807.90,-87.32
1808.00,-83.95
1808.10,-86.50
1808.20,-85.87
1808.30,-86.96
1808.40,-85.99
1808.50,-87.54
1808.60,-85.90
1808.70,-87.54
1808.80,-87.30
1808.90,-84.77
1809.00,-86.68
1809.10,-85.92
1809.20,-87.16
1809.30,-86.94
1809.40,-86.67
1809.50,-86.09
1809.60,-86.50
1809.70,-89.01
1809.80,-86.16
1809.90,-87.10
1810.00,-86.96
1810.10,-85.16
1810.20,-86.24
1810.30,-84.24
1810.40,-86.90
1810.50,-88.17
1810.60,-87.25
1810.70,-86.94
1810.80,-85.69
1810.90,-85.67
1811.00,-86.08
1811.10,-86.52
1811.20,-89.14
1811.30,-86.81
1811.40,-86.42
1811.50,-86.40
1811.60,-88.24
1811.70,-86.77
1811.80,-86.73
1811.90,-85.30
1812.00,-85.20
1812.10,-86.11
1812.20,-86.12
1812.30,-86.70
1812.40,-87.88
1812.50,-87.62
1812.60,-87.05
1812.70,-87.20
1812.80,-87.67
1812.90,-84.72
1813.00,-88.87
1813.10,-84.73
1813.20,-86.71
1813.30,-87.52
1813.40,-85.53
1813.50,-87.04
1813.60,-86.91
1813.70,-85.74
1813.80,-86.92
1813.90,-85.17
1814.00,-85.54
1814.10,-86.78
1814.20,-87.53
1814.30,-86.07
1814.40,-85.54
1814.50,-85.35
1814.60,-85.68
1814.70,-86.51
1814.80,-87.23
1814.90,-86.24
1815.00,-85.39
1815.10,-85.13
1815.20,-86.61
1815.30,-85.54
1815.40,-87.18
1815.50,-84.96
1815.60,-86.67
1815.70,-84.72
1815.80,-86.38
1815.90,-87.43
1816.00,-87.54
1816.10,-85.34
1816.20,-86.65
1816.30,-86.42
1816.40,-85.01
1816.50,-86.77
1816.60,-86.74
1816.70,-88.26
1816.80,-85.21
1816.90,-85.49
1817.00,-85.83
1817.10,-86.55
1817.20,-86.76
1817.30,-87.45
1817.40,-87.29
1817.50,-85.65
1817.60,-85.67
1817.70,-85.25
1817.80,-88.13
1817.90,-85.89
1818.00,-87.63
1818.10,-86.86
1818.20,-87.66
1818.30,-86.38
1818.40,-85.21
1818.50,-87.34
1818.60,-86.72
1818.70,-86.03
1818.80,-86.48
1818.90,-87.13
1819.00,-87.27
1819.10,-85.92
1819.20,-87.21
1819.30,-85.27
1819.40,-84.96
1819.50,-88.12
1819.60,-88.02
1819.70,-87.13
1819.80,-87.44
1819.90,-86.65
1820.00,-86.13
1820.10,-86.14
1820.20,-85.81
1820.30,-86.83
1820.40,-84.42
1820.50,-85.51
1820.60,-85.94
1820.70,-85.58
1820.80,-85.00
1820.90,-87.14
1821.00,-86.71
1821.10,-87.17
1821.20,-87.51
1821.30,-87.00
1821.40,-86.23
1821.50,-86.98
1821.60,-86.77
1821.70,-86.13
1821.80,-87.20
1821.90,-87.69
1822.00,-89.17
1822.10,-85.46
1822.20,-87.13
1822.30,-87.40
1822.40,-87.27
1822.50,-87.88
1822.60,-88.26
1822.70,-85.52
1822.80,-87.08
1822.90,-87.49
1823.00,-85.46
1823.10,-87.06
1823.20,-86.71
1823.30,-85.90
1823.40,-87.25
1823.50,-87.10
1823.60,-86.51
1823.70,-84.77
1823.80,-85.90
1823.90,-86.86
1824.00,-84.30
1824.10,-87.82
1824.20,-87.38
1824.30,-85.05
1824.40,-86.44
1824.50,-86.38
1824.60,-87.87
1824.70,-85.55
1824.80,-86.14
1824.90,-86.17
1825.00,-87.19
1825.10,-87.03
1825.20,-85.44
1825.30,-85.84
1825.40,-86.72
1825.50,-87.15
1825.60,-87.25
1825.70,-87.69
1825.80,-85.90
1825.90,-83.44
1826.00,-86.89
1826.10,-85.76
1826.20,-86.60
1826.30,-88.80
1826.40,-87.72
1826.50,-85.64
1826.60,-88.29
1826.70,-87.83
1826.80,-88.00
1826.90,-86.24
1827.00,-86.90
1827.10,-87.49
1827.20,-86.71
1827.30,-85.97
1827.40,-85.47
1827.50,-86.58
1827.60,-86.85
1827.70,-87.56
1827.80,-84.94
1827.90,-87.29
1828.00,-86.28
1828.10,-87.06
1828.20,-85.93
1828.30,-87.45
1828.40,-87.82
1828.50,-86.09
1828.60,-85.17
1828.70,-85.79
1828.80,-87.39
1828.90,-85.51
1829.00,-88.13
1829.10,-87.08
1829.20,-87.59
1829.30,-87.31
1829.40,-86.03
1829.50,-84.29
1829.60,-87.60
1829.70,-87.29
1829.80,-87.78
1829.90,-82.95
1830.00,-86.19
1830.10,-86.69
1830.20,-88.71
1830.30,-86.28
1830.40,-86.61
1830.50,-87.35
1830.60,-85.12
1830.70,-86.27
1830.80,-86.45
1830.90,-86.47
1831.00,-88.02
1831.10,-87.16
1831.20,-86.11
1831.30,-85.87
1831.40,-88.05
1831.50,-87.66
1831.60,-87.41
1831.70,-86.67
1831.80,-84.74
1831.90,-87.99
1832.00,-86.99
1832.10,-87.49
1832.20,-87.44
1832.30,-87.37
1832.40,-85.34
1832.50,-86.15
1832.60,-86.26
1832.70,-86.82
1832.80,-88.21
1832.90,-87.29
1833.00,-85.29
1833.10,-86.27
1833.20,-87.41
1833.30,-84.63
1833.40,-85.97
1833.50,-86.95
1833.60,-85.50
1833.70,-87.07
1833.80,-85.83
1833.90,-84.19
1834.00,-84.56
1834.10,-86.27
1834.20,-86.56
1834.30,-86.61
1834.40,-87.60
1834.50,-85.05
1834.60,-86.65
1834.70,-87.67
1834.80,-86.40
1834.90,-86.47
1835.00,-86.64
1835.10,-86.16
1835.20,-86.43
1835.30,-86.57
1835.40,-84.95
1835.50,-85.88
1835.60,-86.94
1835.70,-86.86
1835.80,-86.81
1835.90,-86.73
1836.00,-86.45
1836.10,-86.75
1836.20,-88.14
1836.30,-86.11
1836.40,-86.28
1836.50,-88.10
1836.60,-85.93
1836.70,-87.93
1836.80,-86.86
1836.90,-86.26
1837.00,-87.86
1837.10,-87.08
1837.20,-87.65
1837.30,-86.46
1837.40,-86.31
1837.50,-87.11
1837.60,-87.16
1837.70,-86.76
1837.80,-85.82
1837.90,-89.07
1838.00,-87.31
1838.10,-86.82
1838.20,-86.41
1838.30,-87.21
1838.40,-85.62
1838.50,-87.63
1838.60,-84.81
1838.70,-86.57
1838.80,-86.84
1838.90,-87.30
1839.00,-87.12
1839.10,-86.04
1839.20,-85.62
1839.30,-86.62
1839.40,-85.24
1839.50,-88.73
1839.60,-88.33
1839.70,-86.78
1839.80,-86.02
1839.90,-86.57
1840.00,-85.80
1840.10,-87.86
1840.20,-87.14
1840.30,-87.89
1840.40,-87.38
1840.50,-86.45
1840.60,-85.82
1840.70,-87.44
1840.80,-87.24
1840.90,-85.32
1841.00,-86.62
1841.10,-85.72
1841.20,-86.79
1841.30,-86.54
1841.40,-86.93
1841.50,-84.45
1841.60,-85.87
1841.70,-86.22
1841.80,-85.88
1841.90,-87.42
1842.00,-86.63
1842.10,-85.97
1842.20,-86.61
1842.30,-85.69
1842.40,-86.56
1842.50,-88.41
1842.60,-87.09
1842.70,-87.30
1842.80,-84.40
1842.90,-87.58
1843.00,-87.18
1843.10,-84.07
1843.20,-86.13
1843.30,-85.57
1843.40,-86.76
1843.50,-86.29
1843.60,-86.15
1843.70,-85.08
1843.80,-87.56
1843.90,-86.22
1844.00,-86.62
1844.10,-86.90
1844.20,-87.81
1844.30,-87.53
1844.40,-84.71
1844.50,-85.31
1844.60,-87.78
1844.70,-85.99
1844.80,-86.26
1844.90,-85.82
1845.00,-86.66
1845.10,-86.77
1845.20,-85.33
1845.30,-87.19
1845.40,-86.96
1845.50,-85.97
1845.60,-86.77
1845.70,-87.01
1845.80,-86.41
1845.90,-87.24
1846.00,-87.04
1846.00,-86.98
1846.10,-87.79
1846.20,-86.34
1846.30,-86.35
1846.40,-87.32
1846.50,-86.70
1846.60,-86.27
1846.70,-86.03
1846.80,-86.38
1846.90,-87.64
1847.00,-85.62
1847.10,-86.82
1847.20,-84.54
1847.30,-84.05
1847.40,-86.86
1847.50,-87.71
1847.60,-84.72
1847.70,-83.27
1847.80,-84.96
1847.90,-85.02
1848.00,-86.26
1848.10,-87.66
1848.20,-86.60
1848.30,-87.41
1848.40,-85.06
1848.50,-86.91
1848.60,-87.20
1848.70,-87.55
1848.80,-85.48
1848.90,-86.88
1849.00,-86.23
1849.10,-85.66
1849.20,-86.40
1849.30,-87.16
1849.40,-84.51
1849.50,-86.64
1849.60,-87.16
1849.70,-86.12
1849.80,-86.19
1849.90,-86.75
1850.00,-85.37
1850.10,-86.87
1850.20,-87.40
1850.30,-87.86
1850.40,-86.46
1850.50,-87.11
1850.60,-86.61
1850.70,-86.65
1850.80,-87.41
1850.90,-87.80
1851.00,-85.84
1851.10,-86.70
1851.20,-86.77
1851.30,-86.33
1851.40,-86.08
1851.50,-85.95
1851.60,-87.41
1851.70,-85.76
1851.80,-85.58
1851.90,-87.01
1852.00,-84.92
1852.10,-85.31
1852.20,-86.63
1852.30,-87.72
1852.40,-86.91
1852.50,-87.68
1852.60,-87.04
1852.70,-87.41
1852.80,-87.06
1852.90,-86.34
1853.00,-84.40
1853.10,-87.43
1853.20,-88.45
1853.30,-88.03
1853.40,-87.90
1853.50,-87.58
1853.60,-85.84
1853.70,-87.44
1853.80,-87.19
1853.90,-86.58
1854.00,-87.55
1854.10,-88.30
1854.20,-85.53
1854.30,-87.81
1854.40,-88.98
1854.50,-86.14
1854.60,-86.69
1854.70,-82.98
1854.80,-85.49
1854.90,-85.44
1855.00,-86.80
1855.10,-86.74
1855.20,-85.56
1855.30,-85.76
1855.40,-87.36
1855.50,-87.19
1855.60,-86.09
1855.70,-87.86
1855.80,-86.09
1855.90,-86.07
1856.00,-86.26
1856.10,-85.12
1856.20,-86.44
1856.30,-85.50
1856.40,-86.55
1856.50,-86.54
1856.60,-86.70
1856.70,-85.87
1856.80,-87.71
1856.90,-86.02
1857.00,-85.24
1857.10,-88.20
1857.20,-85.01
1857.30,-86.24
1857.40,-88.21
1857.50,-85.38
1857.60,-87.54
1857.70,-88.30
1857.80,-86.45
1857.90,-86.34
1858.00,-86.27
1858.10,-87.19
1858.20,-86.94
1858.30,-87.65
1858.40,-87.23
1858.50,-83.55
1858.60,-84.58
1858.70,-84.76
1858.80,-86.33
1858.90,-86.85
1859.00,-86.38
1859.10,-88.53
1859.20,-86.95
1859.30,-88.00
1859.40,-86.53
1859.50,-85.36
1859.60,-86.37
1859.70,-82.81
1859.80,-87.78
1859.90,-83.99
1860.00,-85.71
1860.10,-85.72
1860.20,-87.78
1860.30,-88.92
1860.40,-87.12
1860.50,-86.54
1860.60,-86.58
1860.70,-87.50
1860.80,-84.67
1860.90,-87.41
1861.00,-86.40
1861.10,-87.44
1861.20,-84.55
1861.30,-86.67
1861.40,-86.06
1861.50,-87.97
1861.60,-86.22
1861.70,-85.10
1861.80,-87.15
1861.90,-86.73
1862.00,-86.13
1862.10,-86.95
1862.20,-86.91
1862.30,-86.70
1862.40,-87.94
1862.50,-84.64
1862.60,-86.23
1862.70,-86.30
1862.80,-86.65
1862.90,-85.30
1863.00,-85.44
1863.10,-87.53
1863.20,-84.50
1863.30,-88.59
1863.40,-86.08
1863.50,-84.70
1863.60,-87.18
1863.70,-87.63
1863.80,-85.67
1863.90,-86.85
1864.00,-85.98
1864.10,-85.85
1864.20,-85.63
1864.30,-85.83
1864.40,-84.90
1864.50,-88.33
1864.60,-86.19
1864.70,-85.78
1864.80,-87.43
1864.90,-85.55
1865.00,-87.32
1865.10,-86.48
1865.20,-86.46
1865.30,-86.64
1865.40,-86.19
1865.50,-86.00
1865.60,-88.43
1865.70,-87.16
1865.80,-87.42
1865.90,-87.30
1866.00,-86.17
1866.10,-86.41
1866.20,-86.75
1866.30,-87.33
1866.40,-86.36
1866.50,-87.23
1866.60,-86.72
1866.70,-88.35
1866.80,-86.21
1866.90,-85.86
1867.00,-87.04
1867.10,-85.66
1867.20,-86.74
1867.30,-87.09
1867.40,-88.13
1867.50,-86.94
1867.60,-86.32
1867.70,-86.75
1867.80,-86.26
1867.90,-86.15
1868.00,-86.12
1868.10,-85.64
1868.20,-88.14
1868.30,-86.26
1868.40,-85.71
1868.50,-85.29
1868.60,-86.36
1868.70,-86.17
1868.80,-86.55
1868.90,-87.47
1869.00,-84.97
1869.10,-86.53
1869.20,-83.79
1869.30,-85.62
1869.40,-86.34
1869.50,-87.65
1869.60,-86.24
1869.70,-84.96
1869.80,-86.33
1869.90,-86.31
1870.00,-85.96
1870.10,-86.93
1870.20,-85.62
1870.30,-86.95
1870.40,-86.70
1870.50,-87.35
1870.60,-85.57
1870.70,-87.99
1870.80,-86.14
1870.90,-86.20
1871.00,-88.74
1871.10,-86.10
1871.20,-84.89
1871.30,-89.61
1871.40,-85.31
1871.50,-87.66
1871.60,-86.61
1871.70,-86.82
1871.80,-86.37
1871.90,-88.50
1872.00,-87.13
1872.10,-87.27
1872.20,-88.31
1872.30,-86.66
1872.40,-83.95
1872.50,-84.76
1872.60,-87.09
1872.70,-86.97
1872.80,-88.12
1872.90,-86.39
1873.00,-87.26
1873.10,-84.57
1873.20,-86.47
1873.30,-86.50
1873.40,-86.59
1873.50,-87.36
1873.60,-86.35
1873.70,-89.06
1873.80,-87.30
1873.90,-84.96
1874.00,-86.43
1874.10,-88.29
1874.20,-86.72
1874.30,-87.90
1874.40,-84.52
1874.50,-85.19
1874.60,-88.47
1874.70,-88.42
1874.80,-87.95
1874.90,-85.15
1875.00,-87.50
1875.10,-86.38
1875.20,-87.48
1875.30,-86.32
1875.40,-86.96
1875.50,-85.09
1875.60,-85.53
1875.70,-85.44
1875.80,-86.48
1875.90,-86.88
1876.00,-88.61
1876.10,-86.08
1876.20,-87.29
1876.30,-86.55
1876.40,-85.51
1876.50,-85.63
1876.60,-88.99
1876.70,-86.93
1876.80,-84.48
1876.90,-85.99
1877.00,-85.65
1877.10,-88.07
1877.20,-87.09
1877.30,-86.02
1877.40,-86.69
1877.50,-86.65
1877.60,-87.21
1877.70,-84.51
1877.80,-86.21
1877.90,-87.53
1878.00,-84.97
1878.10,-85.34
1878.20,-87.85
1878.30,-87.83
1878.40,-85.65
1878.50,-88.21
1878.60,-85.30
1878.70,-87.45
1878.80,-86.42
1878.90,-87.53
1879.00,-86.90
1879.10,-87.62
1879.20,-84.28
1879.30,-86.63
1879.40,-85.99
1879.50,-85.88
1879.60,-86.90
1879.70,-85.15
1879.80,-86.01
1879.90,-85.67
1880.00,-86.26
1880.10,-84.20
1880.20,-85.41
1880.30,-86.86
1880.40,-87.30
1880.50,-84.60
1880.60,-84.77
1880.70,-85.77
1880.80,-85.56
1880.90,-87.20
1881.00,-85.62
1881.10,-85.21
1881.20,-87.64
1881.30,-86.67
1881.40,-87.55
1881.50,-85.28
1881.60,-87.50
1881.70,-84.42
1881.80,-87.32
1881.90,-84.97
1882.00,-86.73
1882.10,-86.25
1882.20,-86.63
1882.30,-85.73
1882.40,-87.78
1882.50,-87.07
1882.60,-86.72
1882.70,-86.51
1882.80,-86.10
1882.90,-86.83
1883.00,-87.12
1883.10,-83.87
1883.20,-85.63
1883.30,-87.23
1883.40,-86.26
1883.50,-86.12
1883.60,-86.44
1883.70,-86.41
1883.80,-86.09
1883.90,-86.01
1884.00,-85.70
1884.10,-86.09
1884.20,-87.14
1884.30,-86.47
1884.40,-85.06
1884.50,-86.15
1884.60,-86.11
1884.70,-84.90
1884.80,-85.63
1884.90,-86.41
1885.00,-86.03
1885.10,-86.61
1885.20,-85.81
1885.30,-87.50
1885.40,-86.14
1885.50,-86.65
1885.60,-86.57
1885.70,-87.68
1885.80,-87.80
1885.90,-86.31
1886.00,-86.73
1886.10,-87.12
1886.20,-87.67
1886.30,-87.56
1886.40,-85.48
1886.50,-86.76
1886.60,-86.10
1886.70,-86.94
1886.80,-86.50
1886.90,-85.25
1887.00,-86.56
1887.10,-87.65
1887.20,-84.92
1887.30,-86.63
1887.40,-88.15
1887.50,-85.13
1887.60,-87.29
1887.70,-83.95
1887.80,-87.63
1887.90,-86.77
1888.00,-86.68
1888.10,-85.04
1888.20,-86.69
1888.30,-87.35
1888.40,-86.47
1888.50,-87.32
1888.60,-86.92
1888.70,-86.97
1888.80,-85.65
1888.90,-85.87
1889.00,-85.40
1889.10,-86.00
1889.20,-87.31
1889.30,-87.53
1889.40,-85.01
1889.50,-87.13
1889.60,-87.02
1889.70,-86.74
1889.80,-85.89
1889.90,-84.56
1890.00,-86.19
1890.10,-87.46
1890.20,-85.69
1890.30,-87.17
1890.40,-87.74
1890.50,-88.92
1890.60,-87.98
1890.70,-87.29
1890.80,-86.28
1890.90,-86.55
1891.00,-85.49
1891.10,-88.48
1891.20,-85.92
1891.30,-86.09
1891.40,-86.11
1891.50,-85.29
1891.60,-86.98
1891.70,-86.19
1891.80,-87.95
1891.90,-86.68
1892.00,-88.02
1892.00,-88.86
1892.10,-87.30
1892.20,-85.40
1892.30,-85.99
1892.40,-87.43
1892.50,-88.04
1892.60,-85.94
1892.70,-87.79
1892.80,-86.41
1892.90,-88.78
1893.00,-86.82
1893.10,-86.65
1893.20,-85.81
1893.30,-87.26
1893.40,-85.78
1893.50,-87.38
1893.60,-86.45
1893.70,-84.68
1893.80,-87.38
1893.90,-86.59
1894.00,-86.40
1894.10,-85.95
1894.20,-86.62
1894.30,-85.94
1894.40,-86.65
1894.50,-89.19
1894.60,-87.29
1894.70,-87.40
1894.80,-87.20
1894.90,-85.28
1895.00,-85.67
1895.10,-85.83
1895.20,-87.21
1895.30,-86.97
1895.40,-86.46
1895.50,-87.87
1895.60,-86.24
1895.70,-86.99
1895.80,-85.50
1895.90,-86.41
1896.00,-85.76
1896.10,-83.92
1896.20,-84.51
1896.30,-87.03
1896.40,-87.16
1896.50,-87.16
1896.60,-87.72
1896.70,-85.29
1896.80,-86.18
1896.90,-87.79
1897.00,-85.25
1897.10,-87.40
1897.20,-84.89
1897.30,-87.83
1897.40,-87.77
1897.50,-85.62
1897.60,-88.07
1897.70,-87.27
1897.80,-89.32
1897.90,-86.97
1898.00,-86.75
1898.10,-87.78
1898.20,-88.57
1898.30,-85.65
1898.40,-86.75
1898.50,-86.68
1898.60,-87.15
1898.70,-87.57
1898.80,-88.36
1898.90,-87.23
1899.00,-88.44
1899.10,-87.47
1899.20,-86.24
1899.30,-87.07
1899.40,-86.76
1899.50,-87.45
1899.60,-85.70
1899.70,-87.02
1899.80,-87.39
1899.90,-84.87
1900.00,-87.71
1900.10,-86.33
1900.20,-87.50
1900.30,-87.78
1900.40,-87.12
1900.50,-87.14
1900.60,-87.23
1900.70,-86.85
1900.80,-86.17
1900.90,-87.32
1901.00,-87.18
1901.10,-86.81
1901.20,-86.13
1901.30,-85.75
1901.40,-87.28
1901.50,-87.25
1901.60,-88.08
1901.70,-88.07
1901.80,-86.57
1901.90,-86.41
1902.00,-87.85
1902.10,-86.29
1902.20,-87.03
1902.30,-85.50
1902.40,-86.69
1902.50,-85.33
1902.60,-88.10
1902.70,-86.21
1902.80,-86.08
1902.90,-86.01
1903.00,-87.57
1903.10,-86.66
1903.20,-83.54
1903.30,-86.12
1903.40,-87.23
1903.50,-87.14
1903.60,-86.06
1903.70,-86.15
1903.80,-88.62
1903.90,-86.50
1904.00,-85.25
1904.10,-86.65
1904.20,-88.41
1904.30,-86.94
1904.40,-85.48
1904.50,-85.85
1904.60,-86.49
1904.70,-87.49
1904.80,-85.31
1904.90,-85.66
1905.00,-87.12
1905.10,-87.20
1905.20,-87.84
1905.30,-87.72
1905.40,-84.74
1905.50,-86.76
1905.60,-86.98
1905.70,-88.39
1905.80,-86.10
1905.90,-86.27
1906.00,-87.03
1906.10,-83.73
1906.20,-87.94
1906.30,-87.38
1906.40,-87.58
1906.50,-86.62
1906.60,-84.76
1906.70,-87.70
1906.80,-86.98
1906.90,-86.16
1907.00,-86.02
1907.10,-86.00
1907.20,-85.89
1907.30,-87.06
1907.40,-85.72
1907.50,-88.27
1907.60,-85.14
1907.70,-86.67
1907.80,-87.56
1907.90,-86.93
1908.00,-87.32
1908.10,-87.53
1908.20,-85.70
1908.30,-87.56
1908.40,-87.48
1908.50,-86.57
1908.60,-83.82
1908.70,-87.31
1908.80,-87.97
1908.90,-87.79
1909.00,-85.36
1909.10,-87.04
1909.20,-85.74
1909.30,-86.62
1909.40,-85.92
1909.50,-87.54
1909.60,-86.93
1909.70,-86.42
1909.80,-86.53
1909.90,-86.82
1910.00,-86.94
1910.10,-86.43
1910.20,-85.79
1910.30,-87.41
1910.40,-86.63
1910.50,-87.30
1910.60,-88.12
1910.70,-85.20
1910.80,-88.33
1910.90,-87.69
1911.00,-87.36
1911.10,-86.09
1911.20,-87.37
1911.30,-87.43
1911.40,-86.55
1911.50,-85.93
1911.60,-87.17
1911.70,-86.00
1911.80,-88.18
1911.90,-86.36
1912.00,-86.20
1912.10,-87.21
1912.20,-88.04
1912.30,-87.43
1912.40,-87.84
1912.50,-86.93
1912.60,-86.99
1912.70,-86.58
1912.80,-85.07
1912.90,-85.95
1913.00,-89.31
1913.10,-86.08
1913.20,-86.97
1913.30,-89.41
1913.40,-86.86
1913.50,-84.55
1913.60,-87.24
1913.70,-87.59
1913.80,-86.38
1913.90,-87.20
1914.00,-85.11
1914.10,-85.39
1914.20,-88.07
1914.30,-88.84
1914.40,-86.07
1914.50,-87.22
1914.60,-84.45
1914.70,-85.79
1914.80,-87.40
1914.90,-87.66
1915.00,-88.67
1915.10,-84.73
1915.20,-88.32
1915.30,-86.07
1915.40,-87.05
1915.50,-87.20
1915.60,-87.48
1915.70,-87.12
1915.80,-87.22
1915.90,-85.66
1916.00,-85.52
1916.10,-84.98
1916.20,-86.94
1916.30,-87.17
1916.40,-85.70
1916.50,-87.37
1916.60,-86.19
1916.70,-88.65
1916.80,-86.70
1916.90,-87.09
1917.00,-85.87
1917.10,-85.54
1917.20,-88.60
1917.30,-85.86
1917.40,-86.72
1917.50,-87.37
1917.60,-87.13
1917.70,-87.47
1917.80,-85.71
1917.90,-87.75
1918.00,-84.59
1918.10,-86.31
1918.20,-86.52
1918.30,-87.24
1918.40,-86.77
1918.50,-85.50
1918.60,-87.30
1918.70,-87.09
1918.80,-87.95
1918.90,-87.97
1919.00,-87.97
1919.10,-84.97
1919.20,-85.70
1919.30,-87.59
1919.40,-86.27
1919.50,-88.05
1919.60,-87.67
1919.70,-86.52
1919.80,-87.55
1919.90,-86.19
1920.00,-84.24
1920.10,-86.34
1920.20,-87.22
1920.30,-85.34
1920.40,-86.68
1920.50,-86.61
1920.60,-87.45
1920.70,-86.70
1920.80,-87.66
1920.90,-87.96
1921.00,-88.88
1921.10,-87.17
1921.20,-86.37
1921.30,-87.67
1921.40,-88.74
1921.50,-87.43
1921.60,-85.92
1921.70,-85.28
1921.80,-87.23
1921.90,-87.09
1922.00,-85.12
1922.10,-87.57
1922.20,-85.37
1922.30,-85.09
1922.40,-87.11
1922.50,-86.71
1922.60,-87.19
1922.70,-88.83
1922.80,-86.25
1922.90,-87.53
1923.00,-86.14
1923.10,-87.22
1923.20,-87.37
1923.30,-87.89
1923.40,-85.24
1923.50,-86.82
1923.60,-85.66
1923.70,-86.36
1923.80,-87.01
1923.90,-84.53
1924.00,-85.27
1924.10,-88.26
1924.20,-88.10
1924.30,-84.09
1924.40,-84.92
1924.50,-86.99
1924.60,-87.85
1924.70,-85.31
1924.80,-86.94
1924.90,-85.66
1925.00,-86.92
1925.10,-86.29
1925.20,-85.76
1925.30,-88.13
1925.40,-87.19
1925.50,-86.77
1925.60,-85.36
1925.70,-86.40
1925.80,-86.53
1925.90,-85.75
1926.00,-86.14
1926.10,-86.60
1926.20,-87.06
1926.30,-86.22
1926.40,-86.73
1926.50,-86.61
1926.60,-87.90
1926.70,-88.23
1926.80,-85.49
1926.90,-87.63
1927.00,-88.89
1927.10,-85.24
1927.20,-86.31
1927.30,-86.28
1927.40,-86.85
1927.50,-86.49
1927.60,-86.74
1927.70,-85.87
1927.80,-86.24
1927.90,-85.12
1928.00,-85.63
1928.10,-85.97
1928.20,-86.29
1928.30,-87.02
1928.40,-86.14
1928.50,-87.85
1928.60,-86.39
1928.70,-87.86
1928.80,-86.94
1928.90,-87.88
1929.00,-87.41
1929.10,-87.90
1929.20,-85.48
1929.30,-82.87
1929.40,-85.38
1929.50,-86.69
1929.60,-87.45
1929.70,-88.77
1929.80,-87.19
1929.90,-86.44
1930.00,-86.25
1930.10,-88.70
1930.20,-86.78
1930.30,-86.09
1930.40,-85.76
1930.50,-87.29
1930.60,-86.48
1930.70,-86.02
1930.80,-86.49
1930.90,-87.64
1931.00,-88.01
1931.10,-86.15
1931.20,-87.91
1931.30,-86.55
1931.40,-87.42
1931.50,-86.20
1931.60,-86.84
1931.70,-87.65
1931.80,-85.92
1931.90,-86.55
1932.00,-86.69
1932.10,-86.07
1932.20,-85.84
1932.30,-86.70
1932.40,-86.14
1932.50,-86.35
1932.60,-85.10
1932.70,-87.36
1932.80,-84.12
1932.90,-87.99
1933.00,-87.47
1933.10,-86.88
1933.20,-85.59
1933.30,-87.60
1933.40,-86.28
1933.50,-86.55
1933.60,-86.91
1933.70,-88.51
1933.80,-87.55
1933.90,-85.73
1934.00,-87.08
1934.10,-87.02
1934.20,-86.60
1934.30,-86.73
1934.40,-86.85
1934.50,-87.64
1934.60,-86.40
1934.70,-87.00
1934.80,-87.66
1934.90,-86.29
1935.00,-84.88
1935.10,-87.46
1935.20,-87.22
1935.30,-84.73
1935.40,-87.44
1935.50,-87.20
1935.60,-86.90
1935.70,-87.53
1935.80,-86.66
1935.90,-85.40
1936.00,-86.20
1936.10,-84.51
1936.20,-87.16
1936.30,-87.09
1936.40,-87.05
1936.50,-87.79
1936.60,-87.39
1936.70,-87.99
1936.80,-85.58
1936.90,-86.21
1937.00,-86.61
1937.10,-88.60
1937.20,-87.80
1937.30,-87.62
1937.40,-86.75
1937.50,-86.71
1937.60,-86.09
1937.70,-87.28
1937.80,-86.11
1937.90,-87.66
1938.00,-84.19
1938.00,-87.49
1938.10,-86.07
1938.20,-88.01
1938.30,-85.91
1938.40,-85.96
1938.50,-85.97
1938.60,-87.13
1938.70,-87.72
1938.80,-87.04
1938.90,-86.51
1939.00,-87.21
1939.10,-85.59
1939.20,-84.41
1939.30,-88.17
1939.40,-85.35
1939.50,-85.41
1939.60,-86.32
1939.70,-86.62
1939.80,-87.07
1939.90,-87.08
1940.00,-86.41
1940.10,-85.81
1940.20,-86.29
1940.30,-85.55
1940.40,-87.05
1940.50,-87.29
1940.60,-84.24
1940.70,-87.23
1940.80,-84.50
1940.90,-86.73
1941.00,-87.74
1941.10,-84.92
1941.20,-87.89
1941.30,-86.82
1941.40,-85.59
1941.50,-85.63
1941.60,-86.35
1941.70,-86.82
1941.80,-85.65
1941.90,-85.05
1942.00,-85.19
1942.10,-89.04
1942.20,-87.38
1942.30,-86.69
1942.40,-86.60
1942.50,-85.30
1942.60,-85.43
1942.70,-88.24
1942.80,-86.11
1942.90,-86.33
1943.00,-86.83
1943.10,-86.33
1943.20,-85.41
1943.30,-86.72
1943.40,-86.67
1943.50,-85.45
1943.60,-84.66
1943.70,-86.85
1943.80,-84.38
1943.90,-87.71
1944.00,-86.22
1944.10,-85.91
1944.20,-85.13
1944.30,-84.69
1944.40,-87.08
1944.50,-87.27
1944.60,-86.98
1944.70,-87.38
1944.80,-88.19
1944.90,-87.47
1945.00,-84.92
1945.10,-87.30
1945.20,-84.85
1945.30,-88.19
1945.40,-85.37
1945.50,-86.03
1945.60,-85.83
1945.70,-87.32
1945.80,-86.05
1945.90,-86.50
1946.00,-85.89
1946.10,-86.52
1946.20,-87.57
1946.30,-87.72
1946.40,-87.61
1946.50,-86.84
1946.60,-86.43
1946.70,-87.48
1946.80,-84.28
1946.90,-87.02
1947.00,-87.57
1947.10,-88.18
1947.20,-85.28
1947.30,-85.59
1947.40,-85.68
1947.50,-84.94
1947.60,-88.04
1947.70,-85.48
1947.80,-85.15
1947.90,-87.57
1948.00,-85.39
1948.10,-87.53
1948.20,-85.89
1948.30,-86.51
1948.40,-85.28
1948.50,-86.83
1948.60,-84.70
1948.70,-84.63
1948.80,-87.37
1948.90,-85.66
1949.00,-87.63
1949.10,-86.02
1949.20,-86.31
1949.30,-87.05
1949.40,-86.70
1949.50,-86.87
1949.60,-85.75
1949.70,-87.22
1949.80,-86.18
1949.90,-88.92
1950.00,-86.33
1950.10,-85.64
1950.20,-87.87
1950.30,-86.16
1950.40,-86.59
1950.50,-81.19
1950.60,-84.87
1950.70,-86.27
1950.80,-86.37
1950.90,-86.22
1951.00,-87.06
1951.10,-86.52
1951.20,-84.40
1951.30,-86.41
1951.40,-86.76
1951.50,-86.20
1951.60,-87.86
1951.70,-86.57
1951.80,-85.83
1951.90,-85.75
1952.00,-84.91
1952.10,-86.12
1952.20,-87.24
1952.30,-87.07
1952.40,-86.08
1952.50,-86.12
1952.60,-85.59
1952.70,-87.27
1952.80,-85.79
1952.90,-85.55
1953.00,-87.23
1953.10,-85.30
1953.20,-88.75
1953.30,-85.97
1953.40,-87.53
1953.50,-85.27
1953.60,-87.50
1953.70,-86.47
1953.80,-87.87
1953.90,-86.19
1954.00,-86.20
1954.10,-87.32
1954.20,-86.23
1954.30,-86.78
1954.40,-86.43
1954.50,-85.95
1954.60,-86.68
1954.70,-87.24
1954.80,-84.80
1954.90,-86.87
1955.00,-86.63
1955.10,-87.01
1955.20,-86.97
1955.30,-87.22
1955.40,-86.09
1955.50,-85.90
1955.60,-86.28
1955.70,-86.41
1955.80,-86.75
1955.90,-86.52
1956.00,-87.11
1956.10,-86.67
1956.20,-84.76
1956.30,-86.46
1956.40,-86.20
1956.50,-86.78
1956.60,-87.13
1956.70,-86.28
1956.80,-85.78
1956.90,-87.42
1957.00,-86.08
1957.10,-86.83
1957.20,-88.37
1957.30,-85.35
1957.40,-87.90
1957.50,-88.10
1957.60,-85.81
1957.70,-87.34
1957.80,-86.70
1957.90,-86.26
1958.00,-86.74
1958.10,-87.41
1958.20,-86.76
1958.30,-87.99
1958.40,-87.44
1958.50,-87.18
1958.60,-87.01
1958.70,-85.53
1958.80,-86.20
1958.90,-84.79
1959.00,-86.07
1959.10,-86.79
1959.20,-88.69
1959.30,-85.17
1959.40,-87.15
1959.50,-87.57
1959.60,-85.72
1959.70,-88.05
1959.80,-87.01
1959.90,-87.06
1960.00,-86.92
1960.10,-86.50
1960.20,-87.33
1960.30,-86.77
1960.40,-85.58
1960.50,-86.75
1960.60,-87.41
1960.70,-86.97
1960.80,-86.97
1960.90,-84.87
1961.00,-87.92
1961.10,-87.35
1961.20,-86.50
1961.30,-87.69
1961.40,-85.26
1961.50,-85.32
1961.60,-84.03
1961.70,-85.42
1961.80,-86.45
1961.90,-86.42
1962.00,-86.51
1962.10,-88.73
1962.20,-87.58
1962.30,-86.78
1962.40,-86.47
1962.50,-85.01
1962.60,-87.05
1962.70,-86.38
1962.80,-87.49
1962.90,-86.71
1963.00,-87.18
1963.10,-86.02
1963.20,-87.01
1963.30,-88.20
1963.40,-85.92
1963.50,-87.68
1963.60,-84.44
1963.70,-88.40
1963.80,-88.48
1963.90,-85.70
1964.00,-85.48
1964.10,-87.94
1964.20,-87.53
1964.30,-86.06
1964.40,-86.85
1964.50,-87.35
1964.60,-85.88
1964.70,-86.44
1964.80,-86.37
1964.90,-86.48
1965.00,-85.72
1965.10,-85.69
1965.20,-86.61
1965.30,-87.42
1965.40,-85.67
1965.50,-87.36
1965.60,-86.34
1965.70,-86.02
1965.80,-86.34
1965.90,-84.91
1966.00,-86.91
1966.10,-84.17
1966.20,-85.72
1966.30,-86.53
1966.40,-87.50
1966.50,-87.42
1966.60,-87.36
1966.70,-84.84
1966.80,-88.14
1966.90,-87.45
1967.00,-87.15
1967.10,-86.62
1967.20,-89.12
1967.30,-86.51
1967.40,-84.00
1967.50,-87.36
1967.60,-86.91
1967.70,-85.13
1967.80,-84.35
1967.90,-85.96
1968.00,-85.49
1968.10,-86.61
1968.20,-86.84
1968.30,-87.97
1968.40,-85.33
1968.50,-85.88
1968.60,-85.60
1968.70,-86.28
1968.80,-86.37
1968.90,-85.35
1969.00,-85.85
1969.10,-87.80
1969.20,-87.02
1969.30,-85.63
1969.40,-85.87
1969.50,-88.35
1969.60,-87.33
1969.70,-85.50
1969.80,-84.15
1969.90,-87.12
1970.00,-86.55
1970.10,-84.90
1970.20,-88.50
1970.30,-87.25
1970.40,-87.29
1970.50,-84.94
1970.60,-87.39
1970.70,-87.70
1970.80,-87.60
1970.90,-87.52
1971.00,-87.15
1971.10,-87.12
1971.20,-87.11
1971.30,-87.73
1971.40,-84.43
1971.50,-85.17
1971.60,-86.97
1971.70,-87.30
1971.80,-86.97
1971.90,-85.64
1972.00,-86.87
1972.10,-86.81
1972.20,-85.86
1972.30,-86.73
1972.40,-85.71
1972.50,-86.38
1972.60,-87.88
1972.70,-85.25
1972.80,-88.67
1972.90,-85.74
1973.00,-87.30
1973.10,-86.09
1973.20,-86.63
1973.30,-84.64
1973.40,-85.10
1973.50,-86.61
1973.60,-85.32
1973.70,-88.89
1973.80,-85.00
1973.90,-86.79
1974.00,-87.64
1974.10,-87.12
1974.20,-86.89
1974.30,-87.29
1974.40,-87.56
1974.50,-88.03
1974.60,-86.78
1974.70,-86.76
1974.80,-87.18
1974.90,-87.44
1975.00,-87.20
1975.10,-85.51
1975.20,-87.08
1975.30,-86.32
1975.40,-88.01
1975.50,-86.13
1975.60,-86.54
1975.70,-84.82
1975.80,-86.45
1975.90,-86.78
1976.00,-87.43
1976.10,-86.39
1976.20,-87.26
1976.30,-86.54
1976.40,-86.43
1976.50,-87.27
1976.60,-85.87
1976.70,-87.84
1976.80,-87.28
1976.90,-87.00
1977.00,-86.91
1977.10,-86.14
1977.20,-87.75
1977.30,-87.02
1977.40,-86.09
1977.50,-86.31
1977.60,-86.10
1977.70,-87.37
1977.80,-86.49
1977.90,-87.25
1978.00,-86.14
1978.10,-88.05
1978.20,-84.69
1978.30,-86.92
1978.40,-87.27
1978.50,-87.01
1978.60,-86.57
1978.70,-86.98
1978.80,-86.52
1978.90,-87.76
1979.00,-85.28
1979.10,-86.29
1979.20,-86.64
1979.30,-86.36
1979.40,-86.99
1979.50,-85.61
1979.60,-86.60
1979.70,-87.64
1979.80,-85.91
1979.90,-86.05
1980.00,-86.01
1980.10,-86.96
1980.20,-87.70
1980.30,-84.30
1980.40,-84.49
1980.50,-86.73
1980.60,-86.78
1980.70,-84.68
1980.80,-86.66
1980.90,-87.05
1981.00,-85.65
1981.10,-86.52
1981.20,-85.85
1981.30,-86.66
1981.40,-86.69
1981.50,-84.57
1981.60,-86.20
1981.70,-86.62
1981.80,-85.85
1981.90,-85.34
1982.00,-86.85
1982.10,-87.08
1982.20,-88.18
1982.30,-86.86
1982.40,-87.99
1982.50,-85.56
1982.60,-85.35
1982.70,-86.56
1982.80,-84.49
1982.90,-87.14
1983.00,-85.58
1983.10,-88.45
1983.20,-84.17
1983.30,-86.64
1983.40,-87.11
1983.50,-84.78
1983.60,-87.16
1983.70,-84.94
1983.80,-85.88
1983.90,-86.18
1984.00,-87.87
1984.00,-88.93
1984.03,-85.40
1984.07,-86.94
1984.10,-85.58
1984.14,-86.08
1984.17,-86.47
1984.21,-87.81
1984.24,-85.74
1984.28,-86.97
1984.31,-85.52
1984.35,-86.99
1984.38,-84.94
1984.42,-88.86
1984.45,-89.21
1984.49,-85.42
1984.52,-85.16
1984.56,-88.83
1984.59,-87.16
1984.63,-85.79
1984.66,-87.24
1984.70,-88.52
1984.73,-87.61
1984.77,-86.90
1984.80,-86.39
1984.83,-89.06
1984.87,-86.95
1984.90,-87.68
1984.94,-86.31
1984.97,-87.58
1985.01,-88.10
1985.04,-86.08
1985.08,-87.72
1985.11,-87.66
1985.15,-88.64
1985.18,-87.36
1985.22,-83.77
1985.25,-84.74
1985.29,-88.17
1985.32,-88.22
1985.36,-87.49
1985.39,-83.94
1985.43,-88.62
1985.46,-87.85
1985.50,-87.60
1985.53,-86.12
1985.57,-89.17
1985.60,-89.09
1985.63,-87.68
1985.67,-88.55
1985.70,-88.14
1985.74,-88.59
1985.77,-85.79
1985.81,-87.99
1985.84,-85.69
1985.88,-86.11
1985.91,-86.00
1985.95,-86.16
1985.98,-88.24
1986.02,-85.54
1986.05,-87.54
1986.09,-86.15
1986.12,-86.03
1986.16,-87.29
1986.19,-87.71
1986.23,-88.65
1986.26,-86.35
1986.30,-86.88
1986.33,-87.85
1986.37,-88.27
1986.40,-86.18
1986.43,-85.92
1986.47,-83.77
1986.50,-87.49
1986.54,-87.23
1986.57,-88.97
1986.61,-86.65
1986.64,-87.13
1986.68,-86.64
1986.71,-86.65
1986.75,-87.71
1986.78,-87.38
1986.82,-84.83
1986.85,-84.13
1986.89,-87.66
1986.92,-87.44
1986.96,-87.01
1986.99,-87.10
1987.03,-87.01
1987.06,-86.47
1987.10,-87.39
1987.13,-86.94
1987.17,-87.63
1987.20,-87.79
1987.23,-87.48
1987.27,-88.84
1987.30,-85.94
1987.34,-87.04
1987.37,-86.27
1987.41,-86.44
1987.44,-87.08
1987.48,-86.19
1987.51,-85.76
1987.55,-87.12
1987.58,-87.70
1987.62,-87.61
1987.65,-84.32
1987.69,-86.31
1987.72,-89.14
1987.76,-87.89
1987.79,-85.39
1987.83,-86.40
1987.86,-87.11
1987.90,-87.83
1987.93,-86.07
1987.97,-86.31
1988.00,-86.56
1988.03,-87.06
1988.07,-87.32
1988.10,-84.89
1988.14,-87.74
1988.17,-85.70
1988.21,-87.46
1988.24,-86.32
1988.28,-86.79
1988.31,-87.41
1988.35,-87.61
1988.38,-87.02
1988.42,-86.80
1988.45,-87.90
1988.49,-84.89
1988.52,-85.64
1988.56,-86.75
1988.59,-88.14
1988.63,-87.54
1988.66,-87.74
1988.70,-86.60
1988.73,-86.11
1988.77,-86.31
1988.80,-87.58
1988.83,-86.47
1988.87,-88.57
1988.90,-86.63
1988.94,-88.00
1988.97,-84.58
1989.01,-86.75
1989.04,-85.51
1989.08,-86.98
1989.11,-87.03
1989.15,-88.80
1989.18,-85.69
1989.22,-86.25
1989.25,-86.82
1989.29,-87.89
1989.32,-89.24
1989.36,-87.74
1989.39,-88.24
1989.43,-85.56
1989.46,-87.74
1989.50,-87.73
1989.53,-86.08
1989.57,-86.31
1989.60,-87.11
1989.63,-86.69
1989.67,-86.93
1989.70,-88.68
1989.74,-87.14
1989.77,-88.47
1989.81,-87.44
1989.84,-83.44
1989.88,-87.12
1989.91,-86.34
1989.95,-86.26
1989.98,-86.91
1990.02,-86.90
1990.05,-87.13
1990.09,-88.41
1990.12,-86.82
1990.16,-86.28
1990.19,-87.74
1990.23,-88.92
1990.26,-87.94
1990.30,-87.38
1990.33,-86.11
1990.37,-85.49
1990.40,-87.91
1990.43,-88.39
1990.47,-86.04
1990.50,-86.51
1990.54,-87.03
1990.57,-86.81
1990.61,-86.79
1990.64,-87.30
1990.68,-86.15
1990.71,-86.85
1990.75,-87.37
1990.78,-88.44
1990.82,-86.91
1990.85,-85.87
1990.89,-86.87
1990.92,-85.79
1990.96,-88.28
1990.99,-88.07
1991.03,-87.48
1991.06,-86.77
1991.10,-86.96
1991.13,-86.46
1991.17,-88.24
1991.20,-86.52
1991.23,-86.12
1991.27,-86.18
1991.30,-87.84
1991.34,-86.78
1991.37,-87.79
1991.41,-88.00
1991.44,-87.04
1991.48,-87.00
1991.51,-85.64
1991.55,-84.55
1991.58,-88.08
1991.62,-88.42
1991.65,-86.86
1991.69,-86.91
1991.72,-87.41
1991.76,-86.53
1991.79,-86.29
1991.83,-88.96
1991.86,-86.76
1991.90,-87.54
1991.93,-86.01
1991.97,-86.09
1992.00,-84.65
1992.03,-87.17
1992.07,-86.09
1992.10,-84.31
1992.14,-87.55
1992.17,-89.46
1992.21,-86.33
1992.24,-87.44
1992.28,-87.30
1992.31,-86.40
1992.35,-87.20
1992.38,-88.01
1992.42,-87.02
1992.45,-84.65
1992.49,-85.01
1992.52,-85.90
1992.56,-86.31
1992.59,-86.34
1992.63,-85.32
1992.66,-87.29
1992.70,-86.65
1992.73,-87.08
1992.77,-87.41
1992.80,-86.54
1992.83,-88.52
1992.87,-86.33
1992.90,-85.51
1992.94,-86.12
1992.97,-87.09
1993.01,-87.37
1993.04,-85.12
1993.08,-85.98
1993.11,-85.79
1993.15,-87.67
1993.18,-84.87
1993.22,-86.96
1993.25,-84.60
1993.29,-86.70
1993.32,-87.76
1993.36,-87.08
1993.39,-87.66
1993.43,-87.95
1993.46,-86.98
1993.50,-88.41
1993.53,-86.59
1993.57,-87.49
1993.60,-83.82
1993.63,-88.05
1993.67,-86.05
1993.70,-87.54
1993.74,-86.87
1993.77,-87.72
1993.81,-86.83
1993.84,-86.65
1993.88,-86.75
1993.91,-88.25
1993.95,-86.91
1993.98,-85.29
1994.02,-86.76
1994.05,-86.41
1994.09,-88.25
1994.12,-85.69
1994.16,-86.87
1994.19,-85.24
1994.23,-87.19
1994.26,-85.47
1994.30,-87.46
1994.33,-86.07
1994.37,-87.50
1994.40,-86.98
1994.43,-87.39
1994.47,-86.70
1994.50,-86.12
1994.54,-85.43
1994.57,-86.76
1994.61,-85.15
1994.64,-87.93
1994.68,-86.08
1994.71,-87.80
1994.75,-87.38
1994.78,-88.17
1994.82,-89.29
1994.85,-83.53
1994.89,-86.07
1994.92,-87.50
1994.96,-89.13
1994.99,-85.68
1995.03,-88.36
1995.06,-85.05
1995.10,-86.64
1995.13,-87.06
1995.17,-87.32
1995.20,-88.68
1995.23,-86.80
1995.27,-86.35
1995.30,-88.02
1995.34,-88.18
1995.37,-87.33
1995.41,-86.66
1995.44,-89.10
1995.48,-86.25
1995.51,-86.38
1995.55,-87.88
1995.58,-86.64
1995.62,-86.34
1995.65,-87.87
1995.69,-87.20
1995.72,-86.67
1995.76,-88.22
1995.79,-85.82
1995.83,-87.92
1995.86,-86.67
1995.90,-85.96
1995.93,-88.90
1995.97,-87.38
1996.00,-85.71
1996.03,-86.89
1996.07,-86.43
1996.10,-86.90
1996.14,-86.42
1996.17,-86.12
1996.21,-86.27
1996.24,-88.52
1996.28,-87.74
1996.31,-86.27
1996.35,-87.65
1996.38,-89.05
1996.42,-88.12
1996.45,-85.13
1996.49,-86.06
1996.52,-86.04
1996.56,-87.76
1996.59,-86.78
1996.63,-88.30
1996.66,-87.97
1996.70,-87.51
1996.73,-85.14
1996.77,-85.93
1996.80,-87.38
1996.83,-86.87
1996.87,-87.82
1996.90,-87.31
1996.94,-85.41
1996.97,-87.25
1997.01,-85.78
1997.04,-87.44
1997.08,-87.93
1997.11,-86.70
1997.15,-87.11
1997.18,-86.00
1997.22,-85.98
1997.25,-86.08
1997.29,-87.29
1997.32,-85.74
1997.36,-87.18
1997.39,-85.57
1997.43,-85.83
1997.46,-87.92
1997.50,-85.83
1997.53,-85.62
1997.57,-87.52
1997.60,-88.46
1997.63,-88.24
1997.67,-86.94
1997.70,-88.69
1997.74,-86.48
1997.77,-85.91
1997.81,-88.61
1997.84,-85.84
1997.88,-85.90
1997.91,-89.85
1997.95,-87.94
1997.98,-87.13
1998.02,-86.83
1998.05,-88.14
1998.09,-88.78
1998.12,-89.51
1998.16,-87.24
1998.19,-87.72
1998.23,-86.32
1998.26,-86.70
1998.30,-85.71
1998.33,-88.53
1998.37,-88.98
1998.40,-85.46
1998.43,-87.86
1998.47,-86.63
1998.50,-87.78
1998.54,-86.83
1998.57,-87.30
1998.61,-85.30
1998.64,-83.29
1998.68,-86.18
1998.71,-86.69
1998.75,-87.52
1998.78,-87.08
1998.82,-86.23
1998.85,-87.23
1998.89,-86.84
1998.92,-87.48
1998.96,-85.22
1998.99,-86.80
1999.03,-87.91
1999.06,-89.28
1999.10,-87.20
1999.13,-85.79
1999.17,-87.04
1999.20,-87.52
1999.23,-85.34
1999.27,-87.70
1999.30,-87.88
1999.34,-87.69
1999.37,-89.64
1999.41,-86.35
1999.44,-88.27
1999.48,-88.40
1999.51,-86.30
1999.55,-87.16
1999.58,-85.87
1999.62,-87.33
1999.65,-88.50
1999.69,-86.93
1999.72,-83.95
1999.76,-88.32
1999.79,-86.59
1999.83,-86.98
1999.86,-85.88
1999.90,-85.00
1999.93,-86.34
1999.97,-87.35
2000.00,-85.12
2400.00,-83.45
2400.10,-86.24
2400.20,-86.59
2400.30,-84.20
2400.40,-86.04
2400.50,-84.78
2400.60,-83.16
2400.70,-84.97
2400.80,-85.80
2400.90,-86.54
2401.00,-85.53
2401.10,-83.55
2401.20,-84.75
2401.30,-84.13
2401.40,-85.53
2401.50,-85.80
2401.60,-84.03
2401.70,-84.69
2401.80,-85.58
2401.90,-86.83
2402.00,-86.11
2402.10,-81.93
2402.20,-84.59
2402.30,-84.76
2402.40,-86.09
2402.50,-85.66
2402.60,-85.66
2402.70,-86.24
2402.80,-84.57
2402.90,-85.91
2403.00,-85.15
2403.10,-86.21
2403.20,-84.97
2403.30,-84.90
2403.40,-87.31
2403.50,-85.88
2403.60,-86.99
2403.70,-85.51
2403.80,-85.50
2403.90,-86.16
2404.00,-85.52
2404.10,-86.30
2404.20,-84.98
2404.30,-85.16
2404.40,-86.26
2404.50,-85.09
2404.60,-85.80
2404.70,-84.37
2404.80,-85.47
2404.90,-85.06
2405.00,-85.42
2405.10,-83.88
2405.20,-84.50
2405.30,-85.66
2405.40,-84.83
2405.50,-87.84
2405.60,-85.72
2405.70,-85.38
2405.80,-85.99
2405.90,-87.05
2406.00,-84.84
2406.10,-85.13
2406.20,-85.23
2406.30,-86.34
2406.40,-86.08
2406.50,-87.81
2406.60,-84.07
2406.70,-84.03
2406.80,-85.07
2406.90,-86.09
2407.00,-86.31
2407.10,-84.02
2407.20,-82.44
2407.30,-80.64
2407.40,-86.60
2407.50,-81.09
2407.60,-84.79
2407.70,-84.37
2407.80,-84.97
2407.90,-85.20
2408.00,-83.57
2408.10,-82.91
2408.20,-82.78
2408.30,-83.05
2408.40,-84.48
2408.50,-84.23
2408.60,-86.56
2408.70,-82.75
2408.80,-80.84
2408.90,-83.49
2409.00,-84.85
2409.10,-82.09
2409.20,-83.27
2409.30,-83.89
2409.40,-83.72
2409.50,-78.64
2409.60,-85.94
2409.70,-82.98
2409.80,-84.38
2409.90,-85.11
2410.00,-80.98
2410.10,-83.19
2410.20,-85.45
2410.30,-83.08
2410.40,-82.96
2410.50,-83.88
2410.60,-85.33
2410.70,-83.06
2410.80,-84.54
2410.90,-85.64
2411.00,-86.01
2411.10,-85.33
2411.20,-86.33
2411.30,-84.98
2411.40,-86.48
2411.50,-84.96
2411.60,-83.80
2411.70,-86.32
2411.80,-86.42
2411.90,-87.24
2412.00,-85.09
2412.10,-85.92
2412.20,-82.96
2412.30,-83.74
2412.40,-84.03
2412.50,-85.05
2412.60,-86.79
2412.70,-83.86
2412.80,-84.65
2412.90,-85.76
2413.00,-87.14
2413.10,-86.79
2413.20,-87.43
2413.30,-84.72
2413.40,-85.59
2413.50,-85.67
2413.60,-85.47
2413.70,-85.81
2413.80,-85.17
2413.90,-87.23
2414.00,-84.60
2414.10,-85.22
2414.20,-85.24
2414.30,-86.01
2414.40,-86.30
2414.50,-85.05
2414.60,-84.01
2414.70,-84.44
2414.80,-84.13
2414.90,-86.86
2415.00,-85.68
2415.10,-84.21
2415.20,-81.72
2415.30,-86.79
2415.40,-86.20
2415.50,-81.49
2415.60,-83.08
2415.70,-86.26
2415.80,-83.78
2415.90,-82.39
2416.00,-86.24
2416.10,-85.76
2416.20,-82.22
2416.30,-85.59
2416.40,-85.65
2416.50,-84.38
2416.60,-83.70
2416.70,-85.30
2416.80,-83.28
2416.90,-85.06
2417.00,-85.68
2417.10,-86.21
2417.20,-84.55
2417.30,-87.50
2417.40,-84.35
2417.50,-86.12
2417.60,-84.75
2417.70,-85.93
2417.80,-83.71
2417.90,-84.20
2418.00,-86.00
2418.10,-85.31
2418.20,-83.81
2418.30,-82.89
2418.40,-85.92
2418.50,-85.18
2418.60,-84.17
2418.70,-83.83
2418.80,-84.55
2418.90,-84.52
2419.00,-86.03
2419.10,-86.64
2419.20,-85.10
2419.30,-86.90
2419.40,-86.16
2419.50,-83.61
2419.60,-87.53
2419.70,-85.69
2419.80,-84.10
2419.90,-85.17
2420.00,-84.31
2420.10,-86.62
2420.20,-85.34
2420.30,-84.72
2420.40,-82.21
2420.50,-86.85
2420.60,-86.84
2420.70,-85.73
2420.80,-85.51
2420.90,-67.79
2421.00,-85.43
2421.10,-86.76
2421.20,-84.15
2421.30,-84.50
2421.40,-84.06
2421.50,-86.93
2421.60,-86.52
2421.70,-84.43
2421.80,-85.39
2421.90,-85.05
2422.00,-86.31
2422.10,-85.71
2422.20,-85.59
2422.30,-85.88
2422.40,-83.01
2422.50,-86.88
2422.60,-86.05
2422.70,-84.89
2422.80,-85.98
2422.90,-86.72
2423.00,-83.98
2423.10,-86.24
2423.20,-85.83
2423.30,-85.49
2423.40,-86.75
2423.50,-85.98
2423.60,-85.53
2423.70,-86.65
2423.80,-82.59
2423.90,-84.73
2424.00,-84.58
2424.10,-85.04
2424.20,-85.32
2424.30,-83.69
2424.40,-84.99
2424.50,-83.94
2424.60,-86.62
2424.70,-87.23
2424.80,-84.79
2424.90,-85.58
2425.00,-86.00
2425.10,-83.68
2425.20,-84.92
2425.30,-85.77
2425.40,-86.94
2425.50,-84.50
2425.60,-84.33
2425.70,-70.31
2425.80,-82.20
2425.90,-75.86
2426.00,-80.78
2426.10,-82.53
2426.20,-84.17
2426.30,-84.35
2426.40,-86.60
2426.50,-86.83
2426.60,-83.90
2426.70,-83.63
2426.80,-84.72
2426.90,-86.10
2427.00,-85.93
2427.10,-83.57
2427.20,-84.86
2427.30,-84.46
2427.40,-82.80
2427.50,-86.68
2427.60,-85.49
2427.70,-85.54
2427.80,-85.22
2427.90,-85.33
2428.00,-84.76
2428.10,-84.72
2428.20,-87.10
2428.30,-85.61
2428.40,-85.79
2428.50,-87.77
2428.60,-85.19
2428.70,-87.59
2428.80,-84.87
2428.90,-81.58
2429.00,-84.53
2429.10,-85.77
2429.20,-83.63
2429.30,-85.78
2429.40,-86.13
2429.50,-85.06
2429.60,-85.30
2429.70,-85.17
2429.80,-85.49
2429.90,-86.22
2430.00,-81.54
2430.10,-79.33
2430.20,-84.51
2430.30,-84.44
2430.40,-85.90
2430.50,-86.97
2430.60,-81.90
2430.70,-79.63
2430.80,-85.78
2430.90,-85.97
2431.00,-87.55
2431.10,-82.45
2431.20,-84.31
2431.30,-86.25
2431.40,-83.34
2431.50,-81.54
2431.60,-85.36
2431.70,-85.01
2431.80,-86.35
2431.90,-84.14
2432.00,-85.79
2432.10,-84.86
2432.20,-85.17
2432.30,-86.28
2432.40,-85.36
2432.50,-83.14
2432.60,-81.82
2432.70,-86.20
2432.80,-86.00
2432.90,-86.34
2433.00,-87.33
2433.10,-87.18
2433.20,-86.49
2433.30,-84.68
2433.40,-85.74
2433.50,-86.21
2433.60,-87.72
2433.70,-83.71
2433.80,-82.91
2433.90,-86.28
2434.00,-85.86
2434.10,-86.18
2434.20,-86.54
2434.30,-86.12
2434.40,-85.27
2434.50,-87.15
2434.60,-86.14
2434.70,-85.94
2434.80,-81.98
2434.90,-83.92
2435.00,-86.04
2435.10,-85.54
2435.20,-86.06
2435.30,-84.93
2435.40,-70.00
2435.50,-85.13
2435.60,-86.64
2435.70,-80.53
2435.80,-85.55
2435.90,-81.89
2436.00,-84.54
2436.10,-84.90
2436.20,-86.37
2436.30,-84.41
2436.40,-84.08
2436.50,-82.21
2436.60,-84.30
2436.70,-85.77
2436.80,-87.64
2436.90,-86.43
2437.00,-85.06
2437.10,-84.71
2437.20,-84.24
2437.30,-85.43
2437.40,-86.60
2437.50,-84.49
2437.60,-84.79
2437.70,-85.37
2437.80,-85.51
2437.90,-84.17
2438.00,-84.96
2438.10,-86.56
2438.20,-84.87
2438.30,-86.46
2438.40,-86.96
2438.50,-84.96
2438.60,-85.86
2438.70,-88.04
2438.80,-84.83
2438.90,-86.29
2439.00,-85.08
2439.10,-85.45
2439.20,-85.69
2439.30,-87.61
2439.40,-83.51
2439.50,-86.19
2439.60,-86.17
2439.70,-86.54
2439.80,-86.24
2439.90,-84.26
2440.00,-85.80
2440.10,-88.06
2440.20,-84.57
2440.30,-86.39
2440.40,-82.16
2440.50,-86.66
2440.60,-87.30
2440.70,-83.84
2440.80,-85.73
2440.90,-86.39
2441.00,-84.49
2441.10,-83.90
2441.20,-84.91
2441.30,-83.18
2441.40,-85.20
2441.50,-88.25
2441.60,-86.42
2441.70,-86.25
2441.80,-85.24
2441.90,-85.31
2442.00,-86.13
2442.10,-87.44
2442.20,-85.43
2442.30,-86.86
2442.40,-84.70
2442.50,-85.55
2442.60,-86.26
2442.70,-85.79
2442.80,-86.22
2442.90,-85.85
2443.00,-85.98
2443.10,-85.54
2443.20,-86.74
2443.30,-85.46
2443.40,-85.06
2443.50,-85.63
2443.60,-82.33
2443.70,-84.01
2443.80,-84.86
2443.90,-82.97
2444.00,-86.91
2444.10,-87.25
2444.20,-85.07
2444.30,-85.34
2444.40,-86.51
2444.50,-84.48
2444.60,-83.29
2444.70,-86.17
2444.80,-85.89
2444.90,-85.81
2445.00,-85.45
2445.10,-84.67
2445.20,-85.94
2445.30,-85.25
2445.40,-86.57
2445.50,-85.89
2445.60,-85.84
2445.70,-86.89
2445.80,-84.07
2445.90,-86.20
2446.00,-87.48
2446.00,-87.78
2446.10,-85.82
2446.20,-85.49
2446.30,-87.12
2446.40,-85.90
2446.50,-85.42
2446.60,-85.08
2446.70,-85.39
2446.80,-86.45
2446.90,-84.20
2447.00,-86.55
2447.10,-86.93
2447.20,-85.30
2447.30,-86.75
2447.40,-85.61
2447.50,-85.27
2447.60,-87.86
2447.70,-83.52
2447.80,-83.41
2447.90,-86.43
2448.00,-85.62
2448.10,-85.26
2448.20,-85.27
2448.30,-86.95
2448.40,-87.35
2448.50,-86.08
2448.60,-85.57
2448.70,-85.94
2448.80,-86.89
2448.90,-86.76
2449.00,-85.82
2449.10,-85.47
2449.20,-84.39
2449.30,-85.43
2449.40,-85.57
2449.50,-86.76
2449.60,-85.85
2449.70,-86.62
2449.80,-82.50
2449.90,-85.83
2450.00,-86.17
2450.10,-84.72
2450.20,-85.42
2450.30,-84.96
2450.40,-85.68
2450.50,-87.03
2450.60,-86.43
2450.70,-82.10
2450.80,-84.78
2450.90,-84.40
2451.00,-82.45
2451.10,-84.72
2451.20,-84.27
2451.30,-85.78
2451.40,-85.86
2451.50,-86.44
2451.60,-85.10
2451.70,-85.04
2451.80,-83.74
2451.90,-82.56
2452.00,-80.59
2452.10,-86.87
2452.20,-83.34
2452.30,-84.24
2452.40,-82.83
2452.50,-82.73
2452.60,-79.40
2452.70,-82.37
2452.80,-79.69
2452.90,-72.35
2453.00,-73.92
2453.10,-68.11
2453.20,-67.72
2453.30,-65.96
2453.40,-64.85
2453.50,-60.22
2453.60,-64.51
2453.70,-62.75
2453.80,-65.65
2453.90,-62.43
2454.00,-64.46
2454.10,-62.04
2454.20,-63.35
2454.30,-60.33
2454.40,-63.00
2454.50,-57.10
2454.60,-68.91
2454.70,-73.46
2454.80,-58.45
2454.90,-67.58
2455.00,-60.58
2455.10,-61.77
2455.20,-68.30
2455.30,-66.79
2455.40,-62.48
2455.50,-62.58
2455.60,-69.46
2455.70,-68.00
2455.80,-58.57
2455.90,-63.75
2456.00,-60.54
2456.10,-61.81
2456.20,-64.62
2456.30,-62.11
2456.40,-59.73
2456.50,-74.08
2456.60,-60.00
2456.70,-62.23
2456.80,-62.41
2456.90,-62.94
2457.00,-59.39
2457.10,-66.67
2457.20,-65.75
2457.30,-62.88
2457.40,-65.10
2457.50,-62.97
2457.60,-60.15
2457.70,-67.39
2457.80,-66.24
2457.90,-62.23
2458.00,-64.00
2458.10,-64.19
2458.20,-62.29
2458.30,-60.71
2458.40,-64.69
2458.50,-65.33
2458.60,-62.01
2458.70,-63.23
2458.80,-65.88
2458.90,-60.69
2459.00,-64.72
2459.10,-63.04
2459.20,-61.68
2459.30,-65.53
2459.40,-66.18
2459.50,-62.44
2459.60,-64.68
2459.70,-65.40
2459.80,-63.35
2459.90,-64.45
2460.00,-60.29
2460.10,-64.55
2460.20,-65.97
2460.30,-66.86
2460.40,-65.55
2460.50,-68.99
2460.60,-68.55
2460.70,-68.68
2460.80,-69.26
2460.90,-67.05
2461.00,-69.13
2461.10,-65.16
2461.20,-68.28
2461.30,-70.01
2461.40,-72.05
2461.50,-71.99
2461.60,-70.26
2461.70,-69.49
2461.80,-72.13
2461.90,-83.47
2462.00,-76.54
2462.10,-84.23
2462.20,-70.19
2462.30,-71.51
2462.40,-79.34
2462.50,-69.98
2462.60,-74.14
2462.70,-77.71
2462.80,-69.47
2462.90,-68.72
2463.00,-73.37
2463.10,-74.37
2463.20,-73.27
2463.30,-66.86
2463.40,-71.53
2463.50,-71.10
2463.60,-72.13
2463.70,-71.62
2463.80,-68.42
2463.90,-68.26
2464.00,-67.02
2464.10,-67.62
2464.20,-68.83
2464.30,-68.20
2464.40,-68.36
2464.50,-69.40
2464.60,-69.03
2464.70,-67.90
2464.80,-63.90
2464.90,-66.39
2465.00,-65.96
2465.10,-65.40
2465.20,-69.22
2465.30,-68.56
2465.40,-62.26
2465.50,-67.83
2465.60,-70.25
2465.70,-66.06
2465.80,-58.04
2465.90,-64.00
2466.00,-66.76
2466.10,-71.54
2466.20,-71.74
2466.30,-69.68
2466.40,-62.05
2466.50,-63.80
2466.60,-68.47
2466.70,-65.08
2466.80,-68.24
2466.90,-72.30
2467.00,-73.23
2467.10,-65.71
2467.20,-65.44
2467.30,-63.80
2467.40,-66.07
2467.50,-70.94
2467.60,-73.74
2467.70,-65.41
2467.80,-65.35
2467.90,-65.64
2468.00,-68.66
2468.10,-65.86
2468.20,-78.56
2468.30,-64.62
2468.40,-68.63
2468.50,-66.22
2468.60,-66.13
2468.70,-65.88
2468.80,-66.89
2468.90,-66.30
2469.00,-84.16
2469.10,-68.41
2469.20,-65.62
2469.30,-66.26
2469.40,-68.70
2469.50,-72.32
2469.60,-70.45
2469.70,-73.73
2469.80,-64.04
2469.90,-69.73
2470.00,-66.60
2470.10,-66.24
2470.20,-65.21
2470.30,-68.40
2470.40,-67.20
2470.50,-75.32
2470.60,-68.09
2470.70,-71.87
2470.80,-70.14
2470.90,-77.95
2471.00,-73.34
2471.10,-78.06
2471.20,-82.12
2471.30,-83.05
2471.40,-84.52
2471.50,-86.30
2471.60,-83.45
2471.70,-83.54
2471.80,-85.21
2471.90,-84.25
2472.00,-84.86
2472.10,-83.75
2472.20,-86.18
2472.30,-86.47
2472.40,-84.39
2472.50,-84.88
2472.60,-85.78
2472.70,-83.54
2472.80,-85.83
2472.90,-85.73
2473.00,-86.14
2473.10,-85.37
2473.20,-84.28
2473.30,-86.84
2473.40,-85.28
2473.50,-84.24
2473.60,-85.36
2473.70,-86.75
2473.80,-84.32
2473.90,-85.53
2474.00,-85.72
2474.10,-85.34
2474.20,-87.05
2474.30,-83.59
2474.40,-87.32
2474.50,-85.05
2474.60,-84.54
2474.70,-84.92
2474.80,-87.42
2474.90,-86.86
2475.00,-86.66
2475.10,-86.33
2475.20,-86.38
2475.30,-86.76
2475.40,-86.08
2475.50,-84.88
2475.60,-85.50
2475.70,-85.21
2475.80,-85.47
2475.90,-85.03
2476.00,-86.80
2476.10,-86.26
2476.20,-85.45
2476.30,-86.39
2476.40,-85.74
2476.50,-83.99
2476.60,-85.49
2476.70,-85.40
2476.80,-84.58
2476.90,-85.06
2477.00,-84.73
2477.10,-87.15
2477.20,-85.72
2477.30,-86.33
2477.40,-86.68
2477.50,-85.59
2477.60,-83.32
2477.70,-85.63
2477.80,-87.46
2477.90,-86.15
2478.00,-86.61
2478.10,-87.73
2478.20,-84.74
2478.30,-87.50
2478.40,-85.95
2478.50,-84.82
2478.60,-84.24
2478.70,-86.12
2478.80,-84.53
2478.90,-85.06
2479.00,-87.13
2479.10,-86.63
2479.20,-87.57
2479.30,-84.51
2479.40,-85.57
2479.50,-81.95
2479.60,-81.00
2479.70,-84.94
2479.80,-85.66
2479.90,-85.81
2480.00,-86.10
2480.10,-84.47
2480.20,-86.56
2480.30,-85.19
2480.40,-84.81
2480.50,-85.81
2480.60,-86.96
2480.70,-84.58
2480.80,-86.21
2480.90,-84.98
2481.00,-85.61
2481.10,-86.97
2481.20,-85.61
2481.30,-84.50
2481.40,-86.75
2481.50,-86.23
2481.60,-85.03
2481.70,-84.82
2481.80,-86.56
2481.90,-84.32
2482.00,-86.15
2482.10,-85.40
2482.20,-86.09
2482.30,-85.62
2482.40,-86.35
2482.50,-85.98
2482.60,-84.79
2482.70,-84.81
2482.80,-85.59
2482.90,-85.34
2483.00,-86.65
2483.10,-85.69
2483.20,-86.54
2483.30,-85.30
2483.40,-85.78
2483.50,-86.22
2483.60,-84.33
2483.70,-87.69
2483.80,-86.14
2483.90,-86.01
2484.00,-85.52
2484.10,-86.09
2484.20,-85.80
2484.30,-84.60
2484.40,-85.85
2484.50,-86.47
2484.60,-85.69
2484.70,-83.87
2484.80,-84.63
2484.90,-83.14
2485.00,-85.90
2485.10,-87.52
2485.20,-86.31
2485.30,-84.83
2485.40,-86.23
2485.50,-85.21
2485.60,-85.57
2485.70,-85.94
2485.80,-84.37
2485.90,-84.53
2486.00,-85.28
2486.10,-86.08
2486.20,-85.56
2486.30,-86.33
2486.40,-85.40
2486.50,-85.51
2486.60,-86.88
2486.70,-86.45
2486.80,-86.72
2486.90,-87.46
2487.00,-84.79
2487.10,-86.00
2487.20,-85.12
2487.30,-86.19
2487.40,-86.06
2487.50,-85.77
2487.60,-85.20
2487.70,-85.19
2487.80,-87.30
2487.90,-84.62
2488.00,-86.03
2488.10,-87.44
2488.20,-85.54
2488.30,-84.41
2488.40,-86.48
2488.50,-86.20
2488.60,-86.17
2488.70,-83.33
2488.80,-84.62
2488.90,-85.97
2489.00,-85.92
2489.10,-84.83
2489.20,-84.56
2489.30,-86.89
2489.40,-86.56
2489.50,-86.18
2489.60,-85.11
2489.70,-85.54
2489.80,-88.65
2489.90,-84.62
2490.00,-85.92
2490.10,-85.60
2490.20,-87.66
2490.30,-86.44
2490.40,-85.63
2490.50,-84.19
2490.60,-85.77
2490.70,-85.72
2490.80,-86.56
2490.90,-85.83
2491.00,-85.80
2491.10,-86.60
2491.20,-85.05
2491.30,-86.21
2491.40,-86.16
2491.50,-86.38
2491.60,-86.22
2491.70,-86.29
2491.80,-86.56
2491.90,-86.36
2492.00,-86.47
2492.00,-88.11
2492.02,-87.05
2492.03,-87.81
2492.05,-87.27
2492.07,-88.88
2492.09,-89.39
2492.10,-87.37
2492.12,-84.99
2492.14,-87.47
2492.16,-85.45
2492.17,-86.04
2492.19,-84.95
2492.21,-84.89
2492.23,-84.23
2492.24,-86.46
2492.26,-87.51
2492.28,-90.99
2492.30,-88.77
2492.31,-86.16
2492.33,-86.97
2492.35,-86.28
2492.37,-86.53
2492.38,-85.17
2492.40,-88.84
2492.42,-86.51
2492.43,-88.87
2492.45,-86.92
2492.47,-85.78
2492.49,-88.68
2492.50,-86.19
2492.52,-87.13
2492.54,-87.02
2492.56,-86.67
2492.57,-85.20
2492.59,-86.71
2492.61,-87.29
2492.63,-86.83
2492.64,-87.69
2492.66,-89.09
2492.68,-87.28
2492.70,-85.66
2492.71,-87.02
2492.73,-88.75
2492.75,-88.30
2492.77,-87.10
2492.78,-86.59
2492.80,-87.31
2492.82,-87.76
2492.83,-87.18
2492.85,-89.32
2492.87,-87.79
2492.89,-88.53
2492.90,-85.39
2492.92,-86.28
2492.94,-86.67
2492.96,-89.91
2492.97,-88.27
2492.99,-87.90
2493.01,-87.12
2493.03,-87.29
2493.04,-89.03
2493.06,-87.12
2493.08,-86.56
2493.10,-87.93
2493.11,-88.25
2493.13,-86.73
2493.15,-86.40
2493.17,-89.47
2493.18,-87.77
2493.20,-88.19
2493.22,-88.54
2493.23,-86.03
2493.25,-87.80
2493.27,-87.19
2493.29,-88.41
2493.30,-85.17
2493.32,-90.37
2493.34,-87.61
2493.36,-87.67
2493.37,-85.20
2493.39,-87.76
2493.41,-86.75
2493.43,-87.58
2493.44,-87.02
2493.46,-87.78
2493.48,-84.84
2493.50,-86.59
2493.51,-86.10
2493.53,-90.36
2493.55,-88.06
2493.57,-87.92
2493.58,-87.77
2493.60,-87.11
2493.62,-88.40
2493.63,-89.64
2493.65,-88.58
2493.67,-86.58
2493.69,-86.87
2493.70,-88.63
2493.72,-87.44
2493.74,-87.78
2493.76,-87.14
2493.77,-86.17
2493.79,-85.78
2493.81,-87.52
2493.83,-88.03
2493.84,-85.94
2493.86,-87.06
2493.88,-85.68
2493.90,-85.96
2493.91,-87.50
2493.93,-86.31
2493.95,-88.79
2493.97,-88.41
2493.98,-87.05
2494.00,-86.20
2494.02,-88.56
2494.03,-84.97
2494.05,-87.98
2494.07,-87.89
2494.09,-89.43
2494.10,-87.58
2494.12,-84.25
2494.14,-87.52
2494.16,-86.71
2494.17,-84.93
2494.19,-87.97
2494.21,-87.32
2494.23,-87.00
2494.24,-85.33
2494.26,-86.26
2494.28,-85.93
2494.30,-86.62
2494.31,-87.14
2494.33,-86.38
2494.35,-87.72
2494.37,-86.92
2494.38,-85.57
2494.40,-84.02
2494.42,-87.14
2494.43,-86.44
2494.45,-84.59
2494.47,-89.04
2494.49,-85.74
2494.50,-88.67
2494.52,-85.66
2494.54,-85.52
2494.56,-85.01
2494.57,-88.03
2494.59,-86.33
2494.61,-86.58
2494.63,-84.19
2494.64,-87.17
2494.66,-85.07
2494.68,-85.99
2494.70,-85.32
2494.71,-84.41
2494.73,-88.38
2494.75,-87.10
2494.77,-86.94
2494.78,-88.30
2494.80,-89.29
2494.82,-87.79
2494.83,-90.24
2494.85,-88.88
2494.87,-85.44
2494.89,-87.78
2494.90,-88.41
2494.92,-87.21
2494.94,-88.23
2494.96,-88.93
2494.97,-85.10
2494.99,-86.31
2495.01,-89.15
2495.03,-87.04
2495.04,-85.26
2495.06,-86.51
2495.08,-86.93
2495.10,-87.97
2495.11,-86.79
2495.13,-86.85
2495.15,-89.35
2495.17,-88.81
2495.18,-86.73
2495.20,-84.51
2495.22,-88.06
2495.23,-87.40
2495.25,-86.11
2495.27,-85.69
2495.29,-85.97
2495.30,-90.26
2495.32,-88.14
2495.34,-87.84
2495.36,-85.04
2495.37,-87.99
2495.39,-87.55
2495.41,-87.60
2495.43,-88.51
2495.44,-84.61
2495.46,-87.43
2495.48,-88.23
2495.50,-86.09
2495.51,-87.69
2495.53,-85.02
2495.55,-87.16
2495.57,-87.38
2495.58,-88.01
2495.60,-87.64
2495.62,-86.84
2495.63,-87.41
2495.65,-87.19
2495.67,-87.08
2495.69,-86.70
2495.70,-87.93
2495.72,-88.11
2495.74,-83.85
2495.76,-87.03
2495.77,-86.73
2495.79,-86.37
2495.81,-88.46
2495.83,-85.88
2495.84,-87.14
2495.86,-85.98
2495.88,-86.94
2495.90,-88.72
2495.91,-87.92
2495.93,-85.78
2495.95,-86.58
2495.97,-85.08
2495.98,-89.40
2496.00,-86.64
2496.02,-84.92
2496.03,-87.34
2496.05,-87.37
2496.07,-87.66
2496.09,-88.19
2496.10,-86.92
2496.12,-87.99
2496.14,-86.93
2496.16,-86.72
2496.17,-85.15
2496.19,-87.72
2496.21,-88.46
2496.23,-88.40
2496.24,-87.09
2496.26,-89.83
2496.28,-86.62
2496.30,-86.65
2496.31,-85.84
2496.33,-87.50
2496.35,-90.03
2496.37,-88.40
2496.38,-87.91
2496.40,-86.06
2496.42,-87.54
2496.43,-87.17
2496.45,-88.56
2496.47,-88.82
2496.49,-88.16
2496.50,-87.02
2496.52,-87.77
2496.54,-87.30
2496.56,-87.04
2496.57,-87.06
2496.59,-87.70
2496.61,-86.30
2496.63,-84.82
2496.64,-85.97
2496.66,-86.97
2496.68,-87.58
2496.70,-85.93
2496.71,-85.39
2496.73,-87.43
2496.75,-85.63
2496.77,-87.10
2496.78,-86.56
2496.80,-89.60
2496.82,-88.05
2496.83,-88.49
2496.85,-87.62
2496.87,-88.87
2496.89,-86.50
2496.90,-87.27
2496.92,-88.14
2496.94,-88.09
2496.96,-87.87
2496.97,-86.99
2496.99,-86.87
2497.01,-84.96
2497.03,-84.75
2497.04,-86.01
2497.06,-87.20
2497.08,-90.01
2497.10,-83.83
2497.11,-86.23
2497.13,-87.86
2497.15,-84.66
2497.17,-85.73
2497.18,-87.90
2497.20,-84.01
2497.22,-88.00
2497.23,-86.42
2497.25,-86.19
2497.27,-86.40
2497.29,-86.23
2497.30,-89.40
2497.32,-86.92
2497.34,-86.33
2497.36,-88.13
2497.37,-86.36
2497.39,-88.37
2497.41,-86.57
2497.43,-87.54
2497.44,-87.74
2497.46,-85.78
2497.48,-88.90
2497.50,-88.72
2497.51,-86.93
2497.53,-86.41
2497.55,-85.03
2497.57,-86.09
2497.58,-84.71
2497.60,-86.66
2497.62,-86.07
2497.63,-86.32
2497.65,-85.47
2497.67,-85.70
2497.69,-88.72
2497.70,-85.26
2497.72,-86.02
2497.74,-86.24
2497.76,-87.90
2497.77,-86.56
2497.79,-88.70
2497.81,-88.35
2497.83,-85.13
2497.84,-89.08
2497.86,-86.28
2497.88,-85.84
2497.90,-87.59
2497.91,-85.48
2497.93,-87.30
2497.95,-88.75
2497.97,-87.77
2497.98,-87.94
2498.00,-85.48
2498.02,-86.96
2498.03,-85.67
2498.05,-87.60
2498.07,-88.76
2498.09,-85.30
2498.10,-89.68
2498.12,-85.22
2498.14,-85.99
2498.16,-87.38
2498.17,-88.76
2498.19,-85.71
2498.21,-86.29
2498.23,-86.94
2498.24,-87.29
2498.26,-86.67
2498.28,-88.04
2498.30,-86.51
2498.31,-86.32
2498.33,-88.13
2498.35,-87.61
2498.37,-87.70
2498.38,-86.11
2498.40,-85.42
2498.42,-85.50
2498.43,-87.73
2498.45,-85.78
2498.47,-88.39
2498.49,-87.57
2498.50,-85.30
2498.52,-86.70
2498.54,-85.82
2498.56,-87.04
2498.57,-84.27
2498.59,-87.07
2498.61,-86.87
2498.63,-87.55
2498.64,-88.36
2498.66,-88.60
2498.68,-86.40
2498.70,-85.58
2498.71,-86.05
2498.73,-88.48
2498.75,-86.93
2498.77,-89.52
2498.78,-88.05
2498.80,-89.22
2498.82,-84.51
2498.83,-87.68
2498.85,-86.42
2498.87,-87.36
2498.89,-87.12
2498.90,-88.52
2498.92,-87.89
2498.94,-85.68
2498.96,-86.87
2498.97,-87.35
2498.99,-88.02
2499.01,-87.32
2499.03,-87.12
2499.04,-87.79
2499.06,-86.97
2499.08,-88.59
2499.10,-84.57
2499.11,-87.45
2499.13,-87.57
2499.15,-87.46
2499.17,-87.50
2499.18,-88.14
2499.20,-87.06
2499.22,-86.75
2499.23,-85.90
2499.25,-88.75
2499.27,-87.31
2499.29,-87.23
2499.30,-87.34
2499.32,-88.97
2499.34,-86.62
2499.36,-87.73
2499.37,-86.53
2499.39,-87.89
2499.41,-83.98
2499.43,-87.91
2499.44,-84.77
2499.46,-88.49
2499.48,-84.93
2499.50,-85.72
2499.51,-86.46
2499.53,-84.84
2499.55,-85.55
2499.57,-87.92
2499.58,-88.19
2499.60,-85.24
2499.62,-86.02
2499.63,-85.61
2499.65,-88.41
2499.67,-88.53
2499.69,-84.02
2499.70,-86.95
2499.72,-86.38
2499.74,-86.49
2499.76,-86.71
2499.77,-87.51
2499.79,-86.05
2499.81,-85.96
2499.83,-86.66
2499.84,-85.84
2499.86,-89.06
2499.88,-86.29
2499.90,-85.61
2499.91,-87.02
2499.93,-88.40
2499.95,-86.13
2499.97,-85.22
2499.98,-84.77
2500.00,-86.66
