50.080,-99.952
50.180,-100.209
50.280,-100.016
50.380,-101.956
50.480,-101.317
50.580,-99.439
50.680,-95.674
50.780,-99.264
50.880,-100.818
50.980,-95.903
51.080,-99.624
51.180,-99.627
51.280,-94.346
51.380,-98.178
51.480,-98.970
51.580,-98.600
51.680,-95.992
51.780,-98.354
51.880,-98.211
51.980,-97.855
52.080,-98.355
52.180,-99.060
52.280,-97.207
52.380,-96.778
52.480,-95.741
52.580,-97.786
52.680,-96.049
52.780,-93.748
52.880,-94.826
52.980,-94.091
53.080,-94.018
53.180,-98.038
53.280,-95.654
53.380,-95.493
53.480,-95.006
53.580,-97.576
53.680,-93.378
53.780,-90.705
53.880,-94.903
53.980,-96.784
54.080,-95.752
54.180,-95.482
54.280,-96.509
54.380,-95.202
54.480,-95.958
54.580,-96.528
54.680,-96.205
54.780,-94.370
54.880,-96.520
54.980,-94.166
55.080,-87.583
55.180,-88.360
55.280,-94.724
55.380,-95.113
55.480,-94.681
55.580,-93.564
55.680,-93.902
55.780,-95.523
55.880,-93.896
55.980,-95.088
56.080,-96.827
56.180,-93.552
56.280,-94.535
56.380,-96.336
56.480,-95.659
56.580,-93.802
56.680,-95.110
56.780,-84.916
56.880,-84.942
56.980,-94.409
57.080,-94.731
57.180,-94.857
57.280,-93.278
57.380,-94.547
57.480,-96.788
57.580,-95.942
57.680,-99.087
57.780,-97.753
57.880,-97.895
57.980,-97.108
58.080,-96.347
58.180,-96.614
58.280,-96.549
58.380,-94.836
58.480,-94.453
58.580,-95.825
58.680,-97.761
58.780,-97.101
58.880,-99.964
58.980,-99.602
59.080,-99.509
59.180,-92.071
59.280,-96.282
59.380,-97.185
59.480,-98.406
59.580,-95.252
59.680,-96.815
59.780,-95.421
59.880,-92.323
59.980,-91.636
60.080,-94.256
60.180,-98.245
60.280,-97.209
60.380,-94.893
60.480,-98.301
60.580,-96.698
60.680,-96.153
60.780,-94.302
60.880,-92.569
60.980,-93.837
61.080,-94.564
61.180,-91.142
61.280,-89.343
61.380,-91.732
61.480,-92.059
61.580,-91.811
61.680,-93.247
61.780,-93.859
61.880,-93.278
61.980,-97.430
62.080,-94.385
62.180,-90.399
62.280,-90.301
62.380,-92.119
62.480,-90.700
62.580,-91.745
62.680,-91.171
62.780,-91.593
62.880,-89.339
62.980,-88.135
63.080,-88.511
63.180,-92.055
63.280,-91.281
63.380,-94.584
63.480,-93.973
63.580,-93.976
63.680,-91.323
63.780,-91.352
63.880,-88.948
63.980,-91.953
64.080,-93.318
64.180,-92.880
64.280,-94.137
64.380,-93.370
64.480,-92.030
64.580,-93.606
64.680,-96.550
64.780,-96.197
64.880,-96.541
64.980,-94.955
65.080,-96.031
65.180,-94.618
65.280,-95.512
65.380,-95.816
65.480,-95.354
65.580,-97.246
65.680,-97.358
65.780,-96.237
65.880,-97.627
65.980,-93.028
66.080,-93.243
66.180,-98.922
66.280,-97.406
66.380,-98.040
66.480,-100.324
66.580,-98.692
66.680,-100.982
66.780,-100.000
66.880,-99.243
66.980,-99.692
67.080,-101.647
67.180,-100.948
67.280,-99.370
67.380,-101.568
67.480,-100.997
67.580,-98.104
67.680,-101.105
67.780,-100.167
67.880,-102.480
67.980,-101.069
68.080,-102.212
68.180,-102.377
68.280,-99.919
68.380,-93.608
68.480,-95.631
68.580,-103.995
68.680,-103.713
68.780,-104.790
68.880,-105.994
68.980,-104.522
69.080,-97.492
69.180,-98.166
69.280,-103.517
69.380,-102.961
69.480,-103.710
69.580,-104.035
69.680,-105.186
69.780,-103.752
69.880,-105.162
69.980,-101.210
70.080,-102.671
70.180,-101.322
70.280,-101.665
70.380,-103.310
70.480,-102.476
70.580,-103.249
70.680,-100.929
70.780,-102.504
70.880,-100.617
70.980,-101.512
71.080,-98.417
71.180,-98.779
71.280,-99.143
71.380,-98.182
71.480,-99.192
71.580,-100.214
71.680,-99.292
71.780,-97.642
71.880,-96.250
71.980,-96.248
72.080,-96.456
72.180,-89.360
72.280,-92.533
72.380,-98.318
72.480,-96.138
72.580,-96.993
72.680,-95.701
72.780,-93.515
72.880,-91.160
72.980,-93.751
73.080,-95.306
73.180,-98.590
73.280,-98.544
73.380,-98.273
73.480,-98.808
73.580,-99.845
73.680,-96.412
73.780,-96.536
73.880,-99.493
73.980,-99.092
74.080,-94.386
74.180,-79.482
74.280,-79.746
74.380,-90.747
74.480,-99.968
74.580,-100.262
74.680,-98.217
74.780,-99.841
74.880,-98.334
74.980,-98.432
75.080,-99.404
75.180,-91.443
75.280,-89.069
75.380,-94.579
75.480,-94.133
75.580,-94.360
75.680,-89.763
75.780,-87.000
75.880,-88.520
75.980,-89.381
76.080,-92.370
76.180,-93.456
76.280,-92.316
76.380,-93.937
76.480,-92.662
76.580,-92.263
76.680,-93.410
76.780,-90.824
76.880,-91.560
76.980,-90.725
77.080,-92.783
77.180,-92.121
77.280,-90.649
77.380,-91.196
77.480,-92.541
77.580,-94.529
77.680,-94.163
77.780,-95.929
77.880,-91.600
77.980,-94.017
78.080,-94.360
78.180,-96.613
78.280,-93.726
78.380,-93.182
78.480,-92.588
78.580,-90.803
78.680,-93.268
78.780,-97.280
78.880,-98.463
78.980,-99.089
79.080,-99.596
79.180,-99.984
79.280,-100.486
79.380,-100.908
79.480,-103.248
79.580,-98.784
79.680,-101.069
79.780,-97.818
79.880,-95.416
79.980,-90.320
80.080,-91.638
80.180,-100.347
80.280,-102.182
80.380,-100.822
80.480,-100.649
80.580,-101.535
80.680,-101.353
80.780,-99.903
80.880,-97.530
80.980,-97.861
81.080,-96.753
81.180,-95.461
81.280,-94.217
81.380,-89.727
81.480,-91.437
81.580,-93.338
81.680,-95.650
81.780,-95.788
81.880,-96.426
81.980,-95.758
82.080,-95.613
82.180,-95.783
82.280,-93.662
82.380,-95.385
82.480,-95.849
82.580,-90.702
82.680,-93.740
82.780,-89.415
82.880,-90.581
82.980,-89.649
83.080,-95.238
83.180,-94.174
83.280,-96.461
83.380,-96.630
83.480,-96.741
83.580,-94.883
83.680,-96.838
83.780,-99.444
83.880,-96.683
83.980,-95.699
84.080,-98.377
84.180,-96.022
84.280,-96.195
84.380,-92.565
84.480,-90.522
84.580,-96.036
84.680,-98.722
84.780,-99.758
84.880,-99.542
84.980,-98.642
85.080,-99.431
85.180,-97.625
85.280,-98.280
85.380,-99.841
85.480,-97.375
85.580,-86.615
85.680,-85.842
85.780,-96.409
85.880,-102.409
85.980,-95.892
86.080,-97.092
86.180,-96.860
86.280,-102.397
86.380,-101.449
86.480,-101.982
86.580,-102.807
86.680,-101.913
86.780,-102.883
86.880,-100.510
86.980,-97.614
87.080,-95.038
87.180,-95.863
87.280,-100.086
87.380,-98.588
87.480,-93.722
87.580,-92.912
87.680,-100.251
87.780,-96.946
87.880,-100.576
87.980,-100.872
88.080,-94.416
88.180,-99.422
88.280,-101.970
88.380,-100.152
88.480,-94.705
88.580,-98.804
88.680,-96.713
88.780,-97.618
88.880,-96.679
88.980,-98.993
89.080,-100.048
89.180,-99.000
89.280,-99.423
89.380,-101.161
89.480,-100.980
89.580,-100.811
89.680,-100.122
89.780,-98.426
89.880,-97.831
89.980,-101.449
90.080,-103.340
90.180,-103.140
90.280,-100.108
90.380,-102.464
90.480,-102.992
90.580,-104.430
90.680,-105.498
90.780,-101.567
90.880,-102.203
90.980,-105.172
91.080,-98.757
91.180,-100.236
91.280,-94.737
91.380,-98.304
91.480,-104.858
91.580,-105.050
91.680,-102.187
91.780,-99.251
91.880,-103.234
91.980,-105.952
92.080,-101.841
92.180,-101.469
92.280,-102.206
92.380,-104.321
92.480,-102.449
92.580,-103.104
92.680,-102.138
92.780,-101.409
92.880,-101.255
92.980,-103.479
93.080,-102.567
93.180,-103.145
93.280,-101.816
93.380,-103.349
93.480,-103.027
93.580,-102.596
93.680,-101.466
93.780,-103.685
93.880,-103.671
93.980,-101.947
94.080,-95.322
94.180,-99.906
94.280,-103.475
94.380,-103.061
94.480,-103.123
94.580,-102.467
94.680,-103.562
94.780,-91.941
94.880,-90.941
94.980,-91.297
95.080,-104.896
95.180,-104.292
95.280,-105.178
95.380,-107.009
95.480,-105.331
95.580,-103.781
95.680,-100.545
95.780,-90.745
95.880,-89.166
95.980,-91.756
96.080,-97.737
96.080,-100.999
96.180,-104.149
96.280,-103.469
96.380,-105.080
96.480,-104.205
96.580,-107.781
96.680,-105.886
96.780,-103.587
96.880,-101.909
96.980,-101.895
97.080,-108.414
97.180,-101.804
97.280,-102.020
97.380,-102.413
97.480,-104.715
97.580,-108.315
97.680,-110.108
97.780,-108.405
97.880,-105.099
97.980,-107.375
98.080,-101.080
98.180,-103.992
98.280,-104.002
98.380,-106.440
98.480,-106.964
98.580,-111.025
98.680,-108.464
98.780,-107.507
98.880,-106.960
98.980,-103.561
99.080,-100.033
99.180,-103.514
99.280,-107.130
99.380,-108.519
99.480,-109.425
99.580,-108.536
99.680,-108.523
99.780,-102.171
99.880,-100.266
99.980,-105.320
100.080,-106.637
100.180,-108.819
100.280,-109.205
100.380,-106.683
100.480,-108.424
100.580,-107.437
100.680,-106.162
100.780,-105.331
100.880,-110.322
100.980,-108.575
101.080,-106.972
101.180,-105.010
101.280,-108.725
101.380,-106.623
101.480,-108.545
101.580,-107.852
101.680,-109.546
101.780,-108.759
101.880,-109.494
101.980,-110.190
102.080,-105.645
102.180,-108.226
102.280,-111.845
102.380,-111.242
102.480,-110.488
102.580,-106.042
102.680,-111.074
102.780,-111.159
102.880,-108.703
102.980,-107.386
103.080,-105.960
103.180,-110.325
103.280,-107.575
103.380,-110.844
103.480,-109.008
103.580,-109.635
103.680,-109.960
103.780,-110.633
103.880,-108.499
103.980,-105.617
104.080,-105.718
104.180,-104.776
104.280,-107.704
104.380,-101.401
104.480,-101.527
104.580,-104.880
104.680,-105.201
104.780,-107.801
104.880,-105.555
104.980,-106.895
105.080,-103.717
105.180,-103.503
105.280,-103.970
105.380,-103.248
105.480,-103.203
105.580,-101.465
105.680,-100.740
105.780,-104.152
105.880,-103.207
105.980,-103.408
106.080,-102.358
106.180,-102.810
106.280,-103.096
106.380,-106.463
106.480,-102.476
106.580,-102.431
106.680,-102.663
106.780,-103.207
106.880,-104.214
106.980,-102.550
107.080,-102.916
107.180,-101.455
107.280,-102.267
107.380,-104.460
107.480,-101.723
107.580,-105.317
107.680,-104.102
107.780,-106.572
107.880,-107.903
107.980,-107.583
108.080,-107.208
108.180,-104.111
108.280,-105.812
108.380,-109.704
108.480,-108.064
108.580,-106.243
108.680,-100.089
108.780,-104.213
108.880,-111.011
108.980,-109.779
109.080,-106.773
109.180,-107.726
109.280,-109.067
109.380,-107.980
109.480,-109.821
109.580,-106.718
109.680,-106.496
109.780,-104.862
109.880,-101.887
109.980,-103.375
110.080,-100.324
170.080,-107.794
170.180,-103.256
170.280,-104.742
170.380,-106.660
170.480,-109.321
170.580,-107.310
170.680,-109.273
170.780,-109.627
170.880,-110.014
170.980,-112.110
171.080,-107.034
171.180,-111.823
171.280,-109.626
171.380,-109.682
171.480,-99.914
171.580,-103.834
171.680,-107.548
171.780,-110.730
171.880,-108.687
171.980,-107.833
172.080,-109.435
172.180,-111.712
172.280,-111.534
172.380,-106.145
172.480,-104.738
172.580,-107.409
172.680,-108.915
172.780,-108.419
172.880,-109.314
172.980,-109.743
173.080,-108.671
173.180,-109.185
173.280,-107.682
173.380,-96.493
173.480,-97.391
173.580,-105.871
173.680,-105.820
173.780,-106.873
173.880,-109.468
173.980,-103.937
174.080,-100.764
174.180,-106.843
174.280,-102.066
174.380,-100.397
174.480,-108.567
174.580,-105.467
174.680,-106.109
174.780,-105.263
174.880,-105.111
174.980,-106.500
175.080,-107.202
175.180,-105.304
175.280,-98.940
175.380,-97.537
175.480,-105.544
175.580,-106.793
175.680,-108.504
175.780,-106.356
175.880,-106.753
175.980,-106.249
176.080,-103.056
176.180,-105.655
176.280,-99.863
176.380,-106.047
176.480,-107.376
176.580,-106.249
176.680,-104.630
176.780,-108.735
176.880,-106.319
176.980,-103.643
177.080,-103.129
177.180,-100.772
177.280,-101.364
177.380,-107.311
177.480,-98.739
177.580,-104.115
177.680,-106.491
177.780,-106.233
177.880,-106.547
177.980,-105.956
178.080,-106.451
178.180,-98.668
178.280,-106.943
178.380,-103.563
178.480,-105.027
178.580,-106.620
178.680,-103.674
178.780,-103.053
178.880,-103.306
178.980,-105.503
179.080,-105.205
179.180,-105.554
179.280,-104.193
179.380,-105.615
179.480,-103.811
179.580,-104.062
179.680,-105.082
179.780,-103.569
179.880,-104.077
179.980,-104.689
180.080,-98.544
180.180,-104.005
180.280,-102.551
180.380,-105.423
180.480,-102.877
180.580,-103.661
180.680,-105.221
180.780,-105.359
180.880,-105.317
180.980,-106.501
181.080,-100.772
181.180,-107.152
181.280,-105.375
181.380,-106.401
181.480,-105.394
181.580,-106.444
181.680,-106.307
181.780,-104.917
181.880,-106.111
181.980,-100.438
182.080,-104.077
182.180,-103.199
182.280,-107.043
182.380,-104.776
182.480,-103.971
182.580,-105.504
182.680,-103.423
182.780,-103.303
182.880,-100.849
182.980,-101.341
183.080,-103.716
183.180,-104.654
183.280,-104.031
183.380,-103.426
183.480,-105.540
183.580,-104.068
183.680,-102.581
183.780,-98.829
183.880,-98.966
183.980,-103.884
184.080,-107.732
184.180,-106.898
184.280,-108.081
184.380,-106.130
184.480,-109.318
184.580,-106.344
184.680,-103.929
184.780,-102.586
184.880,-101.654
184.980,-107.751
185.080,-109.119
185.180,-106.900
185.280,-105.654
185.380,-104.636
185.480,-101.928
185.580,-98.110
185.680,-95.755
185.780,-96.597
185.880,-95.696
185.980,-99.323
186.080,-97.129
186.180,-96.903
186.280,-96.810
186.380,-97.241
186.480,-99.768
186.580,-96.053
186.680,-98.749
186.780,-95.828
186.880,-100.160
186.980,-99.957
187.080,-100.992
187.180,-99.820
187.280,-98.212
187.380,-97.507
187.480,-103.037
187.580,-104.038
187.680,-98.602
187.780,-98.303
187.880,-107.382
187.980,-104.872
188.080,-106.683
188.180,-105.677
188.280,-104.743
188.380,-106.090
188.480,-106.649
188.580,-105.580
188.680,-102.327
188.780,-105.195
188.880,-105.223
188.980,-106.460
189.080,-103.167
189.180,-104.213
189.280,-103.722
189.380,-102.046
189.480,-100.933
189.580,-100.282
189.680,-99.195
189.780,-102.876
189.880,-103.438
189.980,-103.695
190.080,-103.496
190.180,-102.963
190.280,-103.461
190.380,-102.352
190.480,-103.096
190.580,-103.903
190.680,-104.576
190.780,-105.183
190.880,-105.339
190.980,-107.664
191.080,-104.422
191.180,-105.122
191.280,-106.784
191.380,-106.687
191.480,-106.042
191.580,-104.076
191.680,-106.678
191.780,-108.519
191.880,-109.326
191.980,-107.541
192.080,-106.723
192.180,-107.910
192.280,-105.332
192.380,-108.578
192.480,-105.081
192.580,-103.871
192.680,-102.773
192.780,-103.792
192.880,-106.063
192.980,-103.888
193.080,-105.528
193.180,-104.827
193.280,-105.572
193.380,-105.088
193.480,-104.466
193.580,-103.408
193.680,-105.366
193.780,-104.133
193.880,-105.363
193.980,-105.571
194.080,-106.714
194.180,-106.414
194.280,-105.161
194.380,-100.171
194.480,-102.260
194.580,-104.496
194.680,-107.019
194.780,-108.798
194.880,-110.770
194.980,-108.416
195.080,-108.423
195.180,-110.414
195.280,-108.578
195.380,-100.821
195.480,-110.354
195.580,-108.516
195.680,-111.556
195.780,-111.096
195.880,-109.084
195.980,-105.606
196.080,-106.305
196.180,-105.637
196.280,-101.749
196.380,-103.190
196.480,-104.932
196.580,-106.184
196.680,-107.196
196.780,-104.291
196.880,-107.425
196.980,-106.363
197.080,-105.351
197.180,-104.256
197.280,-96.168
197.380,-105.271
197.480,-103.416
197.580,-106.011
197.680,-108.365
197.780,-106.881
197.880,-106.816
197.980,-105.409
198.080,-104.093
198.180,-100.743
198.280,-100.286
198.380,-109.149
198.480,-107.491
198.580,-108.421
198.680,-105.226
198.780,-108.084
198.880,-107.482
198.980,-108.149
199.080,-105.632
199.180,-96.495
199.280,-102.605
199.380,-108.449
199.480,-106.410
199.580,-105.201
199.680,-108.608
199.780,-108.870
199.880,-110.077
199.980,-107.813
200.080,-106.437
200.180,-103.643
200.280,-106.084
200.380,-107.100
200.480,-105.285
200.580,-109.833
200.680,-109.202
200.780,-107.424
200.880,-106.607
200.980,-108.752
201.080,-97.039
201.180,-101.174
201.280,-104.965
201.380,-108.418
201.480,-105.675
201.580,-107.441
201.680,-95.501
201.780,-95.009
201.880,-110.275
201.980,-107.527
202.080,-105.747
202.180,-107.460
202.280,-109.553
202.380,-109.178
202.480,-107.316
202.580,-105.071
202.680,-106.539
202.780,-109.926
202.880,-108.694
202.980,-100.791
203.080,-101.063
203.180,-107.815
203.280,-108.955
203.380,-107.692
203.480,-104.014
203.580,-105.861
203.680,-108.430
203.780,-106.133
203.880,-102.359
203.980,-104.306
204.080,-101.065
204.180,-105.144
204.280,-106.463
204.380,-104.926
204.480,-105.234
204.580,-106.170
204.680,-105.619
204.780,-108.445
204.880,-105.411
204.980,-103.141
205.080,-104.640
205.180,-105.096
205.280,-107.829
205.380,-100.728
205.480,-104.211
205.580,-104.646
205.680,-111.393
205.780,-107.651
205.880,-108.404
205.980,-111.702
206.080,-107.580
206.180,-110.888
206.280,-113.077
206.380,-110.714
206.480,-109.083
206.580,-110.627
206.680,-111.219
206.780,-104.586
206.880,-102.567
206.980,-104.423
207.080,-104.562
207.180,-109.913
207.280,-110.223
207.380,-109.554
207.480,-111.228
207.580,-109.056
207.680,-109.238
207.780,-106.557
207.880,-108.665
207.980,-105.642
208.080,-96.192
208.180,-94.488
208.280,-98.665
208.380,-109.533
208.480,-110.507
208.580,-108.405
208.680,-103.771
208.780,-105.285
208.880,-110.791
208.980,-109.999
209.080,-110.109
209.180,-110.462
209.280,-112.330
209.380,-111.631
209.480,-112.118
209.580,-106.915
209.680,-110.683
209.780,-109.729
209.880,-111.369
209.980,-111.358
210.080,-111.828
210.180,-111.368
210.280,-112.754
210.380,-111.306
210.480,-110.559
210.580,-111.092
210.680,-105.787
210.780,-110.457
210.880,-110.969
210.980,-111.389
211.080,-110.388
211.180,-110.090
211.280,-111.015
211.380,-111.207
211.480,-110.477
211.580,-109.991
211.680,-109.099
211.780,-110.810
211.880,-111.583
211.980,-109.771
212.080,-111.075
212.180,-109.697
212.280,-112.765
212.380,-112.090
212.480,-111.740
212.580,-110.707
212.680,-112.885
212.780,-112.414
212.880,-111.126
212.980,-112.162
213.080,-110.626
213.180,-112.067
213.280,-109.579
213.380,-112.664
213.480,-111.707
213.580,-113.793
213.680,-111.995
213.780,-111.413
213.880,-110.858
213.980,-110.954
214.080,-111.152
214.180,-111.066
214.280,-110.061
214.380,-111.989
214.480,-110.753
214.580,-113.088
214.680,-112.355
214.780,-112.330
214.880,-112.109
214.980,-112.851
215.080,-112.742
215.180,-111.969
215.280,-112.782
215.380,-111.539
215.480,-114.358
215.580,-112.847
215.680,-110.212
215.780,-108.934
215.880,-114.079
215.980,-113.435
216.080,-114.094
216.080,-112.277
216.180,-109.566
216.280,-112.484
216.380,-111.984
216.480,-111.077
216.580,-109.774
216.680,-112.347
216.780,-113.938
216.880,-112.591
216.980,-112.589
217.080,-109.019
217.180,-110.959
217.280,-114.013
217.380,-112.051
217.480,-112.834
217.580,-112.788
217.680,-113.300
217.780,-114.136
217.880,-112.694
217.980,-113.661
218.080,-111.235
218.180,-111.888
218.280,-111.527
218.380,-111.414
218.480,-109.395
218.580,-112.391
218.680,-112.894
218.780,-111.590
218.880,-110.845
218.980,-111.618
219.080,-111.658
219.180,-114.403
219.280,-111.756
219.380,-112.199
219.480,-113.449
219.580,-112.686
219.680,-111.488
219.780,-109.908
219.880,-107.512
219.980,-110.324
220.080,-109.582
400.080,-110.404
400.180,-108.257
400.280,-102.433
400.380,-104.263
400.480,-106.787
400.580,-103.889
400.680,-98.439
400.780,-102.773
400.880,-101.787
400.980,-98.221
401.080,-98.686
401.180,-101.162
401.280,-100.660
401.380,-98.360
401.480,-104.545
401.580,-103.879
401.680,-101.249
401.780,-99.448
401.880,-106.483
401.980,-104.604
402.080,-99.023
402.180,-103.830
402.280,-103.346
402.380,-101.918
402.480,-102.191
402.580,-105.709
402.680,-107.872
402.780,-102.306
402.880,-107.826
402.980,-110.435
403.080,-105.510
403.180,-99.969
403.280,-110.383
403.380,-108.931
403.480,-102.829
403.580,-106.526
403.680,-107.971
403.780,-103.217
403.880,-103.831
403.980,-103.528
404.080,-106.013
404.180,-104.469
404.280,-109.075
404.380,-112.085
404.480,-110.778
404.580,-100.495
404.680,-111.836
404.780,-112.165
404.880,-106.180
404.980,-106.295
405.080,-109.026
405.180,-107.494
405.280,-109.824
405.380,-109.165
405.480,-110.510
405.580,-107.094
405.680,-109.886
405.780,-113.144
405.880,-112.599
405.980,-103.572
406.080,-110.587
406.180,-111.755
406.280,-110.462
406.380,-107.746
406.480,-109.582
406.580,-109.518
406.680,-108.362
406.780,-108.904
406.880,-110.457
406.980,-110.911
407.080,-110.066
407.180,-111.051
407.280,-110.201
407.380,-102.880
407.480,-108.271
407.580,-110.845
407.680,-111.228
407.780,-108.816
407.880,-108.227
407.980,-109.807
408.080,-108.071
408.180,-109.442
408.280,-110.608
408.380,-110.532
408.480,-108.269
408.580,-106.090
408.680,-103.121
408.780,-93.446
408.880,-98.575
408.980,-108.659
409.080,-104.563
409.180,-109.633
409.280,-108.819
409.380,-109.840
409.480,-109.386
409.580,-106.911
409.680,-108.112
409.780,-109.640
409.880,-109.998
409.980,-109.940
410.080,-110.221
410.180,-107.787
410.280,-107.901
410.380,-110.697
410.480,-110.642
410.580,-111.853
410.680,-110.509
410.780,-111.130
410.880,-111.157
410.980,-110.012
411.080,-111.413
411.180,-111.537
411.280,-110.671
411.380,-110.806
411.480,-106.457
411.580,-108.646
411.680,-106.876
411.780,-108.739
411.880,-112.462
411.980,-112.176
412.080,-113.190
412.180,-113.798
412.280,-113.726
412.380,-112.997
412.480,-110.422
412.580,-111.077
412.680,-113.639
412.780,-109.510
412.880,-113.282
412.980,-113.756
413.080,-112.720
413.180,-109.834
413.280,-111.026
413.380,-113.144
413.480,-112.408
413.580,-112.493
413.680,-111.660
413.780,-110.817
413.880,-109.923
413.980,-111.357
414.080,-111.376
414.180,-112.622
414.280,-111.430
414.380,-112.624
414.480,-110.380
414.580,-109.681
414.680,-112.500
414.780,-112.710
414.880,-112.304
414.980,-112.654
415.080,-114.230
415.180,-113.875
415.280,-112.769
415.380,-114.220
415.480,-113.536
415.580,-113.227
415.680,-114.167
415.780,-114.564
415.880,-114.366
415.980,-111.743
416.080,-114.931
416.180,-111.480
416.280,-113.726
416.380,-111.769
416.480,-113.687
416.580,-113.043
416.680,-110.483
416.780,-111.503
416.880,-111.123
416.980,-111.392
417.080,-112.393
417.180,-112.841
417.280,-113.469
417.380,-111.516
417.480,-112.985
417.580,-110.625
417.680,-112.142
417.780,-111.423
417.880,-109.763
417.980,-112.670
418.080,-108.355
418.180,-113.029
418.280,-112.038
418.380,-111.429
418.480,-113.336
418.580,-112.166
418.680,-111.072
418.780,-112.189
418.880,-111.348
418.980,-111.432
419.080,-111.477
419.180,-110.724
419.280,-109.996
419.380,-110.900
419.480,-112.811
419.580,-113.329
419.680,-110.661
419.780,-111.510
419.880,-114.078
419.980,-112.679
420.080,-112.609
420.180,-113.628
420.280,-112.193
420.380,-113.493
420.480,-112.206
420.580,-111.859
420.680,-111.940
420.780,-113.602
420.880,-110.847
420.980,-111.576
421.080,-111.605
421.180,-106.899
421.280,-112.076
421.380,-114.138
421.480,-113.303
421.580,-111.411
421.680,-113.278
421.780,-110.652
421.880,-113.180
421.980,-114.520
422.080,-113.954
422.180,-111.857
422.280,-110.766
422.380,-110.784
422.480,-112.543
422.580,-111.455
422.680,-112.552
422.780,-111.616
422.880,-112.759
422.980,-113.548
423.080,-112.782
423.180,-108.890
423.280,-110.878
423.380,-113.171
423.480,-112.946
423.580,-112.425
423.680,-112.707
423.780,-111.251
423.880,-110.143
423.980,-112.708
424.080,-113.084
424.180,-110.761
424.280,-112.599
424.380,-110.792
424.480,-114.245
424.580,-107.376
424.680,-114.731
424.780,-112.629
424.880,-113.757
424.980,-112.687
425.080,-111.651
425.180,-110.792
425.280,-112.306
425.380,-113.441
425.480,-112.943
425.580,-112.593
425.680,-112.882
425.780,-112.716
425.880,-111.395
425.980,-108.078
426.080,-108.206
426.180,-110.954
426.280,-110.898
426.380,-111.040
426.480,-113.821
426.580,-112.139
426.680,-111.646
426.780,-110.401
426.880,-108.969
426.980,-113.232
427.080,-111.117
427.180,-109.173
427.280,-107.533
427.380,-96.884
427.480,-105.376
427.580,-110.531
427.680,-112.502
427.780,-111.617
427.880,-111.146
427.980,-100.736
428.080,-101.421
428.180,-109.676
428.280,-109.692
428.380,-112.291
428.480,-111.650
428.580,-109.622
428.680,-112.814
428.780,-105.915
428.880,-106.653
428.980,-110.776
429.080,-112.531
429.180,-109.195
429.280,-108.971
429.380,-109.925
429.480,-109.031
429.580,-112.481
429.680,-111.494
429.780,-113.451
429.880,-111.346
429.980,-111.571
430.080,-111.940
430.180,-108.543
430.280,-108.617
430.380,-110.423
430.480,-112.859
430.580,-110.422
430.680,-112.829
430.780,-110.759
430.880,-112.455
430.980,-112.221
431.080,-110.872
431.180,-112.100
431.280,-111.249
431.380,-111.134
431.480,-109.956
431.580,-111.383
431.680,-109.518
431.780,-108.056
431.880,-112.251
431.980,-112.578
432.080,-110.469
432.180,-112.424
432.280,-114.633
432.380,-113.600
432.480,-112.893
432.580,-111.844
432.680,-112.614
432.780,-113.225
432.880,-112.657
432.980,-113.933
433.080,-112.200
433.180,-113.632
433.280,-111.136
433.380,-112.169
433.480,-111.463
433.580,-109.936
433.680,-111.620
433.780,-112.427
433.880,-109.206
433.980,-112.254
434.080,-111.884
434.180,-110.766
434.280,-111.827
434.380,-111.791
434.480,-113.411
434.580,-110.481
434.680,-102.744
434.780,-109.126
434.880,-111.580
434.980,-111.439
435.080,-112.555
435.180,-111.497
435.280,-107.996
435.380,-110.355
435.480,-109.765
435.580,-109.547
435.680,-111.212
435.780,-107.820
435.880,-110.015
435.980,-105.740
436.080,-99.030
436.180,-98.133
436.280,-101.508
436.380,-107.759
436.480,-106.512
436.580,-109.757
436.680,-109.415
436.780,-106.128
436.880,-111.094
436.980,-108.703
437.080,-104.990
437.180,-102.036
437.280,-100.031
437.380,-106.559
437.480,-104.490
437.580,-110.939
437.680,-110.532
437.780,-111.299
437.880,-109.087
437.980,-107.197
438.080,-111.902
438.180,-106.390
438.280,-112.449
438.380,-110.468
438.480,-110.390
438.580,-109.526
438.680,-113.380
438.780,-112.941
438.880,-112.289
438.980,-111.752
439.080,-110.163
439.180,-112.594
439.280,-111.921
439.380,-110.778
439.480,-110.894
439.580,-109.375
439.680,-111.768
439.780,-110.093
439.880,-105.314
439.980,-112.302
440.080,-110.213
440.180,-109.226
440.280,-108.117
440.380,-107.848
440.480,-108.827
440.580,-110.809
440.680,-111.693
440.780,-110.969
440.880,-112.237
440.980,-111.195
441.080,-110.826
441.180,-112.466
441.280,-112.134
441.380,-111.940
441.480,-109.620
441.580,-109.314
441.680,-106.581
441.780,-105.825
441.880,-109.721
441.980,-112.381
442.080,-112.083
442.180,-111.664
442.280,-108.680
442.380,-110.300
442.480,-110.701
442.580,-109.941
442.680,-109.339
442.780,-111.592
442.880,-111.711
442.980,-113.367
443.080,-107.742
443.180,-106.962
443.280,-109.283
443.380,-108.448
443.480,-111.069
443.580,-109.520
443.680,-111.029
443.780,-109.023
443.880,-107.972
443.980,-108.503
444.080,-109.681
444.180,-109.731
444.280,-111.554
444.380,-108.012
444.480,-109.338
444.580,-106.271
444.680,-108.540
444.780,-111.589
444.880,-108.799
444.980,-108.592
445.080,-109.262
445.180,-107.638
445.280,-108.735
445.380,-105.551
445.480,-100.610
445.580,-99.750
445.680,-98.990
445.780,-98.552
445.880,-86.323
445.980,-86.230
446.080,-95.186
446.080,-96.649
446.180,-96.359
446.280,-102.641
446.380,-103.897
446.480,-103.346
446.580,-102.630
446.680,-100.004
446.780,-102.708
446.880,-104.410
446.980,-102.961
447.080,-102.991
447.180,-106.002
447.280,-106.472
447.380,-104.875
447.480,-103.847
447.580,-102.961
447.680,-103.586
447.780,-105.662
447.880,-101.913
447.980,-106.034
448.080,-108.280
448.180,-106.575
448.280,-106.954
448.380,-107.949
448.480,-106.670
448.580,-105.082
448.680,-106.507
448.780,-104.621
448.880,-105.387
448.980,-104.869
449.080,-105.935
449.180,-104.998
449.280,-105.954
449.380,-102.665
449.480,-104.427
449.580,-105.256
449.680,-106.253
449.780,-105.817
449.880,-108.062
449.980,-105.892
450.080,-105.974
450.180,-103.303
450.280,-105.779
450.380,-108.124
450.480,-106.524
450.580,-108.337
450.680,-108.241
450.780,-108.005
450.880,-106.302
450.980,-108.582
451.080,-108.068
451.180,-105.597
451.280,-105.539
451.380,-108.169
451.480,-108.918
451.580,-107.284
451.680,-107.482
451.780,-107.605
451.880,-109.103
451.980,-106.864
452.080,-110.120
452.180,-108.136
452.280,-105.547
452.380,-107.915
452.480,-109.444
452.580,-104.852
452.680,-107.847
452.780,-107.996
452.880,-107.056
452.980,-108.223
453.080,-106.117
453.180,-107.898
453.280,-108.445
453.380,-106.307
453.480,-106.624
453.580,-108.013
453.680,-107.428
453.780,-108.684
453.880,-109.961
453.980,-108.045
454.080,-108.904
454.180,-106.781
454.280,-107.998
454.380,-106.889
454.480,-108.148
454.580,-103.261
454.680,-106.716
454.780,-105.383
454.880,-107.187
454.980,-108.119
455.080,-106.313
455.180,-107.861
455.280,-108.191
455.380,-106.365
455.480,-108.524
455.580,-105.481
455.680,-109.727
455.780,-109.716
455.880,-108.557
455.980,-106.684
456.080,-107.907
456.180,-106.419
456.280,-110.542
456.380,-110.117
456.480,-107.366
456.580,-108.660
456.680,-110.108
456.780,-108.842
456.880,-105.685
456.980,-105.605
457.080,-108.717
457.180,-111.997
457.280,-109.847
457.380,-105.774
457.480,-108.709
457.580,-109.925
457.680,-108.987
457.780,-109.307
457.880,-107.975
457.980,-109.300
458.080,-110.747
458.180,-108.800
458.280,-108.597
458.380,-107.984
458.480,-109.554
458.580,-108.995
458.680,-108.096
458.780,-109.353
458.880,-107.477
458.980,-107.524
459.080,-106.258
459.180,-109.710
459.280,-105.769
459.380,-108.347
459.480,-106.944
459.580,-108.366
459.680,-106.644
459.780,-104.232
459.880,-105.417
459.980,-106.861
460.080,-106.729
460.180,-107.473
460.280,-105.965
460.380,-106.581
460.480,-105.962
460.580,-107.227
460.680,-106.353
460.780,-104.728
460.880,-105.792
460.980,-107.380
461.080,-107.550
461.180,-106.964
461.280,-108.561
461.380,-104.450
461.480,-104.051
461.580,-102.603
461.680,-101.572
461.780,-100.545
461.880,-91.039
461.980,-91.417
462.080,-94.005
462.180,-100.499
462.280,-102.666
462.380,-103.974
462.480,-105.002
462.580,-102.756
462.680,-107.925
462.780,-108.355
462.880,-107.558
462.980,-102.593
463.080,-103.041
463.180,-107.485
463.280,-107.352
463.380,-109.659
463.480,-107.928
463.580,-108.120
463.680,-108.564
463.780,-108.674
463.880,-107.938
463.980,-108.215
464.080,-107.247
464.180,-107.884
464.280,-108.903
464.380,-108.151
464.480,-105.854
464.580,-107.009
464.680,-107.809
464.780,-107.931
464.880,-107.965
464.980,-107.465
465.080,-108.825
465.180,-106.895
465.280,-107.841
465.380,-106.781
465.480,-106.072
465.580,-107.267
465.680,-106.588
465.780,-108.406
465.880,-105.410
465.980,-106.921
466.080,-107.153
466.180,-107.359
466.280,-108.495
466.380,-109.035
466.480,-109.384
466.580,-106.207
466.680,-106.187
466.780,-107.534
466.880,-107.638
466.980,-107.911
467.080,-107.409
467.180,-105.407
467.280,-106.226
467.380,-108.783
467.480,-107.877
467.580,-110.075
467.680,-110.850
467.780,-110.402
467.880,-110.955
467.980,-110.619
468.080,-110.793
468.180,-106.635
468.280,-105.768
468.380,-110.498
468.480,-111.118
468.580,-104.474
468.680,-100.332
468.780,-100.142
468.880,-109.454
468.980,-110.401
469.080,-107.380
469.180,-106.841
469.280,-108.347
469.380,-110.026
469.480,-109.826
469.580,-107.972
469.680,-109.282
469.780,-109.645
469.880,-108.384
469.980,-105.919
470.080,-107.286
470.180,-105.811
470.280,-106.890
470.380,-105.469
470.480,-106.851
470.580,-107.914
470.680,-107.038
470.780,-109.457
470.880,-106.692
470.980,-106.959
471.080,-105.189
471.180,-108.625
471.280,-106.392
471.380,-105.094
471.480,-106.042
471.580,-105.332
471.680,-106.645
471.780,-105.669
471.880,-106.542
471.980,-107.826
472.080,-108.892
472.180,-107.836
472.280,-108.613
472.380,-105.552
472.480,-109.543
472.580,-108.448
472.680,-106.312
472.780,-108.485
472.880,-105.507
472.980,-106.608
473.080,-109.658
473.180,-109.381
473.280,-108.563
473.380,-108.753
473.480,-108.845
473.580,-108.709
473.680,-108.968
473.780,-110.198
473.880,-107.283
473.980,-109.867
474.080,-110.229
474.180,-108.770
474.280,-99.959
474.380,-99.428
474.480,-104.133
474.580,-108.025
474.680,-109.941
474.780,-108.469
474.880,-108.314
474.980,-108.115
475.080,-106.368
475.180,-109.930
475.280,-108.776
475.380,-110.132
475.480,-106.808
475.580,-111.592
475.680,-107.650
475.780,-107.708
475.880,-108.780
475.980,-107.620
476.080,-110.908
476.180,-108.523
476.280,-109.749
476.380,-109.233
476.480,-109.214
476.580,-109.230
476.680,-106.916
476.780,-109.159
476.880,-108.460
476.980,-109.113
477.080,-107.224
477.180,-104.646
477.280,-107.852
477.380,-107.673
477.480,-108.936
477.580,-108.752
477.680,-108.129
477.780,-108.384
477.880,-110.350
477.980,-111.548
478.080,-111.187
478.180,-110.934
478.280,-109.541
478.380,-107.697
478.480,-108.403
478.580,-108.235
478.680,-111.171
478.780,-109.900
478.880,-111.340
478.980,-110.821
479.080,-110.473
479.180,-108.420
479.280,-110.737
479.380,-106.456
479.480,-111.560
479.580,-108.998
479.680,-110.580
479.780,-107.222
479.880,-101.288
479.980,-94.553
480.080,-98.257
480.180,-108.010
480.280,-110.850
480.380,-109.692
480.480,-110.698
480.580,-107.463
480.680,-110.934
480.780,-107.466
480.880,-107.301
480.980,-109.400
481.080,-110.916
481.180,-110.639
481.280,-111.133
481.380,-109.787
481.480,-111.581
481.580,-111.374
481.680,-110.471
481.780,-111.654
481.880,-112.279
481.980,-112.547
482.080,-108.287
482.180,-109.865
482.280,-108.636
482.380,-110.880
482.480,-108.647
482.580,-108.573
482.680,-108.038
482.780,-106.674
482.880,-108.022
482.980,-108.314
483.080,-108.592
483.180,-111.301
483.280,-110.819
483.380,-108.966
483.480,-112.196
483.580,-110.853
483.680,-111.468
483.780,-109.207
483.880,-108.574
483.980,-108.492
484.080,-109.531
484.180,-110.596
484.280,-110.329
484.380,-110.429
484.480,-110.857
484.580,-112.133
484.680,-110.248
484.780,-112.993
484.880,-111.949
484.980,-110.721
485.080,-109.529
485.180,-109.132
485.280,-111.849
485.380,-110.934
485.480,-106.903
485.580,-102.533
485.680,-101.734
485.780,-107.476
485.880,-110.204
485.980,-110.674
486.080,-110.233
486.180,-109.078
486.280,-109.072
486.380,-109.664
486.480,-111.290
486.580,-111.533
486.680,-112.017
486.780,-111.621
486.880,-111.345
486.980,-112.538
487.080,-109.848
487.180,-111.351
487.280,-108.866
487.380,-109.013
487.480,-111.416
487.580,-107.717
487.680,-109.326
487.780,-109.893
487.880,-109.881
487.980,-110.632
488.080,-110.284
488.180,-109.839
488.280,-108.011
488.380,-108.761
488.480,-109.088
488.580,-109.231
488.680,-110.220
488.780,-110.692
488.880,-110.261
488.980,-109.751
489.080,-110.552
489.180,-111.648
489.280,-111.163
489.380,-111.533
489.480,-111.009
489.580,-109.614
489.680,-109.132
489.780,-109.789
489.880,-110.917
489.980,-108.597
490.080,-108.913
490.180,-110.817
490.280,-108.181
490.380,-111.968
490.480,-108.958
490.580,-109.372
490.680,-111.141
490.780,-111.894
490.880,-109.789
490.980,-110.947
491.080,-111.286
491.180,-107.434
491.280,-105.175
491.380,-108.476
491.480,-107.938
491.580,-109.822
491.680,-109.350
491.780,-107.938
491.880,-111.698
491.980,-110.790
492.080,-112.202
492.080,-111.254
492.180,-112.037
492.280,-110.087
492.380,-111.075
492.480,-110.710
492.580,-109.516
492.680,-99.392
492.780,-100.471
492.880,-109.300
492.980,-109.923
493.080,-110.518
493.180,-111.686
493.280,-109.420
493.380,-110.955
493.480,-108.303
493.580,-112.786
493.680,-112.022
493.780,-108.150
493.880,-109.985
493.980,-110.957
494.080,-111.629
494.180,-112.018
494.280,-108.928
494.380,-110.994
494.480,-109.596
494.580,-110.089
494.680,-110.685
494.780,-110.065
494.880,-110.062
494.980,-108.276
495.080,-109.768
495.180,-108.829
495.280,-110.182
495.380,-110.707
495.480,-110.399
495.580,-112.120
495.680,-112.443
495.780,-111.503
495.880,-111.220
495.980,-109.495
496.080,-111.473
496.180,-111.726
496.280,-112.235
496.380,-112.132
496.480,-111.017
496.580,-113.447
496.680,-111.718
496.780,-112.991
496.880,-111.574
496.980,-113.012
497.080,-113.735
497.180,-111.387
497.280,-110.419
497.380,-111.951
497.480,-111.487
497.580,-112.196
497.680,-109.829
497.780,-110.763
497.880,-108.508
497.980,-112.390
498.080,-113.712
498.180,-111.534
498.280,-112.791
498.380,-110.885
498.480,-111.903
498.580,-112.019
498.680,-111.437
498.780,-111.516
498.880,-111.645
498.980,-114.112
499.080,-111.846
499.180,-110.718
499.280,-111.817
499.380,-113.206
499.480,-110.519
499.580,-112.904
499.680,-110.700
499.780,-111.225
499.880,-111.489
499.980,-109.021
500.080,-111.152
500.080,-112.343
500.180,-113.095
500.280,-107.268
500.380,-111.008
500.480,-110.351
500.580,-112.897
500.680,-112.058
500.780,-110.665
500.880,-111.068
500.980,-111.521
501.080,-110.041
501.180,-112.335
501.280,-110.706
501.380,-109.908
501.480,-110.003
501.580,-109.925
501.680,-110.447
501.780,-108.327
501.880,-110.377
501.980,-109.430
502.080,-110.379
502.180,-110.909
502.280,-111.239
502.380,-107.789
502.480,-110.360
502.580,-109.041
502.680,-112.134
502.780,-109.808
502.880,-108.750
502.980,-107.705
503.080,-105.860
503.180,-106.780
503.280,-110.337
503.380,-108.593
503.480,-110.078
503.580,-109.442
503.680,-110.448
503.780,-109.901
503.880,-110.020
503.980,-110.807
504.080,-107.598
504.180,-111.716
504.280,-112.205
504.380,-108.621
504.480,-111.267
504.580,-112.161
504.680,-111.466
504.780,-110.284
504.880,-113.088
504.980,-111.106
505.080,-112.648
505.180,-111.557
505.280,-111.079
505.380,-110.052
505.480,-108.891
505.580,-109.514
505.680,-111.386
505.780,-109.561
505.880,-110.450
505.980,-111.994
506.080,-110.831
506.180,-110.167
506.280,-106.052
506.380,-110.494
506.480,-111.517
506.580,-108.777
506.680,-109.565
506.780,-109.724
506.880,-108.520
506.980,-108.804
507.080,-110.329
507.180,-110.078
507.280,-104.703
507.380,-106.327
507.480,-110.168
507.580,-107.920
507.680,-109.432
507.780,-110.718
507.880,-110.073
507.980,-111.632
508.080,-110.958
508.180,-107.983
508.280,-109.161
508.380,-110.663
508.480,-108.620
508.580,-108.510
508.680,-104.054
508.780,-103.942
508.880,-109.488
508.980,-110.300
509.080,-109.443
509.180,-109.844
509.280,-109.661
509.380,-109.266
509.480,-99.656
509.580,-111.054
509.680,-109.031
509.780,-107.287
509.880,-108.956
509.980,-106.112
510.080,-105.022
510.180,-110.291
510.280,-111.037
510.380,-112.250
510.480,-106.699
510.580,-109.694
510.680,-107.420
510.780,-110.986
510.880,-109.462
510.980,-110.102
511.080,-110.983
511.180,-109.692
511.280,-109.841
511.380,-109.928
511.480,-105.310
511.580,-107.581
511.680,-108.166
511.780,-111.068
511.880,-110.343
511.980,-110.824
512.080,-110.977
512.180,-109.828
512.280,-104.955
512.380,-112.874
512.480,-106.906
512.580,-105.502
512.680,-107.602
512.780,-105.175
512.880,-100.837
512.980,-97.217
513.080,-102.895
513.180,-102.460
513.280,-95.331
513.380,-97.352
513.480,-107.916
513.580,-106.404
513.680,-110.125
513.780,-107.235
513.880,-107.294
513.980,-107.316
514.080,-108.611
514.180,-108.883
514.280,-103.227
514.380,-102.084
514.480,-108.074
514.580,-107.069
514.680,-108.480
514.780,-110.815
514.880,-109.700
514.980,-110.205
515.080,-108.880
515.180,-110.442
515.280,-111.595
515.380,-106.488
515.480,-106.917
515.580,-111.192
515.680,-110.186
515.780,-108.912
515.880,-105.228
515.980,-109.523
516.080,-108.680
516.180,-108.628
516.280,-109.735
516.380,-109.382
516.480,-110.873
516.580,-109.783
516.680,-109.869
516.780,-107.623
516.880,-110.042
516.980,-110.058
517.080,-109.104
517.180,-106.563
517.280,-107.754
517.380,-111.452
517.480,-107.744
517.580,-110.825
517.680,-110.386
517.780,-110.121
517.880,-110.833
517.980,-105.850
518.080,-109.841
518.180,-108.450
518.280,-108.771
518.380,-107.035
518.480,-106.047
518.580,-105.871
518.680,-104.538
518.780,-107.972
518.880,-107.933
518.980,-107.767
519.080,-104.013
519.180,-107.365
519.280,-105.244
519.380,-104.977
519.480,-96.539
519.580,-90.113
519.680,-87.685
519.780,-88.243
519.880,-96.204
519.980,-95.237
520.080,-97.895
520.180,-101.089
520.280,-102.704
520.380,-101.583
520.480,-101.102
520.580,-107.930
520.680,-105.273
520.780,-105.208
520.880,-103.356
520.980,-109.201
521.080,-108.087
521.180,-108.080
521.280,-108.277
521.380,-106.422
521.480,-108.372
521.580,-107.785
521.680,-107.238
521.780,-107.542
521.880,-109.031
521.980,-107.266
522.080,-105.334
522.180,-104.969
522.280,-106.363
522.380,-106.851
522.480,-107.959
522.580,-108.120
522.680,-106.349
522.780,-104.657
522.880,-104.550
522.980,-103.350
523.080,-106.803
523.180,-105.816
523.280,-99.974
523.380,-95.914
523.480,-97.171
523.580,-89.231
523.680,-101.020
523.780,-97.162
523.880,-104.283
523.980,-106.573
524.080,-104.890
524.180,-107.960
524.280,-110.123
524.380,-110.005
524.480,-108.724
524.580,-107.498
524.680,-109.436
524.780,-111.642
524.880,-106.875
524.980,-111.135
525.080,-107.209
525.180,-108.960
525.280,-106.555
525.380,-109.317
525.480,-106.701
525.580,-104.960
525.680,-103.279
525.780,-106.566
525.880,-105.478
525.980,-107.681
526.080,-108.972
526.180,-108.893
526.280,-110.205
526.380,-110.043
526.480,-107.742
526.580,-109.082
526.680,-110.897
526.780,-108.012
526.880,-109.220
526.980,-109.217
527.080,-107.780
527.180,-108.625
527.280,-109.106
527.380,-106.952
527.480,-108.570
527.580,-106.886
527.680,-109.991
527.780,-106.944
527.880,-107.175
527.980,-106.615
528.080,-106.284
528.180,-110.105
528.280,-105.178
528.380,-107.347
528.480,-107.270
528.580,-105.761
528.680,-106.990
528.780,-110.402
528.880,-106.944
528.980,-105.259
529.080,-108.079
529.180,-107.865
529.280,-108.907
529.380,-106.379
529.480,-109.430
529.580,-108.467
529.680,-110.297
529.780,-109.029
529.880,-109.678
529.980,-108.178
530.080,-111.619
530.180,-108.774
530.280,-101.387
530.380,-104.756
530.480,-108.824
530.580,-109.822
530.680,-107.575
530.780,-109.828
530.880,-109.919
530.980,-106.151
531.080,-108.755
531.180,-105.101
531.280,-104.200
531.380,-105.167
531.480,-108.172
531.580,-106.815
531.680,-110.876
531.780,-110.016
531.880,-109.009
531.980,-109.765
532.080,-109.047
532.180,-108.173
532.280,-108.973
532.380,-104.770
532.480,-109.413
532.580,-110.056
532.680,-110.002
532.780,-108.788
532.880,-108.654
532.980,-108.141
533.080,-108.088
533.180,-106.098
533.280,-110.274
533.380,-106.949
533.480,-107.841
533.580,-106.155
533.680,-106.921
533.780,-108.957
533.880,-107.126
533.980,-106.790
534.080,-106.070
534.180,-107.441
534.280,-107.706
534.380,-107.513
534.480,-105.555
534.580,-106.073
534.680,-107.332
534.780,-104.171
534.880,-109.299
534.980,-109.757
535.080,-110.216
535.180,-107.054
535.280,-109.744
535.380,-108.589
535.480,-107.993
535.580,-110.324
535.680,-108.999
535.780,-111.783
535.880,-110.565
535.980,-110.299
536.080,-109.162
536.180,-110.176
536.280,-104.951
536.380,-106.966
536.480,-106.778
536.580,-110.430
536.680,-109.756
536.780,-107.080
536.880,-105.199
536.980,-103.923
537.080,-107.703
537.180,-107.850
537.280,-109.327
537.380,-108.029
537.480,-108.358
537.580,-110.141
537.680,-107.929
537.780,-107.401
537.880,-108.291
537.980,-107.842
538.080,-111.887
538.180,-109.687
538.280,-103.038
538.380,-104.169
538.480,-110.327
538.580,-110.294
538.680,-108.302
538.780,-110.205
538.880,-109.590
538.980,-108.503
539.080,-105.835
539.180,-109.897
539.280,-108.192
539.380,-105.554
539.480,-104.901
539.580,-106.971
539.680,-107.573
539.780,-107.785
539.880,-109.129
539.980,-109.165
540.080,-105.144
540.180,-108.314
540.280,-106.821
540.380,-108.193
540.480,-106.194
540.580,-104.882
540.680,-101.259
540.780,-103.070
540.880,-105.380
540.980,-106.423
541.080,-104.815
541.180,-107.131
541.280,-104.729
541.380,-106.864
541.480,-104.890
541.580,-107.310
541.680,-108.524
541.780,-106.924
541.880,-107.728
541.980,-106.709
542.080,-107.161
542.180,-108.920
542.280,-106.133
542.380,-105.804
542.480,-107.842
542.580,-107.472
542.680,-106.329
542.780,-109.314
542.880,-106.466
542.980,-106.576
543.080,-105.410
543.180,-106.490
543.280,-108.671
543.380,-107.223
543.480,-109.993
543.580,-108.506
543.680,-103.778
543.780,-102.920
543.880,-103.098
543.980,-102.789
544.080,-102.798
544.180,-104.359
544.280,-98.782
544.380,-99.584
544.480,-105.012
544.580,-101.413
544.680,-99.306
544.780,-95.310
544.880,-97.628
544.980,-104.991
545.080,-104.083
545.180,-100.131
545.280,-97.783
545.380,-106.313
545.480,-97.714
545.580,-103.629
545.680,-105.779
545.780,-102.129
545.880,-104.383
545.980,-107.425
546.080,-105.286
546.080,-104.906
546.180,-102.504
546.280,-105.059
546.380,-105.141
546.480,-106.688
546.580,-106.690
546.680,-105.378
546.780,-105.498
546.880,-104.474
546.980,-104.860
547.080,-103.524
547.180,-103.266
547.280,-100.998
547.380,-103.246
547.480,-87.651
547.580,-97.777
547.680,-94.451
547.780,-101.041
547.880,-103.518
547.980,-105.789
548.080,-109.287
548.180,-104.075
548.280,-104.112
548.380,-104.300
548.480,-102.388
548.580,-102.973
548.680,-100.389
548.780,-101.556
548.880,-103.386
548.980,-106.061
549.080,-102.246
549.180,-100.271
549.280,-105.489
549.380,-107.420
549.480,-101.815
549.580,-106.551
549.680,-97.975
549.780,-104.181
549.880,-100.177
549.980,-98.468
550.080,-100.059
550.180,-102.938
550.280,-102.695
550.380,-100.541
550.480,-103.232
550.580,-106.407
550.680,-106.608
550.780,-105.332
550.880,-107.713
550.980,-106.829
551.080,-103.773
551.180,-105.432
551.280,-103.625
551.380,-104.715
551.480,-103.254
551.580,-103.072
551.680,-103.085
551.780,-105.399
551.880,-105.143
551.980,-104.711
552.080,-103.129
552.180,-105.773
552.280,-104.972
552.380,-106.323
552.480,-106.648
552.580,-103.135
552.680,-100.373
552.780,-101.687
552.880,-104.093
552.980,-102.060
553.080,-103.927
553.180,-100.096
553.280,-101.465
553.380,-101.262
553.480,-98.460
553.580,-103.814
553.680,-96.797
553.780,-98.376
553.880,-96.768
553.980,-97.904
554.080,-91.317
554.180,-91.323
554.280,-90.473
554.380,-93.442
554.480,-89.553
554.580,-92.148
554.680,-96.153
554.780,-96.397
554.880,-98.832
554.980,-101.797
555.080,-102.340
555.180,-103.212
555.280,-102.166
555.380,-102.683
555.480,-103.091
555.580,-104.392
555.680,-106.010
555.780,-103.615
555.880,-105.733
555.980,-106.020
556.080,-106.984
556.180,-109.362
556.280,-107.005
556.380,-104.711
556.480,-107.322
556.580,-103.912
556.680,-106.314
556.780,-105.888
556.880,-106.362
556.980,-106.493
557.080,-107.343
557.180,-106.735
557.280,-108.085
557.380,-106.521
557.480,-106.735
557.580,-109.385
557.680,-107.871
557.780,-109.140
557.880,-108.366
557.980,-108.743
558.080,-110.588
558.180,-107.655
558.280,-110.617
558.380,-108.086
558.480,-107.236
558.580,-107.162
558.680,-109.059
558.780,-102.994
558.880,-105.700
558.980,-108.285
559.080,-110.213
559.180,-108.396
559.280,-108.454
559.380,-112.798
559.480,-111.399
559.580,-111.585
559.680,-110.835
559.780,-109.370
559.880,-104.559
559.980,-102.645
560.080,-104.671
560.180,-109.410
560.280,-110.304
560.380,-109.545
560.480,-110.119
560.580,-109.220
560.680,-109.752
560.780,-110.598
560.880,-111.589
560.980,-110.151
561.080,-105.849
561.180,-109.112
561.280,-109.223
561.380,-108.322
561.480,-107.349
561.580,-108.450
561.680,-110.209
561.780,-106.713
561.880,-108.656
561.980,-108.553
562.080,-109.968
562.180,-109.323
562.280,-110.507
562.380,-109.617
562.480,-108.940
562.580,-108.947
562.680,-107.130
562.780,-110.500
562.880,-108.773
562.980,-108.949
563.080,-107.794
563.180,-110.864
563.280,-110.349
563.380,-110.709
563.480,-107.077
563.580,-109.411
563.680,-109.800
563.780,-107.743
563.880,-108.420
563.980,-107.959
564.080,-107.276
564.180,-105.804
564.280,-107.488
564.380,-101.077
564.480,-100.911
564.580,-99.308
564.680,-100.082
564.780,-101.809
564.880,-108.670
564.980,-106.783
565.080,-108.695
565.180,-108.538
565.280,-109.109
565.380,-110.561
565.480,-108.619
565.580,-104.237
565.680,-102.845
565.780,-109.859
565.880,-111.459
565.980,-111.371
566.080,-109.420
566.180,-110.902
566.280,-110.709
566.380,-110.965
566.480,-109.619
566.580,-109.825
566.680,-111.770
566.780,-112.018
566.880,-111.759
566.980,-111.553
567.080,-107.803
567.180,-110.535
567.280,-111.898
567.380,-111.007
567.480,-108.874
567.580,-110.261
567.680,-110.439
567.780,-109.426
567.880,-110.440
567.980,-108.141
568.080,-110.476
568.180,-111.211
568.280,-108.794
568.380,-109.046
568.480,-109.111
568.580,-108.623
568.680,-108.372
568.780,-109.940
568.880,-109.509
568.980,-110.993
569.080,-109.970
569.180,-108.755
569.280,-112.440
569.380,-109.168
569.480,-109.459
569.580,-111.161
569.680,-108.049
569.780,-107.355
569.880,-110.176
569.980,-106.661
570.080,-109.916
570.180,-107.432
570.280,-110.912
570.380,-112.804
570.480,-111.738
570.580,-111.829
570.680,-110.206
570.780,-109.602
570.880,-112.038
570.980,-110.670
571.080,-111.708
571.180,-108.466
571.280,-104.617
571.380,-108.025
571.480,-108.116
571.580,-110.921
571.680,-111.185
571.780,-108.026
571.880,-110.050
571.980,-110.829
572.080,-110.073
572.180,-109.667
572.280,-106.806
572.380,-110.954
572.480,-108.678
572.580,-112.165
572.680,-108.819
572.780,-109.852
572.880,-106.928
572.980,-108.820
573.080,-110.603
573.180,-109.277
573.280,-109.868
573.380,-110.079
573.480,-107.677
573.580,-109.384
573.680,-109.420
573.780,-111.621
573.880,-110.281
573.980,-107.417
574.080,-109.010
574.180,-109.430
574.280,-106.543
574.380,-108.393
574.480,-108.644
574.580,-109.176
574.680,-105.840
574.780,-107.195
574.880,-106.018
574.980,-107.044
575.080,-108.333
575.180,-108.085
575.280,-107.948
575.380,-109.395
575.480,-110.454
575.580,-109.878
575.680,-111.574
575.780,-110.026
575.880,-113.706
575.980,-111.412
576.080,-112.576
576.180,-110.032
576.280,-110.616
576.380,-111.113
576.480,-109.260
576.580,-108.703
576.680,-109.025
576.780,-104.923
576.880,-107.041
576.980,-106.615
577.080,-108.853
577.180,-107.714
577.280,-108.050
577.380,-107.930
577.480,-108.409
577.580,-110.236
577.680,-111.664
577.780,-111.358
577.880,-112.422
577.980,-111.418
578.080,-110.217
578.180,-106.508
578.280,-102.852
578.380,-104.259
578.480,-107.805
578.580,-108.365
578.680,-109.912
578.780,-109.385
578.880,-110.981
578.980,-108.341
579.080,-110.613
579.180,-109.282
579.280,-108.562
579.380,-107.721
579.480,-105.218
579.580,-105.377
579.680,-106.903
579.780,-107.888
579.880,-108.419
579.980,-107.179
580.080,-109.367
580.180,-109.658
580.280,-109.089
580.380,-109.331
580.480,-109.938
580.580,-108.066
580.680,-109.727
580.780,-105.926
580.880,-107.438
580.980,-106.568
581.080,-107.235
581.180,-109.064
581.280,-108.795
581.380,-108.325
581.480,-104.050
581.580,-104.179
581.680,-103.687
581.780,-105.136
581.880,-104.741
581.980,-103.436
582.080,-104.217
582.180,-102.770
582.280,-107.165
582.380,-106.559
582.480,-107.991
582.580,-106.493
582.680,-109.239
582.780,-107.715
582.880,-106.920
582.980,-105.857
583.080,-103.750
583.180,-107.002
583.280,-106.664
583.380,-108.026
583.480,-110.016
583.580,-106.444
583.680,-106.742
583.780,-107.809
583.880,-108.253
583.980,-106.965
584.080,-102.828
584.180,-106.749
584.280,-106.653
584.380,-108.278
584.480,-107.596
584.580,-106.672
584.680,-103.377
584.780,-102.964
584.880,-106.184
584.980,-103.307
585.080,-85.695
585.180,-91.057
585.280,-95.703
585.380,-101.587
585.480,-102.566
585.580,-104.105
585.680,-107.771
585.780,-107.411
585.880,-104.978
585.980,-108.073
586.080,-106.539
586.180,-106.133
586.280,-106.424
586.380,-105.467
586.480,-108.805
586.580,-104.870
586.680,-106.813
586.780,-107.627
586.880,-106.940
586.980,-105.605
587.080,-104.579
587.180,-106.354
587.280,-106.223
587.380,-107.851
587.480,-107.529
587.580,-107.365
587.680,-102.389
587.780,-105.452
587.880,-109.860
587.980,-107.476
588.080,-109.177
588.180,-105.498
588.280,-106.176
588.380,-109.959
588.480,-110.250
588.580,-106.984
588.680,-104.764
588.780,-107.178
588.880,-108.846
588.980,-109.722
589.080,-106.276
589.180,-108.003
589.280,-107.592
589.380,-107.516
589.480,-109.999
589.580,-109.392
589.680,-109.045
589.780,-108.548
589.880,-107.923
589.980,-107.103
590.080,-107.028
590.180,-107.561
590.280,-105.694
590.380,-108.948
590.480,-108.523
590.580,-107.977
590.680,-107.609
590.780,-107.702
590.880,-109.115
590.980,-109.537
591.080,-109.377
591.180,-107.435
591.280,-105.583
591.380,-107.286
591.480,-103.011
591.580,-106.074
591.680,-106.222
591.780,-106.640
591.880,-107.745
591.980,-107.345
592.080,-107.454
592.080,-106.856
592.180,-107.840
592.280,-106.577
592.380,-107.621
592.480,-107.434
592.580,-108.270
592.680,-106.987
592.780,-107.507
592.880,-107.351
592.980,-108.033
593.080,-108.360
593.180,-107.901
593.280,-108.590
593.380,-108.007
593.480,-105.583
593.580,-104.467
593.680,-102.670
593.780,-100.642
593.880,-93.981
593.980,-91.725
594.080,-101.521
594.180,-102.376
594.280,-99.974
594.380,-99.558
594.480,-103.949
594.580,-106.082
594.680,-106.590
594.780,-106.900
594.880,-107.506
594.980,-107.661
595.080,-110.210
595.180,-109.175
595.280,-108.077
595.380,-109.220
595.480,-110.368
595.580,-109.618
595.680,-109.854
595.780,-109.035
595.880,-108.601
595.980,-109.956
596.080,-109.547
596.180,-110.723
596.280,-111.005
596.380,-109.733
596.480,-109.997
596.580,-109.641
596.680,-108.453
596.780,-107.926
596.880,-108.948
596.980,-107.957
597.080,-107.007
597.180,-105.111
597.280,-108.951
597.380,-109.855
597.480,-107.357
597.580,-111.003
597.680,-109.150
597.780,-110.903
597.880,-109.856
597.980,-109.869
598.080,-111.137
598.180,-110.587
598.280,-109.853
598.380,-109.935
598.480,-109.406
598.580,-109.132
598.680,-109.971
598.780,-110.026
598.880,-110.466
598.980,-109.531
599.080,-110.385
599.180,-104.928
599.280,-111.181
599.380,-110.417
599.480,-111.455
599.580,-109.669
599.680,-109.013
599.780,-110.111
599.880,-103.510
599.980,-100.773
600.080,-104.653
600.080,-104.082
600.180,-109.042
600.280,-111.329
600.380,-110.215
600.480,-110.831
600.580,-113.827
600.680,-111.408
600.780,-112.115
600.880,-111.305
600.980,-110.711
601.080,-111.486
601.180,-108.399
601.280,-111.179
601.380,-112.524
601.480,-110.547
601.580,-111.178
601.680,-111.129
601.780,-109.931
601.880,-112.115
601.980,-110.030
602.080,-107.962
602.180,-107.848
602.280,-111.411
602.380,-109.745
602.480,-110.131
602.580,-107.565
602.680,-106.661
602.780,-104.499
602.880,-103.566
602.980,-105.631
603.080,-107.110
603.180,-106.167
603.280,-105.570
603.380,-104.507
603.480,-103.753
603.580,-106.781
603.680,-102.161
603.780,-105.551
603.880,-102.856
603.980,-107.132
604.080,-104.465
604.180,-103.795
604.280,-107.649
604.380,-107.388
604.480,-107.713
604.580,-109.240
604.680,-108.605
604.780,-107.247
604.880,-108.294
604.980,-107.645
605.080,-104.241
605.180,-106.470
605.280,-108.598
605.380,-107.621
605.480,-106.333
605.580,-98.991
605.680,-99.516
605.780,-101.899
605.880,-104.649
605.980,-103.304
606.080,-106.595
606.180,-105.020
606.280,-104.452
606.380,-103.496
606.480,-102.074
606.580,-104.407
606.680,-105.037
606.780,-107.227
606.880,-108.412
606.980,-106.592
607.080,-107.832
607.180,-108.123
607.280,-106.656
607.380,-106.947
607.480,-108.527
607.580,-108.748
607.680,-107.026
607.780,-109.221
607.880,-108.082
607.980,-108.556
608.080,-109.370
608.180,-105.842
608.280,-105.332
608.380,-107.144
608.480,-106.114
608.580,-107.016
608.680,-107.963
608.780,-108.668
608.880,-108.310
608.980,-111.475
609.080,-111.228
609.180,-109.625
609.280,-110.182
609.380,-111.020
609.480,-110.102
609.580,-110.098
609.680,-110.316
609.780,-108.204
609.880,-106.233
609.980,-106.456
610.080,-109.960
610.180,-108.891
610.280,-106.673
610.380,-108.360
610.480,-109.874
610.580,-109.339
610.680,-111.774
610.780,-108.667
610.880,-107.432
610.980,-109.094
611.080,-109.858
611.180,-100.817
611.280,-99.207
611.380,-101.270
611.480,-106.206
611.580,-108.021
611.680,-106.327
611.780,-104.975
611.880,-106.932
611.980,-110.470
612.080,-109.923
612.180,-108.635
612.280,-109.522
612.380,-107.091
612.480,-106.809
612.580,-106.472
612.680,-105.545
612.780,-107.892
612.880,-107.243
612.980,-108.094
613.080,-107.758
613.180,-103.869
613.280,-104.449
613.380,-104.320
613.480,-103.323
613.580,-107.162
613.680,-106.622
613.780,-104.518
613.880,-105.234
613.980,-103.916
614.080,-100.606
614.180,-102.789
614.280,-102.679
614.380,-103.167
614.480,-103.784
614.580,-104.108
614.680,-103.132
614.780,-103.050
614.880,-102.749
614.980,-103.043
615.080,-105.076
615.180,-99.401
615.280,-99.027
615.380,-100.003
615.480,-97.105
615.580,-98.556
615.680,-96.853
615.780,-94.622
615.880,-79.531
615.980,-84.614
616.080,-90.371
616.180,-95.199
616.280,-95.514
616.380,-97.045
616.480,-97.156
616.580,-99.495
616.680,-100.723
616.780,-102.628
616.880,-97.822
616.980,-98.988
617.080,-101.029
617.180,-101.998
617.280,-101.773
617.380,-98.114
617.480,-99.759
617.580,-104.082
617.680,-105.681
617.780,-104.820
617.880,-104.998
617.980,-103.873
618.080,-102.869
618.180,-103.084
618.280,-102.779
618.380,-99.028
618.480,-101.263
618.580,-105.341
618.680,-101.008
618.780,-99.190
618.880,-101.972
618.980,-104.541
619.080,-100.194
619.180,-103.213
619.280,-98.568
619.380,-101.950
619.480,-104.040
619.580,-100.146
619.680,-100.271
619.780,-101.490
619.880,-101.635
619.980,-100.359
620.080,-101.389
620.180,-102.178
620.280,-99.857
620.380,-103.096
620.480,-101.767
620.580,-103.883
620.680,-102.760
620.780,-104.141
620.880,-102.450
620.980,-104.202
621.080,-102.049
621.180,-100.965
621.280,-101.717
621.380,-102.813
621.480,-103.289
621.580,-103.401
621.680,-106.837
621.780,-104.487
621.880,-104.382
621.980,-104.508
622.080,-104.390
622.180,-106.538
622.280,-105.780
622.380,-103.987
622.480,-102.318
622.580,-99.588
622.680,-101.958
622.780,-105.564
622.880,-104.302
622.980,-101.549
623.080,-98.921
623.180,-105.428
623.280,-104.423
623.380,-104.918
623.480,-108.725
623.580,-104.590
623.680,-107.345
623.780,-107.846
623.880,-107.130
623.980,-107.737
624.080,-102.103
624.180,-106.907
624.280,-103.911
624.380,-105.204
624.480,-104.852
624.580,-103.074
624.680,-106.808
624.780,-105.352
624.880,-102.967
624.980,-102.551
625.080,-104.609
625.180,-107.229
625.280,-102.100
625.380,-104.104
625.480,-104.730
625.580,-106.148
625.680,-102.484
625.780,-103.819
625.880,-106.439
625.980,-105.043
626.080,-106.105
626.180,-104.456
626.280,-106.092
626.380,-104.912
626.480,-105.640
626.580,-106.969
626.680,-103.613
626.780,-100.862
626.880,-106.041
626.980,-106.626
627.080,-106.310
627.180,-104.035
627.280,-102.348
627.380,-104.993
627.480,-107.425
627.580,-107.115
627.680,-107.653
627.780,-107.092
627.880,-107.940
627.980,-108.877
628.080,-108.466
628.180,-104.031
628.280,-105.037
628.380,-107.096
628.480,-106.387
628.580,-101.941
628.680,-99.722
628.780,-100.461
628.880,-106.669
628.980,-107.901
629.080,-105.586
629.180,-106.017
629.280,-103.247
629.380,-108.035
629.480,-107.302
629.580,-102.639
629.680,-100.808
629.780,-104.548
629.880,-106.210
629.980,-104.507
630.080,-105.960
630.180,-104.616
630.280,-105.443
630.380,-104.757
630.480,-108.011
630.580,-106.455
630.680,-107.363
630.780,-105.530
630.880,-106.931
630.980,-104.878
631.080,-104.095
631.180,-106.431
631.280,-105.317
631.380,-106.483
631.480,-101.775
631.580,-101.648
631.680,-103.329
631.780,-104.867
631.880,-105.183
631.980,-106.346
632.080,-107.245
632.180,-107.855
632.280,-105.292
632.380,-106.781
632.480,-106.965
632.580,-106.655
632.680,-106.952
632.780,-106.693
632.880,-107.184
632.980,-106.952
633.080,-105.125
633.180,-107.967
633.280,-108.862
633.380,-108.064
633.480,-106.974
633.580,-110.242
633.680,-105.485
633.780,-105.585
633.880,-107.581
633.980,-106.736
634.080,-108.078
634.180,-107.938
634.280,-100.520
634.380,-99.850
634.480,-103.879
634.580,-109.781
634.680,-105.075
634.780,-107.964
634.880,-109.554
634.980,-107.371
635.080,-106.155
635.180,-107.066
635.280,-105.009
635.380,-107.657
635.480,-108.876
635.580,-105.910
635.680,-106.718
635.780,-103.504
635.880,-105.272
635.980,-105.553
636.080,-106.448
636.180,-108.583
636.280,-107.354
636.380,-107.968
636.480,-108.723
636.580,-107.150
636.680,-108.067
636.780,-107.584
636.880,-106.828
636.980,-104.391
637.080,-106.659
637.180,-105.152
637.280,-103.506
637.380,-96.655
637.480,-103.110
637.580,-97.326
637.680,-105.440
637.780,-93.322
637.880,-93.145
637.980,-96.083
638.080,-96.208
638.180,-102.670
638.280,-96.936
638.380,-95.716
638.480,-98.551
638.580,-94.843
638.680,-98.021
638.780,-97.862
638.880,-101.689
638.980,-93.427
639.080,-99.533
639.180,-98.185
639.280,-91.291
639.380,-105.296
639.480,-99.737
639.580,-107.879
639.680,-97.166
639.780,-96.315
639.880,-101.271
639.980,-99.885
640.080,-101.570
640.180,-96.477
640.280,-102.666
640.380,-100.615
640.480,-94.439
640.580,-105.011
640.680,-95.263
640.780,-93.760
640.880,-93.363
640.980,-93.967
641.080,-92.062
641.180,-93.068
641.280,-95.530
641.380,-95.391
641.480,-98.060
641.580,-100.423
641.680,-100.332
641.780,-101.126
641.880,-96.979
641.980,-102.666
642.080,-93.675
642.180,-95.917
642.280,-96.064
642.380,-91.495
642.480,-100.082
642.580,-99.088
642.680,-98.271
642.780,-92.432
642.880,-95.614
642.980,-90.022
643.080,-93.145
643.180,-101.383
643.280,-90.255
643.380,-93.438
643.480,-101.514
643.580,-94.864
643.680,-105.051
643.780,-94.292
643.880,-101.780
643.980,-103.646
644.080,-100.388
644.180,-103.767
644.280,-94.161
644.380,-104.098
644.480,-93.067
644.580,-98.211
644.680,-94.505
644.780,-94.075
644.880,-103.954
644.980,-99.326
645.080,-105.103
645.180,-99.179
645.280,-94.528
645.380,-93.508
645.480,-92.796
645.580,-97.562
645.680,-96.144
645.780,-105.227
645.880,-102.774
645.980,-98.061
646.080,-105.662
646.080,-95.011
646.180,-93.874
646.280,-92.654
646.380,-92.661
646.480,-91.776
646.580,-89.621
646.680,-91.756
646.780,-95.141
646.880,-95.784
646.980,-92.878
647.080,-91.507
647.180,-94.066
647.280,-97.107
647.380,-97.201
647.480,-94.511
647.580,-98.581
647.680,-96.312
647.780,-95.797
647.880,-100.618
647.980,-101.162
648.080,-101.951
648.180,-96.193
648.280,-92.883
648.380,-96.649
648.480,-94.146
648.580,-100.098
648.680,-96.782
648.780,-96.511
648.880,-96.312
648.980,-98.958
649.080,-92.494
649.180,-96.653
649.280,-95.016
649.380,-94.213
649.480,-93.940
649.580,-96.109
649.680,-92.407
649.780,-95.061
649.880,-95.896
649.980,-97.770
650.080,-94.876
650.180,-97.165
650.280,-93.288
650.380,-93.877
650.480,-93.145
650.580,-92.808
650.680,-93.562
650.780,-93.276
650.880,-94.030
650.980,-90.516
651.080,-95.659
651.180,-99.191
651.280,-95.918
651.380,-91.619
651.480,-97.115
651.580,-98.453
651.680,-105.204
651.780,-108.475
651.880,-109.089
651.980,-107.882
652.080,-107.983
652.180,-110.314
652.280,-109.958
652.380,-111.191
652.480,-109.236
652.580,-109.195
652.680,-107.236
652.780,-110.072
652.880,-109.591
652.980,-108.497
653.080,-109.312
653.180,-111.209
653.280,-109.462
653.380,-109.556
653.480,-110.218
653.580,-110.029
653.680,-107.844
653.780,-108.585
653.880,-110.187
653.980,-104.257
654.080,-107.813
654.180,-109.142
654.280,-110.473
654.380,-109.731
654.480,-108.544
654.580,-109.519
654.680,-105.778
654.780,-109.262
654.880,-108.680
654.980,-106.684
655.080,-109.964
655.180,-110.219
655.280,-107.489
655.380,-110.349
655.480,-110.185
655.580,-107.654
655.680,-110.523
655.780,-108.573
655.880,-108.920
655.980,-108.896
656.080,-111.651
656.180,-111.267
656.280,-109.986
656.380,-110.373
656.480,-107.738
656.580,-111.461
656.680,-112.508
656.780,-110.959
656.880,-105.228
656.980,-108.327
657.080,-107.367
657.180,-107.358
657.280,-109.846
657.380,-108.292
657.480,-104.761
657.580,-108.182
657.680,-108.862
657.780,-109.520
657.880,-110.270
657.980,-108.723
658.080,-109.361
658.180,-109.349
658.280,-109.407
658.380,-106.730
658.480,-108.313
658.580,-106.702
658.680,-108.706
658.780,-109.127
658.880,-108.541
658.980,-109.099
659.080,-108.481
659.180,-108.446
659.280,-107.344
659.380,-107.907
659.480,-107.978
659.580,-106.630
659.680,-103.358
659.780,-102.387
659.880,-95.449
659.980,-94.002
660.080,-100.419
660.180,-104.660
660.280,-106.177
660.380,-107.155
660.480,-107.572
660.580,-108.457
660.680,-108.793
660.780,-111.057
660.880,-110.690
660.980,-110.536
661.080,-111.861
661.180,-108.465
661.280,-112.384
661.380,-110.673
661.480,-109.406
661.580,-110.311
661.680,-109.488
661.780,-109.971
661.880,-110.229
661.980,-112.762
662.080,-110.970
662.180,-109.636
662.280,-109.621
662.380,-110.364
662.480,-108.184
662.580,-108.603
662.680,-107.880
662.780,-110.298
662.880,-109.777
662.980,-108.468
663.080,-107.148
663.180,-110.523
663.280,-109.461
663.380,-109.068
663.480,-109.078
663.580,-109.237
663.680,-109.673
663.780,-109.348
663.880,-108.593
663.980,-109.550
664.080,-111.325
664.180,-109.511
664.280,-112.143
664.380,-109.404
664.480,-108.433
664.580,-109.897
664.680,-109.193
664.780,-109.555
664.880,-106.986
664.980,-112.016
665.080,-110.166
665.180,-111.078
665.280,-111.107
665.380,-109.985
665.480,-108.037
665.580,-110.642
665.680,-108.266
665.780,-105.751
665.880,-106.875
665.980,-105.657
666.080,-107.582
666.180,-107.417
666.280,-105.587
666.380,-105.817
666.480,-105.941
666.580,-107.047
666.680,-105.344
666.780,-106.338
666.880,-102.784
666.980,-104.004
667.080,-99.734
667.180,-90.363
667.280,-88.283
667.380,-91.979
667.480,-99.213
667.580,-102.981
667.680,-103.091
667.780,-100.812
667.880,-103.116
667.980,-96.715
668.080,-84.365
668.180,-82.987
668.280,-87.557
668.380,-95.585
668.480,-103.249
668.580,-100.125
668.680,-101.838
668.780,-104.098
668.880,-104.467
668.980,-106.511
669.080,-107.424
669.180,-107.349
669.280,-107.231
669.380,-111.820
669.480,-110.011
669.580,-109.194
669.680,-107.575
669.780,-109.012
669.880,-109.504
669.980,-109.312
670.080,-110.385
670.180,-111.897
670.280,-109.356
670.380,-107.285
670.480,-111.069
670.580,-109.994
670.680,-112.037
670.780,-111.054
670.880,-111.048
670.980,-109.812
671.080,-109.774
671.180,-106.827
671.280,-106.196
671.380,-110.438
671.480,-108.423
671.580,-109.808
671.680,-107.430
671.780,-108.608
671.880,-107.137
671.980,-110.892
672.080,-110.465
672.180,-110.884
672.280,-108.842
672.380,-110.377
672.480,-109.034
672.580,-110.710
672.680,-111.351
672.780,-110.512
672.880,-111.240
672.980,-112.151
673.080,-111.201
673.180,-112.303
673.280,-112.605
673.380,-109.131
673.480,-111.446
673.580,-109.233
673.680,-110.087
673.780,-112.281
673.880,-110.177
673.980,-112.524
674.080,-108.090
674.180,-108.708
674.280,-106.457
674.380,-105.706
674.480,-109.428
674.580,-109.491
674.680,-111.257
674.780,-109.929
674.880,-110.410
674.980,-111.969
675.080,-111.910
675.180,-111.559
675.280,-110.315
675.380,-111.466
675.480,-108.027
675.580,-110.938
675.680,-110.404
675.780,-107.799
675.880,-108.358
675.980,-109.442
676.080,-110.972
676.180,-111.874
676.280,-109.676
676.380,-110.170
676.480,-107.067
676.580,-111.122
676.680,-108.787
676.780,-109.375
676.880,-110.803
676.980,-108.931
677.080,-108.941
677.180,-108.509
677.280,-106.102
677.380,-108.363
677.480,-98.760
677.580,-95.581
677.680,-106.098
677.780,-109.892
677.880,-110.574
677.980,-111.349
678.080,-107.595
678.180,-112.041
678.280,-110.037
678.380,-110.130
678.480,-112.731
678.580,-110.734
678.680,-108.378
678.780,-110.177
678.880,-111.039
678.980,-112.785
679.080,-112.572
679.180,-110.288
679.280,-110.290
679.380,-108.462
679.480,-111.184
679.580,-109.193
679.680,-111.025
679.780,-107.685
679.880,-108.237
679.980,-106.540
680.080,-105.034
680.180,-110.762
680.280,-108.593
680.380,-108.557
680.480,-110.015
680.580,-109.729
680.680,-111.499
680.780,-106.977
680.880,-111.719
680.980,-111.569
681.080,-110.673
681.180,-110.371
681.280,-107.378
681.380,-104.696
681.480,-109.104
681.580,-108.172
681.680,-103.561
681.780,-99.629
681.880,-97.575
681.980,-97.026
682.080,-96.822
682.180,-100.722
682.280,-99.734
682.380,-101.335
682.480,-106.264
682.580,-107.333
682.680,-102.597
682.780,-104.876
682.880,-104.897
682.980,-102.005
683.080,-108.560
683.180,-105.499
683.280,-106.994
683.380,-108.587
683.480,-107.843
683.580,-107.193
683.680,-108.742
683.780,-108.840
683.880,-106.284
683.980,-109.400
684.080,-108.594
684.180,-109.124
684.280,-107.299
684.380,-109.732
684.480,-110.262
684.580,-109.157
684.680,-111.473
684.780,-111.102
684.880,-111.939
684.980,-110.291
685.080,-110.484
685.180,-111.776
685.280,-108.970
685.380,-108.963
685.480,-108.578
685.580,-106.294
685.680,-105.719
685.780,-107.546
685.880,-110.732
685.980,-110.162
686.080,-109.140
686.180,-109.360
686.280,-109.995
686.380,-109.020
686.480,-110.940
686.580,-109.051
686.680,-111.701
686.780,-109.386
686.880,-111.752
686.980,-111.593
687.080,-111.044
687.180,-111.225
687.280,-110.807
687.380,-108.282
687.480,-109.748
687.580,-110.674
687.680,-113.358
687.780,-109.806
687.880,-109.409
687.980,-109.586
688.080,-110.714
688.180,-109.004
688.280,-109.931
688.380,-109.162
688.480,-107.952
688.580,-108.454
688.680,-107.688
688.780,-108.992
688.880,-109.495
688.980,-109.537
689.080,-112.069
689.180,-109.447
689.280,-110.835
689.380,-109.763
689.480,-110.904
689.580,-111.953
689.680,-108.001
689.780,-109.969
689.880,-110.465
689.980,-109.868
690.080,-111.190
690.180,-111.439
690.280,-109.070
690.380,-110.771
690.480,-111.339
690.580,-109.997
690.680,-108.163
690.780,-106.598
690.880,-107.733
690.980,-109.474
691.080,-105.896
691.180,-105.424
691.280,-106.328
691.380,-107.836
691.480,-108.714
691.580,-111.548
691.680,-108.198
691.780,-107.831
691.880,-111.656
691.980,-109.738
692.080,-109.210
692.080,-108.273
692.180,-110.381
692.280,-110.425
692.380,-109.256
692.480,-109.624
692.580,-112.262
692.680,-110.527
692.780,-107.572
692.880,-110.638
692.980,-107.129
693.080,-111.594
693.180,-111.141
693.280,-111.042
693.380,-110.996
693.480,-110.618
693.580,-110.257
693.680,-110.187
693.780,-110.651
693.880,-112.614
693.980,-109.610
694.080,-110.647
694.180,-109.339
694.280,-113.416
694.380,-111.752
694.480,-111.818
694.580,-109.675
694.680,-111.399
694.780,-109.918
694.880,-107.549
694.980,-109.954
695.080,-110.826
695.180,-110.836
695.280,-111.339
695.380,-109.933
695.480,-111.475
695.580,-111.007
695.680,-111.451
695.780,-111.338
695.880,-110.049
695.980,-109.748
696.080,-110.680
696.180,-109.381
696.280,-112.125
696.380,-110.295
696.480,-110.184
696.580,-106.550
696.680,-111.620
696.780,-109.409
696.880,-110.096
696.980,-110.062
697.080,-110.579
697.180,-112.006
697.280,-109.128
697.380,-110.306
697.480,-111.678
697.580,-109.247
697.680,-108.579
697.780,-108.897
697.880,-110.829
697.980,-110.378
698.080,-108.921
698.180,-109.802
698.280,-109.026
698.380,-108.930
698.480,-110.141
698.580,-109.785
698.680,-110.508
698.780,-108.208
698.880,-109.243
698.980,-110.174
699.080,-111.056
699.180,-109.963
699.280,-109.412
699.380,-111.134
699.480,-109.472
699.580,-108.373
699.680,-109.194
699.780,-110.495
699.880,-110.070
699.980,-108.873
700.080,-110.076
700.080,-110.491
700.180,-110.345
700.280,-109.828
700.380,-108.652
700.480,-110.491
700.580,-108.898
700.680,-107.548
700.780,-109.101
700.880,-110.016
700.980,-110.091
701.080,-108.956
701.180,-111.055
701.280,-110.825
701.380,-110.444
701.480,-109.464
701.580,-108.782
701.680,-110.034
701.780,-108.023
701.880,-108.659
701.980,-108.643
702.080,-109.800
702.180,-107.931
702.280,-107.931
702.380,-108.484
702.480,-108.338
702.580,-105.514
702.680,-106.721
702.780,-104.012
702.880,-106.619
702.980,-105.724
703.080,-105.525
703.180,-103.526
703.280,-106.523
703.380,-95.361
703.480,-102.112
703.580,-101.558
703.680,-101.206
703.780,-100.514
703.880,-97.301
703.980,-90.317
704.080,-99.082
704.180,-100.118
704.280,-105.936
704.380,-106.126
704.480,-105.948
704.580,-107.282
704.680,-106.302
704.780,-108.624
704.880,-108.649
704.980,-108.913
705.080,-108.447
705.180,-105.490
705.280,-109.366
705.380,-104.733
705.480,-107.983
705.580,-107.288
705.680,-108.394
705.780,-107.125
705.880,-106.815
705.980,-109.087
706.080,-108.139
706.180,-105.911
706.280,-107.953
706.380,-106.066
706.480,-108.274
706.580,-108.381
706.680,-110.316
706.780,-106.757
706.880,-104.655
706.980,-108.469
707.080,-108.105
707.180,-107.726
707.280,-106.761
707.380,-109.388
707.480,-108.578
707.580,-111.840
707.680,-108.472
707.780,-107.740
707.880,-109.436
707.980,-107.671
708.080,-106.710
708.180,-105.977
708.280,-104.053
708.380,-103.987
708.480,-103.915
708.580,-106.109
708.680,-102.984
708.780,-107.006
708.880,-107.860
708.980,-109.825
709.080,-109.770
709.180,-111.001
709.280,-109.318
709.380,-108.552
709.480,-108.928
709.580,-109.320
709.680,-107.881
709.780,-109.580
709.880,-109.532
709.980,-107.678
710.080,-109.749
710.180,-108.421
710.280,-109.651
710.380,-109.029
710.480,-109.728
710.580,-109.325
710.680,-108.881
710.780,-108.881
710.880,-109.821
710.980,-109.896
711.080,-108.889
711.180,-106.424
711.280,-105.217
711.380,-107.745
711.480,-108.437
711.580,-106.313
711.680,-108.840
711.780,-108.426
711.880,-106.658
711.980,-107.330
712.080,-108.664
712.180,-108.839
712.280,-110.438
712.380,-108.931
712.480,-107.895
712.580,-109.122
712.680,-107.589
712.780,-109.181
712.880,-109.054
712.980,-106.734
713.080,-106.632
713.180,-110.764
713.280,-108.660
713.380,-109.979
713.480,-109.401
713.580,-110.315
713.680,-110.454
713.780,-108.899
713.880,-109.555
713.980,-110.185
714.080,-111.347
714.180,-107.548
714.280,-101.490
714.380,-100.798
714.480,-105.009
714.580,-104.531
714.680,-109.213
714.780,-109.066
714.880,-107.460
714.980,-108.350
715.080,-108.410
715.180,-108.435
715.280,-107.722
715.380,-106.079
715.480,-110.933
715.580,-107.305
715.680,-108.295
715.780,-107.728
715.880,-107.171
715.980,-107.667
716.080,-109.289
716.180,-107.615
716.280,-107.274
716.380,-107.283
716.480,-108.837
716.580,-107.355
716.680,-106.794
716.780,-107.294
716.880,-107.385
716.980,-104.716
717.080,-103.292
717.180,-103.518
717.280,-106.448
717.380,-107.016
717.480,-105.070
717.580,-104.927
717.680,-106.700
717.780,-107.076
717.880,-103.836
717.980,-107.359
718.080,-103.039
718.180,-103.311
718.280,-104.099
718.380,-100.238
718.480,-94.044
718.580,-87.638
718.680,-87.990
718.780,-98.439
718.880,-103.921
718.980,-106.052
719.080,-103.742
719.180,-105.600
719.280,-107.703
719.380,-108.519
719.480,-105.567
719.580,-107.791
719.680,-109.635
719.780,-107.565
719.880,-99.486
719.980,-98.887
720.080,-100.633
720.180,-107.329
720.280,-110.818
720.380,-108.397
720.480,-107.580
720.580,-109.200
720.680,-107.948
720.780,-107.780
720.880,-107.726
720.980,-110.033
721.080,-107.150
721.180,-107.186
721.280,-109.935
721.380,-107.476
721.480,-107.400
721.580,-107.425
721.680,-107.716
721.780,-108.370
721.880,-108.220
721.980,-108.226
722.080,-108.201
722.180,-108.715
722.280,-108.133
722.380,-106.907
722.480,-107.503
722.580,-108.285
722.680,-105.446
722.780,-102.118
722.880,-102.481
722.980,-104.500
723.080,-106.754
723.180,-107.535
723.280,-106.729
723.380,-109.834
723.480,-107.806
723.580,-108.960
723.680,-105.818
723.780,-107.008
723.880,-107.090
723.980,-109.567
724.080,-106.143
724.180,-107.783
724.280,-106.077
724.380,-108.035
724.480,-108.698
724.580,-107.456
724.680,-108.052
724.780,-108.911
724.880,-107.454
724.980,-108.800
725.080,-110.444
725.180,-109.519
725.280,-110.216
725.380,-109.564
725.480,-103.606
725.580,-98.814
725.680,-99.108
725.780,-103.981
725.880,-105.813
725.980,-104.474
726.080,-106.148
726.180,-107.168
726.280,-109.771
726.380,-109.419
726.480,-108.457
726.580,-108.123
726.680,-110.041
726.780,-110.412
726.880,-108.459
726.980,-108.130
727.080,-106.805
727.180,-106.516
727.280,-106.211
727.380,-108.168
727.480,-108.999
727.580,-106.873
727.680,-108.762
727.780,-107.359
727.880,-105.957
727.980,-106.707
728.080,-107.723
728.180,-107.607
728.280,-105.008
728.380,-104.702
728.480,-103.783
728.580,-105.855
728.680,-108.328
728.780,-108.284
728.880,-107.068
728.980,-107.526
729.080,-106.239
729.180,-107.073
729.280,-98.773
729.380,-97.330
729.480,-97.240
729.580,-96.393
729.680,-97.854
729.780,-97.529
729.880,-95.324
729.980,-97.006
730.080,-99.117
730.180,-98.681
730.280,-99.603
730.380,-99.721
730.480,-96.380
730.580,-99.875
730.680,-97.625
730.780,-97.372
730.880,-99.620
730.980,-99.597
731.080,-98.153
731.180,-96.421
731.280,-96.342
731.380,-97.429
731.480,-99.774
731.580,-101.046
731.680,-100.815
731.780,-99.911
731.880,-100.477
731.980,-99.656
732.080,-98.995
732.180,-97.552
732.280,-98.861
732.380,-98.817
732.480,-96.949
732.580,-98.869
732.680,-97.699
732.780,-100.652
732.880,-98.007
732.980,-98.680
733.080,-97.781
733.180,-97.115
733.280,-98.772
733.380,-96.575
733.480,-95.484
733.580,-95.932
733.680,-96.726
733.780,-96.029
733.880,-97.543
733.980,-98.397
734.080,-95.940
734.180,-96.071
734.280,-97.952
734.380,-97.825
734.480,-99.820
734.580,-94.367
734.680,-100.274
734.780,-98.618
734.880,-98.293
734.980,-97.005
735.080,-97.882
735.180,-99.075
735.280,-98.238
735.380,-96.882
735.480,-96.694
735.580,-97.876
735.680,-97.988
735.780,-96.559
735.880,-95.547
735.980,-96.197
736.080,-95.195
736.180,-99.185
736.280,-96.351
736.380,-99.501
736.480,-97.281
736.580,-95.928
736.680,-97.373
736.780,-97.268
736.880,-94.906
736.980,-96.339
737.080,-95.827
737.180,-98.202
737.280,-98.156
737.380,-97.581
737.480,-98.444
737.580,-96.885
737.680,-97.085
737.780,-97.614
737.880,-97.283
737.980,-97.970
738.080,-97.739
738.180,-97.325
738.280,-99.220
738.380,-97.743
738.480,-98.941
738.580,-105.654
738.680,-106.790
738.780,-106.691
738.880,-105.932
738.980,-106.970
739.080,-105.017
739.180,-106.681
739.280,-106.956
739.380,-106.224
739.480,-106.849
739.580,-106.501
739.680,-105.399
739.780,-102.851
739.880,-102.739
739.980,-105.613
740.080,-103.770
740.180,-97.958
740.280,-94.784
740.380,-87.549
740.480,-89.664
740.580,-89.960
740.680,-92.548
740.780,-91.186
740.880,-89.147
740.980,-87.561
741.080,-90.925
741.180,-93.230
741.280,-93.759
741.380,-94.082
741.480,-102.148
741.580,-94.795
741.680,-99.853
741.780,-97.420
741.880,-101.051
741.980,-97.725
742.080,-100.087
742.180,-95.846
742.280,-99.658
742.380,-92.416
742.480,-100.600
742.580,-92.750
742.680,-88.875
742.780,-99.370
742.880,-98.048
742.980,-91.191
743.080,-92.155
743.180,-91.446
743.280,-93.104
743.380,-99.516
743.480,-98.228
743.580,-93.174
743.680,-94.894
743.780,-98.566
743.880,-94.087
743.980,-97.365
744.080,-100.282
744.180,-100.493
744.280,-98.068
744.380,-95.798
744.480,-95.910
744.580,-94.336
744.680,-94.036
744.780,-97.118
744.880,-104.630
744.980,-105.648
745.080,-108.022
745.180,-108.201
745.280,-105.668
745.380,-102.974
745.480,-105.864
745.580,-104.302
745.680,-104.085
745.780,-102.591
745.880,-103.814
745.980,-103.709
746.080,-105.006
746.080,-103.317
746.180,-97.580
746.280,-86.907
746.380,-88.340
746.480,-89.257
746.580,-90.169
746.680,-92.654
746.780,-90.344
746.880,-95.944
746.980,-90.786
747.080,-87.950
747.180,-87.635
747.280,-94.178
747.380,-90.386
747.480,-90.598
747.580,-91.855
747.680,-93.295
747.780,-96.208
747.880,-90.044
747.980,-88.017
748.080,-89.478
748.180,-88.949
748.280,-89.454
748.380,-83.443
748.480,-86.203
748.580,-83.532
748.680,-84.862
748.780,-85.299
748.880,-86.801
748.980,-88.530
749.080,-88.278
749.180,-86.740
749.280,-88.556
749.380,-89.960
749.480,-93.978
749.580,-93.830
749.680,-87.579
749.780,-91.441
749.880,-93.281
749.980,-94.015
750.080,-91.476
750.180,-91.762
750.280,-91.919
750.380,-88.730
750.480,-89.591
750.580,-91.363
750.680,-91.218
750.780,-96.156
750.880,-104.204
750.980,-105.922
751.080,-105.519
751.180,-101.197
751.280,-91.542
751.380,-92.020
751.480,-91.832
751.580,-93.467
751.680,-95.121
751.780,-94.232
751.880,-92.056
751.980,-93.919
752.080,-92.886
752.180,-92.591
752.280,-92.664
752.380,-94.124
752.480,-93.393
752.580,-93.974
752.680,-93.217
752.780,-94.971
752.880,-93.724
752.980,-93.605
753.080,-91.236
753.180,-90.514
753.280,-89.042
753.380,-88.567
753.480,-89.760
753.580,-91.485
753.680,-92.336
753.780,-94.098
753.880,-89.511
753.980,-89.679
754.080,-91.728
754.180,-94.650
754.280,-91.238
754.380,-93.586
754.480,-93.370
754.580,-92.073
754.680,-98.717
754.780,-97.300
754.880,-93.506
754.980,-97.766
755.080,-95.128
755.180,-96.321
755.280,-96.985
755.380,-92.624
755.480,-97.940
755.580,-94.909
755.680,-91.762
755.780,-98.478
755.880,-105.192
755.980,-107.209
756.080,-106.690
756.180,-104.588
756.280,-103.626
756.380,-105.515
756.480,-106.392
756.580,-105.654
756.680,-103.493
756.780,-107.064
756.880,-102.515
756.980,-104.884
757.080,-102.212
757.180,-101.221
757.280,-102.883
757.380,-104.403
757.480,-104.117
757.580,-104.879
757.680,-107.532
757.780,-106.139
757.880,-108.095
757.980,-106.721
758.080,-106.288
758.180,-108.782
758.280,-106.667
758.380,-106.558
758.480,-104.445
758.580,-103.651
758.680,-104.943
758.780,-107.301
758.880,-106.494
758.980,-104.731
759.080,-109.091
759.180,-110.011
759.280,-109.066
759.380,-109.288
759.480,-110.196
759.580,-109.512
759.680,-108.868
759.780,-105.184
759.880,-99.553
759.980,-97.804
760.080,-98.683
760.180,-105.085
760.280,-109.578
760.380,-109.520
760.480,-109.025
760.580,-106.160
760.680,-109.107
760.780,-107.459
760.880,-105.768
760.980,-108.536
761.080,-110.835
761.180,-108.143
761.280,-106.111
761.380,-105.716
761.480,-105.793
761.580,-105.806
761.680,-105.800
761.780,-106.921
761.880,-105.458
761.980,-105.529
762.080,-105.093
762.180,-105.930
762.280,-105.908
762.380,-107.971
762.480,-106.097
762.580,-107.327
762.680,-104.843
762.780,-103.530
762.880,-104.008
762.980,-105.727
763.080,-104.471
763.180,-106.343
763.280,-108.390
763.380,-107.774
763.480,-106.997
763.580,-107.400
763.680,-107.202
763.780,-103.406
763.880,-108.512
763.980,-108.328
764.080,-106.380
764.180,-106.907
764.280,-106.107
764.380,-106.227
764.480,-107.483
764.580,-109.425
764.680,-108.453
764.780,-107.261
764.880,-109.042
764.980,-109.141
765.080,-108.853
765.180,-107.460
765.280,-108.512
765.380,-108.605
765.480,-102.889
765.580,-99.002
765.680,-99.368
765.780,-101.302
765.880,-105.579
765.980,-107.658
766.080,-107.748
766.180,-106.620
766.280,-109.982
766.380,-109.801
766.480,-109.487
766.580,-108.555
766.680,-105.997
766.780,-108.891
766.880,-108.925
766.980,-107.178
767.080,-107.265
767.180,-108.172
767.280,-105.460
767.380,-104.738
767.480,-107.510
767.580,-107.440
767.680,-106.266
767.780,-106.257
767.880,-107.975
767.980,-105.196
768.080,-106.082
768.180,-106.854
768.280,-104.783
768.380,-104.501
768.480,-103.300
768.580,-101.714
768.680,-103.722
768.780,-105.425
768.880,-105.781
768.980,-107.520
769.080,-108.214
769.180,-107.239
769.280,-104.320
769.380,-103.199
769.480,-101.884
769.580,-92.727
769.680,-94.363
769.780,-97.252
769.880,-91.721
769.980,-91.602
770.080,-96.763
770.180,-99.206
770.280,-84.453
770.380,-84.563
770.480,-98.064
770.580,-104.498
770.680,-105.928
770.780,-106.421
770.880,-106.330
770.980,-105.275
771.080,-105.349
771.180,-99.480
771.280,-98.557
771.380,-102.740
771.480,-106.166
771.580,-107.677
771.680,-107.475
771.780,-105.598
771.880,-106.728
771.980,-107.804
772.080,-108.638
772.180,-108.476
772.280,-107.454
772.380,-109.314
772.480,-107.576
772.580,-108.135
772.680,-108.388
772.780,-109.179
772.880,-108.564
772.980,-107.704
773.080,-109.995
773.180,-108.777
773.280,-106.451
773.380,-107.876
773.480,-109.110
773.580,-106.224
773.680,-109.072
773.780,-107.963
773.880,-108.624
773.980,-108.312
774.080,-106.350
774.180,-106.803
774.280,-108.085
774.380,-109.645
774.480,-107.173
774.580,-109.149
774.680,-107.380
774.780,-108.669
774.880,-107.639
774.980,-108.416
775.080,-108.975
775.180,-109.811
775.280,-106.940
775.380,-109.766
775.480,-107.755
775.580,-110.780
775.680,-109.205
775.780,-110.667
775.880,-108.682
775.980,-108.505
776.080,-108.803
776.180,-110.840
776.280,-107.916
776.380,-108.746
776.480,-109.952
776.580,-107.983
776.680,-109.048
776.780,-107.617
776.880,-104.180
776.980,-104.073
777.080,-107.750
777.180,-108.727
777.280,-107.193
777.380,-105.521
777.480,-105.381
777.580,-109.446
777.680,-110.935
777.780,-110.273
777.880,-108.247
777.980,-108.989
778.080,-110.360
778.180,-110.261
778.280,-107.957
778.380,-109.667
778.480,-109.633
778.580,-109.721
778.680,-108.805
778.780,-107.131
778.880,-110.198
778.980,-109.263
779.080,-108.994
779.180,-108.541
779.280,-108.944
779.380,-107.690
779.480,-107.224
779.580,-108.420
779.680,-108.012
779.780,-108.094
779.880,-106.679
779.980,-105.835
780.080,-109.297
780.180,-107.578
780.280,-107.386
780.380,-108.321
780.480,-108.877
780.580,-109.390
780.680,-108.232
780.780,-107.870
780.880,-107.069
780.980,-111.361
781.080,-108.024
781.180,-109.143
781.280,-109.597
781.380,-109.817
781.480,-107.501
781.580,-109.753
781.680,-108.783
781.780,-106.898
781.880,-109.733
781.980,-108.363
782.080,-109.362
782.180,-108.895
782.280,-109.935
782.380,-110.617
782.480,-104.641
782.580,-105.842
782.680,-106.971
782.780,-110.379
782.880,-108.405
782.980,-106.469
783.080,-104.023
783.180,-106.287
783.280,-109.214
783.380,-109.258
783.480,-108.787
783.580,-108.164
783.680,-109.575
783.780,-107.801
783.880,-110.008
783.980,-109.126
784.080,-109.446
784.180,-110.820
784.280,-110.157
784.380,-108.071
784.480,-105.878
784.580,-108.310
784.680,-109.517
784.780,-110.068
784.880,-108.358
784.980,-108.856
785.080,-108.395
785.180,-109.658
785.280,-108.986
785.380,-108.209
785.480,-107.396
785.580,-107.330
785.680,-109.136
785.780,-107.444
785.880,-106.881
785.980,-107.483
786.080,-109.555
786.180,-107.546
786.280,-107.923
786.380,-106.240
786.480,-108.504
786.580,-108.974
786.680,-110.647
786.780,-108.938
786.880,-110.122
786.980,-110.709
787.080,-109.382
787.180,-108.715
787.280,-110.227
787.380,-107.407
787.480,-108.639
787.580,-109.547
787.680,-110.470
787.780,-111.048
787.880,-110.944
787.980,-110.926
788.080,-109.155
788.180,-109.485
788.280,-109.524
788.380,-109.150
788.480,-109.515
788.580,-106.354
788.680,-104.290
788.780,-103.336
788.880,-108.269
788.980,-109.666
789.080,-111.125
789.180,-110.671
789.280,-109.961
789.380,-111.237
789.480,-112.142
789.580,-110.826
789.680,-108.935
789.780,-110.573
789.880,-110.057
789.980,-110.870
790.080,-106.841
790.180,-109.668
790.280,-105.901
790.380,-109.645
790.480,-108.985
790.580,-110.072
790.680,-109.864
790.780,-107.423
790.880,-112.027
790.980,-110.015
791.080,-108.124
791.180,-109.697
791.280,-110.742
791.380,-109.419
791.480,-105.431
791.580,-107.618
791.680,-108.779
791.780,-109.880
791.880,-109.935
791.980,-109.904
792.080,-110.486
792.080,-109.986
792.180,-109.779
792.280,-110.387
792.380,-109.520
792.480,-111.360
792.580,-109.687
792.680,-109.770
792.780,-109.437
792.880,-108.647
792.980,-109.389
793.080,-108.240
793.180,-109.223
793.280,-110.598
793.380,-111.087
793.480,-110.348
793.580,-109.196
793.680,-110.463
793.780,-109.948
793.880,-109.666
793.980,-113.282
794.080,-112.022
794.180,-108.590
794.280,-105.620
794.380,-106.224
794.480,-108.145
794.580,-112.207
794.680,-110.567
794.780,-111.332
794.880,-108.631
794.980,-109.529
795.080,-110.817
795.180,-109.932
795.280,-111.316
795.380,-110.801
795.480,-110.088
795.580,-109.148
795.680,-108.952
795.780,-109.900
795.880,-111.901
795.980,-109.752
796.080,-111.770
796.180,-112.225
796.280,-108.891
796.380,-109.832
796.480,-110.467
796.580,-108.340
796.680,-111.008
796.780,-112.068
796.880,-110.666
796.980,-110.986
797.080,-109.455
797.180,-110.553
797.280,-109.787
797.380,-109.802
797.480,-110.938
797.580,-110.437
797.680,-111.714
797.780,-111.991
797.880,-110.090
797.980,-111.157
798.080,-110.818
798.180,-110.500
798.280,-112.185
798.380,-110.348
798.480,-110.296
798.580,-111.689
798.680,-111.182
798.780,-111.163
798.880,-109.873
798.980,-112.342
799.080,-111.245
799.180,-109.867
799.280,-113.167
799.380,-111.748
799.480,-112.939
799.580,-111.958
799.680,-109.873
799.780,-111.283
799.880,-107.483
799.980,-107.635
800.080,-109.465
800.080,-109.036
800.180,-111.604
800.280,-112.990
800.380,-111.815
800.480,-111.486
800.580,-110.789
800.680,-110.795
800.780,-110.573
800.880,-112.294
800.980,-111.981
801.080,-108.639
801.180,-111.575
801.280,-110.633
801.380,-110.555
801.480,-112.941
801.580,-112.296
801.680,-111.481
801.780,-110.446
801.880,-112.694
801.980,-111.475
802.080,-112.558
802.180,-108.301
802.280,-109.874
802.380,-110.092
802.480,-111.873
802.580,-108.967
802.680,-111.158
802.780,-109.117
802.880,-110.787
802.980,-110.890
803.080,-111.729
803.180,-109.366
803.280,-110.951
803.380,-109.349
803.480,-111.734
803.580,-112.885
803.680,-110.367
803.780,-110.439
803.880,-112.162
803.980,-107.914
804.080,-109.804
804.180,-110.308
804.280,-110.651
804.380,-109.164
804.480,-110.586
804.580,-113.521
804.680,-112.300
804.780,-111.372
804.880,-112.066
804.980,-111.010
805.080,-108.414
805.180,-110.924
805.280,-109.246
805.380,-110.772
805.480,-110.242
805.580,-108.032
805.680,-110.194
805.780,-112.474
805.880,-112.051
805.980,-111.850
806.080,-113.016
806.180,-111.581
806.280,-112.584
806.380,-111.623
806.480,-112.777
806.580,-111.380
806.680,-107.752
806.780,-112.262
806.880,-110.962
806.980,-109.821
807.080,-111.390
807.180,-110.914
807.280,-110.433
807.380,-111.255
807.480,-110.116
807.580,-112.108
807.680,-111.659
807.780,-110.884
807.880,-109.187
807.980,-111.242
808.080,-111.561
808.180,-110.611
808.280,-111.230
808.380,-108.691
808.480,-109.850
808.580,-112.974
808.680,-110.895
808.780,-107.849
808.880,-111.106
808.980,-110.654
809.080,-112.015
809.180,-110.843
809.280,-110.616
809.380,-112.446
809.480,-110.674
809.580,-111.158
809.680,-109.733
809.780,-111.171
809.880,-112.310
809.980,-109.685
810.080,-111.659
810.180,-110.690
810.280,-109.897
810.380,-111.182
810.480,-111.352
810.580,-110.245
810.680,-111.105
810.780,-111.765
810.880,-112.237
810.980,-109.028
811.080,-110.799
811.180,-109.196
811.280,-107.046
811.380,-108.514
811.480,-111.452
811.580,-108.470
811.680,-110.036
811.780,-109.925
811.880,-111.481
811.980,-111.330
812.080,-110.857
812.180,-106.800
812.280,-112.866
812.380,-109.074
812.480,-111.042
812.580,-108.688
812.680,-108.452
812.780,-110.556
812.880,-109.796
812.980,-109.593
813.080,-106.633
813.180,-109.340
813.280,-108.361
813.380,-108.562
813.480,-106.356
813.580,-109.542
813.680,-108.723
813.780,-109.102
813.880,-109.043
813.980,-109.445
814.080,-107.628
814.180,-106.054
814.280,-108.791
814.380,-111.741
814.480,-108.996
814.580,-108.828
814.680,-109.510
814.780,-108.885
814.880,-111.297
814.980,-110.293
815.080,-110.790
815.180,-110.706
815.280,-110.988
815.380,-110.245
815.480,-109.930
815.580,-110.870
815.680,-110.614
815.780,-110.076
815.880,-111.256
815.980,-107.718
816.080,-108.315
816.180,-110.678
816.280,-111.086
816.380,-109.417
816.480,-108.003
816.580,-98.323
816.680,-92.315
816.780,-96.459
816.880,-104.090
816.980,-105.843
817.080,-109.726
817.180,-109.923
817.280,-109.525
817.380,-109.305
817.480,-108.151
817.580,-110.632
817.680,-111.285
817.780,-111.451
817.880,-110.493
817.980,-110.533
818.080,-110.704
818.180,-110.679
818.280,-110.306
818.380,-109.523
818.480,-112.656
818.580,-111.080
818.680,-111.621
818.780,-110.148
818.880,-109.643
818.980,-110.343
819.080,-109.060
819.180,-108.442
819.280,-109.176
819.380,-110.488
819.480,-109.503
819.580,-108.861
819.680,-108.763
819.780,-109.857
819.880,-110.182
819.980,-109.785
820.080,-107.907
820.180,-107.945
820.280,-109.685
820.380,-109.498
820.480,-109.853
820.580,-108.460
820.680,-108.541
820.780,-109.774
820.880,-107.676
820.980,-103.593
821.080,-101.222
821.180,-94.279
821.280,-93.986
821.380,-96.938
821.480,-105.189
821.580,-106.329
821.680,-108.956
821.780,-108.810
821.880,-109.582
821.980,-109.486
822.080,-111.100
822.180,-110.043
822.280,-110.498
822.380,-111.175
822.480,-107.954
822.580,-109.583
822.680,-110.763
822.780,-111.622
822.880,-112.735
822.980,-109.535
823.080,-108.051
823.180,-110.019
823.280,-109.655
823.380,-110.865
823.480,-109.735
823.580,-112.779
823.680,-111.546
823.780,-112.494
823.880,-110.233
823.980,-110.115
824.080,-111.428
824.180,-110.497
824.280,-111.698
824.380,-108.869
824.480,-110.305
824.580,-110.963
824.680,-111.417
824.780,-110.615
824.880,-111.953
824.980,-110.056
825.080,-112.425
825.180,-109.097
825.280,-110.717
825.380,-110.747
825.480,-108.607
825.580,-110.166
825.680,-111.188
825.780,-111.248
825.880,-110.489
825.980,-109.215
826.080,-113.042
826.180,-108.741
826.280,-108.959
826.380,-113.210
826.480,-108.824
826.580,-112.635
826.680,-109.942
826.780,-110.351
826.880,-109.495
826.980,-111.585
827.080,-110.122
827.180,-109.176
827.280,-111.298
827.380,-111.124
827.480,-112.073
827.580,-110.045
827.680,-110.776
827.780,-110.210
827.880,-110.610
827.980,-112.000
828.080,-110.085
828.180,-111.272
828.280,-109.829
828.380,-111.944
828.480,-109.204
828.580,-107.907
828.680,-110.049
828.780,-107.782
828.880,-110.312
828.980,-111.480
829.080,-111.733
829.180,-109.146
829.280,-109.247
829.380,-112.735
829.480,-110.497
829.580,-109.244
829.680,-112.393
829.780,-110.743
829.880,-111.142
829.980,-109.683
830.080,-108.378
830.180,-109.100
830.280,-111.784
830.380,-110.057
830.480,-111.660
830.580,-111.407
830.680,-108.320
830.780,-108.946
830.880,-108.354
830.980,-111.606
831.080,-110.401
831.180,-111.123
831.280,-108.706
831.380,-107.548
831.480,-108.575
831.580,-106.825
831.680,-106.050
831.780,-109.701
831.880,-110.010
831.980,-110.960
832.080,-110.441
832.180,-110.174
832.280,-110.507
832.380,-110.424
832.480,-111.270
832.580,-110.409
832.680,-109.419
832.780,-110.385
832.880,-110.308
832.980,-111.166
833.080,-110.311
833.180,-108.665
833.280,-111.322
833.380,-109.434
833.480,-110.512
833.580,-109.510
833.680,-110.708
833.780,-110.412
833.880,-112.341
833.980,-111.178
834.080,-110.753
834.180,-110.984
834.280,-107.908
834.380,-106.011
834.480,-110.062
834.580,-111.046
834.680,-111.828
834.780,-110.030
834.880,-111.208
834.980,-111.784
835.080,-108.947
835.180,-110.330
835.280,-110.704
835.380,-109.331
835.480,-104.607
835.580,-108.035
835.680,-103.677
835.780,-101.017
835.880,-93.477
835.980,-97.637
836.080,-100.474
836.180,-104.081
836.280,-107.263
836.380,-108.787
836.480,-110.422
836.580,-111.660
836.680,-110.448
836.780,-109.882
836.880,-107.997
836.980,-109.513
837.080,-108.730
837.180,-111.946
837.280,-111.165
837.380,-111.290
837.480,-109.131
837.580,-109.699
837.680,-110.616
837.780,-110.836
837.880,-110.066
837.980,-111.299
838.080,-109.993
838.180,-110.974
838.280,-108.028
838.380,-114.146
838.480,-111.728
838.580,-110.063
838.680,-110.965
838.780,-111.903
838.880,-111.444
838.980,-110.406
839.080,-108.141
839.180,-111.307
839.280,-113.126
839.380,-111.291
839.480,-110.589
839.580,-111.760
839.680,-112.387
839.780,-110.087
839.880,-108.384
839.980,-107.056
840.080,-111.156
840.180,-110.695
840.280,-111.579
840.380,-112.638
840.480,-113.932
840.580,-112.020
840.680,-111.893
840.780,-111.707
840.880,-110.252
840.980,-110.441
841.080,-110.791
841.180,-111.797
841.280,-110.238
841.380,-110.058
841.480,-111.292
841.580,-109.873
841.680,-112.402
841.780,-112.193
841.880,-109.762
841.980,-109.609
842.080,-111.102
842.180,-111.436
842.280,-112.585
842.380,-111.880
842.480,-111.923
842.580,-111.960
842.680,-110.014
842.780,-110.124
842.880,-109.075
842.980,-110.829
843.080,-110.825
843.180,-111.835
843.280,-110.755
843.380,-112.172
843.480,-113.210
843.580,-111.547
843.680,-111.875
843.780,-111.071
843.880,-110.864
843.980,-110.779
844.080,-111.886
844.180,-111.480
844.280,-111.188
844.380,-111.384
844.480,-113.064
844.580,-107.678
844.680,-109.038
844.780,-112.157
844.880,-111.104
844.980,-112.939
845.080,-111.828
845.180,-112.179
845.280,-113.182
845.380,-109.811
845.480,-112.795
845.580,-110.338
845.680,-110.985
845.780,-111.121
845.880,-111.858
845.980,-111.521
846.080,-112.030
846.080,-110.530
846.180,-111.579
846.280,-112.033
846.380,-112.571
846.480,-112.105
846.580,-110.898
846.680,-110.917
846.780,-110.086
846.880,-111.127
846.980,-110.288
847.080,-109.634
847.180,-110.261
847.280,-110.122
847.380,-111.245
847.480,-113.353
847.580,-110.646
847.680,-110.430
847.780,-111.768
847.880,-109.395
847.980,-111.933
848.080,-109.641
848.180,-111.837
848.280,-110.222
848.380,-110.633
848.480,-110.051
848.580,-111.070
848.680,-111.364
848.780,-112.486
848.880,-110.253
848.980,-111.617
849.080,-111.371
849.180,-109.349
849.280,-111.592
849.380,-111.214
849.480,-111.240
849.580,-110.156
849.680,-110.010
849.780,-111.187
849.880,-111.533
849.980,-109.648
850.080,-110.693
850.180,-111.232
850.280,-112.968
850.380,-110.596
850.480,-112.639
850.580,-111.153
850.680,-110.924
850.780,-109.621
850.880,-110.691
850.980,-111.213
851.080,-110.743
851.180,-111.982
851.280,-111.205
851.380,-112.092
851.480,-111.155
851.580,-110.709
851.680,-111.335
851.780,-110.439
851.880,-112.077
851.980,-112.353
852.080,-112.154
852.180,-110.655
852.280,-110.627
852.380,-111.482
852.480,-111.652
852.580,-108.531
852.680,-110.353
852.780,-111.415
852.880,-110.172
852.980,-112.292
853.080,-111.342
853.180,-111.975
853.280,-110.005
853.380,-112.067
853.480,-109.439
853.580,-110.256
853.680,-110.429
853.780,-111.779
853.880,-110.272
853.980,-111.313
854.080,-111.035
854.180,-110.587
854.280,-109.719
854.380,-111.770
854.480,-110.642
854.580,-108.859
854.680,-110.787
854.780,-111.575
854.880,-112.284
854.980,-111.013
855.080,-109.780
855.180,-112.824
855.280,-112.380
855.380,-110.861
855.480,-110.443
855.580,-112.575
855.680,-110.940
855.780,-111.201
855.880,-110.203
855.980,-111.161
856.080,-110.258
856.180,-110.591
856.280,-111.044
856.380,-111.438
856.480,-110.962
856.580,-110.309
856.680,-109.194
856.780,-108.681
856.880,-109.489
856.980,-109.425
857.080,-110.141
857.180,-111.144
857.280,-110.528
857.380,-103.788
857.480,-108.853
857.580,-110.989
857.680,-109.471
857.780,-105.469
857.880,-103.696
857.980,-103.172
858.080,-105.633
858.180,-107.748
858.280,-111.139
858.380,-111.025
858.480,-110.839
858.580,-112.728
858.680,-111.033
858.780,-109.095
858.880,-110.159
858.980,-109.352
859.080,-110.462
859.180,-109.409
859.280,-110.992
859.380,-111.030
859.480,-110.588
859.580,-110.200
859.680,-111.081
859.780,-110.935
859.880,-110.832
859.980,-111.466
860.080,-110.947
860.180,-109.704
860.280,-108.803
860.380,-109.576
860.480,-110.038
860.580,-111.546
860.680,-110.684
860.780,-111.447
860.880,-111.273
860.980,-112.913
861.080,-110.745
861.180,-111.612
861.280,-111.821
861.380,-112.074
861.480,-110.270
861.580,-110.889
861.680,-112.280
861.780,-111.780
861.880,-110.669
861.980,-109.421
862.080,-107.480
862.180,-107.642
862.280,-99.131
862.380,-97.132
862.480,-106.232
862.580,-109.562
862.680,-109.926
862.780,-110.200
862.880,-112.485
862.980,-111.047
863.080,-111.317
863.180,-109.372
863.280,-112.557
863.380,-111.328
863.480,-110.374
863.580,-113.536
863.680,-111.261
863.780,-110.577
863.880,-112.163
863.980,-112.959
864.080,-112.085
864.180,-112.541
864.280,-109.508
864.380,-110.121
864.480,-112.131
864.580,-112.147
864.680,-112.596
864.780,-111.390
864.880,-111.291
864.980,-111.717
865.080,-112.382
865.180,-112.008
865.280,-109.649
865.380,-112.585
865.480,-112.825
865.580,-112.031
865.680,-111.374
865.780,-111.557
865.880,-109.785
865.980,-112.657
866.080,-110.539
866.180,-110.925
866.280,-112.333
866.380,-109.822
866.480,-110.273
866.580,-112.528
866.680,-112.925
866.780,-108.625
866.880,-113.343
866.980,-112.216
867.080,-111.832
867.180,-109.033
867.280,-111.070
867.380,-111.250
867.480,-111.959
867.580,-110.990
867.680,-112.086
867.780,-110.978
867.880,-112.304
867.980,-112.990
868.080,-112.750
868.180,-111.029
868.280,-111.331
868.380,-110.267
868.480,-113.556
868.580,-110.941
868.680,-110.942
868.780,-112.139
868.880,-113.054
868.980,-110.756
869.080,-110.242
869.180,-111.791
869.280,-112.745
869.380,-109.691
869.480,-112.216
869.580,-113.068
869.680,-110.876
869.780,-112.871
869.880,-110.716
869.980,-111.050
870.080,-112.122
870.180,-108.372
870.280,-109.429
870.380,-106.593
870.480,-108.099
870.580,-107.510
870.680,-105.201
870.780,-107.509
870.880,-106.965
870.980,-105.865
871.080,-104.733
871.180,-103.812
871.280,-104.266
871.380,-104.304
871.480,-101.745
871.580,-104.488
871.680,-100.863
871.780,-101.690
871.880,-100.895
871.980,-104.388
872.080,-102.389
872.180,-102.045
872.280,-101.985
872.380,-99.981
872.480,-97.830
872.580,-95.838
872.680,-97.490
872.780,-102.365
872.880,-102.001
872.980,-104.856
873.080,-105.934
873.180,-99.452
873.280,-100.290
873.380,-104.379
873.480,-103.002
873.580,-100.281
873.680,-100.771
873.780,-102.182
873.880,-100.225
873.980,-100.930
874.080,-98.752
874.180,-100.346
874.280,-100.281
874.380,-97.987
874.480,-99.514
874.580,-102.671
874.680,-101.962
874.780,-105.468
874.880,-108.510
874.980,-105.594
875.080,-109.089
875.180,-110.359
875.280,-111.670
875.380,-112.495
875.480,-110.556
875.580,-108.753
875.680,-110.683
875.780,-109.410
875.880,-108.347
875.980,-109.200
876.080,-111.061
876.180,-108.329
876.280,-109.180
876.380,-111.202
876.480,-111.163
876.580,-109.246
876.680,-108.777
876.780,-108.436
876.880,-110.199
876.980,-109.706
877.080,-109.098
877.180,-109.009
877.280,-108.662
877.380,-109.008
877.480,-110.541
877.580,-110.289
877.680,-110.330
877.780,-109.863
877.880,-108.715
877.980,-109.104
878.080,-106.925
878.180,-109.068
878.280,-109.896
878.380,-110.502
878.480,-109.078
878.580,-109.635
878.680,-109.245
878.780,-108.823
878.880,-110.318
878.980,-110.903
879.080,-110.626
879.180,-110.264
879.280,-111.175
879.380,-113.106
879.480,-111.011
879.580,-112.650
879.680,-97.515
879.780,-97.491
879.880,-98.585
879.980,-106.971
880.080,-108.956
880.180,-101.895
880.280,-92.665
880.380,-101.574
880.480,-102.420
880.580,-99.877
880.680,-99.225
880.780,-102.860
880.880,-99.285
880.980,-103.382
881.080,-103.768
881.180,-102.174
881.280,-98.484
881.380,-102.888
881.480,-93.322
881.580,-90.776
881.680,-94.302
881.780,-94.914
881.880,-100.296
881.980,-94.056
882.080,-93.037
882.180,-91.831
882.280,-91.518
882.380,-101.122
882.480,-98.994
882.580,-97.402
882.680,-97.980
882.780,-97.977
882.880,-103.278
882.980,-97.049
883.080,-92.609
883.180,-94.550
883.280,-96.562
883.380,-91.706
883.480,-94.416
883.580,-101.676
883.680,-100.523
883.780,-99.933
883.880,-98.101
883.980,-98.608
884.080,-97.747
884.180,-99.160
884.280,-98.541
884.380,-97.776
884.480,-97.791
884.580,-91.651
884.680,-91.417
884.780,-95.647
884.880,-110.883
884.980,-110.503
885.080,-111.773
885.180,-108.010
885.280,-106.714
885.380,-107.676
885.480,-106.713
885.580,-103.845
885.680,-105.361
885.780,-105.387
885.880,-104.094
885.980,-107.699
886.080,-109.498
886.180,-100.666
886.280,-105.362
886.380,-104.859
886.480,-105.404
886.580,-109.544
886.680,-103.822
886.780,-101.832
886.880,-101.154
886.980,-106.219
887.080,-107.674
887.180,-105.716
887.280,-107.037
887.380,-104.430
887.480,-109.507
887.580,-104.051
887.680,-98.590
887.780,-107.616
887.880,-108.990
887.980,-108.289
888.080,-106.641
888.180,-108.622
888.280,-101.108
888.380,-107.424
888.480,-96.423
888.580,-95.332
888.680,-101.647
888.780,-97.000
888.880,-108.604
888.980,-95.530
889.080,-95.170
889.180,-95.326
889.280,-99.909
889.380,-101.631
889.480,-111.608
889.580,-110.183
889.680,-109.148
889.780,-108.294
889.880,-109.238
889.980,-109.141
890.080,-109.796
890.180,-108.611
890.280,-107.530
890.380,-105.352
890.480,-106.822
890.580,-109.538
890.680,-110.100
890.780,-107.690
890.880,-98.691
890.980,-98.935
891.080,-108.657
891.180,-107.897
891.280,-106.978
891.380,-107.909
891.480,-110.653
891.580,-110.330
891.680,-108.522
891.780,-108.151
891.880,-110.018
891.980,-110.234
892.080,-109.674
892.080,-110.329
892.180,-113.056
892.280,-110.970
892.380,-109.095
892.480,-108.843
892.580,-109.503
892.680,-108.007
892.780,-107.253
892.880,-110.463
892.980,-110.006
893.080,-108.507
893.180,-110.418
893.280,-111.659
893.380,-110.231
893.480,-110.521
893.580,-109.484
893.680,-107.593
893.780,-110.174
893.880,-109.942
893.980,-107.355
894.080,-108.590
894.180,-110.661
894.280,-108.740
894.380,-109.261
894.480,-109.696
894.580,-109.040
894.680,-109.598
894.780,-109.624
894.880,-108.788
894.980,-109.725
895.080,-108.596
895.180,-109.211
895.280,-107.274
895.380,-109.336
895.480,-107.955
895.580,-109.829
895.680,-108.354
895.780,-110.441
895.880,-109.763
895.980,-111.674
896.080,-109.614
896.180,-111.262
896.280,-109.820
896.380,-110.213
896.480,-111.804
896.580,-108.581
896.680,-109.091
896.780,-109.618
896.880,-105.961
896.980,-109.680
897.080,-110.429
897.180,-113.848
897.280,-110.949
897.380,-110.186
897.480,-108.483
897.580,-110.406
897.680,-110.499
897.780,-112.141
897.880,-111.191
897.980,-110.996
898.080,-109.931
898.180,-111.193
898.280,-110.220
898.380,-110.286
898.480,-111.889
898.580,-111.830
898.680,-111.065
898.780,-110.846
898.880,-110.301
898.980,-109.059
899.080,-109.843
899.180,-111.036
899.280,-111.439
899.380,-110.031
899.480,-110.508
899.580,-108.446
899.680,-108.494
899.780,-107.206
899.880,-110.489
899.980,-108.481
900.080,-108.860
900.080,-109.058
900.180,-108.366
900.280,-109.814
900.380,-109.922
900.480,-109.564
900.580,-108.059
900.680,-108.910
900.780,-109.150
900.880,-111.696
900.980,-110.645
901.080,-108.741
901.180,-110.804
901.280,-112.385
901.380,-110.840
901.480,-111.107
901.580,-107.674
901.680,-109.130
901.780,-109.863
901.880,-110.145
901.980,-109.897
902.080,-109.703
902.180,-109.743
902.280,-110.732
902.380,-110.797
902.480,-109.026
902.580,-109.166
902.680,-110.634
902.780,-109.496
902.880,-111.103
902.980,-108.782
903.080,-108.724
903.180,-108.860
903.280,-111.358
903.380,-112.046
903.480,-110.849
903.580,-111.121
903.680,-112.466
903.780,-111.023
903.880,-111.086
903.980,-111.810
904.080,-110.443
904.180,-111.390
904.280,-108.979
904.380,-108.989
904.480,-110.958
904.580,-111.220
904.680,-109.544
904.780,-109.348
904.880,-110.480
904.980,-110.880
905.080,-108.341
905.180,-110.706
905.280,-110.723
905.380,-112.091
905.480,-109.454
905.580,-106.997
905.680,-111.026
905.780,-108.644
905.880,-112.397
905.980,-111.242
906.080,-110.496
906.180,-109.435
906.280,-110.531
906.380,-111.553
906.480,-111.787
906.580,-110.098
906.680,-111.389
906.780,-109.494
906.880,-112.822
906.980,-111.514
907.080,-110.680
907.180,-110.737
907.280,-111.869
907.380,-110.363
907.480,-111.960
907.580,-107.774
907.680,-110.671
907.780,-111.821
907.880,-112.837
907.980,-110.920
908.080,-111.915
908.180,-111.949
908.280,-111.460
908.380,-111.310
908.480,-111.903
908.580,-107.653
908.680,-107.598
908.780,-108.386
908.880,-111.594
908.980,-109.245
909.080,-111.557
909.180,-111.507
909.280,-111.520
909.380,-112.789
909.480,-111.485
909.580,-110.732
909.680,-112.600
909.780,-111.392
909.880,-112.694
909.980,-110.276
910.080,-109.189
910.180,-111.231
910.280,-110.644
910.380,-110.020
910.480,-110.158
910.580,-110.286
910.680,-109.129
910.780,-113.055
910.880,-111.264
910.980,-111.658
911.080,-110.859
911.180,-109.766
911.280,-112.155
911.380,-110.164
911.480,-109.865
911.580,-110.000
911.680,-111.932
911.780,-110.435
911.880,-110.908
911.980,-108.359
912.080,-110.923
912.180,-111.177
912.280,-110.469
912.380,-109.882
912.480,-109.902
912.580,-112.347
912.680,-111.142
912.780,-110.504
912.880,-110.475
912.980,-111.347
913.080,-113.359
913.180,-112.201
913.280,-112.898
913.380,-111.581
913.480,-112.335
913.580,-110.911
913.680,-112.335
913.780,-110.794
913.880,-111.068
913.980,-112.124
914.080,-113.194
914.180,-110.327
914.280,-108.840
914.380,-109.175
914.480,-110.362
914.580,-113.006
914.680,-111.493
914.780,-111.352
914.880,-113.000
914.980,-112.339
915.080,-110.280
915.180,-110.993
915.280,-111.279
915.380,-113.703
915.480,-111.579
915.580,-111.125
915.680,-111.197
915.780,-109.311
915.880,-111.224
915.980,-110.905
916.080,-110.505
916.180,-112.701
916.280,-110.489
916.380,-111.770
916.480,-112.452
916.580,-109.471
916.680,-110.361
916.780,-108.573
916.880,-108.767
916.980,-109.014
917.080,-109.268
917.180,-109.802
917.280,-109.681
917.380,-110.379
917.480,-109.445
917.580,-110.724
917.680,-110.710
917.780,-111.391
917.880,-110.629
917.980,-108.755
918.080,-111.838
918.180,-110.500
918.280,-111.914
918.380,-109.068
918.480,-109.985
918.580,-109.712
918.680,-110.195
918.780,-112.948
918.880,-112.299
918.980,-111.897
919.080,-111.526
919.180,-112.578
919.280,-112.840
919.380,-110.048
919.480,-112.263
919.580,-111.913
919.680,-112.088
919.780,-111.913
919.880,-108.048
919.980,-107.062
920.080,-107.588
920.180,-109.895
920.280,-109.645
920.380,-110.262
920.480,-111.628
920.580,-112.517
920.680,-112.094
920.780,-113.826
920.880,-110.164
920.980,-113.434
921.080,-110.401
921.180,-110.332
921.280,-109.399
921.380,-109.738
921.480,-110.037
921.580,-111.137
921.680,-111.905
921.780,-109.827
921.880,-109.894
921.980,-110.761
922.080,-111.899
922.180,-110.418
922.280,-111.079
922.380,-110.766
922.480,-110.003
922.580,-109.810
922.680,-108.804
922.780,-109.729
922.880,-107.908
922.980,-110.164
923.080,-108.757
923.180,-111.146
923.280,-109.467
923.380,-110.360
923.480,-108.649
923.580,-105.815
923.680,-105.440
923.780,-103.264
923.880,-97.737
923.980,-99.967
924.080,-103.416
924.180,-105.460
924.280,-107.479
924.380,-107.562
924.480,-108.992
924.580,-110.357
924.680,-108.845
924.780,-113.035
924.880,-111.482
924.980,-111.794
925.080,-111.288
925.180,-111.235
925.280,-112.363
925.380,-112.036
925.480,-111.145
925.580,-107.698
925.680,-109.978
925.780,-109.055
925.880,-112.656
925.980,-110.760
926.080,-112.444
926.180,-110.282
926.280,-112.265
926.380,-111.331
926.480,-112.120
926.580,-113.908
926.680,-111.922
926.780,-111.612
926.880,-111.219
926.980,-110.554
927.080,-111.958
927.180,-111.142
927.280,-111.172
927.380,-110.804
927.480,-109.358
927.580,-111.026
927.680,-110.245
927.780,-112.396
927.880,-107.990
927.980,-111.758
928.080,-110.155
928.180,-111.689
928.280,-109.448
928.380,-111.725
928.480,-111.997
928.580,-110.220
928.680,-109.822
928.780,-111.126
928.880,-110.942
928.980,-111.352
929.080,-112.614
929.180,-110.631
929.280,-110.350
929.380,-112.360
929.480,-109.431
929.580,-111.186
929.680,-112.623
929.780,-112.986
929.880,-111.853
929.980,-112.751
930.080,-113.279
930.180,-111.990
930.280,-111.304
930.380,-112.908
930.480,-112.797
930.580,-113.448
930.680,-111.038
930.780,-110.548
930.880,-112.192
930.980,-111.062
931.080,-112.981
931.180,-110.255
931.280,-111.017
931.380,-111.106
931.480,-111.235
931.580,-112.656
931.680,-112.459
931.780,-110.704
931.880,-113.337
931.980,-112.222
932.080,-110.019
932.180,-112.170
932.280,-112.348
932.380,-112.921
932.480,-112.653
932.580,-110.397
932.680,-109.736
932.780,-109.428
932.880,-110.731
932.980,-111.008
933.080,-113.266
933.180,-112.061
933.280,-113.905
933.380,-112.203
933.480,-111.244
933.580,-113.015
933.680,-110.453
933.780,-112.500
933.880,-113.178
933.980,-111.717
934.080,-110.660
934.180,-111.859
934.280,-110.842
934.380,-112.287
934.480,-112.178
934.580,-110.499
934.680,-111.252
934.780,-110.480
934.880,-110.419
934.980,-112.846
935.080,-111.235
935.180,-111.613
935.280,-112.476
935.380,-112.007
935.480,-109.779
935.580,-112.322
935.680,-112.606
935.780,-110.330
935.880,-111.558
935.980,-111.518
936.080,-112.302
936.180,-112.068
936.280,-113.060
936.380,-112.017
936.480,-114.168
936.580,-111.737
936.680,-111.797
936.780,-113.031
936.880,-111.303
936.980,-110.460
937.080,-111.406
937.180,-113.536
937.280,-112.413
937.380,-111.276
937.480,-111.662
937.580,-111.633
937.680,-112.176
937.780,-112.147
937.880,-112.687
937.980,-111.448
938.080,-113.669
938.180,-111.813
938.280,-112.656
938.380,-112.778
938.480,-112.077
938.580,-112.469
938.680,-112.883
938.780,-111.322
938.880,-112.937
938.980,-111.332
939.080,-111.207
939.180,-110.770
939.280,-111.710
939.380,-114.040
939.480,-110.293
939.580,-112.265
939.680,-112.350
939.780,-110.139
939.880,-111.441
939.980,-112.041
940.080,-112.931
940.180,-110.082
940.280,-112.819
940.380,-110.907
940.480,-110.340
940.580,-112.010
940.680,-111.081
940.780,-111.356
940.880,-111.241
940.980,-114.035
941.080,-112.783
941.180,-110.640
941.280,-113.379
941.380,-111.627
941.480,-112.829
941.580,-113.473
941.680,-112.498
941.780,-112.014
941.880,-112.003
941.980,-110.496
942.080,-111.691
942.180,-110.845
942.280,-112.284
942.380,-112.208
942.480,-111.108
942.580,-111.336
942.680,-111.756
942.780,-113.644
942.880,-114.173
942.980,-112.527
943.080,-112.548
943.180,-110.579
943.280,-113.535
943.380,-114.466
943.480,-112.153
943.580,-111.960
943.680,-111.525
943.780,-110.567
943.880,-112.662
943.980,-113.341
944.080,-114.117
944.180,-112.727
944.280,-112.889
944.380,-111.236
944.480,-111.858
944.580,-112.225
944.680,-112.104
944.780,-113.607
944.880,-111.888
944.980,-113.832
945.080,-112.494
945.180,-111.322
945.280,-112.671
945.380,-113.730
945.480,-112.412
945.580,-111.610
945.680,-112.541
945.780,-111.995
945.880,-110.213
945.980,-110.162
946.080,-111.545
946.080,-110.593
946.180,-110.757
946.280,-111.894
946.380,-111.616
946.480,-107.736
946.580,-112.541
946.680,-111.814
946.780,-110.247
946.880,-111.604
946.980,-111.665
947.080,-111.776
947.180,-111.547
947.280,-111.190
947.380,-111.254
947.480,-113.582
947.580,-111.657
947.680,-109.657
947.780,-112.942
947.880,-110.926
947.980,-112.841
948.080,-110.527
948.180,-109.222
948.280,-111.061
948.380,-111.427
948.480,-112.295
948.580,-111.416
948.680,-112.670
948.780,-111.668
948.880,-110.152
948.980,-112.961
949.080,-110.934
949.180,-111.677
949.280,-111.681
949.380,-111.039
949.480,-112.413
949.580,-111.462
949.680,-113.802
949.780,-110.100
949.880,-111.285
949.980,-111.894
950.080,-111.204
950.180,-112.865
950.280,-113.008
950.380,-113.401
950.480,-113.331
950.580,-112.312
950.680,-111.481
950.780,-113.572
950.880,-113.325
950.980,-111.179
951.080,-111.150
951.180,-110.478
951.280,-110.915
951.380,-113.062
951.480,-111.967
951.580,-112.821
951.680,-110.550
951.780,-111.775
951.880,-112.718
951.980,-111.137
952.080,-110.697
952.180,-110.196
952.280,-110.323
952.380,-113.940
952.480,-109.707
952.580,-112.339
952.680,-111.375
952.780,-112.568
952.880,-112.256
952.980,-111.941
953.080,-112.264
953.180,-113.540
953.280,-111.354
953.380,-110.011
953.480,-113.637
953.580,-112.776
953.680,-112.923
953.780,-112.415
953.880,-112.925
953.980,-113.143
954.080,-111.592
954.180,-112.601
954.280,-110.639
954.380,-111.077
954.480,-109.725
954.580,-109.420
954.680,-112.148
954.780,-109.879
954.880,-111.393
954.980,-110.962
955.080,-112.541
955.180,-111.510
955.280,-112.250
955.380,-111.904
955.480,-111.763
955.580,-111.575
955.680,-112.286
955.780,-110.434
955.880,-113.506
955.980,-113.124
956.080,-111.493
956.180,-110.607
956.280,-111.334
956.380,-111.553
956.480,-111.583
956.580,-113.688
956.680,-112.214
956.780,-110.964
956.880,-112.016
956.980,-112.236
957.080,-112.160
957.180,-110.480
957.280,-112.820
957.380,-111.594
957.480,-110.724
957.580,-111.945
957.680,-112.276
957.780,-113.121
957.880,-111.527
957.980,-111.022
958.080,-111.668
958.180,-110.283
958.280,-112.878
958.380,-109.026
958.480,-112.757
958.580,-112.269
958.680,-111.475
958.780,-114.076
958.880,-112.240
958.980,-109.958
959.080,-114.390
959.180,-113.044
959.280,-112.857
959.380,-113.797
959.480,-113.060
959.580,-111.393
959.680,-111.964
959.780,-111.857
959.880,-110.183
959.980,-109.060
960.080,-111.931
960.180,-111.541
960.280,-112.000
960.380,-112.729
960.480,-112.011
960.580,-111.592
960.680,-109.549
960.780,-111.414
960.880,-110.868
960.980,-110.273
961.080,-111.217
961.180,-110.856
961.280,-111.930
961.380,-111.966
961.480,-111.622
961.580,-111.760
961.680,-111.705
961.780,-112.109
961.880,-112.370
961.980,-110.652
962.080,-112.395
962.180,-113.774
962.280,-112.145
962.380,-114.222
962.480,-111.720
962.580,-112.753
962.680,-111.375
962.780,-112.602
962.880,-111.909
962.980,-111.683
963.080,-115.035
963.180,-112.240
963.280,-112.726
963.380,-111.877
963.480,-112.189
963.580,-111.233
963.680,-112.959
963.780,-111.040
963.880,-111.974
963.980,-111.066
964.080,-112.712
964.180,-112.251
964.280,-111.806
964.380,-111.668
964.480,-108.937
964.580,-110.219
964.680,-109.907
964.780,-112.524
964.880,-107.057
964.980,-106.634
965.080,-100.296
965.180,-99.953
965.280,-100.724
965.380,-108.893
965.480,-109.204
965.580,-111.727
965.680,-105.609
965.780,-108.668
965.880,-107.871
965.980,-110.343
966.080,-109.648
966.180,-109.423
966.280,-112.701
966.380,-107.913
966.480,-112.589
966.580,-111.066
966.680,-110.101
966.780,-113.456
966.880,-111.523
966.980,-110.293
967.080,-109.390
967.180,-111.671
967.280,-111.236
967.380,-110.374
967.480,-111.261
967.580,-111.492
967.680,-111.555
967.780,-109.715
967.880,-107.071
967.980,-109.587
968.080,-110.432
968.180,-110.618
968.280,-110.474
968.380,-111.347
968.480,-111.698
968.580,-111.590
968.680,-111.884
968.780,-110.051
968.880,-112.772
968.980,-112.149
969.080,-111.127
969.180,-113.045
969.280,-112.774
969.380,-110.612
969.480,-110.847
969.580,-109.025
969.680,-112.211
969.780,-110.442
969.880,-110.018
969.980,-111.187
970.080,-112.144
1430.080,-109.841
1430.180,-107.751
1430.280,-109.527
1430.380,-112.119
1430.480,-111.225
1430.580,-110.659
1430.680,-111.082
1430.780,-111.122
1430.880,-108.833
1430.980,-112.925
1431.080,-111.747
1431.180,-112.127
1431.280,-112.465
1431.380,-111.291
1431.480,-110.263
1431.580,-111.258
1431.680,-111.554
1431.780,-109.847
1431.880,-111.532
1431.980,-109.241
1432.080,-110.076
1432.180,-108.772
1432.280,-110.952
1432.380,-95.706
1432.480,-107.727
1432.580,-111.515
1432.680,-110.161
1432.780,-110.887
1432.880,-110.560
1432.980,-108.524
1433.080,-109.333
1433.180,-109.045
1433.280,-109.843
1433.380,-106.557
1433.480,-108.880
1433.580,-111.585
1433.680,-110.526
1433.780,-109.987
1433.880,-111.090
1433.980,-111.192
1434.080,-108.754
1434.180,-111.469
1434.280,-110.701
1434.380,-111.225
1434.480,-108.684
1434.580,-100.108
1434.680,-108.213
1434.780,-110.887
1434.880,-109.180
1434.980,-112.498
1435.080,-109.832
1435.180,-111.299
1435.280,-111.147
1435.380,-110.736
1435.480,-112.099
1435.580,-111.873
1435.680,-108.712
1435.780,-110.739
1435.880,-111.433
1435.980,-110.867
1436.080,-111.226
1436.180,-110.439
1436.280,-111.585
1436.380,-109.330
1436.480,-110.708
1436.580,-111.604
1436.680,-109.788
1436.780,-110.951
1436.880,-111.306
1436.980,-111.234
1437.080,-110.788
1437.180,-109.816
1437.280,-109.542
1437.380,-111.350
1437.480,-112.542
1437.580,-111.631
1437.680,-111.150
1437.780,-111.338
1437.880,-109.491
1437.980,-112.066
1438.080,-109.014
1438.180,-104.547
1438.280,-99.971
1438.380,-110.059
1438.480,-111.389
1438.580,-108.445
1438.680,-111.919
1438.780,-111.391
1438.880,-110.111
1438.980,-110.532
1439.080,-112.045
1439.180,-110.351
1439.280,-111.993
1439.380,-111.134
1439.480,-111.525
1439.580,-111.274
1439.680,-111.095
1439.780,-110.346
1439.880,-111.241
1439.980,-108.894
1440.080,-109.011
1440.180,-109.756
1440.280,-110.936
1440.380,-109.253
1440.480,-109.259
1440.580,-111.492
1440.680,-111.335
1440.780,-111.463
1440.880,-110.604
1440.980,-110.943
1441.080,-111.874
1441.180,-110.007
1441.280,-110.420
1441.380,-109.754
1441.480,-111.699
1441.580,-97.158
1441.680,-82.637
1441.780,-110.560
1441.880,-110.081
1441.980,-111.596
1442.080,-111.783
1442.180,-111.833
1442.280,-111.392
1442.380,-109.558
1442.480,-111.105
1442.580,-110.694
1442.680,-109.704
1442.780,-109.272
1442.880,-110.484
1442.980,-111.505
1443.080,-106.227
1443.180,-108.895
1443.280,-110.785
1443.380,-109.829
1443.480,-111.482
1443.580,-110.497
1443.680,-110.824
1443.780,-109.957
1443.880,-107.891
1443.980,-110.536
1444.080,-110.351
1444.180,-111.953
1444.280,-109.817
1444.380,-108.484
1444.480,-109.623
1444.580,-110.140
1444.680,-110.576
1444.780,-110.633
1444.880,-110.932
1444.980,-110.370
1445.080,-112.121
1445.180,-111.601
1445.280,-107.756
1445.380,-111.149
1445.480,-111.436
1445.580,-111.307
1445.680,-111.037
1445.780,-111.866
1445.880,-111.614
1445.980,-111.302
1446.080,-110.319
1446.180,-110.918
1446.280,-110.120
1446.380,-110.163
1446.480,-110.408
1446.580,-110.911
1446.680,-112.076
1446.780,-111.788
1446.880,-111.358
1446.980,-110.142
1447.080,-110.011
1447.180,-111.619
1447.280,-110.059
1447.380,-110.897
1447.480,-110.272
1447.580,-110.511
1447.680,-111.832
1447.780,-111.877
1447.880,-111.988
1447.980,-109.513
1448.080,-110.653
1448.180,-110.239
1448.280,-110.125
1448.380,-111.399
1448.480,-109.818
1448.580,-112.222
1448.680,-104.813
1448.780,-110.732
1448.880,-110.913
1448.980,-110.783
1449.080,-111.176
1449.180,-111.228
1449.280,-110.083
1449.380,-110.522
1449.480,-109.055
1449.580,-110.919
1449.680,-111.637
1449.780,-110.415
1449.880,-111.477
1449.980,-111.735
1450.080,-111.917
1450.180,-110.822
1450.280,-111.569
1450.380,-110.941
1450.480,-110.131
1450.580,-111.824
1450.680,-110.843
1450.780,-109.298
1450.880,-112.017
1450.980,-111.163
1451.080,-110.900
1451.180,-109.302
1451.280,-110.770
1451.380,-112.223
1451.480,-112.327
1451.580,-110.745
1451.680,-110.564
1451.780,-110.008
1451.880,-110.949
1451.980,-111.487
1452.080,-109.558
1452.180,-110.292
1452.280,-111.235
1452.380,-112.157
1452.480,-110.340
1452.580,-111.255
1452.680,-112.197
1452.780,-109.670
1452.880,-110.061
1452.980,-111.637
1453.080,-111.123
1453.180,-110.305
1453.280,-111.629
1453.380,-110.612
1453.480,-110.847
1453.580,-109.025
1453.680,-111.264
1453.780,-110.442
1453.880,-109.940
1453.980,-111.187
1454.080,-108.854
1454.180,-111.724
1454.280,-108.939
1454.380,-112.199
1454.480,-110.248
1454.580,-110.047
1454.680,-111.413
1454.780,-111.791
1454.880,-111.573
1454.980,-110.659
1455.080,-110.692
1455.180,-111.609
1455.280,-109.757
1455.380,-111.097
1455.480,-112.275
1455.580,-110.980
1455.680,-113.098
1455.780,-109.603
1455.880,-110.764
1455.980,-111.437
1456.080,-109.491
1456.180,-111.697
1456.280,-111.482
1456.380,-109.500
1456.480,-112.056
1456.580,-108.587
1456.680,-106.972
1456.780,-111.619
1456.880,-110.230
1456.980,-109.194
1457.080,-111.027
1457.180,-111.576
1457.280,-111.018
1457.380,-110.230
1457.480,-110.657
1457.580,-109.976
1457.680,-110.099
1457.780,-109.850
1457.880,-110.925
1457.980,-108.667
1458.080,-110.995
1458.180,-109.035
1458.280,-110.839
1458.380,-111.545
1458.480,-109.771
1458.580,-109.888
1458.680,-107.846
1458.780,-105.376
1458.880,-107.954
1458.980,-105.951
1459.080,-97.683
1459.180,-94.415
1459.280,-95.726
1459.380,-98.978
1459.480,-102.777
1459.580,-105.213
1459.680,-108.348
1459.780,-107.568
1459.880,-108.743
1459.980,-108.983
1460.080,-110.699
1460.180,-109.929
1460.280,-110.618
1460.380,-110.714
1460.480,-112.555
1460.580,-111.563
1460.680,-110.579
1460.780,-110.354
1460.880,-110.572
1460.980,-111.124
1461.080,-108.239
1461.180,-108.421
1461.280,-111.827
1461.380,-110.395
1461.480,-110.574
1461.580,-112.142
1461.680,-110.028
1461.780,-112.183
1461.880,-109.243
1461.980,-110.922
1462.080,-110.940
1462.180,-111.762
1462.280,-110.110
1462.380,-110.801
1462.480,-110.864
1462.580,-109.304
1462.680,-112.557
1462.780,-110.962
1462.880,-109.495
1462.980,-111.028
1463.080,-112.158
1463.180,-109.981
1463.280,-111.392
1463.380,-110.662
1463.480,-111.337
1463.580,-111.130
1463.680,-110.649
1463.780,-112.131
1463.880,-111.420
1463.980,-111.580
1464.080,-110.969
1464.180,-111.395
1464.280,-110.962
1464.380,-110.068
1464.480,-110.718
1464.580,-110.104
1464.680,-111.382
1464.780,-112.363
1464.880,-111.525
1464.980,-110.354
1465.080,-110.340
1465.180,-110.876
1465.280,-110.981
1465.380,-111.044
1465.480,-109.896
1465.580,-111.881
1465.680,-110.733
1465.780,-110.546
1465.880,-111.355
1465.980,-111.578
1466.080,-109.726
1466.180,-110.866
1466.280,-110.415
1466.380,-110.583
1466.480,-111.285
1466.580,-108.887
1466.680,-110.069
1466.780,-110.848
1466.880,-111.085
1466.980,-109.080
1467.080,-110.676
1467.180,-110.719
1467.280,-110.451
1467.380,-108.823
1467.480,-111.964
1467.580,-110.272
1467.680,-112.852
1467.780,-111.516
1467.880,-109.712
1467.980,-107.952
1468.080,-108.781
1468.180,-111.484
1468.280,-109.896
1468.380,-111.049
1468.480,-108.848
1468.580,-108.972
1468.680,-109.552
1468.780,-110.676
1468.880,-109.742
1468.980,-110.548
1469.080,-109.498
1469.180,-108.063
1469.280,-108.021
1469.380,-107.209
1469.480,-106.702
1469.580,-107.909
1469.680,-107.830
1469.780,-108.651
1469.880,-110.778
1469.980,-109.811
1470.080,-109.418
1470.180,-108.812
1470.280,-109.438
1470.380,-112.907
1470.480,-107.842
1470.580,-108.968
1470.680,-111.393
1470.780,-111.768
1470.880,-110.618
1470.980,-109.564
1471.080,-109.864
1471.180,-110.344
1471.280,-109.541
1471.380,-110.792
1471.480,-109.744
1471.580,-109.324
1471.680,-109.197
1471.780,-110.691
1471.880,-111.095
1471.980,-111.556
1472.080,-109.012
1472.180,-111.250
1472.280,-110.023
1472.380,-111.738
1472.480,-111.065
1472.580,-109.582
1472.680,-111.464
1472.780,-108.608
1472.880,-110.154
1472.980,-111.364
1473.080,-108.636
1473.180,-110.085
1473.280,-109.104
1473.380,-107.637
1473.480,-104.165
1473.580,-104.808
1473.680,-105.604
1473.780,-102.137
1473.880,-98.606
1473.980,-105.604
1474.080,-103.555
1474.180,-104.970
1474.280,-107.753
1474.380,-109.869
1474.480,-108.795
1474.580,-109.580
1474.680,-111.979
1474.780,-111.592
1474.880,-112.532
1474.980,-107.855
1475.080,-109.353
1475.180,-110.796
1475.280,-110.271
1475.380,-110.705
1475.480,-109.840
1475.580,-110.892
1475.680,-110.460
1475.780,-110.720
1475.880,-112.449
1475.980,-110.001
1476.080,-111.521
1476.080,-111.373
1476.180,-110.974
1476.280,-112.125
1476.380,-111.707
1476.480,-111.634
1476.580,-110.475
1476.680,-108.492
1476.780,-110.882
1476.880,-111.667
1476.980,-112.595
1477.080,-112.271
1477.180,-110.283
1477.280,-110.461
1477.380,-109.853
1477.480,-109.729
1477.580,-110.658
1477.680,-111.317
1477.780,-110.489
1477.880,-112.388
1477.980,-110.663
1478.080,-111.185
1478.180,-110.430
1478.280,-108.920
1478.380,-109.209
1478.480,-111.860
1478.580,-108.726
1478.680,-110.520
1478.780,-109.992
1478.880,-111.174
1478.980,-109.409
1479.080,-111.356
1479.180,-110.449
1479.280,-110.194
1479.380,-113.438
1479.480,-111.194
1479.580,-110.357
1479.680,-112.049
1479.780,-111.003
1479.880,-110.413
1479.980,-107.593
1480.080,-111.747
1480.180,-111.185
1480.280,-111.099
1480.380,-113.179
1480.480,-112.705
1480.580,-110.513
1480.680,-111.263
1480.780,-111.911
1480.880,-111.147
1480.980,-111.109
1481.080,-112.330
1481.180,-112.434
1481.280,-108.940
1481.380,-111.821
1481.480,-109.871
1481.580,-111.387
1481.680,-111.048
1481.780,-111.426
1481.880,-110.133
1481.980,-111.727
1482.080,-110.392
1482.180,-107.724
1482.280,-108.202
1482.380,-110.787
1482.480,-110.732
1482.580,-110.452
1482.680,-110.429
1482.780,-111.638
1482.880,-111.108
1482.980,-110.121
1483.080,-110.962
1483.180,-110.844
1483.280,-109.848
1483.380,-109.468
1483.480,-109.395
1483.580,-110.683
1483.680,-112.648
1483.780,-110.841
1483.880,-113.319
1483.980,-110.047
1484.080,-110.132
1484.180,-112.031
1484.280,-110.791
1484.380,-110.158
1484.480,-109.655
1484.580,-111.929
1484.680,-110.451
1484.780,-110.487
1484.880,-109.354
1484.980,-110.624
1485.080,-112.353
1485.180,-112.260
1485.280,-110.168
1485.380,-111.925
1485.480,-112.326
1485.580,-109.009
1485.680,-111.203
1485.780,-112.393
1485.880,-110.543
1485.980,-111.371
1486.080,-111.558
1486.180,-112.676
1486.280,-111.150
1486.380,-111.295
1486.480,-110.183
1486.580,-109.842
1486.680,-112.020
1486.780,-110.357
1486.880,-109.595
1486.980,-111.316
1487.080,-111.657
1487.180,-111.311
1487.280,-112.469
1487.380,-111.319
1487.480,-110.665
1487.580,-109.499
1487.680,-111.285
1487.780,-110.957
1487.880,-109.200
1487.980,-111.533
1488.080,-112.047
1488.180,-110.998
1488.280,-111.745
1488.380,-110.566
1488.480,-112.455
1488.580,-111.764
1488.680,-110.803
1488.780,-110.904
1488.880,-112.174
1488.980,-111.787
1489.080,-109.434
1489.180,-109.247
1489.280,-111.895
1489.380,-110.368
1489.480,-112.149
1489.580,-109.388
1489.680,-111.116
1489.780,-110.904
1489.880,-111.219
1489.980,-111.911
1490.080,-110.484
1490.180,-111.571
1490.280,-111.541
1490.380,-110.427
1490.480,-111.691
1490.580,-110.174
1490.680,-108.813
1490.780,-112.026
1490.880,-111.060
1490.980,-111.723
1491.080,-110.797
1491.180,-112.344
1491.280,-109.762
1491.380,-110.634
1491.480,-108.464
1491.580,-112.745
1491.680,-112.662
1491.780,-110.727
1491.880,-111.985
1491.980,-109.402
1492.080,-112.292
1492.180,-111.295
1492.280,-109.197
1492.380,-111.345
1492.480,-111.091
1492.580,-111.369
1492.680,-108.571
1492.780,-111.748
1492.880,-112.237
1492.980,-112.023
1493.080,-111.130
1493.180,-110.123
1493.280,-110.973
1493.380,-112.273
1493.480,-110.976
1493.580,-111.066
1493.680,-112.628
1493.780,-110.959
1493.880,-110.040
1493.980,-111.060
1494.080,-110.815
1494.180,-111.385
1494.280,-112.175
1494.380,-110.500
1494.480,-111.036
1494.580,-109.101
1494.680,-110.328
1494.780,-111.718
1494.880,-112.520
1494.980,-110.479
1495.080,-111.813
1495.180,-109.941
1495.280,-110.987
1495.380,-109.079
1495.480,-111.463
1495.580,-110.864
1495.680,-111.460
1495.780,-110.343
1495.880,-110.774
1495.980,-112.022
1496.080,-111.463
1496.180,-110.918
1496.280,-110.874
1496.380,-112.145
1496.480,-110.078
1496.580,-111.809
1496.680,-111.012
1496.780,-111.389
1496.880,-110.882
1496.980,-110.576
1497.080,-111.625
1497.180,-112.509
1497.280,-111.005
1497.380,-111.145
1497.480,-111.018
1497.580,-109.694
1497.680,-110.910
1497.780,-111.854
1497.880,-110.571
1497.980,-110.471
1498.080,-112.052
1498.180,-110.004
1498.280,-110.463
1498.380,-111.617
1498.480,-110.158
1498.580,-109.585
1498.680,-112.824
1498.780,-111.662
1498.880,-110.035
1498.980,-108.850
1499.080,-110.908
1499.180,-112.972
1499.280,-110.278
1499.380,-113.473
1499.480,-109.968
1499.580,-109.793
1499.680,-109.161
1499.780,-110.696
1499.880,-111.721
1499.980,-110.296
1500.080,-111.964
1500.180,-110.894
1500.280,-111.905
1500.380,-111.299
1500.480,-109.972
1500.580,-110.653
1500.680,-110.291
1500.780,-110.887
1500.880,-111.010
1500.980,-112.154
1501.080,-110.865
1501.180,-112.128
1501.280,-111.378
1501.380,-109.465
1501.480,-110.489
1501.580,-110.718
1501.680,-109.685
1501.780,-111.318
1501.880,-112.553
1501.980,-111.703
1502.080,-108.278
1502.180,-112.533
1502.280,-112.411
1502.380,-110.993
1502.480,-112.012
1502.580,-110.123
1502.680,-111.002
1502.780,-111.871
1502.880,-108.815
1502.980,-111.356
1503.080,-109.378
1503.180,-110.108
1503.280,-110.027
1503.380,-111.943
1503.480,-111.657
1503.580,-110.007
1503.680,-111.282
1503.780,-109.056
1503.880,-111.845
1503.980,-110.419
1504.080,-110.393
1504.180,-112.188
1504.280,-110.287
1504.380,-111.706
1504.480,-110.608
1504.580,-111.215
1504.680,-112.109
1504.780,-111.653
1504.880,-108.958
1504.980,-111.030
1505.080,-111.295
1505.180,-111.254
1505.280,-109.843
1505.380,-112.658
1505.480,-110.387
1505.580,-110.061
1505.680,-111.031
1505.780,-111.689
1505.880,-111.311
1505.980,-110.965
1506.080,-111.278
1506.180,-113.082
1506.280,-113.062
1506.380,-111.621
1506.480,-110.677
1506.580,-110.927
1506.680,-111.909
1506.780,-111.944
1506.880,-111.145
1506.980,-112.983
1507.080,-112.015
1507.180,-111.312
1507.280,-112.137
1507.380,-111.237
1507.480,-112.289
1507.580,-109.095
1507.680,-111.419
1507.780,-111.750
1507.880,-111.317
1507.980,-111.276
1508.080,-111.348
1508.180,-108.347
1508.280,-110.373
1508.380,-111.533
1508.480,-109.411
1508.580,-111.406
1508.680,-109.648
1508.780,-108.011
1508.880,-113.030
1508.980,-112.162
1509.080,-110.973
1509.180,-110.181
1509.280,-109.019
1509.380,-110.983
1509.480,-113.548
1509.580,-112.776
1509.680,-111.416
1509.780,-108.237
1509.880,-110.816
1509.980,-111.228
1510.080,-110.619
1510.180,-110.229
1510.280,-111.357
1510.380,-110.978
1510.480,-111.516
1510.580,-111.872
1510.680,-110.588
1510.780,-112.449
1510.880,-109.068
1510.980,-109.014
1511.080,-110.588
1511.180,-112.554
1511.280,-110.786
1511.380,-110.748
1511.480,-111.258
1511.580,-109.398
1511.680,-109.229
1511.780,-109.576
1511.880,-107.792
1511.980,-112.297
1512.080,-110.891
1512.180,-110.313
1512.280,-112.598
1512.380,-110.387
1512.480,-109.721
1512.580,-111.598
1512.680,-111.809
1512.780,-112.623
1512.880,-112.216
1512.980,-110.104
1513.080,-111.903
1513.180,-109.638
1513.280,-112.375
1513.380,-109.144
1513.480,-113.441
1513.580,-110.134
1513.680,-110.833
1513.780,-110.934
1513.880,-112.777
1513.980,-110.761
1514.080,-110.790
1514.180,-110.741
1514.280,-113.233
1514.380,-110.311
1514.480,-110.021
1514.580,-110.063
1514.680,-113.254
1514.780,-111.036
1514.880,-110.272
1514.980,-110.393
1515.080,-111.066
1515.180,-109.960
1515.280,-112.473
1515.380,-112.377
1515.480,-108.619
1515.580,-112.561
1515.680,-110.625
1515.780,-111.346
1515.880,-112.585
1515.980,-111.007
1516.080,-110.264
1516.180,-111.852
1516.280,-110.647
1516.380,-111.368
1516.480,-111.037
1516.580,-109.136
1516.680,-109.386
1516.780,-110.266
1516.880,-111.462
1516.980,-111.683
1517.080,-111.636
1517.180,-111.119
1517.280,-111.213
1517.380,-111.135
1517.480,-112.084
1517.580,-109.193
1517.680,-112.429
1517.780,-108.357
1517.880,-107.525
1517.980,-110.461
1518.080,-110.220
1518.180,-112.009
1518.280,-110.132
1518.380,-109.904
1518.480,-108.896
1518.580,-112.028
1518.680,-112.109
1518.780,-111.048
1518.880,-111.570
1518.980,-113.412
1519.080,-112.116
1519.180,-110.680
1519.280,-109.154
1519.380,-111.696
1519.480,-110.234
1519.580,-110.142
1519.680,-111.012
1519.780,-110.215
1519.880,-111.645
1519.980,-112.940
1520.080,-112.006
1520.180,-111.256
1520.280,-110.665
1520.380,-112.365
1520.480,-110.293
1520.580,-109.595
1520.680,-111.993
1520.780,-110.352
1520.880,-110.906
1520.980,-113.100
1521.080,-110.926
1521.180,-112.486
1521.280,-110.434
1521.380,-109.677
1521.480,-111.671
1521.580,-110.996
1521.680,-113.081
1521.780,-112.348
1521.880,-111.397
1521.980,-112.008
1522.080,-110.363
1522.080,-111.522
1522.180,-110.710
1522.280,-111.749
1522.380,-112.016
1522.480,-110.054
1522.580,-110.311
1522.680,-111.180
1522.780,-109.581
1522.880,-112.003
1522.980,-111.925
1523.080,-110.490
1523.180,-108.178
1523.280,-109.416
1523.380,-110.592
1523.480,-110.164
1523.580,-111.537
1523.680,-110.754
1523.780,-111.230
1523.880,-111.898
1523.980,-111.592
1524.080,-110.208
1524.180,-111.250
1524.280,-109.346
1524.380,-110.989
1524.480,-110.805
1524.580,-110.966
1524.680,-111.116
1524.780,-110.222
1524.880,-110.529
1524.980,-110.702
1525.080,-108.859
1525.180,-111.725
1525.280,-108.800
1525.380,-108.796
1525.480,-109.854
1525.580,-111.276
1525.680,-110.760
1525.780,-110.344
1525.880,-112.318
1525.980,-111.042
1526.080,-109.195
1526.180,-111.622
1526.280,-112.423
1526.380,-111.687
1526.480,-111.646
1526.580,-111.431
1526.680,-110.426
1526.780,-111.089
1526.880,-111.382
1526.980,-112.065
1527.080,-110.198
1527.180,-110.319
1527.280,-110.496
1527.380,-108.217
1527.480,-108.914
1527.580,-111.952
1527.680,-110.382
1527.780,-110.511
1527.880,-110.959
1527.980,-111.715
1528.080,-109.139
1528.180,-111.416
1528.280,-110.578
1528.380,-110.962
1528.480,-110.686
1528.580,-110.972
1528.680,-109.223
1528.780,-110.965
1528.880,-110.664
1528.980,-112.868
1529.080,-111.734
1529.180,-110.820
1529.280,-111.554
1529.380,-108.535
1529.480,-110.062
1529.580,-111.966
1529.680,-111.836
1529.780,-111.075
1529.880,-110.174
1529.980,-109.541
1530.080,-111.116
1530.180,-110.345
1530.280,-112.605
1530.380,-110.631
1530.480,-112.616
1530.580,-110.598
1530.680,-110.390
1530.780,-111.640
1530.880,-112.658
1530.980,-110.276
1531.080,-112.020
1531.180,-110.724
1531.280,-110.191
1531.380,-112.504
1531.480,-111.119
1531.580,-111.531
1531.680,-110.624
1531.780,-111.333
1531.880,-110.919
1531.980,-110.230
1532.080,-111.036
1532.180,-110.536
1532.280,-112.144
1532.380,-111.604
1532.480,-110.766
1532.580,-110.666
1532.680,-111.451
1532.780,-110.899
1532.880,-110.245
1532.980,-108.898
1533.080,-110.973
1533.180,-111.614
1533.280,-109.083
1533.380,-108.755
1533.480,-111.933
1533.580,-110.353
1533.680,-110.315
1533.780,-112.506
1533.880,-110.386
1533.980,-110.011
1534.080,-110.814
1534.180,-107.963
1534.280,-111.229
1534.380,-111.259
1534.480,-111.108
1534.580,-111.057
1534.680,-109.807
1534.780,-110.745
1534.880,-110.666
1534.980,-110.379
1535.080,-110.172
1535.180,-111.041
1535.280,-111.995
1535.380,-110.595
1535.480,-111.079
1535.580,-111.395
1535.680,-111.325
1535.780,-111.798
1535.880,-110.125
1535.980,-110.090
1536.080,-110.257
1536.180,-111.236
1536.280,-110.585
1536.380,-110.001
1536.480,-111.067
1536.580,-112.422
1536.680,-112.254
1536.780,-109.074
1536.880,-112.319
1536.980,-111.484
1537.080,-109.337
1537.180,-111.604
1537.280,-111.110
1537.380,-111.275
1537.480,-110.930
1537.580,-110.721
1537.680,-110.974
1537.780,-110.125
1537.880,-111.192
1537.980,-110.786
1538.080,-109.736
1538.180,-111.793
1538.280,-108.935
1538.380,-112.227
1538.480,-112.413
1538.580,-110.412
1538.680,-109.837
1538.780,-109.707
1538.880,-111.947
1538.980,-109.949
1539.080,-112.954
1539.180,-113.144
1539.280,-111.778
1539.380,-110.366
1539.480,-109.164
1539.580,-110.423
1539.680,-112.398
1539.780,-112.096
1539.880,-109.486
1539.980,-111.046
1540.080,-110.143
1880.080,-110.698
1880.180,-110.259
1880.280,-109.216
1880.380,-109.303
1880.480,-109.982
1880.580,-109.001
1880.680,-110.078
1880.780,-109.224
1880.880,-111.263
1880.980,-111.533
1881.080,-109.344
1881.180,-109.877
1881.280,-108.964
1881.380,-111.696
1881.480,-111.359
1881.580,-110.904
1881.680,-110.038
1881.780,-108.507
1881.880,-109.768
1881.980,-110.037
1882.080,-110.099
1882.180,-110.418
1882.280,-110.553
1882.380,-109.331
1882.480,-108.819
1882.580,-108.103
1882.680,-110.177
1882.780,-108.523
1882.880,-109.257
1882.980,-110.178
1883.080,-111.057
1883.180,-109.362
1883.280,-110.814
1883.380,-107.717
1883.480,-110.258
1883.580,-109.912
1883.680,-110.100
1883.780,-110.944
1883.880,-109.602
1883.980,-110.583
1884.080,-109.593
1884.180,-110.841
1884.280,-110.789
1884.380,-110.617
1884.480,-109.154
1884.580,-110.361
1884.680,-109.590
1884.780,-109.897
1884.880,-108.155
1884.980,-110.556
1885.080,-110.870
1885.180,-111.149
1885.280,-111.645
1885.380,-110.005
1885.480,-109.845
1885.580,-110.232
1885.680,-109.504
1885.780,-111.341
1885.880,-110.441
1885.980,-109.735
1886.080,-109.965
1886.180,-110.198
1886.280,-109.382
1886.380,-109.130
1886.480,-109.703
1886.580,-109.621
1886.680,-110.125
1886.780,-108.061
1886.880,-109.058
1886.980,-110.393
1887.080,-111.321
1887.180,-109.431
1887.280,-108.984
1887.380,-110.024
1887.480,-111.443
1887.580,-110.758
1887.680,-110.064
1887.780,-110.610
1887.880,-109.927
1887.980,-109.627
1888.080,-108.628
1888.180,-108.246
1888.280,-110.527
1888.380,-108.405
1888.480,-108.929
1888.580,-110.617
1888.680,-109.076
1888.780,-109.836
1888.880,-106.948
1888.980,-111.232
1889.080,-109.647
1889.180,-109.218
1889.280,-111.085
1889.380,-111.286
1889.480,-110.040
1889.580,-109.613
1889.680,-110.875
1889.780,-109.828
1889.880,-106.732
1889.980,-108.620
1890.080,-109.325
1890.180,-109.348
1890.280,-110.376
1890.380,-110.773
1890.480,-110.228
1890.580,-109.339
1890.680,-110.226
1890.780,-108.782
1890.880,-109.361
1890.980,-111.131
1891.080,-111.203
1891.180,-108.973
1891.280,-109.256
1891.380,-110.399
1891.480,-109.375
1891.580,-108.430
1891.680,-109.149
1891.780,-111.175
1891.880,-110.283
1891.980,-108.182
1892.080,-110.994
1892.180,-110.939
1892.280,-110.558
1892.380,-112.010
1892.480,-110.232
1892.580,-109.385
1892.680,-110.592
1892.780,-108.739
1892.880,-109.372
1892.980,-109.437
1893.080,-109.168
1893.180,-109.838
1893.280,-109.878
1893.380,-109.132
1893.480,-110.056
1893.580,-109.763
1893.680,-108.701
1893.780,-109.228
1893.880,-109.689
1893.980,-108.836
1894.080,-109.847
1894.180,-107.139
1894.280,-109.667
1894.380,-110.914
1894.480,-109.743
1894.580,-110.918
1894.680,-108.846
1894.780,-110.727
1894.880,-109.084
1894.980,-109.853
1895.080,-109.358
1895.180,-109.515
1895.280,-109.898
1895.380,-108.962
1895.480,-110.118
1895.580,-111.219
1895.680,-109.335
1895.780,-108.577
1895.880,-110.611
1895.980,-110.496
1896.080,-109.233
1896.180,-107.079
1896.280,-107.970
1896.380,-109.929
1896.480,-108.363
1896.580,-108.947
1896.680,-109.190
1896.780,-107.912
1896.880,-109.395
1896.980,-109.885
1897.080,-109.951
1897.180,-109.539
1897.280,-110.356
1897.380,-108.924
1897.480,-109.667
1897.580,-108.643
1897.680,-109.588
1897.780,-109.689
1897.880,-107.783
1897.980,-107.547
1898.080,-108.332
1898.180,-108.137
1898.280,-108.429
1898.380,-109.183
1898.480,-110.074
1898.580,-111.122
1898.680,-107.913
1898.780,-110.228
1898.880,-110.006
1898.980,-108.533
1899.080,-109.226
1899.180,-109.630
1899.280,-108.694
1899.380,-110.337
1899.480,-109.861
1899.580,-109.522
1899.680,-108.092
1899.780,-109.384
1899.880,-110.723
1899.980,-109.454
1900.080,-107.424
1900.180,-109.353
1900.280,-110.223
1900.380,-110.603
1900.480,-109.676
1900.580,-107.621
1900.680,-107.809
1900.780,-108.534
1900.880,-109.644
1900.980,-109.587
1901.080,-110.496
1901.180,-108.819
1901.280,-109.405
1901.380,-109.045
1901.480,-109.002
1901.580,-109.905
1901.680,-111.278
1901.780,-110.355
1901.880,-109.530
1901.980,-110.751
1902.080,-109.285
1902.180,-108.154
1902.280,-108.236
1902.380,-108.316
1902.480,-109.543
1902.580,-108.955
1902.680,-110.183
1902.780,-109.791
1902.880,-109.079
1902.980,-109.570
1903.080,-109.606
1903.180,-109.532
1903.280,-108.525
1903.380,-110.299
1903.480,-109.013
1903.580,-108.842
1903.680,-109.889
1903.780,-107.711
1903.880,-109.685
1903.980,-108.431
1904.080,-110.095
1904.180,-109.720
1904.280,-109.709
1904.380,-108.302
1904.480,-108.616
1904.580,-109.062
1904.680,-108.634
1904.780,-109.687
1904.880,-108.250
1904.980,-109.097
1905.080,-108.834
1905.180,-109.217
1905.280,-108.468
1905.380,-110.426
1905.480,-108.494
1905.580,-107.841
1905.680,-108.732
1905.780,-108.351
1905.880,-109.195
1905.980,-108.778
1906.080,-110.214
1906.180,-106.251
1906.280,-110.320
1906.380,-107.778
1906.480,-110.214
1906.580,-108.222
1906.680,-109.714
1906.780,-107.988
1906.880,-109.027
1906.980,-106.761
1907.080,-107.493
1907.180,-109.010
1907.280,-108.830
1907.380,-109.858
1907.480,-107.993
1907.580,-107.532
1907.680,-108.653
1907.780,-109.593
1907.880,-109.188
1907.980,-109.052
1908.080,-107.333
1908.180,-107.736
1908.280,-109.327
1908.380,-109.614
1908.480,-109.741
1908.580,-109.622
1908.680,-108.900
1908.780,-108.169
1908.880,-109.367
1908.980,-107.005
1909.080,-109.124
1909.180,-110.024
1909.280,-108.042
1909.380,-107.689
1909.480,-108.418
1909.580,-109.994
1909.680,-108.488
1909.780,-109.710
1909.880,-107.411
1909.980,-109.411
1910.080,-109.066
1910.180,-109.308
1910.280,-109.225
1910.380,-109.005
1910.480,-108.508
1910.580,-108.930
1910.680,-109.018
1910.780,-108.641
1910.880,-109.740
1910.980,-107.483
1911.080,-110.128
1911.180,-108.963
1911.280,-111.198
1911.380,-109.879
1911.480,-110.837
1911.580,-111.437
1911.680,-110.248
1911.780,-112.365
1911.880,-111.773
1911.980,-111.560
1912.080,-110.642
1912.180,-111.840
1912.280,-111.085
1912.380,-110.626
1912.480,-108.833
1912.580,-109.936
1912.680,-108.850
1912.780,-109.347
1912.880,-110.967
1912.980,-109.588
1913.080,-111.262
1913.180,-110.310
1913.280,-111.441
1913.380,-110.747
1913.480,-112.610
1913.580,-111.074
1913.680,-112.144
1913.780,-109.152
1913.880,-109.024
1913.980,-110.708
1914.080,-110.505
1914.180,-111.746
1914.280,-108.842
1914.380,-110.286
1914.480,-110.716
1914.580,-110.387
1914.680,-110.428
1914.780,-110.223
1914.880,-113.141
1914.980,-109.491
1915.080,-110.945
1915.180,-112.089
1915.280,-109.639
1915.380,-111.372
1915.480,-110.538
1915.580,-111.524
1915.680,-110.964
1915.780,-110.446
1915.880,-111.284
1915.980,-111.735
1916.080,-109.953
1916.180,-112.284
1916.280,-110.792
1916.380,-111.667
1916.480,-109.463
1916.580,-110.789
1916.680,-110.710
1916.780,-111.377
1916.880,-110.758
1916.980,-110.150
1917.080,-110.789
1917.180,-111.328
1917.280,-111.454
1917.380,-109.980
1917.480,-107.929
1917.580,-110.588
1917.680,-108.247
1917.780,-110.823
1917.880,-110.916
1917.980,-110.079
1918.080,-110.583
1918.180,-111.551
1918.280,-108.938
1918.380,-111.343
1918.480,-111.935
1918.580,-110.445
1918.680,-112.995
1918.780,-110.359
1918.880,-110.873
1918.980,-109.120
1919.080,-109.600
1919.180,-109.441
1919.280,-109.446
1919.380,-109.830
1919.480,-109.178
1919.580,-110.020
1919.680,-112.163
1919.780,-111.463
1919.880,-111.925
1919.980,-111.647
1920.080,-109.779
1920.180,-110.641
1920.280,-112.266
1920.380,-111.233
1920.480,-110.152
1920.580,-108.706
1920.680,-110.853
1920.780,-111.319
1920.880,-108.551
1920.980,-111.195
1921.080,-111.533
1921.180,-109.593
1921.280,-111.816
1921.380,-109.647
1921.480,-110.024
1921.580,-109.152
1921.680,-108.038
1921.780,-110.272
1921.880,-109.557
1921.980,-110.241
1922.080,-111.852
1922.180,-109.110
1922.280,-110.381
1922.380,-110.714
1922.480,-109.972
1922.580,-111.514
1922.680,-108.523
1922.780,-111.667
1922.880,-110.763
1922.980,-109.130
1923.080,-111.434
1923.180,-110.150
1923.280,-111.563
1923.380,-109.632
1923.480,-111.398
1923.580,-110.230
1923.680,-110.334
1923.780,-109.804
1923.880,-110.910
1923.980,-110.833
1924.080,-111.388
1924.180,-111.417
1924.280,-110.997
1924.380,-110.980
1924.480,-110.160
1924.580,-110.544
1924.680,-111.914
1924.780,-111.115
1924.880,-111.257
1924.980,-109.943
1925.080,-111.615
1925.180,-110.754
1925.280,-110.374
1925.380,-111.228
1925.480,-110.196
1925.580,-110.341
1925.680,-110.528
1925.780,-108.763
1925.880,-111.400
1925.980,-108.428
1926.080,-111.288
1926.080,-110.283
1926.180,-108.940
1926.280,-110.396
1926.380,-108.192
1926.480,-111.412
1926.580,-109.377
1926.680,-109.771
1926.780,-109.522
1926.880,-110.052
1926.980,-109.784
1927.080,-109.504
1927.180,-111.229
1927.280,-109.914
1927.380,-109.070
1927.480,-108.696
1927.580,-109.130
1927.680,-109.675
1927.780,-109.810
1927.880,-110.209
1927.980,-109.742
1928.080,-108.170
1928.180,-110.043
1928.280,-109.621
1928.380,-108.833
1928.480,-108.838
1928.580,-109.553
1928.680,-109.020
1928.780,-109.255
1928.880,-110.244
1928.980,-108.718
1929.080,-111.167
1929.180,-109.127
1929.280,-108.536
1929.380,-108.693
1929.480,-109.477
1929.580,-109.328
1929.680,-109.786
1929.780,-109.508
1929.880,-108.915
1929.980,-107.203
1930.080,-109.167
1930.180,-110.201
1930.280,-109.198
1930.380,-109.002
1930.480,-110.183
1930.580,-109.021
1930.680,-109.128
1930.780,-108.024
1930.880,-108.823
1930.980,-107.434
1931.080,-108.219
1931.180,-108.181
1931.280,-109.186
1931.380,-110.145
1931.480,-108.859
1931.580,-108.941
1931.680,-107.955
1931.780,-107.373
1931.880,-107.298
1931.980,-108.877
1932.080,-108.266
1932.180,-108.523
1932.280,-109.382
1932.380,-109.163
1932.480,-108.774
1932.580,-108.866
1932.680,-106.933
1932.780,-109.060
1932.880,-109.141
1932.980,-108.616
1933.080,-110.095
1933.180,-108.226
1933.280,-110.860
1933.380,-109.769
1933.480,-110.239
1933.580,-107.609
1933.680,-105.986
1933.780,-109.641
1933.880,-111.000
1933.980,-109.208
1934.080,-109.871
1934.180,-107.053
1934.280,-110.079
1934.380,-108.582
1934.480,-107.684
1934.580,-107.069
1934.680,-108.242
1934.780,-109.970
1934.880,-108.523
1934.980,-105.932
1935.080,-106.681
1935.180,-108.334
1935.280,-109.360
1935.380,-109.676
1935.480,-110.952
1935.580,-109.879
1935.680,-108.602
1935.780,-107.565
1935.880,-107.161
1935.980,-108.317
1936.080,-109.091
1936.180,-108.404
1936.280,-108.931
1936.380,-106.954
1936.480,-106.420
1936.580,-108.830
1936.680,-105.081
1936.780,-107.944
1936.880,-108.402
1936.980,-108.122
1937.080,-109.257
1937.180,-110.028
1937.280,-107.034
1937.380,-107.999
1937.480,-108.246
1937.580,-109.899
1937.680,-109.636
1937.780,-110.581
1937.880,-108.895
1937.980,-108.561
1938.080,-108.877
1938.180,-109.408
1938.280,-108.065
1938.380,-109.223
1938.480,-109.539
1938.580,-108.742
1938.680,-108.387
1938.780,-107.168
1938.880,-107.093
1938.980,-106.481
1939.080,-109.427
1939.180,-108.534
1939.280,-108.429
1939.380,-109.868
1939.480,-108.729
1939.580,-104.135
1939.680,-107.685
1939.780,-107.952
1939.880,-106.815
1939.980,-107.792
1940.080,-108.586
1940.180,-107.812
1940.280,-108.378
1940.380,-108.628
1940.480,-109.407
1940.580,-105.254
1940.680,-106.546
1940.780,-109.048
1940.880,-110.541
1940.980,-108.549
1941.080,-108.974
1941.180,-109.494
1941.280,-108.840
1941.380,-107.390
1941.480,-108.423
1941.580,-107.047
1941.680,-107.495
1941.780,-108.406
1941.880,-107.405
1941.980,-107.288
1942.080,-107.064
1942.180,-109.040
1942.280,-110.130
1942.380,-107.896
1942.480,-107.466
1942.580,-107.983
1942.680,-109.374
1942.780,-107.444
1942.880,-109.197
1942.980,-108.775
1943.080,-107.357
1943.180,-109.404
1943.280,-109.234
1943.380,-109.044
1943.480,-109.443
1943.580,-106.532
1943.680,-108.936
1943.780,-108.599
1943.880,-109.247
1943.980,-110.287
1944.080,-107.794
1944.180,-108.011
1944.280,-107.653
1944.380,-110.207
1944.480,-108.961
1944.580,-110.012
1944.680,-109.545
1944.780,-108.757
1944.880,-109.726
1944.980,-108.593
1945.080,-110.399
1945.180,-109.070
1945.280,-109.301
1945.380,-106.905
1945.480,-109.204
1945.580,-108.864
1945.680,-108.132
1945.780,-107.539
1945.880,-107.785
1945.980,-106.106
1946.080,-108.342
1946.180,-107.045
1946.280,-106.862
1946.380,-106.506
1946.480,-106.050
1946.580,-106.228
1946.680,-107.102
1946.780,-104.905
1946.880,-107.163
1946.980,-108.210
1947.080,-105.960
1947.180,-106.700
1947.280,-107.983
1947.380,-106.054
1947.480,-106.907
1947.580,-107.389
1947.680,-108.780
1947.780,-106.104
1947.880,-106.932
1947.980,-108.372
1948.080,-107.190
1948.180,-108.024
1948.280,-106.290
1948.380,-108.202
1948.480,-107.612
1948.580,-106.913
1948.680,-106.774
1948.780,-108.216
1948.880,-106.376
1948.980,-106.561
1949.080,-107.424
1949.180,-103.597
1949.280,-108.687
1949.380,-105.166
1949.480,-110.172
1949.580,-110.025
1949.680,-108.551
1949.780,-107.366
1949.880,-107.835
1949.980,-108.078
1950.080,-110.751
1950.180,-108.530
1950.280,-109.368
1950.380,-110.767
1950.480,-108.737
1950.580,-109.503
1950.680,-109.690
1950.780,-109.043
1950.880,-108.244
1950.980,-108.561
1951.080,-106.586
1951.180,-101.263
1951.280,-105.096
1951.380,-105.535
1951.480,-105.501
1951.580,-103.707
1951.680,-102.282
1951.780,-106.154
1951.880,-104.691
1951.980,-102.510
1952.080,-104.925
1952.180,-104.130
1952.280,-107.885
1952.380,-102.458
1952.480,-102.925
1952.580,-106.719
1952.680,-105.132
1952.780,-102.847
1952.880,-104.667
1952.980,-106.096
1953.080,-106.661
1953.180,-105.648
1953.280,-104.342
1953.380,-106.108
1953.480,-104.713
1953.580,-104.683
1953.680,-109.804
1953.780,-105.371
1953.880,-104.252
1953.980,-108.657
1954.080,-102.566
1954.180,-108.079
1954.280,-104.344
1954.380,-108.234
1954.480,-102.045
1954.580,-105.279
1954.680,-105.890
1954.780,-103.264
1954.880,-105.371
1954.980,-105.091
1955.080,-108.101
1955.180,-105.770
1955.280,-103.809
1955.380,-104.170
1955.480,-105.734
1955.580,-107.960
1955.680,-105.767
1955.780,-107.675
1955.880,-106.438
1955.980,-106.296
1956.080,-109.301
1956.180,-105.626
1956.280,-105.146
1956.380,-104.255
1956.480,-104.545
1956.580,-106.516
1956.680,-102.143
1956.780,-107.427
1956.880,-106.634
1956.980,-106.582
1957.080,-106.895
1957.180,-106.767
1957.280,-105.327
1957.380,-104.589
1957.480,-107.661
1957.580,-100.676
1957.680,-104.575
1957.780,-104.556
1957.880,-104.738
1957.980,-108.924
1958.080,-103.526
1958.180,-107.151
1958.280,-103.975
1958.380,-106.514
1958.480,-108.804
1958.580,-102.775
1958.680,-107.543
1958.780,-101.774
1958.880,-102.635
1958.980,-106.004
1959.080,-102.229
1959.180,-104.752
1959.280,-103.853
1959.380,-103.384
1959.480,-102.704
1959.580,-102.362
1959.680,-99.841
1959.780,-101.286
1959.880,-101.796
1959.980,-102.399
1960.080,-103.136
1960.180,-104.699
1960.280,-104.246
1960.380,-106.227
1960.480,-107.237
1960.580,-108.325
1960.680,-109.143
1960.780,-105.327
1960.880,-104.374
1960.980,-105.236
1961.080,-107.288
1961.180,-106.608
1961.280,-107.776
1961.380,-104.530
1961.480,-106.070
1961.580,-108.996
1961.680,-105.770
1961.780,-108.121
1961.880,-106.304
1961.980,-106.621
1962.080,-105.234
1962.180,-106.934
1962.280,-106.334
1962.380,-101.882
1962.480,-101.756
1962.580,-104.238
1962.680,-101.194
1962.780,-105.174
1962.880,-106.322
1962.980,-103.054
1963.080,-104.279
1963.180,-105.321
1963.280,-103.857
1963.380,-105.253
1963.480,-101.894
1963.580,-105.080
1963.680,-105.782
1963.780,-106.761
1963.880,-104.561
1963.980,-109.439
1964.080,-102.938
1964.180,-106.025
1964.280,-105.950
1964.380,-104.057
1964.480,-104.825
1964.580,-104.842
1964.680,-107.308
1964.780,-105.094
1964.880,-105.200
1964.980,-102.506
1965.080,-106.652
1965.180,-108.734
1965.280,-100.829
1965.380,-99.954
1965.480,-105.820
1965.580,-103.216
1965.680,-108.307
1965.780,-99.679
1965.880,-105.408
1965.980,-104.464
1966.080,-104.888
1966.180,-105.181
1966.280,-105.526
1966.380,-108.414
1966.480,-104.326
1966.580,-107.847
1966.680,-104.702
1966.780,-105.381
1966.880,-105.920
1966.980,-100.462
1967.080,-104.278
1967.180,-104.201
1967.280,-106.894
1967.380,-103.427
1967.480,-105.973
1967.580,-107.729
1967.680,-107.342
1967.780,-105.229
1967.880,-103.456
1967.980,-103.811
1968.080,-105.408
1968.180,-105.205
1968.280,-104.373
1968.380,-106.690
1968.480,-106.627
1968.580,-102.970
1968.680,-102.120
1968.780,-101.601
1968.880,-104.996
1968.980,-105.835
1969.080,-110.077
1969.180,-109.371
1969.280,-108.294
1969.380,-109.670
1969.480,-110.446
1969.580,-111.576
1969.680,-109.663
1969.780,-108.246
1969.880,-109.856
1969.980,-110.398
1970.080,-110.978
1970.180,-109.176
1970.280,-109.394
1970.380,-109.425
1970.480,-109.615
1970.580,-110.129
1970.680,-109.965
1970.780,-107.987
1970.880,-108.423
1970.980,-108.739
1971.080,-109.324
1971.180,-110.465
1971.280,-109.713
1971.380,-110.307
1971.480,-111.058
1971.580,-110.709
1971.680,-108.204
1971.780,-109.185
1971.880,-109.560
1971.980,-110.450
1972.080,-109.649
1972.080,-109.151
1972.180,-109.105
1972.280,-110.458
1972.380,-107.944
1972.480,-108.690
1972.580,-109.807
1972.680,-109.629
1972.780,-109.381
1972.880,-109.853
1972.980,-109.139
1973.080,-112.112
1973.180,-110.474
1973.280,-106.741
1973.380,-106.458
1973.480,-109.469
1973.580,-108.800
1973.680,-108.979
1973.780,-109.276
1973.880,-108.445
1973.980,-107.929
1974.080,-106.337
1974.180,-108.815
1974.280,-110.203
1974.380,-108.017
1974.480,-110.036
1974.580,-109.757
1974.680,-108.588
1974.780,-109.739
1974.880,-107.165
1974.980,-110.826
1975.080,-108.309
1975.180,-108.128
1975.280,-107.936
1975.380,-107.861
1975.480,-106.099
1975.580,-106.332
1975.680,-108.092
1975.780,-106.968
1975.880,-105.046
1975.980,-110.507
1976.080,-109.368
1976.180,-106.310
1976.280,-107.072
1976.380,-108.200
1976.480,-107.811
1976.580,-104.742
1976.680,-105.635
1976.780,-108.700
1976.880,-107.875
1976.980,-106.065
1977.080,-110.832
1977.180,-109.533
1977.280,-109.724
1977.380,-108.086
1977.480,-107.882
1977.580,-110.505
1977.680,-109.792
1977.780,-107.845
1977.880,-105.953
1977.980,-109.032
1978.080,-110.419
1978.180,-108.885
1978.280,-108.869
1978.380,-110.376
1978.480,-108.464
1978.580,-110.054
1978.680,-108.623
1978.780,-107.818
1978.880,-110.565
1978.980,-109.575
1979.080,-110.100
1979.180,-109.158
1979.280,-109.176
1979.380,-110.453
1979.480,-109.548
1979.580,-109.747
1979.680,-108.983
1979.780,-108.853
1979.880,-107.977
1979.980,-108.989
1980.080,-110.357
1980.180,-110.118
1980.280,-109.949
1980.380,-108.319
1980.480,-107.208
1980.580,-108.880
1980.680,-107.519
1980.780,-110.195
1980.880,-109.341
1980.980,-105.437
1981.080,-107.611
1981.180,-104.753
1981.280,-103.121
1981.380,-108.100
1981.480,-108.852
1981.580,-109.914
1981.680,-107.693
1981.780,-109.482
1981.880,-108.945
1981.980,-109.684
1982.080,-109.105
1982.180,-107.507
1982.280,-107.836
1982.380,-108.696
1982.480,-109.553
1982.580,-105.446
1982.680,-109.604
1982.780,-105.992
1982.880,-109.316
1982.980,-110.153
1983.080,-107.754
1983.180,-108.608
1983.280,-108.501
1983.380,-109.077
1983.480,-111.081
1983.580,-110.222
1983.680,-107.429
1983.780,-109.937
1983.880,-110.603
1983.980,-107.900
1984.080,-107.320
1984.180,-107.855
1984.280,-109.076
1984.380,-109.000
1984.480,-110.511
1984.580,-109.535
1984.680,-107.095
1984.780,-104.822
1984.880,-107.709
1984.980,-108.196
1985.080,-109.369
1985.180,-103.955
1985.280,-110.336
1985.380,-108.344
1985.480,-107.246
1985.580,-109.975
1985.680,-110.849
1985.780,-110.164
1985.880,-109.133
1985.980,-103.517
1986.080,-105.969
1986.180,-110.914
1986.280,-106.184
1986.380,-104.575
1986.480,-109.590
1986.580,-110.447
1986.680,-107.523
1986.780,-110.344
1986.880,-108.839
1986.980,-109.827
1987.080,-106.726
1987.180,-108.617
1987.280,-110.559
1987.380,-105.477
1987.480,-109.666
1987.580,-108.316
1987.680,-106.346
1987.780,-108.492
1987.880,-109.873
1987.980,-110.622
1988.080,-106.556
1988.180,-109.011
1988.280,-109.294
1988.380,-107.984
1988.480,-109.763
1988.580,-110.464
1988.680,-109.364
1988.780,-108.876
1988.880,-110.561
1988.980,-108.857
1989.080,-107.602
1989.180,-110.088
1989.280,-107.191
1989.380,-111.116
1989.480,-107.952
1989.580,-109.121
1989.680,-107.692
1989.780,-109.144
1989.880,-108.241
1989.980,-109.428
1990.080,-108.285
1990.180,-101.654
1990.280,-111.032
1990.380,-109.979
1990.480,-109.086
1990.580,-108.725
1990.680,-110.105
1990.780,-110.288
1990.880,-108.027
1990.980,-108.580
1991.080,-109.033
1991.180,-104.690
1991.280,-109.403
1991.380,-109.902
1991.480,-108.886
1991.580,-107.444
1991.680,-107.815
1991.780,-108.760
1991.880,-108.752
1991.980,-109.833
1992.080,-107.090
1992.180,-109.811
1992.280,-108.931
1992.380,-108.703
1992.480,-109.984
1992.580,-109.764
1992.680,-109.086
1992.780,-109.559
1992.880,-110.717
1992.980,-108.242
1993.080,-108.703
1993.180,-110.509
1993.280,-108.338
1993.380,-110.269
1993.480,-108.306
1993.580,-108.248
1993.680,-109.648
1993.780,-104.762
1993.880,-111.180
1993.980,-109.408
1994.080,-110.805
1994.180,-110.591
1994.280,-107.038
1994.380,-109.950
1994.480,-109.414
1994.580,-108.701
1994.680,-110.207
1994.780,-108.118
1994.880,-106.548
1994.980,-108.730
1995.080,-108.739
1995.180,-106.900
1995.280,-109.317
1995.380,-107.818
1995.480,-109.434
1995.580,-109.252
1995.680,-111.238
1995.780,-108.362
1995.880,-107.798
1995.980,-109.315
1996.080,-109.443
1996.180,-109.252
1996.280,-107.794
1996.380,-109.818
1996.480,-109.843
1996.580,-109.362
1996.680,-108.007
1996.780,-109.401
1996.880,-110.519
1996.980,-108.738
1997.080,-108.691
1997.180,-109.193
1997.280,-108.636
1997.380,-109.976
1997.480,-109.364
1997.580,-109.337
1997.680,-110.697
1997.780,-108.140
1997.880,-110.313
1997.980,-108.111
1998.080,-110.896
1998.180,-111.381
1998.280,-109.760
1998.380,-108.367
1998.480,-109.850
1998.580,-110.731
1998.680,-109.155
1998.780,-112.102
1998.880,-109.984
1998.980,-108.325
1999.080,-108.269
1999.180,-111.202
1999.280,-108.610
1999.380,-108.732
1999.480,-109.577
1999.580,-111.969
1999.680,-110.092
1999.780,-109.719
1999.880,-110.771
1999.980,-107.703
2000.080,-109.389
2000.080,-109.273
2000.180,-109.642
2000.280,-110.971
2000.380,-111.109
2000.480,-112.810
2000.580,-110.810
2000.680,-111.693
2000.780,-110.359
2000.880,-108.892
2000.980,-111.617
2001.080,-109.760
2001.180,-111.858
2001.280,-107.623
2001.380,-109.659
2001.480,-108.704
2001.580,-110.617
2001.680,-109.056
2001.780,-105.456
2001.880,-107.027
2001.980,-106.698
2002.080,-107.567
2002.180,-108.888
2002.280,-109.773
2002.380,-108.131
2002.480,-110.281
2002.580,-109.014
2002.680,-112.427
2002.780,-112.267
2002.880,-110.531
2002.980,-110.103
2003.080,-109.064
2003.180,-109.797
2003.280,-109.806
2003.380,-108.990
2003.480,-108.755
2003.580,-111.400
2003.680,-111.675
2003.780,-109.487
2003.880,-109.672
2003.980,-109.117
2004.080,-110.514
2004.180,-108.813
2004.280,-108.488
2004.380,-109.254
2004.480,-109.831
2004.580,-109.897
2004.680,-109.293
2004.780,-108.735
2004.880,-110.134
2004.980,-111.490
2005.080,-110.485
2005.180,-110.219
2005.280,-111.249
2005.380,-111.224
2005.480,-110.471
2005.580,-108.274
2005.680,-112.162
2005.780,-111.069
2005.880,-108.097
2005.980,-110.578
2006.080,-110.705
2006.180,-111.726
2006.280,-108.465
2006.380,-109.147
2006.480,-109.738
2006.580,-108.913
2006.680,-110.724
2006.780,-109.975
2006.880,-110.115
2006.980,-110.117
2007.080,-110.252
2007.180,-109.740
2007.280,-108.144
2007.380,-111.343
2007.480,-111.794
2007.580,-108.806
2007.680,-109.878
2007.780,-109.852
2007.880,-111.281
2007.980,-111.086
2008.080,-110.551
2008.180,-110.358
2008.280,-109.109
2008.380,-110.405
2008.480,-108.465
2008.580,-112.487
2008.680,-110.717
2008.780,-107.191
2008.880,-110.280
2008.980,-109.503
2009.080,-111.554
2009.180,-111.216
2009.280,-110.499
2009.380,-110.648
2009.480,-109.949
2009.580,-111.178
2009.680,-109.192
2009.780,-109.768
2009.880,-112.231
2009.980,-107.961
2010.080,-110.269
2010.180,-109.526
2010.280,-108.903
2010.380,-109.810
2010.480,-108.890
2010.580,-110.666
2010.680,-109.609
2010.780,-110.043
2010.880,-109.975
2010.980,-109.604
2011.080,-111.420
2011.180,-110.656
2011.280,-112.028
2011.380,-109.575
2011.480,-108.418
2011.580,-111.433
2011.680,-109.542
2011.780,-110.162
2011.880,-109.008
2011.980,-110.798
2012.080,-109.864
2012.180,-112.196
2012.280,-109.527
2012.380,-110.366
2012.480,-109.653
2012.580,-110.912
2012.680,-111.395
2012.780,-110.803
2012.880,-110.433
2012.980,-109.543
2013.080,-109.102
2013.180,-110.726
2013.280,-108.577
2013.380,-108.577
2013.480,-110.540
2013.580,-110.682
2013.680,-109.166
2013.780,-109.776
2013.880,-109.994
2013.980,-108.918
2014.080,-108.152
2014.180,-107.071
2014.280,-107.554
2014.380,-107.914
2014.480,-109.202
2014.580,-110.430
2014.680,-108.643
2014.780,-109.506
2014.880,-108.786
2014.980,-111.064
2015.080,-110.103
2015.180,-110.314
2015.280,-112.197
2015.380,-107.379
2015.480,-108.868
2015.580,-111.788
2015.680,-110.838
2015.780,-109.068
2015.880,-110.379
2015.980,-110.985
2016.080,-111.497
2016.180,-108.590
2016.280,-108.691
2016.380,-108.694
2016.480,-109.672
2016.580,-109.339
2016.680,-111.166
2016.780,-109.682
2016.880,-109.880
2016.980,-110.943
2017.080,-110.349
2017.180,-112.778
2017.280,-109.550
2017.380,-111.501
2017.480,-110.965
2017.580,-111.742
2017.680,-110.496
2017.780,-109.690
2017.880,-110.048
2017.980,-109.408
2018.080,-107.994
2018.180,-107.376
2018.280,-107.902
2018.380,-110.416
2018.480,-110.929
2018.580,-108.732
2018.680,-108.943
2018.780,-109.750
2018.880,-108.098
2018.980,-110.469
2019.080,-110.984
2019.180,-110.031
2019.280,-108.773
2019.380,-110.675
2019.480,-108.329
2019.580,-110.998
2019.680,-110.986
2019.780,-111.740
2019.880,-109.313
2019.980,-110.677
2020.080,-110.047
2020.180,-110.962
2020.280,-109.198
2020.380,-110.511
2020.480,-111.035
2020.580,-107.862
2020.680,-108.510
2020.780,-109.992
2020.880,-109.686
2020.980,-107.766
2021.080,-110.152
2021.180,-111.778
2021.280,-110.779
2021.380,-111.187
2021.480,-109.384
2021.580,-112.655
2021.680,-109.847
2021.780,-111.664
2021.880,-110.930
2021.980,-112.962
2022.080,-109.725
2022.180,-110.856
2022.280,-110.949
2022.380,-107.634
2022.480,-110.720
2022.580,-108.380
2022.680,-107.031
2022.780,-110.029
2022.880,-110.800
2022.980,-112.161
2023.080,-111.110
2023.180,-111.535
2023.280,-110.048
2023.380,-109.556
2023.480,-109.357
2023.580,-111.024
2023.680,-111.722
2023.780,-111.367
2023.880,-110.991
2023.980,-112.485
2024.080,-112.112
2024.180,-111.368
2024.280,-111.018
2024.380,-108.572
2024.480,-109.936
2024.580,-114.675
2024.680,-111.223
2024.780,-112.417
2024.880,-111.585
2024.980,-111.528
2025.080,-111.034
2025.180,-110.418
2025.280,-109.567
2025.380,-111.842
2025.480,-111.856
2025.580,-110.155
2025.680,-110.179
2025.780,-110.305
2025.880,-110.120
2025.980,-111.022
2026.080,-112.809
2026.180,-112.128
2026.280,-110.204
2026.380,-110.515
2026.480,-113.326
2026.580,-109.867
2026.680,-109.720
2026.780,-109.673
2026.880,-112.653
2026.980,-109.397
2027.080,-110.753
2027.180,-111.837
2027.280,-108.168
2027.380,-110.377
2027.480,-108.263
2027.580,-110.589
2027.680,-109.816
2027.780,-111.604
2027.880,-110.601
2027.980,-110.640
2028.080,-109.335
2028.180,-108.576
2028.280,-110.971
2028.380,-111.362
2028.480,-112.885
2028.580,-110.061
2028.680,-108.513
2028.780,-109.993
2028.880,-111.706
2028.980,-111.131
2029.080,-110.203
2029.180,-109.756
2029.280,-110.594
2029.380,-112.577
2029.480,-109.055
2029.580,-113.511
2029.680,-109.679
2029.780,-109.874
2029.880,-112.901
2029.980,-112.945
2030.080,-110.845
2030.180,-113.978
2030.280,-106.836
2030.380,-110.772
2030.480,-110.760
2030.580,-109.353
2030.680,-114.419
2030.780,-108.833
2030.880,-112.872
2030.980,-113.149
2031.080,-112.242
2031.180,-110.129
2031.280,-111.605
2031.380,-111.981
2031.480,-110.637
2031.580,-112.394
2031.680,-108.747
2031.780,-109.078
2031.880,-113.225
2031.980,-111.108
2032.080,-109.628
2032.180,-111.633
2032.280,-113.307
2032.380,-110.093
2032.480,-112.862
2032.580,-110.011
2032.680,-110.670
2032.780,-112.716
2032.880,-108.844
2032.980,-110.809
2033.080,-109.518
2033.180,-107.526
2033.280,-109.435
2033.380,-108.017
2033.480,-110.937
2033.580,-112.684
2033.680,-112.322
2033.780,-110.641
2033.880,-109.828
2033.980,-110.015
2034.080,-109.907
2034.180,-113.067
2034.280,-108.498
2034.380,-109.259
2034.480,-110.777
2034.580,-109.757
2034.680,-110.781
2034.780,-110.694
2034.880,-110.342
2034.980,-111.953
2035.080,-110.978
2035.180,-110.202
2035.280,-112.346
2035.380,-112.279
2035.480,-112.208
2035.580,-110.933
2035.680,-107.299
2035.780,-110.580
2035.880,-111.147
2035.980,-110.920
2036.080,-110.717
2036.180,-110.136
2036.280,-110.519
2036.380,-111.522
2036.480,-110.126
2036.580,-109.310
2036.680,-110.955
2036.780,-110.944
2036.880,-109.319
2036.980,-108.709
2037.080,-111.982
2037.180,-112.489
2037.280,-110.016
2037.380,-112.295
2037.480,-109.614
2037.580,-110.561
2037.680,-113.237
2037.780,-110.821
2037.880,-111.825
2037.980,-110.273
2038.080,-109.482
2038.180,-114.255
2038.280,-113.160
2038.380,-111.580
2038.480,-113.707
2038.580,-110.072
2038.680,-115.092
2038.780,-109.433
2038.880,-109.802
2038.980,-110.686
2039.080,-109.506
2039.180,-111.034
2039.280,-110.026
2039.380,-112.397
2039.480,-108.553
2039.580,-110.882
2039.680,-109.186
2039.780,-109.758
2039.880,-110.655
2039.980,-109.087
2040.080,-111.608
2040.180,-107.412
2040.280,-108.583
2040.380,-109.869
2040.480,-110.161
2040.580,-110.043
2040.680,-108.853
2040.780,-108.504
2040.880,-107.907
2040.980,-107.194
2041.080,-108.807
2041.180,-111.825
2041.280,-109.170
2041.380,-108.930
2041.480,-112.069
2041.580,-106.600
2041.680,-109.704
2041.780,-109.913
2041.880,-111.027
2041.980,-112.130
2042.080,-113.464
2042.180,-110.576
2042.280,-110.613
2042.380,-111.048
2042.480,-109.908
2042.580,-114.477
2042.680,-108.705
2042.780,-110.816
2042.880,-109.622
2042.980,-109.356
2043.080,-108.596
2043.180,-109.837
2043.280,-108.116
2043.380,-109.915
2043.480,-111.447
2043.580,-110.832
2043.680,-112.697
2043.780,-111.148
2043.880,-110.521
2043.980,-109.586
2044.080,-111.649
2044.180,-110.371
2044.280,-108.733
2044.380,-112.224
2044.480,-110.185
2044.580,-109.579
2044.680,-109.111
2044.780,-111.848
2044.880,-111.711
2044.980,-110.234
2045.080,-109.685
2045.180,-111.500
2045.280,-111.864
2045.380,-110.852
2045.480,-112.813
2045.580,-109.853
2045.680,-110.298
2045.780,-107.726
2045.880,-108.360
2045.980,-108.315
2046.080,-111.441
2046.080,-108.998
2046.180,-109.661
2046.280,-110.248
2046.380,-109.375
2046.480,-109.224
2046.580,-107.935
2046.680,-110.271
2046.780,-107.247
2046.880,-108.888
2046.980,-109.675
2047.080,-109.610
2047.180,-109.470
2047.280,-108.741
2047.380,-108.948
2047.480,-110.323
2047.580,-107.860
2047.680,-109.784
2047.780,-107.906
2047.880,-109.050
2047.980,-108.713
2048.080,-108.105
2048.180,-109.700
2048.280,-110.074
2048.380,-109.077
2048.480,-110.981
2048.580,-107.942
2048.680,-109.037
2048.780,-108.219
2048.880,-108.760
2048.980,-109.316
2049.080,-110.789
2049.180,-109.037
2049.280,-108.505
2049.380,-109.924
2049.480,-108.999
2049.580,-110.339
2049.680,-109.462
2049.780,-108.992
2049.880,-108.888
2049.980,-110.703
2050.080,-108.796
2050.180,-110.077
2050.280,-109.349
2050.380,-108.086
2050.480,-108.653
2050.580,-108.819
2050.680,-110.248
2050.780,-108.847
2050.880,-108.952
2050.980,-108.648
2051.080,-108.590
2051.180,-109.050
2051.280,-109.191
2051.380,-109.663
2051.480,-108.631
2051.580,-109.852
2051.680,-108.653
2051.780,-108.901
2051.880,-109.999
2051.980,-108.527
2052.080,-109.785
2052.180,-110.192
2052.280,-109.688
2052.380,-108.260
2052.480,-110.779
2052.580,-111.331
2052.680,-110.032
2052.780,-109.774
2052.880,-110.069
2052.980,-106.376
2053.080,-107.461
2053.180,-108.561
2053.280,-107.231
2053.380,-110.302
2053.480,-108.395
2053.580,-110.377
2053.680,-110.537
2053.780,-108.508
2053.880,-109.409
2053.980,-109.960
2054.080,-109.531
2054.180,-109.103
2054.280,-108.870
2054.380,-108.325
2054.480,-108.229
2054.580,-109.466
2054.680,-109.133
2054.780,-107.897
2054.880,-108.450
2054.980,-110.041
2055.080,-108.239
2055.180,-109.212
2055.280,-108.556
2055.380,-109.070
2055.480,-108.772
2055.580,-111.076
2055.680,-108.999
2055.780,-108.682
2055.880,-109.837
2055.980,-109.375
2056.080,-110.015
2056.180,-109.493
2056.280,-110.512
2056.380,-107.945
2056.480,-110.414
2056.580,-108.303
2056.680,-109.789
2056.780,-107.767
2056.880,-108.996
2056.980,-107.370
2057.080,-108.054
2057.180,-107.857
2057.280,-110.343
2057.380,-109.530
2057.480,-107.392
2057.580,-109.980
2057.680,-108.595
2057.780,-109.670
2057.880,-108.993
2057.980,-109.187
2058.080,-109.210
2058.180,-108.933
2058.280,-109.421
2058.380,-110.210
2058.480,-108.029
2058.580,-109.252
2058.680,-109.326
2058.780,-110.032
2058.880,-108.631
2058.980,-110.717
2059.080,-109.414
2059.180,-109.993
2059.280,-110.327
2059.380,-110.180
2059.480,-109.901
2059.580,-109.849
2059.680,-108.625
2059.780,-111.164
2059.880,-109.697
2059.980,-107.772
2060.080,-108.550
2060.180,-107.087
2060.280,-109.848
2060.380,-109.606
2060.480,-108.928
2060.580,-110.073
2060.680,-110.474
2060.780,-109.216
2060.880,-107.849
2060.980,-106.807
2061.080,-108.881
2061.180,-110.366
2061.280,-108.607
2061.380,-107.873
2061.480,-110.229
2061.580,-108.636
2061.680,-109.066
2061.780,-109.333
2061.880,-109.095
2061.980,-109.804
2062.080,-109.767
2062.180,-110.898
2062.280,-110.227
2062.380,-110.576
2062.480,-109.970
2062.580,-108.307
2062.680,-108.373
2062.780,-108.399
2062.880,-108.565
2062.980,-109.525
2063.080,-108.979
2063.180,-109.247
2063.280,-108.680
2063.380,-107.914
2063.480,-109.437
2063.580,-109.160
2063.680,-108.372
2063.780,-109.841
2063.880,-110.662
2063.980,-107.938
2064.080,-107.671
2064.180,-109.127
2064.280,-109.999
2064.380,-109.115
2064.480,-110.237
2064.580,-110.437
2064.680,-110.096
2064.780,-110.022
2064.880,-110.223
2064.980,-109.947
2065.080,-109.220
2065.180,-110.012
2065.280,-108.694
2065.380,-109.824
2065.480,-109.625
2065.580,-107.487
2065.680,-108.982
2065.780,-110.463
2065.880,-107.843
2065.980,-108.503
2066.080,-108.246
2066.180,-109.807
2066.280,-107.254
2066.380,-109.469
2066.480,-109.554
2066.580,-110.048
2066.680,-109.372
2066.780,-108.751
2066.880,-110.912
2066.980,-109.198
2067.080,-109.723
2067.180,-107.516
2067.280,-109.660
2067.380,-108.793
2067.480,-108.535
2067.580,-110.700
2067.680,-109.019
2067.780,-107.414
2067.880,-108.627
2067.980,-108.006
2068.080,-109.146
2068.180,-109.084
2068.280,-108.394
2068.380,-107.078
2068.480,-109.507
2068.580,-108.265
2068.680,-109.643
2068.780,-108.156
2068.880,-109.570
2068.980,-110.327
2069.080,-110.917
2069.180,-107.180
2069.280,-110.490
2069.380,-109.670
2069.480,-109.087
2069.580,-108.813
2069.680,-108.932
2069.780,-107.946
2069.880,-107.999
2069.980,-109.112
2070.080,-111.300
2070.180,-110.186
2070.280,-109.680
2070.380,-110.257
2070.480,-110.293
2070.580,-110.499
2070.680,-110.105
2070.780,-108.500
2070.880,-110.059
2070.980,-109.780
2071.080,-108.414
2071.180,-108.784
2071.280,-109.667
2071.380,-108.050
2071.480,-106.176
2071.580,-108.503
2071.680,-110.142
2071.780,-108.820
2071.880,-110.891
2071.980,-107.724
2072.080,-110.812
2072.180,-110.200
2072.280,-111.045
2072.380,-110.417
2072.480,-109.845
2072.580,-109.970
2072.680,-108.079
2072.780,-107.331
2072.880,-110.582
2072.980,-109.936
2073.080,-108.063
2073.180,-108.564
2073.280,-108.164
2073.380,-109.184
2073.480,-108.471
2073.580,-108.981
2073.680,-110.945
2073.780,-108.585
2073.880,-108.557
2073.980,-110.326
2074.080,-108.325
2074.180,-108.228
2074.280,-111.589
2074.380,-109.209
2074.480,-110.743
2074.580,-109.547
2074.680,-109.133
2074.780,-109.892
2074.880,-109.248
2074.980,-109.493
2075.080,-108.402
2075.180,-107.619
2075.280,-109.470
2075.380,-110.213
2075.480,-109.962
2075.580,-109.003
2075.680,-110.098
2075.780,-108.610
2075.880,-107.885
2075.980,-108.878
2076.080,-109.089
2076.180,-108.120
2076.280,-109.125
2076.380,-107.880
2076.480,-109.293
2076.580,-108.774
2076.680,-111.018
2076.780,-107.756
2076.880,-108.426
2076.980,-108.013
2077.080,-108.890
2077.180,-108.568
2077.280,-108.550
2077.380,-109.077
2077.480,-109.771
2077.580,-106.962
2077.680,-109.595
2077.780,-110.157
2077.880,-109.992
2077.980,-108.233
2078.080,-112.097
2078.180,-109.203
2078.280,-109.578
2078.380,-111.253
2078.480,-109.139
2078.580,-109.813
2078.680,-107.291
2078.780,-107.832
2078.880,-110.343
2078.980,-109.192
2079.080,-110.043
2079.180,-110.363
2079.280,-110.257
2079.380,-110.109
2079.480,-110.263
2079.580,-108.697
2079.680,-108.798
2079.780,-108.931
2079.880,-109.164
2079.980,-108.982
2080.080,-109.227
2080.180,-108.427
2080.280,-108.113
2080.380,-106.178
2080.480,-110.194
2080.580,-108.515
2080.680,-107.430
2080.780,-108.433
2080.880,-109.326
2080.980,-109.517
2081.080,-109.669
2081.180,-108.103
2081.280,-111.384
2081.380,-107.814
2081.480,-110.726
2081.580,-109.280
2081.680,-109.189
2081.780,-111.753
2081.880,-110.879
2081.980,-108.992
2082.080,-110.104
2082.180,-109.305
2082.280,-109.308
2082.380,-107.484
2082.480,-110.581
2082.580,-109.892
2082.680,-109.159
2082.780,-110.728
2082.880,-107.711
2082.980,-109.867
2083.080,-109.561
2083.180,-109.823
2083.280,-110.560
2083.380,-108.604
2083.480,-108.499
2083.580,-108.756
2083.680,-111.021
2083.780,-110.871
2083.880,-109.797
2083.980,-110.427
2084.080,-108.936
2084.180,-108.949
2084.280,-109.108
2084.380,-108.436
2084.480,-109.938
2084.580,-106.412
2084.680,-109.359
2084.780,-110.901
2084.880,-109.821
2084.980,-108.170
2085.080,-109.188
2085.180,-107.777
2085.280,-109.616
2085.380,-109.641
2085.480,-109.064
2085.580,-108.620
2085.680,-110.500
2085.780,-110.344
2085.880,-107.027
2085.980,-111.138
2086.080,-107.749
2086.180,-109.783
2086.280,-110.036
2086.380,-110.004
2086.480,-106.629
2086.580,-107.101
2086.680,-108.789
2086.780,-110.393
2086.880,-109.628
2086.980,-109.310
2087.080,-108.693
2087.180,-110.474
2087.280,-108.699
2087.380,-108.453
2087.480,-108.478
2087.580,-108.155
2087.680,-109.710
2087.780,-109.118
2087.880,-109.294
2087.980,-109.759
2088.080,-109.479
2088.180,-109.010
2088.280,-109.752
2088.380,-109.988
2088.480,-108.940
2088.580,-108.866
2088.680,-110.608
2088.780,-109.915
2088.880,-107.778
2088.980,-109.891
2089.080,-109.430
2089.180,-109.705
2089.280,-109.992
2089.380,-107.908
2089.480,-110.286
2089.580,-109.595
2089.680,-111.273
2089.780,-108.025
2089.880,-108.594
2089.980,-107.388
2090.080,-106.994
2090.180,-108.909
2090.280,-108.849
2090.380,-110.490
2090.480,-106.977
2090.580,-109.505
2090.680,-110.233
2090.780,-109.416
2090.880,-111.440
2090.980,-108.783
2091.080,-108.693
2091.180,-108.977
2091.280,-107.719
2091.380,-108.131
2091.480,-108.821
2091.580,-109.324
2091.680,-109.664
2091.780,-108.887
2091.880,-109.817
2091.980,-107.441
2092.080,-110.407
2092.080,-109.871
2092.180,-109.584
2092.280,-109.234
2092.380,-109.394
2092.480,-108.897
2092.580,-109.090
2092.680,-110.159
2092.780,-108.718
2092.880,-110.225
2092.980,-109.364
2093.080,-107.854
2093.180,-108.174
2093.280,-108.106
2093.380,-109.127
2093.480,-108.549
2093.580,-108.293
2093.680,-109.539
2093.780,-109.920
2093.880,-108.929
2093.980,-109.477
2094.080,-108.544
2094.180,-110.660
2094.280,-109.266
2094.380,-110.225
2094.480,-107.588
2094.580,-109.052
2094.680,-109.825
2094.780,-109.141
2094.880,-109.422
2094.980,-109.500
2095.080,-108.167
2095.180,-109.793
2095.280,-108.812
2095.380,-107.987
2095.480,-108.232
2095.580,-108.747
2095.680,-108.764
2095.780,-107.829
2095.880,-109.611
2095.980,-108.028
2096.080,-108.799
2096.180,-108.852
2096.280,-107.982
2096.380,-109.213
2096.480,-108.362
2096.580,-108.341
2096.680,-109.458
2096.780,-109.774
2096.880,-108.798
2096.980,-107.566
2097.080,-108.563
2097.180,-110.203
2097.280,-108.452
2097.380,-109.025
2097.480,-109.262
2097.580,-108.753
2097.680,-109.902
2097.780,-110.352
2097.880,-108.007
2097.980,-109.252
2098.080,-107.476
2098.180,-108.687
2098.280,-111.150
2098.380,-109.771
2098.480,-108.259
2098.580,-110.370
2098.680,-109.637
2098.780,-109.419
2098.880,-109.843
2098.980,-110.105
2099.080,-108.770
2099.180,-108.309
2099.280,-108.474
2099.380,-110.149
2099.480,-109.969
2099.580,-108.799
2099.680,-108.248
2099.780,-110.991
2099.880,-109.096
2099.980,-110.997
2100.080,-109.748
2100.180,-110.642
2100.280,-108.955
2100.380,-108.096
2100.480,-110.140
2100.580,-110.059
2100.680,-109.418
2100.780,-107.412
2100.880,-109.066
2100.980,-110.219
2101.080,-109.311
2101.180,-110.923
2101.280,-110.582
2101.380,-108.845
2101.480,-109.400
2101.580,-109.434
2101.680,-109.615
2101.780,-110.039
2101.880,-108.306
2101.980,-109.884
2102.080,-111.157
2102.180,-108.895
2102.280,-109.726
2102.380,-109.257
2102.480,-111.498
2102.580,-108.837
2102.680,-109.941
2102.780,-107.702
2102.880,-109.017
2102.980,-109.159
2103.080,-108.943
2103.180,-110.536
2103.280,-107.232
2103.380,-110.138
2103.480,-108.963
2103.580,-108.822
2103.680,-107.076
2103.780,-109.369
2103.880,-108.687
2103.980,-110.323
2104.080,-109.162
2104.180,-109.922
2104.280,-106.951
2104.380,-106.833
2104.480,-106.408
2104.580,-110.586
2104.680,-110.114
2104.780,-109.084
2104.880,-108.942
2104.980,-110.120
2105.080,-106.261
2105.180,-110.157
2105.280,-108.123
2105.380,-109.344
2105.480,-109.643
2105.580,-109.719
2105.680,-108.701
2105.780,-106.094
2105.880,-110.971
2105.980,-109.784
2106.080,-110.461
2106.180,-109.320
2106.280,-108.551
2106.380,-108.847
2106.480,-109.745
2106.580,-110.038
2106.680,-109.992
2106.780,-109.428
2106.880,-108.516
2106.980,-109.404
2107.080,-108.978
2107.180,-110.176
2107.280,-109.194
2107.380,-109.715
2107.480,-110.093
2107.580,-109.072
2107.680,-108.551
2107.780,-111.556
2107.880,-110.146
2107.980,-109.479
2108.080,-110.653
2108.180,-109.910
2108.280,-109.851
2108.380,-108.903
2108.480,-109.998
2108.580,-109.283
2108.680,-110.217
2108.780,-108.939
2108.880,-109.666
2108.980,-108.588
2109.080,-107.502
2109.180,-110.198
2109.280,-109.850
2109.380,-108.296
2109.480,-110.645
2109.580,-110.548
2109.680,-111.829
2109.780,-109.716
2109.880,-110.878
2109.980,-110.698
2110.080,-109.751
2110.180,-108.846
2110.280,-110.073
2110.380,-108.182
2110.480,-109.301
2110.580,-110.732
2110.680,-109.854
2110.780,-108.697
2110.880,-109.912
2110.980,-108.461
2111.080,-110.065
2111.180,-110.014
2111.280,-108.853
2111.380,-109.610
2111.480,-107.574
2111.580,-110.075
2111.680,-108.626
2111.780,-108.065
2111.880,-111.000
2111.980,-110.360
2112.080,-107.740
2112.180,-111.032
2112.280,-109.543
2112.380,-108.731
2112.480,-109.006
2112.580,-106.451
2112.680,-108.978
2112.780,-110.660
2112.880,-109.770
2112.980,-110.892
2113.080,-109.973
2113.180,-110.666
2113.280,-108.874
2113.380,-109.182
2113.480,-109.523
2113.580,-109.763
2113.680,-108.892
2113.780,-109.296
2113.880,-107.391
2113.980,-110.531
2114.080,-108.594
2114.180,-109.236
2114.280,-108.624
2114.380,-109.640
2114.480,-108.944
2114.580,-108.637
2114.680,-108.866
2114.780,-109.774
2114.880,-108.937
2114.980,-110.519
2115.080,-108.137
2115.180,-108.615
2115.280,-108.246
2115.380,-108.820
2115.480,-110.392
2115.580,-107.485
2115.680,-110.419
2115.780,-108.943
2115.880,-107.923
2115.980,-108.793
2116.080,-109.593
2116.180,-110.766
2116.280,-107.772
2116.380,-110.043
2116.480,-107.782
2116.580,-107.898
2116.680,-107.604
2116.780,-109.774
2116.880,-109.485
2116.980,-109.550
2117.080,-108.237
2117.180,-110.301
2117.280,-108.576
2117.380,-109.785
2117.480,-109.420
2117.580,-108.659
2117.680,-108.357
2117.780,-109.085
2117.880,-108.619
2117.980,-109.171
2118.080,-108.455
2118.180,-110.106
2118.280,-106.854
2118.380,-109.279
2118.480,-111.245
2118.580,-107.480
2118.680,-107.906
2118.780,-109.402
2118.880,-109.299
2118.980,-108.015
2119.080,-107.326
2119.180,-108.864
2119.280,-110.899
2119.380,-109.468
2119.480,-108.827
2119.580,-110.029
2119.680,-110.004
2119.780,-108.594
2119.880,-111.270
2119.980,-108.022
2120.080,-109.925
2120.180,-108.154
2120.280,-108.765
2120.380,-108.479
2120.480,-110.192
2120.580,-108.503
2120.680,-110.579
2120.780,-109.942
2120.880,-106.742
2120.980,-110.208
2121.080,-110.302
2121.180,-109.935
2121.280,-107.927
2121.380,-110.074
2121.480,-109.242
2121.580,-108.919
2121.680,-109.948
2121.780,-109.779
2121.880,-111.362
2121.980,-108.854
2122.080,-110.019
2122.180,-109.178
2122.280,-108.123
2122.380,-104.683
2122.480,-110.417
2122.580,-111.433
2122.680,-108.441
2122.780,-108.570
2122.880,-109.581
2122.980,-110.014
2123.080,-109.449
2123.180,-107.579
2123.280,-109.172
2123.380,-108.755
2123.480,-110.254
2123.580,-107.641
2123.680,-110.166
2123.780,-109.618
2123.880,-110.496
2123.980,-109.162
2124.080,-109.437
2124.180,-108.201
2124.280,-110.762
2124.380,-109.606
2124.480,-110.201
2124.580,-109.996
2124.680,-107.723
2124.780,-109.034
2124.880,-110.667
2124.980,-110.443
2125.080,-111.213
2125.180,-108.666
2125.280,-109.503
2125.380,-110.793
2125.480,-109.375
2125.580,-109.698
2125.680,-108.494
2125.780,-109.767
2125.880,-106.841
2125.980,-110.695
2126.080,-111.121
2126.180,-107.620
2126.280,-109.244
2126.380,-109.025
2126.480,-107.589
2126.580,-108.683
2126.680,-111.031
2126.780,-109.038
2126.880,-109.215
2126.980,-106.430
2127.080,-108.732
2127.180,-109.826
2127.280,-107.340
2127.380,-110.240
2127.480,-109.459
2127.580,-109.604
2127.680,-109.602
2127.780,-109.687
2127.880,-107.352
2127.980,-110.086
2128.080,-108.128
2128.180,-108.260
2128.280,-109.739
2128.380,-110.066
2128.480,-108.044
2128.580,-108.481
2128.680,-108.781
2128.780,-109.429
2128.880,-108.844
2128.980,-110.641
2129.080,-108.341
2129.180,-110.041
2129.280,-109.746
2129.380,-110.881
2129.480,-109.497
2129.580,-111.138
2129.680,-110.242
2129.780,-106.871
2129.880,-109.383
2129.980,-111.250
2130.080,-109.567
2130.180,-107.804
2130.280,-109.219
2130.380,-108.076
2130.480,-107.854
2130.580,-109.474
2130.680,-107.963
2130.780,-108.356
2130.880,-108.947
2130.980,-111.112
2131.080,-108.589
2131.180,-109.829
2131.280,-108.868
2131.380,-110.175
2131.480,-108.170
2131.580,-108.628
2131.680,-109.491
2131.780,-110.020
2131.880,-110.377
2131.980,-108.303
2132.080,-108.059
2132.180,-107.403
2132.280,-107.976
2132.380,-107.941
2132.480,-108.590
2132.580,-110.728
2132.680,-110.136
2132.780,-107.668
2132.880,-108.308
2132.980,-107.521
2133.080,-109.044
2133.180,-108.791
2133.280,-106.774
2133.380,-107.706
2133.480,-109.643
2133.580,-107.776
2133.680,-108.682
2133.780,-109.307
2133.880,-108.243
2133.980,-109.331
2134.080,-110.114
2134.180,-107.850
2134.280,-109.722
2134.380,-108.982
2134.480,-110.715
2134.580,-107.557
2134.680,-109.224
2134.780,-109.028
2134.880,-108.761
2134.980,-110.023
2135.080,-109.325
2135.180,-110.035
2135.280,-111.011
2135.380,-110.007
2135.480,-110.112
2135.580,-109.749
2135.680,-108.756
2135.780,-107.921
2135.880,-106.827
2135.980,-107.867
2136.080,-108.147
2136.180,-109.256
2136.280,-108.924
2136.380,-110.495
2136.480,-107.718
2136.580,-108.751
2136.680,-106.443
2136.780,-108.681
2136.880,-108.486
2136.980,-107.941
2137.080,-109.474
2137.180,-108.287
2137.280,-110.251
2137.380,-109.394
2137.480,-107.252
2137.580,-105.529
2137.680,-108.876
2137.780,-109.886
2137.880,-107.558
2137.980,-108.548
2138.080,-108.466
2138.080,-109.063
2138.180,-108.855
2138.280,-111.645
2138.380,-108.061
2138.480,-107.452
2138.580,-110.192
2138.680,-107.874
2138.780,-108.634
2138.880,-107.795
2138.980,-105.239
2139.080,-106.978
2139.180,-106.148
2139.280,-106.828
2139.380,-108.108
2139.480,-106.528
2139.580,-110.258
2139.680,-110.621
2139.780,-109.949
2139.880,-110.612
2139.980,-111.983
2140.080,-111.500
2140.180,-108.816
2140.280,-110.509
2140.380,-110.798
2140.480,-109.809
2140.580,-110.560
2140.680,-110.419
2140.780,-109.572
2140.880,-104.042
2140.980,-109.705
2141.080,-106.892
2141.180,-108.224
2141.280,-108.907
2141.380,-108.938
2141.480,-109.435
2141.580,-105.788
2141.680,-108.332
2141.780,-108.471
2141.880,-108.140
2141.980,-107.114
2142.080,-108.318
2142.180,-107.548
2142.280,-110.489
2142.380,-108.547
2142.480,-108.370
2142.580,-109.951
2142.680,-107.237
2142.780,-111.154
2142.880,-106.884
2142.980,-109.348
2143.080,-108.197
2143.180,-109.024
2143.280,-107.607
2143.380,-108.186
2143.480,-106.845
2143.580,-106.047
2143.680,-104.531
2143.780,-105.649
2143.880,-105.361
2143.980,-104.485
2144.080,-109.118
2144.180,-106.204
2144.280,-108.266
2144.380,-106.948
2144.480,-107.042
2144.580,-110.947
2144.680,-108.721
2144.780,-106.437
2144.880,-108.807
2144.980,-107.756
2145.080,-109.710
2145.180,-110.973
2145.280,-108.000
2145.380,-110.247
2145.480,-110.535
2145.580,-110.522
2145.680,-107.164
2145.780,-109.845
2145.880,-108.136
2145.980,-107.764
2146.080,-111.492
2146.180,-109.520
2146.280,-109.571
2146.380,-109.130
2146.480,-108.854
2146.580,-108.268
2146.680,-107.396
2146.780,-106.863
2146.880,-108.884
2146.980,-109.748
2147.080,-107.805
2147.180,-108.963
2147.280,-109.264
2147.380,-107.006
2147.480,-104.047
2147.580,-108.973
2147.680,-109.395
2147.780,-110.930
2147.880,-102.375
2147.980,-110.168
2148.080,-106.680
2148.180,-109.953
2148.280,-109.182
2148.380,-108.576
2148.480,-105.567
2148.580,-105.844
2148.680,-109.731
2148.780,-109.364
2148.880,-109.759
2148.980,-107.592
2149.080,-109.393
2149.180,-107.469
2149.280,-108.659
2149.380,-110.736
2149.480,-109.795
2149.580,-108.541
2149.680,-107.846
2149.780,-109.133
2149.880,-109.225
2149.980,-108.925
2150.080,-107.772
2150.180,-104.499
2150.280,-107.418
2150.380,-108.640
2150.480,-106.939
2150.580,-109.715
2150.680,-104.685
2150.780,-105.905
2150.880,-107.638
2150.980,-108.429
2151.080,-108.973
2151.180,-106.297
2151.280,-107.344
2151.380,-104.104
2151.480,-104.903
2151.580,-106.770
2151.680,-106.695
2151.780,-107.317
2151.880,-108.165
2151.980,-108.442
2152.080,-108.133
2152.180,-109.701
2152.280,-106.591
2152.380,-107.041
2152.480,-110.276
2152.580,-109.974
2152.680,-108.473
2152.780,-108.155
2152.880,-109.258
2152.980,-107.975
2153.080,-108.520
2153.180,-106.455
2153.280,-107.505
2153.380,-107.712
2153.480,-106.134
2153.580,-109.472
2153.680,-108.712
2153.780,-108.905
2153.880,-106.966
2153.980,-106.631
2154.080,-108.664
2154.180,-108.141
2154.280,-110.974
2154.380,-111.679
2154.480,-109.166
2154.580,-109.786
2154.680,-109.886
2154.780,-109.184
2154.880,-110.080
2154.980,-110.923
2155.080,-109.936
2155.180,-108.630
2155.280,-110.859
2155.380,-109.740
2155.480,-108.647
2155.580,-109.733
2155.680,-108.407
2155.780,-108.655
2155.880,-107.699
2155.980,-109.292
2156.080,-107.612
2156.180,-108.639
2156.280,-108.140
2156.380,-110.684
2156.480,-110.186
2156.580,-110.081
2156.680,-111.479
2156.780,-109.904
2156.880,-110.382
2156.980,-110.924
2157.080,-109.627
2157.180,-108.873
2157.280,-108.528
2157.380,-108.946
2157.480,-110.660
2157.580,-109.224
2157.680,-108.641
2157.780,-110.674
2157.880,-108.617
2157.980,-109.004
2158.080,-110.564
2158.180,-109.512
2158.280,-107.838
2158.380,-111.845
2158.480,-110.635
2158.580,-107.881
2158.680,-108.931
2158.780,-107.899
2158.880,-108.513
2158.980,-108.113
2159.080,-108.819
2159.180,-110.451
2159.280,-110.889
2159.380,-110.464
2159.480,-109.843
2159.580,-110.338
2159.680,-110.036
2159.780,-108.888
2159.880,-108.305
2159.980,-110.692
2160.080,-109.410
2160.180,-108.899
2160.280,-110.054
2160.380,-107.621
2160.480,-109.418
2160.580,-109.038
2160.680,-108.701
2160.780,-107.921
2160.880,-108.279
2160.980,-108.919
2161.080,-109.504
2161.180,-107.729
2161.280,-110.283
2161.380,-109.702
2161.480,-110.517
2161.580,-108.016
2161.680,-109.173
2161.780,-110.162
2161.880,-109.052
2161.980,-107.391
2162.080,-105.809
2162.180,-108.962
2162.280,-111.518
2162.380,-108.452
2162.480,-110.310
2162.580,-109.762
2162.680,-107.585
2162.780,-108.835
2162.880,-108.591
2162.980,-110.151
2163.080,-108.727
2163.180,-111.756
2163.280,-111.590
2163.380,-108.973
2163.480,-108.636
2163.580,-109.259
2163.680,-108.322
2163.780,-108.672
2163.880,-109.041
2163.980,-109.462
2164.080,-109.672
2164.180,-108.167
2164.280,-109.545
2164.380,-109.112
2164.480,-107.113
2164.580,-110.316
2164.680,-109.322
2164.780,-109.627
2164.880,-109.610
2164.980,-109.723
2165.080,-110.215
2165.180,-107.893
2165.280,-106.972
2165.380,-107.610
2165.480,-110.080
2165.580,-110.070
2165.680,-112.008
2165.780,-109.246
2165.880,-109.320
2165.980,-109.169
2166.080,-108.656
2166.180,-109.350
2166.280,-107.588
2166.380,-110.232
2166.480,-110.311
2166.580,-109.807
2166.680,-110.082
2166.780,-110.916
2166.880,-109.178
2166.980,-107.818
2167.080,-109.684
2167.180,-107.840
2167.280,-108.999
2167.380,-110.564
2167.480,-109.105
2167.580,-108.824
2167.680,-107.866
2167.780,-108.311
2167.880,-109.357
2167.980,-111.975
2168.080,-109.939
2168.180,-107.989
2168.280,-108.694
2168.380,-108.817
2168.480,-108.791
2168.580,-106.420
2168.680,-109.899
2168.780,-108.843
2168.880,-109.713
2168.980,-108.336
2169.080,-109.057
2169.180,-108.218
2169.280,-111.055
2169.380,-109.657
2169.480,-108.714
2169.580,-109.568
2169.680,-108.125
2169.780,-112.328
2169.880,-108.443
2169.980,-110.024
2170.080,-109.100
2170.180,-108.932
2170.280,-109.372
2170.380,-110.157
2170.480,-106.341
2170.580,-108.848
2170.680,-110.509
2170.780,-106.783
2170.880,-104.837
2170.980,-108.489
2171.080,-108.459
2171.180,-108.171
2171.280,-108.364
2171.380,-107.817
2171.480,-108.583
2171.580,-108.853
2171.680,-109.015
2171.780,-107.126
2171.880,-108.651
2171.980,-107.078
2172.080,-107.005
2172.180,-102.859
2172.280,-105.722
2172.380,-109.579
2172.480,-103.033
2172.580,-102.933
2172.680,-105.970
2172.780,-104.835
2172.880,-106.291
2172.980,-105.753
2173.080,-109.292
2173.180,-108.008
2173.280,-110.327
2173.380,-102.544
2173.480,-102.793
2173.580,-105.801
2173.680,-108.336
2173.780,-108.667
2173.880,-105.134
2173.980,-108.121
2174.080,-107.731
2174.180,-107.990
2174.280,-108.208
2174.380,-109.209
2174.480,-108.685
2174.580,-108.106
2174.680,-108.200
2174.780,-109.011
2174.880,-105.346
2174.980,-106.828
2175.080,-105.470
2175.180,-105.890
2175.280,-106.396
2175.380,-105.147
2175.480,-104.073
2175.580,-105.311
2175.680,-105.866
2175.780,-105.102
2175.880,-109.356
2175.980,-108.316
2176.080,-108.787
2176.180,-103.801
2176.280,-103.785
2176.380,-107.697
2176.480,-103.461
2176.580,-104.378
2176.680,-105.617
2176.780,-108.787
2176.880,-108.320
2176.980,-108.265
2177.080,-108.763
2177.180,-111.214
2177.280,-107.530
2177.380,-106.863
2177.480,-109.402
2177.580,-108.770
2177.680,-109.266
2177.780,-105.423
2177.880,-109.448
2177.980,-109.720
2178.080,-109.647
2178.180,-110.273
2178.280,-109.099
2178.380,-108.610
2178.480,-106.489
2178.580,-110.543
2178.680,-106.982
2178.780,-109.585
2178.880,-107.891
2178.980,-108.482
2179.080,-108.042
2179.180,-105.818
2179.280,-107.895
2179.380,-107.228
2179.480,-107.931
2179.580,-106.109
2179.680,-106.170
2179.780,-106.679
2179.880,-108.532
2179.980,-105.333
2180.080,-104.557
2180.180,-108.758
2180.280,-110.520
2180.380,-108.700
2180.480,-110.613
2180.580,-108.987
2180.680,-107.460
2180.780,-106.430
2180.880,-108.324
2180.980,-111.021
2181.080,-107.090
2181.180,-109.016
2181.280,-108.776
2181.380,-106.556
2181.480,-108.894
2181.580,-108.604
2181.680,-109.128
2181.780,-106.677
2181.880,-110.366
2181.980,-110.902
2182.080,-109.116
2182.180,-111.074
2182.280,-108.601
2182.380,-108.684
2182.480,-106.709
2182.580,-110.878
2182.680,-105.309
2182.780,-106.282
2182.880,-108.988
2182.980,-110.907
2183.080,-110.264
2183.180,-108.171
2183.280,-105.294
2183.380,-110.385
2183.480,-107.267
2183.580,-108.489
2183.680,-111.256
2183.780,-110.035
2183.880,-107.217
2183.980,-107.249
2184.080,-109.375
2184.080,-109.425
2184.180,-109.149
2184.280,-108.082
2184.380,-107.598
2184.480,-109.492
2184.580,-108.638
2184.680,-109.700
2184.780,-108.293
2184.880,-107.865
2184.980,-109.671
2185.080,-109.375
2185.180,-107.738
2185.280,-108.552
2185.380,-108.680
2185.480,-106.285
2185.580,-109.537
2185.680,-109.073
2185.780,-107.748
2185.880,-109.611
2185.980,-105.518
2186.080,-106.592
2186.180,-109.085
2186.280,-107.779
2186.380,-107.784
2186.480,-108.706
2186.580,-107.163
2186.680,-106.766
2186.780,-103.832
2186.880,-104.863
2186.980,-109.377
2187.080,-110.348
2187.180,-107.222
2187.280,-107.403
2187.380,-108.224
2187.480,-105.080
2187.580,-106.879
2187.680,-109.334
2187.780,-108.705
2187.880,-110.002
2187.980,-110.479
2188.080,-108.278
2188.180,-107.333
2188.280,-108.849
2188.380,-109.202
2188.480,-107.323
2188.580,-108.121
2188.680,-107.179
2188.780,-109.766
2188.880,-109.273
2188.980,-107.795
2189.080,-108.682
2189.180,-108.175
2189.280,-110.789
2189.380,-106.119
2189.480,-106.852
2189.580,-105.562
2189.680,-106.469
2189.780,-107.838
2189.880,-109.545
2189.980,-107.190
2190.080,-107.831
2190.180,-109.065
2190.280,-106.698
2190.380,-107.723
2190.480,-106.654
2190.580,-105.593
2190.680,-106.886
2190.780,-108.924
2190.880,-109.438
2190.980,-109.391
2191.080,-106.589
2191.180,-107.182
2191.280,-108.007
2191.380,-108.786
2191.480,-109.470
2191.580,-107.544
2191.680,-108.282
2191.780,-107.062
2191.880,-109.343
2191.980,-105.992
2192.080,-110.044
2192.180,-108.001
2192.280,-107.740
2192.380,-109.837
2192.480,-106.004
2192.580,-109.609
2192.680,-107.847
2192.780,-108.648
2192.880,-111.559
2192.980,-110.545
2193.080,-108.934
2193.180,-107.216
2193.280,-108.103
2193.380,-109.279
2193.480,-109.718
2193.580,-108.046
2193.680,-108.783
2193.780,-107.385
2193.880,-110.238
2193.980,-107.927
2194.080,-108.855
2194.180,-109.062
2194.280,-109.163
2194.380,-107.988
2194.480,-108.748
2194.580,-107.685
2194.680,-107.543
2194.780,-107.177
2194.880,-108.480
2194.980,-108.112
2195.080,-108.192
2195.180,-106.602
2195.280,-109.876
2195.380,-109.169
2195.480,-107.833
2195.580,-109.411
2195.680,-109.841
2195.780,-109.241
2195.880,-108.689
2195.980,-109.717
2196.080,-108.625
2196.180,-108.021
2196.280,-109.355
2196.380,-109.632
2196.480,-108.328
2196.580,-109.066
2196.680,-111.834
2196.780,-106.521
2196.880,-108.846
2196.980,-108.879
2197.080,-106.878
2197.180,-109.909
2197.280,-107.885
2197.380,-108.617
2197.480,-107.194
2197.580,-109.927
2197.680,-110.829
2197.780,-108.677
2197.880,-109.668
2197.980,-109.518
2198.080,-109.998
2198.180,-109.864
2198.280,-108.599
2198.380,-109.480
2198.480,-109.942
2198.580,-108.646
2198.680,-108.300
2198.780,-110.695
2198.880,-107.503
2198.980,-108.135
2199.080,-109.550
2199.180,-109.347
2199.280,-108.340
2199.380,-111.718
2199.480,-107.651
2199.580,-107.569
2199.680,-109.677
2199.780,-110.737
2199.880,-108.817
2199.980,-109.785
2200.080,-108.833
2200.080,-107.390
2200.180,-109.800
2200.280,-108.618
2200.380,-108.556
2200.480,-109.482
2200.580,-109.455
2200.680,-109.722
2200.780,-108.716
2200.880,-106.743
2200.980,-110.410
2201.080,-106.308
2201.180,-110.265
2201.280,-110.137
2201.380,-108.394
2201.480,-107.194
2201.580,-109.721
2201.680,-107.664
2201.780,-109.446
2201.880,-105.994
2201.980,-109.261
2202.080,-108.168
2202.180,-108.112
2202.280,-109.060
2202.380,-110.221
2202.480,-107.208
2202.580,-109.707
2202.680,-109.717
2202.780,-109.637
2202.880,-109.873
2202.980,-108.286
2203.080,-109.098
2203.180,-109.796
2203.280,-109.437
2203.380,-108.228
2203.480,-109.465
2203.580,-109.123
2203.680,-108.682
2203.780,-109.059
2203.880,-108.762
2203.980,-109.835
2204.080,-107.678
2204.180,-108.301
2204.280,-109.326
2204.380,-108.536
2204.480,-108.861
2204.580,-108.598
2204.680,-108.530
2204.780,-110.358
2204.880,-108.563
2204.980,-108.570
2205.080,-107.484
2205.180,-108.891
2205.280,-110.070
2205.380,-109.745
2205.480,-109.599
2205.580,-110.378
2205.680,-106.925
2205.780,-107.518
2205.880,-109.785
2205.980,-109.442
2206.080,-111.035
2206.180,-106.468
2206.280,-109.626
2206.380,-109.340
2206.480,-108.830
2206.580,-108.386
2206.680,-108.192
2206.780,-110.071
2206.880,-108.939
2206.980,-109.233
2207.080,-108.456
2207.180,-110.238
2207.280,-110.426
2207.380,-108.387
2207.480,-109.952
2207.580,-107.989
2207.680,-107.460
2207.780,-108.377
2207.880,-109.565
2207.980,-108.183
2208.080,-107.766
2208.180,-109.225
2208.280,-110.612
2208.380,-109.708
2208.480,-109.408
2208.580,-107.449
2208.680,-108.221
2208.780,-108.002
2208.880,-106.975
2208.980,-108.759
2209.080,-109.004
2209.180,-109.196
2209.280,-108.015
2209.380,-108.297
2209.480,-109.360
2209.580,-109.059
2209.680,-110.589
2209.780,-107.597
2209.880,-108.507
2209.980,-109.755
2210.080,-109.540
2210.180,-110.508
2210.280,-107.339
2210.380,-108.109
2210.480,-111.139
2210.580,-109.969
2210.680,-110.295
2210.780,-107.680
2210.880,-110.436
2210.980,-109.079
2211.080,-110.192
2211.180,-107.983
2211.280,-109.308
2211.380,-108.080
2211.480,-108.476
2211.580,-109.742
2211.680,-110.230
2211.780,-108.316
2211.880,-111.069
2211.980,-109.442
2212.080,-108.718
2212.180,-110.515
2212.280,-108.142
2212.380,-109.255
2212.480,-110.350
2212.580,-107.359
2212.680,-105.528
2212.780,-107.682
2212.880,-110.718
2212.980,-110.225
2213.080,-109.925
2213.180,-110.453
2213.280,-109.514
2213.380,-108.143
2213.480,-108.262
2213.580,-106.881
2213.680,-107.771
2213.780,-110.391
2213.880,-108.880
2213.980,-110.180
2214.080,-110.220
2214.180,-107.657
2214.280,-108.651
2214.380,-109.136
2214.480,-108.320
2214.580,-110.324
2214.680,-109.358
2214.780,-107.990
2214.880,-109.694
2214.980,-108.097
2215.080,-109.367
2215.180,-110.522
2215.280,-108.828
2215.380,-109.741
2215.480,-110.222
2215.580,-108.962
2215.680,-109.281
2215.780,-107.475
2215.880,-109.277
2215.980,-108.959
2216.080,-106.363
2216.180,-108.882
2216.280,-108.304
2216.380,-109.445
2216.480,-109.632
2216.580,-107.621
2216.680,-107.753
2216.780,-107.989
2216.880,-108.872
2216.980,-108.059
2217.080,-109.278
2217.180,-108.548
2217.280,-108.702
2217.380,-105.771
2217.480,-108.686
2217.580,-108.611
2217.680,-109.936
2217.780,-108.953
2217.880,-109.262
2217.980,-108.522
2218.080,-108.521
2218.180,-108.504
2218.280,-109.685
2218.380,-110.614
2218.480,-109.607
2218.580,-106.250
2218.680,-107.896
2218.780,-107.493
2218.880,-109.185
2218.980,-107.160
2219.080,-109.981
2219.180,-108.404
2219.280,-107.579
2219.380,-107.996
2219.480,-109.082
2219.580,-108.401
2219.680,-108.452
2219.780,-109.527
2219.880,-109.081
2219.980,-109.955
2220.080,-108.385
2220.180,-110.692
2220.280,-110.272
2220.380,-107.842
2220.480,-107.542
2220.580,-111.111
2220.680,-111.231
2220.780,-108.217
2220.880,-107.462
2220.980,-109.013
2221.080,-110.791
2221.180,-109.341
2221.280,-109.642
2221.380,-108.386
2221.480,-109.147
2221.580,-108.694
2221.680,-108.672
2221.780,-109.966
2221.880,-109.736
2221.980,-110.954
2222.080,-109.653
2222.180,-109.062
2222.280,-109.294
2222.380,-108.228
2222.480,-109.490
2222.580,-108.249
2222.680,-109.101
2222.780,-109.154
2222.880,-109.098
2222.980,-110.631
2223.080,-109.399
2223.180,-108.572
2223.280,-109.542
2223.380,-109.490
2223.480,-107.638
2223.580,-108.052
2223.680,-108.877
2223.780,-107.849
2223.880,-107.792
2223.980,-107.292
2224.080,-108.867
2224.180,-107.631
2224.280,-108.628
2224.380,-109.598
2224.480,-109.955
2224.580,-108.374
2224.680,-108.239
2224.780,-108.415
2224.880,-109.471
2224.980,-109.161
2225.080,-106.404
2225.180,-108.426
2225.280,-110.564
2225.380,-109.803
2225.480,-110.657
2225.580,-108.945
2225.680,-110.607
2225.780,-109.769
2225.880,-108.856
2225.980,-107.899
2226.080,-109.002
2226.180,-110.509
2226.280,-111.601
2226.380,-107.416
2226.480,-108.502
2226.580,-110.605
2226.680,-109.363
2226.780,-107.325
2226.880,-109.372
2226.980,-111.010
2227.080,-110.051
2227.180,-110.661
2227.280,-109.017
2227.380,-109.165
2227.480,-108.934
2227.580,-107.345
2227.680,-107.934
2227.780,-107.746
2227.880,-110.501
2227.980,-109.683
2228.080,-110.249
2228.180,-108.294
2228.280,-110.195
2228.380,-110.398
2228.480,-109.003
2228.580,-108.488
2228.680,-110.410
2228.780,-105.727
2228.880,-108.646
2228.980,-107.900
2229.080,-107.053
2229.180,-109.762
2229.280,-109.077
2229.380,-109.540
2229.480,-107.072
2229.580,-109.419
2229.680,-109.375
2229.780,-110.068
2229.880,-110.498
2229.980,-108.945
2230.080,-108.505
2230.180,-109.487
2230.280,-106.751
2230.380,-109.401
2230.480,-110.769
2230.580,-109.541
2230.680,-108.170
2230.780,-108.796
2230.880,-110.000
2230.980,-108.785
2231.080,-108.907
2231.180,-108.644
2231.280,-110.429
2231.380,-107.139
2231.480,-110.044
2231.580,-107.101
2231.680,-110.961
2231.780,-108.636
2231.880,-111.223
2231.980,-108.443
2232.080,-108.601
2232.180,-109.659
2232.280,-109.002
2232.380,-109.070
2232.480,-109.021
2232.580,-110.242
2232.680,-107.756
2232.780,-108.743
2232.880,-108.038
2232.980,-110.608
2233.080,-108.564
2233.180,-108.816
2233.280,-108.473
2233.380,-110.091
2233.480,-108.433
2233.580,-108.398
2233.680,-109.385
2233.780,-109.863
2233.880,-107.673
2233.980,-107.084
2234.080,-110.674
2234.180,-108.730
2234.280,-107.164
2234.380,-108.605
2234.480,-109.922
2234.580,-107.005
2234.680,-108.431
2234.780,-109.495
2234.880,-110.196
2234.980,-107.904
2235.080,-109.828
2235.180,-109.718
2235.280,-110.613
2235.380,-108.893
2235.480,-109.135
2235.580,-106.968
2235.680,-110.630
2235.780,-110.600
2235.880,-108.400
2235.980,-109.115
2236.080,-111.051
2236.180,-109.004
2236.280,-107.573
2236.380,-107.271
2236.480,-108.476
2236.580,-109.841
2236.680,-108.592
2236.780,-108.756
2236.880,-110.757
2236.980,-107.260
2237.080,-109.705
2237.180,-107.630
2237.280,-110.244
2237.380,-109.478
2237.480,-110.335
2237.580,-109.096
2237.680,-111.965
2237.780,-108.426
2237.880,-110.074
2237.980,-107.282
2238.080,-108.839
2238.180,-107.995
2238.280,-108.954
2238.380,-109.585
2238.480,-108.983
2238.580,-107.925
2238.680,-109.736
2238.780,-108.149
2238.880,-107.635
2238.980,-108.750
2239.080,-109.184
2239.180,-107.987
2239.280,-108.007
2239.380,-107.969
2239.480,-107.287
2239.580,-107.006
2239.680,-110.500
2239.780,-110.734
2239.880,-110.393
2239.980,-108.376
2240.080,-109.673
2240.180,-107.442
2240.280,-106.133
2240.380,-109.581
2240.480,-109.940
2240.580,-111.383
2240.680,-108.803
2240.780,-109.263
2240.880,-109.249
2240.980,-109.010
2241.080,-109.951
2241.180,-108.991
2241.280,-110.054
2241.380,-110.220
2241.480,-108.150
2241.580,-109.072
2241.680,-109.531
2241.780,-110.474
2241.880,-108.186
2241.980,-110.717
2242.080,-109.569
2242.180,-109.835
2242.280,-108.891
2242.380,-107.696
2242.480,-109.152
2242.580,-107.492
2242.680,-110.949
2242.780,-109.703
2242.880,-110.093
2242.980,-109.807
2243.080,-109.819
2243.180,-107.871
2243.280,-109.329
2243.380,-110.826
2243.480,-107.605
2243.580,-108.808
2243.680,-108.624
2243.780,-108.851
2243.880,-108.773
2243.980,-109.124
2244.080,-107.168
2244.180,-107.861
2244.280,-107.359
2244.380,-108.921
2244.480,-107.645
2244.580,-109.644
2244.680,-106.810
2244.780,-109.437
2244.880,-109.313
2244.980,-108.741
2245.080,-109.872
2245.180,-108.186
2245.280,-108.322
2245.380,-107.415
2245.480,-109.003
2245.580,-108.343
2245.680,-108.293
2245.780,-108.710
2245.880,-108.672
2245.980,-109.247
2246.080,-108.129
2246.080,-106.852
2246.180,-110.720
2246.280,-109.623
2246.380,-110.892
2246.480,-108.689
2246.580,-105.815
2246.680,-107.406
2246.780,-106.738
2246.880,-110.542
2246.980,-109.682
2247.080,-108.065
2247.180,-109.194
2247.280,-109.386
2247.380,-107.459
2247.480,-109.422
2247.580,-109.127
2247.680,-109.432
2247.780,-107.823
2247.880,-109.697
2247.980,-110.173
2248.080,-110.264
2248.180,-107.491
2248.280,-108.499
2248.380,-108.247
2248.480,-109.706
2248.580,-109.726
2248.680,-107.929
2248.780,-109.211
2248.880,-108.017
2248.980,-110.307
2249.080,-106.478
2249.180,-109.592
2249.280,-108.108
2249.380,-108.303
2249.480,-109.841
2249.580,-109.893
2249.680,-108.896
2249.780,-108.272
2249.880,-110.217
2249.980,-108.883
2250.080,-107.075
2250.180,-109.219
2250.280,-109.132
2250.380,-107.632
2250.480,-109.289
2250.580,-110.121
2250.680,-110.015
2250.780,-107.682
2250.880,-109.735
2250.980,-106.395
2251.080,-109.749
2251.180,-106.664
2251.280,-109.811
2251.380,-108.297
2251.480,-107.415
2251.580,-108.851
2251.680,-108.810
2251.780,-108.075
2251.880,-109.375
2251.980,-108.907
2252.080,-108.899
2252.180,-109.528
2252.280,-107.240
2252.380,-109.586
2252.480,-107.754
2252.580,-109.703
2252.680,-109.396
2252.780,-109.663
2252.880,-108.849
2252.980,-108.466
2253.080,-109.223
2253.180,-108.682
2253.280,-109.907
2253.380,-109.871
2253.480,-108.361
2253.580,-109.204
2253.680,-106.605
2253.780,-109.435
2253.880,-108.807
2253.980,-107.927
2254.080,-107.887
2254.180,-109.613
2254.280,-109.562
2254.380,-109.483
2254.480,-108.331
2254.580,-108.844
2254.680,-107.572
2254.780,-110.562
2254.880,-108.320
2254.980,-109.877
2255.080,-107.522
2255.180,-109.386
2255.280,-107.718
2255.380,-109.319
2255.480,-110.071
2255.580,-108.318
2255.680,-108.954
2255.780,-109.951
2255.880,-108.033
2255.980,-108.016
2256.080,-109.233
2256.180,-108.280
2256.280,-109.352
2256.380,-110.343
2256.480,-108.805
2256.580,-111.224
2256.680,-109.212
2256.780,-109.224
2256.880,-110.108
2256.980,-111.049
2257.080,-108.421
2257.180,-109.366
2257.280,-107.214
2257.380,-108.416
2257.480,-110.590
2257.580,-106.247
2257.680,-109.145
2257.780,-109.809
2257.880,-106.881
2257.980,-108.820
2258.080,-107.462
2258.180,-109.275
2258.280,-107.259
2258.380,-109.998
2258.480,-107.102
2258.580,-107.534
2258.680,-109.019
2258.780,-109.149
2258.880,-109.680
2258.980,-108.632
2259.080,-108.674
2259.180,-107.358
2259.280,-110.456
2259.380,-108.106
2259.480,-108.769
2259.580,-107.282
2259.680,-110.128
2259.780,-109.087
2259.880,-108.646
2259.980,-110.075
2260.080,-108.405
2260.180,-107.693
2260.280,-108.158
2260.380,-107.909
2260.480,-108.487
2260.580,-110.336
2260.680,-108.192
2260.780,-109.032
2260.880,-109.877
2260.980,-106.639
2261.080,-109.504
2261.180,-108.370
2261.280,-107.894
2261.380,-109.748
2261.480,-109.687
2261.580,-106.177
2261.680,-108.687
2261.780,-108.526
2261.880,-108.247
2261.980,-107.931
2262.080,-111.958
2262.180,-109.315
2262.280,-109.414
2262.380,-106.744
2262.480,-107.617
2262.580,-110.129
2262.680,-108.681
2262.780,-109.549
2262.880,-105.319
2262.980,-108.141
2263.080,-106.289
2263.180,-107.777
2263.280,-107.792
2263.380,-109.466
2263.480,-108.898
2263.580,-109.766
2263.680,-107.451
2263.780,-109.909
2263.880,-107.844
2263.980,-109.115
2264.080,-109.739
2264.180,-109.932
2264.280,-107.249
2264.380,-107.230
2264.480,-110.336
2264.580,-110.088
2264.680,-109.841
2264.780,-109.824
2264.880,-109.352
2264.980,-107.851
2265.080,-107.876
2265.180,-109.368
2265.280,-109.022
2265.380,-107.839
2265.480,-109.459
2265.580,-109.864
2265.680,-107.666
2265.780,-110.720
2265.880,-108.634
2265.980,-109.182
2266.080,-109.957
2266.180,-108.654
2266.280,-108.155
2266.380,-110.935
2266.480,-108.566
2266.580,-110.444
2266.680,-108.961
2266.780,-109.377
2266.880,-109.187
2266.980,-108.215
2267.080,-109.126
2267.180,-109.573
2267.280,-109.452
2267.380,-109.356
2267.480,-109.709
2267.580,-110.359
2267.680,-109.663
2267.780,-111.192
2267.880,-109.753
2267.980,-108.988
2268.080,-108.792
2268.180,-108.537
2268.280,-109.744
2268.380,-109.444
2268.480,-108.953
2268.580,-108.918
2268.680,-109.815
2268.780,-109.783
2268.880,-108.098
2268.980,-107.745
2269.080,-109.131
2269.180,-108.828
2269.280,-108.789
2269.380,-108.702
2269.480,-106.537
2269.580,-109.116
2269.680,-108.332
2269.780,-109.524
2269.880,-108.082
2269.980,-108.293
2270.080,-108.832
2270.180,-108.911
2270.280,-109.568
2270.380,-109.057
2270.480,-109.848
2270.580,-109.004
2270.680,-107.315
2270.780,-111.133
2270.880,-106.652
2270.980,-108.853
2271.080,-109.731
2271.180,-107.917
2271.280,-109.992
2271.380,-108.434
2271.480,-108.424
2271.580,-110.640
2271.680,-109.826
2271.780,-108.477
2271.880,-108.094
2271.980,-107.557
2272.080,-108.043
2272.180,-106.761
2272.280,-108.060
2272.380,-109.425
2272.480,-107.808
2272.580,-108.859
2272.680,-109.108
2272.780,-108.508
2272.880,-109.038
2272.980,-109.435
2273.080,-108.571
2273.180,-109.255
2273.280,-109.374
2273.380,-110.367
2273.480,-108.239
2273.580,-109.353
2273.680,-110.604
2273.780,-110.742
2273.880,-110.088
2273.980,-111.495
2274.080,-109.627
2274.180,-107.855
2274.280,-110.703
2274.380,-109.539
2274.480,-110.343
2274.580,-110.326
2274.680,-107.005
2274.780,-107.804
2274.880,-109.748
2274.980,-107.358
2275.080,-110.766
2275.180,-109.370
2275.280,-108.064
2275.380,-109.060
2275.480,-108.730
2275.580,-110.965
2275.680,-110.904
2275.780,-108.850
2275.880,-108.177
2275.980,-107.427
2276.080,-109.179
2276.180,-108.988
2276.280,-109.462
2276.380,-110.366
2276.480,-108.759
2276.580,-110.275
2276.680,-109.237
2276.780,-110.213
2276.880,-108.865
2276.980,-108.900
2277.080,-111.976
2277.180,-110.139
2277.280,-108.980
2277.380,-107.177
2277.480,-108.243
2277.580,-110.598
2277.680,-109.288
2277.780,-108.672
2277.880,-107.910
2277.980,-108.653
2278.080,-109.469
2278.180,-110.025
2278.280,-109.021
2278.380,-110.815
2278.480,-108.468
2278.580,-106.916
2278.680,-110.451
2278.780,-110.192
2278.880,-109.464
2278.980,-108.929
2279.080,-110.455
2279.180,-109.222
2279.280,-111.547
2279.380,-108.123
2279.480,-110.944
2279.580,-106.709
2279.680,-109.414
2279.780,-110.100
2279.880,-107.300
2279.980,-110.373
2280.080,-111.624
2280.180,-108.214
2280.280,-109.041
2280.380,-109.657
2280.480,-110.642
2280.580,-109.633
2280.680,-109.581
2280.780,-109.397
2280.880,-108.099
2280.980,-110.212
2281.080,-109.553
2281.180,-110.483
2281.280,-107.316
2281.380,-109.669
2281.480,-107.751
2281.580,-108.319
2281.680,-109.292
2281.780,-108.837
2281.880,-109.691
2281.980,-106.806
2282.080,-109.841
2282.180,-110.171
2282.280,-109.494
2282.380,-108.357
2282.480,-109.228
2282.580,-109.124
2282.680,-109.215
2282.780,-109.318
2282.880,-110.397
2282.980,-107.701
2283.080,-108.964
2283.180,-108.865
2283.280,-110.948
2283.380,-108.815
2283.480,-110.731
2283.580,-108.169
2283.680,-109.565
2283.780,-109.135
2283.880,-108.885
2283.980,-109.542
2284.080,-109.747
2284.180,-111.493
2284.280,-107.876
2284.380,-109.080
2284.480,-108.540
2284.580,-109.745
2284.680,-107.974
2284.780,-108.626
2284.880,-108.540
2284.980,-107.266
2285.080,-108.992
2285.180,-110.458
2285.280,-108.469
2285.380,-106.931
2285.480,-108.149
2285.580,-109.217
2285.680,-108.555
2285.780,-107.442
2285.880,-108.335
2285.980,-108.073
2286.080,-108.260
2286.180,-110.437
2286.280,-108.941
2286.380,-106.915
2286.480,-107.806
2286.580,-108.740
2286.680,-111.057
2286.780,-110.776
2286.880,-107.161
2286.980,-109.906
2287.080,-107.683
2287.180,-107.383
2287.280,-108.766
2287.380,-107.626
2287.480,-110.747
2287.580,-110.304
2287.680,-108.810
2287.780,-108.221
2287.880,-108.258
2287.980,-110.475
2288.080,-109.193
2288.180,-109.648
2288.280,-105.663
2288.380,-108.315
2288.480,-109.111
2288.580,-108.860
2288.680,-110.435
2288.780,-109.930
2288.880,-110.396
2288.980,-108.049
2289.080,-110.451
2289.180,-107.779
2289.280,-106.640
2289.380,-109.918
2289.480,-108.795
2289.580,-109.915
2289.680,-107.822
2289.780,-109.049
2289.880,-111.064
2289.980,-111.194
2290.080,-108.234
2290.180,-108.929
2290.280,-108.099
2290.380,-107.290
2290.480,-107.549
2290.580,-109.359
2290.680,-109.862
2290.780,-110.203
2290.880,-110.341
2290.980,-107.768
2291.080,-109.734
2291.180,-108.821
2291.280,-111.003
2291.380,-108.060
2291.480,-108.781
2291.580,-110.242
2291.680,-107.969
2291.780,-108.974
2291.880,-108.217
2291.980,-109.255
2292.080,-110.418
2292.080,-108.251
2292.180,-108.606
2292.280,-108.670
2292.380,-106.377
2292.480,-108.245
2292.580,-108.932
2292.680,-108.705
2292.780,-106.295
2292.880,-108.409
2292.980,-109.305
2293.080,-108.694
2293.180,-108.052
2293.280,-108.951
2293.380,-107.933
2293.480,-106.868
2293.580,-107.925
2293.680,-109.103
2293.780,-107.924
2293.880,-107.989
2293.980,-108.313
2294.080,-108.407
2294.180,-109.518
2294.280,-107.176
2294.380,-107.288
2294.480,-107.933
2294.580,-107.886
2294.680,-109.766
2294.780,-106.677
2294.880,-108.275
2294.980,-109.833
2295.080,-110.058
2295.180,-107.045
2295.280,-108.831
2295.380,-108.524
2295.480,-105.827
2295.580,-108.551
2295.680,-109.009
2295.780,-107.915
2295.880,-107.768
2295.980,-108.813
2296.080,-107.528
2296.180,-108.836
2296.280,-108.680
2296.380,-107.905
2296.480,-109.168
2296.580,-107.789
2296.680,-108.118
2296.780,-108.869
2296.880,-108.051
2296.980,-107.866
2297.080,-107.488
2297.180,-108.901
2297.280,-108.100
2297.380,-108.597
2297.480,-109.203
2297.580,-108.144
2297.680,-109.649
2297.780,-109.703
2297.880,-106.477
2297.980,-108.546
2298.080,-108.202
2298.180,-108.348
2298.280,-109.553
2298.380,-109.121
2298.480,-108.193
2298.580,-109.065
2298.680,-108.224
2298.780,-106.466
2298.880,-103.163
2298.980,-108.579
2299.080,-107.436
2299.180,-108.936
2299.280,-108.959
2299.380,-109.339
2299.480,-109.439
2299.580,-108.245
2299.680,-106.956
2299.780,-107.901
2299.880,-108.620
2299.980,-108.384
2300.080,-108.523
2300.180,-108.221
2300.280,-108.688
2300.380,-106.907
2300.480,-107.913
2300.580,-109.048
2300.680,-109.395
2300.780,-109.256
2300.880,-108.418
2300.980,-108.534
2301.080,-108.406
2301.180,-107.822
2301.280,-108.081
2301.380,-108.418
2301.480,-108.131
2301.580,-109.673
2301.680,-106.111
2301.780,-109.629
2301.880,-106.908
2301.980,-109.124
2302.080,-108.865
2302.180,-108.582
2302.280,-110.057
2302.380,-107.668
2302.480,-107.921
2302.580,-107.573
2302.680,-109.419
2302.780,-107.960
2302.880,-107.325
2302.980,-109.561
2303.080,-110.171
2303.180,-106.555
2303.280,-109.431
2303.380,-108.845
2303.480,-109.367
2303.580,-107.173
2303.680,-107.731
2303.780,-107.774
2303.880,-106.728
2303.980,-106.944
2304.080,-109.062
2304.180,-109.076
2304.280,-107.719
2304.380,-109.106
2304.480,-106.569
2304.580,-107.734
2304.680,-107.877
2304.780,-106.747
2304.880,-108.297
2304.980,-108.723
2305.080,-108.962
2305.180,-107.221
2305.280,-106.573
2305.380,-107.758
2305.480,-108.792
2305.580,-108.699
2305.680,-107.115
2305.780,-106.793
2305.880,-108.044
2305.980,-107.001
2306.080,-108.351
2306.180,-108.417
2306.280,-109.005
2306.380,-108.976
2306.480,-108.992
2306.580,-108.231
2306.680,-108.020
2306.780,-107.060
2306.880,-108.758
2306.980,-109.109
2307.080,-107.484
2307.180,-108.315
2307.280,-107.621
2307.380,-108.918
2307.480,-108.946
2307.580,-104.923
2307.680,-107.086
2307.780,-108.678
2307.880,-108.135
2307.980,-106.948
2308.080,-107.142
2308.180,-108.564
2308.280,-107.653
2308.380,-109.231
2308.480,-107.536
2308.580,-108.113
2308.680,-106.098
2308.780,-109.515
2308.880,-108.070
2308.980,-106.837
2309.080,-109.636
2309.180,-108.612
2309.280,-107.926
2309.380,-106.348
2309.480,-107.522
2309.580,-108.600
2309.680,-107.513
2309.780,-101.562
2309.880,-106.471
2309.980,-107.845
2310.080,-106.876
2310.180,-107.831
2310.280,-107.189
2310.380,-108.369
2310.480,-106.412
2310.580,-107.603
2310.680,-109.618
2310.780,-107.698
2310.880,-106.338
2310.980,-107.730
2311.080,-107.677
2311.180,-107.361
2311.280,-108.452
2311.380,-106.356
2311.480,-108.514
2311.580,-108.162
2311.680,-106.426
2311.780,-108.183
2311.880,-108.405
2311.980,-107.044
2312.080,-108.422
2312.180,-107.225
2312.280,-106.518
2312.380,-106.797
2312.480,-108.232
2312.580,-107.660
2312.680,-109.699
2312.780,-108.729
2312.880,-106.369
2312.980,-108.136
2313.080,-109.149
2313.180,-108.775
2313.280,-108.725
2313.380,-107.480
2313.480,-109.279
2313.580,-109.083
2313.680,-109.688
2313.780,-108.512
2313.880,-108.398
2313.980,-107.067
2314.080,-107.895
2314.180,-108.681
2314.280,-108.016
2314.380,-107.834
2314.480,-107.829
2314.580,-107.247
2314.680,-108.768
2314.780,-107.598
2314.880,-107.174
2314.980,-107.853
2315.080,-107.820
2315.180,-106.729
2315.280,-106.760
2315.380,-105.826
2315.480,-108.111
2315.580,-108.663
2315.680,-109.506
2315.780,-108.194
2315.880,-107.569
2315.980,-108.688
2316.080,-107.995
2316.180,-108.674
2316.280,-108.704
2316.380,-108.601
2316.480,-108.774
2316.580,-108.534
2316.680,-106.512
2316.780,-108.469
2316.880,-107.554
2316.980,-106.774
2317.080,-107.361
2317.180,-109.467
2317.280,-108.348
2317.380,-108.155
2317.480,-108.648
2317.580,-108.903
2317.680,-107.689
2317.780,-108.790
2317.880,-109.073
2317.980,-107.124
2318.080,-107.707
2318.180,-108.931
2318.280,-107.695
2318.380,-108.761
2318.480,-107.656
2318.580,-109.067
2318.680,-108.864
2318.780,-107.743
2318.880,-108.930
2318.980,-110.050
2319.080,-106.148
2319.180,-108.862
2319.280,-109.364
2319.380,-108.144
2319.480,-107.263
2319.580,-109.142
2319.680,-107.710
2319.780,-107.547
2319.880,-108.591
2319.980,-109.136
2320.080,-107.405
2320.180,-110.138
2320.280,-108.175
2320.380,-106.572
2320.480,-107.287
2320.580,-106.021
2320.680,-108.210
2320.780,-108.678
2320.880,-106.713
2320.980,-107.880
2321.080,-108.844
2321.180,-108.578
2321.280,-108.114
2321.380,-109.460
2321.480,-106.961
2321.580,-108.347
2321.680,-106.030
2321.780,-108.361
2321.880,-108.361
2321.980,-110.308
2322.080,-108.315
2322.180,-108.328
2322.280,-107.763
2322.380,-108.617
2322.480,-106.308
2322.580,-108.820
2322.680,-107.178
2322.780,-108.732
2322.880,-106.320
2322.980,-105.580
2323.080,-107.758
2323.180,-107.084
2323.280,-107.813
2323.380,-108.123
2323.480,-109.343
2323.580,-106.950
2323.680,-106.087
2323.780,-107.234
2323.880,-110.282
2323.980,-109.849
2324.080,-108.181
2324.180,-106.860
2324.280,-106.312
2324.380,-107.557
2324.480,-107.732
2324.580,-109.823
2324.680,-106.125
2324.780,-109.075
2324.880,-109.413
2324.980,-107.598
2325.080,-108.726
2325.180,-107.059
2325.280,-107.583
2325.380,-108.395
2325.480,-108.248
2325.580,-108.570
2325.680,-107.776
2325.780,-109.598
2325.880,-109.224
2325.980,-105.489
2326.080,-108.419
2326.180,-107.045
2326.280,-108.838
2326.380,-107.804
2326.480,-106.980
2326.580,-105.767
2326.680,-107.608
2326.780,-108.427
2326.880,-108.071
2326.980,-108.705
2327.080,-107.107
2327.180,-108.113
2327.280,-107.571
2327.380,-106.686
2327.480,-107.852
2327.580,-107.993
2327.680,-108.298
2327.780,-110.050
2327.880,-108.934
2327.980,-108.013
2328.080,-107.072
2328.180,-110.396
2328.280,-105.635
2328.380,-107.188
2328.480,-107.896
2328.580,-108.711
2328.680,-107.527
2328.780,-109.514
2328.880,-107.219
2328.980,-108.380
2329.080,-108.898
2329.180,-106.811
2329.280,-108.291
2329.380,-107.780
2329.480,-109.844
2329.580,-109.102
2329.680,-109.586
2329.780,-107.393
2329.880,-106.662
2329.980,-110.276
2330.080,-110.410
2330.180,-106.974
2330.280,-109.861
2330.380,-109.245
2330.480,-107.824
2330.580,-108.629
2330.680,-107.723
2330.780,-106.707
2330.880,-106.542
2330.980,-109.134
2331.080,-108.507
2331.180,-107.012
2331.280,-107.871
2331.380,-104.783
2331.480,-106.248
2331.580,-108.217
2331.680,-108.017
2331.780,-108.122
2331.880,-108.075
2331.980,-107.410
2332.080,-108.122
2332.180,-107.812
2332.280,-109.047
2332.380,-109.415
2332.480,-108.409
2332.580,-108.329
2332.680,-106.771
2332.780,-109.320
2332.880,-107.534
2332.980,-108.564
2333.080,-106.914
2333.180,-107.064
2333.280,-110.354
2333.380,-105.976
2333.480,-107.275
2333.580,-109.201
2333.680,-109.433
2333.780,-108.795
2333.880,-108.037
2333.980,-108.978
2334.080,-106.659
2334.180,-107.616
2334.280,-108.198
2334.380,-107.448
2334.480,-108.030
2334.580,-108.463
2334.680,-105.028
2334.780,-109.682
2334.880,-107.920
2334.980,-105.750
2335.080,-109.575
2335.180,-108.637
2335.280,-108.257
2335.380,-108.197
2335.480,-106.513
2335.580,-107.906
2335.680,-108.071
2335.780,-109.119
2335.880,-108.406
2335.980,-108.236
2336.080,-106.801
2336.180,-108.083
2336.280,-108.109
2336.380,-107.892
2336.480,-109.729
2336.580,-108.146
2336.680,-108.810
2336.780,-106.095
2336.880,-109.795
2336.980,-106.233
2337.080,-106.960
2337.180,-106.688
2337.280,-107.684
2337.380,-106.737
2337.480,-107.904
2337.580,-108.085
2337.680,-106.646
2337.780,-108.242
2337.880,-107.584
2337.980,-108.076
2338.080,-107.651
2338.080,-107.054
2338.180,-107.902
2338.280,-107.554
2338.380,-109.270
2338.480,-107.074
2338.580,-108.239
2338.680,-107.815
2338.780,-109.032
2338.880,-108.712
2338.980,-108.075
2339.080,-109.554
2339.180,-107.293
2339.280,-105.265
2339.380,-105.678
2339.480,-105.054
2339.580,-107.970
2339.680,-107.546
2339.780,-107.701
2339.880,-108.450
2339.980,-109.445
2340.080,-107.644
2340.180,-108.826
2340.280,-106.010
2340.380,-106.990
2340.480,-106.738
2340.580,-107.787
2340.680,-105.786
2340.780,-108.388
2340.880,-107.983
2340.980,-106.843
2341.080,-108.623
2341.180,-108.162
2341.280,-106.770
2341.380,-106.191
2341.480,-106.207
2341.580,-108.736
2341.680,-106.122
2341.780,-105.507
2341.880,-107.751
2341.980,-107.254
2342.080,-107.058
2342.180,-107.765
2342.280,-107.572
2342.380,-108.637
2342.480,-108.493
2342.580,-107.382
2342.680,-107.500
2342.780,-108.647
2342.880,-107.236
2342.980,-108.978
2343.080,-107.623
2343.180,-108.199
2343.280,-105.987
2343.380,-107.359
2343.480,-107.106
2343.580,-108.587
2343.680,-107.747
2343.780,-106.517
2343.880,-107.868
2343.980,-107.876
2344.080,-109.870
2344.180,-108.082
2344.280,-106.820
2344.380,-106.425
2344.480,-106.638
2344.580,-107.333
2344.680,-107.799
2344.780,-106.091
2344.880,-107.110
2344.980,-107.761
2345.080,-107.049
2345.180,-109.129
2345.280,-107.979
2345.380,-107.075
2345.480,-108.426
2345.580,-107.654
2345.680,-105.053
2345.780,-107.357
2345.880,-107.219
2345.980,-107.845
2346.080,-109.458
2346.180,-107.522
2346.280,-108.609
2346.380,-108.995
2346.480,-106.337
2346.580,-108.833
2346.680,-108.670
2346.780,-108.253
2346.880,-108.823
2346.980,-108.162
2347.080,-106.948
2347.180,-106.286
2347.280,-109.231
2347.380,-108.088
2347.480,-108.070
2347.580,-109.453
2347.680,-108.690
2347.780,-107.947
2347.880,-107.697
2347.980,-107.465
2348.080,-106.254
2348.180,-106.371
2348.280,-107.286
2348.380,-106.154
2348.480,-104.994
2348.580,-108.129
2348.680,-108.582
2348.780,-108.058
2348.880,-108.051
2348.980,-109.474
2349.080,-107.604
2349.180,-106.378
2349.280,-106.740
2349.380,-108.595
2349.480,-107.093
2349.580,-108.727
2349.680,-108.338
2349.780,-106.687
2349.880,-108.840
2349.980,-108.330
2350.080,-108.655
2350.180,-106.155
2350.280,-107.151
2350.380,-106.639
2350.480,-107.825
2350.580,-108.661
2350.680,-107.282
2350.780,-106.236
2350.880,-107.059
2350.980,-107.918
2351.080,-107.468
2351.180,-108.474
2351.280,-107.878
2351.380,-107.713
2351.480,-106.440
2351.580,-107.525
2351.680,-108.185
2351.780,-106.029
2351.880,-107.975
2351.980,-107.265
2352.080,-108.363
2352.180,-105.660
2352.280,-107.218
2352.380,-108.751
2352.480,-107.517
2352.580,-107.286
2352.680,-106.182
2352.780,-108.261
2352.880,-106.976
2352.980,-108.135
2353.080,-108.206
2353.180,-108.349
2353.280,-107.641
2353.380,-107.147
2353.480,-107.019
2353.580,-108.791
2353.680,-107.615
2353.780,-107.890
2353.880,-107.639
2353.980,-105.900
2354.080,-109.366
2354.180,-106.869
2354.280,-108.945
2354.380,-107.751
2354.480,-107.594
2354.580,-105.872
2354.680,-105.606
2354.780,-107.646
2354.880,-108.967
2354.980,-108.083
2355.080,-104.949
2355.180,-109.767
2355.280,-107.793
2355.380,-108.150
2355.480,-107.597
2355.580,-109.041
2355.680,-108.823
2355.780,-107.966
2355.880,-106.933
2355.980,-106.857
2356.080,-109.324
2356.180,-107.072
2356.280,-106.898
2356.380,-109.660
2356.480,-107.039
2356.580,-108.183
2356.680,-106.737
2356.780,-107.500
2356.880,-107.162
2356.980,-107.961
2357.080,-106.084
2357.180,-106.752
2357.280,-107.042
2357.380,-107.657
2357.480,-108.262
2357.580,-106.322
2357.680,-107.678
2357.780,-107.406
2357.880,-108.574
2357.980,-106.356
2358.080,-108.216
2358.180,-109.820
2358.280,-106.029
2358.380,-106.245
2358.480,-108.179
2358.580,-108.117
2358.680,-105.791
2358.780,-109.509
2358.880,-106.737
2358.980,-105.688
2359.080,-108.083
2359.180,-108.596
2359.280,-108.305
2359.380,-107.894
2359.480,-107.344
2359.580,-105.946
2359.680,-107.662
2359.780,-107.314
2359.880,-109.695
2359.980,-106.843
2360.080,-108.564
2360.180,-107.654
2360.280,-108.794
2360.380,-107.315
2360.480,-107.283
2360.580,-106.601
2360.680,-107.751
2360.780,-109.245
2360.880,-108.660
2360.980,-107.921
2361.080,-107.661
2361.180,-108.280
2361.280,-107.648
2361.380,-107.807
2361.480,-107.435
2361.580,-106.987
2361.680,-107.163
2361.780,-108.905
2361.880,-107.255
2361.980,-106.720
2362.080,-108.184
2362.180,-108.132
2362.280,-109.086
2362.380,-110.178
2362.480,-108.139
2362.580,-109.611
2362.680,-107.290
2362.780,-109.603
2362.880,-106.094
2362.980,-109.545
2363.080,-107.260
2363.180,-107.858
2363.280,-108.999
2363.380,-107.784
2363.480,-107.723
2363.580,-106.167
2363.680,-107.713
2363.780,-107.552
2363.880,-107.652
2363.980,-105.928
2364.080,-107.060
2364.180,-106.612
2364.280,-108.889
2364.380,-109.093
2364.480,-108.657
2364.580,-108.642
2364.680,-107.707
2364.780,-108.184
2364.880,-105.981
2364.980,-107.660
2365.080,-108.202
2365.180,-106.936
2365.280,-108.795
2365.380,-106.189
2365.480,-108.706
2365.580,-107.595
2365.680,-107.534
2365.780,-107.564
2365.880,-106.248
2365.980,-106.239
2366.080,-106.132
2366.180,-107.624
2366.280,-106.986
2366.380,-107.521
2366.480,-107.072
2366.580,-107.469
2366.680,-107.242
2366.780,-109.143
2366.880,-108.932
2366.980,-106.432
2367.080,-107.875
2367.180,-105.857
2367.280,-106.570
2367.380,-107.029
2367.480,-108.811
2367.580,-108.345
2367.680,-109.658
2367.780,-107.780
2367.880,-106.081
2367.980,-107.270
2368.080,-108.103
2368.180,-106.871
2368.280,-107.604
2368.380,-107.234
2368.480,-105.008
2368.580,-106.736
2368.680,-106.344
2368.780,-109.622
2368.880,-106.856
2368.980,-109.965
2369.080,-109.239
2369.180,-106.094
2369.280,-105.991
2369.380,-105.607
2369.480,-106.173
2369.580,-109.320
2369.680,-108.340
2369.780,-106.646
2369.880,-106.184
2369.980,-108.949
2370.080,-107.484
2370.180,-108.151
2370.280,-108.501
2370.380,-107.264
2370.480,-107.242
2370.580,-107.674
2370.680,-107.606
2370.780,-106.643
2370.880,-107.907
2370.980,-107.256
2371.080,-108.054
2371.180,-106.186
2371.280,-106.407
2371.380,-108.224
2371.480,-107.267
2371.580,-107.006
2371.680,-105.368
2371.780,-107.174
2371.880,-106.916
2371.980,-107.784
2372.080,-105.448
2372.180,-107.619
2372.280,-107.746
2372.380,-106.127
2372.480,-107.350
2372.580,-107.943
2372.680,-110.229
2372.780,-108.253
2372.880,-105.999
2372.980,-107.381
2373.080,-108.104
2373.180,-107.899
2373.280,-107.670
2373.380,-107.871
2373.480,-108.635
2373.580,-108.055
2373.680,-107.885
2373.780,-107.938
2373.880,-107.863
2373.980,-105.467
2374.080,-107.755
2374.180,-107.176
2374.280,-107.877
2374.380,-108.828
2374.480,-108.837
2374.580,-108.019
2374.680,-106.301
2374.780,-106.356
2374.880,-108.086
2374.980,-106.632
2375.080,-107.277
2375.180,-106.124
2375.280,-109.429
2375.380,-106.199
2375.480,-107.119
2375.580,-108.815
2375.680,-109.143
2375.780,-108.046
2375.880,-106.154
2375.980,-106.294
2376.080,-108.469
2376.180,-108.444
2376.280,-106.266
2376.380,-106.493
2376.480,-107.077
2376.580,-106.584
2376.680,-107.112
2376.780,-106.295
2376.880,-104.708
2376.980,-107.546
2377.080,-107.868
2377.180,-107.568
2377.280,-107.788
2377.380,-108.118
2377.480,-106.342
2377.580,-108.328
2377.680,-105.119
2377.780,-107.333
2377.880,-107.447
2377.980,-106.536
2378.080,-107.438
2378.180,-107.501
2378.280,-107.830
2378.380,-108.191
2378.480,-107.591
2378.580,-108.363
2378.680,-106.972
2378.780,-108.448
2378.880,-108.249
2378.980,-106.951
2379.080,-106.996
2379.180,-106.991
2379.280,-107.630
2379.380,-108.003
2379.480,-107.652
2379.580,-107.851
2379.680,-108.632
2379.780,-106.864
2379.880,-106.807
2379.980,-107.122
2380.080,-107.855
2380.180,-107.805
2380.280,-108.121
2380.380,-108.168
2380.480,-108.028
2380.580,-107.975
2380.680,-106.092
2380.780,-107.712
2380.880,-107.024
2380.980,-105.769
2381.080,-107.443
2381.180,-107.546
2381.280,-106.283
2381.380,-108.157
2381.480,-106.798
2381.580,-108.292
2381.680,-108.916
2381.780,-108.725
2381.880,-107.955
2381.980,-108.827
2382.080,-105.731
2382.180,-107.850
2382.280,-106.456
2382.380,-108.746
2382.480,-107.713
2382.580,-105.212
2382.680,-108.887
2382.780,-108.022
2382.880,-106.416
2382.980,-105.676
2383.080,-108.059
2383.180,-106.952
2383.280,-106.931
2383.380,-108.175
2383.480,-106.088
2383.580,-106.984
2383.680,-107.993
2383.780,-107.062
2383.880,-108.562
2383.980,-106.609
2384.080,-108.750
2384.080,-108.910
2384.180,-107.686
2384.280,-108.094
2384.380,-106.831
2384.480,-107.740
2384.580,-106.291
2384.680,-108.916
2384.780,-108.159
2384.880,-106.144
2384.980,-106.645
2385.080,-108.813
2385.180,-108.517
2385.280,-109.526
2385.380,-107.575
2385.480,-109.059
2385.580,-107.258
2385.680,-107.490
2385.780,-107.992
2385.880,-107.257
2385.980,-107.546
2386.080,-108.170
2386.180,-108.850
2386.280,-107.025
2386.380,-108.474
2386.480,-107.413
2386.580,-106.374
2386.680,-106.946
2386.780,-106.924
2386.880,-108.265
2386.980,-109.656
2387.080,-109.340
2387.180,-107.992
2387.280,-106.874
2387.380,-106.164
2387.480,-108.641
2387.580,-106.679
2387.680,-106.874
2387.780,-105.250
2387.880,-106.845
2387.980,-107.429
2388.080,-107.148
2388.180,-107.202
2388.280,-108.049
2388.380,-108.411
2388.480,-107.602
2388.580,-108.440
2388.680,-105.384
2388.780,-108.636
2388.880,-107.484
2388.980,-108.948
2389.080,-105.060
2389.180,-105.197
2389.280,-107.705
2389.380,-106.241
2389.480,-107.842
2389.580,-107.251
2389.680,-105.128
2389.780,-106.954
2389.880,-108.051
2389.980,-106.767
2390.080,-108.255
2390.180,-106.908
2390.280,-107.151
2390.380,-107.153
2390.480,-106.026
2390.580,-108.470
2390.680,-107.099
2390.780,-104.026
2390.880,-107.669
2390.980,-106.060
2391.080,-107.541
2391.180,-107.625
2391.280,-107.529
2391.380,-107.157
2391.480,-107.150
2391.580,-106.160
2391.680,-106.268
2391.780,-107.718
2391.880,-106.376
2391.980,-105.711
2392.080,-107.601
2392.180,-107.738
2392.280,-105.576
2392.380,-106.037
2392.480,-107.003
2392.580,-108.214
2392.680,-105.402
2392.780,-109.058
2392.880,-106.378
2392.980,-107.120
2393.080,-106.988
2393.180,-108.186
2393.280,-105.637
2393.380,-107.150
2393.480,-108.317
2393.580,-104.360
2393.680,-104.999
2393.780,-107.364
2393.880,-105.916
2393.980,-108.880
2394.080,-107.461
2394.180,-107.249
2394.280,-109.437
2394.380,-105.431
2394.480,-106.158
2394.580,-108.536
2394.680,-106.957
2394.780,-108.501
2394.880,-106.515
2394.980,-107.244
2395.080,-107.276
2395.180,-108.552
2395.280,-106.506
2395.380,-109.781
2395.480,-104.569
2395.580,-107.466
2395.680,-107.827
2395.780,-105.988
2395.880,-107.395
2395.980,-107.940
2396.080,-108.216
2396.180,-107.619
2396.280,-106.347
2396.380,-107.002
2396.480,-107.601
2396.580,-109.462
2396.680,-106.974
2396.780,-107.255
2396.880,-106.742
2396.980,-106.091
2397.080,-105.784
2397.180,-109.712
2397.280,-106.501
2397.380,-107.046
2397.480,-107.869
2397.580,-107.393
2397.680,-107.995
2397.780,-107.914
2397.880,-106.720
2397.980,-105.955
2398.080,-106.462
2398.180,-105.825
2398.280,-109.596
2398.380,-108.660
2398.480,-107.279
2398.580,-107.199
2398.680,-107.685
2398.780,-105.949
2398.880,-107.146
2398.980,-107.630
2399.080,-107.894
2399.180,-106.501
2399.280,-106.943
2399.380,-106.860
2399.480,-107.046
2399.580,-107.311
2399.680,-109.014
2399.780,-108.034
2399.880,-106.162
2399.980,-106.959
2400.080,-106.661
