50.090,-100.766
50.190,-98.496
50.290,-99.802
50.390,-98.549
50.490,-100.214
50.590,-95.448
50.690,-94.250
50.790,-100.895
50.890,-100.434
50.990,-99.414
51.090,-100.338
51.190,-97.849
51.290,-94.882
51.390,-97.125
51.490,-99.607
51.590,-97.254
51.690,-97.307
51.790,-98.381
51.890,-96.796
51.990,-98.020
52.090,-97.566
52.190,-96.438
52.290,-97.698
52.390,-97.425
52.490,-97.732
52.590,-95.828
52.690,-94.833
52.790,-93.143
52.890,-95.281
52.990,-95.646
53.090,-93.102
53.190,-95.314
53.290,-96.870
53.390,-96.139
53.490,-97.982
53.590,-96.656
53.690,-91.544
53.790,-90.939
53.890,-94.487
53.990,-92.826
54.090,-94.704
54.190,-92.694
54.290,-92.044
54.390,-94.007
54.490,-97.482
54.590,-95.549
54.690,-94.482
54.790,-95.984
54.890,-97.163
54.990,-95.453
55.090,-88.402
55.190,-93.041
55.290,-96.465
55.390,-94.242
55.490,-94.508
55.590,-94.789
55.690,-96.740
55.790,-96.526
55.890,-93.833
55.990,-94.494
56.090,-96.716
56.190,-96.801
56.290,-94.971
56.390,-97.406
56.490,-95.451
56.590,-96.064
56.690,-94.674
56.790,-85.225
56.890,-86.195
56.990,-91.466
57.090,-94.820
57.190,-94.987
57.290,-96.871
57.390,-95.623
57.490,-93.978
57.590,-96.245
57.690,-99.188
57.790,-99.008
57.890,-96.236
57.990,-99.111
58.090,-97.738
58.190,-97.321
58.290,-97.086
58.390,-95.622
58.490,-97.499
58.590,-97.425
58.690,-95.529
58.790,-96.941
58.890,-99.227
58.990,-100.395
59.090,-98.975
59.190,-93.491
59.290,-98.907
59.390,-99.650
59.490,-98.138
59.590,-98.338
59.690,-97.191
59.790,-97.240
59.890,-91.728
59.990,-93.948
60.090,-95.467
60.190,-96.243
60.290,-95.074
60.390,-94.613
60.490,-96.721
60.590,-94.417
60.690,-94.847
60.790,-95.681
60.890,-97.365
60.990,-96.383
61.090,-94.680
61.190,-92.789
61.290,-94.568
61.390,-91.583
61.490,-93.740
61.590,-94.013
61.690,-93.011
61.790,-91.045
61.890,-94.142
61.990,-93.487
62.090,-93.150
62.190,-94.242
62.290,-94.487
62.390,-94.408
62.490,-94.495
62.590,-92.296
62.690,-91.078
62.790,-93.675
62.890,-94.007
62.990,-90.756
63.090,-90.233
63.190,-91.739
63.290,-89.371
63.390,-90.863
63.490,-90.075
63.590,-91.113
63.690,-95.758
63.790,-93.934
63.890,-94.896
63.990,-93.692
64.090,-92.476
64.190,-90.902
64.290,-93.847
64.390,-92.853
64.490,-92.279
64.590,-93.937
64.690,-95.854
64.790,-96.636
64.890,-96.976
64.990,-97.335
65.090,-97.784
65.190,-97.968
65.290,-97.331
65.390,-96.922
65.490,-97.649
65.590,-96.909
65.690,-93.992
65.790,-98.280
65.890,-95.916
65.990,-91.665
66.090,-94.727
66.190,-97.476
66.290,-101.394
66.390,-97.644
66.490,-100.570
66.590,-98.846
66.690,-101.436
66.790,-99.411
66.890,-102.638
66.990,-102.100
67.090,-101.051
67.190,-102.198
67.290,-100.072
67.390,-102.221
67.490,-101.857
67.590,-99.585
67.690,-103.311
67.790,-104.383
67.890,-101.955
67.990,-101.277
68.090,-102.950
68.190,-105.102
68.290,-99.449
68.390,-96.389
68.490,-104.697
68.590,-103.230
68.690,-101.794
68.790,-105.414
68.890,-104.028
68.990,-104.558
69.090,-96.197
69.190,-100.472
69.290,-104.351
69.390,-105.575
69.490,-104.415
69.590,-104.135
69.690,-106.149
69.790,-106.556
69.890,-104.865
69.990,-102.871
70.090,-102.734
70.190,-100.280
70.290,-101.982
70.390,-100.011
70.490,-100.316
70.590,-102.286
70.690,-101.603
70.790,-102.695
70.890,-101.276
70.990,-103.259
71.090,-100.992
71.190,-100.651
71.290,-98.700
71.390,-100.230
71.490,-100.920
71.590,-98.230
71.690,-98.413
71.790,-97.713
71.890,-96.437
71.990,-96.401
72.090,-93.793
72.190,-91.088
72.290,-95.890
72.390,-97.340
72.490,-98.884
72.590,-97.766
72.690,-96.429
72.790,-94.305
72.890,-93.329
72.990,-93.808
73.090,-97.449
73.190,-97.681
73.290,-99.084
73.390,-98.897
73.490,-100.057
73.590,-102.049
73.690,-98.773
73.790,-100.638
73.890,-101.076
73.990,-100.415
74.090,-92.793
74.190,-78.593
74.290,-79.593
74.390,-93.306
74.490,-100.805
74.590,-101.443
74.690,-100.815
74.790,-100.235
74.890,-101.804
74.990,-100.430
75.090,-97.205
75.190,-90.594
75.290,-90.008
75.390,-96.493
75.490,-97.748
75.590,-95.791
75.690,-90.860
75.790,-89.157
75.890,-89.602
75.990,-92.216
76.090,-93.554
76.190,-94.505
76.290,-94.904
76.390,-94.766
76.490,-93.562
76.590,-93.669
76.690,-94.687
76.790,-93.357
76.890,-93.460
76.990,-92.409
77.090,-95.061
77.190,-91.603
77.290,-94.725
77.390,-93.589
77.490,-92.999
77.590,-92.525
77.690,-92.187
77.790,-97.473
77.890,-95.691
77.990,-96.205
78.090,-96.363
78.190,-97.106
78.290,-92.987
78.390,-92.460
78.490,-91.717
78.590,-91.679
78.690,-94.538
78.790,-95.057
78.890,-99.606
78.990,-101.348
79.090,-98.353
79.190,-101.143
79.290,-100.929
79.390,-102.056
79.490,-104.787
79.590,-100.977
79.690,-103.693
79.790,-94.098
79.890,-95.569
79.990,-90.077
80.090,-92.993
80.190,-102.035
80.290,-100.302
80.390,-98.524
80.490,-99.735
80.590,-99.304
80.690,-100.225
80.790,-99.867
80.890,-99.082
80.990,-97.448
81.090,-98.484
81.190,-95.231
81.290,-94.774
81.390,-88.706
81.490,-89.341
81.590,-93.479
81.690,-94.814
81.790,-94.863
81.890,-97.689
81.990,-94.470
82.090,-94.521
82.190,-95.584
82.290,-96.339
82.390,-95.271
82.490,-94.624
82.590,-96.555
82.690,-94.395
82.790,-89.560
82.890,-91.641
82.990,-90.647
83.090,-95.882
83.190,-95.301
83.290,-96.170
83.390,-93.490
83.490,-95.621
83.590,-96.997
83.690,-94.599
83.790,-98.155
83.890,-96.760
83.990,-95.968
84.090,-98.997
84.190,-93.857
84.290,-95.508
84.390,-93.037
84.490,-90.437
84.590,-94.285
84.690,-98.231
84.790,-97.998
84.890,-99.090
84.990,-99.081
85.090,-97.707
85.190,-98.238
85.290,-99.885
85.390,-99.207
85.490,-97.999
85.590,-87.490
85.690,-88.317
85.790,-96.233
85.890,-98.632
85.990,-98.116
86.090,-98.088
86.190,-96.813
86.290,-100.582
86.390,-100.642
86.490,-101.634
86.590,-100.567
86.690,-101.590
86.790,-103.040
86.890,-102.107
86.990,-97.289
87.090,-99.606
87.190,-99.930
87.290,-100.168
87.390,-102.661
87.490,-96.112
87.590,-96.358
87.690,-98.696
87.790,-101.190
87.890,-100.767
87.990,-96.364
88.090,-98.137
88.190,-98.337
88.290,-98.453
88.390,-96.012
88.490,-97.034
88.590,-101.144
88.690,-101.513
88.790,-99.973
88.890,-100.796
88.990,-99.880
89.090,-96.940
89.190,-101.436
89.290,-99.215
89.390,-100.624
89.490,-99.015
89.590,-98.388
89.690,-101.381
89.790,-96.184
89.890,-99.804
89.990,-102.833
90.090,-105.071
90.190,-102.673
90.290,-100.846
90.390,-101.764
90.490,-104.212
90.590,-100.266
90.690,-103.932
90.790,-102.853
90.890,-104.492
90.990,-102.474
91.090,-102.647
91.190,-97.968
91.290,-94.018
91.390,-98.556
91.490,-103.592
91.590,-105.761
91.690,-103.989
91.790,-99.413
91.890,-102.515
91.990,-103.036
92.090,-100.126
92.190,-99.059
92.290,-103.850
92.390,-103.017
92.490,-103.602
92.590,-103.274
92.690,-100.978
92.790,-100.240
92.890,-101.802
92.990,-105.160
93.090,-106.745
93.190,-103.352
93.290,-104.840
93.390,-103.702
93.490,-104.843
93.590,-103.667
93.690,-100.633
93.790,-103.719
93.890,-103.189
93.990,-101.617
94.090,-95.196
94.190,-100.914
94.290,-106.080
94.390,-104.403
94.490,-102.480
94.590,-101.311
94.690,-104.008
94.790,-99.559
94.890,-90.057
94.990,-91.077
95.090,-102.402
95.190,-103.367
95.290,-104.749
95.390,-106.078
95.490,-104.892
95.590,-105.841
95.690,-100.703
95.790,-90.553
95.890,-89.012
95.990,-90.794
96.090,-100.759
96.090,-98.788
96.190,-105.952
96.290,-100.660
96.390,-103.182
96.490,-106.169
96.590,-106.548
96.690,-106.137
96.790,-104.706
96.890,-99.401
96.990,-101.246
97.090,-105.910
97.190,-103.450
97.290,-100.425
97.390,-102.668
97.490,-105.040
97.590,-108.447
97.690,-107.945
97.790,-106.654
97.890,-107.806
97.990,-103.424
98.090,-100.371
98.190,-103.769
98.290,-102.230
98.390,-107.090
98.490,-106.209
98.590,-109.672
98.690,-108.477
98.790,-108.520
98.890,-107.892
98.990,-103.528
99.090,-101.278
99.190,-105.520
99.290,-107.998
99.390,-107.681
99.490,-106.648
99.590,-107.410
99.690,-106.001
99.790,-102.161
99.890,-102.255
99.990,-101.860
100.090,-106.685
100.190,-106.038
100.290,-108.024
100.390,-110.004
100.490,-107.394
100.590,-106.219
100.690,-107.817
100.790,-108.730
100.890,-108.319
100.990,-108.198
101.090,-107.196
101.190,-106.041
101.290,-105.839
101.390,-104.409
101.490,-104.227
101.590,-107.317
101.690,-109.139
101.790,-107.378
101.890,-107.583
101.990,-105.502
102.090,-107.243
102.190,-109.437
102.290,-110.149
102.390,-111.769
102.490,-106.528
102.590,-105.824
102.690,-109.041
102.790,-109.140
102.890,-105.897
102.990,-103.527
103.090,-102.901
103.190,-108.878
103.290,-107.815
103.390,-109.930
103.490,-107.452
103.590,-108.784
103.690,-109.875
103.790,-105.829
103.890,-107.444
103.990,-104.115
104.090,-105.369
104.190,-106.225
104.290,-104.769
104.390,-100.039
104.490,-99.879
104.590,-102.765
104.690,-103.712
104.790,-104.773
104.890,-104.128
104.990,-104.828
105.090,-104.627
105.190,-105.693
105.290,-101.111
105.390,-105.364
105.490,-102.317
105.590,-101.340
105.690,-101.313
105.790,-102.166
105.890,-101.538
105.990,-101.395
106.090,-101.203
106.190,-100.906
106.290,-102.301
106.390,-104.187
106.490,-103.391
106.590,-104.627
106.690,-103.528
106.790,-101.569
106.890,-105.106
106.990,-102.253
107.090,-99.580
107.190,-100.118
107.290,-99.094
107.390,-103.637
107.490,-100.439
107.590,-102.026
107.690,-103.243
107.790,-105.351
107.890,-107.004
107.990,-108.025
108.090,-108.623
108.190,-106.852
108.290,-106.406
108.390,-107.597
108.490,-106.235
108.590,-102.654
108.690,-98.538
108.790,-103.394
108.890,-108.831
108.990,-106.437
109.090,-105.686
109.190,-105.277
109.290,-108.117
109.390,-108.427
109.490,-106.258
109.590,-104.240
109.690,-104.605
109.790,-104.219
109.890,-103.366
109.990,-101.753
110.090,-99.457
170.090,-93.906
170.190,-100.364
170.290,-101.358
170.390,-107.630
170.490,-107.801
170.590,-108.184
170.690,-108.479
170.790,-108.274
170.890,-107.883
170.990,-108.727
171.090,-108.350
171.190,-109.532
171.290,-109.418
171.390,-109.699
171.490,-100.696
171.590,-105.534
171.690,-109.222
171.790,-109.264
171.890,-108.393
171.990,-109.507
172.090,-109.150
172.190,-109.505
172.290,-108.239
172.390,-106.352
172.490,-105.598
172.590,-108.590
172.690,-109.418
172.790,-108.721
172.890,-107.405
172.990,-108.600
173.090,-107.400
173.190,-106.460
173.290,-106.720
173.390,-96.867
173.490,-98.831
173.590,-106.469
173.690,-105.843
173.790,-109.035
173.890,-105.898
173.990,-98.784
174.090,-97.625
174.190,-105.629
174.290,-105.634
174.390,-101.695
174.490,-105.288
174.590,-104.140
174.690,-105.388
174.790,-104.840
174.890,-104.972
174.990,-105.419
175.090,-104.455
175.190,-104.616
175.290,-97.703
175.390,-99.457
175.490,-103.966
175.590,-105.046
175.690,-104.228
175.790,-105.355
175.890,-104.543
175.990,-103.654
176.090,-103.467
176.190,-104.378
176.290,-100.827
176.390,-105.013
176.490,-106.303
176.590,-102.597
176.690,-102.463
176.790,-105.283
176.890,-106.027
176.990,-103.516
177.090,-103.051
177.190,-100.116
177.290,-103.174
177.390,-102.750
177.490,-99.155
177.590,-103.001
177.690,-103.451
177.790,-104.171
177.890,-104.103
177.990,-103.319
178.090,-106.207
178.190,-100.439
178.290,-104.876
178.390,-104.936
178.490,-105.289
178.590,-105.689
178.690,-102.887
178.790,-103.506
178.890,-103.350
178.990,-103.859
179.090,-100.935
179.190,-101.964
179.290,-101.401
179.390,-102.095
179.490,-103.326
179.590,-103.274
179.690,-100.770
179.790,-103.343
179.890,-104.346
179.990,-100.702
180.090,-100.483
180.190,-103.800
180.290,-101.841
180.390,-102.887
180.490,-104.952
180.590,-103.954
180.690,-106.571
180.790,-106.241
180.890,-106.184
180.990,-103.683
181.090,-101.487
181.190,-107.391
181.290,-108.162
181.390,-107.457
181.490,-103.785
181.590,-105.582
181.690,-105.949
181.790,-105.676
181.890,-102.878
181.990,-99.940
182.090,-101.132
182.190,-103.335
182.290,-102.792
182.390,-104.385
182.490,-104.839
182.590,-104.581
182.690,-103.649
182.790,-101.849
182.890,-101.190
182.990,-103.538
183.090,-101.287
183.190,-102.363
183.290,-103.927
183.390,-103.596
183.490,-104.108
183.590,-106.075
183.690,-103.203
183.790,-97.923
183.890,-98.389
183.990,-101.930
184.090,-106.381
184.190,-103.675
184.290,-107.721
184.390,-107.931
184.490,-108.460
184.590,-107.917
184.690,-104.964
184.790,-106.637
184.890,-102.358
184.990,-102.889
185.090,-107.395
185.190,-107.847
185.290,-105.359
185.390,-103.022
185.490,-99.070
185.590,-96.355
185.690,-96.112
185.790,-94.870
185.890,-95.442
185.990,-100.158
186.090,-98.829
186.190,-96.552
186.290,-98.436
186.390,-95.749
186.490,-98.835
186.590,-96.138
186.690,-98.148
186.790,-97.382
186.890,-99.164
186.990,-99.732
187.090,-98.181
187.190,-100.803
187.290,-98.334
187.390,-95.483
187.490,-102.096
187.590,-103.571
187.690,-99.146
187.790,-96.747
187.890,-105.222
187.990,-104.444
188.090,-105.923
188.190,-101.930
188.290,-105.129
188.390,-107.607
188.490,-107.183
188.590,-107.244
188.690,-105.319
188.790,-106.293
188.890,-105.546
188.990,-105.921
189.090,-102.872
189.190,-102.455
189.290,-105.255
189.390,-100.584
189.490,-103.314
189.590,-103.979
189.690,-101.825
189.790,-101.576
189.890,-103.902
189.990,-102.293
190.090,-101.386
190.190,-101.636
190.290,-100.668
190.390,-104.476
190.490,-102.653
190.590,-102.485
190.690,-102.365
190.790,-103.167
190.890,-102.202
190.990,-101.381
191.090,-104.710
191.190,-103.238
191.290,-107.302
191.390,-101.665
191.490,-105.409
191.590,-105.016
191.690,-107.064
191.790,-106.793
191.890,-107.742
191.990,-106.743
192.090,-106.415
192.190,-106.287
192.290,-107.395
192.390,-108.198
192.490,-105.500
192.590,-102.505
192.690,-104.169
192.790,-104.979
192.890,-103.960
192.990,-104.335
193.090,-104.348
193.190,-103.986
193.290,-103.564
193.390,-103.665
193.490,-102.217
193.590,-103.318
193.690,-102.508
193.790,-104.869
193.890,-104.360
193.990,-104.967
194.090,-102.580
194.190,-104.448
194.290,-104.829
194.390,-102.972
194.490,-103.969
194.590,-104.463
194.690,-106.180
194.790,-106.467
194.890,-108.705
194.990,-108.122
195.090,-108.925
195.190,-107.468
195.290,-106.587
195.390,-101.689
195.490,-109.067
195.590,-104.893
195.690,-109.933
195.790,-108.165
195.890,-107.691
195.990,-109.211
196.090,-104.826
196.190,-105.010
196.290,-100.927
196.390,-101.877
196.490,-104.298
196.590,-105.905
196.690,-105.853
196.790,-105.978
196.890,-105.102
196.990,-104.315
197.090,-105.049
197.190,-104.962
197.290,-97.093
197.390,-104.395
197.490,-105.518
197.590,-106.758
197.690,-104.423
197.790,-105.536
197.890,-105.193
197.990,-106.104
198.090,-103.370
198.190,-102.257
198.290,-100.101
198.390,-107.065
198.490,-107.749
198.590,-106.740
198.690,-105.192
198.790,-106.860
198.890,-106.023
198.990,-104.787
199.090,-105.630
199.190,-96.014
199.290,-105.486
199.390,-106.095
199.490,-107.936
199.590,-106.469
199.690,-110.135
199.790,-103.993
199.890,-109.401
199.990,-108.306
200.090,-105.968
200.190,-104.870
200.290,-109.432
200.390,-106.913
200.490,-108.313
200.590,-106.279
200.690,-108.880
200.790,-108.361
200.890,-109.589
200.990,-105.059
201.090,-95.847
201.190,-100.635
201.290,-104.255
201.390,-106.429
201.490,-107.210
201.590,-106.078
201.690,-103.688
201.790,-107.882
201.890,-102.753
201.990,-107.049
202.090,-104.249
202.190,-107.234
202.290,-109.145
202.390,-110.044
202.490,-107.786
202.590,-107.325
202.690,-107.487
202.790,-107.181
202.890,-106.880
202.990,-99.440
203.090,-100.682
203.190,-108.577
203.290,-108.374
203.390,-105.246
203.490,-104.747
203.590,-106.895
203.690,-107.917
203.790,-104.922
203.890,-105.512
203.990,-105.392
204.090,-105.675
204.190,-101.662
204.290,-101.097
204.390,-107.956
204.490,-106.923
204.590,-107.660
204.690,-106.346
204.790,-108.298
204.890,-103.465
204.990,-105.779
205.090,-105.740
205.190,-105.748
205.290,-110.000
205.390,-107.552
205.490,-111.088
205.590,-106.837
205.690,-106.284
205.790,-104.290
205.890,-107.473
205.990,-109.166
206.090,-105.773
206.190,-109.569
206.290,-109.360
206.390,-109.032
206.490,-109.411
206.590,-110.433
206.690,-110.346
206.790,-106.558
206.890,-107.961
206.990,-109.404
207.090,-105.751
207.190,-105.919
207.290,-105.351
207.390,-111.100
207.490,-109.805
207.590,-109.573
207.690,-106.289
207.790,-108.636
207.890,-97.005
207.990,-95.092
208.090,-94.424
208.190,-101.033
208.290,-109.147
208.390,-109.202
208.490,-109.780
208.590,-109.888
208.690,-104.283
208.790,-104.991
208.890,-111.209
208.990,-109.408
209.090,-110.267
209.190,-109.553
209.290,-111.500
209.390,-111.135
209.490,-110.714
209.590,-110.112
209.690,-110.558
209.790,-111.729
209.890,-111.905
209.990,-112.455
210.090,-110.277
210.190,-111.986
210.290,-112.781
210.390,-111.503
210.490,-110.952
210.590,-105.772
210.690,-107.304
210.790,-112.527
210.890,-111.088
210.990,-110.443
211.090,-108.888
211.190,-109.866
211.290,-111.619
211.390,-111.260
211.490,-110.336
211.590,-108.301
211.690,-107.276
211.790,-110.772
211.890,-110.177
211.990,-110.219
212.090,-110.260
212.190,-108.574
212.290,-105.851
212.390,-110.689
212.490,-109.169
212.590,-111.028
212.690,-114.064
212.790,-111.821
212.890,-113.693
212.990,-110.195
213.090,-110.071
213.190,-112.680
213.290,-112.423
213.390,-111.382
213.490,-111.207
213.590,-111.328
213.690,-111.569
213.790,-110.879
213.890,-112.347
213.990,-109.914
214.090,-111.430
214.190,-112.362
214.290,-112.320
214.390,-111.175
214.490,-110.665
214.590,-109.152
214.690,-111.346
214.790,-110.288
214.890,-110.556
214.990,-110.108
215.090,-112.839
215.190,-111.550
215.290,-109.882
215.390,-111.549
215.490,-112.603
215.590,-112.405
215.690,-111.439
215.790,-112.336
215.890,-112.011
215.990,-111.508
216.090,-112.878
216.090,-111.625
216.190,-112.164
216.290,-110.652
216.390,-112.608
216.490,-111.340
216.590,-113.062
216.690,-112.459
216.790,-113.643
216.890,-113.202
216.990,-112.710
217.090,-114.321
217.190,-114.731
217.290,-115.419
217.390,-114.903
217.490,-114.728
217.590,-111.952
217.690,-113.629
217.790,-113.925
217.890,-112.656
217.990,-114.183
218.090,-114.183
218.190,-115.168
218.290,-115.577
218.390,-113.682
218.490,-113.960
218.590,-114.165
218.690,-112.576
218.790,-112.005
218.890,-110.777
218.990,-113.411
219.090,-112.149
219.190,-112.635
219.290,-113.517
219.390,-114.307
219.490,-109.746
219.590,-115.067
219.690,-112.082
219.790,-111.394
219.890,-110.103
219.990,-110.146
220.090,-113.787
400.090,-109.273
400.190,-109.601
400.290,-102.467
400.390,-105.277
400.490,-108.249
400.590,-103.954
400.690,-100.916
400.790,-102.319
400.890,-100.101
400.990,-97.791
401.090,-99.885
401.190,-102.664
401.290,-102.133
401.390,-98.936
401.490,-106.348
401.590,-102.897
401.690,-100.061
401.790,-99.148
401.890,-106.450
401.990,-104.522
402.090,-99.526
402.190,-102.749
402.290,-103.309
402.390,-102.847
402.490,-104.155
402.590,-107.851
402.690,-107.215
402.790,-103.829
402.890,-106.922
402.990,-109.970
403.090,-102.375
403.190,-98.669
403.290,-110.087
403.390,-109.873
403.490,-100.906
403.590,-104.574
403.690,-107.769
403.790,-103.151
403.890,-101.649
403.990,-103.936
404.090,-107.968
404.190,-104.595
404.290,-108.023
404.390,-111.689
404.490,-111.544
404.590,-101.264
404.690,-112.572
404.790,-110.903
404.890,-106.540
404.990,-106.426
405.090,-109.036
405.190,-107.464
405.290,-107.333
405.390,-108.750
405.490,-109.194
405.590,-106.425
405.690,-108.909
405.790,-111.007
405.890,-112.659
405.990,-103.500
406.090,-112.130
406.190,-113.267
406.290,-108.415
406.390,-108.073
406.490,-110.509
406.590,-110.367
406.690,-107.643
406.790,-107.993
406.890,-108.352
406.990,-108.196
407.090,-110.960
407.190,-111.184
407.290,-112.054
407.390,-102.514
407.490,-108.525
407.590,-109.644
407.690,-111.460
407.790,-107.761
407.890,-109.339
407.990,-108.420
408.090,-108.311
408.190,-107.907
408.290,-108.586
408.390,-111.742
408.490,-109.071
408.590,-109.009
408.690,-105.285
408.790,-92.201
408.890,-104.264
408.990,-105.088
409.090,-106.089
409.190,-109.691
409.290,-110.287
409.390,-109.686
409.490,-109.853
409.590,-110.148
409.690,-109.869
409.790,-108.387
409.890,-112.621
409.990,-111.061
410.090,-112.056
410.190,-110.193
410.290,-110.875
410.390,-112.467
410.490,-111.518
410.590,-111.259
410.690,-110.683
410.790,-109.949
410.890,-110.373
410.990,-112.199
411.090,-110.414
411.190,-113.806
411.290,-111.095
411.390,-110.325
411.490,-108.859
411.590,-106.509
411.690,-112.149
411.790,-112.523
411.890,-113.169
411.990,-111.660
412.090,-111.447
412.190,-113.452
412.290,-112.944
412.390,-114.078
412.490,-112.091
412.590,-110.946
412.690,-112.015
412.790,-112.870
412.890,-112.596
412.990,-110.782
413.090,-113.324
413.190,-110.794
413.290,-110.462
413.390,-111.241
413.490,-110.865
413.590,-113.641
413.690,-112.730
413.790,-111.794
413.890,-111.158
413.990,-112.763
414.090,-111.686
414.190,-110.832
414.290,-110.226
414.390,-111.389
414.490,-108.127
414.590,-111.533
414.690,-113.967
414.790,-111.973
414.890,-112.936
414.990,-110.974
415.090,-112.759
415.190,-110.995
415.290,-114.222
415.390,-112.685
415.490,-112.442
415.590,-111.839
415.690,-112.169
415.790,-113.338
415.890,-114.048
415.990,-112.607
416.090,-111.995
416.190,-113.703
416.290,-112.954
416.390,-113.994
416.490,-112.226
416.590,-111.781
416.690,-112.933
416.790,-112.690
416.890,-114.297
416.990,-110.926
417.090,-110.200
417.190,-111.675
417.290,-113.733
417.390,-110.873
417.490,-114.933
417.590,-112.722
417.690,-107.864
417.790,-110.759
417.890,-111.382
417.990,-111.568
418.090,-112.480
418.190,-111.617
418.290,-109.907
418.390,-111.143
418.490,-109.223
418.590,-109.502
418.690,-111.019
418.790,-111.234
418.890,-111.937
418.990,-111.302
419.090,-108.902
419.190,-106.977
419.290,-110.346
419.390,-109.150
419.490,-108.668
419.590,-108.986
419.690,-112.289
419.790,-108.253
419.890,-108.006
419.990,-112.188
420.090,-111.225
420.190,-106.396
420.290,-111.963
420.390,-110.963
420.490,-111.694
420.590,-110.478
420.690,-111.171
420.790,-110.704
420.890,-110.883
420.990,-112.254
421.090,-112.639
421.190,-112.453
421.290,-110.419
421.390,-112.282
421.490,-111.669
421.590,-112.247
421.690,-111.563
421.790,-110.575
421.890,-113.904
421.990,-112.942
422.090,-112.366
422.190,-114.024
422.290,-110.584
422.390,-112.312
422.490,-113.455
422.590,-112.037
422.690,-109.577
422.790,-112.616
422.890,-111.788
422.990,-113.756
423.090,-112.940
423.190,-107.902
423.290,-114.448
423.390,-113.140
423.490,-113.026
423.590,-113.288
423.690,-110.701
423.790,-113.339
423.890,-112.409
423.990,-113.450
424.090,-113.771
424.190,-110.725
424.290,-111.485
424.390,-112.808
424.490,-112.482
424.590,-107.268
424.690,-111.846
424.790,-112.365
424.890,-109.669
424.990,-113.534
425.090,-109.426
425.190,-111.989
425.290,-109.313
425.390,-112.473
425.490,-113.100
425.590,-111.940
425.690,-112.183
425.790,-113.761
425.890,-112.293
425.990,-106.118
426.090,-110.133
426.190,-113.592
426.290,-112.791
426.390,-109.927
426.490,-112.421
426.590,-113.184
426.690,-111.018
426.790,-111.302
426.890,-106.250
426.990,-110.383
427.090,-107.949
427.190,-109.467
427.290,-106.363
427.390,-94.775
427.490,-108.047
427.590,-110.216
427.690,-110.476
427.790,-109.093
427.890,-109.795
427.990,-110.058
428.090,-107.289
428.190,-108.651
428.290,-110.845
428.390,-110.551
428.490,-109.960
428.590,-111.012
428.690,-112.309
428.790,-107.199
428.890,-106.435
428.990,-110.992
429.090,-109.476
429.190,-112.079
429.290,-111.554
429.390,-112.294
429.490,-109.164
429.590,-110.422
429.690,-112.227
429.790,-112.657
429.890,-112.777
429.990,-110.795
430.090,-111.998
430.190,-106.990
430.290,-107.777
430.390,-109.771
430.490,-110.516
430.590,-111.591
430.690,-110.884
430.790,-112.246
430.890,-111.850
430.990,-111.754
431.090,-111.212
431.190,-110.804
431.290,-112.795
431.390,-112.259
431.490,-114.308
431.590,-110.055
431.690,-107.896
431.790,-108.614
431.890,-112.508
431.990,-113.377
432.090,-112.232
432.190,-113.049
432.290,-111.394
432.390,-113.804
432.490,-113.243
432.590,-113.885
432.690,-112.965
432.790,-112.308
432.890,-112.658
432.990,-113.133
433.090,-110.930
433.190,-112.031
433.290,-114.912
433.390,-111.956
433.490,-108.172
433.590,-108.898
433.690,-112.969
433.790,-112.121
433.890,-112.849
433.990,-114.153
434.090,-111.663
434.190,-113.459
434.290,-110.570
434.390,-113.977
434.490,-110.834
434.590,-109.615
434.690,-112.023
434.790,-111.046
434.890,-109.723
434.990,-107.993
435.090,-110.542
435.190,-110.333
435.290,-110.370
435.390,-109.186
435.490,-111.189
435.590,-108.761
435.690,-107.711
435.790,-109.749
435.890,-108.190
435.990,-104.752
436.090,-110.285
436.190,-99.253
436.290,-101.248
436.390,-108.534
436.490,-105.297
436.590,-107.729
436.690,-109.225
436.790,-110.035
436.890,-111.819
436.990,-107.904
437.090,-101.594
437.190,-95.517
437.290,-105.050
437.390,-105.755
437.490,-110.490
437.590,-111.832
437.690,-107.064
437.790,-110.500
437.890,-104.274
437.990,-104.482
438.090,-110.553
438.190,-110.624
438.290,-112.063
438.390,-108.133
438.490,-108.657
438.590,-107.076
438.690,-110.916
438.790,-108.467
438.890,-110.434
438.990,-109.573
439.090,-109.771
439.190,-109.371
439.290,-110.516
439.390,-111.600
439.490,-112.604
439.590,-108.501
439.690,-111.800
439.790,-111.641
439.890,-101.115
439.990,-112.214
440.090,-110.311
440.190,-108.463
440.290,-109.700
440.390,-108.112
440.490,-110.851
440.590,-111.305
440.690,-110.923
440.790,-112.390
440.890,-111.587
440.990,-111.130
441.090,-111.579
441.190,-111.306
441.290,-113.672
441.390,-111.360
441.490,-110.839
441.590,-111.187
441.690,-106.927
441.790,-106.131
441.890,-112.396
441.990,-111.981
442.090,-107.483
442.190,-112.116
442.290,-107.055
442.390,-106.733
442.490,-109.531
442.590,-109.631
442.690,-110.981
442.790,-112.267
442.890,-111.818
442.990,-111.883
443.090,-108.501
443.190,-106.436
443.290,-112.565
443.390,-110.775
443.490,-110.378
443.590,-110.925
443.690,-111.694
443.790,-110.062
443.890,-108.268
443.990,-111.122
444.090,-111.058
444.190,-109.545
444.290,-107.470
444.390,-111.248
444.490,-110.540
444.590,-107.581
444.690,-110.999
444.790,-111.357
444.890,-107.453
444.990,-108.875
445.090,-110.089
445.190,-106.860
445.290,-107.856
445.390,-105.384
445.490,-106.611
445.590,-100.627
445.690,-99.770
445.790,-97.280
445.890,-83.474
445.990,-86.462
446.090,-93.258
446.090,-94.093
446.190,-96.326
446.290,-101.949
446.390,-101.610
446.490,-102.636
446.590,-100.495
446.690,-100.602
446.790,-104.160
446.890,-101.785
446.990,-102.606
447.090,-103.838
447.190,-103.981
447.290,-104.539
447.390,-101.254
447.490,-101.891
447.590,-103.277
447.690,-102.323
447.790,-101.560
447.890,-105.746
447.990,-107.365
448.090,-105.383
448.190,-107.047
448.290,-104.588
448.390,-107.687
448.490,-108.706
448.590,-106.864
448.690,-108.166
448.790,-108.398
448.890,-104.905
448.990,-108.003
449.090,-107.481
449.190,-104.657
449.290,-106.018
449.390,-107.586
449.490,-106.461
449.590,-108.071
449.690,-108.366
449.790,-107.385
449.890,-109.652
449.990,-104.816
450.090,-108.234
450.190,-110.399
450.290,-107.819
450.390,-105.082
450.490,-107.253
450.590,-106.785
450.690,-108.541
450.790,-108.127
450.890,-107.193
450.990,-108.946
451.090,-109.268
451.190,-103.818
451.290,-104.734
451.390,-108.638
451.490,-108.797
451.590,-108.931
451.690,-107.844
451.790,-105.557
451.890,-108.313
451.990,-109.857
452.090,-109.345
452.190,-107.530
452.290,-109.185
452.390,-109.302
452.490,-110.155
452.590,-109.918
452.690,-108.546
452.790,-109.268
452.890,-101.604
452.990,-103.358
453.090,-105.630
453.190,-105.129
453.290,-104.237
453.390,-101.950
453.490,-105.814
453.590,-108.742
453.690,-108.695
453.790,-107.334
453.890,-109.417
453.990,-106.507
454.090,-106.242
454.190,-106.976
454.290,-108.000
454.390,-105.561
454.490,-106.908
454.590,-106.447
454.690,-107.291
454.790,-106.612
454.890,-106.033
454.990,-109.485
455.090,-108.394
455.190,-109.418
455.290,-108.334
455.390,-108.815
455.490,-108.079
455.590,-106.715
455.690,-105.767
455.790,-108.271
455.890,-107.633
455.990,-106.770
456.090,-110.331
456.190,-104.834
456.290,-108.337
456.390,-110.306
456.490,-107.475
456.590,-108.415
456.690,-109.172
456.790,-109.666
456.890,-105.131
456.990,-106.397
457.090,-109.614
457.190,-111.694
457.290,-110.592
457.390,-104.714
457.490,-107.913
457.590,-109.102
457.690,-108.163
457.790,-108.986
457.890,-108.683
457.990,-106.389
458.090,-110.754
458.190,-108.020
458.290,-109.032
458.390,-107.778
458.490,-108.072
458.590,-108.628
458.690,-108.552
458.790,-108.076
458.890,-107.359
458.990,-105.561
459.090,-107.911
459.190,-107.893
459.290,-108.878
459.390,-108.849
459.490,-107.047
459.590,-108.342
459.690,-105.088
459.790,-106.650
459.890,-106.264
459.990,-107.240
460.090,-106.901
460.190,-106.172
460.290,-105.080
460.390,-103.929
460.490,-104.998
460.590,-106.709
460.690,-105.721
460.790,-104.977
460.890,-106.707
460.990,-105.843
461.090,-105.134
461.190,-104.769
461.290,-105.967
461.390,-101.191
461.490,-101.252
461.590,-99.430
461.690,-99.516
461.790,-97.725
461.890,-92.236
461.990,-91.762
462.090,-98.363
462.190,-97.535
462.290,-102.292
462.390,-100.868
462.490,-103.523
462.590,-103.333
462.690,-105.849
462.790,-107.441
462.890,-108.629
462.990,-102.867
463.090,-103.121
463.190,-104.695
463.290,-108.500
463.390,-109.019
463.490,-105.967
463.590,-105.257
463.690,-109.789
463.790,-108.517
463.890,-107.904
463.990,-107.139
464.090,-107.470
464.190,-106.634
464.290,-109.239
464.390,-108.455
464.490,-105.791
464.590,-108.610
464.690,-107.488
464.790,-108.172
464.890,-109.485
464.990,-108.768
465.090,-104.961
465.190,-107.909
465.290,-108.677
465.390,-107.517
465.490,-106.020
465.590,-107.839
465.690,-105.941
465.790,-105.324
465.890,-103.328
465.990,-107.409
466.090,-106.461
466.190,-107.601
466.290,-108.033
466.390,-108.190
466.490,-107.979
466.590,-105.816
466.690,-108.017
466.790,-107.855
466.890,-105.329
466.990,-107.031
467.090,-107.042
467.190,-106.251
467.290,-106.245
467.390,-107.787
467.490,-110.178
467.590,-110.259
467.690,-110.924
467.790,-108.919
467.890,-109.739
467.990,-109.388
468.090,-108.593
468.190,-104.587
468.290,-108.632
468.390,-107.861
468.490,-110.501
468.590,-104.052
468.690,-100.618
468.790,-102.933
468.890,-108.501
468.990,-110.632
469.090,-106.955
469.190,-105.774
469.290,-109.078
469.390,-109.201
469.490,-109.910
469.590,-109.015
469.690,-107.726
469.790,-109.248
469.890,-108.659
469.990,-109.300
470.090,-99.928
470.190,-106.644
470.290,-97.086
470.390,-105.146
470.490,-110.177
470.590,-107.467
470.690,-105.305
470.790,-109.313
470.890,-106.836
470.990,-107.085
471.090,-108.279
471.190,-107.384
471.290,-106.339
471.390,-108.461
471.490,-104.686
471.590,-105.207
471.690,-107.554
471.790,-106.308
471.890,-106.206
471.990,-107.837
472.090,-108.320
472.190,-107.841
472.290,-107.930
472.390,-108.174
472.490,-109.228
472.590,-107.556
472.690,-108.581
472.790,-105.868
472.890,-106.387
472.990,-107.826
473.090,-108.593
473.190,-108.711
473.290,-109.520
473.390,-107.694
473.490,-108.639
473.590,-111.359
473.690,-111.336
473.790,-106.319
473.890,-106.259
473.990,-109.516
474.090,-105.751
474.190,-105.987
474.290,-100.136
474.390,-99.358
474.490,-105.751
474.590,-107.602
474.690,-105.932
474.790,-110.853
474.890,-106.546
474.990,-107.954
475.090,-110.733
475.190,-104.709
475.290,-108.849
475.390,-111.672
475.490,-109.399
475.590,-110.915
475.690,-108.874
475.790,-107.694
475.890,-105.898
475.990,-110.621
476.090,-108.054
476.190,-106.726
476.290,-107.018
476.390,-108.833
476.490,-108.408
476.590,-108.708
476.690,-108.940
476.790,-106.992
476.890,-107.732
476.990,-106.640
477.090,-104.811
477.190,-104.632
477.290,-107.746
477.390,-106.521
477.490,-106.768
477.590,-109.755
477.690,-109.140
477.790,-109.889
477.890,-109.094
477.990,-110.794
478.090,-109.653
478.190,-109.690
478.290,-109.701
478.390,-109.485
478.490,-107.817
478.590,-110.503
478.690,-110.422
478.790,-109.195
478.890,-109.244
478.990,-110.336
479.090,-107.219
479.190,-108.621
479.290,-108.917
479.390,-106.100
479.490,-107.874
479.590,-110.608
479.690,-109.442
479.790,-111.254
479.890,-99.199
479.990,-94.227
480.090,-98.188
480.190,-109.363
480.290,-109.150
480.390,-111.809
480.490,-108.216
480.590,-110.068
480.690,-111.417
480.790,-109.370
480.890,-109.918
480.990,-110.092
481.090,-110.025
481.190,-108.295
481.290,-110.720
481.390,-109.161
481.490,-110.091
481.590,-110.159
481.690,-108.675
481.790,-109.581
481.890,-109.106
481.990,-110.198
482.090,-110.224
482.190,-111.806
482.290,-108.891
482.390,-111.266
482.490,-108.171
482.590,-108.709
482.690,-108.661
482.790,-105.817
482.890,-106.513
482.990,-110.871
483.090,-107.459
483.190,-110.533
483.290,-109.526
483.390,-109.739
483.490,-110.761
483.590,-109.614
483.690,-110.045
483.790,-110.665
483.890,-109.089
483.990,-110.572
484.090,-109.277
484.190,-107.964
484.290,-111.609
484.390,-111.304
484.490,-111.710
484.590,-110.726
484.690,-110.097
484.790,-110.338
484.890,-110.921
484.990,-111.042
485.090,-109.856
485.190,-110.473
485.290,-110.297
485.390,-110.229
485.490,-108.512
485.590,-101.391
485.690,-102.828
485.790,-109.351
485.890,-112.671
485.990,-108.528
486.090,-108.140
486.190,-108.951
486.290,-110.642
486.390,-112.332
486.490,-109.218
486.590,-109.400
486.690,-111.778
486.790,-110.721
486.890,-109.022
486.990,-112.127
487.090,-109.274
487.190,-111.409
487.290,-108.855
487.390,-110.319
487.490,-107.607
487.590,-109.542
487.690,-108.967
487.790,-107.828
487.890,-111.735
487.990,-111.569
488.090,-109.868
488.190,-107.880
488.290,-106.976
488.390,-106.741
488.490,-108.347
488.590,-109.713
488.690,-110.402
488.790,-109.976
488.890,-110.650
488.990,-110.527
489.090,-110.069
489.190,-110.949
489.290,-110.648
489.390,-112.141
489.490,-111.505
489.590,-108.361
489.690,-109.826
489.790,-112.180
489.890,-111.286
489.990,-110.732
490.090,-110.381
490.190,-110.047
490.290,-110.915
490.390,-111.574
490.490,-111.232
490.590,-108.779
490.690,-110.561
490.790,-110.638
490.890,-109.750
490.990,-111.607
491.090,-112.050
491.190,-107.028
491.290,-104.954
491.390,-109.335
491.490,-108.930
491.590,-111.039
491.690,-107.447
491.790,-109.987
491.890,-111.173
491.990,-109.888
492.090,-111.637
492.090,-110.457
492.190,-111.234
492.290,-109.290
492.390,-111.519
492.490,-110.630
492.590,-108.694
492.690,-104.488
492.790,-102.268
492.890,-108.422
492.990,-107.948
493.090,-109.730
493.190,-109.926
493.290,-110.288
493.390,-111.775
493.490,-110.458
493.590,-112.713
493.690,-111.677
493.790,-111.260
493.890,-110.210
493.990,-112.377
494.090,-110.967
494.190,-114.408
494.290,-110.570
494.390,-110.485
494.490,-112.079
494.590,-111.870
494.690,-112.583
494.790,-112.468
494.890,-112.215
494.990,-111.614
495.090,-113.166
495.190,-113.369
495.290,-110.710
495.390,-110.619
495.490,-111.500
495.590,-113.548
495.690,-112.137
495.790,-112.931
495.890,-113.787
495.990,-112.232
496.090,-111.821
496.190,-110.329
496.290,-112.060
496.390,-111.955
496.490,-111.548
496.590,-111.730
496.690,-109.331
496.790,-110.879
496.890,-108.903
496.990,-110.696
497.090,-110.099
497.190,-111.613
497.290,-111.997
497.390,-109.028
497.490,-110.394
497.590,-111.659
497.690,-110.175
497.790,-111.773
497.890,-113.495
497.990,-113.770
498.090,-113.083
498.190,-112.226
498.290,-111.316
498.390,-112.292
498.490,-111.406
498.590,-112.105
498.690,-112.263
498.790,-111.693
498.890,-109.360
498.990,-112.693
499.090,-112.447
499.190,-112.986
499.290,-111.694
499.390,-112.115
499.490,-113.061
499.590,-113.424
499.690,-113.579
499.790,-113.269
499.890,-111.024
499.990,-110.906
500.090,-113.218
500.090,-111.739
500.190,-109.956
500.290,-108.087
500.390,-108.740
500.490,-111.253
500.590,-110.238
500.690,-108.728
500.790,-109.838
500.890,-109.917
500.990,-107.498
501.090,-109.221
501.190,-108.412
501.290,-109.347
501.390,-110.560
501.490,-110.372
501.590,-109.115
501.690,-107.600
501.790,-108.240
501.890,-108.961
501.990,-109.394
502.090,-109.211
502.190,-111.577
502.290,-107.560
502.390,-110.012
502.490,-109.294
502.590,-107.227
502.690,-110.809
502.790,-110.731
502.890,-110.234
502.990,-107.142
503.090,-107.459
503.190,-109.011
503.290,-109.168
503.390,-108.353
503.490,-109.816
503.590,-110.772
503.690,-111.028
503.790,-110.207
503.890,-109.957
503.990,-112.181
504.090,-111.259
504.190,-109.818
504.290,-111.440
504.390,-110.367
504.490,-110.280
504.590,-110.781
504.690,-112.688
504.790,-112.121
504.890,-111.560
504.990,-108.851
505.090,-109.523
505.190,-110.596
505.290,-108.210
505.390,-109.015
505.490,-110.253
505.590,-109.764
505.690,-109.608
505.790,-108.920
505.890,-108.656
505.990,-107.693
506.090,-110.745
506.190,-108.843
506.290,-106.565
506.390,-107.401
506.490,-109.709
506.590,-107.255
506.690,-108.146
506.790,-107.489
506.890,-108.791
506.990,-107.773
507.090,-107.586
507.190,-108.847
507.290,-107.839
507.390,-109.051
507.490,-108.622
507.590,-108.157
507.690,-108.233
507.790,-106.862
507.890,-110.549
507.990,-109.270
508.090,-108.706
508.190,-108.131
508.290,-108.347
508.390,-107.367
508.490,-108.937
508.590,-104.698
508.690,-100.448
508.790,-105.291
508.890,-104.756
508.990,-109.940
509.090,-110.102
509.190,-109.201
509.290,-109.259
509.390,-108.588
509.490,-110.975
509.590,-109.005
509.690,-106.273
509.790,-109.475
509.890,-107.990
509.990,-108.029
510.090,-107.021
510.190,-108.679
510.290,-108.619
510.390,-110.020
510.490,-106.991
510.590,-108.720
510.690,-106.353
510.790,-107.867
510.890,-107.991
510.990,-107.849
511.090,-108.543
511.190,-104.447
511.290,-108.064
511.390,-106.821
511.490,-105.449
511.590,-101.396
511.690,-98.786
511.790,-103.939
511.890,-104.623
511.990,-108.508
512.090,-107.041
512.190,-109.924
512.290,-106.938
512.390,-105.705
512.490,-106.602
512.590,-101.809
512.690,-106.145
512.790,-107.424
512.890,-101.379
512.990,-98.878
513.090,-97.001
513.190,-92.815
513.290,-91.712
513.390,-94.223
513.490,-97.842
513.590,-99.548
513.690,-102.662
513.790,-103.840
513.890,-105.957
513.990,-107.790
514.090,-109.068
514.190,-107.563
514.290,-100.959
514.390,-102.427
514.490,-106.064
514.590,-104.413
514.690,-108.269
514.790,-106.220
514.890,-104.555
514.990,-105.956
515.090,-107.980
515.190,-106.810
515.290,-108.029
515.390,-108.298
515.490,-107.161
515.590,-109.048
515.690,-109.252
515.790,-109.436
515.890,-108.571
515.990,-109.178
516.090,-109.147
516.190,-108.875
516.290,-109.867
516.390,-107.792
516.490,-110.395
516.590,-108.777
516.690,-109.464
516.790,-106.424
516.890,-110.030
516.990,-108.179
517.090,-108.474
517.190,-106.262
517.290,-102.562
517.390,-106.125
517.490,-106.709
517.590,-108.987
517.690,-107.942
517.790,-109.950
517.890,-111.096
517.990,-106.232
518.090,-108.732
518.190,-109.439
518.290,-109.874
518.390,-109.825
518.490,-104.898
518.590,-106.153
518.690,-107.586
518.790,-104.932
518.890,-106.074
518.990,-106.843
519.090,-104.591
519.190,-104.075
519.290,-106.130
519.390,-101.998
519.490,-104.413
519.590,-89.403
519.690,-84.055
519.790,-85.386
519.890,-95.201
519.990,-94.631
520.090,-97.819
520.190,-101.610
520.290,-100.230
520.390,-103.640
520.490,-104.326
520.590,-105.946
520.690,-107.617
520.790,-107.250
520.890,-106.379
520.990,-108.502
521.090,-108.489
521.190,-108.904
521.290,-108.604
521.390,-108.567
521.490,-106.175
521.590,-108.368
521.690,-108.308
521.790,-108.350
521.890,-106.942
521.990,-104.586
522.090,-107.457
522.190,-108.783
522.290,-104.957
522.390,-107.839
522.490,-105.089
522.590,-106.518
522.690,-105.477
522.790,-104.471
522.890,-105.982
522.990,-104.384
523.090,-103.868
523.190,-102.944
523.290,-101.572
523.390,-97.650
523.490,-93.035
523.590,-86.511
523.690,-99.130
523.790,-99.557
523.890,-100.605
523.990,-104.398
524.090,-104.567
524.190,-106.118
524.290,-107.210
524.390,-106.478
524.490,-104.867
524.590,-105.495
524.690,-105.952
524.790,-107.340
524.890,-105.157
524.990,-106.543
525.090,-106.204
525.190,-108.950
525.290,-108.582
525.390,-108.578
525.490,-107.449
525.590,-102.302
525.690,-104.384
525.790,-106.519
525.890,-110.223
525.990,-109.585
526.090,-109.269
526.190,-109.104
526.290,-108.961
526.390,-109.752
526.490,-110.312
526.590,-108.222
526.690,-112.150
526.790,-108.288
526.890,-109.210
526.990,-108.932
527.090,-106.606
527.190,-109.017
527.290,-108.048
527.390,-105.561
527.490,-106.076
527.590,-106.462
527.690,-104.207
527.790,-104.657
527.890,-99.135
527.990,-97.707
528.090,-103.251
528.190,-103.762
528.290,-104.981
528.390,-103.001
528.490,-105.081
528.590,-104.353
528.690,-104.592
528.790,-104.706
528.890,-106.195
528.990,-103.808
529.090,-104.860
529.190,-104.796
529.290,-104.399
529.390,-102.834
529.490,-105.541
529.590,-105.845
529.690,-104.651
529.790,-107.407
529.890,-108.910
529.990,-107.934
530.090,-103.953
530.190,-106.268
530.290,-98.112
530.390,-103.529
530.490,-104.033
530.590,-106.919
530.690,-105.580
530.790,-108.376
530.890,-106.742
530.990,-105.024
531.090,-109.130
531.190,-105.992
531.290,-103.911
531.390,-108.186
531.490,-108.706
531.590,-109.798
531.690,-107.765
531.790,-104.635
531.890,-104.886
531.990,-106.696
532.090,-105.767
532.190,-105.048
532.290,-104.099
532.390,-103.167
532.490,-103.805
532.590,-101.178
532.690,-101.298
532.790,-101.840
532.890,-102.554
532.990,-103.246
533.090,-105.452
533.190,-102.486
533.290,-102.300
533.390,-105.643
533.490,-102.077
533.590,-102.586
533.690,-102.667
533.790,-105.217
533.890,-103.744
533.990,-106.432
534.090,-101.403
534.190,-104.254
534.290,-104.960
534.390,-105.036
534.490,-103.304
534.590,-103.744
534.690,-104.824
534.790,-104.341
534.890,-106.141
534.990,-108.146
535.090,-106.382
535.190,-105.768
535.290,-106.658
535.390,-106.753
535.490,-108.703
535.590,-106.908
535.690,-108.886
535.790,-110.314
535.890,-111.564
535.990,-108.831
536.090,-108.789
536.190,-107.529
536.290,-103.786
536.390,-105.963
536.490,-106.617
536.590,-104.660
536.690,-107.323
536.790,-104.596
536.890,-104.234
536.990,-102.807
537.090,-102.742
537.190,-106.200
537.290,-106.157
537.390,-103.139
537.490,-102.745
537.590,-104.069
537.690,-102.543
537.790,-102.881
537.890,-103.076
537.990,-103.578
538.090,-102.884
538.190,-102.789
538.290,-106.736
538.390,-105.851
538.490,-106.488
538.590,-107.383
538.690,-105.432
538.790,-106.805
538.890,-107.915
538.990,-105.957
539.090,-107.447
539.190,-108.228
539.290,-106.980
539.390,-106.114
539.490,-105.256
539.590,-108.305
539.690,-109.125
539.790,-107.356
539.890,-108.730
539.990,-107.498
540.090,-111.217
540.190,-108.564
540.290,-108.422
540.390,-105.666
540.490,-108.630
540.590,-106.006
540.690,-103.484
540.790,-101.756
540.890,-108.963
540.990,-107.076
541.090,-108.091
541.190,-108.555
541.290,-105.383
541.390,-107.085
541.490,-105.542
541.590,-105.436
541.690,-103.563
541.790,-105.014
541.890,-105.385
541.990,-105.192
542.090,-104.545
542.190,-104.151
542.290,-106.070
542.390,-105.341
542.490,-100.695
542.590,-102.295
542.690,-101.601
542.790,-104.576
542.890,-104.123
542.990,-104.291
543.090,-103.990
543.190,-103.828
543.290,-104.778
543.390,-103.989
543.490,-104.673
543.590,-106.423
543.690,-105.658
543.790,-106.434
543.890,-99.717
543.990,-107.340
544.090,-108.216
544.190,-107.723
544.290,-107.191
544.390,-107.192
544.490,-108.847
544.590,-108.599
544.690,-108.690
544.790,-108.432
544.890,-110.228
544.990,-108.605
545.090,-107.370
545.190,-107.963
545.290,-105.615
545.390,-106.735
545.490,-105.521
545.590,-106.479
545.690,-104.096
545.790,-107.049
545.890,-103.803
545.990,-102.910
546.090,-104.503
546.090,-103.637
546.190,-103.850
546.290,-104.839
546.390,-102.096
546.490,-101.973
546.590,-101.739
546.690,-102.964
546.790,-99.978
546.890,-101.466
546.990,-101.565
547.090,-100.880
547.190,-102.261
547.290,-98.415
547.390,-105.214
547.490,-103.135
547.590,-102.686
547.690,-101.456
547.790,-103.107
547.890,-103.245
547.990,-102.891
548.090,-105.118
548.190,-103.909
548.290,-103.233
548.390,-104.753
548.490,-105.961
548.590,-102.793
548.690,-100.679
548.790,-102.647
548.890,-103.776
548.990,-101.699
549.090,-106.151
549.190,-102.181
549.290,-104.213
549.390,-98.054
549.490,-101.920
549.590,-102.562
549.690,-104.120
549.790,-102.702
549.890,-101.882
549.990,-104.130
550.090,-102.546
550.190,-104.860
550.290,-106.401
550.390,-102.957
550.490,-103.159
550.590,-102.480
550.690,-100.387
550.790,-103.568
550.890,-101.038
550.990,-100.813
551.090,-103.657
551.190,-100.108
551.290,-102.054
551.390,-100.004
551.490,-102.454
551.590,-100.625
551.690,-102.466
551.790,-102.258
551.890,-100.718
551.990,-103.261
552.090,-102.683
552.190,-98.761
552.290,-100.003
552.390,-103.748
552.490,-101.828
552.590,-99.730
552.690,-97.930
552.790,-99.762
552.890,-100.494
552.990,-100.148
553.090,-100.076
553.190,-103.493
553.290,-100.418
553.390,-98.598
553.490,-99.982
553.590,-100.347
553.690,-99.017
553.790,-97.954
553.890,-98.152
553.990,-98.056
554.090,-94.087
554.190,-89.139
554.290,-87.646
554.390,-90.049
554.490,-89.572
554.590,-93.364
554.690,-95.726
554.790,-96.656
554.890,-99.574
554.990,-97.572
555.090,-99.628
555.190,-100.084
555.290,-98.365
555.390,-105.483
555.490,-100.874
555.590,-102.450
555.690,-100.231
555.790,-101.528
555.890,-101.621
555.990,-102.855
556.090,-104.057
556.190,-103.931
556.290,-102.118
556.390,-103.236
556.490,-102.942
556.590,-104.277
556.690,-105.428
556.790,-105.006
556.890,-107.066
556.990,-103.631
557.090,-102.854
557.190,-102.615
557.290,-105.314
557.390,-105.646
557.490,-105.373
557.590,-105.247
557.690,-106.045
557.790,-106.112
557.890,-106.711
557.990,-105.891
558.090,-103.543
558.190,-107.176
558.290,-106.105
558.390,-106.442
558.490,-107.089
558.590,-105.104
558.690,-107.686
558.790,-108.797
558.890,-107.537
558.990,-109.800
559.090,-108.023
559.190,-109.475
559.290,-107.884
559.390,-109.696
559.490,-109.512
559.590,-107.206
559.690,-109.655
559.790,-109.041
559.890,-103.368
559.990,-102.465
560.090,-105.169
560.190,-106.362
560.290,-109.447
560.390,-108.762
560.490,-108.136
560.590,-108.236
560.690,-108.769
560.790,-107.092
560.890,-106.554
560.990,-106.731
561.090,-108.018
561.190,-107.580
561.290,-106.446
561.390,-105.464
561.490,-105.926
561.590,-108.085
561.690,-109.184
561.790,-108.971
561.890,-108.426
561.990,-107.794
562.090,-107.599
562.190,-105.918
562.290,-106.828
562.390,-105.434
562.490,-106.413
562.590,-107.413
562.690,-106.495
562.790,-107.129
562.890,-108.130
562.990,-106.991
563.090,-106.865
563.190,-106.752
563.290,-107.095
563.390,-104.547
563.490,-109.077
563.590,-105.356
563.690,-104.310
563.790,-107.570
563.890,-108.126
563.990,-106.107
564.090,-107.784
564.190,-105.754
564.290,-107.868
564.390,-107.040
564.490,-105.430
564.590,-101.667
564.690,-101.532
564.790,-105.671
564.890,-104.474
564.990,-108.383
565.090,-109.263
565.190,-108.038
565.290,-107.493
565.390,-107.200
565.490,-107.007
565.590,-103.684
565.690,-104.427
565.790,-108.707
565.890,-106.984
565.990,-109.719
566.090,-108.001
566.190,-109.696
566.290,-110.077
566.390,-108.907
566.490,-107.672
566.590,-111.073
566.690,-108.270
566.790,-110.114
566.890,-109.422
566.990,-108.231
567.090,-108.430
567.190,-109.144
567.290,-110.001
567.390,-110.487
567.490,-111.367
567.590,-111.245
567.690,-109.634
567.790,-110.745
567.890,-109.583
567.990,-109.011
568.090,-110.665
568.190,-108.952
568.290,-108.083
568.390,-107.069
568.490,-106.537
568.590,-108.500
568.690,-107.285
568.790,-109.613
568.890,-108.122
568.990,-106.262
569.090,-110.552
569.190,-107.534
569.290,-108.123
569.390,-109.146
569.490,-108.195
569.590,-108.990
569.690,-107.302
569.790,-107.793
569.890,-106.196
569.990,-107.715
570.090,-107.539
570.190,-109.262
570.290,-106.748
570.390,-107.276
570.490,-110.490
570.590,-109.662
570.690,-108.284
570.790,-109.516
570.890,-108.547
570.990,-108.038
571.090,-108.212
571.190,-106.915
571.290,-104.013
571.390,-108.084
571.490,-110.290
571.590,-109.338
571.690,-111.296
571.790,-110.270
571.890,-107.052
571.990,-107.049
572.090,-109.126
572.190,-109.803
572.290,-110.474
572.390,-111.615
572.490,-108.023
572.590,-108.958
572.690,-108.615
572.790,-108.902
572.890,-110.371
572.990,-106.206
573.090,-108.292
573.190,-107.956
573.290,-108.458
573.390,-108.325
573.490,-103.704
573.590,-106.096
573.690,-106.462
573.790,-106.837
573.890,-106.193
573.990,-106.504
574.090,-106.063
574.190,-107.032
574.290,-105.954
574.390,-105.631
574.490,-105.396
574.590,-108.441
574.690,-107.198
574.790,-108.390
574.890,-105.174
574.990,-106.743
575.090,-105.437
575.190,-106.067
575.290,-105.971
575.390,-106.618
575.490,-107.414
575.590,-107.189
575.690,-108.450
575.790,-108.414
575.890,-108.721
575.990,-108.300
576.090,-109.519
576.190,-107.901
576.290,-108.686
576.390,-109.183
576.490,-109.235
576.590,-106.347
576.690,-109.933
576.790,-106.161
576.890,-105.754
576.990,-107.853
577.090,-109.034
577.190,-107.196
577.290,-107.984
577.390,-106.700
577.490,-107.692
577.590,-106.699
577.690,-110.185
577.790,-107.521
577.890,-107.797
577.990,-110.417
578.090,-107.792
578.190,-102.086
578.290,-100.145
578.390,-103.401
578.490,-105.716
578.590,-106.405
578.690,-107.390
578.790,-108.486
578.890,-108.988
578.990,-108.816
579.090,-108.532
579.190,-107.852
579.290,-109.523
579.390,-108.558
579.490,-110.493
579.590,-108.360
579.690,-109.473
579.790,-105.579
579.890,-107.214
579.990,-107.224
580.090,-107.834
580.190,-106.031
580.290,-105.832
580.390,-102.626
580.490,-108.747
580.590,-106.956
580.690,-106.502
580.790,-106.513
580.890,-107.163
580.990,-103.680
581.090,-106.644
581.190,-106.010
581.290,-105.027
581.390,-103.933
581.490,-103.107
581.590,-102.900
581.690,-102.341
581.790,-103.649
581.890,-101.173
581.990,-102.213
582.090,-101.863
582.190,-103.577
582.290,-105.284
582.390,-105.228
582.490,-105.047
582.590,-105.358
582.690,-105.179
582.790,-103.686
582.890,-103.286
582.990,-103.300
583.090,-102.273
583.190,-107.607
583.290,-106.047
583.390,-108.188
583.490,-107.271
583.590,-106.002
583.690,-105.844
583.790,-107.380
583.890,-105.779
583.990,-108.267
584.090,-104.324
584.190,-107.363
584.290,-103.095
584.390,-103.167
584.490,-107.804
584.590,-104.148
584.690,-103.029
584.790,-102.587
584.890,-99.858
584.990,-98.948
585.090,-99.749
585.190,-98.992
585.290,-98.583
585.390,-99.630
585.490,-101.137
585.590,-104.528
585.690,-105.350
585.790,-107.441
585.890,-104.734
585.990,-106.572
586.090,-103.093
586.190,-105.847
586.290,-105.646
586.390,-105.730
586.490,-104.869
586.590,-104.381
586.690,-107.312
586.790,-106.369
586.890,-105.773
586.990,-103.517
587.090,-104.955
587.190,-106.811
587.290,-105.626
587.390,-105.798
587.490,-106.415
587.590,-107.407
587.690,-106.260
587.790,-107.394
587.890,-107.556
587.990,-105.145
588.090,-107.074
588.190,-104.890
588.290,-106.778
588.390,-107.965
588.490,-107.657
588.590,-106.622
588.690,-103.480
588.790,-103.949
588.890,-108.371
588.990,-106.722
589.090,-107.389
589.190,-107.135
589.290,-106.687
589.390,-108.093
589.490,-106.870
589.590,-106.181
589.690,-108.422
589.790,-108.392
589.890,-107.034
589.990,-108.301
590.090,-106.511
590.190,-105.306
590.290,-104.858
590.390,-106.709
590.490,-107.179
590.590,-109.989
590.690,-106.796
590.790,-109.629
590.890,-106.934
590.990,-107.092
591.090,-107.389
591.190,-107.676
591.290,-107.271
591.390,-107.679
591.490,-104.300
591.590,-105.098
591.690,-106.973
591.790,-106.927
591.890,-104.665
591.990,-107.649
592.090,-107.984
592.090,-106.453
592.190,-107.281
592.290,-105.683
592.390,-107.690
592.490,-106.476
592.590,-107.672
592.690,-108.196
592.790,-108.599
592.890,-105.154
592.990,-108.546
593.090,-106.750
593.190,-106.727
593.290,-106.570
593.390,-107.522
593.490,-107.561
593.590,-103.186
593.690,-108.908
593.790,-101.637
593.890,-91.298
593.990,-91.508
594.090,-103.455
594.190,-103.479
594.290,-100.409
594.390,-99.482
594.490,-105.497
594.590,-105.981
594.690,-105.084
594.790,-105.352
594.890,-106.696
594.990,-107.977
595.090,-108.740
595.190,-106.416
595.290,-107.136
595.390,-107.582
595.490,-110.670
595.590,-111.538
595.690,-110.276
595.790,-108.460
595.890,-109.073
595.990,-111.054
596.090,-111.267
596.190,-109.602
596.290,-109.628
596.390,-108.343
596.490,-110.794
596.590,-109.759
596.690,-110.329
596.790,-109.480
596.890,-108.299
596.990,-108.399
597.090,-104.471
597.190,-105.327
597.290,-107.729
597.390,-109.048
597.490,-109.313
597.590,-107.545
597.690,-109.303
597.790,-109.813
597.890,-110.426
597.990,-111.319
598.090,-109.471
598.190,-110.999
598.290,-109.923
598.390,-110.791
598.490,-107.365
598.590,-109.504
598.690,-109.901
598.790,-110.162
598.890,-107.915
598.990,-110.075
599.090,-111.687
599.190,-111.085
599.290,-112.281
599.390,-111.137
599.490,-111.212
599.590,-107.972
599.690,-112.167
599.790,-109.634
599.890,-102.282
599.990,-101.594
600.090,-104.222
600.090,-101.703
600.190,-107.712
600.290,-111.224
600.390,-111.545
600.490,-111.317
600.590,-110.649
600.690,-108.831
600.790,-109.649
600.890,-111.420
600.990,-110.420
601.090,-109.468
601.190,-108.529
601.290,-108.090
601.390,-109.620
601.490,-108.714
601.590,-107.076
601.690,-108.967
601.790,-110.428
601.890,-109.176
601.990,-109.881
602.090,-106.006
602.190,-108.090
602.290,-108.236
602.390,-107.435
602.490,-108.341
602.590,-106.636
602.690,-105.047
602.790,-102.482
602.890,-104.034
602.990,-105.545
603.090,-105.286
603.190,-104.541
603.290,-104.208
603.390,-107.066
603.490,-105.281
603.590,-104.404
603.690,-103.515
603.790,-103.647
603.890,-102.201
603.990,-103.446
604.090,-102.446
604.190,-102.894
604.290,-103.734
604.390,-106.287
604.490,-106.429
604.590,-107.841
604.690,-105.555
604.790,-109.491
604.890,-108.568
604.990,-107.825
605.090,-107.503
605.190,-108.118
605.290,-108.218
605.390,-105.342
605.490,-100.599
605.590,-98.424
605.690,-99.996
605.790,-103.335
605.890,-103.645
605.990,-106.106
606.090,-104.976
606.190,-103.094
606.290,-103.806
606.390,-103.406
606.490,-101.288
606.590,-103.999
606.690,-104.586
606.790,-106.877
606.890,-105.541
606.990,-108.053
607.090,-106.879
607.190,-108.849
607.290,-107.051
607.390,-105.669
607.490,-106.698
607.590,-107.843
607.690,-105.575
607.790,-108.640
607.890,-108.293
607.990,-105.272
608.090,-106.947
608.190,-106.961
608.290,-106.107
608.390,-105.210
608.490,-105.062
608.590,-105.876
608.690,-106.763
608.790,-108.387
608.890,-105.255
608.990,-105.892
609.090,-108.458
609.190,-108.595
609.290,-107.669
609.390,-109.102
609.490,-109.870
609.590,-105.187
609.690,-108.336
609.790,-106.588
609.890,-106.349
609.990,-108.625
610.090,-107.892
610.190,-108.263
610.290,-107.417
610.390,-108.977
610.490,-106.904
610.590,-104.709
610.690,-106.867
610.790,-107.399
610.890,-105.812
610.990,-108.619
611.090,-108.720
611.190,-99.786
611.290,-98.199
611.390,-99.131
611.490,-104.889
611.590,-106.888
611.690,-104.004
611.790,-102.519
611.890,-106.402
611.990,-109.570
612.090,-107.729
612.190,-109.239
612.290,-106.777
612.390,-106.055
612.490,-106.225
612.590,-105.283
612.690,-105.197
612.790,-106.379
612.890,-106.175
612.990,-105.354
613.090,-106.011
613.190,-103.604
613.290,-105.770
613.390,-105.522
613.490,-105.007
613.590,-104.341
613.690,-104.507
613.790,-104.623
613.890,-104.616
613.990,-103.272
614.090,-99.366
614.190,-100.886
614.290,-103.357
614.390,-102.326
614.490,-102.238
614.590,-99.952
614.690,-102.024
614.790,-102.591
614.890,-100.284
614.990,-104.626
615.090,-104.767
615.190,-100.599
615.290,-100.560
615.390,-99.283
615.490,-97.037
615.590,-94.711
615.690,-95.053
615.790,-85.606
615.890,-77.453
615.990,-83.170
616.090,-91.163
616.190,-95.193
616.290,-96.964
616.390,-96.138
616.490,-97.981
616.590,-98.834
616.690,-101.850
616.790,-104.954
616.890,-97.182
616.990,-98.113
617.090,-101.892
617.190,-100.645
617.290,-101.384
617.390,-97.839
617.490,-99.475
617.590,-102.657
617.690,-105.906
617.790,-106.340
617.890,-105.530
617.990,-102.890
618.090,-98.861
618.190,-98.848
618.290,-99.777
618.390,-101.137
618.490,-101.614
618.590,-102.059
618.690,-100.122
618.790,-101.549
618.890,-101.566
618.990,-103.914
619.090,-101.306
619.190,-104.983
619.290,-101.693
619.390,-104.362
619.490,-103.216
619.590,-102.517
619.690,-104.704
619.790,-103.008
619.890,-104.122
619.990,-102.188
620.090,-102.117
620.190,-99.419
620.290,-97.490
620.390,-103.472
620.490,-102.893
620.590,-102.818
620.690,-104.035
620.790,-100.719
620.890,-100.285
620.990,-102.818
621.090,-100.651
621.190,-100.310
621.290,-98.765
621.390,-99.641
621.490,-99.905
621.590,-101.627
621.690,-99.162
621.790,-101.503
621.890,-100.364
621.990,-99.060
622.090,-99.966
622.190,-101.396
622.290,-101.162
622.390,-101.647
622.490,-100.759
622.590,-99.391
622.690,-99.811
622.790,-101.135
622.890,-98.341
622.990,-96.459
623.090,-96.112
623.190,-98.944
623.290,-102.006
623.390,-101.933
623.490,-101.874
623.590,-99.827
623.690,-103.162
623.790,-101.940
623.890,-100.829
623.990,-102.576
624.090,-100.483
624.190,-103.250
624.290,-100.479
624.390,-101.708
624.490,-103.465
624.590,-100.899
624.690,-103.851
624.790,-103.144
624.890,-103.072
624.990,-96.476
625.090,-103.673
625.190,-102.728
625.290,-102.306
625.390,-99.872
625.490,-101.106
625.590,-100.783
625.690,-102.495
625.790,-102.526
625.890,-101.828
625.990,-102.568
626.090,-100.824
626.190,-103.046
626.290,-98.676
626.390,-100.732
626.490,-101.888
626.590,-102.893
626.690,-101.177
626.790,-101.576
626.890,-102.071
626.990,-100.545
627.090,-102.227
627.190,-102.661
627.290,-103.025
627.390,-102.301
627.490,-103.525
627.590,-105.050
627.690,-101.083
627.790,-104.899
627.890,-103.192
627.990,-105.194
628.090,-103.961
628.190,-101.603
628.290,-103.282
628.390,-105.965
628.490,-103.255
628.590,-100.474
628.690,-98.076
628.790,-97.857
628.890,-103.776
628.990,-104.484
629.090,-101.656
629.190,-103.379
629.290,-103.251
629.390,-102.394
629.490,-101.653
629.590,-106.696
629.690,-102.458
629.790,-108.282
629.890,-105.679
629.990,-106.208
630.090,-103.342
630.190,-101.552
630.290,-105.318
630.390,-102.135
630.490,-105.655
630.590,-105.340
630.690,-103.487
630.790,-105.865
630.890,-105.797
630.990,-103.515
631.090,-104.445
631.190,-104.017
631.290,-102.493
631.390,-103.949
631.490,-97.446
631.590,-102.519
631.690,-103.116
631.790,-104.719
631.890,-105.879
631.990,-104.414
632.090,-104.498
632.190,-104.768
632.290,-105.479
632.390,-105.110
632.490,-104.628
632.590,-106.362
632.690,-103.637
632.790,-103.981
632.890,-103.947
632.990,-103.876
633.090,-105.714
633.190,-104.195
633.290,-104.536
633.390,-102.810
633.490,-101.611
633.590,-104.468
633.690,-103.293
633.790,-104.547
633.890,-103.656
633.990,-103.292
634.090,-105.174
634.190,-101.703
634.290,-98.297
634.390,-98.797
634.490,-102.982
634.590,-104.525
634.690,-103.906
634.790,-103.264
634.890,-104.671
634.990,-104.619
635.090,-104.709
635.190,-104.026
635.290,-106.189
635.390,-103.604
635.490,-106.080
635.590,-105.260
635.690,-105.394
635.790,-105.178
635.890,-105.143
635.990,-105.294
636.090,-107.881
636.190,-110.146
636.290,-105.210
636.390,-105.419
636.490,-108.885
636.590,-108.098
636.690,-107.292
636.790,-105.693
636.890,-106.555
636.990,-107.157
637.090,-106.926
637.190,-104.229
637.290,-97.462
637.390,-91.237
637.490,-86.325
637.590,-88.417
637.690,-86.900
637.790,-88.267
637.890,-89.401
637.990,-87.757
638.090,-90.959
638.190,-91.494
638.290,-90.042
638.390,-93.927
638.490,-93.794
638.590,-96.548
638.690,-94.045
638.790,-92.994
638.890,-95.569
638.990,-90.291
639.090,-92.578
639.190,-90.970
639.290,-91.648
639.390,-90.388
639.490,-89.965
639.590,-90.382
639.690,-90.739
639.790,-90.365
639.890,-91.208
639.990,-87.490
640.090,-89.759
640.190,-91.435
640.290,-89.813
640.390,-87.055
640.490,-90.471
640.590,-89.780
640.690,-90.586
640.790,-86.228
640.890,-88.434
640.990,-94.589
641.090,-97.539
641.190,-85.089
641.290,-87.042
641.390,-84.449
641.490,-85.136
641.590,-87.668
641.690,-89.311
641.790,-88.236
641.890,-83.559
641.990,-85.446
642.090,-85.462
642.190,-86.699
642.290,-85.831
642.390,-86.434
642.490,-87.366
642.590,-86.790
642.690,-87.704
642.790,-89.683
642.890,-86.375
642.990,-85.704
643.090,-88.225
643.190,-86.525
643.290,-93.545
643.390,-87.898
643.490,-89.543
643.590,-86.981
643.690,-88.786
643.790,-86.577
643.890,-91.269
643.990,-88.461
644.090,-90.516
644.190,-90.785
644.290,-90.433
644.390,-88.833
644.490,-90.828
644.590,-86.911
644.690,-87.146
644.790,-86.705
644.890,-85.559
644.990,-89.308
645.090,-90.401
645.190,-91.677
645.290,-88.634
645.390,-87.125
645.490,-85.372
645.590,-89.320
645.690,-89.236
645.790,-88.425
645.890,-89.026
645.990,-90.405
646.090,-90.292
646.090,-90.564
646.190,-88.262
646.290,-91.796
646.390,-94.836
646.490,-92.353
646.590,-91.352
646.690,-90.650
646.790,-89.748
646.890,-87.638
646.990,-92.441
647.090,-91.603
647.190,-91.405
647.290,-92.527
647.390,-92.370
647.490,-89.550
647.590,-90.908
647.690,-92.214
647.790,-90.858
647.890,-91.696
647.990,-89.561
648.090,-93.090
648.190,-93.045
648.290,-92.427
648.390,-94.007
648.490,-90.152
648.590,-91.072
648.690,-91.001
648.790,-90.938
648.890,-90.336
648.990,-90.649
649.090,-93.027
649.190,-93.488
649.290,-94.248
649.390,-91.517
649.490,-94.527
649.590,-92.644
649.690,-90.310
649.790,-90.233
649.890,-91.469
649.990,-92.101
650.090,-92.462
650.190,-89.695
650.290,-95.632
650.390,-95.606
650.490,-93.770
650.590,-95.332
650.690,-93.667
650.790,-89.640
650.890,-90.362
650.990,-90.049
651.090,-92.862
651.190,-95.154
651.290,-95.792
651.390,-93.908
651.490,-93.547
651.590,-94.943
651.690,-106.063
651.790,-106.338
651.890,-108.029
651.990,-111.088
652.090,-109.419
652.190,-108.475
652.290,-111.521
652.390,-110.108
652.490,-108.905
652.590,-109.362
652.690,-110.083
652.790,-107.947
652.890,-112.151
652.990,-111.335
653.090,-109.104
653.190,-110.017
653.290,-111.532
653.390,-108.858
653.490,-108.466
653.590,-110.582
653.690,-111.065
653.790,-109.472
653.890,-110.464
653.990,-106.943
654.090,-108.927
654.190,-106.752
654.290,-109.805
654.390,-109.427
654.490,-109.681
654.590,-110.616
654.690,-108.484
654.790,-109.816
654.890,-110.677
654.990,-110.926
655.090,-109.993
655.190,-110.892
655.290,-110.012
655.390,-109.859
655.490,-108.456
655.590,-107.478
655.690,-108.716
655.790,-111.407
655.890,-110.467
655.990,-111.078
656.090,-108.800
656.190,-112.491
656.290,-110.285
656.390,-109.220
656.490,-110.244
656.590,-112.060
656.690,-109.630
656.790,-108.558
656.890,-106.469
656.990,-107.129
657.090,-111.106
657.190,-106.266
657.290,-109.833
657.390,-107.059
657.490,-108.396
657.590,-107.919
657.690,-112.186
657.790,-111.760
657.890,-110.738
657.990,-111.536
658.090,-110.787
658.190,-111.038
658.290,-111.679
658.390,-109.753
658.490,-110.939
658.590,-109.718
658.690,-109.857
658.790,-109.548
658.890,-108.360
658.990,-107.521
659.090,-107.679
659.190,-108.548
659.290,-107.357
659.390,-104.896
659.490,-109.028
659.590,-107.043
659.690,-104.069
659.790,-100.597
659.890,-107.825
659.990,-95.661
660.090,-99.331
660.190,-105.742
660.290,-107.838
660.390,-106.714
660.490,-107.963
660.590,-109.475
660.690,-109.197
660.790,-111.292
660.890,-110.767
660.990,-109.108
661.090,-108.440
661.190,-111.299
661.290,-108.249
661.390,-110.319
661.490,-109.569
661.590,-110.393
661.690,-110.462
661.790,-110.724
661.890,-110.787
661.990,-109.470
662.090,-108.451
662.190,-111.348
662.290,-111.396
662.390,-110.736
662.490,-109.403
662.590,-109.689
662.690,-110.677
662.790,-108.947
662.890,-107.980
662.990,-106.715
663.090,-105.261
663.190,-109.017
663.290,-107.446
663.390,-110.782
663.490,-110.887
663.590,-109.028
663.690,-109.368
663.790,-110.643
663.890,-111.727
663.990,-110.044
664.090,-110.298
664.190,-110.295
664.290,-108.784
664.390,-110.607
664.490,-109.178
664.590,-110.863
664.690,-111.014
664.790,-108.514
664.890,-108.864
664.990,-109.823
665.090,-110.617
665.190,-111.151
665.290,-110.830
665.390,-108.105
665.490,-109.945
665.590,-105.652
665.690,-108.538
665.790,-105.441
665.890,-108.607
665.990,-107.259
666.090,-108.787
666.190,-104.508
666.290,-105.216
666.390,-103.652
666.490,-105.300
666.590,-107.116
666.690,-105.375
666.790,-102.249
666.890,-100.903
666.990,-100.146
667.090,-99.104
667.190,-98.306
667.290,-97.986
667.390,-97.713
667.490,-97.367
667.590,-100.439
667.690,-103.177
667.790,-104.137
667.890,-105.368
667.990,-106.659
668.090,-90.526
668.190,-87.095
668.290,-90.914
668.390,-106.361
668.490,-106.232
668.590,-104.830
668.690,-101.885
668.790,-101.620
668.890,-107.717
668.990,-107.544
669.090,-110.887
669.190,-108.278
669.290,-110.999
669.390,-109.932
669.490,-109.912
669.590,-110.715
669.690,-109.816
669.790,-111.217
669.890,-111.580
669.990,-110.718
670.090,-109.506
670.190,-109.691
670.290,-111.288
670.390,-110.677
670.490,-111.439
670.590,-110.041
670.690,-112.192
670.790,-111.641
670.890,-110.627
670.990,-110.818
671.090,-110.479
671.190,-104.795
671.290,-105.776
671.390,-107.955
671.490,-110.006
671.590,-110.035
671.690,-109.427
671.790,-111.300
671.890,-111.017
671.990,-108.830
672.090,-110.154
672.190,-109.653
672.290,-109.496
672.390,-109.480
672.490,-110.034
672.590,-111.451
672.690,-109.795
672.790,-108.465
672.890,-110.868
672.990,-110.598
673.090,-110.723
673.190,-111.322
673.290,-112.016
673.390,-109.526
673.490,-109.796
673.590,-109.201
673.690,-112.962
673.790,-111.190
673.890,-111.303
673.990,-111.340
674.090,-108.794
674.190,-111.209
674.290,-103.351
674.390,-106.563
674.490,-108.990
674.590,-109.973
674.690,-108.243
674.790,-111.467
674.890,-110.008
674.990,-109.283
675.090,-111.948
675.190,-110.177
675.290,-109.687
675.390,-109.033
675.490,-109.527
675.590,-109.648
675.690,-110.185
675.790,-109.154
675.890,-108.953
675.990,-110.239
676.090,-107.673
676.190,-108.090
676.290,-111.368
676.390,-108.908
676.490,-110.413
676.590,-110.803
676.690,-108.835
676.790,-109.065
676.890,-109.486
676.990,-109.380
677.090,-110.139
677.190,-107.389
677.290,-105.951
677.390,-104.117
677.490,-99.164
677.590,-102.296
677.690,-106.835
677.790,-104.391
677.890,-108.031
677.990,-107.678
678.090,-106.515
678.190,-105.928
678.290,-107.689
678.390,-109.952
678.490,-111.007
678.590,-108.685
678.690,-109.972
678.790,-111.360
678.890,-109.773
678.990,-110.190
679.090,-108.868
679.190,-111.489
679.290,-111.518
679.390,-109.831
679.490,-109.042
679.590,-107.868
679.690,-108.495
679.790,-109.778
679.890,-107.661
679.990,-105.119
680.090,-107.071
680.190,-108.655
680.290,-108.304
680.390,-108.788
680.490,-108.541
680.590,-109.374
680.690,-109.588
680.790,-108.005
680.890,-109.177
680.990,-108.152
681.090,-107.840
681.190,-107.419
681.290,-108.606
681.390,-106.437
681.490,-105.330
681.590,-105.440
681.690,-104.812
681.790,-100.006
681.890,-100.242
681.990,-99.470
682.090,-96.752
682.190,-99.548
682.290,-101.170
682.390,-102.218
682.490,-103.890
682.590,-103.509
682.690,-106.318
682.790,-107.091
682.890,-102.753
682.990,-105.972
683.090,-108.463
683.190,-108.506
683.290,-107.774
683.390,-108.594
683.490,-108.060
683.590,-108.113
683.690,-109.570
683.790,-108.245
683.890,-109.843
683.990,-108.684
684.090,-108.465
684.190,-108.798
684.290,-108.336
684.390,-108.421
684.490,-111.086
684.590,-110.566
684.690,-110.988
684.790,-103.744
684.890,-109.179
684.990,-109.600
685.090,-109.817
685.190,-111.094
685.290,-108.503
685.390,-107.314
685.490,-106.907
685.590,-106.065
685.690,-106.354
685.790,-109.795
685.890,-109.313
685.990,-111.041
686.090,-109.420
686.190,-109.809
686.290,-111.400
686.390,-109.783
686.490,-109.735
686.590,-110.305
686.690,-108.556
686.790,-111.165
686.890,-111.777
686.990,-108.512
687.090,-110.506
687.190,-109.872
687.290,-110.307
687.390,-110.272
687.490,-108.982
687.590,-109.502
687.690,-111.109
687.790,-111.079
687.890,-110.139
687.990,-108.847
688.090,-109.230
688.190,-106.591
688.290,-111.502
688.390,-108.806
688.490,-107.943
688.590,-108.145
688.690,-107.755
688.790,-107.192
688.890,-110.656
688.990,-110.022
689.090,-109.685
689.190,-108.887
689.290,-110.947
689.390,-110.153
689.490,-110.403
689.590,-111.717
689.690,-111.144
689.790,-109.534
689.890,-109.816
689.990,-109.303
690.090,-109.211
690.190,-108.908
690.290,-111.764
690.390,-110.223
690.490,-108.526
690.590,-110.728
690.690,-108.247
690.790,-107.841
690.890,-108.591
690.990,-106.872
691.090,-105.661
691.190,-107.076
691.290,-106.098
691.390,-107.792
691.490,-109.399
691.590,-109.027
691.690,-108.643
691.790,-110.615
691.890,-110.051
691.990,-109.894
692.090,-109.102
692.090,-111.954
692.190,-109.536
692.290,-107.737
692.390,-110.877
692.490,-110.099
692.590,-109.343
692.690,-111.205
692.790,-110.788
692.890,-111.320
692.990,-110.159
693.090,-111.749
693.190,-110.526
693.290,-108.387
693.390,-111.940
693.490,-109.794
693.590,-111.821
693.690,-111.975
693.790,-111.791
693.890,-110.852
693.990,-112.263
694.090,-112.840
694.190,-113.006
694.290,-109.658
694.390,-110.054
694.490,-110.540
694.590,-109.512
694.690,-111.361
694.790,-110.763
694.890,-110.949
694.990,-110.965
695.090,-110.973
695.190,-110.742
695.290,-108.468
695.390,-109.047
695.490,-111.960
695.590,-108.405
695.690,-112.444
695.790,-110.481
695.890,-113.191
695.990,-111.034
696.090,-108.125
696.190,-111.557
696.290,-109.285
696.390,-112.099
696.490,-109.305
696.590,-112.451
696.690,-110.358
696.790,-109.814
696.890,-110.741
696.990,-109.813
697.090,-111.381
697.190,-108.393
697.290,-108.856
697.390,-108.850
697.490,-110.061
697.590,-111.759
697.690,-106.618
697.790,-110.308
697.890,-109.448
697.990,-110.953
698.090,-111.101
698.190,-110.363
698.290,-110.491
698.390,-109.742
698.490,-107.550
698.590,-110.919
698.690,-112.460
698.790,-111.527
698.890,-112.740
698.990,-110.366
699.090,-111.973
699.190,-111.113
699.290,-110.961
699.390,-109.572
699.490,-109.987
699.590,-111.403
699.690,-112.273
699.790,-109.425
699.890,-108.533
699.990,-107.337
700.090,-108.526
700.090,-108.459
700.190,-106.527
700.290,-110.210
700.390,-108.727
700.490,-108.009
700.590,-109.828
700.690,-106.957
700.790,-108.523
700.890,-110.695
700.990,-109.649
701.090,-109.875
701.190,-109.357
701.290,-109.464
701.390,-110.684
701.490,-109.569
701.590,-108.577
701.690,-108.308
701.790,-109.322
701.890,-107.976
701.990,-107.928
702.090,-108.537
702.190,-106.775
702.290,-107.459
702.390,-108.723
702.490,-107.784
702.590,-105.851
702.690,-104.509
702.790,-103.752
702.890,-105.598
702.990,-104.039
703.090,-102.960
703.190,-105.286
703.290,-98.142
703.390,-94.440
703.490,-100.494
703.590,-104.039
703.690,-103.371
703.790,-99.260
703.890,-95.932
703.990,-95.379
704.090,-99.060
704.190,-101.434
704.290,-106.230
704.390,-106.313
704.490,-104.403
704.590,-106.656
704.690,-108.915
704.790,-106.416
704.890,-108.032
704.990,-108.645
705.090,-110.372
705.190,-109.719
705.290,-107.990
705.390,-108.647
705.490,-107.630
705.590,-105.318
705.690,-104.634
705.790,-106.741
705.890,-106.492
705.990,-107.783
706.090,-107.758
706.190,-107.498
706.290,-108.463
706.390,-104.635
706.490,-109.293
706.590,-106.730
706.690,-107.518
706.790,-108.720
706.890,-107.666
706.990,-108.538
707.090,-109.407
707.190,-106.994
707.290,-109.372
707.390,-109.603
707.490,-111.011
707.590,-109.431
707.690,-108.798
707.790,-110.136
707.890,-109.497
707.990,-107.066
708.090,-105.046
708.190,-105.625
708.290,-103.043
708.390,-104.179
708.490,-105.656
708.590,-102.435
708.690,-104.943
708.790,-106.089
708.890,-109.311
708.990,-110.362
709.090,-110.157
709.190,-108.801
709.290,-108.663
709.390,-108.831
709.490,-108.538
709.590,-111.305
709.690,-108.582
709.790,-107.839
709.890,-109.822
709.990,-107.146
710.090,-107.361
710.190,-108.060
710.290,-108.551
710.390,-111.536
710.490,-111.193
710.590,-109.949
710.690,-110.641
710.790,-109.439
710.890,-108.739
710.990,-107.287
711.090,-108.184
711.190,-104.492
711.290,-106.278
711.390,-107.469
711.490,-106.388
711.590,-107.038
711.690,-109.182
711.790,-109.095
711.890,-108.695
711.990,-107.432
712.090,-108.464
712.190,-109.646
712.290,-108.528
712.390,-108.136
712.490,-109.927
712.590,-107.651
712.690,-106.118
712.790,-109.380
712.890,-107.775
712.990,-109.058
713.090,-108.633
713.190,-109.892
713.290,-107.833
713.390,-110.847
713.490,-108.356
713.590,-109.405
713.690,-106.387
713.790,-110.742
713.890,-107.536
713.990,-105.902
714.090,-110.520
714.190,-107.793
714.290,-104.270
714.390,-101.348
714.490,-107.352
714.590,-109.946
714.690,-109.020
714.790,-108.278
714.890,-108.982
714.990,-109.660
715.090,-108.133
715.190,-107.162
715.290,-111.251
715.390,-110.636
715.490,-108.608
715.590,-109.251
715.690,-107.848
715.790,-105.627
715.890,-106.732
715.990,-105.697
716.090,-107.676
716.190,-107.869
716.290,-107.902
716.390,-107.394
716.490,-106.358
716.590,-107.415
716.690,-108.496
716.790,-107.166
716.890,-106.003
716.990,-107.076
717.090,-105.808
717.190,-104.335
717.290,-106.354
717.390,-107.920
717.490,-107.115
717.590,-102.278
717.690,-104.144
717.790,-103.999
717.890,-105.363
717.990,-103.398
718.090,-101.290
718.190,-104.746
718.290,-101.758
718.390,-100.166
718.490,-89.614
718.590,-86.340
718.690,-86.946
718.790,-97.804
718.890,-102.434
718.990,-101.466
719.090,-102.682
719.190,-103.208
719.290,-105.667
719.390,-108.165
719.490,-108.052
719.590,-108.511
719.690,-107.709
719.790,-105.237
719.890,-99.497
719.990,-98.434
720.090,-99.834
720.190,-108.196
720.290,-110.691
720.390,-107.933
720.490,-107.872
720.590,-108.224
720.690,-106.819
720.790,-110.120
720.890,-109.757
720.990,-110.374
721.090,-109.711
721.190,-108.196
721.290,-108.430
721.390,-105.747
721.490,-103.570
721.590,-105.325
721.690,-107.964
721.790,-108.065
721.890,-108.242
721.990,-110.215
722.090,-107.426
722.190,-105.595
722.290,-107.205
722.390,-106.223
722.490,-106.881
722.590,-107.040
722.690,-104.788
722.790,-102.780
722.890,-103.595
722.990,-105.451
723.090,-107.286
723.190,-106.562
723.290,-106.169
723.390,-109.079
723.490,-108.035
723.590,-107.572
723.690,-108.116
723.790,-108.646
723.890,-107.576
723.990,-109.413
724.090,-106.129
724.190,-106.445
724.290,-106.564
724.390,-108.809
724.490,-109.155
724.590,-110.504
724.690,-110.344
724.790,-109.248
724.890,-108.605
724.990,-107.277
725.090,-106.875
725.190,-107.039
725.290,-107.340
725.390,-108.583
725.490,-101.919
725.590,-97.361
725.690,-97.653
725.790,-103.214
725.890,-102.751
725.990,-104.784
726.090,-108.557
726.190,-109.199
726.290,-109.137
726.390,-110.505
726.490,-107.996
726.590,-109.008
726.690,-108.170
726.790,-106.086
726.890,-107.565
726.990,-106.938
727.090,-106.240
727.190,-106.271
727.290,-108.012
727.390,-108.623
727.490,-109.622
727.590,-106.524
727.690,-106.496
727.790,-106.874
727.890,-108.408
727.990,-106.031
728.090,-106.268
728.190,-106.895
728.290,-106.055
728.390,-104.033
728.490,-103.200
728.590,-104.473
728.690,-106.892
728.790,-107.692
728.890,-104.798
728.990,-107.531
729.090,-107.346
729.190,-105.995
729.290,-99.899
729.390,-97.943
729.490,-96.667
729.590,-99.314
729.690,-97.956
729.790,-98.331
729.890,-99.327
729.990,-97.813
730.090,-96.268
730.190,-100.362
730.290,-99.923
730.390,-98.505
730.490,-100.684
730.590,-97.745
730.690,-101.069
730.790,-99.836
730.890,-98.081
730.990,-98.680
731.090,-97.362
731.190,-97.473
731.290,-94.956
731.390,-98.164
731.490,-98.476
731.590,-100.425
731.690,-100.926
731.790,-99.381
731.890,-99.798
731.990,-99.934
732.090,-99.771
732.190,-98.226
732.290,-99.045
732.390,-96.132
732.490,-96.713
732.590,-97.981
732.690,-95.962
732.790,-95.797
732.890,-97.560
732.990,-96.870
733.090,-94.627
733.190,-94.924
733.290,-96.662
733.390,-96.316
733.490,-97.064
733.590,-93.571
733.690,-94.714
733.790,-95.501
733.890,-95.205
733.990,-96.516
734.090,-95.279
734.190,-95.560
734.290,-97.530
734.390,-95.349
734.490,-96.416
734.590,-95.233
734.690,-98.537
734.790,-97.845
734.890,-97.105
734.990,-99.388
735.090,-96.492
735.190,-99.016
735.290,-97.063
735.390,-96.887
735.490,-96.111
735.590,-98.375
735.690,-98.192
735.790,-97.457
735.890,-97.395
735.990,-99.869
736.090,-96.305
736.190,-96.117
736.290,-99.771
736.390,-98.478
736.490,-99.133
736.590,-97.793
736.690,-97.156
736.790,-96.472
736.890,-94.367
736.990,-93.914
737.090,-100.257
737.190,-98.698
737.290,-96.813
737.390,-96.111
737.490,-94.587
737.590,-97.136
737.690,-94.200
737.790,-98.999
737.890,-96.523
737.990,-97.391
738.090,-96.367
738.190,-97.044
738.290,-97.676
738.390,-98.432
738.490,-101.470
738.590,-104.522
738.690,-107.118
738.790,-106.261
738.890,-104.685
738.990,-107.212
739.090,-104.918
739.190,-105.767
739.290,-103.817
739.390,-106.055
739.490,-106.803
739.590,-105.614
739.690,-102.652
739.790,-104.572
739.890,-104.452
739.990,-105.147
740.090,-104.966
740.190,-90.423
740.290,-89.577
740.390,-87.582
740.490,-88.855
740.590,-88.058
740.690,-85.494
740.790,-87.872
740.890,-88.132
740.990,-87.849
741.090,-91.504
741.190,-89.814
741.290,-91.674
741.390,-91.937
741.490,-93.096
741.590,-92.926
741.690,-89.697
741.790,-92.315
741.890,-91.299
741.990,-93.458
742.090,-91.444
742.190,-92.213
742.290,-90.862
742.390,-93.366
742.490,-91.216
742.590,-92.262
742.690,-91.569
742.790,-88.368
742.890,-88.233
742.990,-88.464
743.090,-86.947
743.190,-88.962
743.290,-87.993
743.390,-87.392
743.490,-89.251
743.590,-86.329
743.690,-85.833
743.790,-86.584
743.890,-86.876
743.990,-88.716
744.090,-89.504
744.190,-89.199
744.290,-89.535
744.390,-88.323
744.490,-91.001
744.590,-91.847
744.690,-89.443
744.790,-97.204
744.890,-105.875
744.990,-104.824
745.090,-107.425
745.190,-104.557
745.290,-104.977
745.390,-102.633
745.490,-104.728
745.590,-102.676
745.690,-104.490
745.790,-103.767
745.890,-101.857
745.990,-101.412
746.090,-104.745
746.090,-105.294
746.190,-89.859
746.290,-83.556
746.390,-91.419
746.490,-86.318
746.590,-91.413
746.690,-86.885
746.790,-90.801
746.890,-89.717
746.990,-91.133
747.090,-92.390
747.190,-90.514
747.290,-91.356
747.390,-86.211
747.490,-86.166
747.590,-92.043
747.690,-87.877
747.790,-93.218
747.890,-92.087
747.990,-92.777
748.090,-86.429
748.190,-90.594
748.290,-90.146
748.390,-90.379
748.490,-91.315
748.590,-88.130
748.690,-84.767
748.790,-82.672
748.890,-82.649
748.990,-84.407
749.090,-94.274
749.190,-91.277
749.290,-89.929
749.390,-85.846
749.490,-88.899
749.590,-87.574
749.690,-96.171
749.790,-90.684
749.890,-93.595
749.990,-89.479
750.090,-90.808
750.190,-95.976
750.290,-89.893
750.390,-89.686
750.490,-90.016
750.590,-87.634
750.690,-95.801
750.790,-98.723
750.890,-106.744
750.990,-105.194
751.090,-104.427
751.190,-98.735
751.290,-92.707
751.390,-93.041
751.490,-93.076
751.590,-97.931
751.690,-100.908
751.790,-95.761
751.890,-93.325
751.990,-90.920
752.090,-94.262
752.190,-94.776
752.290,-95.116
752.390,-95.661
752.490,-97.150
752.590,-97.187
752.690,-94.717
752.790,-93.466
752.890,-88.272
752.990,-88.423
753.090,-92.960
753.190,-88.145
753.290,-88.660
753.390,-91.006
753.490,-88.422
753.590,-86.857
753.690,-88.198
753.790,-87.367
753.890,-88.044
753.990,-89.155
754.090,-90.339
754.190,-93.271
754.290,-91.312
754.390,-91.416
754.490,-87.438
754.590,-91.181
754.690,-91.835
754.790,-98.785
754.890,-96.051
754.990,-98.312
755.090,-96.204
755.190,-95.767
755.290,-94.571
755.390,-93.542
755.490,-98.341
755.590,-92.611
755.690,-93.622
755.790,-93.300
755.890,-105.532
755.990,-106.395
756.090,-106.655
756.190,-108.247
756.290,-106.982
756.390,-105.608
756.490,-105.343
756.590,-105.652
756.690,-107.322
756.790,-105.616
756.890,-104.644
756.990,-103.514
757.090,-103.093
757.190,-102.448
757.290,-104.311
757.390,-104.019
757.490,-106.887
757.590,-106.923
757.690,-104.760
757.790,-106.349
757.890,-106.043
757.990,-107.868
758.090,-107.826
758.190,-105.423
758.290,-107.806
758.390,-103.843
758.490,-106.039
758.590,-106.693
758.690,-106.062
758.790,-106.903
758.890,-109.336
758.990,-105.817
759.090,-108.733
759.190,-110.496
759.290,-108.859
759.390,-108.983
759.490,-108.942
759.590,-108.808
759.690,-108.491
759.790,-104.925
759.890,-99.613
759.990,-97.022
760.090,-99.887
760.190,-106.529
760.290,-107.775
760.390,-109.512
760.490,-109.592
760.590,-110.231
760.690,-109.794
760.790,-110.964
760.890,-109.289
760.990,-110.126
761.090,-109.975
761.190,-108.353
761.290,-107.561
761.390,-107.046
761.490,-104.345
761.590,-105.978
761.690,-107.500
761.790,-107.638
761.890,-107.990
761.990,-106.166
762.090,-107.451
762.190,-107.837
762.290,-106.013
762.390,-106.805
762.490,-105.544
762.590,-105.740
762.690,-105.669
762.790,-102.561
762.890,-103.995
762.990,-105.746
763.090,-106.528
763.190,-106.027
763.290,-108.545
763.390,-106.761
763.490,-109.071
763.590,-108.804
763.690,-108.169
763.790,-108.611
763.890,-109.086
763.990,-107.099
764.090,-106.958
764.190,-107.771
764.290,-107.783
764.390,-107.024
764.490,-108.576
764.590,-108.781
764.690,-110.388
764.790,-109.150
764.890,-108.095
764.990,-109.277
765.090,-109.061
765.190,-108.567
765.290,-108.783
765.390,-108.957
765.490,-102.597
765.590,-99.315
765.690,-99.956
765.790,-103.856
765.890,-106.419
765.990,-109.388
766.090,-107.567
766.190,-109.102
766.290,-108.046
766.390,-107.893
766.490,-109.799
766.590,-107.853
766.690,-108.571
766.790,-106.631
766.890,-108.049
766.990,-107.111
767.090,-105.921
767.190,-105.750
767.290,-105.252
767.390,-106.136
767.490,-106.547
767.590,-103.802
767.690,-107.871
767.790,-105.629
767.890,-105.398
767.990,-107.608
768.090,-106.570
768.190,-105.286
768.290,-105.597
768.390,-102.522
768.490,-103.426
768.590,-102.682
768.690,-103.374
768.790,-104.582
768.890,-105.256
768.990,-105.847
769.090,-107.450
769.190,-107.519
769.290,-104.521
769.390,-102.085
769.490,-91.849
769.590,-82.476
769.690,-84.216
769.790,-94.665
769.890,-91.756
769.990,-91.814
770.090,-98.989
770.190,-97.469
770.290,-102.272
770.390,-104.467
770.490,-107.884
770.590,-107.679
770.690,-104.789
770.790,-108.325
770.890,-106.775
770.990,-99.671
771.090,-83.420
771.190,-80.323
771.290,-92.354
771.390,-101.969
771.490,-107.277
771.590,-105.262
771.690,-105.696
771.790,-105.183
771.890,-107.716
771.990,-108.243
772.090,-110.383
772.190,-108.457
772.290,-108.648
772.390,-109.855
772.490,-110.943
772.590,-109.807
772.690,-107.643
772.790,-105.321
772.890,-107.911
772.990,-109.319
773.090,-109.255
773.190,-108.672
773.290,-108.340
773.390,-109.834
773.490,-110.137
773.590,-108.697
773.690,-107.908
773.790,-107.094
773.890,-108.182
773.990,-104.433
774.090,-105.259
774.190,-106.192
774.290,-108.874
774.390,-108.078
774.490,-108.547
774.590,-108.220
774.690,-109.250
774.790,-109.797
774.890,-109.039
774.990,-108.676
775.090,-107.440
775.190,-108.303
775.290,-108.441
775.390,-110.543
775.490,-107.143
775.590,-107.011
775.690,-108.774
775.790,-109.628
775.890,-108.440
775.990,-108.304
776.090,-109.036
776.190,-110.358
776.290,-109.998
776.390,-108.011
776.490,-109.740
776.590,-109.313
776.690,-107.578
776.790,-105.967
776.890,-103.108
776.990,-103.314
777.090,-107.794
777.190,-108.652
777.290,-105.102
777.390,-105.258
777.490,-104.426
777.590,-108.270
777.690,-110.278
777.790,-108.376
777.890,-109.176
777.990,-111.278
778.090,-110.296
778.190,-106.907
778.290,-109.346
778.390,-108.725
778.490,-107.995
778.590,-107.925
778.690,-109.044
778.790,-108.887
778.890,-107.943
778.990,-109.655
779.090,-108.487
779.190,-110.112
779.290,-104.641
779.390,-107.033
779.490,-106.955
779.590,-108.689
779.690,-106.686
779.790,-106.165
779.890,-105.616
779.990,-108.650
780.090,-108.470
780.190,-105.543
780.290,-106.498
780.390,-108.939
780.490,-107.797
780.590,-110.020
780.690,-110.663
780.790,-110.090
780.890,-109.189
780.990,-107.010
781.090,-108.267
781.190,-106.606
781.290,-108.736
781.390,-111.066
781.490,-105.427
781.590,-105.199
781.690,-107.631
781.790,-108.138
781.890,-109.034
781.990,-109.679
782.090,-107.643
782.190,-109.559
782.290,-109.007
782.390,-109.147
782.490,-105.616
782.590,-103.997
782.690,-107.947
782.790,-111.031
782.890,-107.862
782.990,-103.200
783.090,-104.368
783.190,-106.438
783.290,-109.542
783.390,-110.859
783.490,-107.831
783.590,-108.901
783.690,-109.278
783.790,-109.165
783.890,-109.740
783.990,-108.324
784.090,-106.855
784.190,-109.957
784.290,-108.453
784.390,-108.560
784.490,-109.042
784.590,-107.439
784.690,-109.685
784.790,-107.459
784.890,-110.004
784.990,-108.905
785.090,-108.751
785.190,-108.884
785.290,-107.919
785.390,-107.715
785.490,-107.844
785.590,-108.716
785.690,-107.904
785.790,-106.516
785.890,-105.819
785.990,-107.131
786.090,-109.146
786.190,-107.693
786.290,-111.273
786.390,-107.674
786.490,-107.835
786.590,-109.209
786.690,-107.824
786.790,-107.676
786.890,-110.138
786.990,-108.961
787.090,-107.625
787.190,-107.579
787.290,-107.986
787.390,-108.657
787.490,-110.257
787.590,-108.218
787.690,-107.986
787.790,-111.019
787.890,-109.995
787.990,-110.769
788.090,-109.346
788.190,-108.052
788.290,-107.663
788.390,-111.699
788.490,-108.734
788.590,-103.128
788.690,-104.466
788.790,-106.104
788.890,-106.971
788.990,-110.875
789.090,-109.009
789.190,-111.734
789.290,-109.128
789.390,-111.156
789.490,-112.172
789.590,-107.244
789.690,-111.447
789.790,-109.587
789.890,-110.823
789.990,-108.186
790.090,-108.807
790.190,-110.868
790.290,-110.022
790.390,-111.483
790.490,-109.645
790.590,-109.911
790.690,-110.337
790.790,-111.330
790.890,-110.442
790.990,-110.950
791.090,-112.063
791.190,-109.280
791.290,-111.432
791.390,-107.096
791.490,-108.350
791.590,-108.547
791.690,-108.248
791.790,-110.794
791.890,-107.467
791.990,-109.358
792.090,-109.524
792.090,-110.456
792.190,-111.618
792.290,-109.125
792.390,-110.264
792.490,-110.704
792.590,-110.481
792.690,-111.777
792.790,-110.446
792.890,-109.509
792.990,-109.794
793.090,-112.390
793.190,-110.393
793.290,-109.377
793.390,-110.300
793.490,-111.120
793.590,-114.043
793.690,-112.457
793.790,-110.910
793.890,-110.744
793.990,-109.882
794.090,-110.013
794.190,-111.411
794.290,-105.278
794.390,-109.411
794.490,-108.841
794.590,-111.455
794.690,-110.308
794.790,-109.837
794.890,-113.357
794.990,-111.908
795.090,-112.032
795.190,-109.374
795.290,-109.186
795.390,-109.841
795.490,-111.159
795.590,-111.644
795.690,-112.378
795.790,-110.403
795.890,-111.865
795.990,-110.626
796.090,-110.822
796.190,-110.256
796.290,-110.059
796.390,-109.945
796.490,-110.209
796.590,-112.655
796.690,-112.734
796.790,-111.659
796.890,-110.564
796.990,-110.268
797.090,-108.365
797.190,-110.049
797.290,-108.866
797.390,-110.605
797.490,-110.984
797.590,-111.081
797.690,-109.314
797.790,-108.718
797.890,-112.014
797.990,-110.960
798.090,-112.235
798.190,-111.227
798.290,-109.320
798.390,-112.572
798.490,-111.599
798.590,-111.095
798.690,-109.882
798.790,-112.082
798.890,-112.539
798.990,-112.868
799.090,-111.275
799.190,-111.893
799.290,-112.411
799.390,-112.797
799.490,-111.894
799.590,-112.602
799.690,-111.125
799.790,-111.748
799.890,-110.139
799.990,-106.995
800.090,-112.237
800.090,-108.454
800.190,-111.426
800.290,-110.259
800.390,-112.818
800.490,-112.603
800.590,-109.730
800.690,-111.063
800.790,-112.477
800.890,-110.775
800.990,-113.026
801.090,-110.989
801.190,-110.442
801.290,-110.398
801.390,-110.864
801.490,-111.649
801.590,-110.458
801.690,-109.226
801.790,-110.819
801.890,-112.000
801.990,-110.468
802.090,-110.921
802.190,-110.800
802.290,-111.881
802.390,-112.195
802.490,-111.068
802.590,-111.489
802.690,-111.922
802.790,-108.784
802.890,-111.095
802.990,-110.190
803.090,-109.685
803.190,-111.347
803.290,-108.447
803.390,-111.383
803.490,-108.234
803.590,-111.584
803.690,-110.459
803.790,-111.730
803.890,-112.952
803.990,-112.250
804.090,-110.994
804.190,-111.574
804.290,-111.545
804.390,-109.971
804.490,-112.399
804.590,-109.087
804.690,-111.702
804.790,-111.781
804.890,-112.381
804.990,-110.223
805.090,-112.206
805.190,-111.654
805.290,-112.648
805.390,-109.230
805.490,-110.626
805.590,-108.267
805.690,-108.391
805.790,-109.091
805.890,-108.409
805.990,-110.021
806.090,-110.291
806.190,-110.396
806.290,-111.676
806.390,-112.868
806.490,-111.445
806.590,-110.987
806.690,-110.789
806.790,-110.012
806.890,-110.227
806.990,-110.853
807.090,-110.288
807.190,-109.760
807.290,-111.382
807.390,-109.618
807.490,-110.981
807.590,-112.189
807.690,-109.294
807.790,-112.232
807.890,-110.142
807.990,-110.234
808.090,-110.393
808.190,-111.778
808.290,-110.938
808.390,-110.094
808.490,-109.238
808.590,-110.820
808.690,-111.023
808.790,-110.308
808.890,-110.862
808.990,-110.818
809.090,-111.359
809.190,-109.237
809.290,-112.281
809.390,-111.091
809.490,-110.543
809.590,-111.426
809.690,-111.540
809.790,-110.085
809.890,-111.358
809.990,-111.925
810.090,-112.719
810.190,-110.194
810.290,-110.925
810.390,-109.887
810.490,-110.849
810.590,-111.250
810.690,-110.126
810.790,-109.712
810.890,-110.692
810.990,-109.039
811.090,-111.365
811.190,-107.525
811.290,-106.876
811.390,-109.021
811.490,-111.980
811.590,-111.393
811.690,-110.058
811.790,-110.185
811.890,-110.820
811.990,-110.086
812.090,-109.646
812.190,-107.096
812.290,-111.204
812.390,-109.998
812.490,-111.573
812.590,-108.390
812.690,-108.515
812.790,-109.710
812.890,-108.011
812.990,-108.209
813.090,-110.208
813.190,-107.565
813.290,-110.339
813.390,-110.228
813.490,-105.949
813.590,-109.512
813.690,-108.975
813.790,-110.082
813.890,-109.569
813.990,-109.265
814.090,-110.206
814.190,-110.298
814.290,-109.643
814.390,-109.926
814.490,-108.679
814.590,-109.423
814.690,-109.054
814.790,-108.110
814.890,-109.876
814.990,-110.058
815.090,-110.756
815.190,-109.591
815.290,-109.529
815.390,-108.501
815.490,-106.549
815.590,-110.394
815.690,-111.385
815.790,-110.049
815.890,-109.332
815.990,-110.772
816.090,-108.672
816.190,-109.592
816.290,-107.621
816.390,-109.979
816.490,-109.041
816.590,-98.593
816.690,-94.764
816.790,-99.506
816.890,-109.455
816.990,-107.977
817.090,-108.701
817.190,-109.623
817.290,-108.964
817.390,-108.780
817.490,-109.066
817.590,-111.037
817.690,-110.297
817.790,-110.128
817.890,-111.845
817.990,-112.474
818.090,-110.452
818.190,-111.398
818.290,-111.549
818.390,-109.078
818.490,-110.707
818.590,-109.768
818.690,-110.196
818.790,-110.528
818.890,-110.865
818.990,-109.703
819.090,-109.491
819.190,-109.765
819.290,-110.864
819.390,-112.556
819.490,-111.582
819.590,-110.113
819.690,-108.736
819.790,-110.801
819.890,-111.273
819.990,-109.465
820.090,-109.926
820.190,-110.405
820.290,-109.262
820.390,-110.277
820.490,-109.816
820.590,-109.093
820.690,-108.328
820.790,-109.136
820.890,-107.727
820.990,-103.592
821.090,-101.658
821.190,-101.548
821.290,-101.250
821.390,-104.384
821.490,-100.846
821.590,-109.730
821.690,-108.972
821.790,-108.103
821.890,-108.743
821.990,-109.019
822.090,-109.949
822.190,-108.085
822.290,-112.397
822.390,-109.717
822.490,-110.810
822.590,-109.871
822.690,-111.146
822.790,-109.385
822.890,-109.886
822.990,-109.788
823.090,-107.205
823.190,-110.154
823.290,-110.877
823.390,-112.362
823.490,-110.769
823.590,-110.336
823.690,-110.756
823.790,-111.633
823.890,-111.969
823.990,-110.470
824.090,-109.762
824.190,-110.799
824.290,-111.403
824.390,-109.307
824.490,-110.787
824.590,-110.981
824.690,-111.410
824.790,-112.064
824.890,-109.773
824.990,-110.538
825.090,-110.680
825.190,-107.363
825.290,-111.468
825.390,-111.373
825.490,-110.999
825.590,-108.822
825.690,-110.446
825.790,-109.170
825.890,-112.215
825.990,-110.780
826.090,-110.779
826.190,-110.546
826.290,-111.529
826.390,-110.767
826.490,-109.972
826.590,-111.113
826.690,-109.971
826.790,-112.456
826.890,-110.641
826.990,-110.974
827.090,-110.277
827.190,-111.859
827.290,-108.728
827.390,-110.207
827.490,-111.864
827.590,-110.390
827.690,-110.819
827.790,-111.189
827.890,-112.405
827.990,-112.081
828.090,-111.164
828.190,-106.987
828.290,-110.492
828.390,-110.909
828.490,-110.125
828.590,-110.479
828.690,-108.003
828.790,-109.854
828.890,-108.933
828.990,-110.998
829.090,-110.981
829.190,-111.676
829.290,-111.198
829.390,-111.858
829.490,-112.699
829.590,-112.328
829.690,-111.543
829.790,-110.234
829.890,-111.201
829.990,-111.066
830.090,-109.110
830.190,-109.976
830.290,-111.435
830.390,-112.219
830.490,-111.098
830.590,-110.346
830.690,-109.878
830.790,-107.713
830.890,-110.199
830.990,-110.807
831.090,-109.473
831.190,-110.263
831.290,-108.774
831.390,-106.359
831.490,-105.893
831.590,-107.512
831.690,-107.724
831.790,-109.465
831.890,-109.448
831.990,-110.443
832.090,-111.056
832.190,-110.059
832.290,-110.864
832.390,-110.150
832.490,-111.803
832.590,-110.406
832.690,-110.273
832.790,-110.625
832.890,-108.165
832.990,-111.627
833.090,-109.610
833.190,-109.895
833.290,-112.151
833.390,-112.595
833.490,-110.003
833.590,-111.459
833.690,-112.291
833.790,-111.322
833.890,-111.423
833.990,-110.111
834.090,-110.684
834.190,-110.829
834.290,-107.902
834.390,-108.679
834.490,-109.546
834.590,-110.623
834.690,-112.595
834.790,-110.228
834.890,-109.511
834.990,-109.520
835.090,-110.460
835.190,-111.881
835.290,-109.972
835.390,-109.565
835.490,-109.071
835.590,-105.391
835.690,-106.211
835.790,-106.428
835.890,-103.307
835.990,-108.543
836.090,-102.602
836.190,-103.837
836.290,-109.472
836.390,-109.183
836.490,-109.248
836.590,-108.518
836.690,-109.559
836.790,-108.302
836.890,-108.435
836.990,-111.845
837.090,-110.365
837.190,-109.497
837.290,-108.065
837.390,-112.266
837.490,-111.380
837.590,-111.074
837.690,-110.688
837.790,-112.386
837.890,-109.170
837.990,-108.912
838.090,-113.805
838.190,-111.570
838.290,-109.998
838.390,-109.308
838.490,-109.986
838.590,-108.992
838.690,-110.793
838.790,-113.765
838.890,-111.969
838.990,-112.791
839.090,-112.767
839.190,-109.509
839.290,-110.805
839.390,-112.184
839.490,-110.263
839.590,-113.046
839.690,-108.945
839.790,-112.177
839.890,-108.300
839.990,-109.056
840.090,-110.547
840.190,-109.717
840.290,-111.707
840.390,-111.249
840.490,-112.279
840.590,-112.865
840.690,-110.848
840.790,-110.541
840.890,-112.941
840.990,-110.759
841.090,-111.990
841.190,-110.366
841.290,-111.489
841.390,-111.938
841.490,-110.584
841.590,-110.589
841.690,-111.816
841.790,-108.682
841.890,-110.682
841.990,-110.856
842.090,-111.785
842.190,-112.569
842.290,-109.323
842.390,-110.606
842.490,-109.307
842.590,-110.106
842.690,-110.667
842.790,-109.942
842.890,-109.763
842.990,-113.148
843.090,-112.455
843.190,-110.606
843.290,-111.084
843.390,-109.565
843.490,-109.545
843.590,-108.722
843.690,-109.789
843.790,-110.725
843.890,-109.900
843.990,-111.623
844.090,-111.054
844.190,-108.357
844.290,-108.795
844.390,-110.544
844.490,-108.604
844.590,-113.094
844.690,-110.455
844.790,-110.240
844.890,-110.472
844.990,-110.045
845.090,-110.718
845.190,-112.334
845.290,-112.062
845.390,-109.421
845.490,-112.581
845.590,-108.733
845.690,-109.726
845.790,-113.602
845.890,-111.213
845.990,-110.187
846.090,-111.311
846.090,-111.295
846.190,-112.607
846.290,-112.180
846.390,-112.684
846.490,-110.729
846.590,-110.399
846.690,-109.065
846.790,-110.813
846.890,-110.693
846.990,-109.915
847.090,-112.528
847.190,-109.659
847.290,-108.929
847.390,-112.394
847.490,-113.680
847.590,-109.578
847.690,-110.960
847.790,-109.687
847.890,-111.387
847.990,-109.612
848.090,-110.584
848.190,-113.249
848.290,-111.935
848.390,-111.275
848.490,-110.944
848.590,-110.870
848.690,-111.492
848.790,-110.487
848.890,-112.135
848.990,-110.458
849.090,-112.928
849.190,-111.540
849.290,-111.135
849.390,-111.874
849.490,-112.452
849.590,-110.953
849.690,-110.355
849.790,-111.395
849.890,-109.708
849.990,-110.180
850.090,-110.762
850.190,-111.762
850.290,-110.716
850.390,-109.502
850.490,-112.461
850.590,-110.464
850.690,-111.933
850.790,-112.371
850.890,-112.387
850.990,-112.789
851.090,-109.954
851.190,-110.520
851.290,-110.114
851.390,-110.600
851.490,-111.786
851.590,-112.224
851.690,-111.862
851.790,-111.133
851.890,-111.812
851.990,-112.086
852.090,-109.670
852.190,-111.405
852.290,-110.110
852.390,-111.783
852.490,-111.378
852.590,-110.690
852.690,-110.092
852.790,-107.560
852.890,-110.200
852.990,-109.410
853.090,-110.143
853.190,-112.304
853.290,-111.385
853.390,-112.463
853.490,-110.945
853.590,-110.853
853.690,-109.446
853.790,-111.598
853.890,-111.168
853.990,-109.138
854.090,-111.877
854.190,-111.790
854.290,-110.779
854.390,-109.499
854.490,-110.217
854.590,-110.144
854.690,-111.391
854.790,-108.954
854.890,-108.421
854.990,-111.447
855.090,-110.669
855.190,-109.409
855.290,-109.654
855.390,-104.485
855.490,-103.477
855.590,-107.422
855.690,-110.049
855.790,-110.124
855.890,-111.189
855.990,-110.818
856.090,-111.438
856.190,-112.232
856.290,-111.217
856.390,-110.261
856.490,-108.496
856.590,-107.080
856.690,-110.885
856.790,-108.354
856.890,-111.175
856.990,-110.429
857.090,-111.817
857.190,-110.563
857.290,-111.951
857.390,-110.889
857.490,-110.465
857.590,-110.133
857.690,-109.653
857.790,-106.324
857.890,-105.873
857.990,-104.540
858.090,-107.333
858.190,-109.442
858.290,-110.892
858.390,-109.024
858.490,-112.331
858.590,-112.352
858.690,-109.747
858.790,-111.986
858.890,-110.788
858.990,-111.591
859.090,-110.469
859.190,-111.778
859.290,-109.466
859.390,-111.912
859.490,-112.116
859.590,-110.628
859.690,-111.730
859.790,-112.568
859.890,-110.920
859.990,-111.211
860.090,-109.217
860.190,-111.145
860.290,-111.293
860.390,-109.243
860.490,-113.553
860.590,-111.192
860.690,-110.650
860.790,-109.489
860.890,-111.091
860.990,-110.208
861.090,-111.751
861.190,-111.641
861.290,-112.609
861.390,-111.679
861.490,-111.515
861.590,-110.938
861.690,-112.240
861.790,-110.695
861.890,-111.170
861.990,-110.708
862.090,-109.955
862.190,-108.525
862.290,-111.751
862.390,-104.659
862.490,-108.355
862.590,-108.912
862.690,-111.778
862.790,-112.228
862.890,-109.938
862.990,-110.894
863.090,-111.064
863.190,-112.026
863.290,-110.837
863.390,-112.253
863.490,-112.663
863.590,-110.483
863.690,-110.686
863.790,-112.874
863.890,-110.822
863.990,-109.273
864.090,-109.625
864.190,-111.030
864.290,-111.396
864.390,-111.846
864.490,-109.116
864.590,-112.606
864.690,-113.178
864.790,-108.843
864.890,-113.268
864.990,-112.163
865.090,-111.824
865.190,-111.095
865.290,-110.683
865.390,-111.274
865.490,-112.029
865.590,-112.228
865.690,-112.867
865.790,-111.566
865.890,-110.888
865.990,-110.019
866.090,-111.568
866.190,-111.247
866.290,-113.588
866.390,-111.070
866.490,-111.940
866.590,-112.342
866.690,-110.621
866.790,-112.623
866.890,-112.166
866.990,-109.260
867.090,-111.325
867.190,-110.779
867.290,-112.464
867.390,-110.470
867.490,-111.922
867.590,-110.170
867.690,-110.305
867.790,-111.607
867.890,-112.223
867.990,-110.094
868.090,-111.503
868.190,-111.902
868.290,-112.128
868.390,-112.829
868.490,-111.754
868.590,-109.941
868.690,-109.934
868.790,-109.740
868.890,-110.281
868.990,-112.404
869.090,-111.302
869.190,-109.775
869.290,-112.113
869.390,-109.510
869.490,-110.832
869.590,-112.060
869.690,-108.746
869.790,-111.495
869.890,-111.994
869.990,-110.727
870.090,-111.260
870.190,-106.918
870.290,-102.534
870.390,-108.219
870.490,-106.859
870.590,-101.666
870.690,-104.022
870.790,-104.943
870.890,-102.512
870.990,-103.538
871.090,-102.337
871.190,-102.950
871.290,-101.396
871.390,-101.162
871.490,-103.338
871.590,-103.831
871.690,-102.673
871.790,-103.072
871.890,-103.680
871.990,-101.632
872.090,-102.381
872.190,-102.416
872.290,-101.751
872.390,-102.306
872.490,-99.515
872.590,-96.971
872.690,-98.969
872.790,-105.034
872.890,-104.018
872.990,-104.642
873.090,-102.522
873.190,-104.912
873.290,-104.684
873.390,-103.772
873.490,-105.040
873.590,-104.034
873.690,-103.823
873.790,-103.546
873.890,-102.533
873.990,-105.364
874.090,-104.155
874.190,-103.279
874.290,-104.615
874.390,-101.889
874.490,-104.519
874.590,-105.602
874.690,-104.377
874.790,-103.243
874.890,-107.841
874.990,-106.882
875.090,-110.025
875.190,-108.744
875.290,-110.795
875.390,-109.179
875.490,-110.102
875.590,-108.869
875.690,-110.263
875.790,-109.041
875.890,-109.766
875.990,-108.601
876.090,-110.265
876.190,-109.380
876.290,-108.390
876.390,-109.487
876.490,-110.774
876.590,-111.198
876.690,-108.088
876.790,-108.534
876.890,-107.816
876.990,-109.032
877.090,-108.465
877.190,-106.216
877.290,-107.933
877.390,-107.318
877.490,-109.527
877.590,-110.090
877.690,-107.454
877.790,-110.676
877.890,-108.942
877.990,-108.521
878.090,-109.475
878.190,-108.493
878.290,-110.421
878.390,-109.499
878.490,-107.635
878.590,-108.084
878.690,-110.757
878.790,-108.065
878.890,-111.565
878.990,-109.967
879.090,-109.795
879.190,-108.376
879.290,-109.850
879.390,-109.734
879.490,-111.421
879.590,-107.484
879.690,-98.550
879.790,-97.188
879.890,-98.150
879.990,-106.368
880.090,-108.151
880.190,-97.989
880.290,-94.399
880.390,-98.249
880.490,-97.263
880.590,-101.186
880.690,-98.387
880.790,-98.598
880.890,-99.082
880.990,-96.784
881.090,-103.994
881.190,-96.466
881.290,-99.454
881.390,-97.374
881.490,-96.020
881.590,-103.254
881.690,-99.401
881.790,-99.615
881.890,-103.455
881.990,-101.730
882.090,-104.326
882.190,-100.648
882.290,-99.276
882.390,-103.598
882.490,-103.621
882.590,-97.499
882.690,-102.192
882.790,-100.146
882.890,-100.726
882.990,-105.900
883.090,-98.487
883.190,-97.271
883.290,-104.653
883.390,-105.269
883.490,-106.613
883.590,-97.626
883.690,-94.163
883.790,-99.521
883.890,-97.309
883.990,-95.845
884.090,-97.957
884.190,-93.513
884.290,-96.313
884.390,-98.552
884.490,-96.558
884.590,-94.913
884.690,-101.872
884.790,-102.892
884.890,-109.895
884.990,-110.785
885.090,-110.035
885.190,-110.364
885.290,-109.311
885.390,-100.626
885.490,-104.091
885.590,-102.868
885.690,-95.533
885.790,-103.988
885.890,-106.682
885.990,-99.682
886.090,-109.525
886.190,-95.120
886.290,-107.273
886.390,-102.896
886.490,-96.636
886.590,-94.327
886.690,-109.179
886.790,-95.210
886.890,-103.685
886.990,-100.123
887.090,-95.126
887.190,-99.421
887.290,-104.385
887.390,-108.239
887.490,-105.631
887.590,-95.430
887.690,-93.742
887.790,-95.186
887.890,-105.550
887.990,-108.567
888.090,-98.355
888.190,-98.064
888.290,-97.196
888.390,-105.067
888.490,-106.739
888.590,-106.642
888.690,-105.875
888.790,-108.808
888.890,-101.027
888.990,-108.159
889.090,-108.570
889.190,-106.607
889.290,-106.439
889.390,-103.799
889.490,-107.019
889.590,-107.948
889.690,-107.778
889.790,-107.850
889.890,-108.315
889.990,-108.774
890.090,-110.731
890.190,-109.869
890.290,-106.426
890.390,-102.780
890.490,-107.985
890.590,-105.766
890.690,-109.098
890.790,-104.350
890.890,-99.673
890.990,-99.156
891.090,-106.603
891.190,-106.829
891.290,-105.280
891.390,-109.027
891.490,-109.843
891.590,-109.773
891.690,-108.593
891.790,-109.383
891.890,-108.579
891.990,-110.422
892.090,-111.843
892.090,-109.904
892.190,-111.189
892.290,-111.128
892.390,-108.256
892.490,-109.819
892.590,-109.973
892.690,-107.577
892.790,-108.954
892.890,-111.257
892.990,-107.684
893.090,-110.351
893.190,-109.401
893.290,-109.294
893.390,-109.145
893.490,-109.491
893.590,-109.456
893.690,-107.793
893.790,-108.886
893.890,-108.819
893.990,-108.559
894.090,-107.963
894.190,-107.239
894.290,-107.622
894.390,-108.778
894.490,-105.948
894.590,-108.912
894.690,-108.550
894.790,-108.483
894.890,-107.243
894.990,-107.905
895.090,-109.858
895.190,-109.937
895.290,-110.619
895.390,-110.136
895.490,-110.193
895.590,-109.334
895.690,-108.841
895.790,-111.219
895.890,-108.896
895.990,-110.818
896.090,-111.662
896.190,-110.443
896.290,-111.439
896.390,-109.693
896.490,-111.665
896.590,-109.530
896.690,-109.681
896.790,-111.932
896.890,-108.406
896.990,-107.959
897.090,-109.482
897.190,-110.760
897.290,-109.628
897.390,-108.767
897.490,-107.984
897.590,-108.313
897.690,-112.323
897.790,-110.081
897.890,-111.728
897.990,-112.072
898.090,-109.537
898.190,-111.218
898.290,-110.521
898.390,-110.321
898.490,-109.902
898.590,-110.221
898.690,-111.823
898.790,-109.429
898.890,-108.562
898.990,-110.486
899.090,-110.404
899.190,-107.555
899.290,-108.910
899.390,-108.222
899.490,-108.959
899.590,-108.415
899.690,-110.059
899.790,-108.821
899.890,-108.994
899.990,-110.442
900.090,-109.881
900.090,-109.110
900.190,-108.421
900.290,-110.355
900.390,-111.089
900.490,-108.606
900.590,-111.690
900.690,-108.505
900.790,-109.376
900.890,-111.010
900.990,-112.057
901.090,-109.440
901.190,-109.973
901.290,-110.932
901.390,-111.623
901.490,-110.750
901.590,-111.147
901.690,-111.784
901.790,-110.374
901.890,-110.275
901.990,-109.884
902.090,-110.893
902.190,-111.385
902.290,-111.351
902.390,-111.402
902.490,-109.024
902.590,-108.897
902.690,-110.866
902.790,-110.560
902.890,-110.095
902.990,-110.507
903.090,-109.011
903.190,-109.777
903.290,-109.439
903.390,-110.741
903.490,-110.341
903.590,-111.818
903.690,-110.089
903.790,-111.356
903.890,-111.271
903.990,-109.874
904.090,-111.085
904.190,-112.046
904.290,-111.124
904.390,-112.125
904.490,-110.012
904.590,-110.728
904.690,-111.247
904.790,-111.476
904.890,-110.515
904.990,-111.245
905.090,-110.732
905.190,-109.373
905.290,-109.281
905.390,-106.353
905.490,-109.849
905.590,-110.890
905.690,-110.580
905.790,-108.948
905.890,-109.584
905.990,-110.312
906.090,-109.391
906.190,-112.677
906.290,-111.465
906.390,-111.569
906.490,-112.481
906.590,-111.744
906.690,-110.908
906.790,-111.139
906.890,-111.433
906.990,-111.125
907.090,-111.195
907.190,-109.407
907.290,-108.924
907.390,-110.069
907.490,-111.126
907.590,-110.918
907.690,-111.525
907.790,-112.716
907.890,-111.818
907.990,-112.901
908.090,-112.138
908.190,-109.972
908.290,-112.894
908.390,-112.598
908.490,-112.317
908.590,-107.847
908.690,-108.748
908.790,-109.647
908.890,-108.896
908.990,-110.298
909.090,-110.033
909.190,-111.375
909.290,-112.121
909.390,-112.174
909.490,-110.248
909.590,-112.669
909.690,-110.376
909.790,-110.970
909.890,-111.639
909.990,-110.687
910.090,-109.864
910.190,-110.185
910.290,-111.001
910.390,-111.510
910.490,-112.441
910.590,-110.127
910.690,-109.997
910.790,-110.947
910.890,-112.194
910.990,-110.106
911.090,-112.565
911.190,-112.327
911.290,-109.238
911.390,-109.938
911.490,-108.303
911.590,-107.437
911.690,-110.887
911.790,-111.584
911.890,-110.152
911.990,-110.958
912.090,-111.052
912.190,-111.192
912.290,-110.287
912.390,-109.310
912.490,-110.916
912.590,-110.195
912.690,-112.419
912.790,-110.215
912.890,-110.413
912.990,-110.259
913.090,-110.979
913.190,-110.415
913.290,-110.008
913.390,-113.133
913.490,-112.046
913.590,-109.676
913.690,-109.875
913.790,-111.546
913.890,-111.004
913.990,-110.097
914.090,-112.633
914.190,-111.260
914.290,-108.254
914.390,-109.057
914.490,-111.008
914.590,-112.122
914.690,-111.793
914.790,-111.674
914.890,-110.752
914.990,-110.513
915.090,-110.345
915.190,-111.518
915.290,-109.778
915.390,-112.185
915.490,-112.491
915.590,-110.450
915.690,-110.871
915.790,-111.021
915.890,-110.648
915.990,-111.291
916.090,-110.528
916.190,-112.747
916.290,-111.939
916.390,-110.800
916.490,-109.450
916.590,-111.010
916.690,-110.254
916.790,-111.488
916.890,-111.467
916.990,-108.803
917.090,-109.039
917.190,-111.744
917.290,-110.800
917.390,-108.919
917.490,-110.871
917.590,-111.617
917.690,-110.211
917.790,-111.375
917.890,-111.917
917.990,-109.893
918.090,-111.599
918.190,-109.773
918.290,-112.360
918.390,-110.538
918.490,-110.166
918.590,-109.242
918.690,-110.612
918.790,-109.123
918.890,-111.696
918.990,-111.760
919.090,-113.435
919.190,-113.359
919.290,-111.515
919.390,-110.020
919.490,-113.109
919.590,-110.041
919.690,-111.776
919.790,-111.704
919.890,-107.806
919.990,-107.367
920.090,-109.282
920.190,-109.918
920.290,-110.349
920.390,-110.178
920.490,-111.691
920.590,-112.021
920.690,-111.165
920.790,-113.096
920.890,-112.952
920.990,-111.152
921.090,-111.894
921.190,-111.052
921.290,-107.956
921.390,-108.897
921.490,-110.367
921.590,-108.382
921.690,-111.331
921.790,-111.195
921.890,-110.502
921.990,-112.210
922.090,-111.409
922.190,-109.262
922.290,-108.643
922.390,-108.847
922.490,-108.039
922.590,-109.947
922.690,-108.102
922.790,-108.785
922.890,-108.966
922.990,-110.813
923.090,-108.897
923.190,-108.304
923.290,-108.890
923.390,-107.320
923.490,-107.192
923.590,-107.511
923.690,-104.578
923.790,-100.595
923.890,-100.622
923.990,-100.957
924.090,-105.382
924.190,-106.983
924.290,-106.726
924.390,-106.228
924.490,-110.826
924.590,-109.396
924.690,-108.216
924.790,-112.427
924.890,-109.754
924.990,-109.918
925.090,-108.520
925.190,-110.081
925.290,-109.980
925.390,-110.133
925.490,-111.022
925.590,-107.621
925.690,-108.577
925.790,-108.814
925.890,-111.757
925.990,-111.458
926.090,-110.936
926.190,-112.812
926.290,-109.746
926.390,-112.356
926.490,-112.145
926.590,-112.509
926.690,-114.784
926.790,-110.258
926.890,-110.744
926.990,-109.401
927.090,-109.906
927.190,-108.556
927.290,-111.066
927.390,-112.682
927.490,-111.858
927.590,-111.034
927.690,-111.159
927.790,-109.594
927.890,-112.257
927.990,-111.412
928.090,-111.986
928.190,-110.773
928.290,-111.233
928.390,-106.729
928.490,-110.230
928.590,-108.654
928.690,-109.700
928.790,-110.458
928.890,-110.372
928.990,-112.134
929.090,-111.489
929.190,-110.882
929.290,-108.004
929.390,-111.996
929.490,-111.580
929.590,-111.537
929.690,-110.528
929.790,-110.962
929.890,-111.901
929.990,-109.245
930.090,-111.269
930.190,-111.916
930.290,-110.982
930.390,-111.893
930.490,-112.590
930.590,-112.789
930.690,-113.072
930.790,-112.815
930.890,-111.641
930.990,-112.911
931.090,-111.258
931.190,-110.713
931.290,-110.212
931.390,-109.437
931.490,-110.014
931.590,-112.030
931.690,-110.873
931.790,-111.448
931.890,-111.026
931.990,-112.101
932.090,-111.399
932.190,-111.116
932.290,-110.275
932.390,-108.664
932.490,-110.816
932.590,-109.899
932.690,-110.308
932.790,-110.970
932.890,-112.435
932.990,-109.896
933.090,-111.373
933.190,-110.196
933.290,-111.014
933.390,-110.405
933.490,-110.196
933.590,-113.035
933.690,-112.040
933.790,-109.223
933.890,-112.556
933.990,-110.985
934.090,-109.885
934.190,-108.403
934.290,-112.371
934.390,-111.730
934.490,-112.172
934.590,-110.715
934.690,-110.351
934.790,-111.909
934.890,-111.265
934.990,-111.205
935.090,-112.021
935.190,-109.433
935.290,-112.104
935.390,-111.125
935.490,-111.198
935.590,-112.276
935.690,-111.660
935.790,-110.191
935.890,-112.633
935.990,-112.608
936.090,-110.834
936.190,-113.598
936.290,-111.768
936.390,-112.181
936.490,-113.050
936.590,-111.481
936.690,-111.666
936.790,-112.377
936.890,-110.345
936.990,-112.346
937.090,-111.104
937.190,-112.470
937.290,-111.272
937.390,-111.286
937.490,-112.429
937.590,-113.557
937.690,-110.981
937.790,-113.769
937.890,-112.610
937.990,-111.177
938.090,-112.944
938.190,-110.828
938.290,-111.367
938.390,-109.766
938.490,-111.592
938.590,-113.413
938.690,-110.421
938.790,-112.588
938.890,-112.276
938.990,-109.507
939.090,-112.217
939.190,-112.344
939.290,-112.309
939.390,-112.730
939.490,-110.441
939.590,-112.515
939.690,-112.760
939.790,-109.783
939.890,-111.496
939.990,-110.842
940.090,-113.103
940.190,-112.235
940.290,-112.140
940.390,-111.388
940.490,-113.604
940.590,-110.247
940.690,-113.389
940.790,-112.467
940.890,-111.250
940.990,-111.659
941.090,-110.565
941.190,-110.235
941.290,-112.019
941.390,-112.880
941.490,-111.370
941.590,-112.474
941.690,-110.442
941.790,-110.293
941.890,-111.915
941.990,-111.616
942.090,-111.264
942.190,-112.113
942.290,-111.432
942.390,-114.736
942.490,-111.938
942.590,-112.870
942.690,-112.277
942.790,-110.155
942.890,-111.572
942.990,-110.770
943.090,-111.318
943.190,-111.149
943.290,-111.720
943.390,-112.434
943.490,-111.963
943.590,-112.383
943.690,-112.133
943.790,-111.427
943.890,-112.757
943.990,-111.943
944.090,-112.683
944.190,-112.751
944.290,-112.989
944.390,-112.551
944.490,-112.435
944.590,-109.844
944.690,-110.804
944.790,-112.148
944.890,-111.320
944.990,-111.654
945.090,-111.810
945.190,-110.476
945.290,-113.456
945.390,-112.036
945.490,-112.676
945.590,-112.515
945.690,-111.396
945.790,-112.930
945.890,-112.702
945.990,-111.897
946.090,-111.353
946.090,-112.145
946.190,-111.700
946.290,-112.345
946.390,-111.994
946.490,-110.856
946.590,-111.951
946.690,-109.460
946.790,-109.613
946.890,-112.156
946.990,-109.675
947.090,-111.963
947.190,-110.674
947.290,-111.586
947.390,-112.356
947.490,-112.438
947.590,-111.744
947.690,-113.944
947.790,-111.892
947.890,-113.554
947.990,-110.796
948.090,-111.640
948.190,-113.491
948.290,-110.768
948.390,-112.771
948.490,-111.997
948.590,-112.195
948.690,-110.479
948.790,-110.971
948.890,-114.150
948.990,-113.217
949.090,-112.558
949.190,-112.459
949.290,-110.927
949.390,-112.529
949.490,-112.326
949.590,-113.058
949.690,-111.903
949.790,-111.743
949.890,-111.475
949.990,-113.066
950.090,-111.606
950.190,-112.149
950.290,-111.519
950.390,-110.589
950.490,-111.140
950.590,-112.870
950.690,-111.156
950.790,-111.449
950.890,-111.119
950.990,-111.880
951.090,-111.393
951.190,-113.676
951.290,-111.039
951.390,-111.880
951.490,-111.265
951.590,-113.572
951.690,-110.488
951.790,-112.585
951.890,-111.907
951.990,-110.595
952.090,-110.977
952.190,-113.035
952.290,-112.926
952.390,-113.950
952.490,-111.798
952.590,-111.850
952.690,-111.941
952.790,-111.929
952.890,-112.327
952.990,-110.292
953.090,-110.612
953.190,-111.034
953.290,-111.585
953.390,-111.611
953.490,-111.608
953.590,-112.277
953.690,-111.750
953.790,-111.688
953.890,-113.796
953.990,-111.977
954.090,-113.300
954.190,-110.361
954.290,-108.322
954.390,-109.472
954.490,-110.661
954.590,-112.098
954.690,-108.507
954.790,-112.098
954.890,-108.884
954.990,-110.228
955.090,-112.796
955.190,-110.852
955.290,-110.440
955.390,-110.793
955.490,-112.338
955.590,-110.548
955.690,-111.982
955.790,-111.473
955.890,-111.690
955.990,-112.227
956.090,-110.277
956.190,-111.822
956.290,-110.731
956.390,-112.307
956.490,-112.880
956.590,-111.271
956.690,-110.906
956.790,-110.927
956.890,-111.283
956.990,-111.470
957.090,-113.312
957.190,-113.116
957.290,-111.399
957.390,-110.585
957.490,-110.992
957.590,-109.195
957.690,-109.504
957.790,-112.768
957.890,-112.516
957.990,-111.320
958.090,-110.161
958.190,-110.687
958.290,-109.814
958.390,-111.871
958.490,-111.552
958.590,-110.811
958.690,-110.869
958.790,-111.009
958.890,-110.245
958.990,-111.941
959.090,-111.816
959.190,-110.542
959.290,-112.685
959.390,-111.851
959.490,-111.503
959.590,-110.565
959.690,-111.171
959.790,-113.593
959.890,-112.313
959.990,-107.782
960.090,-109.595
960.190,-110.728
960.290,-113.170
960.390,-111.575
960.490,-109.548
960.590,-106.606
960.690,-113.461
960.790,-110.271
960.890,-112.670
960.990,-113.005
961.090,-111.367
961.190,-112.127
961.290,-109.713
961.390,-109.218
961.490,-113.056
961.590,-110.639
961.690,-112.259
961.790,-111.832
961.890,-113.035
961.990,-112.358
962.090,-113.006
962.190,-110.485
962.290,-113.367
962.390,-114.044
962.490,-111.333
962.590,-110.679
962.690,-110.415
962.790,-112.820
962.890,-110.582
962.990,-110.285
963.090,-110.227
963.190,-111.168
963.290,-108.934
963.390,-112.585
963.490,-113.169
963.590,-111.949
963.690,-112.493
963.790,-110.238
963.890,-112.668
963.990,-112.112
964.090,-111.017
964.190,-110.998
964.290,-111.993
964.390,-111.083
964.490,-109.908
964.590,-110.538
964.690,-107.676
964.790,-108.271
964.890,-107.059
964.990,-104.797
965.090,-94.789
965.190,-94.526
965.290,-100.409
965.390,-104.552
965.490,-110.139
965.590,-107.571
965.690,-112.064
965.790,-110.075
965.890,-110.573
965.990,-110.824
966.090,-111.086
966.190,-110.239
966.290,-110.061
966.390,-109.931
966.490,-107.757
966.590,-114.096
966.690,-112.728
966.790,-111.282
966.890,-110.320
966.990,-113.113
967.090,-112.002
967.190,-110.255
967.290,-112.181
967.390,-110.637
967.490,-112.146
967.590,-113.164
967.690,-112.152
967.790,-111.912
967.890,-111.847
967.990,-112.088
968.090,-110.921
968.190,-112.325
968.290,-110.464
968.390,-112.332
968.490,-109.242
968.590,-113.482
968.690,-113.466
968.790,-111.087
968.890,-110.306
968.990,-111.954
969.090,-108.894
969.190,-110.810
969.290,-113.448
969.390,-110.768
969.490,-108.918
969.590,-111.430
969.690,-110.616
969.790,-111.123
969.890,-111.228
969.990,-111.469
970.090,-112.846
1430.090,-111.557
1430.190,-111.572
1430.290,-109.186
1430.390,-109.744
1430.490,-111.333
1430.590,-111.217
1430.690,-110.949
1430.790,-109.885
1430.890,-107.573
1430.990,-110.218
1431.090,-111.994
1431.190,-111.179
1431.290,-112.006
1431.390,-110.481
1431.490,-111.245
1431.590,-112.797
1431.690,-109.319
1431.790,-108.896
1431.890,-110.670
1431.990,-109.666
1432.090,-111.031
1432.190,-111.498
1432.290,-108.824
1432.390,-105.423
1432.490,-109.835
1432.590,-110.577
1432.690,-110.488
1432.790,-110.956
1432.890,-110.753
1432.990,-111.610
1433.090,-111.924
1433.190,-108.943
1433.290,-109.112
1433.390,-110.631
1433.490,-110.930
1433.590,-111.451
1433.690,-110.488
1433.790,-109.815
1433.890,-111.609
1433.990,-112.681
1434.090,-111.319
1434.190,-112.137
1434.290,-111.649
1434.390,-110.713
1434.490,-108.209
1434.590,-99.798
1434.690,-107.642
1434.790,-111.066
1434.890,-111.757
1434.990,-110.904
1435.090,-109.442
1435.190,-110.412
1435.290,-110.231
1435.390,-111.698
1435.490,-109.989
1435.590,-111.090
1435.690,-109.472
1435.790,-110.982
1435.890,-110.231
1435.990,-109.545
1436.090,-111.788
1436.190,-110.672
1436.290,-109.802
1436.390,-111.641
1436.490,-111.114
1436.590,-110.264
1436.690,-111.108
1436.790,-110.626
1436.890,-111.721
1436.990,-110.635
1437.090,-111.450
1437.190,-110.220
1437.290,-112.531
1437.390,-111.336
1437.490,-110.496
1437.590,-112.110
1437.690,-112.021
1437.790,-111.897
1437.890,-111.012
1437.990,-111.311
1438.090,-111.461
1438.190,-103.582
1438.290,-101.942
1438.390,-110.330
1438.490,-110.827
1438.590,-111.387
1438.690,-110.505
1438.790,-109.879
1438.890,-111.223
1438.990,-111.973
1439.090,-111.692
1439.190,-111.015
1439.290,-110.557
1439.390,-110.165
1439.490,-111.135
1439.590,-111.060
1439.690,-111.822
1439.790,-110.101
1439.890,-109.047
1439.990,-110.526
1440.090,-107.878
1440.190,-110.050
1440.290,-111.809
1440.390,-109.451
1440.490,-111.675
1440.590,-110.289
1440.690,-111.891
1440.790,-110.393
1440.890,-111.194
1440.990,-111.837
1441.090,-110.447
1441.190,-110.191
1441.290,-111.052
1441.390,-110.524
1441.490,-109.851
1441.590,-95.782
1441.690,-91.853
1441.790,-110.331
1441.890,-110.285
1441.990,-110.510
1442.090,-110.605
1442.190,-110.161
1442.290,-110.512
1442.390,-110.488
1442.490,-111.203
1442.590,-110.437
1442.690,-108.170
1442.790,-109.206
1442.890,-111.688
1442.990,-111.147
1443.090,-107.779
1443.190,-111.317
1443.290,-109.071
1443.390,-108.926
1443.490,-111.737
1443.590,-112.297
1443.690,-111.677
1443.790,-110.403
1443.890,-109.012
1443.990,-110.133
1444.090,-111.114
1444.190,-111.003
1444.290,-111.564
1444.390,-110.078
1444.490,-111.789
1444.590,-110.978
1444.690,-111.986
1444.790,-111.874
1444.890,-112.402
1444.990,-111.149
1445.090,-110.580
1445.190,-110.893
1445.290,-111.928
1445.390,-110.947
1445.490,-108.688
1445.590,-111.124
1445.690,-108.996
1445.790,-111.897
1445.890,-110.734
1445.990,-110.576
1446.090,-111.668
1446.190,-111.234
1446.290,-110.165
1446.390,-110.900
1446.490,-110.591
1446.590,-111.387
1446.690,-111.060
1446.790,-110.497
1446.890,-111.206
1446.990,-107.243
1447.090,-110.859
1447.190,-111.303
1447.290,-111.920
1447.390,-110.677
1447.490,-109.662
1447.590,-111.078
1447.690,-111.166
1447.790,-110.925
1447.890,-111.131
1447.990,-110.748
1448.090,-110.766
1448.190,-109.989
1448.290,-112.101
1448.390,-110.515
1448.490,-110.391
1448.590,-110.556
1448.690,-105.312
1448.790,-110.657
1448.890,-111.699
1448.990,-111.046
1449.090,-110.395
1449.190,-110.610
1449.290,-109.934
1449.390,-111.477
1449.490,-110.341
1449.590,-109.165
1449.690,-110.258
1449.790,-110.878
1449.890,-112.011
1449.990,-110.516
1450.090,-111.907
1450.190,-112.378
1450.290,-111.720
1450.390,-111.228
1450.490,-111.354
1450.590,-110.982
1450.690,-110.108
1450.790,-110.569
1450.890,-111.791
1450.990,-111.425
1451.090,-109.821
1451.190,-111.380
1451.290,-111.323
1451.390,-109.435
1451.490,-111.147
1451.590,-111.870
1451.690,-110.621
1451.790,-112.683
1451.890,-108.264
1451.990,-111.284
1452.090,-111.312
1452.190,-110.723
1452.290,-110.451
1452.390,-111.003
1452.490,-109.814
1452.590,-111.942
1452.690,-112.335
1452.790,-110.832
1452.890,-110.161
1452.990,-111.841
1453.090,-111.051
1453.190,-111.201
1453.290,-111.582
1453.390,-110.545
1453.490,-111.962
1453.590,-110.661
1453.690,-111.057
1453.790,-110.210
1453.890,-110.776
1453.990,-110.846
1454.090,-110.175
1454.190,-111.059
1454.290,-111.488
1454.390,-112.235
1454.490,-110.667
1454.590,-112.071
1454.690,-111.120
1454.790,-110.467
1454.890,-111.397
1454.990,-111.134
1455.090,-109.912
1455.190,-109.712
1455.290,-110.021
1455.390,-113.468
1455.490,-111.544
1455.590,-112.449
1455.690,-111.073
1455.790,-113.971
1455.890,-111.409
1455.990,-103.681
1456.090,-112.235
1456.190,-111.750
1456.290,-111.967
1456.390,-112.961
1456.490,-112.847
1456.590,-111.107
1456.690,-111.099
1456.790,-110.200
1456.890,-111.479
1456.990,-111.768
1457.090,-109.369
1457.190,-110.601
1457.290,-110.465
1457.390,-110.852
1457.490,-109.911
1457.590,-111.479
1457.690,-112.243
1457.790,-113.798
1457.890,-112.240
1457.990,-111.997
1458.090,-108.101
1458.190,-111.300
1458.290,-112.285
1458.390,-111.381
1458.490,-111.646
1458.590,-110.334
1458.690,-107.578
1458.790,-108.749
1458.890,-111.329
1458.990,-108.070
1459.090,-106.714
1459.190,-105.137
1459.290,-106.958
1459.390,-109.161
1459.490,-107.070
1459.590,-106.180
1459.690,-109.755
1459.790,-111.061
1459.890,-108.389
1459.990,-111.354
1460.090,-112.304
1460.190,-110.664
1460.290,-114.262
1460.390,-112.115
1460.490,-110.583
1460.590,-110.124
1460.690,-112.619
1460.790,-109.396
1460.890,-111.699
1460.990,-111.308
1461.090,-110.319
1461.190,-109.538
1461.290,-112.662
1461.390,-113.362
1461.490,-111.746
1461.590,-110.011
1461.690,-111.653
1461.790,-112.636
1461.890,-112.344
1461.990,-112.055
1462.090,-110.478
1462.190,-112.296
1462.290,-112.505
1462.390,-107.372
1462.490,-113.245
1462.590,-112.103
1462.690,-111.396
1462.790,-111.250
1462.890,-110.712
1462.990,-112.179
1463.090,-113.897
1463.190,-111.573
1463.290,-112.683
1463.390,-109.356
1463.490,-109.995
1463.590,-110.955
1463.690,-109.213
1463.790,-110.840
1463.890,-110.251
1463.990,-111.005
1464.090,-112.513
1464.190,-112.157
1464.290,-112.466
1464.390,-110.711
1464.490,-105.744
1464.590,-110.937
1464.690,-111.123
1464.790,-111.817
1464.890,-112.317
1464.990,-112.720
1465.090,-111.584
1465.190,-111.960
1465.290,-111.785
1465.390,-112.570
1465.490,-110.879
1465.590,-111.411
1465.690,-111.026
1465.790,-111.876
1465.890,-112.623
1465.990,-111.363
1466.090,-111.354
1466.190,-110.614
1466.290,-111.896
1466.390,-108.655
1466.490,-109.422
1466.590,-111.856
1466.690,-111.364
1466.790,-111.417
1466.890,-111.424
1466.990,-109.694
1467.090,-110.011
1467.190,-108.369
1467.290,-110.924
1467.390,-111.809
1467.490,-108.341
1467.590,-110.369
1467.690,-108.991
1467.790,-110.339
1467.890,-109.661
1467.990,-112.256
1468.090,-110.471
1468.190,-111.230
1468.290,-110.317
1468.390,-110.661
1468.490,-108.098
1468.590,-111.098
1468.690,-110.634
1468.790,-109.390
1468.890,-109.013
1468.990,-108.280
1469.090,-106.078
1469.190,-106.084
1469.290,-102.469
1469.390,-102.747
1469.490,-102.212
1469.590,-102.508
1469.690,-106.064
1469.790,-107.311
1469.890,-110.239
1469.990,-112.093
1470.090,-108.170
1470.190,-110.395
1470.290,-109.335
1470.390,-109.614
1470.490,-110.625
1470.590,-111.010
1470.690,-110.776
1470.790,-108.842
1470.890,-109.728
1470.990,-110.477
1471.090,-111.804
1471.190,-110.321
1471.290,-109.101
1471.390,-109.785
1471.490,-108.878
1471.590,-110.562
1471.690,-110.358
1471.790,-112.766
1471.890,-109.639
1471.990,-110.342
1472.090,-109.965
1472.190,-111.196
1472.290,-110.903
1472.390,-112.820
1472.490,-111.975
1472.590,-112.088
1472.690,-110.325
1472.790,-109.704
1472.890,-110.460
1472.990,-112.937
1473.090,-112.181
1473.190,-110.805
1473.290,-111.675
1473.390,-110.831
1473.490,-114.101
1473.590,-111.653
1473.690,-112.273
1473.790,-108.915
1473.890,-109.227
1473.990,-108.568
1474.090,-111.485
1474.190,-111.265
1474.290,-112.086
1474.390,-110.095
1474.490,-112.426
1474.590,-110.764
1474.690,-109.821
1474.790,-112.761
1474.890,-112.242
1474.990,-111.863
1475.090,-113.290
1475.190,-111.331
1475.290,-112.678
1475.390,-108.844
1475.490,-110.201
1475.590,-112.040
1475.690,-110.885
1475.790,-110.687
1475.890,-109.418
1475.990,-107.599
1476.090,-111.377
1476.090,-108.658
1476.190,-112.367
1476.290,-111.083
1476.390,-111.957
1476.490,-111.743
1476.590,-111.440
1476.690,-110.140
1476.790,-111.885
1476.890,-110.351
1476.990,-111.426
1477.090,-109.550
1477.190,-110.992
1477.290,-110.572
1477.390,-109.143
1477.490,-111.287
1477.590,-109.616
1477.690,-111.892
1477.790,-111.940
1477.890,-110.942
1477.990,-110.883
1478.090,-109.776
1478.190,-111.662
1478.290,-110.144
1478.390,-111.638
1478.490,-110.380
1478.590,-113.011
1478.690,-110.149
1478.790,-113.133
1478.890,-110.157
1478.990,-110.454
1479.090,-109.075
1479.190,-111.417
1479.290,-110.840
1479.390,-111.492
1479.490,-111.935
1479.590,-112.353
1479.690,-109.644
1479.790,-110.240
1479.890,-111.044
1479.990,-110.087
1480.090,-110.817
1480.190,-111.845
1480.290,-111.355
1480.390,-110.742
1480.490,-111.934
1480.590,-111.583
1480.690,-111.504
1480.790,-111.635
1480.890,-108.804
1480.990,-107.790
1481.090,-112.435
1481.190,-112.346
1481.290,-111.008
1481.390,-112.442
1481.490,-110.834
1481.590,-110.778
1481.690,-110.675
1481.790,-110.419
1481.890,-110.563
1481.990,-111.512
1482.090,-111.043
1482.190,-109.571
1482.290,-111.349
1482.390,-111.471
1482.490,-110.976
1482.590,-111.748
1482.690,-110.408
1482.790,-109.183
1482.890,-110.277
1482.990,-112.670
1483.090,-111.839
1483.190,-109.357
1483.290,-111.693
1483.390,-108.734
1483.490,-111.548
1483.590,-111.395
1483.690,-112.930
1483.790,-110.107
1483.890,-111.902
1483.990,-112.227
1484.090,-110.374
1484.190,-111.970
1484.290,-110.630
1484.390,-112.708
1484.490,-111.773
1484.590,-111.840
1484.690,-111.393
1484.790,-111.406
1484.890,-111.025
1484.990,-110.030
1485.090,-110.124
1485.190,-111.047
1485.290,-109.006
1485.390,-111.089
1485.490,-112.408
1485.590,-112.619
1485.690,-111.178
1485.790,-110.368
1485.890,-111.026
1485.990,-110.572
1486.090,-111.828
1486.190,-112.665
1486.290,-110.701
1486.390,-110.673
1486.490,-110.655
1486.590,-112.877
1486.690,-110.337
1486.790,-111.185
1486.890,-110.122
1486.990,-111.833
1487.090,-110.359
1487.190,-110.769
1487.290,-107.534
1487.390,-111.548
1487.490,-112.593
1487.590,-110.141
1487.690,-109.470
1487.790,-111.764
1487.890,-111.228
1487.990,-110.579
1488.090,-111.367
1488.190,-109.662
1488.290,-111.044
1488.390,-111.251
1488.490,-110.631
1488.590,-111.067
1488.690,-109.232
1488.790,-111.112
1488.890,-111.755
1488.990,-111.689
1489.090,-110.670
1489.190,-111.815
1489.290,-112.119
1489.390,-112.716
1489.490,-112.023
1489.590,-111.644
1489.690,-112.304
1489.790,-112.566
1489.890,-109.397
1489.990,-110.882
1490.090,-110.938
1490.190,-111.964
1490.290,-110.926
1490.390,-111.199
1490.490,-111.215
1490.590,-111.101
1490.690,-110.109
1490.790,-111.648
1490.890,-111.366
1490.990,-110.640
1491.090,-111.679
1491.190,-110.455
1491.290,-111.248
1491.390,-109.245
1491.490,-109.919
1491.590,-109.839
1491.690,-111.890
1491.790,-111.505
1491.890,-112.033
1491.990,-111.719
1492.090,-110.125
1492.190,-113.259
1492.290,-111.794
1492.390,-110.759
1492.490,-109.820
1492.590,-108.715
1492.690,-109.981
1492.790,-114.076
1492.890,-111.375
1492.990,-110.986
1493.090,-112.236
1493.190,-110.514
1493.290,-111.182
1493.390,-110.267
1493.490,-110.593
1493.590,-109.143
1493.690,-111.002
1493.790,-111.168
1493.890,-111.776
1493.990,-111.389
1494.090,-111.157
1494.190,-109.881
1494.290,-110.468
1494.390,-111.625
1494.490,-111.238
1494.590,-111.712
1494.690,-110.238
1494.790,-111.415
1494.890,-112.694
1494.990,-111.549
1495.090,-109.869
1495.190,-111.691
1495.290,-111.536
1495.390,-112.117
1495.490,-110.622
1495.590,-112.763
1495.690,-110.528
1495.790,-112.325
1495.890,-109.945
1495.990,-112.403
1496.090,-111.325
1496.190,-110.011
1496.290,-112.441
1496.390,-111.077
1496.490,-109.459
1496.590,-113.174
1496.690,-111.607
1496.790,-110.664
1496.890,-111.470
1496.990,-109.732
1497.090,-111.285
1497.190,-111.190
1497.290,-110.648
1497.390,-110.319
1497.490,-110.951
1497.590,-111.718
1497.690,-111.448
1497.790,-111.135
1497.890,-111.812
1497.990,-111.201
1498.090,-111.812
1498.190,-112.448
1498.290,-111.741
1498.390,-109.743
1498.490,-108.535
1498.590,-111.133
1498.690,-110.399
1498.790,-110.947
1498.890,-110.559
1498.990,-111.282
1499.090,-110.668
1499.190,-109.510
1499.290,-109.829
1499.390,-113.067
1499.490,-110.756
1499.590,-109.530
1499.690,-110.448
1499.790,-110.307
1499.890,-112.725
1499.990,-108.721
1500.090,-108.885
1500.190,-112.392
1500.290,-111.286
1500.390,-110.571
1500.490,-110.356
1500.590,-109.104
1500.690,-112.025
1500.790,-110.544
1500.890,-109.124
1500.990,-111.315
1501.090,-110.896
1501.190,-111.629
1501.290,-111.178
1501.390,-109.810
1501.490,-111.896
1501.590,-112.325
1501.690,-109.704
1501.790,-113.108
1501.890,-111.418
1501.990,-111.045
1502.090,-110.705
1502.190,-111.261
1502.290,-110.277
1502.390,-111.027
1502.490,-109.736
1502.590,-111.915
1502.690,-111.075
1502.790,-108.580
1502.890,-111.502
1502.990,-111.136
1503.090,-111.464
1503.190,-110.865
1503.290,-110.913
1503.390,-110.481
1503.490,-109.579
1503.590,-111.445
1503.690,-112.067
1503.790,-112.736
1503.890,-111.068
1503.990,-110.438
1504.090,-110.579
1504.190,-111.308
1504.290,-110.292
1504.390,-112.439
1504.490,-111.312
1504.590,-113.142
1504.690,-108.806
1504.790,-109.646
1504.890,-110.589
1504.990,-110.997
1505.090,-111.575
1505.190,-111.202
1505.290,-109.939
1505.390,-111.111
1505.490,-112.032
1505.590,-111.635
1505.690,-111.241
1505.790,-110.159
1505.890,-109.948
1505.990,-111.704
1506.090,-109.742
1506.190,-110.160
1506.290,-108.438
1506.390,-109.982
1506.490,-112.150
1506.590,-109.041
1506.690,-111.924
1506.790,-112.974
1506.890,-109.840
1506.990,-112.551
1507.090,-111.185
1507.190,-110.886
1507.290,-111.733
1507.390,-110.389
1507.490,-111.183
1507.590,-110.772
1507.690,-111.976
1507.790,-111.626
1507.890,-108.794
1507.990,-110.127
1508.090,-110.310
1508.190,-111.896
1508.290,-111.091
1508.390,-109.923
1508.490,-110.770
1508.590,-112.030
1508.690,-112.399
1508.790,-110.396
1508.890,-109.250
1508.990,-111.023
1509.090,-110.304
1509.190,-112.621
1509.290,-111.046
1509.390,-109.068
1509.490,-111.810
1509.590,-110.584
1509.690,-110.835
1509.790,-110.210
1509.890,-110.075
1509.990,-110.610
1510.090,-110.924
1510.190,-111.131
1510.290,-113.060
1510.390,-111.786
1510.490,-110.438
1510.590,-109.205
1510.690,-109.813
1510.790,-112.675
1510.890,-110.346
1510.990,-111.327
1511.090,-111.559
1511.190,-110.174
1511.290,-111.937
1511.390,-110.215
1511.490,-110.155
1511.590,-110.297
1511.690,-112.738
1511.790,-111.147
1511.890,-110.847
1511.990,-110.004
1512.090,-112.973
1512.190,-110.851
1512.290,-110.903
1512.390,-109.263
1512.490,-110.337
1512.590,-111.479
1512.690,-112.097
1512.790,-111.056
1512.890,-112.399
1512.990,-109.086
1513.090,-108.926
1513.190,-110.103
1513.290,-109.282
1513.390,-110.837
1513.490,-111.305
1513.590,-111.009
1513.690,-111.420
1513.790,-112.157
1513.890,-112.749
1513.990,-112.330
1514.090,-110.149
1514.190,-111.109
1514.290,-111.827
1514.390,-110.599
1514.490,-112.304
1514.590,-108.721
1514.690,-112.254
1514.790,-111.658
1514.890,-112.677
1514.990,-112.028
1515.090,-109.456
1515.190,-110.090
1515.290,-111.203
1515.390,-112.638
1515.490,-110.093
1515.590,-109.065
1515.690,-111.347
1515.790,-110.606
1515.890,-110.450
1515.990,-111.031
1516.090,-110.154
1516.190,-111.522
1516.290,-111.040
1516.390,-110.074
1516.490,-111.396
1516.590,-111.600
1516.690,-110.663
1516.790,-111.706
1516.890,-112.523
1516.990,-109.812
1517.090,-110.746
1517.190,-110.947
1517.290,-112.496
1517.390,-111.584
1517.490,-111.373
1517.590,-112.257
1517.690,-110.181
1517.790,-110.682
1517.890,-112.545
1517.990,-109.139
1518.090,-111.223
1518.190,-110.160
1518.290,-108.694
1518.390,-110.789
1518.490,-111.010
1518.590,-112.634
1518.690,-109.874
1518.790,-110.304
1518.890,-112.449
1518.990,-110.731
1519.090,-111.800
1519.190,-109.540
1519.290,-110.926
1519.390,-108.446
1519.490,-110.852
1519.590,-109.496
1519.690,-111.315
1519.790,-110.288
1519.890,-111.895
1519.990,-109.733
1520.090,-111.850
1520.190,-112.268
1520.290,-112.163
1520.390,-110.354
1520.490,-110.575
1520.590,-110.365
1520.690,-110.183
1520.790,-110.021
1520.890,-109.322
1520.990,-111.392
1521.090,-109.778
1521.190,-111.549
1521.290,-109.427
1521.390,-111.445
1521.490,-110.223
1521.590,-111.192
1521.690,-110.548
1521.790,-110.420
1521.890,-109.974
1521.990,-110.481
1522.090,-111.783
1522.090,-112.973
1522.190,-112.930
1522.290,-112.773
1522.390,-109.861
1522.490,-111.392
1522.590,-107.275
1522.690,-111.509
1522.790,-111.588
1522.890,-110.909
1522.990,-109.994
1523.090,-112.808
1523.190,-110.851
1523.290,-111.518
1523.390,-109.983
1523.490,-110.838
1523.590,-110.801
1523.690,-110.348
1523.790,-113.436
1523.890,-112.006
1523.990,-112.543
1524.090,-112.128
1524.190,-112.275
1524.290,-111.551
1524.390,-109.986
1524.490,-108.853
1524.590,-112.166
1524.690,-111.010
1524.790,-109.609
1524.890,-111.368
1524.990,-110.359
1525.090,-112.022
1525.190,-111.246
1525.290,-111.909
1525.390,-112.246
1525.490,-110.432
1525.590,-112.199
1525.690,-108.799
1525.790,-111.589
1525.890,-113.092
1525.990,-111.765
1526.090,-111.819
1526.190,-110.096
1526.290,-109.986
1526.390,-112.026
1526.490,-111.519
1526.590,-109.614
1526.690,-111.172
1526.790,-111.008
1526.890,-111.453
1526.990,-111.342
1527.090,-110.011
1527.190,-111.918
1527.290,-110.817
1527.390,-110.182
1527.490,-111.473
1527.590,-111.296
1527.690,-109.818
1527.790,-110.971
1527.890,-111.707
1527.990,-111.731
1528.090,-109.839
1528.190,-110.808
1528.290,-111.236
1528.390,-110.493
1528.490,-111.139
1528.590,-111.486
1528.690,-111.635
1528.790,-111.714
1528.890,-111.368
1528.990,-110.045
1529.090,-111.438
1529.190,-109.891
1529.290,-110.244
1529.390,-110.661
1529.490,-112.010
1529.590,-111.781
1529.690,-112.271
1529.790,-110.341
1529.890,-110.005
1529.990,-110.841
1530.090,-108.026
1530.190,-111.595
1530.290,-109.617
1530.390,-113.257
1530.490,-111.744
1530.590,-113.849
1530.690,-112.130
1530.790,-110.886
1530.890,-111.501
1530.990,-111.118
1531.090,-111.198
1531.190,-110.674
1531.290,-110.370
1531.390,-111.314
1531.490,-112.375
1531.590,-110.412
1531.690,-108.852
1531.790,-112.310
1531.890,-109.350
1531.990,-112.137
1532.090,-110.391
1532.190,-112.238
1532.290,-112.227
1532.390,-109.667
1532.490,-111.436
1532.590,-112.278
1532.690,-111.412
1532.790,-110.435
1532.890,-111.859
1532.990,-111.432
1533.090,-110.793
1533.190,-109.982
1533.290,-110.874
1533.390,-111.954
1533.490,-110.473
1533.590,-111.436
1533.690,-111.506
1533.790,-109.534
1533.890,-111.208
1533.990,-110.901
1534.090,-112.093
1534.190,-110.880
1534.290,-111.268
1534.390,-109.898
1534.490,-110.742
1534.590,-110.263
1534.690,-110.743
1534.790,-109.526
1534.890,-109.910
1534.990,-111.561
1535.090,-109.739
1535.190,-111.859
1535.290,-112.314
1535.390,-109.362
1535.490,-110.367
1535.590,-111.435
1535.690,-111.403
1535.790,-110.391
1535.890,-112.124
1535.990,-113.060
1536.090,-110.115
1536.190,-111.757
1536.290,-111.610
1536.390,-110.444
1536.490,-110.490
1536.590,-111.766
1536.690,-110.095
1536.790,-110.943
1536.890,-109.863
1536.990,-112.906
1537.090,-111.653
1537.190,-110.210
1537.290,-110.790
1537.390,-110.596
1537.490,-111.314
1537.590,-111.116
1537.690,-110.134
1537.790,-111.940
1537.890,-110.988
1537.990,-109.694
1538.090,-110.811
1538.190,-111.852
1538.290,-111.843
1538.390,-112.558
1538.490,-110.377
1538.590,-109.872
1538.690,-110.345
1538.790,-110.346
1538.890,-111.036
1538.990,-110.897
1539.090,-111.768
1539.190,-112.331
1539.290,-110.471
1539.390,-110.930
1539.490,-109.677
1539.590,-108.771
1539.690,-108.742
1539.790,-109.483
1539.890,-109.889
1539.990,-110.696
1540.090,-112.320
1880.090,-107.396
1880.190,-109.934
1880.290,-111.576
1880.390,-109.803
1880.490,-109.307
1880.590,-109.953
1880.690,-109.017
1880.790,-109.020
1880.890,-110.079
1880.990,-110.401
1881.090,-110.692
1881.190,-110.390
1881.290,-110.540
1881.390,-109.765
1881.490,-110.440
1881.590,-109.419
1881.690,-111.412
1881.790,-110.310
1881.890,-109.646
1881.990,-110.570
1882.090,-109.658
1882.190,-109.864
1882.290,-110.037
1882.390,-110.654
1882.490,-112.008
1882.590,-111.843
1882.690,-109.440
1882.790,-109.454
1882.890,-110.831
1882.990,-108.610
1883.090,-110.882
1883.190,-109.240
1883.290,-111.317
1883.390,-109.091
1883.490,-110.275
1883.590,-110.013
1883.690,-109.863
1883.790,-109.819
1883.890,-109.768
1883.990,-110.641
1884.090,-108.501
1884.190,-108.842
1884.290,-108.829
1884.390,-110.036
1884.490,-109.736
1884.590,-111.643
1884.690,-111.082
1884.790,-111.316
1884.890,-110.410
1884.990,-109.043
1885.090,-110.017
1885.190,-109.306
1885.290,-111.792
1885.390,-110.201
1885.490,-110.157
1885.590,-110.135
1885.690,-111.253
1885.790,-110.313
1885.890,-110.279
1885.990,-110.546
1886.090,-110.352
1886.190,-109.449
1886.290,-109.888
1886.390,-109.919
1886.490,-109.691
1886.590,-109.708
1886.690,-110.868
1886.790,-110.450
1886.890,-110.511
1886.990,-110.427
1887.090,-110.200
1887.190,-110.026
1887.290,-110.770
1887.390,-109.535
1887.490,-111.204
1887.590,-111.336
1887.690,-109.472
1887.790,-110.361
1887.890,-110.477
1887.990,-109.916
1888.090,-110.105
1888.190,-110.316
1888.290,-107.360
1888.390,-111.161
1888.490,-109.542
1888.590,-110.959
1888.690,-107.748
1888.790,-109.883
1888.890,-110.240
1888.990,-108.898
1889.090,-110.427
1889.190,-109.233
1889.290,-110.426
1889.390,-110.308
1889.490,-108.160
1889.590,-110.957
1889.690,-109.606
1889.790,-108.449
1889.890,-111.315
1889.990,-108.770
1890.090,-108.844
1890.190,-110.685
1890.290,-109.900
1890.390,-108.854
1890.490,-109.851
1890.590,-110.445
1890.690,-109.829
1890.790,-109.331
1890.890,-108.318
1890.990,-110.011
1891.090,-108.418
1891.190,-111.118
1891.290,-110.145
1891.390,-109.025
1891.490,-110.236
1891.590,-109.376
1891.690,-109.436
1891.790,-109.216
1891.890,-109.917
1891.990,-107.368
1892.090,-110.688
1892.190,-109.933
1892.290,-109.611
1892.390,-109.356
1892.490,-110.100
1892.590,-109.702
1892.690,-109.885
1892.790,-109.344
1892.890,-108.105
1892.990,-109.717
1893.090,-108.088
1893.190,-109.278
1893.290,-110.549
1893.390,-109.968
1893.490,-110.835
1893.590,-111.357
1893.690,-109.044
1893.790,-109.501
1893.890,-109.000
1893.990,-108.096
1894.090,-110.720
1894.190,-110.632
1894.290,-108.954
1894.390,-110.109
1894.490,-109.179
1894.590,-108.046
1894.690,-109.215
1894.790,-107.385
1894.890,-109.286
1894.990,-109.106
1895.090,-109.397
1895.190,-109.902
1895.290,-109.518
1895.390,-110.845
1895.490,-109.170
1895.590,-111.167
1895.690,-108.904
1895.790,-109.252
1895.890,-110.302
1895.990,-110.024
1896.090,-107.755
1896.190,-110.077
1896.290,-109.875
1896.390,-108.494
1896.490,-108.486
1896.590,-108.839
1896.690,-110.208
1896.790,-111.228
1896.890,-109.575
1896.990,-108.373
1897.090,-108.431
1897.190,-108.800
1897.290,-110.650
1897.390,-110.499
1897.490,-110.144
1897.590,-107.845
1897.690,-110.383
1897.790,-109.748
1897.890,-110.239
1897.990,-109.806
1898.090,-108.779
1898.190,-109.510
1898.290,-109.955
1898.390,-109.720
1898.490,-107.639
1898.590,-109.846
1898.690,-109.580
1898.790,-109.660
1898.890,-109.753
1898.990,-108.893
1899.090,-108.235
1899.190,-108.733
1899.290,-108.826
1899.390,-109.753
1899.490,-109.756
1899.590,-110.071
1899.690,-109.260
1899.790,-108.469
1899.890,-109.252
1899.990,-108.141
1900.090,-108.978
1900.190,-108.862
1900.290,-111.571
1900.390,-106.081
1900.490,-110.697
1900.590,-108.535
1900.690,-108.982
1900.790,-109.193
1900.890,-109.806
1900.990,-108.955
1901.090,-109.256
1901.190,-107.965
1901.290,-110.738
1901.390,-110.149
1901.490,-108.731
1901.590,-108.156
1901.690,-109.115
1901.790,-107.639
1901.890,-109.940
1901.990,-108.524
1902.090,-109.852
1902.190,-109.716
1902.290,-109.039
1902.390,-109.911
1902.490,-109.404
1902.590,-109.967
1902.690,-109.220
1902.790,-108.775
1902.890,-109.087
1902.990,-108.186
1903.090,-109.083
1903.190,-109.132
1903.290,-108.340
1903.390,-108.664
1903.490,-109.420
1903.590,-108.303
1903.690,-109.851
1903.790,-105.773
1903.890,-108.776
1903.990,-107.204
1904.090,-109.890
1904.190,-109.662
1904.290,-108.312
1904.390,-108.414
1904.490,-111.065
1904.590,-109.671
1904.690,-109.157
1904.790,-110.691
1904.890,-109.220
1904.990,-110.763
1905.090,-110.844
1905.190,-107.844
1905.290,-109.948
1905.390,-109.993
1905.490,-110.321
1905.590,-109.552
1905.690,-109.985
1905.790,-110.098
1905.890,-109.650
1905.990,-109.059
1906.090,-111.451
1906.190,-110.323
1906.290,-108.249
1906.390,-108.766
1906.490,-108.271
1906.590,-109.471
1906.690,-108.739
1906.790,-109.265
1906.890,-106.614
1906.990,-109.574
1907.090,-109.555
1907.190,-110.097
1907.290,-109.422
1907.390,-108.150
1907.490,-109.505
1907.590,-109.166
1907.690,-109.121
1907.790,-106.954
1907.890,-109.165
1907.990,-110.535
1908.090,-108.499
1908.190,-109.233
1908.290,-108.850
1908.390,-108.578
1908.490,-108.299
1908.590,-107.401
1908.690,-108.071
1908.790,-108.990
1908.890,-107.547
1908.990,-109.295
1909.090,-107.505
1909.190,-109.616
1909.290,-107.381
1909.390,-107.015
1909.490,-108.779
1909.590,-108.884
1909.690,-108.847
1909.790,-106.062
1909.890,-109.493
1909.990,-108.862
1910.090,-110.863
1910.190,-110.537
1910.290,-108.985
1910.390,-107.213
1910.490,-108.791
1910.590,-108.970
1910.690,-108.279
1910.790,-109.259
1910.890,-109.314
1910.990,-109.110
1911.090,-109.937
1911.190,-107.902
1911.290,-108.326
1911.390,-108.934
1911.490,-108.576
1911.590,-108.834
1911.690,-109.736
1911.790,-108.585
1911.890,-110.210
1911.990,-111.192
1912.090,-113.111
1912.190,-109.693
1912.290,-111.158
1912.390,-110.762
1912.490,-111.799
1912.590,-111.108
1912.690,-108.416
1912.790,-110.494
1912.890,-109.631
1912.990,-110.305
1913.090,-112.018
1913.190,-110.387
1913.290,-112.659
1913.390,-110.436
1913.490,-111.119
1913.590,-110.063
1913.690,-110.800
1913.790,-110.390
1913.890,-107.830
1913.990,-111.715
1914.090,-107.783
1914.190,-112.794
1914.290,-110.294
1914.390,-111.635
1914.490,-111.839
1914.590,-109.832
1914.690,-109.596
1914.790,-110.334
1914.890,-108.570
1914.990,-110.027
1915.090,-111.092
1915.190,-108.773
1915.290,-110.052
1915.390,-109.053
1915.490,-110.107
1915.590,-111.379
1915.690,-109.627
1915.790,-109.956
1915.890,-111.696
1915.990,-111.154
1916.090,-111.478
1916.190,-109.396
1916.290,-108.902
1916.390,-111.163
1916.490,-112.057
1916.590,-109.960
1916.690,-109.769
1916.790,-111.148
1916.890,-109.209
1916.990,-110.784
1917.090,-109.991
1917.190,-109.554
1917.290,-109.786
1917.390,-109.263
1917.490,-110.460
1917.590,-109.843
1917.690,-111.773
1917.790,-110.393
1917.890,-111.610
1917.990,-109.239
1918.090,-110.872
1918.190,-110.293
1918.290,-110.951
1918.390,-109.562
1918.490,-111.149
1918.590,-111.539
1918.690,-110.519
1918.790,-109.321
1918.890,-109.961
1918.990,-109.267
1919.090,-110.694
1919.190,-109.347
1919.290,-112.209
1919.390,-112.451
1919.490,-110.890
1919.590,-110.295
1919.690,-110.719
1919.790,-110.560
1919.890,-112.647
1919.990,-111.940
1920.090,-111.243
1920.190,-109.012
1920.290,-111.153
1920.390,-112.162
1920.490,-109.888
1920.590,-110.519
1920.690,-111.185
1920.790,-111.061
1920.890,-112.227
1920.990,-110.906
1921.090,-109.908
1921.190,-109.539
1921.290,-111.780
1921.390,-109.683
1921.490,-111.556
1921.590,-109.136
1921.690,-110.604
1921.790,-110.429
1921.890,-111.199
1921.990,-111.654
1922.090,-109.097
1922.190,-107.487
1922.290,-110.033
1922.390,-110.507
1922.490,-111.406
1922.590,-112.458
1922.690,-112.362
1922.790,-110.343
1922.890,-109.193
1922.990,-109.594
1923.090,-112.427
1923.190,-112.707
1923.290,-111.024
1923.390,-110.763
1923.490,-112.571
1923.590,-109.336
1923.690,-110.799
1923.790,-111.661
1923.890,-109.435
1923.990,-108.269
1924.090,-112.885
1924.190,-111.354
1924.290,-112.390
1924.390,-112.075
1924.490,-111.332
1924.590,-111.733
1924.690,-110.707
1924.790,-111.245
1924.890,-111.150
1924.990,-109.980
1925.090,-110.167
1925.190,-109.044
1925.290,-111.185
1925.390,-110.284
1925.490,-110.356
1925.590,-112.485
1925.690,-108.750
1925.790,-110.977
1925.890,-111.154
1925.990,-111.187
1926.090,-112.853
1926.090,-109.446
1926.190,-110.535
1926.290,-108.795
1926.390,-109.206
1926.490,-109.723
1926.590,-108.785
1926.690,-107.945
1926.790,-108.142
1926.890,-109.011
1926.990,-108.492
1927.090,-109.273
1927.190,-109.852
1927.290,-110.323
1927.390,-111.502
1927.490,-108.319
1927.590,-108.253
1927.690,-109.419
1927.790,-110.383
1927.890,-108.088
1927.990,-109.016
1928.090,-107.403
1928.190,-110.028
1928.290,-107.958
1928.390,-110.051
1928.490,-109.065
1928.590,-108.671
1928.690,-110.575
1928.790,-108.846
1928.890,-108.763
1928.990,-109.752
1929.090,-109.095
1929.190,-109.830
1929.290,-108.974
1929.390,-109.988
1929.490,-110.108
1929.590,-109.240
1929.690,-110.511
1929.790,-109.333
1929.890,-109.318
1929.990,-109.705
1930.090,-107.920
1930.190,-110.092
1930.290,-109.676
1930.390,-108.426
1930.490,-110.577
1930.590,-109.699
1930.690,-108.934
1930.790,-107.633
1930.890,-107.804
1930.990,-105.775
1931.090,-110.222
1931.190,-108.495
1931.290,-109.306
1931.390,-109.002
1931.490,-107.903
1931.590,-109.283
1931.690,-109.322
1931.790,-108.139
1931.890,-107.850
1931.990,-107.924
1932.090,-108.999
1932.190,-108.802
1932.290,-105.783
1932.390,-106.018
1932.490,-106.664
1932.590,-109.162
1932.690,-108.737
1932.790,-108.450
1932.890,-109.006
1932.990,-106.958
1933.090,-106.708
1933.190,-107.708
1933.290,-107.753
1933.390,-108.211
1933.490,-107.781
1933.590,-107.965
1933.690,-108.695
1933.790,-106.493
1933.890,-109.128
1933.990,-107.879
1934.090,-108.768
1934.190,-107.159
1934.290,-109.087
1934.390,-108.800
1934.490,-107.111
1934.590,-110.693
1934.690,-109.797
1934.790,-108.786
1934.890,-106.763
1934.990,-109.180
1935.090,-108.532
1935.190,-108.559
1935.290,-108.270
1935.390,-108.809
1935.490,-108.411
1935.590,-108.260
1935.690,-105.499
1935.790,-104.248
1935.890,-109.327
1935.990,-108.495
1936.090,-106.850
1936.190,-106.130
1936.290,-107.841
1936.390,-107.931
1936.490,-107.396
1936.590,-107.971
1936.690,-106.086
1936.790,-110.110
1936.890,-108.753
1936.990,-108.747
1937.090,-107.209
1937.190,-108.121
1937.290,-106.286
1937.390,-106.764
1937.490,-108.628
1937.590,-109.447
1937.690,-108.298
1937.790,-107.329
1937.890,-108.817
1937.990,-108.442
1938.090,-109.323
1938.190,-108.162
1938.290,-106.652
1938.390,-105.814
1938.490,-107.859
1938.590,-109.886
1938.690,-110.455
1938.790,-107.743
1938.890,-110.375
1938.990,-110.660
1939.090,-109.577
1939.190,-109.314
1939.290,-108.374
1939.390,-110.445
1939.490,-109.148
1939.590,-110.760
1939.690,-109.474
1939.790,-108.421
1939.890,-107.882
1939.990,-109.042
1940.090,-107.030
1940.190,-107.644
1940.290,-108.648
1940.390,-108.112
1940.490,-109.813
1940.590,-108.377
1940.690,-109.497
1940.790,-106.495
1940.890,-109.292
1940.990,-107.737
1941.090,-108.461
1941.190,-109.291
1941.290,-107.742
1941.390,-107.104
1941.490,-109.904
1941.590,-109.244
1941.690,-109.165
1941.790,-109.071
1941.890,-109.082
1941.990,-109.246
1942.090,-109.333
1942.190,-107.316
1942.290,-107.579
1942.390,-108.449
1942.490,-107.867
1942.590,-107.724
1942.690,-107.897
1942.790,-108.484
1942.890,-107.455
1942.990,-109.682
1943.090,-108.697
1943.190,-108.261
1943.290,-107.248
1943.390,-107.745
1943.490,-108.101
1943.590,-107.771
1943.690,-107.767
1943.790,-108.738
1943.890,-107.984
1943.990,-108.627
1944.090,-109.695
1944.190,-107.457
1944.290,-110.890
1944.390,-109.535
1944.490,-109.623
1944.590,-110.750
1944.690,-109.375
1944.790,-109.629
1944.890,-109.470
1944.990,-108.852
1945.090,-107.685
1945.190,-108.064
1945.290,-109.963
1945.390,-109.406
1945.490,-108.042
1945.590,-108.163
1945.690,-108.207
1945.790,-107.613
1945.890,-106.749
1945.990,-106.607
1946.090,-105.093
1946.190,-104.797
1946.290,-106.008
1946.390,-105.463
1946.490,-104.157
1946.590,-105.439
1946.690,-105.670
1946.790,-105.449
1946.890,-102.011
1946.990,-105.400
1947.090,-105.973
1947.190,-105.176
1947.290,-104.227
1947.390,-104.682
1947.490,-107.977
1947.590,-106.706
1947.690,-106.037
1947.790,-106.350
1947.890,-107.030
1947.990,-106.524
1948.090,-108.091
1948.190,-107.160
1948.290,-105.421
1948.390,-106.250
1948.490,-104.121
1948.590,-106.254
1948.690,-106.047
1948.790,-106.600
1948.890,-106.833
1948.990,-102.922
1949.090,-105.392
1949.190,-108.261
1949.290,-108.732
1949.390,-108.605
1949.490,-108.312
1949.590,-108.680
1949.690,-110.442
1949.790,-110.019
1949.890,-108.043
1949.990,-108.174
1950.090,-108.728
1950.190,-109.003
1950.290,-110.397
1950.390,-109.050
1950.490,-107.369
1950.590,-107.637
1950.690,-109.373
1950.790,-108.483
1950.890,-108.567
1950.990,-105.123
1951.090,-109.044
1951.190,-109.893
1951.290,-104.139
1951.390,-108.576
1951.490,-106.857
1951.590,-108.039
1951.690,-106.939
1951.790,-108.470
1951.890,-104.799
1951.990,-108.419
1952.090,-107.912
1952.190,-107.838
1952.290,-105.371
1952.390,-106.327
1952.490,-106.913
1952.590,-107.666
1952.690,-107.571
1952.790,-104.687
1952.890,-105.209
1952.990,-107.621
1953.090,-107.849
1953.190,-108.770
1953.290,-108.476
1953.390,-108.322
1953.490,-110.299
1953.590,-106.787
1953.690,-106.911
1953.790,-109.472
1953.890,-108.268
1953.990,-108.612
1954.090,-107.116
1954.190,-105.267
1954.290,-105.210
1954.390,-105.608
1954.490,-106.471
1954.590,-108.753
1954.690,-106.444
1954.790,-106.326
1954.890,-107.242
1954.990,-106.993
1955.090,-107.779
1955.190,-108.686
1955.290,-107.822
1955.390,-106.680
1955.490,-106.517
1955.590,-104.158
1955.690,-108.644
1955.790,-108.233
1955.890,-107.730
1955.990,-110.539
1956.090,-109.872
1956.190,-107.531
1956.290,-105.183
1956.390,-106.969
1956.490,-106.614
1956.590,-105.409
1956.690,-102.072
1956.790,-106.492
1956.890,-102.611
1956.990,-104.455
1957.090,-105.145
1957.190,-107.560
1957.290,-105.027
1957.390,-104.620
1957.490,-107.038
1957.590,-105.348
1957.690,-107.490
1957.790,-108.421
1957.890,-106.210
1957.990,-106.980
1958.090,-105.676
1958.190,-103.290
1958.290,-105.009
1958.390,-106.867
1958.490,-107.457
1958.590,-108.541
1958.690,-101.759
1958.790,-102.979
1958.890,-107.068
1958.990,-107.731
1959.090,-106.927
1959.190,-107.769
1959.290,-106.961
1959.390,-107.181
1959.490,-104.595
1959.590,-104.546
1959.690,-105.732
1959.790,-105.332
1959.890,-100.857
1959.990,-102.080
1960.090,-103.536
1960.190,-104.034
1960.290,-106.048
1960.390,-104.897
1960.490,-106.278
1960.590,-105.313
1960.690,-108.094
1960.790,-109.648
1960.890,-109.050
1960.990,-107.157
1961.090,-107.211
1961.190,-104.076
1961.290,-105.271
1961.390,-103.447
1961.490,-101.219
1961.590,-105.702
1961.690,-103.328
1961.790,-105.877
1961.890,-103.780
1961.990,-106.599
1962.090,-107.352
1962.190,-103.838
1962.290,-105.406
1962.390,-106.304
1962.490,-102.128
1962.590,-108.390
1962.690,-105.878
1962.790,-102.894
1962.890,-105.492
1962.990,-108.055
1963.090,-106.150
1963.190,-108.457
1963.290,-109.027
1963.390,-107.253
1963.490,-107.399
1963.590,-108.647
1963.690,-106.389
1963.790,-107.674
1963.890,-106.815
1963.990,-103.388
1964.090,-103.526
1964.190,-102.277
1964.290,-108.031
1964.390,-108.016
1964.490,-107.504
1964.590,-109.604
1964.690,-105.439
1964.790,-107.542
1964.890,-104.923
1964.990,-107.915
1965.090,-108.043
1965.190,-108.359
1965.290,-106.895
1965.390,-108.777
1965.490,-105.322
1965.590,-109.282
1965.690,-104.777
1965.790,-105.318
1965.890,-104.772
1965.990,-108.309
1966.090,-109.344
1966.190,-107.818
1966.290,-107.339
1966.390,-107.032
1966.490,-107.364
1966.590,-108.559
1966.690,-105.736
1966.790,-103.986
1966.890,-104.562
1966.990,-105.621
1967.090,-104.602
1967.190,-105.433
1967.290,-105.962
1967.390,-106.986
1967.490,-104.216
1967.590,-105.507
1967.690,-105.345
1967.790,-107.558
1967.890,-104.844
1967.990,-104.770
1968.090,-103.882
1968.190,-105.854
1968.290,-106.128
1968.390,-103.415
1968.490,-106.986
1968.590,-101.077
1968.690,-104.855
1968.790,-102.999
1968.890,-104.278
1968.990,-105.757
1969.090,-110.485
1969.190,-109.818
1969.290,-108.151
1969.390,-110.525
1969.490,-108.575
1969.590,-108.514
1969.690,-109.277
1969.790,-112.014
1969.890,-108.586
1969.990,-110.119
1970.090,-108.302
1970.190,-108.563
1970.290,-109.895
1970.390,-107.983
1970.490,-107.858
1970.590,-107.882
1970.690,-109.251
1970.790,-106.558
1970.890,-108.939
1970.990,-108.485
1971.090,-107.595
1971.190,-106.669
1971.290,-106.891
1971.390,-107.282
1971.490,-105.276
1971.590,-105.646
1971.690,-104.969
1971.790,-107.447
1971.890,-108.305
1971.990,-105.625
1972.090,-108.280
1972.090,-109.790
1972.190,-108.782
1972.290,-109.049
1972.390,-107.502
1972.490,-109.285
1972.590,-107.455
1972.690,-106.092
1972.790,-106.271
1972.890,-109.125
1972.990,-106.236
1973.090,-106.664
1973.190,-107.560
1973.290,-107.605
1973.390,-108.284
1973.490,-106.747
1973.590,-105.338
1973.690,-107.341
1973.790,-108.884
1973.890,-108.614
1973.990,-107.038
1974.090,-106.398
1974.190,-106.513
1974.290,-107.059
1974.390,-105.699
1974.490,-108.139
1974.590,-105.218
1974.690,-105.925
1974.790,-104.912
1974.890,-103.575
1974.990,-103.003
1975.090,-106.011
1975.190,-105.289
1975.290,-105.479
1975.390,-105.203
1975.490,-106.071
1975.590,-105.524
1975.690,-106.951
1975.790,-107.114
1975.890,-106.565
1975.990,-106.068
1976.090,-106.253
1976.190,-105.073
1976.290,-107.184
1976.390,-106.196
1976.490,-103.095
1976.590,-105.753
1976.690,-104.828
1976.790,-107.823
1976.890,-107.411
1976.990,-104.255
1977.090,-108.213
1977.190,-108.926
1977.290,-107.343
1977.390,-106.652
1977.490,-108.483
1977.590,-107.677
1977.690,-107.698
1977.790,-107.182
1977.890,-107.335
1977.990,-107.338
1978.090,-105.166
1978.190,-102.968
1978.290,-107.026
1978.390,-107.443
1978.490,-107.593
1978.590,-105.483
1978.690,-106.985
1978.790,-104.951
1978.890,-107.461
1978.990,-107.960
1979.090,-108.259
1979.190,-105.051
1979.290,-105.948
1979.390,-107.650
1979.490,-105.132
1979.590,-106.082
1979.690,-106.717
1979.790,-108.531
1979.890,-111.399
1979.990,-110.952
1980.090,-111.615
1980.190,-110.598
1980.290,-109.910
1980.390,-109.665
1980.490,-109.184
1980.590,-111.212
1980.690,-106.984
1980.790,-108.336
1980.890,-108.848
1980.990,-108.975
1981.090,-107.710
1981.190,-107.857
1981.290,-110.446
1981.390,-109.542
1981.490,-108.705
1981.590,-108.968
1981.690,-107.513
1981.790,-109.064
1981.890,-107.233
1981.990,-109.443
1982.090,-109.839
1982.190,-109.519
1982.290,-108.461
1982.390,-110.156
1982.490,-107.684
1982.590,-109.936
1982.690,-110.281
1982.790,-110.594
1982.890,-109.514
1982.990,-108.700
1983.090,-106.762
1983.190,-109.008
1983.290,-110.565
1983.390,-107.680
1983.490,-108.819
1983.590,-109.213
1983.690,-110.896
1983.790,-107.622
1983.890,-109.041
1983.990,-108.695
1984.090,-107.195
1984.190,-107.414
1984.290,-104.617
1984.390,-109.233
1984.490,-103.681
1984.590,-102.064
1984.690,-106.594
1984.790,-106.244
1984.890,-103.486
1984.990,-107.661
1985.090,-108.498
1985.190,-108.545
1985.290,-107.901
1985.390,-102.617
1985.490,-103.704
1985.590,-107.325
1985.690,-109.199
1985.790,-107.439
1985.890,-109.607
1985.990,-109.374
1986.090,-109.770
1986.190,-106.473
1986.290,-108.713
1986.390,-110.700
1986.490,-109.631
1986.590,-110.003
1986.690,-108.614
1986.790,-108.149
1986.890,-109.730
1986.990,-104.080
1987.090,-107.948
1987.190,-109.060
1987.290,-110.404
1987.390,-110.283
1987.490,-108.510
1987.590,-109.700
1987.690,-108.557
1987.790,-107.666
1987.890,-108.742
1987.990,-107.494
1988.090,-110.191
1988.190,-110.357
1988.290,-110.272
1988.390,-105.915
1988.490,-110.083
1988.590,-111.028
1988.690,-110.530
1988.790,-109.170
1988.890,-107.523
1988.990,-106.541
1989.090,-108.560
1989.190,-109.013
1989.290,-105.506
1989.390,-109.720
1989.490,-108.419
1989.590,-105.174
1989.690,-109.820
1989.790,-109.250
1989.890,-110.396
1989.990,-105.807
1990.090,-111.302
1990.190,-109.764
1990.290,-112.067
1990.390,-110.789
1990.490,-109.308
1990.590,-108.102
1990.690,-109.209
1990.790,-108.212
1990.890,-110.022
1990.990,-103.895
1991.090,-110.597
1991.190,-108.983
1991.290,-108.975
1991.390,-108.561
1991.490,-106.825
1991.590,-109.278
1991.690,-110.786
1991.790,-108.741
1991.890,-109.915
1991.990,-109.864
1992.090,-108.788
1992.190,-107.742
1992.290,-108.967
1992.390,-108.241
1992.490,-107.856
1992.590,-109.343
1992.690,-108.643
1992.790,-107.331
1992.890,-108.793
1992.990,-109.707
1993.090,-110.495
1993.190,-105.058
1993.290,-110.422
1993.390,-111.303
1993.490,-109.586
1993.590,-109.176
1993.690,-108.920
1993.790,-109.958
1993.890,-107.555
1993.990,-109.585
1994.090,-107.765
1994.190,-109.600
1994.290,-110.919
1994.390,-110.505
1994.490,-109.955
1994.590,-108.982
1994.690,-109.781
1994.790,-109.839
1994.890,-110.030
1994.990,-109.578
1995.090,-110.876
1995.190,-109.100
1995.290,-108.783
1995.390,-110.176
1995.490,-111.029
1995.590,-108.497
1995.690,-109.572
1995.790,-107.746
1995.890,-111.100
1995.990,-110.820
1996.090,-108.407
1996.190,-110.804
1996.290,-110.575
1996.390,-108.235
1996.490,-110.749
1996.590,-108.131
1996.690,-108.806
1996.790,-110.899
1996.890,-110.648
1996.990,-110.704
1997.090,-109.298
1997.190,-110.776
1997.290,-110.709
1997.390,-111.124
1997.490,-107.791
1997.590,-110.766
1997.690,-108.199
1997.790,-110.216
1997.890,-111.348
1997.990,-111.886
1998.090,-111.853
1998.190,-109.698
1998.290,-109.058
1998.390,-110.516
1998.490,-109.422
1998.590,-109.044
1998.690,-110.464
1998.790,-109.411
1998.890,-108.980
1998.990,-110.608
1999.090,-109.069
1999.190,-110.971
1999.290,-110.714
1999.390,-109.258
1999.490,-109.287
1999.590,-109.426
1999.690,-109.641
1999.790,-111.890
1999.890,-110.448
1999.990,-109.334
2000.090,-110.450
2000.090,-110.102
2000.190,-109.698
2000.290,-109.320
2000.390,-110.058
2000.490,-106.447
2000.590,-108.935
2000.690,-109.291
2000.790,-108.848
2000.890,-108.353
2000.990,-109.913
2001.090,-109.387
2001.190,-108.687
2001.290,-108.009
2001.390,-110.024
2001.490,-108.787
2001.590,-107.419
2001.690,-108.855
2001.790,-106.847
2001.890,-106.892
2001.990,-109.594
2002.090,-108.517
2002.190,-108.944
2002.290,-109.108
2002.390,-110.148
2002.490,-108.779
2002.590,-109.103
2002.690,-110.956
2002.790,-108.203
2002.890,-108.674
2002.990,-110.351
2003.090,-109.082
2003.190,-108.944
2003.290,-108.566
2003.390,-109.763
2003.490,-109.302
2003.590,-111.046
2003.690,-109.878
2003.790,-111.621
2003.890,-109.314
2003.990,-109.121
2004.090,-108.910
2004.190,-109.301
2004.290,-108.101
2004.390,-110.405
2004.490,-108.727
2004.590,-109.805
2004.690,-109.453
2004.790,-110.477
2004.890,-109.190
2004.990,-108.998
2005.090,-108.218
2005.190,-108.372
2005.290,-110.478
2005.390,-109.146
2005.490,-110.934
2005.590,-110.709
2005.690,-110.357
2005.790,-108.350
2005.890,-108.777
2005.990,-108.424
2006.090,-111.465
2006.190,-107.258
2006.290,-104.906
2006.390,-107.121
2006.490,-107.949
2006.590,-109.430
2006.690,-110.647
2006.790,-108.008
2006.890,-108.938
2006.990,-110.214
2007.090,-109.869
2007.190,-110.432
2007.290,-108.351
2007.390,-109.154
2007.490,-110.692
2007.590,-108.690
2007.690,-106.750
2007.790,-108.297
2007.890,-107.730
2007.990,-108.622
2008.090,-110.782
2008.190,-109.060
2008.290,-108.389
2008.390,-108.390
2008.490,-108.696
2008.590,-110.040
2008.690,-110.303
2008.790,-109.410
2008.890,-107.773
2008.990,-108.798
2009.090,-107.190
2009.190,-110.022
2009.290,-107.973
2009.390,-110.251
2009.490,-108.059
2009.590,-107.789
2009.690,-109.610
2009.790,-108.878
2009.890,-109.968
2009.990,-108.594
2010.090,-111.375
2010.190,-107.804
2010.290,-108.002
2010.390,-109.108
2010.490,-110.147
2010.590,-108.913
2010.690,-108.183
2010.790,-107.673
2010.890,-109.047
2010.990,-109.018
2011.090,-107.101
2011.190,-108.275
2011.290,-109.373
2011.390,-110.762
2011.490,-109.246
2011.590,-107.831
2011.690,-110.678
2011.790,-110.699
2011.890,-110.936
2011.990,-110.435
2012.090,-109.247
2012.190,-109.773
2012.290,-108.845
2012.390,-109.116
2012.490,-108.358
2012.590,-108.911
2012.690,-109.634
2012.790,-107.659
2012.890,-108.192
2012.990,-108.411
2013.090,-107.710
2013.190,-109.539
2013.290,-108.307
2013.390,-108.141
2013.490,-109.234
2013.590,-107.806
2013.690,-108.784
2013.790,-106.620
2013.890,-108.464
2013.990,-110.167
2014.090,-109.412
2014.190,-109.141
2014.290,-109.045
2014.390,-109.877
2014.490,-107.469
2014.590,-108.598
2014.690,-110.574
2014.790,-109.578
2014.890,-108.480
2014.990,-109.436
2015.090,-109.302
2015.190,-108.863
2015.290,-108.958
2015.390,-109.245
2015.490,-109.393
2015.590,-108.464
2015.690,-110.771
2015.790,-109.124
2015.890,-109.496
2015.990,-110.264
2016.090,-110.362
2016.190,-109.676
2016.290,-108.345
2016.390,-108.696
2016.490,-107.944
2016.590,-108.896
2016.690,-108.496
2016.790,-109.930
2016.890,-109.417
2016.990,-109.995
2017.090,-107.745
2017.190,-110.038
2017.290,-109.472
2017.390,-109.037
2017.490,-110.416
2017.590,-109.940
2017.690,-110.101
2017.790,-108.939
2017.890,-107.379
2017.990,-108.644
2018.090,-106.901
2018.190,-107.449
2018.290,-109.787
2018.390,-109.876
2018.490,-110.842
2018.590,-108.973
2018.690,-109.295
2018.790,-108.147
2018.890,-111.081
2018.990,-109.112
2019.090,-108.977
2019.190,-110.055
2019.290,-108.476
2019.390,-109.654
2019.490,-110.893
2019.590,-106.780
2019.690,-109.080
2019.790,-109.103
2019.890,-108.044
2019.990,-108.950
2020.090,-109.459
2020.190,-109.900
2020.290,-110.665
2020.390,-109.317
2020.490,-108.835
2020.590,-107.245
2020.690,-109.113
2020.790,-107.099
2020.890,-109.528
2020.990,-109.055
2021.090,-108.255
2021.190,-109.325
2021.290,-110.357
2021.390,-108.925
2021.490,-108.357
2021.590,-108.732
2021.690,-110.416
2021.790,-109.689
2021.890,-109.490
2021.990,-109.544
2022.090,-109.449
2022.190,-108.052
2022.290,-108.983
2022.390,-110.693
2022.490,-107.142
2022.590,-110.201
2022.690,-109.598
2022.790,-109.928
2022.890,-110.643
2022.990,-109.203
2023.090,-109.507
2023.190,-107.916
2023.290,-106.885
2023.390,-109.790
2023.490,-107.750
2023.590,-108.340
2023.690,-108.150
2023.790,-110.372
2023.890,-109.821
2023.990,-109.061
2024.090,-108.662
2024.190,-109.262
2024.290,-111.623
2024.390,-110.660
2024.490,-108.813
2024.590,-107.594
2024.690,-107.495
2024.790,-110.070
2024.890,-109.483
2024.990,-109.693
2025.090,-108.543
2025.190,-107.910
2025.290,-110.567
2025.390,-109.118
2025.490,-107.701
2025.590,-108.862
2025.690,-106.518
2025.790,-109.197
2025.890,-108.265
2025.990,-108.953
2026.090,-109.865
2026.190,-109.245
2026.290,-109.708
2026.390,-110.298
2026.490,-108.176
2026.590,-108.632
2026.690,-109.286
2026.790,-110.116
2026.890,-107.986
2026.990,-109.293
2027.090,-109.040
2027.190,-109.548
2027.290,-109.762
2027.390,-107.937
2027.490,-109.769
2027.590,-109.109
2027.690,-108.830
2027.790,-111.045
2027.890,-108.278
2027.990,-109.607
2028.090,-110.536
2028.190,-109.353
2028.290,-108.795
2028.390,-108.465
2028.490,-109.461
2028.590,-110.852
2028.690,-108.560
2028.790,-111.150
2028.890,-111.118
2028.990,-110.115
2029.090,-109.387
2029.190,-108.899
2029.290,-111.062
2029.390,-109.020
2029.490,-109.626
2029.590,-106.282
2029.690,-110.067
2029.790,-107.882
2029.890,-108.622
2029.990,-108.543
2030.090,-107.101
2030.190,-108.824
2030.290,-109.694
2030.390,-107.804
2030.490,-107.091
2030.590,-110.752
2030.690,-110.242
2030.790,-108.007
2030.890,-108.475
2030.990,-109.373
2031.090,-108.841
2031.190,-108.843
2031.290,-107.908
2031.390,-109.896
2031.490,-110.182
2031.590,-109.012
2031.690,-108.294
2031.790,-107.743
2031.890,-109.214
2031.990,-110.247
2032.090,-108.998
2032.190,-108.660
2032.290,-108.635
2032.390,-109.021
2032.490,-108.319
2032.590,-109.175
2032.690,-111.065
2032.790,-108.617
2032.890,-108.767
2032.990,-108.313
2033.090,-106.461
2033.190,-111.561
2033.290,-107.429
2033.390,-110.104
2033.490,-108.191
2033.590,-110.472
2033.690,-108.804
2033.790,-109.084
2033.890,-109.727
2033.990,-108.749
2034.090,-110.068
2034.190,-108.362
2034.290,-109.105
2034.390,-108.530
2034.490,-106.047
2034.590,-109.903
2034.690,-109.596
2034.790,-107.716
2034.890,-109.737
2034.990,-109.250
2035.090,-109.330
2035.190,-109.269
2035.290,-109.541
2035.390,-109.046
2035.490,-108.589
2035.590,-109.346
2035.690,-109.841
2035.790,-109.240
2035.890,-106.745
2035.990,-108.310
2036.090,-109.234
2036.190,-110.401
2036.290,-108.974
2036.390,-106.572
2036.490,-109.880
2036.590,-109.074
2036.690,-110.276
2036.790,-110.043
2036.890,-110.383
2036.990,-109.251
2037.090,-108.412
2037.190,-106.996
2037.290,-109.851
2037.390,-109.150
2037.490,-110.158
2037.590,-109.650
2037.690,-107.866
2037.790,-109.734
2037.890,-108.670
2037.990,-109.238
2038.090,-106.084
2038.190,-109.302
2038.290,-108.937
2038.390,-111.349
2038.490,-110.303
2038.590,-108.701
2038.690,-107.539
2038.790,-106.955
2038.890,-109.899
2038.990,-109.574
2039.090,-110.808
2039.190,-110.358
2039.290,-108.026
2039.390,-108.492
2039.490,-108.865
2039.590,-111.642
2039.690,-109.164
2039.790,-108.675
2039.890,-109.193
2039.990,-108.806
2040.090,-109.305
2040.190,-108.062
2040.290,-110.188
2040.390,-107.585
2040.490,-108.841
2040.590,-109.521
2040.690,-109.246
2040.790,-110.241
2040.890,-109.641
2040.990,-108.243
2041.090,-107.969
2041.190,-109.397
2041.290,-107.703
2041.390,-109.110
2041.490,-107.900
2041.590,-109.086
2041.690,-108.941
2041.790,-108.737
2041.890,-110.408
2041.990,-110.629
2042.090,-108.676
2042.190,-109.390
2042.290,-109.270
2042.390,-109.799
2042.490,-107.311
2042.590,-109.805
2042.690,-108.113
2042.790,-109.283
2042.890,-109.127
2042.990,-109.287
2043.090,-108.314
2043.190,-108.766
2043.290,-109.391
2043.390,-109.918
2043.490,-109.231
2043.590,-110.156
2043.690,-108.346
2043.790,-108.706
2043.890,-110.295
2043.990,-109.024
2044.090,-108.099
2044.190,-108.650
2044.290,-110.895
2044.390,-110.238
2044.490,-108.892
2044.590,-109.030
2044.690,-107.299
2044.790,-108.752
2044.890,-108.545
2044.990,-109.706
2045.090,-109.698
2045.190,-108.745
2045.290,-110.207
2045.390,-109.453
2045.490,-107.167
2045.590,-109.249
2045.690,-110.122
2045.790,-108.745
2045.890,-107.339
2045.990,-109.759
2046.090,-109.096
2046.090,-107.608
2046.190,-109.237
2046.290,-108.887
2046.390,-110.118
2046.490,-106.905
2046.590,-108.371
2046.690,-109.586
2046.790,-110.144
2046.890,-108.773
2046.990,-109.054
2047.090,-109.954
2047.190,-109.726
2047.290,-109.381
2047.390,-107.378
2047.490,-109.681
2047.590,-108.473
2047.690,-109.818
2047.790,-109.637
2047.890,-109.253
2047.990,-107.230
2048.090,-108.115
2048.190,-109.799
2048.290,-108.366
2048.390,-109.170
2048.490,-108.717
2048.590,-109.581
2048.690,-109.837
2048.790,-110.199
2048.890,-109.803
2048.990,-109.717
2049.090,-108.304
2049.190,-109.188
2049.290,-109.090
2049.390,-108.236
2049.490,-108.183
2049.590,-110.786
2049.690,-109.987
2049.790,-109.744
2049.890,-109.216
2049.990,-108.477
2050.090,-110.765
2050.190,-109.000
2050.290,-109.842
2050.390,-109.038
2050.490,-110.468
2050.590,-107.991
2050.690,-109.410
2050.790,-108.360
2050.890,-108.486
2050.990,-107.915
2051.090,-108.434
2051.190,-109.282
2051.290,-109.901
2051.390,-109.267
2051.490,-109.115
2051.590,-109.938
2051.690,-105.767
2051.790,-109.512
2051.890,-109.592
2051.990,-110.587
2052.090,-108.584
2052.190,-109.090
2052.290,-109.595
2052.390,-110.728
2052.490,-108.935
2052.590,-107.019
2052.690,-109.505
2052.790,-110.378
2052.890,-109.148
2052.990,-110.676
2053.090,-108.321
2053.190,-110.438
2053.290,-107.650
2053.390,-109.780
2053.490,-108.115
2053.590,-110.428
2053.690,-108.161
2053.790,-108.945
2053.890,-108.997
2053.990,-108.936
2054.090,-109.848
2054.190,-109.490
2054.290,-108.352
2054.390,-107.975
2054.490,-108.867
2054.590,-109.611
2054.690,-109.388
2054.790,-108.848
2054.890,-111.389
2054.990,-110.530
2055.090,-109.318
2055.190,-108.973
2055.290,-108.583
2055.390,-108.911
2055.490,-108.385
2055.590,-109.103
2055.690,-111.524
2055.790,-106.643
2055.890,-110.319
2055.990,-108.351
2056.090,-110.046
2056.190,-110.341
2056.290,-109.413
2056.390,-109.679
2056.490,-107.058
2056.590,-108.679
2056.690,-108.153
2056.790,-107.942
2056.890,-108.891
2056.990,-111.235
2057.090,-109.895
2057.190,-108.748
2057.290,-108.524
2057.390,-109.794
2057.490,-107.336
2057.590,-109.649
2057.690,-109.389
2057.790,-108.685
2057.890,-109.296
2057.990,-109.560
2058.090,-110.526
2058.190,-109.964
2058.290,-111.343
2058.390,-109.493
2058.490,-110.414
2058.590,-107.997
2058.690,-109.842
2058.790,-108.907
2058.890,-109.250
2058.990,-108.256
2059.090,-109.812
2059.190,-110.596
2059.290,-107.437
2059.390,-108.747
2059.490,-109.458
2059.590,-107.581
2059.690,-109.848
2059.790,-109.907
2059.890,-109.399
2059.990,-108.321
2060.090,-108.687
2060.190,-109.071
2060.290,-108.831
2060.390,-106.338
2060.490,-109.761
2060.590,-107.314
2060.690,-107.567
2060.790,-108.557
2060.890,-108.310
2060.990,-109.581
2061.090,-110.574
2061.190,-108.290
2061.290,-107.536
2061.390,-109.340
2061.490,-108.258
2061.590,-110.302
2061.690,-111.664
2061.790,-107.878
2061.890,-107.407
2061.990,-109.786
2062.090,-108.111
2062.190,-108.909
2062.290,-108.011
2062.390,-109.358
2062.490,-107.253
2062.590,-109.247
2062.690,-110.303
2062.790,-109.329
2062.890,-109.628
2062.990,-109.369
2063.090,-109.147
2063.190,-108.931
2063.290,-109.794
2063.390,-109.250
2063.490,-107.428
2063.590,-108.557
2063.690,-108.626
2063.790,-110.099
2063.890,-110.141
2063.990,-108.768
2064.090,-109.977
2064.190,-109.043
2064.290,-110.468
2064.390,-109.645
2064.490,-108.068
2064.590,-109.338
2064.690,-109.521
2064.790,-110.684
2064.890,-109.329
2064.990,-108.329
2065.090,-110.652
2065.190,-109.134
2065.290,-109.732
2065.390,-109.586
2065.490,-110.300
2065.590,-108.938
2065.690,-110.262
2065.790,-108.040
2065.890,-109.939
2065.990,-109.597
2066.090,-109.821
2066.190,-109.172
2066.290,-109.520
2066.390,-108.326
2066.490,-107.537
2066.590,-109.446
2066.690,-111.179
2066.790,-108.115
2066.890,-108.721
2066.990,-108.587
2067.090,-109.696
2067.190,-108.023
2067.290,-107.465
2067.390,-110.806
2067.490,-110.275
2067.590,-109.202
2067.690,-110.241
2067.790,-108.152
2067.890,-110.442
2067.990,-109.160
2068.090,-108.711
2068.190,-111.417
2068.290,-108.328
2068.390,-110.755
2068.490,-107.756
2068.590,-110.091
2068.690,-109.436
2068.790,-110.123
2068.890,-109.306
2068.990,-108.968
2069.090,-110.033
2069.190,-110.404
2069.290,-108.917
2069.390,-107.413
2069.490,-108.350
2069.590,-110.111
2069.690,-110.093
2069.790,-107.172
2069.890,-109.539
2069.990,-109.223
2070.090,-107.642
2070.190,-107.855
2070.290,-107.661
2070.390,-107.793
2070.490,-108.808
2070.590,-108.533
2070.690,-111.540
2070.790,-107.256
2070.890,-109.171
2070.990,-110.875
2071.090,-109.302
2071.190,-110.020
2071.290,-109.591
2071.390,-109.018
2071.490,-105.931
2071.590,-109.661
2071.690,-110.382
2071.790,-109.191
2071.890,-108.488
2071.990,-108.630
2072.090,-109.408
2072.190,-111.234
2072.290,-107.679
2072.390,-107.213
2072.490,-110.252
2072.590,-106.455
2072.690,-111.069
2072.790,-108.509
2072.890,-109.260
2072.990,-107.906
2073.090,-108.490
2073.190,-108.619
2073.290,-108.968
2073.390,-109.371
2073.490,-107.863
2073.590,-107.997
2073.690,-107.107
2073.790,-109.320
2073.890,-109.391
2073.990,-109.461
2074.090,-108.092
2074.190,-109.745
2074.290,-108.257
2074.390,-109.570
2074.490,-109.835
2074.590,-111.434
2074.690,-109.486
2074.790,-108.412
2074.890,-109.082
2074.990,-109.081
2075.090,-110.122
2075.190,-110.384
2075.290,-108.269
2075.390,-108.110
2075.490,-108.958
2075.590,-110.519
2075.690,-110.082
2075.790,-109.085
2075.890,-109.056
2075.990,-109.736
2076.090,-108.913
2076.190,-107.025
2076.290,-109.519
2076.390,-110.347
2076.490,-109.877
2076.590,-109.938
2076.690,-109.257
2076.790,-108.281
2076.890,-109.032
2076.990,-108.943
2077.090,-107.843
2077.190,-107.956
2077.290,-108.625
2077.390,-109.538
2077.490,-109.753
2077.590,-110.375
2077.690,-106.227
2077.790,-108.729
2077.890,-110.096
2077.990,-110.792
2078.090,-110.312
2078.190,-110.121
2078.290,-110.209
2078.390,-108.377
2078.490,-108.902
2078.590,-109.003
2078.690,-106.506
2078.790,-110.619
2078.890,-110.379
2078.990,-109.529
2079.090,-111.061
2079.190,-109.780
2079.290,-108.866
2079.390,-108.489
2079.490,-108.778
2079.590,-110.516
2079.690,-109.475
2079.790,-109.659
2079.890,-107.225
2079.990,-109.280
2080.090,-109.139
2080.190,-108.602
2080.290,-111.052
2080.390,-108.518
2080.490,-108.667
2080.590,-109.228
2080.690,-110.138
2080.790,-110.507
2080.890,-108.607
2080.990,-109.373
2081.090,-107.233
2081.190,-108.292
2081.290,-107.937
2081.390,-108.784
2081.490,-107.952
2081.590,-109.307
2081.690,-108.866
2081.790,-107.855
2081.890,-108.911
2081.990,-109.978
2082.090,-109.322
2082.190,-108.662
2082.290,-109.257
2082.390,-109.752
2082.490,-109.806
2082.590,-109.277
2082.690,-111.490
2082.790,-106.369
2082.890,-108.246
2082.990,-109.916
2083.090,-108.842
2083.190,-108.181
2083.290,-110.445
2083.390,-110.110
2083.490,-109.259
2083.590,-109.329
2083.690,-108.646
2083.790,-109.029
2083.890,-110.918
2083.990,-110.820
2084.090,-109.267
2084.190,-108.208
2084.290,-109.943
2084.390,-107.267
2084.490,-109.453
2084.590,-110.899
2084.690,-109.370
2084.790,-110.902
2084.890,-109.587
2084.990,-109.046
2085.090,-109.100
2085.190,-109.087
2085.290,-111.663
2085.390,-108.364
2085.490,-106.946
2085.590,-108.952
2085.690,-106.936
2085.790,-110.498
2085.890,-108.121
2085.990,-110.030
2086.090,-108.518
2086.190,-107.031
2086.290,-107.992
2086.390,-109.539
2086.490,-109.619
2086.590,-108.348
2086.690,-108.832
2086.790,-108.935
2086.890,-106.920
2086.990,-109.209
2087.090,-109.389
2087.190,-107.960
2087.290,-109.391
2087.390,-106.632
2087.490,-107.033
2087.590,-110.186
2087.690,-109.865
2087.790,-109.690
2087.890,-109.734
2087.990,-111.004
2088.090,-109.452
2088.190,-109.485
2088.290,-111.323
2088.390,-108.081
2088.490,-108.281
2088.590,-110.448
2088.690,-109.700
2088.790,-108.892
2088.890,-108.936
2088.990,-110.097
2089.090,-107.664
2089.190,-110.240
2089.290,-109.250
2089.390,-108.679
2089.490,-107.540
2089.590,-108.641
2089.690,-109.371
2089.790,-111.141
2089.890,-108.716
2089.990,-109.363
2090.090,-107.943
2090.190,-109.009
2090.290,-108.348
2090.390,-108.481
2090.490,-109.808
2090.590,-109.521
2090.690,-108.875
2090.790,-108.987
2090.890,-107.742
2090.990,-109.777
2091.090,-109.014
2091.190,-110.618
2091.290,-108.584
2091.390,-108.481
2091.490,-108.227
2091.590,-109.507
2091.690,-109.468
2091.790,-109.361
2091.890,-107.986
2091.990,-106.673
2092.090,-110.985
2092.090,-109.115
2092.190,-109.677
2092.290,-108.836
2092.390,-109.940
2092.490,-110.226
2092.590,-110.007
2092.690,-110.138
2092.790,-107.204
2092.890,-109.713
2092.990,-107.507
2093.090,-108.321
2093.190,-110.211
2093.290,-109.832
2093.390,-110.116
2093.490,-109.035
2093.590,-110.444
2093.690,-109.395
2093.790,-108.902
2093.890,-109.469
2093.990,-109.508
2094.090,-109.091
2094.190,-108.548
2094.290,-109.555
2094.390,-108.325
2094.490,-108.320
2094.590,-108.859
2094.690,-108.882
2094.790,-108.455
2094.890,-109.719
2094.990,-109.739
2095.090,-110.329
2095.190,-109.150
2095.290,-110.750
2095.390,-109.256
2095.490,-108.496
2095.590,-109.143
2095.690,-107.909
2095.790,-110.276
2095.890,-109.934
2095.990,-108.355
2096.090,-108.883
2096.190,-109.292
2096.290,-107.479
2096.390,-110.385
2096.490,-110.552
2096.590,-108.490
2096.690,-108.836
2096.790,-107.792
2096.890,-108.664
2096.990,-110.870
2097.090,-110.450
2097.190,-110.302
2097.290,-109.896
2097.390,-108.877
2097.490,-109.902
2097.590,-110.544
2097.690,-109.569
2097.790,-109.319
2097.890,-108.243
2097.990,-108.353
2098.090,-108.408
2098.190,-108.963
2098.290,-108.657
2098.390,-108.929
2098.490,-109.294
2098.590,-108.583
2098.690,-109.866
2098.790,-110.818
2098.890,-109.214
2098.990,-107.857
2099.090,-108.552
2099.190,-109.621
2099.290,-108.522
2099.390,-108.420
2099.490,-111.158
2099.590,-110.484
2099.690,-109.590
2099.790,-109.232
2099.890,-111.951
2099.990,-109.486
2100.090,-109.680
2100.190,-110.816
2100.290,-110.203
2100.390,-108.954
2100.490,-110.686
2100.590,-109.856
2100.690,-111.696
2100.790,-110.862
2100.890,-111.202
2100.990,-108.709
2101.090,-108.859
2101.190,-110.414
2101.290,-107.022
2101.390,-110.112
2101.490,-109.935
2101.590,-109.859
2101.690,-108.830
2101.790,-109.147
2101.890,-108.516
2101.990,-111.015
2102.090,-110.771
2102.190,-109.839
2102.290,-110.594
2102.390,-110.859
2102.490,-109.401
2102.590,-108.337
2102.690,-108.996
2102.790,-110.328
2102.890,-107.923
2102.990,-111.484
2103.090,-110.937
2103.190,-109.716
2103.290,-108.721
2103.390,-109.071
2103.490,-110.637
2103.590,-112.515
2103.690,-109.220
2103.790,-109.946
2103.890,-111.492
2103.990,-109.534
2104.090,-110.935
2104.190,-109.461
2104.290,-109.947
2104.390,-109.858
2104.490,-108.867
2104.590,-106.697
2104.690,-109.552
2104.790,-110.472
2104.890,-107.422
2104.990,-109.530
2105.090,-110.505
2105.190,-109.536
2105.290,-109.621
2105.390,-108.112
2105.490,-109.524
2105.590,-109.852
2105.690,-107.146
2105.790,-112.053
2105.890,-110.259
2105.990,-108.044
2106.090,-110.274
2106.190,-111.552
2106.290,-108.183
2106.390,-108.407
2106.490,-110.853
2106.590,-108.337
2106.690,-109.342
2106.790,-108.902
2106.890,-110.254
2106.990,-107.878
2107.090,-109.876
2107.190,-108.904
2107.290,-110.149
2107.390,-110.993
2107.490,-111.484
2107.590,-110.721
2107.690,-109.627
2107.790,-110.160
2107.890,-109.757
2107.990,-109.920
2108.090,-108.748
2108.190,-110.022
2108.290,-110.234
2108.390,-107.608
2108.490,-110.523
2108.590,-108.602
2108.690,-107.992
2108.790,-106.829
2108.890,-110.773
2108.990,-110.308
2109.090,-110.156
2109.190,-110.722
2109.290,-110.481
2109.390,-110.663
2109.490,-108.834
2109.590,-109.346
2109.690,-110.047
2109.790,-110.203
2109.890,-106.511
2109.990,-109.545
2110.090,-110.469
2110.190,-110.636
2110.290,-109.639
2110.390,-111.029
2110.490,-109.727
2110.590,-109.498
2110.690,-111.475
2110.790,-109.461
2110.890,-110.118
2110.990,-110.100
2111.090,-109.346
2111.190,-109.026
2111.290,-110.863
2111.390,-109.614
2111.490,-110.381
2111.590,-110.411
2111.690,-109.722
2111.790,-109.824
2111.890,-111.494
2111.990,-112.827
2112.090,-108.694
2112.190,-111.748
2112.290,-109.903
2112.390,-110.350
2112.490,-112.892
2112.590,-110.545
2112.690,-110.840
2112.790,-108.232
2112.890,-111.461
2112.990,-109.432
2113.090,-107.630
2113.190,-109.880
2113.290,-108.171
2113.390,-111.833
2113.490,-109.734
2113.590,-109.079
2113.690,-110.060
2113.790,-107.001
2113.890,-108.236
2113.990,-108.149
2114.090,-110.119
2114.190,-110.550
2114.290,-110.368
2114.390,-110.541
2114.490,-110.242
2114.590,-109.768
2114.690,-111.385
2114.790,-108.733
2114.890,-109.056
2114.990,-109.862
2115.090,-110.554
2115.190,-110.692
2115.290,-110.202
2115.390,-110.426
2115.490,-107.660
2115.590,-112.779
2115.690,-108.640
2115.790,-107.613
2115.890,-110.413
2115.990,-110.838
2116.090,-110.323
2116.190,-109.954
2116.290,-109.711
2116.390,-108.917
2116.490,-110.328
2116.590,-111.128
2116.690,-109.956
2116.790,-110.539
2116.890,-109.851
2116.990,-108.846
2117.090,-107.696
2117.190,-106.002
2117.290,-110.035
2117.390,-111.132
2117.490,-110.329
2117.590,-108.951
2117.690,-111.434
2117.790,-107.812
2117.890,-110.550
2117.990,-110.447
2118.090,-108.146
2118.190,-111.363
2118.290,-112.551
2118.390,-111.066
2118.490,-108.767
2118.590,-110.795
2118.690,-109.854
2118.790,-108.378
2118.890,-110.711
2118.990,-111.227
2119.090,-109.411
2119.190,-111.006
2119.290,-109.937
2119.390,-110.300
2119.490,-109.439
2119.590,-111.309
2119.690,-111.078
2119.790,-108.616
2119.890,-112.150
2119.990,-110.032
2120.090,-112.445
2120.190,-109.897
2120.290,-108.751
2120.390,-111.302
2120.490,-109.566
2120.590,-109.757
2120.690,-109.615
2120.790,-111.651
2120.890,-109.912
2120.990,-108.449
2121.090,-109.599
2121.190,-110.405
2121.290,-111.038
2121.390,-110.818
2121.490,-108.831
2121.590,-110.236
2121.690,-110.368
2121.790,-110.190
2121.890,-110.393
2121.990,-107.385
2122.090,-112.184
2122.190,-111.745
2122.290,-108.839
2122.390,-111.442
2122.490,-106.019
2122.590,-110.266
2122.690,-109.062
2122.790,-109.764
2122.890,-109.020
2122.990,-110.385
2123.090,-110.598
2123.190,-110.581
2123.290,-110.395
2123.390,-110.425
2123.490,-109.492
2123.590,-106.476
2123.690,-108.865
2123.790,-111.253
2123.890,-110.141
2123.990,-111.039
2124.090,-110.291
2124.190,-110.918
2124.290,-110.483
2124.390,-107.691
2124.490,-109.809
2124.590,-109.481
2124.690,-109.873
2124.790,-110.111
2124.890,-108.041
2124.990,-111.032
2125.090,-109.861
2125.190,-110.372
2125.290,-110.465
2125.390,-106.525
2125.490,-109.615
2125.590,-110.078
2125.690,-108.876
2125.790,-109.441
2125.890,-109.347
2125.990,-110.107
2126.090,-108.691
2126.190,-108.477
2126.290,-111.338
2126.390,-109.677
2126.490,-109.054
2126.590,-109.888
2126.690,-111.854
2126.790,-108.487
2126.890,-109.604
2126.990,-111.045
2127.090,-109.660
2127.190,-111.355
2127.290,-108.446
2127.390,-110.882
2127.490,-110.668
2127.590,-109.181
2127.690,-109.281
2127.790,-110.265
2127.890,-107.974
2127.990,-107.271
2128.090,-111.116
2128.190,-110.371
2128.290,-108.598
2128.390,-108.107
2128.490,-110.027
2128.590,-109.917
2128.690,-110.411
2128.790,-108.401
2128.890,-110.031
2128.990,-108.421
2129.090,-108.995
2129.190,-109.848
2129.290,-110.370
2129.390,-110.874
2129.490,-109.870
2129.590,-109.714
2129.690,-109.175
2129.790,-109.792
2129.890,-110.474
2129.990,-109.965
2130.090,-110.798
2130.190,-111.135
2130.290,-110.178
2130.390,-110.529
2130.490,-109.213
2130.590,-109.058
2130.690,-109.680
2130.790,-110.029
2130.890,-108.461
2130.990,-109.666
2131.090,-106.341
2131.190,-110.100
2131.290,-109.577
2131.390,-109.492
2131.490,-109.307
2131.590,-111.635
2131.690,-110.739
2131.790,-110.344
2131.890,-108.023
2131.990,-107.841
2132.090,-110.794
2132.190,-109.112
2132.290,-108.567
2132.390,-108.267
2132.490,-107.555
2132.590,-108.586
2132.690,-109.963
2132.790,-108.612
2132.890,-108.366
2132.990,-109.194
2133.090,-110.017
2133.190,-110.529
2133.290,-109.833
2133.390,-108.870
2133.490,-108.889
2133.590,-111.186
2133.690,-110.689
2133.790,-108.995
2133.890,-108.141
2133.990,-108.663
2134.090,-112.711
2134.190,-108.193
2134.290,-110.047
2134.390,-109.067
2134.490,-110.384
2134.590,-110.931
2134.690,-108.608
2134.790,-108.918
2134.890,-109.880
2134.990,-111.306
2135.090,-108.144
2135.190,-109.067
2135.290,-108.926
2135.390,-111.249
2135.490,-109.881
2135.590,-110.667
2135.690,-109.048
2135.790,-108.494
2135.890,-108.596
2135.990,-105.140
2136.090,-108.374
2136.190,-109.167
2136.290,-110.023
2136.390,-107.549
2136.490,-107.117
2136.590,-108.129
2136.690,-109.853
2136.790,-105.538
2136.890,-109.806
2136.990,-107.712
2137.090,-110.904
2137.190,-108.660
2137.290,-104.683
2137.390,-109.006
2137.490,-109.017
2137.590,-110.383
2137.690,-110.501
2137.790,-110.316
2137.890,-109.302
2137.990,-109.327
2138.090,-108.290
2138.090,-106.875
2138.190,-107.117
2138.290,-107.799
2138.390,-108.704
2138.490,-108.632
2138.590,-107.575
2138.690,-107.472
2138.790,-108.333
2138.890,-106.017
2138.990,-106.190
2139.090,-107.974
2139.190,-109.058
2139.290,-106.526
2139.390,-106.398
2139.490,-108.469
2139.590,-108.367
2139.690,-109.233
2139.790,-110.116
2139.890,-108.905
2139.990,-109.066
2140.090,-110.490
2140.190,-109.197
2140.290,-110.198
2140.390,-108.662
2140.490,-108.863
2140.590,-108.997
2140.690,-107.615
2140.790,-105.803
2140.890,-106.971
2140.990,-105.569
2141.090,-107.988
2141.190,-106.162
2141.290,-106.056
2141.390,-104.516
2141.490,-108.170
2141.590,-105.994
2141.690,-108.607
2141.790,-107.186
2141.890,-107.370
2141.990,-103.891
2142.090,-108.265
2142.190,-107.086
2142.290,-109.402
2142.390,-106.956
2142.490,-108.007
2142.590,-106.100
2142.690,-108.762
2142.790,-106.251
2142.890,-110.525
2142.990,-106.630
2143.090,-107.353
2143.190,-106.743
2143.290,-104.830
2143.390,-107.962
2143.490,-105.893
2143.590,-102.083
2143.690,-105.359
2143.790,-106.900
2143.890,-107.721
2143.990,-104.829
2144.090,-102.284
2144.190,-110.884
2144.290,-105.894
2144.390,-102.722
2144.490,-106.466
2144.590,-108.961
2144.690,-101.615
2144.790,-106.355
2144.890,-108.481
2144.990,-106.605
2145.090,-103.953
2145.190,-106.247
2145.290,-106.901
2145.390,-106.972
2145.490,-107.325
2145.590,-107.427
2145.690,-110.131
2145.790,-105.091
2145.890,-108.172
2145.990,-109.622
2146.090,-106.998
2146.190,-106.879
2146.290,-107.791
2146.390,-107.193
2146.490,-109.408
2146.590,-106.754
2146.690,-106.038
2146.790,-107.682
2146.890,-106.586
2146.990,-106.974
2147.090,-107.584
2147.190,-108.185
2147.290,-103.631
2147.390,-104.740
2147.490,-107.477
2147.590,-108.252
2147.690,-109.725
2147.790,-106.254
2147.890,-106.784
2147.990,-111.023
2148.090,-107.302
2148.190,-108.896
2148.290,-108.139
2148.390,-105.660
2148.490,-110.504
2148.590,-107.932
2148.690,-110.595
2148.790,-110.891
2148.890,-109.363
2148.990,-107.548
2149.090,-106.542
2149.190,-109.674
2149.290,-108.986
2149.390,-108.466
2149.490,-109.154
2149.590,-110.363
2149.690,-105.899
2149.790,-106.161
2149.890,-108.518
2149.990,-105.004
2150.090,-106.183
2150.190,-107.360
2150.290,-105.087
2150.390,-106.893
2150.490,-106.273
2150.590,-106.196
2150.690,-106.700
2150.790,-106.436
2150.890,-108.990
2150.990,-106.062
2151.090,-106.932
2151.190,-103.305
2151.290,-105.807
2151.390,-103.861
2151.490,-105.516
2151.590,-105.110
2151.690,-106.391
2151.790,-107.911
2151.890,-108.569
2151.990,-104.126
2152.090,-104.980
2152.190,-103.096
2152.290,-108.140
2152.390,-105.626
2152.490,-107.064
2152.590,-107.104
2152.690,-106.743
2152.790,-107.975
2152.890,-107.659
2152.990,-107.989
2153.090,-105.571
2153.190,-108.580
2153.290,-106.729
2153.390,-107.773
2153.490,-108.016
2153.590,-105.683
2153.690,-107.104
2153.790,-107.563
2153.890,-107.006
2153.990,-109.819
2154.090,-107.771
2154.190,-110.584
2154.290,-106.850
2154.390,-109.936
2154.490,-108.016
2154.590,-108.237
2154.690,-107.797
2154.790,-108.831
2154.890,-110.016
2154.990,-109.331
2155.090,-110.050
2155.190,-110.491
2155.290,-108.715
2155.390,-108.997
2155.490,-107.909
2155.590,-106.313
2155.690,-109.448
2155.790,-105.834
2155.890,-106.792
2155.990,-107.332
2156.090,-106.706
2156.190,-106.312
2156.290,-109.109
2156.390,-107.290
2156.490,-110.004
2156.590,-109.472
2156.690,-109.600
2156.790,-109.715
2156.890,-109.232
2156.990,-108.959
2157.090,-109.478
2157.190,-108.748
2157.290,-109.320
2157.390,-108.399
2157.490,-108.209
2157.590,-109.489
2157.690,-110.172
2157.790,-106.701
2157.890,-108.002
2157.990,-107.298
2158.090,-108.996
2158.190,-110.361
2158.290,-108.798
2158.390,-109.080
2158.490,-107.048
2158.590,-107.766
2158.690,-109.283
2158.790,-109.265
2158.890,-107.154
2158.990,-109.260
2159.090,-107.427
2159.190,-109.612
2159.290,-108.835
2159.390,-109.525
2159.490,-108.482
2159.590,-109.691
2159.690,-108.870
2159.790,-108.147
2159.890,-109.471
2159.990,-108.559
2160.090,-109.327
2160.190,-109.111
2160.290,-106.372
2160.390,-108.693
2160.490,-107.005
2160.590,-107.931
2160.690,-107.206
2160.790,-108.531
2160.890,-107.308
2160.990,-108.949
2161.090,-109.776
2161.190,-108.992
2161.290,-108.659
2161.390,-108.600
2161.490,-108.507
2161.590,-107.709
2161.690,-107.785
2161.790,-107.634
2161.890,-108.900
2161.990,-107.758
2162.090,-107.045
2162.190,-108.301
2162.290,-107.469
2162.390,-107.037
2162.490,-107.952
2162.590,-107.498
2162.690,-108.470
2162.790,-108.182
2162.890,-108.362
2162.990,-108.149
2163.090,-107.144
2163.190,-106.943
2163.290,-108.422
2163.390,-107.180
2163.490,-107.248
2163.590,-108.389
2163.690,-107.897
2163.790,-108.676
2163.890,-109.392
2163.990,-108.505
2164.090,-110.576
2164.190,-109.493
2164.290,-107.718
2164.390,-107.605
2164.490,-108.502
2164.590,-107.472
2164.690,-108.862
2164.790,-108.662
2164.890,-108.889
2164.990,-108.005
2165.090,-107.913
2165.190,-107.897
2165.290,-109.827
2165.390,-108.650
2165.490,-110.654
2165.590,-106.197
2165.690,-109.848
2165.790,-108.516
2165.890,-109.492
2165.990,-109.313
2166.090,-108.896
2166.190,-107.703
2166.290,-108.921
2166.390,-110.414
2166.490,-109.490
2166.590,-107.225
2166.690,-106.184
2166.790,-108.284
2166.890,-108.598
2166.990,-108.496
2167.090,-108.700
2167.190,-106.957
2167.290,-109.610
2167.390,-106.250
2167.490,-109.304
2167.590,-107.440
2167.690,-108.233
2167.790,-108.582
2167.890,-106.963
2167.990,-108.237
2168.090,-107.185
2168.190,-110.263
2168.290,-110.417
2168.390,-108.250
2168.490,-106.959
2168.590,-109.493
2168.690,-107.912
2168.790,-107.713
2168.890,-108.651
2168.990,-107.892
2169.090,-107.515
2169.190,-109.814
2169.290,-108.933
2169.390,-110.122
2169.490,-110.576
2169.590,-108.326
2169.690,-107.438
2169.790,-110.061
2169.890,-109.415
2169.990,-108.647
2170.090,-108.047
2170.190,-108.852
2170.290,-108.971
2170.390,-109.587
2170.490,-109.392
2170.590,-108.064
2170.690,-107.950
2170.790,-106.765
2170.890,-107.305
2170.990,-106.609
2171.090,-109.111
2171.190,-109.268
2171.290,-108.233
2171.390,-106.202
2171.490,-107.226
2171.590,-108.533
2171.690,-108.055
2171.790,-107.721
2171.890,-107.722
2171.990,-107.981
2172.090,-106.696
2172.190,-108.038
2172.290,-106.045
2172.390,-104.795
2172.490,-109.978
2172.590,-108.527
2172.690,-105.658
2172.790,-108.729
2172.890,-107.483
2172.990,-106.626
2173.090,-107.338
2173.190,-107.627
2173.290,-105.913
2173.390,-108.081
2173.490,-107.699
2173.590,-108.665
2173.690,-108.951
2173.790,-109.510
2173.890,-110.342
2173.990,-105.295
2174.090,-106.531
2174.190,-107.626
2174.290,-105.707
2174.390,-108.166
2174.490,-109.465
2174.590,-107.573
2174.690,-108.850
2174.790,-106.903
2174.890,-107.086
2174.990,-108.479
2175.090,-109.290
2175.190,-108.095
2175.290,-108.019
2175.390,-108.792
2175.490,-108.566
2175.590,-108.510
2175.690,-108.531
2175.790,-107.072
2175.890,-109.922
2175.990,-107.123
2176.090,-107.252
2176.190,-108.154
2176.290,-107.129
2176.390,-109.435
2176.490,-109.084
2176.590,-108.264
2176.690,-107.751
2176.790,-107.914
2176.890,-107.935
2176.990,-108.238
2177.090,-108.951
2177.190,-106.860
2177.290,-108.776
2177.390,-107.229
2177.490,-108.757
2177.590,-106.797
2177.690,-108.289
2177.790,-107.039
2177.890,-107.229
2177.990,-107.391
2178.090,-107.981
2178.190,-106.072
2178.290,-105.242
2178.390,-107.686
2178.490,-108.929
2178.590,-108.120
2178.690,-108.379
2178.790,-107.347
2178.890,-108.999
2178.990,-108.645
2179.090,-109.318
2179.190,-109.247
2179.290,-107.750
2179.390,-108.425
2179.490,-108.637
2179.590,-107.224
2179.690,-109.709
2179.790,-107.478
2179.890,-107.123
2179.990,-109.300
2180.090,-108.560
2180.190,-106.826
2180.290,-107.404
2180.390,-107.897
2180.490,-106.075
2180.590,-105.962
2180.690,-107.992
2180.790,-110.552
2180.890,-107.082
2180.990,-103.910
2181.090,-106.514
2181.190,-106.719
2181.290,-107.732
2181.390,-105.341
2181.490,-108.304
2181.590,-109.357
2181.690,-109.121
2181.790,-109.015
2181.890,-108.883
2181.990,-108.115
2182.090,-108.475
2182.190,-107.282
2182.290,-108.563
2182.390,-108.293
2182.490,-107.408
2182.590,-108.825
2182.690,-106.951
2182.790,-105.084
2182.890,-108.257
2182.990,-107.487
2183.090,-108.471
2183.190,-109.029
2183.290,-108.604
2183.390,-107.484
2183.490,-107.290
2183.590,-106.959
2183.690,-105.517
2183.790,-107.202
2183.890,-108.264
2183.990,-107.796
2184.090,-107.050
2184.090,-106.821
2184.190,-106.604
2184.290,-107.727
2184.390,-108.543
2184.490,-107.691
2184.590,-108.328
2184.690,-107.683
2184.790,-109.679
2184.890,-108.314
2184.990,-106.724
2185.090,-107.349
2185.190,-107.584
2185.290,-106.647
2185.390,-107.846
2185.490,-107.866
2185.590,-109.176
2185.690,-110.175
2185.790,-108.218
2185.890,-107.355
2185.990,-107.743
2186.090,-105.504
2186.190,-108.548
2186.290,-107.529
2186.390,-110.070
2186.490,-109.195
2186.590,-107.552
2186.690,-107.239
2186.790,-107.606
2186.890,-108.995
2186.990,-110.324
2187.090,-108.894
2187.190,-107.786
2187.290,-108.055
2187.390,-110.229
2187.490,-109.021
2187.590,-107.595
2187.690,-108.151
2187.790,-106.160
2187.890,-107.380
2187.990,-106.193
2188.090,-106.962
2188.190,-106.322
2188.290,-108.988
2188.390,-109.334
2188.490,-109.273
2188.590,-104.881
2188.690,-109.144
2188.790,-106.906
2188.890,-107.204
2188.990,-108.686
2189.090,-109.637
2189.190,-107.880
2189.290,-109.251
2189.390,-106.190
2189.490,-109.150
2189.590,-106.142
2189.690,-105.153
2189.790,-107.903
2189.890,-108.491
2189.990,-107.876
2190.090,-107.317
2190.190,-110.466
2190.290,-107.729
2190.390,-108.641
2190.490,-107.655
2190.590,-109.123
2190.690,-108.321
2190.790,-107.691
2190.890,-105.930
2190.990,-106.007
2191.090,-108.427
2191.190,-105.792
2191.290,-104.878
2191.390,-107.406
2191.490,-105.876
2191.590,-108.187
2191.690,-108.111
2191.790,-108.195
2191.890,-106.101
2191.990,-107.879
2192.090,-107.662
2192.190,-105.673
2192.290,-105.525
2192.390,-108.565
2192.490,-108.141
2192.590,-107.505
2192.690,-108.640
2192.790,-108.287
2192.890,-107.098
2192.990,-109.651
2193.090,-106.889
2193.190,-108.407
2193.290,-108.831
2193.390,-107.971
2193.490,-106.341
2193.590,-107.147
2193.690,-105.729
2193.790,-107.493
2193.890,-106.089
2193.990,-105.183
2194.090,-106.686
2194.190,-105.928
2194.290,-104.494
2194.390,-107.289
2194.490,-109.164
2194.590,-110.304
2194.690,-105.102
2194.790,-106.443
2194.890,-109.244
2194.990,-107.909
2195.090,-107.285
2195.190,-107.265
2195.290,-107.024
2195.390,-107.263
2195.490,-107.174
2195.590,-108.140
2195.690,-105.873
2195.790,-109.159
2195.890,-108.328
2195.990,-108.132
2196.090,-109.015
2196.190,-106.646
2196.290,-107.887
2196.390,-108.506
2196.490,-108.627
2196.590,-109.484
2196.690,-108.626
2196.790,-106.712
2196.890,-108.672
2196.990,-106.879
2197.090,-105.795
2197.190,-107.303
2197.290,-106.575
2197.390,-107.174
2197.490,-107.408
2197.590,-107.644
2197.690,-109.661
2197.790,-107.128
2197.890,-108.852
2197.990,-108.479
2198.090,-109.615
2198.190,-109.731
2198.290,-108.094
2198.390,-108.727
2198.490,-108.347
2198.590,-107.601
2198.690,-108.553
2198.790,-108.619
2198.890,-109.503
2198.990,-108.451
2199.090,-108.747
2199.190,-106.482
2199.290,-107.212
2199.390,-109.313
2199.490,-109.945
2199.590,-106.441
2199.690,-109.570
2199.790,-108.882
2199.890,-110.131
2199.990,-108.886
2200.090,-108.735
2200.090,-110.494
2200.190,-107.829
2200.290,-109.299
2200.390,-108.862
2200.490,-110.484
2200.590,-106.827
2200.690,-108.058
2200.790,-111.657
2200.890,-110.493
2200.990,-109.112
2201.090,-108.081
2201.190,-108.369
2201.290,-110.847
2201.390,-111.885
2201.490,-111.439
2201.590,-107.393
2201.690,-110.721
2201.790,-109.657
2201.890,-109.098
2201.990,-109.833
2202.090,-107.499
2202.190,-111.650
2202.290,-110.761
2202.390,-108.925
2202.490,-111.462
2202.590,-109.175
2202.690,-110.272
2202.790,-109.806
2202.890,-108.455
2202.990,-109.641
2203.090,-109.363
2203.190,-110.849
2203.290,-111.510
2203.390,-108.584
2203.490,-109.937
2203.590,-109.339
2203.690,-111.282
2203.790,-111.993
2203.890,-109.761
2203.990,-109.076
2204.090,-108.092
2204.190,-109.554
2204.290,-108.951
2204.390,-110.396
2204.490,-109.393
2204.590,-108.916
2204.690,-108.225
2204.790,-110.949
2204.890,-109.955
2204.990,-110.850
2205.090,-109.677
2205.190,-108.649
2205.290,-111.406
2205.390,-109.246
2205.490,-111.048
2205.590,-109.030
2205.690,-108.411
2205.790,-109.388
2205.890,-109.458
2205.990,-108.076
2206.090,-107.675
2206.190,-109.137
2206.290,-110.500
2206.390,-108.383
2206.490,-108.467
2206.590,-107.187
2206.690,-109.610
2206.790,-110.688
2206.890,-110.378
2206.990,-108.173
2207.090,-107.232
2207.190,-110.573
2207.290,-106.982
2207.390,-108.862
2207.490,-110.497
2207.590,-110.126
2207.690,-109.470
2207.790,-108.390
2207.890,-108.352
2207.990,-109.701
2208.090,-110.453
2208.190,-112.683
2208.290,-111.061
2208.390,-109.186
2208.490,-107.547
2208.590,-110.183
2208.690,-105.885
2208.790,-108.604
2208.890,-108.606
2208.990,-110.157
2209.090,-109.006
2209.190,-109.481
2209.290,-110.147
2209.390,-108.107
2209.490,-107.746
2209.590,-109.031
2209.690,-109.139
2209.790,-110.227
2209.890,-109.842
2209.990,-109.939
2210.090,-110.213
2210.190,-107.474
2210.290,-111.215
2210.390,-109.823
2210.490,-110.649
2210.590,-109.161
2210.690,-111.775
2210.790,-107.533
2210.890,-110.413
2210.990,-109.452
2211.090,-108.243
2211.190,-109.497
2211.290,-110.061
2211.390,-110.111
2211.490,-108.940
2211.590,-108.542
2211.690,-110.779
2211.790,-109.025
2211.890,-108.646
2211.990,-109.445
2212.090,-109.599
2212.190,-111.314
2212.290,-106.913
2212.390,-109.649
2212.490,-110.439
2212.590,-109.757
2212.690,-110.632
2212.790,-108.616
2212.890,-109.663
2212.990,-110.995
2213.090,-107.053
2213.190,-109.861
2213.290,-110.322
2213.390,-111.092
2213.490,-111.307
2213.590,-107.432
2213.690,-109.883
2213.790,-108.793
2213.890,-111.155
2213.990,-109.082
2214.090,-110.260
2214.190,-108.006
2214.290,-110.225
2214.390,-106.859
2214.490,-109.196
2214.590,-111.225
2214.690,-108.804
2214.790,-110.172
2214.890,-109.071
2214.990,-109.940
2215.090,-109.497
2215.190,-107.712
2215.290,-109.156
2215.390,-108.543
2215.490,-108.630
2215.590,-107.707
2215.690,-109.243
2215.790,-111.239
2215.890,-108.609
2215.990,-108.506
2216.090,-109.440
2216.190,-111.275
2216.290,-108.900
2216.390,-111.496
2216.490,-109.422
2216.590,-108.771
2216.690,-108.566
2216.790,-111.231
2216.890,-110.383
2216.990,-107.917
2217.090,-108.604
2217.190,-113.229
2217.290,-108.427
2217.390,-111.837
2217.490,-107.513
2217.590,-111.749
2217.690,-109.810
2217.790,-110.199
2217.890,-110.304
2217.990,-109.131
2218.090,-110.169
2218.190,-107.447
2218.290,-108.478
2218.390,-111.396
2218.490,-110.668
2218.590,-111.483
2218.690,-108.699
2218.790,-108.136
2218.890,-109.920
2218.990,-109.890
2219.090,-109.137
2219.190,-109.247
2219.290,-109.845
2219.390,-109.038
2219.490,-110.322
2219.590,-108.249
2219.690,-110.786
2219.790,-109.222
2219.890,-109.913
2219.990,-107.904
2220.090,-109.369
2220.190,-109.558
2220.290,-108.066
2220.390,-108.772
2220.490,-109.258
2220.590,-108.088
2220.690,-108.948
2220.790,-108.859
2220.890,-111.247
2220.990,-109.001
2221.090,-109.375
2221.190,-109.438
2221.290,-111.699
2221.390,-107.066
2221.490,-110.021
2221.590,-110.463
2221.690,-110.738
2221.790,-109.069
2221.890,-107.411
2221.990,-109.571
2222.090,-108.977
2222.190,-110.344
2222.290,-108.507
2222.390,-111.139
2222.490,-109.589
2222.590,-109.908
2222.690,-108.443
2222.790,-108.579
2222.890,-109.251
2222.990,-110.602
2223.090,-110.228
2223.190,-109.619
2223.290,-108.821
2223.390,-111.048
2223.490,-107.357
2223.590,-111.009
2223.690,-109.003
2223.790,-110.401
2223.890,-109.351
2223.990,-107.536
2224.090,-109.758
2224.190,-111.070
2224.290,-109.278
2224.390,-109.910
2224.490,-109.078
2224.590,-110.815
2224.690,-109.253
2224.790,-111.676
2224.890,-109.602
2224.990,-109.122
2225.090,-110.413
2225.190,-110.294
2225.290,-109.752
2225.390,-111.031
2225.490,-110.182
2225.590,-110.099
2225.690,-109.484
2225.790,-108.025
2225.890,-110.286
2225.990,-109.457
2226.090,-109.349
2226.190,-107.913
2226.290,-108.499
2226.390,-110.424
2226.490,-108.025
2226.590,-110.099
2226.690,-108.168
2226.790,-109.440
2226.890,-109.544
2226.990,-108.659
2227.090,-110.782
2227.190,-110.468
2227.290,-109.181
2227.390,-110.433
2227.490,-107.729
2227.590,-110.603
2227.690,-110.246
2227.790,-110.981
2227.890,-111.481
2227.990,-108.526
2228.090,-108.786
2228.190,-108.201
2228.290,-108.659
2228.390,-109.137
2228.490,-107.951
2228.590,-109.130
2228.690,-108.938
2228.790,-109.020
2228.890,-110.374
2228.990,-109.133
2229.090,-109.015
2229.190,-112.447
2229.290,-107.782
2229.390,-110.489
2229.490,-108.814
2229.590,-108.348
2229.690,-110.744
2229.790,-109.768
2229.890,-108.905
2229.990,-110.982
2230.090,-108.713
2230.190,-110.319
2230.290,-106.431
2230.390,-111.464
2230.490,-109.476
2230.590,-110.855
2230.690,-110.719
2230.790,-109.850
2230.890,-107.234
2230.990,-106.743
2231.090,-111.193
2231.190,-108.399
2231.290,-109.518
2231.390,-109.085
2231.490,-108.331
2231.590,-108.183
2231.690,-108.774
2231.790,-109.888
2231.890,-110.630
2231.990,-110.857
2232.090,-108.385
2232.190,-109.757
2232.290,-109.648
2232.390,-108.587
2232.490,-107.334
2232.590,-111.139
2232.690,-110.182
2232.790,-109.888
2232.890,-111.101
2232.990,-110.236
2233.090,-110.865
2233.190,-107.235
2233.290,-110.171
2233.390,-112.271
2233.490,-108.806
2233.590,-109.661
2233.690,-111.608
2233.790,-109.845
2233.890,-107.425
2233.990,-110.480
2234.090,-110.805
2234.190,-110.250
2234.290,-108.643
2234.390,-108.852
2234.490,-109.418
2234.590,-109.508
2234.690,-107.256
2234.790,-112.108
2234.890,-109.095
2234.990,-111.940
2235.090,-108.890
2235.190,-109.499
2235.290,-109.865
2235.390,-111.567
2235.490,-109.289
2235.590,-108.594
2235.690,-111.517
2235.790,-111.062
2235.890,-109.070
2235.990,-109.931
2236.090,-109.449
2236.190,-111.520
2236.290,-110.511
2236.390,-111.654
2236.490,-111.831
2236.590,-111.145
2236.690,-110.796
2236.790,-111.805
2236.890,-112.030
2236.990,-109.494
2237.090,-108.163
2237.190,-112.977
2237.290,-108.701
2237.390,-109.322
2237.490,-107.429
2237.590,-109.976
2237.690,-110.713
2237.790,-109.857
2237.890,-109.048
2237.990,-111.875
2238.090,-108.936
2238.190,-107.852
2238.290,-108.270
2238.390,-109.935
2238.490,-110.834
2238.590,-109.216
2238.690,-111.070
2238.790,-112.007
2238.890,-108.977
2238.990,-108.717
2239.090,-108.692
2239.190,-110.946
2239.290,-111.391
2239.390,-110.484
2239.490,-110.099
2239.590,-108.425
2239.690,-110.459
2239.790,-110.998
2239.890,-110.605
2239.990,-111.128
2240.090,-110.673
2240.190,-111.228
2240.290,-107.624
2240.390,-112.834
2240.490,-113.434
2240.590,-107.954
2240.690,-110.203
2240.790,-109.290
2240.890,-110.169
2240.990,-111.085
2241.090,-112.122
2241.190,-113.021
2241.290,-110.662
2241.390,-110.805
2241.490,-112.597
2241.590,-111.779
2241.690,-109.547
2241.790,-109.028
2241.890,-110.605
2241.990,-109.372
2242.090,-109.223
2242.190,-109.424
2242.290,-110.722
2242.390,-112.745
2242.490,-109.736
2242.590,-111.283
2242.690,-111.252
2242.790,-112.170
2242.890,-111.530
2242.990,-111.847
2243.090,-108.745
2243.190,-112.979
2243.290,-112.248
2243.390,-109.645
2243.490,-108.576
2243.590,-108.365
2243.690,-109.737
2243.790,-108.085
2243.890,-109.404
2243.990,-108.290
2244.090,-109.160
2244.190,-109.834
2244.290,-110.559
2244.390,-107.432
2244.490,-108.472
2244.590,-110.186
2244.690,-110.834
2244.790,-111.530
2244.890,-110.070
2244.990,-110.674
2245.090,-106.650
2245.190,-110.226
2245.290,-111.102
2245.390,-109.450
2245.490,-111.866
2245.590,-108.758
2245.690,-111.228
2245.790,-107.689
2245.890,-110.697
2245.990,-111.138
2246.090,-109.771
2246.090,-107.886
2246.190,-109.380
2246.290,-106.573
2246.390,-108.106
2246.490,-108.195
2246.590,-108.997
2246.690,-109.692
2246.790,-110.496
2246.890,-111.015
2246.990,-107.006
2247.090,-107.599
2247.190,-109.277
2247.290,-109.260
2247.390,-109.375
2247.490,-106.292
2247.590,-109.864
2247.690,-109.720
2247.790,-107.383
2247.890,-107.010
2247.990,-109.327
2248.090,-110.644
2248.190,-109.322
2248.290,-107.587
2248.390,-108.363
2248.490,-109.299
2248.590,-110.756
2248.690,-108.751
2248.790,-109.313
2248.890,-107.711
2248.990,-106.760
2249.090,-108.234
2249.190,-108.788
2249.290,-107.377
2249.390,-109.905
2249.490,-108.365
2249.590,-108.772
2249.690,-105.143
2249.790,-108.870
2249.890,-108.919
2249.990,-109.132
2250.090,-109.744
2250.190,-108.461
2250.290,-109.617
2250.390,-107.538
2250.490,-109.588
2250.590,-107.742
2250.690,-107.728
2250.790,-109.560
2250.890,-108.101
2250.990,-109.805
2251.090,-108.375
2251.190,-108.869
2251.290,-108.742
2251.390,-108.094
2251.490,-108.879
2251.590,-110.988
2251.690,-108.461
2251.790,-107.961
2251.890,-107.743
2251.990,-108.428
2252.090,-108.505
2252.190,-110.100
2252.290,-108.753
2252.390,-108.449
2252.490,-107.693
2252.590,-109.768
2252.690,-108.402
2252.790,-109.675
2252.890,-110.401
2252.990,-108.592
2253.090,-107.951
2253.190,-107.705
2253.290,-109.666
2253.390,-108.131
2253.490,-107.880
2253.590,-108.843
2253.690,-107.831
2253.790,-108.733
2253.890,-108.212
2253.990,-109.385
2254.090,-108.259
2254.190,-107.222
2254.290,-108.928
2254.390,-108.908
2254.490,-107.658
2254.590,-109.399
2254.690,-108.802
2254.790,-110.133
2254.890,-107.209
2254.990,-108.117
2255.090,-110.011
2255.190,-109.517
2255.290,-108.904
2255.390,-109.730
2255.490,-108.001
2255.590,-109.759
2255.690,-109.761
2255.790,-108.452
2255.890,-108.564
2255.990,-107.968
2256.090,-107.362
2256.190,-107.703
2256.290,-107.559
2256.390,-109.540
2256.490,-107.699
2256.590,-110.684
2256.690,-108.304
2256.790,-110.158
2256.890,-106.453
2256.990,-108.816
2257.090,-107.576
2257.190,-108.506
2257.290,-108.429
2257.390,-107.609
2257.490,-108.687
2257.590,-108.384
2257.690,-109.942
2257.790,-107.547
2257.890,-107.400
2257.990,-109.478
2258.090,-108.400
2258.190,-109.380
2258.290,-106.594
2258.390,-108.361
2258.490,-107.119
2258.590,-108.564
2258.690,-108.832
2258.790,-109.073
2258.890,-108.785
2258.990,-108.034
2259.090,-109.106
2259.190,-107.914
2259.290,-108.119
2259.390,-109.142
2259.490,-109.470
2259.590,-108.463
2259.690,-108.915
2259.790,-107.993
2259.890,-108.835
2259.990,-109.645
2260.090,-108.702
2260.190,-108.439
2260.290,-107.893
2260.390,-109.554
2260.490,-109.432
2260.590,-110.576
2260.690,-108.149
2260.790,-108.988
2260.890,-106.529
2260.990,-110.961
2261.090,-108.845
2261.190,-109.881
2261.290,-109.442
2261.390,-110.207
2261.490,-109.973
2261.590,-108.624
2261.690,-109.600
2261.790,-107.643
2261.890,-108.476
2261.990,-107.504
2262.090,-109.724
2262.190,-108.248
2262.290,-108.098
2262.390,-109.238
2262.490,-108.719
2262.590,-107.201
2262.690,-109.193
2262.790,-108.156
2262.890,-110.607
2262.990,-108.624
2263.090,-108.660
2263.190,-108.539
2263.290,-108.620
2263.390,-110.472
2263.490,-109.834
2263.590,-109.609
2263.690,-108.060
2263.790,-107.986
2263.890,-107.974
2263.990,-109.321
2264.090,-107.980
2264.190,-108.071
2264.290,-109.583
2264.390,-107.206
2264.490,-108.222
2264.590,-106.578
2264.690,-108.298
2264.790,-109.233
2264.890,-108.410
2264.990,-108.453
2265.090,-107.147
2265.190,-106.996
2265.290,-109.378
2265.390,-107.353
2265.490,-108.179
2265.590,-108.552
2265.690,-108.926
2265.790,-109.026
2265.890,-109.400
2265.990,-108.101
2266.090,-110.582
2266.190,-107.872
2266.290,-109.727
2266.390,-108.716
2266.490,-107.473
2266.590,-110.740
2266.690,-107.710
2266.790,-109.986
2266.890,-107.957
2266.990,-108.866
2267.090,-108.304
2267.190,-108.527
2267.290,-110.220
2267.390,-107.632
2267.490,-108.478
2267.590,-108.457
2267.690,-109.817
2267.790,-110.073
2267.890,-108.374
2267.990,-105.992
2268.090,-108.550
2268.190,-109.327
2268.290,-108.781
2268.390,-106.432
2268.490,-107.983
2268.590,-108.377
2268.690,-108.450
2268.790,-108.844
2268.890,-108.442
2268.990,-109.686
2269.090,-108.093
2269.190,-107.377
2269.290,-109.133
2269.390,-106.849
2269.490,-109.550
2269.590,-108.697
2269.690,-105.553
2269.790,-108.685
2269.890,-106.655
2269.990,-108.640
2270.090,-108.922
2270.190,-108.670
2270.290,-106.242
2270.390,-107.609
2270.490,-108.845
2270.590,-109.129
2270.690,-108.734
2270.790,-107.815
2270.890,-108.144
2270.990,-107.807
2271.090,-107.701
2271.190,-107.044
2271.290,-108.096
2271.390,-108.169
2271.490,-108.425
2271.590,-107.262
2271.690,-107.438
2271.790,-106.983
2271.890,-109.060
2271.990,-109.029
2272.090,-109.041
2272.190,-109.564
2272.290,-110.013
2272.390,-109.770
2272.490,-109.085
2272.590,-106.700
2272.690,-109.281
2272.790,-110.266
2272.890,-109.939
2272.990,-110.283
2273.090,-109.461
2273.190,-106.300
2273.290,-107.211
2273.390,-109.510
2273.490,-105.965
2273.590,-108.466
2273.690,-107.953
2273.790,-108.256
2273.890,-107.769
2273.990,-108.532
2274.090,-110.493
2274.190,-108.476
2274.290,-108.290
2274.390,-108.876
2274.490,-109.426
2274.590,-108.330
2274.690,-109.495
2274.790,-106.853
2274.890,-109.498
2274.990,-109.433
2275.090,-108.072
2275.190,-108.523
2275.290,-108.000
2275.390,-108.574
2275.490,-107.486
2275.590,-109.720
2275.690,-109.850
2275.790,-107.407
2275.890,-108.008
2275.990,-108.406
2276.090,-106.598
2276.190,-109.186
2276.290,-109.370
2276.390,-108.263
2276.490,-107.813
2276.590,-107.544
2276.690,-109.409
2276.790,-109.885
2276.890,-110.050
2276.990,-106.810
2277.090,-107.498
2277.190,-108.415
2277.290,-110.776
2277.390,-109.112
2277.490,-108.964
2277.590,-108.048
2277.690,-109.569
2277.790,-108.615
2277.890,-108.263
2277.990,-107.397
2278.090,-108.089
2278.190,-108.636
2278.290,-109.209
2278.390,-108.223
2278.490,-108.444
2278.590,-107.914
2278.690,-109.154
2278.790,-108.188
2278.890,-106.377
2278.990,-110.999
2279.090,-110.418
2279.190,-108.840
2279.290,-110.461
2279.390,-109.456
2279.490,-108.885
2279.590,-107.367
2279.690,-110.353
2279.790,-107.465
2279.890,-108.279
2279.990,-107.599
2280.090,-108.379
2280.190,-107.320
2280.290,-105.699
2280.390,-106.796
2280.490,-107.817
2280.590,-108.069
2280.690,-107.417
2280.790,-109.395
2280.890,-110.190
2280.990,-109.424
2281.090,-108.804
2281.190,-108.092
2281.290,-106.176
2281.390,-107.700
2281.490,-109.515
2281.590,-107.680
2281.690,-109.562
2281.790,-108.373
2281.890,-109.195
2281.990,-109.145
2282.090,-109.850
2282.190,-107.967
2282.290,-109.097
2282.390,-106.835
2282.490,-108.143
2282.590,-108.048
2282.690,-107.106
2282.790,-108.475
2282.890,-108.871
2282.990,-109.727
2283.090,-107.135
2283.190,-109.059
2283.290,-109.504
2283.390,-109.247
2283.490,-110.129
2283.590,-107.532
2283.690,-108.119
2283.790,-106.652
2283.890,-107.468
2283.990,-108.387
2284.090,-109.837
2284.190,-105.464
2284.290,-108.893
2284.390,-108.173
2284.490,-108.781
2284.590,-107.796
2284.690,-107.377
2284.790,-109.582
2284.890,-109.364
2284.990,-109.846
2285.090,-107.942
2285.190,-108.802
2285.290,-105.631
2285.390,-107.360
2285.490,-108.804
2285.590,-109.460
2285.690,-107.773
2285.790,-107.950
2285.890,-109.531
2285.990,-109.324
2286.090,-108.804
2286.190,-109.308
2286.290,-108.999
2286.390,-108.351
2286.490,-109.779
2286.590,-109.478
2286.690,-108.791
2286.790,-108.413
2286.890,-106.545
2286.990,-108.321
2287.090,-108.355
2287.190,-108.625
2287.290,-108.511
2287.390,-109.133
2287.490,-110.272
2287.590,-108.935
2287.690,-108.883
2287.790,-106.964
2287.890,-108.453
2287.990,-108.088
2288.090,-109.640
2288.190,-108.707
2288.290,-108.094
2288.390,-107.663
2288.490,-107.884
2288.590,-108.790
2288.690,-107.881
2288.790,-109.176
2288.890,-108.665
2288.990,-109.450
2289.090,-109.647
2289.190,-109.327
2289.290,-109.707
2289.390,-107.859
2289.490,-108.420
2289.590,-106.056
2289.690,-107.126
2289.790,-108.265
2289.890,-108.071
2289.990,-107.615
2290.090,-107.687
2290.190,-108.300
2290.290,-108.784
2290.390,-108.624
2290.490,-107.746
2290.590,-108.993
2290.690,-107.934
2290.790,-107.326
2290.890,-108.937
2290.990,-108.242
2291.090,-108.200
2291.190,-107.121
2291.290,-109.092
2291.390,-108.921
2291.490,-109.879
2291.590,-108.543
2291.690,-109.236
2291.790,-109.317
2291.890,-109.262
2291.990,-107.250
2292.090,-108.815
2292.090,-109.015
2292.190,-107.536
2292.290,-108.651
2292.390,-109.189
2292.490,-107.637
2292.590,-107.105
2292.690,-108.060
2292.790,-108.936
2292.890,-107.308
2292.990,-108.605
2293.090,-108.735
2293.190,-108.715
2293.290,-107.173
2293.390,-107.646
2293.490,-108.112
2293.590,-106.102
2293.690,-108.599
2293.790,-108.716
2293.890,-107.871
2293.990,-107.452
2294.090,-107.694
2294.190,-107.835
2294.290,-107.114
2294.390,-106.730
2294.490,-107.567
2294.590,-109.151
2294.690,-106.607
2294.790,-107.823
2294.890,-109.166
2294.990,-109.795
2295.090,-108.765
2295.190,-108.155
2295.290,-109.537
2295.390,-109.002
2295.490,-107.837
2295.590,-109.107
2295.690,-107.546
2295.790,-107.886
2295.890,-106.058
2295.990,-106.111
2296.090,-106.685
2296.190,-107.726
2296.290,-105.930
2296.390,-109.698
2296.490,-104.692
2296.590,-109.610
2296.690,-106.928
2296.790,-108.951
2296.890,-109.768
2296.990,-108.655
2297.090,-110.053
2297.190,-107.721
2297.290,-106.127
2297.390,-109.073
2297.490,-109.761
2297.590,-108.749
2297.690,-108.626
2297.790,-108.181
2297.890,-109.629
2297.990,-108.813
2298.090,-109.369
2298.190,-109.089
2298.290,-106.836
2298.390,-106.743
2298.490,-107.620
2298.590,-106.901
2298.690,-108.556
2298.790,-107.620
2298.890,-108.115
2298.990,-106.843
2299.090,-107.492
2299.190,-109.417
2299.290,-107.271
2299.390,-106.931
2299.490,-109.226
2299.590,-108.820
2299.690,-107.119
2299.790,-108.513
2299.890,-108.604
2299.990,-109.362
2300.090,-108.777
2300.190,-107.047
2300.290,-107.997
2300.390,-106.716
2300.490,-107.884
2300.590,-108.769
2300.690,-108.308
2300.790,-107.687
2300.890,-107.495
2300.990,-107.386
2301.090,-107.299
2301.190,-108.200
2301.290,-108.007
2301.390,-108.153
2301.490,-110.339
2301.590,-109.165
2301.690,-108.816
2301.790,-107.215
2301.890,-106.145
2301.990,-109.875
2302.090,-109.499
2302.190,-109.620
2302.290,-108.805
2302.390,-106.346
2302.490,-107.561
2302.590,-107.874
2302.690,-107.998
2302.790,-108.170
2302.890,-109.305
2302.990,-106.415
2303.090,-108.387
2303.190,-108.117
2303.290,-109.504
2303.390,-107.986
2303.490,-108.472
2303.590,-107.636
2303.690,-106.921
2303.790,-108.130
2303.890,-107.232
2303.990,-108.945
2304.090,-107.172
2304.190,-109.530
2304.290,-108.663
2304.390,-107.525
2304.490,-107.693
2304.590,-108.795
2304.690,-107.501
2304.790,-107.874
2304.890,-105.766
2304.990,-108.767
2305.090,-107.954
2305.190,-107.580
2305.290,-106.272
2305.390,-111.096
2305.490,-107.745
2305.590,-108.781
2305.690,-109.183
2305.790,-109.368
2305.890,-106.981
2305.990,-109.214
2306.090,-108.512
2306.190,-106.932
2306.290,-107.364
2306.390,-106.274
2306.490,-109.611
2306.590,-107.538
2306.690,-105.753
2306.790,-108.188
2306.890,-107.463
2306.990,-109.110
2307.090,-109.158
2307.190,-107.617
2307.290,-108.426
2307.390,-107.776
2307.490,-107.949
2307.590,-106.919
2307.690,-107.674
2307.790,-107.497
2307.890,-109.051
2307.990,-108.610
2308.090,-107.805
2308.190,-110.084
2308.290,-107.233
2308.390,-108.515
2308.490,-108.261
2308.590,-108.133
2308.690,-108.373
2308.790,-108.767
2308.890,-107.890
2308.990,-106.883
2309.090,-107.073
2309.190,-108.618
2309.290,-108.418
2309.390,-108.654
2309.490,-104.752
2309.590,-107.109
2309.690,-105.017
2309.790,-107.871
2309.890,-105.789
2309.990,-105.452
2310.090,-107.982
2310.190,-108.362
2310.290,-106.926
2310.390,-108.605
2310.490,-108.272
2310.590,-107.336
2310.690,-109.400
2310.790,-106.859
2310.890,-106.568
2310.990,-107.018
2311.090,-109.384
2311.190,-107.546
2311.290,-108.521
2311.390,-107.891
2311.490,-107.048
2311.590,-109.345
2311.690,-106.206
2311.790,-109.514
2311.890,-106.529
2311.990,-109.197
2312.090,-110.387
2312.190,-108.079
2312.290,-107.331
2312.390,-109.157
2312.490,-107.152
2312.590,-108.906
2312.690,-108.813
2312.790,-108.557
2312.890,-107.787
2312.990,-110.339
2313.090,-110.420
2313.190,-107.895
2313.290,-108.418
2313.390,-107.677
2313.490,-106.397
2313.590,-106.901
2313.690,-109.711
2313.790,-107.586
2313.890,-107.451
2313.990,-107.627
2314.090,-108.271
2314.190,-105.632
2314.290,-108.074
2314.390,-106.738
2314.490,-107.200
2314.590,-107.684
2314.690,-108.964
2314.790,-105.945
2314.890,-107.841
2314.990,-110.211
2315.090,-108.577
2315.190,-108.234
2315.290,-108.354
2315.390,-106.985
2315.490,-107.646
2315.590,-107.031
2315.690,-106.903
2315.790,-109.830
2315.890,-108.263
2315.990,-107.350
2316.090,-109.713
2316.190,-107.997
2316.290,-106.048
2316.390,-109.285
2316.490,-110.309
2316.590,-107.498
2316.690,-109.079
2316.790,-107.352
2316.890,-108.764
2316.990,-107.909
2317.090,-107.908
2317.190,-107.323
2317.290,-108.257
2317.390,-108.871
2317.490,-109.538
2317.590,-109.320
2317.690,-108.603
2317.790,-106.566
2317.890,-108.035
2317.990,-108.208
2318.090,-107.137
2318.190,-107.736
2318.290,-108.783
2318.390,-109.264
2318.490,-109.715
2318.590,-108.309
2318.690,-107.230
2318.790,-109.869
2318.890,-107.050
2318.990,-105.196
2319.090,-108.189
2319.190,-106.305
2319.290,-107.639
2319.390,-107.001
2319.490,-108.455
2319.590,-107.475
2319.690,-108.533
2319.790,-106.562
2319.890,-105.124
2319.990,-107.181
2320.090,-107.018
2320.190,-108.948
2320.290,-108.824
2320.390,-103.783
2320.490,-107.560
2320.590,-107.196
2320.690,-108.763
2320.790,-108.085
2320.890,-107.471
2320.990,-108.701
2321.090,-108.812
2321.190,-108.438
2321.290,-109.908
2321.390,-108.854
2321.490,-107.201
2321.590,-109.317
2321.690,-109.302
2321.790,-106.790
2321.890,-109.162
2321.990,-108.044
2322.090,-108.749
2322.190,-107.688
2322.290,-109.528
2322.390,-108.573
2322.490,-108.950
2322.590,-108.481
2322.690,-109.245
2322.790,-107.622
2322.890,-107.798
2322.990,-108.087
2323.090,-105.522
2323.190,-108.870
2323.290,-108.331
2323.390,-106.834
2323.490,-107.268
2323.590,-108.016
2323.690,-106.065
2323.790,-107.572
2323.890,-108.070
2323.990,-108.006
2324.090,-108.537
2324.190,-108.409
2324.290,-108.443
2324.390,-110.060
2324.490,-107.653
2324.590,-106.957
2324.690,-105.764
2324.790,-109.231
2324.890,-108.573
2324.990,-107.461
2325.090,-106.847
2325.190,-108.015
2325.290,-108.125
2325.390,-108.509
2325.490,-106.632
2325.590,-108.937
2325.690,-105.067
2325.790,-109.753
2325.890,-107.652
2325.990,-107.435
2326.090,-108.135
2326.190,-109.363
2326.290,-108.405
2326.390,-109.920
2326.490,-106.864
2326.590,-109.223
2326.690,-105.832
2326.790,-108.015
2326.890,-109.834
2326.990,-108.336
2327.090,-108.203
2327.190,-108.386
2327.290,-106.198
2327.390,-108.662
2327.490,-107.745
2327.590,-106.435
2327.690,-109.333
2327.790,-108.409
2327.890,-106.965
2327.990,-107.790
2328.090,-107.891
2328.190,-108.685
2328.290,-108.241
2328.390,-106.974
2328.490,-108.079
2328.590,-108.313
2328.690,-106.144
2328.790,-107.953
2328.890,-107.743
2328.990,-107.618
2329.090,-107.529
2329.190,-109.125
2329.290,-105.294
2329.390,-107.309
2329.490,-108.297
2329.590,-108.385
2329.690,-108.123
2329.790,-108.674
2329.890,-108.248
2329.990,-107.735
2330.090,-107.495
2330.190,-108.301
2330.290,-106.950
2330.390,-108.142
2330.490,-109.011
2330.590,-108.606
2330.690,-108.004
2330.790,-110.503
2330.890,-108.322
2330.990,-108.440
2331.090,-107.325
2331.190,-104.905
2331.290,-108.270
2331.390,-108.432
2331.490,-107.253
2331.590,-107.397
2331.690,-107.524
2331.790,-105.068
2331.890,-108.451
2331.990,-105.999
2332.090,-106.331
2332.190,-105.501
2332.290,-109.329
2332.390,-106.524
2332.490,-109.560
2332.590,-106.594
2332.690,-108.577
2332.790,-109.067
2332.890,-107.554
2332.990,-108.002
2333.090,-108.103
2333.190,-107.602
2333.290,-108.361
2333.390,-107.326
2333.490,-107.403
2333.590,-109.284
2333.690,-109.412
2333.790,-110.166
2333.890,-105.973
2333.990,-108.581
2334.090,-107.155
2334.190,-109.486
2334.290,-106.021
2334.390,-108.832
2334.490,-106.425
2334.590,-108.601
2334.690,-106.224
2334.790,-108.693
2334.890,-108.684
2334.990,-107.901
2335.090,-107.670
2335.190,-106.093
2335.290,-107.767
2335.390,-107.772
2335.490,-108.138
2335.590,-108.806
2335.690,-108.878
2335.790,-108.950
2335.890,-107.893
2335.990,-107.848
2336.090,-106.787
2336.190,-107.013
2336.290,-108.264
2336.390,-108.670
2336.490,-106.693
2336.590,-108.971
2336.690,-107.882
2336.790,-108.658
2336.890,-108.462
2336.990,-107.534
2337.090,-109.794
2337.190,-107.668
2337.290,-107.650
2337.390,-108.202
2337.490,-107.234
2337.590,-105.817
2337.690,-107.475
2337.790,-107.654
2337.890,-106.549
2337.990,-108.710
2338.090,-106.469
2338.090,-106.478
2338.190,-106.830
2338.290,-108.211
2338.390,-106.921
2338.490,-105.961
2338.590,-107.068
2338.690,-106.765
2338.790,-105.876
2338.890,-106.878
2338.990,-107.346
2339.090,-106.281
2339.190,-108.717
2339.290,-107.963
2339.390,-109.339
2339.490,-106.704
2339.590,-107.956
2339.690,-106.733
2339.790,-106.652
2339.890,-105.990
2339.990,-107.206
2340.090,-108.927
2340.190,-106.572
2340.290,-106.745
2340.390,-106.219
2340.490,-108.019
2340.590,-107.927
2340.690,-107.489
2340.790,-107.667
2340.890,-106.938
2340.990,-108.794
2341.090,-109.628
2341.190,-106.719
2341.290,-105.542
2341.390,-106.852
2341.490,-107.305
2341.590,-107.770
2341.690,-108.503
2341.790,-109.067
2341.890,-108.717
2341.990,-107.894
2342.090,-109.028
2342.190,-109.325
2342.290,-106.861
2342.390,-107.183
2342.490,-106.385
2342.590,-110.008
2342.690,-106.630
2342.790,-108.177
2342.890,-107.675
2342.990,-108.066
2343.090,-106.389
2343.190,-104.204
2343.290,-107.737
2343.390,-109.141
2343.490,-108.618
2343.590,-106.249
2343.690,-107.815
2343.790,-106.929
2343.890,-107.038
2343.990,-107.508
2344.090,-106.805
2344.190,-107.280
2344.290,-107.201
2344.390,-106.362
2344.490,-106.495
2344.590,-105.434
2344.690,-108.190
2344.790,-106.436
2344.890,-108.574
2344.990,-106.902
2345.090,-107.718
2345.190,-108.471
2345.290,-109.190
2345.390,-107.415
2345.490,-109.692
2345.590,-106.422
2345.690,-107.905
2345.790,-107.479
2345.890,-107.061
2345.990,-106.014
2346.090,-108.187
2346.190,-107.444
2346.290,-106.291
2346.390,-106.580
2346.490,-109.036
2346.590,-108.527
2346.690,-105.664
2346.790,-109.985
2346.890,-107.806
2346.990,-107.183
2347.090,-107.486
2347.190,-107.681
2347.290,-106.772
2347.390,-107.460
2347.490,-108.428
2347.590,-106.700
2347.690,-106.034
2347.790,-108.381
2347.890,-107.396
2347.990,-106.153
2348.090,-108.179
2348.190,-107.021
2348.290,-107.380
2348.390,-107.958
2348.490,-108.122
2348.590,-104.529
2348.690,-108.143
2348.790,-106.810
2348.890,-105.988
2348.990,-107.533
2349.090,-110.600
2349.190,-106.574
2349.290,-107.546
2349.390,-105.849
2349.490,-107.459
2349.590,-108.120
2349.690,-108.583
2349.790,-106.709
2349.890,-106.429
2349.990,-108.466
2350.090,-106.244
2350.190,-108.352
2350.290,-105.531
2350.390,-108.873
2350.490,-106.486
2350.590,-108.902
2350.690,-105.831
2350.790,-108.244
2350.890,-106.750
2350.990,-106.760
2351.090,-107.698
2351.190,-108.168
2351.290,-108.942
2351.390,-109.859
2351.490,-105.485
2351.590,-109.084
2351.690,-107.359
2351.790,-107.117
2351.890,-109.508
2351.990,-107.975
2352.090,-107.534
2352.190,-105.623
2352.290,-109.435
2352.390,-107.327
2352.490,-108.040
2352.590,-105.083
2352.690,-108.154
2352.790,-108.617
2352.890,-107.336
2352.990,-106.343
2353.090,-106.836
2353.190,-107.530
2353.290,-107.768
2353.390,-108.891
2353.490,-107.343
2353.590,-107.790
2353.690,-109.073
2353.790,-107.286
2353.890,-107.506
2353.990,-106.211
2354.090,-107.799
2354.190,-107.580
2354.290,-108.341
2354.390,-106.707
2354.490,-108.247
2354.590,-107.474
2354.690,-108.716
2354.790,-106.908
2354.890,-106.465
2354.990,-106.484
2355.090,-106.982
2355.190,-105.616
2355.290,-109.508
2355.390,-107.181
2355.490,-107.836
2355.590,-108.348
2355.690,-106.337
2355.790,-107.143
2355.890,-107.360
2355.990,-108.582
2356.090,-106.229
2356.190,-106.885
2356.290,-108.795
2356.390,-108.460
2356.490,-106.801
2356.590,-107.964
2356.690,-105.928
2356.790,-105.477
2356.890,-106.920
2356.990,-107.341
2357.090,-106.797
2357.190,-107.738
2357.290,-107.582
2357.390,-105.907
2357.490,-109.649
2357.590,-107.566
2357.690,-109.245
2357.790,-108.758
2357.890,-107.056
2357.990,-108.118
2358.090,-106.631
2358.190,-107.519
2358.290,-108.893
2358.390,-108.409
2358.490,-107.726
2358.590,-107.598
2358.690,-105.198
2358.790,-107.382
2358.890,-106.279
2358.990,-109.421
2359.090,-106.847
2359.190,-105.081
2359.290,-108.062
2359.390,-106.749
2359.490,-109.253
2359.590,-107.564
2359.690,-109.386
2359.790,-107.741
2359.890,-107.910
2359.990,-107.259
2360.090,-108.338
2360.190,-108.343
2360.290,-108.275
2360.390,-107.979
2360.490,-108.612
2360.590,-108.230
2360.690,-109.134
2360.790,-107.309
2360.890,-109.238
2360.990,-106.926
2361.090,-107.745
2361.190,-107.704
2361.290,-107.004
2361.390,-109.354
2361.490,-106.863
2361.590,-107.509
2361.690,-108.406
2361.790,-107.930
2361.890,-107.509
2361.990,-105.786
2362.090,-107.226
2362.190,-107.496
2362.290,-106.535
2362.390,-106.191
2362.490,-107.057
2362.590,-104.629
2362.690,-107.869
2362.790,-105.796
2362.890,-107.892
2362.990,-107.905
2363.090,-108.782
2363.190,-108.053
2363.290,-109.450
2363.390,-106.441
2363.490,-107.009
2363.590,-108.790
2363.690,-108.810
2363.790,-106.516
2363.890,-107.536
2363.990,-106.240
2364.090,-108.289
2364.190,-107.754
2364.290,-108.598
2364.390,-106.986
2364.490,-108.452
2364.590,-105.214
2364.690,-108.589
2364.790,-107.719
2364.890,-107.516
2364.990,-106.455
2365.090,-106.976
2365.190,-105.986
2365.290,-107.441
2365.390,-106.962
2365.490,-105.884
2365.590,-107.357
2365.690,-109.941
2365.790,-106.945
2365.890,-107.328
2365.990,-107.310
2366.090,-107.193
2366.190,-109.291
2366.290,-107.190
2366.390,-106.808
2366.490,-108.258
2366.590,-106.585
2366.690,-107.096
2366.790,-108.155
2366.890,-108.296
2366.990,-107.127
2367.090,-108.277
2367.190,-108.533
2367.290,-106.642
2367.390,-105.972
2367.490,-108.176
2367.590,-107.525
2367.690,-107.573
2367.790,-107.238
2367.890,-106.185
2367.990,-108.004
2368.090,-107.316
2368.190,-106.277
2368.290,-105.147
2368.390,-107.557
2368.490,-105.056
2368.590,-106.195
2368.690,-106.163
2368.790,-107.547
2368.890,-107.692
2368.990,-106.860
2369.090,-106.809
2369.190,-106.002
2369.290,-106.719
2369.390,-108.089
2369.490,-108.177
2369.590,-109.044
2369.690,-107.946
2369.790,-105.810
2369.890,-107.109
2369.990,-107.243
2370.090,-106.583
2370.190,-107.942
2370.290,-106.298
2370.390,-105.456
2370.490,-106.124
2370.590,-106.613
2370.690,-106.883
2370.790,-108.832
2370.890,-106.566
2370.990,-107.315
2371.090,-107.232
2371.190,-106.456
2371.290,-107.072
2371.390,-107.443
2371.490,-105.048
2371.590,-106.333
2371.690,-104.173
2371.790,-107.201
2371.890,-107.633
2371.990,-105.707
2372.090,-109.210
2372.190,-107.940
2372.290,-108.087
2372.390,-107.865
2372.490,-109.452
2372.590,-107.026
2372.690,-108.004
2372.790,-107.835
2372.890,-107.644
2372.990,-107.445
2373.090,-106.013
2373.190,-105.062
2373.290,-105.656
2373.390,-107.698
2373.490,-107.802
2373.590,-108.264
2373.690,-105.612
2373.790,-107.831
2373.890,-106.182
2373.990,-106.950
2374.090,-104.869
2374.190,-105.334
2374.290,-106.344
2374.390,-108.023
2374.490,-108.245
2374.590,-106.783
2374.690,-106.368
2374.790,-105.311
2374.890,-107.396
2374.990,-106.850
2375.090,-106.642
2375.190,-108.600
2375.290,-107.751
2375.390,-107.503
2375.490,-106.075
2375.590,-106.565
2375.690,-105.273
2375.790,-107.461
2375.890,-106.664
2375.990,-105.631
2376.090,-106.997
2376.190,-106.366
2376.290,-108.573
2376.390,-107.275
2376.490,-107.793
2376.590,-105.773
2376.690,-105.419
2376.790,-107.476
2376.890,-105.732
2376.990,-106.119
2377.090,-109.893
2377.190,-105.433
2377.290,-105.186
2377.390,-109.268
2377.490,-104.935
2377.590,-107.256
2377.690,-106.493
2377.790,-106.896
2377.890,-108.035
2377.990,-108.207
2378.090,-107.961
2378.190,-106.866
2378.290,-107.904
2378.390,-105.709
2378.490,-107.770
2378.590,-107.632
2378.690,-107.175
2378.790,-107.260
2378.890,-109.245
2378.990,-108.555
2379.090,-107.101
2379.190,-106.440
2379.290,-109.047
2379.390,-105.066
2379.490,-106.269
2379.590,-105.954
2379.690,-108.273
2379.790,-105.874
2379.890,-107.276
2379.990,-107.862
2380.090,-108.213
2380.190,-107.662
2380.290,-106.486
2380.390,-108.169
2380.490,-106.029
2380.590,-106.459
2380.690,-106.498
2380.790,-106.865
2380.890,-107.476
2380.990,-107.056
2381.090,-107.006
2381.190,-106.838
2381.290,-107.574
2381.390,-107.784
2381.490,-106.011
2381.590,-107.471
2381.690,-106.399
2381.790,-108.328
2381.890,-107.678
2381.990,-107.695
2382.090,-106.946
2382.190,-108.968
2382.290,-109.172
2382.390,-108.742
2382.490,-108.022
2382.590,-107.375
2382.690,-105.429
2382.790,-106.745
2382.890,-107.134
2382.990,-108.246
2383.090,-105.834
2383.190,-107.101
2383.290,-108.422
2383.390,-108.243
2383.490,-107.658
2383.590,-107.953
2383.690,-107.474
2383.790,-106.771
2383.890,-107.525
2383.990,-105.817
2384.090,-104.768
2384.090,-106.359
2384.190,-105.665
2384.290,-108.742
2384.390,-106.506
2384.490,-107.842
2384.590,-107.764
2384.690,-107.189
2384.790,-107.287
2384.890,-108.410
2384.990,-106.797
2385.090,-106.165
2385.190,-107.835
2385.290,-104.230
2385.390,-105.828
2385.490,-107.109
2385.590,-107.851
2385.690,-108.093
2385.790,-108.123
2385.890,-105.129
2385.990,-106.843
2386.090,-108.277
2386.190,-105.657
2386.290,-108.474
2386.390,-105.222
2386.490,-108.323
2386.590,-107.438
2386.690,-107.082
2386.790,-106.644
2386.890,-105.722
2386.990,-106.043
2387.090,-107.185
2387.190,-107.980
2387.290,-108.346
2387.390,-106.375
2387.490,-106.544
2387.590,-107.909
2387.690,-107.520
2387.790,-107.741
2387.890,-108.564
2387.990,-107.441
2388.090,-105.796
2388.190,-107.847
2388.290,-105.115
2388.390,-107.553
2388.490,-104.669
2388.590,-107.989
2388.690,-107.255
2388.790,-105.619
2388.890,-107.922
2388.990,-106.692
2389.090,-105.404
2389.190,-106.521
2389.290,-105.433
2389.390,-106.805
2389.490,-106.455
2389.590,-108.764
2389.690,-107.173
2389.790,-107.432
2389.890,-107.653
2389.990,-107.274
2390.090,-105.538
2390.190,-106.679
2390.290,-108.743
2390.390,-107.210
2390.490,-106.966
2390.590,-105.762
2390.690,-107.410
2390.790,-105.778
2390.890,-108.593
2390.990,-108.820
2391.090,-107.258
2391.190,-108.115
2391.290,-106.999
2391.390,-106.316
2391.490,-107.266
2391.590,-107.643
2391.690,-106.468
2391.790,-107.033
2391.890,-107.373
2391.990,-108.334
2392.090,-107.182
2392.190,-107.493
2392.290,-107.393
2392.390,-107.195
2392.490,-107.515
2392.590,-108.170
2392.690,-106.630
2392.790,-105.874
2392.890,-106.646
2392.990,-107.147
2393.090,-107.003
2393.190,-108.282
2393.290,-108.266
2393.390,-106.906
2393.490,-108.336
2393.590,-107.672
2393.690,-105.912
2393.790,-107.609
2393.890,-107.271
2393.990,-106.856
2394.090,-107.522
2394.190,-106.049
2394.290,-106.874
2394.390,-108.366
2394.490,-107.815
2394.590,-106.989
2394.690,-105.446
2394.790,-107.003
2394.890,-105.949
2394.990,-105.617
2395.090,-107.192
2395.190,-106.314
2395.290,-107.518
2395.390,-107.109
2395.490,-108.722
2395.590,-105.672
2395.690,-106.400
2395.790,-105.708
2395.890,-106.940
2395.990,-107.390
2396.090,-107.342
2396.190,-107.952
2396.290,-106.392
2396.390,-108.584
2396.490,-106.189
2396.590,-109.088
2396.690,-105.953
2396.790,-105.703
2396.890,-108.205
2396.990,-107.432
2397.090,-107.630
2397.190,-106.676
2397.290,-107.235
2397.390,-108.100
2397.490,-106.349
2397.590,-107.090
2397.690,-105.824
2397.790,-103.701
2397.890,-106.540
2397.990,-104.616
2398.090,-107.738
2398.190,-107.454
2398.290,-108.579
2398.390,-108.726
2398.490,-106.682
2398.590,-106.766
2398.690,-106.552
2398.790,-107.410
2398.890,-104.704
2398.990,-109.262
2399.090,-106.024
2399.190,-105.859
2399.290,-107.401
2399.390,-107.742
2399.490,-105.640
2399.590,-107.980
2399.690,-104.490
2399.790,-106.707
2399.890,-105.643
2399.990,-106.857
2400.090,-105.794
