50.000,6.000
50.025,2.836
50.050,5.717
50.075,6.612
50.100,3.762
50.125,4.323
50.150,8.728
50.175,6.382
50.200,4.750
50.225,3.822
50.250,7.484
50.275,6.860
50.300,5.992
50.325,6.215
50.350,6.848
50.375,2.201
50.400,6.284
50.425,5.048
50.450,5.122
50.475,5.469
50.500,4.314
50.525,2.448
50.550,9.303
50.575,6.238
50.600,8.766
50.625,6.056
50.650,5.761
50.675,2.960
50.700,5.457
50.725,7.317
50.750,6.828
50.775,8.139
50.800,6.323
50.825,6.716
50.850,4.112
50.875,8.104
50.900,5.209
50.925,4.948
50.950,3.551
50.975,5.269
51.000,6.921
51.025,7.300
51.050,4.999
51.075,3.704
51.100,9.336
51.125,4.778
51.150,3.923
51.175,4.969
51.200,2.839
51.225,5.898
51.250,3.896
51.275,5.733
51.300,8.742
51.325,11.825
51.350,5.133
51.375,5.472
51.400,7.870
51.425,7.114
51.450,5.150
51.475,6.756
51.500,5.089
51.525,3.838
51.550,3.817
51.575,8.202
51.600,4.817
51.625,5.462
51.650,5.047
51.675,5.578
51.700,3.110
51.725,8.458
51.750,8.156
51.775,7.620
51.800,5.887
51.825,7.149
51.850,8.103
51.875,7.396
51.900,5.778
51.925,6.223
51.950,7.223
51.975,10.296
52.000,4.281
52.025,5.393
52.050,3.478
52.075,5.469
52.100,4.228
52.125,5.180
52.150,8.835
52.175,8.058
52.200,6.124
52.225,4.506
52.250,5.796
52.275,4.880
52.300,3.837
52.325,5.893
52.350,6.283
52.375,3.521
52.400,8.117
52.425,9.497
52.450,6.734
52.475,10.176
52.500,4.286
52.525,4.122
52.550,2.805
52.575,4.763
52.600,2.250
52.625,4.609
52.650,5.504
52.675,6.346
52.700,2.436
52.725,6.415
52.750,3.792
52.775,5.876
52.800,5.454
52.825,5.824
52.850,4.319
52.875,4.661
52.900,8.563
52.925,3.925
52.950,6.413
52.975,4.907
53.000,9.599
53.025,3.222
53.050,5.291
53.075,5.997
53.100,6.437
53.125,5.063
53.150,2.838
53.175,4.030
53.200,5.939
53.225,1.873
53.250,4.646
53.275,6.840
53.300,4.666
53.325,7.603
53.350,5.966
53.375,6.223
53.400,4.624
53.425,4.292
53.450,3.438
53.475,8.109
53.500,9.895
53.525,2.886
53.550,7.660
53.575,6.735
53.600,9.153
53.625,3.960
53.650,4.281
53.675,3.759
53.700,3.936
53.725,4.183
53.750,2.095
53.775,4.783
53.800,6.823
53.825,5.852
53.850,5.437
53.875,6.787
53.900,5.407
53.925,2.630
53.950,3.390
53.975,5.288
54.000,5.339
54.025,3.823
54.050,4.941
54.075,4.792
54.100,2.940
54.125,5.745
54.150,8.723
54.175,2.104
54.200,8.096
54.225,3.560
54.250,3.632
54.275,3.180
54.300,3.926
54.325,4.588
54.350,3.132
54.375,2.647
54.400,4.151
54.425,8.177
54.450,4.075
54.475,3.256
54.500,4.617
54.525,4.469
54.550,2.631
54.575,5.382
54.600,5.745
54.625,5.725
54.650,3.629
54.675,7.759
54.700,5.336
54.725,4.906
54.750,7.516
54.775,6.665
54.800,5.183
54.825,3.179
54.850,3.358
54.875,3.084
54.900,4.773
54.925,4.309
54.950,4.669
54.975,3.858
55.000,5.590
55.025,7.389
55.050,5.905
55.075,11.637
55.100,14.424
55.125,12.567
55.150,4.362
55.175,5.977
55.200,2.842
55.225,5.257
55.250,6.442
55.275,6.154
55.300,4.795
55.325,5.564
55.350,5.495
55.375,7.104
55.400,4.021
55.425,4.814
55.450,5.925
55.475,5.941
55.500,4.495
55.525,3.151
55.550,7.629
55.575,4.845
55.600,5.590
55.625,5.474
55.650,4.161
55.675,5.494
55.700,8.848
55.725,4.771
55.750,3.970
55.775,2.886
55.800,4.156
55.825,2.868
55.850,7.509
55.875,6.008
55.900,4.016
55.925,6.137
55.950,2.926
55.975,5.772
56.000,4.245
56.025,10.483
56.050,8.051
56.075,6.034
56.100,3.198
56.125,7.413
56.150,2.945
56.175,4.637
56.200,6.399
56.225,2.793
56.250,3.102
56.275,7.653
56.300,5.858
56.325,6.847
56.350,6.457
56.375,3.718
56.400,6.809
56.425,3.541
56.450,3.839
56.475,4.541
56.500,6.631
56.525,4.991
56.550,3.786
56.575,5.039
56.600,5.558
56.625,2.995
56.650,8.246
56.675,3.114
56.700,6.116
56.725,4.626
56.750,4.530
56.775,6.458
56.800,2.298
56.825,1.773
56.850,2.049
56.875,2.575
56.900,5.780
56.925,1.884
56.950,3.828
56.975,5.291
57.000,3.904
57.025,3.728
57.050,4.648
57.075,8.663
57.100,4.329
57.125,2.414
57.150,3.274
57.175,4.067
57.200,5.751
57.225,5.366
57.250,4.795
57.275,5.902
57.300,6.253
57.325,6.003
57.350,4.861
57.375,4.587
57.400,6.974
57.425,4.221
57.450,5.455
57.475,3.928
57.500,3.036
57.525,6.514
57.550,4.733
57.575,5.672
57.600,3.785
57.625,8.418
57.650,5.598
57.675,4.995
57.700,5.556
57.725,5.235
57.750,2.391
57.775,4.906
57.800,5.980
57.825,7.291
57.850,10.411
57.875,2.187
57.900,5.814
57.925,2.874
57.950,4.090
57.975,6.435
58.000,4.057
58.025,4.715
58.050,4.075
58.075,5.361
58.100,4.710
58.125,4.789
58.150,3.876
58.175,5.887
58.200,5.624
58.225,7.917
58.250,5.887
58.275,6.686
58.300,3.104
58.325,1.999
58.350,3.558
58.375,3.008
58.400,3.748
58.425,6.502
58.450,6.581
58.475,6.446
58.500,4.306
58.525,6.183
58.550,5.481
58.575,5.957
58.600,5.641
58.625,6.425
58.650,5.364
58.675,6.235
58.700,6.363
58.725,6.663
58.750,3.095
58.775,5.295
58.800,3.517
58.825,3.716
58.850,6.318
58.875,4.975
58.900,4.298
58.925,2.895
58.950,8.990
58.975,3.839
59.000,4.995
59.025,7.968
59.050,9.295
59.075,5.253
59.100,3.956
59.125,5.787
59.150,6.220
59.175,12.435
59.200,11.760
59.225,9.366
59.250,4.015
59.275,5.564
59.300,4.893
59.325,3.692
59.350,6.838
59.375,7.423
59.400,3.334
59.425,6.709
59.450,5.644
59.475,7.211
59.500,2.820
59.525,2.164
59.550,6.675
59.575,6.142
59.600,4.813
59.625,4.295
59.650,7.209
59.675,4.225
59.700,6.538
59.725,5.234
59.750,5.282
59.775,5.791
59.800,9.042
59.825,6.308
59.850,4.478
59.875,3.124
59.900,2.037
59.925,4.522
59.950,8.385
59.975,2.585
60.000,3.307
60.025,4.371
60.050,5.748
60.075,3.440
60.100,7.408
60.125,8.865
60.150,3.688
60.175,6.212
60.200,8.295
60.225,5.172
60.250,5.949
60.275,7.802
60.300,7.200
60.325,7.313
60.350,4.760
60.375,4.482
60.400,5.729
60.425,4.368
60.450,7.383
60.475,14.272
60.500,13.396
60.525,5.235
60.550,13.302
60.575,4.858
60.600,10.454
60.625,3.511
60.650,7.416
60.675,9.409
60.700,10.036
60.725,3.932
60.750,14.092
60.775,9.520
60.800,7.941
60.825,10.150
60.850,7.626
60.875,9.531
60.900,6.277
60.925,6.240
60.950,8.861
60.975,7.386
61.000,7.559
61.025,7.748
61.050,9.370
61.075,11.837
61.100,7.466
61.125,6.607
61.150,11.239
61.175,7.900
61.200,8.563
61.225,11.759
61.250,4.017
61.275,11.117
61.300,6.020
61.325,10.674
61.350,9.060
61.375,8.405
61.400,10.213
61.425,6.203
61.450,6.289
61.475,4.544
61.500,13.061
61.525,6.646
61.550,7.017
61.575,7.661
61.600,8.190
61.625,9.944
61.650,8.632
61.675,12.446
61.700,5.185
61.725,10.628
61.750,6.431
61.775,14.197
61.800,6.580
61.825,7.231
61.850,7.273
61.875,10.002
61.900,12.196
61.925,9.619
61.950,7.942
61.975,7.889
62.000,5.629
62.025,5.104
62.050,6.290
62.075,8.647
62.100,8.287
62.125,7.332
62.150,5.782
62.175,7.769
62.200,4.404
62.225,8.697
62.250,8.253
62.275,9.104
62.300,5.749
62.325,4.627
62.350,9.796
62.375,10.808
62.400,9.076
62.425,8.491
62.450,7.273
62.475,7.646
62.500,11.128
62.525,5.843
62.550,8.009
62.575,7.652
62.600,7.427
62.625,8.053
62.650,11.236
62.675,6.501
62.700,8.808
62.725,8.961
62.750,7.943
62.775,10.201
62.800,7.413
62.825,7.640
62.850,8.176
62.875,7.078
62.900,4.051
62.925,6.269
62.950,7.088
62.975,4.215
63.000,4.865
63.025,4.642
63.050,9.108
63.075,7.146
63.100,6.667
63.125,6.347
63.150,6.024
63.175,5.250
63.200,9.400
63.225,6.059
63.250,5.875
63.275,5.594
63.300,5.775
63.325,6.197
63.350,6.722
63.375,5.965
63.400,9.479
63.425,9.332
63.450,2.780
63.475,9.466
63.500,9.109
63.525,7.327
63.550,8.447
63.575,6.620
63.600,10.732
63.625,12.235
63.650,11.969
63.675,11.224
63.700,5.710
63.725,6.635
63.750,8.557
63.775,9.298
63.800,6.725
63.825,7.281
63.850,9.387
63.875,5.330
63.900,7.730
63.925,8.739
63.950,9.396
63.975,9.411
64.000,6.349
64.025,7.681
64.050,10.264
64.075,7.377
64.100,11.166
64.125,11.833
64.150,9.288
64.175,5.164
64.200,5.100
64.225,6.419
64.250,6.249
64.275,11.790
64.300,4.003
64.325,6.132
64.350,8.361
64.375,7.569
64.400,4.559
64.425,7.888
64.450,6.957
64.475,8.808
64.500,4.546
64.525,4.447
64.550,5.358
64.575,5.865
64.600,6.152
64.625,8.339
64.650,5.416
64.675,6.835
64.700,3.982
64.725,9.010
64.750,9.453
64.775,5.986
64.800,4.717
64.825,10.310
64.850,8.042
64.875,3.735
64.900,10.189
64.925,7.095
64.950,9.920
64.975,6.363
65.000,5.576
65.025,6.866
65.050,7.786
65.075,7.137
65.100,6.699
65.125,8.291
65.150,6.051
65.175,2.390
65.200,6.492
65.225,9.567
65.250,10.024
65.275,5.987
65.300,5.643
65.325,6.039
65.350,7.448
65.375,10.355
65.400,7.472
65.425,8.404
65.450,5.140
65.475,5.556
65.500,4.761
65.525,8.605
65.550,6.282
65.575,4.189
65.600,6.628
65.625,8.413
65.650,3.703
65.675,4.024
65.700,8.092
65.725,4.484
65.750,5.129
65.775,5.716
65.800,4.418
65.825,3.605
65.850,3.360
65.875,5.534
65.900,4.952
65.925,5.014
65.950,6.102
65.975,5.721
66.000,0.994
66.025,2.019
66.050,3.461
66.075,5.189
66.100,4.808
66.125,3.320
66.150,7.258
66.175,7.204
66.200,4.908
66.225,3.452
66.250,7.099
66.275,4.464
66.300,4.290
66.325,4.305
66.350,2.761
66.375,6.990
66.400,3.977
66.425,3.015
66.450,4.551
66.475,3.270
66.500,2.842
66.525,4.135
66.550,4.247
66.575,7.810
66.600,3.025
66.625,2.326
66.650,4.759
66.675,6.068
66.700,5.029
66.725,4.262
66.750,8.758
66.775,2.987
66.800,4.868
66.825,4.091
66.850,2.973
66.875,4.962
66.900,5.671
66.925,7.843
66.950,4.078
66.975,2.498
67.000,5.112
67.025,6.536
67.050,7.036
67.075,4.787
67.100,3.772
67.125,5.680
67.150,3.488
67.175,4.163
67.200,4.169
67.225,5.710
67.250,2.993
67.275,4.739
67.300,4.378
67.325,3.446
67.350,7.931
67.375,7.296
67.400,4.800
67.425,4.317
67.450,2.536
67.475,4.525
67.500,1.249
67.525,7.444
67.550,5.479
67.575,3.266
67.600,5.381
67.625,2.594
67.650,4.831
67.675,7.774
67.700,6.007
67.725,5.742
67.750,5.675
67.775,5.697
67.800,6.670
67.825,4.997
67.850,7.867
67.875,8.534
67.900,5.009
67.925,5.424
67.950,4.471
67.975,6.587
68.000,5.412
68.025,5.836
68.050,7.830
68.075,6.562
68.100,6.025
68.125,4.445
68.150,5.579
68.175,6.483
68.200,7.669
68.225,3.849
68.250,8.192
68.275,5.780
68.300,7.038
68.325,14.875
68.350,9.807
68.375,10.870
68.400,16.005
68.425,11.245
68.450,17.542
68.475,18.514
68.500,17.697
68.525,14.709
68.550,13.361
68.575,10.904
68.600,8.794
68.625,5.551
68.650,4.727
68.675,3.629
68.700,7.278
68.725,6.680
68.750,7.050
68.775,8.780
68.800,3.876
68.825,3.965
68.850,4.215
68.875,4.529
68.900,5.258
68.925,10.450
68.950,8.363
68.975,4.649
69.000,3.124
69.025,5.176
69.050,5.349
69.075,3.757
69.100,3.062
69.125,1.908
69.150,5.463
69.175,3.895
69.200,5.297
69.225,4.992
69.250,5.025
69.275,3.948
69.300,5.573
69.325,6.836
69.350,3.592
69.375,3.571
69.400,4.499
69.425,5.129
69.450,4.473
69.475,6.297
69.500,4.654
69.525,6.239
69.550,4.785
69.575,5.860
69.600,4.891
69.625,3.209
69.650,6.118
69.675,7.698
69.700,6.870
69.725,4.043
69.750,4.631
69.775,6.609
69.800,2.743
69.825,2.922
69.850,3.715
69.875,6.925
69.900,5.147
69.925,3.457
69.950,4.276
69.975,5.837
70.000,4.020
70.025,2.989
70.050,3.097
70.075,6.191
70.100,5.525
70.125,3.884
70.150,5.871
70.175,7.574
70.200,2.122
70.225,4.846
70.250,3.243
70.275,4.708
70.300,4.602
70.325,1.341
70.350,6.677
70.375,4.685
70.400,3.974
70.425,5.457
70.450,3.551
70.475,2.251
70.500,5.111
70.525,5.027
70.550,5.242
70.575,5.794
70.600,5.522
70.625,3.775
70.650,4.609
70.675,6.144
70.700,4.370
70.725,4.968
70.750,3.898
70.775,5.383
70.800,4.479
70.825,6.009
70.850,7.989
70.875,6.155
70.900,4.878
70.925,6.198
70.950,2.893
70.975,2.541
71.000,3.371
71.025,3.993
71.050,3.480
71.075,3.661
71.100,4.507
71.125,5.708
71.150,6.635
71.175,2.786
71.200,3.935
71.225,4.391
71.250,4.551
71.275,4.233
71.300,3.925
71.325,5.212
71.350,4.080
71.375,4.542
71.400,6.060
71.425,3.665
71.450,7.729
71.475,5.690
71.500,3.445
71.525,2.139
71.550,3.486
71.575,4.701
71.600,3.264
71.625,4.159
71.650,3.727
71.675,6.695
71.700,3.371
71.725,5.275
71.750,3.334
71.775,6.569
71.800,4.764
71.825,5.483
71.850,4.411
71.875,4.744
71.900,5.810
71.925,6.874
71.950,3.293
71.975,4.286
72.000,2.482
72.025,4.717
72.050,3.735
72.075,3.268
72.100,4.875
72.125,2.817
72.150,4.564
72.175,1.885
72.200,2.086
72.225,5.030
72.250,5.832
72.275,3.500
72.300,4.614
72.325,3.369
72.350,3.099
72.375,3.489
72.400,3.341
72.425,2.671
72.450,4.408
72.475,5.052
72.500,4.398
72.525,3.770
72.550,7.625
72.575,4.816
72.600,4.323
72.625,2.545
72.650,5.503
72.675,3.007
72.700,6.557
72.725,2.651
72.750,2.645
72.775,3.144
72.800,6.148
72.825,3.522
72.850,2.887
72.875,4.406
72.900,3.475
72.925,3.007
72.950,4.376
72.975,3.355
73.000,6.169
73.025,1.876
73.050,5.588
73.075,4.446
73.100,4.606
73.125,5.314
73.150,5.279
73.175,4.785
73.200,4.141
73.225,4.736
73.250,4.446
73.275,5.438
73.300,5.054
73.325,6.247
73.350,7.471
73.375,4.784
73.400,6.008
73.425,4.146
73.450,4.015
73.475,2.760
73.500,8.383
73.525,5.754
73.550,6.084
73.575,5.309
73.600,3.438
73.625,5.004
73.650,4.855
73.675,6.235
73.700,5.057
73.725,2.856
73.750,5.188
73.775,6.329
73.800,5.042
73.825,5.440
73.850,6.391
73.875,2.547
73.900,3.003
73.925,5.058
73.950,7.993
73.975,6.993
74.000,4.944
74.025,4.022
74.050,7.901
74.075,8.574
74.100,5.398
74.125,6.032
74.150,8.881
74.175,6.713
74.200,4.992
74.225,2.316
74.250,2.252
74.275,2.274
74.300,8.201
74.325,5.564
74.350,2.146
74.375,3.211
74.400,3.817
74.425,2.467
74.450,4.033
74.475,4.672
74.500,6.127
74.525,7.712
74.550,4.602
74.575,4.772
74.600,5.251
74.625,3.897
74.650,7.691
74.675,5.232
74.700,5.667
74.725,5.291
74.750,5.859
74.775,3.794
74.800,4.913
74.825,4.527
74.850,2.417
74.875,3.655
74.900,5.765
74.925,7.816
74.950,6.408
74.975,4.707
75.000,3.178
75.025,4.829
75.050,3.265
75.075,4.674
75.100,5.964
75.125,3.569
75.150,3.902
75.175,4.387
75.200,8.466
75.225,4.507
75.250,1.341
75.275,1.862
75.300,4.346
75.325,2.923
75.350,8.120
75.375,2.621
75.400,5.327
75.425,1.690
75.450,1.851
75.475,4.159
75.500,4.277
75.525,1.030
75.550,4.044
75.575,2.323
75.600,4.252
75.625,6.179
75.650,2.871
75.675,2.968
75.700,4.104
75.725,2.714
75.750,3.500
75.775,4.431
75.800,5.228
75.825,2.059
75.850,3.269
75.875,4.244
75.900,5.161
75.925,4.944
75.950,2.656
75.975,3.483
76.000,4.627
76.025,3.835
76.050,2.618
76.075,4.503
76.100,3.807
76.125,4.108
76.150,6.867
76.175,4.728
76.200,4.509
76.225,6.342
76.250,5.400
76.275,5.205
76.300,1.901
76.325,4.961
76.350,3.962
76.375,3.385
76.400,5.904
76.425,4.915
76.450,3.891
76.475,4.713
76.500,4.262
76.525,4.086
76.550,4.303
76.575,2.716
76.600,6.202
76.625,4.195
76.650,2.727
76.675,5.458
76.700,7.176
76.725,4.124
76.750,5.365
76.775,3.698
76.800,2.342
76.825,5.013
76.850,3.448
76.875,4.461
76.900,3.098
76.925,3.829
76.950,3.291
76.975,4.536
77.000,3.252
77.025,5.847
77.050,3.818
77.075,8.310
77.100,3.784
77.125,2.209
77.150,5.274
77.175,4.270
77.200,3.255
77.225,4.149
77.250,3.953
77.275,3.168
77.300,2.676
77.325,2.011
77.350,5.318
77.375,2.683
77.400,2.600
77.425,4.324
77.450,3.888
77.475,4.510
77.500,6.648
77.525,2.663
77.550,2.516
77.575,3.033
77.600,4.720
77.625,4.535
77.650,5.604
77.675,1.879
77.700,5.022
77.725,4.774
77.750,3.470
77.775,3.993
77.800,5.768
77.825,4.264
77.850,3.149
77.875,3.160
77.900,3.573
77.925,5.191
77.950,7.410
77.975,3.945
78.000,4.565
78.025,4.019
78.050,4.279
78.075,4.338
78.100,1.723
78.125,5.646
78.150,4.854
78.175,4.722
78.200,5.109
78.225,3.076
78.250,5.105
78.275,4.375
78.300,5.599
78.325,3.916
78.350,3.616
78.375,4.327
78.400,3.360
78.425,5.926
78.450,3.235
78.475,4.199
78.500,2.007
78.525,2.287
78.550,3.345
78.575,3.916
78.600,4.378
78.625,2.346
78.650,3.146
78.675,3.038
78.700,3.058
78.725,3.580
78.750,3.847
78.775,3.837
78.800,5.165
78.825,5.947
78.850,4.649
78.875,1.847
78.900,2.918
78.925,3.879
78.950,3.970
78.975,2.930
79.000,3.306
79.025,2.645
79.050,2.210
79.075,7.871
79.100,5.015
79.125,5.896
79.150,5.485
79.175,7.106
79.200,4.233
79.225,6.221
79.250,5.372
79.275,2.267
79.300,2.352
79.325,3.719
79.350,5.125
79.375,2.948
79.400,6.230
79.425,6.097
79.450,6.238
79.475,4.628
79.500,4.886
79.525,6.697
79.550,4.526
79.575,8.511
79.600,6.581
79.625,3.337
79.650,4.686
79.675,5.926
79.700,5.293
79.725,3.711
79.750,9.743
79.775,4.962
79.800,3.186
79.825,4.428
79.850,4.214
79.875,2.520
79.900,1.271
79.925,5.307
79.950,3.276
79.975,2.203
80.000,1.296
80.025,2.257
80.050,6.817
80.075,3.852
80.100,2.992
80.125,2.561
80.150,6.376
80.175,3.421
80.200,6.323
80.225,7.094
80.250,1.568
80.275,3.396
80.300,7.090
80.325,5.067
80.350,2.420
80.375,4.059
80.400,1.788
80.425,4.159
80.450,3.243
80.475,3.839
80.500,5.554
80.525,3.516
80.550,3.578
80.575,6.395
80.600,6.140
80.625,4.057
80.650,5.307
80.675,4.675
80.700,2.582
80.725,5.012
80.750,5.120
80.775,5.330
80.800,4.274
80.825,5.198
80.850,3.782
80.875,4.526
80.900,7.524
80.925,4.311
80.950,5.329
80.975,4.926
81.000,2.836
81.025,5.554
81.050,5.711
81.075,3.334
81.100,4.377
81.125,2.909
81.150,5.549
81.175,5.893
81.200,5.975
81.225,5.335
81.250,2.900
81.275,3.303
81.300,2.333
81.325,3.558
81.350,4.592
81.375,3.842
81.400,3.555
81.425,3.392
81.450,2.731
81.475,5.513
81.500,4.220
81.525,4.696
81.550,2.947
81.575,3.016
81.600,4.045
81.625,3.870
81.650,5.003
81.675,5.185
81.700,4.837
81.725,6.554
81.750,4.537
81.775,4.584
81.800,6.010
81.825,1.444
81.850,2.994
81.875,3.677
81.900,7.199
81.925,6.872
81.950,5.754
81.975,4.200
82.000,4.289
82.025,7.076
82.050,4.257
82.075,5.774
82.100,4.399
82.125,5.794
82.150,5.643
82.175,3.475
82.200,3.033
82.225,4.003
82.250,6.033
82.275,2.545
82.300,4.719
82.325,4.413
82.350,5.605
82.375,6.158
82.400,2.776
82.425,5.854
82.450,5.151
82.475,3.560
82.500,3.779
82.525,4.921
82.550,3.758
82.575,5.680
82.600,7.507
82.625,5.127
82.650,2.988
82.675,5.339
82.700,5.368
82.725,4.652
82.750,6.529
82.775,2.726
82.800,2.765
82.825,1.861
82.850,1.620
82.875,4.297
82.900,4.484
82.925,1.617
82.950,2.720
82.975,4.082
83.000,4.595
83.025,6.361
83.050,5.734
83.075,4.772
83.100,7.962
83.125,4.260
83.150,5.711
83.175,4.851
83.200,6.771
83.225,3.511
83.250,3.424
83.275,3.099
83.300,4.090
83.325,1.914
83.350,5.573
83.375,1.972
83.400,4.666
83.425,4.336
83.450,5.490
83.475,2.746
83.500,4.407
83.525,7.566
83.550,8.520
83.575,3.354
83.600,4.615
83.625,3.418
83.650,5.797
83.675,4.197
83.700,7.137
83.725,4.992
83.750,5.111
83.775,4.269
83.800,3.641
83.825,4.121
83.850,5.935
83.875,2.830
83.900,3.843
83.925,5.221
83.950,2.584
83.975,3.621
84.000,1.443
84.025,3.291
84.050,2.711
84.075,8.258
84.100,5.475
84.125,4.133
84.150,4.776
84.175,5.782
84.200,4.603
84.225,5.072
84.250,4.506
84.275,6.423
84.300,4.468
84.325,5.580
84.350,7.288
84.375,3.353
84.400,5.878
84.425,4.878
84.450,1.548
84.475,1.384
84.500,6.205
84.525,2.952
84.550,4.042
84.575,4.429
84.600,4.475
84.625,4.764
84.650,4.442
84.675,4.876
84.700,5.904
84.725,6.104
84.750,3.967
84.775,5.957
84.800,5.007
84.825,3.905
84.850,3.457
84.875,4.664
84.900,4.247
84.925,5.038
84.950,5.979
84.975,5.074
85.000,3.255
85.025,4.846
85.050,2.567
85.075,2.894
85.100,3.534
85.125,3.583
85.150,1.544
85.175,4.205
85.200,6.231
85.225,4.719
85.250,2.116
85.275,5.342
85.300,3.324
85.325,7.361
85.350,6.184
85.375,3.963
85.400,6.704
85.425,4.628
85.450,4.636
85.475,5.178
85.500,4.974
85.525,6.457
85.550,4.586
85.575,4.120
85.600,3.545
85.625,2.348
85.650,1.192
85.675,3.178
85.700,2.939
85.725,7.246
85.750,5.310
85.775,6.124
85.800,1.949
85.825,5.239
85.850,3.355
85.875,6.015
85.900,6.485
85.925,2.837
85.950,3.382
85.975,3.118
86.000,2.655
86.025,4.872
86.050,3.964
86.075,5.086
86.100,3.723
86.125,5.424
86.150,2.641
86.175,4.092
86.200,2.441
86.225,3.059
86.250,4.068
86.275,4.007
86.300,3.782
86.325,7.369
86.350,4.637
86.375,3.951
86.400,5.295
86.425,2.535
86.450,4.485
86.475,1.791
86.500,3.856
86.525,4.398
86.550,3.241
86.575,3.636
86.600,4.872
86.625,3.608
86.650,3.651
86.675,5.026
86.700,5.722
86.725,5.308
86.750,6.046
86.775,4.660
86.800,2.823
86.825,2.904
86.850,7.067
86.875,5.860
86.900,5.178
86.925,3.795
86.950,3.918
86.975,3.809
87.000,6.755
87.025,3.778
87.050,4.193
87.075,3.614
87.100,3.414
87.125,6.800
87.150,6.117
87.175,5.612
87.200,7.049
87.225,5.017
87.250,5.445
87.275,3.822
87.300,3.216
87.325,4.695
87.350,5.374
87.375,9.212
87.400,4.863
87.425,4.450
87.450,4.504
87.475,6.874
87.500,6.620
87.525,6.633
87.550,4.319
87.575,6.044
87.600,4.376
87.625,5.681
87.650,6.920
87.675,3.475
87.700,5.696
87.725,3.963
87.750,8.478
87.775,4.999
87.800,10.277
87.825,5.838
87.850,7.969
87.875,7.198
87.900,5.995
87.925,8.066
87.950,4.529
87.975,7.820
88.000,5.811
88.025,7.911
88.050,6.774
88.075,5.308
88.100,9.612
88.125,9.130
88.150,7.848
88.175,6.057
88.200,4.831
88.225,7.282
88.250,4.853
88.275,7.479
88.300,7.137
88.325,8.281
88.350,7.460
88.375,4.805
88.400,7.696
88.425,5.819
88.450,4.909
88.475,6.331
88.500,9.837
88.525,9.220
88.550,8.928
88.575,9.075
88.600,5.059
88.625,6.712
88.650,10.581
88.675,5.154
88.700,9.661
88.725,6.818
88.750,9.113
88.775,9.760
88.800,8.176
88.825,7.002
88.850,6.904
88.875,5.055
88.900,5.943
88.925,7.597
88.950,4.920
88.975,6.444
89.000,7.986
89.025,5.263
89.050,7.377
89.075,7.462
89.100,5.046
89.125,6.109
89.150,5.600
89.175,5.654
89.200,5.541
89.225,5.454
89.250,3.218
89.275,8.354
89.300,7.468
89.325,8.310
89.350,8.007
89.375,8.245
89.400,7.233
89.425,6.567
89.450,6.048
89.475,4.143
89.500,4.592
89.525,5.008
89.550,7.453
89.575,7.605
89.600,7.448
89.625,6.210
89.650,5.062
89.675,8.294
89.700,7.573
89.725,8.920
89.750,7.049
89.775,9.098
89.800,10.783
89.825,7.576
89.850,7.653
89.875,8.107
89.900,5.208
89.925,3.301
89.950,3.120
89.975,5.158
90.000,5.862
90.025,4.491
90.050,7.021
90.075,6.515
90.100,7.206
90.125,6.486
90.150,5.480
90.175,4.037
90.200,6.641
90.225,5.721
90.250,4.691
90.275,4.462
90.300,2.739
90.325,3.102
90.350,5.982
90.375,2.645
90.400,4.963
90.425,3.180
90.450,5.458
90.475,4.298
90.500,6.177
90.525,4.765
90.550,4.825
90.575,6.960
90.600,5.676
90.625,5.610
90.650,6.595
90.675,7.198
90.700,4.874
90.725,4.990
90.750,6.660
90.775,4.460
90.800,3.544
90.825,5.445
90.850,4.724
90.875,6.107
90.900,3.727
90.925,7.338
90.950,6.972
90.975,5.658
91.000,4.166
91.025,4.748
91.050,8.948
91.075,5.823
91.100,8.121
91.125,3.273
91.150,6.678
91.175,3.807
91.200,3.832
91.225,3.156
91.250,4.782
91.275,7.183
91.300,5.452
91.325,5.322
91.350,2.416
91.375,3.851
91.400,6.923
91.425,3.525
91.450,6.125
91.475,5.210
91.500,4.202
91.525,6.362
91.550,5.070
91.575,2.589
91.600,3.955
91.625,4.903
91.650,5.857
91.675,3.310
91.700,4.472
91.725,6.122
91.750,6.995
91.775,3.943
91.800,4.069
91.825,5.926
91.850,3.984
91.875,5.946
91.900,7.240
91.925,4.146
91.950,4.081
91.975,3.862
92.000,4.138
92.025,5.616
92.050,4.061
92.075,4.648
92.100,3.353
92.125,3.192
92.150,3.545
92.175,3.837
92.200,8.356
92.225,3.563
92.250,2.726
92.275,2.925
92.300,2.124
92.325,2.617
92.350,3.799
92.375,4.742
92.400,6.416
92.425,2.926
92.450,4.479
92.475,3.430
92.500,4.959
92.525,4.009
92.550,4.381
92.575,4.468
92.600,3.401
92.625,6.936
92.650,3.968
92.675,5.944
92.700,4.539
92.725,5.793
92.750,4.174
92.775,2.452
92.800,3.433
92.825,3.751
92.850,5.677
92.875,3.632
92.900,6.600
92.925,7.152
92.950,2.949
92.975,3.458
93.000,3.871
93.025,3.493
93.050,6.279
93.075,3.621
93.100,4.967
93.125,6.095
93.150,7.475
93.175,5.931
93.200,2.078
93.225,4.446
93.250,2.994
93.275,4.127
93.300,4.521
93.325,3.218
93.350,5.182
93.375,4.590
93.400,3.150
93.425,3.064
93.450,4.025
93.475,5.288
93.500,2.813
93.525,4.486
93.550,3.995
93.575,3.597
93.600,6.416
93.625,1.161
93.650,4.637
93.675,3.786
93.700,2.584
93.725,7.073
93.750,4.186
93.775,3.805
93.800,4.178
93.825,3.417
93.850,5.231
93.875,3.286
93.900,7.065
93.925,4.844
93.950,4.186
93.975,4.453
94.000,2.266
94.025,4.267
94.050,7.606
94.075,3.183
94.100,4.987
94.125,5.560
94.150,2.018
94.175,7.772
94.200,7.047
94.225,3.627
94.250,4.006
94.275,5.118
94.300,4.120
94.325,5.536
94.350,5.278
94.375,2.839
94.400,5.565
94.425,5.540
94.450,4.945
94.475,4.392
94.500,3.185
94.525,4.235
94.550,5.224
94.575,6.234
94.600,3.253
94.625,6.235
94.650,2.182
94.675,4.754
94.700,4.997
94.725,3.804
94.750,3.734
94.775,3.290
94.800,7.935
94.825,17.498
94.850,18.432
94.875,12.863
94.900,3.553
94.925,13.972
94.950,17.950
94.975,15.083
95.000,7.763
95.025,5.862
95.050,9.180
95.075,3.056
95.100,4.992
95.125,1.627
95.150,3.264
95.175,2.522
95.200,6.701
95.225,2.433
95.250,2.357
95.275,4.216
95.300,6.140
95.325,1.636
95.350,5.232
95.375,4.541
95.400,6.446
95.425,4.729
95.450,5.077
95.475,3.149
95.500,3.967
95.525,3.772
95.550,3.887
95.575,4.501
95.600,5.196
95.625,4.042
95.650,4.981
95.675,5.747
95.700,4.626
95.725,2.513
95.750,3.072
95.775,4.650
95.800,6.543
95.825,20.376
95.850,19.578
95.875,4.531
95.900,4.403
95.925,3.116
95.950,17.415
95.975,16.209
96.000,7.447
96.025,3.076
96.050,3.222
96.075,4.484
96.100,6.081
96.125,3.878
96.150,7.403
96.175,3.030
96.200,5.215
96.225,4.128
96.250,6.456
96.275,3.143
96.300,3.113
96.325,4.206
96.350,5.649
96.375,7.416
96.400,4.315
96.425,4.330
96.450,5.073
96.475,3.706
96.500,5.807
96.525,3.872
96.550,6.735
96.575,3.514
96.600,4.891
96.625,2.781
96.650,3.151
96.675,4.269
96.700,6.506
96.725,2.195
96.750,3.764
96.775,3.894
96.800,3.561
96.825,3.457
96.850,4.615
96.875,4.692
96.900,5.148
96.925,2.922
96.950,3.055
96.975,2.611
97.000,5.441
97.025,4.242
97.050,3.754
97.075,4.984
97.100,4.333
97.125,6.787
97.150,4.228
97.175,4.262
97.200,12.429
97.225,6.619
97.250,9.049
97.275,16.051
97.300,7.511
97.325,3.467
97.350,12.421
97.375,6.940
97.400,4.075
97.425,3.683
97.450,3.375
97.475,2.922
97.500,1.933
97.525,3.040
97.550,2.862
97.575,4.646
97.600,2.740
97.625,4.771
97.650,4.616
97.675,3.096
97.700,4.241
97.725,6.029
97.750,4.024
97.775,4.141
97.800,3.658
97.825,7.970
97.850,4.918
97.875,3.028
97.900,6.666
97.925,4.559
97.950,4.813
97.975,3.662
98.000,2.839
98.025,9.134
98.050,9.501
98.075,3.520
98.100,6.269
98.125,3.492
98.150,12.200
98.175,8.594
98.200,6.660
98.225,4.706
98.250,4.867
98.275,3.705
98.300,1.790
98.325,2.801
98.350,2.779
98.375,8.747
98.400,4.144
98.425,4.332
98.450,2.839
98.475,2.808
98.500,4.044
98.525,3.449
98.550,4.525
98.575,3.515
98.600,4.515
98.625,3.429
98.650,5.943
98.675,3.576
98.700,5.888
98.725,5.750
98.750,2.396
98.775,6.442
98.800,5.838
98.825,2.909
98.850,6.234
98.875,4.697
98.900,7.250
98.925,3.563
98.950,2.390
98.975,4.200
99.000,4.745
99.025,15.196
99.050,9.861
99.075,5.849
99.100,4.281
99.125,6.686
99.150,10.506
99.175,4.519
99.200,4.365
99.225,4.953
99.250,5.099
99.275,3.859
99.300,2.706
99.325,3.366
99.350,3.233
99.375,6.100
99.400,5.263
99.425,6.224
99.450,8.280
99.475,2.887
99.500,2.994
99.525,4.098
99.550,4.080
99.575,7.445
99.600,6.379
99.625,6.087
99.650,5.033
99.675,6.497
99.700,2.429
99.725,2.613
99.750,3.221
99.775,9.845
99.800,3.075
99.825,6.396
99.850,9.372
99.875,5.168
99.900,3.302
99.925,5.384
99.950,8.171
99.975,9.216
100.000,4.286
100.025,4.012
100.050,5.653
100.075,2.528
100.100,5.561
100.125,6.175
100.150,4.519
100.175,3.862
100.200,3.190
100.225,4.258
100.250,3.060
100.275,8.337
100.300,6.523
100.325,3.779
100.350,5.609
100.375,5.934
100.400,4.685
100.425,3.720
100.450,5.038
100.475,5.959
100.500,6.665
100.525,4.249
100.550,3.894
100.575,4.744
100.600,6.843
100.625,4.289
100.650,3.877
100.675,8.642
100.700,5.368
100.725,5.337
100.750,5.057
100.775,5.228
100.800,2.298
100.825,6.691
100.850,5.446
100.875,3.949
100.900,3.566
100.925,3.915
100.950,3.325
100.975,4.163
101.000,3.491
101.025,5.347
101.050,3.701
101.075,4.359
101.100,5.680
101.125,3.163
101.150,4.074
101.175,2.976
101.200,2.487
101.225,3.339
101.250,4.646
101.275,3.556
101.300,2.322
101.325,3.146
101.350,5.602
101.375,3.635
101.400,4.146
101.425,2.688
101.450,5.337
101.475,1.950
101.500,4.115
101.525,4.759
101.550,2.440
101.575,6.222
101.600,3.253
101.625,6.184
101.650,5.088
101.675,3.383
101.700,3.400
101.725,5.208
101.750,4.802
101.775,5.528
101.800,4.107
101.825,5.058
101.850,4.285
101.875,6.302
101.900,3.075
101.925,3.105
101.950,3.748
101.975,4.918
102.000,4.669
102.025,4.390
102.050,6.371
102.075,4.297
102.100,6.028
102.125,6.378
102.150,8.646
102.175,4.766
102.200,2.600
102.225,7.208
102.250,4.791
102.275,3.828
102.300,5.843
102.325,3.945
102.350,4.257
102.375,3.292
102.400,5.769
102.425,2.904
102.450,5.951
102.475,3.282
102.500,4.216
102.525,7.083
102.550,4.817
102.575,3.805
102.600,3.955
102.625,5.837
102.650,4.967
102.675,7.085
102.700,8.846
102.725,5.288
102.750,4.356
102.775,6.537
102.800,5.282
102.825,4.785
102.850,3.443
102.875,6.585
102.900,4.187
102.925,5.670
102.950,5.198
102.975,5.729
103.000,6.407
103.025,3.639
103.050,4.208
103.075,3.337
103.100,2.659
103.125,3.253
103.150,2.856
103.175,3.580
103.200,1.542
103.225,3.342
103.250,6.156
103.275,5.694
103.300,5.404
103.325,2.879
103.350,4.589
103.375,7.126
103.400,5.328
103.425,2.077
103.450,3.518
103.475,1.371
103.500,6.478
103.525,4.500
103.550,3.733
103.575,5.297
103.600,5.866
103.625,4.289
103.650,8.050
103.675,4.381
103.700,4.254
103.725,3.475
103.750,2.400
103.775,3.336
103.800,7.512
103.825,4.187
103.850,3.592
103.875,2.892
103.900,6.621
103.925,3.943
103.950,6.827
103.975,8.996
104.000,4.515
104.025,4.761
104.050,3.605
104.075,0.877
104.100,6.360
104.125,7.150
104.150,2.553
104.175,2.208
104.200,3.550
104.225,6.158
104.250,6.470
104.275,5.443
104.300,5.325
104.325,6.175
104.350,4.918
104.375,4.354
104.400,3.540
104.425,5.012
104.450,2.914
104.475,4.766
104.500,4.902
104.525,4.619
104.550,5.282
104.575,6.136
104.600,5.014
104.625,3.223
104.650,3.854
104.675,2.631
104.700,6.646
104.725,5.624
104.750,2.208
104.775,4.572
104.800,6.566
104.825,4.531
104.850,6.819
104.875,5.523
104.900,2.257
104.925,5.427
104.950,7.733
104.975,4.282
105.000,5.730
105.025,4.499
105.050,4.280
105.075,5.468
105.100,6.057
105.125,3.324
105.150,6.084
105.175,5.399
105.200,5.254
105.225,7.038
105.250,3.958
105.275,2.893
105.300,4.220
105.325,6.513
105.350,3.200
105.375,3.418
105.400,5.711
105.425,4.417
105.450,5.922
105.475,7.127
105.500,4.632
105.525,5.421
105.550,5.124
105.575,4.328
105.600,4.272
105.625,7.474
105.650,3.842
105.675,4.250
105.700,5.589
105.725,4.209
105.750,4.703
105.775,1.911
105.800,3.447
105.825,4.137
105.850,4.239
105.875,4.460
105.900,2.279
105.925,5.218
105.950,4.045
105.975,5.760
106.000,7.392
106.025,6.400
106.050,5.393
106.075,5.631
106.100,3.138
106.125,3.603
106.150,4.896
106.175,3.285
106.200,3.823
106.225,7.195
106.250,5.489
106.275,2.610
106.300,5.420
106.325,4.766
106.350,3.332
106.375,4.775
106.400,3.401
106.425,6.177
106.450,2.743
106.475,2.748
106.500,4.128
106.525,4.896
106.550,4.740
106.575,5.318
106.600,6.111
106.625,2.040
106.650,2.072
106.675,2.870
106.700,4.348
106.725,7.756
106.750,5.010
106.775,2.618
106.800,4.434
106.825,6.061
106.850,1.273
106.875,7.305
106.900,4.667
106.925,4.697
106.950,3.524
106.975,5.267
107.000,4.072
107.025,3.078
107.050,4.257
107.075,2.474
107.100,3.604
107.125,2.855
107.150,4.627
107.175,4.763
107.200,2.330
107.225,2.983
107.250,3.888
107.275,7.654
107.300,4.504
107.325,6.865
107.350,3.710
107.375,5.417
107.400,3.265
107.425,4.383
107.450,3.503
107.475,5.159
107.500,3.679
107.525,3.025
107.550,4.515
107.575,5.429
107.600,2.979
107.625,5.952
107.650,3.636
107.675,4.054
107.700,4.922
107.725,5.449
107.750,4.770
107.775,4.162
107.800,3.569
107.825,4.292
107.850,4.765
107.875,3.294
107.900,3.544
107.925,1.985
107.950,5.339
107.975,3.071
108.000,3.865
108.025,4.362
108.050,3.798
108.075,4.557
108.100,7.683
108.125,6.235
108.150,4.077
108.175,5.248
108.200,2.754
108.225,3.634
108.250,3.796
108.275,2.563
108.300,5.026
108.325,2.844
108.350,6.359
108.375,3.841
108.400,4.343
108.425,7.305
108.450,4.075
108.475,7.026
108.500,2.960
108.525,3.365
108.550,6.275
108.575,4.816
108.600,4.535
108.625,5.037
108.650,5.998
108.675,4.093
108.700,3.805
108.725,4.390
108.750,5.651
108.775,3.207
108.800,4.921
108.825,5.761
108.850,4.669
108.875,3.291
108.900,1.881
108.925,5.715
108.950,6.435
108.975,6.126
109.000,4.671
109.025,6.300
109.050,2.422
109.075,7.811
109.100,3.380
109.125,4.555
109.150,5.551
109.175,5.169
109.200,4.716
109.225,5.184
109.250,5.047
109.275,5.513
109.300,4.636
109.325,5.714
109.350,2.014
109.375,6.274
109.400,3.777
109.425,4.333
109.450,4.653
109.475,3.253
109.500,4.247
109.525,2.320
109.550,3.877
109.575,3.790
109.600,4.063
109.625,3.046
109.650,4.486
109.675,5.162
109.700,5.279
109.725,3.522
109.750,3.846
109.775,5.694
109.800,4.185
109.825,6.709
109.850,5.468
109.875,3.093
109.900,5.988
109.925,6.553
109.950,3.110
109.975,7.471
110.000,2.985
170.000,6.843
170.025,6.955
170.050,5.786
170.075,3.928
170.100,6.817
170.125,4.402
170.150,1.741
170.175,5.883
170.200,4.620
170.225,5.129
170.250,4.174
170.275,3.202
170.300,1.898
170.325,3.039
170.350,1.773
170.375,2.966
170.400,2.321
170.425,2.408
170.450,3.032
170.475,3.016
170.500,2.885
170.525,10.972
170.550,3.904
170.575,6.639
170.600,3.618
170.625,4.101
170.650,3.472
170.675,4.258
170.700,1.818
170.725,2.643
170.750,4.361
170.775,4.031
170.800,4.901
170.825,6.279
170.850,4.342
170.875,3.745
170.900,3.057
170.925,5.154
170.950,7.100
170.975,5.672
171.000,6.418
171.025,6.839
171.050,5.788
171.075,4.849
171.100,4.818
171.125,5.581
171.150,5.285
171.175,7.004
171.200,7.594
171.225,8.986
171.250,6.285
171.275,2.863
171.300,5.323
171.325,4.728
171.350,5.459
171.375,4.791
171.400,5.563
171.425,6.489
171.450,4.138
171.475,1.792
171.500,7.410
171.525,5.568
171.550,5.472
171.575,2.069
171.600,6.311
171.625,4.077
171.650,4.563
171.675,3.644
171.700,3.235
171.725,6.090
171.750,3.410
171.775,4.814
171.800,5.680
171.825,3.484
171.850,3.454
171.875,4.579
171.900,4.185
171.925,5.629
171.950,5.580
171.975,6.095
172.000,5.828
172.025,6.515
172.050,6.572
172.075,8.513
172.100,3.112
172.125,5.875
172.150,5.783
172.175,4.900
172.200,6.341
172.225,5.275
172.250,5.273
172.275,4.930
172.300,7.065
172.325,4.900
172.350,9.273
172.375,7.132
172.400,7.354
172.425,4.233
172.450,7.226
172.475,6.384
172.500,8.163
172.525,6.113
172.550,5.111
172.575,7.344
172.600,5.311
172.625,7.612
172.650,7.505
172.675,7.329
172.700,4.757
172.725,5.053
172.750,6.064
172.775,7.295
172.800,2.767
172.825,5.319
172.850,3.498
172.875,3.845
172.900,6.453
172.925,4.699
172.950,5.523
172.975,1.366
173.000,3.981
173.025,4.640
173.050,5.621
173.075,6.809
173.100,2.832
173.125,3.435
173.150,3.446
173.175,2.610
173.200,2.962
173.225,3.494
173.250,3.627
173.275,4.298
173.300,5.765
173.325,4.258
173.350,8.023
173.375,4.548
173.400,6.273
173.425,5.086
173.450,4.804
173.475,3.869
173.500,8.310
173.525,2.837
173.550,0.806
173.575,3.855
173.600,4.573
173.625,4.712
173.650,4.307
173.675,3.193
173.700,4.650
173.725,2.352
173.750,5.270
173.775,2.208
173.800,2.358
173.825,2.973
173.850,5.819
173.875,8.909
173.900,2.062
173.925,3.134
173.950,4.248
173.975,2.589
174.000,3.149
174.025,2.597
174.050,4.045
174.075,1.877
174.100,1.569
174.125,3.723
174.150,4.813
174.175,3.378
174.200,5.669
174.225,16.810
174.250,21.691
174.275,9.196
174.300,15.206
174.325,14.934
174.350,5.067
174.375,3.005
174.400,5.740
174.425,4.695
174.450,4.793
174.475,5.012
174.500,6.922
174.525,7.508
174.550,6.967
174.575,7.488
174.600,6.044
174.625,4.293
174.650,3.184
174.675,3.147
174.700,3.271
174.725,3.353
174.750,4.996
174.775,4.079
174.800,3.410
174.825,4.759
174.850,3.934
174.875,3.970
174.900,4.696
174.925,4.386
174.950,5.789
174.975,5.407
175.000,3.316
175.025,1.710
175.050,6.331
175.075,4.200
175.100,5.219
175.125,3.078
175.150,5.706
175.175,3.834
175.200,2.361
175.225,3.340
175.250,2.983
175.275,2.851
175.300,4.324
175.325,4.403
175.350,4.335
175.375,3.501
175.400,7.119
175.425,2.989
175.450,3.444
175.475,6.221
175.500,5.809
175.525,4.148
175.550,3.971
175.575,1.906
175.600,2.416
175.625,4.492
175.650,4.312
175.675,2.694
175.700,4.323
175.725,2.558
175.750,4.835
175.775,4.841
175.800,4.491
175.825,6.448
175.850,3.155
175.875,3.037
175.900,3.718
175.925,4.067
175.950,3.435
175.975,2.405
176.000,5.707
176.025,3.587
176.050,3.708
176.075,1.765
176.100,7.531
176.125,3.937
176.150,1.428
176.175,1.737
176.200,3.421
176.225,4.210
176.250,4.127
176.275,4.697
176.300,5.377
176.325,5.512
176.350,3.609
176.375,6.265
176.400,5.940
176.425,3.064
176.450,3.567
176.475,3.837
176.500,3.599
176.525,4.696
176.550,7.916
176.575,9.090
176.600,2.753
176.625,4.269
176.650,5.634
176.675,7.587
176.700,4.312
176.725,5.958
176.750,4.216
176.775,5.685
176.800,6.197
176.825,5.246
176.850,6.330
176.875,6.622
176.900,3.998
176.925,6.255
176.950,6.765
176.975,7.506
177.000,2.512
177.025,5.013
177.050,7.309
177.075,4.154
177.100,3.750
177.125,7.376
177.150,6.962
177.175,4.719
177.200,4.767
177.225,9.906
177.250,8.024
177.275,5.569
177.300,4.238
177.325,5.341
177.350,8.713
177.375,3.433
177.400,7.777
177.425,9.158
177.450,7.736
177.475,4.928
177.500,2.706
177.525,8.519
177.550,4.137
177.575,3.269
177.600,8.352
177.625,7.595
177.650,2.788
177.675,6.467
177.700,7.108
177.725,7.257
177.750,4.351
177.775,6.187
177.800,8.509
177.825,6.386
177.850,5.350
177.875,6.875
177.900,3.681
177.925,2.540
177.950,6.083
177.975,7.359
178.000,8.514
178.025,4.466
178.050,4.741
178.075,7.422
178.100,8.365
178.125,2.820
178.150,4.828
178.175,3.726
178.200,4.663
178.225,3.728
178.250,4.123
178.275,2.345
178.300,6.935
178.325,4.769
178.350,1.844
178.375,4.611
178.400,5.776
178.425,2.846
178.450,3.245
178.475,5.219
178.500,3.205
178.525,6.264
178.550,9.604
178.575,7.945
178.600,4.134
178.625,2.234
178.650,7.139
178.675,6.423
178.700,6.534
178.725,5.242
178.750,5.334
178.775,4.968
178.800,2.363
178.825,5.320
178.850,7.077
178.875,11.120
178.900,2.604
178.925,7.368
178.950,6.482
178.975,3.718
179.000,4.834
179.025,4.548
179.050,6.074
179.075,4.529
179.100,6.949
179.125,6.905
179.150,5.507
179.175,4.214
179.200,2.451
179.225,3.447
179.250,5.751
179.275,5.420
179.300,5.619
179.325,5.200
179.350,8.718
179.375,5.034
179.400,6.168
179.425,5.295
179.450,3.344
179.475,6.838
179.500,3.467
179.525,5.760
179.550,5.970
179.575,5.462
179.600,8.321
179.625,9.239
179.650,4.763
179.675,4.435
179.700,5.976
179.725,7.466
179.750,2.345
179.775,4.795
179.800,9.392
179.825,3.856
179.850,4.141
179.875,6.069
179.900,5.164
179.925,4.130
179.950,6.427
179.975,9.988
180.000,6.493
180.025,4.642
180.050,5.516
180.075,7.443
180.100,7.343
180.125,3.466
180.150,6.684
180.175,6.694
180.200,5.445
180.225,3.596
180.250,11.320
180.275,7.084
180.300,8.514
180.325,4.207
180.350,7.621
180.375,8.113
180.400,6.842
180.425,3.640
180.450,8.158
180.475,7.128
180.500,3.690
180.525,4.289
180.550,6.011
180.575,9.296
180.600,4.852
180.625,7.207
180.650,9.372
180.675,8.525
180.700,4.955
180.725,9.635
180.750,4.307
180.775,4.546
180.800,6.301
180.825,9.757
180.850,5.253
180.875,8.247
180.900,4.576
180.925,5.444
180.950,6.350
180.975,4.064
181.000,2.077
181.025,5.581
181.050,7.506
181.075,3.077
181.100,4.890
181.125,8.463
181.150,7.520
181.175,3.248
181.200,8.019
181.225,9.355
181.250,11.250
181.275,9.334
181.300,10.925
181.325,8.580
181.350,7.620
181.375,9.326
181.400,10.455
181.425,8.616
181.450,6.174
181.475,8.659
181.500,9.506
181.525,5.743
181.550,2.731
181.575,4.489
181.600,3.472
181.625,4.593
181.650,4.476
181.675,3.930
181.700,2.520
181.725,2.887
181.750,5.409
181.775,5.296
181.800,2.979
181.825,3.016
181.850,2.533
181.875,5.126
181.900,4.063
181.925,2.844
181.950,4.653
181.975,5.301
182.000,6.272
182.025,3.600
182.050,4.550
182.075,4.440
182.100,3.015
182.125,5.048
182.150,5.499
182.175,5.590
182.200,5.213
182.225,6.175
182.250,5.343
182.275,3.807
182.300,2.282
182.325,4.691
182.350,4.296
182.375,5.214
182.400,3.123
182.425,2.251
182.450,5.833
182.475,3.406
182.500,3.002
182.525,3.274
182.550,5.443
182.575,4.153
182.600,5.491
182.625,3.221
182.650,3.260
182.675,3.880
182.700,5.339
182.725,4.571
182.750,0.909
182.775,1.511
182.800,2.023
182.825,4.865
182.850,3.465
182.875,5.118
182.900,5.395
182.925,4.718
182.950,4.342
182.975,2.412
183.000,8.349
183.025,6.160
183.050,3.144
183.075,4.389
183.100,2.908
183.125,3.962
183.150,6.349
183.175,3.723
183.200,5.246
183.225,3.849
183.250,5.086
183.275,6.394
183.300,3.469
183.325,4.435
183.350,2.893
183.375,2.835
183.400,3.162
183.425,4.560
183.450,1.867
183.475,5.299
183.500,4.784
183.525,4.488
183.550,5.880
183.575,4.099
183.600,6.234
183.625,4.378
183.650,2.586
183.675,4.213
183.700,4.083
183.725,4.916
183.750,4.728
183.775,3.618
183.800,2.996
183.825,4.295
183.850,2.875
183.875,3.381
183.900,5.410
183.925,4.570
183.950,6.103
183.975,1.689
184.000,5.220
184.025,3.396
184.050,1.569
184.075,2.882
184.100,5.950
184.125,4.640
184.150,3.819
184.175,6.402
184.200,7.145
184.225,6.986
184.250,5.344
184.275,5.301
184.300,2.592
184.325,4.219
184.350,4.106
184.375,7.147
184.400,3.416
184.425,4.890
184.450,7.527
184.475,3.066
184.500,2.744
184.525,6.352
184.550,4.354
184.575,2.998
184.600,8.214
184.625,4.034
184.650,5.891
184.675,3.215
184.700,7.165
184.725,4.157
184.750,4.741
184.775,4.625
184.800,3.567
184.825,3.976
184.850,5.722
184.875,5.049
184.900,4.026
184.925,4.280
184.950,4.627
184.975,5.988
185.000,3.000
185.025,2.845
185.050,7.997
185.075,4.705
185.100,3.324
185.125,3.529
185.150,4.307
185.175,5.021
185.200,4.435
185.225,6.736
185.250,5.629
185.275,2.014
185.300,4.372
185.325,4.537
185.350,3.693
185.375,3.765
185.400,3.473
185.425,2.268
185.450,3.319
185.475,3.518
185.500,5.721
185.525,5.563
185.550,4.719
185.575,4.301
185.600,4.883
185.625,3.090
185.650,5.737
185.675,6.494
185.700,6.882
185.725,6.167
185.750,3.450
185.775,5.133
185.800,5.947
185.825,3.410
185.850,1.563
185.875,3.538
185.900,4.030
185.925,2.285
185.950,3.246
185.975,5.233
186.000,2.792
186.025,2.656
186.050,2.980
186.075,3.919
186.100,4.314
186.125,4.204
186.150,4.977
186.175,3.714
186.200,4.335
186.225,1.289
186.250,5.190
186.275,3.713
186.300,3.035
186.325,4.361
186.350,6.567
186.375,6.091
186.400,3.135
186.425,6.321
186.450,4.457
186.475,1.568
186.500,2.515
186.525,6.800
186.550,4.433
186.575,8.731
186.600,5.753
186.625,4.236
186.650,3.877
186.675,5.369
186.700,3.240
186.725,3.718
186.750,4.237
186.775,3.804
186.800,5.290
186.825,6.678
186.850,4.483
186.875,7.359
186.900,6.157
186.925,4.784
186.950,3.364
186.975,4.644
187.000,3.529
187.025,4.122
187.050,5.223
187.075,7.688
187.100,6.973
187.125,4.489
187.150,1.638
187.175,5.454
187.200,4.447
187.225,5.042
187.250,3.994
187.275,7.906
187.300,5.655
187.325,3.402
187.350,3.873
187.375,3.650
187.400,2.360
187.425,3.721
187.450,6.258
187.475,4.020
187.500,3.969
187.525,4.831
187.550,3.652
187.575,5.050
187.600,2.826
187.625,2.185
187.650,4.290
187.675,5.532
187.700,2.542
187.725,7.230
187.750,5.520
187.775,7.220
187.800,5.023
187.825,4.373
187.850,4.060
187.875,4.149
187.900,2.698
187.925,3.316
187.950,4.278
187.975,7.088
188.000,3.204
188.025,8.641
188.050,6.282
188.075,4.497
188.100,4.095
188.125,5.459
188.150,3.613
188.175,4.560
188.200,3.495
188.225,2.774
188.250,3.403
188.275,4.020
188.300,3.662
188.325,7.868
188.350,4.216
188.375,5.134
188.400,5.695
188.425,5.249
188.450,3.985
188.475,3.114
188.500,3.428
188.525,3.269
188.550,4.210
188.575,4.379
188.600,7.090
188.625,5.296
188.650,4.963
188.675,3.222
188.700,4.727
188.725,4.980
188.750,1.881
188.775,5.985
188.800,5.799
188.825,3.369
188.850,5.256
188.875,3.482
188.900,1.977
188.925,0.994
188.950,2.187
188.975,4.886
189.000,4.844
189.025,3.033
189.050,4.959
189.075,3.669
189.100,2.922
189.125,4.252
189.150,2.386
189.175,3.610
189.200,3.938
189.225,1.452
189.250,5.904
189.275,5.958
189.300,5.442
189.325,7.208
189.350,2.260
189.375,4.115
189.400,4.410
189.425,5.123
189.450,2.938
189.475,7.109
189.500,7.957
189.525,2.112
189.550,2.485
189.575,4.349
189.600,4.587
189.625,3.200
189.650,5.743
189.675,6.216
189.700,7.533
189.725,3.774
189.750,2.178
189.775,5.148
189.800,2.132
189.825,3.335
189.850,3.619
189.875,5.266
189.900,6.893
189.925,4.928
189.950,7.839
189.975,3.669
190.000,6.317
190.025,5.726
190.050,3.559
190.075,4.315
190.100,6.100
190.125,5.274
190.150,5.371
190.175,5.196
190.200,5.032
190.225,8.601
190.250,3.935
190.275,5.671
190.300,5.679
190.325,4.024
190.350,5.292
190.375,5.397
190.400,6.044
190.425,3.191
190.450,2.491
190.475,2.663
190.500,4.145
190.525,4.740
190.550,4.971
190.575,4.270
190.600,3.085
190.625,4.178
190.650,3.764
190.675,5.723
190.700,2.270
190.725,2.834
190.750,5.633
190.775,6.170
190.800,4.033
190.825,6.663
190.850,8.517
190.875,11.132
190.900,9.240
190.925,12.263
190.950,5.107
190.975,8.910
191.000,7.454
191.025,8.746
191.050,7.301
191.075,5.265
191.100,5.237
191.125,4.829
191.150,3.867
191.175,4.024
191.200,5.238
191.225,2.813
191.250,3.371
191.275,5.885
191.300,6.900
191.325,4.210
191.350,4.308
191.375,3.479
191.400,4.223
191.425,2.387
191.450,4.441
191.475,4.941
191.500,6.924
191.525,2.694
191.550,8.752
191.575,4.354
191.600,3.363
191.625,5.025
191.650,5.633
191.675,5.445
191.700,4.033
191.725,5.071
191.750,4.763
191.775,3.570
191.800,6.051
191.825,7.086
191.850,4.514
191.875,6.450
191.900,2.656
191.925,3.668
191.950,3.840
191.975,2.627
192.000,2.223
192.025,3.365
192.050,4.731
192.075,6.872
192.100,5.879
192.125,3.686
192.150,3.461
192.175,2.143
192.200,2.656
192.225,4.132
192.250,3.888
192.275,4.158
192.300,3.272
192.325,3.880
192.350,5.648
192.375,4.741
192.400,5.108
192.425,3.893
192.450,4.180
192.475,6.115
192.500,6.083
192.525,5.279
192.550,5.895
192.575,4.657
192.600,2.544
192.625,4.152
192.650,7.329
192.675,5.095
192.700,4.753
192.725,3.165
192.750,7.661
192.775,2.830
192.800,4.824
192.825,3.498
192.850,6.175
192.875,4.404
192.900,7.287
192.925,7.374
192.950,8.993
192.975,13.021
193.000,17.162
193.025,21.213
193.050,24.834
193.075,15.588
193.100,9.095
193.125,9.527
193.150,8.065
193.175,9.632
193.200,4.372
193.225,8.139
193.250,2.785
193.275,5.424
193.300,4.064
193.325,6.047
193.350,5.426
193.375,4.424
193.400,4.689
193.425,5.421
193.450,3.084
193.475,6.147
193.500,4.163
193.525,2.530
193.550,3.372
193.575,4.322
193.600,4.880
193.625,9.097
193.650,3.726
193.675,5.455
193.700,5.945
193.725,3.693
193.750,7.033
193.775,7.766
193.800,3.620
193.825,5.998
193.850,5.787
193.875,6.067
193.900,7.379
193.925,6.738
193.950,4.747
193.975,4.144
194.000,4.951
194.025,4.416
194.050,6.039
194.075,6.031
194.100,3.495
194.125,7.412
194.150,6.488
194.175,5.743
194.200,3.764
194.225,4.805
194.250,7.208
194.275,5.207
194.300,6.438
194.325,5.306
194.350,3.102
194.375,3.903
194.400,3.417
194.425,6.378
194.450,3.774
194.475,2.493
194.500,2.542
194.525,3.124
194.550,7.153
194.575,3.548
194.600,5.608
194.625,5.665
194.650,4.685
194.675,3.496
194.700,5.258
194.725,4.763
194.750,3.388
194.775,3.336
194.800,4.506
194.825,5.236
194.850,4.265
194.875,6.129
194.900,4.854
194.925,3.834
194.950,4.301
194.975,6.482
195.000,5.798
195.025,4.541
195.050,2.650
195.075,1.985
195.100,3.702
195.125,3.205
195.150,5.189
195.175,3.367
195.200,2.219
195.225,3.341
195.250,6.719
195.275,5.434
195.300,7.289
195.325,8.641
195.350,4.289
195.375,5.290
195.400,4.472
195.425,8.989
195.450,3.543
195.475,2.486
195.500,8.984
195.525,6.992
195.550,2.999
195.575,5.357
195.600,7.519
195.625,3.052
195.650,4.886
195.675,8.761
195.700,4.815
195.725,4.596
195.750,5.296
195.775,5.727
195.800,3.763
195.825,3.980
195.850,2.839
195.875,5.706
195.900,5.648
195.925,3.832
195.950,3.817
195.975,5.213
196.000,3.356
196.025,3.876
196.050,5.559
196.075,8.441
196.100,3.993
196.125,10.106
196.150,6.519
196.175,6.822
196.200,4.777
196.225,5.377
196.250,7.014
196.275,2.863
196.300,6.144
196.325,4.590
196.350,6.685
196.375,3.698
196.400,3.473
196.425,6.037
196.450,6.148
196.475,5.286
196.500,6.804
196.525,6.656
196.550,3.586
196.575,4.028
196.600,4.824
196.625,4.055
196.650,9.773
196.675,4.052
196.700,4.440
196.725,8.558
196.750,5.714
196.775,6.939
196.800,2.937
196.825,7.062
196.850,9.132
196.875,5.173
196.900,4.469
196.925,7.933
196.950,4.503
196.975,4.032
197.000,3.980
197.025,4.350
197.050,3.160
197.075,4.219
197.100,7.488
197.125,6.144
197.150,8.192
197.175,4.869
197.200,6.038
197.225,7.292
197.250,5.885
197.275,2.310
197.300,3.295
197.325,9.166
197.350,6.638
197.375,8.017
197.400,11.895
197.425,6.270
197.450,4.556
197.475,6.820
197.500,6.542
197.525,3.485
197.550,6.886
197.575,6.094
197.600,9.737
197.625,4.836
197.650,8.618
197.675,5.924
197.700,4.893
197.725,3.240
197.750,5.135
197.775,5.804
197.800,8.266
197.825,4.424
197.850,4.966
197.875,4.098
197.900,3.875
197.925,3.594
197.950,8.252
197.975,10.859
198.000,4.586
198.025,6.852
198.050,6.136
198.075,7.107
198.100,8.968
198.125,3.354
198.150,2.239
198.175,6.398
198.200,5.037
198.225,5.812
198.250,8.763
198.275,7.878
198.300,9.191
198.325,6.291
198.350,3.061
198.375,4.022
198.400,4.718
198.425,7.721
198.450,5.820
198.475,7.424
198.500,6.178
198.525,7.502
198.550,7.222
198.575,3.256
198.600,4.997
198.625,2.437
198.650,5.488
198.675,4.212
198.700,4.654
198.725,4.779
198.750,7.474
198.775,5.140
198.800,6.803
198.825,7.551
198.850,2.051
198.875,3.595
198.900,6.061
198.925,9.065
198.950,7.826
198.975,8.942
199.000,9.658
199.025,6.618
199.050,8.260
199.075,3.491
199.100,2.979
199.125,4.698
199.150,5.955
199.175,4.315
199.200,5.498
199.225,4.061
199.250,10.823
199.275,7.359
199.300,9.288
199.325,1.827
199.350,3.642
199.375,11.985
199.400,9.586
199.425,5.478
199.450,9.447
199.475,8.766
199.500,11.010
199.525,8.652
199.550,3.734
199.575,3.337
199.600,10.684
199.625,9.153
199.650,3.680
199.675,3.396
199.700,2.805
199.725,6.824
199.750,7.511
199.775,7.701
199.800,9.842
199.825,5.971
199.850,5.799
199.875,7.330
199.900,8.047
199.925,4.753
199.950,5.940
199.975,4.785
200.000,2.160
200.025,5.876
200.050,8.466
200.075,5.277
200.100,3.559
200.125,7.148
200.150,8.332
200.175,8.411
200.200,6.301
200.225,7.867
200.250,4.238
200.275,7.141
200.300,8.061
200.325,8.304
200.350,3.771
200.375,8.306
200.400,3.735
200.425,8.478
200.450,8.139
200.475,5.977
200.500,5.618
200.525,10.167
200.550,8.913
200.575,9.330
200.600,2.477
200.625,7.597
200.650,11.323
200.675,5.844
200.700,6.136
200.725,3.311
200.750,4.945
200.775,6.060
200.800,9.385
200.825,4.183
200.850,13.038
200.875,10.106
200.900,8.486
200.925,10.774
200.950,12.607
200.975,17.742
201.000,8.323
201.025,6.620
201.050,11.407
201.075,6.057
201.100,12.381
201.125,9.285
201.150,5.534
201.175,8.830
201.200,3.392
201.225,7.026
201.250,13.231
201.275,8.650
201.300,7.983
201.325,10.255
201.350,7.267
201.375,10.232
201.400,4.495
201.425,6.241
201.450,4.237
201.475,5.174
201.500,3.312
201.525,8.604
201.550,4.383
201.575,4.975
201.600,4.026
201.625,4.813
201.650,4.678
201.675,7.580
201.700,6.802
201.725,9.575
201.750,4.520
201.775,5.591
201.800,2.608
201.825,7.291
201.850,6.591
201.875,9.781
201.900,8.166
201.925,6.977
201.950,2.728
201.975,8.009
202.000,9.697
202.025,2.925
202.050,4.742
202.075,8.010
202.100,6.872
202.125,2.684
202.150,4.401
202.175,4.638
202.200,4.087
202.225,3.416
202.250,4.113
202.275,4.375
202.300,5.359
202.325,5.375
202.350,4.407
202.375,4.167
202.400,5.673
202.425,6.978
202.450,2.977
202.475,6.665
202.500,5.887
202.525,2.285
202.550,8.438
202.575,6.972
202.600,4.143
202.625,1.692
202.650,3.294
202.675,3.831
202.700,6.025
202.725,5.455
202.750,3.403
202.775,3.958
202.800,5.439
202.825,3.472
202.850,4.714
202.875,16.897
202.900,3.251
202.925,4.693
202.950,13.214
202.975,4.452
203.000,14.740
203.025,18.539
203.050,15.965
203.075,16.024
203.100,14.551
203.125,13.762
203.150,19.534
203.175,15.643
203.200,13.424
203.225,14.999
203.250,12.254
203.275,13.615
203.300,12.826
203.325,14.553
203.350,10.223
203.375,7.836
203.400,12.977
203.425,7.824
203.450,15.491
203.475,10.209
203.500,18.313
203.525,14.601
203.550,14.941
203.575,11.181
203.600,13.544
203.625,14.459
203.650,15.253
203.675,14.387
203.700,16.755
203.725,16.287
203.750,12.802
203.775,13.869
203.800,12.272
203.825,3.476
203.850,5.640
203.875,9.843
203.900,8.321
203.925,4.172
203.950,10.397
203.975,3.530
204.000,3.328
204.025,3.865
204.050,2.726
204.075,3.893
204.100,5.130
204.125,4.228
204.150,3.724
204.175,2.887
204.200,4.792
204.225,2.604
204.250,1.781
204.275,2.381
204.300,2.077
204.325,3.928
204.350,4.308
204.375,5.149
204.400,2.353
204.425,2.996
204.450,5.439
204.475,4.179
204.500,4.910
204.525,4.862
204.550,5.812
204.575,4.247
204.600,3.500
204.625,3.823
204.650,3.513
204.675,3.460
204.700,4.642
204.725,2.605
204.750,4.951
204.775,2.727
204.800,5.062
204.825,4.585
204.850,3.716
204.875,3.679
204.900,4.183
204.925,5.477
204.950,4.120
204.975,5.867
205.000,4.398
205.025,5.396
205.050,4.181
205.075,3.702
205.100,3.152
205.125,6.050
205.150,6.416
205.175,4.141
205.200,4.704
205.225,3.113
205.250,4.936
205.275,2.674
205.300,7.868
205.325,4.826
205.350,5.857
205.375,4.041
205.400,2.208
205.425,2.651
205.450,5.853
205.475,4.695
205.500,5.909
205.525,6.959
205.550,3.983
205.575,8.438
205.600,5.998
205.625,1.536
205.650,3.470
205.675,4.440
205.700,3.039
205.725,5.084
205.750,3.591
205.775,5.843
205.800,4.190
205.825,2.990
205.850,5.488
205.875,5.251
205.900,4.891
205.925,3.630
205.950,3.379
205.975,4.993
206.000,3.724
206.025,3.738
206.050,4.933
206.075,4.972
206.100,3.154
206.125,3.380
206.150,4.590
206.175,5.923
206.200,7.545
206.225,2.885
206.250,3.687
206.275,1.755
206.300,4.424
206.325,2.841
206.350,3.509
206.375,4.087
206.400,2.838
206.425,6.227
206.450,6.702
206.475,4.181
206.500,3.727
206.525,2.014
206.550,4.420
206.575,7.926
206.600,2.696
206.625,4.172
206.650,3.537
206.675,4.790
206.700,4.294
206.725,4.427
206.750,10.305
206.775,5.166
206.800,3.183
206.825,4.769
206.850,4.461
206.875,4.695
206.900,2.645
206.925,4.186
206.950,5.164
206.975,2.691
207.000,3.904
207.025,3.204
207.050,2.225
207.075,3.097
207.100,4.906
207.125,5.693
207.150,4.434
207.175,3.478
207.200,4.160
207.225,3.346
207.250,4.374
207.275,4.152
207.300,3.401
207.325,5.649
207.350,2.967
207.375,3.121
207.400,5.354
207.425,7.234
207.450,2.950
207.475,5.001
207.500,2.669
207.525,3.080
207.550,2.408
207.575,2.420
207.600,2.713
207.625,7.209
207.650,5.690
207.675,3.465
207.700,6.337
207.725,3.410
207.750,3.919
207.775,3.455
207.800,4.299
207.825,9.272
207.850,5.459
207.875,3.361
207.900,3.111
207.925,2.730
207.950,3.254
207.975,5.468
208.000,5.154
208.025,2.947
208.050,3.712
208.075,2.415
208.100,3.630
208.125,3.349
208.150,5.120
208.175,6.340
208.200,3.048
208.225,3.236
208.250,6.215
208.275,3.731
208.300,5.119
208.325,4.718
208.350,4.112
208.375,3.307
208.400,3.609
208.425,5.941
208.450,5.245
208.475,6.147
208.500,5.018
208.525,4.396
208.550,4.713
208.575,5.511
208.600,1.500
208.625,3.292
208.650,4.608
208.675,6.690
208.700,6.482
208.725,5.343
208.750,4.582
208.775,6.425
208.800,5.457
208.825,3.065
208.850,4.193
208.875,3.497
208.900,5.216
208.925,3.745
208.950,5.203
208.975,2.748
209.000,2.950
209.025,4.119
209.050,8.165
209.075,3.977
209.100,3.375
209.125,4.842
209.150,4.301
209.175,5.065
209.200,5.754
209.225,3.538
209.250,5.895
209.275,2.204
209.300,5.454
209.325,5.986
209.350,3.085
209.375,6.700
209.400,4.976
209.425,3.187
209.450,3.652
209.475,7.081
209.500,5.107
209.525,5.530
209.550,4.650
209.575,3.316
209.600,6.211
209.625,4.462
209.650,4.750
209.675,4.203
209.700,5.755
209.725,2.187
209.750,4.915
209.775,3.265
209.800,4.718
209.825,4.729
209.850,4.578
209.875,4.209
209.900,5.329
209.925,6.276
209.950,3.540
209.975,3.843
210.000,9.022
210.025,5.464
210.050,4.941
210.075,2.470
210.100,7.810
210.125,2.472
210.150,4.226
210.175,4.408
210.200,4.753
210.225,5.370
210.250,5.112
210.275,6.357
210.300,3.124
210.325,2.398
210.350,6.049
210.375,4.099
210.400,3.370
210.425,3.455
210.450,4.484
210.475,4.870
210.500,5.208
210.525,4.042
210.550,2.483
210.575,1.577
210.600,5.652
210.625,2.073
210.650,4.242
210.675,2.815
210.700,4.043
210.725,6.772
210.750,3.615
210.775,2.010
210.800,6.392
210.825,2.420
210.850,4.977
210.875,3.715
210.900,7.378
210.925,5.308
210.950,3.800
210.975,3.949
211.000,2.273
211.025,5.457
211.050,7.948
211.075,3.825
211.100,3.941
211.125,3.490
211.150,5.811
211.175,5.801
211.200,5.665
211.225,4.019
211.250,3.640
211.275,2.993
211.300,2.896
211.325,5.085
211.350,4.090
211.375,4.737
211.400,3.773
211.425,2.108
211.450,3.995
211.475,4.404
211.500,5.457
211.525,3.529
211.550,2.825
211.575,6.263
211.600,5.135
211.625,3.527
211.650,2.681
211.675,4.604
211.700,6.702
211.725,2.822
211.750,3.068
211.775,4.071
211.800,6.316
211.825,3.012
211.850,7.450
211.875,4.185
211.900,3.895
211.925,6.225
211.950,4.999
211.975,3.952
212.000,2.734
212.025,3.839
212.050,4.015
212.075,7.056
212.100,4.583
212.125,5.870
212.150,2.344
212.175,7.148
212.200,4.478
212.225,3.601
212.250,3.895
212.275,4.956
212.300,4.488
212.325,4.685
212.350,5.241
212.375,6.797
212.400,3.363
212.425,2.849
212.450,3.945
212.475,5.824
212.500,5.136
212.525,5.294
212.550,2.533
212.575,4.267
212.600,2.819
212.625,3.268
212.650,3.176
212.675,4.202
212.700,3.066
212.725,5.144
212.750,2.376
212.775,2.803
212.800,7.423
212.825,5.083
212.850,1.845
212.875,4.852
212.900,3.228
212.925,6.236
212.950,4.532
212.975,3.914
213.000,2.374
213.025,3.232
213.050,4.034
213.075,2.485
213.100,4.339
213.125,5.691
213.150,4.800
213.175,4.590
213.200,4.593
213.225,3.050
213.250,3.060
213.275,2.087
213.300,8.169
213.325,7.145
213.350,4.347
213.375,2.476
213.400,4.368
213.425,1.942
213.450,4.781
213.475,3.889
213.500,3.986
213.525,2.903
213.550,3.495
213.575,2.746
213.600,4.306
213.625,3.145
213.650,3.112
213.675,4.423
213.700,5.175
213.725,5.627
213.750,4.501
213.775,6.498
213.800,5.337
213.825,2.994
213.850,3.399
213.875,3.026
213.900,3.325
213.925,6.388
213.950,6.594
213.975,5.848
214.000,3.310
214.025,5.590
214.050,3.660
214.075,5.229
214.100,3.490
214.125,7.203
214.150,3.570
214.175,4.897
214.200,3.316
214.225,4.513
214.250,2.566
214.275,4.532
214.300,3.690
214.325,5.869
214.350,3.740
214.375,4.832
214.400,6.308
214.425,3.303
214.450,4.320
214.475,2.192
214.500,3.692
214.525,2.612
214.550,5.423
214.575,5.964
214.600,3.879
214.625,4.754
214.650,5.512
214.675,4.584
214.700,7.745
214.725,4.967
214.750,3.712
214.775,3.639
214.800,3.056
214.825,4.705
214.850,2.736
214.875,4.187
214.900,5.869
214.925,3.633
214.950,5.751
214.975,4.621
215.000,8.623
215.025,5.844
215.050,3.852
215.075,6.759
215.100,6.370
215.125,6.038
215.150,4.277
215.175,5.010
215.200,8.188
215.225,4.245
215.250,6.549
215.275,4.688
215.300,3.133
215.325,2.385
215.350,5.764
215.375,2.147
215.400,4.427
215.425,3.895
215.450,4.471
215.475,3.807
215.500,5.785
215.525,2.787
215.550,6.391
215.575,6.613
215.600,10.068
215.625,3.861
215.650,5.162
215.675,4.221
215.700,5.575
215.725,3.614
215.750,5.124
215.775,3.415
215.800,4.603
215.825,4.544
215.850,3.156
215.875,2.421
215.900,3.394
215.925,5.810
215.950,4.551
215.975,6.213
216.000,6.218
216.025,5.249
216.050,3.452
216.075,2.625
216.100,5.723
216.125,4.769
216.150,1.934
216.175,4.514
216.200,4.825
216.225,3.356
216.250,3.132
216.275,4.771
216.300,5.498
216.325,4.923
216.350,3.948
216.375,6.123
216.400,3.561
216.425,3.717
216.450,4.279
216.475,2.597
216.500,7.820
216.525,5.623
216.550,4.565
216.575,2.756
216.600,3.485
216.625,6.667
216.650,4.394
216.675,3.874
216.700,4.471
216.725,4.889
216.750,3.575
216.775,6.118
216.800,3.809
216.825,4.965
216.850,6.251
216.875,5.597
216.900,4.176
216.925,5.284
216.950,4.117
216.975,2.212
217.000,5.817
217.025,1.278
217.050,3.373
217.075,7.126
217.100,3.283
217.125,2.178
217.150,2.980
217.175,3.395
217.200,5.595
217.225,5.560
217.250,5.854
217.275,4.882
217.300,5.101
217.325,4.647
217.350,3.236
217.375,5.110
217.400,3.057
217.425,4.472
217.450,4.754
217.475,3.563
217.500,6.329
217.525,3.613
217.550,6.131
217.575,3.942
217.600,4.148
217.625,6.008
217.650,3.336
217.675,1.556
217.700,3.164
217.725,3.006
217.750,3.994
217.775,3.128
217.800,4.150
217.825,2.500
217.850,1.782
217.875,4.720
217.900,5.040
217.925,4.122
217.950,5.076
217.975,5.121
218.000,4.246
218.025,3.095
218.050,2.799
218.075,4.101
218.100,3.968
218.125,4.576
218.150,3.672
218.175,3.256
218.200,3.911
218.225,6.195
218.250,2.118
218.275,4.576
218.300,6.149
218.325,4.011
218.350,3.377
218.375,3.399
218.400,2.812
218.425,4.240
218.450,5.413
218.475,4.104
218.500,2.139
218.525,1.288
218.550,5.718
218.575,5.561
218.600,4.664
218.625,5.645
218.650,3.633
218.675,4.515
218.700,4.374
218.725,4.112
218.750,4.602
218.775,3.410
218.800,7.008
218.825,3.733
218.850,4.310
218.875,3.456
218.900,5.925
218.925,2.049
218.950,6.027
218.975,7.395
219.000,6.136
219.025,3.202
219.050,4.373
219.075,2.126
219.100,4.984
219.125,2.985
219.150,5.918
219.175,3.068
219.200,4.375
219.225,4.805
219.250,4.155
219.275,5.932
219.300,3.989
219.325,5.115
219.350,1.867
219.375,4.494
219.400,3.954
219.425,4.962
219.450,3.911
219.475,3.591
219.500,4.718
219.525,3.006
219.550,7.793
219.575,6.129
219.600,3.455
219.625,4.771
219.650,6.350
219.675,6.524
219.700,6.468
219.725,3.007
219.750,4.146
219.775,3.069
219.800,4.473
219.825,3.329
219.850,3.727
219.875,6.311
219.900,2.274
219.925,5.012
219.950,4.316
219.975,4.882
220.000,3.571
400.000,1.700
400.025,3.181
400.050,3.297
400.075,2.335
400.100,1.822
400.125,2.840
400.150,1.934
400.175,1.700
400.200,1.717
400.225,1.990
400.250,4.444
400.275,3.176
400.300,2.413
400.325,3.320
400.350,3.300
400.375,4.219
400.400,1.826
400.425,3.077
400.450,1.880
400.475,2.948
400.500,1.588
400.525,4.090
400.550,2.829
400.575,2.605
400.600,3.356
400.625,8.525
400.650,3.952
400.675,2.646
400.700,3.152
400.725,2.025
400.750,5.114
400.775,5.506
400.800,5.077
400.825,2.852
400.850,2.697
400.875,1.409
400.900,4.095
400.925,2.808
400.950,4.025
400.975,1.591
401.000,7.284
401.025,5.355
401.050,4.281
401.075,3.654
401.100,1.714
401.125,2.997
401.150,2.384
401.175,5.931
401.200,7.303
401.225,6.909
401.250,7.545
401.275,4.719
401.300,8.053
401.325,6.196
401.350,4.581
401.375,5.221
401.400,9.358
401.425,6.498
401.450,6.876
401.475,7.751
401.500,7.243
401.525,7.344
401.550,3.976
401.575,2.438
401.600,4.394
401.625,4.704
401.650,2.469
401.675,1.675
401.700,3.164
401.725,3.229
401.750,5.913
401.775,3.685
401.800,3.208
401.825,5.753
401.850,3.747
401.875,6.233
401.900,7.260
401.925,3.876
401.950,2.371
401.975,4.312
402.000,2.975
402.025,5.352
402.050,4.215
402.075,4.637
402.100,2.795
402.125,4.576
402.150,3.539
402.175,5.187
402.200,3.491
402.225,5.063
402.250,4.338
402.275,2.494
402.300,1.957
402.325,3.462
402.350,2.610
402.375,2.198
402.400,1.944
402.425,2.679
402.450,2.408
402.475,4.623
402.500,2.786
402.525,1.195
402.550,2.817
402.575,4.717
402.600,2.867
402.625,5.544
402.650,3.426
402.675,5.176
402.700,3.830
402.725,4.218
402.750,5.176
402.775,3.686
402.800,6.683
402.825,3.227
402.850,5.636
402.875,3.746
402.900,3.000
402.925,2.049
402.950,5.215
402.975,6.507
403.000,3.051
403.025,2.553
403.050,3.675
403.075,4.415
403.100,2.864
403.125,4.368
403.150,4.312
403.175,3.068
403.200,4.122
403.225,5.347
403.250,4.350
403.275,6.270
403.300,2.813
403.325,5.115
403.350,2.643
403.375,2.793
403.400,2.973
403.425,2.815
403.450,5.302
403.475,3.178
403.500,4.283
403.525,3.265
403.550,7.793
403.575,6.124
403.600,5.450
403.625,2.807
403.650,5.229
403.675,5.235
403.700,5.531
403.725,3.488
403.750,3.253
403.775,5.771
403.800,3.517
403.825,2.770
403.850,2.925
403.875,6.311
403.900,4.556
403.925,5.494
403.950,1.390
403.975,5.721
404.000,2.964
404.025,5.544
404.050,5.438
404.075,4.283
404.100,5.389
404.125,3.330
404.150,4.916
404.175,4.621
404.200,2.784
404.225,6.981
404.250,3.872
404.275,4.135
404.300,3.275
404.325,5.109
404.350,5.009
404.375,4.388
404.400,4.221
404.425,2.343
404.450,4.259
404.475,3.319
404.500,4.708
404.525,3.956
404.550,2.921
404.575,2.734
404.600,2.896
404.625,4.001
404.650,6.025
404.675,3.977
404.700,4.884
404.725,2.248
404.750,3.984
404.775,4.006
404.800,3.259
404.825,4.729
404.850,3.856
404.875,4.425
404.900,7.436
404.925,2.578
404.950,4.668
404.975,2.026
405.000,3.067
405.025,3.027
405.050,3.355
405.075,3.041
405.100,2.123
405.125,3.493
405.150,4.580
405.175,6.821
405.200,4.313
405.225,4.480
405.250,3.698
405.275,4.234
405.300,2.629
405.325,6.136
405.350,6.413
405.375,1.805
405.400,4.148
405.425,1.779
405.450,5.738
405.475,4.580
405.500,2.836
405.525,2.659
405.550,4.438
405.575,2.163
405.600,1.408
405.625,5.122
405.650,4.094
405.675,2.801
405.700,1.224
405.725,3.052
405.750,4.850
405.775,2.880
405.800,4.120
405.825,2.290
405.850,1.204
405.875,1.870
405.900,4.476
405.925,2.611
405.950,4.189
405.975,3.485
406.000,4.841
406.025,2.838
406.050,4.488
406.075,2.872
406.100,3.701
406.125,3.527
406.150,2.897
406.175,4.305
406.200,4.585
406.225,4.389
406.250,4.504
406.275,3.926
406.300,5.455
406.325,8.382
406.350,7.215
406.375,6.080
406.400,3.422
406.425,5.436
406.450,4.987
406.475,3.861
406.500,2.736
406.525,4.286
406.550,5.908
406.575,1.231
406.600,3.222
406.625,2.939
406.650,4.611
406.675,6.860
406.700,6.510
406.725,8.212
406.750,5.101
406.775,8.487
406.800,6.726
406.825,6.553
406.850,5.238
406.875,7.654
406.900,2.577
406.925,5.985
406.950,3.771
406.975,5.334
407.000,3.549
407.025,4.388
407.050,5.392
407.075,6.031
407.100,6.462
407.125,6.245
407.150,3.006
407.175,5.586
407.200,6.180
407.225,1.922
407.250,4.449
407.275,4.483
407.300,3.909
407.325,5.421
407.350,8.614
407.375,7.124
407.400,5.538
407.425,4.321
407.450,3.330
407.475,3.408
407.500,5.496
407.525,6.277
407.550,3.106
407.575,3.669
407.600,3.292
407.625,4.205
407.650,3.846
407.675,4.410
407.700,4.021
407.725,2.216
407.750,3.974
407.775,2.746
407.800,2.160
407.825,3.112
407.850,4.589
407.875,3.798
407.900,5.304
407.925,4.336
407.950,3.548
407.975,4.659
408.000,3.505
408.025,6.585
408.050,3.004
408.075,2.705
408.100,3.009
408.125,5.765
408.150,3.799
408.175,4.544
408.200,3.539
408.225,3.993
408.250,4.211
408.275,6.507
408.300,3.076
408.325,3.991
408.350,2.535
408.375,2.734
408.400,3.500
408.425,8.560
408.450,5.134
408.475,2.085
408.500,4.497
408.525,3.345
408.550,4.353
408.575,3.310
408.600,4.646
408.625,3.049
408.650,8.840
408.675,5.309
408.700,2.806
408.725,4.598
408.750,6.213
408.775,2.943
408.800,5.882
408.825,1.829
408.850,4.277
408.875,4.014
408.900,4.662
408.925,2.380
408.950,5.692
408.975,1.456
409.000,3.197
409.025,4.417
409.050,6.582
409.075,5.121
409.100,5.334
409.125,3.020
409.150,5.427
409.175,4.987
409.200,6.130
409.225,3.208
409.250,7.222
409.275,5.823
409.300,5.743
409.325,4.556
409.350,6.444
409.375,3.601
409.400,3.867
409.425,3.367
409.450,3.757
409.475,4.420
409.500,6.570
409.525,2.286
409.550,7.332
409.575,3.974
409.600,5.006
409.625,5.635
409.650,5.061
409.675,2.236
409.700,5.762
409.725,4.325
409.750,5.483
409.775,4.926
409.800,3.470
409.825,4.830
409.850,6.745
409.875,2.970
409.900,3.397
409.925,5.251
409.950,3.225
409.975,3.694
410.000,3.758
410.025,1.359
410.050,5.746
410.075,5.078
410.100,3.756
410.125,6.361
410.150,5.861
410.175,4.536
410.200,9.254
410.225,7.131
410.250,5.437
410.275,4.300
410.300,3.878
410.325,4.589
410.350,5.256
410.375,4.075
410.400,4.131
410.425,2.340
410.450,6.771
410.475,4.222
410.500,4.872
410.525,6.968
410.550,2.610
410.575,4.734
410.600,4.616
410.625,5.333
410.650,4.115
410.675,2.158
410.700,6.547
410.725,2.450
410.750,4.427
410.775,5.257
410.800,8.650
410.825,5.223
410.850,3.888
410.875,4.015
410.900,8.076
410.925,3.626
410.950,4.710
410.975,5.011
411.000,5.328
411.025,5.004
411.050,2.749
411.075,5.372
411.100,5.562
411.125,6.182
411.150,4.669
411.175,1.564
411.200,5.765
411.225,3.739
411.250,3.215
411.275,5.318
411.300,6.442
411.325,4.445
411.350,11.339
411.375,4.865
411.400,4.238
411.425,4.739
411.450,5.463
411.475,4.576
411.500,12.120
411.525,11.129
411.550,4.339
411.575,5.300
411.600,5.893
411.625,8.920
411.650,3.956
411.675,10.492
411.700,9.675
411.725,5.034
411.750,6.409
411.775,12.241
411.800,4.869
411.825,10.048
411.850,2.731
411.875,5.909
411.900,8.581
411.925,5.923
411.950,5.881
411.975,9.191
412.000,5.212
412.025,6.888
412.050,11.586
412.075,7.725
412.100,12.056
412.125,1.535
412.150,2.671
412.175,10.014
412.200,11.124
412.225,4.260
412.250,9.460
412.275,8.601
412.300,3.514
412.325,7.923
412.350,7.461
412.375,7.400
412.400,5.971
412.425,4.741
412.450,9.067
412.475,10.523
412.500,6.989
412.525,7.352
412.550,5.347
412.575,7.748
412.600,5.700
412.625,9.144
412.650,6.961
412.675,14.018
412.700,5.123
412.725,2.585
412.750,6.376
412.775,5.370
412.800,8.482
412.825,10.644
412.850,10.059
412.875,6.431
412.900,12.233
412.925,3.263
412.950,8.637
412.975,3.665
413.000,4.489
413.025,9.071
413.050,7.845
413.075,5.825
413.100,5.592
413.125,9.117
413.150,6.065
413.175,9.686
413.200,8.421
413.225,7.473
413.250,12.438
413.275,5.679
413.300,3.855
413.325,8.049
413.350,4.419
413.375,5.925
413.400,7.233
413.425,6.534
413.450,9.639
413.475,14.338
413.500,14.069
413.525,10.091
413.550,6.942
413.575,4.453
413.600,7.064
413.625,6.265
413.650,9.564
413.675,6.637
413.700,5.254
413.725,1.999
413.750,4.690
413.775,5.760
413.800,4.110
413.825,6.374
413.850,4.991
413.875,9.035
413.900,8.102
413.925,4.877
413.950,6.384
413.975,9.815
414.000,6.680
414.025,5.863
414.050,8.928
414.075,6.494
414.100,14.160
414.125,4.288
414.150,7.047
414.175,3.477
414.200,5.877
414.225,4.205
414.250,4.545
414.275,3.840
414.300,9.835
414.325,4.275
414.350,7.604
414.375,4.634
414.400,2.883
414.425,6.078
414.450,7.540
414.475,2.768
414.500,4.081
414.525,4.122
414.550,5.221
414.575,4.982
414.600,5.452
414.625,8.629
414.650,6.096
414.675,3.996
414.700,4.058
414.725,3.611
414.750,6.563
414.775,3.831
414.800,6.478
414.825,4.359
414.850,6.407
414.875,3.643
414.900,8.618
414.925,3.988
414.950,11.457
414.975,5.248
415.000,4.247
415.025,1.876
415.050,5.056
415.075,4.614
415.100,4.623
415.125,6.863
415.150,3.236
415.175,9.679
415.200,4.836
415.225,3.024
415.250,5.101
415.275,4.700
415.300,6.588
415.325,4.298
415.350,3.700
415.375,6.676
415.400,10.483
415.425,5.065
415.450,10.337
415.475,4.875
415.500,3.089
415.525,7.452
415.550,4.417
415.575,9.248
415.600,4.291
415.625,5.859
415.650,10.196
415.675,6.353
415.700,11.758
415.725,4.350
415.750,20.507
415.775,22.292
415.800,3.972
415.825,5.786
415.850,9.810
415.875,7.145
415.900,5.614
415.925,3.557
415.950,7.838
415.975,7.977
416.000,4.363
416.025,7.279
416.050,6.695
416.075,8.646
416.100,3.718
416.125,4.548
416.150,7.950
416.175,4.776
416.200,3.557
416.225,9.398
416.250,3.218
416.275,4.140
416.300,8.116
416.325,6.700
416.350,4.319
416.375,3.704
416.400,3.750
416.425,6.392
416.450,7.007
416.475,6.199
416.500,5.303
416.525,8.665
416.550,4.744
416.575,4.976
416.600,3.247
416.625,5.377
416.650,5.702
416.675,4.725
416.700,3.855
416.725,2.940
416.750,4.651
416.775,4.170
416.800,9.223
416.825,8.058
416.850,5.803
416.875,3.429
416.900,4.713
416.925,4.802
416.950,2.456
416.975,2.923
417.000,2.205
417.025,4.328
417.050,9.547
417.075,4.694
417.100,4.867
417.125,7.023
417.150,5.877
417.175,6.374
417.200,3.939
417.225,3.452
417.250,6.362
417.275,6.435
417.300,3.038
417.325,4.824
417.350,6.097
417.375,8.201
417.400,2.670
417.425,9.011
417.450,6.648
417.475,8.548
417.500,6.183
417.525,3.732
417.550,6.726
417.575,3.941
417.600,6.463
417.625,6.076
417.650,4.728
417.675,6.012
417.700,4.357
417.725,5.527
417.750,4.298
417.775,4.326
417.800,3.572
417.825,3.344
417.850,3.855
417.875,5.211
417.900,4.526
417.925,5.655
417.950,4.165
417.975,16.865
418.000,8.144
418.025,10.140
418.050,3.262
418.075,2.767
418.100,2.432
418.125,7.076
418.150,6.798
418.175,4.976
418.200,7.296
418.225,5.173
418.250,4.617
418.275,7.816
418.300,5.111
418.325,4.805
418.350,3.889
418.375,3.063
418.400,3.460
418.425,5.273
418.450,5.698
418.475,8.239
418.500,5.287
418.525,6.520
418.550,4.492
418.575,3.719
418.600,7.160
418.625,5.511
418.650,6.016
418.675,6.362
418.700,2.222
418.725,4.077
418.750,4.164
418.775,5.179
418.800,5.883
418.825,3.147
418.850,3.953
418.875,4.286
418.900,4.564
418.925,4.223
418.950,6.691
418.975,3.615
419.000,4.224
419.025,3.347
419.050,7.802
419.075,6.033
419.100,3.627
419.125,5.126
419.150,3.757
419.175,3.551
419.200,4.663
419.225,2.105
419.250,5.952
419.275,4.483
419.300,4.974
419.325,4.803
419.350,4.784
419.375,3.252
419.400,3.937
419.425,5.786
419.450,3.705
419.475,5.262
419.500,1.815
419.525,4.077
419.550,4.951
419.575,3.515
419.600,2.938
419.625,5.338
419.650,7.207
419.675,3.086
419.700,5.127
419.725,3.641
419.750,1.576
419.775,5.263
419.800,4.114
419.825,3.065
419.850,4.758
419.875,7.834
419.900,6.917
419.925,6.071
419.950,4.512
419.975,3.601
420.000,4.077
420.025,4.698
420.050,2.835
420.075,2.839
420.100,4.411
420.125,4.909
420.150,5.896
420.175,3.363
420.200,3.336
420.225,8.353
420.250,1.912
420.275,6.699
420.300,6.486
420.325,4.182
420.350,5.450
420.375,3.788
420.400,2.753
420.425,3.348
420.450,6.226
420.475,3.394
420.500,4.370
420.525,6.510
420.550,4.829
420.575,6.284
420.600,3.895
420.625,3.998
420.650,4.538
420.675,3.681
420.700,5.673
420.725,4.481
420.750,6.322
420.775,4.938
420.800,3.368
420.825,5.484
420.850,4.510
420.875,3.394
420.900,4.149
420.925,7.093
420.950,7.183
420.975,4.826
421.000,7.689
421.025,4.407
421.050,6.046
421.075,4.986
421.100,5.316
421.125,4.941
421.150,6.934
421.175,4.732
421.200,5.058
421.225,3.433
421.250,5.823
421.275,4.042
421.300,3.072
421.325,8.415
421.350,7.415
421.375,8.131
421.400,5.837
421.425,4.890
421.450,4.118
421.475,4.543
421.500,4.996
421.525,3.343
421.550,4.394
421.575,4.939
421.600,3.314
421.625,7.138
421.650,5.193
421.675,3.020
421.700,3.302
421.725,4.886
421.750,7.705
421.775,6.308
421.800,4.330
421.825,7.699
421.850,5.250
421.875,5.613
421.900,5.456
421.925,6.670
421.950,6.084
421.975,5.041
422.000,3.536
422.025,5.421
422.050,4.322
422.075,6.950
422.100,5.217
422.125,2.307
422.150,5.641
422.175,5.461
422.200,1.708
422.225,7.055
422.250,7.606
422.275,6.822
422.300,5.069
422.325,6.039
422.350,4.917
422.375,5.395
422.400,5.204
422.425,4.103
422.450,8.481
422.475,5.901
422.500,2.950
422.525,5.930
422.550,4.905
422.575,3.677
422.600,4.583
422.625,5.777
422.650,5.010
422.675,4.455
422.700,4.309
422.725,6.234
422.750,3.074
422.775,5.849
422.800,6.473
422.825,3.881
422.850,7.032
422.875,4.908
422.900,5.508
422.925,3.449
422.950,3.517
422.975,6.254
423.000,5.648
423.025,5.791
423.050,2.170
423.075,4.729
423.100,2.937
423.125,4.884
423.150,5.467
423.175,6.451
423.200,5.751
423.225,7.021
423.250,7.735
423.275,6.256
423.300,6.495
423.325,5.354
423.350,7.373
423.375,7.327
423.400,4.350
423.425,3.706
423.450,2.874
423.475,6.218
423.500,5.387
423.525,3.875
423.550,4.351
423.575,4.766
423.600,5.474
423.625,9.635
423.650,5.967
423.675,5.490
423.700,4.462
423.725,5.595
423.750,6.975
423.775,6.056
423.800,4.007
423.825,7.198
423.850,4.440
423.875,5.422
423.900,5.327
423.925,9.394
423.950,7.705
423.975,6.678
424.000,5.918
424.025,7.582
424.050,4.585
424.075,4.963
424.100,4.026
424.125,2.022
424.150,7.597
424.175,5.325
424.200,3.026
424.225,7.838
424.250,5.563
424.275,6.509
424.300,7.747
424.325,5.105
424.350,3.006
424.375,6.830
424.400,5.219
424.425,5.391
424.450,6.253
424.475,5.447
424.500,2.553
424.525,5.189
424.550,2.528
424.575,3.278
424.600,5.377
424.625,5.880
424.650,3.415
424.675,8.439
424.700,3.547
424.725,5.149
424.750,2.865
424.775,5.296
424.800,3.074
424.825,4.861
424.850,5.859
424.875,3.693
424.900,2.637
424.925,5.350
424.950,4.987
424.975,3.511
425.000,4.198
425.025,4.376
425.050,5.026
425.075,5.141
425.100,6.456
425.125,5.483
425.150,3.892
425.175,3.506
425.200,3.251
425.225,5.565
425.250,3.724
425.275,5.872
425.300,2.996
425.325,2.729
425.350,6.518
425.375,4.449
425.400,3.462
425.425,4.779
425.450,4.617
425.475,2.017
425.500,4.045
425.525,3.836
425.550,5.519
425.575,2.472
425.600,5.052
425.625,6.311
425.650,2.897
425.675,2.251
425.700,5.665
425.725,3.721
425.750,4.897
425.775,2.672
425.800,5.582
425.825,5.200
425.850,7.357
425.875,4.250
425.900,4.269
425.925,6.478
425.950,4.733
425.975,2.603
426.000,3.405
426.025,5.087
426.050,4.860
426.075,4.504
426.100,5.542
426.125,6.479
426.150,4.842
426.175,6.970
426.200,3.298
426.225,3.105
426.250,5.684
426.275,5.101
426.300,4.897
426.325,4.440
426.350,6.918
426.375,4.807
426.400,6.344
426.425,5.077
426.450,5.390
426.475,6.765
426.500,5.805
426.525,4.188
426.550,4.838
426.575,3.881
426.600,5.243
426.625,4.560
426.650,3.283
426.675,3.850
426.700,3.993
426.725,4.650
426.750,4.683
426.775,3.376
426.800,5.664
426.825,4.376
426.850,3.250
426.875,3.895
426.900,5.070
426.925,6.040
426.950,6.080
426.975,3.590
427.000,4.575
427.025,3.860
427.050,4.801
427.075,4.873
427.100,5.798
427.125,6.891
427.150,5.108
427.175,5.304
427.200,4.427
427.225,3.046
427.250,4.852
427.275,6.011
427.300,5.278
427.325,6.013
427.350,5.554
427.375,6.877
427.400,5.084
427.425,6.844
427.450,3.337
427.475,2.607
427.500,3.356
427.525,2.687
427.550,8.049
427.575,5.657
427.600,4.430
427.625,5.082
427.650,3.466
427.675,6.662
427.700,2.318
427.725,5.865
427.750,2.398
427.775,6.352
427.800,5.508
427.825,8.341
427.850,6.011
427.875,6.528
427.900,5.610
427.925,6.098
427.950,6.456
427.975,8.117
428.000,1.632
428.025,3.687
428.050,4.034
428.075,5.592
428.100,6.201
428.125,5.656
428.150,4.945
428.175,4.495
428.200,5.270
428.225,3.639
428.250,3.765
428.275,3.244
428.300,5.046
428.325,4.351
428.350,4.641
428.375,4.192
428.400,4.518
428.425,6.615
428.450,6.060
428.475,4.382
428.500,3.303
428.525,7.547
428.550,3.561
428.575,2.591
428.600,3.971
428.625,2.787
428.650,5.053
428.675,3.763
428.700,2.440
428.725,3.384
428.750,5.357
428.775,2.636
428.800,6.492
428.825,6.789
428.850,3.965
428.875,4.382
428.900,3.756
428.925,6.804
428.950,6.521
428.975,4.567
429.000,6.588
429.025,4.468
429.050,3.022
429.075,7.817
429.100,4.394
429.125,4.187
429.150,4.285
429.175,8.189
429.200,3.792
429.225,5.503
429.250,4.275
429.275,4.838
429.300,5.313
429.325,3.837
429.350,5.739
429.375,4.862
429.400,7.124
429.425,2.416
429.450,1.676
429.475,4.430
429.500,3.218
429.525,5.202
429.550,2.558
429.575,4.546
429.600,2.300
429.625,6.286
429.650,4.533
429.675,4.586
429.700,3.454
429.725,3.936
429.750,3.600
429.775,5.081
429.800,4.427
429.825,3.102
429.850,3.463
429.875,6.148
429.900,6.714
429.925,5.535
429.950,5.594
429.975,6.889
430.000,3.937
430.025,4.894
430.050,5.159
430.075,5.916
430.100,5.011
430.125,4.120
430.150,3.778
430.175,1.683
430.200,4.079
430.225,3.606
430.250,4.367
430.275,4.357
430.300,5.350
430.325,2.595
430.350,4.404
430.375,4.347
430.400,8.811
430.425,4.697
430.450,4.635
430.475,3.861
430.500,5.579
430.525,7.355
430.550,8.199
430.575,2.988
430.600,5.562
430.625,10.904
430.650,5.402
430.675,4.574
430.700,6.784
430.725,3.124
430.750,5.932
430.775,6.714
430.800,2.152
430.825,5.736
430.850,4.542
430.875,7.131
430.900,6.443
430.925,5.206
430.950,5.185
430.975,3.244
431.000,3.597
431.025,4.181
431.050,4.749
431.075,4.228
431.100,7.196
431.125,7.984
431.150,11.585
431.175,16.918
431.200,12.286
431.225,11.145
431.250,9.036
431.275,4.610
431.300,5.139
431.325,6.178
431.350,3.085
431.375,6.009
431.400,4.261
431.425,4.697
431.450,3.353
431.475,6.623
431.500,3.366
431.525,6.403
431.550,4.671
431.575,7.431
431.600,6.383
431.625,5.060
431.650,7.605
431.675,6.292
431.700,4.973
431.725,5.004
431.750,5.450
431.775,4.914
431.800,3.789
431.825,4.749
431.850,6.275
431.875,7.395
431.900,7.585
431.925,7.192
431.950,5.207
431.975,5.128
432.000,2.577
432.025,3.286
432.050,3.774
432.075,5.012
432.100,6.271
432.125,6.451
432.150,5.099
432.175,6.078
432.200,6.398
432.225,6.141
432.250,6.745
432.275,6.174
432.300,4.976
432.325,6.547
432.350,4.039
432.375,7.986
432.400,7.678
432.425,4.519
432.450,4.103
432.475,6.525
432.500,2.444
432.525,4.738
432.550,6.404
432.575,5.339
432.600,4.588
432.625,6.886
432.650,6.222
432.675,5.515
432.700,7.241
432.725,8.373
432.750,5.172
432.775,6.991
432.800,6.053
432.825,5.468
432.850,5.674
432.875,4.984
432.900,3.105
432.925,5.016
432.950,3.983
432.975,5.772
433.000,6.003
433.025,4.633
433.050,7.338
433.075,4.895
433.100,2.820
433.125,4.882
433.150,5.356
433.175,4.782
433.200,2.539
433.225,5.489
433.250,5.827
433.275,4.437
433.300,6.468
433.325,3.885
433.350,4.435
433.375,5.590
433.400,3.790
433.425,5.530
433.450,4.410
433.475,4.399
433.500,5.617
433.525,4.957
433.550,5.331
433.575,6.458
433.600,1.990
433.625,5.507
433.650,4.635
433.675,4.178
433.700,5.067
433.725,5.572
433.750,3.849
433.775,4.117
433.800,6.947
433.825,4.119
433.850,4.877
433.875,6.037
433.900,5.623
433.925,4.775
433.950,3.459
433.975,5.002
434.000,4.812
434.025,6.799
434.050,6.131
434.075,8.831
434.100,7.406
434.125,3.438
434.150,5.413
434.175,4.469
434.200,5.552
434.225,7.189
434.250,5.147
434.275,3.445
434.300,5.791
434.325,6.370
434.350,11.760
434.375,9.937
434.400,3.466
434.425,3.454
434.450,3.890
434.475,6.736
434.500,10.341
434.525,2.172
434.550,2.382
434.575,3.593
434.600,8.440
434.625,3.991
434.650,4.742
434.675,3.700
434.700,3.990
434.725,5.306
434.750,3.630
434.775,3.320
434.800,9.085
434.825,9.386
434.850,4.575
434.875,4.951
434.900,9.214
434.925,4.333
434.950,5.992
434.975,6.641
435.000,7.457
435.025,7.807
435.050,5.386
435.075,3.611
435.100,2.400
435.125,7.032
435.150,5.999
435.175,8.075
435.200,4.423
435.225,4.779
435.250,8.905
435.275,4.856
435.300,5.453
435.325,2.965
435.350,6.143
435.375,6.564
435.400,6.356
435.425,4.799
435.450,8.344
435.475,7.342
435.500,4.513
435.525,5.339
435.550,6.246
435.575,5.012
435.600,6.939
435.625,4.853
435.650,5.654
435.675,5.730
435.700,8.002
435.725,5.052
435.750,4.487
435.775,6.367
435.800,7.781
435.825,6.039
435.850,8.444
435.875,6.229
435.900,4.172
435.925,5.599
435.950,4.797
435.975,6.594
436.000,6.609
436.025,6.169
436.050,3.884
436.075,2.695
436.100,8.553
436.125,5.084
436.150,7.157
436.175,7.129
436.200,8.654
436.225,7.591
436.250,8.443
436.275,8.926
436.300,8.184
436.325,5.637
436.350,6.844
436.375,6.100
436.400,7.117
436.425,6.762
436.450,7.165
436.475,5.116
436.500,9.229
436.525,7.212
436.550,7.783
436.575,5.201
436.600,11.848
436.625,6.475
436.650,6.328
436.675,6.201
436.700,4.106
436.725,6.056
436.750,6.000
436.775,7.782
436.800,8.818
436.825,4.174
436.850,5.579
436.875,8.547
436.900,6.754
436.925,6.167
436.950,8.225
436.975,6.409
437.000,6.434
437.025,5.854
437.050,7.572
437.075,6.062
437.100,7.223
437.125,7.119
437.150,5.829
437.175,4.753
437.200,3.134
437.225,5.629
437.250,6.552
437.275,5.408
437.300,6.200
437.325,5.574
437.350,6.343
437.375,4.704
437.400,5.412
437.425,6.045
437.450,8.136
437.475,8.253
437.500,3.194
437.525,4.798
437.550,4.638
437.575,4.832
437.600,5.199
437.625,6.655
437.650,6.791
437.675,6.153
437.700,4.099
437.725,7.969
437.750,1.481
437.775,4.570
437.800,3.493
437.825,4.766
437.850,8.308
437.875,6.807
437.900,5.590
437.925,5.972
437.950,6.872
437.975,6.804
438.000,5.190
438.025,4.923
438.050,4.936
438.075,5.054
438.100,8.072
438.125,3.361
438.150,4.509
438.175,4.228
438.200,4.296
438.225,3.822
438.250,7.393
438.275,5.880
438.300,6.022
438.325,4.606
438.350,4.839
438.375,4.271
438.400,2.725
438.425,6.162
438.450,5.333
438.475,4.967
438.500,5.014
438.525,8.158
438.550,4.794
438.575,9.234
438.600,2.427
438.625,7.593
438.650,5.005
438.675,3.135
438.700,8.127
438.725,7.131
438.750,6.304
438.775,3.418
438.800,2.428
438.825,8.199
438.850,5.542
438.875,10.156
438.900,6.307
438.925,5.246
438.950,5.362
438.975,5.222
439.000,2.770
439.025,2.915
439.050,3.768
439.075,2.859
439.100,1.716
439.125,5.462
439.150,7.479
439.175,4.821
439.200,4.080
439.225,5.939
439.250,4.585
439.275,4.727
439.300,5.228
439.325,8.436
439.350,5.139
439.375,3.838
439.400,5.536
439.425,8.347
439.450,3.222
439.475,5.722
439.500,6.783
439.525,9.260
439.550,4.170
439.575,7.613
439.600,3.940
439.625,5.472
439.650,5.631
439.675,4.524
439.700,8.338
439.725,6.798
439.750,7.809
439.775,9.517
439.800,6.468
439.825,4.367
439.850,7.452
439.875,5.591
439.900,4.650
439.925,4.592
439.950,6.015
439.975,3.145
440.000,3.604
440.025,4.259
440.050,6.845
440.075,4.177
440.100,7.871
440.125,4.740
440.150,7.313
440.175,8.327
440.200,8.100
440.225,10.439
440.250,10.249
440.275,7.903
440.300,4.208
440.325,6.601
440.350,7.043
440.375,6.944
440.400,5.211
440.425,4.253
440.450,9.269
440.475,6.905
440.500,4.476
440.525,9.961
440.550,7.200
440.575,4.133
440.600,5.512
440.625,6.182
440.650,6.550
440.675,13.080
440.700,4.086
440.725,9.210
440.750,8.272
440.775,5.165
440.800,9.248
440.825,8.111
440.850,7.098
440.875,5.849
440.900,6.729
440.925,4.210
440.950,3.556
440.975,8.217
441.000,7.750
441.025,9.060
441.050,10.986
441.075,6.895
441.100,8.078
441.125,9.094
441.150,8.972
441.175,5.245
441.200,7.427
441.225,8.560
441.250,6.373
441.275,4.998
441.300,6.602
441.325,7.328
441.350,5.821
441.375,7.455
441.400,5.056
441.425,8.303
441.450,5.599
441.475,4.491
441.500,3.287
441.525,6.548
441.550,7.945
441.575,6.280
441.600,8.341
441.625,6.964
441.650,3.829
441.675,5.672
441.700,6.985
441.725,4.898
441.750,4.633
441.775,6.100
441.800,7.038
441.825,6.315
441.850,4.305
441.875,6.461
441.900,5.027
441.925,5.939
441.950,9.290
441.975,6.090
442.000,3.392
442.025,6.309
442.050,3.590
442.075,5.414
442.100,4.601
442.125,3.906
442.150,5.949
442.175,7.364
442.200,4.258
442.225,8.707
442.250,7.739
442.275,6.081
442.300,5.479
442.325,6.226
442.350,3.100
442.375,4.932
442.400,4.690
442.425,3.489
442.450,5.963
442.475,6.200
442.500,6.432
442.525,3.489
442.550,5.866
442.575,6.992
442.600,6.423
442.625,5.783
442.650,4.303
442.675,3.168
442.700,5.368
442.725,2.491
442.750,4.944
442.775,5.844
442.800,7.301
442.825,4.464
442.850,3.723
442.875,4.717
442.900,2.566
442.925,5.206
442.950,5.219
442.975,4.366
443.000,3.929
443.025,1.843
443.050,7.893
443.075,3.727
443.100,7.308
443.125,6.564
443.150,4.054
443.175,4.147
443.200,4.643
443.225,4.126
443.250,6.433
443.275,5.727
443.300,3.554
443.325,4.852
443.350,5.633
443.375,4.236
443.400,3.195
443.425,9.144
443.450,7.540
443.475,2.989
443.500,5.199
443.525,4.466
443.550,3.108
443.575,7.344
443.600,9.858
443.625,9.500
443.650,4.794
443.675,8.327
443.700,4.899
443.725,8.558
443.750,6.136
443.775,4.709
443.800,6.495
443.825,3.282
443.850,5.606
443.875,7.203
443.900,5.191
443.925,4.199
443.950,7.984
443.975,10.554
444.000,5.990
444.025,8.611
444.050,6.229
444.075,6.838
444.100,3.127
444.125,4.918
444.150,3.088
444.175,3.434
444.200,3.251
444.225,2.822
444.250,2.453
444.275,5.385
444.300,5.138
444.325,4.740
444.350,5.537
444.375,3.275
444.400,1.834
444.425,3.179
444.450,2.661
444.475,4.451
444.500,4.026
444.525,4.304
444.550,6.941
444.575,4.311
444.600,4.583
444.625,4.326
444.650,4.150
444.675,7.164
444.700,8.422
444.725,7.623
444.750,6.709
444.775,5.713
444.800,7.657
444.825,9.685
444.850,6.363
444.875,4.081
444.900,8.180
444.925,7.154
444.950,9.989
444.975,4.081
445.000,5.016
445.025,6.825
445.050,6.727
445.075,6.273
445.100,7.684
445.125,5.167
445.150,7.098
445.175,5.378
445.200,7.991
445.225,5.682
445.250,4.108
445.275,3.576
445.300,4.194
445.325,5.386
445.350,3.737
445.375,8.839
445.400,3.869
445.425,8.414
445.450,13.939
445.475,11.795
445.500,4.542
445.525,4.825
445.550,5.791
445.575,4.673
445.600,3.201
445.625,5.481
445.650,2.679
445.675,5.403
445.700,5.412
445.725,7.348
445.750,2.853
445.775,4.206
445.800,2.057
445.825,3.609
445.850,3.052
445.875,2.794
445.900,1.885
445.925,2.514
445.950,3.202
445.975,4.166
446.000,7.104
446.025,4.009
446.050,3.621
446.075,2.141
446.100,3.267
446.125,4.039
446.150,3.020
446.175,2.639
446.200,3.471
446.225,5.127
446.250,5.593
446.275,6.810
446.300,7.864
446.325,6.955
446.350,11.072
446.375,8.621
446.400,8.684
446.425,5.323
446.450,4.728
446.475,6.096
446.500,6.166
446.525,7.214
446.550,4.979
446.575,8.635
446.600,6.071
446.625,7.076
446.650,2.575
446.675,5.076
446.700,3.358
446.725,5.583
446.750,8.383
446.775,5.374
446.800,4.967
446.825,8.708
446.850,2.992
446.875,7.106
446.900,4.961
446.925,7.100
446.950,7.630
446.975,4.729
447.000,5.845
447.025,6.071
447.050,6.709
447.075,4.079
447.100,3.971
447.125,6.699
447.150,7.530
447.175,8.682
447.200,6.960
447.225,6.822
447.250,3.286
447.275,5.578
447.300,4.762
447.325,6.074
447.350,4.499
447.375,3.217
447.400,3.681
447.425,5.091
447.450,6.069
447.475,4.848
447.500,3.739
447.525,3.483
447.550,4.262
447.575,4.203
447.600,6.480
447.625,2.725
447.650,6.801
447.675,4.907
447.700,4.063
447.725,3.817
447.750,4.215
447.775,1.797
447.800,4.453
447.825,4.587
447.850,5.266
447.875,6.183
447.900,6.552
447.925,3.182
447.950,4.631
447.975,7.404
448.000,5.974
448.025,4.506
448.050,5.978
448.075,3.134
448.100,4.162
448.125,5.203
448.150,5.861
448.175,4.073
448.200,4.533
448.225,4.326
448.250,4.369
448.275,4.186
448.300,3.150
448.325,5.077
448.350,3.186
448.375,4.290
448.400,4.599
448.425,5.114
448.450,3.680
448.475,5.356
448.500,4.102
448.525,4.345
448.550,5.301
448.575,5.249
448.600,5.521
448.625,3.886
448.650,11.476
448.675,5.510
448.700,6.189
448.725,3.818
448.750,6.245
448.775,6.383
448.800,5.317
448.825,7.044
448.850,8.393
448.875,5.569
448.900,2.885
448.925,4.865
448.950,6.757
448.975,5.883
449.000,5.773
449.025,4.820
449.050,4.344
449.075,8.826
449.100,5.507
449.125,7.557
449.150,5.946
449.175,9.393
449.200,5.529
449.225,5.769
449.250,3.622
449.275,3.410
449.300,6.014
449.325,4.505
449.350,8.229
449.375,2.781
449.400,4.131
449.425,7.124
449.450,3.856
449.475,6.855
449.500,7.584
449.525,5.097
449.550,5.874
449.575,3.719
449.600,5.328
449.625,6.445
449.650,7.426
449.675,7.688
449.700,6.535
449.725,8.348
449.750,6.061
449.775,8.598
449.800,6.053
449.825,11.090
449.850,7.867
449.875,8.733
449.900,6.201
449.925,5.519
449.950,5.521
449.975,3.657
450.000,6.487
450.025,4.813
450.050,4.741
450.075,9.917
450.100,3.016
450.125,10.870
450.150,8.087
450.175,8.172
450.200,5.990
450.225,7.360
450.250,7.312
450.275,10.285
450.300,9.625
450.325,7.135
450.350,10.012
450.375,9.022
450.400,7.538
450.425,5.877
450.450,7.054
450.475,6.911
450.500,8.131
450.525,6.324
450.550,9.505
450.575,7.849
450.600,9.950
450.625,9.477
450.650,9.111
450.675,3.065
450.700,12.835
450.725,8.775
450.750,7.206
450.775,5.361
450.800,5.448
450.825,9.436
450.850,6.714
450.875,7.877
450.900,8.627
450.925,8.361
450.950,5.636
450.975,6.836
451.000,4.930
451.025,6.591
451.050,8.277
451.075,6.481
451.100,5.951
451.125,5.943
451.150,2.397
451.175,11.357
451.200,3.553
451.225,5.498
451.250,5.878
451.275,3.770
451.300,3.763
451.325,5.479
451.350,7.201
451.375,5.676
451.400,5.701
451.425,6.393
451.450,5.590
451.475,2.870
451.500,5.584
451.525,6.911
451.550,6.799
451.575,3.915
451.600,6.034
451.625,4.240
451.650,3.895
451.675,3.882
451.700,6.647
451.725,4.582
451.750,3.122
451.775,4.660
451.800,7.788
451.825,3.905
451.850,3.970
451.875,5.542
451.900,3.531
451.925,5.455
451.950,5.912
451.975,5.643
452.000,5.117
452.025,2.695
452.050,5.891
452.075,5.158
452.100,6.689
452.125,5.525
452.150,5.397
452.175,5.623
452.200,6.898
452.225,1.734
452.250,7.798
452.275,6.994
452.300,5.539
452.325,6.431
452.350,5.616
452.375,3.528
452.400,6.704
452.425,8.734
452.450,4.236
452.475,3.921
452.500,5.165
452.525,5.969
452.550,3.356
452.575,6.621
452.600,5.787
452.625,5.103
452.650,5.406
452.675,5.441
452.700,5.233
452.725,5.098
452.750,3.640
452.775,5.581
452.800,6.562
452.825,6.801
452.850,6.611
452.875,3.980
452.900,4.086
452.925,5.914
452.950,6.947
452.975,7.322
453.000,10.999
453.025,5.618
453.050,5.948
453.075,6.504
453.100,6.526
453.125,3.821
453.150,7.464
453.175,6.487
453.200,5.234
453.225,5.501
453.250,5.951
453.275,8.585
453.300,4.005
453.325,7.494
453.350,6.263
453.375,6.376
453.400,3.676
453.425,4.155
453.450,6.751
453.475,7.604
453.500,9.757
453.525,7.442
453.550,8.983
453.575,5.251
453.600,6.205
453.625,8.215
453.650,6.205
453.675,4.281
453.700,8.784
453.725,4.273
453.750,5.979
453.775,10.015
453.800,4.121
453.825,2.838
453.850,5.420
453.875,6.111
453.900,8.897
453.925,5.469
453.950,7.240
453.975,7.400
454.000,6.980
454.025,6.243
454.050,6.099
454.075,5.084
454.100,4.647
454.125,5.902
454.150,5.056
454.175,8.170
454.200,9.607
454.225,4.832
454.250,8.659
454.275,5.938
454.300,7.997
454.325,7.270
454.350,7.727
454.375,7.295
454.400,12.305
454.425,7.515
454.450,6.611
454.475,8.129
454.500,4.984
454.525,6.685
454.550,9.455
454.575,4.832
454.600,5.190
454.625,7.231
454.650,4.727
454.675,8.913
454.700,7.335
454.725,7.000
454.750,6.870
454.775,5.567
454.800,3.985
454.825,8.715
454.850,6.999
454.875,6.702
454.900,5.585
454.925,6.237
454.950,8.129
454.975,4.279
455.000,4.545
455.025,6.795
455.050,9.923
455.075,6.124
455.100,3.794
455.125,7.492
455.150,5.891
455.175,5.991
455.200,7.797
455.225,5.952
455.250,4.965
455.275,5.777
455.300,6.263
455.325,5.708
455.350,4.592
455.375,8.586
455.400,5.284
455.425,3.758
455.450,6.055
455.475,4.788
455.500,5.419
455.525,2.980
455.550,5.483
455.575,4.375
455.600,4.019
455.625,6.247
455.650,4.572
455.675,6.856
455.700,5.431
455.725,5.681
455.750,4.786
455.775,3.164
455.800,5.766
455.825,4.177
455.850,4.476
455.875,4.016
455.900,6.905
455.925,8.328
455.950,5.159
455.975,7.406
456.000,9.452
456.025,7.392
456.050,5.654
456.075,4.861
456.100,5.081
456.125,6.049
456.150,4.988
456.175,4.157
456.200,5.337
456.225,4.018
456.250,3.330
456.275,7.845
456.300,7.352
456.325,3.671
456.350,4.822
456.375,4.600
456.400,6.677
456.425,5.291
456.450,4.354
456.475,2.499
456.500,3.844
456.525,6.399
456.550,4.192
456.575,5.017
456.600,3.495
456.625,5.138
456.650,5.821
456.675,3.835
456.700,5.854
456.725,4.269
456.750,4.760
456.775,5.962
456.800,5.951
456.825,5.531
456.850,3.123
456.875,3.459
456.900,8.889
456.925,2.471
456.950,2.129
456.975,5.089
457.000,4.644
457.025,3.890
457.050,4.819
457.075,6.945
457.100,5.918
457.125,4.352
457.150,4.116
457.175,6.619
457.200,5.922
457.225,5.893
457.250,4.934
457.275,6.798
457.300,4.890
457.325,6.522
457.350,1.272
457.375,3.314
457.400,4.110
457.425,2.592
457.450,4.479
457.475,4.762
457.500,6.421
457.525,5.920
457.550,3.544
457.575,6.356
457.600,4.746
457.625,6.367
457.650,6.988
457.675,5.374
457.700,6.250
457.725,5.145
457.750,3.905
457.775,8.385
457.800,4.368
457.825,5.248
457.850,4.561
457.875,2.813
457.900,7.892
457.925,3.764
457.950,7.639
457.975,5.239
458.000,5.454
458.025,5.863
458.050,4.405
458.075,3.948
458.100,4.877
458.125,6.310
458.150,5.556
458.175,6.499
458.200,3.289
458.225,3.583
458.250,6.297
458.275,5.029
458.300,3.685
458.325,4.233
458.350,4.321
458.375,4.673
458.400,2.345
458.425,2.747
458.450,2.645
458.475,4.599
458.500,3.377
458.525,4.749
458.550,5.049
458.575,5.327
458.600,5.607
458.625,5.905
458.650,5.349
458.675,5.204
458.700,4.385
458.725,4.656
458.750,5.491
458.775,6.255
458.800,5.436
458.825,3.017
458.850,3.798
458.875,3.961
458.900,3.709
458.925,6.040
458.950,4.535
458.975,6.569
459.000,6.044
459.025,5.037
459.050,6.204
459.075,4.135
459.100,3.933
459.125,3.566
459.150,5.007
459.175,5.259
459.200,5.018
459.225,5.448
459.250,3.433
459.275,2.659
459.300,5.720
459.325,5.298
459.350,2.635
459.375,3.623
459.400,2.765
459.425,4.660
459.450,6.845
459.475,5.229
459.500,4.339
459.525,5.182
459.550,4.687
459.575,5.562
459.600,1.725
459.625,5.840
459.650,4.507
459.675,4.018
459.700,5.057
459.725,5.529
459.750,4.881
459.775,6.627
459.800,6.610
459.825,2.935
459.850,5.365
459.875,6.169
459.900,4.743
459.925,6.313
459.950,6.406
459.975,7.066
460.000,2.858
460.025,2.295
460.050,4.297
460.075,5.391
460.100,2.944
460.125,3.774
460.150,5.456
460.175,4.534
460.200,3.786
460.225,3.960
460.250,7.268
460.275,6.921
460.300,4.066
460.325,7.197
460.350,6.220
460.375,3.423
460.400,3.353
460.425,2.903
460.450,3.855
460.475,4.766
460.500,4.222
460.525,4.033
460.550,5.427
460.575,4.143
460.600,5.140
460.625,6.172
460.650,3.730
460.675,3.522
460.700,5.354
460.725,4.446
460.750,6.591
460.775,3.226
460.800,6.664
460.825,3.212
460.850,4.696
460.875,5.663
460.900,6.348
460.925,6.047
460.950,3.182
460.975,5.414
461.000,6.889
461.025,2.289
461.050,3.034
461.075,4.407
461.100,1.784
461.125,4.960
461.150,2.864
461.175,1.315
461.200,5.424
461.225,5.112
461.250,5.382
461.275,3.213
461.300,4.826
461.325,5.234
461.350,4.529
461.375,5.637
461.400,4.592
461.425,4.436
461.450,3.453
461.475,5.767
461.500,6.699
461.525,5.737
461.550,3.517
461.575,5.544
461.600,5.170
461.625,5.550
461.650,5.464
461.675,3.205
461.700,3.538
461.725,1.964
461.750,3.261
461.775,3.352
461.800,8.227
461.825,7.634
461.850,4.153
461.875,5.478
461.900,3.961
461.925,5.013
461.950,16.147
461.975,9.595
462.000,9.556
462.025,14.475
462.050,9.069
462.075,5.206
462.100,9.530
462.125,10.617
462.150,4.927
462.175,5.671
462.200,7.943
462.225,5.917
462.250,4.778
462.275,4.643
462.300,4.818
462.325,5.810
462.350,3.103
462.375,2.442
462.400,5.593
462.425,4.655
462.450,5.554
462.475,3.561
462.500,3.789
462.525,3.892
462.550,2.348
462.575,2.265
462.600,3.136
462.625,4.076
462.650,5.998
462.675,13.240
462.700,1.637
462.725,2.706
462.750,6.167
462.775,7.682
462.800,3.869
462.825,6.037
462.850,3.785
462.875,1.848
462.900,3.085
462.925,8.423
462.950,6.446
462.975,6.115
463.000,3.198
463.025,3.476
463.050,4.584
463.075,2.126
463.100,4.340
463.125,3.838
463.150,3.642
463.175,3.632
463.200,3.266
463.225,4.276
463.250,3.236
463.275,5.520
463.300,5.464
463.325,2.223
463.350,5.458
463.375,4.123
463.400,4.528
463.425,2.838
463.450,5.284
463.475,4.974
463.500,4.435
463.525,4.374
463.550,4.292
463.575,5.604
463.600,2.852
463.625,1.712
463.650,3.121
463.675,4.471
463.700,3.431
463.725,4.948
463.750,3.593
463.775,5.697
463.800,4.561
463.825,5.442
463.850,2.882
463.875,5.001
463.900,3.448
463.925,4.633
463.950,2.843
463.975,4.596
464.000,4.578
464.025,2.738
464.050,5.863
464.075,2.269
464.100,2.851
464.125,3.399
464.150,3.042
464.175,7.419
464.200,6.953
464.225,1.400
464.250,6.379
464.275,6.787
464.300,4.475
464.325,4.926
464.350,4.897
464.375,5.025
464.400,2.635
464.425,5.518
464.450,3.646
464.475,4.002
464.500,4.645
464.525,3.479
464.550,5.373
464.575,5.593
464.600,3.207
464.625,2.905
464.650,5.882
464.675,7.147
464.700,2.338
464.725,4.150
464.750,5.886
464.775,5.145
464.800,4.984
464.825,4.632
464.850,3.200
464.875,5.144
464.900,2.789
464.925,3.089
464.950,6.938
464.975,2.630
465.000,6.013
465.025,2.125
465.050,4.021
465.075,5.896
465.100,4.508
465.125,4.466
465.150,3.788
465.175,5.286
465.200,4.734
465.225,3.656
465.250,3.913
465.275,3.551
465.300,4.282
465.325,2.620
465.350,3.191
465.375,4.302
465.400,4.294
465.425,3.533
465.450,4.514
465.475,3.801
465.500,5.655
465.525,6.770
465.550,6.846
465.575,4.654
465.600,2.960
465.625,3.749
465.650,4.303
465.675,3.921
465.700,2.505
465.725,4.747
465.750,3.481
465.775,5.745
465.800,1.358
465.825,4.329
465.850,5.809
465.875,4.884
465.900,5.068
465.925,3.095
465.950,5.197
465.975,5.870
466.000,3.332
466.025,6.669
466.050,3.936
466.075,4.436
466.100,3.027
466.125,4.692
466.150,3.997
466.175,5.262
466.200,4.947
466.225,5.634
466.250,6.487
466.275,2.970
466.300,7.582
466.325,2.956
466.350,8.455
466.375,4.334
466.400,4.330
466.425,4.709
466.450,3.688
466.475,4.750
466.500,2.623
466.525,4.882
466.550,4.615
466.575,5.638
466.600,2.096
466.625,3.213
466.650,1.620
466.675,5.380
466.700,4.253
466.725,3.606
466.750,5.020
466.775,3.646
466.800,3.008
466.825,6.885
466.850,2.420
466.875,4.091
466.900,5.417
466.925,4.020
466.950,2.691
466.975,2.825
467.000,4.726
467.025,4.714
467.050,4.370
467.075,2.702
467.100,2.116
467.125,3.136
467.150,2.106
467.175,4.194
467.200,3.823
467.225,3.183
467.250,4.923
467.275,2.394
467.300,2.899
467.325,4.127
467.350,4.797
467.375,2.644
467.400,6.748
467.425,3.497
467.450,4.112
467.475,5.484
467.500,4.073
467.525,5.101
467.550,3.092
467.575,4.061
467.600,5.189
467.625,3.995
467.650,4.947
467.675,2.760
467.700,4.048
467.725,4.909
467.750,5.193
467.775,4.646
467.800,3.740
467.825,3.656
467.850,3.756
467.875,6.010
467.900,4.925
467.925,6.102
467.950,2.218
467.975,5.913
468.000,4.289
468.025,3.076
468.050,5.604
468.075,4.929
468.100,4.065
468.125,7.337
468.150,3.382
468.175,4.712
468.200,3.178
468.225,1.998
468.250,4.644
468.275,2.058
468.300,2.747
468.325,6.612
468.350,6.240
468.375,4.534
468.400,5.635
468.425,3.305
468.450,7.206
468.475,6.187
468.500,4.435
468.525,6.208
468.550,3.014
468.575,2.712
468.600,5.540
468.625,2.654
468.650,3.344
468.675,3.664
468.700,1.553
468.725,1.804
468.750,5.896
468.775,3.533
468.800,3.245
468.825,4.076
468.850,4.565
468.875,3.918
468.900,3.366
468.925,3.645
468.950,4.696
468.975,4.219
469.000,6.214
469.025,5.089
469.050,2.201
469.075,7.369
469.100,3.541
469.125,5.544
469.150,4.839
469.175,6.086
469.200,5.786
469.225,4.482
469.250,4.228
469.275,3.143
469.300,3.841
469.325,4.116
469.350,4.795
469.375,4.819
469.400,5.981
469.425,4.066
469.450,4.087
469.475,4.499
469.500,4.300
469.525,9.073
469.550,5.676
469.575,6.809
469.600,6.858
469.625,3.074
469.650,3.488
469.675,4.321
469.700,4.143
469.725,3.399
469.750,3.144
469.775,5.363
469.800,5.459
469.825,3.931
469.850,3.346
469.875,3.374
469.900,5.536
469.925,5.086
469.950,2.749
469.975,4.271
470.000,5.793
470.025,5.332
470.050,3.293
470.075,3.326
470.100,3.356
470.125,2.608
470.150,3.616
470.175,8.227
470.200,1.751
470.225,5.440
470.250,3.610
470.275,2.303
470.300,4.974
470.325,5.621
470.350,4.239
470.375,5.843
470.400,4.396
470.425,5.747
470.450,6.392
470.475,4.556
470.500,3.728
470.525,3.109
470.550,4.018
470.575,3.530
470.600,3.620
470.625,4.877
470.650,2.573
470.675,7.906
470.700,6.767
470.725,3.981
470.750,2.257
470.775,8.023
470.800,3.522
470.825,3.577
470.850,5.066
470.875,0.847
470.900,4.542
470.925,3.576
470.950,6.009
470.975,4.947
471.000,2.537
471.025,5.332
471.050,6.063
471.075,4.927
471.100,4.046
471.125,5.240
471.150,5.375
471.175,4.985
471.200,3.598
471.225,3.501
471.250,5.362
471.275,3.404
471.300,6.082
471.325,6.865
471.350,4.275
471.375,7.668
471.400,3.599
471.425,2.978
471.450,4.497
471.475,3.400
471.500,5.288
471.525,2.601
471.550,5.800
471.575,5.057
471.600,7.720
471.625,5.265
471.650,4.288
471.675,3.292
471.700,3.024
471.725,4.724
471.750,4.238
471.775,3.845
471.800,7.105
471.825,6.579
471.850,4.480
471.875,5.440
471.900,4.906
471.925,3.943
471.950,3.788
471.975,4.480
472.000,7.731
472.025,4.559
472.050,3.029
472.075,3.577
472.100,4.443
472.125,6.425
472.150,3.851
472.175,2.571
472.200,3.728
472.225,1.857
472.250,4.151
472.275,6.290
472.300,3.501
472.325,5.724
472.350,3.645
472.375,4.170
472.400,3.725
472.425,6.931
472.450,4.447
472.475,2.726
472.500,5.198
472.525,4.367
472.550,5.003
472.575,2.671
472.600,4.612
472.625,2.826
472.650,5.596
472.675,7.507
472.700,3.501
472.725,5.225
472.750,8.651
472.775,3.165
472.800,5.893
472.825,3.244
472.850,2.175
472.875,4.514
472.900,6.102
472.925,3.417
472.950,1.439
472.975,5.151
473.000,8.964
473.025,4.163
473.050,4.980
473.075,6.267
473.100,5.042
473.125,2.606
473.150,5.012
473.175,4.381
473.200,3.171
473.225,6.083
473.250,5.265
473.275,5.274
473.300,2.165
473.325,5.295
473.350,3.612
473.375,3.135
473.400,7.208
473.425,3.465
473.450,7.112
473.475,5.099
473.500,4.553
473.525,6.071
473.550,6.954
473.575,5.360
473.600,4.078
473.625,3.377
473.650,3.559
473.675,5.222
473.700,7.120
473.725,4.050
473.750,4.894
473.775,4.896
473.800,4.344
473.825,4.405
473.850,4.526
473.875,4.046
473.900,4.971
473.925,3.794
473.950,3.683
473.975,4.563
474.000,2.714
474.025,7.290
474.050,5.197
474.075,3.011
474.100,4.582
474.125,5.337
474.150,4.826
474.175,3.428
474.200,3.762
474.225,4.542
474.250,6.841
474.275,2.718
474.300,2.121
474.325,3.594
474.350,1.073
474.375,1.788
474.400,2.531
474.425,1.648
474.450,1.543
474.475,3.316
474.500,3.184
474.525,4.165
474.550,5.297
474.575,5.575
474.600,5.196
474.625,6.719
474.650,6.355
474.675,3.579
474.700,3.221
474.725,5.489
474.750,1.944
474.775,6.311
474.800,3.677
474.825,7.084
474.850,5.178
474.875,7.946
474.900,6.833
474.925,4.152
474.950,3.027
474.975,3.339
475.000,4.402
475.025,3.391
475.050,4.229
475.075,6.058
475.100,8.637
475.125,6.805
475.150,13.106
475.175,15.911
475.200,8.044
475.225,4.124
475.250,1.573
475.275,7.323
475.300,9.803
475.325,4.187
475.350,5.199
475.375,4.074
475.400,7.537
475.425,4.825
475.450,5.739
475.475,2.212
475.500,2.858
475.525,3.901
475.550,3.961
475.575,5.125
475.600,2.830
475.625,8.030
475.650,4.657
475.675,4.272
475.700,2.864
475.725,4.495
475.750,5.201
475.775,6.218
475.800,3.038
475.825,5.190
475.850,4.779
475.875,4.461
475.900,6.450
475.925,5.196
475.950,2.803
475.975,3.667
476.000,3.688
476.025,4.191
476.050,6.832
476.075,4.806
476.100,4.965
476.125,6.364
476.150,4.974
476.175,5.045
476.200,6.251
476.225,2.396
476.250,2.912
476.275,4.201
476.300,5.052
476.325,4.695
476.350,5.933
476.375,4.700
476.400,4.636
476.425,2.555
476.450,5.577
476.475,4.607
476.500,5.089
476.525,4.288
476.550,5.762
476.575,4.738
476.600,2.041
476.625,5.910
476.650,3.613
476.675,4.838
476.700,4.907
476.725,3.903
476.750,5.654
476.775,7.695
476.800,4.867
476.825,4.957
476.850,4.683
476.875,5.635
476.900,7.106
476.925,5.274
476.950,3.126
476.975,6.848
477.000,4.165
477.025,9.684
477.050,6.036
477.075,3.249
477.100,6.068
477.125,2.663
477.150,4.684
477.175,1.651
477.200,3.679
477.225,7.736
477.250,9.455
477.275,9.805
477.300,11.127
477.325,8.932
477.350,8.933
477.375,7.525
477.400,4.528
477.425,3.527
477.450,12.234
477.475,4.107
477.500,6.302
477.525,3.018
477.550,5.442
477.575,4.403
477.600,5.510
477.625,3.832
477.650,5.156
477.675,4.056
477.700,4.197
477.725,3.178
477.750,6.393
477.775,5.452
477.800,4.201
477.825,4.252
477.850,3.223
477.875,2.012
477.900,3.681
477.925,3.216
477.950,3.261
477.975,4.267
478.000,6.513
478.025,3.810
478.050,5.722
478.075,5.422
478.100,5.039
478.125,3.738
478.150,6.617
478.175,5.160
478.200,2.844
478.225,5.669
478.250,5.435
478.275,4.959
478.300,5.137
478.325,4.485
478.350,3.913
478.375,4.908
478.400,5.543
478.425,6.743
478.450,3.562
478.475,5.111
478.500,2.948
478.525,2.182
478.550,5.165
478.575,3.318
478.600,6.139
478.625,3.974
478.650,6.161
478.675,8.853
478.700,6.226
478.725,6.496
478.750,5.849
478.775,3.959
478.800,6.047
478.825,4.381
478.850,3.036
478.875,2.183
478.900,4.179
478.925,4.925
478.950,3.980
478.975,5.193
479.000,5.331
479.025,4.870
479.050,5.107
479.075,3.564
479.100,4.545
479.125,8.584
479.150,6.150
479.175,5.292
479.200,3.842
479.225,3.931
479.250,3.967
479.275,5.329
479.300,6.219
479.325,3.600
479.350,5.515
479.375,4.643
479.400,6.069
479.425,6.194
479.450,9.194
479.475,6.962
479.500,2.793
479.525,6.630
479.550,3.219
479.575,5.398
479.600,3.463
479.625,3.599
479.650,3.033
479.675,5.501
479.700,5.668
479.725,3.819
479.750,7.019
479.775,6.622
479.800,6.723
479.825,2.653
479.850,4.740
479.875,2.921
479.900,7.767
479.925,2.040
479.950,1.396
479.975,3.802
480.000,3.958
480.025,4.210
480.050,4.809
480.075,4.671
480.100,6.211
480.125,5.163
480.150,4.119
480.175,2.667
480.200,3.922
480.225,5.210
480.250,3.051
480.275,5.087
480.300,6.712
480.325,3.760
480.350,7.030
480.375,3.130
480.400,6.477
480.425,4.256
480.450,2.829
480.475,5.632
480.500,4.594
480.525,3.712
480.550,5.907
480.575,8.302
480.600,4.768
480.625,4.862
480.650,5.171
480.675,4.381
480.700,5.152
480.725,5.556
480.750,4.497
480.775,3.010
480.800,6.124
480.825,6.079
480.850,7.632
480.875,5.250
480.900,2.957
480.925,3.989
480.950,4.943
480.975,5.437
481.000,3.524
481.025,2.933
481.050,4.723
481.075,2.911
481.100,4.510
481.125,6.087
481.150,3.809
481.175,3.918
481.200,6.040
481.225,6.144
481.250,4.910
481.275,7.045
481.300,6.294
481.325,6.041
481.350,4.587
481.375,6.460
481.400,4.801
481.425,4.355
481.450,5.832
481.475,2.969
481.500,5.048
481.525,2.895
481.550,5.782
481.575,3.602
481.600,4.618
481.625,6.183
481.650,5.216
481.675,4.216
481.700,4.374
481.725,5.198
481.750,2.757
481.775,6.300
481.800,4.207
481.825,6.826
481.850,3.651
481.875,4.559
481.900,5.715
481.925,5.135
481.950,4.289
481.975,4.103
482.000,4.455
482.025,3.456
482.050,5.627
482.075,2.507
482.100,5.550
482.125,7.111
482.150,4.456
482.175,2.684
482.200,5.912
482.225,3.895
482.250,7.445
482.275,2.126
482.300,5.219
482.325,2.247
482.350,3.568
482.375,4.575
482.400,4.963
482.425,4.143
482.450,3.017
482.475,2.049
482.500,3.090
482.525,3.828
482.550,4.587
482.575,3.248
482.600,2.935
482.625,4.303
482.650,5.070
482.675,3.461
482.700,7.421
482.725,3.184
482.750,4.208
482.775,2.524
482.800,4.145
482.825,1.993
482.850,3.466
482.875,4.154
482.900,3.333
482.925,4.012
482.950,5.995
482.975,4.271
483.000,5.825
483.025,3.203
483.050,4.784
483.075,4.699
483.100,5.629
483.125,4.260
483.150,3.369
483.175,4.632
483.200,3.213
483.225,5.659
483.250,3.951
483.275,4.112
483.300,4.963
483.325,4.134
483.350,6.959
483.375,2.746
483.400,3.960
483.425,4.190
483.450,3.084
483.475,5.079
483.500,5.466
483.525,7.213
483.550,3.846
483.575,3.893
483.600,3.482
483.625,4.530
483.650,4.092
483.675,4.614
483.700,5.353
483.725,3.624
483.750,5.489
483.775,4.116
483.800,5.420
483.825,4.447
483.850,4.922
483.875,6.742
483.900,6.025
483.925,4.003
483.950,9.288
483.975,5.582
484.000,2.321
484.025,7.010
484.050,4.481
484.075,4.557
484.100,8.868
484.125,5.931
484.150,7.047
484.175,4.665
484.200,4.556
484.225,5.126
484.250,4.465
484.275,3.273
484.300,5.483
484.325,4.150
484.350,3.690
484.375,8.320
484.400,4.420
484.425,2.054
484.450,2.436
484.475,6.150
484.500,2.410
484.525,4.446
484.550,4.177
484.575,2.891
484.600,5.450
484.625,4.317
484.650,2.887
484.675,5.157
484.700,5.651
484.725,3.998
484.750,2.337
484.775,3.358
484.800,5.330
484.825,4.078
484.850,2.863
484.875,4.441
484.900,4.298
484.925,5.828
484.950,6.545
484.975,3.051
485.000,4.265
485.025,4.780
485.050,3.264
485.075,5.940
485.100,4.139
485.125,3.810
485.150,6.732
485.175,6.440
485.200,5.461
485.225,5.449
485.250,4.682
485.275,2.927
485.300,8.993
485.325,4.365
485.350,2.820
485.375,3.071
485.400,3.739
485.425,6.108
485.450,3.320
485.475,3.534
485.500,2.040
485.525,5.209
485.550,2.836
485.575,2.917
485.600,4.004
485.625,1.956
485.650,2.438
485.675,3.021
485.700,2.156
485.725,2.769
485.750,2.854
485.775,4.468
485.800,4.044
485.825,4.495
485.850,2.098
485.875,3.111
485.900,6.178
485.925,3.076
485.950,4.360
485.975,2.714
486.000,5.723
486.025,3.881
486.050,5.416
486.075,3.264
486.100,4.183
486.125,4.611
486.150,2.704
486.175,5.853
486.200,5.398
486.225,3.127
486.250,4.186
486.275,5.579
486.300,2.550
486.325,4.813
486.350,2.463
486.375,5.279
486.400,2.572
486.425,5.502
486.450,8.112
486.475,6.279
486.500,4.713
486.525,3.639
486.550,3.653
486.575,4.756
486.600,3.731
486.625,4.775
486.650,7.857
486.675,3.720
486.700,2.954
486.725,6.122
486.750,4.718
486.775,2.398
486.800,5.674
486.825,6.038
486.850,3.653
486.875,5.713
486.900,6.027
486.925,5.899
486.950,6.485
486.975,4.771
487.000,7.050
487.025,3.124
487.050,5.836
487.075,4.357
487.100,4.594
487.125,4.461
487.150,4.343
487.175,5.672
487.200,3.772
487.225,2.206
487.250,4.156
487.275,4.838
487.300,4.596
487.325,2.906
487.350,5.096
487.375,5.937
487.400,3.419
487.425,3.774
487.450,5.494
487.475,5.339
487.500,5.356
487.525,7.067
487.550,5.733
487.575,3.174
487.600,4.410
487.625,4.747
487.650,7.620
487.675,5.120
487.700,4.703
487.725,7.766
487.750,6.928
487.775,5.378
487.800,4.666
487.825,5.928
487.850,4.756
487.875,3.698
487.900,5.027
487.925,11.994
487.950,6.813
487.975,5.160
488.000,5.792
488.025,4.383
488.050,4.021
488.075,4.632
488.100,6.671
488.125,2.758
488.150,6.205
488.175,5.719
488.200,3.009
488.225,5.188
488.250,3.160
488.275,4.260
488.300,4.495
488.325,5.708
488.350,7.442
488.375,4.221
488.400,6.126
488.425,3.534
488.450,5.940
488.475,2.719
488.500,4.630
488.525,4.014
488.550,3.083
488.575,7.247
488.600,1.969
488.625,4.926
488.650,2.019
488.675,2.806
488.700,6.749
488.725,4.014
488.750,6.166
488.775,5.940
488.800,2.621
488.825,4.887
488.850,2.772
488.875,4.397
488.900,3.342
488.925,5.159
488.950,4.463
488.975,5.328
489.000,2.420
489.025,5.079
489.050,2.952
489.075,7.837
489.100,3.726
489.125,4.285
489.150,5.904
489.175,3.877
489.200,4.847
489.225,5.294
489.250,5.480
489.275,2.153
489.300,6.397
489.325,2.762
489.350,5.173
489.375,1.867
489.400,2.624
489.425,2.237
489.450,2.224
489.475,3.847
489.500,6.984
489.525,2.443
489.550,6.667
489.575,3.671
489.600,4.126
489.625,5.263
489.650,5.914
489.675,3.915
489.700,5.228
489.725,4.435
489.750,6.441
489.775,2.272
489.800,5.516
489.825,4.522
489.850,4.118
489.875,4.877
489.900,5.646
489.925,5.313
489.950,4.783
489.975,4.081
490.000,3.097
490.025,4.576
490.050,3.405
490.075,4.305
490.100,7.133
490.125,4.428
490.150,7.081
490.175,3.427
490.200,5.090
490.225,2.695
490.250,5.067
490.275,6.746
490.300,7.248
490.325,5.292
490.350,3.794
490.375,5.443
490.400,1.536
490.425,4.246
490.450,5.164
490.475,3.699
490.500,4.335
490.525,1.869
490.550,6.239
490.575,2.754
490.600,3.410
490.625,3.110
490.650,3.449
490.675,5.936
490.700,4.152
490.725,4.257
490.750,5.228
490.775,4.451
490.800,5.659
490.825,4.201
490.850,5.222
490.875,3.829
490.900,2.480
490.925,4.380
490.950,4.318
490.975,2.018
491.000,4.217
491.025,3.727
491.050,3.867
491.075,9.410
491.100,1.834
491.125,5.085
491.150,7.578
491.175,5.666
491.200,3.045
491.225,2.065
491.250,4.098
491.275,2.570
491.300,1.965
491.325,2.009
491.350,3.217
491.375,2.406
491.400,3.420
491.425,3.297
491.450,3.077
491.475,3.699
491.500,5.895
491.525,3.202
491.550,3.750
491.575,6.107
491.600,9.612
491.625,6.479
491.650,6.011
491.675,4.011
491.700,3.959
491.725,4.000
491.750,6.336
491.775,4.604
491.800,4.708
491.825,2.796
491.850,5.453
491.875,3.132
491.900,5.412
491.925,2.369
491.950,3.534
491.975,5.594
492.000,5.346
492.025,5.152
492.050,4.154
492.075,6.503
492.100,6.618
492.125,5.095
492.150,2.733
492.175,5.679
492.200,4.805
492.225,3.760
492.250,4.754
492.275,5.497
492.300,5.220
492.325,4.001
492.350,4.896
492.375,6.469
492.400,7.414
492.425,4.475
492.450,7.619
492.475,2.502
492.500,4.306
492.525,5.293
492.550,6.695
492.575,5.841
492.600,7.390
492.625,7.438
492.650,6.618
492.675,13.783
492.700,9.503
492.725,10.552
492.750,6.863
492.775,16.414
492.800,5.421
492.825,7.882
492.850,11.973
492.875,6.602
492.900,7.112
492.925,4.689
492.950,6.046
492.975,7.466
493.000,6.813
493.025,6.232
493.050,4.337
493.075,4.513
493.100,3.819
493.125,6.640
493.150,6.619
493.175,4.584
493.200,6.914
493.225,7.734
493.250,4.992
493.275,8.446
493.300,3.380
493.325,4.871
493.350,7.159
493.375,3.105
493.400,2.449
493.425,9.175
493.450,4.210
493.475,2.294
493.500,5.704
493.525,6.429
493.550,4.378
493.575,5.369
493.600,5.519
493.625,4.333
493.650,3.211
493.675,3.624
493.700,3.992
493.725,4.490
493.750,2.951
493.775,5.851
493.800,5.047
493.825,6.196
493.850,2.259
493.875,3.639
493.900,2.921
493.925,4.323
493.950,2.990
493.975,4.839
494.000,5.600
494.025,3.404
494.050,6.166
494.075,4.438
494.100,4.315
494.125,1.818
494.150,2.565
494.175,5.848
494.200,4.334
494.225,6.568
494.250,1.748
494.275,4.090
494.300,4.086
494.325,3.332
494.350,5.802
494.375,4.031
494.400,4.516
494.425,3.634
494.450,4.502
494.475,5.364
494.500,4.224
494.525,6.386
494.550,6.079
494.575,4.682
494.600,3.188
494.625,4.376
494.650,8.677
494.675,4.022
494.700,4.620
494.725,3.967
494.750,2.476
494.775,6.205
494.800,4.541
494.825,5.892
494.850,3.503
494.875,4.668
494.900,3.579
494.925,2.851
494.950,6.009
494.975,3.519
495.000,6.697
495.025,3.374
495.050,5.656
495.075,4.255
495.100,3.210
495.125,5.154
495.150,4.786
495.175,7.219
495.200,5.551
495.225,4.729
495.250,4.014
495.275,2.189
495.300,4.073
495.325,2.086
495.350,5.022
495.375,6.150
495.400,3.071
495.425,4.896
495.450,7.897
495.475,3.335
495.500,4.173
495.525,7.716
495.550,4.910
495.575,1.833
495.600,5.715
495.625,4.028
495.650,2.985
495.675,7.136
495.700,4.329
495.725,3.789
495.750,4.021
495.775,3.223
495.800,4.460
495.825,3.574
495.850,2.542
495.875,7.111
495.900,5.838
495.925,2.321
495.950,5.708
495.975,4.550
496.000,4.396
496.025,9.450
496.050,7.690
496.075,5.381
496.100,2.959
496.125,7.788
496.150,11.949
496.175,5.003
496.200,9.562
496.225,4.267
496.250,3.317
496.275,2.527
496.300,4.664
496.325,5.495
496.350,5.965
496.375,4.347
496.400,3.649
496.425,5.895
496.450,6.626
496.475,4.800
496.500,4.874
496.525,6.569
496.550,4.913
496.575,6.290
496.600,4.879
496.625,3.584
496.650,3.464
496.675,5.729
496.700,6.174
496.725,5.247
496.750,6.541
496.775,3.858
496.800,3.948
496.825,6.443
496.850,4.429
496.875,7.235
496.900,2.509
496.925,5.313
496.950,4.612
496.975,4.286
497.000,5.715
497.025,4.643
497.050,4.696
497.075,5.276
497.100,6.270
497.125,5.514
497.150,8.251
497.175,6.509
497.200,3.533
497.225,2.368
497.250,2.268
497.275,2.828
497.300,1.774
497.325,3.956
497.350,3.238
497.375,5.067
497.400,3.734
497.425,5.130
497.450,3.785
497.475,3.956
497.500,4.733
497.525,4.641
497.550,4.161
497.575,5.135
497.600,4.416
497.625,4.429
497.650,2.222
497.675,3.217
497.700,5.959
497.725,5.635
497.750,3.782
497.775,5.737
497.800,3.267
497.825,6.661
497.850,6.827
497.875,2.639
497.900,5.034
497.925,5.127
497.950,3.292
497.975,6.561
498.000,6.198
498.025,4.340
498.050,3.879
498.075,8.232
498.100,3.336
498.125,4.251
498.150,2.358
498.175,6.090
498.200,3.487
498.225,4.169
498.250,5.705
498.275,2.810
498.300,5.222
498.325,2.116
498.350,8.302
498.375,3.799
498.400,5.772
498.425,5.738
498.450,4.187
498.475,3.745
498.500,7.548
498.525,3.553
498.550,6.094
498.575,5.845
498.600,6.980
498.625,4.248
498.650,4.578
498.675,3.164
498.700,3.735
498.725,6.415
498.750,4.274
498.775,5.388
498.800,5.020
498.825,4.775
498.850,3.519
498.875,3.336
498.900,5.721
498.925,5.385
498.950,3.849
498.975,6.246
499.000,4.952
499.025,7.191
499.050,5.478
499.075,5.115
499.100,3.893
499.125,2.074
499.150,1.977
499.175,2.652
499.200,6.947
499.225,5.396
499.250,3.488
499.275,7.522
499.300,4.301
499.325,4.276
499.350,8.073
499.375,5.305
499.400,3.893
499.425,5.463
499.450,4.016
499.475,3.857
499.500,2.458
499.525,4.720
499.550,3.429
499.575,2.729
499.600,4.812
499.625,3.517
499.650,2.774
499.675,5.293
499.700,6.601
499.725,3.279
499.750,3.482
499.775,4.537
499.800,2.647
499.825,5.142
499.850,1.635
499.875,3.740
499.900,6.254
499.925,5.482
499.950,6.948
499.975,6.534
500.000,5.025
500.025,6.522
500.050,3.965
500.075,4.210
500.100,4.511
500.125,4.170
500.150,6.927
500.175,2.619
500.200,4.290
500.225,2.618
500.250,1.962
500.275,4.023
500.300,2.808
500.325,6.024
500.350,5.072
500.375,2.897
500.400,8.602
500.425,5.781
500.450,3.539
500.475,6.841
500.500,4.384
500.525,5.879
500.550,5.819
500.575,5.590
500.600,7.218
500.625,3.398
500.650,3.453
500.675,3.905
500.700,4.146
500.725,4.160
500.750,4.857
500.775,3.239
500.800,3.892
500.825,4.602
500.850,3.290
500.875,4.118
500.900,4.231
500.925,7.345
500.950,6.372
500.975,3.184
501.000,5.338
501.025,3.007
501.050,3.081
501.075,4.838
501.100,5.641
501.125,5.202
501.150,6.796
501.175,3.496
501.200,3.448
501.225,5.846
501.250,3.610
501.275,4.741
501.300,7.681
501.325,6.300
501.350,5.311
501.375,3.582
501.400,4.856
501.425,4.717
501.450,5.269
501.475,5.426
501.500,4.562
501.525,3.791
501.550,6.096
501.575,4.876
501.600,5.158
501.625,6.053
501.650,6.027
501.675,4.657
501.700,4.277
501.725,3.879
501.750,6.618
501.775,4.290
501.800,5.717
501.825,5.300
501.850,7.415
501.875,5.661
501.900,6.530
501.925,3.698
501.950,2.448
501.975,6.864
502.000,6.205
502.025,6.241
502.050,2.924
502.075,2.513
502.100,8.102
502.125,9.775
502.150,6.311
502.175,4.718
502.200,7.692
502.225,5.064
502.250,7.112
502.275,6.114
502.300,5.120
502.325,5.162
502.350,4.849
502.375,2.235
502.400,4.960
502.425,4.152
502.450,9.658
502.475,4.389
502.500,2.158
502.525,2.430
502.550,5.145
502.575,4.290
502.600,2.276
502.625,6.296
502.650,5.116
502.675,7.222
502.700,2.956
502.725,4.167
502.750,2.920
502.775,4.808
502.800,4.901
502.825,8.259
502.850,3.858
502.875,5.624
502.900,3.554
502.925,4.356
502.950,6.161
502.975,3.519
503.000,6.805
503.025,4.437
503.050,3.452
503.075,2.994
503.100,5.233
503.125,2.434
503.150,4.019
503.175,4.787
503.200,4.909
503.225,6.901
503.250,5.797
503.275,6.194
503.300,5.245
503.325,4.839
503.350,3.871
503.375,5.223
503.400,4.162
503.425,6.761
503.450,3.463
503.475,3.266
503.500,7.433
503.525,5.784
503.550,4.312
503.575,3.215
503.600,4.588
503.625,5.085
503.650,4.394
503.675,3.101
503.700,5.657
503.725,6.116
503.750,5.102
503.775,10.238
503.800,4.723
503.825,4.715
503.850,5.543
503.875,5.369
503.900,5.662
503.925,4.495
503.950,3.933
503.975,4.993
504.000,5.145
504.025,6.385
504.050,6.295
504.075,7.091
504.100,4.941
504.125,2.661
504.150,2.627
504.175,6.509
504.200,7.037
504.225,2.669
504.250,5.366
504.275,4.515
504.300,6.846
504.325,5.270
504.350,3.456
504.375,3.588
504.400,6.521
504.425,4.856
504.450,3.779
504.475,3.146
504.500,4.357
504.525,4.276
504.550,4.851
504.575,4.953
504.600,3.856
504.625,7.060
504.650,9.657
504.675,3.207
504.700,4.791
504.725,4.996
504.750,3.499
504.775,2.848
504.800,2.445
504.825,8.902
504.850,6.032
504.875,3.555
504.900,4.526
504.925,4.749
504.950,1.987
504.975,2.542
505.000,2.893
505.025,3.187
505.050,3.436
505.075,6.593
505.100,5.054
505.125,8.591
505.150,4.724
505.175,3.886
505.200,3.365
505.225,4.738
505.250,2.232
505.275,5.348
505.300,3.067
505.325,4.230
505.350,4.133
505.375,4.940
505.400,2.503
505.425,1.175
505.450,6.287
505.475,3.694
505.500,2.660
505.525,4.217
505.550,3.213
505.575,5.683
505.600,3.176
505.625,6.420
505.650,2.916
505.675,6.291
505.700,5.828
505.725,5.006
505.750,2.301
505.775,5.020
505.800,3.412
505.825,3.056
505.850,7.116
505.875,4.059
505.900,3.256
505.925,4.742
505.950,4.689
505.975,6.047
506.000,4.204
506.025,3.878
506.050,4.703
506.075,2.353
506.100,4.684
506.125,6.318
506.150,2.828
506.175,4.113
506.200,3.275
506.225,3.422
506.250,3.392
506.275,4.101
506.300,4.957
506.325,4.719
506.350,6.222
506.375,4.911
506.400,4.364
506.425,5.664
506.450,6.054
506.475,6.106
506.500,4.002
506.525,2.485
506.550,8.154
506.575,2.080
506.600,7.044
506.625,5.926
506.650,5.878
506.675,5.772
506.700,3.599
506.725,3.826
506.750,2.995
506.775,6.305
506.800,3.557
506.825,5.488
506.850,3.522
506.875,5.096
506.900,3.515
506.925,3.545
506.950,5.762
506.975,4.479
507.000,1.500
507.025,3.415
507.050,7.995
507.075,5.471
507.100,5.571
507.125,4.107
507.150,5.045
507.175,5.755
507.200,5.044
507.225,6.203
507.250,4.876
507.275,7.228
507.300,5.210
507.325,4.249
507.350,5.696
507.375,6.142
507.400,3.019
507.425,4.206
507.450,5.240
507.475,7.644
507.500,3.820
507.525,8.605
507.550,5.891
507.575,4.168
507.600,4.854
507.625,3.605
507.650,3.901
507.675,3.711
507.700,4.648
507.725,4.025
507.750,3.485
507.775,7.765
507.800,5.994
507.825,3.574
507.850,6.184
507.875,7.810
507.900,1.747
507.925,6.323
507.950,5.987
507.975,3.750
508.000,4.039
508.025,2.096
508.050,3.553
508.075,4.365
508.100,8.177
508.125,6.371
508.150,5.190
508.175,5.161
508.200,4.769
508.225,3.684
508.250,6.066
508.275,5.449
508.300,8.413
508.325,3.327
508.350,9.144
508.375,7.341
508.400,3.610
508.425,4.209
508.450,4.769
508.475,4.278
508.500,5.929
508.525,5.197
508.550,6.099
508.575,5.480
508.600,4.865
508.625,4.065
508.650,2.745
508.675,4.930
508.700,2.156
508.725,2.696
508.750,4.935
508.775,4.428
508.800,3.505
508.825,3.452
508.850,6.163
508.875,7.225
508.900,7.818
508.925,5.423
508.950,5.741
508.975,5.174
509.000,6.900
509.025,6.440
509.050,7.676
509.075,5.782
509.100,4.707
509.125,3.681
509.150,7.675
509.175,6.005
509.200,5.110
509.225,3.741
509.250,3.679
509.275,3.543
509.300,5.438
509.325,4.141
509.350,6.449
509.375,2.855
509.400,5.959
509.425,3.946
509.450,4.779
509.475,10.547
509.500,5.574
509.525,3.984
509.550,3.724
509.575,9.157
509.600,3.367
509.625,5.269
509.650,2.494
509.675,4.452
509.700,5.504
509.725,4.405
509.750,4.548
509.775,5.587
509.800,4.991
509.825,5.370
509.850,4.764
509.875,5.947
509.900,1.768
509.925,4.064
509.950,1.505
509.975,4.009
510.000,2.008
510.025,5.540
510.050,5.837
510.075,2.310
510.100,3.778
510.125,5.891
510.150,3.905
510.175,2.635
510.200,4.130
510.225,6.387
510.250,3.371
510.275,3.351
510.300,5.333
510.325,3.570
510.350,4.621
510.375,2.801
510.400,3.250
510.425,8.739
510.450,8.552
510.475,3.791
510.500,5.576
510.525,4.024
510.550,3.335
510.575,5.411
510.600,4.420
510.625,5.262
510.650,2.519
510.675,3.362
510.700,11.605
510.725,3.671
510.750,6.003
510.775,3.506
510.800,4.065
510.825,3.379
510.850,5.730
510.875,2.941
510.900,5.664
510.925,6.937
510.950,3.459
510.975,5.645
511.000,9.732
511.025,6.227
511.050,9.256
511.075,8.173
511.100,4.697
511.125,7.179
511.150,7.768
511.175,4.496
511.200,4.389
511.225,5.974
511.250,4.683
511.275,7.644
511.300,6.029
511.325,4.419
511.350,7.380
511.375,5.082
511.400,4.872
511.425,4.486
511.450,5.195
511.475,4.449
511.500,5.650
511.525,2.722
511.550,3.169
511.575,5.006
511.600,7.366
511.625,2.899
511.650,5.679
511.675,6.112
511.700,7.275
511.725,4.953
511.750,4.247
511.775,4.868
511.800,12.390
511.825,8.843
511.850,8.737
511.875,9.088
511.900,3.597
511.925,6.418
511.950,5.572
511.975,7.777
512.000,4.876
512.025,8.366
512.050,2.594
512.075,7.368
512.100,3.987
512.125,5.746
512.150,4.454
512.175,4.121
512.200,8.108
512.225,6.640
512.250,4.338
512.275,6.867
512.300,9.736
512.325,5.299
512.350,7.465
512.375,5.862
512.400,5.957
512.425,5.035
512.450,6.923
512.475,5.021
512.500,3.930
512.525,7.353
512.550,6.555
512.575,6.500
512.600,7.805
512.625,5.170
512.650,12.158
512.675,6.428
512.700,8.376
512.725,9.996
512.750,3.268
512.775,7.804
512.800,4.914
512.825,11.208
512.850,12.006
512.875,3.363
512.900,4.928
512.925,8.901
512.950,5.961
512.975,4.919
513.000,6.351
513.025,3.737
513.050,4.227
513.075,6.412
513.100,7.466
513.125,5.541
513.150,16.505
513.175,7.413
513.200,9.325
513.225,7.701
513.250,15.424
513.275,13.373
513.300,13.105
513.325,7.151
513.350,6.425
513.375,7.465
513.400,12.397
513.425,8.764
513.450,8.937
513.475,5.424
513.500,8.790
513.525,9.258
513.550,7.133
513.575,12.567
513.600,3.997
513.625,5.589
513.650,7.984
513.675,5.902
513.700,5.281
513.725,11.337
513.750,6.637
513.775,10.541
513.800,6.767
513.825,7.960
513.850,3.851
513.875,4.214
513.900,3.946
513.925,7.612
513.950,4.913
513.975,9.909
514.000,4.331
514.025,4.035
514.050,5.674
514.075,10.671
514.100,7.869
514.125,3.439
514.150,4.972
514.175,3.324
514.200,5.326
514.225,3.208
514.250,5.062
514.275,4.328
514.300,5.108
514.325,3.284
514.350,1.538
514.375,1.196
514.400,6.942
514.425,3.286
514.450,3.443
514.475,5.577
514.500,8.345
514.525,5.658
514.550,7.900
514.575,5.850
514.600,5.519
514.625,6.682
514.650,4.013
514.675,7.834
514.700,10.387
514.725,4.323
514.750,5.327
514.775,5.347
514.800,2.406
514.825,4.295
514.850,3.502
514.875,8.673
514.900,11.046
514.925,6.942
514.950,7.552
514.975,2.990
515.000,5.993
515.025,3.130
515.050,6.764
515.075,3.742
515.100,2.132
515.125,5.674
515.150,5.535
515.175,3.241
515.200,8.047
515.225,4.646
515.250,4.691
515.275,7.322
515.300,5.543
515.325,7.420
515.350,4.564
515.375,5.562
515.400,6.461
515.425,4.301
515.450,6.571
515.475,5.825
515.500,7.671
515.525,12.469
515.550,6.047
515.575,5.414
515.600,3.457
515.625,5.604
515.650,4.137
515.675,4.139
515.700,4.603
515.725,6.383
515.750,3.858
515.775,4.376
515.800,5.881
515.825,2.121
515.850,6.109
515.875,4.662
515.900,3.085
515.925,5.921
515.950,4.017
515.975,5.350
516.000,4.121
516.025,6.945
516.050,5.423
516.075,6.912
516.100,7.573
516.125,10.845
516.150,4.395
516.175,3.208
516.200,1.945
516.225,3.821
516.250,8.064
516.275,6.033
516.300,5.255
516.325,1.516
516.350,6.261
516.375,5.848
516.400,4.286
516.425,2.306
516.450,7.135
516.475,4.228
516.500,3.545
516.525,2.953
516.550,7.779
516.575,3.240
516.600,6.745
516.625,2.485
516.650,4.713
516.675,9.520
516.700,5.222
516.725,4.941
516.750,3.283
516.775,7.458
516.800,4.792
516.825,8.878
516.850,3.731
516.875,5.326
516.900,4.446
516.925,6.239
516.950,4.689
516.975,6.388
517.000,3.621
517.025,3.609
517.050,2.679
517.075,2.665
517.100,2.080
517.125,5.727
517.150,8.800
517.175,2.891
517.200,2.786
517.225,2.842
517.250,3.918
517.275,6.179
517.300,1.700
517.325,5.205
517.350,8.303
517.375,1.959
517.400,3.981
517.425,4.230
517.450,4.498
517.475,5.338
517.500,7.507
517.525,3.957
517.550,3.100
517.575,8.289
517.600,4.588
517.625,5.112
517.650,11.147
517.675,5.425
517.700,6.198
517.725,6.171
517.750,2.778
517.775,4.423
517.800,2.132
517.825,5.642
517.850,5.954
517.875,5.378
517.900,3.580
517.925,4.318
517.950,5.502
517.975,4.613
518.000,4.599
518.025,5.847
518.050,5.052
518.075,5.537
518.100,2.667
518.125,6.244
518.150,4.757
518.175,2.811
518.200,2.865
518.225,5.259
518.250,3.123
518.275,2.179
518.300,3.289
518.325,4.244
518.350,6.129
518.375,4.361
518.400,5.358
518.425,4.812
518.450,2.371
518.475,6.279
518.500,8.082
518.525,3.717
518.550,7.049
518.575,3.864
518.600,4.912
518.625,4.560
518.650,6.394
518.675,4.112
518.700,5.962
518.725,5.256
518.750,3.370
518.775,3.877
518.800,3.660
518.825,4.058
518.850,4.037
518.875,4.439
518.900,7.291
518.925,5.937
518.950,5.561
518.975,3.819
519.000,4.290
519.025,3.388
519.050,6.953
519.075,3.303
519.100,5.782
519.125,3.747
519.150,6.328
519.175,5.721
519.200,6.111
519.225,3.971
519.250,3.291
519.275,4.306
519.300,3.711
519.325,7.119
519.350,4.291
519.375,7.070
519.400,4.181
519.425,3.448
519.450,5.829
519.475,8.091
519.500,8.171
519.525,8.580
519.550,6.520
519.575,6.369
519.600,6.916
519.625,5.754
519.650,6.359
519.675,5.750
519.700,9.788
519.725,10.644
519.750,5.247
519.775,6.616
519.800,8.791
519.825,5.223
519.850,2.955
519.875,3.464
519.900,3.467
519.925,1.694
519.950,4.763
519.975,6.090
520.000,3.448
520.025,6.211
520.050,2.933
520.075,6.684
520.100,6.800
520.125,6.817
520.150,3.327
520.175,4.396
520.200,3.076
520.225,2.471
520.250,4.928
520.275,5.231
520.300,3.714
520.325,4.916
520.350,5.819
520.375,1.557
520.400,2.751
520.425,2.551
520.450,3.608
520.475,4.298
520.500,4.487
520.525,5.563
520.550,5.355
520.575,3.976
520.600,5.680
520.625,4.793
520.650,4.016
520.675,2.943
520.700,4.215
520.725,4.236
520.750,9.152
520.775,4.948
520.800,5.917
520.825,5.727
520.850,4.178
520.875,6.616
520.900,6.027
520.925,7.657
520.950,4.732
520.975,7.252
521.000,3.920
521.025,3.785
521.050,3.039
521.075,6.254
521.100,6.149
521.125,3.478
521.150,5.513
521.175,4.590
521.200,2.476
521.225,4.756
521.250,5.353
521.275,4.807
521.300,6.059
521.325,3.548
521.350,5.124
521.375,6.088
521.400,6.146
521.425,6.255
521.450,3.257
521.475,4.073
521.500,2.370
521.525,9.452
521.550,4.700
521.575,5.340
521.600,4.081
521.625,5.120
521.650,4.352
521.675,8.361
521.700,5.964
521.725,3.920
521.750,2.809
521.775,4.834
521.800,3.912
521.825,5.215
521.850,5.010
521.875,2.115
521.900,5.333
521.925,4.326
521.950,4.487
521.975,8.255
522.000,7.311
522.025,4.542
522.050,4.113
522.075,5.974
522.100,5.405
522.125,5.049
522.150,6.319
522.175,6.809
522.200,3.067
522.225,5.615
522.250,4.446
522.275,4.519
522.300,3.874
522.325,6.264
522.350,2.770
522.375,4.759
522.400,5.301
522.425,3.750
522.450,7.217
522.475,5.836
522.500,6.845
522.525,5.608
522.550,4.285
522.575,3.091
522.600,3.099
522.625,5.466
522.650,4.752
522.675,7.230
522.700,6.351
522.725,4.206
522.750,5.783
522.775,3.593
522.800,3.124
522.825,3.944
522.850,4.311
522.875,3.548
522.900,3.776
522.925,3.924
522.950,7.092
522.975,6.599
523.000,5.406
523.025,7.250
523.050,5.948
523.075,8.195
523.100,8.693
523.125,6.889
523.150,4.095
523.175,6.384
523.200,8.707
523.225,5.482
523.250,11.791
523.275,10.201
523.300,5.799
523.325,8.406
523.350,6.595
523.375,4.793
523.400,12.392
523.425,12.858
523.450,9.520
523.475,16.568
523.500,15.674
523.525,14.727
523.550,16.887
523.575,18.417
523.600,13.120
523.625,7.872
523.650,16.948
523.675,8.235
523.700,4.442
523.725,6.991
523.750,4.323
523.775,7.371
523.800,6.806
523.825,7.359
523.850,5.535
523.875,6.085
523.900,5.854
523.925,6.766
523.950,3.523
523.975,2.962
524.000,3.050
524.025,4.197
524.050,4.748
524.075,6.695
524.100,5.744
524.125,4.280
524.150,4.904
524.175,6.062
524.200,3.156
524.225,3.658
524.250,3.164
524.275,2.617
524.300,8.464
524.325,5.041
524.350,5.613
524.375,5.672
524.400,4.405
524.425,4.563
524.450,4.702
524.475,5.397
524.500,4.826
524.525,3.168
524.550,7.443
524.575,4.309
524.600,3.533
524.625,6.865
524.650,5.009
524.675,3.844
524.700,6.785
524.725,2.881
524.750,4.464
524.775,5.406
524.800,3.022
524.825,4.545
524.850,6.134
524.875,5.109
524.900,8.207
524.925,9.018
524.950,3.801
524.975,8.278
525.000,2.748
525.025,3.915
525.050,5.817
525.075,5.603
525.100,6.063
525.125,4.684
525.150,7.166
525.175,3.036
525.200,3.596
525.225,5.815
525.250,7.370
525.275,3.595
525.300,5.602
525.325,5.812
525.350,7.611
525.375,5.029
525.400,7.154
525.425,4.287
525.450,4.033
525.475,7.189
525.500,3.455
525.525,3.171
525.550,5.488
525.575,3.885
525.600,3.061
525.625,2.777
525.650,3.203
525.675,5.967
525.700,2.698
525.725,3.134
525.750,4.468
525.775,4.930
525.800,3.474
525.825,4.637
525.850,3.911
525.875,2.597
525.900,3.438
525.925,5.604
525.950,5.761
525.975,4.244
526.000,8.244
526.025,4.256
526.050,4.868
526.075,2.928
526.100,6.331
526.125,2.214
526.150,3.232
526.175,3.823
526.200,2.925
526.225,4.223
526.250,6.973
526.275,4.550
526.300,5.906
526.325,5.198
526.350,5.949
526.375,5.630
526.400,4.444
526.425,3.727
526.450,5.037
526.475,3.806
526.500,3.574
526.525,5.473
526.550,2.862
526.575,4.174
526.600,6.456
526.625,6.013
526.650,3.738
526.675,4.310
526.700,5.788
526.725,6.700
526.750,7.273
526.775,3.152
526.800,2.631
526.825,4.247
526.850,5.944
526.875,5.888
526.900,4.175
526.925,6.868
526.950,5.767
526.975,6.995
527.000,4.824
527.025,3.853
527.050,6.525
527.075,5.277
527.100,7.219
527.125,6.666
527.150,5.129
527.175,6.105
527.200,7.502
527.225,7.499
527.250,6.402
527.275,5.575
527.300,4.952
527.325,4.248
527.350,4.525
527.375,4.697
527.400,5.677
527.425,5.765
527.450,6.650
527.475,7.674
527.500,5.736
527.525,6.566
527.550,5.328
527.575,5.184
527.600,4.714
527.625,3.849
527.650,3.273
527.675,5.775
527.700,3.595
527.725,4.653
527.750,4.551
527.775,3.478
527.800,2.806
527.825,5.162
527.850,6.030
527.875,7.938
527.900,5.371
527.925,7.686
527.950,5.323
527.975,2.994
528.000,4.078
528.025,6.815
528.050,4.250
528.075,4.915
528.100,3.627
528.125,8.474
528.150,6.278
528.175,4.047
528.200,3.624
528.225,6.140
528.250,2.346
528.275,9.206
528.300,5.153
528.325,6.751
528.350,4.362
528.375,5.164
528.400,4.893
528.425,4.469
528.450,4.679
528.475,3.438
528.500,8.198
528.525,5.597
528.550,5.073
528.575,5.359
528.600,3.630
528.625,5.950
528.650,2.816
528.675,3.995
528.700,4.982
528.725,3.433
528.750,5.788
528.775,5.554
528.800,6.489
528.825,7.084
528.850,5.591
528.875,4.340
528.900,4.962
528.925,4.679
528.950,4.912
528.975,3.901
529.000,6.537
529.025,3.541
529.050,3.579
529.075,6.476
529.100,6.177
529.125,8.072
529.150,5.710
529.175,4.096
529.200,4.348
529.225,9.635
529.250,4.228
529.275,5.399
529.300,7.224
529.325,5.078
529.350,5.394
529.375,5.274
529.400,5.070
529.425,4.602
529.450,5.356
529.475,6.887
529.500,2.594
529.525,7.589
529.550,5.754
529.575,2.736
529.600,4.895
529.625,11.655
529.650,5.079
529.675,5.059
529.700,5.503
529.725,5.072
529.750,3.477
529.775,5.311
529.800,3.740
529.825,7.901
529.850,5.568
529.875,5.482
529.900,6.581
529.925,4.925
529.950,8.613
529.975,8.813
530.000,3.297
530.025,3.518
530.050,2.665
530.075,6.860
530.100,3.915
530.125,4.098
530.150,7.122
530.175,6.007
530.200,4.010
530.225,7.865
530.250,8.736
530.275,12.546
530.300,7.863
530.325,5.774
530.350,19.421
530.375,11.159
530.400,11.961
530.425,20.051
530.450,10.221
530.475,11.849
530.500,12.306
530.525,11.653
530.550,9.141
530.575,9.156
530.600,7.531
530.625,3.578
530.650,6.820
530.675,8.858
530.700,5.998
530.725,6.554
530.750,7.340
530.775,3.944
530.800,6.282
530.825,3.208
530.850,4.791
530.875,4.997
530.900,6.760
530.925,2.210
530.950,5.797
530.975,6.045
531.000,5.319
531.025,4.338
531.050,6.748
531.075,4.335
531.100,4.358
531.125,8.950
531.150,3.832
531.175,7.072
531.200,4.987
531.225,3.526
531.250,3.640
531.275,2.154
531.300,2.780
531.325,3.767
531.350,3.767
531.375,5.590
531.400,5.550
531.425,4.872
531.450,5.399
531.475,3.323
531.500,2.512
531.525,4.712
531.550,7.283
531.575,8.831
531.600,2.701
531.625,7.026
531.650,3.788
531.675,5.125
531.700,4.670
531.725,3.716
531.750,5.070
531.775,3.561
531.800,5.551
531.825,3.881
531.850,3.820
531.875,5.197
531.900,3.123
531.925,3.083
531.950,6.573
531.975,3.825
532.000,6.462
532.025,8.057
532.050,6.571
532.075,6.208
532.100,6.721
532.125,5.944
532.150,5.713
532.175,5.030
532.200,5.901
532.225,7.500
532.250,4.087
532.275,4.635
532.300,5.501
532.325,3.248
532.350,4.627
532.375,3.724
532.400,7.864
532.425,5.776
532.450,3.558
532.475,3.425
532.500,4.547
532.525,3.659
532.550,3.093
532.575,4.305
532.600,5.600
532.625,6.474
532.650,5.552
532.675,6.120
532.700,6.093
532.725,5.972
532.750,6.540
532.775,5.175
532.800,4.438
532.825,5.550
532.850,4.233
532.875,3.920
532.900,6.160
532.925,5.889
532.950,3.925
532.975,3.413
533.000,5.688
533.025,2.900
533.050,5.077
533.075,5.669
533.100,1.533
533.125,2.728
533.150,2.611
533.175,3.167
533.200,6.760
533.225,3.019
533.250,4.018
533.275,4.545
533.300,4.967
533.325,5.443
533.350,5.377
533.375,6.446
533.400,6.023
533.425,4.916
533.450,5.781
533.475,4.950
533.500,6.669
533.525,6.986
533.550,6.706
533.575,9.722
533.600,4.704
533.625,3.672
533.650,5.959
533.675,6.586
533.700,3.004
533.725,4.140
533.750,3.201
533.775,5.015
533.800,3.045
533.825,3.653
533.850,4.864
533.875,2.982
533.900,5.255
533.925,6.751
533.950,4.996
533.975,4.537
534.000,3.701
534.025,1.948
534.050,5.983
534.075,5.009
534.100,6.193
534.125,4.153
534.150,8.009
534.175,4.719
534.200,6.154
534.225,4.937
534.250,4.699
534.275,2.743
534.300,3.923
534.325,4.018
534.350,4.050
534.375,3.920
534.400,4.093
534.425,7.781
534.450,6.960
534.475,5.558
534.500,15.056
534.525,17.816
534.550,4.953
534.575,14.400
534.600,7.277
534.625,8.461
534.650,8.431
534.675,8.957
534.700,7.910
534.725,5.167
534.750,10.731
534.775,7.591
534.800,5.371
534.825,4.360
534.850,4.430
534.875,2.721
534.900,5.825
534.925,3.901
534.950,5.474
534.975,4.144
535.000,6.422
535.025,4.316
535.050,5.674
535.075,4.045
535.100,5.310
535.125,4.354
535.150,3.776
535.175,4.195
535.200,5.404
535.225,6.043
535.250,8.110
535.275,3.455
535.300,4.767
535.325,8.738
535.350,2.700
535.375,9.022
535.400,4.376
535.425,6.154
535.450,3.982
535.475,7.554
535.500,5.426
535.525,3.357
535.550,4.112
535.575,4.484
535.600,2.178
535.625,8.512
535.650,4.543
535.675,3.406
535.700,2.243
535.725,3.061
535.750,7.663
535.775,4.991
535.800,3.462
535.825,5.874
535.850,5.029
535.875,5.266
535.900,4.666
535.925,4.174
535.950,5.927
535.975,5.570
536.000,6.146
536.025,5.445
536.050,9.036
536.075,4.947
536.100,4.573
536.125,4.690
536.150,6.613
536.175,3.188
536.200,5.043
536.225,4.459
536.250,2.660
536.275,5.076
536.300,8.636
536.325,4.644
536.350,4.165
536.375,4.153
536.400,3.359
536.425,4.104
536.450,1.830
536.475,4.683
536.500,3.798
536.525,8.224
536.550,6.087
536.575,5.656
536.600,7.621
536.625,4.361
536.650,4.644
536.675,5.416
536.700,3.474
536.725,3.345
536.750,5.163
536.775,3.820
536.800,6.442
536.825,2.287
536.850,5.496
536.875,3.707
536.900,4.308
536.925,2.957
536.950,5.056
536.975,6.778
537.000,5.567
537.025,4.391
537.050,4.142
537.075,4.750
537.100,3.498
537.125,11.807
537.150,6.308
537.175,9.913
537.200,4.453
537.225,4.501
537.250,5.110
537.275,3.133
537.300,5.149
537.325,5.101
537.350,4.123
537.375,3.717
537.400,2.604
537.425,3.935
537.450,3.385
537.475,4.106
537.500,3.273
537.525,3.092
537.550,3.730
537.575,5.615
537.600,4.863
537.625,2.792
537.650,4.040
537.675,4.526
537.700,6.870
537.725,8.130
537.750,4.058
537.775,5.695
537.800,7.503
537.825,6.418
537.850,5.650
537.875,6.941
537.900,3.732
537.925,3.760
537.950,3.649
537.975,2.626
538.000,7.134
538.025,6.516
538.050,5.073
538.075,8.763
538.100,5.612
538.125,2.742
538.150,3.819
538.175,3.836
538.200,2.899
538.225,5.465
538.250,6.655
538.275,2.813
538.300,4.417
538.325,9.611
538.350,3.480
538.375,2.724
538.400,3.844
538.425,3.036
538.450,5.735
538.475,6.973
538.500,3.518
538.525,5.515
538.550,4.959
538.575,7.569
538.600,3.770
538.625,2.948
538.650,7.231
538.675,3.040
538.700,3.328
538.725,5.924
538.750,4.510
538.775,5.437
538.800,4.112
538.825,14.551
538.850,15.060
538.875,6.558
538.900,5.927
538.925,1.332
538.950,17.129
538.975,13.495
539.000,5.265
539.025,18.092
539.050,13.708
539.075,3.922
539.100,8.950
539.125,12.555
539.150,3.317
539.175,2.523
539.200,5.796
539.225,5.836
539.250,7.480
539.275,3.669
539.300,4.843
539.325,3.432
539.350,2.061
539.375,3.589
539.400,3.931
539.425,4.459
539.450,3.142
539.475,4.549
539.500,7.239
539.525,3.955
539.550,2.769
539.575,7.812
539.600,2.542
539.625,5.306
539.650,3.483
539.675,3.720
539.700,4.794
539.725,3.503
539.750,3.344
539.775,4.702
539.800,3.751
539.825,2.303
539.850,2.243
539.875,2.419
539.900,4.455
539.925,5.419
539.950,5.379
539.975,5.625
540.000,4.977
540.025,6.426
540.050,7.505
540.075,4.109
540.100,4.861
540.125,5.217
540.150,5.253
540.175,3.732
540.200,5.394
540.225,5.712
540.250,2.751
540.275,3.438
540.300,9.395
540.325,4.732
540.350,5.246
540.375,5.385
540.400,4.387
540.425,4.222
540.450,5.244
540.475,4.736
540.500,4.746
540.525,9.164
540.550,3.775
540.575,6.672
540.600,6.627
540.625,4.661
540.650,6.193
540.675,6.015
540.700,5.363
540.725,7.810
540.750,5.254
540.775,8.017
540.800,7.578
540.825,5.477
540.850,3.687
540.875,7.113
540.900,3.131
540.925,6.080
540.950,3.160
540.975,3.081
541.000,2.036
541.025,4.973
541.050,3.327
541.075,2.898
541.100,3.228
541.125,5.529
541.150,4.494
541.175,3.811
541.200,3.809
541.225,3.520
541.250,4.754
541.275,3.389
541.300,4.564
541.325,3.472
541.350,3.805
541.375,8.635
541.400,2.614
541.425,4.795
541.450,5.966
541.475,5.794
541.500,4.821
541.525,3.130
541.550,5.535
541.575,5.137
541.600,3.829
541.625,5.234
541.650,4.584
541.675,5.182
541.700,3.500
541.725,3.648
541.750,6.681
541.775,6.593
541.800,4.191
541.825,3.043
541.850,3.130
541.875,2.665
541.900,3.808
541.925,4.422
541.950,12.904
541.975,9.070
542.000,9.502
542.025,4.660
542.050,6.655
542.075,4.137
542.100,5.683
542.125,4.890
542.150,6.345
542.175,2.656
542.200,4.631
542.225,2.173
542.250,4.616
542.275,3.810
542.300,4.029
542.325,7.789
542.350,7.811
542.375,6.974
542.400,5.042
542.425,7.454
542.450,7.147
542.475,6.123
542.500,7.007
542.525,4.186
542.550,3.157
542.575,2.946
542.600,2.500
542.625,4.375
542.650,4.923
542.675,8.568
542.700,3.067
542.725,5.618
542.750,3.637
542.775,1.870
542.800,2.986
542.825,3.030
542.850,4.183
542.875,5.474
542.900,9.381
542.925,5.212
542.950,6.016
542.975,4.731
543.000,5.808
543.025,5.728
543.050,2.215
543.075,6.238
543.100,8.793
543.125,4.398
543.150,3.100
543.175,7.520
543.200,6.902
543.225,7.163
543.250,9.143
543.275,4.798
543.300,7.740
543.325,7.382
543.350,6.076
543.375,6.191
543.400,5.344
543.425,5.420
543.450,4.893
543.475,8.034
543.500,6.947
543.525,13.180
543.550,5.068
543.575,5.477
543.600,4.480
543.625,8.682
543.650,3.316
543.675,8.257
543.700,2.655
543.725,4.363
543.750,7.784
543.775,5.398
543.800,10.540
543.825,3.970
543.850,8.186
543.875,8.333
543.900,7.272
543.925,10.714
543.950,11.244
543.975,5.363
544.000,6.303
544.025,7.735
544.050,11.180
544.075,10.736
544.100,6.918
544.125,7.512
544.150,5.296
544.175,9.062
544.200,8.016
544.225,7.906
544.250,4.809
544.275,4.702
544.300,7.985
544.325,9.673
544.350,6.305
544.375,11.648
544.400,7.909
544.425,7.790
544.450,6.067
544.475,7.864
544.500,2.573
544.525,2.689
544.550,4.272
544.575,8.783
544.600,11.239
544.625,12.423
544.650,11.354
544.675,8.965
544.700,2.910
544.725,7.594
544.750,6.415
544.775,9.584
544.800,13.872
544.825,4.123
544.850,5.433
544.875,6.438
544.900,11.054
544.925,6.137
544.950,6.862
544.975,9.721
545.000,9.016
545.025,6.279
545.050,7.130
545.075,5.988
545.100,6.686
545.125,4.059
545.150,4.238
545.175,7.574
545.200,6.304
545.225,8.209
545.250,7.021
545.275,10.531
545.300,4.833
545.325,4.531
545.350,4.848
545.375,6.666
545.400,10.677
545.425,6.256
545.450,13.284
545.475,6.497
545.500,7.827
545.525,7.410
545.550,13.910
545.575,2.545
545.600,9.392
545.625,8.354
545.650,8.346
545.675,10.409
545.700,6.346
545.725,8.779
545.750,6.740
545.775,5.359
545.800,8.241
545.825,6.782
545.850,2.266
545.875,4.606
545.900,4.276
545.925,4.896
545.950,4.965
545.975,1.817
546.000,4.876
546.025,4.449
546.050,5.351
546.075,7.107
546.100,4.981
546.125,6.535
546.150,7.797
546.175,6.085
546.200,5.700
546.225,7.977
546.250,8.147
546.275,4.169
546.300,6.198
546.325,2.770
546.350,4.984
546.375,5.021
546.400,6.788
546.425,8.358
546.450,6.000
546.475,6.111
546.500,4.262
546.525,6.862
546.550,7.124
546.575,6.441
546.600,8.372
546.625,13.002
546.650,4.332
546.675,2.761
546.700,8.034
546.725,7.530
546.750,6.255
546.775,5.299
546.800,9.587
546.825,7.317
546.850,4.375
546.875,11.058
546.900,8.151
546.925,4.416
546.950,6.420
546.975,11.358
547.000,5.497
547.025,11.833
547.050,6.656
547.075,8.612
547.100,16.225
547.125,8.940
547.150,11.235
547.175,9.261
547.200,6.382
547.225,7.486
547.250,13.072
547.275,6.466
547.300,17.029
547.325,14.879
547.350,12.431
547.375,17.891
547.400,16.996
547.425,14.458
547.450,18.244
547.475,24.327
547.500,23.675
547.525,27.059
547.550,21.891
547.575,26.384
547.600,16.045
547.625,22.192
547.650,20.887
547.675,15.646
547.700,14.301
547.725,9.965
547.750,14.058
547.775,11.335
547.800,7.193
547.825,7.344
547.850,4.708
547.875,6.005
547.900,6.078
547.925,8.100
547.950,6.113
547.975,8.616
548.000,13.595
548.025,7.873
548.050,8.817
548.075,11.140
548.100,8.085
548.125,4.858
548.150,8.489
548.175,6.894
548.200,8.744
548.225,7.330
548.250,3.908
548.275,5.662
548.300,8.069
548.325,6.798
548.350,4.371
548.375,4.566
548.400,9.311
548.425,8.174
548.450,6.090
548.475,5.587
548.500,6.285
548.525,7.183
548.550,4.275
548.575,14.493
548.600,13.931
548.625,3.395
548.650,5.679
548.675,6.523
548.700,3.097
548.725,4.424
548.750,7.856
548.775,4.824
548.800,8.043
548.825,7.358
548.850,4.962
548.875,6.514
548.900,7.056
548.925,5.562
548.950,4.451
548.975,11.283
549.000,10.747
549.025,13.442
549.050,11.060
549.075,14.809
549.100,6.995
549.125,14.127
549.150,9.093
549.175,14.116
549.200,6.670
549.225,11.358
549.250,13.722
549.275,16.928
549.300,17.418
549.325,17.220
549.350,23.739
549.375,26.653
549.400,29.887
549.425,3.668
549.450,4.720
549.475,6.269
549.500,7.356
549.525,6.685
549.550,9.941
549.575,14.346
549.600,13.986
549.625,12.752
549.650,9.572
549.675,9.917
549.700,11.996
549.725,2.714
549.750,6.196
549.775,6.220
549.800,5.283
549.825,7.717
549.850,5.792
549.875,6.527
549.900,4.903
549.925,3.835
549.950,8.468
549.975,9.737
550.000,10.033
550.025,4.160
550.050,8.881
550.075,2.795
550.100,2.053
550.125,4.593
550.150,4.449
550.175,7.502
550.200,8.062
550.225,5.153
550.250,11.721
550.275,5.516
550.300,5.271
550.325,4.988
550.350,9.183
550.375,6.069
550.400,6.414
550.425,7.957
550.450,6.898
550.475,4.042
550.500,8.101
550.525,9.349
550.550,4.956
550.575,5.341
550.600,5.638
550.625,5.345
550.650,8.000
550.675,5.401
550.700,3.122
550.725,2.899
550.750,3.518
550.775,3.821
550.800,5.770
550.825,3.323
550.850,5.442
550.875,7.690
550.900,7.552
550.925,6.490
550.950,4.070
550.975,7.085
551.000,13.773
551.025,9.401
551.050,6.947
551.075,4.983
551.100,7.234
551.125,5.367
551.150,5.702
551.175,5.625
551.200,9.394
551.225,4.811
551.250,8.573
551.275,5.239
551.300,5.301
551.325,3.729
551.350,3.473
551.375,6.274
551.400,11.999
551.425,11.659
551.450,4.783
551.475,18.206
551.500,19.173
551.525,17.815
551.550,11.049
551.575,16.909
551.600,12.578
551.625,14.230
551.650,12.075
551.675,7.397
551.700,7.508
551.725,5.528
551.750,8.193
551.775,7.590
551.800,10.968
551.825,7.281
551.850,7.710
551.875,7.490
551.900,6.203
551.925,8.384
551.950,9.089
551.975,7.574
552.000,6.794
552.025,4.376
552.050,4.353
552.075,6.695
552.100,5.882
552.125,8.145
552.150,5.019
552.175,6.866
552.200,4.050
552.225,2.523
552.250,9.180
552.275,5.698
552.300,7.031
552.325,3.975
552.350,5.521
552.375,7.039
552.400,5.262
552.425,3.982
552.450,8.079
552.475,3.891
552.500,5.251
552.525,5.060
552.550,4.745
552.575,7.972
552.600,7.802
552.625,6.653
552.650,6.517
552.675,9.908
552.700,5.973
552.725,4.994
552.750,5.275
552.775,3.879
552.800,5.064
552.825,5.090
552.850,9.518
552.875,9.034
552.900,13.881
552.925,5.882
552.950,4.056
552.975,3.124
553.000,3.408
553.025,6.072
553.050,9.890
553.075,8.835
553.100,8.522
553.125,3.707
553.150,4.621
553.175,9.406
553.200,8.632
553.225,11.421
553.250,8.232
553.275,9.144
553.300,9.852
553.325,6.314
553.350,5.619
553.375,5.887
553.400,9.182
553.425,11.490
553.450,9.864
553.475,9.037
553.500,13.099
553.525,13.970
553.550,9.586
553.575,9.065
553.600,10.381
553.625,5.895
553.650,4.945
553.675,8.275
553.700,8.685
553.725,9.151
553.750,15.432
553.775,14.007
553.800,9.557
553.825,12.373
553.850,7.971
553.875,7.953
553.900,7.068
553.925,15.306
553.950,7.034
553.975,9.722
554.000,12.521
554.025,10.077
554.050,9.477
554.075,15.095
554.100,12.064
554.125,15.180
554.150,12.425
554.175,12.544
554.200,18.788
554.225,20.590
554.250,18.371
554.275,20.929
554.300,18.920
554.325,23.370
554.350,19.859
554.375,8.908
554.400,15.322
554.425,16.865
554.450,20.844
554.475,15.359
554.500,16.837
554.525,16.902
554.550,14.507
554.575,17.460
554.600,15.620
554.625,8.736
554.650,13.552
554.675,11.980
554.700,4.554
554.725,10.259
554.750,10.463
554.775,9.565
554.800,8.267
554.825,8.320
554.850,8.860
554.875,16.200
554.900,10.279
554.925,9.792
554.950,11.269
554.975,9.174
555.000,6.370
555.025,4.155
555.050,7.425
555.075,6.864
555.100,12.552
555.125,8.446
555.150,9.539
555.175,8.860
555.200,7.115
555.225,9.898
555.250,9.217
555.275,9.353
555.300,4.528
555.325,5.281
555.350,5.613
555.375,2.591
555.400,8.950
555.425,3.906
555.450,5.228
555.475,8.104
555.500,5.265
555.525,5.920
555.550,5.116
555.575,4.408
555.600,6.354
555.625,5.471
555.650,5.915
555.675,5.946
555.700,4.635
555.725,6.742
555.750,7.000
555.775,6.705
555.800,2.853
555.825,9.782
555.850,5.730
555.875,5.489
555.900,3.327
555.925,5.012
555.950,7.645
555.975,4.174
556.000,5.578
556.025,4.520
556.050,4.795
556.075,4.335
556.100,3.639
556.125,3.545
556.150,2.940
556.175,5.119
556.200,4.893
556.225,7.051
556.250,4.371
556.275,6.593
556.300,7.301
556.325,5.035
556.350,3.106
556.375,4.967
556.400,5.111
556.425,6.376
556.450,5.482
556.475,5.853
556.500,11.503
556.525,5.937
556.550,5.825
556.575,6.094
556.600,5.094
556.625,8.146
556.650,5.210
556.675,4.941
556.700,2.317
556.725,7.139
556.750,4.539
556.775,2.992
556.800,6.391
556.825,3.890
556.850,7.025
556.875,7.719
556.900,6.550
556.925,3.065
556.950,3.141
556.975,7.486
557.000,9.884
557.025,3.485
557.050,4.953
557.075,4.795
557.100,4.304
557.125,3.581
557.150,2.348
557.175,2.190
557.200,2.846
557.225,2.641
557.250,2.554
557.275,3.993
557.300,4.541
557.325,6.881
557.350,4.853
557.375,7.043
557.400,4.112
557.425,7.799
557.450,3.130
557.475,7.286
557.500,5.450
557.525,3.246
557.550,5.292
557.575,7.632
557.600,7.151
557.625,7.451
557.650,7.624
557.675,5.278
557.700,6.679
557.725,4.992
557.750,3.465
557.775,4.250
557.800,5.572
557.825,8.851
557.850,4.723
557.875,5.933
557.900,7.370
557.925,2.640
557.950,6.718
557.975,7.509
558.000,4.974
558.025,4.571
558.050,7.231
558.075,3.185
558.100,5.170
558.125,3.870
558.150,4.999
558.175,12.268
558.200,14.403
558.225,8.204
558.250,8.575
558.275,6.576
558.300,8.103
558.325,5.969
558.350,3.738
558.375,7.072
558.400,5.000
558.425,3.220
558.450,4.359
558.475,3.385
558.500,5.107
558.525,5.373
558.550,4.616
558.575,2.955
558.600,5.673
558.625,6.048
558.650,5.622
558.675,4.077
558.700,7.871
558.725,5.048
558.750,4.787
558.775,10.409
558.800,10.829
558.825,3.492
558.850,9.250
558.875,4.619
558.900,3.854
558.925,4.573
558.950,5.126
558.975,7.038
559.000,4.292
559.025,5.047
559.050,4.277
559.075,2.862
559.100,4.602
559.125,5.968
559.150,4.387
559.175,1.366
559.200,4.639
559.225,2.462
559.250,3.508
559.275,7.333
559.300,3.014
559.325,3.468
559.350,4.871
559.375,10.853
559.400,3.600
559.425,10.363
559.450,5.584
559.475,5.273
559.500,1.293
559.525,5.592
559.550,5.414
559.575,4.639
559.600,5.437
559.625,3.410
559.650,3.087
559.675,4.626
559.700,5.994
559.725,5.636
559.750,2.567
559.775,5.171
559.800,5.986
559.825,8.010
559.850,2.922
559.875,2.375
559.900,6.571
559.925,4.119
559.950,3.806
559.975,4.284
560.000,2.821
560.025,2.326
560.050,3.976
560.075,3.173
560.100,4.449
560.125,5.152
560.150,4.191
560.175,2.333
560.200,6.907
560.225,5.199
560.250,2.715
560.275,3.542
560.300,6.260
560.325,3.909
560.350,4.288
560.375,4.943
560.400,3.617
560.425,4.064
560.450,2.494
560.475,3.958
560.500,6.220
560.525,3.619
560.550,8.251
560.575,6.641
560.600,10.608
560.625,4.527
560.650,5.053
560.675,4.629
560.700,4.897
560.725,4.124
560.750,5.989
560.775,5.866
560.800,3.971
560.825,5.223
560.850,3.922
560.875,3.856
560.900,5.875
560.925,3.978
560.950,5.185
560.975,2.957
561.000,4.325
561.025,7.674
561.050,5.744
561.075,4.632
561.100,6.890
561.125,1.876
561.150,4.570
561.175,7.364
561.200,7.309
561.225,8.842
561.250,6.338
561.275,5.733
561.300,6.291
561.325,4.238
561.350,5.128
561.375,2.415
561.400,7.615
561.425,5.758
561.450,6.879
561.475,5.172
561.500,4.444
561.525,7.244
561.550,3.579
561.575,4.020
561.600,3.826
561.625,3.866
561.650,4.685
561.675,6.373
561.700,6.760
561.725,3.786
561.750,4.511
561.775,5.169
561.800,3.333
561.825,5.254
561.850,4.317
561.875,3.388
561.900,9.985
561.925,4.658
561.950,4.396
561.975,5.819
562.000,7.119
562.025,12.581
562.050,10.452
562.075,12.067
562.100,3.839
562.125,14.238
562.150,17.072
562.175,7.609
562.200,13.085
562.225,3.665
562.250,4.618
562.275,6.224
562.300,6.036
562.325,5.188
562.350,3.378
562.375,5.719
562.400,4.602
562.425,5.080
562.450,9.855
562.475,3.812
562.500,7.645
562.525,5.720
562.550,4.136
562.575,3.129
562.600,3.512
562.625,9.124
562.650,2.631
562.675,4.344
562.700,6.165
562.725,3.189
562.750,5.232
562.775,5.152
562.800,3.768
562.825,3.926
562.850,3.584
562.875,3.168
562.900,4.739
562.925,6.942
562.950,6.031
562.975,2.919
563.000,4.200
563.025,4.141
563.050,7.438
563.075,2.951
563.100,3.605
563.125,4.746
563.150,5.401
563.175,3.835
563.200,4.601
563.225,3.919
563.250,3.202
563.275,5.446
563.300,7.848
563.325,7.019
563.350,6.118
563.375,7.799
563.400,3.875
563.425,6.865
563.450,2.532
563.475,6.142
563.500,6.603
563.525,3.728
563.550,4.036
563.575,3.454
563.600,6.843
563.625,3.683
563.650,6.063
563.675,3.394
563.700,6.984
563.725,3.278
563.750,7.229
563.775,3.944
563.800,6.274
563.825,6.154
563.850,4.318
563.875,6.652
563.900,6.694
563.925,4.798
563.950,5.102
563.975,6.872
564.000,5.528
564.025,3.336
564.050,8.297
564.075,4.339
564.100,6.672
564.125,5.832
564.150,10.068
564.175,10.090
564.200,16.539
564.225,18.639
564.250,25.119
564.275,25.513
564.300,20.840
564.325,13.065
564.350,7.874
564.375,4.960
564.400,6.825
564.425,5.900
564.450,11.509
564.475,4.220
564.500,2.395
564.525,3.726
564.550,6.413
564.575,5.377
564.600,5.132
564.625,7.137
564.650,9.696
564.675,2.677
564.700,6.657
564.725,9.793
564.750,6.527
564.775,3.787
564.800,4.451
564.825,7.362
564.850,4.287
564.875,3.757
564.900,3.734
564.925,6.407
564.950,5.090
564.975,5.201
565.000,4.235
565.025,6.222
565.050,8.883
565.075,4.809
565.100,7.303
565.125,4.140
565.150,4.538
565.175,5.896
565.200,4.350
565.225,2.770
565.250,5.849
565.275,4.378
565.300,7.055
565.325,4.744
565.350,4.812
565.375,2.234
565.400,6.189
565.425,6.239
565.450,10.453
565.475,3.909
565.500,2.210
565.525,3.107
565.550,4.507
565.575,3.607
565.600,5.812
565.625,2.782
565.650,2.137
565.675,4.364
565.700,2.812
565.725,3.704
565.750,4.029
565.775,4.233
565.800,5.844
565.825,3.958
565.850,4.749
565.875,3.924
565.900,3.101
565.925,3.040
565.950,1.355
565.975,5.712
566.000,3.654
566.025,8.132
566.050,6.246
566.075,3.982
566.100,6.187
566.125,3.889
566.150,6.784
566.175,4.895
566.200,4.236
566.225,4.531
566.250,5.418
566.275,5.449
566.300,3.696
566.325,4.773
566.350,5.222
566.375,3.783
566.400,5.409
566.425,6.208
566.450,3.002
566.475,3.408
566.500,5.670
566.525,4.390
566.550,3.548
566.575,4.417
566.600,4.859
566.625,6.150
566.650,3.211
566.675,5.659
566.700,4.411
566.725,5.743
566.750,5.287
566.775,5.120
566.800,4.821
566.825,2.357
566.850,3.090
566.875,4.233
566.900,3.352
566.925,3.613
566.950,3.458
566.975,2.558
567.000,4.407
567.025,3.663
567.050,6.051
567.075,3.217
567.100,2.462
567.125,3.529
567.150,2.435
567.175,4.358
567.200,6.744
567.225,5.914
567.250,4.721
567.275,5.543
567.300,5.410
567.325,6.567
567.350,3.930
567.375,8.823
567.400,7.117
567.425,3.645
567.450,3.743
567.475,4.753
567.500,4.409
567.525,4.078
567.550,4.575
567.575,3.687
567.600,5.145
567.625,5.533
567.650,4.913
567.675,3.060
567.700,8.307
567.725,5.743
567.750,4.377
567.775,5.672
567.800,2.760
567.825,4.833
567.850,4.828
567.875,5.973
567.900,6.544
567.925,3.252
567.950,2.591
567.975,3.558
568.000,4.359
568.025,3.557
568.050,4.048
568.075,3.201
568.100,3.440
568.125,5.194
568.150,5.250
568.175,6.838
568.200,5.605
568.225,5.223
568.250,3.259
568.275,4.163
568.300,4.940
568.325,4.379
568.350,5.374
568.375,5.936
568.400,5.031
568.425,2.824
568.450,4.527
568.475,6.283
568.500,3.901
568.525,4.315
568.550,4.356
568.575,3.591
568.600,3.077
568.625,5.311
568.650,3.641
568.675,5.055
568.700,6.311
568.725,2.497
568.750,7.206
568.775,2.364
568.800,3.031
568.825,4.723
568.850,6.141
568.875,5.555
568.900,5.682
568.925,5.491
568.950,5.362
568.975,6.257
569.000,5.541
569.025,8.956
569.050,2.578
569.075,3.714
569.100,4.807
569.125,2.841
569.150,3.427
569.175,3.779
569.200,4.493
569.225,6.205
569.250,5.425
569.275,7.008
569.300,6.961
569.325,3.695
569.350,6.533
569.375,3.792
569.400,6.877
569.425,5.365
569.450,3.993
569.475,4.861
569.500,5.766
569.525,2.931
569.550,2.972
569.575,5.618
569.600,5.068
569.625,5.139
569.650,4.283
569.675,5.815
569.700,5.592
569.725,3.402
569.750,4.851
569.775,4.896
569.800,3.434
569.825,6.897
569.850,6.745
569.875,5.725
569.900,6.758
569.925,5.684
569.950,4.489
569.975,2.913
570.000,4.082
570.025,3.892
570.050,5.434
570.075,2.791
570.100,7.767
570.125,6.352
570.150,4.103
570.175,6.008
570.200,4.776
570.225,3.670
570.250,4.303
570.275,4.583
570.300,5.879
570.325,4.778
570.350,4.401
570.375,5.550
570.400,3.403
570.425,7.060
570.450,3.663
570.475,5.783
570.500,6.827
570.525,4.400
570.550,3.569
570.575,3.038
570.600,3.182
570.625,7.701
570.650,4.495
570.675,5.206
570.700,4.416
570.725,3.708
570.750,6.190
570.775,6.266
570.800,4.111
570.825,7.063
570.850,5.256
570.875,4.523
570.900,5.595
570.925,3.275
570.950,6.517
570.975,6.467
571.000,3.935
571.025,3.207
571.050,3.689
571.075,4.425
571.100,4.151
571.125,5.524
571.150,3.277
571.175,3.393
571.200,7.184
571.225,4.130
571.250,4.812
571.275,3.428
571.300,2.840
571.325,4.443
571.350,4.245
571.375,1.629
571.400,8.367
571.425,3.203
571.450,6.263
571.475,1.256
571.500,2.273
571.525,5.022
571.550,2.509
571.575,3.047
571.600,2.332
571.625,3.332
571.650,4.895
571.675,5.383
571.700,3.777
571.725,6.294
571.750,4.584
571.775,3.363
571.800,3.492
571.825,5.604
571.850,7.272
571.875,6.946
571.900,3.307
571.925,4.523
571.950,5.503
571.975,6.617
572.000,3.328
572.025,5.459
572.050,3.376
572.075,3.987
572.100,4.744
572.125,5.769
572.150,3.666
572.175,4.658
572.200,4.906
572.225,2.762
572.250,7.449
572.275,4.077
572.300,6.483
572.325,4.037
572.350,4.183
572.375,3.404
572.400,5.182
572.425,6.003
572.450,3.584
572.475,3.874
572.500,6.369
572.525,4.525
572.550,3.993
572.575,4.919
572.600,3.129
572.625,1.868
572.650,5.971
572.675,5.511
572.700,6.820
572.725,3.126
572.750,5.381
572.775,5.834
572.800,3.807
572.825,4.213
572.850,1.813
572.875,5.858
572.900,5.745
572.925,4.243
572.950,3.546
572.975,2.958
573.000,3.461
573.025,5.008
573.050,5.095
573.075,4.334
573.100,7.011
573.125,5.381
573.150,3.640
573.175,3.325
573.200,2.029
573.225,2.612
573.250,3.204
573.275,5.907
573.300,2.554
573.325,3.967
573.350,5.441
573.375,3.826
573.400,3.333
573.425,4.634
573.450,4.559
573.475,3.964
573.500,3.499
573.525,4.380
573.550,5.377
573.575,4.074
573.600,3.717
573.625,5.092
573.650,3.379
573.675,5.243
573.700,5.651
573.725,4.339
573.750,3.467
573.775,2.979
573.800,4.878
573.825,5.894
573.850,6.731
573.875,4.579
573.900,4.276
573.925,6.571
573.950,4.448
573.975,4.335
574.000,3.687
574.025,2.057
574.050,3.345
574.075,5.062
574.100,3.786
574.125,3.832
574.150,4.589
574.175,1.721
574.200,4.392
574.225,7.543
574.250,4.138
574.275,4.151
574.300,5.511
574.325,3.537
574.350,3.916
574.375,1.535
574.400,7.137
574.425,5.751
574.450,5.205
574.475,1.836
574.500,3.527
574.525,6.035
574.550,3.366
574.575,3.002
574.600,5.251
574.625,3.360
574.650,4.445
574.675,4.071
574.700,2.434
574.725,3.991
574.750,4.570
574.775,4.226
574.800,4.803
574.825,3.338
574.850,5.993
574.875,7.495
574.900,4.827
574.925,3.108
574.950,4.081
574.975,4.165
575.000,5.033
575.025,6.379
575.050,3.903
575.075,4.817
575.100,2.554
575.125,7.619
575.150,4.928
575.175,5.343
575.200,2.466
575.225,5.572
575.250,6.019
575.275,4.052
575.300,3.038
575.325,5.634
575.350,2.987
575.375,4.085
575.400,4.055
575.425,3.876
575.450,4.869
575.475,5.712
575.500,4.060
575.525,5.648
575.550,1.754
575.575,5.594
575.600,5.734
575.625,3.097
575.650,5.682
575.675,8.672
575.700,3.487
575.725,4.689
575.750,4.879
575.775,2.463
575.800,5.343
575.825,6.978
575.850,6.091
575.875,2.862
575.900,3.083
575.925,5.756
575.950,4.245
575.975,7.177
576.000,2.434
576.025,5.637
576.050,7.433
576.075,5.954
576.100,1.596
576.125,6.210
576.150,4.939
576.175,3.686
576.200,2.941
576.225,5.802
576.250,8.061
576.275,4.146
576.300,5.536
576.325,2.661
576.350,3.441
576.375,3.191
576.400,6.025
576.425,9.029
576.450,9.298
576.475,2.477
576.500,6.089
576.525,4.951
576.550,4.279
576.575,3.767
576.600,4.576
576.625,4.622
576.650,3.488
576.675,5.011
576.700,4.400
576.725,4.971
576.750,4.340
576.775,5.190
576.800,4.731
576.825,6.678
576.850,4.670
576.875,4.842
576.900,3.222
576.925,3.905
576.950,5.103
576.975,4.569
577.000,2.237
577.025,7.030
577.050,1.922
577.075,2.716
577.100,3.252
577.125,2.317
577.150,6.499
577.175,4.744
577.200,4.590
577.225,4.685
577.250,5.104
577.275,4.905
577.300,4.849
577.325,3.144
577.350,5.554
577.375,4.871
577.400,4.085
577.425,8.323
577.450,6.529
577.475,3.779
577.500,8.096
577.525,3.522
577.550,3.688
577.575,4.816
577.600,5.492
577.625,5.017
577.650,3.462
577.675,4.697
577.700,4.175
577.725,5.510
577.750,4.713
577.775,2.929
577.800,2.738
577.825,5.133
577.850,4.447
577.875,4.002
577.900,3.668
577.925,4.110
577.950,5.967
577.975,3.529
578.000,4.547
578.025,3.393
578.050,4.709
578.075,4.525
578.100,4.803
578.125,3.281
578.150,2.111
578.175,4.102
578.200,3.609
578.225,3.975
578.250,4.282
578.275,4.288
578.300,5.515
578.325,6.035
578.350,5.690
578.375,4.364
578.400,4.524
578.425,5.223
578.450,3.518
578.475,3.814
578.500,4.354
578.525,3.101
578.550,4.756
578.575,5.170
578.600,4.239
578.625,2.565
578.650,4.729
578.675,5.463
578.700,2.998
578.725,6.356
578.750,5.450
578.775,5.988
578.800,5.974
578.825,2.107
578.850,3.377
578.875,7.019
578.900,5.195
578.925,3.778
578.950,3.343
578.975,3.910
579.000,2.710
579.025,6.148
579.050,2.274
579.075,3.955
579.100,11.577
579.125,10.135
579.150,6.464
579.175,6.626
579.200,4.156
579.225,5.733
579.250,4.300
579.275,5.504
579.300,5.084
579.325,6.335
579.350,6.776
579.375,6.765
579.400,6.292
579.425,3.898
579.450,5.289
579.475,4.253
579.500,4.278
579.525,4.550
579.550,5.323
579.575,6.822
579.600,5.955
579.625,6.178
579.650,4.546
579.675,5.324
579.700,7.325
579.725,4.150
579.750,6.381
579.775,3.864
579.800,3.184
579.825,6.193
579.850,5.674
579.875,6.809
579.900,8.417
579.925,5.862
579.950,5.331
579.975,5.388
580.000,4.448
580.025,7.123
580.050,3.538
580.075,7.506
580.100,2.716
580.125,4.634
580.150,2.119
580.175,4.735
580.200,5.386
580.225,6.672
580.250,4.723
580.275,7.438
580.300,4.702
580.325,3.395
580.350,5.961
580.375,4.654
580.400,4.318
580.425,4.196
580.450,5.400
580.475,4.963
580.500,7.182
580.525,6.948
580.550,5.128
580.575,4.014
580.600,3.429
580.625,6.419
580.650,3.036
580.675,3.934
580.700,5.711
580.725,7.827
580.750,6.646
580.775,7.354
580.800,4.436
580.825,8.498
580.850,3.562
580.875,7.755
580.900,2.450
580.925,4.098
580.950,5.509
580.975,3.782
581.000,5.923
581.025,4.770
581.050,4.813
581.075,4.583
581.100,3.852
581.125,6.902
581.150,5.142
581.175,5.318
581.200,5.735
581.225,5.687
581.250,6.964
581.275,8.617
581.300,3.439
581.325,5.272
581.350,6.993
581.375,6.621
581.400,5.723
581.425,5.116
581.450,4.974
581.475,8.429
581.500,5.657
581.525,5.761
581.550,4.634
581.575,4.252
581.600,6.713
581.625,3.247
581.650,4.906
581.675,8.572
581.700,8.607
581.725,6.190
581.750,7.771
581.775,8.015
581.800,8.072
581.825,4.764
581.850,2.353
581.875,4.487
581.900,7.529
581.925,5.241
581.950,4.585
581.975,4.670
582.000,2.403
582.025,5.613
582.050,4.937
582.075,3.288
582.100,4.443
582.125,4.761
582.150,3.318
582.175,8.579
582.200,6.973
582.225,4.991
582.250,4.638
582.275,4.940
582.300,7.826
582.325,5.158
582.350,6.557
582.375,3.471
582.400,2.826
582.425,5.759
582.450,3.922
582.475,4.915
582.500,3.148
582.525,4.185
582.550,5.685
582.575,3.001
582.600,3.903
582.625,4.839
582.650,5.370
582.675,4.039
582.700,4.832
582.725,3.464
582.750,3.773
582.775,5.296
582.800,5.727
582.825,3.385
582.850,8.248
582.875,6.818
582.900,4.263
582.925,7.411
582.950,6.781
582.975,3.871
583.000,6.242
583.025,2.895
583.050,5.603
583.075,2.387
583.100,4.062
583.125,2.681
583.150,4.263
583.175,3.893
583.200,5.442
583.225,1.117
583.250,1.939
583.275,6.566
583.300,5.558
583.325,4.913
583.350,3.057
583.375,7.243
583.400,2.801
583.425,4.133
583.450,7.874
583.475,5.775
583.500,2.846
583.525,3.730
583.550,6.115
583.575,6.337
583.600,4.727
583.625,4.535
583.650,4.680
583.675,2.331
583.700,3.905
583.725,7.748
583.750,4.276
583.775,3.643
583.800,6.019
583.825,4.162
583.850,2.781
583.875,4.077
583.900,10.041
583.925,5.214
583.950,6.529
583.975,4.905
584.000,3.710
584.025,5.536
584.050,5.374
584.075,8.624
584.100,4.234
584.125,6.050
584.150,7.186
584.175,5.988
584.200,3.734
584.225,4.411
584.250,4.582
584.275,7.191
584.300,5.922
584.325,1.952
584.350,3.768
584.375,5.650
584.400,7.830
584.425,5.877
584.450,5.893
584.475,6.989
584.500,9.470
584.525,4.051
584.550,4.751
584.575,8.772
584.600,4.644
584.625,4.227
584.650,4.879
584.675,5.622
584.700,6.850
584.725,6.846
584.750,5.351
584.775,5.368
584.800,8.403
584.825,5.966
584.850,7.505
584.875,9.221
584.900,8.495
584.925,6.617
584.950,9.128
584.975,10.393
585.000,14.513
585.025,12.357
585.050,12.589
585.075,14.984
585.100,16.527
585.125,19.344
585.150,20.557
585.175,16.609
585.200,14.692
585.225,14.108
585.250,15.578
585.275,11.856
585.300,12.473
585.325,7.136
585.350,6.362
585.375,9.580
585.400,4.395
585.425,4.120
585.450,8.421
585.475,4.872
585.500,3.685
585.525,7.209
585.550,5.715
585.575,3.267
585.600,5.764
585.625,3.889
585.650,6.643
585.675,6.627
585.700,3.294
585.725,3.259
585.750,6.818
585.775,3.246
585.800,5.796
585.825,7.343
585.850,2.787
585.875,3.184
585.900,3.881
585.925,2.312
585.950,5.938
585.975,1.953
586.000,3.406
586.025,4.271
586.050,5.464
586.075,3.494
586.100,5.367
586.125,4.691
586.150,5.601
586.175,3.816
586.200,3.060
586.225,4.161
586.250,4.301
586.275,4.062
586.300,3.278
586.325,6.193
586.350,4.736
586.375,5.672
586.400,3.712
586.425,5.805
586.450,9.388
586.475,5.039
586.500,7.680
586.525,7.450
586.550,4.284
586.575,4.415
586.600,4.260
586.625,7.358
586.650,6.021
586.675,6.695
586.700,2.688
586.725,4.530
586.750,3.226
586.775,3.596
586.800,10.141
586.825,3.934
586.850,3.690
586.875,4.558
586.900,6.189
586.925,3.041
586.950,3.464
586.975,5.215
587.000,8.238
587.025,3.616
587.050,3.792
587.075,10.802
587.100,5.931
587.125,7.024
587.150,2.397
587.175,5.045
587.200,4.713
587.225,5.553
587.250,6.000
587.275,6.906
587.300,3.794
587.325,5.000
587.350,4.766
587.375,4.925
587.400,3.073
587.425,4.944
587.450,4.476
587.475,5.382
587.500,4.188
587.525,5.146
587.550,5.041
587.575,2.209
587.600,4.290
587.625,2.618
587.650,8.986
587.675,4.011
587.700,7.817
587.725,1.219
587.750,3.591
587.775,5.888
587.800,4.824
587.825,5.156
587.850,4.633
587.875,6.021
587.900,4.517
587.925,4.369
587.950,4.388
587.975,7.286
588.000,5.966
588.025,3.198
588.050,7.305
588.075,5.408
588.100,2.460
588.125,4.176
588.150,4.233
588.175,4.891
588.200,2.686
588.225,3.144
588.250,1.496
588.275,3.240
588.300,5.404
588.325,6.158
588.350,7.108
588.375,6.125
588.400,2.194
588.425,5.078
588.450,6.334
588.475,2.752
588.500,6.665
588.525,4.138
588.550,2.535
588.575,4.581
588.600,2.716
588.625,6.597
588.650,5.672
588.675,6.510
588.700,3.625
588.725,4.127
588.750,4.484
588.775,3.356
588.800,5.124
588.825,3.249
588.850,3.882
588.875,7.555
588.900,1.169
588.925,8.544
588.950,2.424
588.975,6.057
589.000,5.623
589.025,5.003
589.050,5.706
589.075,5.552
589.100,3.643
589.125,3.622
589.150,4.493
589.175,3.233
589.200,5.113
589.225,5.299
589.250,4.352
589.275,8.253
589.300,3.476
589.325,3.348
589.350,4.344
589.375,4.032
589.400,2.951
589.425,2.802
589.450,5.118
589.475,4.973
589.500,4.533
589.525,5.092
589.550,9.751
589.575,2.828
589.600,2.770
589.625,6.272
589.650,4.796
589.675,6.204
589.700,5.372
589.725,5.122
589.750,3.818
589.775,6.585
589.800,3.594
589.825,5.865
589.850,6.035
589.875,5.292
589.900,5.425
589.925,5.953
589.950,3.405
589.975,6.267
590.000,3.202
590.025,5.518
590.050,9.440
590.075,5.429
590.100,4.522
590.125,4.760
590.150,4.642
590.175,5.218
590.200,3.398
590.225,4.374
590.250,2.601
590.275,3.632
590.300,4.578
590.325,5.647
590.350,6.784
590.375,7.173
590.400,8.317
590.425,6.097
590.450,5.173
590.475,5.645
590.500,5.379
590.525,4.414
590.550,3.391
590.575,4.112
590.600,4.914
590.625,2.174
590.650,9.307
590.675,4.439
590.700,6.726
590.725,4.749
590.750,2.920
590.775,2.783
590.800,7.368
590.825,4.719
590.850,3.813
590.875,2.894
590.900,2.585
590.925,6.846
590.950,2.327
590.975,5.048
591.000,3.590
591.025,3.791
591.050,3.022
591.075,4.245
591.100,3.394
591.125,1.889
591.150,6.750
591.175,3.479
591.200,1.843
591.225,6.711
591.250,2.823
591.275,3.395
591.300,6.334
591.325,4.872
591.350,5.782
591.375,5.086
591.400,2.694
591.425,3.239
591.450,3.189
591.475,3.090
591.500,5.629
591.525,3.198
591.550,4.707
591.575,5.872
591.600,2.679
591.625,2.218
591.650,4.473
591.675,4.362
591.700,4.030
591.725,5.515
591.750,5.780
591.775,4.555
591.800,3.849
591.825,5.610
591.850,5.055
591.875,4.841
591.900,8.615
591.925,4.684
591.950,4.706
591.975,4.682
592.000,6.749
592.025,7.037
592.050,4.636
592.075,6.195
592.100,4.977
592.125,3.952
592.150,6.035
592.175,5.989
592.200,1.787
592.225,5.208
592.250,1.871
592.275,4.545
592.300,5.834
592.325,6.130
592.350,5.369
592.375,5.287
592.400,2.968
592.425,5.508
592.450,5.736
592.475,8.080
592.500,6.495
592.525,5.260
592.550,3.801
592.575,4.164
592.600,4.797
592.625,7.754
592.650,5.964
592.675,3.778
592.700,3.193
592.725,4.886
592.750,6.155
592.775,4.936
592.800,3.357
592.825,4.365
592.850,4.267
592.875,6.256
592.900,6.150
592.925,5.171
592.950,2.692
592.975,3.112
593.000,3.888
593.025,3.467
593.050,7.385
593.075,4.001
593.100,3.072
593.125,8.701
593.150,4.467
593.175,4.016
593.200,7.053
593.225,3.409
593.250,4.548
593.275,3.669
593.300,4.127
593.325,4.997
593.350,4.702
593.375,1.457
593.400,3.122
593.425,8.392
593.450,3.683
593.475,4.442
593.500,4.559
593.525,3.646
593.550,4.206
593.575,2.804
593.600,5.583
593.625,5.135
593.650,3.668
593.675,5.031
593.700,3.393
593.725,6.271
593.750,5.946
593.775,6.456
593.800,4.080
593.825,3.896
593.850,4.861
593.875,6.148
593.900,6.384
593.925,5.626
593.950,11.711
593.975,10.148
594.000,4.657
594.025,4.846
594.050,3.531
594.075,3.184
594.100,2.904
594.125,2.636
594.150,4.418
594.175,6.147
594.200,4.768
594.225,4.314
594.250,4.692
594.275,2.853
594.300,5.538
594.325,5.894
594.350,3.639
594.375,2.337
594.400,4.117
594.425,3.678
594.450,5.452
594.475,3.609
594.500,3.222
594.525,2.157
594.550,4.564
594.575,2.817
594.600,4.274
594.625,5.771
594.650,5.759
594.675,4.327
594.700,4.277
594.725,3.117
594.750,3.590
594.775,6.619
594.800,4.523
594.825,3.800
594.850,2.419
594.875,2.819
594.900,3.705
594.925,5.306
594.950,4.104
594.975,4.630
595.000,5.128
595.025,2.637
595.050,5.692
595.075,2.143
595.100,5.582
595.125,4.759
595.150,3.533
595.175,2.872
595.200,4.362
595.225,5.250
595.250,3.109
595.275,1.877
595.300,3.116
595.325,1.815
595.350,4.707
595.375,3.861
595.400,3.749
595.425,5.149
595.450,6.028
595.475,3.738
595.500,6.597
595.525,3.143
595.550,4.989
595.575,2.531
595.600,3.829
595.625,3.710
595.650,5.391
595.675,4.962
595.700,5.535
595.725,3.600
595.750,2.388
595.775,2.660
595.800,4.951
595.825,2.472
595.850,4.635
595.875,3.937
595.900,3.529
595.925,4.349
595.950,2.917
595.975,3.898
596.000,4.421
596.025,4.840
596.050,4.940
596.075,4.954
596.100,10.544
596.125,7.892
596.150,3.896
596.175,5.162
596.200,3.386
596.225,4.374
596.250,4.722
596.275,5.710
596.300,4.819
596.325,6.799
596.350,2.220
596.375,4.263
596.400,4.547
596.425,4.553
596.450,3.502
596.475,4.500
596.500,6.500
596.525,4.810
596.550,2.566
596.575,4.958
596.600,6.810
596.625,5.660
596.650,4.203
596.675,8.377
596.700,5.147
596.725,4.254
596.750,3.073
596.775,5.051
596.800,4.087
596.825,6.120
596.850,6.064
596.875,5.368
596.900,3.733
596.925,6.195
596.950,5.592
596.975,4.579
597.000,4.704
597.025,4.645
597.050,2.188
597.075,4.803
597.100,2.857
597.125,3.519
597.150,4.045
597.175,2.761
597.200,3.186
597.225,2.899
597.250,5.067
597.275,3.102
597.300,3.109
597.325,6.484
597.350,3.018
597.375,3.202
597.400,3.983
597.425,3.878
597.450,4.444
597.475,3.761
597.500,1.850
597.525,5.860
597.550,5.587
597.575,5.318
597.600,5.612
597.625,4.631
597.650,4.928
597.675,7.536
597.700,2.441
597.725,6.792
597.750,6.498
597.775,4.477
597.800,3.506
597.825,5.620
597.850,7.174
597.875,3.588
597.900,7.751
597.925,4.816
597.950,4.946
597.975,2.636
598.000,2.694
598.025,4.926
598.050,5.412
598.075,3.832
598.100,7.762
598.125,4.740
598.150,3.411
598.175,5.829
598.200,3.652
598.225,3.246
598.250,3.394
598.275,3.045
598.300,3.998
598.325,3.983
598.350,4.612
598.375,4.640
598.400,1.722
598.425,5.131
598.450,3.138
598.475,4.405
598.500,5.114
598.525,4.701
598.550,4.482
598.575,2.273
598.600,4.216
598.625,5.028
598.650,4.317
598.675,6.040
598.700,2.932
598.725,2.656
598.750,5.980
598.775,4.561
598.800,2.682
598.825,2.965
598.850,8.085
598.875,2.157
598.900,4.712
598.925,5.794
598.950,5.186
598.975,5.305
599.000,3.768
599.025,3.998
599.050,5.835
599.075,5.172
599.100,4.106
599.125,5.591
599.150,6.871
599.175,1.870
599.200,5.203
599.225,4.080
599.250,2.646
599.275,3.789
599.300,5.722
599.325,7.600
599.350,4.067
599.375,4.347
599.400,1.612
599.425,6.228
599.450,2.861
599.475,5.378
599.500,4.476
599.525,4.452
599.550,2.620
599.575,3.707
599.600,3.068
599.625,5.509
599.650,5.998
599.675,7.039
599.700,3.025
599.725,4.457
599.750,4.674
599.775,5.506
599.800,3.711
599.825,5.311
599.850,3.065
599.875,4.197
599.900,4.358
599.925,4.567
599.950,2.702
599.975,6.351
600.000,2.950
600.025,5.259
600.050,4.208
600.075,2.986
600.100,3.603
600.125,3.693
600.150,4.264
600.175,6.412
600.200,4.908
600.225,4.227
600.250,5.610
600.275,3.822
600.300,4.227
600.325,3.463
600.350,4.730
600.375,2.368
600.400,3.234
600.425,1.988
600.450,2.529
600.475,7.037
600.500,5.268
600.525,2.485
600.550,4.347
600.575,3.431
600.600,2.425
600.625,5.018
600.650,3.272
600.675,5.826
600.700,6.216
600.725,6.054
600.750,1.809
600.775,3.786
600.800,4.819
600.825,3.988
600.850,3.002
600.875,3.184
600.900,3.188
600.925,4.307
600.950,3.329
600.975,7.084
601.000,4.268
601.025,3.087
601.050,6.392
601.075,6.901
601.100,5.708
601.125,4.561
601.150,6.318
601.175,2.549
601.200,2.579
601.225,5.827
601.250,4.101
601.275,4.740
601.300,3.240
601.325,3.919
601.350,4.837
601.375,4.331
601.400,5.529
601.425,3.792
601.450,3.984
601.475,8.668
601.500,4.503
601.525,3.059
601.550,1.675
601.575,3.883
601.600,4.895
601.625,3.205
601.650,4.213
601.675,4.564
601.700,3.092
601.725,4.060
601.750,2.803
601.775,4.308
601.800,4.297
601.825,4.051
601.850,4.014
601.875,5.790
601.900,3.322
601.925,1.951
601.950,3.286
601.975,3.663
602.000,2.918
602.025,3.791
602.050,4.026
602.075,4.290
602.100,4.216
602.125,6.884
602.150,3.542
602.175,5.430
602.200,4.439
602.225,5.159
602.250,2.836
602.275,4.905
602.300,6.419
602.325,3.707
602.350,4.778
602.375,2.909
602.400,6.284
602.425,3.059
602.450,3.772
602.475,4.552
602.500,4.692
602.525,3.315
602.550,4.966
602.575,4.217
602.600,5.193
602.625,4.160
602.650,3.911
602.675,4.221
602.700,5.988
602.725,4.486
602.750,2.990
602.775,5.969
602.800,3.402
602.825,3.036
602.850,2.986
602.875,5.069
602.900,4.893
602.925,3.644
602.950,3.278
602.975,6.590
603.000,2.217
603.025,3.204
603.050,7.300
603.075,4.159
603.100,2.154
603.125,4.834
603.150,4.466
603.175,3.771
603.200,2.803
603.225,6.580
603.250,3.533
603.275,3.095
603.300,4.797
603.325,3.224
603.350,2.693
603.375,5.697
603.400,4.350
603.425,4.538
603.450,3.210
603.475,4.729
603.500,4.073
603.525,4.960
603.550,6.651
603.575,3.627
603.600,5.235
603.625,2.121
603.650,5.008
603.675,5.115
603.700,4.571
603.725,5.753
603.750,4.537
603.775,6.081
603.800,2.765
603.825,5.681
603.850,4.242
603.875,4.225
603.900,5.625
603.925,5.716
603.950,4.402
603.975,7.658
604.000,6.462
604.025,5.637
604.050,5.161
604.075,5.670
604.100,4.263
604.125,4.466
604.150,5.802
604.175,4.457
604.200,6.347
604.225,4.910
604.250,5.119
604.275,3.248
604.300,5.215
604.325,4.694
604.350,7.109
604.375,4.836
604.400,5.419
604.425,7.152
604.450,6.722
604.475,5.282
604.500,3.559
604.525,5.895
604.550,4.721
604.575,3.838
604.600,4.607
604.625,2.840
604.650,4.105
604.675,5.500
604.700,3.493
604.725,2.562
604.750,6.298
604.775,3.160
604.800,3.946
604.825,6.714
604.850,5.221
604.875,6.449
604.900,8.126
604.925,3.539
604.950,3.098
604.975,3.915
605.000,4.518
605.025,5.781
605.050,4.636
605.075,3.456
605.100,3.306
605.125,4.858
605.150,2.636
605.175,3.913
605.200,5.292
605.225,5.313
605.250,4.477
605.275,4.822
605.300,7.501
605.325,4.753
605.350,4.350
605.375,4.182
605.400,3.947
605.425,4.511
605.450,2.118
605.475,2.835
605.500,3.866
605.525,2.978
605.550,4.417
605.575,1.675
605.600,2.857
605.625,3.239
605.650,4.529
605.675,3.832
605.700,3.342
605.725,3.074
605.750,3.907
605.775,2.491
605.800,6.132
605.825,4.608
605.850,2.468
605.875,3.400
605.900,3.274
605.925,6.265
605.950,3.261
605.975,2.990
606.000,4.999
606.025,4.827
606.050,3.190
606.075,4.190
606.100,5.598
606.125,5.737
606.150,4.593
606.175,5.885
606.200,5.222
606.225,4.495
606.250,8.166
606.275,6.001
606.300,5.732
606.325,4.583
606.350,4.335
606.375,4.550
606.400,3.060
606.425,6.325
606.450,7.210
606.475,4.006
606.500,2.419
606.525,6.199
606.550,4.735
606.575,3.247
606.600,5.114
606.625,5.590
606.650,1.565
606.675,4.843
606.700,4.116
606.725,2.328
606.750,4.284
606.775,4.659
606.800,5.248
606.825,7.357
606.850,5.327
606.875,5.527
606.900,2.189
606.925,6.412
606.950,1.595
606.975,6.001
607.000,4.179
607.025,3.985
607.050,5.246
607.075,4.531
607.100,4.190
607.125,3.927
607.150,5.882
607.175,4.635
607.200,4.862
607.225,5.247
607.250,3.052
607.275,3.298
607.300,4.656
607.325,6.402
607.350,5.802
607.375,5.387
607.400,5.025
607.425,2.698
607.450,2.383
607.475,2.958
607.500,4.221
607.525,4.506
607.550,3.721
607.575,1.592
607.600,7.451
607.625,5.461
607.650,4.971
607.675,2.479
607.700,4.421
607.725,6.659
607.750,2.966
607.775,3.643
607.800,4.611
607.825,4.061
607.850,3.152
607.875,4.985
607.900,3.473
607.925,1.907
607.950,2.641
607.975,4.157
608.000,5.183
608.025,4.573
608.050,3.128
608.075,5.923
608.100,3.388
608.125,4.186
608.150,6.159
608.175,3.988
608.200,3.053
608.225,4.629
608.250,5.206
608.275,3.142
608.300,3.751
608.325,4.792
608.350,4.229
608.375,3.615
608.400,3.785
608.425,3.263
608.450,5.175
608.475,1.968
608.500,2.928
608.525,4.032
608.550,1.746
608.575,4.376
608.600,2.521
608.625,3.678
608.650,2.593
608.675,2.428
608.700,3.388
608.725,7.230
608.750,5.265
608.775,3.964
608.800,7.291
608.825,4.439
608.850,5.249
608.875,6.096
608.900,3.247
608.925,2.375
608.950,3.663
608.975,5.874
609.000,2.363
609.025,4.027
609.050,4.747
609.075,6.981
609.100,4.043
609.125,2.229
609.150,5.333
609.175,4.464
609.200,3.146
609.225,4.117
609.250,5.116
609.275,6.501
609.300,4.254
609.325,4.293
609.350,3.757
609.375,5.141
609.400,3.890
609.425,4.786
609.450,4.633
609.475,3.781
609.500,2.784
609.525,6.999
609.550,4.017
609.575,3.038
609.600,3.784
609.625,4.147
609.650,3.685
609.675,4.339
609.700,3.673
609.725,3.055
609.750,2.319
609.775,3.721
609.800,4.284
609.825,4.937
609.850,1.315
609.875,3.871
609.900,5.647
609.925,3.049
609.950,3.548
609.975,3.635
610.000,5.817
610.025,3.201
610.050,6.739
610.075,6.259
610.100,6.168
610.125,4.183
610.150,4.473
610.175,7.221
610.200,3.930
610.225,4.780
610.250,1.918
610.275,4.005
610.300,3.606
610.325,5.029
610.350,4.100
610.375,3.232
610.400,6.298
610.425,4.247
610.450,2.308
610.475,4.985
610.500,3.929
610.525,4.146
610.550,7.182
610.575,5.567
610.600,2.975
610.625,5.131
610.650,3.265
610.675,4.262
610.700,6.056
610.725,5.689
610.750,4.613
610.775,2.152
610.800,6.959
610.825,6.025
610.850,3.855
610.875,2.545
610.900,5.807
610.925,3.838
610.950,3.583
610.975,4.399
611.000,4.934
611.025,6.874
611.050,5.795
611.075,4.658
611.100,3.181
611.125,3.420
611.150,6.613
611.175,4.560
611.200,2.379
611.225,4.793
611.250,6.643
611.275,1.572
611.300,2.637
611.325,2.359
611.350,2.963
611.375,6.573
611.400,4.332
611.425,4.308
611.450,2.370
611.475,4.557
611.500,6.551
611.525,7.868
611.550,2.977
611.575,6.874
611.600,6.689
611.625,5.350
611.650,5.897
611.675,5.378
611.700,3.062
611.725,2.830
611.750,3.216
611.775,4.689
611.800,3.622
611.825,4.569
611.850,3.394
611.875,4.310
611.900,5.320
611.925,4.197
611.950,6.806
611.975,3.891
612.000,5.246
612.025,2.940
612.050,7.376
612.075,5.171
612.100,5.705
612.125,5.476
612.150,5.193
612.175,3.651
612.200,3.947
612.225,4.033
612.250,4.625
612.275,4.701
612.300,2.750
612.325,4.318
612.350,3.030
612.375,2.350
612.400,5.197
612.425,3.185
612.450,3.786
612.475,4.374
612.500,4.213
612.525,7.527
612.550,5.336
612.575,2.058
612.600,6.415
612.625,4.892
612.650,4.328
612.675,4.022
612.700,4.982
612.725,4.574
612.750,4.388
612.775,4.813
612.800,4.349
612.825,2.706
612.850,3.856
612.875,4.315
612.900,6.442
612.925,4.909
612.950,6.078
612.975,4.040
613.000,6.376
613.025,5.419
613.050,3.746
613.075,5.311
613.100,3.411
613.125,3.753
613.150,2.513
613.175,3.027
613.200,4.358
613.225,4.203
613.250,5.287
613.275,4.210
613.300,3.136
613.325,4.696
613.350,2.803
613.375,6.354
613.400,5.407
613.425,4.778
613.450,3.681
613.475,3.047
613.500,2.489
613.525,4.149
613.550,3.546
613.575,2.226
613.600,3.821
613.625,7.635
613.650,4.311
613.675,4.928
613.700,4.460
613.725,4.112
613.750,5.280
613.775,6.060
613.800,5.988
613.825,1.890
613.850,4.568
613.875,5.944
613.900,3.857
613.925,5.568
613.950,2.594
613.975,6.499
614.000,3.549
614.025,3.394
614.050,5.269
614.075,6.202
614.100,6.050
614.125,3.074
614.150,7.583
614.175,4.588
614.200,5.121
614.225,4.284
614.250,2.587
614.275,1.874
614.300,1.692
614.325,2.776
614.350,4.325
614.375,4.162
614.400,4.429
614.425,3.082
614.450,2.992
614.475,3.958
614.500,4.024
614.525,4.910
614.550,4.309
614.575,5.094
614.600,4.615
614.625,2.065
614.650,4.713
614.675,4.706
614.700,4.517
614.725,3.731
614.750,7.087
614.775,6.254
614.800,6.472
614.825,4.790
614.850,4.770
614.875,3.550
614.900,7.593
614.925,5.576
614.950,5.434
614.975,5.378
615.000,4.111
615.025,6.693
615.050,6.095
615.075,5.298
615.100,4.557
615.125,2.103
615.150,8.442
615.175,5.185
615.200,5.025
615.225,7.852
615.250,2.677
615.275,6.920
615.300,3.857
615.325,3.138
615.350,8.854
615.375,8.288
615.400,5.761
615.425,3.352
615.450,5.691
615.475,4.998
615.500,7.432
615.525,4.222
615.550,4.115
615.575,6.223
615.600,7.422
615.625,6.876
615.650,7.070
615.675,8.935
615.700,4.628
615.725,2.531
615.750,1.165
615.775,7.388
615.800,6.380
615.825,2.556
615.850,13.523
615.875,1.547
615.900,4.137
615.925,8.065
615.950,8.869
615.975,17.786
616.000,10.252
616.025,3.738
616.050,8.350
616.075,7.872
616.100,5.647
616.125,6.388
616.150,3.751
616.175,5.055
616.200,5.737
616.225,6.433
616.250,9.196
616.275,7.280
616.300,8.565
616.325,3.659
616.350,5.613
616.375,5.012
616.400,2.375
616.425,3.106
616.450,5.527
616.475,7.377
616.500,7.734
616.525,3.673
616.550,2.698
616.575,3.117
616.600,7.677
616.625,5.828
616.650,5.534
616.675,5.135
616.700,5.006
616.725,5.517
616.750,5.867
616.775,8.663
616.800,3.531
616.825,4.564
616.850,4.218
616.875,3.455
616.900,2.896
616.925,2.798
616.950,1.429
616.975,1.485
617.000,5.860
617.025,3.827
617.050,6.690
617.075,4.073
617.100,2.857
617.125,3.275
617.150,5.538
617.175,3.387
617.200,3.373
617.225,4.097
617.250,3.627
617.275,3.571
617.300,5.709
617.325,3.697
617.350,3.453
617.375,4.376
617.400,4.102
617.425,3.224
617.450,3.169
617.475,2.039
617.500,2.728
617.525,3.892
617.550,2.939
617.575,4.077
617.600,6.394
617.625,4.974
617.650,4.850
617.675,3.751
617.700,3.884
617.725,3.886
617.750,6.144
617.775,1.847
617.800,6.790
617.825,5.925
617.850,6.493
617.875,5.208
617.900,6.866
617.925,3.694
617.950,5.965
617.975,3.543
618.000,5.174
618.025,4.084
618.050,1.948
618.075,7.717
618.100,2.751
618.125,6.840
618.150,5.019
618.175,5.712
618.200,6.044
618.225,2.908
618.250,6.593
618.275,3.211
618.300,5.313
618.325,6.373
618.350,5.437
618.375,6.146
618.400,2.565
618.425,3.274
618.450,6.938
618.475,6.928
618.500,4.814
618.525,5.415
618.550,5.367
618.575,4.281
618.600,6.398
618.625,5.760
618.650,3.508
618.675,4.600
618.700,5.084
618.725,7.291
618.750,5.544
618.775,5.178
618.800,5.756
618.825,2.368
618.850,6.030
618.875,5.914
618.900,4.745
618.925,5.872
618.950,6.053
618.975,6.256
619.000,4.777
619.025,4.430
619.050,7.015
619.075,6.936
619.100,6.692
619.125,3.676
619.150,6.464
619.175,5.915
619.200,6.244
619.225,3.089
619.250,4.170
619.275,6.369
619.300,4.565
619.325,5.204
619.350,5.729
619.375,5.415
619.400,4.610
619.425,9.143
619.450,8.432
619.475,1.957
619.500,4.767
619.525,5.354
619.550,3.988
619.575,3.646
619.600,3.803
619.625,3.337
619.650,6.148
619.675,4.360
619.700,6.295
619.725,4.880
619.750,7.266
619.775,5.512
619.800,5.383
619.825,6.076
619.850,6.075
619.875,2.839
619.900,3.565
619.925,2.568
619.950,6.276
619.975,1.970
620.000,5.795
620.025,2.996
620.050,7.161
620.075,3.260
620.100,4.327
620.125,3.279
620.150,3.268
620.175,4.393
620.200,3.076
620.225,4.330
620.250,2.597
620.275,5.548
620.300,6.154
620.325,4.929
620.350,4.423
620.375,5.864
620.400,4.746
620.425,2.387
620.450,3.165
620.475,5.970
620.500,5.945
620.525,5.537
620.550,3.402
620.575,7.274
620.600,4.594
620.625,5.754
620.650,4.783
620.675,4.002
620.700,4.843
620.725,6.713
620.750,5.377
620.775,6.980
620.800,5.889
620.825,8.805
620.850,7.137
620.875,4.873
620.900,5.196
620.925,9.437
620.950,5.433
620.975,3.497
621.000,4.155
621.025,8.244
621.050,6.933
621.075,6.930
621.100,4.612
621.125,6.433
621.150,6.462
621.175,3.077
621.200,5.995
621.225,6.166
621.250,6.117
621.275,5.994
621.300,5.620
621.325,5.050
621.350,6.348
621.375,6.221
621.400,3.972
621.425,5.276
621.450,6.282
621.475,4.495
621.500,4.902
621.525,1.708
621.550,4.324
621.575,6.282
621.600,7.244
621.625,4.960
621.650,5.815
621.675,5.124
621.700,7.184
621.725,5.225
621.750,7.606
621.775,7.048
621.800,7.873
621.825,5.820
621.850,6.995
621.875,4.070
621.900,7.012
621.925,3.838
621.950,6.605
621.975,3.636
622.000,6.035
622.025,3.731
622.050,2.968
622.075,7.368
622.100,4.388
622.125,7.914
622.150,3.825
622.175,9.633
622.200,6.072
622.225,7.401
622.250,7.737
622.275,4.705
622.300,4.691
622.325,7.025
622.350,7.010
622.375,6.142
622.400,5.720
622.425,4.661
622.450,9.555
622.475,4.554
622.500,2.086
622.525,4.095
622.550,5.472
622.575,2.099
622.600,5.454
622.625,6.665
622.650,2.949
622.675,3.099
622.700,8.788
622.725,6.752
622.750,6.962
622.775,7.494
622.800,5.632
622.825,6.553
622.850,6.973
622.875,9.432
622.900,6.957
622.925,6.499
622.950,4.587
622.975,5.613
623.000,5.549
623.025,4.242
623.050,2.846
623.075,4.765
623.100,3.980
623.125,3.566
623.150,3.694
623.175,7.996
623.200,6.816
623.225,7.748
623.250,3.098
623.275,6.003
623.300,7.567
623.325,3.086
623.350,6.125
623.375,3.651
623.400,6.190
623.425,3.431
623.450,4.218
623.475,5.322
623.500,5.972
623.525,7.417
623.550,4.637
623.575,4.514
623.600,5.925
623.625,13.812
623.650,6.775
623.675,20.539
623.700,4.219
623.725,5.811
623.750,5.926
623.775,8.154
623.800,7.810
623.825,8.251
623.850,3.966
623.875,3.855
623.900,5.819
623.925,4.837
623.950,6.110
623.975,4.674
624.000,4.606
624.025,4.511
624.050,2.985
624.075,5.546
624.100,4.248
624.125,6.420
624.150,5.291
624.175,3.740
624.200,4.948
624.225,3.911
624.250,5.280
624.275,4.292
624.300,6.348
624.325,4.487
624.350,3.704
624.375,3.337
624.400,8.867
624.425,4.166
624.450,7.313
624.475,2.446
624.500,5.828
624.525,5.885
624.550,2.545
624.575,4.102
624.600,4.207
624.625,5.782
624.650,4.793
624.675,4.742
624.700,5.841
624.725,2.596
624.750,4.602
624.775,6.256
624.800,3.080
624.825,3.448
624.850,4.450
624.875,4.631
624.900,3.699
624.925,4.757
624.950,2.864
624.975,5.358
625.000,2.381
625.025,4.889
625.050,5.173
625.075,3.758
625.100,4.169
625.125,8.440
625.150,4.765
625.175,7.148
625.200,5.902
625.225,4.958
625.250,5.658
625.275,5.716
625.300,4.005
625.325,5.603
625.350,5.247
625.375,3.439
625.400,3.538
625.425,5.030
625.450,3.279
625.475,5.389
625.500,3.468
625.525,6.984
625.550,7.088
625.575,3.722
625.600,3.619
625.625,3.290
625.650,4.789
625.675,3.911
625.700,5.268
625.725,5.302
625.750,4.585
625.775,7.093
625.800,4.733
625.825,6.919
625.850,8.625
625.875,6.053
625.900,7.521
625.925,5.651
625.950,5.075
625.975,3.624
626.000,5.732
626.025,7.067
626.050,4.711
626.075,9.811
626.100,5.018
626.125,5.136
626.150,6.022
626.175,9.658
626.200,4.395
626.225,6.956
626.250,4.118
626.275,6.024
626.300,3.691
626.325,4.832
626.350,5.686
626.375,5.290
626.400,6.238
626.425,5.575
626.450,7.873
626.475,4.263
626.500,4.856
626.525,4.628
626.550,5.496
626.575,6.540
626.600,5.104
626.625,3.724
626.650,3.412
626.675,5.559
626.700,5.480
626.725,6.508
626.750,3.078
626.775,10.081
626.800,7.067
626.825,4.823
626.850,4.601
626.875,4.661
626.900,5.142
626.925,7.447
626.950,6.654
626.975,4.577
627.000,3.970
627.025,4.724
627.050,8.263
627.075,5.033
627.100,6.348
627.125,3.290
627.150,1.750
627.175,6.383
627.200,4.579
627.225,5.633
627.250,3.917
627.275,4.098
627.300,4.242
627.325,7.019
627.350,4.097
627.375,4.177
627.400,2.960
627.425,3.189
627.450,4.806
627.475,6.851
627.500,6.716
627.525,3.704
627.550,2.573
627.575,6.726
627.600,3.185
627.625,2.136
627.650,4.928
627.675,5.705
627.700,3.895
627.725,2.786
627.750,5.264
627.775,2.611
627.800,4.252
627.825,6.537
627.850,4.926
627.875,7.528
627.900,4.606
627.925,5.772
627.950,3.970
627.975,5.597
628.000,6.201
628.025,5.315
628.050,4.340
628.075,8.275
628.100,7.205
628.125,6.392
628.150,3.347
628.175,3.413
628.200,2.838
628.225,5.003
628.250,6.190
628.275,4.495
628.300,3.154
628.325,6.956
628.350,3.953
628.375,3.741
628.400,5.392
628.425,5.923
628.450,4.165
628.475,4.106
628.500,10.037
628.525,4.467
628.550,3.054
628.575,3.239
628.600,5.968
628.625,2.199
628.650,3.863
628.675,6.944
628.700,2.717
628.725,4.112
628.750,4.104
628.775,1.854
628.800,2.875
628.825,5.763
628.850,2.892
628.875,3.268
628.900,7.962
628.925,3.375
628.950,3.831
628.975,3.705
629.000,5.622
629.025,2.916
629.050,4.083
629.075,8.483
629.100,8.412
629.125,4.660
629.150,5.989
629.175,6.444
629.200,2.451
629.225,2.837
629.250,9.493
629.275,2.790
629.300,5.158
629.325,3.186
629.350,5.232
629.375,3.271
629.400,6.443
629.425,5.409
629.450,8.686
629.475,4.858
629.500,5.125
629.525,5.618
629.550,4.771
629.575,9.333
629.600,3.964
629.625,4.547
629.650,5.564
629.675,7.378
629.700,5.348
629.725,3.683
629.750,6.078
629.775,6.522
629.800,8.244
629.825,5.381
629.850,5.761
629.875,5.010
629.900,5.273
629.925,6.905
629.950,7.450
629.975,6.422
630.000,7.322
630.025,5.970
630.050,4.918
630.075,3.967
630.100,4.831
630.125,4.839
630.150,5.462
630.175,6.322
630.200,3.852
630.225,5.743
630.250,3.689
630.275,6.138
630.300,3.162
630.325,4.545
630.350,3.840
630.375,3.768
630.400,6.915
630.425,4.717
630.450,6.484
630.475,3.887
630.500,5.047
630.525,6.301
630.550,5.829
630.575,4.468
630.600,3.195
630.625,1.564
630.650,4.988
630.675,5.564
630.700,5.256
630.725,3.114
630.750,5.687
630.775,1.829
630.800,5.086
630.825,6.396
630.850,5.304
630.875,5.718
630.900,4.031
630.925,3.143
630.950,2.968
630.975,2.378
631.000,5.939
631.025,5.839
631.050,4.013
631.075,6.125
631.100,3.486
631.125,5.205
631.150,2.816
631.175,3.913
631.200,4.330
631.225,2.831
631.250,5.715
631.275,4.218
631.300,2.287
631.325,5.180
631.350,3.796
631.375,4.525
631.400,6.259
631.425,3.907
631.450,1.750
631.475,2.423
631.500,4.118
631.525,3.425
631.550,3.806
631.575,4.184
631.600,4.456
631.625,4.919
631.650,7.303
631.675,6.121
631.700,4.978
631.725,3.964
631.750,1.493
631.775,5.282
631.800,2.761
631.825,4.734
631.850,4.729
631.875,5.706
631.900,4.062
631.925,5.639
631.950,6.658
631.975,7.133
632.000,4.939
632.025,4.515
632.050,7.517
632.075,2.352
632.100,3.604
632.125,3.107
632.150,4.189
632.175,2.009
632.200,2.736
632.225,6.790
632.250,2.260
632.275,2.343
632.300,8.666
632.325,7.264
632.350,5.701
632.375,4.541
632.400,6.198
632.425,3.994
632.450,5.443
632.475,2.081
632.500,5.010
632.525,3.278
632.550,4.409
632.575,6.533
632.600,6.608
632.625,3.382
632.650,5.957
632.675,4.845
632.700,5.082
632.725,3.851
632.750,6.306
632.775,3.506
632.800,7.197
632.825,4.252
632.850,3.776
632.875,4.881
632.900,6.161
632.925,6.258
632.950,3.947
632.975,5.650
633.000,7.101
633.025,8.527
633.050,5.870
633.075,7.875
633.100,4.000
633.125,7.043
633.150,2.704
633.175,5.949
633.200,4.648
633.225,2.501
633.250,5.811
633.275,4.852
633.300,5.364
633.325,3.125
633.350,4.868
633.375,7.589
633.400,3.552
633.425,3.963
633.450,8.942
633.475,2.703
633.500,5.756
633.525,6.352
633.550,6.708
633.575,5.321
633.600,5.436
633.625,5.612
633.650,5.860
633.675,2.349
633.700,8.066
633.725,5.362
633.750,4.261
633.775,5.078
633.800,4.385
633.825,4.968
633.850,4.975
633.875,3.757
633.900,7.232
633.925,6.817
633.950,4.331
633.975,5.338
634.000,2.178
634.025,4.475
634.050,3.235
634.075,6.022
634.100,3.823
634.125,4.694
634.150,5.657
634.175,2.769
634.200,6.066
634.225,4.730
634.250,3.242
634.275,3.504
634.300,1.672
634.325,5.026
634.350,1.769
634.375,2.554
634.400,2.225
634.425,5.244
634.450,4.722
634.475,3.430
634.500,7.130
634.525,7.963
634.550,5.746
634.575,10.708
634.600,7.536
634.625,13.079
634.650,6.719
634.675,6.383
634.700,5.411
634.725,5.600
634.750,8.210
634.775,3.226
634.800,4.677
634.825,5.930
634.850,4.830
634.875,2.848
634.900,4.798
634.925,4.098
634.950,3.419
634.975,5.398
635.000,4.507
635.025,8.323
635.050,6.909
635.075,4.310
635.100,2.408
635.125,3.424
635.150,4.970
635.175,5.238
635.200,6.778
635.225,4.109
635.250,4.184
635.275,5.396
635.300,6.406
635.325,6.055
635.350,3.912
635.375,3.123
635.400,4.200
635.425,3.059
635.450,4.519
635.475,6.442
635.500,5.860
635.525,7.167
635.550,3.014
635.575,4.271
635.600,4.378
635.625,5.366
635.650,5.157
635.675,4.665
635.700,3.087
635.725,5.931
635.750,5.817
635.775,2.165
635.800,6.330
635.825,5.669
635.850,4.716
635.875,6.077
635.900,4.316
635.925,5.590
635.950,4.104
635.975,4.019
636.000,5.866
636.025,1.958
636.050,5.468
636.075,4.026
636.100,4.055
636.125,4.178
636.150,3.227
636.175,4.631
636.200,3.906
636.225,4.939
636.250,5.362
636.275,5.381
636.300,4.909
636.325,6.281
636.350,4.424
636.375,6.371
636.400,4.893
636.425,7.439
636.450,5.467
636.475,3.805
636.500,4.040
636.525,3.723
636.550,3.096
636.575,2.755
636.600,3.089
636.625,3.314
636.650,3.393
636.675,5.978
636.700,3.865
636.725,1.668
636.750,6.270
636.775,4.464
636.800,3.093
636.825,5.296
636.850,4.186
636.875,3.382
636.900,4.120
636.925,2.688
636.950,3.650
636.975,3.359
637.000,11.122
637.025,8.999
637.050,4.023
637.075,5.532
637.100,3.518
637.125,4.689
637.150,5.780
637.175,3.569
637.200,2.564
637.225,5.504
637.250,8.770
637.275,6.278
637.300,2.518
637.325,7.382
637.350,5.068
637.375,13.220
637.400,10.436
637.425,11.082
637.450,14.384
637.475,16.956
637.500,11.514
637.525,17.206
637.550,18.795
637.575,16.622
637.600,17.358
637.625,7.845
637.650,12.712
637.675,13.792
637.700,11.693
637.725,7.666
637.750,7.278
637.775,7.831
637.800,9.031
637.825,13.654
637.850,9.580
637.875,14.111
637.900,11.382
637.925,5.772
637.950,9.959
637.975,10.613
638.000,8.060
638.025,10.652
638.050,11.944
638.075,12.358
638.100,10.121
638.125,13.457
638.150,12.087
638.175,11.463
638.200,16.810
638.225,11.755
638.250,13.914
638.275,20.662
638.300,13.987
638.325,14.922
638.350,14.351
638.375,14.288
638.400,10.689
638.425,15.219
638.450,11.300
638.475,15.778
638.500,7.890
638.525,16.950
638.550,12.227
638.575,17.745
638.600,16.344
638.625,15.457
638.650,14.977
638.675,14.137
638.700,18.519
638.725,16.733
638.750,16.856
638.775,11.772
638.800,19.785
638.825,13.750
638.850,17.827
638.875,15.917
638.900,12.858
638.925,17.524
638.950,8.664
638.975,17.130
639.000,16.572
639.025,13.304
639.050,11.663
639.075,16.123
639.100,17.845
639.125,15.254
639.150,12.091
639.175,16.447
639.200,17.137
639.225,14.285
639.250,16.737
639.275,14.080
639.300,16.870
639.325,14.051
639.350,15.775
639.375,18.448
639.400,14.933
639.425,16.356
639.450,15.171
639.475,17.958
639.500,12.393
639.525,19.714
639.550,13.358
639.575,18.866
639.600,18.162
639.625,15.931
639.650,13.544
639.675,21.640
639.700,21.615
639.725,15.790
639.750,16.316
639.775,17.651
639.800,17.231
639.825,19.457
639.850,17.410
639.875,14.522
639.900,10.738
639.925,10.928
639.950,10.595
639.975,8.521
640.000,7.753
640.025,12.465
640.050,12.704
640.075,10.734
640.100,8.928
640.125,12.882
640.150,14.136
640.175,14.536
640.200,16.612
640.225,19.323
640.250,15.202
640.275,20.027
640.300,16.273
640.325,14.867
640.350,17.962
640.375,17.363
640.400,10.746
640.425,18.189
640.450,14.348
640.475,16.042
640.500,22.414
640.525,12.483
640.550,19.291
640.575,15.592
640.600,15.288
640.625,14.655
640.650,19.849
640.675,12.468
640.700,14.785
640.725,11.883
640.750,14.930
640.775,10.299
640.800,19.791
640.825,18.912
640.850,19.468
640.875,13.337
640.900,17.457
640.925,8.204
640.950,20.662
640.975,20.676
641.000,10.211
641.025,17.321
641.050,15.716
641.075,15.468
641.100,13.422
641.125,14.455
641.150,15.345
641.175,15.815
641.200,8.412
641.225,12.971
641.250,11.953
641.275,14.913
641.300,15.227
641.325,15.337
641.350,12.909
641.375,11.479
641.400,11.568
641.425,12.736
641.450,14.326
641.475,16.919
641.500,14.654
641.525,12.864
641.550,12.277
641.575,18.363
641.600,14.771
641.625,13.600
641.650,15.379
641.675,16.715
641.700,13.696
641.725,14.358
641.750,20.718
641.775,14.089
641.800,14.206
641.825,16.411
641.850,11.807
641.875,13.202
641.900,15.456
641.925,16.820
641.950,17.939
641.975,14.492
642.000,17.629
642.025,12.506
642.050,13.641
642.075,16.674
642.100,14.358
642.125,17.526
642.150,15.397
642.175,12.832
642.200,13.644
642.225,17.624
642.250,15.663
642.275,11.927
642.300,16.032
642.325,16.642
642.350,15.807
642.375,14.688
642.400,15.902
642.425,17.100
642.450,15.677
642.475,15.465
642.500,14.065
642.525,15.425
642.550,18.130
642.575,12.634
642.600,16.508
642.625,16.128
642.650,15.221
642.675,11.969
642.700,17.840
642.725,16.230
642.750,12.843
642.775,9.246
642.800,14.700
642.825,9.031
642.850,14.421
642.875,16.273
642.900,16.900
642.925,14.883
642.950,11.072
642.975,12.545
643.000,19.182
643.025,16.574
643.050,11.398
643.075,12.271
643.100,15.977
643.125,14.428
643.150,9.902
643.175,19.388
643.200,19.424
643.225,22.429
643.250,11.255
643.275,17.251
643.300,17.922
643.325,14.182
643.350,20.539
643.375,16.028
643.400,13.132
643.425,12.943
643.450,9.673
643.475,13.196
643.500,13.347
643.525,16.671
643.550,12.360
643.575,16.115
643.600,16.866
643.625,19.210
643.650,12.054
643.675,17.778
643.700,18.709
643.725,12.267
643.750,19.513
643.775,19.477
643.800,19.780
643.825,14.758
643.850,15.968
643.875,19.059
643.900,20.406
643.925,9.321
643.950,20.543
643.975,21.329
644.000,16.728
644.025,12.215
644.050,16.703
644.075,15.848
644.100,16.621
644.125,14.095
644.150,13.189
644.175,8.942
644.200,15.157
644.225,16.574
644.250,15.442
644.275,19.323
644.300,15.799
644.325,14.383
644.350,16.631
644.375,15.771
644.400,11.212
644.425,8.802
644.450,10.051
644.475,8.043
644.500,15.151
644.525,18.625
644.550,17.134
644.575,10.034
644.600,21.454
644.625,19.105
644.650,14.834
644.675,14.600
644.700,15.449
644.725,18.647
644.750,16.036
644.775,13.279
644.800,21.681
644.825,21.248
644.850,17.559
644.875,10.860
644.900,13.821
644.925,15.753
644.950,15.116
644.975,14.778
645.000,20.943
645.025,11.526
645.050,10.910
645.075,21.541
645.100,9.336
645.125,10.412
645.150,13.635
645.175,8.571
645.200,20.408
645.225,15.384
645.250,8.252
645.275,9.921
645.300,18.495
645.325,12.771
645.350,17.005
645.375,15.583
645.400,17.928
645.425,7.156
645.450,11.155
645.475,16.886
645.500,7.936
645.525,11.669
645.550,17.856
645.575,12.298
645.600,13.486
645.625,9.035
645.650,11.264
645.675,10.258
645.700,13.740
645.725,6.450
645.750,13.394
645.775,14.202
645.800,16.753
645.825,16.255
645.850,19.877
645.875,9.544
645.900,17.206
645.925,17.679
645.950,15.806
645.975,19.636
646.000,20.553
646.025,20.110
646.050,29.000
646.075,15.161
646.100,19.736
646.125,10.302
646.150,15.685
646.175,23.812
646.200,17.525
646.225,10.992
646.250,23.115
646.275,22.313
646.300,22.503
646.325,22.695
646.350,21.487
646.375,19.695
646.400,11.522
646.425,20.066
646.450,14.140
646.475,12.831
646.500,13.887
646.525,11.904
646.550,14.097
646.575,21.689
646.600,22.323
646.625,20.370
646.650,18.723
646.675,16.594
646.700,18.605
646.725,18.402
646.750,18.479
646.775,19.110
646.800,18.877
646.825,13.460
646.850,18.751
646.875,16.252
646.900,18.472
646.925,9.590
646.950,15.785
646.975,17.697
647.000,17.414
647.025,21.247
647.050,20.564
647.075,17.435
647.100,16.984
647.125,14.148
647.150,15.903
647.175,18.814
647.200,22.155
647.225,22.706
647.250,15.070
647.275,21.030
647.300,14.730
647.325,16.642
647.350,20.015
647.375,21.349
647.400,17.189
647.425,19.558
647.450,21.759
647.475,23.851
647.500,21.150
647.525,21.359
647.550,24.973
647.575,21.734
647.600,20.294
647.625,15.659
647.650,21.490
647.675,17.564
647.700,21.357
647.725,19.400
647.750,17.591
647.775,17.847
647.800,18.184
647.825,15.873
647.850,18.460
647.875,19.145
647.900,21.798
647.925,18.833
647.950,12.776
647.975,18.371
648.000,20.087
648.025,21.604
648.050,17.784
648.075,19.902
648.100,15.628
648.125,10.867
648.150,20.501
648.175,15.915
648.200,16.636
648.225,11.004
648.250,20.164
648.275,20.224
648.300,18.493
648.325,18.755
648.350,18.413
648.375,10.286
648.400,17.319
648.425,18.938
648.450,13.116
648.475,15.725
648.500,14.973
648.525,13.799
648.550,16.203
648.575,15.174
648.600,17.947
648.625,21.639
648.650,8.655
648.675,17.882
648.700,17.703
648.725,18.170
648.750,15.407
648.775,20.145
648.800,20.833
648.825,14.154
648.850,13.447
648.875,15.823
648.900,18.437
648.925,20.197
648.950,11.444
648.975,18.984
649.000,14.309
649.025,20.071
649.050,13.316
649.075,16.710
649.100,18.852
649.125,15.263
649.150,21.107
649.175,17.669
649.200,18.156
649.225,10.884
649.250,18.678
649.275,15.188
649.300,19.078
649.325,20.966
649.350,24.908
649.375,19.323
649.400,19.974
649.425,13.854
649.450,18.389
649.475,20.446
649.500,15.094
649.525,17.336
649.550,23.212
649.575,14.343
649.600,15.369
649.625,20.855
649.650,17.664
649.675,19.504
649.700,14.930
649.725,15.140
649.750,17.082
649.775,17.507
649.800,19.773
649.825,16.874
649.850,16.421
649.875,11.319
649.900,18.057
649.925,18.073
649.950,12.620
649.975,16.476
650.000,14.169
650.025,12.817
650.050,13.664
650.075,16.332
650.100,15.314
650.125,22.242
650.150,13.583
650.175,6.379
650.200,12.799
650.225,15.013
650.250,12.998
650.275,17.383
650.300,16.339
650.325,16.069
650.350,18.229
650.375,15.848
650.400,20.675
650.425,13.726
650.450,20.119
650.475,15.999
650.500,17.843
650.525,17.260
650.550,21.753
650.575,19.589
650.600,17.062
650.625,13.044
650.650,17.736
650.675,18.100
650.700,15.433
650.725,7.286
650.750,10.946
650.775,15.485
650.800,15.530
650.825,22.678
650.850,11.760
650.875,19.369
650.900,15.597
650.925,20.515
650.950,22.494
650.975,18.567
651.000,19.522
651.025,12.322
651.050,17.707
651.075,13.668
651.100,18.116
651.125,17.197
651.150,15.256
651.175,18.779
651.200,14.183
651.225,12.841
651.250,7.031
651.275,12.465
651.300,19.418
651.325,13.978
651.350,15.007
651.375,11.345
651.400,13.461
651.425,20.534
651.450,19.047
651.475,19.655
651.500,22.018
651.525,19.856
651.550,14.610
651.575,16.964
651.600,17.074
651.625,9.567
651.650,4.651
651.675,7.969
651.700,6.386
651.725,2.901
651.750,4.565
651.775,3.916
651.800,4.591
651.825,6.183
651.850,3.347
651.875,6.263
651.900,4.032
651.925,6.582
651.950,7.121
651.975,2.688
652.000,6.740
652.025,3.223
652.050,3.978
652.075,3.992
652.100,4.138
652.125,5.280
652.150,3.900
652.175,6.238
652.200,4.876
652.225,5.983
652.250,4.976
652.275,4.025
652.300,5.797
652.325,6.191
652.350,5.154
652.375,5.188
652.400,4.682
652.425,3.270
652.450,3.779
652.475,3.233
652.500,4.569
652.525,3.845
652.550,2.814
652.575,3.669
652.600,4.218
652.625,7.422
652.650,8.745
652.675,3.031
652.700,5.759
652.725,4.208
652.750,5.966
652.775,5.398
652.800,3.399
652.825,3.616
652.850,3.778
652.875,3.127
652.900,2.514
652.925,2.818
652.950,6.556
652.975,4.891
653.000,4.200
653.025,3.188
653.050,4.147
653.075,5.752
653.100,2.326
653.125,4.338
653.150,3.170
653.175,5.309
653.200,3.248
653.225,5.292
653.250,2.790
653.275,6.476
653.300,6.804
653.325,5.178
653.350,10.329
653.375,7.681
653.400,6.611
653.425,4.102
653.450,4.655
653.475,5.128
653.500,5.239
653.525,6.116
653.550,3.535
653.575,6.109
653.600,5.560
653.625,4.102
653.650,3.466
653.675,7.566
653.700,7.476
653.725,2.646
653.750,6.316
653.775,4.491
653.800,6.138
653.825,8.600
653.850,7.459
653.875,6.515
653.900,6.801
653.925,2.017
653.950,8.512
653.975,7.467
654.000,4.905
654.025,8.263
654.050,5.216
654.075,5.666
654.100,3.827
654.125,3.834
654.150,6.729
654.175,5.464
654.200,3.466
654.225,5.754
654.250,7.100
654.275,5.207
654.300,7.163
654.325,7.320
654.350,7.815
654.375,6.135
654.400,5.342
654.425,6.310
654.450,7.216
654.475,6.948
654.500,5.900
654.525,8.326
654.550,9.131
654.575,8.782
654.600,7.166
654.625,7.087
654.650,6.469
654.675,6.040
654.700,6.542
654.725,6.677
654.750,4.571
654.775,5.193
654.800,8.772
654.825,6.788
654.850,8.002
654.875,4.244
654.900,9.002
654.925,5.752
654.950,7.592
654.975,7.352
655.000,8.722
655.025,3.298
655.050,5.662
655.075,4.349
655.100,4.848
655.125,7.175
655.150,4.673
655.175,7.207
655.200,6.316
655.225,8.013
655.250,7.610
655.275,3.547
655.300,6.734
655.325,6.794
655.350,4.250
655.375,4.952
655.400,5.378
655.425,4.653
655.450,6.751
655.475,5.464
655.500,4.861
655.525,6.532
655.550,1.904
655.575,3.006
655.600,4.583
655.625,5.801
655.650,9.676
655.675,6.976
655.700,4.680
655.725,6.439
655.750,5.168
655.775,6.981
655.800,2.983
655.825,3.297
655.850,2.832
655.875,4.716
655.900,4.951
655.925,6.232
655.950,3.952
655.975,4.675
656.000,7.446
656.025,3.787
656.050,4.029
656.075,5.294
656.100,3.749
656.125,4.761
656.150,4.270
656.175,4.764
656.200,4.359
656.225,4.807
656.250,4.750
656.275,3.402
656.300,2.879
656.325,3.488
656.350,5.307
656.375,4.458
656.400,6.249
656.425,3.943
656.450,5.589
656.475,3.592
656.500,5.298
656.525,8.340
656.550,5.701
656.575,2.670
656.600,5.642
656.625,3.020
656.650,4.260
656.675,3.751
656.700,6.903
656.725,2.806
656.750,2.860
656.775,9.104
656.800,2.684
656.825,3.813
656.850,3.622
656.875,4.284
656.900,4.470
656.925,4.774
656.950,4.528
656.975,4.428
657.000,3.296
657.025,4.751
657.050,5.052
657.075,4.056
657.100,5.213
657.125,3.220
657.150,3.453
657.175,5.718
657.200,4.217
657.225,4.122
657.250,6.001
657.275,5.669
657.300,2.781
657.325,5.371
657.350,3.948
657.375,7.858
657.400,3.311
657.425,5.195
657.450,7.182
657.475,4.355
657.500,5.746
657.525,5.661
657.550,6.050
657.575,7.423
657.600,4.886
657.625,6.145
657.650,5.471
657.675,6.195
657.700,3.953
657.725,7.486
657.750,5.068
657.775,3.933
657.800,6.088
657.825,5.968
657.850,3.775
657.875,6.745
657.900,7.463
657.925,6.960
657.950,3.477
657.975,8.408
658.000,5.366
658.025,4.963
658.050,9.696
658.075,8.308
658.100,6.839
658.125,4.880
658.150,4.715
658.175,4.819
658.200,4.288
658.225,3.960
658.250,6.039
658.275,4.714
658.300,5.530
658.325,4.258
658.350,7.179
658.375,4.619
658.400,5.373
658.425,6.551
658.450,2.887
658.475,5.779
658.500,6.869
658.525,1.823
658.550,6.165
658.575,8.149
658.600,6.011
658.625,5.993
658.650,6.671
658.675,3.508
658.700,4.718
658.725,5.862
658.750,4.788
658.775,4.883
658.800,4.739
658.825,5.844
658.850,8.065
658.875,4.224
658.900,5.392
658.925,5.865
658.950,7.109
658.975,6.911
659.000,5.424
659.025,5.310
659.050,4.567
659.075,4.582
659.100,6.309
659.125,10.304
659.150,6.484
659.175,4.101
659.200,4.904
659.225,7.343
659.250,3.305
659.275,4.528
659.300,2.498
659.325,2.862
659.350,7.227
659.375,5.098
659.400,9.805
659.425,7.286
659.450,7.434
659.475,4.424
659.500,5.100
659.525,3.723
659.550,3.976
659.575,2.385
659.600,5.101
659.625,11.343
659.650,6.061
659.675,6.197
659.700,9.540
659.725,6.275
659.750,5.423
659.775,8.503
659.800,5.733
659.825,4.498
659.850,3.501
659.875,5.399
659.900,7.633
659.925,10.435
659.950,11.101
659.975,6.545
660.000,7.925
660.025,10.031
660.050,6.718
660.075,6.194
660.100,2.959
660.125,5.500
660.150,5.684
660.175,5.614
660.200,4.290
660.225,7.332
660.250,6.016
660.275,6.165
660.300,8.233
660.325,7.984
660.350,4.607
660.375,5.978
660.400,4.987
660.425,4.506
660.450,5.717
660.475,4.128
660.500,8.449
660.525,5.504
660.550,6.165
660.575,7.454
660.600,5.138
660.625,5.672
660.650,4.886
660.675,6.069
660.700,3.462
660.725,4.421
660.750,4.463
660.775,5.387
660.800,7.759
660.825,7.112
660.850,5.233
660.875,9.084
660.900,6.954
660.925,4.015
660.950,4.955
660.975,5.383
661.000,4.012
661.025,4.017
661.050,5.026
661.075,7.956
661.100,9.722
661.125,3.350
661.150,3.892
661.175,5.207
661.200,2.722
661.225,3.259
661.250,4.544
661.275,7.800
661.300,4.903
661.325,7.381
661.350,4.913
661.375,5.493
661.400,5.445
661.425,3.330
661.450,3.477
661.475,5.153
661.500,6.075
661.525,4.098
661.550,5.280
661.575,6.279
661.600,6.627
661.625,6.748
661.650,6.202
661.675,7.499
661.700,8.207
661.725,4.694
661.750,3.636
661.775,4.229
661.800,6.716
661.825,4.948
661.850,5.874
661.875,5.681
661.900,4.278
661.925,2.591
661.950,6.060
661.975,3.701
662.000,4.145
662.025,6.791
662.050,6.131
662.075,5.153
662.100,3.543
662.125,3.025
662.150,4.764
662.175,1.462
662.200,2.728
662.225,4.139
662.250,3.628
662.275,3.328
662.300,5.643
662.325,4.865
662.350,7.715
662.375,7.373
662.400,2.103
662.425,3.627
662.450,6.360
662.475,5.003
662.500,3.560
662.525,6.399
662.550,3.149
662.575,3.803
662.600,5.293
662.625,7.937
662.650,3.707
662.675,6.776
662.700,3.030
662.725,5.504
662.750,2.907
662.775,5.566
662.800,4.063
662.825,2.768
662.850,4.220
662.875,5.561
662.900,10.330
662.925,4.105
662.950,2.976
662.975,5.568
663.000,2.622
663.025,3.187
663.050,4.138
663.075,5.498
663.100,1.574
663.125,4.288
663.150,5.107
663.175,3.483
663.200,4.327
663.225,4.874
663.250,6.981
663.275,4.894
663.300,4.681
663.325,4.289
663.350,4.105
663.375,3.792
663.400,7.162
663.425,7.264
663.450,8.835
663.475,10.176
663.500,7.666
663.525,5.688
663.550,4.342
663.575,6.390
663.600,2.787
663.625,5.491
663.650,5.861
663.675,6.630
663.700,8.821
663.725,5.798
663.750,4.490
663.775,5.030
663.800,5.708
663.825,3.188
663.850,5.122
663.875,7.198
663.900,5.702
663.925,3.641
663.950,4.364
663.975,6.454
664.000,4.444
664.025,6.036
664.050,2.927
664.075,2.944
664.100,6.524
664.125,6.330
664.150,4.950
664.175,5.949
664.200,3.918
664.225,8.352
664.250,2.765
664.275,5.208
664.300,3.953
664.325,4.150
664.350,4.358
664.375,4.716
664.400,7.509
664.425,2.756
664.450,4.044
664.475,4.210
664.500,5.646
664.525,6.960
664.550,5.196
664.575,5.412
664.600,5.387
664.625,3.726
664.650,7.228
664.675,6.408
664.700,4.327
664.725,4.443
664.750,3.486
664.775,4.701
664.800,4.063
664.825,6.218
664.850,4.223
664.875,6.137
664.900,6.840
664.925,5.890
664.950,7.885
664.975,6.584
665.000,5.925
665.025,6.362
665.050,5.162
665.075,1.345
665.100,10.682
665.125,6.307
665.150,4.606
665.175,4.807
665.200,5.440
665.225,5.969
665.250,10.246
665.275,6.296
665.300,4.070
665.325,3.630
665.350,9.875
665.375,3.637
665.400,7.868
665.425,6.260
665.450,5.901
665.475,6.779
665.500,4.557
665.525,5.632
665.550,5.469
665.575,3.788
665.600,2.779
665.625,3.911
665.650,7.616
665.675,5.523
665.700,8.148
665.725,3.043
665.750,7.203
665.775,12.751
665.800,4.210
665.825,4.747
665.850,6.678
665.875,6.889
665.900,4.156
665.925,8.857
665.950,5.896
665.975,4.634
666.000,8.049
666.025,8.749
666.050,9.974
666.075,12.544
666.100,6.978
666.125,4.113
666.150,5.197
666.175,7.401
666.200,10.638
666.225,10.472
666.250,12.265
666.275,7.587
666.300,6.714
666.325,6.112
666.350,5.857
666.375,7.183
666.400,4.944
666.425,7.301
666.450,2.643
666.475,3.737
666.500,10.872
666.525,6.982
666.550,5.261
666.575,6.431
666.600,9.607
666.625,6.869
666.650,9.202
666.675,7.586
666.700,6.816
666.725,5.088
666.750,7.003
666.775,7.716
666.800,10.814
666.825,7.728
666.850,4.675
666.875,8.791
666.900,8.319
666.925,7.560
666.950,8.909
666.975,11.369
667.000,6.836
667.025,7.278
667.050,10.156
667.075,8.502
667.100,13.485
667.125,9.299
667.150,12.085
667.175,11.522
667.200,6.003
667.225,12.266
667.250,13.745
667.275,16.229
667.300,11.672
667.325,18.774
667.350,15.692
667.375,12.528
667.400,4.943
667.425,8.210
667.450,4.167
667.475,4.232
667.500,5.761
667.525,5.846
667.550,5.777
667.575,6.747
667.600,11.326
667.625,8.919
667.650,6.875
667.675,8.211
667.700,5.576
667.725,7.742
667.750,6.808
667.775,7.397
667.800,13.638
667.825,5.120
667.850,9.300
667.875,7.253
667.900,10.321
667.925,8.123
667.950,7.667
667.975,9.889
668.000,5.368
668.025,11.224
668.050,13.878
668.075,11.464
668.100,12.313
668.125,17.120
668.150,10.589
668.175,8.754
668.200,8.024
668.225,8.259
668.250,15.523
668.275,15.633
668.300,12.288
668.325,12.691
668.350,12.066
668.375,9.722
668.400,7.509
668.425,5.259
668.450,8.010
668.475,8.191
668.500,9.029
668.525,11.517
668.550,5.892
668.575,6.095
668.600,9.893
668.625,9.386
668.650,3.727
668.675,8.118
668.700,5.800
668.725,5.446
668.750,8.298
668.775,4.609
668.800,6.445
668.825,6.933
668.850,3.428
668.875,8.058
668.900,5.648
668.925,6.581
668.950,6.740
668.975,4.665
669.000,7.795
669.025,6.539
669.050,5.846
669.075,5.151
669.100,9.381
669.125,3.195
669.150,5.086
669.175,6.985
669.200,5.279
669.225,5.408
669.250,2.073
669.275,4.977
669.300,4.731
669.325,4.534
669.350,5.729
669.375,10.411
669.400,4.267
669.425,7.017
669.450,5.688
669.475,7.373
669.500,6.057
669.525,4.879
669.550,3.085
669.575,6.709
669.600,5.089
669.625,10.569
669.650,6.914
669.675,5.440
669.700,5.127
669.725,4.729
669.750,5.660
669.775,4.503
669.800,7.940
669.825,7.935
669.850,5.027
669.875,7.535
669.900,5.587
669.925,4.887
669.950,6.617
669.975,3.880
670.000,3.233
670.025,3.877
670.050,5.182
670.075,9.119
670.100,6.104
670.125,3.199
670.150,4.987
670.175,6.365
670.200,7.364
670.225,5.564
670.250,5.652
670.275,4.015
670.300,3.880
670.325,4.405
670.350,4.775
670.375,10.211
670.400,4.171
670.425,3.046
670.450,4.524
670.475,4.589
670.500,6.562
670.525,8.267
670.550,6.646
670.575,8.841
670.600,4.133
670.625,3.072
670.650,6.851
670.675,7.077
670.700,6.218
670.725,7.529
670.750,5.805
670.775,5.343
670.800,7.420
670.825,5.376
670.850,7.782
670.875,5.189
670.900,4.213
670.925,5.415
670.950,5.004
670.975,7.887
671.000,4.432
671.025,4.302
671.050,6.155
671.075,3.480
671.100,4.323
671.125,4.309
671.150,4.574
671.175,5.792
671.200,4.573
671.225,6.369
671.250,5.143
671.275,5.934
671.300,4.484
671.325,7.078
671.350,5.216
671.375,4.570
671.400,5.556
671.425,3.189
671.450,3.432
671.475,4.456
671.500,7.130
671.525,5.452
671.550,6.055
671.575,3.471
671.600,1.947
671.625,2.667
671.650,6.136
671.675,3.674
671.700,2.996
671.725,6.308
671.750,5.719
671.775,7.176
671.800,5.301
671.825,5.613
671.850,8.515
671.875,5.011
671.900,4.149
671.925,3.342
671.950,4.736
671.975,5.343
672.000,5.957
672.025,4.670
672.050,2.081
672.075,3.539
672.100,2.966
672.125,2.032
672.150,5.242
672.175,3.548
672.200,8.660
672.225,7.004
672.250,2.919
672.275,3.686
672.300,3.615
672.325,4.500
672.350,4.246
672.375,4.909
672.400,6.229
672.425,4.768
672.450,3.683
672.475,4.836
672.500,6.221
672.525,3.015
672.550,3.822
672.575,4.121
672.600,2.733
672.625,3.837
672.650,4.867
672.675,4.564
672.700,5.167
672.725,3.652
672.750,4.240
672.775,3.264
672.800,7.230
672.825,3.956
672.850,6.622
672.875,2.995
672.900,4.481
672.925,2.748
672.950,4.977
672.975,4.148
673.000,6.894
673.025,4.191
673.050,4.105
673.075,2.977
673.100,6.773
673.125,3.887
673.150,5.487
673.175,4.722
673.200,4.133
673.225,4.269
673.250,4.753
673.275,3.000
673.300,5.796
673.325,2.995
673.350,6.168
673.375,5.612
673.400,6.030
673.425,6.458
673.450,3.545
673.475,4.836
673.500,2.225
673.525,3.925
673.550,4.344
673.575,4.951
673.600,2.273
673.625,5.035
673.650,3.326
673.675,4.666
673.700,3.854
673.725,4.786
673.750,4.337
673.775,2.603
673.800,5.244
673.825,4.347
673.850,6.249
673.875,2.469
673.900,4.740
673.925,3.321
673.950,4.838
673.975,3.131
674.000,6.890
674.025,6.917
674.050,6.449
674.075,2.728
674.100,4.501
674.125,6.650
674.150,2.996
674.175,4.525
674.200,4.789
674.225,3.843
674.250,5.020
674.275,1.485
674.300,3.783
674.325,3.847
674.350,2.846
674.375,4.923
674.400,4.635
674.425,5.786
674.450,9.495
674.475,4.153
674.500,6.187
674.525,4.194
674.550,3.920
674.575,3.517
674.600,3.409
674.625,4.257
674.650,4.829
674.675,4.449
674.700,2.885
674.725,3.953
674.750,3.553
674.775,4.484
674.800,2.015
674.825,6.544
674.850,7.901
674.875,6.372
674.900,3.013
674.925,11.303
674.950,3.583
674.975,3.522
675.000,2.932
675.025,3.329
675.050,7.581
675.075,5.197
675.100,1.956
675.125,5.147
675.150,5.311
675.175,4.992
675.200,3.862
675.225,4.568
675.250,3.667
675.275,3.360
675.300,6.670
675.325,2.636
675.350,3.988
675.375,3.298
675.400,5.746
675.425,5.487
675.450,3.704
675.475,6.012
675.500,2.875
675.525,4.519
675.550,4.116
675.575,3.414
675.600,5.907
675.625,3.526
675.650,2.867
675.675,5.924
675.700,6.518
675.725,4.402
675.750,7.423
675.775,4.143
675.800,3.385
675.825,6.652
675.850,4.191
675.875,4.822
675.900,3.239
675.925,2.654
675.950,5.065
675.975,3.827
676.000,7.603
676.025,4.525
676.050,6.212
676.075,5.954
676.100,4.471
676.125,3.773
676.150,4.709
676.175,3.378
676.200,8.657
676.225,3.322
676.250,4.784
676.275,4.231
676.300,4.427
676.325,4.377
676.350,6.248
676.375,6.951
676.400,4.765
676.425,7.050
676.450,6.793
676.475,2.920
676.500,5.279
676.525,6.012
676.550,2.469
676.575,3.645
676.600,4.883
676.625,3.786
676.650,3.470
676.675,5.751
676.700,4.112
676.725,4.256
676.750,6.956
676.775,3.758
676.800,4.069
676.825,3.731
676.850,5.032
676.875,5.216
676.900,5.569
676.925,2.652
676.950,7.741
676.975,5.195
677.000,7.546
677.025,5.017
677.050,10.205
677.075,8.989
677.100,3.454
677.125,3.414
677.150,3.376
677.175,4.930
677.200,4.222
677.225,7.209
677.250,3.383
677.275,3.618
677.300,6.357
677.325,7.741
677.350,3.304
677.375,7.136
677.400,10.437
677.425,7.126
677.450,7.445
677.475,10.121
677.500,14.879
677.525,11.045
677.550,10.656
677.575,9.914
677.600,6.332
677.625,6.708
677.650,7.653
677.675,7.664
677.700,9.591
677.725,5.013
677.750,5.101
677.775,10.154
677.800,6.494
677.825,6.917
677.850,3.361
677.875,5.391
677.900,6.271
677.925,9.090
677.950,2.646
677.975,5.330
678.000,4.300
678.025,4.521
678.050,4.880
678.075,5.748
678.100,5.485
678.125,7.033
678.150,3.198
678.175,2.452
678.200,3.839
678.225,4.242
678.250,4.308
678.275,6.705
678.300,3.732
678.325,2.960
678.350,3.673
678.375,3.605
678.400,5.032
678.425,3.603
678.450,7.470
678.475,8.332
678.500,4.408
678.525,4.284
678.550,5.569
678.575,3.306
678.600,5.880
678.625,5.238
678.650,4.105
678.675,2.684
678.700,7.321
678.725,3.798
678.750,4.501
678.775,2.788
678.800,6.694
678.825,5.778
678.850,4.255
678.875,2.939
678.900,5.323
678.925,2.512
678.950,5.936
678.975,5.085
679.000,4.177
679.025,5.283
679.050,2.574
679.075,2.640
679.100,2.774
679.125,4.326
679.150,4.757
679.175,6.296
679.200,3.842
679.225,3.518
679.250,4.078
679.275,4.122
679.300,3.248
679.325,3.795
679.350,3.978
679.375,2.954
679.400,7.610
679.425,2.412
679.450,5.765
679.475,2.358
679.500,3.266
679.525,5.298
679.550,6.216
679.575,6.977
679.600,4.627
679.625,3.945
679.650,5.658
679.675,3.538
679.700,5.254
679.725,4.683
679.750,3.548
679.775,5.528
679.800,5.345
679.825,3.833
679.850,4.885
679.875,3.061
679.900,5.501
679.925,4.394
679.950,3.193
679.975,3.476
680.000,3.515
680.025,5.193
680.050,2.919
680.075,3.950
680.100,4.523
680.125,3.717
680.150,5.455
680.175,5.073
680.200,5.267
680.225,5.147
680.250,5.160
680.275,4.939
680.300,6.141
680.325,4.695
680.350,6.044
680.375,3.803
680.400,3.308
680.425,4.679
680.450,6.041
680.475,3.505
680.500,5.030
680.525,8.238
680.550,6.022
680.575,3.111
680.600,2.228
680.625,3.515
680.650,5.768
680.675,1.943
680.700,4.743
680.725,3.297
680.750,3.566
680.775,5.204
680.800,6.590
680.825,5.746
680.850,2.468
680.875,5.818
680.900,6.730
680.925,6.522
680.950,6.737
680.975,4.817
681.000,4.705
681.025,4.473
681.050,3.171
681.075,6.149
681.100,3.892
681.125,5.020
681.150,7.572
681.175,7.529
681.200,4.602
681.225,3.051
681.250,3.324
681.275,3.565
681.300,3.274
681.325,8.673
681.350,6.448
681.375,11.891
681.400,5.666
681.425,12.093
681.450,7.887
681.475,5.884
681.500,8.236
681.525,10.527
681.550,7.613
681.575,9.597
681.600,9.737
681.625,6.764
681.650,5.401
681.675,6.029
681.700,10.088
681.725,6.381
681.750,5.425
681.775,5.157
681.800,7.395
681.825,4.078
681.850,8.126
681.875,5.955
681.900,12.529
681.925,7.646
681.950,12.345
681.975,7.901
682.000,15.549
682.025,7.593
682.050,4.524
682.075,4.990
682.100,3.360
682.125,10.518
682.150,4.395
682.175,8.836
682.200,12.021
682.225,10.971
682.250,7.665
682.275,3.744
682.300,4.144
682.325,3.099
682.350,6.245
682.375,8.544
682.400,4.417
682.425,7.485
682.450,6.446
682.475,7.619
682.500,9.223
682.525,17.190
682.550,4.015
682.575,4.557
682.600,6.944
682.625,4.977
682.650,9.259
682.675,5.386
682.700,4.647
682.725,5.608
682.750,6.991
682.775,7.232
682.800,9.063
682.825,2.530
682.850,2.707
682.875,7.315
682.900,3.461
682.925,2.705
682.950,3.439
682.975,2.349
683.000,3.783
683.025,5.913
683.050,8.965
683.075,5.325
683.100,6.102
683.125,3.790
683.150,4.541
683.175,5.180
683.200,4.493
683.225,2.441
683.250,5.787
683.275,3.913
683.300,5.205
683.325,3.633
683.350,4.360
683.375,3.685
683.400,4.090
683.425,4.718
683.450,3.491
683.475,3.462
683.500,6.936
683.525,3.821
683.550,5.984
683.575,3.499
683.600,4.102
683.625,7.821
683.650,4.656
683.675,3.276
683.700,6.901
683.725,3.928
683.750,7.996
683.775,3.579
683.800,2.933
683.825,3.904
683.850,4.890
683.875,6.144
683.900,7.070
683.925,2.849
683.950,5.918
683.975,6.184
684.000,2.582
684.025,5.104
684.050,3.147
684.075,4.737
684.100,4.810
684.125,5.228
684.150,9.462
684.175,2.668
684.200,9.217
684.225,9.265
684.250,6.919
684.275,6.960
684.300,7.971
684.325,6.479
684.350,11.890
684.375,11.743
684.400,18.026
684.425,14.715
684.450,12.222
684.475,6.946
684.500,8.370
684.525,11.136
684.550,5.735
684.575,6.226
684.600,6.684
684.625,1.753
684.650,6.329
684.675,3.741
684.700,4.195
684.725,4.486
684.750,4.963
684.775,5.240
684.800,2.363
684.825,4.971
684.850,5.907
684.875,8.153
684.900,3.733
684.925,5.248
684.950,6.858
684.975,2.293
685.000,3.662
685.025,3.229
685.050,3.237
685.075,3.616
685.100,4.238
685.125,5.947
685.150,3.183
685.175,3.351
685.200,6.090
685.225,2.804
685.250,5.942
685.275,4.302
685.300,6.051
685.325,7.043
685.350,4.384
685.375,6.099
685.400,4.945
685.425,2.111
685.450,4.718
685.475,3.932
685.500,4.442
685.525,3.375
685.550,5.101
685.575,3.246
685.600,3.568
685.625,3.108
685.650,2.955
685.675,2.874
685.700,2.617
685.725,2.405
685.750,4.523
685.775,4.235
685.800,3.398
685.825,3.398
685.850,1.618
685.875,3.698
685.900,7.316
685.925,4.196
685.950,6.787
685.975,3.587
686.000,3.561
686.025,3.056
686.050,6.352
686.075,5.405
686.100,5.233
686.125,4.791
686.150,6.656
686.175,5.608
686.200,5.552
686.225,4.460
686.250,6.259
686.275,3.029
686.300,2.041
686.325,5.078
686.350,3.047
686.375,2.354
686.400,3.398
686.425,4.130
686.450,4.279
686.475,3.817
686.500,5.311
686.525,4.149
686.550,6.250
686.575,4.968
686.600,4.968
686.625,3.365
686.650,5.421
686.675,5.959
686.700,4.931
686.725,5.356
686.750,5.561
686.775,6.010
686.800,4.622
686.825,4.728
686.850,5.402
686.875,3.161
686.900,3.768
686.925,3.068
686.950,2.347
686.975,5.372
687.000,4.006
687.025,2.073
687.050,3.163
687.075,5.535
687.100,2.710
687.125,5.207
687.150,3.535
687.175,7.743
687.200,3.155
687.225,3.827
687.250,4.056
687.275,3.667
687.300,6.278
687.325,3.957
687.350,3.439
687.375,4.342
687.400,4.241
687.425,5.069
687.450,4.940
687.475,3.252
687.500,3.309
687.525,3.306
687.550,3.844
687.575,4.511
687.600,6.576
687.625,2.818
687.650,2.660
687.675,7.627
687.700,3.077
687.725,3.460
687.750,4.084
687.775,6.241
687.800,4.683
687.825,3.817
687.850,6.109
687.875,1.176
687.900,5.708
687.925,2.810
687.950,3.365
687.975,2.676
688.000,4.379
688.025,3.593
688.050,4.963
688.075,3.559
688.100,4.569
688.125,5.061
688.150,3.594
688.175,3.667
688.200,3.680
688.225,2.122
688.250,3.531
688.275,4.781
688.300,4.569
688.325,5.249
688.350,4.457
688.375,7.330
688.400,2.957
688.425,2.677
688.450,4.716
688.475,3.134
688.500,4.923
688.525,7.743
688.550,8.029
688.575,2.284
688.600,1.944
688.625,5.910
688.650,1.275
688.675,3.337
688.700,4.804
688.725,5.354
688.750,5.595
688.775,4.776
688.800,7.272
688.825,5.975
688.850,5.801
688.875,7.168
688.900,5.989
688.925,3.443
688.950,4.406
688.975,5.903
689.000,7.384
689.025,3.983
689.050,5.341
689.075,2.443
689.100,2.216
689.125,2.697
689.150,2.749
689.175,6.736
689.200,5.754
689.225,5.584
689.250,6.556
689.275,6.191
689.300,2.757
689.325,7.082
689.350,4.158
689.375,4.234
689.400,5.279
689.425,3.883
689.450,4.010
689.475,3.310
689.500,4.928
689.525,3.196
689.550,7.595
689.575,6.819
689.600,2.420
689.625,3.589
689.650,4.605
689.675,2.682
689.700,5.824
689.725,5.239
689.750,2.941
689.775,4.991
689.800,2.893
689.825,4.924
689.850,1.920
689.875,5.353
689.900,5.206
689.925,6.711
689.950,4.550
689.975,1.965
690.000,3.085
690.025,3.400
690.050,5.259
690.075,5.633
690.100,4.447
690.125,4.243
690.150,4.283
690.175,4.721
690.200,3.881
690.225,3.970
690.250,4.723
690.275,5.480
690.300,3.531
690.325,3.820
690.350,2.948
690.375,3.996
690.400,5.657
690.425,7.905
690.450,3.938
690.475,3.572
690.500,2.392
690.525,5.912
690.550,5.736
690.575,4.560
690.600,6.541
690.625,8.321
690.650,4.703
690.675,3.963
690.700,4.568
690.725,3.413
690.750,5.361
690.775,3.781
690.800,4.068
690.825,5.031
690.850,3.858
690.875,7.519
690.900,3.697
690.925,6.531
690.950,6.561
690.975,4.163
691.000,3.450
691.025,5.226
691.050,6.117
691.075,3.577
691.100,3.817
691.125,3.426
691.150,4.152
691.175,3.394
691.200,4.437
691.225,7.768
691.250,3.066
691.275,1.447
691.300,5.394
691.325,5.960
691.350,3.937
691.375,7.243
691.400,5.487
691.425,6.684
691.450,5.614
691.475,7.422
691.500,4.489
691.525,3.078
691.550,4.217
691.575,5.028
691.600,3.445
691.625,8.359
691.650,3.776
691.675,5.332
691.700,5.573
691.725,7.003
691.750,11.153
691.775,4.389
691.800,5.149
691.825,7.199
691.850,4.825
691.875,5.005
691.900,4.514
691.925,4.778
691.950,4.106
691.975,4.797
692.000,5.879
692.025,4.569
692.050,2.994
692.075,4.050
692.100,2.953
692.125,3.571
692.150,6.699
692.175,4.777
692.200,3.595
692.225,5.312
692.250,3.718
692.275,3.984
692.300,4.620
692.325,4.120
692.350,6.205
692.375,5.135
692.400,5.772
692.425,5.504
692.450,3.695
692.475,4.536
692.500,2.283
692.525,4.145
692.550,5.600
692.575,6.581
692.600,4.301
692.625,4.480
692.650,7.080
692.675,5.117
692.700,5.345
692.725,3.477
692.750,4.021
692.775,7.039
692.800,3.902
692.825,5.142
692.850,6.756
692.875,4.562
692.900,3.191
692.925,5.925
692.950,10.715
692.975,7.403
693.000,4.987
693.025,6.845
693.050,13.319
693.075,4.219
693.100,4.817
693.125,4.667
693.150,4.802
693.175,3.956
693.200,2.919
693.225,4.658
693.250,6.802
693.275,5.132
693.300,2.366
693.325,3.113
693.350,5.534
693.375,5.949
693.400,3.897
693.425,2.577
693.450,3.798
693.475,4.114
693.500,4.994
693.525,2.725
693.550,5.049
693.575,4.248
693.600,5.828
693.625,3.059
693.650,3.005
693.675,4.741
693.700,5.182
693.725,5.217
693.750,4.153
693.775,3.403
693.800,2.703
693.825,6.657
693.850,5.290
693.875,2.726
693.900,5.012
693.925,3.346
693.950,5.022
693.975,4.330
694.000,4.591
694.025,4.456
694.050,3.507
694.075,4.663
694.100,3.670
694.125,5.834
694.150,6.716
694.175,5.015
694.200,3.392
694.225,7.017
694.250,3.467
694.275,3.178
694.300,5.052
694.325,6.237
694.350,2.274
694.375,4.270
694.400,3.884
694.425,6.179
694.450,2.909
694.475,2.120
694.500,4.023
694.525,4.005
694.550,6.254
694.575,4.438
694.600,6.471
694.625,3.704
694.650,6.685
694.675,6.020
694.700,5.812
694.725,2.935
694.750,4.550
694.775,9.009
694.800,4.613
694.825,3.627
694.850,3.916
694.875,4.294
694.900,2.775
694.925,4.234
694.950,4.772
694.975,3.891
695.000,5.523
695.025,3.822
695.050,3.302
695.075,4.180
695.100,3.851
695.125,2.924
695.150,3.732
695.175,5.507
695.200,3.173
695.225,3.727
695.250,7.803
695.275,7.089
695.300,2.531
695.325,4.690
695.350,5.434
695.375,2.943
695.400,1.190
695.425,2.712
695.450,4.098
695.475,4.230
695.500,4.939
695.525,4.494
695.550,3.350
695.575,5.256
695.600,5.435
695.625,3.870
695.650,3.722
695.675,4.518
695.700,3.015
695.725,3.106
695.750,6.843
695.775,4.366
695.800,2.797
695.825,6.289
695.850,4.649
695.875,6.070
695.900,4.531
695.925,2.947
695.950,6.666
695.975,4.352
696.000,6.057
696.025,6.827
696.050,4.362
696.075,4.274
696.100,4.140
696.125,5.334
696.150,5.725
696.175,5.785
696.200,4.278
696.225,5.254
696.250,3.821
696.275,4.873
696.300,5.497
696.325,4.419
696.350,5.170
696.375,5.382
696.400,7.836
696.425,3.354
696.450,4.518
696.475,7.491
696.500,7.017
696.525,4.710
696.550,3.446
696.575,4.732
696.600,5.203
696.625,2.851
696.650,6.003
696.675,5.693
696.700,4.653
696.725,5.650
696.750,3.048
696.775,4.665
696.800,5.984
696.825,5.891
696.850,3.228
696.875,2.326
696.900,3.779
696.925,5.143
696.950,2.709
696.975,4.197
697.000,5.977
697.025,6.349
697.050,5.887
697.075,4.880
697.100,3.592
697.125,7.029
697.150,5.130
697.175,5.455
697.200,2.773
697.225,2.698
697.250,4.749
697.275,4.165
697.300,3.110
697.325,6.664
697.350,5.042
697.375,2.618
697.400,4.049
697.425,7.018
697.450,4.459
697.475,3.980
697.500,4.019
697.525,4.257
697.550,4.711
697.575,3.976
697.600,3.396
697.625,5.026
697.650,3.332
697.675,3.103
697.700,5.081
697.725,3.857
697.750,5.882
697.775,4.764
697.800,4.418
697.825,5.188
697.850,2.848
697.875,3.774
697.900,12.242
697.925,8.777
697.950,7.080
697.975,5.410
698.000,4.193
698.025,3.679
698.050,6.750
698.075,6.547
698.100,3.661
698.125,4.917
698.150,5.332
698.175,4.317
698.200,3.625
698.225,3.269
698.250,4.382
698.275,4.997
698.300,3.679
698.325,4.765
698.350,5.055
698.375,4.232
698.400,6.145
698.425,3.342
698.450,5.349
698.475,4.677
698.500,3.762
698.525,6.016
698.550,4.483
698.575,12.232
698.600,5.668
698.625,3.712
698.650,4.271
698.675,3.863
698.700,5.662
698.725,5.818
698.750,5.644
698.775,5.540
698.800,3.709
698.825,4.755
698.850,3.635
698.875,3.771
698.900,4.638
698.925,4.687
698.950,5.890
698.975,12.572
699.000,4.416
699.025,3.907
699.050,4.744
699.075,7.430
699.100,3.866
699.125,3.598
699.150,4.533
699.175,3.717
699.200,3.470
699.225,4.428
699.250,4.885
699.275,6.019
699.300,4.727
699.325,4.389
699.350,4.791
699.375,2.663
699.400,5.038
699.425,2.953
699.450,5.141
699.475,3.600
699.500,5.905
699.525,2.806
699.550,5.230
699.575,7.299
699.600,10.443
699.625,4.976
699.650,4.856
699.675,5.905
699.700,2.937
699.725,5.177
699.750,4.329
699.775,3.060
699.800,5.706
699.825,3.114
699.850,2.319
699.875,4.186
699.900,5.227
699.925,6.881
699.950,7.115
699.975,2.465
700.000,6.497
700.025,3.198
700.050,5.200
700.075,6.008
700.100,3.841
700.125,7.070
700.150,4.926
700.175,6.377
700.200,3.051
700.225,6.915
700.250,4.239
700.275,5.766
700.300,5.593
700.325,5.177
700.350,7.505
700.375,2.958
700.400,2.781
700.425,2.160
700.450,1.596
700.475,3.123
700.500,3.482
700.525,3.929
700.550,7.011
700.575,6.104
700.600,6.565
700.625,5.551
700.650,5.001
700.675,3.141
700.700,5.480
700.725,5.041
700.750,3.822
700.775,4.589
700.800,6.592
700.825,5.512
700.850,5.422
700.875,3.868
700.900,4.356
700.925,5.651
700.950,3.610
700.975,7.200
701.000,8.429
701.025,6.509
701.050,5.473
701.075,7.736
701.100,4.620
701.125,6.455
701.150,7.762
701.175,6.642
701.200,3.872
701.225,4.832
701.250,8.089
701.275,8.527
701.300,6.441
701.325,8.309
701.350,7.813
701.375,13.491
701.400,12.478
701.425,15.309
701.450,16.373
701.475,8.358
701.500,15.114
701.525,19.567
701.550,18.939
701.575,13.420
701.600,8.842
701.625,9.741
701.650,7.278
701.675,7.220
701.700,4.492
701.725,8.858
701.750,6.451
701.775,9.834
701.800,8.348
701.825,2.480
701.850,3.756
701.875,4.339
701.900,5.161
701.925,6.070
701.950,3.379
701.975,7.208
702.000,4.999
702.025,6.899
702.050,5.490
702.075,3.739
702.100,4.775
702.125,6.607
702.150,4.962
702.175,7.714
702.200,4.119
702.225,4.587
702.250,5.095
702.275,5.650
702.300,6.995
702.325,6.277
702.350,9.038
702.375,3.695
702.400,6.937
702.425,4.971
702.450,7.267
702.475,6.581
702.500,7.010
702.525,5.580
702.550,7.701
702.575,5.696
702.600,5.497
702.625,3.984
702.650,5.415
702.675,2.544
702.700,6.694
702.725,3.143
702.750,6.036
702.775,4.776
702.800,6.443
702.825,4.043
702.850,4.259
702.875,5.061
702.900,7.622
702.925,5.258
702.950,5.838
702.975,4.557
703.000,5.005
703.025,3.528
703.050,3.376
703.075,6.693
703.100,6.277
703.125,4.166
703.150,4.798
703.175,7.891
703.200,2.935
703.225,9.318
703.250,7.820
703.275,4.668
703.300,5.184
703.325,5.850
703.350,11.966
703.375,8.734
703.400,7.337
703.425,7.274
703.450,3.659
703.475,11.837
703.500,8.260
703.525,6.510
703.550,6.480
703.575,6.215
703.600,8.029
703.625,4.453
703.650,8.412
703.675,9.232
703.700,10.140
703.725,10.998
703.750,8.328
703.775,14.031
703.800,4.787
703.825,6.222
703.850,4.033
703.875,8.935
703.900,2.972
703.925,4.680
703.950,14.745
703.975,5.450
704.000,11.688
704.025,10.110
704.050,5.174
704.075,18.346
704.100,4.697
704.125,12.586
704.150,3.621
704.175,4.086
704.200,11.640
704.225,6.747
704.250,7.846
704.275,5.451
704.300,10.321
704.325,6.615
704.350,17.090
704.375,10.274
704.400,4.964
704.425,13.303
704.450,6.689
704.475,9.069
704.500,3.602
704.525,4.383
704.550,5.659
704.575,6.941
704.600,5.915
704.625,7.581
704.650,7.555
704.675,5.164
704.700,6.154
704.725,3.867
704.750,3.638
704.775,10.560
704.800,9.321
704.825,2.504
704.850,7.358
704.875,4.817
704.900,3.151
704.925,4.808
704.950,5.880
704.975,7.335
705.000,4.912
705.025,5.517
705.050,6.120
705.075,4.744
705.100,5.246
705.125,5.828
705.150,5.865
705.175,7.843
705.200,3.980
705.225,3.485
705.250,5.018
705.275,4.149
705.300,3.390
705.325,5.916
705.350,3.029
705.375,3.412
705.400,5.624
705.425,6.358
705.450,2.978
705.475,3.610
705.500,3.154
705.525,5.463
705.550,2.612
705.575,5.487
705.600,5.081
705.625,7.287
705.650,4.130
705.675,5.177
705.700,2.688
705.725,3.978
705.750,4.744
705.775,2.953
705.800,3.788
705.825,3.293
705.850,4.788
705.875,5.487
705.900,1.985
705.925,3.429
705.950,4.737
705.975,3.212
706.000,5.417
706.025,6.417
706.050,6.226
706.075,5.009
706.100,5.062
706.125,4.527
706.150,3.162
706.175,5.741
706.200,4.123
706.225,6.150
706.250,6.059
706.275,3.917
706.300,3.582
706.325,5.645
706.350,3.916
706.375,6.075
706.400,3.783
706.425,4.439
706.450,3.271
706.475,4.863
706.500,4.249
706.525,4.759
706.550,7.097
706.575,6.573
706.600,5.255
706.625,3.201
706.650,3.256
706.675,4.585
706.700,3.513
706.725,4.853
706.750,3.445
706.775,5.627
706.800,3.241
706.825,5.426
706.850,7.746
706.875,6.335
706.900,4.729
706.925,2.624
706.950,3.958
706.975,5.444
707.000,6.317
707.025,3.756
707.050,5.197
707.075,5.013
707.100,8.936
707.125,3.933
707.150,5.034
707.175,5.450
707.200,2.646
707.225,4.758
707.250,4.356
707.275,3.590
707.300,3.322
707.325,2.996
707.350,6.024
707.375,7.548
707.400,6.095
707.425,4.763
707.450,8.388
707.475,4.403
707.500,5.823
707.525,3.553
707.550,7.261
707.575,2.781
707.600,4.817
707.625,4.219
707.650,4.394
707.675,4.355
707.700,6.103
707.725,3.398
707.750,3.813
707.775,7.043
707.800,3.771
707.825,6.009
707.850,4.868
707.875,6.910
707.900,7.371
707.925,5.728
707.950,4.173
707.975,7.996
708.000,7.828
708.025,12.584
708.050,8.157
708.075,5.812
708.100,11.435
708.125,4.944
708.150,2.421
708.175,8.924
708.200,13.467
708.225,7.180
708.250,6.907
708.275,9.203
708.300,8.441
708.325,17.555
708.350,25.652
708.375,11.641
708.400,5.366
708.425,19.363
708.450,12.290
708.475,13.063
708.500,6.833
708.525,8.116
708.550,8.309
708.575,10.394
708.600,6.663
708.625,5.705
708.650,6.087
708.675,5.157
708.700,3.417
708.725,4.420
708.750,5.603
708.775,3.063
708.800,5.268
708.825,6.500
708.850,7.365
708.875,7.658
708.900,2.239
708.925,5.258
708.950,3.510
708.975,5.669
709.000,2.472
709.025,6.686
709.050,3.702
709.075,3.936
709.100,7.036
709.125,3.838
709.150,3.877
709.175,3.931
709.200,3.623
709.225,4.672
709.250,3.498
709.275,5.453
709.300,4.243
709.325,3.396
709.350,4.890
709.375,2.172
709.400,6.104
709.425,4.817
709.450,3.533
709.475,6.292
709.500,4.801
709.525,3.964
709.550,3.843
709.575,3.706
709.600,4.713
709.625,3.612
709.650,5.198
709.675,2.735
709.700,4.291
709.725,3.731
709.750,4.819
709.775,5.101
709.800,4.262
709.825,6.724
709.850,7.184
709.875,1.240
709.900,4.250
709.925,3.590
709.950,6.441
709.975,3.859
710.000,3.176
710.025,2.974
710.050,5.974
710.075,4.646
710.100,2.681
710.125,3.996
710.150,2.205
710.175,3.556
710.200,3.577
710.225,4.129
710.250,4.676
710.275,2.471
710.300,3.165
710.325,6.698
710.350,4.830
710.375,6.327
710.400,4.685
710.425,4.746
710.450,4.155
710.475,2.882
710.500,3.684
710.525,3.962
710.550,4.642
710.575,3.655
710.600,4.321
710.625,3.181
710.650,2.988
710.675,3.369
710.700,6.316
710.725,5.872
710.750,4.735
710.775,7.245
710.800,4.222
710.825,2.524
710.850,3.105
710.875,4.280
710.900,4.642
710.925,5.986
710.950,4.616
710.975,2.914
711.000,3.496
711.025,4.634
711.050,7.643
711.075,2.906
711.100,3.513
711.125,4.407
711.150,5.127
711.175,3.629
711.200,5.586
711.225,4.141
711.250,5.739
711.275,4.904
711.300,4.932
711.325,8.094
711.350,7.099
711.375,3.754
711.400,5.104
711.425,5.057
711.450,6.484
711.475,4.657
711.500,6.190
711.525,4.883
711.550,1.853
711.575,4.647
711.600,3.499
711.625,4.543
711.650,4.679
711.675,5.858
711.700,2.856
711.725,5.182
711.750,3.873
711.775,6.147
711.800,5.979
711.825,4.105
711.850,4.411
711.875,1.003
711.900,3.547
711.925,4.280
711.950,6.439
711.975,5.588
712.000,3.639
712.025,4.153
712.050,4.246
712.075,6.525
712.100,4.632
712.125,6.788
712.150,3.546
712.175,3.964
712.200,4.746
712.225,5.486
712.250,4.293
712.275,4.869
712.300,4.288
712.325,3.017
712.350,4.619
712.375,2.957
712.400,5.040
712.425,5.071
712.450,4.579
712.475,5.576
712.500,3.131
712.525,4.032
712.550,8.459
712.575,6.628
712.600,4.413
712.625,3.464
712.650,2.619
712.675,5.697
712.700,7.164
712.725,7.200
712.750,8.185
712.775,6.465
712.800,4.093
712.825,5.647
712.850,3.848
712.875,5.547
712.900,3.674
712.925,2.797
712.950,2.652
712.975,3.940
713.000,7.319
713.025,3.893
713.050,1.577
713.075,3.257
713.100,7.839
713.125,2.743
713.150,5.682
713.175,2.710
713.200,6.681
713.225,7.444
713.250,3.622
713.275,4.159
713.300,5.311
713.325,10.215
713.350,5.083
713.375,5.545
713.400,4.846
713.425,4.940
713.450,2.774
713.475,5.042
713.500,5.051
713.525,4.481
713.550,5.399
713.575,5.484
713.600,4.245
713.625,3.425
713.650,6.519
713.675,4.709
713.700,8.215
713.725,8.294
713.750,3.857
713.775,4.265
713.800,2.973
713.825,4.441
713.850,2.212
713.875,3.105
713.900,5.911
713.925,4.971
713.950,3.712
713.975,4.937
714.000,5.999
714.025,4.912
714.050,4.784
714.075,6.928
714.100,9.258
714.125,5.727
714.150,5.961
714.175,4.796
714.200,5.758
714.225,4.439
714.250,4.628
714.275,3.230
714.300,3.261
714.325,3.602
714.350,1.985
714.375,3.510
714.400,5.451
714.425,2.091
714.450,3.238
714.475,5.116
714.500,2.848
714.525,3.844
714.550,4.744
714.575,6.360
714.600,3.711
714.625,5.977
714.650,4.142
714.675,4.520
714.700,6.503
714.725,4.509
714.750,4.831
714.775,4.413
714.800,7.731
714.825,5.139
714.850,5.126
714.875,3.397
714.900,3.602
714.925,6.105
714.950,4.402
714.975,3.724
715.000,8.037
715.025,7.166
715.050,5.608
715.075,7.164
715.100,6.851
715.125,5.226
715.150,2.935
715.175,7.299
715.200,4.948
715.225,6.306
715.250,4.028
715.275,3.408
715.300,7.307
715.325,5.404
715.350,2.480
715.375,8.148
715.400,5.343
715.425,1.987
715.450,5.464
715.475,4.475
715.500,5.396
715.525,5.070
715.550,5.170
715.575,4.131
715.600,5.856
715.625,3.703
715.650,3.243
715.675,5.672
715.700,4.401
715.725,3.855
715.750,3.903
715.775,5.704
715.800,4.506
715.825,3.076
715.850,4.745
715.875,4.023
715.900,7.192
715.925,4.255
715.950,4.058
715.975,2.323
716.000,3.427
716.025,3.426
716.050,6.352
716.075,3.007
716.100,4.924
716.125,5.250
716.150,4.065
716.175,5.699
716.200,8.077
716.225,5.905
716.250,4.967
716.275,3.611
716.300,7.567
716.325,1.948
716.350,3.080
716.375,1.902
716.400,6.854
716.425,6.003
716.450,4.475
716.475,5.996
716.500,7.278
716.525,8.157
716.550,5.244
716.575,4.224
716.600,5.086
716.625,7.765
716.650,3.394
716.675,2.383
716.700,3.367
716.725,9.307
716.750,2.916
716.775,7.057
716.800,4.613
716.825,3.885
716.850,6.833
716.875,3.920
716.900,4.009
716.925,3.848
716.950,5.468
716.975,5.154
717.000,4.704
717.025,3.072
717.050,5.436
717.075,6.643
717.100,3.958
717.125,4.096
717.150,4.186
717.175,4.204
717.200,6.535
717.225,5.807
717.250,2.132
717.275,6.886
717.300,4.103
717.325,6.962
717.350,4.245
717.375,7.536
717.400,5.372
717.425,5.103
717.450,5.131
717.475,6.675
717.500,3.680
717.525,6.918
717.550,4.728
717.575,3.448
717.600,5.466
717.625,5.511
717.650,6.699
717.675,3.277
717.700,6.458
717.725,6.631
717.750,7.493
717.775,4.004
717.800,3.172
717.825,5.664
717.850,5.508
717.875,5.760
717.900,9.563
717.925,5.067
717.950,6.454
717.975,4.681
718.000,5.825
718.025,9.936
718.050,9.534
718.075,5.555
718.100,7.720
718.125,10.271
718.150,6.616
718.175,8.798
718.200,7.109
718.225,8.147
718.250,9.818
718.275,7.882
718.300,10.155
718.325,13.123
718.350,14.700
718.375,8.529
718.400,13.032
718.425,12.398
718.450,9.509
718.475,10.630
718.500,12.150
718.525,14.387
718.550,15.982
718.575,19.214
718.600,15.195
718.625,17.129
718.650,13.218
718.675,9.944
718.700,11.376
718.725,15.291
718.750,13.051
718.775,16.103
718.800,14.101
718.825,7.385
718.850,10.976
718.875,11.234
718.900,9.965
718.925,6.451
718.950,8.762
718.975,8.689
719.000,12.148
719.025,6.079
719.050,6.280
719.075,9.705
719.100,5.343
719.125,7.435
719.150,6.823
719.175,8.126
719.200,5.597
719.225,6.520
719.250,6.140
719.275,5.709
719.300,5.353
719.325,8.496
719.350,3.937
719.375,8.860
719.400,6.326
719.425,4.980
719.450,10.187
719.475,5.874
719.500,7.450
719.525,7.345
719.550,5.442
719.575,5.412
719.600,7.466
719.625,7.905
719.650,10.902
719.675,8.892
719.700,6.899
719.725,9.698
719.750,9.127
719.775,6.649
719.800,10.453
719.825,10.142
719.850,3.742
719.875,4.231
719.900,7.723
719.925,3.215
719.950,4.118
719.975,3.733
720.000,2.068
720.025,5.604
720.050,2.724
720.075,3.934
720.100,3.398
720.125,3.204
720.150,5.000
720.175,4.532
720.200,4.233
720.225,5.150
720.250,5.983
720.275,5.746
720.300,7.428
720.325,8.898
720.350,3.458
720.375,5.405
720.400,4.492
720.425,10.505
720.450,5.994
720.475,4.576
720.500,8.405
720.525,3.742
720.550,6.911
720.575,4.946
720.600,6.595
720.625,4.980
720.650,4.808
720.675,4.000
720.700,5.649
720.725,7.949
720.750,4.828
720.775,6.629
720.800,5.184
720.825,4.286
720.850,7.106
720.875,6.400
720.900,5.198
720.925,4.994
720.950,1.944
720.975,5.505
721.000,4.570
721.025,5.563
721.050,4.303
721.075,6.575
721.100,3.722
721.125,5.796
721.150,4.569
721.175,5.337
721.200,4.243
721.225,4.752
721.250,2.674
721.275,2.571
721.300,3.858
721.325,5.275
721.350,4.121
721.375,4.003
721.400,3.879
721.425,1.035
721.450,3.812
721.475,2.322
721.500,5.778
721.525,7.163
721.550,4.101
721.575,2.696
721.600,4.363
721.625,1.988
721.650,3.968
721.675,7.341
721.700,3.176
721.725,6.407
721.750,5.297
721.775,3.223
721.800,7.065
721.825,2.252
721.850,5.675
721.875,2.195
721.900,4.807
721.925,2.749
721.950,2.199
721.975,4.426
722.000,5.317
722.025,5.247
722.050,5.862
722.075,5.527
722.100,6.309
722.125,4.998
722.150,5.574
722.175,3.433
722.200,6.868
722.225,2.759
722.250,2.391
722.275,5.687
722.300,4.784
722.325,6.739
722.350,3.650
722.375,3.754
722.400,4.836
722.425,5.234
722.450,3.389
722.475,4.474
722.500,5.592
722.525,2.585
722.550,2.946
722.575,3.217
722.600,4.652
722.625,2.373
722.650,3.749
722.675,2.632
722.700,1.981
722.725,3.538
722.750,2.269
722.775,3.363
722.800,3.744
722.825,3.523
722.850,4.576
722.875,5.581
722.900,4.215
722.925,3.785
722.950,4.759
722.975,3.550
723.000,4.036
723.025,3.654
723.050,3.987
723.075,2.191
723.100,6.018
723.125,5.025
723.150,2.866
723.175,5.539
723.200,5.500
723.225,4.919
723.250,3.985
723.275,5.696
723.300,4.860
723.325,3.831
723.350,3.608
723.375,1.237
723.400,4.067
723.425,4.926
723.450,1.021
723.475,2.098
723.500,4.060
723.525,4.322
723.550,5.784
723.575,3.471
723.600,4.721
723.625,5.345
723.650,4.131
723.675,5.486
723.700,4.576
723.725,5.301
723.750,4.817
723.775,4.390
723.800,4.056
723.825,6.053
723.850,4.407
723.875,6.013
723.900,5.483
723.925,7.051
723.950,3.288
723.975,4.961
724.000,3.403
724.025,1.765
724.050,4.593
724.075,2.913
724.100,4.194
724.125,3.809
724.150,4.204
724.175,2.105
724.200,4.232
724.225,4.152
724.250,3.555
724.275,2.377
724.300,4.881
724.325,3.968
724.350,2.790
724.375,6.517
724.400,5.650
724.425,3.651
724.450,3.819
724.475,2.703
724.500,3.699
724.525,6.110
724.550,5.096
724.575,3.839
724.600,5.730
724.625,4.810
724.650,6.953
724.675,5.034
724.700,3.322
724.725,4.841
724.750,3.871
724.775,3.741
724.800,6.155
724.825,7.286
724.850,2.831
724.875,4.846
724.900,3.719
724.925,3.036
724.950,3.137
724.975,4.264
725.000,4.069
725.025,2.248
725.050,3.913
725.075,4.054
725.100,4.621
725.125,4.403
725.150,4.441
725.175,4.188
725.200,3.672
725.225,3.471
725.250,3.509
725.275,3.480
725.300,4.393
725.325,3.209
725.350,2.986
725.375,6.072
725.400,3.511
725.425,5.122
725.450,4.385
725.475,6.995
725.500,5.325
725.525,8.062
725.550,2.953
725.575,4.377
725.600,2.997
725.625,3.668
725.650,1.311
725.675,3.886
725.700,2.283
725.725,4.587
725.750,3.270
725.775,5.017
725.800,3.942
725.825,7.333
725.850,6.067
725.875,2.908
725.900,4.219
725.925,2.850
725.950,8.606
725.975,6.803
726.000,5.872
726.025,2.730
726.050,6.217
726.075,4.095
726.100,1.920
726.125,5.604
726.150,3.989
726.175,5.286
726.200,3.741
726.225,2.249
726.250,4.238
726.275,4.174
726.300,3.013
726.325,3.588
726.350,6.919
726.375,5.379
726.400,3.651
726.425,3.747
726.450,3.540
726.475,4.268
726.500,4.010
726.525,5.111
726.550,5.041
726.575,4.654
726.600,4.684
726.625,2.785
726.650,3.550
726.675,3.814
726.700,6.575
726.725,7.205
726.750,10.305
726.775,3.390
726.800,3.733
726.825,3.370
726.850,3.103
726.875,2.791
726.900,2.922
726.925,3.720
726.950,3.319
726.975,3.141
727.000,4.247
727.025,2.638
727.050,3.368
727.075,3.730
727.100,4.195
727.125,4.135
727.150,3.588
727.175,5.030
727.200,4.374
727.225,3.806
727.250,3.426
727.275,3.978
727.300,2.052
727.325,5.478
727.350,3.890
727.375,4.402
727.400,5.243
727.425,3.075
727.450,3.411
727.475,3.457
727.500,4.822
727.525,6.184
727.550,3.542
727.575,3.637
727.600,1.773
727.625,3.811
727.650,4.277
727.675,4.746
727.700,5.519
727.725,4.973
727.750,2.118
727.775,2.723
727.800,4.827
727.825,3.693
727.850,4.721
727.875,2.056
727.900,3.681
727.925,4.349
727.950,4.498
727.975,4.191
728.000,4.052
728.025,4.837
728.050,3.593
728.075,3.370
728.100,4.773
728.125,1.864
728.150,5.316
728.175,3.318
728.200,3.086
728.225,3.051
728.250,5.113
728.275,3.365
728.300,4.043
728.325,3.974
728.350,3.002
728.375,5.081
728.400,6.306
728.425,8.741
728.450,2.764
728.475,7.115
728.500,3.316
728.525,3.911
728.550,5.660
728.575,2.479
728.600,3.519
728.625,3.732
728.650,4.430
728.675,3.741
728.700,5.951
728.725,5.571
728.750,6.804
728.775,4.347
728.800,5.503
728.825,7.103
728.850,3.470
728.875,6.005
728.900,3.056
728.925,4.292
728.950,8.122
728.975,4.407
729.000,4.771
729.025,3.195
729.050,3.509
729.075,2.095
729.100,4.880
729.125,5.738
729.150,5.881
729.175,5.309
729.200,4.805
729.225,6.268
729.250,4.473
729.275,6.156
729.300,9.789
729.325,5.803
729.350,9.415
729.375,6.777
729.400,5.159
729.425,7.917
729.450,9.717
729.475,10.784
729.500,6.441
729.525,3.668
729.550,4.417
729.575,6.640
729.600,3.766
729.625,3.683
729.650,3.527
729.675,3.740
729.700,4.456
729.725,4.892
729.750,1.862
729.775,3.310
729.800,3.009
729.825,3.385
729.850,9.021
729.875,3.927
729.900,4.790
729.925,6.320
729.950,5.018
729.975,5.394
730.000,6.158
730.025,4.128
730.050,7.031
730.075,9.027
730.100,3.528
730.125,4.760
730.150,6.864
730.175,4.416
730.200,3.375
730.225,4.005
730.250,6.012
730.275,7.524
730.300,3.413
730.325,2.807
730.350,2.912
730.375,8.613
730.400,3.826
730.425,4.216
730.450,5.125
730.475,3.330
730.500,5.248
730.525,3.920
730.550,6.146
730.575,6.714
730.600,5.995
730.625,3.589
730.650,2.982
730.675,3.142
730.700,3.528
730.725,2.415
730.750,3.404
730.775,5.203
730.800,3.840
730.825,4.687
730.850,3.762
730.875,6.031
730.900,6.497
730.925,4.283
730.950,5.878
730.975,4.875
731.000,5.851
731.025,5.865
731.050,6.530
731.075,2.660
731.100,5.398
731.125,5.491
731.150,3.276
731.175,4.255
731.200,2.460
731.225,2.207
731.250,5.292
731.275,5.998
731.300,6.459
731.325,6.788
731.350,3.792
731.375,3.995
731.400,6.499
731.425,3.574
731.450,3.749
731.475,3.920
731.500,7.037
731.525,5.042
731.550,5.068
731.575,4.048
731.600,1.870
731.625,5.608
731.650,3.327
731.675,4.855
731.700,4.566
731.725,4.656
731.750,3.719
731.775,4.683
731.800,3.928
731.825,5.723
731.850,3.479
731.875,6.358
731.900,6.449
731.925,5.931
731.950,8.532
731.975,3.087
732.000,5.918
732.025,3.437
732.050,7.617
732.075,3.190
732.100,5.700
732.125,8.390
732.150,3.917
732.175,5.283
732.200,7.733
732.225,5.901
732.250,4.276
732.275,2.818
732.300,3.063
732.325,4.119
732.350,6.220
732.375,3.821
732.400,5.072
732.425,7.133
732.450,10.625
732.475,3.642
732.500,4.038
732.525,5.363
732.550,2.475
732.575,8.323
732.600,5.446
732.625,7.249
732.650,1.941
732.675,4.732
732.700,7.120
732.725,5.015
732.750,6.669
732.775,3.457
732.800,5.100
732.825,3.434
732.850,3.295
732.875,4.835
732.900,6.115
732.925,3.092
732.950,6.545
732.975,4.204
733.000,5.396
733.025,5.429
733.050,6.381
733.075,4.961
733.100,2.597
733.125,7.171
733.150,8.480
733.175,7.079
733.200,3.265
733.225,10.626
733.250,3.486
733.275,7.655
733.300,7.610
733.325,5.303
733.350,4.450
733.375,4.432
733.400,4.345
733.425,2.660
733.450,6.993
733.475,6.054
733.500,4.282
733.525,5.517
733.550,2.220
733.575,5.666
733.600,5.363
733.625,3.784
733.650,4.635
733.675,6.083
733.700,4.721
733.725,9.012
733.750,9.574
733.775,4.107
733.800,6.760
733.825,7.715
733.850,6.310
733.875,4.684
733.900,7.212
733.925,2.440
733.950,8.549
733.975,3.072
734.000,5.470
734.025,5.956
734.050,5.286
734.075,3.804
734.100,6.829
734.125,3.578
734.150,5.681
734.175,2.596
734.200,5.584
734.225,4.790
734.250,4.401
734.275,1.174
734.300,3.221
734.325,6.599
734.350,3.433
734.375,7.451
734.400,4.028
734.425,4.898
734.450,3.849
734.475,6.383
734.500,6.806
734.525,6.049
734.550,2.567
734.575,7.947
734.600,2.974
734.625,7.146
734.650,5.858
734.675,9.610
734.700,8.923
734.725,3.962
734.750,6.363
734.775,5.837
734.800,4.159
734.825,7.574
734.850,3.803
734.875,3.366
734.900,5.540
734.925,5.793
734.950,5.344
734.975,7.661
735.000,3.931
735.025,7.713
735.050,3.239
735.075,6.589
735.100,5.876
735.125,5.361
735.150,7.260
735.175,5.955
735.200,5.910
735.225,6.290
735.250,5.559
735.275,7.356
735.300,10.863
735.325,3.431
735.350,7.843
735.375,4.340
735.400,5.118
735.425,8.179
735.450,5.399
735.475,4.557
735.500,6.599
735.525,5.106
735.550,6.652
735.575,8.720
735.600,5.268
735.625,6.030
735.650,7.288
735.675,2.117
735.700,5.121
735.725,6.277
735.750,8.472
735.775,3.702
735.800,6.115
735.825,5.241
735.850,7.364
735.875,4.898
735.900,6.342
735.925,4.495
735.950,7.506
735.975,7.062
736.000,6.159
736.025,6.508
736.050,6.155
736.075,4.265
736.100,5.164
736.125,5.582
736.150,7.581
736.175,10.472
736.200,4.944
736.225,6.089
736.250,3.968
736.275,4.791
736.300,4.146
736.325,4.785
736.350,4.265
736.375,8.116
736.400,4.235
736.425,4.890
736.450,8.802
736.475,4.899
736.500,3.780
736.525,2.393
736.550,2.840
736.575,3.939
736.600,4.366
736.625,5.995
736.650,3.292
736.675,7.713
736.700,2.411
736.725,3.956
736.750,8.694
736.775,3.899
736.800,5.749
736.825,5.359
736.850,3.983
736.875,5.168
736.900,5.171
736.925,4.848
736.950,2.603
736.975,6.812
737.000,4.516
737.025,6.357
737.050,4.122
737.075,2.792
737.100,2.475
737.125,5.877
737.150,1.923
737.175,4.481
737.200,4.039
737.225,3.529
737.250,4.370
737.275,7.197
737.300,1.807
737.325,2.673
737.350,5.214
737.375,4.875
737.400,3.919
737.425,3.639
737.450,6.282
737.475,6.920
737.500,5.208
737.525,3.729
737.550,2.986
737.575,6.689
737.600,3.403
737.625,9.576
737.650,6.866
737.675,2.926
737.700,6.116
737.725,4.746
737.750,5.095
737.775,2.914
737.800,6.324
737.825,5.336
737.850,5.263
737.875,2.756
737.900,6.074
737.925,3.857
737.950,8.214
737.975,4.584
738.000,6.080
738.025,5.985
738.050,1.933
738.075,5.237
738.100,5.605
738.125,10.088
738.150,4.071
738.175,5.826
738.200,6.797
738.225,5.485
738.250,4.755
738.275,4.667
738.300,5.089
738.325,4.027
738.350,4.955
738.375,6.528
738.400,5.684
738.425,5.271
738.450,6.214
738.475,3.830
738.500,7.187
738.525,9.250
738.550,5.609
738.575,4.549
738.600,1.650
738.625,4.338
738.650,6.611
738.675,4.503
738.700,3.992
738.725,5.935
738.750,2.978
738.775,6.170
738.800,3.660
738.825,6.260
738.850,4.029
738.875,2.393
738.900,4.158
738.925,4.951
738.950,5.195
738.975,5.471
739.000,6.406
739.025,2.803
739.050,4.707
739.075,5.737
739.100,3.483
739.125,4.144
739.150,9.915
739.175,4.089
739.200,4.006
739.225,6.934
739.250,6.229
739.275,3.326
739.300,6.372
739.325,3.582
739.350,5.397
739.375,6.508
739.400,3.564
739.425,2.175
739.450,5.551
739.475,3.374
739.500,4.035
739.525,3.193
739.550,2.611
739.575,4.059
739.600,4.718
739.625,6.464
739.650,2.448
739.675,5.061
739.700,3.410
739.725,3.772
739.750,4.147
739.775,3.853
739.800,5.865
739.825,2.736
739.850,5.335
739.875,7.047
739.900,1.897
739.925,3.098
739.950,4.543
739.975,3.757
740.000,3.605
740.025,4.616
740.050,4.607
740.075,2.247
740.100,3.813
740.125,2.877
740.150,5.929
740.175,4.091
740.200,3.153
740.225,10.039
740.250,8.213
740.275,11.025
740.300,14.401
740.325,13.376
740.350,9.773
740.375,10.483
740.400,14.205
740.425,13.565
740.450,13.088
740.475,12.897
740.500,14.156
740.525,10.476
740.550,8.963
740.575,12.610
740.600,14.851
740.625,10.605
740.650,6.337
740.675,14.085
740.700,9.110
740.725,16.331
740.750,9.263
740.775,12.569
740.800,9.206
740.825,6.596
740.850,12.161
740.875,9.772
740.900,8.286
740.925,11.144
740.950,19.383
740.975,10.679
741.000,13.161
741.025,12.506
741.050,11.196
741.075,10.057
741.100,16.584
741.125,16.000
741.150,15.675
741.175,16.442
741.200,13.174
741.225,9.027
741.250,14.235
741.275,12.428
741.300,11.597
741.325,11.715
741.350,12.245
741.375,13.618
741.400,6.423
741.425,12.815
741.450,9.292
741.475,6.661
741.500,9.756
741.525,10.065
741.550,11.124
741.575,5.668
741.600,12.490
741.625,8.596
741.650,8.497
741.675,7.944
741.700,11.135
741.725,11.489
741.750,10.309
741.775,8.312
741.800,10.317
741.825,7.732
741.850,6.519
741.875,5.418
741.900,13.740
741.925,8.804
741.950,10.219
741.975,7.213
742.000,2.612
742.025,11.829
742.050,9.939
742.075,10.654
742.100,15.021
742.125,11.341
742.150,10.356
742.175,11.281
742.200,9.282
742.225,10.995
742.250,11.297
742.275,8.681
742.300,6.445
742.325,15.287
742.350,12.773
742.375,10.518
742.400,10.137
742.425,6.965
742.450,9.922
742.475,9.575
742.500,7.024
742.525,8.459
742.550,9.117
742.575,5.915
742.600,8.282
742.625,10.080
742.650,11.053
742.675,9.621
742.700,13.062
742.725,6.379
742.750,11.811
742.775,6.578
742.800,13.119
742.825,11.850
742.850,12.777
742.875,13.179
742.900,9.919
742.925,9.574
742.950,8.634
742.975,10.395
743.000,7.754
743.025,9.867
743.050,8.601
743.075,6.287
743.100,8.819
743.125,3.793
743.150,8.790
743.175,12.681
743.200,7.878
743.225,9.359
743.250,14.372
743.275,13.844
743.300,9.766
743.325,12.499
743.350,12.308
743.375,11.653
743.400,15.088
743.425,14.769
743.450,16.075
743.475,14.772
743.500,9.620
743.525,15.939
743.550,4.862
743.575,12.200
743.600,9.576
743.625,9.867
743.650,7.325
743.675,15.152
743.700,13.992
743.725,8.643
743.750,9.640
743.775,11.701
743.800,14.858
743.825,15.859
743.850,6.823
743.875,10.000
743.900,11.473
743.925,6.980
743.950,12.717
743.975,8.516
744.000,12.853
744.025,9.449
744.050,13.359
744.075,15.575
744.100,12.265
744.125,14.781
744.150,13.123
744.175,9.381
744.200,10.863
744.225,9.700
744.250,10.042
744.275,10.797
744.300,12.902
744.325,14.773
744.350,12.864
744.375,12.283
744.400,18.495
744.425,10.842
744.450,9.939
744.475,10.134
744.500,14.760
744.525,12.191
744.550,8.759
744.575,9.790
744.600,12.115
744.625,8.849
744.650,11.780
744.675,7.794
744.700,14.972
744.725,8.240
744.750,11.789
744.775,13.622
744.800,4.569
744.825,3.457
744.850,4.987
744.875,4.917
744.900,3.865
744.925,5.903
744.950,5.524
744.975,5.547
745.000,3.205
745.025,1.963
745.050,4.200
745.075,5.531
745.100,3.354
745.125,2.542
745.150,5.910
745.175,4.626
745.200,2.804
745.225,4.398
745.250,3.017
745.275,4.483
745.300,4.999
745.325,5.155
745.350,4.348
745.375,3.767
745.400,5.297
745.425,3.026
745.450,2.697
745.475,3.001
745.500,3.819
745.525,4.776
745.550,5.051
745.575,3.613
745.600,3.707
745.625,5.354
745.650,5.183
745.675,6.053
745.700,4.828
745.725,4.643
745.750,4.957
745.775,6.932
745.800,4.724
745.825,3.696
745.850,6.706
745.875,5.213
745.900,3.774
745.925,4.712
745.950,3.602
745.975,3.525
746.000,4.952
746.025,4.768
746.050,3.773
746.075,4.591
746.100,5.146
746.125,6.504
746.150,3.428
746.175,4.798
746.200,7.553
746.225,8.538
746.250,12.649
746.275,8.573
746.300,9.948
746.325,12.206
746.350,10.576
746.375,9.741
746.400,12.965
746.425,11.854
746.450,11.825
746.475,7.966
746.500,9.472
746.525,12.547
746.550,7.864
746.575,6.010
746.600,8.661
746.625,10.450
746.650,7.911
746.675,11.715
746.700,5.562
746.725,9.407
746.750,11.953
746.775,7.173
746.800,13.689
746.825,11.633
746.850,9.124
746.875,11.186
746.900,7.595
746.925,11.848
746.950,8.872
746.975,6.880
747.000,9.950
747.025,11.185
747.050,9.069
747.075,9.588
747.100,12.037
747.125,6.462
747.150,8.989
747.175,11.647
747.200,6.232
747.225,10.465
747.250,10.106
747.275,8.283
747.300,13.201
747.325,4.506
747.350,14.195
747.375,12.178
747.400,9.397
747.425,11.872
747.450,12.267
747.475,10.370
747.500,6.658
747.525,7.994
747.550,3.821
747.575,8.789
747.600,9.894
747.625,6.514
747.650,2.940
747.675,6.620
747.700,6.628
747.725,6.893
747.750,3.546
747.775,13.207
747.800,9.560
747.825,12.990
747.850,5.856
747.875,11.691
747.900,9.941
747.925,9.795
747.950,7.292
747.975,6.165
748.000,6.616
748.025,15.106
748.050,9.230
748.075,9.350
748.100,12.029
748.125,6.770
748.150,4.174
748.175,4.397
748.200,8.935
748.225,13.782
748.250,9.648
748.275,14.933
748.300,7.109
748.325,10.358
748.350,10.795
748.375,11.675
748.400,10.756
748.425,7.285
748.450,12.443
748.475,10.153
748.500,9.592
748.525,14.358
748.550,11.475
748.575,12.842
748.600,9.747
748.625,14.868
748.650,4.713
748.675,8.046
748.700,7.043
748.725,8.851
748.750,10.089
748.775,8.068
748.800,8.889
748.825,11.880
748.850,15.662
748.875,10.076
748.900,11.092
748.925,10.218
748.950,11.757
748.975,9.725
749.000,12.378
749.025,12.336
749.050,12.678
749.075,9.512
749.100,12.826
749.125,12.488
749.150,10.620
749.175,11.981
749.200,15.609
749.225,11.148
749.250,12.091
749.275,10.082
749.300,7.005
749.325,10.771
749.350,7.737
749.375,13.357
749.400,7.738
749.425,12.772
749.450,8.219
749.475,14.482
749.500,11.792
749.525,12.331
749.550,13.027
749.575,7.436
749.600,12.645
749.625,14.238
749.650,12.571
749.675,11.019
749.700,12.593
749.725,12.263
749.750,11.490
749.775,13.402
749.800,15.384
749.825,8.614
749.850,15.163
749.875,11.473
749.900,7.482
749.925,7.796
749.950,11.145
749.975,5.680
750.000,11.635
750.025,5.364
750.050,9.056
750.075,9.763
750.100,12.683
750.125,10.757
750.150,7.378
750.175,10.584
750.200,9.737
750.225,12.596
750.250,9.753
750.275,9.436
750.300,8.417
750.325,10.922
750.350,13.654
750.375,7.860
750.400,9.183
750.425,13.761
750.450,8.210
750.475,10.671
750.500,9.493
750.525,8.058
750.550,9.459
750.575,8.404
750.600,7.168
750.625,6.768
750.650,12.589
750.675,12.341
750.700,8.695
750.725,6.561
750.750,13.251
750.775,6.941
750.800,3.144
750.825,9.024
750.850,5.461
750.875,5.082
750.900,5.166
750.925,6.165
750.950,5.616
750.975,3.512
751.000,4.468
751.025,4.601
751.050,4.393
751.075,3.351
751.100,4.919
751.125,5.037
751.150,4.568
751.175,3.748
751.200,2.216
751.225,10.623
751.250,12.466
751.275,10.701
751.300,9.301
751.325,11.207
751.350,8.364
751.375,9.067
751.400,11.254
751.425,13.006
751.450,7.143
751.475,6.626
751.500,10.214
751.525,7.508
751.550,7.895
751.575,7.003
751.600,7.600
751.625,7.372
751.650,9.601
751.675,6.325
751.700,6.261
751.725,9.692
751.750,6.988
751.775,9.326
751.800,8.195
751.825,7.668
751.850,6.507
751.875,6.515
751.900,6.324
751.925,12.251
751.950,6.990
751.975,7.599
752.000,12.066
752.025,15.838
752.050,10.422
752.075,11.462
752.100,12.485
752.125,10.734
752.150,11.166
752.175,11.593
752.200,14.099
752.225,8.432
752.250,8.652
752.275,11.149
752.300,11.189
752.325,10.222
752.350,9.161
752.375,8.676
752.400,6.834
752.425,10.809
752.450,9.260
752.475,9.348
752.500,9.290
752.525,5.858
752.550,8.073
752.575,11.057
752.600,8.615
752.625,15.363
752.650,6.742
752.675,7.153
752.700,5.348
752.725,5.400
752.750,7.693
752.775,10.935
752.800,5.321
752.825,9.799
752.850,10.050
752.875,8.324
752.900,10.997
752.925,6.748
752.950,5.483
752.975,6.079
753.000,6.469
753.025,7.117
753.050,9.524
753.075,9.772
753.100,11.184
753.125,8.410
753.150,5.091
753.175,11.578
753.200,15.555
753.225,9.378
753.250,11.817
753.275,10.279
753.300,6.542
753.325,7.884
753.350,6.337
753.375,8.766
753.400,7.030
753.425,10.722
753.450,14.662
753.475,7.029
753.500,15.312
753.525,11.060
753.550,11.909
753.575,12.903
753.600,8.863
753.625,12.868
753.650,6.662
753.675,11.462
753.700,13.838
753.725,6.997
753.750,9.286
753.775,9.589
753.800,4.501
753.825,10.863
753.850,12.842
753.875,10.730
753.900,6.407
753.925,12.457
753.950,13.971
753.975,12.346
754.000,13.125
754.025,10.002
754.050,10.723
754.075,8.708
754.100,6.332
754.125,7.146
754.150,9.146
754.175,11.302
754.200,6.710
754.225,8.426
754.250,6.178
754.275,7.735
754.300,9.195
754.325,9.121
754.350,5.591
754.375,7.789
754.400,8.114
754.425,8.455
754.450,6.280
754.475,8.714
754.500,2.751
754.525,6.867
754.550,10.056
754.575,6.841
754.600,11.724
754.625,7.306
754.650,12.340
754.675,9.106
754.700,4.587
754.725,8.822
754.750,7.533
754.775,9.775
754.800,8.292
754.825,12.775
754.850,10.370
754.875,11.450
754.900,8.259
754.925,11.084
754.950,10.931
754.975,8.761
755.000,8.891
755.025,11.791
755.050,11.100
755.075,9.869
755.100,13.154
755.125,11.693
755.150,8.258
755.175,14.295
755.200,15.977
755.225,9.046
755.250,6.586
755.275,8.613
755.300,13.724
755.325,8.501
755.350,9.540
755.375,11.600
755.400,12.047
755.425,11.278
755.450,11.133
755.475,9.819
755.500,9.252
755.525,13.183
755.550,8.893
755.575,6.594
755.600,8.607
755.625,11.204
755.650,7.515
755.675,15.023
755.700,13.930
755.725,5.761
755.750,9.091
755.775,3.231
755.800,4.148
755.825,3.872
755.850,1.687
755.875,3.499
755.900,5.526
755.925,4.434
755.950,2.550
755.975,5.772
756.000,5.060
756.025,6.242
756.050,4.279
756.075,3.029
756.100,2.457
756.125,4.401
756.150,4.831
756.175,3.619
756.200,6.183
756.225,4.855
756.250,4.942
756.275,6.076
756.300,3.316
756.325,6.652
756.350,6.012
756.375,3.172
756.400,4.328
756.425,4.060
756.450,3.227
756.475,3.016
756.500,3.657
756.525,1.722
756.550,3.760
756.575,4.374
756.600,5.926
756.625,7.331
756.650,4.140
756.675,6.450
756.700,2.953
756.725,4.341
756.750,3.070
756.775,5.386
756.800,3.384
756.825,4.894
756.850,4.477
756.875,4.674
756.900,6.050
756.925,2.386
756.950,5.545
756.975,5.490
757.000,2.842
757.025,3.980
757.050,5.186
757.075,5.295
757.100,2.482
757.125,2.496
757.150,4.689
757.175,3.841
757.200,4.212
757.225,4.034
757.250,3.274
757.275,3.281
757.300,4.763
757.325,5.386
757.350,2.819
757.375,2.902
757.400,3.914
757.425,6.405
757.450,4.144
757.475,4.507
757.500,5.155
757.525,3.032
757.550,6.542
757.575,4.311
757.600,6.213
757.625,5.158
757.650,3.941
757.675,4.499
757.700,4.308
757.725,2.704
757.750,5.038
757.775,6.762
757.800,8.569
757.825,3.968
757.850,4.138
757.875,3.121
757.900,3.609
757.925,3.180
757.950,6.414
757.975,3.005
758.000,2.491
758.025,6.446
758.050,6.253
758.075,5.816
758.100,5.399
758.125,3.136
758.150,4.600
758.175,2.666
758.200,5.565
758.225,3.761
758.250,3.387
758.275,3.843
758.300,3.370
758.325,4.840
758.350,2.380
758.375,5.165
758.400,4.444
758.425,5.232
758.450,3.166
758.475,2.906
758.500,3.947
758.525,2.811
758.550,6.465
758.575,3.811
758.600,3.473
758.625,2.640
758.650,4.317
758.675,4.108
758.700,5.371
758.725,4.773
758.750,2.869
758.775,4.095
758.800,3.153
758.825,1.902
758.850,4.833
758.875,4.707
758.900,6.195
758.925,5.290
758.950,3.813
758.975,3.538
759.000,4.207
759.025,3.567
759.050,2.824
759.075,3.185
759.100,5.046
759.125,4.281
759.150,4.638
759.175,3.216
759.200,4.383
759.225,4.936
759.250,4.198
759.275,3.199
759.300,5.064
759.325,6.674
759.350,4.190
759.375,3.380
759.400,6.753
759.425,5.871
759.450,3.766
759.475,5.137
759.500,3.834
759.525,3.431
759.550,4.105
759.575,4.016
759.600,4.467
759.625,4.383
759.650,5.103
759.675,4.219
759.700,4.309
759.725,6.709
759.750,4.847
759.775,3.165
759.800,3.042
759.825,6.453
759.850,6.167
759.875,4.241
759.900,4.557
759.925,2.383
759.950,6.093
759.975,4.218
760.000,3.844
760.025,4.357
760.050,2.741
760.075,4.919
760.100,5.475
760.125,3.428
760.150,5.704
760.175,3.646
760.200,3.102
760.225,4.687
760.250,4.370
760.275,3.140
760.300,6.782
760.325,3.785
760.350,3.678
760.375,2.955
760.400,3.490
760.425,6.917
760.450,5.072
760.475,6.052
760.500,5.740
760.525,3.204
760.550,2.729
760.575,5.446
760.600,4.139
760.625,3.630
760.650,4.565
760.675,4.430
760.700,4.101
760.725,4.014
760.750,7.022
760.775,3.128
760.800,4.811
760.825,3.561
760.850,4.346
760.875,2.437
760.900,4.265
760.925,3.908
760.950,5.871
760.975,1.322
761.000,3.939
761.025,4.797
761.050,4.405
761.075,3.964
761.100,5.130
761.125,2.071
761.150,1.682
761.175,4.472
761.200,3.619
761.225,4.930
761.250,7.774
761.275,4.305
761.300,3.124
761.325,3.904
761.350,4.395
761.375,6.450
761.400,4.967
761.425,2.507
761.450,1.784
761.475,3.053
761.500,3.950
761.525,4.512
761.550,2.426
761.575,3.372
761.600,5.815
761.625,4.853
761.650,3.173
761.675,5.033
761.700,3.950
761.725,4.888
761.750,1.935
761.775,4.573
761.800,4.213
761.825,3.519
761.850,2.975
761.875,5.486
761.900,4.576
761.925,5.090
761.950,5.670
761.975,3.831
762.000,6.217
762.025,5.529
762.050,2.303
762.075,6.322
762.100,4.336
762.125,3.263
762.150,2.036
762.175,4.081
762.200,3.693
762.225,4.983
762.250,2.803
762.275,4.860
762.300,4.291
762.325,4.369
762.350,2.365
762.375,5.742
762.400,5.055
762.425,3.596
762.450,4.554
762.475,2.549
762.500,7.670
762.525,5.540
762.550,5.530
762.575,2.728
762.600,3.676
762.625,2.234
762.650,8.089
762.675,5.043
762.700,4.258
762.725,4.521
762.750,3.922
762.775,5.234
762.800,4.306
762.825,1.759
762.850,3.466
762.875,3.859
762.900,5.593
762.925,5.640
762.950,4.018
762.975,7.494
763.000,5.593
763.025,4.210
763.050,2.945
763.075,4.761
763.100,7.034
763.125,5.298
763.150,7.262
763.175,3.170
763.200,5.961
763.225,2.407
763.250,5.138
763.275,1.946
763.300,4.797
763.325,2.405
763.350,6.274
763.375,2.927
763.400,4.793
763.425,3.943
763.450,5.786
763.475,4.749
763.500,3.094
763.525,3.665
763.550,5.493
763.575,5.284
763.600,2.814
763.625,6.780
763.650,3.669
763.675,6.627
763.700,3.736
763.725,4.957
763.750,3.276
763.775,2.741
763.800,3.706
763.825,5.361
763.850,4.119
763.875,2.411
763.900,3.156
763.925,3.833
763.950,3.150
763.975,6.060
764.000,1.617
764.025,7.288
764.050,3.765
764.075,5.585
764.100,5.261
764.125,2.297
764.150,5.636
764.175,3.448
764.200,3.824
764.225,4.960
764.250,2.541
764.275,3.454
764.300,3.329
764.325,3.753
764.350,2.769
764.375,4.706
764.400,3.474
764.425,4.543
764.450,5.723
764.475,4.822
764.500,3.420
764.525,4.079
764.550,4.976
764.575,2.789
764.600,4.407
764.625,4.198
764.650,2.997
764.675,3.221
764.700,4.606
764.725,4.645
764.750,4.023
764.775,4.831
764.800,2.661
764.825,3.154
764.850,5.352
764.875,4.299
764.900,2.022
764.925,6.686
764.950,5.097
764.975,4.594
765.000,3.528
765.025,3.335
765.050,3.054
765.075,4.141
765.100,2.655
765.125,7.220
765.150,8.976
765.175,4.115
765.200,4.678
765.225,4.550
765.250,2.630
765.275,4.013
765.300,2.761
765.325,4.919
765.350,4.876
765.375,5.373
765.400,3.871
765.425,3.556
765.450,4.031
765.475,5.482
765.500,3.925
765.525,3.474
765.550,5.101
765.575,2.724
765.600,3.744
765.625,5.205
765.650,4.093
765.675,3.102
765.700,2.607
765.725,2.425
765.750,4.707
765.775,4.807
765.800,2.428
765.825,4.186
765.850,4.267
765.875,3.275
765.900,4.446
765.925,3.790
765.950,4.359
765.975,5.077
766.000,3.732
766.025,5.226
766.050,4.997
766.075,5.629
766.100,3.564
766.125,5.195
766.150,2.842
766.175,5.058
766.200,7.072
766.225,4.121
766.250,4.802
766.275,5.111
766.300,5.385
766.325,6.297
766.350,7.198
766.375,4.273
766.400,4.963
766.425,2.382
766.450,4.787
766.475,6.059
766.500,5.817
766.525,3.832
766.550,3.979
766.575,1.065
766.600,6.191
766.625,3.442
766.650,3.911
766.675,5.006
766.700,3.059
766.725,2.725
766.750,5.205
766.775,2.385
766.800,2.355
766.825,6.358
766.850,2.628
766.875,5.939
766.900,3.416
766.925,4.250
766.950,3.936
766.975,4.247
767.000,5.384
767.025,1.956
767.050,4.839
767.075,3.744
767.100,5.025
767.125,5.557
767.150,2.001
767.175,3.946
767.200,2.395
767.225,4.530
767.250,3.156
767.275,2.689
767.300,4.480
767.325,4.647
767.350,4.087
767.375,4.405
767.400,6.161
767.425,4.742
767.450,4.737
767.475,5.203
767.500,4.223
767.525,4.185
767.550,4.982
767.575,4.821
767.600,4.401
767.625,3.809
767.650,4.158
767.675,4.929
767.700,1.763
767.725,3.685
767.750,3.745
767.775,5.803
767.800,4.227
767.825,4.379
767.850,2.578
767.875,4.166
767.900,4.201
767.925,4.465
767.950,3.479
767.975,4.422
768.000,3.648
768.025,3.697
768.050,3.924
768.075,6.317
768.100,6.202
768.125,3.893
768.150,5.770
768.175,2.576
768.200,2.289
768.225,3.871
768.250,4.578
768.275,5.190
768.300,6.117
768.325,5.000
768.350,4.198
768.375,7.998
768.400,2.176
768.425,4.001
768.450,4.645
768.475,5.693
768.500,5.634
768.525,3.911
768.550,3.177
768.575,2.804
768.600,2.197
768.625,4.698
768.650,4.308
768.675,2.197
768.700,5.048
768.725,3.024
768.750,2.370
768.775,4.089
768.800,2.138
768.825,5.232
768.850,4.769
768.875,2.794
768.900,5.032
768.925,8.030
768.950,4.044
768.975,3.664
769.000,4.492
769.025,6.309
769.050,3.809
769.075,6.070
769.100,3.864
769.125,5.601
769.150,5.048
769.175,7.386
769.200,8.763
769.225,3.713
769.250,5.127
769.275,3.237
769.300,1.732
769.325,3.712
769.350,6.107
769.375,7.335
769.400,10.612
769.425,3.528
769.450,5.913
769.475,5.019
769.500,8.629
769.525,4.402
769.550,9.743
769.575,9.494
769.600,11.951
769.625,10.158
769.650,13.383
769.675,10.305
769.700,4.514
769.725,3.012
769.750,4.591
769.775,3.963
769.800,3.125
769.825,3.363
769.850,10.990
769.875,15.680
769.900,22.160
769.925,6.872
769.950,15.402
769.975,19.774
770.000,10.682
770.025,11.897
770.050,8.443
770.075,3.973
770.100,13.391
770.125,23.129
770.150,14.774
770.175,4.947
770.200,3.328
770.225,4.033
770.250,4.216
770.275,1.995
770.300,1.835
770.325,1.941
770.350,8.167
770.375,6.700
770.400,3.746
770.425,4.655
770.450,4.924
770.475,5.526
770.500,5.139
770.525,9.295
770.550,5.456
770.575,4.021
770.600,5.237
770.625,3.057
770.650,6.056
770.675,8.396
770.700,4.298
770.725,3.915
770.750,4.883
770.775,4.592
770.800,5.648
770.825,4.918
770.850,3.721
770.875,3.991
770.900,5.940
770.925,5.691
770.950,4.438
770.975,6.165
771.000,7.898
771.025,4.329
771.050,7.001
771.075,5.412
771.100,3.396
771.125,8.250
771.150,26.063
771.175,23.905
771.200,17.936
771.225,2.583
771.250,3.701
771.275,3.945
771.300,2.986
771.325,5.362
771.350,3.894
771.375,3.127
771.400,4.876
771.425,4.035
771.450,7.016
771.475,6.207
771.500,5.602
771.525,4.550
771.550,3.949
771.575,5.813
771.600,6.555
771.625,6.347
771.650,2.385
771.675,4.175
771.700,2.138
771.725,1.271
771.750,4.110
771.775,3.941
771.800,5.256
771.825,4.799
771.850,4.477
771.875,4.026
771.900,5.332
771.925,2.955
771.950,3.358
771.975,6.234
772.000,4.727
772.025,6.635
772.050,3.562
772.075,4.410
772.100,4.100
772.125,7.898
772.150,5.945
772.175,2.512
772.200,4.622
772.225,3.865
772.250,4.484
772.275,6.188
772.300,3.514
772.325,5.805
772.350,2.518
772.375,3.422
772.400,4.645
772.425,6.930
772.450,6.458
772.475,4.594
772.500,3.646
772.525,5.529
772.550,4.103
772.575,6.145
772.600,1.494
772.625,3.847
772.650,5.846
772.675,5.295
772.700,5.871
772.725,25.919
772.750,31.213
772.775,27.292
772.800,15.007
772.825,7.894
772.850,3.492
772.875,4.875
772.900,4.844
772.925,5.558
772.950,5.976
772.975,2.071
773.000,5.753
773.025,1.769
773.050,7.061
773.075,1.690
773.100,4.166
773.125,4.189
773.150,3.684
773.175,2.540
773.200,4.590
773.225,2.097
773.250,7.324
773.275,3.253
773.300,4.250
773.325,5.750
773.350,6.314
773.375,3.004
773.400,5.851
773.425,4.172
773.450,2.180
773.475,3.979
773.500,7.329
773.525,5.985
773.550,5.726
773.575,4.885
773.600,5.323
773.625,5.249
773.650,2.573
773.675,4.640
773.700,2.993
773.725,1.594
773.750,5.089
773.775,5.774
773.800,3.328
773.825,4.821
773.850,4.095
773.875,5.715
773.900,5.634
773.925,4.646
773.950,2.804
773.975,2.260
774.000,4.509
774.025,4.913
774.050,5.019
774.075,4.478
774.100,3.268
774.125,3.653
774.150,4.045
774.175,2.446
774.200,7.063
774.225,3.014
774.250,6.690
774.275,3.960
774.300,6.084
774.325,6.611
774.350,5.185
774.375,6.883
774.400,3.287
774.425,4.639
774.450,4.297
774.475,4.541
774.500,3.831
774.525,4.544
774.550,3.996
774.575,5.347
774.600,5.392
774.625,4.806
774.650,2.764
774.675,2.004
774.700,3.538
774.725,4.351
774.750,5.475
774.775,4.783
774.800,4.026
774.825,3.818
774.850,5.258
774.875,4.745
774.900,4.369
774.925,4.139
774.950,4.809
774.975,5.272
775.000,4.544
775.025,3.483
775.050,3.599
775.075,2.327
775.100,4.377
775.125,4.652
775.150,0.794
775.175,5.062
775.200,2.945
775.225,4.649
775.250,1.791
775.275,2.467
775.300,5.423
775.325,5.981
775.350,5.052
775.375,4.399
775.400,4.016
775.425,4.042
775.450,4.874
775.475,6.542
775.500,6.760
775.525,5.821
775.550,5.301
775.575,3.694
775.600,5.032
775.625,2.990
775.650,4.006
775.675,3.776
775.700,5.688
775.725,4.225
775.750,5.601
775.775,5.527
775.800,6.189
775.825,6.063
775.850,3.962
775.875,5.795
775.900,4.147
775.925,5.629
775.950,5.859
775.975,2.127
776.000,4.495
776.025,3.967
776.050,5.064
776.075,7.689
776.100,3.214
776.125,4.408
776.150,6.053
776.175,4.194
776.200,3.384
776.225,1.989
776.250,2.636
776.275,5.322
776.300,4.190
776.325,2.503
776.350,4.711
776.375,3.555
776.400,5.401
776.425,2.850
776.450,6.030
776.475,1.793
776.500,4.955
776.525,2.358
776.550,5.164
776.575,4.589
776.600,3.841
776.625,4.441
776.650,1.831
776.675,3.007
776.700,3.525
776.725,3.467
776.750,4.617
776.775,3.683
776.800,4.935
776.825,4.014
776.850,2.209
776.875,3.548
776.900,3.228
776.925,2.956
776.950,3.743
776.975,5.636
777.000,1.662
777.025,2.695
777.050,4.198
777.075,7.012
777.100,8.297
777.125,2.476
777.150,2.555
777.175,2.873
777.200,5.196
777.225,2.570
777.250,2.775
777.275,4.098
777.300,4.237
777.325,1.752
777.350,3.031
777.375,4.231
777.400,6.197
777.425,4.097
777.450,3.444
777.475,4.418
777.500,3.827
777.525,3.337
777.550,4.024
777.575,3.302
777.600,2.316
777.625,5.404
777.650,4.439
777.675,7.620
777.700,3.641
777.725,7.966
777.750,5.235
777.775,3.796
777.800,4.560
777.825,4.559
777.850,3.492
777.875,4.179
777.900,4.172
777.925,1.808
777.950,5.842
777.975,3.545
778.000,4.194
778.025,6.168
778.050,5.149
778.075,3.632
778.100,5.627
778.125,4.117
778.150,3.671
778.175,4.698
778.200,5.160
778.225,4.260
778.250,3.833
778.275,4.431
778.300,4.833
778.325,4.351
778.350,4.363
778.375,4.819
778.400,3.622
778.425,5.208
778.450,5.454
778.475,5.834
778.500,6.544
778.525,3.274
778.550,4.530
778.575,5.670
778.600,4.650
778.625,3.929
778.650,4.040
778.675,5.808
778.700,4.676
778.725,3.475
778.750,4.525
778.775,5.262
778.800,2.534
778.825,4.280
778.850,5.580
778.875,4.814
778.900,4.861
778.925,3.202
778.950,5.510
778.975,5.259
779.000,3.838
779.025,6.213
779.050,3.809
779.075,5.022
779.100,5.055
779.125,3.795
779.150,4.767
779.175,6.583
779.200,2.136
779.225,2.667
779.250,4.656
779.275,4.203
779.300,3.738
779.325,3.909
779.350,3.664
779.375,4.591
779.400,5.222
779.425,5.910
779.450,3.788
779.475,3.605
779.500,4.209
779.525,4.848
779.550,4.955
779.575,5.101
779.600,5.620
779.625,4.032
779.650,4.440
779.675,3.774
779.700,4.612
779.725,4.566
779.750,5.074
779.775,4.461
779.800,5.638
779.825,1.744
779.850,2.890
779.875,4.950
779.900,7.103
779.925,2.831
779.950,4.060
779.975,2.371
780.000,4.057
780.025,7.112
780.050,3.791
780.075,2.631
780.100,4.104
780.125,4.207
780.150,4.304
780.175,3.885
780.200,2.355
780.225,3.923
780.250,3.588
780.275,5.779
780.300,5.061
780.325,2.127
780.350,4.194
780.375,4.790
780.400,5.819
780.425,3.823
780.450,4.180
780.475,5.924
780.500,4.830
780.525,6.654
780.550,3.615
780.575,3.745
780.600,5.894
780.625,3.406
780.650,3.351
780.675,4.869
780.700,2.222
780.725,3.936
780.750,2.999
780.775,4.446
780.800,4.364
780.825,6.296
780.850,4.609
780.875,4.375
780.900,4.982
780.925,4.887
780.950,3.103
780.975,5.007
781.000,6.821
781.025,4.397
781.050,2.798
781.075,3.877
781.100,4.085
781.125,5.043
781.150,2.310
781.175,2.177
781.200,2.852
781.225,3.668
781.250,4.349
781.275,5.185
781.300,2.911
781.325,3.704
781.350,5.738
781.375,4.246
781.400,3.351
781.425,4.077
781.450,5.116
781.475,6.357
781.500,5.873
781.525,5.194
781.550,4.124
781.575,4.541
781.600,3.347
781.625,4.236
781.650,2.291
781.675,2.889
781.700,5.061
781.725,4.184
781.750,3.295
781.775,3.329
781.800,4.575
781.825,4.989
781.850,7.293
781.875,3.028
781.900,4.186
781.925,3.889
781.950,4.321
781.975,2.658
782.000,3.133
782.025,4.156
782.050,5.711
782.075,3.948
782.100,5.531
782.125,4.819
782.150,3.354
782.175,6.266
782.200,4.160
782.225,3.057
782.250,5.342
782.275,5.327
782.300,6.864
782.325,6.569
782.350,4.770
782.375,5.141
782.400,5.383
782.425,4.991
782.450,3.113
782.475,4.932
782.500,6.973
782.525,3.054
782.550,2.917
782.575,3.123
782.600,6.329
782.625,2.923
782.650,1.256
782.675,5.630
782.700,2.520
782.725,7.419
782.750,5.839
782.775,4.079
782.800,6.813
782.825,4.465
782.850,5.316
782.875,2.249
782.900,3.085
782.925,5.726
782.950,3.217
782.975,3.988
783.000,1.935
783.025,1.694
783.050,3.457
783.075,3.021
783.100,2.097
783.125,3.934
783.150,3.344
783.175,2.185
783.200,5.169
783.225,5.051
783.250,3.687
783.275,6.050
783.300,3.654
783.325,2.715
783.350,4.989
783.375,5.308
783.400,5.217
783.425,5.716
783.450,5.716
783.475,3.502
783.500,2.855
783.525,5.131
783.550,1.835
783.575,4.248
783.600,6.241
783.625,4.299
783.650,4.988
783.675,2.054
783.700,4.959
783.725,4.036
783.750,3.364
783.775,5.486
783.800,4.044
783.825,6.837
783.850,6.008
783.875,5.039
783.900,4.210
783.925,3.759
783.950,5.070
783.975,2.707
784.000,5.857
784.025,3.972
784.050,2.589
784.075,3.009
784.100,5.162
784.125,4.952
784.150,3.734
784.175,4.146
784.200,4.951
784.225,4.117
784.250,5.137
784.275,5.314
784.300,3.332
784.325,3.918
784.350,4.724
784.375,3.730
784.400,2.411
784.425,3.835
784.450,4.924
784.475,4.998
784.500,4.013
784.525,7.219
784.550,4.411
784.575,4.108
784.600,4.256
784.625,3.863
784.650,5.823
784.675,3.092
784.700,4.249
784.725,3.629
784.750,2.665
784.775,8.018
784.800,3.764
784.825,4.716
784.850,7.354
784.875,7.329
784.900,5.853
784.925,4.973
784.950,4.231
784.975,4.969
785.000,3.938
785.025,4.202
785.050,3.834
785.075,3.911
785.100,4.235
785.125,2.642
785.150,3.536
785.175,7.895
785.200,4.000
785.225,4.770
785.250,4.811
785.275,4.458
785.300,4.203
785.325,4.773
785.350,3.770
785.375,4.553
785.400,4.113
785.425,3.176
785.450,5.345
785.475,2.204
785.500,6.243
785.525,4.595
785.550,4.004
785.575,2.855
785.600,4.805
785.625,2.301
785.650,5.037
785.675,4.761
785.700,5.527
785.725,3.314
785.750,3.773
785.775,5.288
785.800,3.858
785.825,2.992
785.850,4.175
785.875,2.759
785.900,5.539
785.925,2.656
785.950,3.345
785.975,2.478
786.000,3.175
786.025,3.373
786.050,3.849
786.075,5.993
786.100,2.678
786.125,6.581
786.150,4.430
786.175,4.630
786.200,4.344
786.225,3.921
786.250,5.019
786.275,3.497
786.300,3.042
786.325,3.846
786.350,5.650
786.375,3.878
786.400,4.838
786.425,3.008
786.450,3.777
786.475,5.914
786.500,4.516
786.525,5.071
786.550,2.696
786.575,4.304
786.600,2.884
786.625,4.346
786.650,4.340
786.675,3.187
786.700,3.773
786.725,5.772
786.750,5.185
786.775,4.507
786.800,4.750
786.825,4.108
786.850,3.468
786.875,4.371
786.900,3.410
786.925,4.938
786.950,5.328
786.975,2.637
787.000,5.490
787.025,6.490
787.050,8.593
787.075,5.200
787.100,2.734
787.125,3.493
787.150,4.675
787.175,2.449
787.200,5.181
787.225,5.437
787.250,5.713
787.275,3.927
787.300,4.913
787.325,4.123
787.350,5.034
787.375,2.741
787.400,3.772
787.425,2.282
787.450,7.264
787.475,7.446
787.500,4.682
787.525,5.689
787.550,5.347
787.575,4.558
787.600,4.208
787.625,5.089
787.650,3.174
787.675,3.471
787.700,4.433
787.725,4.950
787.750,3.827
787.775,4.620
787.800,4.562
787.825,2.630
787.850,4.973
787.875,2.830
787.900,3.451
787.925,5.212
787.950,7.731
787.975,5.794
788.000,6.821
788.025,2.284
788.050,6.010
788.075,4.966
788.100,5.233
788.125,1.294
788.150,5.424
788.175,2.910
788.200,4.926
788.225,6.962
788.250,4.246
788.275,4.161
788.300,3.193
788.325,4.637
788.350,6.291
788.375,4.356
788.400,3.811
788.425,6.092
788.450,4.991
788.475,3.099
788.500,4.657
788.525,3.223
788.550,3.800
788.575,3.928
788.600,4.639
788.625,6.010
788.650,3.381
788.675,5.725
788.700,2.354
788.725,3.071
788.750,2.782
788.775,3.753
788.800,4.772
788.825,3.463
788.850,5.554
788.875,5.076
788.900,5.036
788.925,7.246
788.950,6.429
788.975,7.554
789.000,5.784
789.025,5.521
789.050,3.971
789.075,3.791
789.100,4.783
789.125,3.237
789.150,2.647
789.175,4.730
789.200,4.267
789.225,3.952
789.250,3.892
789.275,2.778
789.300,3.804
789.325,3.415
789.350,8.099
789.375,3.087
789.400,2.542
789.425,4.142
789.450,5.074
789.475,3.859
789.500,3.426
789.525,3.753
789.550,5.269
789.575,3.713
789.600,2.775
789.625,6.147
789.650,6.202
789.675,5.818
789.700,3.128
789.725,3.668
789.750,3.731
789.775,3.837
789.800,4.224
789.825,3.326
789.850,5.577
789.875,4.343
789.900,5.207
789.925,5.898
789.950,3.758
789.975,3.672
790.000,5.901
790.025,3.155
790.050,3.889
790.075,4.168
790.100,4.456
790.125,5.871
790.150,3.138
790.175,2.528
790.200,4.907
790.225,2.744
790.250,4.576
790.275,2.975
790.300,3.427
790.325,1.710
790.350,3.882
790.375,3.227
790.400,5.786
790.425,2.699
790.450,3.666
790.475,7.265
790.500,4.728
790.525,2.734
790.550,3.542
790.575,3.256
790.600,5.756
790.625,5.988
790.650,4.289
790.675,5.619
790.700,4.833
790.725,4.830
790.750,2.910
790.775,5.071
790.800,2.725
790.825,5.422
790.850,4.079
790.875,5.434
790.900,4.103
790.925,5.970
790.950,1.899
790.975,4.796
791.000,3.238
791.025,5.445
791.050,2.940
791.075,5.126
791.100,4.209
791.125,5.518
791.150,3.064
791.175,4.768
791.200,5.155
791.225,5.478
791.250,3.668
791.275,5.787
791.300,4.567
791.325,4.323
791.350,4.144
791.375,2.524
791.400,5.113
791.425,4.744
791.450,5.732
791.475,2.454
791.500,5.580
791.525,2.039
791.550,4.879
791.575,5.028
791.600,2.777
791.625,4.095
791.650,4.439
791.675,3.495
791.700,8.008
791.725,2.497
791.750,6.195
791.775,6.905
791.800,4.360
791.825,3.788
791.850,6.409
791.875,3.944
791.900,4.077
791.925,4.627
791.950,4.239
791.975,3.043
792.000,4.408
792.025,4.335
792.050,6.942
792.075,3.968
792.100,4.455
792.125,5.315
792.150,4.817
792.175,3.970
792.200,6.454
792.225,3.277
792.250,4.542
792.275,3.678
792.300,6.775
792.325,4.330
792.350,4.027
792.375,3.661
792.400,3.406
792.425,3.892
792.450,2.940
792.475,2.097
792.500,5.536
792.525,5.392
792.550,5.035
792.575,3.193
792.600,4.222
792.625,6.366
792.650,2.243
792.675,4.542
792.700,8.687
792.725,7.293
792.750,3.233
792.775,2.942
792.800,2.413
792.825,3.894
792.850,4.705
792.875,5.206
792.900,4.826
792.925,6.275
792.950,5.498
792.975,1.989
793.000,5.940
793.025,3.148
793.050,5.106
793.075,3.841
793.100,3.110
793.125,4.396
793.150,4.772
793.175,3.226
793.200,5.461
793.225,5.569
793.250,6.541
793.275,5.894
793.300,3.068
793.325,4.330
793.350,3.165
793.375,4.025
793.400,3.228
793.425,7.330
793.450,5.592
793.475,3.195
793.500,7.713
793.525,3.523
793.550,3.402
793.575,6.906
793.600,4.660
793.625,3.840
793.650,5.964
793.675,3.676
793.700,4.988
793.725,4.113
793.750,3.589
793.775,4.005
793.800,4.607
793.825,4.069
793.850,3.008
793.875,2.600
793.900,6.691
793.925,4.963
793.950,2.034
793.975,5.970
794.000,6.131
794.025,5.419
794.050,5.317
794.075,5.109
794.100,3.450
794.125,4.732
794.150,4.154
794.175,3.895
794.200,2.922
794.225,1.417
794.250,3.216
794.275,4.914
794.300,3.617
794.325,5.226
794.350,4.269
794.375,4.317
794.400,4.091
794.425,2.470
794.450,4.958
794.475,5.301
794.500,3.985
794.525,3.777
794.550,4.087
794.575,4.098
794.600,4.074
794.625,3.713
794.650,5.633
794.675,5.352
794.700,8.008
794.725,5.056
794.750,4.432
794.775,5.209
794.800,4.775
794.825,4.326
794.850,8.210
794.875,4.820
794.900,3.408
794.925,3.975
794.950,6.007
794.975,6.199
795.000,5.305
795.025,2.094
795.050,5.654
795.075,4.416
795.100,3.902
795.125,1.839
795.150,3.887
795.175,3.535
795.200,3.206
795.225,4.575
795.250,5.260
795.275,6.716
795.300,3.128
795.325,2.885
795.350,3.443
795.375,4.456
795.400,5.715
795.425,3.617
795.450,4.124
795.475,4.790
795.500,3.102
795.525,4.670
795.550,4.557
795.575,4.374
795.600,2.868
795.625,3.827
795.650,1.295
795.675,3.903
795.700,1.993
795.725,5.309
795.750,4.304
795.775,4.002
795.800,5.079
795.825,4.184
795.850,5.206
795.875,5.760
795.900,6.620
795.925,4.450
795.950,5.796
795.975,4.108
796.000,6.173
796.025,2.167
796.050,5.798
796.075,6.025
796.100,4.673
796.125,4.138
796.150,7.755
796.175,3.064
796.200,2.818
796.225,2.369
796.250,6.642
796.275,4.688
796.300,3.569
796.325,5.379
796.350,4.807
796.375,6.781
796.400,3.823
796.425,5.458
796.450,3.858
796.475,3.259
796.500,4.991
796.525,4.108
796.550,3.432
796.575,3.002
796.600,2.731
796.625,2.335
796.650,3.778
796.675,4.207
796.700,3.821
796.725,3.503
796.750,5.609
796.775,4.092
796.800,5.242
796.825,3.217
796.850,2.494
796.875,5.150
796.900,4.881
796.925,3.219
796.950,7.918
796.975,3.127
797.000,5.363
797.025,4.627
797.050,2.845
797.075,4.660
797.100,6.026
797.125,5.339
797.150,4.142
797.175,4.320
797.200,2.355
797.225,5.026
797.250,2.893
797.275,6.756
797.300,4.279
797.325,2.140
797.350,4.039
797.375,4.065
797.400,4.627
797.425,3.187
797.450,4.217
797.475,5.837
797.500,5.536
797.525,3.581
797.550,4.308
797.575,2.859
797.600,5.923
797.625,4.492
797.650,4.529
797.675,3.127
797.700,4.153
797.725,4.370
797.750,3.642
797.775,5.441
797.800,3.198
797.825,3.272
797.850,3.102
797.875,3.434
797.900,3.115
797.925,4.243
797.950,4.575
797.975,3.350
798.000,7.444
798.025,3.994
798.050,6.160
798.075,2.674
798.100,4.072
798.125,4.860
798.150,5.373
798.175,3.692
798.200,2.355
798.225,4.736
798.250,4.587
798.275,6.039
798.300,2.346
798.325,4.296
798.350,6.538
798.375,3.514
798.400,5.288
798.425,3.366
798.450,3.740
798.475,4.306
798.500,2.993
798.525,4.298
798.550,3.133
798.575,4.698
798.600,2.549
798.625,6.353
798.650,5.645
798.675,3.673
798.700,2.462
798.725,4.699
798.750,6.211
798.775,2.417
798.800,5.688
798.825,4.899
798.850,2.118
798.875,3.272
798.900,5.309
798.925,3.046
798.950,7.256
798.975,2.824
799.000,2.671
799.025,3.040
799.050,3.755
799.075,4.467
799.100,5.186
799.125,3.337
799.150,2.391
799.175,3.070
799.200,3.305
799.225,4.069
799.250,3.898
799.275,3.229
799.300,3.604
799.325,3.436
799.350,7.882
799.375,5.881
799.400,2.013
799.425,4.226
799.450,5.573
799.475,4.220
799.500,5.503
799.525,6.963
799.550,2.053
799.575,6.034
799.600,3.788
799.625,2.531
799.650,5.506
799.675,4.804
799.700,4.516
799.725,5.318
799.750,5.226
799.775,2.909
799.800,6.570
799.825,5.756
799.850,2.199
799.875,3.461
799.900,2.369
799.925,2.893
799.950,4.367
799.975,2.917
800.000,6.173
800.025,3.587
800.050,2.737
800.075,4.655
800.100,5.054
800.125,7.014
800.150,4.716
800.175,5.392
800.200,6.567
800.225,5.787
800.250,3.106
800.275,4.540
800.300,4.573
800.325,5.505
800.350,6.450
800.375,6.204
800.400,3.274
800.425,4.599
800.450,2.863
800.475,3.086
800.500,4.348
800.525,3.586
800.550,5.769
800.575,5.361
800.600,2.924
800.625,5.703
800.650,3.442
800.675,4.513
800.700,4.536
800.725,4.716
800.750,5.561
800.775,5.102
800.800,4.461
800.825,5.117
800.850,4.492
800.875,5.511
800.900,5.158
800.925,5.282
800.950,6.496
800.975,2.233
801.000,1.263
801.025,5.211
801.050,2.711
801.075,4.794
801.100,3.301
801.125,1.793
801.150,4.777
801.175,2.984
801.200,4.372
801.225,4.797
801.250,7.175
801.275,5.923
801.300,3.535
801.325,4.963
801.350,5.136
801.375,3.320
801.400,4.403
801.425,4.335
801.450,3.386
801.475,5.739
801.500,4.374
801.525,4.581
801.550,4.797
801.575,4.298
801.600,3.513
801.625,3.693
801.650,4.722
801.675,5.284
801.700,4.666
801.725,3.065
801.750,2.417
801.775,2.226
801.800,6.161
801.825,2.295
801.850,6.261
801.875,5.983
801.900,4.619
801.925,5.937
801.950,5.376
801.975,4.370
802.000,3.022
802.025,3.093
802.050,4.679
802.075,5.958
802.100,4.139
802.125,2.380
802.150,6.457
802.175,3.487
802.200,3.283
802.225,4.263
802.250,4.447
802.275,6.309
802.300,4.207
802.325,3.788
802.350,5.665
802.375,3.842
802.400,3.089
802.425,3.603
802.450,4.873
802.475,4.449
802.500,1.976
802.525,3.105
802.550,6.586
802.575,1.886
802.600,4.635
802.625,3.055
802.650,6.568
802.675,4.272
802.700,2.650
802.725,2.903
802.750,2.653
802.775,4.936
802.800,4.919
802.825,4.193
802.850,5.522
802.875,4.392
802.900,1.918
802.925,5.262
802.950,3.615
802.975,3.715
803.000,4.665
803.025,3.052
803.050,6.161
803.075,6.026
803.100,3.280
803.125,2.005
803.150,8.141
803.175,2.914
803.200,6.477
803.225,2.766
803.250,6.938
803.275,3.262
803.300,3.012
803.325,3.300
803.350,3.680
803.375,4.007
803.400,4.302
803.425,4.356
803.450,5.073
803.475,3.485
803.500,4.864
803.525,3.018
803.550,2.737
803.575,3.991
803.600,3.606
803.625,2.964
803.650,4.728
803.675,3.355
803.700,3.748
803.725,1.356
803.750,3.766
803.775,4.779
803.800,3.729
803.825,6.582
803.850,3.803
803.875,3.347
803.900,4.935
803.925,4.069
803.950,3.630
803.975,5.830
804.000,6.339
804.025,4.000
804.050,2.965
804.075,6.700
804.100,6.683
804.125,5.163
804.150,3.959
804.175,3.618
804.200,3.718
804.225,5.152
804.250,5.108
804.275,3.050
804.300,2.927
804.325,4.179
804.350,2.879
804.375,4.674
804.400,5.791
804.425,4.972
804.450,5.177
804.475,4.949
804.500,5.699
804.525,5.459
804.550,3.650
804.575,4.851
804.600,6.753
804.625,3.693
804.650,4.929
804.675,6.375
804.700,2.930
804.725,4.683
804.750,3.531
804.775,4.704
804.800,4.891
804.825,2.942
804.850,2.954
804.875,2.962
804.900,3.764
804.925,7.681
804.950,2.621
804.975,3.276
805.000,5.377
805.025,4.807
805.050,3.950
805.075,4.891
805.100,4.845
805.125,3.031
805.150,3.109
805.175,4.209
805.200,3.182
805.225,1.642
805.250,5.119
805.275,6.592
805.300,5.362
805.325,4.461
805.350,6.275
805.375,1.720
805.400,3.210
805.425,5.445
805.450,4.517
805.475,4.946
805.500,3.086
805.525,4.630
805.550,4.597
805.575,3.093
805.600,5.037
805.625,5.126
805.650,2.915
805.675,2.096
805.700,3.852
805.725,1.996
805.750,5.124
805.775,3.825
805.800,4.712
805.825,3.943
805.850,5.942
805.875,4.920
805.900,4.107
805.925,4.865
805.950,7.598
805.975,7.058
806.000,4.363
806.025,3.727
806.050,4.606
806.075,3.171
806.100,3.362
806.125,5.935
806.150,5.997
806.175,4.379
806.200,4.338
806.225,4.537
806.250,2.759
806.275,4.641
806.300,3.577
806.325,4.706
806.350,3.268
806.375,4.042
806.400,3.842
806.425,4.961
806.450,5.673
806.475,2.482
806.500,5.131
806.525,6.437
806.550,2.733
806.575,6.657
806.600,8.891
806.625,3.253
806.650,5.411
806.675,3.424
806.700,5.670
806.725,6.686
806.750,2.270
806.775,7.330
806.800,6.087
806.825,6.214
806.850,3.666
806.875,4.434
806.900,2.523
806.925,4.906
806.950,5.295
806.975,4.361
807.000,6.426
807.025,3.284
807.050,2.045
807.075,2.974
807.100,3.683
807.125,4.482
807.150,5.046
807.175,4.653
807.200,1.787
807.225,3.714
807.250,4.543
807.275,3.543
807.300,2.794
807.325,4.150
807.350,3.426
807.375,3.872
807.400,7.336
807.425,4.501
807.450,3.941
807.475,4.442
807.500,3.862
807.525,2.285
807.550,3.095
807.575,4.145
807.600,3.848
807.625,3.778
807.650,4.633
807.675,4.419
807.700,6.263
807.725,1.787
807.750,2.595
807.775,5.201
807.800,2.950
807.825,9.844
807.850,4.103
807.875,4.783
807.900,4.125
807.925,5.311
807.950,4.451
807.975,1.828
808.000,4.719
808.025,5.977
808.050,4.510
808.075,3.504
808.100,4.804
808.125,5.310
808.150,4.583
808.175,3.005
808.200,4.335
808.225,1.567
808.250,4.118
808.275,3.717
808.300,3.337
808.325,7.333
808.350,3.887
808.375,3.628
808.400,5.628
808.425,2.886
808.450,8.180
808.475,4.139
808.500,7.229
808.525,5.825
808.550,6.373
808.575,4.595
808.600,5.633
808.625,6.358
808.650,4.258
808.675,3.896
808.700,4.276
808.725,4.293
808.750,2.467
808.775,2.283
808.800,4.671
808.825,4.278
808.850,3.373
808.875,4.232
808.900,4.588
808.925,3.994
808.950,6.806
808.975,2.532
809.000,5.373
809.025,4.413
809.050,3.321
809.075,1.828
809.100,3.336
809.125,4.301
809.150,5.383
809.175,4.120
809.200,4.311
809.225,2.825
809.250,4.969
809.275,6.639
809.300,3.960
809.325,1.892
809.350,3.542
809.375,4.631
809.400,3.240
809.425,3.490
809.450,3.070
809.475,3.006
809.500,3.779
809.525,2.435
809.550,2.131
809.575,3.729
809.600,2.466
809.625,6.236
809.650,3.477
809.675,4.042
809.700,6.969
809.725,3.018
809.750,4.597
809.775,3.878
809.800,6.508
809.825,4.781
809.850,3.557
809.875,4.154
809.900,2.433
809.925,4.156
809.950,6.673
809.975,3.416
810.000,5.169
810.025,4.447
810.050,3.420
810.075,2.610
810.100,1.083
810.125,5.664
810.150,2.728
810.175,4.578
810.200,5.192
810.225,4.441
810.250,3.425
810.275,5.204
810.300,3.409
810.325,7.390
810.350,4.406
810.375,6.318
810.400,3.992
810.425,4.175
810.450,4.709
810.475,4.782
810.500,7.034
810.525,5.109
810.550,6.004
810.575,2.966
810.600,3.717
810.625,6.553
810.650,5.138
810.675,1.635
810.700,5.456
810.725,4.306
810.750,4.197
810.775,4.853
810.800,4.471
810.825,5.496
810.850,3.367
810.875,2.214
810.900,6.382
810.925,3.038
810.950,4.184
810.975,3.955
811.000,3.382
811.025,4.409
811.050,4.096
811.075,6.504
811.100,3.336
811.125,3.806
811.150,7.452
811.175,4.194
811.200,4.105
811.225,4.919
811.250,1.940
811.275,3.200
811.300,4.094
811.325,2.056
811.350,1.889
811.375,5.341
811.400,5.705
811.425,3.963
811.450,5.921
811.475,2.633
811.500,4.285
811.525,4.042
811.550,3.328
811.575,4.911
811.600,4.323
811.625,5.791
811.650,3.080
811.675,6.518
811.700,3.180
811.725,4.034
811.750,2.126
811.775,2.651
811.800,5.580
811.825,5.578
811.850,4.783
811.875,4.915
811.900,7.722
811.925,3.268
811.950,8.573
811.975,5.830
812.000,5.258
812.025,4.414
812.050,7.409
812.075,5.718
812.100,4.395
812.125,2.096
812.150,2.105
812.175,4.950
812.200,4.648
812.225,4.520
812.250,3.925
812.275,4.869
812.300,4.610
812.325,4.538
812.350,4.040
812.375,4.275
812.400,4.387
812.425,4.882
812.450,5.732
812.475,2.899
812.500,6.215
812.525,5.298
812.550,4.183
812.575,5.978
812.600,4.149
812.625,4.394
812.650,5.215
812.675,2.948
812.700,6.280
812.725,6.659
812.750,3.496
812.775,5.895
812.800,3.224
812.825,5.712
812.850,3.867
812.875,7.098
812.900,2.817
812.925,4.013
812.950,3.844
812.975,3.671
813.000,6.002
813.025,2.684
813.050,6.183
813.075,5.862
813.100,4.747
813.125,5.124
813.150,5.247
813.175,4.792
813.200,3.711
813.225,3.941
813.250,3.686
813.275,4.108
813.300,4.297
813.325,5.729
813.350,7.051
813.375,3.996
813.400,3.801
813.425,4.304
813.450,4.533
813.475,4.297
813.500,3.959
813.525,4.961
813.550,7.586
813.575,4.975
813.600,5.047
813.625,4.832
813.650,4.074
813.675,6.248
813.700,6.520
813.725,4.337
813.750,8.995
813.775,3.953
813.800,4.385
813.825,6.292
813.850,7.466
813.875,3.732
813.900,7.271
813.925,5.414
813.950,4.229
813.975,5.917
814.000,5.165
814.025,4.330
814.050,3.070
814.075,3.890
814.100,3.919
814.125,4.058
814.150,6.977
814.175,5.119
814.200,1.475
814.225,3.299
814.250,6.276
814.275,3.302
814.300,3.236
814.325,5.912
814.350,5.475
814.375,8.386
814.400,4.289
814.425,6.652
814.450,5.077
814.475,3.854
814.500,5.172
814.525,4.144
814.550,3.172
814.575,4.046
814.600,4.139
814.625,4.355
814.650,6.460
814.675,3.495
814.700,10.013
814.725,7.909
814.750,4.407
814.775,4.155
814.800,5.194
814.825,4.818
814.850,5.267
814.875,7.985
814.900,2.688
814.925,2.999
814.950,3.997
814.975,5.541
815.000,5.348
815.025,3.267
815.050,7.397
815.075,6.010
815.100,3.101
815.125,5.779
815.150,6.839
815.175,4.584
815.200,4.751
815.225,4.224
815.250,3.326
815.275,3.576
815.300,2.767
815.325,4.550
815.350,3.296
815.375,3.584
815.400,4.048
815.425,2.743
815.450,6.194
815.475,2.865
815.500,5.727
815.525,4.495
815.550,3.107
815.575,4.519
815.600,6.594
815.625,4.937
815.650,3.332
815.675,5.988
815.700,4.820
815.725,3.206
815.750,3.563
815.775,5.687
815.800,3.963
815.825,6.377
815.850,7.112
815.875,5.676
815.900,3.822
815.925,5.687
815.950,5.024
815.975,2.799
816.000,5.846
816.025,3.087
816.050,3.651
816.075,3.440
816.100,4.439
816.125,3.933
816.150,4.323
816.175,3.293
816.200,6.144
816.225,4.911
816.250,5.772
816.275,5.119
816.300,3.509
816.325,5.019
816.350,6.651
816.375,4.177
816.400,3.406
816.425,6.501
816.450,4.658
816.475,3.064
816.500,3.906
816.525,4.912
816.550,3.018
816.575,4.459
816.600,6.174
816.625,12.397
816.650,2.899
816.675,3.076
816.700,4.192
816.725,2.980
816.750,6.780
816.775,10.159
816.800,6.450
816.825,7.208
816.850,5.708
816.875,3.248
816.900,4.461
816.925,3.950
816.950,4.648
816.975,7.497
817.000,6.483
817.025,2.496
817.050,5.588
817.075,5.505
817.100,3.747
817.125,3.703
817.150,2.850
817.175,4.906
817.200,5.637
817.225,6.872
817.250,2.567
817.275,7.087
817.300,4.522
817.325,2.699
817.350,2.350
817.375,4.563
817.400,3.509
817.425,4.706
817.450,5.653
817.475,4.903
817.500,4.304
817.525,4.812
817.550,6.572
817.575,4.050
817.600,2.912
817.625,4.303
817.650,3.633
817.675,4.068
817.700,3.581
817.725,4.827
817.750,4.093
817.775,5.684
817.800,3.687
817.825,3.637
817.850,6.370
817.875,4.964
817.900,6.283
817.925,3.666
817.950,2.570
817.975,4.454
818.000,1.922
818.025,3.901
818.050,3.057
818.075,5.276
818.100,2.721
818.125,3.292
818.150,3.749
818.175,2.339
818.200,2.259
818.225,3.852
818.250,4.280
818.275,4.367
818.300,6.102
818.325,5.274
818.350,3.453
818.375,4.321
818.400,3.513
818.425,5.251
818.450,2.942
818.475,5.976
818.500,6.924
818.525,2.851
818.550,4.505
818.575,3.815
818.600,2.690
818.625,5.155
818.650,3.350
818.675,3.113
818.700,1.523
818.725,5.289
818.750,6.045
818.775,5.495
818.800,7.604
818.825,3.466
818.850,5.037
818.875,4.018
818.900,6.224
818.925,3.449
818.950,5.721
818.975,7.126
819.000,5.478
819.025,3.932
819.050,2.126
819.075,4.462
819.100,7.889
819.125,2.236
819.150,3.267
819.175,4.428
819.200,5.781
819.225,4.226
819.250,6.272
819.275,4.291
819.300,1.887
819.325,7.156
819.350,2.237
819.375,4.984
819.400,7.090
819.425,4.639
819.450,2.559
819.475,3.868
819.500,1.679
819.525,4.966
819.550,4.646
819.575,3.937
819.600,3.579
819.625,4.334
819.650,2.918
819.675,3.782
819.700,4.529
819.725,7.413
819.750,6.166
819.775,4.356
819.800,5.402
819.825,5.441
819.850,4.178
819.875,4.373
819.900,6.517
819.925,2.404
819.950,3.607
819.975,5.661
820.000,4.945
820.025,6.227
820.050,4.023
820.075,5.990
820.100,2.562
820.125,6.772
820.150,8.614
820.175,4.669
820.200,5.530
820.225,4.668
820.250,4.639
820.275,8.504
820.300,6.024
820.325,4.592
820.350,5.500
820.375,5.290
820.400,5.906
820.425,4.636
820.450,3.921
820.475,4.878
820.500,5.079
820.525,6.593
820.550,6.014
820.575,3.029
820.600,3.831
820.625,4.131
820.650,6.512
820.675,5.336
820.700,4.928
820.725,6.538
820.750,3.799
820.775,7.803
820.800,9.641
820.825,6.141
820.850,3.934
820.875,6.065
820.900,8.862
820.925,6.402
820.950,7.227
820.975,5.731
821.000,7.017
821.025,7.302
821.050,7.090
821.075,5.398
821.100,11.322
821.125,7.708
821.150,5.991
821.175,12.004
821.200,13.068
821.225,11.620
821.250,10.465
821.275,11.460
821.300,10.119
821.325,14.455
821.350,10.835
821.375,11.909
821.400,11.235
821.425,10.119
821.450,6.404
821.475,9.486
821.500,7.753
821.525,7.474
821.550,7.734
821.575,4.036
821.600,6.927
821.625,7.190
821.650,4.988
821.675,6.865
821.700,8.553
821.725,6.092
821.750,7.102
821.775,5.656
821.800,3.988
821.825,6.381
821.850,5.946
821.875,4.528
821.900,3.593
821.925,5.162
821.950,6.001
821.975,6.540
822.000,5.961
822.025,6.275
822.050,5.699
822.075,4.439
822.100,2.743
822.125,6.218
822.150,3.740
822.175,9.163
822.200,6.990
822.225,4.053
822.250,4.042
822.275,6.351
822.300,5.694
822.325,2.791
822.350,7.335
822.375,3.730
822.400,5.212
822.425,3.490
822.450,3.496
822.475,4.281
822.500,4.447
822.525,3.863
822.550,4.240
822.575,2.937
822.600,5.161
822.625,2.387
822.650,2.608
822.675,6.447
822.700,3.616
822.725,2.868
822.750,4.836
822.775,8.851
822.800,4.876
822.825,5.331
822.850,3.079
822.875,2.757
822.900,5.484
822.925,2.946
822.950,5.436
822.975,5.184
823.000,4.504
823.025,4.869
823.050,6.159
823.075,4.661
823.100,6.921
823.125,4.174
823.150,4.550
823.175,3.924
823.200,5.163
823.225,3.470
823.250,4.286
823.275,4.046
823.300,4.532
823.325,4.291
823.350,2.749
823.375,7.090
823.400,3.836
823.425,1.986
823.450,3.899
823.475,6.853
823.500,5.223
823.525,4.092
823.550,3.907
823.575,4.039
823.600,4.942
823.625,3.135
823.650,4.493
823.675,3.538
823.700,3.412
823.725,3.872
823.750,4.976
823.775,5.308
823.800,4.168
823.825,3.561
823.850,2.793
823.875,3.810
823.900,1.674
823.925,4.631
823.950,2.929
823.975,7.211
824.000,4.051
824.025,3.670
824.050,5.156
824.075,6.964
824.100,5.743
824.125,5.072
824.150,4.817
824.175,5.347
824.200,1.375
824.225,4.070
824.250,4.649
824.275,4.668
824.300,5.483
824.325,2.010
824.350,3.916
824.375,7.796
824.400,3.942
824.425,3.014
824.450,4.863
824.475,3.581
824.500,5.404
824.525,2.904
824.550,5.451
824.575,5.192
824.600,4.828
824.625,3.503
824.650,3.876
824.675,6.838
824.700,3.445
824.725,4.280
824.750,4.306
824.775,3.854
824.800,5.761
824.825,4.787
824.850,5.183
824.875,8.156
824.900,3.608
824.925,4.073
824.950,4.435
824.975,4.049
825.000,3.748
825.025,5.535
825.050,3.527
825.075,6.523
825.100,4.328
825.125,3.055
825.150,2.927
825.175,4.382
825.200,7.266
825.225,4.007
825.250,2.873
825.275,6.177
825.300,4.559
825.325,3.790
825.350,4.996
825.375,4.345
825.400,6.546
825.425,5.624
825.450,2.633
825.475,4.794
825.500,2.979
825.525,2.011
825.550,4.572
825.575,4.089
825.600,3.609
825.625,6.023
825.650,4.000
825.675,3.305
825.700,5.580
825.725,5.842
825.750,4.790
825.775,3.770
825.800,6.412
825.825,5.489
825.850,6.432
825.875,4.319
825.900,3.887
825.925,4.785
825.950,4.593
825.975,4.045
826.000,3.532
826.025,4.854
826.050,5.990
826.075,3.138
826.100,8.921
826.125,3.269
826.150,4.531
826.175,6.654
826.200,4.573
826.225,5.003
826.250,6.328
826.275,3.636
826.300,2.581
826.325,3.690
826.350,6.778
826.375,5.491
826.400,4.987
826.425,4.855
826.450,6.682
826.475,2.543
826.500,5.815
826.525,3.811
826.550,5.373
826.575,1.443
826.600,5.674
826.625,3.592
826.650,4.607
826.675,6.253
826.700,3.431
826.725,3.276
826.750,3.640
826.775,5.513
826.800,3.195
826.825,4.029
826.850,2.799
826.875,3.633
826.900,6.147
826.925,2.350
826.950,5.740
826.975,3.043
827.000,5.695
827.025,2.645
827.050,2.689
827.075,4.393
827.100,1.160
827.125,4.172
827.150,4.843
827.175,4.494
827.200,7.560
827.225,4.324
827.250,4.923
827.275,5.428
827.300,3.314
827.325,3.601
827.350,3.298
827.375,3.096
827.400,4.319
827.425,6.265
827.450,3.861
827.475,4.661
827.500,5.043
827.525,2.436
827.550,4.252
827.575,4.514
827.600,3.104
827.625,4.018
827.650,3.039
827.675,5.877
827.700,4.448
827.725,4.846
827.750,5.890
827.775,3.486
827.800,3.149
827.825,4.339
827.850,3.800
827.875,3.764
827.900,3.603
827.925,3.005
827.950,2.910
827.975,3.726
828.000,3.048
828.025,4.946
828.050,9.389
828.075,4.359
828.100,4.494
828.125,5.053
828.150,5.546
828.175,5.657
828.200,6.331
828.225,4.068
828.250,5.667
828.275,3.031
828.300,4.264
828.325,7.485
828.350,4.343
828.375,4.539
828.400,4.990
828.425,3.457
828.450,4.489
828.475,4.440
828.500,6.086
828.525,3.717
828.550,3.730
828.575,4.057
828.600,5.564
828.625,3.475
828.650,3.308
828.675,3.152
828.700,3.873
828.725,4.839
828.750,2.579
828.775,4.025
828.800,6.968
828.825,4.107
828.850,4.029
828.875,2.742
828.900,5.720
828.925,5.774
828.950,3.206
828.975,2.843
829.000,4.419
829.025,2.993
829.050,3.633
829.075,5.800
829.100,3.575
829.125,1.963
829.150,5.641
829.175,5.774
829.200,4.272
829.225,5.587
829.250,4.031
829.275,2.783
829.300,5.331
829.325,3.882
829.350,2.667
829.375,2.711
829.400,4.047
829.425,6.290
829.450,4.989
829.475,4.915
829.500,4.684
829.525,5.912
829.550,6.593
829.575,3.922
829.600,4.145
829.625,6.828
829.650,3.565
829.675,3.237
829.700,5.196
829.725,5.100
829.750,6.282
829.775,6.178
829.800,3.578
829.825,3.050
829.850,3.398
829.875,3.886
829.900,5.887
829.925,4.550
829.950,4.805
829.975,4.111
830.000,3.511
830.025,2.842
830.050,4.672
830.075,5.950
830.100,1.488
830.125,2.429
830.150,5.640
830.175,2.893
830.200,3.897
830.225,4.935
830.250,3.699
830.275,2.596
830.300,5.954
830.325,1.957
830.350,5.531
830.375,2.465
830.400,3.960
830.425,3.547
830.450,5.297
830.475,3.221
830.500,3.147
830.525,3.151
830.550,2.250
830.575,2.852
830.600,5.981
830.625,4.878
830.650,6.204
830.675,2.506
830.700,3.526
830.725,3.075
830.750,2.331
830.775,4.326
830.800,4.794
830.825,5.628
830.850,3.525
830.875,4.530
830.900,7.061
830.925,4.100
830.950,5.514
830.975,5.526
831.000,3.479
831.025,4.998
831.050,4.845
831.075,6.271
831.100,3.913
831.125,4.019
831.150,4.738
831.175,8.436
831.200,7.696
831.225,3.778
831.250,5.724
831.275,7.072
831.300,3.902
831.325,5.091
831.350,4.147
831.375,5.175
831.400,8.336
831.425,11.089
831.450,8.222
831.475,9.004
831.500,9.041
831.525,8.103
831.550,9.325
831.575,10.064
831.600,9.084
831.625,10.382
831.650,2.785
831.675,6.892
831.700,9.375
831.725,5.433
831.750,5.876
831.775,6.561
831.800,5.452
831.825,5.257
831.850,2.736
831.875,4.640
831.900,5.848
831.925,3.864
831.950,3.842
831.975,5.167
832.000,5.473
832.025,3.585
832.050,5.655
832.075,1.576
832.100,4.912
832.125,2.038
832.150,3.698
832.175,3.951
832.200,3.621
832.225,5.559
832.250,2.802
832.275,1.682
832.300,3.433
832.325,5.419
832.350,5.444
832.375,6.926
832.400,5.535
832.425,2.941
832.450,5.052
832.475,3.349
832.500,4.938
832.525,4.457
832.550,3.937
832.575,7.699
832.600,3.877
832.625,4.350
832.650,5.522
832.675,4.062
832.700,2.296
832.725,5.723
832.750,3.809
832.775,3.430
832.800,5.406
832.825,7.881
832.850,4.775
832.875,3.546
832.900,4.918
832.925,6.000
832.950,3.276
832.975,7.541
833.000,3.543
833.025,4.820
833.050,3.306
833.075,4.109
833.100,2.065
833.125,5.389
833.150,5.213
833.175,3.643
833.200,5.216
833.225,5.109
833.250,5.267
833.275,3.215
833.300,3.256
833.325,4.572
833.350,5.247
833.375,3.678
833.400,5.587
833.425,2.721
833.450,5.794
833.475,3.617
833.500,2.853
833.525,7.751
833.550,2.291
833.575,3.262
833.600,4.711
833.625,3.056
833.650,5.174
833.675,5.006
833.700,5.691
833.725,4.995
833.750,4.676
833.775,3.737
833.800,4.376
833.825,2.899
833.850,4.662
833.875,3.319
833.900,3.512
833.925,3.451
833.950,5.548
833.975,6.177
834.000,5.802
834.025,4.822
834.050,4.016
834.075,5.659
834.100,3.237
834.125,3.268
834.150,4.333
834.175,7.327
834.200,2.487
834.225,4.717
834.250,3.470
834.275,7.272
834.300,5.064
834.325,5.191
834.350,5.747
834.375,6.407
834.400,4.212
834.425,0.834
834.450,3.709
834.475,2.514
834.500,4.088
834.525,3.354
834.550,2.017
834.575,3.967
834.600,5.965
834.625,4.014
834.650,2.490
834.675,4.006
834.700,3.013
834.725,3.098
834.750,4.714
834.775,5.952
834.800,3.993
834.825,4.683
834.850,2.674
834.875,6.897
834.900,4.079
834.925,3.513
834.950,5.856
834.975,3.813
835.000,2.501
835.025,3.101
835.050,5.196
835.075,2.557
835.100,6.330
835.125,4.549
835.150,4.940
835.175,7.867
835.200,5.745
835.225,5.145
835.250,3.719
835.275,3.911
835.300,4.275
835.325,5.458
835.350,7.168
835.375,4.607
835.400,8.454
835.425,3.823
835.450,7.951
835.475,4.545
835.500,4.758
835.525,8.061
835.550,5.144
835.575,5.323
835.600,17.286
835.625,7.907
835.650,7.191
835.675,8.307
835.700,5.718
835.725,6.007
835.750,3.705
835.775,4.375
835.800,5.027
835.825,9.104
835.850,7.414
835.875,10.678
835.900,5.140
835.925,11.854
835.950,7.978
835.975,7.811
836.000,7.841
836.025,4.605
836.050,5.587
836.075,9.529
836.100,5.005
836.125,7.758
836.150,4.456
836.175,9.179
836.200,8.378
836.225,10.521
836.250,4.674
836.275,7.624
836.300,7.340
836.325,4.774
836.350,6.128
836.375,9.481
836.400,5.224
836.425,6.811
836.450,3.994
836.475,5.739
836.500,14.070
836.525,4.523
836.550,5.543
836.575,10.415
836.600,2.886
836.625,4.608
836.650,8.156
836.675,4.202
836.700,3.744
836.725,3.464
836.750,4.242
836.775,4.944
836.800,7.550
836.825,4.491
836.850,2.725
836.875,7.130
836.900,5.524
836.925,3.105
836.950,4.012
836.975,6.896
837.000,6.578
837.025,6.340
837.050,4.133
837.075,3.185
837.100,3.452
837.125,3.142
837.150,4.166
837.175,4.408
837.200,3.427
837.225,4.645
837.250,8.547
837.275,3.108
837.300,3.302
837.325,4.589
837.350,5.034
837.375,4.376
837.400,5.509
837.425,3.023
837.450,4.910
837.475,4.084
837.500,4.102
837.525,4.402
837.550,5.049
837.575,6.658
837.600,3.516
837.625,4.302
837.650,3.979
837.675,1.277
837.700,2.847
837.725,5.974
837.750,7.686
837.775,3.037
837.800,5.017
837.825,3.959
837.850,4.358
837.875,5.415
837.900,4.377
837.925,2.244
837.950,5.054
837.975,3.251
838.000,4.956
838.025,5.063
838.050,3.821
838.075,2.091
838.100,5.303
838.125,2.889
838.150,3.723
838.175,3.922
838.200,4.507
838.225,3.671
838.250,4.999
838.275,7.296
838.300,3.960
838.325,7.817
838.350,12.602
838.375,8.266
838.400,14.530
838.425,10.554
838.450,5.576
838.475,3.623
838.500,7.776
838.525,3.794
838.550,3.005
838.575,7.034
838.600,4.761
838.625,4.028
838.650,6.409
838.675,3.879
838.700,2.713
838.725,5.384
838.750,4.194
838.775,4.512
838.800,3.319
838.825,3.544
838.850,1.071
838.875,4.610
838.900,3.744
838.925,3.141
838.950,5.549
838.975,5.374
839.000,3.797
839.025,5.358
839.050,4.032
839.075,3.477
839.100,4.949
839.125,4.232
839.150,2.003
839.175,4.495
839.200,3.594
839.225,4.357
839.250,3.855
839.275,2.809
839.300,3.608
839.325,3.216
839.350,6.129
839.375,2.995
839.400,6.168
839.425,4.459
839.450,3.327
839.475,2.745
839.500,3.112
839.525,5.452
839.550,4.084
839.575,5.248
839.600,1.893
839.625,4.216
839.650,4.296
839.675,3.033
839.700,5.631
839.725,3.403
839.750,2.696
839.775,7.542
839.800,3.378
839.825,3.532
839.850,4.002
839.875,6.710
839.900,5.482
839.925,2.750
839.950,3.742
839.975,2.999
840.000,4.726
840.025,4.176
840.050,3.079
840.075,1.620
840.100,5.967
840.125,4.130
840.150,4.443
840.175,5.571
840.200,3.081
840.225,3.616
840.250,4.133
840.275,5.556
840.300,4.788
840.325,3.969
840.350,2.731
840.375,5.050
840.400,4.590
840.425,3.792
840.450,2.435
840.475,4.923
840.500,4.638
840.525,4.341
840.550,4.656
840.575,3.548
840.600,2.540
840.625,3.581
840.650,1.843
840.675,4.812
840.700,3.985
840.725,4.036
840.750,3.877
840.775,5.337
840.800,3.734
840.825,3.954
840.850,6.110
840.875,3.623
840.900,4.949
840.925,0.997
840.950,4.322
840.975,4.620
841.000,3.475
841.025,6.063
841.050,2.405
841.075,4.241
841.100,4.546
841.125,3.013
841.150,6.290
841.175,4.607
841.200,4.146
841.225,3.091
841.250,3.032
841.275,2.252
841.300,3.258
841.325,5.212
841.350,3.381
841.375,3.450
841.400,4.627
841.425,4.091
841.450,4.693
841.475,5.214
841.500,4.067
841.525,3.967
841.550,4.713
841.575,4.723
841.600,5.377
841.625,4.632
841.650,3.419
841.675,7.192
841.700,5.077
841.725,4.008
841.750,3.507
841.775,4.473
841.800,5.298
841.825,4.150
841.850,3.871
841.875,2.440
841.900,6.968
841.925,3.114
841.950,3.688
841.975,3.938
842.000,4.852
842.025,8.228
842.050,2.775
842.075,2.406
842.100,3.305
842.125,6.299
842.150,4.852
842.175,4.018
842.200,3.586
842.225,3.665
842.250,4.316
842.275,4.428
842.300,3.254
842.325,1.993
842.350,4.853
842.375,3.257
842.400,2.211
842.425,4.543
842.450,3.923
842.475,6.036
842.500,5.552
842.525,4.013
842.550,4.249
842.575,3.232
842.600,5.617
842.625,7.050
842.650,2.112
842.675,5.476
842.700,4.794
842.725,3.221
842.750,3.213
842.775,2.390
842.800,4.358
842.825,3.299
842.850,3.421
842.875,2.828
842.900,3.761
842.925,3.700
842.950,4.328
842.975,4.481
843.000,3.847
843.025,3.383
843.050,7.014
843.075,4.266
843.100,2.311
843.125,6.334
843.150,3.332
843.175,4.540
843.200,2.760
843.225,4.098
843.250,6.943
843.275,2.198
843.300,4.677
843.325,4.926
843.350,1.814
843.375,4.001
843.400,4.248
843.425,5.315
843.450,4.180
843.475,2.419
843.500,3.663
843.525,2.972
843.550,4.282
843.575,6.828
843.600,4.882
843.625,3.208
843.650,4.532
843.675,6.114
843.700,5.146
843.725,2.882
843.750,4.785
843.775,3.530
843.800,2.843
843.825,3.932
843.850,1.486
843.875,6.084
843.900,4.513
843.925,5.295
843.950,3.401
843.975,5.880
844.000,3.428
844.025,6.297
844.050,3.521
844.075,2.740
844.100,5.232
844.125,2.991
844.150,4.578
844.175,5.704
844.200,3.713
844.225,5.076
844.250,4.564
844.275,6.796
844.300,3.022
844.325,3.775
844.350,2.455
844.375,5.099
844.400,4.302
844.425,3.583
844.450,4.892
844.475,5.200
844.500,4.670
844.525,3.611
844.550,4.368
844.575,2.815
844.600,3.394
844.625,1.689
844.650,4.709
844.675,5.871
844.700,5.883
844.725,4.963
844.750,4.864
844.775,5.315
844.800,2.441
844.825,2.552
844.850,5.691
844.875,6.636
844.900,1.956
844.925,6.280
844.950,2.678
844.975,5.245
845.000,2.297
845.025,3.442
845.050,4.389
845.075,4.577
845.100,3.706
845.125,2.809
845.150,3.511
845.175,6.099
845.200,3.103
845.225,4.794
845.250,2.970
845.275,4.016
845.300,5.529
845.325,3.762
845.350,5.818
845.375,3.166
845.400,8.513
845.425,4.232
845.450,4.285
845.475,4.413
845.500,2.355
845.525,2.981
845.550,2.913
845.575,3.650
845.600,1.446
845.625,3.326
845.650,5.811
845.675,3.424
845.700,6.145
845.725,4.822
845.750,6.635
845.775,1.936
845.800,6.228
845.825,3.936
845.850,3.682
845.875,5.223
845.900,3.052
845.925,3.643
845.950,6.264
845.975,5.651
846.000,5.423
846.025,5.217
846.050,4.675
846.075,2.712
846.100,3.024
846.125,4.398
846.150,4.861
846.175,4.940
846.200,4.740
846.225,6.097
846.250,5.156
846.275,4.660
846.300,3.456
846.325,3.839
846.350,5.256
846.375,12.239
846.400,9.258
846.425,7.082
846.450,2.949
846.475,4.932
846.500,6.089
846.525,3.189
846.550,3.225
846.575,4.372
846.600,5.718
846.625,2.957
846.650,6.634
846.675,5.282
846.700,5.295
846.725,3.705
846.750,3.259
846.775,3.625
846.800,5.667
846.825,5.033
846.850,8.870
846.875,3.846
846.900,4.136
846.925,6.056
846.950,3.157
846.975,6.375
847.000,9.883
847.025,5.253
847.050,4.113
847.075,6.035
847.100,3.293
847.125,2.949
847.150,2.005
847.175,3.471
847.200,4.665
847.225,4.165
847.250,5.234
847.275,5.836
847.300,4.888
847.325,4.061
847.350,5.370
847.375,4.402
847.400,4.116
847.425,2.432
847.450,6.251
847.475,6.962
847.500,5.981
847.525,6.434
847.550,4.293
847.575,5.654
847.600,4.957
847.625,5.329
847.650,5.565
847.675,2.558
847.700,5.964
847.725,5.170
847.750,2.643
847.775,4.609
847.800,3.786
847.825,4.238
847.850,4.909
847.875,6.808
847.900,2.326
847.925,4.884
847.950,4.295
847.975,4.971
848.000,2.737
848.025,1.863
848.050,4.393
848.075,5.793
848.100,3.582
848.125,5.191
848.150,3.310
848.175,3.084
848.200,4.063
848.225,3.360
848.250,4.680
848.275,4.094
848.300,3.471
848.325,6.875
848.350,2.801
848.375,5.392
848.400,4.046
848.425,4.071
848.450,4.960
848.475,5.178
848.500,3.113
848.525,4.830
848.550,5.961
848.575,5.297
848.600,3.448
848.625,6.977
848.650,2.907
848.675,4.497
848.700,2.496
848.725,4.335
848.750,5.400
848.775,6.008
848.800,4.124
848.825,5.082
848.850,5.203
848.875,4.459
848.900,4.304
848.925,5.676
848.950,5.132
848.975,5.029
849.000,4.440
849.025,3.537
849.050,4.262
849.075,2.748
849.100,6.020
849.125,4.340
849.150,3.505
849.175,4.277
849.200,3.080
849.225,3.565
849.250,4.737
849.275,3.414
849.300,2.805
849.325,7.438
849.350,5.837
849.375,4.301
849.400,4.549
849.425,4.552
849.450,2.514
849.475,1.930
849.500,5.899
849.525,5.436
849.550,3.088
849.575,2.035
849.600,4.231
849.625,5.288
849.650,7.582
849.675,3.744
849.700,4.870
849.725,2.320
849.750,3.696
849.775,4.419
849.800,4.303
849.825,5.097
849.850,6.441
849.875,3.208
849.900,3.580
849.925,6.235
849.950,4.411
849.975,5.699
850.000,3.539
850.025,6.073
850.050,3.249
850.075,4.882
850.100,3.203
850.125,3.517
850.150,4.086
850.175,5.092
850.200,7.912
850.225,3.544
850.250,4.196
850.275,7.004
850.300,4.234
850.325,4.051
850.350,7.637
850.375,6.562
850.400,2.302
850.425,2.439
850.450,5.797
850.475,3.275
850.500,5.992
850.525,5.703
850.550,5.919
850.575,6.106
850.600,6.731
850.625,4.499
850.650,3.679
850.675,3.373
850.700,3.741
850.725,5.338
850.750,6.311
850.775,3.553
850.800,5.916
850.825,4.435
850.850,4.369
850.875,5.371
850.900,3.475
850.925,3.661
850.950,3.391
850.975,5.291
851.000,2.534
851.025,5.897
851.050,5.139
851.075,4.166
851.100,6.351
851.125,4.456
851.150,6.162
851.175,10.925
851.200,6.727
851.225,2.727
851.250,4.999
851.275,5.123
851.300,3.172
851.325,5.019
851.350,3.418
851.375,3.556
851.400,4.529
851.425,3.928
851.450,4.803
851.475,3.252
851.500,4.674
851.525,3.677
851.550,3.895
851.575,5.458
851.600,7.155
851.625,4.393
851.650,4.924
851.675,4.349
851.700,4.595
851.725,5.213
851.750,6.299
851.775,3.208
851.800,2.582
851.825,3.493
851.850,4.988
851.875,6.717
851.900,4.062
851.925,3.303
851.950,4.121
851.975,4.243
852.000,5.164
852.025,2.914
852.050,4.762
852.075,3.925
852.100,5.472
852.125,3.208
852.150,3.476
852.175,3.043
852.200,2.585
852.225,4.828
852.250,4.788
852.275,3.183
852.300,6.132
852.325,3.646
852.350,5.019
852.375,4.737
852.400,5.895
852.425,4.435
852.450,4.791
852.475,4.723
852.500,5.800
852.525,2.207
852.550,7.531
852.575,2.873
852.600,3.734
852.625,5.765
852.650,4.038
852.675,5.063
852.700,4.168
852.725,3.305
852.750,4.361
852.775,2.936
852.800,6.538
852.825,5.360
852.850,3.379
852.875,3.759
852.900,4.430
852.925,2.824
852.950,4.607
852.975,3.503
853.000,3.152
853.025,4.130
853.050,3.801
853.075,3.552
853.100,4.391
853.125,4.428
853.150,3.640
853.175,2.631
853.200,4.601
853.225,2.752
853.250,4.645
853.275,4.151
853.300,4.226
853.325,6.258
853.350,3.739
853.375,6.205
853.400,3.230
853.425,1.916
853.450,2.135
853.475,2.577
853.500,4.411
853.525,6.058
853.550,5.826
853.575,2.630
853.600,4.454
853.625,3.421
853.650,3.305
853.675,3.660
853.700,6.985
853.725,5.535
853.750,3.182
853.775,4.061
853.800,7.273
853.825,4.750
853.850,4.102
853.875,4.824
853.900,4.976
853.925,4.590
853.950,6.858
853.975,4.862
854.000,5.880
854.025,6.725
854.050,6.514
854.075,4.155
854.100,3.581
854.125,6.969
854.150,5.015
854.175,6.029
854.200,6.869
854.225,3.890
854.250,4.882
854.275,3.736
854.300,1.725
854.325,8.721
854.350,4.522
854.375,2.598
854.400,6.875
854.425,4.711
854.450,5.593
854.475,3.412
854.500,6.858
854.525,4.738
854.550,4.381
854.575,2.868
854.600,5.037
854.625,6.310
854.650,5.979
854.675,5.652
854.700,3.618
854.725,3.183
854.750,2.454
854.775,3.847
854.800,4.649
854.825,3.081
854.850,5.074
854.875,5.391
854.900,4.723
854.925,3.960
854.950,7.492
854.975,5.532
855.000,10.924
855.025,4.304
855.050,2.912
855.075,6.094
855.100,5.045
855.125,5.653
855.150,8.152
855.175,6.821
855.200,5.802
855.225,7.126
855.250,8.162
855.275,7.898
855.300,11.836
855.325,11.160
855.350,13.269
855.375,18.377
855.400,15.348
855.425,19.406
855.450,17.827
855.475,17.343
855.500,21.647
855.525,22.613
855.550,19.227
855.575,14.863
855.600,17.161
855.625,13.445
855.650,9.429
855.675,9.063
855.700,8.485
855.725,12.156
855.750,11.482
855.775,6.620
855.800,5.609
855.825,10.091
855.850,7.646
855.875,6.097
855.900,3.745
855.925,6.205
855.950,6.470
855.975,8.908
856.000,5.660
856.025,8.372
856.050,3.106
856.075,5.825
856.100,4.428
856.125,3.409
856.150,4.450
856.175,6.401
856.200,8.995
856.225,4.703
856.250,5.474
856.275,3.249
856.300,6.668
856.325,6.813
856.350,4.115
856.375,4.334
856.400,2.859
856.425,3.120
856.450,1.975
856.475,6.873
856.500,6.079
856.525,2.689
856.550,5.503
856.575,3.964
856.600,4.886
856.625,2.714
856.650,3.699
856.675,4.425
856.700,4.881
856.725,8.023
856.750,4.949
856.775,6.399
856.800,4.842
856.825,6.156
856.850,6.429
856.875,4.581
856.900,3.609
856.925,4.558
856.950,4.276
856.975,4.761
857.000,4.877
857.025,4.237
857.050,5.392
857.075,4.008
857.100,2.813
857.125,6.315
857.150,6.335
857.175,3.202
857.200,4.388
857.225,4.922
857.250,5.474
857.275,4.087
857.300,4.828
857.325,4.129
857.350,2.622
857.375,10.696
857.400,8.191
857.425,5.809
857.450,7.264
857.475,3.486
857.500,8.021
857.525,4.837
857.550,4.931
857.575,3.338
857.600,5.751
857.625,6.611
857.650,7.404
857.675,12.180
857.700,3.197
857.725,6.660
857.750,7.455
857.775,4.598
857.800,5.060
857.825,8.756
857.850,6.264
857.875,9.937
857.900,7.755
857.925,12.150
857.950,8.549
857.975,9.523
858.000,13.328
858.025,8.258
858.050,13.896
858.075,6.850
858.100,3.403
858.125,8.779
858.150,6.570
858.175,6.487
858.200,6.154
858.225,2.786
858.250,5.833
858.275,4.997
858.300,5.909
858.325,9.811
858.350,6.384
858.375,2.599
858.400,10.719
858.425,7.122
858.450,4.248
858.475,1.664
858.500,3.774
858.525,2.645
858.550,3.436
858.575,7.400
858.600,3.595
858.625,5.144
858.650,3.761
858.675,4.291
858.700,4.657
858.725,3.961
858.750,4.531
858.775,6.339
858.800,5.427
858.825,2.537
858.850,2.428
858.875,6.054
858.900,4.687
858.925,5.769
858.950,6.461
858.975,3.899
859.000,6.479
859.025,4.829
859.050,3.966
859.075,3.155
859.100,3.490
859.125,3.727
859.150,4.899
859.175,3.603
859.200,3.779
859.225,2.498
859.250,5.956
859.275,5.486
859.300,3.112
859.325,2.498
859.350,4.964
859.375,4.952
859.400,7.517
859.425,3.579
859.450,3.870
859.475,2.528
859.500,5.149
859.525,4.717
859.550,3.065
859.575,4.104
859.600,7.011
859.625,4.401
859.650,4.541
859.675,6.141
859.700,4.145
859.725,3.644
859.750,3.838
859.775,3.285
859.800,2.753
859.825,4.196
859.850,8.123
859.875,5.942
859.900,3.679
859.925,4.739
859.950,4.582
859.975,2.269
860.000,5.412
860.025,4.796
860.050,4.411
860.075,4.368
860.100,2.726
860.125,3.400
860.150,5.051
860.175,2.402
860.200,2.290
860.225,3.291
860.250,4.704
860.275,2.524
860.300,8.667
860.325,3.958
860.350,1.583
860.375,5.622
860.400,5.451
860.425,5.436
860.450,8.533
860.475,5.775
860.500,4.271
860.525,5.715
860.550,4.897
860.575,6.441
860.600,3.276
860.625,5.086
860.650,2.507
860.675,2.652
860.700,3.881
860.725,3.156
860.750,4.908
860.775,4.565
860.800,5.696
860.825,2.807
860.850,3.278
860.875,4.385
860.900,5.272
860.925,3.750
860.950,5.935
860.975,5.659
861.000,4.773
861.025,3.231
861.050,5.472
861.075,2.668
861.100,5.626
861.125,3.578
861.150,4.536
861.175,4.150
861.200,5.891
861.225,3.548
861.250,9.197
861.275,12.068
861.300,4.128
861.325,5.633
861.350,2.186
861.375,4.925
861.400,5.640
861.425,5.199
861.450,4.067
861.475,3.216
861.500,5.715
861.525,4.608
861.550,5.012
861.575,3.449
861.600,3.693
861.625,4.808
861.650,6.496
861.675,5.110
861.700,6.364
861.725,4.539
861.750,4.407
861.775,3.527
861.800,5.225
861.825,5.029
861.850,3.290
861.875,2.146
861.900,6.245
861.925,4.627
861.950,4.997
861.975,5.069
862.000,2.842
862.025,3.344
862.050,3.315
862.075,3.228
862.100,6.499
862.125,6.430
862.150,6.722
862.175,8.086
862.200,4.523
862.225,4.726
862.250,11.885
862.275,9.057
862.300,7.347
862.325,15.480
862.350,13.480
862.375,8.441
862.400,13.955
862.425,10.937
862.450,5.993
862.475,6.748
862.500,3.867
862.525,5.402
862.550,4.149
862.575,5.388
862.600,3.880
862.625,6.423
862.650,4.776
862.675,3.187
862.700,6.092
862.725,2.958
862.750,2.390
862.775,5.858
862.800,3.469
862.825,3.882
862.850,5.133
862.875,4.800
862.900,4.786
862.925,3.973
862.950,1.852
862.975,4.139
863.000,3.095
863.025,3.142
863.050,6.036
863.075,2.858
863.100,4.923
863.125,5.032
863.150,3.462
863.175,6.477
863.200,5.254
863.225,3.399
863.250,3.235
863.275,3.024
863.300,3.344
863.325,4.974
863.350,4.877
863.375,4.371
863.400,2.716
863.425,4.969
863.450,4.471
863.475,2.013
863.500,3.749
863.525,6.365
863.550,4.857
863.575,4.703
863.600,6.343
863.625,2.865
863.650,5.001
863.675,3.564
863.700,3.044
863.725,5.908
863.750,5.607
863.775,3.010
863.800,5.138
863.825,5.239
863.850,3.689
863.875,1.884
863.900,1.618
863.925,4.254
863.950,5.205
863.975,3.098
864.000,2.899
864.025,6.315
864.050,4.388
864.075,2.326
864.100,4.261
864.125,8.207
864.150,5.407
864.175,4.189
864.200,3.831
864.225,4.721
864.250,4.677
864.275,3.878
864.300,6.374
864.325,5.889
864.350,5.403
864.375,3.338
864.400,2.769
864.425,4.008
864.450,5.543
864.475,4.440
864.500,5.247
864.525,4.327
864.550,3.470
864.575,4.054
864.600,5.648
864.625,2.973
864.650,4.376
864.675,8.630
864.700,5.289
864.725,6.741
864.750,2.777
864.775,3.260
864.800,3.186
864.825,5.844
864.850,3.771
864.875,3.200
864.900,4.435
864.925,2.270
864.950,4.093
864.975,5.738
865.000,3.039
865.025,4.329
865.050,3.903
865.075,3.378
865.100,2.071
865.125,6.457
865.150,6.009
865.175,2.814
865.200,3.718
865.225,3.850
865.250,3.704
865.275,3.405
865.300,4.573
865.325,3.911
865.350,4.588
865.375,4.010
865.400,4.033
865.425,5.031
865.450,4.321
865.475,5.140
865.500,3.288
865.525,4.845
865.550,5.356
865.575,9.827
865.600,6.140
865.625,3.974
865.650,4.419
865.675,3.972
865.700,4.655
865.725,2.988
865.750,3.985
865.775,3.930
865.800,3.281
865.825,6.440
865.850,5.131
865.875,3.969
865.900,9.031
865.925,5.408
865.950,2.428
865.975,4.504
866.000,3.548
866.025,3.648
866.050,5.587
866.075,2.768
866.100,4.833
866.125,7.178
866.150,3.771
866.175,3.428
866.200,6.236
866.225,3.338
866.250,3.940
866.275,4.268
866.300,4.566
866.325,6.197
866.350,2.260
866.375,5.613
866.400,3.376
866.425,6.364
866.450,4.800
866.475,5.305
866.500,2.482
866.525,2.045
866.550,1.921
866.575,4.416
866.600,2.982
866.625,6.164
866.650,4.988
866.675,4.664
866.700,4.325
866.725,3.996
866.750,4.824
866.775,4.748
866.800,3.590
866.825,6.719
866.850,4.473
866.875,3.484
866.900,8.030
866.925,3.602
866.950,4.014
866.975,3.869
867.000,4.073
867.025,6.830
867.050,5.783
867.075,5.733
867.100,7.568
867.125,3.156
867.150,5.823
867.175,4.390
867.200,4.745
867.225,3.955
867.250,3.543
867.275,3.984
867.300,5.302
867.325,2.680
867.350,5.329
867.375,4.207
867.400,3.348
867.425,5.119
867.450,2.732
867.475,2.348
867.500,3.040
867.525,2.782
867.550,3.672
867.575,6.549
867.600,5.995
867.625,4.228
867.650,3.481
867.675,5.229
867.700,3.920
867.725,3.148
867.750,3.256
867.775,4.501
867.800,1.849
867.825,3.081
867.850,6.685
867.875,3.878
867.900,5.454
867.925,2.258
867.950,4.805
867.975,3.923
868.000,4.933
868.025,4.584
868.050,3.634
868.075,4.689
868.100,4.659
868.125,3.859
868.150,2.819
868.175,5.137
868.200,2.056
868.225,5.095
868.250,3.339
868.275,4.980
868.300,3.521
868.325,5.625
868.350,3.205
868.375,3.660
868.400,4.244
868.425,2.598
868.450,4.940
868.475,4.910
868.500,5.530
868.525,3.999
868.550,6.649
868.575,3.586
868.600,4.151
868.625,2.586
868.650,4.447
868.675,5.609
868.700,4.609
868.725,6.796
868.750,4.947
868.775,3.938
868.800,2.709
868.825,3.292
868.850,1.880
868.875,4.348
868.900,4.205
868.925,5.046
868.950,3.156
868.975,4.398
869.000,7.037
869.025,8.883
869.050,5.603
869.075,3.349
869.100,4.227
869.125,4.608
869.150,5.019
869.175,3.577
869.200,7.231
869.225,2.955
869.250,3.567
869.275,4.358
869.300,5.273
869.325,2.876
869.350,6.073
869.375,5.019
869.400,4.204
869.425,4.092
869.450,3.376
869.475,4.982
869.500,4.728
869.525,3.849
869.550,3.813
869.575,4.178
869.600,3.655
869.625,5.639
869.650,3.301
869.675,2.142
869.700,3.188
869.725,2.876
869.750,5.082
869.775,8.381
869.800,7.081
869.825,5.275
869.850,6.196
869.875,3.031
869.900,7.873
869.925,4.927
869.950,2.447
869.975,5.408
870.000,2.825
870.025,4.467
870.050,4.669
870.075,1.887
870.100,5.517
870.125,2.842
870.150,3.075
870.175,3.484
870.200,3.048
870.225,2.863
870.250,7.436
870.275,5.515
870.300,7.730
870.325,6.715
870.350,3.662
870.375,5.360
870.400,7.228
870.425,8.731
870.450,6.423
870.475,6.181
870.500,6.450
870.525,9.340
870.550,7.611
870.575,5.943
870.600,2.635
870.625,6.281
870.650,6.827
870.675,4.281
870.700,5.265
870.725,5.310
870.750,6.819
870.775,6.900
870.800,8.203
870.825,6.902
870.850,6.082
870.875,8.468
870.900,8.936
870.925,6.187
870.950,8.216
870.975,6.056
871.000,7.354
871.025,6.179
871.050,7.226
871.075,8.199
871.100,7.665
871.125,6.358
871.150,6.202
871.175,5.527
871.200,7.345
871.225,7.267
871.250,7.313
871.275,8.349
871.300,7.466
871.325,3.823
871.350,3.740
871.375,4.906
871.400,5.311
871.425,7.611
871.450,7.104
871.475,5.356
871.500,5.855
871.525,5.224
871.550,9.023
871.575,3.576
871.600,3.456
871.625,6.670
871.650,8.328
871.675,9.664
871.700,5.431
871.725,3.258
871.750,6.832
871.775,9.509
871.800,6.744
871.825,6.468
871.850,6.144
871.875,8.015
871.900,4.848
871.925,7.533
871.950,4.698
871.975,5.145
872.000,8.294
872.025,7.436
872.050,5.381
872.075,6.841
872.100,9.984
872.125,7.846
872.150,3.015
872.175,5.197
872.200,7.082
872.225,4.749
872.250,5.011
872.275,9.531
872.300,6.800
872.325,6.132
872.350,7.365
872.375,6.887
872.400,8.518
872.425,5.404
872.450,8.978
872.475,8.147
872.500,3.928
872.525,4.545
872.550,10.972
872.575,11.838
872.600,10.020
872.625,11.694
872.650,10.073
872.675,5.912
872.700,7.484
872.725,4.368
872.750,5.712
872.775,7.684
872.800,4.920
872.825,4.899
872.850,2.898
872.875,8.989
872.900,5.565
872.925,4.200
872.950,5.251
872.975,5.169
873.000,6.766
873.025,6.935
873.050,8.557
873.075,5.873
873.100,6.236
873.125,7.057
873.150,4.327
873.175,4.140
873.200,7.873
873.225,5.742
873.250,7.183
873.275,4.844
873.300,8.465
873.325,7.508
873.350,6.900
873.375,7.199
873.400,7.767
873.425,3.581
873.450,7.705
873.475,6.195
873.500,8.794
873.525,5.426
873.550,3.915
873.575,12.625
873.600,8.092
873.625,7.343
873.650,9.133
873.675,7.363
873.700,7.576
873.725,7.395
873.750,7.409
873.775,7.145
873.800,5.462
873.825,10.008
873.850,5.862
873.875,11.178
873.900,11.810
873.925,10.139
873.950,9.935
873.975,6.469
874.000,10.080
874.025,7.174
874.050,5.385
874.075,5.385
874.100,7.360
874.125,4.995
874.150,11.274
874.175,5.673
874.200,3.294
874.225,8.381
874.250,9.936
874.275,6.746
874.300,7.784
874.325,7.167
874.350,4.201
874.375,7.797
874.400,6.077
874.425,5.949
874.450,4.575
874.475,5.984
874.500,6.692
874.525,10.224
874.550,6.936
874.575,7.397
874.600,7.713
874.625,5.412
874.650,8.881
874.675,5.399
874.700,5.785
874.725,9.319
874.750,6.453
874.775,5.664
874.800,4.821
874.825,4.285
874.850,5.069
874.875,4.121
874.900,4.498
874.925,5.352
874.950,3.189
874.975,2.558
875.000,4.183
875.025,4.603
875.050,4.644
875.075,7.204
875.100,2.809
875.125,4.561
875.150,2.633
875.175,6.324
875.200,1.832
875.225,5.732
875.250,4.299
875.275,6.680
875.300,2.878
875.325,4.021
875.350,4.501
875.375,4.932
875.400,5.505
875.425,4.867
875.450,4.866
875.475,3.415
875.500,3.215
875.525,1.828
875.550,1.409
875.575,2.208
875.600,5.140
875.625,7.634
875.650,3.722
875.675,4.964
875.700,7.361
875.725,3.301
875.750,7.323
875.775,5.384
875.800,7.131
875.825,5.818
875.850,4.654
875.875,4.872
875.900,3.134
875.925,4.374
875.950,3.264
875.975,6.996
876.000,3.313
876.025,5.468
876.050,1.933
876.075,10.783
876.100,4.786
876.125,3.610
876.150,4.142
876.175,4.543
876.200,4.902
876.225,3.336
876.250,4.921
876.275,5.811
876.300,3.946
876.325,4.961
876.350,4.040
876.375,4.214
876.400,4.843
876.425,5.169
876.450,4.457
876.475,3.177
876.500,4.248
876.525,4.026
876.550,3.718
876.575,7.233
876.600,5.894
876.625,4.011
876.650,5.211
876.675,3.050
876.700,3.460
876.725,5.258
876.750,3.283
876.775,5.420
876.800,6.470
876.825,7.020
876.850,3.376
876.875,4.595
876.900,6.972
876.925,3.255
876.950,4.137
876.975,4.023
877.000,5.399
877.025,5.758
877.050,4.312
877.075,6.211
877.100,5.418
877.125,5.516
877.150,4.442
877.175,4.668
877.200,4.590
877.225,2.455
877.250,3.787
877.275,5.688
877.300,4.581
877.325,7.542
877.350,6.401
877.375,5.855
877.400,4.447
877.425,3.790
877.450,3.769
877.475,6.016
877.500,3.470
877.525,6.267
877.550,3.224
877.575,3.164
877.600,5.759
877.625,7.552
877.650,6.961
877.675,2.961
877.700,4.259
877.725,4.470
877.750,5.267
877.775,6.077
877.800,5.452
877.825,6.045
877.850,4.034
877.875,5.254
877.900,5.673
877.925,4.523
877.950,5.852
877.975,8.386
878.000,4.266
878.025,7.355
878.050,4.971
878.075,6.239
878.100,5.596
878.125,4.450
878.150,7.474
878.175,4.447
878.200,7.717
878.225,3.521
878.250,4.258
878.275,7.020
878.300,6.582
878.325,5.902
878.350,4.707
878.375,3.244
878.400,8.249
878.425,4.992
878.450,3.926
878.475,3.276
878.500,2.631
878.525,5.139
878.550,5.413
878.575,4.688
878.600,4.097
878.625,5.408
878.650,3.898
878.675,6.467
878.700,5.027
878.725,6.822
878.750,3.913
878.775,5.644
878.800,8.523
878.825,2.062
878.850,3.393
878.875,3.883
878.900,3.178
878.925,4.829
878.950,4.731
878.975,2.479
879.000,4.344
879.025,5.042
879.050,4.154
879.075,7.606
879.100,3.926
879.125,6.113
879.150,2.863
879.175,6.575
879.200,4.161
879.225,4.804
879.250,5.665
879.275,5.072
879.300,5.323
879.325,5.698
879.350,5.321
879.375,5.492
879.400,5.455
879.425,5.091
879.450,2.109
879.475,3.703
879.500,4.923
879.525,4.535
879.550,4.175
879.575,4.163
879.600,4.059
879.625,3.187
879.650,2.033
879.675,5.019
879.700,5.806
879.725,8.595
879.750,6.963
879.775,8.710
879.800,7.182
879.825,6.269
879.850,7.293
879.875,6.277
879.900,6.488
879.925,5.080
879.950,7.575
879.975,8.187
880.000,7.282
880.025,4.127
880.050,2.272
880.075,2.567
880.100,3.237
880.125,5.353
880.150,2.284
880.175,5.349
880.200,3.794
880.225,9.736
880.250,14.348
880.275,14.137
880.300,10.089
880.325,12.872
880.350,12.141
880.375,10.281
880.400,10.315
880.425,10.625
880.450,11.622
880.475,11.292
880.500,6.303
880.525,12.698
880.550,9.999
880.575,9.776
880.600,7.165
880.625,8.732
880.650,10.078
880.675,9.107
880.700,10.932
880.725,5.495
880.750,10.615
880.775,7.039
880.800,11.155
880.825,13.216
880.850,11.422
880.875,12.671
880.900,10.982
880.925,8.381
880.950,9.315
880.975,8.289
881.000,12.769
881.025,3.495
881.050,12.547
881.075,11.370
881.100,12.149
881.125,12.766
881.150,10.331
881.175,9.017
881.200,13.776
881.225,10.367
881.250,14.586
881.275,9.333
881.300,10.839
881.325,11.516
881.350,11.665
881.375,6.675
881.400,13.939
881.425,10.488
881.450,13.771
881.475,9.200
881.500,3.004
881.525,10.882
881.550,10.754
881.575,8.008
881.600,4.222
881.625,14.216
881.650,11.924
881.675,6.740
881.700,10.517
881.725,4.562
881.750,14.115
881.775,13.041
881.800,11.842
881.825,12.610
881.850,17.120
881.875,11.017
881.900,9.637
881.925,7.037
881.950,9.012
881.975,6.211
882.000,11.377
882.025,11.297
882.050,10.717
882.075,13.396
882.100,14.762
882.125,8.101
882.150,10.032
882.175,10.118
882.200,8.877
882.225,15.136
882.250,6.256
882.275,7.748
882.300,6.290
882.325,6.658
882.350,9.404
882.375,5.095
882.400,6.597
882.425,10.632
882.450,9.226
882.475,9.032
882.500,9.211
882.525,12.611
882.550,7.043
882.575,9.658
882.600,7.757
882.625,8.587
882.650,9.970
882.675,8.091
882.700,9.962
882.725,8.051
882.750,7.555
882.775,9.788
882.800,6.222
882.825,8.819
882.850,7.792
882.875,5.843
882.900,7.223
882.925,5.454
882.950,5.837
882.975,8.298
883.000,4.470
883.025,11.594
883.050,9.335
883.075,8.524
883.100,9.848
883.125,10.948
883.150,10.018
883.175,9.628
883.200,11.857
883.225,9.971
883.250,8.440
883.275,9.657
883.300,9.650
883.325,9.103
883.350,7.488
883.375,12.376
883.400,6.485
883.425,7.699
883.450,7.895
883.475,9.273
883.500,11.707
883.525,8.975
883.550,9.624
883.575,13.243
883.600,13.830
883.625,13.801
883.650,5.174
883.675,9.705
883.700,6.657
883.725,13.704
883.750,10.910
883.775,6.591
883.800,11.826
883.825,11.965
883.850,11.650
883.875,12.660
883.900,12.470
883.925,11.458
883.950,7.064
883.975,14.118
884.000,14.190
884.025,15.712
884.050,11.914
884.075,10.301
884.100,13.382
884.125,11.692
884.150,13.160
884.175,12.187
884.200,13.937
884.225,13.926
884.250,12.848
884.275,16.181
884.300,10.095
884.325,14.496
884.350,14.096
884.375,6.945
884.400,12.465
884.425,15.080
884.450,7.521
884.475,7.018
884.500,10.164
884.525,13.541
884.550,19.510
884.575,6.745
884.600,14.707
884.625,13.248
884.650,10.423
884.675,9.900
884.700,14.397
884.725,8.490
884.750,9.016
884.775,11.350
884.800,5.263
884.825,9.821
884.850,6.502
884.875,4.823
884.900,2.677
884.925,3.856
884.950,4.146
884.975,5.508
885.000,5.157
885.025,7.452
885.050,3.548
885.075,2.954
885.100,6.976
885.125,3.856
885.150,3.013
885.175,4.554
885.200,4.823
885.225,9.861
885.250,13.615
885.275,17.693
885.300,13.895
885.325,14.333
885.350,9.748
885.375,10.559
885.400,10.259
885.425,21.990
885.450,13.280
885.475,14.119
885.500,12.283
885.525,12.898
885.550,8.614
885.575,11.804
885.600,10.319
885.625,7.042
885.650,6.747
885.675,9.835
885.700,8.125
885.725,6.094
885.750,5.961
885.775,15.339
885.800,8.875
885.825,8.372
885.850,10.591
885.875,8.444
885.900,10.908
885.925,10.737
885.950,13.339
885.975,10.006
886.000,10.618
886.025,11.724
886.050,14.645
886.075,10.197
886.100,12.137
886.125,16.115
886.150,9.275
886.175,8.400
886.200,14.027
886.225,14.547
886.250,14.798
886.275,10.829
886.300,12.111
886.325,12.815
886.350,13.024
886.375,14.352
886.400,13.827
886.425,9.356
886.450,13.782
886.475,12.213
886.500,12.356
886.525,10.229
886.550,10.952
886.575,12.892
886.600,11.733
886.625,11.691
886.650,10.640
886.675,9.180
886.700,8.406
886.725,12.197
886.750,11.409
886.775,16.950
886.800,12.173
886.825,9.688
886.850,9.150
886.875,16.451
886.900,15.406
886.925,16.098
886.950,9.488
886.975,10.316
887.000,8.718
887.025,7.081
887.050,9.667
887.075,8.275
887.100,11.134
887.125,10.295
887.150,11.235
887.175,10.624
887.200,7.703
887.225,8.568
887.250,13.655
887.275,17.989
887.300,15.182
887.325,13.555
887.350,11.004
887.375,15.055
887.400,16.427
887.425,15.947
887.450,15.363
887.475,16.885
887.500,12.863
887.525,9.972
887.550,16.066
887.575,17.593
887.600,15.385
887.625,9.329
887.650,11.445
887.675,10.581
887.700,11.418
887.725,7.971
887.750,14.651
887.775,15.161
887.800,10.631
887.825,18.357
887.850,8.575
887.875,9.404
887.900,11.878
887.925,9.694
887.950,14.938
887.975,11.247
888.000,14.598
888.025,13.505
888.050,11.943
888.075,15.273
888.100,12.755
888.125,10.682
888.150,13.443
888.175,9.484
888.200,10.520
888.225,10.199
888.250,17.992
888.275,13.060
888.300,17.941
888.325,14.766
888.350,7.855
888.375,15.849
888.400,6.443
888.425,7.980
888.450,11.122
888.475,11.615
888.500,15.740
888.525,11.884
888.550,4.866
888.575,10.096
888.600,6.566
888.625,19.001
888.650,11.798
888.675,15.005
888.700,13.363
888.725,8.960
888.750,13.945
888.775,7.776
888.800,10.303
888.825,12.903
888.850,13.120
888.875,10.667
888.900,16.269
888.925,19.216
888.950,15.896
888.975,7.471
889.000,11.954
889.025,12.915
889.050,13.598
889.075,14.206
889.100,15.580
889.125,15.938
889.150,6.491
889.175,7.551
889.200,9.315
889.225,8.593
889.250,12.933
889.275,11.460
889.300,13.275
889.325,14.636
889.350,17.134
889.375,9.475
889.400,11.964
889.425,10.024
889.450,10.897
889.475,11.768
889.500,10.143
889.525,11.893
889.550,13.213
889.575,9.674
889.600,3.271
889.625,9.630
889.650,4.024
889.675,7.673
889.700,4.138
889.725,3.338
889.750,5.000
889.775,4.923
889.800,4.060
889.825,4.076
889.850,4.866
889.875,5.529
889.900,3.063
889.925,7.026
889.950,7.207
889.975,3.176
890.000,5.705
890.025,4.344
890.050,3.549
890.075,4.433
890.100,8.236
890.125,4.486
890.150,2.831
890.175,5.941
890.200,5.387
890.225,4.552
890.250,3.110
890.275,2.659
890.300,5.509
890.325,6.120
890.350,7.475
890.375,6.079
890.400,5.867
890.425,5.056
890.450,3.493
890.475,5.347
890.500,5.556
890.525,4.924
890.550,4.453
890.575,5.331
890.600,3.905
890.625,7.239
890.650,7.485
890.675,2.138
890.700,6.701
890.725,3.275
890.750,4.490
890.775,7.222
890.800,5.753
890.825,2.290
890.850,6.886
890.875,2.359
890.900,7.039
890.925,10.329
890.950,8.452
890.975,3.029
891.000,6.648
891.025,4.943
891.050,6.102
891.075,3.761
891.100,4.816
891.125,4.098
891.150,2.579
891.175,4.778
891.200,2.667
891.225,3.013
891.250,4.550
891.275,2.891
891.300,2.015
891.325,4.240
891.350,2.494
891.375,4.270
891.400,4.302
891.425,4.897
891.450,2.967
891.475,3.036
891.500,4.421
891.525,4.349
891.550,4.463
891.575,5.374
891.600,2.984
891.625,7.115
891.650,7.034
891.675,5.494
891.700,3.345
891.725,5.333
891.750,3.948
891.775,5.545
891.800,6.804
891.825,4.967
891.850,3.454
891.875,4.382
891.900,3.963
891.925,3.813
891.950,2.532
891.975,5.903
892.000,3.958
892.025,4.807
892.050,4.559
892.075,2.421
892.100,3.262
892.125,5.488
892.150,2.504
892.175,4.088
892.200,3.590
892.225,5.150
892.250,4.575
892.275,3.107
892.300,5.565
892.325,4.372
892.350,3.673
892.375,3.704
892.400,4.654
892.425,3.714
892.450,2.466
892.475,2.737
892.500,4.340
892.525,8.168
892.550,5.258
892.575,4.567
892.600,7.981
892.625,4.951
892.650,5.471
892.675,4.849
892.700,3.760
892.725,3.699
892.750,6.230
892.775,5.057
892.800,5.031
892.825,4.750
892.850,4.785
892.875,3.369
892.900,3.971
892.925,5.740
892.950,3.912
892.975,3.978
893.000,4.444
893.025,3.853
893.050,5.310
893.075,3.691
893.100,6.486
893.125,6.319
893.150,5.809
893.175,2.756
893.200,4.514
893.225,5.371
893.250,5.033
893.275,7.274
893.300,7.738
893.325,4.503
893.350,1.748
893.375,3.795
893.400,4.018
893.425,2.482
893.450,7.983
893.475,4.734
893.500,3.388
893.525,6.387
893.550,2.746
893.575,3.760
893.600,6.065
893.625,2.739
893.650,5.384
893.675,3.583
893.700,6.415
893.725,4.224
893.750,4.284
893.775,5.050
893.800,4.531
893.825,4.867
893.850,3.020
893.875,5.736
893.900,2.268
893.925,2.971
893.950,7.357
893.975,3.528
894.000,5.014
894.025,6.813
894.050,6.039
894.075,3.536
894.100,4.800
894.125,3.804
894.150,6.196
894.175,2.974
894.200,2.227
894.225,3.562
894.250,3.125
894.275,3.942
894.300,5.809
894.325,4.995
894.350,5.023
894.375,4.421
894.400,7.183
894.425,5.171
894.450,7.262
894.475,5.834
894.500,3.039
894.525,7.889
894.550,6.355
894.575,5.060
894.600,3.721
894.625,3.682
894.650,4.232
894.675,3.894
894.700,4.907
894.725,0.791
894.750,3.911
894.775,1.969
894.800,4.546
894.825,5.070
894.850,1.278
894.875,5.286
894.900,4.662
894.925,5.247
894.950,4.372
894.975,6.458
895.000,3.157
895.025,3.397
895.050,4.803
895.075,3.453
895.100,3.321
895.125,4.263
895.150,6.466
895.175,2.539
895.200,4.051
895.225,3.145
895.250,5.187
895.275,3.120
895.300,8.311
895.325,3.949
895.350,2.094
895.375,5.745
895.400,4.498
895.425,4.685
895.450,5.673
895.475,3.860
895.500,2.833
895.525,7.127
895.550,5.563
895.575,2.723
895.600,6.881
895.625,2.983
895.650,5.173
895.675,4.250
895.700,6.827
895.725,1.665
895.750,5.419
895.775,2.609
895.800,4.193
895.825,6.935
895.850,8.487
895.875,7.490
895.900,1.885
895.925,6.396
895.950,6.263
895.975,6.143
896.000,3.433
896.025,6.561
896.050,3.714
896.075,3.843
896.100,2.378
896.125,6.215
896.150,4.774
896.175,3.762
896.200,3.247
896.225,4.470
896.250,3.537
896.275,7.263
896.300,3.197
896.325,5.258
896.350,3.165
896.375,5.087
896.400,6.625
896.425,2.652
896.450,4.140
896.475,6.338
896.500,7.896
896.525,4.331
896.550,3.985
896.575,4.069
896.600,5.642
896.625,3.394
896.650,4.977
896.675,4.570
896.700,5.562
896.725,5.442
896.750,4.696
896.775,5.771
896.800,4.721
896.825,4.135
896.850,3.419
896.875,2.339
896.900,2.868
896.925,4.361
896.950,2.420
896.975,6.202
897.000,3.283
897.025,5.051
897.050,3.117
897.075,3.907
897.100,4.723
897.125,6.270
897.150,2.074
897.175,3.297
897.200,4.224
897.225,8.029
897.250,3.186
897.275,4.122
897.300,4.201
897.325,4.695
897.350,5.196
897.375,8.440
897.400,4.129
897.425,2.725
897.450,5.986
897.475,5.394
897.500,3.281
897.525,2.833
897.550,6.162
897.575,4.216
897.600,4.018
897.625,5.199
897.650,1.319
897.675,4.652
897.700,5.886
897.725,3.476
897.750,3.307
897.775,4.453
897.800,3.458
897.825,4.187
897.850,2.896
897.875,5.803
897.900,4.966
897.925,4.807
897.950,5.157
897.975,5.012
898.000,2.315
898.025,1.524
898.050,3.369
898.075,4.171
898.100,3.623
898.125,5.722
898.150,3.441
898.175,4.793
898.200,1.864
898.225,1.833
898.250,2.622
898.275,4.781
898.300,5.176
898.325,5.053
898.350,5.050
898.375,4.238
898.400,4.922
898.425,5.883
898.450,3.717
898.475,5.617
898.500,4.123
898.525,2.270
898.550,3.036
898.575,1.806
898.600,3.746
898.625,5.678
898.650,5.182
898.675,5.244
898.700,3.702
898.725,3.412
898.750,4.505
898.775,4.734
898.800,2.335
898.825,5.116
898.850,2.928
898.875,4.840
898.900,4.867
898.925,4.797
898.950,2.026
898.975,2.112
899.000,3.562
899.025,3.450
899.050,6.414
899.075,7.913
899.100,2.705
899.125,3.630
899.150,4.673
899.175,3.624
899.200,6.357
899.225,6.322
899.250,4.999
899.275,3.843
899.300,4.036
899.325,4.862
899.350,4.742
899.375,6.119
899.400,5.540
899.425,1.910
899.450,5.043
899.475,5.028
899.500,4.400
899.525,6.396
899.550,5.689
899.575,8.077
899.600,4.982
899.625,4.248
899.650,4.433
899.675,4.972
899.700,2.994
899.725,5.448
899.750,3.501
899.775,4.970
899.800,4.368
899.825,3.879
899.850,3.079
899.875,3.872
899.900,1.189
899.925,6.741
899.950,3.760
899.975,2.001
900.000,4.488
900.025,2.600
900.050,3.633
900.075,2.109
900.100,4.516
900.125,3.570
900.150,3.225
900.175,4.042
900.200,4.049
900.225,5.088
900.250,2.970
900.275,2.873
900.300,4.599
900.325,3.829
900.350,4.413
900.375,4.374
900.400,3.910
900.425,4.774
900.450,3.522
900.475,3.241
900.500,4.742
900.525,3.456
900.550,4.971
900.575,3.513
900.600,2.023
900.625,5.650
900.650,4.799
900.675,3.378
900.700,8.208
900.725,4.591
900.750,4.280
900.775,6.581
900.800,4.231
900.825,5.427
900.850,3.359
900.875,3.532
900.900,5.514
900.925,3.722
900.950,3.143
900.975,2.490
901.000,4.136
901.025,5.457
901.050,6.704
901.075,5.466
901.100,4.288
901.125,6.178
901.150,3.859
901.175,4.249
901.200,6.022
901.225,3.379
901.250,5.782
901.275,4.574
901.300,5.072
901.325,6.160
901.350,5.616
901.375,3.494
901.400,4.835
901.425,4.680
901.450,6.104
901.475,2.011
901.500,5.199
901.525,4.952
901.550,4.783
901.575,3.995
901.600,5.853
901.625,2.771
901.650,5.409
901.675,2.498
901.700,3.145
901.725,1.649
901.750,4.963
901.775,5.416
901.800,6.309
901.825,4.866
901.850,5.559
901.875,6.176
901.900,2.850
901.925,5.487
901.950,5.408
901.975,2.890
902.000,5.733
902.025,7.213
902.050,4.516
902.075,4.232
902.100,6.167
902.125,8.030
902.150,3.647
902.175,5.536
902.200,4.310
902.225,5.120
902.250,4.411
902.275,5.496
902.300,4.090
902.325,4.872
902.350,5.933
902.375,5.580
902.400,4.211
902.425,1.795
902.450,6.640
902.475,6.913
902.500,5.970
902.525,5.407
902.550,3.516
902.575,5.650
902.600,2.853
902.625,3.942
902.650,4.147
902.675,3.068
902.700,4.420
902.725,5.604
902.750,2.480
902.775,4.173
902.800,7.611
902.825,4.334
902.850,3.507
902.875,5.751
902.900,3.813
902.925,3.565
902.950,4.698
902.975,4.020
903.000,2.492
903.025,5.236
903.050,4.611
903.075,3.642
903.100,9.489
903.125,3.139
903.150,6.271
903.175,4.998
903.200,5.699
903.225,3.141
903.250,3.793
903.275,5.428
903.300,5.832
903.325,4.701
903.350,3.630
903.375,4.088
903.400,8.844
903.425,3.884
903.450,3.002
903.475,2.591
903.500,5.003
903.525,3.470
903.550,4.477
903.575,6.212
903.600,2.709
903.625,4.141
903.650,3.013
903.675,6.651
903.700,2.742
903.725,2.840
903.750,4.576
903.775,4.786
903.800,3.447
903.825,8.507
903.850,8.494
903.875,4.122
903.900,3.517
903.925,2.657
903.950,2.572
903.975,4.212
904.000,2.547
904.025,4.224
904.050,2.661
904.075,5.855
904.100,3.636
904.125,5.660
904.150,4.038
904.175,5.188
904.200,4.638
904.225,5.573
904.250,5.170
904.275,3.373
904.300,3.981
904.325,2.430
904.350,4.138
904.375,3.798
904.400,4.158
904.425,5.194
904.450,3.004
904.475,2.369
904.500,3.434
904.525,2.092
904.550,4.179
904.575,4.456
904.600,3.381
904.625,4.716
904.650,2.787
904.675,4.277
904.700,3.755
904.725,3.929
904.750,1.383
904.775,6.438
904.800,6.094
904.825,3.932
904.850,7.186
904.875,8.725
904.900,5.159
904.925,4.250
904.950,6.942
904.975,7.669
905.000,4.035
905.025,7.707
905.050,5.111
905.075,1.779
905.100,4.228
905.125,3.146
905.150,4.211
905.175,4.996
905.200,12.962
905.225,5.874
905.250,4.249
905.275,4.768
905.300,4.807
905.325,4.867
905.350,3.963
905.375,3.894
905.400,5.188
905.425,4.906
905.450,4.955
905.475,2.328
905.500,3.350
905.525,3.247
905.550,1.355
905.575,3.098
905.600,5.295
905.625,3.077
905.650,2.928
905.675,3.784
905.700,5.207
905.725,2.438
905.750,5.192
905.775,6.267
905.800,3.397
905.825,4.134
905.850,3.578
905.875,5.293
905.900,5.600
905.925,1.816
905.950,3.726
905.975,5.155
906.000,4.867
906.025,5.478
906.050,3.648
906.075,6.184
906.100,2.908
906.125,4.469
906.150,4.826
906.175,2.897
906.200,6.063
906.225,4.447
906.250,2.819
906.275,4.501
906.300,2.724
906.325,2.859
906.350,2.543
906.375,5.416
906.400,6.213
906.425,3.994
906.450,3.785
906.475,4.241
906.500,4.788
906.525,4.106
906.550,3.570
906.575,3.380
906.600,3.765
906.625,2.765
906.650,2.908
906.675,6.422
906.700,5.986
906.725,4.240
906.750,4.657
906.775,1.565
906.800,3.742
906.825,4.459
906.850,5.974
906.875,3.108
906.900,5.456
906.925,5.603
906.950,4.667
906.975,4.365
907.000,5.062
907.025,5.210
907.050,4.881
907.075,4.462
907.100,5.310
907.125,5.714
907.150,4.318
907.175,3.445
907.200,6.197
907.225,3.381
907.250,3.187
907.275,4.357
907.300,3.251
907.325,3.153
907.350,4.855
907.375,3.273
907.400,7.496
907.425,6.410
907.450,4.379
907.475,6.110
907.500,4.625
907.525,3.859
907.550,4.066
907.575,3.563
907.600,5.771
907.625,3.329
907.650,3.368
907.675,3.560
907.700,3.285
907.725,3.489
907.750,6.182
907.775,5.393
907.800,4.372
907.825,3.132
907.850,4.953
907.875,6.961
907.900,4.855
907.925,2.379
907.950,4.503
907.975,4.857
908.000,4.040
908.025,3.963
908.050,6.955
908.075,5.503
908.100,4.377
908.125,4.766
908.150,4.396
908.175,6.098
908.200,3.417
908.225,4.280
908.250,4.445
908.275,5.855
908.300,4.473
908.325,4.602
908.350,2.810
908.375,4.415
908.400,6.520
908.425,3.084
908.450,5.177
908.475,4.422
908.500,6.327
908.525,4.023
908.550,2.556
908.575,4.146
908.600,5.765
908.625,3.468
908.650,3.683
908.675,2.006
908.700,7.269
908.725,2.793
908.750,6.624
908.775,2.801
908.800,2.942
908.825,2.822
908.850,3.910
908.875,3.356
908.900,3.020
908.925,5.001
908.950,4.926
908.975,4.638
909.000,2.362
909.025,4.416
909.050,6.369
909.075,1.869
909.100,4.021
909.125,2.804
909.150,2.247
909.175,3.983
909.200,5.130
909.225,6.841
909.250,2.493
909.275,7.819
909.300,4.329
909.325,2.010
909.350,4.774
909.375,3.896
909.400,5.811
909.425,4.746
909.450,5.058
909.475,2.017
909.500,3.838
909.525,4.331
909.550,7.005
909.575,5.371
909.600,5.117
909.625,5.845
909.650,3.433
909.675,6.870
909.700,6.854
909.725,3.021
909.750,6.013
909.775,3.917
909.800,5.705
909.825,3.218
909.850,5.247
909.875,5.145
909.900,3.617
909.925,3.498
909.950,3.323
909.975,5.954
910.000,6.315
910.025,3.763
910.050,7.923
910.075,1.867
910.100,4.735
910.125,5.423
910.150,3.552
910.175,3.284
910.200,1.832
910.225,3.989
910.250,4.706
910.275,4.152
910.300,2.768
910.325,1.914
910.350,2.783
910.375,4.169
910.400,5.728
910.425,6.243
910.450,2.824
910.475,4.173
910.500,2.604
910.525,4.925
910.550,2.941
910.575,6.649
910.600,4.876
910.625,3.601
910.650,5.255
910.675,3.866
910.700,4.209
910.725,4.796
910.750,5.929
910.775,3.435
910.800,5.383
910.825,3.929
910.850,7.550
910.875,2.507
910.900,3.509
910.925,4.187
910.950,4.021
910.975,6.159
911.000,3.731
911.025,3.242
911.050,2.589
911.075,2.693
911.100,4.074
911.125,3.201
911.150,3.398
911.175,3.987
911.200,5.023
911.225,3.618
911.250,4.774
911.275,4.312
911.300,5.656
911.325,3.852
911.350,3.051
911.375,3.693
911.400,4.122
911.425,4.579
911.450,5.685
911.475,3.497
911.500,5.328
911.525,3.422
911.550,3.662
911.575,2.514
911.600,3.520
911.625,4.957
911.650,2.150
911.675,5.409
911.700,2.567
911.725,4.330
911.750,2.458
911.775,4.968
911.800,4.737
911.825,7.176
911.850,5.987
911.875,6.193
911.900,3.493
911.925,4.053
911.950,3.416
911.975,3.316
912.000,4.350
912.025,5.326
912.050,4.755
912.075,3.498
912.100,4.629
912.125,6.093
912.150,4.248
912.175,3.082
912.200,4.230
912.225,5.533
912.250,5.816
912.275,4.664
912.300,3.798
912.325,3.586
912.350,7.028
912.375,5.314
912.400,1.392
912.425,5.020
912.450,3.066
912.475,3.869
912.500,7.502
912.525,2.647
912.550,3.443
912.575,4.532
912.600,4.099
912.625,5.481
912.650,3.838
912.675,4.646
912.700,4.473
912.725,6.532
912.750,3.395
912.775,4.757
912.800,3.193
912.825,2.710
912.850,5.197
912.875,5.884
912.900,2.888
912.925,3.143
912.950,3.632
912.975,5.118
913.000,2.879
913.025,4.385
913.050,2.332
913.075,4.343
913.100,3.308
913.125,3.528
913.150,3.721
913.175,1.999
913.200,4.615
913.225,6.780
913.250,6.705
913.275,3.537
913.300,6.704
913.325,5.053
913.350,2.428
913.375,5.020
913.400,3.395
913.425,5.423
913.450,4.938
913.475,6.018
913.500,4.023
913.525,3.766
913.550,5.653
913.575,5.717
913.600,3.506
913.625,5.159
913.650,4.700
913.675,4.606
913.700,5.495
913.725,6.941
913.750,4.739
913.775,7.414
913.800,5.705
913.825,5.735
913.850,4.110
913.875,5.259
913.900,6.249
913.925,4.985
913.950,2.304
913.975,4.891
914.000,3.251
914.025,5.001
914.050,3.221
914.075,10.704
914.100,6.290
914.125,5.670
914.150,5.183
914.175,1.576
914.200,4.265
914.225,4.328
914.250,2.929
914.275,5.525
914.300,5.129
914.325,2.584
914.350,4.259
914.375,4.334
914.400,3.840
914.425,3.685
914.450,3.916
914.475,3.769
914.500,4.199
914.525,3.558
914.550,4.705
914.575,4.732
914.600,5.736
914.625,4.252
914.650,5.743
914.675,4.214
914.700,5.328
914.725,4.527
914.750,3.791
914.775,3.928
914.800,3.084
914.825,5.455
914.850,4.439
914.875,2.844
914.900,5.208
914.925,5.403
914.950,3.868
914.975,4.372
915.000,2.295
915.025,5.244
915.050,4.542
915.075,6.502
915.100,4.679
915.125,5.349
915.150,5.830
915.175,3.076
915.200,4.279
915.225,22.796
915.250,16.613
915.275,11.760
915.300,9.898
915.325,7.790
915.350,4.049
915.375,3.107
915.400,6.999
915.425,2.533
915.450,4.914
915.475,5.057
915.500,3.081
915.525,3.582
915.550,3.682
915.575,4.388
915.600,2.365
915.625,4.665
915.650,2.690
915.675,5.187
915.700,2.817
915.725,3.473
915.750,6.424
915.775,4.550
915.800,7.913
915.825,3.994
915.850,4.776
915.875,3.721
915.900,2.965
915.925,6.095
915.950,5.656
915.975,5.598
916.000,3.984
916.025,7.057
916.050,3.257
916.075,4.056
916.100,4.322
916.125,3.419
916.150,4.826
916.175,3.608
916.200,4.473
916.225,4.002
916.250,3.200
916.275,1.440
916.300,5.179
916.325,3.503
916.350,6.072
916.375,3.869
916.400,4.877
916.425,4.097
916.450,3.960
916.475,2.068
916.500,5.610
916.525,6.231
916.550,1.940
916.575,4.589
916.600,3.003
916.625,3.824
916.650,7.240
916.675,8.083
916.700,6.461
916.725,3.826
916.750,4.331
916.775,1.889
916.800,4.350
916.825,3.062
916.850,3.891
916.875,6.521
916.900,5.023
916.925,4.438
916.950,2.228
916.975,4.256
917.000,6.678
917.025,2.480
917.050,7.633
917.075,3.784
917.100,4.523
917.125,3.488
917.150,6.023
917.175,3.839
917.200,2.586
917.225,2.866
917.250,4.212
917.275,6.214
917.300,3.530
917.325,3.801
917.350,3.343
917.375,6.310
917.400,8.142
917.425,4.113
917.450,4.673
917.475,4.022
917.500,4.441
917.525,3.648
917.550,4.272
917.575,3.849
917.600,6.562
917.625,3.782
917.650,2.772
917.675,5.673
917.700,2.891
917.725,4.597
917.750,2.015
917.775,3.773
917.800,6.128
917.825,5.931
917.850,1.698
917.875,6.485
917.900,3.605
917.925,3.780
917.950,4.480
917.975,3.821
918.000,4.736
918.025,4.774
918.050,3.576
918.075,3.203
918.100,3.119
918.125,5.523
918.150,5.065
918.175,2.634
918.200,3.540
918.225,3.037
918.250,3.445
918.275,3.635
918.300,3.930
918.325,3.513
918.350,3.927
918.375,5.486
918.400,2.745
918.425,7.943
918.450,3.912
918.475,4.637
918.500,2.184
918.525,3.195
918.550,2.915
918.575,4.156
918.600,5.163
918.625,6.364
918.650,4.355
918.675,3.628
918.700,2.450
918.725,4.616
918.750,6.089
918.775,5.187
918.800,3.604
918.825,2.938
918.850,5.561
918.875,4.514
918.900,3.582
918.925,5.959
918.950,5.335
918.975,2.725
919.000,3.900
919.025,3.398
919.050,3.427
919.075,2.327
919.100,4.989
919.125,4.057
919.150,4.960
919.175,3.072
919.200,3.556
919.225,3.525
919.250,6.213
919.275,4.987
919.300,3.258
919.325,3.918
919.350,4.658
919.375,5.256
919.400,4.678
919.425,5.306
919.450,4.411
919.475,2.975
919.500,7.305
919.525,5.010
919.550,4.948
919.575,5.233
919.600,5.903
919.625,3.763
919.650,5.719
919.675,5.418
919.700,1.936
919.725,5.084
919.750,4.082
919.775,4.367
919.800,6.979
919.825,5.671
919.850,3.642
919.875,4.332
919.900,3.846
919.925,5.267
919.950,3.184
919.975,3.548
920.000,4.809
920.025,6.073
920.050,4.314
920.075,2.286
920.100,4.217
920.125,3.625
920.150,3.393
920.175,2.323
920.200,2.731
920.225,4.472
920.250,4.751
920.275,5.553
920.300,4.603
920.325,5.338
920.350,3.687
920.375,5.076
920.400,5.398
920.425,5.707
920.450,5.707
920.475,2.681
920.500,5.632
920.525,4.999
920.550,4.974
920.575,6.934
920.600,5.380
920.625,4.982
920.650,6.024
920.675,6.739
920.700,5.167
920.725,4.668
920.750,3.578
920.775,2.206
920.800,2.998
920.825,4.938
920.850,3.351
920.875,1.981
920.900,6.075
920.925,5.565
920.950,2.539
920.975,2.591
921.000,3.672
921.025,7.436
921.050,3.505
921.075,5.208
921.100,3.547
921.125,4.325
921.150,5.665
921.175,4.076
921.200,5.795
921.225,2.929
921.250,3.318
921.275,3.131
921.300,1.153
921.325,4.650
921.350,4.020
921.375,5.036
921.400,4.360
921.425,4.277
921.450,3.837
921.475,4.761
921.500,2.104
921.525,3.589
921.550,2.445
921.575,5.693
921.600,2.935
921.625,5.890
921.650,2.820
921.675,3.304
921.700,6.223
921.725,3.686
921.750,2.394
921.775,5.587
921.800,3.943
921.825,2.960
921.850,4.888
921.875,3.790
921.900,4.435
921.925,4.634
921.950,5.797
921.975,3.153
922.000,3.742
922.025,4.881
922.050,3.934
922.075,4.549
922.100,3.444
922.125,4.205
922.150,3.229
922.175,4.991
922.200,3.575
922.225,3.480
922.250,4.991
922.275,4.667
922.300,2.915
922.325,3.499
922.350,2.801
922.375,2.465
922.400,3.136
922.425,5.448
922.450,3.313
922.475,5.346
922.500,6.984
922.525,6.592
922.550,3.208
922.575,4.922
922.600,4.004
922.625,4.994
922.650,4.231
922.675,5.006
922.700,4.056
922.725,3.608
922.750,4.703
922.775,5.966
922.800,2.285
922.825,4.982
922.850,4.311
922.875,3.615
922.900,3.577
922.925,5.603
922.950,4.484
922.975,5.550
923.000,5.645
923.025,6.834
923.050,4.367
923.075,2.811
923.100,5.149
923.125,3.338
923.150,4.628
923.175,4.078
923.200,4.645
923.225,4.344
923.250,3.448
923.275,3.486
923.300,3.279
923.325,6.321
923.350,5.886
923.375,8.239
923.400,7.864
923.425,8.697
923.450,4.462
923.475,4.894
923.500,4.298
923.525,3.997
923.550,4.370
923.575,4.590
923.600,2.422
923.625,5.907
923.650,6.787
923.675,2.389
923.700,8.896
923.725,7.561
923.750,6.203
923.775,5.523
923.800,3.864
923.825,7.268
923.850,4.435
923.875,6.842
923.900,10.347
923.925,13.364
923.950,11.194
923.975,6.140
924.000,6.298
924.025,12.370
924.050,6.622
924.075,9.915
924.100,10.950
924.125,6.206
924.150,7.210
924.175,9.444
924.200,3.304
924.225,4.905
924.250,4.687
924.275,7.985
924.300,8.387
924.325,4.484
924.350,3.987
924.375,3.759
924.400,4.892
924.425,2.616
924.450,2.699
924.475,4.559
924.500,6.697
924.525,6.121
924.550,4.235
924.575,5.022
924.600,6.080
924.625,4.095
924.650,4.677
924.675,4.985
924.700,4.575
924.725,3.880
924.750,2.967
924.775,4.866
924.800,3.041
924.825,4.070
924.850,2.833
924.875,4.689
924.900,2.623
924.925,5.134
924.950,5.661
924.975,2.437
925.000,3.957
925.025,3.709
925.050,6.232
925.075,3.027
925.100,4.514
925.125,4.924
925.150,8.123
925.175,4.780
925.200,4.284
925.225,4.961
925.250,7.818
925.275,4.420
925.300,4.962
925.325,4.973
925.350,3.907
925.375,10.405
925.400,5.128
925.425,3.559
925.450,5.696
925.475,2.630
925.500,4.427
925.525,4.116
925.550,4.026
925.575,2.346
925.600,2.942
925.625,5.359
925.650,2.691
925.675,4.745
925.700,4.165
925.725,2.708
925.750,2.924
925.775,3.616
925.800,5.209
925.825,2.595
925.850,7.798
925.875,4.631
925.900,3.878
925.925,6.268
925.950,5.100
925.975,2.958
926.000,6.437
926.025,6.467
926.050,7.797
926.075,6.819
926.100,5.155
926.125,3.625
926.150,4.838
926.175,3.634
926.200,5.171
926.225,5.496
926.250,3.486
926.275,5.071
926.300,2.299
926.325,4.429
926.350,6.055
926.375,4.702
926.400,3.384
926.425,7.612
926.450,5.710
926.475,5.007
926.500,4.666
926.525,6.745
926.550,4.660
926.575,4.647
926.600,8.254
926.625,4.066
926.650,2.661
926.675,5.735
926.700,5.016
926.725,3.226
926.750,5.215
926.775,3.495
926.800,4.041
926.825,3.463
926.850,4.504
926.875,0.909
926.900,4.511
926.925,4.020
926.950,6.898
926.975,2.414
927.000,6.785
927.025,5.214
927.050,4.932
927.075,3.920
927.100,7.407
927.125,6.633
927.150,3.367
927.175,4.007
927.200,3.638
927.225,6.299
927.250,4.817
927.275,2.647
927.300,1.411
927.325,4.270
927.350,2.620
927.375,5.738
927.400,5.610
927.425,3.906
927.450,6.130
927.475,3.830
927.500,4.139
927.525,3.621
927.550,3.393
927.575,1.804
927.600,5.601
927.625,3.387
927.650,5.840
927.675,3.658
927.700,2.856
927.725,7.287
927.750,5.398
927.775,4.908
927.800,3.555
927.825,3.296
927.850,3.072
927.875,4.093
927.900,4.951
927.925,4.088
927.950,4.245
927.975,6.444
928.000,3.289
928.025,7.193
928.050,7.202
928.075,3.817
928.100,4.646
928.125,4.697
928.150,5.906
928.175,6.327
928.200,4.809
928.225,2.974
928.250,6.101
928.275,4.749
928.300,4.959
928.325,5.458
928.350,2.601
928.375,5.493
928.400,5.797
928.425,4.064
928.450,4.355
928.475,4.816
928.500,7.323
928.525,4.529
928.550,3.645
928.575,2.998
928.600,4.454
928.625,5.157
928.650,3.885
928.675,4.135
928.700,3.611
928.725,2.211
928.750,2.536
928.775,5.199
928.800,2.527
928.825,4.690
928.850,4.755
928.875,4.341
928.900,5.051
928.925,4.884
928.950,4.728
928.975,3.316
929.000,5.078
929.025,4.342
929.050,4.912
929.075,3.209
929.100,5.308
929.125,4.013
929.150,4.415
929.175,5.684
929.200,5.196
929.225,4.466
929.250,4.019
929.275,8.269
929.300,10.061
929.325,3.767
929.350,5.298
929.375,4.329
929.400,7.879
929.425,4.325
929.450,3.297
929.475,4.772
929.500,3.040
929.525,7.783
929.550,5.485
929.575,5.708
929.600,5.123
929.625,3.267
929.650,4.614
929.675,3.340
929.700,3.814
929.725,3.516
929.750,7.309
929.775,5.292
929.800,2.725
929.825,2.484
929.850,4.038
929.875,1.638
929.900,4.623
929.925,4.187
929.950,5.084
929.975,5.624
930.000,2.534
930.025,4.457
930.050,4.246
930.075,6.196
930.100,4.040
930.125,3.612
930.150,4.778
930.175,3.411
930.200,5.670
930.225,3.633
930.250,3.911
930.275,2.512
930.300,3.614
930.325,4.964
930.350,6.095
930.375,5.970
930.400,4.181
930.425,2.860
930.450,5.122
930.475,3.502
930.500,2.381
930.525,3.525
930.550,6.323
930.575,4.066
930.600,5.034
930.625,3.776
930.650,4.066
930.675,3.664
930.700,4.556
930.725,7.398
930.750,5.206
930.775,5.492
930.800,5.200
930.825,5.270
930.850,5.178
930.875,7.635
930.900,2.050
930.925,2.678
930.950,3.764
930.975,5.313
931.000,6.605
931.025,2.922
931.050,4.269
931.075,5.337
931.100,6.639
931.125,5.051
931.150,4.906
931.175,3.595
931.200,4.147
931.225,4.098
931.250,2.872
931.275,5.644
931.300,5.221
931.325,6.283
931.350,3.779
931.375,4.078
931.400,5.668
931.425,3.129
931.450,4.121
931.475,6.638
931.500,5.947
931.525,5.423
931.550,4.985
931.575,3.267
931.600,6.811
931.625,6.227
931.650,2.624
931.675,5.596
931.700,4.902
931.725,6.183
931.750,2.716
931.775,4.697
931.800,5.427
931.825,4.130
931.850,3.465
931.875,3.938
931.900,4.882
931.925,2.485
931.950,2.614
931.975,4.488
932.000,3.191
932.025,2.827
932.050,3.057
932.075,4.950
932.100,3.871
932.125,5.550
932.150,4.519
932.175,4.606
932.200,4.234
932.225,2.872
932.250,3.904
932.275,2.577
932.300,5.930
932.325,3.735
932.350,3.454
932.375,1.799
932.400,2.630
932.425,5.687
932.450,2.259
932.475,4.996
932.500,6.371
932.525,4.355
932.550,4.147
932.575,3.610
932.600,3.057
932.625,2.429
932.650,4.454
932.675,3.286
932.700,2.982
932.725,1.669
932.750,5.239
932.775,5.762
932.800,4.130
932.825,2.532
932.850,6.804
932.875,3.994
932.900,6.085
932.925,4.025
932.950,4.441
932.975,4.431
933.000,3.308
933.025,5.682
933.050,6.702
933.075,4.693
933.100,3.023
933.125,4.295
933.150,2.930
933.175,3.504
933.200,4.766
933.225,1.792
933.250,2.806
933.275,3.809
933.300,3.778
933.325,2.629
933.350,3.614
933.375,4.728
933.400,4.578
933.425,4.947
933.450,4.129
933.475,2.861
933.500,3.394
933.525,5.388
933.550,3.495
933.575,7.453
933.600,6.037
933.625,4.736
933.650,6.694
933.675,1.414
933.700,4.538
933.725,4.669
933.750,4.902
933.775,3.768
933.800,2.107
933.825,4.726
933.850,4.261
933.875,5.876
933.900,3.175
933.925,6.820
933.950,4.011
933.975,5.072
934.000,3.877
934.025,5.034
934.050,3.170
934.075,3.526
934.100,3.416
934.125,1.038
934.150,4.866
934.175,3.428
934.200,6.125
934.225,4.199
934.250,4.027
934.275,4.807
934.300,5.385
934.325,4.520
934.350,4.451
934.375,2.698
934.400,4.235
934.425,4.040
934.450,2.362
934.475,4.780
934.500,5.898
934.525,3.273
934.550,2.586
934.575,5.273
934.600,5.631
934.625,3.598
934.650,5.268
934.675,4.137
934.700,6.700
934.725,5.814
934.750,6.067
934.775,2.718
934.800,4.451
934.825,5.483
934.850,5.938
934.875,3.056
934.900,6.501
934.925,4.609
934.950,2.314
934.975,4.148
935.000,4.229
935.025,3.799
935.050,5.123
935.075,2.836
935.100,4.933
935.125,3.816
935.150,4.998
935.175,4.150
935.200,4.008
935.225,3.542
935.250,5.393
935.275,3.891
935.300,3.552
935.325,3.838
935.350,4.416
935.375,3.041
935.400,6.917
935.425,3.949
935.450,7.954
935.475,10.754
935.500,4.863
935.525,7.907
935.550,7.427
935.575,4.732
935.600,4.260
935.625,3.133
935.650,3.682
935.675,3.723
935.700,3.962
935.725,5.908
935.750,4.417
935.775,3.413
935.800,4.899
935.825,3.706
935.850,3.831
935.875,2.472
935.900,5.504
935.925,5.170
935.950,13.588
935.975,24.846
936.000,21.135
936.025,13.043
936.050,1.950
936.075,3.301
936.100,6.352
936.125,3.264
936.150,3.952
936.175,4.683
936.200,5.225
936.225,7.645
936.250,8.311
936.275,4.757
936.300,2.787
936.325,4.550
936.350,4.199
936.375,6.182
936.400,5.240
936.425,7.426
936.450,5.227
936.475,3.208
936.500,2.435
936.525,5.045
936.550,4.385
936.575,2.803
936.600,5.268
936.625,3.265
936.650,5.004
936.675,3.554
936.700,4.432
936.725,1.614
936.750,5.226
936.775,3.700
936.800,4.131
936.825,3.181
936.850,4.664
936.875,4.132
936.900,7.011
936.925,3.296
936.950,4.094
936.975,6.054
937.000,6.172
937.025,3.992
937.050,3.127
937.075,5.372
937.100,5.935
937.125,4.137
937.150,3.083
937.175,6.579
937.200,3.504
937.225,5.633
937.250,3.531
937.275,5.275
937.300,2.906
937.325,4.457
937.350,2.881
937.375,3.348
937.400,2.807
937.425,3.380
937.450,5.424
937.475,5.935
937.500,5.358
937.525,4.650
937.550,5.009
937.575,2.895
937.600,5.404
937.625,4.472
937.650,5.585
937.675,3.633
937.700,7.674
937.725,5.455
937.750,6.226
937.775,1.238
937.800,3.565
937.825,5.585
937.850,4.331
937.875,4.331
937.900,2.445
937.925,3.749
937.950,4.117
937.975,4.940
938.000,3.112
938.025,1.967
938.050,8.399
938.075,3.570
938.100,6.015
938.125,3.349
938.150,3.622
938.175,3.857
938.200,6.570
938.225,5.095
938.250,3.509
938.275,5.905
938.300,4.280
938.325,4.377
938.350,2.980
938.375,3.109
938.400,1.653
938.425,5.213
938.450,5.364
938.475,6.159
938.500,3.639
938.525,5.538
938.550,6.104
938.575,5.163
938.600,3.697
938.625,4.539
938.650,3.642
938.675,3.875
938.700,5.750
938.725,4.219
938.750,5.545
938.775,5.646
938.800,4.664
938.825,4.613
938.850,3.706
938.875,4.413
938.900,6.022
938.925,3.656
938.950,4.123
938.975,5.762
939.000,3.630
939.025,5.776
939.050,3.500
939.075,3.913
939.100,1.355
939.125,6.186
939.150,2.462
939.175,5.012
939.200,3.718
939.225,3.683
939.250,4.209
939.275,2.808
939.300,2.631
939.325,4.864
939.350,6.597
939.375,5.313
939.400,7.515
939.425,6.149
939.450,6.762
939.475,4.181
939.500,3.154
939.525,3.574
939.550,7.179
939.575,3.536
939.600,2.551
939.625,4.693
939.650,3.908
939.675,5.422
939.700,3.705
939.725,3.611
939.750,2.335
939.775,3.781
939.800,6.683
939.825,4.801
939.850,8.017
939.875,2.093
939.900,1.563
939.925,2.657
939.950,3.024
939.975,3.215
940.000,3.812
940.025,3.038
940.050,5.298
940.075,5.293
940.100,5.567
940.125,3.945
940.150,4.353
940.175,5.784
940.200,2.672
940.225,2.466
940.250,3.765
940.275,4.840
940.300,4.860
940.325,4.385
940.350,5.763
940.375,5.616
940.400,1.740
940.425,5.887
940.450,5.027
940.475,4.850
940.500,3.133
940.525,5.584
940.550,6.074
940.575,5.998
940.600,4.768
940.625,2.882
940.650,5.060
940.675,4.815
940.700,3.331
940.725,2.470
940.750,2.804
940.775,5.732
940.800,3.201
940.825,4.054
940.850,3.293
940.875,3.398
940.900,4.332
940.925,2.692
940.950,3.590
940.975,8.080
941.000,3.142
941.025,2.055
941.050,4.503
941.075,4.020
941.100,3.902
941.125,6.057
941.150,3.573
941.175,4.091
941.200,4.663
941.225,6.153
941.250,5.460
941.275,7.102
941.300,4.103
941.325,5.450
941.350,2.970
941.375,7.460
941.400,6.443
941.425,3.023
941.450,5.113
941.475,1.965
941.500,3.622
941.525,2.607
941.550,5.825
941.575,4.159
941.600,2.682
941.625,4.044
941.650,3.451
941.675,3.889
941.700,5.442
941.725,2.610
941.750,3.515
941.775,4.476
941.800,3.217
941.825,2.992
941.850,3.353
941.875,3.707
941.900,4.574
941.925,2.700
941.950,4.307
941.975,1.991
942.000,6.057
942.025,5.177
942.050,4.517
942.075,3.396
942.100,4.349
942.125,2.717
942.150,4.644
942.175,4.835
942.200,4.504
942.225,5.728
942.250,2.045
942.275,4.602
942.300,2.231
942.325,2.172
942.350,2.577
942.375,7.754
942.400,6.381
942.425,3.386
942.450,3.783
942.475,3.190
942.500,4.150
942.525,4.088
942.550,2.907
942.575,3.467
942.600,3.229
942.625,2.453
942.650,1.668
942.675,2.962
942.700,4.529
942.725,5.709
942.750,4.593
942.775,3.318
942.800,3.279
942.825,3.411
942.850,6.761
942.875,2.809
942.900,4.778
942.925,5.026
942.950,5.934
942.975,3.809
943.000,2.276
943.025,2.207
943.050,3.860
943.075,4.266
943.100,4.445
943.125,6.681
943.150,5.105
943.175,4.464
943.200,3.917
943.225,5.146
943.250,5.153
943.275,4.093
943.300,6.694
943.325,3.152
943.350,3.214
943.375,4.836
943.400,3.380
943.425,3.526
943.450,3.581
943.475,3.704
943.500,5.819
943.525,4.764
943.550,4.319
943.575,3.419
943.600,3.223
943.625,3.278
943.650,2.759
943.675,5.750
943.700,5.440
943.725,4.871
943.750,2.000
943.775,2.360
943.800,7.050
943.825,4.631
943.850,5.346
943.875,6.367
943.900,6.985
943.925,1.974
943.950,5.771
943.975,2.307
944.000,3.532
944.025,3.650
944.050,5.071
944.075,3.035
944.100,3.717
944.125,2.404
944.150,2.821
944.175,5.992
944.200,2.229
944.225,2.099
944.250,6.102
944.275,4.154
944.300,5.251
944.325,3.298
944.350,3.452
944.375,3.857
944.400,3.733
944.425,6.997
944.450,3.583
944.475,4.889
944.500,3.055
944.525,4.243
944.550,1.753
944.575,4.304
944.600,3.784
944.625,3.744
944.650,4.768
944.675,5.479
944.700,7.250
944.725,5.919
944.750,3.506
944.775,4.574
944.800,4.863
944.825,4.788
944.850,2.279
944.875,2.773
944.900,3.159
944.925,3.939
944.950,3.564
944.975,2.233
945.000,4.507
945.025,5.175
945.050,2.459
945.075,5.366
945.100,4.776
945.125,5.673
945.150,5.008
945.175,3.733
945.200,3.109
945.225,6.298
945.250,4.458
945.275,3.269
945.300,4.980
945.325,4.739
945.350,2.934
945.375,5.435
945.400,4.139
945.425,5.997
945.450,4.835
945.475,4.285
945.500,4.908
945.525,3.307
945.550,4.394
945.575,4.732
945.600,4.875
945.625,1.125
945.650,2.401
945.675,4.707
945.700,4.323
945.725,2.712
945.750,7.099
945.775,8.294
945.800,4.286
945.825,3.223
945.850,5.270
945.875,5.199
945.900,5.292
945.925,7.833
945.950,4.513
945.975,2.373
946.000,4.110
946.025,5.110
946.050,6.932
946.075,6.018
946.100,4.733
946.125,4.357
946.150,6.071
946.175,4.203
946.200,2.612
946.225,6.640
946.250,7.972
946.275,3.113
946.300,4.239
946.325,3.879
946.350,5.644
946.375,7.735
946.400,3.979
946.425,5.134
946.450,6.867
946.475,3.092
946.500,5.394
946.525,5.438
946.550,3.743
946.575,4.430
946.600,4.237
946.625,4.517
946.650,4.142
946.675,4.254
946.700,4.319
946.725,4.233
946.750,4.094
946.775,2.933
946.800,6.061
946.825,5.825
946.850,4.709
946.875,3.097
946.900,4.639
946.925,3.926
946.950,5.914
946.975,5.703
947.000,5.483
947.025,4.794
947.050,3.169
947.075,4.221
947.100,5.030
947.125,2.854
947.150,5.834
947.175,2.975
947.200,5.169
947.225,8.261
947.250,5.549
947.275,3.157
947.300,6.183
947.325,3.244
947.350,3.803
947.375,2.077
947.400,5.418
947.425,5.752
947.450,3.441
947.475,4.289
947.500,4.434
947.525,5.828
947.550,5.613
947.575,3.626
947.600,2.747
947.625,3.035
947.650,7.739
947.675,4.792
947.700,2.851
947.725,5.902
947.750,4.548
947.775,5.826
947.800,4.850
947.825,4.941
947.850,2.569
947.875,1.691
947.900,5.976
947.925,2.144
947.950,4.370
947.975,4.154
948.000,5.059
948.025,4.338
948.050,3.686
948.075,7.225
948.100,5.965
948.125,4.300
948.150,2.576
948.175,6.771
948.200,5.935
948.225,3.101
948.250,4.156
948.275,10.215
948.300,4.338
948.325,6.243
948.350,3.586
948.375,2.497
948.400,4.099
948.425,4.878
948.450,3.480
948.475,4.113
948.500,5.690
948.525,4.309
948.550,2.875
948.575,4.822
948.600,3.409
948.625,2.640
948.650,3.454
948.675,3.814
948.700,1.519
948.725,4.209
948.750,3.643
948.775,6.415
948.800,4.757
948.825,7.507
948.850,4.354
948.875,2.623
948.900,5.727
948.925,4.705
948.950,4.432
948.975,5.982
949.000,5.138
949.025,2.575
949.050,4.273
949.075,6.677
949.100,3.965
949.125,3.393
949.150,3.933
949.175,5.869
949.200,3.432
949.225,4.584
949.250,3.523
949.275,1.906
949.300,4.406
949.325,8.635
949.350,3.287
949.375,2.537
949.400,5.320
949.425,4.526
949.450,3.582
949.475,4.151
949.500,5.266
949.525,3.702
949.550,6.435
949.575,3.349
949.600,3.506
949.625,4.236
949.650,6.862
949.675,4.906
949.700,2.594
949.725,6.858
949.750,4.144
949.775,2.337
949.800,6.449
949.825,5.506
949.850,6.354
949.875,2.367
949.900,4.765
949.925,5.289
949.950,4.790
949.975,2.721
950.000,1.894
950.025,3.442
950.050,3.358
950.075,3.176
950.100,4.614
950.125,6.794
950.150,4.520
950.175,4.725
950.200,5.170
950.225,5.284
950.250,2.385
950.275,1.745
950.300,3.949
950.325,7.119
950.350,5.673
950.375,4.754
950.400,4.106
950.425,3.553
950.450,3.876
950.475,5.285
950.500,7.144
950.525,2.939
950.550,3.666
950.575,3.377
950.600,7.686
950.625,4.767
950.650,6.633
950.675,5.919
950.700,4.833
950.725,6.896
950.750,3.847
950.775,3.493
950.800,4.679
950.825,6.522
950.850,3.261
950.875,2.500
950.900,6.683
950.925,6.941
950.950,4.400
950.975,3.938
951.000,2.111
951.025,2.649
951.050,4.339
951.075,4.891
951.100,5.120
951.125,2.522
951.150,4.362
951.175,4.017
951.200,4.973
951.225,4.927
951.250,4.649
951.275,1.874
951.300,4.132
951.325,8.118
951.350,4.694
951.375,5.649
951.400,5.643
951.425,5.595
951.450,4.305
951.475,4.063
951.500,3.753
951.525,2.665
951.550,5.424
951.575,5.436
951.600,4.225
951.625,2.552
951.650,5.165
951.675,2.942
951.700,2.369
951.725,5.638
951.750,5.279
951.775,3.538
951.800,3.547
951.825,1.656
951.850,3.483
951.875,3.757
951.900,3.115
951.925,6.841
951.950,3.903
951.975,4.394
952.000,3.084
952.025,6.836
952.050,4.229
952.075,5.035
952.100,2.856
952.125,3.738
952.150,3.940
952.175,9.420
952.200,4.875
952.225,4.061
952.250,6.529
952.275,4.702
952.300,3.340
952.325,3.532
952.350,4.272
952.375,3.091
952.400,4.758
952.425,5.483
952.450,4.654
952.475,4.059
952.500,4.296
952.525,3.565
952.550,3.392
952.575,4.786
952.600,5.319
952.625,3.410
952.650,4.778
952.675,6.488
952.700,4.946
952.725,4.422
952.750,1.979
952.775,3.679
952.800,5.105
952.825,5.024
952.850,6.343
952.875,2.735
952.900,3.854
952.925,1.806
952.950,5.322
952.975,4.153
953.000,3.671
953.025,3.277
953.050,4.599
953.075,5.933
953.100,5.639
953.125,1.857
953.150,3.213
953.175,5.653
953.200,5.731
953.225,4.220
953.250,3.623
953.275,4.344
953.300,6.107
953.325,3.360
953.350,5.392
953.375,3.651
953.400,6.344
953.425,3.905
953.450,4.348
953.475,3.652
953.500,5.529
953.525,3.919
953.550,5.240
953.575,6.058
953.600,3.498
953.625,3.649
953.650,3.250
953.675,2.246
953.700,4.093
953.725,6.861
953.750,3.677
953.775,3.513
953.800,4.379
953.825,4.319
953.850,5.353
953.875,4.970
953.900,5.729
953.925,5.014
953.950,4.717
953.975,3.905
954.000,4.002
954.025,3.964
954.050,3.642
954.075,3.179
954.100,4.238
954.125,4.473
954.150,4.590
954.175,3.161
954.200,3.201
954.225,3.314
954.250,2.338
954.275,4.783
954.300,4.229
954.325,3.060
954.350,5.269
954.375,3.023
954.400,7.948
954.425,3.687
954.450,4.702
954.475,4.068
954.500,6.917
954.525,3.780
954.550,3.326
954.575,2.991
954.600,2.865
954.625,4.195
954.650,5.167
954.675,2.738
954.700,5.322
954.725,4.305
954.750,3.243
954.775,3.689
954.800,5.174
954.825,2.259
954.850,4.163
954.875,3.890
954.900,5.100
954.925,3.198
954.950,4.877
954.975,3.303
955.000,2.934
955.025,3.394
955.050,4.745
955.075,5.241
955.100,5.693
955.125,7.477
955.150,4.175
955.175,4.674
955.200,5.420
955.225,6.716
955.250,5.463
955.275,3.325
955.300,4.787
955.325,2.620
955.350,3.574
955.375,2.494
955.400,4.178
955.425,5.225
955.450,1.846
955.475,3.120
955.500,3.947
955.525,6.175
955.550,2.906
955.575,1.286
955.600,6.153
955.625,7.315
955.650,3.116
955.675,2.454
955.700,4.194
955.725,4.776
955.750,3.974
955.775,5.069
955.800,5.809
955.825,5.724
955.850,4.411
955.875,4.598
955.900,4.846
955.925,8.121
955.950,1.916
955.975,3.591
956.000,5.861
956.025,1.781
956.050,4.466
956.075,3.750
956.100,4.952
956.125,4.698
956.150,3.951
956.175,6.086
956.200,5.457
956.225,5.612
956.250,2.071
956.275,4.839
956.300,5.228
956.325,5.388
956.350,4.255
956.375,5.538
956.400,5.105
956.425,6.792
956.450,6.976
956.475,4.254
956.500,2.067
956.525,4.128
956.550,3.814
956.575,5.523
956.600,4.186
956.625,4.891
956.650,6.735
956.675,4.799
956.700,3.923
956.725,5.834
956.750,2.331
956.775,5.793
956.800,2.579
956.825,7.134
956.850,3.113
956.875,3.824
956.900,2.440
956.925,2.644
956.950,4.358
956.975,5.118
957.000,3.871
957.025,6.406
957.050,4.011
957.075,4.263
957.100,2.480
957.125,6.291
957.150,5.818
957.175,3.823
957.200,7.226
957.225,4.237
957.250,3.519
957.275,2.527
957.300,2.712
957.325,4.215
957.350,4.185
957.375,3.869
957.400,5.077
957.425,3.394
957.450,4.055
957.475,3.022
957.500,4.849
957.525,8.219
957.550,6.075
957.575,3.261
957.600,4.076
957.625,3.732
957.650,4.311
957.675,3.005
957.700,5.542
957.725,3.920
957.750,2.485
957.775,3.162
957.800,3.358
957.825,6.390
957.850,4.231
957.875,4.937
957.900,3.095
957.925,4.606
957.950,3.547
957.975,3.586
958.000,3.952
958.025,4.707
958.050,3.689
958.075,4.408
958.100,4.496
958.125,4.159
958.150,4.112
958.175,3.731
958.200,5.302
958.225,4.248
958.250,4.201
958.275,3.838
958.300,3.979
958.325,5.527
958.350,6.503
958.375,3.310
958.400,4.322
958.425,3.535
958.450,2.988
958.475,4.317
958.500,4.379
958.525,4.362
958.550,4.621
958.575,7.388
958.600,3.666
958.625,3.959
958.650,5.533
958.675,4.550
958.700,4.984
958.725,3.783
958.750,5.072
958.775,5.015
958.800,5.162
958.825,4.726
958.850,6.117
958.875,7.022
958.900,5.866
958.925,6.174
958.950,6.432
958.975,4.475
959.000,6.008
959.025,4.312
959.050,3.146
959.075,2.825
959.100,6.059
959.125,2.477
959.150,4.672
959.175,2.208
959.200,5.058
959.225,4.386
959.250,7.236
959.275,3.793
959.300,5.293
959.325,6.125
959.350,5.496
959.375,5.265
959.400,7.963
959.425,2.563
959.450,2.854
959.475,4.594
959.500,6.018
959.525,3.124
959.550,3.755
959.575,2.176
959.600,2.549
959.625,5.431
959.650,4.474
959.675,4.080
959.700,4.074
959.725,4.361
959.750,4.202
959.775,5.451
959.800,3.938
959.825,2.977
959.850,4.183
959.875,4.346
959.900,5.075
959.925,3.816
959.950,4.962
959.975,4.518
960.000,5.462
960.025,6.074
960.050,6.234
960.075,6.749
960.100,3.499
960.125,3.020
960.150,4.242
960.175,1.633
960.200,4.034
960.225,3.788
960.250,4.118
960.275,6.144
960.300,5.059
960.325,4.925
960.350,3.749
960.375,3.543
960.400,3.618
960.425,4.589
960.450,6.149
960.475,4.652
960.500,4.965
960.525,4.819
960.550,5.429
960.575,3.265
960.600,5.545
960.625,4.337
960.650,3.089
960.675,7.025
960.700,5.011
960.725,3.247
960.750,7.266
960.775,3.967
960.800,4.966
960.825,2.142
960.850,5.408
960.875,4.431
960.900,5.332
960.925,5.795
960.950,3.013
960.975,5.244
961.000,4.991
961.025,5.289
961.050,6.945
961.075,4.181
961.100,4.204
961.125,5.885
961.150,3.084
961.175,4.588
961.200,2.333
961.225,7.695
961.250,4.786
961.275,1.872
961.300,5.225
961.325,5.657
961.350,5.194
961.375,2.443
961.400,4.476
961.425,3.869
961.450,3.168
961.475,5.722
961.500,4.955
961.525,7.107
961.550,4.164
961.575,4.075
961.600,4.797
961.625,5.012
961.650,4.221
961.675,5.284
961.700,7.886
961.725,4.257
961.750,1.871
961.775,4.569
961.800,4.918
961.825,4.283
961.850,4.145
961.875,3.389
961.900,5.842
961.925,6.445
961.950,2.511
961.975,1.935
962.000,4.875
962.025,3.946
962.050,4.025
962.075,1.572
962.100,3.432
962.125,3.633
962.150,3.233
962.175,1.079
962.200,2.621
962.225,5.264
962.250,4.131
962.275,6.214
962.300,6.281
962.325,5.218
962.350,4.370
962.375,3.574
962.400,8.832
962.425,7.422
962.450,4.796
962.475,4.123
962.500,4.181
962.525,4.326
962.550,1.965
962.575,6.394
962.600,3.622
962.625,4.083
962.650,3.525
962.675,3.236
962.700,2.487
962.725,2.992
962.750,3.359
962.775,2.956
962.800,5.638
962.825,6.720
962.850,2.409
962.875,2.178
962.900,5.504
962.925,4.753
962.950,3.474
962.975,2.847
963.000,1.921
963.025,4.081
963.050,4.726
963.075,3.127
963.100,2.784
963.125,1.654
963.150,3.920
963.175,4.151
963.200,4.467
963.225,6.577
963.250,2.589
963.275,4.230
963.300,4.621
963.325,3.286
963.350,2.476
963.375,4.550
963.400,2.444
963.425,5.401
963.450,4.926
963.475,4.984
963.500,5.487
963.525,5.765
963.550,4.309
963.575,5.120
963.600,4.469
963.625,3.387
963.650,5.821
963.675,3.789
963.700,3.937
963.725,3.862
963.750,4.708
963.775,3.815
963.800,3.394
963.825,4.653
963.850,5.916
963.875,4.175
963.900,4.513
963.925,6.010
963.950,3.325
963.975,4.223
964.000,2.177
964.025,6.613
964.050,6.021
964.075,4.127
964.100,2.829
964.125,4.358
964.150,4.812
964.175,3.543
964.200,5.000
964.225,4.898
964.250,6.108
964.275,5.202
964.300,4.799
964.325,3.934
964.350,3.660
964.375,7.606
964.400,3.360
964.425,4.006
964.450,3.746
964.475,3.977
964.500,4.685
964.525,2.219
964.550,4.684
964.575,9.639
964.600,3.468
964.625,4.246
964.650,3.460
964.675,3.770
964.700,6.647
964.725,4.687
964.750,3.268
964.775,5.668
964.800,3.797
964.825,4.127
964.850,6.318
964.875,7.864
964.900,6.007
964.925,1.517
964.950,4.385
964.975,4.869
965.000,5.864
965.025,4.913
965.050,3.565
965.075,4.021
965.100,3.859
965.125,7.828
965.150,7.855
965.175,6.700
965.200,4.579
965.225,7.459
965.250,10.894
965.275,8.354
965.300,8.258
965.325,4.852
965.350,5.121
965.375,5.732
965.400,3.315
965.425,4.779
965.450,2.823
965.475,3.413
965.500,3.435
965.525,4.550
965.550,2.707
965.575,4.745
965.600,6.399
965.625,3.439
965.650,4.514
965.675,4.760
965.700,4.835
965.725,4.200
965.750,3.846
965.775,3.825
965.800,1.575
965.825,4.465
965.850,4.890
965.875,5.124
965.900,6.192
965.925,3.702
965.950,4.409
965.975,2.764
966.000,5.048
966.025,2.366
966.050,3.869
966.075,3.681
966.100,3.956
966.125,4.832
966.150,4.306
966.175,3.730
966.200,3.338
966.225,3.740
966.250,3.003
966.275,3.382
966.300,4.801
966.325,3.443
966.350,4.247
966.375,3.354
966.400,2.760
966.425,6.694
966.450,6.197
966.475,5.120
966.500,4.392
966.525,5.107
966.550,3.706
966.575,3.109
966.600,4.566
966.625,2.669
966.650,6.055
966.675,6.467
966.700,7.827
966.725,3.666
966.750,2.335
966.775,3.160
966.800,2.305
966.825,3.633
966.850,2.485
966.875,4.140
966.900,5.709
966.925,3.214
966.950,5.050
966.975,3.172
967.000,3.615
967.025,5.745
967.050,5.299
967.075,4.908
967.100,3.006
967.125,1.535
967.150,3.473
967.175,4.089
967.200,3.803
967.225,5.197
967.250,8.282
967.275,3.168
967.300,3.755
967.325,7.636
967.350,4.715
967.375,3.876
967.400,7.685
967.425,3.713
967.450,5.127
967.475,5.559
967.500,4.180
967.525,4.588
967.550,5.853
967.575,6.501
967.600,5.059
967.625,3.923
967.650,6.001
967.675,4.511
967.700,4.703
967.725,6.475
967.750,5.677
967.775,6.189
967.800,1.034
967.825,7.656
967.850,6.290
967.875,4.895
967.900,14.628
967.925,13.186
967.950,14.034
967.975,6.210
968.000,9.496
968.025,3.403
968.050,5.018
968.075,3.279
968.100,5.425
968.125,1.940
968.150,3.633
968.175,4.464
968.200,2.244
968.225,6.975
968.250,2.633
968.275,4.010
968.300,2.290
968.325,5.276
968.350,4.885
968.375,6.800
968.400,4.179
968.425,3.384
968.450,6.701
968.475,3.856
968.500,3.546
968.525,5.245
968.550,4.271
968.575,4.452
968.600,5.280
968.625,4.600
968.650,5.391
968.675,7.377
968.700,2.516
968.725,4.197
968.750,5.230
968.775,5.276
968.800,3.018
968.825,5.453
968.850,4.021
968.875,7.167
968.900,3.810
968.925,4.156
968.950,6.623
968.975,4.871
969.000,5.074
969.025,4.561
969.050,5.706
969.075,4.771
969.100,6.429
969.125,3.744
969.150,3.579
969.175,2.358
969.200,4.751
969.225,5.147
969.250,4.751
969.275,4.326
969.300,3.309
969.325,2.772
969.350,4.605
969.375,4.089
969.400,4.267
969.425,4.417
969.450,5.373
969.475,5.816
969.500,4.145
969.525,6.281
969.550,4.584
969.575,4.556
969.600,4.809
969.625,4.612
969.650,3.904
969.675,4.145
969.700,6.707
969.725,4.413
969.750,7.108
969.775,5.473
969.800,4.352
969.825,4.303
969.850,6.890
969.875,4.716
969.900,4.252
969.925,4.908
969.950,3.586
969.975,4.382
970.000,5.114
1430.000,5.541
1430.025,4.803
1430.050,3.128
1430.075,1.769
1430.100,3.168
1430.125,10.560
1430.150,3.474
1430.175,1.509
1430.200,2.551
1430.225,8.248
1430.250,3.584
1430.275,2.080
1430.300,5.754
1430.325,3.671
1430.350,2.184
1430.375,3.006
1430.400,1.859
1430.425,2.081
1430.450,3.172
1430.475,7.727
1430.500,8.823
1430.525,2.146
1430.550,3.405
1430.575,6.120
1430.600,2.961
1430.625,4.480
1430.650,4.725
1430.675,5.323
1430.700,4.430
1430.725,4.413
1430.750,5.071
1430.775,4.233
1430.800,2.806
1430.825,1.592
1430.850,5.703
1430.875,2.894
1430.900,4.072
1430.925,4.908
1430.950,3.225
1430.975,3.799
1431.000,5.369
1431.025,3.683
1431.050,4.472
1431.075,3.378
1431.100,2.900
1431.125,3.218
1431.150,4.782
1431.175,1.618
1431.200,3.103
1431.225,2.921
1431.250,2.387
1431.275,2.266
1431.300,4.685
1431.325,4.096
1431.350,1.816
1431.375,5.353
1431.400,3.816
1431.425,2.742
1431.450,5.473
1431.475,6.520
1431.500,2.192
1431.525,2.439
1431.550,3.496
1431.575,2.696
1431.600,2.580
1431.625,4.091
1431.650,2.743
1431.675,3.985
1431.700,3.356
1431.725,4.872
1431.750,1.785
1431.775,3.144
1431.800,9.814
1431.825,9.632
1431.850,10.251
1431.875,3.313
1431.900,6.921
1431.925,2.825
1431.950,1.474
1431.975,4.042
1432.000,2.849
1432.025,3.632
1432.050,5.060
1432.075,5.014
1432.100,6.528
1432.125,1.528
1432.150,4.297
1432.175,3.918
1432.200,3.837
1432.225,1.481
1432.250,2.721
1432.275,3.090
1432.300,3.439
1432.325,3.501
1432.350,4.377
1432.375,7.732
1432.400,5.512
1432.425,4.299
1432.450,4.649
1432.475,3.839
1432.500,4.633
1432.525,3.144
1432.550,3.643
1432.575,2.976
1432.600,5.533
1432.625,5.642
1432.650,3.955
1432.675,4.699
1432.700,3.136
1432.725,2.455
1432.750,4.414
1432.775,3.532
1432.800,3.547
1432.825,3.130
1432.850,2.982
1432.875,3.011
1432.900,4.346
1432.925,2.868
1432.950,3.490
1432.975,3.969
1433.000,3.413
1433.025,2.549
1433.050,6.776
1433.075,2.432
1433.100,4.783
1433.125,5.787
1433.150,2.266
1433.175,5.825
1433.200,2.252
1433.225,5.713
1433.250,3.889
1433.275,5.506
1433.300,3.187
1433.325,4.700
1433.350,6.615
1433.375,4.587
1433.400,5.241
1433.425,3.954
1433.450,2.815
1433.475,3.007
1433.500,5.405
1433.525,4.967
1433.550,5.068
1433.575,4.982
1433.600,5.061
1433.625,4.299
1433.650,4.833
1433.675,5.490
1433.700,4.811
1433.725,3.118
1433.750,3.429
1433.775,6.409
1433.800,4.012
1433.825,3.978
1433.850,4.829
1433.875,5.231
1433.900,3.878
1433.925,3.850
1433.950,3.034
1433.975,5.808
1434.000,6.974
1434.025,2.804
1434.050,4.666
1434.075,4.269
1434.100,3.625
1434.125,3.594
1434.150,3.158
1434.175,2.276
1434.200,4.200
1434.225,3.125
1434.250,6.662
1434.275,3.483
1434.300,5.268
1434.325,3.785
1434.350,4.559
1434.375,3.044
1434.400,2.639
1434.425,2.496
1434.450,2.336
1434.475,2.859
1434.500,4.540
1434.525,3.533
1434.550,2.983
1434.575,5.684
1434.600,3.182
1434.625,3.831
1434.650,3.399
1434.675,4.250
1434.700,2.346
1434.725,4.938
1434.750,5.214
1434.775,3.515
1434.800,3.299
1434.825,7.542
1434.850,6.198
1434.875,5.834
1434.900,5.916
1434.925,3.898
1434.950,2.584
1434.975,7.240
1435.000,3.563
1435.025,5.397
1435.050,5.349
1435.075,5.062
1435.100,4.779
1435.125,4.614
1435.150,6.836
1435.175,3.558
1435.200,6.724
1435.225,2.925
1435.250,4.927
1435.275,6.296
1435.300,3.920
1435.325,3.392
1435.350,6.702
1435.375,6.405
1435.400,3.837
1435.425,5.130
1435.450,5.403
1435.475,3.634
1435.500,5.841
1435.525,2.517
1435.550,4.350
1435.575,6.318
1435.600,2.854
1435.625,5.796
1435.650,5.435
1435.675,6.453
1435.700,3.909
1435.725,5.150
1435.750,3.770
1435.775,5.939
1435.800,8.017
1435.825,3.864
1435.850,10.147
1435.875,4.214
1435.900,3.694
1435.925,2.879
1435.950,6.901
1435.975,3.547
1436.000,6.151
1436.025,6.887
1436.050,7.571
1436.075,8.182
1436.100,6.341
1436.125,4.233
1436.150,6.061
1436.175,10.264
1436.200,5.410
1436.225,9.915
1436.250,11.325
1436.275,7.773
1436.300,11.579
1436.325,14.062
1436.350,4.700
1436.375,13.519
1436.400,10.307
1436.425,7.300
1436.450,7.613
1436.475,6.260
1436.500,9.924
1436.525,6.196
1436.550,6.553
1436.575,5.048
1436.600,5.801
1436.625,3.138
1436.650,4.495
1436.675,6.637
1436.700,6.116
1436.725,5.762
1436.750,5.977
1436.775,3.777
1436.800,5.811
1436.825,4.020
1436.850,2.570
1436.875,5.229
1436.900,8.534
1436.925,3.840
1436.950,4.362
1436.975,7.316
1437.000,4.159
1437.025,3.007
1437.050,2.998
1437.075,7.015
1437.100,2.286
1437.125,2.247
1437.150,4.763
1437.175,4.764
1437.200,4.902
1437.225,4.624
1437.250,6.244
1437.275,7.891
1437.300,7.149
1437.325,2.627
1437.350,5.835
1437.375,5.738
1437.400,3.631
1437.425,4.746
1437.450,3.723
1437.475,1.709
1437.500,7.940
1437.525,5.872
1437.550,3.716
1437.575,3.291
1437.600,4.351
1437.625,2.658
1437.650,4.019
1437.675,4.265
1437.700,4.378
1437.725,3.233
1437.750,3.784
1437.775,6.715
1437.800,3.671
1437.825,5.692
1437.850,6.782
1437.875,5.573
1437.900,4.761
1437.925,4.297
1437.950,4.445
1437.975,2.285
1438.000,2.177
1438.025,5.774
1438.050,2.664
1438.075,5.027
1438.100,1.787
1438.125,4.026
1438.150,5.343
1438.175,3.717
1438.200,2.382
1438.225,6.414
1438.250,4.450
1438.275,4.767
1438.300,2.799
1438.325,2.588
1438.350,3.791
1438.375,3.600
1438.400,2.212
1438.425,5.513
1438.450,8.703
1438.475,3.865
1438.500,4.320
1438.525,4.003
1438.550,5.567
1438.575,6.605
1438.600,3.115
1438.625,5.861
1438.650,3.035
1438.675,3.140
1438.700,4.509
1438.725,4.656
1438.750,3.621
1438.775,7.932
1438.800,3.543
1438.825,3.252
1438.850,4.010
1438.875,3.826
1438.900,2.477
1438.925,2.272
1438.950,4.207
1438.975,4.032
1439.000,5.424
1439.025,5.945
1439.050,4.990
1439.075,5.245
1439.100,5.835
1439.125,5.157
1439.150,3.892
1439.175,7.022
1439.200,5.709
1439.225,6.405
1439.250,4.588
1439.275,3.656
1439.300,4.673
1439.325,3.446
1439.350,4.739
1439.375,3.824
1439.400,1.935
1439.425,4.445
1439.450,3.725
1439.475,2.758
1439.500,5.190
1439.525,3.923
1439.550,4.377
1439.575,4.487
1439.600,2.787
1439.625,4.502
1439.650,9.952
1439.675,8.209
1439.700,6.804
1439.725,4.726
1439.750,2.735
1439.775,5.662
1439.800,8.776
1439.825,3.647
1439.850,3.014
1439.875,4.764
1439.900,3.115
1439.925,5.004
1439.950,1.836
1439.975,4.422
1440.000,3.530
1440.025,5.202
1440.050,7.056
1440.075,4.559
1440.100,4.895
1440.125,2.053
1440.150,3.335
1440.175,2.995
1440.200,2.513
1440.225,5.561
1440.250,3.337
1440.275,5.576
1440.300,4.038
1440.325,4.940
1440.350,3.862
1440.375,4.143
1440.400,2.586
1440.425,5.193
1440.450,3.740
1440.475,3.201
1440.500,3.952
1440.525,4.694
1440.550,2.772
1440.575,3.540
1440.600,2.853
1440.625,2.878
1440.650,5.696
1440.675,3.751
1440.700,4.129
1440.725,2.877
1440.750,1.636
1440.775,2.878
1440.800,4.171
1440.825,4.665
1440.850,4.704
1440.875,6.191
1440.900,4.899
1440.925,5.037
1440.950,5.486
1440.975,3.629
1441.000,4.652
1441.025,8.529
1441.050,5.244
1441.075,3.896
1441.100,3.672
1441.125,4.420
1441.150,6.242
1441.175,2.218
1441.200,2.392
1441.225,5.655
1441.250,4.712
1441.275,3.609
1441.300,1.673
1441.325,4.765
1441.350,4.200
1441.375,3.513
1441.400,4.125
1441.425,4.739
1441.450,7.993
1441.475,8.155
1441.500,7.639
1441.525,7.149
1441.550,3.392
1441.575,4.655
1441.600,2.487
1441.625,2.896
1441.650,1.868
1441.675,3.555
1441.700,5.187
1441.725,4.124
1441.750,5.764
1441.775,4.181
1441.800,4.410
1441.825,1.965
1441.850,1.896
1441.875,3.567
1441.900,6.034
1441.925,4.296
1441.950,2.918
1441.975,3.434
1442.000,4.741
1442.025,5.486
1442.050,4.258
1442.075,3.767
1442.100,4.132
1442.125,4.954
1442.150,2.308
1442.175,5.054
1442.200,3.918
1442.225,4.912
1442.250,5.278
1442.275,4.993
1442.300,2.188
1442.325,4.598
1442.350,2.743
1442.375,1.585
1442.400,2.972
1442.425,6.103
1442.450,3.849
1442.475,3.494
1442.500,3.174
1442.525,2.633
1442.550,3.451
1442.575,4.307
1442.600,1.852
1442.625,3.681
1442.650,2.820
1442.675,5.398
1442.700,6.454
1442.725,3.404
1442.750,5.181
1442.775,4.301
1442.800,4.372
1442.825,4.012
1442.850,4.046
1442.875,3.064
1442.900,4.807
1442.925,4.281
1442.950,2.922
1442.975,2.933
1443.000,5.009
1443.025,4.186
1443.050,4.268
1443.075,3.907
1443.100,6.513
1443.125,5.092
1443.150,2.244
1443.175,4.958
1443.200,4.326
1443.225,6.306
1443.250,4.027
1443.275,2.437
1443.300,5.052
1443.325,3.762
1443.350,4.067
1443.375,3.732
1443.400,4.695
1443.425,4.787
1443.450,3.066
1443.475,3.411
1443.500,3.823
1443.525,4.828
1443.550,4.582
1443.575,3.698
1443.600,4.908
1443.625,5.234
1443.650,4.559
1443.675,2.380
1443.700,4.856
1443.725,1.643
1443.750,6.929
1443.775,3.189
1443.800,4.467
1443.825,5.677
1443.850,1.950
1443.875,5.417
1443.900,2.615
1443.925,4.364
1443.950,6.187
1443.975,3.010
1444.000,3.579
1444.025,2.193
1444.050,4.756
1444.075,5.631
1444.100,4.156
1444.125,2.945
1444.150,3.782
1444.175,7.799
1444.200,5.546
1444.225,4.053
1444.250,3.032
1444.275,1.812
1444.300,5.769
1444.325,4.163
1444.350,3.944
1444.375,4.746
1444.400,3.776
1444.425,5.411
1444.450,4.362
1444.475,5.024
1444.500,5.171
1444.525,3.781
1444.550,4.489
1444.575,4.548
1444.600,4.289
1444.625,5.165
1444.650,5.863
1444.675,3.366
1444.700,4.281
1444.725,2.245
1444.750,4.065
1444.775,4.266
1444.800,5.568
1444.825,4.245
1444.850,4.083
1444.875,3.437
1444.900,3.822
1444.925,3.482
1444.950,5.362
1444.975,3.755
1445.000,5.408
1445.025,3.530
1445.050,5.173
1445.075,2.533
1445.100,3.902
1445.125,3.744
1445.150,2.854
1445.175,4.439
1445.200,2.824
1445.225,2.476
1445.250,1.885
1445.275,3.132
1445.300,3.486
1445.325,4.140
1445.350,5.719
1445.375,3.068
1445.400,5.018
1445.425,5.519
1445.450,2.159
1445.475,4.748
1445.500,2.915
1445.525,6.701
1445.550,3.046
1445.575,6.494
1445.600,5.536
1445.625,4.185
1445.650,3.216
1445.675,1.837
1445.700,2.906
1445.725,4.742
1445.750,4.039
1445.775,2.185
1445.800,5.439
1445.825,3.428
1445.850,5.099
1445.875,5.713
1445.900,4.413
1445.925,4.026
1445.950,5.306
1445.975,8.453
1446.000,3.955
1446.025,3.433
1446.050,4.960
1446.075,5.467
1446.100,4.575
1446.125,4.577
1446.150,3.520
1446.175,4.502
1446.200,3.028
1446.225,4.993
1446.250,4.778
1446.275,5.175
1446.300,5.894
1446.325,4.278
1446.350,7.344
1446.375,5.122
1446.400,4.286
1446.425,3.641
1446.450,4.500
1446.475,4.129
1446.500,4.761
1446.525,3.985
1446.550,7.187
1446.575,3.834
1446.600,6.977
1446.625,3.067
1446.650,3.914
1446.675,4.663
1446.700,7.960
1446.725,3.674
1446.750,2.927
1446.775,5.028
1446.800,3.821
1446.825,7.722
1446.850,4.269
1446.875,2.299
1446.900,4.497
1446.925,4.601
1446.950,4.765
1446.975,6.033
1447.000,2.882
1447.025,3.514
1447.050,7.537
1447.075,4.966
1447.100,4.370
1447.125,4.056
1447.150,3.361
1447.175,5.315
1447.200,4.361
1447.225,5.254
1447.250,3.393
1447.275,6.059
1447.300,3.759
1447.325,3.469
1447.350,3.089
1447.375,6.421
1447.400,4.887
1447.425,1.900
1447.450,3.597
1447.475,4.342
1447.500,2.833
1447.525,3.217
1447.550,4.704
1447.575,4.584
1447.600,4.948
1447.625,3.217
1447.650,1.759
1447.675,5.727
1447.700,3.286
1447.725,4.450
1447.750,7.618
1447.775,5.717
1447.800,3.699
1447.825,2.443
1447.850,5.254
1447.875,4.592
1447.900,5.990
1447.925,3.672
1447.950,4.171
1447.975,5.079
1448.000,3.040
1448.025,5.181
1448.050,3.371
1448.075,3.680
1448.100,7.489
1448.125,5.548
1448.150,2.743
1448.175,6.882
1448.200,3.450
1448.225,4.449
1448.250,4.948
1448.275,2.600
1448.300,3.983
1448.325,3.324
1448.350,2.129
1448.375,3.746
1448.400,5.537
1448.425,1.596
1448.450,6.514
1448.475,4.313
1448.500,6.679
1448.525,6.084
1448.550,1.236
1448.575,2.396
1448.600,3.496
1448.625,6.406
1448.650,4.208
1448.675,3.040
1448.700,5.815
1448.725,5.762
1448.750,3.192
1448.775,6.299
1448.800,4.395
1448.825,5.705
1448.850,2.038
1448.875,6.984
1448.900,4.967
1448.925,6.933
1448.950,3.573
1448.975,5.165
1449.000,4.169
1449.025,5.410
1449.050,5.205
1449.075,3.716
1449.100,3.037
1449.125,2.782
1449.150,5.886
1449.175,5.670
1449.200,3.698
1449.225,3.997
1449.250,2.540
1449.275,6.627
1449.300,6.887
1449.325,3.107
1449.350,3.618
1449.375,7.529
1449.400,3.628
1449.425,3.454
1449.450,4.289
1449.475,8.093
1449.500,2.245
1449.525,3.707
1449.550,3.830
1449.575,5.504
1449.600,5.720
1449.625,4.297
1449.650,3.107
1449.675,3.025
1449.700,4.306
1449.725,4.607
1449.750,2.363
1449.775,5.566
1449.800,3.565
1449.825,2.384
1449.850,5.722
1449.875,5.194
1449.900,3.472
1449.925,3.317
1449.950,3.981
1449.975,2.731
1450.000,5.399
1450.025,4.829
1450.050,4.563
1450.075,2.835
1450.100,5.499
1450.125,4.972
1450.150,3.328
1450.175,5.139
1450.200,3.922
1450.225,5.623
1450.250,2.376
1450.275,4.784
1450.300,5.411
1450.325,4.603
1450.350,2.578
1450.375,3.334
1450.400,4.922
1450.425,2.359
1450.450,3.968
1450.475,3.210
1450.500,2.995
1450.525,6.469
1450.550,4.703
1450.575,4.399
1450.600,5.484
1450.625,3.968
1450.650,3.491
1450.675,5.241
1450.700,5.519
1450.725,6.927
1450.750,6.026
1450.775,2.706
1450.800,7.054
1450.825,4.139
1450.850,3.292
1450.875,3.446
1450.900,5.136
1450.925,3.731
1450.950,2.375
1450.975,3.604
1451.000,3.641
1451.025,6.703
1451.050,4.861
1451.075,4.502
1451.100,2.720
1451.125,6.750
1451.150,3.562
1451.175,2.653
1451.200,4.672
1451.225,4.946
1451.250,6.054
1451.275,2.908
1451.300,5.041
1451.325,5.973
1451.350,3.342
1451.375,5.819
1451.400,1.847
1451.425,4.470
1451.450,5.559
1451.475,3.944
1451.500,5.804
1451.525,3.062
1451.550,3.757
1451.575,3.487
1451.600,4.647
1451.625,2.278
1451.650,4.958
1451.675,5.168
1451.700,2.827
1451.725,4.133
1451.750,5.275
1451.775,4.094
1451.800,5.497
1451.825,3.810
1451.850,3.915
1451.875,7.571
1451.900,2.908
1451.925,3.772
1451.950,5.719
1451.975,5.467
1452.000,6.313
1452.025,5.282
1452.050,4.937
1452.075,4.790
1452.100,3.993
1452.125,4.975
1452.150,4.937
1452.175,3.671
1452.200,3.392
1452.225,3.037
1452.250,3.139
1452.275,5.486
1452.300,6.269
1452.325,3.415
1452.350,4.175
1452.375,5.942
1452.400,3.692
1452.425,3.310
1452.450,4.242
1452.475,6.530
1452.500,4.059
1452.525,2.963
1452.550,6.089
1452.575,5.981
1452.600,3.961
1452.625,2.904
1452.650,5.084
1452.675,5.336
1452.700,4.292
1452.725,7.096
1452.750,3.922
1452.775,3.421
1452.800,4.531
1452.825,3.440
1452.850,5.606
1452.875,2.871
1452.900,4.410
1452.925,2.854
1452.950,2.414
1452.975,3.082
1453.000,5.283
1453.025,7.674
1453.050,3.023
1453.075,4.525
1453.100,5.557
1453.125,3.433
1453.150,4.245
1453.175,4.048
1453.200,5.555
1453.225,4.549
1453.250,4.821
1453.275,7.125
1453.300,2.892
1453.325,6.488
1453.350,3.122
1453.375,3.955
1453.400,3.410
1453.425,2.659
1453.450,4.783
1453.475,4.365
1453.500,6.535
1453.525,3.056
1453.550,5.925
1453.575,3.501
1453.600,7.097
1453.625,5.385
1453.650,4.776
1453.675,3.402
1453.700,3.749
1453.725,3.974
1453.750,8.492
1453.775,5.293
1453.800,4.317
1453.825,5.117
1453.850,5.085
1453.875,3.872
1453.900,4.434
1453.925,3.541
1453.950,4.409
1453.975,4.413
1454.000,5.824
1454.025,4.434
1454.050,2.165
1454.075,3.393
1454.100,4.743
1454.125,4.345
1454.150,3.027
1454.175,4.282
1454.200,3.825
1454.225,2.992
1454.250,3.814
1454.275,3.538
1454.300,4.343
1454.325,1.942
1454.350,2.296
1454.375,3.419
1454.400,1.194
1454.425,2.418
1454.450,6.084
1454.475,3.580
1454.500,3.141
1454.525,7.398
1454.550,5.776
1454.575,3.786
1454.600,6.960
1454.625,4.479
1454.650,2.613
1454.675,5.227
1454.700,2.908
1454.725,3.289
1454.750,3.313
1454.775,4.342
1454.800,5.727
1454.825,5.301
1454.850,3.551
1454.875,5.343
1454.900,1.999
1454.925,3.994
1454.950,4.156
1454.975,3.364
1455.000,3.245
1455.025,4.484
1455.050,3.155
1455.075,3.561
1455.100,6.791
1455.125,4.609
1455.150,4.191
1455.175,2.515
1455.200,3.763
1455.225,3.905
1455.250,4.710
1455.275,2.732
1455.300,3.503
1455.325,5.603
1455.350,3.853
1455.375,5.612
1455.400,3.327
1455.425,1.918
1455.450,3.531
1455.475,5.518
1455.500,5.139
1455.525,4.882
1455.550,3.478
1455.575,6.725
1455.600,6.044
1455.625,2.725
1455.650,5.836
1455.675,5.266
1455.700,4.775
1455.725,6.207
1455.750,5.968
1455.775,4.116
1455.800,3.733
1455.825,4.764
1455.850,5.141
1455.875,2.587
1455.900,3.561
1455.925,2.444
1455.950,4.561
1455.975,4.926
1456.000,4.625
1456.025,4.846
1456.050,5.406
1456.075,6.625
1456.100,5.329
1456.125,4.412
1456.150,5.287
1456.175,6.977
1456.200,7.283
1456.225,4.131
1456.250,3.769
1456.275,3.004
1456.300,4.292
1456.325,3.497
1456.350,5.860
1456.375,4.958
1456.400,3.156
1456.425,4.195
1456.450,3.600
1456.475,5.352
1456.500,2.508
1456.525,4.368
1456.550,3.801
1456.575,4.989
1456.600,3.764
1456.625,4.995
1456.650,4.018
1456.675,4.034
1456.700,3.306
1456.725,2.849
1456.750,4.367
1456.775,7.334
1456.800,3.970
1456.825,6.787
1456.850,5.171
1456.875,5.967
1456.900,4.204
1456.925,4.665
1456.950,3.467
1456.975,5.635
1457.000,2.755
1457.025,3.107
1457.050,3.843
1457.075,4.027
1457.100,4.318
1457.125,6.010
1457.150,5.663
1457.175,3.927
1457.200,3.800
1457.225,4.226
1457.250,2.709
1457.275,3.446
1457.300,5.660
1457.325,5.298
1457.350,2.211
1457.375,3.370
1457.400,2.248
1457.425,7.718
1457.450,7.480
1457.475,6.549
1457.500,3.312
1457.525,5.695
1457.550,4.260
1457.575,6.955
1457.600,4.662
1457.625,5.228
1457.650,6.178
1457.675,4.289
1457.700,1.775
1457.725,5.010
1457.750,7.317
1457.775,3.834
1457.800,7.763
1457.825,5.461
1457.850,3.351
1457.875,5.366
1457.900,4.401
1457.925,3.175
1457.950,5.057
1457.975,3.112
1458.000,4.091
1458.025,4.639
1458.050,3.637
1458.075,4.792
1458.100,2.738
1458.125,3.399
1458.150,5.676
1458.175,3.703
1458.200,5.595
1458.225,5.305
1458.250,4.749
1458.275,4.772
1458.300,2.976
1458.325,4.637
1458.350,6.435
1458.375,6.906
1458.400,5.616
1458.425,3.427
1458.450,2.765
1458.475,4.585
1458.500,5.215
1458.525,3.796
1458.550,3.970
1458.575,5.208
1458.600,4.852
1458.625,6.329
1458.650,5.020
1458.675,6.488
1458.700,4.208
1458.725,3.915
1458.750,5.176
1458.775,4.246
1458.800,4.534
1458.825,3.827
1458.850,3.392
1458.875,3.894
1458.900,2.954
1458.925,4.646
1458.950,4.009
1458.975,3.075
1459.000,6.210
1459.025,6.997
1459.050,5.257
1459.075,4.961
1459.100,4.287
1459.125,3.165
1459.150,2.638
1459.175,2.399
1459.200,5.355
1459.225,2.762
1459.250,3.417
1459.275,4.696
1459.300,4.393
1459.325,3.361
1459.350,2.653
1459.375,4.051
1459.400,4.342
1459.425,3.606
1459.450,3.400
1459.475,4.352
1459.500,3.288
1459.525,5.414
1459.550,5.949
1459.575,3.954
1459.600,4.772
1459.625,3.610
1459.650,4.010
1459.675,4.357
1459.700,2.564
1459.725,4.399
1459.750,3.891
1459.775,5.442
1459.800,3.941
1459.825,6.026
1459.850,6.203
1459.875,3.669
1459.900,5.469
1459.925,5.788
1459.950,6.301
1459.975,2.143
1460.000,4.408
1460.025,3.273
1460.050,7.438
1460.075,2.680
1460.100,5.785
1460.125,4.305
1460.150,4.267
1460.175,4.247
1460.200,4.700
1460.225,6.589
1460.250,5.709
1460.275,7.268
1460.300,4.575
1460.325,4.485
1460.350,4.306
1460.375,3.862
1460.400,6.081
1460.425,5.600
1460.450,4.964
1460.475,4.040
1460.500,2.340
1460.525,4.665
1460.550,3.999
1460.575,5.213
1460.600,5.483
1460.625,4.096
1460.650,5.634
1460.675,3.488
1460.700,5.406
1460.725,3.777
1460.750,4.370
1460.775,5.814
1460.800,3.908
1460.825,5.412
1460.850,4.139
1460.875,4.512
1460.900,6.621
1460.925,3.022
1460.950,5.526
1460.975,3.791
1461.000,5.433
1461.025,4.250
1461.050,2.363
1461.075,2.662
1461.100,2.424
1461.125,3.237
1461.150,4.536
1461.175,5.790
1461.200,4.974
1461.225,3.340
1461.250,6.410
1461.275,3.148
1461.300,2.265
1461.325,4.408
1461.350,4.796
1461.375,5.083
1461.400,3.359
1461.425,3.368
1461.450,3.540
1461.475,4.905
1461.500,3.079
1461.525,5.354
1461.550,4.917
1461.575,4.487
1461.600,7.246
1461.625,3.465
1461.650,5.445
1461.675,5.217
1461.700,6.380
1461.725,3.688
1461.750,6.300
1461.775,3.688
1461.800,4.153
1461.825,6.506
1461.850,4.328
1461.875,4.502
1461.900,2.896
1461.925,5.274
1461.950,3.363
1461.975,4.309
1462.000,4.222
1462.025,2.839
1462.050,3.303
1462.075,5.502
1462.100,2.928
1462.125,4.655
1462.150,4.912
1462.175,3.391
1462.200,3.717
1462.225,2.256
1462.250,3.618
1462.275,5.128
1462.300,7.676
1462.325,3.720
1462.350,4.613
1462.375,5.492
1462.400,3.536
1462.425,2.647
1462.450,5.252
1462.475,5.638
1462.500,6.247
1462.525,5.304
1462.550,3.385
1462.575,4.336
1462.600,1.988
1462.625,4.751
1462.650,2.648
1462.675,2.958
1462.700,3.343
1462.725,3.041
1462.750,5.566
1462.775,5.073
1462.800,2.608
1462.825,3.016
1462.850,4.638
1462.875,4.364
1462.900,7.033
1462.925,6.336
1462.950,5.459
1462.975,3.230
1463.000,3.522
1463.025,2.218
1463.050,3.049
1463.075,3.995
1463.100,3.511
1463.125,3.091
1463.150,3.343
1463.175,3.879
1463.200,6.734
1463.225,1.716
1463.250,4.783
1463.275,3.045
1463.300,5.465
1463.325,3.922
1463.350,2.457
1463.375,5.806
1463.400,1.971
1463.425,5.137
1463.450,3.107
1463.475,4.129
1463.500,6.061
1463.525,4.035
1463.550,4.005
1463.575,4.133
1463.600,4.948
1463.625,3.926
1463.650,3.084
1463.675,4.897
1463.700,4.554
1463.725,3.241
1463.750,2.856
1463.775,7.588
1463.800,5.793
1463.825,3.003
1463.850,5.136
1463.875,2.640
1463.900,6.566
1463.925,5.282
1463.950,4.352
1463.975,7.647
1464.000,4.188
1464.025,6.398
1464.050,4.838
1464.075,5.251
1464.100,5.860
1464.125,3.824
1464.150,5.081
1464.175,3.498
1464.200,3.852
1464.225,3.489
1464.250,3.188
1464.275,5.984
1464.300,4.580
1464.325,7.145
1464.350,3.010
1464.375,3.550
1464.400,3.877
1464.425,4.350
1464.450,4.290
1464.475,6.169
1464.500,5.761
1464.525,2.998
1464.550,5.815
1464.575,4.315
1464.600,4.903
1464.625,6.937
1464.650,3.315
1464.675,2.856
1464.700,6.551
1464.725,6.227
1464.750,3.316
1464.775,3.734
1464.800,3.446
1464.825,4.154
1464.850,4.495
1464.875,5.559
1464.900,3.635
1464.925,2.030
1464.950,5.083
1464.975,3.542
1465.000,4.671
1465.025,3.383
1465.050,5.957
1465.075,4.200
1465.100,4.908
1465.125,4.467
1465.150,4.875
1465.175,3.497
1465.200,3.008
1465.225,2.912
1465.250,4.225
1465.275,5.157
1465.300,3.537
1465.325,4.585
1465.350,4.177
1465.375,5.241
1465.400,5.577
1465.425,2.478
1465.450,4.877
1465.475,6.299
1465.500,4.159
1465.525,5.950
1465.550,4.261
1465.575,4.021
1465.600,5.768
1465.625,3.422
1465.650,5.737
1465.675,3.301
1465.700,4.825
1465.725,3.509
1465.750,7.031
1465.775,4.054
1465.800,5.329
1465.825,3.424
1465.850,2.669
1465.875,5.128
1465.900,3.421
1465.925,3.755
1465.950,4.090
1465.975,6.018
1466.000,2.825
1466.025,3.471
1466.050,5.549
1466.075,5.991
1466.100,5.522
1466.125,6.004
1466.150,3.968
1466.175,3.144
1466.200,7.084
1466.225,7.210
1466.250,6.424
1466.275,4.384
1466.300,4.092
1466.325,3.386
1466.350,4.278
1466.375,5.240
1466.400,3.140
1466.425,2.437
1466.450,6.835
1466.475,4.280
1466.500,5.209
1466.525,5.783
1466.550,7.316
1466.575,4.343
1466.600,5.952
1466.625,3.990
1466.650,6.690
1466.675,5.615
1466.700,2.447
1466.725,5.337
1466.750,2.361
1466.775,3.321
1466.800,5.759
1466.825,3.957
1466.850,3.503
1466.875,2.953
1466.900,3.970
1466.925,3.803
1466.950,3.819
1466.975,2.729
1467.000,5.182
1467.025,5.496
1467.050,4.331
1467.075,3.994
1467.100,4.782
1467.125,5.583
1467.150,6.801
1467.175,1.860
1467.200,3.530
1467.225,4.204
1467.250,2.405
1467.275,5.610
1467.300,3.906
1467.325,5.322
1467.350,7.002
1467.375,5.035
1467.400,3.994
1467.425,3.495
1467.450,1.747
1467.475,2.122
1467.500,3.408
1467.525,5.480
1467.550,2.801
1467.575,3.603
1467.600,3.613
1467.625,4.624
1467.650,5.074
1467.675,6.654
1467.700,6.093
1467.725,3.495
1467.750,3.756
1467.775,2.776
1467.800,3.569
1467.825,4.888
1467.850,5.573
1467.875,5.142
1467.900,2.221
1467.925,4.133
1467.950,1.957
1467.975,3.837
1468.000,1.505
1468.025,6.041
1468.050,4.853
1468.075,2.662
1468.100,3.825
1468.125,5.309
1468.150,7.372
1468.175,3.356
1468.200,3.887
1468.225,1.553
1468.250,4.453
1468.275,4.606
1468.300,6.082
1468.325,6.316
1468.350,2.877
1468.375,2.127
1468.400,6.307
1468.425,2.081
1468.450,3.827
1468.475,3.435
1468.500,3.922
1468.525,5.130
1468.550,3.451
1468.575,2.787
1468.600,4.761
1468.625,2.453
1468.650,2.757
1468.675,3.578
1468.700,5.814
1468.725,6.166
1468.750,6.312
1468.775,2.284
1468.800,3.275
1468.825,6.006
1468.850,4.892
1468.875,5.499
1468.900,4.573
1468.925,2.111
1468.950,2.917
1468.975,5.175
1469.000,5.064
1469.025,2.449
1469.050,5.114
1469.075,4.892
1469.100,5.255
1469.125,4.367
1469.150,4.263
1469.175,3.432
1469.200,1.370
1469.225,4.823
1469.250,3.819
1469.275,6.482
1469.300,6.869
1469.325,3.870
1469.350,2.800
1469.375,5.060
1469.400,6.897
1469.425,4.514
1469.450,7.626
1469.475,5.409
1469.500,6.010
1469.525,4.908
1469.550,2.401
1469.575,4.924
1469.600,3.100
1469.625,3.506
1469.650,3.590
1469.675,3.807
1469.700,3.492
1469.725,2.018
1469.750,6.228
1469.775,6.129
1469.800,3.529
1469.825,3.316
1469.850,1.444
1469.875,5.379
1469.900,7.267
1469.925,3.836
1469.950,4.829
1469.975,6.378
1470.000,6.639
1470.025,3.415
1470.050,4.147
1470.075,3.809
1470.100,4.818
1470.125,3.324
1470.150,4.804
1470.175,2.633
1470.200,1.828
1470.225,4.149
1470.250,4.561
1470.275,1.977
1470.300,4.512
1470.325,3.927
1470.350,4.680
1470.375,4.590
1470.400,2.229
1470.425,5.911
1470.450,3.488
1470.475,2.081
1470.500,4.359
1470.525,3.722
1470.550,3.808
1470.575,4.382
1470.600,4.014
1470.625,4.136
1470.650,6.982
1470.675,2.727
1470.700,6.450
1470.725,4.018
1470.750,3.044
1470.775,4.557
1470.800,5.979
1470.825,3.970
1470.850,4.424
1470.875,5.456
1470.900,5.123
1470.925,4.590
1470.950,4.222
1470.975,1.960
1471.000,6.163
1471.025,5.471
1471.050,3.441
1471.075,5.107
1471.100,3.424
1471.125,3.588
1471.150,2.620
1471.175,4.145
1471.200,5.403
1471.225,6.004
1471.250,1.552
1471.275,6.715
1471.300,5.264
1471.325,3.853
1471.350,3.316
1471.375,3.525
1471.400,2.953
1471.425,5.304
1471.450,4.194
1471.475,3.827
1471.500,4.037
1471.525,5.095
1471.550,3.120
1471.575,4.350
1471.600,2.566
1471.625,4.786
1471.650,1.847
1471.675,2.523
1471.700,2.529
1471.725,3.337
1471.750,3.536
1471.775,3.535
1471.800,4.377
1471.825,2.988
1471.850,3.237
1471.875,3.766
1471.900,1.793
1471.925,5.321
1471.950,3.256
1471.975,3.819
1472.000,1.965
1472.025,4.794
1472.050,4.119
1472.075,3.074
1472.100,5.683
1472.125,4.462
1472.150,2.331
1472.175,4.129
1472.200,1.339
1472.225,4.557
1472.250,4.631
1472.275,4.318
1472.300,5.841
1472.325,3.276
1472.350,5.286
1472.375,3.401
1472.400,4.520
1472.425,4.406
1472.450,3.954
1472.475,1.552
1472.500,3.577
1472.525,5.109
1472.550,5.695
1472.575,4.627
1472.600,4.813
1472.625,6.846
1472.650,4.876
1472.675,3.035
1472.700,6.763
1472.725,3.687
1472.750,4.939
1472.775,4.432
1472.800,4.172
1472.825,5.748
1472.850,3.779
1472.875,4.578
1472.900,7.198
1472.925,5.389
1472.950,6.062
1472.975,5.582
1473.000,5.212
1473.025,3.006
1473.050,4.816
1473.075,5.590
1473.100,4.200
1473.125,3.570
1473.150,6.494
1473.175,3.048
1473.200,5.099
1473.225,4.324
1473.250,4.277
1473.275,2.737
1473.300,3.781
1473.325,3.088
1473.350,2.672
1473.375,6.822
1473.400,3.736
1473.425,4.612
1473.450,3.827
1473.475,3.861
1473.500,3.755
1473.525,7.420
1473.550,3.289
1473.575,5.772
1473.600,2.147
1473.625,2.354
1473.650,3.409
1473.675,5.704
1473.700,5.039
1473.725,5.258
1473.750,2.917
1473.775,3.681
1473.800,5.482
1473.825,3.014
1473.850,2.592
1473.875,5.550
1473.900,3.851
1473.925,3.551
1473.950,2.193
1473.975,2.990
1474.000,2.922
1474.025,5.275
1474.050,6.355
1474.075,2.186
1474.100,5.350
1474.125,5.773
1474.150,6.309
1474.175,2.658
1474.200,5.842
1474.225,4.425
1474.250,3.348
1474.275,5.743
1474.300,6.182
1474.325,5.788
1474.350,3.219
1474.375,4.388
1474.400,4.126
1474.425,4.446
1474.450,4.745
1474.475,6.050
1474.500,3.122
1474.525,3.203
1474.550,5.061
1474.575,5.405
1474.600,3.577
1474.625,5.758
1474.650,5.159
1474.675,2.399
1474.700,6.236
1474.725,4.279
1474.750,4.628
1474.775,2.910
1474.800,5.867
1474.825,6.331
1474.850,3.929
1474.875,4.401
1474.900,3.604
1474.925,0.637
1474.950,3.791
1474.975,4.221
1475.000,5.068
1475.025,6.794
1475.050,3.817
1475.075,3.785
1475.100,4.191
1475.125,2.919
1475.150,5.328
1475.175,4.277
1475.200,8.829
1475.225,4.118
1475.250,2.821
1475.275,4.419
1475.300,3.321
1475.325,5.336
1475.350,5.237
1475.375,5.572
1475.400,5.097
1475.425,4.547
1475.450,4.862
1475.475,3.171
1475.500,3.952
1475.525,3.193
1475.550,2.641
1475.575,4.153
1475.600,4.747
1475.625,4.938
1475.650,3.116
1475.675,5.656
1475.700,3.470
1475.725,5.637
1475.750,5.799
1475.775,4.701
1475.800,3.209
1475.825,4.809
1475.850,5.214
1475.875,2.413
1475.900,4.928
1475.925,5.003
1475.950,6.065
1475.975,5.165
1476.000,6.223
1476.025,3.062
1476.050,7.783
1476.075,2.993
1476.100,3.505
1476.125,5.244
1476.150,5.871
1476.175,4.031
1476.200,5.945
1476.225,4.754
1476.250,2.083
1476.275,4.887
1476.300,3.792
1476.325,8.139
1476.350,1.679
1476.375,6.027
1476.400,6.453
1476.425,3.089
1476.450,4.663
1476.475,6.076
1476.500,2.899
1476.525,4.511
1476.550,3.269
1476.575,6.082
1476.600,6.475
1476.625,4.448
1476.650,4.945
1476.675,5.712
1476.700,5.157
1476.725,5.042
1476.750,4.899
1476.775,3.690
1476.800,4.215
1476.825,4.809
1476.850,3.287
1476.875,3.890
1476.900,3.359
1476.925,5.136
1476.950,2.721
1476.975,3.914
1477.000,2.756
1477.025,3.584
1477.050,4.598
1477.075,4.654
1477.100,3.912
1477.125,4.489
1477.150,4.008
1477.175,5.981
1477.200,5.410
1477.225,2.950
1477.250,6.027
1477.275,4.365
1477.300,5.283
1477.325,6.595
1477.350,2.854
1477.375,5.827
1477.400,5.497
1477.425,3.092
1477.450,5.333
1477.475,3.035
1477.500,4.131
1477.525,4.984
1477.550,2.505
1477.575,4.454
1477.600,4.571
1477.625,3.473
1477.650,3.451
1477.675,4.364
1477.700,3.060
1477.725,5.134
1477.750,2.186
1477.775,4.894
1477.800,2.963
1477.825,3.717
1477.850,6.010
1477.875,5.119
1477.900,5.443
1477.925,3.872
1477.950,3.260
1477.975,5.577
1478.000,4.496
1478.025,4.788
1478.050,6.169
1478.075,2.996
1478.100,4.944
1478.125,4.546
1478.150,4.564
1478.175,4.541
1478.200,4.080
1478.225,5.153
1478.250,4.465
1478.275,3.733
1478.300,3.702
1478.325,4.323
1478.350,5.688
1478.375,2.162
1478.400,3.223
1478.425,7.621
1478.450,5.339
1478.475,2.087
1478.500,5.382
1478.525,2.596
1478.550,3.343
1478.575,2.404
1478.600,4.042
1478.625,3.019
1478.650,8.915
1478.675,5.158
1478.700,4.790
1478.725,3.690
1478.750,3.991
1478.775,3.513
1478.800,4.262
1478.825,5.008
1478.850,4.493
1478.875,5.254
1478.900,4.100
1478.925,3.021
1478.950,3.329
1478.975,6.205
1479.000,6.559
1479.025,4.671
1479.050,6.013
1479.075,3.150
1479.100,3.614
1479.125,5.460
1479.150,4.386
1479.175,4.537
1479.200,1.250
1479.225,3.539
1479.250,6.674
1479.275,6.425
1479.300,2.428
1479.325,5.203
1479.350,3.572
1479.375,4.212
1479.400,3.658
1479.425,3.766
1479.450,3.688
1479.475,5.092
1479.500,3.891
1479.525,2.881
1479.550,3.739
1479.575,5.815
1479.600,3.943
1479.625,3.736
1479.650,4.310
1479.675,3.598
1479.700,5.824
1479.725,5.142
1479.750,5.361
1479.775,2.044
1479.800,3.258
1479.825,2.372
1479.850,4.184
1479.875,4.880
1479.900,4.623
1479.925,3.741
1479.950,3.788
1479.975,5.519
1480.000,4.600
1480.025,4.228
1480.050,6.622
1480.075,4.160
1480.100,1.811
1480.125,4.859
1480.150,3.036
1480.175,4.065
1480.200,5.475
1480.225,5.472
1480.250,3.736
1480.275,3.407
1480.300,3.327
1480.325,3.856
1480.350,3.954
1480.375,4.658
1480.400,4.829
1480.425,5.222
1480.450,5.600
1480.475,2.412
1480.500,5.169
1480.525,6.773
1480.550,5.432
1480.575,3.475
1480.600,4.526
1480.625,2.299
1480.650,3.431
1480.675,3.318
1480.700,5.608
1480.725,3.452
1480.750,5.208
1480.775,5.788
1480.800,5.547
1480.825,4.059
1480.850,3.737
1480.875,5.690
1480.900,3.806
1480.925,2.206
1480.950,5.033
1480.975,4.722
1481.000,3.992
1481.025,4.038
1481.050,4.773
1481.075,3.891
1481.100,3.447
1481.125,4.373
1481.150,4.351
1481.175,4.253
1481.200,4.405
1481.225,6.283
1481.250,4.876
1481.275,4.735
1481.300,4.158
1481.325,6.130
1481.350,3.612
1481.375,1.656
1481.400,2.998
1481.425,6.675
1481.450,4.722
1481.475,3.918
1481.500,3.354
1481.525,6.199
1481.550,5.108
1481.575,4.974
1481.600,4.502
1481.625,2.790
1481.650,4.673
1481.675,2.521
1481.700,3.771
1481.725,3.306
1481.750,2.322
1481.775,5.373
1481.800,4.278
1481.825,4.154
1481.850,4.908
1481.875,2.482
1481.900,2.900
1481.925,2.627
1481.950,4.414
1481.975,3.808
1482.000,4.141
1482.025,4.653
1482.050,2.549
1482.075,3.777
1482.100,4.446
1482.125,4.470
1482.150,6.430
1482.175,4.746
1482.200,5.116
1482.225,4.957
1482.250,3.405
1482.275,6.592
1482.300,3.010
1482.325,7.391
1482.350,1.927
1482.375,2.641
1482.400,4.806
1482.425,4.287
1482.450,4.756
1482.475,5.622
1482.500,5.455
1482.525,5.627
1482.550,2.264
1482.575,5.518
1482.600,6.583
1482.625,6.230
1482.650,4.182
1482.675,3.428
1482.700,5.433
1482.725,3.510
1482.750,5.177
1482.775,4.236
1482.800,4.110
1482.825,6.087
1482.850,2.213
1482.875,4.285
1482.900,6.242
1482.925,3.975
1482.950,4.408
1482.975,5.245
1483.000,5.630
1483.025,2.773
1483.050,6.654
1483.075,1.732
1483.100,5.371
1483.125,2.923
1483.150,4.172
1483.175,6.516
1483.200,3.085
1483.225,6.530
1483.250,2.719
1483.275,3.003
1483.300,3.166
1483.325,2.012
1483.350,6.582
1483.375,4.198
1483.400,2.835
1483.425,4.667
1483.450,7.083
1483.475,4.724
1483.500,5.203
1483.525,5.982
1483.550,4.249
1483.575,4.685
1483.600,6.381
1483.625,2.625
1483.650,5.612
1483.675,6.262
1483.700,2.902
1483.725,4.081
1483.750,3.578
1483.775,6.602
1483.800,5.627
1483.825,4.542
1483.850,4.727
1483.875,2.907
1483.900,4.655
1483.925,3.472
1483.950,5.310
1483.975,6.417
1484.000,2.046
1484.025,3.730
1484.050,3.550
1484.075,3.633
1484.100,3.170
1484.125,3.892
1484.150,5.684
1484.175,6.391
1484.200,4.876
1484.225,5.323
1484.250,1.920
1484.275,3.264
1484.300,7.355
1484.325,4.955
1484.350,3.771
1484.375,6.688
1484.400,3.589
1484.425,8.479
1484.450,4.007
1484.475,2.925
1484.500,2.179
1484.525,5.230
1484.550,4.002
1484.575,3.270
1484.600,4.042
1484.625,6.024
1484.650,3.727
1484.675,3.726
1484.700,4.992
1484.725,5.207
1484.750,5.715
1484.775,5.275
1484.800,5.262
1484.825,2.844
1484.850,3.786
1484.875,4.360
1484.900,1.784
1484.925,4.639
1484.950,4.506
1484.975,2.735
1485.000,3.318
1485.025,4.715
1485.050,3.200
1485.075,5.268
1485.100,4.435
1485.125,3.261
1485.150,2.053
1485.175,5.407
1485.200,2.567
1485.225,2.143
1485.250,2.253
1485.275,3.978
1485.300,2.787
1485.325,6.737
1485.350,3.920
1485.375,4.073
1485.400,6.050
1485.425,5.161
1485.450,4.376
1485.475,4.287
1485.500,5.495
1485.525,6.256
1485.550,3.602
1485.575,4.129
1485.600,4.159
1485.625,5.119
1485.650,5.222
1485.675,2.973
1485.700,5.150
1485.725,6.782
1485.750,5.718
1485.775,2.800
1485.800,5.598
1485.825,7.129
1485.850,4.149
1485.875,2.699
1485.900,2.922
1485.925,4.586
1485.950,5.072
1485.975,2.836
1486.000,5.294
1486.025,3.697
1486.050,5.297
1486.075,7.945
1486.100,4.686
1486.125,2.922
1486.150,3.775
1486.175,4.116
1486.200,3.882
1486.225,4.155
1486.250,3.190
1486.275,3.232
1486.300,3.545
1486.325,3.121
1486.350,4.311
1486.375,2.837
1486.400,4.211
1486.425,3.270
1486.450,3.224
1486.475,6.662
1486.500,4.030
1486.525,4.741
1486.550,2.087
1486.575,4.342
1486.600,4.719
1486.625,3.933
1486.650,3.650
1486.675,5.089
1486.700,3.310
1486.725,4.410
1486.750,4.487
1486.775,3.985
1486.800,5.134
1486.825,2.987
1486.850,4.855
1486.875,4.008
1486.900,5.158
1486.925,3.898
1486.950,3.206
1486.975,5.326
1487.000,4.568
1487.025,3.227
1487.050,3.325
1487.075,4.643
1487.100,5.036
1487.125,3.204
1487.150,4.098
1487.175,5.964
1487.200,4.739
1487.225,3.218
1487.250,6.478
1487.275,3.942
1487.300,3.334
1487.325,3.998
1487.350,3.241
1487.375,6.327
1487.400,6.598
1487.425,3.981
1487.450,5.621
1487.475,3.198
1487.500,4.568
1487.525,5.851
1487.550,4.970
1487.575,6.756
1487.600,2.959
1487.625,4.178
1487.650,8.853
1487.675,1.830
1487.700,3.211
1487.725,3.145
1487.750,3.268
1487.775,4.880
1487.800,3.691
1487.825,4.555
1487.850,3.212
1487.875,2.617
1487.900,6.224
1487.925,3.282
1487.950,1.735
1487.975,4.079
1488.000,5.031
1488.025,5.421
1488.050,4.113
1488.075,4.112
1488.100,5.201
1488.125,3.003
1488.150,4.793
1488.175,3.769
1488.200,4.499
1488.225,4.906
1488.250,3.955
1488.275,8.920
1488.300,6.262
1488.325,4.308
1488.350,5.150
1488.375,5.600
1488.400,3.669
1488.425,5.292
1488.450,5.375
1488.475,5.002
1488.500,4.805
1488.525,4.455
1488.550,5.715
1488.575,3.712
1488.600,4.401
1488.625,3.886
1488.650,3.412
1488.675,6.835
1488.700,5.036
1488.725,7.296
1488.750,7.910
1488.775,3.646
1488.800,3.396
1488.825,5.126
1488.850,5.809
1488.875,2.259
1488.900,3.172
1488.925,3.998
1488.950,3.436
1488.975,1.691
1489.000,5.382
1489.025,5.459
1489.050,5.040
1489.075,3.968
1489.100,5.193
1489.125,5.098
1489.150,5.796
1489.175,3.601
1489.200,5.333
1489.225,4.502
1489.250,6.033
1489.275,2.138
1489.300,4.449
1489.325,2.136
1489.350,2.367
1489.375,2.361
1489.400,3.897
1489.425,3.199
1489.450,4.353
1489.475,3.990
1489.500,4.937
1489.525,2.187
1489.550,3.053
1489.575,3.594
1489.600,1.734
1489.625,3.288
1489.650,4.470
1489.675,2.726
1489.700,3.559
1489.725,2.461
1489.750,3.275
1489.775,4.367
1489.800,5.320
1489.825,4.262
1489.850,6.160
1489.875,6.592
1489.900,5.076
1489.925,4.633
1489.950,2.891
1489.975,5.718
1490.000,5.598
1490.025,2.848
1490.050,4.271
1490.075,6.159
1490.100,4.390
1490.125,3.479
1490.150,4.324
1490.175,3.827
1490.200,5.407
1490.225,4.335
1490.250,3.160
1490.275,2.426
1490.300,3.861
1490.325,4.077
1490.350,2.949
1490.375,5.407
1490.400,6.767
1490.425,4.044
1490.450,3.333
1490.475,4.636
1490.500,6.080
1490.525,4.150
1490.550,3.917
1490.575,2.759
1490.600,3.020
1490.625,4.528
1490.650,4.673
1490.675,3.911
1490.700,5.822
1490.725,4.293
1490.750,4.291
1490.775,4.345
1490.800,4.850
1490.825,2.397
1490.850,4.048
1490.875,4.690
1490.900,5.801
1490.925,4.411
1490.950,4.772
1490.975,4.759
1491.000,2.695
1491.025,5.161
1491.050,4.296
1491.075,3.281
1491.100,4.978
1491.125,6.489
1491.150,4.235
1491.175,3.586
1491.200,2.328
1491.225,3.778
1491.250,4.550
1491.275,6.409
1491.300,1.874
1491.325,3.361
1491.350,2.290
1491.375,6.302
1491.400,2.583
1491.425,3.419
1491.450,5.277
1491.475,4.330
1491.500,6.788
1491.525,3.766
1491.550,3.930
1491.575,3.619
1491.600,3.325
1491.625,2.996
1491.650,5.678
1491.675,4.274
1491.700,3.745
1491.725,3.881
1491.750,3.830
1491.775,1.797
1491.800,4.056
1491.825,2.842
1491.850,5.137
1491.875,5.736
1491.900,3.634
1491.925,3.989
1491.950,5.853
1491.975,4.451
1492.000,2.440
1492.025,4.953
1492.050,3.148
1492.075,3.688
1492.100,4.112
1492.125,4.907
1492.150,5.641
1492.175,3.678
1492.200,4.645
1492.225,3.416
1492.250,2.407
1492.275,7.595
1492.300,2.951
1492.325,5.279
1492.350,2.214
1492.375,4.572
1492.400,3.142
1492.425,3.472
1492.450,2.366
1492.475,5.285
1492.500,4.399
1492.525,5.215
1492.550,4.878
1492.575,3.351
1492.600,2.971
1492.625,5.427
1492.650,3.256
1492.675,5.713
1492.700,3.519
1492.725,5.135
1492.750,4.803
1492.775,3.906
1492.800,3.498
1492.825,3.101
1492.850,5.522
1492.875,6.069
1492.900,6.566
1492.925,2.820
1492.950,5.682
1492.975,1.544
1493.000,4.879
1493.025,3.120
1493.050,5.381
1493.075,4.235
1493.100,4.195
1493.125,4.230
1493.150,3.286
1493.175,6.139
1493.200,3.641
1493.225,4.556
1493.250,5.392
1493.275,2.754
1493.300,2.477
1493.325,3.710
1493.350,3.513
1493.375,3.020
1493.400,4.666
1493.425,6.289
1493.450,6.461
1493.475,3.796
1493.500,2.268
1493.525,2.084
1493.550,2.489
1493.575,5.203
1493.600,4.106
1493.625,5.717
1493.650,2.661
1493.675,4.474
1493.700,2.762
1493.725,7.632
1493.750,4.406
1493.775,3.432
1493.800,4.253
1493.825,2.529
1493.850,2.918
1493.875,4.225
1493.900,6.485
1493.925,4.374
1493.950,6.135
1493.975,6.980
1494.000,3.167
1494.025,9.360
1494.050,3.454
1494.075,3.434
1494.100,5.492
1494.125,2.468
1494.150,4.219
1494.175,4.407
1494.200,3.488
1494.225,4.556
1494.250,7.193
1494.275,4.180
1494.300,3.594
1494.325,6.319
1494.350,4.369
1494.375,5.462
1494.400,3.954
1494.425,2.576
1494.450,5.307
1494.475,5.800
1494.500,4.698
1494.525,5.132
1494.550,6.932
1494.575,6.259
1494.600,7.548
1494.625,5.365
1494.650,3.803
1494.675,4.859
1494.700,4.236
1494.725,3.648
1494.750,4.805
1494.775,3.975
1494.800,3.877
1494.825,3.430
1494.850,4.323
1494.875,5.793
1494.900,3.224
1494.925,2.618
1494.950,3.472
1494.975,4.024
1495.000,3.005
1495.025,2.398
1495.050,3.167
1495.075,4.344
1495.100,4.392
1495.125,5.901
1495.150,6.277
1495.175,3.239
1495.200,1.984
1495.225,2.947
1495.250,4.536
1495.275,2.778
1495.300,5.354
1495.325,6.905
1495.350,4.755
1495.375,5.654
1495.400,3.525
1495.425,5.206
1495.450,5.782
1495.475,2.988
1495.500,5.088
1495.525,3.307
1495.550,5.390
1495.575,3.329
1495.600,6.840
1495.625,6.707
1495.650,4.582
1495.675,4.584
1495.700,6.464
1495.725,3.596
1495.750,4.965
1495.775,6.860
1495.800,4.865
1495.825,3.646
1495.850,4.019
1495.875,4.616
1495.900,3.104
1495.925,2.464
1495.950,2.599
1495.975,4.676
1496.000,5.918
1496.025,3.916
1496.050,4.409
1496.075,4.289
1496.100,5.121
1496.125,2.740
1496.150,3.750
1496.175,3.397
1496.200,2.559
1496.225,3.581
1496.250,4.862
1496.275,4.676
1496.300,4.841
1496.325,4.655
1496.350,5.544
1496.375,5.308
1496.400,4.794
1496.425,4.073
1496.450,4.004
1496.475,3.276
1496.500,4.012
1496.525,7.156
1496.550,3.539
1496.575,5.305
1496.600,3.052
1496.625,3.054
1496.650,3.136
1496.675,4.209
1496.700,7.952
1496.725,4.440
1496.750,5.393
1496.775,6.137
1496.800,3.719
1496.825,4.386
1496.850,3.364
1496.875,5.993
1496.900,3.451
1496.925,8.264
1496.950,6.417
1496.975,3.386
1497.000,5.415
1497.025,3.857
1497.050,4.324
1497.075,4.775
1497.100,5.111
1497.125,5.836
1497.150,7.075
1497.175,3.711
1497.200,3.610
1497.225,3.022
1497.250,3.868
1497.275,6.189
1497.300,1.824
1497.325,6.518
1497.350,7.286
1497.375,5.614
1497.400,5.452
1497.425,5.465
1497.450,5.919
1497.475,6.187
1497.500,2.845
1497.525,5.098
1497.550,5.446
1497.575,8.278
1497.600,2.938
1497.625,4.797
1497.650,6.048
1497.675,1.647
1497.700,5.269
1497.725,7.167
1497.750,3.204
1497.775,4.530
1497.800,7.302
1497.825,3.725
1497.850,4.863
1497.875,2.747
1497.900,1.528
1497.925,4.296
1497.950,5.002
1497.975,5.455
1498.000,3.811
1498.025,3.054
1498.050,5.778
1498.075,5.104
1498.100,6.536
1498.125,3.634
1498.150,3.808
1498.175,4.854
1498.200,6.416
1498.225,3.726
1498.250,4.929
1498.275,4.976
1498.300,4.366
1498.325,3.490
1498.350,2.834
1498.375,6.981
1498.400,4.320
1498.425,5.345
1498.450,6.654
1498.475,3.656
1498.500,3.592
1498.525,3.701
1498.550,3.823
1498.575,4.764
1498.600,5.319
1498.625,5.257
1498.650,4.703
1498.675,4.225
1498.700,3.044
1498.725,4.626
1498.750,5.767
1498.775,6.679
1498.800,3.410
1498.825,2.797
1498.850,4.042
1498.875,4.793
1498.900,2.770
1498.925,5.804
1498.950,6.067
1498.975,2.738
1499.000,4.816
1499.025,3.802
1499.050,4.075
1499.075,6.680
1499.100,3.202
1499.125,7.948
1499.150,4.831
1499.175,6.791
1499.200,5.647
1499.225,6.303
1499.250,4.228
1499.275,4.834
1499.300,5.074
1499.325,3.597
1499.350,6.242
1499.375,8.191
1499.400,3.168
1499.425,2.802
1499.450,5.061
1499.475,3.126
1499.500,3.773
1499.525,5.039
1499.550,2.273
1499.575,2.122
1499.600,5.349
1499.625,1.914
1499.650,4.006
1499.675,4.046
1499.700,7.045
1499.725,2.229
1499.750,5.053
1499.775,6.074
1499.800,2.721
1499.825,5.671
1499.850,6.339
1499.875,3.946
1499.900,5.343
1499.925,3.052
1499.950,4.088
1499.975,4.392
1500.000,3.715
1500.025,6.047
1500.050,3.072
1500.075,5.953
1500.100,3.216
1500.125,8.729
1500.150,4.431
1500.175,3.260
1500.200,5.687
1500.225,4.653
1500.250,5.024
1500.275,4.474
1500.300,4.137
1500.325,4.543
1500.350,3.272
1500.375,4.958
1500.400,1.627
1500.425,2.672
1500.450,4.768
1500.475,5.758
1500.500,4.619
1500.525,3.767
1500.550,2.745
1500.575,4.320
1500.600,4.060
1500.625,4.060
1500.650,2.728
1500.675,2.621
1500.700,3.175
1500.725,3.526
1500.750,5.242
1500.775,6.085
1500.800,3.278
1500.825,3.371
1500.850,4.575
1500.875,7.009
1500.900,3.979
1500.925,4.562
1500.950,6.832
1500.975,3.638
1501.000,3.379
1501.025,3.505
1501.050,4.754
1501.075,2.842
1501.100,6.331
1501.125,4.920
1501.150,2.800
1501.175,2.590
1501.200,6.150
1501.225,4.935
1501.250,4.802
1501.275,4.157
1501.300,4.160
1501.325,4.794
1501.350,3.609
1501.375,3.377
1501.400,3.893
1501.425,2.134
1501.450,4.773
1501.475,4.775
1501.500,4.006
1501.525,3.697
1501.550,5.316
1501.575,5.473
1501.600,2.072
1501.625,3.795
1501.650,3.871
1501.675,6.560
1501.700,2.467
1501.725,3.324
1501.750,4.163
1501.775,7.035
1501.800,4.100
1501.825,5.141
1501.850,3.240
1501.875,2.138
1501.900,3.987
1501.925,6.668
1501.950,3.452
1501.975,2.253
1502.000,5.502
1502.025,3.860
1502.050,3.315
1502.075,5.452
1502.100,2.967
1502.125,2.910
1502.150,5.346
1502.175,6.133
1502.200,4.824
1502.225,6.932
1502.250,4.429
1502.275,3.322
1502.300,4.307
1502.325,7.181
1502.350,5.364
1502.375,6.288
1502.400,4.299
1502.425,5.488
1502.450,3.911
1502.475,4.748
1502.500,3.865
1502.525,3.885
1502.550,3.624
1502.575,4.447
1502.600,2.787
1502.625,3.806
1502.650,5.187
1502.675,4.761
1502.700,3.440
1502.725,5.277
1502.750,7.062
1502.775,3.019
1502.800,8.893
1502.825,7.287
1502.850,4.060
1502.875,3.039
1502.900,3.904
1502.925,5.084
1502.950,1.345
1502.975,2.427
1503.000,7.686
1503.025,4.174
1503.050,5.053
1503.075,4.799
1503.100,2.090
1503.125,2.535
1503.150,5.272
1503.175,6.410
1503.200,3.560
1503.225,5.151
1503.250,3.735
1503.275,3.507
1503.300,2.733
1503.325,3.077
1503.350,2.534
1503.375,2.985
1503.400,4.925
1503.425,4.152
1503.450,4.528
1503.475,7.071
1503.500,5.080
1503.525,3.064
1503.550,2.920
1503.575,4.208
1503.600,3.818
1503.625,1.529
1503.650,2.841
1503.675,2.742
1503.700,4.260
1503.725,3.921
1503.750,5.218
1503.775,4.890
1503.800,3.926
1503.825,5.121
1503.850,6.720
1503.875,4.548
1503.900,4.142
1503.925,2.743
1503.950,4.991
1503.975,5.473
1504.000,5.786
1504.025,3.139
1504.050,4.279
1504.075,4.187
1504.100,4.013
1504.125,3.019
1504.150,2.923
1504.175,4.763
1504.200,3.248
1504.225,1.824
1504.250,4.839
1504.275,6.219
1504.300,2.411
1504.325,3.889
1504.350,3.248
1504.375,3.406
1504.400,2.907
1504.425,3.857
1504.450,2.914
1504.475,3.173
1504.500,2.935
1504.525,1.915
1504.550,3.572
1504.575,4.026
1504.600,3.704
1504.625,4.823
1504.650,4.021
1504.675,7.257
1504.700,7.208
1504.725,4.985
1504.750,4.701
1504.775,5.004
1504.800,2.790
1504.825,3.279
1504.850,4.108
1504.875,2.192
1504.900,6.225
1504.925,4.751
1504.950,3.828
1504.975,5.561
1505.000,5.834
1505.025,3.623
1505.050,4.110
1505.075,4.548
1505.100,3.215
1505.125,4.499
1505.150,4.386
1505.175,3.065
1505.200,6.941
1505.225,4.455
1505.250,3.074
1505.275,2.854
1505.300,2.407
1505.325,5.205
1505.350,5.248
1505.375,5.708
1505.400,5.319
1505.425,2.708
1505.450,4.878
1505.475,6.410
1505.500,3.026
1505.525,3.990
1505.550,2.060
1505.575,2.728
1505.600,4.055
1505.625,5.796
1505.650,6.305
1505.675,3.178
1505.700,5.213
1505.725,4.170
1505.750,4.066
1505.775,4.113
1505.800,4.219
1505.825,5.255
1505.850,2.370
1505.875,4.156
1505.900,4.204
1505.925,2.543
1505.950,4.410
1505.975,3.388
1506.000,6.082
1506.025,6.494
1506.050,3.312
1506.075,2.513
1506.100,3.043
1506.125,5.414
1506.150,3.474
1506.175,3.175
1506.200,3.123
1506.225,4.733
1506.250,5.039
1506.275,5.577
1506.300,5.238
1506.325,3.215
1506.350,5.217
1506.375,2.905
1506.400,3.195
1506.425,4.885
1506.450,5.297
1506.475,3.689
1506.500,5.604
1506.525,6.235
1506.550,2.977
1506.575,2.873
1506.600,4.801
1506.625,4.886
1506.650,6.451
1506.675,3.258
1506.700,3.221
1506.725,4.081
1506.750,1.756
1506.775,6.310
1506.800,5.358
1506.825,3.536
1506.850,7.130
1506.875,4.402
1506.900,8.263
1506.925,3.917
1506.950,4.376
1506.975,2.753
1507.000,3.810
1507.025,1.869
1507.050,3.215
1507.075,6.508
1507.100,3.045
1507.125,5.911
1507.150,4.042
1507.175,4.939
1507.200,3.635
1507.225,4.499
1507.250,2.859
1507.275,1.637
1507.300,6.189
1507.325,7.591
1507.350,6.718
1507.375,6.034
1507.400,3.828
1507.425,6.543
1507.450,4.581
1507.475,5.339
1507.500,1.937
1507.525,3.964
1507.550,2.923
1507.575,6.328
1507.600,6.238
1507.625,4.886
1507.650,4.627
1507.675,3.322
1507.700,3.544
1507.725,3.178
1507.750,2.364
1507.775,3.290
1507.800,2.528
1507.825,4.019
1507.850,4.783
1507.875,5.074
1507.900,3.514
1507.925,8.023
1507.950,4.829
1507.975,3.905
1508.000,3.055
1508.025,5.925
1508.050,2.343
1508.075,4.073
1508.100,5.172
1508.125,5.223
1508.150,2.896
1508.175,5.599
1508.200,2.845
1508.225,5.026
1508.250,4.846
1508.275,2.074
1508.300,5.670
1508.325,2.223
1508.350,4.054
1508.375,5.256
1508.400,4.641
1508.425,4.199
1508.450,6.270
1508.475,4.971
1508.500,6.210
1508.525,5.021
1508.550,5.029
1508.575,4.229
1508.600,2.428
1508.625,4.621
1508.650,3.589
1508.675,3.881
1508.700,2.783
1508.725,2.169
1508.750,4.485
1508.775,5.742
1508.800,4.948
1508.825,7.263
1508.850,2.682
1508.875,3.164
1508.900,2.692
1508.925,4.419
1508.950,3.129
1508.975,4.093
1509.000,4.904
1509.025,1.881
1509.050,2.776
1509.075,5.635
1509.100,4.334
1509.125,6.993
1509.150,6.600
1509.175,5.460
1509.200,6.329
1509.225,2.348
1509.250,2.500
1509.275,5.449
1509.300,5.535
1509.325,4.962
1509.350,2.751
1509.375,3.726
1509.400,2.784
1509.425,4.528
1509.450,4.084
1509.475,2.990
1509.500,3.667
1509.525,5.268
1509.550,6.550
1509.575,3.194
1509.600,2.553
1509.625,3.022
1509.650,3.335
1509.675,2.502
1509.700,4.509
1509.725,5.641
1509.750,3.450
1509.775,3.567
1509.800,5.160
1509.825,5.734
1509.850,3.580
1509.875,5.006
1509.900,5.815
1509.925,4.497
1509.950,5.699
1509.975,6.220
1510.000,2.815
1510.025,3.520
1510.050,4.667
1510.075,6.387
1510.100,5.180
1510.125,5.668
1510.150,3.192
1510.175,2.871
1510.200,2.780
1510.225,5.518
1510.250,5.168
1510.275,4.506
1510.300,4.971
1510.325,3.642
1510.350,2.701
1510.375,3.688
1510.400,3.506
1510.425,5.327
1510.450,4.516
1510.475,2.515
1510.500,3.879
1510.525,8.583
1510.550,5.385
1510.575,5.576
1510.600,6.043
1510.625,4.255
1510.650,3.688
1510.675,4.390
1510.700,4.343
1510.725,4.961
1510.750,2.748
1510.775,4.511
1510.800,4.892
1510.825,5.210
1510.850,6.864
1510.875,4.129
1510.900,4.888
1510.925,3.881
1510.950,5.992
1510.975,1.994
1511.000,2.988
1511.025,6.394
1511.050,4.098
1511.075,7.061
1511.100,5.420
1511.125,2.666
1511.150,1.983
1511.175,4.352
1511.200,4.618
1511.225,4.086
1511.250,4.941
1511.275,4.337
1511.300,3.093
1511.325,4.132
1511.350,5.147
1511.375,4.419
1511.400,3.348
1511.425,4.599
1511.450,4.131
1511.475,3.446
1511.500,4.250
1511.525,2.773
1511.550,3.112
1511.575,4.572
1511.600,3.431
1511.625,3.953
1511.650,8.031
1511.675,6.260
1511.700,3.454
1511.725,2.782
1511.750,3.487
1511.775,5.907
1511.800,3.892
1511.825,4.522
1511.850,4.570
1511.875,4.384
1511.900,6.356
1511.925,1.128
1511.950,4.432
1511.975,4.378
1512.000,4.526
1512.025,3.179
1512.050,4.660
1512.075,2.338
1512.100,5.549
1512.125,5.578
1512.150,2.575
1512.175,6.399
1512.200,3.704
1512.225,7.315
1512.250,4.373
1512.275,5.035
1512.300,3.082
1512.325,4.293
1512.350,4.969
1512.375,3.859
1512.400,3.679
1512.425,6.318
1512.450,6.390
1512.475,4.092
1512.500,4.649
1512.525,5.381
1512.550,8.023
1512.575,4.093
1512.600,3.832
1512.625,5.930
1512.650,2.109
1512.675,4.287
1512.700,5.623
1512.725,5.447
1512.750,4.439
1512.775,2.969
1512.800,2.890
1512.825,4.613
1512.850,5.136
1512.875,3.184
1512.900,4.069
1512.925,1.529
1512.950,5.228
1512.975,6.254
1513.000,4.640
1513.025,5.536
1513.050,4.294
1513.075,6.693
1513.100,1.426
1513.125,2.953
1513.150,6.601
1513.175,7.659
1513.200,3.585
1513.225,4.532
1513.250,3.307
1513.275,7.776
1513.300,4.598
1513.325,4.152
1513.350,6.357
1513.375,3.993
1513.400,5.120
1513.425,6.746
1513.450,4.026
1513.475,2.784
1513.500,3.121
1513.525,4.502
1513.550,2.101
1513.575,4.451
1513.600,4.454
1513.625,3.918
1513.650,6.424
1513.675,6.363
1513.700,3.175
1513.725,3.528
1513.750,5.169
1513.775,3.402
1513.800,4.673
1513.825,6.553
1513.850,1.874
1513.875,6.508
1513.900,7.191
1513.925,2.946
1513.950,3.812
1513.975,2.047
1514.000,2.803
1514.025,5.477
1514.050,4.571
1514.075,3.265
1514.100,4.875
1514.125,5.378
1514.150,4.020
1514.175,5.361
1514.200,8.613
1514.225,3.194
1514.250,3.904
1514.275,3.885
1514.300,6.457
1514.325,4.290
1514.350,6.019
1514.375,3.460
1514.400,5.526
1514.425,7.654
1514.450,3.428
1514.475,3.481
1514.500,3.766
1514.525,6.014
1514.550,4.371
1514.575,5.837
1514.600,4.073
1514.625,6.272
1514.650,3.696
1514.675,2.636
1514.700,4.765
1514.725,4.795
1514.750,3.125
1514.775,2.962
1514.800,6.109
1514.825,3.320
1514.850,2.692
1514.875,4.339
1514.900,2.382
1514.925,5.898
1514.950,4.235
1514.975,5.797
1515.000,6.797
1515.025,3.674
1515.050,4.623
1515.075,3.422
1515.100,4.030
1515.125,4.099
1515.150,5.994
1515.175,3.248
1515.200,5.323
1515.225,3.045
1515.250,7.168
1515.275,4.067
1515.300,5.847
1515.325,5.575
1515.350,2.708
1515.375,6.817
1515.400,7.314
1515.425,5.036
1515.450,4.258
1515.475,3.312
1515.500,3.916
1515.525,6.672
1515.550,4.006
1515.575,3.255
1515.600,2.608
1515.625,4.158
1515.650,2.789
1515.675,4.097
1515.700,5.546
1515.725,3.349
1515.750,5.632
1515.775,1.873
1515.800,4.899
1515.825,6.622
1515.850,4.303
1515.875,4.945
1515.900,4.983
1515.925,5.307
1515.950,4.371
1515.975,2.004
1516.000,2.748
1516.025,2.680
1516.050,4.258
1516.075,3.200
1516.100,3.444
1516.125,5.411
1516.150,4.373
1516.175,4.599
1516.200,4.333
1516.225,2.049
1516.250,3.071
1516.275,4.532
1516.300,5.181
1516.325,3.689
1516.350,6.334
1516.375,4.537
1516.400,6.203
1516.425,4.786
1516.450,6.730
1516.475,1.845
1516.500,5.439
1516.525,6.646
1516.550,5.130
1516.575,5.452
1516.600,3.377
1516.625,5.385
1516.650,4.402
1516.675,6.279
1516.700,3.525
1516.725,4.484
1516.750,4.634
1516.775,3.489
1516.800,4.937
1516.825,3.330
1516.850,1.559
1516.875,5.296
1516.900,3.469
1516.925,6.260
1516.950,6.466
1516.975,5.905
1517.000,4.241
1517.025,4.337
1517.050,4.860
1517.075,2.096
1517.100,5.192
1517.125,3.971
1517.150,5.266
1517.175,4.357
1517.200,5.269
1517.225,5.678
1517.250,3.964
1517.275,3.068
1517.300,2.137
1517.325,4.861
1517.350,4.260
1517.375,5.047
1517.400,3.905
1517.425,3.512
1517.450,2.002
1517.475,3.431
1517.500,5.065
1517.525,3.674
1517.550,3.973
1517.575,6.407
1517.600,6.337
1517.625,4.975
1517.650,5.774
1517.675,2.088
1517.700,5.418
1517.725,4.907
1517.750,3.682
1517.775,4.785
1517.800,4.979
1517.825,3.731
1517.850,5.990
1517.875,4.319
1517.900,3.877
1517.925,2.963
1517.950,3.671
1517.975,3.883
1518.000,5.960
1518.025,7.629
1518.050,5.549
1518.075,5.308
1518.100,5.596
1518.125,2.456
1518.150,3.622
1518.175,4.825
1518.200,6.201
1518.225,4.454
1518.250,4.237
1518.275,4.470
1518.300,3.318
1518.325,2.621
1518.350,3.269
1518.375,6.530
1518.400,3.055
1518.425,4.239
1518.450,3.181
1518.475,4.223
1518.500,7.562
1518.525,3.132
1518.550,4.320
1518.575,2.094
1518.600,4.520
1518.625,3.724
1518.650,3.797
1518.675,2.424
1518.700,5.585
1518.725,5.002
1518.750,3.400
1518.775,4.222
1518.800,8.779
1518.825,2.025
1518.850,3.069
1518.875,4.075
1518.900,2.029
1518.925,5.625
1518.950,3.868
1518.975,3.884
1519.000,7.052
1519.025,4.488
1519.050,4.179
1519.075,5.480
1519.100,6.359
1519.125,4.978
1519.150,5.120
1519.175,5.999
1519.200,3.688
1519.225,2.763
1519.250,5.416
1519.275,5.207
1519.300,2.905
1519.325,8.189
1519.350,3.285
1519.375,3.505
1519.400,7.468
1519.425,4.754
1519.450,4.880
1519.475,3.241
1519.500,3.395
1519.525,5.007
1519.550,3.971
1519.575,3.892
1519.600,1.478
1519.625,5.374
1519.650,1.928
1519.675,3.500
1519.700,3.030
1519.725,4.090
1519.750,4.606
1519.775,3.993
1519.800,3.466
1519.825,4.005
1519.850,4.017
1519.875,4.572
1519.900,6.805
1519.925,4.588
1519.950,2.522
1519.975,3.159
1520.000,4.322
1520.025,6.070
1520.050,5.178
1520.075,5.526
1520.100,5.204
1520.125,6.710
1520.150,3.525
1520.175,6.952
1520.200,3.443
1520.225,3.491
1520.250,5.749
1520.275,5.239
1520.300,3.611
1520.325,3.165
1520.350,3.239
1520.375,3.101
1520.400,4.674
1520.425,6.649
1520.450,1.924
1520.475,4.344
1520.500,3.898
1520.525,5.058
1520.550,7.517
1520.575,7.321
1520.600,6.412
1520.625,2.566
1520.650,5.737
1520.675,2.088
1520.700,3.699
1520.725,4.677
1520.750,5.934
1520.775,5.635
1520.800,2.545
1520.825,5.729
1520.850,4.683
1520.875,3.848
1520.900,3.064
1520.925,2.981
1520.950,1.651
1520.975,6.683
1521.000,3.521
1521.025,3.883
1521.050,2.975
1521.075,6.609
1521.100,3.471
1521.125,5.543
1521.150,7.887
1521.175,5.274
1521.200,4.531
1521.225,5.624
1521.250,7.009
1521.275,4.610
1521.300,4.895
1521.325,3.843
1521.350,1.845
1521.375,4.841
1521.400,4.038
1521.425,4.650
1521.450,2.437
1521.475,3.273
1521.500,4.525
1521.525,2.997
1521.550,4.320
1521.575,3.058
1521.600,3.775
1521.625,4.754
1521.650,3.383
1521.675,4.692
1521.700,5.961
1521.725,3.868
1521.750,2.718
1521.775,3.508
1521.800,5.455
1521.825,4.383
1521.850,5.249
1521.875,3.668
1521.900,3.572
1521.925,3.972
1521.950,5.402
1521.975,4.408
1522.000,6.375
1522.025,4.983
1522.050,3.649
1522.075,5.000
1522.100,3.527
1522.125,4.088
1522.150,4.858
1522.175,5.349
1522.200,4.022
1522.225,7.060
1522.250,4.849
1522.275,5.385
1522.300,6.677
1522.325,6.339
1522.350,3.520
1522.375,2.993
1522.400,2.638
1522.425,4.355
1522.450,5.496
1522.475,4.005
1522.500,2.988
1522.525,4.104
1522.550,2.561
1522.575,4.206
1522.600,4.258
1522.625,4.228
1522.650,7.145
1522.675,1.798
1522.700,3.324
1522.725,4.553
1522.750,6.175
1522.775,2.650
1522.800,3.392
1522.825,5.128
1522.850,4.009
1522.875,6.854
1522.900,4.226
1522.925,3.687
1522.950,6.181
1522.975,3.357
1523.000,4.208
1523.025,3.369
1523.050,3.712
1523.075,3.423
1523.100,3.216
1523.125,4.845
1523.150,6.085
1523.175,3.740
1523.200,2.789
1523.225,4.761
1523.250,3.214
1523.275,4.718
1523.300,4.950
1523.325,6.348
1523.350,2.749
1523.375,5.674
1523.400,4.374
1523.425,6.050
1523.450,7.650
1523.475,3.147
1523.500,7.931
1523.525,5.142
1523.550,5.957
1523.575,6.773
1523.600,4.019
1523.625,6.889
1523.650,3.444
1523.675,3.858
1523.700,4.549
1523.725,4.440
1523.750,4.831
1523.775,6.238
1523.800,3.809
1523.825,2.360
1523.850,3.046
1523.875,5.586
1523.900,3.942
1523.925,5.177
1523.950,5.220
1523.975,4.977
1524.000,5.310
1524.025,3.699
1524.050,4.394
1524.075,6.534
1524.100,4.248
1524.125,4.600
1524.150,2.909
1524.175,2.812
1524.200,2.308
1524.225,3.266
1524.250,2.720
1524.275,2.339
1524.300,5.835
1524.325,3.967
1524.350,4.292
1524.375,6.237
1524.400,2.415
1524.425,3.482
1524.450,5.288
1524.475,4.032
1524.500,4.480
1524.525,5.214
1524.550,4.426
1524.575,5.722
1524.600,5.589
1524.625,5.404
1524.650,5.816
1524.675,2.541
1524.700,3.006
1524.725,5.041
1524.750,1.590
1524.775,4.247
1524.800,4.258
1524.825,5.523
1524.850,3.434
1524.875,4.031
1524.900,2.330
1524.925,3.703
1524.950,6.576
1524.975,3.689
1525.000,2.459
1525.025,5.645
1525.050,3.248
1525.075,6.773
1525.100,3.001
1525.125,5.079
1525.150,2.116
1525.175,3.309
1525.200,2.166
1525.225,2.520
1525.250,3.423
1525.275,4.308
1525.300,4.469
1525.325,6.582
1525.350,3.602
1525.375,5.625
1525.400,2.854
1525.425,4.017
1525.450,5.612
1525.475,5.175
1525.500,4.882
1525.525,4.360
1525.550,6.375
1525.575,3.054
1525.600,4.444
1525.625,3.190
1525.650,4.315
1525.675,5.110
1525.700,4.324
1525.725,4.325
1525.750,4.259
1525.775,3.923
1525.800,6.863
1525.825,2.213
1525.850,4.256
1525.875,5.084
1525.900,4.718
1525.925,5.873
1525.950,2.189
1525.975,2.831
1526.000,4.626
1526.025,6.227
1526.050,2.405
1526.075,5.331
1526.100,4.506
1526.125,4.980
1526.150,5.109
1526.175,3.803
1526.200,3.853
1526.225,5.637
1526.250,4.499
1526.275,3.934
1526.300,3.278
1526.325,3.115
1526.350,3.536
1526.375,4.053
1526.400,4.078
1526.425,5.218
1526.450,3.022
1526.475,3.262
1526.500,3.699
1526.525,2.468
1526.550,4.239
1526.575,2.928
1526.600,3.967
1526.625,6.588
1526.650,5.023
1526.675,3.278
1526.700,4.349
1526.725,4.245
1526.750,3.697
1526.775,6.260
1526.800,3.563
1526.825,4.938
1526.850,2.748
1526.875,3.808
1526.900,4.292
1526.925,3.361
1526.950,6.563
1526.975,2.063
1527.000,2.591
1527.025,3.624
1527.050,2.422
1527.075,5.512
1527.100,2.296
1527.125,4.541
1527.150,5.939
1527.175,4.396
1527.200,3.694
1527.225,5.879
1527.250,3.409
1527.275,6.631
1527.300,4.392
1527.325,5.221
1527.350,5.208
1527.375,3.158
1527.400,1.078
1527.425,4.251
1527.450,1.930
1527.475,5.059
1527.500,5.889
1527.525,3.474
1527.550,3.077
1527.575,5.732
1527.600,4.891
1527.625,2.768
1527.650,2.832
1527.675,4.125
1527.700,2.396
1527.725,4.677
1527.750,3.870
1527.775,4.089
1527.800,5.554
1527.825,4.167
1527.850,1.603
1527.875,7.523
1527.900,3.019
1527.925,5.729
1527.950,5.255
1527.975,5.371
1528.000,3.057
1528.025,3.272
1528.050,4.468
1528.075,7.666
1528.100,4.413
1528.125,5.203
1528.150,2.889
1528.175,4.880
1528.200,5.984
1528.225,2.730
1528.250,3.677
1528.275,4.058
1528.300,3.727
1528.325,5.262
1528.350,3.719
1528.375,6.988
1528.400,4.863
1528.425,5.041
1528.450,3.436
1528.475,3.597
1528.500,4.120
1528.525,5.794
1528.550,3.599
1528.575,5.735
1528.600,6.449
1528.625,3.713
1528.650,2.956
1528.675,2.031
1528.700,1.780
1528.725,1.930
1528.750,3.257
1528.775,4.591
1528.800,1.888
1528.825,4.806
1528.850,4.255
1528.875,5.688
1528.900,3.328
1528.925,1.547
1528.950,1.831
1528.975,1.764
1529.000,5.082
1529.025,3.883
1529.050,5.585
1529.075,5.470
1529.100,5.314
1529.125,4.707
1529.150,4.078
1529.175,2.638
1529.200,3.386
1529.225,5.370
1529.250,5.329
1529.275,2.389
1529.300,4.530
1529.325,5.947
1529.350,8.704
1529.375,3.642
1529.400,5.086
1529.425,5.332
1529.450,3.436
1529.475,5.017
1529.500,4.192
1529.525,4.869
1529.550,1.724
1529.575,6.374
1529.600,5.034
1529.625,3.723
1529.650,2.940
1529.675,4.064
1529.700,3.692
1529.725,4.190
1529.750,3.143
1529.775,3.405
1529.800,5.191
1529.825,4.001
1529.850,4.821
1529.875,3.413
1529.900,4.186
1529.925,5.748
1529.950,5.128
1529.975,3.134
1530.000,3.815
1530.025,5.542
1530.050,3.486
1530.075,3.423
1530.100,6.548
1530.125,4.809
1530.150,2.473
1530.175,4.357
1530.200,4.486
1530.225,3.722
1530.250,3.453
1530.275,6.044
1530.300,4.651
1530.325,6.039
1530.350,4.572
1530.375,3.089
1530.400,4.853
1530.425,3.902
1530.450,2.260
1530.475,6.638
1530.500,5.187
1530.525,6.646
1530.550,5.241
1530.575,2.105
1530.600,1.890
1530.625,4.285
1530.650,5.653
1530.675,4.555
1530.700,2.259
1530.725,4.434
1530.750,3.044
1530.775,4.366
1530.800,3.061
1530.825,5.302
1530.850,4.453
1530.875,2.622
1530.900,3.274
1530.925,5.442
1530.950,2.810
1530.975,4.982
1531.000,2.663
1531.025,3.418
1531.050,4.756
1531.075,4.159
1531.100,5.331
1531.125,5.092
1531.150,4.553
1531.175,3.377
1531.200,2.959
1531.225,6.533
1531.250,5.333
1531.275,3.968
1531.300,4.068
1531.325,4.957
1531.350,4.960
1531.375,6.511
1531.400,3.414
1531.425,5.516
1531.450,6.351
1531.475,4.751
1531.500,6.620
1531.525,4.190
1531.550,6.364
1531.575,4.596
1531.600,2.526
1531.625,7.232
1531.650,3.688
1531.675,6.015
1531.700,3.635
1531.725,3.319
1531.750,7.816
1531.775,4.267
1531.800,6.113
1531.825,5.359
1531.850,5.736
1531.875,3.464
1531.900,3.636
1531.925,4.827
1531.950,2.928
1531.975,3.687
1532.000,5.136
1532.025,2.207
1532.050,5.468
1532.075,4.575
1532.100,2.106
1532.125,4.772
1532.150,3.648
1532.175,4.626
1532.200,3.384
1532.225,5.535
1532.250,3.218
1532.275,4.777
1532.300,7.477
1532.325,6.421
1532.350,5.826
1532.375,4.549
1532.400,3.324
1532.425,3.662
1532.450,4.614
1532.475,5.873
1532.500,5.094
1532.525,3.092
1532.550,4.749
1532.575,2.961
1532.600,4.834
1532.625,2.966
1532.650,4.334
1532.675,3.567
1532.700,4.614
1532.725,4.390
1532.750,4.150
1532.775,3.395
1532.800,3.139
1532.825,5.226
1532.850,4.382
1532.875,4.567
1532.900,2.335
1532.925,6.642
1532.950,4.232
1532.975,4.967
1533.000,6.197
1533.025,7.886
1533.050,5.945
1533.075,4.123
1533.100,3.981
1533.125,6.224
1533.150,3.926
1533.175,5.155
1533.200,6.857
1533.225,4.137
1533.250,3.659
1533.275,3.607
1533.300,4.468
1533.325,6.055
1533.350,4.105
1533.375,4.963
1533.400,4.360
1533.425,5.374
1533.450,3.437
1533.475,2.859
1533.500,4.081
1533.525,4.272
1533.550,6.337
1533.575,4.907
1533.600,4.023
1533.625,4.591
1533.650,2.399
1533.675,3.526
1533.700,2.209
1533.725,6.654
1533.750,3.753
1533.775,3.959
1533.800,4.901
1533.825,6.725
1533.850,5.121
1533.875,1.952
1533.900,3.598
1533.925,2.841
1533.950,2.830
1533.975,4.345
1534.000,4.628
1534.025,5.079
1534.050,6.078
1534.075,4.735
1534.100,6.284
1534.125,4.877
1534.150,8.016
1534.175,4.743
1534.200,6.038
1534.225,3.286
1534.250,3.384
1534.275,4.255
1534.300,2.807
1534.325,4.598
1534.350,2.332
1534.375,4.880
1534.400,5.070
1534.425,4.476
1534.450,3.182
1534.475,5.886
1534.500,6.517
1534.525,2.587
1534.550,3.843
1534.575,2.973
1534.600,3.672
1534.625,1.714
1534.650,4.675
1534.675,3.231
1534.700,4.474
1534.725,4.653
1534.750,6.526
1534.775,3.982
1534.800,4.040
1534.825,2.480
1534.850,4.971
1534.875,2.851
1534.900,4.489
1534.925,3.652
1534.950,2.369
1534.975,1.470
1535.000,5.669
1535.025,5.140
1535.050,3.706
1535.075,5.454
1535.100,5.519
1535.125,4.349
1535.150,6.109
1535.175,4.129
1535.200,4.066
1535.225,3.039
1535.250,2.966
1535.275,3.061
1535.300,3.147
1535.325,4.016
1535.350,4.068
1535.375,4.827
1535.400,5.577
1535.425,3.980
1535.450,5.915
1535.475,4.987
1535.500,4.302
1535.525,2.850
1535.550,7.502
1535.575,1.485
1535.600,5.561
1535.625,4.286
1535.650,5.834
1535.675,4.701
1535.700,5.936
1535.725,3.369
1535.750,4.518
1535.775,2.913
1535.800,6.024
1535.825,4.516
1535.850,6.928
1535.875,3.210
1535.900,4.177
1535.925,3.918
1535.950,4.976
1535.975,4.995
1536.000,4.127
1536.025,3.989
1536.050,5.204
1536.075,4.966
1536.100,3.612
1536.125,2.219
1536.150,2.349
1536.175,4.278
1536.200,3.275
1536.225,4.492
1536.250,4.945
1536.275,2.298
1536.300,4.821
1536.325,3.749
1536.350,3.735
1536.375,3.580
1536.400,3.475
1536.425,8.979
1536.450,6.937
1536.475,3.766
1536.500,5.032
1536.525,3.406
1536.550,4.694
1536.575,3.826
1536.600,6.780
1536.625,3.171
1536.650,4.421
1536.675,2.141
1536.700,5.108
1536.725,3.627
1536.750,5.014
1536.775,3.683
1536.800,5.340
1536.825,4.733
1536.850,2.351
1536.875,2.010
1536.900,4.753
1536.925,3.172
1536.950,4.334
1536.975,3.103
1537.000,2.591
1537.025,5.411
1537.050,2.639
1537.075,5.413
1537.100,4.082
1537.125,7.496
1537.150,3.775
1537.175,3.173
1537.200,3.143
1537.225,3.169
1537.250,4.064
1537.275,4.350
1537.300,5.563
1537.325,4.076
1537.350,7.352
1537.375,5.535
1537.400,4.599
1537.425,1.408
1537.450,2.244
1537.475,3.727
1537.500,6.588
1537.525,7.908
1537.550,5.567
1537.575,4.002
1537.600,4.139
1537.625,3.208
1537.650,4.001
1537.675,5.489
1537.700,5.210
1537.725,4.127
1537.750,4.540
1537.775,4.808
1537.800,3.997
1537.825,4.610
1537.850,3.098
1537.875,5.721
1537.900,4.607
1537.925,2.901
1537.950,5.664
1537.975,5.373
1538.000,3.108
1538.025,5.250
1538.050,5.482
1538.075,3.830
1538.100,3.724
1538.125,6.925
1538.150,2.867
1538.175,6.416
1538.200,2.458
1538.225,4.719
1538.250,5.198
1538.275,5.075
1538.300,6.255
1538.325,3.389
1538.350,2.833
1538.375,3.896
1538.400,2.442
1538.425,2.240
1538.450,4.339
1538.475,5.740
1538.500,3.851
1538.525,4.627
1538.550,6.514
1538.575,4.198
1538.600,5.714
1538.625,4.400
1538.650,3.354
1538.675,5.120
1538.700,4.565
1538.725,4.633
1538.750,4.036
1538.775,2.842
1538.800,4.464
1538.825,3.188
1538.850,2.058
1538.875,3.937
1538.900,3.380
1538.925,4.049
1538.950,4.405
1538.975,2.690
1539.000,5.733
1539.025,3.928
1539.050,4.025
1539.075,2.698
1539.100,3.055
1539.125,5.715
1539.150,1.967
1539.175,4.322
1539.200,3.833
1539.225,4.349
1539.250,4.650
1539.275,1.835
1539.300,3.727
1539.325,3.264
1539.350,5.426
1539.375,1.778
1539.400,4.326
1539.425,3.660
1539.450,3.199
1539.475,3.536
1539.500,4.447
1539.525,4.527
1539.550,4.690
1539.575,6.111
1539.600,4.257
1539.625,4.935
1539.650,3.957
1539.675,3.611
1539.700,4.196
1539.725,2.281
1539.750,6.964
1539.775,6.513
1539.800,6.147
1539.825,2.465
1539.850,4.344
1539.875,4.372
1539.900,4.370
1539.925,4.129
1539.950,5.062
1539.975,6.508
1540.000,4.761
1880.000,1.012
1880.025,2.420
1880.050,1.336
1880.075,2.047
1880.100,0.952
1880.125,2.720
1880.150,2.565
1880.175,2.018
1880.200,3.691
1880.225,2.232
1880.250,1.660
1880.275,0.966
1880.300,1.605
1880.325,1.199
1880.350,2.066
1880.375,2.447
1880.400,1.746
1880.425,2.714
1880.450,1.849
1880.475,2.791
1880.500,5.122
1880.525,2.657
1880.550,2.316
1880.575,5.020
1880.600,2.632
1880.625,3.150
1880.650,5.322
1880.675,2.938
1880.700,4.182
1880.725,3.811
1880.750,5.422
1880.775,5.232
1880.800,4.086
1880.825,3.333
1880.850,3.855
1880.875,3.420
1880.900,3.035
1880.925,3.667
1880.950,2.577
1880.975,6.277
1881.000,4.844
1881.025,4.499
1881.050,3.843
1881.075,2.589
1881.100,2.790
1881.125,2.177
1881.150,3.792
1881.175,4.576
1881.200,4.035
1881.225,2.506
1881.250,6.526
1881.275,3.616
1881.300,3.824
1881.325,4.889
1881.350,3.488
1881.375,2.001
1881.400,3.306
1881.425,2.784
1881.450,2.369
1881.475,5.631
1881.500,3.393
1881.525,4.042
1881.550,4.053
1881.575,3.486
1881.600,5.519
1881.625,3.172
1881.650,4.778
1881.675,3.712
1881.700,4.489
1881.725,5.592
1881.750,4.949
1881.775,3.608
1881.800,3.147
1881.825,4.274
1881.850,4.068
1881.875,4.827
1881.900,4.535
1881.925,2.979
1881.950,3.096
1881.975,3.878
1882.000,3.932
1882.025,2.973
1882.050,7.502
1882.075,3.463
1882.100,4.681
1882.125,4.962
1882.150,2.583
1882.175,3.430
1882.200,3.689
1882.225,3.120
1882.250,4.226
1882.275,3.456
1882.300,3.569
1882.325,4.516
1882.350,6.928
1882.375,3.210
1882.400,3.981
1882.425,4.122
1882.450,4.976
1882.475,4.958
1882.500,5.076
1882.525,3.592
1882.550,4.318
1882.575,3.909
1882.600,2.198
1882.625,3.015
1882.650,3.127
1882.675,3.523
1882.700,2.121
1882.725,3.358
1882.750,3.311
1882.775,2.491
1882.800,3.152
1882.825,1.901
1882.850,3.735
1882.875,3.008
1882.900,2.635
1882.925,6.700
1882.950,5.881
1882.975,3.672
1883.000,3.518
1883.025,5.403
1883.050,3.167
1883.075,3.826
1883.100,4.098
1883.125,3.171
1883.150,3.337
1883.175,2.998
1883.200,5.108
1883.225,3.851
1883.250,2.704
1883.275,2.997
1883.300,3.723
1883.325,4.375
1883.350,2.283
1883.375,2.235
1883.400,3.396
1883.425,3.623
1883.450,4.316
1883.475,5.304
1883.500,2.176
1883.525,2.887
1883.550,2.878
1883.575,5.413
1883.600,3.097
1883.625,3.192
1883.650,4.636
1883.675,4.190
1883.700,3.143
1883.725,4.821
1883.750,4.572
1883.775,4.350
1883.800,4.346
1883.825,4.220
1883.850,6.136
1883.875,5.535
1883.900,5.546
1883.925,2.403
1883.950,1.682
1883.975,2.954
1884.000,5.550
1884.025,2.022
1884.050,3.758
1884.075,2.929
1884.100,3.542
1884.125,3.489
1884.150,4.291
1884.175,4.546
1884.200,5.916
1884.225,3.361
1884.250,4.208
1884.275,4.381
1884.300,3.359
1884.325,4.610
1884.350,4.748
1884.375,4.045
1884.400,2.560
1884.425,3.420
1884.450,6.732
1884.475,5.373
1884.500,2.051
1884.525,2.975
1884.550,4.162
1884.575,4.733
1884.600,3.553
1884.625,4.726
1884.650,1.650
1884.675,2.579
1884.700,2.323
1884.725,4.207
1884.750,4.820
1884.775,3.446
1884.800,6.255
1884.825,2.533
1884.850,3.614
1884.875,4.389
1884.900,4.618
1884.925,3.406
1884.950,4.087
1884.975,5.740
1885.000,4.630
1885.025,3.379
1885.050,4.609
1885.075,3.671
1885.100,4.075
1885.125,2.453
1885.150,3.256
1885.175,6.526
1885.200,3.983
1885.225,3.059
1885.250,5.917
1885.275,3.969
1885.300,2.856
1885.325,2.539
1885.350,4.250
1885.375,2.900
1885.400,2.538
1885.425,2.108
1885.450,4.683
1885.475,2.725
1885.500,2.938
1885.525,1.860
1885.550,4.018
1885.575,3.639
1885.600,3.055
1885.625,3.656
1885.650,1.032
1885.675,3.071
1885.700,2.228
1885.725,4.349
1885.750,2.734
1885.775,2.038
1885.800,3.480
1885.825,2.267
1885.850,3.912
1885.875,2.544
1885.900,4.555
1885.925,3.065
1885.950,1.821
1885.975,3.979
1886.000,3.336
1886.025,5.867
1886.050,3.964
1886.075,4.508
1886.100,2.146
1886.125,4.935
1886.150,3.957
1886.175,3.611
1886.200,4.381
1886.225,2.281
1886.250,5.906
1886.275,6.513
1886.300,5.249
1886.325,1.692
1886.350,3.764
1886.375,4.372
1886.400,5.004
1886.425,3.808
1886.450,3.234
1886.475,3.026
1886.500,3.183
1886.525,3.372
1886.550,3.918
1886.575,3.165
1886.600,3.501
1886.625,4.228
1886.650,5.822
1886.675,2.055
1886.700,2.345
1886.725,2.162
1886.750,4.671
1886.775,4.710
1886.800,3.166
1886.825,2.505
1886.850,4.928
1886.875,3.555
1886.900,3.321
1886.925,4.389
1886.950,1.247
1886.975,2.575
1887.000,5.942
1887.025,3.880
1887.050,4.898
1887.075,4.048
1887.100,2.603
1887.125,4.085
1887.150,2.414
1887.175,2.247
1887.200,3.981
1887.225,5.276
1887.250,3.236
1887.275,3.571
1887.300,2.794
1887.325,3.728
1887.350,2.716
1887.375,6.393
1887.400,3.254
1887.425,3.005
1887.450,3.495
1887.475,6.871
1887.500,4.196
1887.525,3.905
1887.550,5.086
1887.575,4.564
1887.600,5.826
1887.625,2.397
1887.650,3.166
1887.675,3.178
1887.700,2.769
1887.725,3.000
1887.750,3.184
1887.775,2.561
1887.800,3.799
1887.825,1.643
1887.850,6.798
1887.875,5.977
1887.900,3.907
1887.925,3.490
1887.950,2.787
1887.975,2.970
1888.000,3.961
1888.025,2.308
1888.050,1.785
1888.075,4.300
1888.100,2.905
1888.125,3.885
1888.150,2.264
1888.175,2.922
1888.200,2.524
1888.225,5.681
1888.250,4.517
1888.275,3.818
1888.300,3.497
1888.325,3.576
1888.350,3.920
1888.375,4.083
1888.400,4.594
1888.425,4.502
1888.450,3.120
1888.475,2.814
1888.500,3.168
1888.525,7.126
1888.550,3.125
1888.575,2.103
1888.600,3.136
1888.625,5.052
1888.650,6.008
1888.675,5.506
1888.700,3.269
1888.725,3.157
1888.750,2.445
1888.775,3.114
1888.800,3.186
1888.825,3.894
1888.850,7.904
1888.875,5.295
1888.900,4.279
1888.925,3.569
1888.950,4.004
1888.975,4.479
1889.000,3.439
1889.025,2.165
1889.050,4.049
1889.075,5.254
1889.100,3.732
1889.125,4.025
1889.150,3.051
1889.175,3.079
1889.200,3.877
1889.225,4.226
1889.250,2.946
1889.275,1.268
1889.300,4.837
1889.325,2.588
1889.350,3.481
1889.375,5.344
1889.400,6.085
1889.425,3.074
1889.450,5.254
1889.475,6.277
1889.500,3.009
1889.525,3.347
1889.550,2.535
1889.575,2.505
1889.600,5.281
1889.625,4.324
1889.650,5.153
1889.675,3.196
1889.700,3.673
1889.725,4.472
1889.750,3.992
1889.775,4.148
1889.800,4.815
1889.825,4.713
1889.850,5.870
1889.875,4.424
1889.900,4.984
1889.925,6.523
1889.950,2.675
1889.975,3.376
1890.000,3.463
1890.025,6.811
1890.050,1.318
1890.075,5.260
1890.100,4.122
1890.125,5.149
1890.150,5.524
1890.175,2.704
1890.200,4.383
1890.225,3.094
1890.250,5.664
1890.275,3.033
1890.300,5.661
1890.325,7.010
1890.350,6.617
1890.375,4.709
1890.400,2.144
1890.425,1.615
1890.450,4.867
1890.475,2.171
1890.500,5.772
1890.525,3.991
1890.550,6.806
1890.575,4.371
1890.600,1.801
1890.625,4.147
1890.650,4.114
1890.675,4.898
1890.700,4.080
1890.725,3.818
1890.750,6.391
1890.775,3.731
1890.800,6.490
1890.825,4.626
1890.850,4.139
1890.875,4.089
1890.900,4.528
1890.925,4.188
1890.950,2.215
1890.975,1.681
1891.000,2.122
1891.025,2.678
1891.050,4.219
1891.075,4.579
1891.100,3.139
1891.125,3.221
1891.150,3.942
1891.175,3.534
1891.200,3.932
1891.225,3.296
1891.250,5.278
1891.275,5.293
1891.300,5.324
1891.325,2.757
1891.350,6.372
1891.375,3.215
1891.400,3.832
1891.425,1.941
1891.450,3.224
1891.475,3.932
1891.500,7.048
1891.525,5.700
1891.550,7.066
1891.575,4.834
1891.600,6.997
1891.625,3.331
1891.650,6.460
1891.675,4.896
1891.700,1.789
1891.725,4.627
1891.750,3.650
1891.775,2.920
1891.800,4.003
1891.825,5.381
1891.850,4.013
1891.875,4.915
1891.900,4.284
1891.925,3.062
1891.950,5.788
1891.975,3.248
1892.000,4.460
1892.025,3.570
1892.050,4.609
1892.075,2.918
1892.100,4.117
1892.125,4.872
1892.150,2.233
1892.175,5.060
1892.200,1.810
1892.225,2.479
1892.250,3.696
1892.275,4.398
1892.300,3.191
1892.325,3.573
1892.350,3.152
1892.375,6.318
1892.400,5.518
1892.425,3.883
1892.450,2.622
1892.475,2.755
1892.500,4.468
1892.525,6.601
1892.550,3.531
1892.575,4.775
1892.600,6.097
1892.625,2.579
1892.650,6.786
1892.675,4.106
1892.700,2.431
1892.725,4.983
1892.750,6.457
1892.775,4.892
1892.800,3.696
1892.825,4.472
1892.850,3.898
1892.875,6.766
1892.900,2.855
1892.925,5.463
1892.950,3.800
1892.975,7.085
1893.000,3.891
1893.025,2.862
1893.050,4.756
1893.075,3.815
1893.100,3.949
1893.125,2.876
1893.150,2.960
1893.175,4.114
1893.200,4.232
1893.225,3.727
1893.250,3.938
1893.275,2.885
1893.300,2.586
1893.325,3.705
1893.350,5.090
1893.375,4.432
1893.400,2.588
1893.425,3.818
1893.450,3.570
1893.475,4.783
1893.500,2.560
1893.525,8.111
1893.550,5.621
1893.575,5.349
1893.600,2.867
1893.625,5.038
1893.650,3.795
1893.675,7.303
1893.700,6.880
1893.725,4.141
1893.750,6.028
1893.775,5.580
1893.800,4.933
1893.825,4.046
1893.850,5.452
1893.875,2.974
1893.900,3.115
1893.925,4.761
1893.950,3.836
1893.975,4.164
1894.000,3.356
1894.025,3.904
1894.050,4.104
1894.075,4.560
1894.100,4.143
1894.125,4.674
1894.150,4.112
1894.175,4.027
1894.200,6.651
1894.225,4.828
1894.250,4.899
1894.275,3.340
1894.300,6.374
1894.325,3.567
1894.350,1.440
1894.375,4.794
1894.400,4.204
1894.425,6.287
1894.450,3.544
1894.475,4.710
1894.500,2.986
1894.525,3.483
1894.550,3.741
1894.575,4.003
1894.600,4.271
1894.625,5.493
1894.650,3.591
1894.675,5.072
1894.700,4.344
1894.725,2.420
1894.750,6.146
1894.775,4.648
1894.800,6.682
1894.825,2.897
1894.850,3.018
1894.875,2.289
1894.900,8.789
1894.925,4.698
1894.950,1.670
1894.975,3.216
1895.000,4.191
1895.025,5.076
1895.050,3.388
1895.075,6.655
1895.100,4.010
1895.125,1.987
1895.150,5.441
1895.175,4.722
1895.200,5.534
1895.225,3.642
1895.250,3.315
1895.275,4.986
1895.300,3.312
1895.325,6.348
1895.350,3.001
1895.375,3.567
1895.400,4.959
1895.425,2.841
1895.450,4.399
1895.475,6.302
1895.500,4.350
1895.525,1.691
1895.550,5.429
1895.575,2.418
1895.600,4.681
1895.625,3.938
1895.650,3.920
1895.675,5.798
1895.700,4.020
1895.725,3.812
1895.750,3.950
1895.775,10.048
1895.800,4.270
1895.825,3.186
1895.850,5.426
1895.875,2.355
1895.900,5.873
1895.925,5.269
1895.950,4.898
1895.975,4.480
1896.000,2.664
1896.025,5.636
1896.050,4.639
1896.075,3.769
1896.100,4.345
1896.125,4.453
1896.150,5.296
1896.175,4.727
1896.200,6.072
1896.225,5.429
1896.250,3.506
1896.275,4.531
1896.300,6.456
1896.325,3.169
1896.350,8.510
1896.375,3.834
1896.400,3.581
1896.425,5.817
1896.450,4.605
1896.475,2.635
1896.500,2.412
1896.525,2.084
1896.550,3.133
1896.575,2.840
1896.600,4.608
1896.625,4.513
1896.650,1.800
1896.675,5.027
1896.700,2.098
1896.725,3.330
1896.750,3.339
1896.775,4.056
1896.800,4.575
1896.825,4.298
1896.850,5.841
1896.875,5.266
1896.900,3.659
1896.925,4.711
1896.950,4.249
1896.975,5.105
1897.000,6.165
1897.025,5.692
1897.050,4.480
1897.075,4.632
1897.100,3.017
1897.125,3.204
1897.150,3.364
1897.175,3.584
1897.200,2.490
1897.225,2.957
1897.250,3.508
1897.275,3.426
1897.300,2.566
1897.325,4.679
1897.350,5.279
1897.375,3.882
1897.400,3.945
1897.425,2.945
1897.450,4.846
1897.475,4.154
1897.500,3.997
1897.525,4.586
1897.550,5.018
1897.575,4.330
1897.600,5.077
1897.625,3.380
1897.650,3.791
1897.675,4.119
1897.700,6.258
1897.725,5.802
1897.750,3.950
1897.775,3.569
1897.800,4.048
1897.825,1.760
1897.850,4.239
1897.875,4.368
1897.900,3.700
1897.925,5.069
1897.950,3.722
1897.975,3.328
1898.000,3.985
1898.025,5.068
1898.050,6.453
1898.075,3.759
1898.100,4.928
1898.125,5.099
1898.150,4.348
1898.175,3.952
1898.200,5.986
1898.225,2.635
1898.250,2.296
1898.275,5.328
1898.300,4.451
1898.325,2.206
1898.350,3.816
1898.375,6.322
1898.400,5.209
1898.425,2.766
1898.450,5.862
1898.475,6.738
1898.500,2.555
1898.525,3.017
1898.550,3.908
1898.575,3.777
1898.600,3.713
1898.625,5.118
1898.650,2.744
1898.675,7.060
1898.700,4.448
1898.725,4.406
1898.750,2.076
1898.775,3.956
1898.800,4.485
1898.825,2.389
1898.850,3.032
1898.875,4.663
1898.900,3.880
1898.925,4.755
1898.950,4.422
1898.975,2.950
1899.000,5.803
1899.025,3.454
1899.050,6.567
1899.075,4.682
1899.100,3.300
1899.125,5.152
1899.150,4.024
1899.175,7.741
1899.200,3.525
1899.225,5.259
1899.250,3.242
1899.275,1.801
1899.300,7.050
1899.325,6.940
1899.350,6.664
1899.375,3.710
1899.400,4.408
1899.425,3.757
1899.450,4.216
1899.475,6.312
1899.500,3.530
1899.525,9.157
1899.550,4.338
1899.575,6.362
1899.600,3.557
1899.625,7.411
1899.650,5.819
1899.675,4.782
1899.700,3.912
1899.725,3.492
1899.750,4.791
1899.775,2.896
1899.800,3.694
1899.825,3.179
1899.850,6.602
1899.875,4.175
1899.900,3.707
1899.925,7.346
1899.950,2.294
1899.975,4.699
1900.000,5.684
1900.025,3.997
1900.050,3.701
1900.075,5.006
1900.100,6.446
1900.125,4.675
1900.150,2.918
1900.175,3.435
1900.200,5.513
1900.225,4.312
1900.250,5.239
1900.275,4.004
1900.300,3.821
1900.325,4.701
1900.350,2.739
1900.375,2.583
1900.400,2.259
1900.425,4.361
1900.450,8.880
1900.475,6.457
1900.500,5.572
1900.525,6.547
1900.550,4.351
1900.575,3.632
1900.600,3.505
1900.625,4.056
1900.650,4.592
1900.675,4.470
1900.700,3.275
1900.725,4.546
1900.750,4.175
1900.775,3.447
1900.800,7.020
1900.825,8.760
1900.850,7.455
1900.875,5.623
1900.900,4.033
1900.925,7.175
1900.950,3.211
1900.975,6.226
1901.000,3.322
1901.025,5.193
1901.050,3.945
1901.075,4.265
1901.100,4.983
1901.125,5.426
1901.150,5.301
1901.175,3.585
1901.200,4.366
1901.225,4.296
1901.250,4.498
1901.275,3.302
1901.300,3.852
1901.325,2.497
1901.350,2.945
1901.375,6.054
1901.400,7.923
1901.425,4.186
1901.450,3.425
1901.475,5.206
1901.500,2.676
1901.525,6.256
1901.550,2.885
1901.575,5.035
1901.600,4.995
1901.625,4.148
1901.650,6.073
1901.675,6.315
1901.700,3.859
1901.725,3.731
1901.750,3.595
1901.775,3.617
1901.800,2.713
1901.825,7.186
1901.850,3.884
1901.875,4.608
1901.900,3.933
1901.925,7.266
1901.950,6.457
1901.975,4.620
1902.000,3.355
1902.025,6.380
1902.050,4.448
1902.075,5.907
1902.100,2.612
1902.125,2.302
1902.150,5.105
1902.175,4.564
1902.200,2.971
1902.225,3.234
1902.250,2.714
1902.275,4.860
1902.300,4.118
1902.325,3.882
1902.350,4.261
1902.375,4.400
1902.400,4.289
1902.425,6.473
1902.450,3.478
1902.475,4.931
1902.500,3.581
1902.525,4.530
1902.550,6.421
1902.575,5.940
1902.600,2.730
1902.625,3.909
1902.650,6.655
1902.675,7.099
1902.700,3.745
1902.725,4.182
1902.750,3.726
1902.775,5.543
1902.800,5.507
1902.825,2.657
1902.850,7.514
1902.875,5.085
1902.900,3.928
1902.925,2.454
1902.950,6.361
1902.975,5.201
1903.000,5.053
1903.025,3.186
1903.050,3.067
1903.075,4.047
1903.100,6.009
1903.125,2.029
1903.150,3.506
1903.175,6.118
1903.200,1.122
1903.225,3.721
1903.250,1.774
1903.275,5.358
1903.300,5.013
1903.325,4.990
1903.350,4.587
1903.375,3.350
1903.400,5.866
1903.425,5.970
1903.450,3.676
1903.475,2.234
1903.500,5.514
1903.525,3.538
1903.550,3.195
1903.575,6.532
1903.600,5.050
1903.625,5.025
1903.650,4.274
1903.675,6.135
1903.700,7.288
1903.725,4.535
1903.750,4.717
1903.775,3.696
1903.800,5.145
1903.825,3.493
1903.850,5.787
1903.875,3.188
1903.900,6.566
1903.925,6.431
1903.950,4.968
1903.975,3.419
1904.000,4.437
1904.025,4.906
1904.050,5.103
1904.075,3.932
1904.100,4.356
1904.125,4.626
1904.150,5.952
1904.175,2.708
1904.200,4.006
1904.225,4.386
1904.250,3.635
1904.275,4.670
1904.300,2.907
1904.325,2.006
1904.350,4.418
1904.375,4.684
1904.400,5.684
1904.425,4.124
1904.450,2.064
1904.475,3.646
1904.500,6.171
1904.525,5.319
1904.550,1.896
1904.575,2.253
1904.600,4.682
1904.625,4.615
1904.650,4.959
1904.675,4.314
1904.700,4.259
1904.725,3.859
1904.750,5.787
1904.775,2.839
1904.800,3.134
1904.825,4.069
1904.850,5.161
1904.875,6.579
1904.900,4.000
1904.925,2.883
1904.950,5.777
1904.975,4.007
1905.000,6.552
1905.025,5.012
1905.050,3.405
1905.075,3.842
1905.100,3.442
1905.125,5.873
1905.150,6.436
1905.175,5.091
1905.200,4.201
1905.225,6.521
1905.250,2.709
1905.275,5.713
1905.300,5.579
1905.325,5.315
1905.350,1.822
1905.375,3.489
1905.400,3.566
1905.425,6.767
1905.450,4.742
1905.475,2.638
1905.500,4.520
1905.525,4.082
1905.550,4.489
1905.575,4.295
1905.600,4.706
1905.625,5.831
1905.650,3.891
1905.675,4.618
1905.700,4.469
1905.725,4.754
1905.750,3.292
1905.775,3.140
1905.800,4.126
1905.825,2.312
1905.850,7.742
1905.875,1.755
1905.900,2.003
1905.925,4.165
1905.950,5.233
1905.975,6.744
1906.000,4.632
1906.025,5.591
1906.050,4.427
1906.075,6.001
1906.100,4.772
1906.125,4.034
1906.150,4.001
1906.175,4.531
1906.200,3.321
1906.225,4.278
1906.250,2.611
1906.275,4.774
1906.300,2.877
1906.325,5.171
1906.350,4.469
1906.375,3.158
1906.400,2.978
1906.425,3.786
1906.450,4.171
1906.475,6.647
1906.500,2.251
1906.525,2.462
1906.550,4.256
1906.575,4.457
1906.600,3.568
1906.625,6.414
1906.650,5.700
1906.675,2.856
1906.700,2.195
1906.725,4.588
1906.750,7.383
1906.775,3.297
1906.800,3.521
1906.825,6.192
1906.850,3.569
1906.875,3.680
1906.900,4.242
1906.925,2.705
1906.950,4.968
1906.975,5.327
1907.000,7.355
1907.025,4.146
1907.050,2.514
1907.075,3.353
1907.100,4.728
1907.125,3.237
1907.150,3.666
1907.175,5.410
1907.200,1.386
1907.225,2.799
1907.250,5.484
1907.275,6.279
1907.300,4.727
1907.325,5.243
1907.350,4.001
1907.375,4.504
1907.400,6.604
1907.425,3.422
1907.450,4.570
1907.475,2.979
1907.500,4.623
1907.525,3.073
1907.550,2.391
1907.575,5.755
1907.600,4.854
1907.625,4.122
1907.650,2.249
1907.675,3.866
1907.700,4.715
1907.725,4.683
1907.750,4.071
1907.775,4.237
1907.800,4.366
1907.825,5.958
1907.850,2.624
1907.875,2.481
1907.900,4.485
1907.925,4.644
1907.950,4.742
1907.975,3.272
1908.000,3.118
1908.025,5.304
1908.050,2.916
1908.075,4.761
1908.100,2.140
1908.125,6.235
1908.150,4.643
1908.175,5.824
1908.200,7.334
1908.225,6.430
1908.250,5.456
1908.275,6.296
1908.300,2.185
1908.325,3.594
1908.350,4.723
1908.375,2.661
1908.400,5.081
1908.425,2.891
1908.450,2.692
1908.475,4.673
1908.500,3.248
1908.525,7.395
1908.550,6.093
1908.575,4.032
1908.600,4.566
1908.625,3.767
1908.650,3.413
1908.675,3.403
1908.700,5.199
1908.725,2.498
1908.750,6.593
1908.775,5.373
1908.800,4.048
1908.825,3.275
1908.850,4.997
1908.875,2.906
1908.900,3.301
1908.925,5.915
1908.950,4.799
1908.975,4.380
1909.000,4.130
1909.025,4.298
1909.050,4.880
1909.075,2.698
1909.100,4.108
1909.125,4.215
1909.150,6.593
1909.175,5.108
1909.200,3.076
1909.225,3.454
1909.250,2.844
1909.275,3.540
1909.300,6.265
1909.325,5.799
1909.350,4.889
1909.375,4.339
1909.400,3.709
1909.425,4.604
1909.450,4.296
1909.475,3.487
1909.500,4.114
1909.525,4.492
1909.550,7.197
1909.575,2.062
1909.600,4.799
1909.625,4.865
1909.650,5.525
1909.675,2.034
1909.700,3.936
1909.725,3.827
1909.750,4.661
1909.775,4.781
1909.800,3.318
1909.825,3.778
1909.850,4.846
1909.875,3.252
1909.900,4.985
1909.925,2.585
1909.950,4.601
1909.975,2.279
1910.000,4.374
1910.025,2.325
1910.050,4.466
1910.075,3.189
1910.100,2.920
1910.125,4.123
1910.150,3.026
1910.175,6.071
1910.200,6.373
1910.225,2.958
1910.250,3.258
1910.275,4.806
1910.300,7.461
1910.325,2.851
1910.350,4.495
1910.375,4.059
1910.400,4.374
1910.425,5.206
1910.450,4.742
1910.475,4.283
1910.500,7.405
1910.525,4.880
1910.550,3.721
1910.575,2.678
1910.600,6.157
1910.625,3.261
1910.650,4.236
1910.675,4.859
1910.700,7.928
1910.725,4.017
1910.750,5.193
1910.775,3.445
1910.800,7.272
1910.825,4.006
1910.850,4.935
1910.875,5.052
1910.900,2.814
1910.925,3.412
1910.950,2.485
1910.975,2.683
1911.000,3.414
1911.025,5.054
1911.050,3.953
1911.075,2.882
1911.100,3.184
1911.125,4.051
1911.150,4.322
1911.175,6.345
1911.200,3.475
1911.225,5.768
1911.250,3.055
1911.275,3.994
1911.300,6.035
1911.325,6.580
1911.350,6.083
1911.375,1.658
1911.400,5.652
1911.425,6.582
1911.450,4.201
1911.475,1.014
1911.500,3.045
1911.525,1.706
1911.550,5.221
1911.575,7.268
1911.600,4.619
1911.625,2.903
1911.650,5.374
1911.675,4.466
1911.700,3.219
1911.725,6.328
1911.750,4.083
1911.775,6.528
1911.800,4.271
1911.825,4.926
1911.850,4.071
1911.875,1.800
1911.900,5.547
1911.925,5.537
1911.950,1.995
1911.975,5.777
1912.000,3.205
1912.025,5.174
1912.050,5.038
1912.075,2.303
1912.100,2.831
1912.125,4.623
1912.150,5.943
1912.175,4.248
1912.200,3.947
1912.225,3.543
1912.250,5.299
1912.275,4.447
1912.300,6.338
1912.325,4.194
1912.350,2.550
1912.375,4.795
1912.400,3.183
1912.425,4.995
1912.450,4.032
1912.475,4.804
1912.500,4.799
1912.525,3.399
1912.550,3.989
1912.575,4.396
1912.600,3.022
1912.625,3.097
1912.650,2.698
1912.675,4.634
1912.700,3.723
1912.725,3.117
1912.750,3.576
1912.775,4.293
1912.800,3.611
1912.825,4.164
1912.850,7.469
1912.875,2.978
1912.900,3.394
1912.925,3.258
1912.950,3.876
1912.975,5.508
1913.000,3.518
1913.025,4.358
1913.050,2.488
1913.075,5.075
1913.100,2.700
1913.125,5.325
1913.150,3.418
1913.175,3.305
1913.200,4.384
1913.225,4.095
1913.250,7.073
1913.275,3.905
1913.300,3.447
1913.325,8.313
1913.350,4.326
1913.375,5.319
1913.400,5.336
1913.425,1.525
1913.450,4.608
1913.475,4.596
1913.500,6.555
1913.525,2.428
1913.550,4.397
1913.575,4.542
1913.600,4.462
1913.625,3.188
1913.650,4.322
1913.675,3.200
1913.700,4.289
1913.725,3.274
1913.750,2.050
1913.775,4.286
1913.800,4.636
1913.825,3.602
1913.850,4.795
1913.875,2.674
1913.900,3.428
1913.925,6.149
1913.950,3.078
1913.975,2.505
1914.000,1.922
1914.025,6.032
1914.050,4.244
1914.075,7.218
1914.100,4.385
1914.125,2.487
1914.150,2.623
1914.175,4.171
1914.200,7.651
1914.225,3.612
1914.250,4.819
1914.275,2.738
1914.300,3.678
1914.325,4.278
1914.350,5.694
1914.375,2.185
1914.400,4.617
1914.425,5.456
1914.450,3.503
1914.475,2.281
1914.500,5.155
1914.525,5.306
1914.550,3.369
1914.575,5.296
1914.600,4.398
1914.625,3.893
1914.650,2.526
1914.675,4.970
1914.700,7.128
1914.725,3.156
1914.750,3.488
1914.775,2.520
1914.800,4.181
1914.825,3.212
1914.850,5.973
1914.875,1.929
1914.900,5.917
1914.925,4.566
1914.950,6.426
1914.975,3.609
1915.000,3.253
1915.025,8.415
1915.050,2.679
1915.075,4.635
1915.100,4.100
1915.125,1.841
1915.150,5.433
1915.175,3.864
1915.200,3.098
1915.225,2.844
1915.250,5.659
1915.275,4.093
1915.300,3.476
1915.325,5.551
1915.350,3.159
1915.375,1.816
1915.400,2.118
1915.425,1.139
1915.450,3.486
1915.475,3.735
1915.500,4.891
1915.525,2.180
1915.550,4.428
1915.575,2.672
1915.600,3.950
1915.625,5.286
1915.650,4.515
1915.675,4.841
1915.700,5.025
1915.725,6.376
1915.750,2.225
1915.775,3.852
1915.800,4.972
1915.825,4.853
1915.850,3.143
1915.875,3.576
1915.900,4.131
1915.925,2.986
1915.950,5.252
1915.975,1.865
1916.000,3.988
1916.025,7.138
1916.050,3.619
1916.075,4.090
1916.100,3.583
1916.125,2.985
1916.150,3.762
1916.175,4.750
1916.200,4.256
1916.225,7.963
1916.250,2.533
1916.275,2.884
1916.300,2.410
1916.325,4.815
1916.350,4.465
1916.375,2.219
1916.400,4.780
1916.425,2.304
1916.450,6.037
1916.475,2.151
1916.500,6.547
1916.525,4.136
1916.550,2.099
1916.575,5.717
1916.600,2.018
1916.625,4.485
1916.650,6.526
1916.675,4.032
1916.700,3.153
1916.725,2.781
1916.750,3.421
1916.775,3.953
1916.800,4.732
1916.825,3.906
1916.850,2.841
1916.875,2.280
1916.900,7.200
1916.925,3.219
1916.950,3.985
1916.975,3.151
1917.000,2.892
1917.025,3.490
1917.050,3.803
1917.075,3.526
1917.100,4.117
1917.125,4.162
1917.150,4.922
1917.175,3.368
1917.200,4.149
1917.225,3.794
1917.250,5.973
1917.275,3.272
1917.300,2.732
1917.325,3.602
1917.350,6.246
1917.375,5.009
1917.400,3.437
1917.425,4.478
1917.450,4.271
1917.475,4.031
1917.500,2.410
1917.525,5.033
1917.550,10.907
1917.575,3.650
1917.600,4.439
1917.625,5.825
1917.650,2.782
1917.675,3.228
1917.700,4.935
1917.725,1.251
1917.750,3.860
1917.775,2.407
1917.800,6.030
1917.825,4.443
1917.850,5.197
1917.875,2.966
1917.900,6.717
1917.925,4.346
1917.950,4.462
1917.975,2.579
1918.000,4.723
1918.025,4.552
1918.050,4.974
1918.075,1.747
1918.100,4.546
1918.125,2.454
1918.150,5.802
1918.175,4.320
1918.200,4.061
1918.225,3.906
1918.250,5.295
1918.275,4.860
1918.300,3.264
1918.325,3.625
1918.350,5.768
1918.375,4.069
1918.400,3.707
1918.425,6.087
1918.450,4.191
1918.475,3.157
1918.500,5.400
1918.525,3.097
1918.550,3.543
1918.575,4.550
1918.600,4.037
1918.625,10.225
1918.650,3.536
1918.675,4.425
1918.700,3.331
1918.725,4.490
1918.750,5.709
1918.775,4.173
1918.800,3.734
1918.825,5.566
1918.850,3.816
1918.875,3.996
1918.900,8.254
1918.925,5.960
1918.950,4.158
1918.975,4.037
1919.000,4.675
1919.025,3.115
1919.050,3.932
1919.075,3.041
1919.100,5.923
1919.125,5.815
1919.150,4.272
1919.175,2.437
1919.200,2.634
1919.225,3.546
1919.250,3.731
1919.275,4.176
1919.300,4.331
1919.325,5.161
1919.350,3.327
1919.375,5.016
1919.400,2.473
1919.425,6.242
1919.450,2.118
1919.475,3.344
1919.500,2.414
1919.525,4.590
1919.550,6.603
1919.575,1.951
1919.600,4.852
1919.625,5.358
1919.650,3.860
1919.675,4.666
1919.700,3.026
1919.725,2.839
1919.750,5.418
1919.775,3.332
1919.800,3.537
1919.825,1.803
1919.850,3.132
1919.875,3.502
1919.900,4.809
1919.925,3.859
1919.950,5.773
1919.975,4.225
1920.000,6.427
1920.025,3.872
1920.050,4.106
1920.075,3.668
1920.100,5.368
1920.125,7.031
1920.150,4.761
1920.175,5.837
1920.200,6.441
1920.225,3.463
1920.250,5.165
1920.275,5.046
1920.300,2.764
1920.325,3.171
1920.350,2.491
1920.375,4.715
1920.400,5.574
1920.425,4.503
1920.450,6.136
1920.475,3.930
1920.500,5.486
1920.525,3.543
1920.550,5.766
1920.575,3.970
1920.600,3.737
1920.625,2.516
1920.650,5.054
1920.675,5.969
1920.700,2.858
1920.725,4.007
1920.750,4.644
1920.775,3.230
1920.800,4.274
1920.825,2.564
1920.850,5.047
1920.875,4.887
1920.900,4.630
1920.925,3.206
1920.950,6.511
1920.975,4.717
1921.000,4.114
1921.025,3.601
1921.050,5.740
1921.075,2.930
1921.100,6.290
1921.125,4.736
1921.150,3.762
1921.175,4.668
1921.200,3.788
1921.225,3.000
1921.250,3.714
1921.275,5.971
1921.300,4.073
1921.325,4.482
1921.350,5.109
1921.375,5.289
1921.400,4.140
1921.425,4.187
1921.450,6.039
1921.475,5.791
1921.500,6.834
1921.525,3.853
1921.550,5.884
1921.575,3.635
1921.600,4.421
1921.625,1.440
1921.650,5.230
1921.675,2.335
1921.700,2.601
1921.725,6.042
1921.750,4.232
1921.775,6.040
1921.800,2.276
1921.825,3.177
1921.850,9.426
1921.875,6.696
1921.900,2.397
1921.925,4.004
1921.950,5.873
1921.975,3.619
1922.000,5.328
1922.025,6.927
1922.050,3.453
1922.075,6.672
1922.100,4.056
1922.125,2.399
1922.150,4.896
1922.175,4.152
1922.200,3.816
1922.225,4.125
1922.250,4.853
1922.275,1.819
1922.300,4.081
1922.325,3.606
1922.350,5.325
1922.375,4.019
1922.400,5.742
1922.425,4.323
1922.450,2.945
1922.475,6.026
1922.500,2.724
1922.525,7.949
1922.550,6.737
1922.575,4.895
1922.600,4.068
1922.625,8.223
1922.650,3.501
1922.675,4.255
1922.700,6.521
1922.725,4.192
1922.750,2.205
1922.775,5.250
1922.800,1.596
1922.825,6.198
1922.850,4.743
1922.875,5.792
1922.900,4.481
1922.925,2.810
1922.950,6.307
1922.975,1.857
1923.000,3.419
1923.025,5.543
1923.050,2.946
1923.075,4.192
1923.100,4.482
1923.125,3.532
1923.150,3.754
1923.175,3.014
1923.200,2.194
1923.225,3.985
1923.250,5.240
1923.275,4.758
1923.300,5.136
1923.325,4.626
1923.350,5.678
1923.375,4.384
1923.400,3.253
1923.425,5.080
1923.450,3.056
1923.475,4.077
1923.500,3.131
1923.525,2.261
1923.550,3.898
1923.575,4.667
1923.600,4.733
1923.625,4.420
1923.650,5.709
1923.675,5.462
1923.700,5.070
1923.725,3.969
1923.750,5.903
1923.775,2.409
1923.800,3.715
1923.825,4.031
1923.850,4.958
1923.875,6.448
1923.900,3.837
1923.925,6.126
1923.950,5.795
1923.975,4.312
1924.000,5.265
1924.025,2.677
1924.050,3.221
1924.075,3.321
1924.100,6.183
1924.125,5.606
1924.150,2.242
1924.175,4.981
1924.200,5.056
1924.225,3.305
1924.250,3.031
1924.275,1.754
1924.300,4.628
1924.325,4.151
1924.350,5.705
1924.375,2.886
1924.400,4.438
1924.425,3.050
1924.450,2.143
1924.475,2.073
1924.500,2.322
1924.525,5.924
1924.550,6.627
1924.575,4.284
1924.600,4.940
1924.625,3.508
1924.650,4.058
1924.675,5.857
1924.700,4.759
1924.725,3.299
1924.750,4.204
1924.775,5.384
1924.800,4.354
1924.825,4.842
1924.850,3.829
1924.875,3.610
1924.900,6.231
1924.925,2.767
1924.950,3.073
1924.975,4.241
1925.000,3.183
1925.025,5.392
1925.050,5.571
1925.075,6.528
1925.100,4.511
1925.125,2.783
1925.150,4.282
1925.175,6.143
1925.200,6.650
1925.225,6.767
1925.250,4.205
1925.275,4.720
1925.300,2.684
1925.325,2.480
1925.350,3.055
1925.375,4.735
1925.400,4.374
1925.425,6.231
1925.450,4.800
1925.475,4.190
1925.500,4.376
1925.525,6.633
1925.550,3.036
1925.575,5.394
1925.600,5.104
1925.625,3.998
1925.650,3.025
1925.675,2.518
1925.700,3.839
1925.725,4.477
1925.750,6.334
1925.775,4.482
1925.800,5.549
1925.825,5.656
1925.850,3.527
1925.875,3.428
1925.900,4.962
1925.925,7.923
1925.950,4.529
1925.975,6.246
1926.000,5.348
1926.025,2.290
1926.050,3.966
1926.075,4.440
1926.100,3.211
1926.125,2.833
1926.150,2.572
1926.175,5.296
1926.200,2.143
1926.225,4.284
1926.250,3.831
1926.275,3.063
1926.300,4.614
1926.325,5.488
1926.350,3.703
1926.375,6.416
1926.400,5.643
1926.425,5.934
1926.450,4.945
1926.475,3.826
1926.500,5.275
1926.525,2.962
1926.550,3.745
1926.575,3.856
1926.600,6.109
1926.625,4.631
1926.650,6.928
1926.675,2.824
1926.700,5.853
1926.725,3.620
1926.750,2.902
1926.775,3.025
1926.800,6.353
1926.825,1.413
1926.850,4.983
1926.875,4.309
1926.900,4.943
1926.925,6.239
1926.950,5.115
1926.975,4.225
1927.000,3.965
1927.025,3.908
1927.050,3.412
1927.075,3.704
1927.100,5.319
1927.125,2.549
1927.150,5.326
1927.175,6.001
1927.200,5.544
1927.225,2.674
1927.250,3.611
1927.275,5.917
1927.300,7.117
1927.325,4.209
1927.350,3.323
1927.375,5.347
1927.400,5.581
1927.425,4.199
1927.450,4.771
1927.475,2.791
1927.500,6.342
1927.525,3.679
1927.550,3.373
1927.575,6.938
1927.600,1.797
1927.625,5.099
1927.650,2.802
1927.675,3.875
1927.700,3.121
1927.725,4.859
1927.750,7.094
1927.775,3.848
1927.800,3.773
1927.825,4.380
1927.850,6.258
1927.875,5.116
1927.900,5.272
1927.925,3.759
1927.950,5.287
1927.975,5.312
1928.000,4.035
1928.025,4.376
1928.050,6.454
1928.075,2.374
1928.100,2.845
1928.125,4.887
1928.150,3.533
1928.175,3.529
1928.200,5.626
1928.225,3.228
1928.250,3.384
1928.275,5.218
1928.300,3.059
1928.325,2.486
1928.350,2.263
1928.375,4.221
1928.400,4.533
1928.425,5.559
1928.450,2.669
1928.475,2.987
1928.500,3.760
1928.525,4.095
1928.550,6.164
1928.575,6.890
1928.600,3.311
1928.625,3.101
1928.650,4.069
1928.675,3.055
1928.700,4.134
1928.725,6.354
1928.750,3.409
1928.775,5.613
1928.800,2.389
1928.825,4.079
1928.850,6.835
1928.875,7.426
1928.900,5.020
1928.925,5.151
1928.950,3.903
1928.975,4.262
1929.000,5.807
1929.025,7.456
1929.050,3.866
1929.075,5.324
1929.100,2.639
1929.125,3.704
1929.150,7.243
1929.175,6.851
1929.200,3.600
1929.225,5.161
1929.250,4.828
1929.275,2.928
1929.300,4.619
1929.325,2.561
1929.350,3.167
1929.375,2.620
1929.400,6.522
1929.425,3.880
1929.450,2.131
1929.475,3.603
1929.500,2.779
1929.525,3.698
1929.550,5.380
1929.575,5.380
1929.600,6.303
1929.625,2.043
1929.650,2.520
1929.675,3.182
1929.700,3.804
1929.725,2.428
1929.750,2.796
1929.775,4.344
1929.800,2.477
1929.825,2.796
1929.850,4.676
1929.875,3.903
1929.900,4.751
1929.925,5.778
1929.950,2.966
1929.975,6.529
1930.000,6.951
1930.025,3.390
1930.050,5.032
1930.075,5.254
1930.100,4.706
1930.125,2.406
1930.150,5.256
1930.175,5.191
1930.200,4.114
1930.225,6.116
1930.250,4.943
1930.275,5.519
1930.300,4.965
1930.325,2.845
1930.350,3.615
1930.375,2.328
1930.400,2.804
1930.425,4.109
1930.450,5.517
1930.475,5.128
1930.500,3.884
1930.525,6.186
1930.550,3.935
1930.575,4.774
1930.600,2.872
1930.625,4.779
1930.650,3.357
1930.675,4.449
1930.700,3.501
1930.725,2.386
1930.750,2.124
1930.775,4.365
1930.800,5.259
1930.825,5.059
1930.850,4.030
1930.875,4.146
1930.900,4.474
1930.925,5.405
1930.950,3.788
1930.975,6.304
1931.000,5.047
1931.025,6.067
1931.050,5.084
1931.075,4.787
1931.100,2.869
1931.125,8.124
1931.150,4.573
1931.175,5.136
1931.200,4.184
1931.225,4.045
1931.250,3.231
1931.275,3.557
1931.300,2.927
1931.325,3.254
1931.350,5.912
1931.375,3.992
1931.400,4.293
1931.425,3.054
1931.450,5.557
1931.475,3.164
1931.500,3.754
1931.525,3.023
1931.550,3.780
1931.575,5.469
1931.600,5.416
1931.625,1.649
1931.650,5.256
1931.675,1.088
1931.700,1.929
1931.725,4.036
1931.750,5.541
1931.775,6.942
1931.800,3.126
1931.825,3.812
1931.850,2.112
1931.875,5.687
1931.900,2.896
1931.925,3.940
1931.950,4.645
1931.975,4.772
1932.000,2.493
1932.025,6.346
1932.050,5.004
1932.075,4.511
1932.100,2.854
1932.125,1.822
1932.150,7.153
1932.175,9.205
1932.200,5.723
1932.225,4.013
1932.250,5.196
1932.275,4.615
1932.300,2.910
1932.325,4.452
1932.350,4.678
1932.375,4.931
1932.400,4.576
1932.425,5.739
1932.450,3.800
1932.475,2.842
1932.500,5.364
1932.525,4.533
1932.550,4.615
1932.575,4.724
1932.600,3.663
1932.625,3.219
1932.650,3.138
1932.675,4.450
1932.700,5.172
1932.725,2.537
1932.750,3.514
1932.775,4.894
1932.800,5.762
1932.825,6.990
1932.850,4.485
1932.875,3.820
1932.900,6.690
1932.925,3.219
1932.950,4.524
1932.975,5.083
1933.000,3.705
1933.025,3.023
1933.050,2.683
1933.075,5.132
1933.100,2.626
1933.125,3.442
1933.150,3.270
1933.175,3.848
1933.200,5.151
1933.225,8.201
1933.250,1.751
1933.275,5.842
1933.300,4.627
1933.325,2.867
1933.350,2.897
1933.375,7.201
1933.400,2.438
1933.425,6.430
1933.450,1.703
1933.475,4.757
1933.500,4.487
1933.525,2.946
1933.550,4.052
1933.575,1.710
1933.600,2.656
1933.625,3.569
1933.650,6.355
1933.675,5.226
1933.700,6.282
1933.725,3.317
1933.750,3.504
1933.775,2.767
1933.800,3.629
1933.825,5.596
1933.850,4.792
1933.875,4.814
1933.900,5.413
1933.925,4.791
1933.950,7.186
1933.975,4.917
1934.000,5.384
1934.025,3.529
1934.050,3.834
1934.075,3.519
1934.100,7.307
1934.125,5.685
1934.150,4.346
1934.175,5.323
1934.200,5.397
1934.225,4.947
1934.250,6.781
1934.275,5.237
1934.300,3.372
1934.325,3.389
1934.350,5.790
1934.375,4.175
1934.400,6.270
1934.425,3.448
1934.450,2.547
1934.475,4.098
1934.500,3.517
1934.525,2.656
1934.550,5.459
1934.575,4.026
1934.600,6.684
1934.625,4.059
1934.650,5.905
1934.675,2.017
1934.700,5.027
1934.725,3.458
1934.750,5.965
1934.775,4.722
1934.800,4.264
1934.825,4.768
1934.850,4.104
1934.875,7.404
1934.900,5.183
1934.925,1.393
1934.950,5.084
1934.975,4.701
1935.000,2.428
1935.025,5.356
1935.050,3.416
1935.075,4.784
1935.100,4.434
1935.125,3.850
1935.150,5.487
1935.175,7.923
1935.200,3.049
1935.225,4.095
1935.250,4.834
1935.275,3.863
1935.300,4.744
1935.325,4.517
1935.350,5.642
1935.375,4.571
1935.400,3.043
1935.425,2.014
1935.450,2.827
1935.475,3.366
1935.500,4.258
1935.525,6.692
1935.550,5.912
1935.575,4.345
1935.600,4.778
1935.625,5.595
1935.650,4.640
1935.675,3.444
1935.700,4.149
1935.725,3.235
1935.750,4.843
1935.775,3.596
1935.800,2.864
1935.825,5.418
1935.850,4.497
1935.875,1.692
1935.900,2.452
1935.925,5.094
1935.950,3.278
1935.975,4.972
1936.000,5.931
1936.025,3.892
1936.050,3.941
1936.075,5.303
1936.100,6.820
1936.125,6.017
1936.150,5.547
1936.175,6.188
1936.200,7.180
1936.225,5.802
1936.250,4.469
1936.275,5.845
1936.300,3.992
1936.325,2.629
1936.350,5.160
1936.375,6.057
1936.400,4.810
1936.425,5.063
1936.450,4.067
1936.475,3.220
1936.500,4.615
1936.525,4.830
1936.550,3.002
1936.575,5.282
1936.600,4.420
1936.625,4.439
1936.650,5.565
1936.675,4.436
1936.700,2.652
1936.725,2.993
1936.750,7.845
1936.775,4.398
1936.800,4.299
1936.825,3.397
1936.850,6.370
1936.875,4.253
1936.900,3.359
1936.925,4.505
1936.950,6.557
1936.975,3.673
1937.000,5.185
1937.025,4.176
1937.050,3.313
1937.075,3.931
1937.100,3.616
1937.125,4.605
1937.150,4.193
1937.175,3.366
1937.200,5.961
1937.225,7.809
1937.250,5.149
1937.275,2.625
1937.300,4.746
1937.325,7.441
1937.350,3.085
1937.375,5.986
1937.400,5.775
1937.425,6.449
1937.450,5.658
1937.475,4.412
1937.500,4.574
1937.525,5.686
1937.550,1.337
1937.575,5.536
1937.600,4.010
1937.625,2.961
1937.650,7.820
1937.675,3.066
1937.700,1.725
1937.725,5.298
1937.750,5.175
1937.775,4.269
1937.800,4.000
1937.825,4.227
1937.850,5.470
1937.875,5.843
1937.900,4.437
1937.925,5.448
1937.950,3.850
1937.975,6.176
1938.000,6.529
1938.025,3.117
1938.050,6.207
1938.075,5.813
1938.100,7.053
1938.125,3.894
1938.150,5.485
1938.175,5.389
1938.200,3.076
1938.225,5.930
1938.250,4.790
1938.275,2.444
1938.300,2.713
1938.325,7.103
1938.350,4.202
1938.375,5.841
1938.400,5.067
1938.425,4.121
1938.450,1.349
1938.475,5.300
1938.500,4.500
1938.525,4.062
1938.550,5.685
1938.575,3.956
1938.600,6.567
1938.625,5.985
1938.650,5.590
1938.675,2.352
1938.700,4.090
1938.725,4.161
1938.750,4.614
1938.775,6.300
1938.800,4.174
1938.825,3.402
1938.850,4.632
1938.875,5.338
1938.900,5.306
1938.925,6.490
1938.950,6.698
1938.975,4.640
1939.000,3.232
1939.025,7.723
1939.050,3.786
1939.075,8.537
1939.100,6.784
1939.125,3.876
1939.150,2.715
1939.175,3.602
1939.200,4.386
1939.225,5.913
1939.250,3.978
1939.275,5.487
1939.300,3.700
1939.325,3.092
1939.350,7.724
1939.375,3.623
1939.400,5.350
1939.425,4.935
1939.450,2.870
1939.475,6.607
1939.500,5.028
1939.525,4.970
1939.550,5.306
1939.575,3.998
1939.600,4.936
1939.625,3.372
1939.650,6.488
1939.675,6.274
1939.700,5.300
1939.725,3.101
1939.750,3.125
1939.775,5.579
1939.800,2.449
1939.825,6.294
1939.850,5.999
1939.875,8.095
1939.900,5.540
1939.925,5.537
1939.950,8.333
1939.975,3.559
1940.000,4.554
1940.025,3.624
1940.050,2.406
1940.075,4.978
1940.100,3.046
1940.125,4.780
1940.150,5.886
1940.175,3.354
1940.200,4.849
1940.225,3.438
1940.250,2.986
1940.275,4.067
1940.300,5.794
1940.325,3.661
1940.350,3.543
1940.375,3.503
1940.400,3.982
1940.425,3.295
1940.450,6.017
1940.475,4.255
1940.500,4.395
1940.525,2.938
1940.550,8.436
1940.575,3.475
1940.600,3.872
1940.625,4.884
1940.650,3.930
1940.675,4.223
1940.700,3.344
1940.725,4.717
1940.750,5.701
1940.775,4.129
1940.800,5.021
1940.825,2.194
1940.850,6.099
1940.875,5.453
1940.900,3.218
1940.925,6.435
1940.950,2.991
1940.975,4.597
1941.000,3.924
1941.025,1.715
1941.050,3.061
1941.075,2.660
1941.100,4.822
1941.125,6.618
1941.150,4.049
1941.175,4.691
1941.200,5.117
1941.225,2.655
1941.250,7.491
1941.275,5.247
1941.300,2.816
1941.325,4.093
1941.350,5.509
1941.375,3.172
1941.400,2.870
1941.425,5.763
1941.450,4.555
1941.475,1.940
1941.500,3.403
1941.525,6.518
1941.550,4.702
1941.575,4.010
1941.600,4.766
1941.625,3.912
1941.650,2.502
1941.675,5.328
1941.700,4.303
1941.725,4.026
1941.750,4.363
1941.775,5.149
1941.800,4.792
1941.825,3.269
1941.850,5.509
1941.875,7.137
1941.900,3.187
1941.925,5.450
1941.950,5.185
1941.975,6.428
1942.000,2.800
1942.025,6.856
1942.050,5.011
1942.075,1.465
1942.100,3.165
1942.125,3.491
1942.150,4.942
1942.175,8.241
1942.200,1.479
1942.225,3.171
1942.250,3.822
1942.275,5.039
1942.300,5.557
1942.325,3.963
1942.350,5.261
1942.375,3.585
1942.400,4.646
1942.425,3.268
1942.450,3.658
1942.475,3.764
1942.500,4.268
1942.525,3.049
1942.550,5.385
1942.575,6.275
1942.600,5.758
1942.625,6.604
1942.650,6.582
1942.675,6.687
1942.700,4.649
1942.725,2.797
1942.750,5.204
1942.775,4.753
1942.800,4.408
1942.825,7.221
1942.850,2.829
1942.875,5.217
1942.900,8.135
1942.925,4.531
1942.950,3.376
1942.975,4.642
1943.000,6.645
1943.025,5.657
1943.050,4.955
1943.075,1.995
1943.100,5.833
1943.125,4.012
1943.150,3.215
1943.175,2.616
1943.200,2.843
1943.225,7.330
1943.250,4.451
1943.275,3.143
1943.300,4.851
1943.325,5.842
1943.350,3.227
1943.375,4.097
1943.400,6.369
1943.425,2.139
1943.450,4.450
1943.475,3.971
1943.500,7.158
1943.525,3.131
1943.550,2.526
1943.575,4.195
1943.600,5.346
1943.625,2.305
1943.650,5.800
1943.675,8.155
1943.700,3.932
1943.725,6.257
1943.750,5.595
1943.775,2.798
1943.800,4.498
1943.825,4.965
1943.850,3.311
1943.875,6.459
1943.900,5.385
1943.925,5.546
1943.950,3.942
1943.975,4.288
1944.000,5.898
1944.025,5.309
1944.050,7.428
1944.075,2.828
1944.100,7.322
1944.125,5.841
1944.150,1.658
1944.175,6.210
1944.200,4.793
1944.225,4.224
1944.250,5.485
1944.275,2.932
1944.300,6.068
1944.325,4.770
1944.350,4.570
1944.375,4.151
1944.400,2.867
1944.425,4.337
1944.450,3.684
1944.475,6.664
1944.500,4.361
1944.525,2.878
1944.550,5.113
1944.575,4.076
1944.600,3.916
1944.625,3.180
1944.650,6.220
1944.675,4.301
1944.700,3.934
1944.725,5.104
1944.750,4.370
1944.775,4.785
1944.800,3.051
1944.825,3.919
1944.850,3.890
1944.875,3.269
1944.900,3.419
1944.925,4.617
1944.950,2.945
1944.975,3.964
1945.000,2.754
1945.025,5.665
1945.050,4.706
1945.075,5.387
1945.100,6.295
1945.125,5.747
1945.150,2.186
1945.175,3.908
1945.200,7.078
1945.225,4.322
1945.250,3.868
1945.275,3.936
1945.300,3.614
1945.325,4.387
1945.350,1.796
1945.375,2.452
1945.400,6.523
1945.425,4.045
1945.450,5.431
1945.475,4.951
1945.500,2.684
1945.525,3.553
1945.550,6.946
1945.575,4.534
1945.600,4.070
1945.625,3.063
1945.650,5.567
1945.675,5.108
1945.700,5.373
1945.725,4.503
1945.750,3.944
1945.775,7.751
1945.800,6.204
1945.825,7.317
1945.850,2.913
1945.875,4.425
1945.900,7.240
1945.925,3.908
1945.950,6.244
1945.975,5.452
1946.000,5.635
1946.025,2.869
1946.050,7.006
1946.075,7.605
1946.100,4.464
1946.125,4.959
1946.150,9.600
1946.175,6.031
1946.200,6.122
1946.225,7.806
1946.250,8.391
1946.275,8.614
1946.300,7.288
1946.325,8.333
1946.350,4.842
1946.375,8.185
1946.400,9.163
1946.425,6.490
1946.450,5.853
1946.475,10.460
1946.500,6.649
1946.525,5.981
1946.550,6.541
1946.575,6.869
1946.600,4.799
1946.625,6.330
1946.650,7.295
1946.675,7.503
1946.700,5.524
1946.725,8.126
1946.750,8.660
1946.775,6.619
1946.800,4.773
1946.825,6.459
1946.850,6.857
1946.875,7.492
1946.900,6.431
1946.925,6.054
1946.950,5.322
1946.975,5.553
1947.000,4.202
1947.025,9.256
1947.050,4.241
1947.075,3.487
1947.100,5.520
1947.125,3.248
1947.150,6.357
1947.175,7.698
1947.200,8.649
1947.225,5.561
1947.250,5.058
1947.275,4.827
1947.300,5.157
1947.325,4.420
1947.350,5.637
1947.375,4.572
1947.400,5.308
1947.425,5.095
1947.450,5.827
1947.475,3.516
1947.500,4.043
1947.525,7.628
1947.550,3.618
1947.575,4.971
1947.600,7.351
1947.625,4.997
1947.650,5.162
1947.675,7.123
1947.700,8.625
1947.725,4.166
1947.750,5.533
1947.775,5.793
1947.800,5.869
1947.825,4.432
1947.850,9.287
1947.875,4.453
1947.900,6.546
1947.925,7.773
1947.950,4.448
1947.975,4.753
1948.000,6.166
1948.025,7.892
1948.050,4.008
1948.075,8.776
1948.100,4.358
1948.125,3.325
1948.150,6.667
1948.175,6.122
1948.200,6.135
1948.225,5.957
1948.250,5.014
1948.275,5.158
1948.300,5.119
1948.325,4.451
1948.350,4.135
1948.375,5.089
1948.400,3.828
1948.425,4.380
1948.450,7.317
1948.475,6.434
1948.500,5.125
1948.525,4.534
1948.550,4.134
1948.575,5.311
1948.600,4.269
1948.625,6.142
1948.650,3.379
1948.675,6.283
1948.700,3.318
1948.725,6.194
1948.750,4.348
1948.775,4.957
1948.800,6.631
1948.825,4.994
1948.850,5.127
1948.875,4.320
1948.900,4.558
1948.925,5.755
1948.950,4.824
1948.975,5.594
1949.000,4.332
1949.025,5.781
1949.050,2.105
1949.075,4.884
1949.100,5.314
1949.125,3.928
1949.150,5.836
1949.175,4.878
1949.200,2.223
1949.225,2.972
1949.250,4.291
1949.275,7.760
1949.300,4.493
1949.325,3.943
1949.350,4.867
1949.375,3.941
1949.400,5.465
1949.425,4.274
1949.450,5.252
1949.475,5.569
1949.500,2.729
1949.525,4.473
1949.550,4.501
1949.575,6.309
1949.600,3.960
1949.625,6.563
1949.650,5.107
1949.675,3.493
1949.700,4.184
1949.725,4.449
1949.750,5.829
1949.775,4.895
1949.800,4.565
1949.825,4.187
1949.850,3.688
1949.875,4.695
1949.900,2.125
1949.925,5.547
1949.950,2.900
1949.975,3.239
1950.000,6.207
1950.025,3.497
1950.050,4.060
1950.075,4.391
1950.100,5.926
1950.125,5.001
1950.150,3.257
1950.175,1.365
1950.200,4.580
1950.225,6.418
1950.250,4.292
1950.275,3.467
1950.300,4.177
1950.325,2.439
1950.350,3.706
1950.375,3.554
1950.400,4.165
1950.425,3.447
1950.450,5.321
1950.475,4.640
1950.500,6.989
1950.525,4.153
1950.550,8.187
1950.575,4.007
1950.600,4.588
1950.625,7.410
1950.650,5.324
1950.675,4.963
1950.700,4.696
1950.725,3.996
1950.750,4.325
1950.775,3.334
1950.800,5.314
1950.825,2.818
1950.850,4.637
1950.875,2.890
1950.900,8.060
1950.925,2.666
1950.950,3.777
1950.975,2.735
1951.000,5.277
1951.025,8.082
1951.050,5.302
1951.075,4.832
1951.100,8.121
1951.125,7.159
1951.150,6.212
1951.175,6.473
1951.200,7.529
1951.225,3.819
1951.250,10.756
1951.275,5.805
1951.300,7.946
1951.325,6.917
1951.350,7.345
1951.375,5.433
1951.400,10.236
1951.425,7.133
1951.450,7.581
1951.475,6.175
1951.500,6.566
1951.525,7.661
1951.550,4.115
1951.575,6.971
1951.600,6.351
1951.625,4.217
1951.650,5.644
1951.675,7.022
1951.700,6.267
1951.725,5.681
1951.750,7.630
1951.775,9.411
1951.800,4.901
1951.825,7.431
1951.850,8.659
1951.875,5.971
1951.900,5.333
1951.925,6.654
1951.950,5.083
1951.975,6.178
1952.000,8.144
1952.025,6.947
1952.050,7.338
1952.075,10.234
1952.100,4.498
1952.125,5.679
1952.150,5.660
1952.175,5.816
1952.200,5.000
1952.225,8.825
1952.250,4.804
1952.275,8.604
1952.300,11.225
1952.325,10.772
1952.350,5.093
1952.375,4.509
1952.400,3.261
1952.425,8.955
1952.450,4.534
1952.475,6.649
1952.500,6.408
1952.525,8.554
1952.550,5.555
1952.575,7.455
1952.600,6.477
1952.625,8.857
1952.650,4.998
1952.675,7.993
1952.700,8.475
1952.725,9.605
1952.750,8.066
1952.775,9.029
1952.800,11.289
1952.825,5.883
1952.850,4.897
1952.875,9.484
1952.900,5.332
1952.925,3.258
1952.950,7.882
1952.975,5.124
1953.000,4.363
1953.025,8.434
1953.050,4.682
1953.075,4.575
1953.100,7.873
1953.125,3.376
1953.150,4.484
1953.175,6.384
1953.200,5.148
1953.225,5.624
1953.250,4.761
1953.275,4.402
1953.300,9.217
1953.325,7.233
1953.350,5.577
1953.375,6.028
1953.400,6.131
1953.425,5.908
1953.450,8.446
1953.475,5.216
1953.500,2.248
1953.525,6.309
1953.550,6.620
1953.575,5.234
1953.600,4.656
1953.625,7.150
1953.650,7.445
1953.675,3.608
1953.700,5.927
1953.725,6.565
1953.750,3.987
1953.775,5.911
1953.800,7.507
1953.825,6.783
1953.850,8.127
1953.875,5.211
1953.900,7.491
1953.925,9.274
1953.950,5.781
1953.975,5.947
1954.000,5.620
1954.025,6.705
1954.050,8.628
1954.075,5.458
1954.100,6.175
1954.125,6.521
1954.150,6.932
1954.175,7.160
1954.200,6.708
1954.225,6.935
1954.250,6.406
1954.275,5.477
1954.300,4.246
1954.325,6.699
1954.350,5.918
1954.375,5.155
1954.400,4.142
1954.425,5.188
1954.450,8.712
1954.475,8.746
1954.500,7.893
1954.525,7.041
1954.550,11.254
1954.575,4.028
1954.600,9.131
1954.625,9.124
1954.650,6.873
1954.675,7.832
1954.700,8.071
1954.725,6.325
1954.750,12.908
1954.775,6.751
1954.800,12.780
1954.825,8.819
1954.850,7.570
1954.875,5.637
1954.900,8.244
1954.925,12.278
1954.950,9.321
1954.975,6.840
1955.000,6.254
1955.025,9.276
1955.050,8.604
1955.075,7.879
1955.100,7.635
1955.125,7.552
1955.150,6.741
1955.175,7.197
1955.200,12.430
1955.225,10.753
1955.250,5.177
1955.275,9.226
1955.300,6.792
1955.325,8.110
1955.350,8.557
1955.375,7.417
1955.400,6.747
1955.425,7.043
1955.450,7.901
1955.475,9.312
1955.500,7.705
1955.525,5.901
1955.550,12.123
1955.575,6.050
1955.600,7.855
1955.625,8.073
1955.650,8.677
1955.675,5.932
1955.700,2.219
1955.725,9.066
1955.750,6.692
1955.775,5.161
1955.800,5.994
1955.825,5.882
1955.850,6.032
1955.875,7.053
1955.900,8.780
1955.925,9.249
1955.950,6.354
1955.975,6.469
1956.000,6.073
1956.025,6.704
1956.050,8.977
1956.075,5.332
1956.100,5.172
1956.125,7.212
1956.150,4.393
1956.175,8.487
1956.200,7.763
1956.225,6.547
1956.250,7.211
1956.275,5.743
1956.300,5.209
1956.325,7.055
1956.350,8.903
1956.375,10.304
1956.400,8.852
1956.425,5.143
1956.450,8.885
1956.475,4.715
1956.500,5.214
1956.525,9.422
1956.550,5.189
1956.575,9.129
1956.600,7.744
1956.625,8.004
1956.650,4.186
1956.675,6.588
1956.700,5.115
1956.725,9.319
1956.750,5.676
1956.775,7.149
1956.800,8.291
1956.825,5.098
1956.850,6.773
1956.875,5.805
1956.900,11.249
1956.925,7.609
1956.950,7.679
1956.975,8.887
1957.000,9.136
1957.025,4.159
1957.050,8.290
1957.075,5.672
1957.100,4.651
1957.125,9.249
1957.150,4.780
1957.175,5.240
1957.200,8.184
1957.225,8.003
1957.250,10.974
1957.275,8.959
1957.300,11.850
1957.325,7.874
1957.350,5.933
1957.375,6.669
1957.400,5.851
1957.425,6.011
1957.450,2.243
1957.475,9.266
1957.500,7.963
1957.525,4.926
1957.550,6.013
1957.575,6.027
1957.600,6.362
1957.625,5.694
1957.650,9.681
1957.675,5.823
1957.700,8.686
1957.725,5.655
1957.750,5.612
1957.775,7.280
1957.800,6.343
1957.825,6.368
1957.850,10.392
1957.875,3.568
1957.900,6.950
1957.925,7.424
1957.950,9.422
1957.975,7.238
1958.000,5.437
1958.025,3.188
1958.050,9.364
1958.075,8.181
1958.100,6.100
1958.125,6.784
1958.150,7.568
1958.175,8.219
1958.200,6.945
1958.225,5.870
1958.250,5.424
1958.275,4.388
1958.300,3.324
1958.325,4.804
1958.350,7.472
1958.375,5.421
1958.400,7.412
1958.425,6.945
1958.450,4.482
1958.475,9.898
1958.500,5.619
1958.525,10.566
1958.550,5.857
1958.575,6.619
1958.600,6.086
1958.625,2.353
1958.650,4.905
1958.675,9.730
1958.700,4.852
1958.725,5.200
1958.750,2.747
1958.775,7.501
1958.800,5.328
1958.825,4.999
1958.850,8.692
1958.875,5.481
1958.900,8.974
1958.925,6.530
1958.950,8.809
1958.975,5.019
1959.000,10.369
1959.025,2.802
1959.050,7.104
1959.075,5.699
1959.100,6.844
1959.125,3.977
1959.150,5.316
1959.175,4.201
1959.200,11.181
1959.225,5.549
1959.250,6.838
1959.275,7.412
1959.300,8.456
1959.325,9.609
1959.350,6.721
1959.375,7.479
1959.400,5.933
1959.425,8.944
1959.450,7.114
1959.475,8.780
1959.500,8.869
1959.525,6.735
1959.550,6.471
1959.575,6.379
1959.600,7.158
1959.625,6.722
1959.650,7.825
1959.675,7.624
1959.700,9.198
1959.725,7.709
1959.750,8.368
1959.775,6.835
1959.800,6.453
1959.825,4.959
1959.850,10.051
1959.875,6.249
1959.900,7.127
1959.925,2.706
1959.950,5.718
1959.975,6.823
1960.000,4.468
1960.025,9.801
1960.050,9.037
1960.075,8.056
1960.100,6.881
1960.125,6.424
1960.150,8.062
1960.175,7.592
1960.200,3.765
1960.225,9.894
1960.250,10.463
1960.275,9.254
1960.300,5.092
1960.325,3.886
1960.350,2.457
1960.375,4.848
1960.400,8.263
1960.425,4.800
1960.450,10.628
1960.475,4.652
1960.500,10.754
1960.525,6.760
1960.550,7.765
1960.575,4.988
1960.600,7.908
1960.625,6.392
1960.650,6.613
1960.675,8.262
1960.700,8.362
1960.725,7.053
1960.750,9.487
1960.775,8.075
1960.800,5.368
1960.825,4.100
1960.850,7.013
1960.875,12.822
1960.900,7.438
1960.925,5.713
1960.950,1.825
1960.975,12.817
1961.000,6.666
1961.025,4.853
1961.050,11.768
1961.075,6.402
1961.100,5.849
1961.125,10.145
1961.150,7.414
1961.175,6.070
1961.200,10.016
1961.225,5.506
1961.250,7.343
1961.275,7.660
1961.300,10.202
1961.325,7.415
1961.350,3.960
1961.375,6.359
1961.400,6.943
1961.425,9.378
1961.450,6.422
1961.475,9.574
1961.500,8.458
1961.525,6.946
1961.550,6.871
1961.575,8.258
1961.600,6.898
1961.625,5.233
1961.650,9.041
1961.675,6.007
1961.700,4.143
1961.725,7.981
1961.750,5.803
1961.775,10.408
1961.800,7.463
1961.825,8.518
1961.850,9.981
1961.875,6.115
1961.900,8.058
1961.925,9.141
1961.950,6.179
1961.975,4.050
1962.000,7.746
1962.025,10.353
1962.050,10.827
1962.075,6.309
1962.100,10.260
1962.125,7.844
1962.150,6.086
1962.175,9.317
1962.200,7.293
1962.225,6.799
1962.250,10.453
1962.275,7.824
1962.300,6.227
1962.325,15.074
1962.350,10.211
1962.375,8.268
1962.400,5.348
1962.425,8.873
1962.450,10.509
1962.475,6.086
1962.500,12.314
1962.525,10.982
1962.550,6.820
1962.575,8.767
1962.600,11.220
1962.625,10.867
1962.650,10.147
1962.675,6.680
1962.700,8.001
1962.725,8.646
1962.750,10.096
1962.775,6.804
1962.800,9.069
1962.825,8.703
1962.850,6.698
1962.875,7.973
1962.900,5.507
1962.925,3.793
1962.950,11.875
1962.975,7.551
1963.000,10.273
1963.025,6.680
1963.050,8.423
1963.075,8.634
1963.100,6.462
1963.125,9.875
1963.150,7.412
1963.175,6.962
1963.200,9.969
1963.225,9.214
1963.250,8.211
1963.275,10.053
1963.300,7.759
1963.325,7.988
1963.350,6.380
1963.375,6.764
1963.400,5.213
1963.425,8.843
1963.450,7.278
1963.475,7.432
1963.500,10.080
1963.525,7.440
1963.550,7.208
1963.575,6.881
1963.600,6.062
1963.625,5.486
1963.650,7.988
1963.675,11.402
1963.700,7.236
1963.725,11.507
1963.750,10.137
1963.775,8.309
1963.800,10.128
1963.825,3.220
1963.850,7.456
1963.875,8.202
1963.900,7.675
1963.925,4.671
1963.950,8.614
1963.975,7.729
1964.000,9.512
1964.025,5.943
1964.050,7.984
1964.075,10.942
1964.100,7.994
1964.125,5.289
1964.150,6.640
1964.175,7.307
1964.200,7.706
1964.225,6.807
1964.250,10.066
1964.275,10.930
1964.300,6.796
1964.325,9.135
1964.350,10.375
1964.375,4.326
1964.400,5.935
1964.425,6.261
1964.450,9.709
1964.475,6.139
1964.500,6.907
1964.525,9.845
1964.550,7.551
1964.575,6.008
1964.600,9.123
1964.625,8.301
1964.650,8.492
1964.675,7.391
1964.700,7.447
1964.725,7.408
1964.750,8.349
1964.775,8.886
1964.800,8.614
1964.825,7.273
1964.850,9.160
1964.875,9.796
1964.900,8.393
1964.925,3.472
1964.950,6.908
1964.975,5.722
1965.000,11.603
1965.025,8.891
1965.050,8.234
1965.075,11.702
1965.100,9.266
1965.125,5.746
1965.150,5.519
1965.175,8.673
1965.200,9.355
1965.225,6.475
1965.250,8.309
1965.275,8.353
1965.300,8.648
1965.325,8.528
1965.350,4.738
1965.375,3.940
1965.400,7.002
1965.425,7.862
1965.450,3.127
1965.475,3.582
1965.500,4.222
1965.525,4.654
1965.550,5.625
1965.575,4.170
1965.600,8.112
1965.625,7.930
1965.650,3.235
1965.675,4.968
1965.700,5.080
1965.725,7.350
1965.750,6.265
1965.775,7.484
1965.800,4.043
1965.825,11.057
1965.850,3.056
1965.875,5.863
1965.900,6.538
1965.925,8.102
1965.950,6.623
1965.975,3.463
1966.000,5.037
1966.025,4.933
1966.050,6.077
1966.075,8.107
1966.100,7.086
1966.125,8.085
1966.150,6.666
1966.175,7.464
1966.200,6.861
1966.225,6.081
1966.250,6.532
1966.275,5.433
1966.300,4.733
1966.325,6.052
1966.350,2.775
1966.375,6.097
1966.400,8.285
1966.425,11.567
1966.450,4.843
1966.475,7.824
1966.500,4.012
1966.525,7.886
1966.550,6.543
1966.575,6.369
1966.600,4.923
1966.625,8.145
1966.650,11.582
1966.675,9.998
1966.700,8.099
1966.725,6.314
1966.750,9.903
1966.775,5.303
1966.800,4.899
1966.825,9.137
1966.850,8.009
1966.875,4.490
1966.900,10.709
1966.925,10.600
1966.950,11.592
1966.975,7.816
1967.000,4.358
1967.025,5.958
1967.050,6.987
1967.075,10.436
1967.100,8.635
1967.125,8.492
1967.150,7.671
1967.175,2.925
1967.200,5.550
1967.225,5.406
1967.250,5.010
1967.275,5.732
1967.300,3.464
1967.325,9.965
1967.350,5.738
1967.375,6.238
1967.400,6.215
1967.425,7.293
1967.450,8.050
1967.475,10.659
1967.500,9.272
1967.525,10.433
1967.550,8.606
1967.575,9.817
1967.600,6.901
1967.625,5.057
1967.650,10.836
1967.675,4.135
1967.700,10.443
1967.725,8.262
1967.750,8.812
1967.775,9.403
1967.800,8.933
1967.825,6.354
1967.850,6.205
1967.875,9.999
1967.900,5.335
1967.925,12.717
1967.950,11.813
1967.975,6.203
1968.000,10.070
1968.025,9.073
1968.050,9.927
1968.075,5.882
1968.100,10.198
1968.125,3.521
1968.150,8.737
1968.175,8.591
1968.200,5.440
1968.225,11.366
1968.250,6.441
1968.275,11.270
1968.300,5.011
1968.325,8.903
1968.350,6.566
1968.375,5.354
1968.400,7.259
1968.425,2.549
1968.450,8.696
1968.475,3.556
1968.500,7.611
1968.525,5.428
1968.550,8.557
1968.575,6.721
1968.600,9.426
1968.625,7.130
1968.650,8.979
1968.675,7.889
1968.700,7.192
1968.725,6.647
1968.750,5.445
1968.775,6.425
1968.800,9.751
1968.825,10.637
1968.850,7.188
1968.875,5.081
1968.900,4.901
1968.925,5.219
1968.950,5.700
1968.975,7.158
1969.000,8.812
1969.025,7.508
1969.050,6.644
1969.075,3.884
1969.100,5.019
1969.125,4.521
1969.150,7.579
1969.175,4.651
1969.200,3.160
1969.225,2.606
1969.250,2.786
1969.275,3.597
1969.300,4.620
1969.325,3.989
1969.350,5.836
1969.375,2.078
1969.400,7.317
1969.425,5.224
1969.450,5.490
1969.475,3.336
1969.500,5.098
1969.525,5.342
1969.550,5.229
1969.575,3.545
1969.600,4.143
1969.625,4.882
1969.650,4.578
1969.675,7.250
1969.700,4.889
1969.725,5.187
1969.750,4.858
1969.775,5.100
1969.800,1.895
1969.825,4.495
1969.850,2.485
1969.875,4.276
1969.900,6.238
1969.925,6.219
1969.950,5.435
1969.975,4.267
1970.000,3.317
1970.025,4.746
1970.050,5.074
1970.075,4.042
1970.100,4.288
1970.125,3.533
1970.150,4.626
1970.175,5.257
1970.200,5.001
1970.225,3.045
1970.250,3.189
1970.275,3.442
1970.300,2.738
1970.325,3.104
1970.350,3.666
1970.375,3.488
1970.400,4.862
1970.425,5.084
1970.450,7.250
1970.475,5.015
1970.500,6.610
1970.525,6.268
1970.550,7.150
1970.575,3.455
1970.600,4.050
1970.625,5.459
1970.650,4.789
1970.675,5.147
1970.700,4.161
1970.725,4.265
1970.750,4.497
1970.775,7.313
1970.800,4.981
1970.825,3.659
1970.850,8.900
1970.875,7.541
1970.900,5.824
1970.925,4.505
1970.950,5.172
1970.975,4.964
1971.000,4.684
1971.025,6.418
1971.050,2.980
1971.075,4.557
1971.100,3.670
1971.125,3.648
1971.150,5.399
1971.175,4.834
1971.200,6.942
1971.225,8.625
1971.250,7.835
1971.275,5.312
1971.300,6.428
1971.325,5.329
1971.350,5.068
1971.375,4.584
1971.400,6.239
1971.425,3.329
1971.450,7.058
1971.475,5.484
1971.500,4.039
1971.525,7.652
1971.550,5.112
1971.575,3.477
1971.600,6.690
1971.625,6.414
1971.650,6.569
1971.675,6.825
1971.700,6.014
1971.725,3.845
1971.750,5.362
1971.775,6.134
1971.800,7.719
1971.825,7.720
1971.850,5.421
1971.875,9.700
1971.900,4.222
1971.925,6.681
1971.950,4.959
1971.975,9.929
1972.000,10.412
1972.025,1.530
1972.050,5.117
1972.075,4.703
1972.100,3.415
1972.125,2.665
1972.150,5.292
1972.175,4.233
1972.200,6.645
1972.225,6.842
1972.250,4.187
1972.275,4.131
1972.300,5.849
1972.325,7.778
1972.350,6.902
1972.375,5.736
1972.400,4.422
1972.425,4.254
1972.450,5.006
1972.475,2.975
1972.500,4.221
1972.525,6.633
1972.550,6.183
1972.575,4.461
1972.600,4.036
1972.625,4.837
1972.650,3.508
1972.675,4.028
1972.700,6.889
1972.725,6.390
1972.750,3.493
1972.775,3.994
1972.800,4.139
1972.825,5.629
1972.850,2.898
1972.875,7.214
1972.900,6.762
1972.925,3.249
1972.950,3.218
1972.975,8.279
1973.000,6.790
1973.025,4.688
1973.050,9.845
1973.075,6.303
1973.100,5.780
1973.125,2.170
1973.150,9.163
1973.175,4.985
1973.200,5.497
1973.225,7.433
1973.250,7.206
1973.275,6.243
1973.300,5.422
1973.325,9.391
1973.350,5.413
1973.375,2.325
1973.400,6.534
1973.425,8.523
1973.450,3.864
1973.475,2.015
1973.500,2.509
1973.525,4.183
1973.550,5.139
1973.575,4.521
1973.600,5.172
1973.625,5.921
1973.650,5.046
1973.675,5.097
1973.700,6.145
1973.725,5.095
1973.750,10.060
1973.775,5.907
1973.800,4.356
1973.825,6.968
1973.850,7.373
1973.875,5.406
1973.900,6.715
1973.925,5.187
1973.950,6.137
1973.975,4.267
1974.000,5.225
1974.025,6.317
1974.050,7.139
1974.075,5.788
1974.100,5.602
1974.125,4.939
1974.150,5.318
1974.175,6.094
1974.200,7.723
1974.225,4.459
1974.250,8.180
1974.275,5.762
1974.300,6.440
1974.325,5.175
1974.350,6.756
1974.375,6.676
1974.400,6.705
1974.425,6.226
1974.450,3.564
1974.475,4.952
1974.500,6.094
1974.525,3.212
1974.550,6.671
1974.575,4.671
1974.600,7.537
1974.625,5.450
1974.650,5.889
1974.675,3.675
1974.700,5.127
1974.725,6.573
1974.750,5.239
1974.775,7.270
1974.800,7.691
1974.825,5.851
1974.850,5.292
1974.875,7.108
1974.900,3.874
1974.925,6.107
1974.950,6.415
1974.975,4.261
1975.000,4.281
1975.025,6.234
1975.050,8.313
1975.075,3.984
1975.100,5.195
1975.125,4.317
1975.150,3.127
1975.175,1.853
1975.200,3.024
1975.225,6.431
1975.250,6.572
1975.275,3.531
1975.300,5.624
1975.325,7.043
1975.350,8.586
1975.375,4.087
1975.400,7.217
1975.425,4.617
1975.450,5.237
1975.475,4.622
1975.500,5.402
1975.525,5.979
1975.550,8.307
1975.575,5.344
1975.600,5.874
1975.625,3.294
1975.650,4.995
1975.675,1.793
1975.700,4.137
1975.725,3.576
1975.750,5.962
1975.775,8.379
1975.800,3.589
1975.825,3.249
1975.850,6.470
1975.875,2.607
1975.900,3.297
1975.925,8.406
1975.950,5.579
1975.975,5.754
1976.000,3.830
1976.025,7.155
1976.050,2.796
1976.075,4.149
1976.100,2.625
1976.125,4.713
1976.150,7.080
1976.175,4.496
1976.200,6.784
1976.225,4.665
1976.250,4.560
1976.275,5.707
1976.300,8.060
1976.325,4.754
1976.350,6.441
1976.375,4.728
1976.400,6.005
1976.425,4.175
1976.450,5.078
1976.475,7.894
1976.500,4.955
1976.525,8.744
1976.550,4.322
1976.575,6.285
1976.600,7.890
1976.625,3.639
1976.650,11.945
1976.675,4.714
1976.700,6.372
1976.725,6.839
1976.750,4.888
1976.775,3.753
1976.800,4.712
1976.825,2.794
1976.850,4.183
1976.875,9.365
1976.900,6.214
1976.925,8.778
1976.950,5.786
1976.975,7.082
1977.000,5.631
1977.025,5.203
1977.050,6.838
1977.075,3.286
1977.100,4.457
1977.125,5.963
1977.150,3.420
1977.175,3.845
1977.200,2.584
1977.225,5.021
1977.250,5.812
1977.275,8.006
1977.300,5.888
1977.325,6.234
1977.350,5.507
1977.375,8.248
1977.400,5.797
1977.425,4.636
1977.450,6.010
1977.475,5.113
1977.500,6.411
1977.525,4.639
1977.550,7.007
1977.575,6.526
1977.600,6.127
1977.625,6.977
1977.650,5.353
1977.675,6.500
1977.700,8.205
1977.725,8.973
1977.750,7.938
1977.775,5.563
1977.800,8.475
1977.825,3.429
1977.850,7.411
1977.875,6.705
1977.900,6.927
1977.925,4.822
1977.950,5.184
1977.975,7.091
1978.000,6.671
1978.025,4.013
1978.050,3.784
1978.075,9.195
1978.100,11.143
1978.125,6.894
1978.150,4.806
1978.175,6.587
1978.200,7.063
1978.225,5.651
1978.250,7.439
1978.275,9.002
1978.300,6.711
1978.325,5.665
1978.350,4.918
1978.375,3.341
1978.400,6.298
1978.425,6.595
1978.450,6.237
1978.475,5.698
1978.500,4.031
1978.525,3.104
1978.550,5.340
1978.575,9.682
1978.600,5.920
1978.625,6.185
1978.650,7.085
1978.675,5.916
1978.700,7.845
1978.725,5.024
1978.750,5.698
1978.775,7.401
1978.800,5.168
1978.825,7.113
1978.850,7.042
1978.875,9.746
1978.900,7.102
1978.925,5.655
1978.950,7.084
1978.975,5.363
1979.000,6.860
1979.025,8.269
1979.050,9.503
1979.075,4.913
1979.100,8.876
1979.125,11.110
1979.150,5.248
1979.175,6.601
1979.200,4.223
1979.225,7.097
1979.250,6.546
1979.275,7.834
1979.300,7.471
1979.325,5.760
1979.350,7.527
1979.375,5.395
1979.400,3.105
1979.425,6.726
1979.450,10.361
1979.475,2.807
1979.500,9.823
1979.525,8.083
1979.550,5.927
1979.575,7.735
1979.600,6.821
1979.625,7.255
1979.650,6.855
1979.675,4.204
1979.700,2.538
1979.725,3.225
1979.750,5.128
1979.775,2.767
1979.800,4.833
1979.825,3.756
1979.850,4.002
1979.875,5.660
1979.900,6.391
1979.925,6.019
1979.950,4.207
1979.975,4.058
1980.000,4.889
1980.025,4.025
1980.050,7.872
1980.075,3.383
1980.100,3.491
1980.125,3.363
1980.150,5.357
1980.175,2.916
1980.200,3.574
1980.225,5.941
1980.250,5.862
1980.275,3.619
1980.300,5.418
1980.325,6.117
1980.350,2.326
1980.375,5.396
1980.400,9.461
1980.425,9.251
1980.450,4.653
1980.475,10.127
1980.500,9.940
1980.525,11.952
1980.550,14.868
1980.575,11.284
1980.600,7.433
1980.625,8.818
1980.650,11.025
1980.675,5.857
1980.700,7.911
1980.725,9.344
1980.750,8.539
1980.775,8.980
1980.800,10.840
1980.825,6.281
1980.850,7.025
1980.875,13.476
1980.900,10.199
1980.925,6.725
1980.950,5.567
1980.975,10.094
1981.000,8.461
1981.025,8.122
1981.050,4.916
1981.075,8.593
1981.100,5.798
1981.125,3.466
1981.150,6.942
1981.175,5.904
1981.200,8.120
1981.225,4.811
1981.250,10.846
1981.275,8.637
1981.300,9.240
1981.325,8.520
1981.350,8.879
1981.375,7.844
1981.400,6.111
1981.425,7.295
1981.450,10.046
1981.475,3.623
1981.500,11.326
1981.525,7.500
1981.550,4.393
1981.575,6.808
1981.600,6.037
1981.625,5.767
1981.650,6.279
1981.675,8.509
1981.700,6.285
1981.725,3.845
1981.750,5.564
1981.775,3.534
1981.800,4.219
1981.825,8.231
1981.850,6.222
1981.875,5.174
1981.900,4.752
1981.925,6.141
1981.950,5.609
1981.975,5.876
1982.000,6.724
1982.025,6.835
1982.050,6.676
1982.075,6.012
1982.100,5.801
1982.125,4.894
1982.150,8.239
1982.175,3.894
1982.200,5.109
1982.225,4.836
1982.250,5.542
1982.275,9.414
1982.300,7.658
1982.325,7.306
1982.350,3.564
1982.375,6.579
1982.400,6.110
1982.425,7.646
1982.450,6.206
1982.475,6.061
1982.500,5.264
1982.525,8.134
1982.550,5.004
1982.575,5.903
1982.600,11.536
1982.625,9.027
1982.650,5.969
1982.675,6.980
1982.700,4.836
1982.725,9.358
1982.750,6.582
1982.775,6.582
1982.800,7.219
1982.825,7.901
1982.850,6.891
1982.875,6.426
1982.900,9.466
1982.925,4.763
1982.950,8.271
1982.975,6.777
1983.000,6.498
1983.025,5.717
1983.050,9.718
1983.075,5.921
1983.100,7.547
1983.125,8.101
1983.150,3.594
1983.175,7.257
1983.200,5.967
1983.225,7.457
1983.250,5.157
1983.275,7.811
1983.300,5.288
1983.325,5.733
1983.350,4.726
1983.375,7.976
1983.400,3.157
1983.425,5.695
1983.450,6.921
1983.475,6.255
1983.500,11.595
1983.525,6.068
1983.550,7.068
1983.575,5.522
1983.600,12.663
1983.625,2.354
1983.650,4.288
1983.675,7.177
1983.700,8.832
1983.725,7.618
1983.750,6.977
1983.775,6.544
1983.800,5.903
1983.825,8.905
1983.850,8.999
1983.875,6.319
1983.900,9.035
1983.925,5.252
1983.950,6.123
1983.975,7.085
1984.000,6.505
1984.025,8.260
1984.050,8.679
1984.075,8.633
1984.100,11.419
1984.125,6.423
1984.150,4.952
1984.175,6.818
1984.200,6.460
1984.225,7.890
1984.250,8.546
1984.275,7.471
1984.300,8.654
1984.325,4.567
1984.350,8.933
1984.375,3.013
1984.400,10.153
1984.425,7.120
1984.450,13.048
1984.475,10.884
1984.500,9.892
1984.525,8.833
1984.550,6.671
1984.575,7.287
1984.600,7.458
1984.625,5.208
1984.650,7.075
1984.675,10.082
1984.700,6.557
1984.725,6.695
1984.750,8.678
1984.775,8.288
1984.800,7.858
1984.825,7.641
1984.850,6.117
1984.875,8.183
1984.900,7.104
1984.925,10.334
1984.950,10.413
1984.975,10.409
1985.000,10.347
1985.025,9.196
1985.050,8.297
1985.075,10.409
1985.100,11.826
1985.125,7.491
1985.150,5.190
1985.175,5.700
1985.200,6.776
1985.225,6.976
1985.250,5.516
1985.275,6.595
1985.300,8.542
1985.325,10.332
1985.350,9.984
1985.375,5.310
1985.400,9.235
1985.425,7.838
1985.450,9.393
1985.475,8.979
1985.500,6.747
1985.525,8.021
1985.550,7.369
1985.575,6.957
1985.600,7.339
1985.625,7.616
1985.650,8.970
1985.675,6.497
1985.700,4.877
1985.725,6.508
1985.750,3.914
1985.775,6.223
1985.800,10.778
1985.825,7.784
1985.850,5.920
1985.875,5.515
1985.900,7.514
1985.925,6.955
1985.950,4.194
1985.975,6.999
1986.000,8.481
1986.025,6.017
1986.050,5.765
1986.075,4.190
1986.100,5.535
1986.125,7.613
1986.150,6.926
1986.175,5.538
1986.200,4.296
1986.225,6.569
1986.250,5.286
1986.275,9.643
1986.300,6.943
1986.325,8.544
1986.350,4.561
1986.375,7.667
1986.400,7.253
1986.425,6.551
1986.450,7.738
1986.475,5.774
1986.500,4.840
1986.525,4.640
1986.550,2.724
1986.575,3.878
1986.600,5.125
1986.625,5.317
1986.650,3.863
1986.675,6.568
1986.700,5.499
1986.725,4.512
1986.750,4.418
1986.775,4.661
1986.800,2.498
1986.825,4.560
1986.850,3.515
1986.875,9.056
1986.900,6.497
1986.925,6.775
1986.950,3.400
1986.975,4.344
1987.000,1.148
1987.025,3.390
1987.050,5.873
1987.075,3.240
1987.100,6.931
1987.125,2.696
1987.150,6.359
1987.175,2.472
1987.200,3.958
1987.225,2.876
1987.250,2.728
1987.275,7.365
1987.300,6.914
1987.325,6.892
1987.350,1.832
1987.375,9.478
1987.400,8.487
1987.425,7.988
1987.450,7.438
1987.475,5.179
1987.500,7.606
1987.525,2.434
1987.550,4.991
1987.575,3.277
1987.600,9.470
1987.625,4.006
1987.650,4.346
1987.675,3.717
1987.700,8.809
1987.725,4.446
1987.750,6.758
1987.775,6.075
1987.800,6.516
1987.825,2.303
1987.850,6.650
1987.875,5.725
1987.900,6.298
1987.925,4.628
1987.950,6.272
1987.975,4.643
1988.000,7.881
1988.025,4.613
1988.050,4.480
1988.075,5.242
1988.100,6.078
1988.125,5.226
1988.150,3.884
1988.175,4.484
1988.200,8.919
1988.225,10.581
1988.250,10.825
1988.275,12.067
1988.300,9.074
1988.325,11.980
1988.350,11.779
1988.375,7.498
1988.400,3.986
1988.425,9.657
1988.450,2.800
1988.475,5.298
1988.500,8.058
1988.525,5.280
1988.550,5.456
1988.575,6.463
1988.600,8.408
1988.625,11.554
1988.650,10.235
1988.675,6.715
1988.700,8.903
1988.725,3.917
1988.750,10.349
1988.775,8.411
1988.800,6.712
1988.825,4.358
1988.850,7.089
1988.875,2.652
1988.900,4.613
1988.925,4.499
1988.950,10.083
1988.975,9.440
1989.000,9.880
1989.025,5.354
1989.050,6.923
1989.075,4.985
1989.100,6.409
1989.125,8.147
1989.150,3.688
1989.175,5.641
1989.200,2.325
1989.225,5.856
1989.250,5.693
1989.275,4.673
1989.300,3.144
1989.325,3.998
1989.350,8.040
1989.375,3.780
1989.400,3.554
1989.425,6.699
1989.450,6.641
1989.475,3.769
1989.500,3.342
1989.525,4.187
1989.550,4.388
1989.575,6.815
1989.600,2.441
1989.625,5.701
1989.650,3.187
1989.675,4.566
1989.700,3.178
1989.725,5.804
1989.750,5.269
1989.775,7.151
1989.800,2.919
1989.825,4.287
1989.850,3.488
1989.875,4.094
1989.900,3.298
1989.925,4.135
1989.950,5.848
1989.975,4.209
1990.000,12.315
1990.025,8.816
1990.050,4.897
1990.075,8.303
1990.100,7.008
1990.125,9.693
1990.150,7.169
1990.175,7.506
1990.200,6.394
1990.225,7.657
1990.250,5.559
1990.275,4.354
1990.300,6.627
1990.325,4.418
1990.350,5.555
1990.375,9.495
1990.400,8.650
1990.425,7.209
1990.450,7.991
1990.475,7.820
1990.500,7.408
1990.525,7.814
1990.550,5.110
1990.575,8.444
1990.600,4.774
1990.625,6.298
1990.650,8.612
1990.675,4.722
1990.700,8.491
1990.725,7.021
1990.750,8.258
1990.775,5.769
1990.800,6.536
1990.825,7.734
1990.850,8.647
1990.875,8.487
1990.900,8.525
1990.925,9.397
1990.950,7.665
1990.975,6.282
1991.000,3.172
1991.025,6.401
1991.050,8.714
1991.075,7.203
1991.100,7.932
1991.125,3.026
1991.150,6.873
1991.175,4.017
1991.200,2.426
1991.225,4.161
1991.250,4.474
1991.275,2.191
1991.300,1.920
1991.325,3.659
1991.350,6.661
1991.375,3.121
1991.400,6.577
1991.425,5.040
1991.450,6.973
1991.475,7.175
1991.500,1.891
1991.525,5.103
1991.550,6.173
1991.575,4.918
1991.600,5.677
1991.625,9.215
1991.650,5.375
1991.675,2.970
1991.700,5.455
1991.725,5.772
1991.750,5.829
1991.775,6.786
1991.800,7.108
1991.825,7.073
1991.850,5.642
1991.875,3.660
1991.900,4.126
1991.925,4.162
1991.950,2.951
1991.975,3.283
1992.000,5.827
1992.025,2.682
1992.050,5.671
1992.075,5.822
1992.100,5.442
1992.125,5.761
1992.150,3.610
1992.175,4.010
1992.200,6.210
1992.225,1.825
1992.250,3.989
1992.275,5.472
1992.300,6.225
1992.325,2.895
1992.350,3.298
1992.375,6.366
1992.400,4.191
1992.425,2.676
1992.450,6.917
1992.475,2.686
1992.500,3.239
1992.525,4.877
1992.550,6.767
1992.575,8.263
1992.600,5.154
1992.625,3.357
1992.650,6.120
1992.675,3.884
1992.700,4.256
1992.725,3.423
1992.750,6.596
1992.775,3.935
1992.800,3.007
1992.825,3.916
1992.850,3.022
1992.875,5.340
1992.900,3.662
1992.925,4.606
1992.950,2.299
1992.975,5.337
1993.000,4.690
1993.025,7.849
1993.050,2.983
1993.075,5.748
1993.100,2.399
1993.125,2.687
1993.150,3.498
1993.175,6.579
1993.200,4.564
1993.225,6.159
1993.250,6.645
1993.275,6.217
1993.300,5.327
1993.325,7.298
1993.350,5.194
1993.375,3.597
1993.400,1.290
1993.425,5.590
1993.450,4.712
1993.475,7.702
1993.500,4.820
1993.525,4.236
1993.550,6.748
1993.575,9.251
1993.600,8.608
1993.625,4.808
1993.650,4.722
1993.675,5.853
1993.700,5.256
1993.725,4.592
1993.750,2.142
1993.775,4.029
1993.800,3.976
1993.825,4.870
1993.850,3.959
1993.875,4.021
1993.900,5.055
1993.925,3.226
1993.950,2.089
1993.975,2.609
1994.000,1.956
1994.025,4.188
1994.050,5.364
1994.075,5.772
1994.100,4.016
1994.125,2.997
1994.150,1.748
1994.175,3.660
1994.200,5.909
1994.225,4.215
1994.250,4.389
1994.275,3.362
1994.300,4.850
1994.325,7.297
1994.350,4.260
1994.375,1.830
1994.400,4.854
1994.425,6.499
1994.450,3.688
1994.475,3.978
1994.500,8.371
1994.525,6.081
1994.550,4.316
1994.575,2.724
1994.600,4.298
1994.625,5.738
1994.650,2.408
1994.675,4.420
1994.700,4.380
1994.725,4.603
1994.750,2.022
1994.775,3.542
1994.800,2.876
1994.825,2.365
1994.850,4.239
1994.875,2.329
1994.900,3.987
1994.925,4.861
1994.950,3.626
1994.975,5.991
1995.000,4.981
1995.025,3.147
1995.050,4.151
1995.075,4.744
1995.100,4.939
1995.125,5.906
1995.150,6.544
1995.175,5.232
1995.200,5.827
1995.225,6.168
1995.250,4.399
1995.275,2.826
1995.300,3.152
1995.325,4.281
1995.350,5.961
1995.375,4.603
1995.400,4.761
1995.425,3.154
1995.450,4.128
1995.475,2.989
1995.500,7.024
1995.525,2.002
1995.550,6.537
1995.575,5.124
1995.600,4.226
1995.625,4.590
1995.650,3.443
1995.675,6.513
1995.700,6.177
1995.725,2.954
1995.750,4.641
1995.775,4.587
1995.800,5.644
1995.825,7.149
1995.850,4.834
1995.875,2.323
1995.900,4.830
1995.925,4.751
1995.950,4.084
1995.975,3.445
1996.000,5.423
1996.025,2.029
1996.050,4.094
1996.075,7.149
1996.100,6.855
1996.125,3.236
1996.150,5.073
1996.175,2.653
1996.200,3.770
1996.225,4.993
1996.250,7.942
1996.275,4.730
1996.300,3.050
1996.325,6.666
1996.350,3.385
1996.375,4.195
1996.400,5.442
1996.425,5.370
1996.450,4.162
1996.475,5.731
1996.500,3.341
1996.525,4.906
1996.550,7.863
1996.575,6.651
1996.600,2.187
1996.625,2.069
1996.650,4.345
1996.675,3.727
1996.700,4.243
1996.725,3.486
1996.750,6.914
1996.775,4.936
1996.800,5.472
1996.825,4.981
1996.850,6.019
1996.875,7.479
1996.900,3.418
1996.925,5.790
1996.950,4.981
1996.975,3.769
1997.000,4.410
1997.025,5.211
1997.050,3.113
1997.075,4.486
1997.100,3.467
1997.125,5.639
1997.150,2.741
1997.175,4.047
1997.200,1.476
1997.225,4.129
1997.250,6.236
1997.275,4.150
1997.300,5.881
1997.325,6.347
1997.350,4.478
1997.375,4.361
1997.400,4.977
1997.425,3.716
1997.450,3.288
1997.475,4.125
1997.500,4.969
1997.525,3.762
1997.550,2.431
1997.575,3.718
1997.600,2.890
1997.625,3.830
1997.650,4.117
1997.675,6.498
1997.700,3.561
1997.725,3.856
1997.750,3.674
1997.775,3.859
1997.800,5.854
1997.825,4.407
1997.850,4.259
1997.875,2.221
1997.900,2.214
1997.925,2.538
1997.950,4.217
1997.975,2.633
1998.000,7.333
1998.025,4.207
1998.050,3.670
1998.075,5.554
1998.100,4.024
1998.125,6.958
1998.150,6.042
1998.175,5.199
1998.200,5.401
1998.225,4.752
1998.250,3.289
1998.275,4.855
1998.300,3.064
1998.325,2.447
1998.350,5.899
1998.375,6.725
1998.400,6.031
1998.425,4.424
1998.450,5.632
1998.475,4.796
1998.500,4.140
1998.525,4.820
1998.550,4.773
1998.575,4.241
1998.600,2.469
1998.625,3.386
1998.650,3.061
1998.675,6.541
1998.700,7.330
1998.725,3.343
1998.750,5.197
1998.775,4.797
1998.800,6.547
1998.825,3.266
1998.850,4.197
1998.875,4.399
1998.900,6.780
1998.925,4.728
1998.950,5.566
1998.975,3.962
1999.000,4.435
1999.025,2.387
1999.050,3.101
1999.075,3.093
1999.100,2.048
1999.125,4.425
1999.150,3.247
1999.175,5.938
1999.200,6.441
1999.225,4.250
1999.250,3.227
1999.275,2.826
1999.300,4.846
1999.325,2.121
1999.350,4.263
1999.375,5.236
1999.400,2.151
1999.425,2.762
1999.450,2.716
1999.475,4.093
1999.500,7.527
1999.525,2.803
1999.550,3.841
1999.575,5.448
1999.600,3.756
1999.625,5.348
1999.650,5.653
1999.675,2.901
1999.700,2.545
1999.725,4.595
1999.750,5.990
1999.775,2.949
1999.800,3.895
1999.825,4.450
1999.850,5.448
1999.875,4.496
1999.900,3.721
1999.925,3.151
1999.950,3.173
1999.975,3.256
2000.000,7.684
2000.025,4.513
2000.050,3.463
2000.075,6.727
2000.100,4.929
2000.125,4.378
2000.150,4.983
2000.175,3.261
2000.200,2.659
2000.225,2.391
2000.250,4.458
2000.275,1.639
2000.300,4.632
2000.325,2.724
2000.350,5.601
2000.375,4.700
2000.400,3.965
2000.425,3.397
2000.450,4.487
2000.475,3.986
2000.500,4.266
2000.525,4.272
2000.550,5.173
2000.575,3.918
2000.600,3.210
2000.625,8.430
2000.650,4.366
2000.675,6.321
2000.700,4.064
2000.725,5.696
2000.750,3.444
2000.775,6.244
2000.800,3.375
2000.825,2.666
2000.850,3.328
2000.875,3.275
2000.900,6.002
2000.925,5.689
2000.950,6.022
2000.975,4.373
2001.000,5.021
2001.025,3.774
2001.050,2.267
2001.075,2.250
2001.100,4.288
2001.125,6.212
2001.150,5.282
2001.175,4.673
2001.200,4.183
2001.225,6.207
2001.250,4.672
2001.275,5.414
2001.300,4.387
2001.325,3.132
2001.350,3.448
2001.375,4.321
2001.400,2.436
2001.425,4.082
2001.450,4.400
2001.475,5.293
2001.500,3.472
2001.525,5.209
2001.550,6.958
2001.575,4.725
2001.600,3.131
2001.625,4.272
2001.650,3.805
2001.675,3.769
2001.700,3.515
2001.725,5.007
2001.750,2.504
2001.775,5.649
2001.800,7.412
2001.825,3.732
2001.850,6.555
2001.875,10.779
2001.900,3.219
2001.925,9.721
2001.950,4.398
2001.975,3.231
2002.000,7.339
2002.025,3.398
2002.050,3.695
2002.075,4.486
2002.100,6.497
2002.125,4.500
2002.150,5.831
2002.175,4.859
2002.200,4.566
2002.225,5.736
2002.250,3.458
2002.275,3.689
2002.300,4.059
2002.325,3.694
2002.350,3.188
2002.375,5.497
2002.400,3.702
2002.425,5.011
2002.450,6.851
2002.475,3.805
2002.500,6.247
2002.525,4.075
2002.550,4.480
2002.575,5.351
2002.600,3.588
2002.625,5.053
2002.650,5.720
2002.675,4.774
2002.700,5.371
2002.725,2.157
2002.750,5.119
2002.775,3.787
2002.800,6.011
2002.825,4.683
2002.850,2.086
2002.875,5.237
2002.900,4.407
2002.925,3.675
2002.950,1.590
2002.975,2.940
2003.000,4.553
2003.025,8.473
2003.050,5.715
2003.075,3.776
2003.100,6.293
2003.125,4.404
2003.150,3.654
2003.175,4.884
2003.200,3.611
2003.225,4.245
2003.250,4.042
2003.275,5.344
2003.300,4.257
2003.325,2.532
2003.350,4.091
2003.375,2.643
2003.400,3.968
2003.425,3.393
2003.450,6.619
2003.475,5.877
2003.500,4.444
2003.525,6.379
2003.550,3.522
2003.575,3.565
2003.600,5.496
2003.625,3.897
2003.650,4.759
2003.675,3.472
2003.700,4.002
2003.725,5.783
2003.750,5.686
2003.775,3.347
2003.800,2.024
2003.825,3.403
2003.850,1.841
2003.875,2.998
2003.900,4.795
2003.925,3.986
2003.950,4.607
2003.975,3.751
2004.000,3.725
2004.025,2.437
2004.050,3.886
2004.075,5.096
2004.100,4.693
2004.125,4.415
2004.150,2.955
2004.175,3.293
2004.200,3.735
2004.225,6.408
2004.250,3.963
2004.275,2.326
2004.300,1.898
2004.325,4.171
2004.350,4.675
2004.375,3.633
2004.400,2.249
2004.425,3.517
2004.450,5.551
2004.475,5.570
2004.500,4.818
2004.525,3.875
2004.550,3.462
2004.575,6.329
2004.600,5.990
2004.625,5.326
2004.650,3.213
2004.675,4.442
2004.700,4.759
2004.725,3.106
2004.750,4.951
2004.775,2.095
2004.800,3.231
2004.825,4.202
2004.850,5.600
2004.875,2.516
2004.900,5.221
2004.925,3.435
2004.950,3.872
2004.975,4.620
2005.000,3.311
2005.025,4.747
2005.050,4.138
2005.075,4.160
2005.100,3.253
2005.125,5.809
2005.150,5.421
2005.175,3.372
2005.200,3.166
2005.225,4.633
2005.250,3.206
2005.275,3.049
2005.300,6.321
2005.325,4.198
2005.350,2.412
2005.375,3.807
2005.400,3.908
2005.425,4.026
2005.450,4.330
2005.475,2.331
2005.500,3.184
2005.525,1.587
2005.550,3.129
2005.575,3.505
2005.600,5.902
2005.625,5.460
2005.650,6.957
2005.675,2.806
2005.700,4.805
2005.725,4.393
2005.750,2.290
2005.775,5.305
2005.800,1.873
2005.825,7.719
2005.850,4.789
2005.875,5.575
2005.900,5.404
2005.925,5.390
2005.950,3.980
2005.975,3.637
2006.000,2.921
2006.025,4.196
2006.050,2.605
2006.075,5.151
2006.100,4.358
2006.125,7.118
2006.150,5.049
2006.175,7.199
2006.200,4.120
2006.225,2.938
2006.250,2.727
2006.275,3.797
2006.300,4.281
2006.325,4.610
2006.350,5.752
2006.375,3.308
2006.400,2.909
2006.425,2.752
2006.450,3.645
2006.475,4.626
2006.500,2.872
2006.525,2.664
2006.550,4.053
2006.575,5.379
2006.600,3.507
2006.625,6.723
2006.650,5.069
2006.675,4.174
2006.700,6.131
2006.725,4.172
2006.750,6.244
2006.775,2.732
2006.800,3.948
2006.825,5.001
2006.850,5.099
2006.875,3.116
2006.900,4.750
2006.925,2.943
2006.950,3.477
2006.975,7.628
2007.000,4.237
2007.025,4.768
2007.050,5.630
2007.075,5.473
2007.100,4.646
2007.125,4.018
2007.150,6.517
2007.175,3.360
2007.200,3.365
2007.225,3.106
2007.250,6.123
2007.275,4.065
2007.300,3.785
2007.325,6.978
2007.350,4.970
2007.375,4.413
2007.400,2.931
2007.425,5.225
2007.450,4.537
2007.475,4.298
2007.500,3.198
2007.525,2.747
2007.550,6.239
2007.575,3.774
2007.600,2.347
2007.625,5.429
2007.650,5.545
2007.675,5.105
2007.700,5.338
2007.725,2.447
2007.750,3.523
2007.775,2.738
2007.800,4.608
2007.825,4.143
2007.850,5.839
2007.875,4.168
2007.900,4.574
2007.925,4.368
2007.950,2.232
2007.975,4.532
2008.000,6.656
2008.025,1.862
2008.050,5.680
2008.075,4.431
2008.100,4.276
2008.125,4.360
2008.150,4.169
2008.175,3.838
2008.200,3.587
2008.225,3.062
2008.250,5.620
2008.275,6.558
2008.300,2.899
2008.325,5.009
2008.350,1.089
2008.375,4.941
2008.400,4.560
2008.425,4.411
2008.450,2.700
2008.475,6.048
2008.500,4.364
2008.525,5.277
2008.550,2.275
2008.575,3.858
2008.600,2.962
2008.625,5.605
2008.650,3.322
2008.675,5.172
2008.700,7.505
2008.725,2.778
2008.750,3.904
2008.775,4.288
2008.800,4.325
2008.825,4.302
2008.850,4.373
2008.875,6.185
2008.900,3.744
2008.925,5.475
2008.950,3.393
2008.975,4.349
2009.000,3.364
2009.025,7.597
2009.050,4.863
2009.075,3.184
2009.100,2.338
2009.125,3.954
2009.150,2.057
2009.175,2.501
2009.200,5.745
2009.225,5.124
2009.250,5.168
2009.275,3.771
2009.300,4.245
2009.325,5.340
2009.350,3.486
2009.375,5.511
2009.400,2.730
2009.425,4.586
2009.450,2.449
2009.475,3.563
2009.500,2.936
2009.525,4.918
2009.550,3.019
2009.575,4.564
2009.600,3.843
2009.625,4.526
2009.650,4.321
2009.675,5.556
2009.700,5.319
2009.725,4.694
2009.750,4.005
2009.775,3.625
2009.800,3.570
2009.825,4.676
2009.850,6.412
2009.875,5.209
2009.900,5.677
2009.925,5.986
2009.950,6.236
2009.975,6.266
2010.000,3.580
2010.025,4.879
2010.050,4.410
2010.075,5.110
2010.100,6.105
2010.125,3.097
2010.150,3.639
2010.175,3.050
2010.200,3.235
2010.225,3.291
2010.250,6.944
2010.275,4.372
2010.300,2.820
2010.325,4.733
2010.350,5.155
2010.375,2.657
2010.400,3.407
2010.425,2.891
2010.450,6.282
2010.475,3.572
2010.500,4.124
2010.525,3.596
2010.550,3.249
2010.575,5.225
2010.600,4.883
2010.625,5.714
2010.650,3.346
2010.675,2.970
2010.700,4.558
2010.725,5.920
2010.750,3.541
2010.775,6.511
2010.800,4.888
2010.825,6.669
2010.850,4.886
2010.875,2.875
2010.900,3.048
2010.925,4.258
2010.950,2.013
2010.975,4.536
2011.000,4.536
2011.025,3.202
2011.050,3.685
2011.075,4.412
2011.100,4.044
2011.125,2.553
2011.150,3.257
2011.175,1.642
2011.200,3.808
2011.225,4.822
2011.250,3.280
2011.275,2.782
2011.300,2.771
2011.325,4.148
2011.350,4.912
2011.375,3.002
2011.400,3.686
2011.425,4.574
2011.450,4.397
2011.475,4.604
2011.500,6.195
2011.525,3.664
2011.550,2.334
2011.575,2.882
2011.600,2.663
2011.625,4.498
2011.650,4.696
2011.675,4.611
2011.700,3.819
2011.725,3.320
2011.750,5.241
2011.775,2.733
2011.800,3.628
2011.825,5.381
2011.850,3.004
2011.875,3.788
2011.900,3.894
2011.925,2.292
2011.950,2.960
2011.975,2.490
2012.000,3.727
2012.025,4.069
2012.050,3.645
2012.075,5.134
2012.100,2.994
2012.125,4.628
2012.150,2.785
2012.175,3.545
2012.200,3.463
2012.225,3.839
2012.250,4.412
2012.275,5.332
2012.300,3.533
2012.325,8.099
2012.350,7.859
2012.375,4.149
2012.400,7.162
2012.425,3.621
2012.450,4.523
2012.475,2.684
2012.500,4.877
2012.525,4.201
2012.550,4.951
2012.575,2.493
2012.600,1.170
2012.625,2.778
2012.650,6.229
2012.675,3.418
2012.700,6.445
2012.725,3.436
2012.750,7.633
2012.775,2.621
2012.800,5.156
2012.825,3.995
2012.850,3.342
2012.875,4.993
2012.900,4.956
2012.925,5.622
2012.950,4.822
2012.975,2.498
2013.000,4.266
2013.025,4.455
2013.050,4.489
2013.075,2.646
2013.100,5.147
2013.125,4.247
2013.150,5.145
2013.175,4.527
2013.200,4.509
2013.225,5.058
2013.250,4.437
2013.275,3.404
2013.300,3.644
2013.325,4.027
2013.350,3.037
2013.375,6.951
2013.400,3.905
2013.425,2.984
2013.450,4.402
2013.475,3.156
2013.500,4.565
2013.525,5.314
2013.550,3.566
2013.575,5.448
2013.600,4.765
2013.625,4.421
2013.650,5.475
2013.675,5.546
2013.700,3.340
2013.725,3.585
2013.750,6.279
2013.775,8.194
2013.800,3.866
2013.825,3.807
2013.850,2.547
2013.875,3.277
2013.900,4.884
2013.925,3.117
2013.950,4.983
2013.975,2.575
2014.000,2.619
2014.025,5.605
2014.050,4.043
2014.075,6.029
2014.100,3.734
2014.125,4.954
2014.150,2.359
2014.175,5.373
2014.200,4.647
2014.225,4.412
2014.250,3.117
2014.275,4.934
2014.300,4.208
2014.325,3.867
2014.350,5.458
2014.375,4.773
2014.400,3.842
2014.425,1.900
2014.450,5.870
2014.475,2.452
2014.500,2.360
2014.525,2.343
2014.550,5.546
2014.575,2.318
2014.600,2.458
2014.625,4.827
2014.650,5.030
2014.675,5.544
2014.700,4.437
2014.725,5.442
2014.750,2.335
2014.775,2.820
2014.800,3.430
2014.825,4.099
2014.850,1.735
2014.875,4.731
2014.900,4.369
2014.925,6.583
2014.950,4.967
2014.975,4.444
2015.000,3.591
2015.025,5.164
2015.050,4.175
2015.075,3.628
2015.100,4.149
2015.125,3.418
2015.150,4.906
2015.175,3.826
2015.200,5.281
2015.225,4.541
2015.250,4.966
2015.275,4.863
2015.300,4.978
2015.325,6.534
2015.350,5.573
2015.375,6.301
2015.400,5.199
2015.425,3.382
2015.450,4.795
2015.475,3.418
2015.500,5.490
2015.525,5.945
2015.550,3.546
2015.575,4.456
2015.600,3.451
2015.625,6.678
2015.650,2.394
2015.675,7.148
2015.700,3.408
2015.725,5.306
2015.750,5.686
2015.775,3.829
2015.800,2.914
2015.825,5.133
2015.850,2.674
2015.875,2.895
2015.900,5.201
2015.925,4.816
2015.950,7.001
2015.975,2.460
2016.000,3.150
2016.025,5.186
2016.050,4.058
2016.075,3.591
2016.100,5.518
2016.125,6.288
2016.150,4.262
2016.175,3.574
2016.200,1.964
2016.225,5.404
2016.250,4.124
2016.275,3.929
2016.300,4.408
2016.325,5.057
2016.350,2.648
2016.375,3.397
2016.400,4.996
2016.425,4.532
2016.450,5.535
2016.475,5.947
2016.500,4.178
2016.525,5.350
2016.550,4.721
2016.575,2.895
2016.600,4.365
2016.625,4.078
2016.650,5.339
2016.675,3.652
2016.700,4.219
2016.725,6.044
2016.750,4.434
2016.775,4.376
2016.800,4.792
2016.825,4.595
2016.850,4.354
2016.875,6.689
2016.900,6.242
2016.925,5.412
2016.950,2.452
2016.975,4.643
2017.000,3.711
2017.025,6.471
2017.050,4.205
2017.075,3.719
2017.100,5.577
2017.125,2.825
2017.150,4.267
2017.175,3.430
2017.200,2.118
2017.225,5.080
2017.250,2.155
2017.275,6.576
2017.300,4.793
2017.325,3.113
2017.350,7.003
2017.375,3.214
2017.400,5.150
2017.425,6.660
2017.450,5.371
2017.475,2.827
2017.500,4.153
2017.525,3.376
2017.550,4.264
2017.575,4.238
2017.600,3.385
2017.625,3.103
2017.650,6.504
2017.675,3.602
2017.700,5.729
2017.725,4.827
2017.750,4.155
2017.775,6.254
2017.800,7.685
2017.825,6.561
2017.850,3.358
2017.875,3.239
2017.900,5.549
2017.925,2.553
2017.950,5.579
2017.975,3.266
2018.000,2.221
2018.025,4.352
2018.050,3.824
2018.075,3.462
2018.100,6.497
2018.125,4.126
2018.150,3.625
2018.175,4.017
2018.200,5.072
2018.225,4.660
2018.250,4.148
2018.275,4.192
2018.300,7.068
2018.325,5.830
2018.350,4.713
2018.375,6.001
2018.400,6.805
2018.425,6.072
2018.450,3.003
2018.475,3.502
2018.500,3.676
2018.525,4.953
2018.550,4.731
2018.575,4.786
2018.600,2.837
2018.625,5.042
2018.650,4.300
2018.675,2.579
2018.700,1.419
2018.725,3.632
2018.750,2.410
2018.775,4.983
2018.800,4.630
2018.825,7.155
2018.850,3.505
2018.875,2.727
2018.900,5.240
2018.925,5.002
2018.950,6.598
2018.975,4.624
2019.000,2.848
2019.025,2.561
2019.050,6.954
2019.075,4.012
2019.100,2.461
2019.125,4.267
2019.150,3.186
2019.175,4.821
2019.200,3.134
2019.225,5.757
2019.250,5.196
2019.275,4.699
2019.300,2.411
2019.325,4.686
2019.350,7.705
2019.375,5.765
2019.400,8.763
2019.425,6.061
2019.450,6.570
2019.475,4.842
2019.500,4.869
2019.525,4.215
2019.550,4.866
2019.575,2.574
2019.600,3.497
2019.625,5.023
2019.650,3.269
2019.675,6.166
2019.700,4.077
2019.725,4.667
2019.750,2.316
2019.775,3.940
2019.800,3.586
2019.825,5.475
2019.850,4.901
2019.875,4.039
2019.900,2.108
2019.925,3.061
2019.950,2.001
2019.975,4.486
2020.000,3.855
2020.025,4.951
2020.050,6.431
2020.075,4.196
2020.100,6.101
2020.125,4.126
2020.150,3.382
2020.175,5.646
2020.200,5.718
2020.225,2.647
2020.250,4.207
2020.275,3.660
2020.300,4.733
2020.325,6.242
2020.350,4.557
2020.375,4.096
2020.400,4.588
2020.425,2.852
2020.450,7.388
2020.475,5.135
2020.500,5.962
2020.525,3.430
2020.550,6.299
2020.575,4.354
2020.600,3.061
2020.625,4.691
2020.650,4.902
2020.675,3.535
2020.700,5.756
2020.725,4.033
2020.750,6.360
2020.775,3.858
2020.800,5.224
2020.825,3.722
2020.850,3.650
2020.875,4.243
2020.900,5.177
2020.925,4.447
2020.950,6.137
2020.975,3.690
2021.000,3.746
2021.025,3.616
2021.050,5.464
2021.075,5.376
2021.100,3.181
2021.125,3.336
2021.150,4.473
2021.175,4.505
2021.200,4.539
2021.225,3.442
2021.250,2.654
2021.275,3.380
2021.300,3.067
2021.325,3.304
2021.350,2.095
2021.375,5.041
2021.400,5.569
2021.425,4.844
2021.450,2.253
2021.475,5.724
2021.500,5.085
2021.525,4.290
2021.550,2.974
2021.575,4.608
2021.600,5.598
2021.625,5.577
2021.650,6.954
2021.675,5.938
2021.700,3.460
2021.725,3.459
2021.750,2.992
2021.775,5.163
2021.800,4.640
2021.825,4.930
2021.850,5.751
2021.875,4.369
2021.900,7.632
2021.925,3.588
2021.950,4.217
2021.975,4.093
2022.000,4.108
2022.025,5.907
2022.050,4.770
2022.075,5.774
2022.100,2.664
2022.125,2.436
2022.150,6.310
2022.175,4.725
2022.200,3.893
2022.225,7.252
2022.250,4.010
2022.275,4.135
2022.300,4.124
2022.325,3.849
2022.350,3.470
2022.375,3.317
2022.400,2.640
2022.425,3.419
2022.450,7.370
2022.475,4.326
2022.500,3.146
2022.525,6.920
2022.550,4.678
2022.575,4.687
2022.600,5.087
2022.625,2.627
2022.650,2.709
2022.675,7.565
2022.700,4.623
2022.725,6.828
2022.750,4.165
2022.775,5.025
2022.800,2.108
2022.825,5.323
2022.850,2.519
2022.875,2.414
2022.900,4.374
2022.925,4.253
2022.950,3.670
2022.975,2.974
2023.000,5.096
2023.025,5.979
2023.050,6.309
2023.075,3.683
2023.100,4.785
2023.125,3.835
2023.150,5.738
2023.175,5.576
2023.200,4.022
2023.225,2.834
2023.250,5.621
2023.275,2.005
2023.300,3.638
2023.325,3.247
2023.350,2.460
2023.375,5.376
2023.400,5.557
2023.425,3.619
2023.450,3.064
2023.475,4.669
2023.500,3.335
2023.525,6.827
2023.550,4.266
2023.575,4.065
2023.600,3.920
2023.625,5.371
2023.650,4.378
2023.675,3.642
2023.700,5.121
2023.725,5.740
2023.750,4.116
2023.775,6.430
2023.800,4.117
2023.825,7.706
2023.850,7.371
2023.875,3.876
2023.900,5.682
2023.925,3.398
2023.950,4.757
2023.975,7.757
2024.000,4.252
2024.025,5.151
2024.050,5.295
2024.075,3.050
2024.100,3.215
2024.125,4.240
2024.150,3.185
2024.175,3.123
2024.200,4.593
2024.225,4.519
2024.250,7.171
2024.275,6.344
2024.300,4.330
2024.325,4.455
2024.350,3.050
2024.375,3.283
2024.400,4.385
2024.425,3.292
2024.450,2.752
2024.475,2.647
2024.500,4.091
2024.525,1.487
2024.550,5.285
2024.575,3.565
2024.600,4.140
2024.625,3.179
2024.650,3.383
2024.675,5.616
2024.700,5.774
2024.725,5.271
2024.750,3.261
2024.775,7.180
2024.800,6.121
2024.825,3.831
2024.850,4.444
2024.875,3.622
2024.900,4.726
2024.925,4.242
2024.950,3.177
2024.975,3.766
2025.000,5.526
2025.025,7.147
2025.050,3.628
2025.075,3.992
2025.100,1.587
2025.125,5.894
2025.150,5.016
2025.175,5.362
2025.200,3.410
2025.225,7.871
2025.250,4.257
2025.275,5.936
2025.300,8.268
2025.325,6.067
2025.350,5.667
2025.375,4.717
2025.400,5.105
2025.425,4.136
2025.450,4.235
2025.475,3.258
2025.500,4.855
2025.525,6.536
2025.550,4.384
2025.575,4.769
2025.600,4.819
2025.625,6.793
2025.650,6.765
2025.675,2.975
2025.700,5.347
2025.725,4.559
2025.750,3.648
2025.775,3.156
2025.800,7.236
2025.825,1.656
2025.850,3.070
2025.875,4.059
2025.900,1.920
2025.925,3.024
2025.950,3.113
2025.975,4.658
2026.000,5.354
2026.025,5.761
2026.050,3.617
2026.075,3.906
2026.100,6.337
2026.125,3.358
2026.150,3.603
2026.175,4.889
2026.200,3.491
2026.225,3.677
2026.250,7.582
2026.275,3.373
2026.300,2.769
2026.325,7.496
2026.350,5.419
2026.375,3.621
2026.400,3.947
2026.425,4.254
2026.450,4.565
2026.475,2.683
2026.500,3.282
2026.525,2.513
2026.550,4.483
2026.575,2.410
2026.600,5.328
2026.625,7.526
2026.650,5.211
2026.675,4.078
2026.700,4.964
2026.725,7.868
2026.750,2.313
2026.775,7.376
2026.800,8.516
2026.825,5.427
2026.850,3.975
2026.875,2.799
2026.900,3.859
2026.925,4.974
2026.950,5.571
2026.975,3.138
2027.000,4.399
2027.025,3.479
2027.050,3.507
2027.075,3.084
2027.100,4.787
2027.125,3.630
2027.150,3.922
2027.175,5.441
2027.200,4.518
2027.225,4.602
2027.250,4.016
2027.275,1.961
2027.300,4.108
2027.325,4.050
2027.350,3.690
2027.375,5.495
2027.400,3.575
2027.425,3.236
2027.450,3.789
2027.475,3.579
2027.500,2.410
2027.525,7.586
2027.550,4.428
2027.575,2.681
2027.600,3.850
2027.625,6.173
2027.650,5.681
2027.675,3.412
2027.700,5.423
2027.725,4.302
2027.750,4.192
2027.775,6.159
2027.800,6.228
2027.825,3.241
2027.850,4.330
2027.875,2.914
2027.900,7.114
2027.925,7.277
2027.950,4.143
2027.975,5.392
2028.000,4.222
2028.025,3.024
2028.050,5.276
2028.075,5.435
2028.100,3.648
2028.125,5.517
2028.150,2.142
2028.175,4.942
2028.200,2.410
2028.225,6.205
2028.250,5.429
2028.275,6.176
2028.300,3.098
2028.325,4.910
2028.350,3.547
2028.375,3.304
2028.400,5.808
2028.425,3.733
2028.450,5.622
2028.475,4.694
2028.500,2.569
2028.525,4.527
2028.550,5.934
2028.575,5.022
2028.600,5.219
2028.625,3.978
2028.650,4.644
2028.675,4.992
2028.700,4.279
2028.725,6.512
2028.750,3.369
2028.775,7.449
2028.800,6.949
2028.825,6.286
2028.850,4.827
2028.875,3.260
2028.900,5.147
2028.925,4.691
2028.950,2.968
2028.975,3.860
2029.000,6.296
2029.025,4.322
2029.050,3.162
2029.075,3.658
2029.100,4.274
2029.125,3.786
2029.150,4.997
2029.175,3.081
2029.200,4.622
2029.225,3.244
2029.250,3.378
2029.275,2.316
2029.300,4.614
2029.325,4.944
2029.350,1.272
2029.375,6.793
2029.400,2.728
2029.425,5.442
2029.450,4.780
2029.475,2.268
2029.500,4.874
2029.525,6.640
2029.550,5.607
2029.575,3.191
2029.600,4.218
2029.625,4.410
2029.650,3.524
2029.675,5.391
2029.700,6.472
2029.725,3.839
2029.750,3.741
2029.775,3.078
2029.800,4.624
2029.825,6.013
2029.850,5.175
2029.875,3.087
2029.900,3.241
2029.925,3.516
2029.950,4.878
2029.975,4.693
2030.000,5.014
2030.025,3.083
2030.050,6.100
2030.075,3.314
2030.100,5.257
2030.125,4.141
2030.150,4.517
2030.175,2.791
2030.200,0.922
2030.225,3.760
2030.250,4.212
2030.275,4.689
2030.300,6.708
2030.325,2.775
2030.350,1.818
2030.375,5.230
2030.400,4.485
2030.425,7.670
2030.450,5.842
2030.475,4.833
2030.500,3.793
2030.525,4.741
2030.550,4.679
2030.575,2.618
2030.600,4.255
2030.625,4.235
2030.650,4.817
2030.675,3.294
2030.700,5.936
2030.725,3.912
2030.750,2.545
2030.775,5.523
2030.800,4.829
2030.825,3.157
2030.850,3.388
2030.875,3.115
2030.900,4.837
2030.925,8.002
2030.950,5.382
2030.975,4.879
2031.000,4.152
2031.025,4.230
2031.050,4.350
2031.075,4.387
2031.100,4.380
2031.125,4.263
2031.150,3.828
2031.175,4.601
2031.200,5.635
2031.225,4.428
2031.250,4.143
2031.275,5.760
2031.300,2.390
2031.325,3.118
2031.350,3.513
2031.375,6.125
2031.400,4.479
2031.425,4.350
2031.450,5.660
2031.475,7.105
2031.500,4.146
2031.525,5.467
2031.550,8.075
2031.575,6.918
2031.600,4.566
2031.625,5.085
2031.650,3.184
2031.675,3.845
2031.700,4.074
2031.725,2.461
2031.750,4.759
2031.775,3.887
2031.800,4.273
2031.825,3.322
2031.850,3.701
2031.875,3.821
2031.900,3.712
2031.925,3.616
2031.950,2.305
2031.975,5.789
2032.000,3.896
2032.025,3.991
2032.050,3.601
2032.075,3.247
2032.100,5.437
2032.125,5.560
2032.150,2.789
2032.175,4.134
2032.200,4.763
2032.225,4.344
2032.250,4.655
2032.275,2.957
2032.300,2.445
2032.325,5.392
2032.350,3.898
2032.375,5.644
2032.400,1.487
2032.425,5.855
2032.450,4.406
2032.475,6.725
2032.500,3.503
2032.525,4.241
2032.550,4.670
2032.575,2.344
2032.600,4.454
2032.625,5.222
2032.650,7.909
2032.675,3.355
2032.700,4.934
2032.725,3.056
2032.750,2.276
2032.775,3.932
2032.800,3.402
2032.825,1.997
2032.850,4.137
2032.875,2.886
2032.900,5.311
2032.925,4.114
2032.950,4.203
2032.975,4.600
2033.000,6.103
2033.025,5.072
2033.050,4.589
2033.075,3.425
2033.100,5.899
2033.125,2.943
2033.150,2.634
2033.175,5.667
2033.200,5.733
2033.225,6.821
2033.250,4.432
2033.275,2.252
2033.300,8.128
2033.325,1.930
2033.350,3.445
2033.375,3.976
2033.400,3.763
2033.425,3.496
2033.450,4.347
2033.475,6.570
2033.500,3.198
2033.525,6.477
2033.550,2.300
2033.575,6.332
2033.600,4.246
2033.625,3.265
2033.650,3.985
2033.675,2.452
2033.700,2.985
2033.725,3.641
2033.750,4.595
2033.775,4.417
2033.800,4.602
2033.825,2.338
2033.850,3.738
2033.875,4.671
2033.900,3.187
2033.925,5.311
2033.950,4.885
2033.975,4.064
2034.000,5.556
2034.025,4.485
2034.050,5.238
2034.075,4.591
2034.100,5.635
2034.125,3.089
2034.150,6.158
2034.175,2.732
2034.200,4.564
2034.225,4.987
2034.250,6.012
2034.275,4.272
2034.300,4.615
2034.325,4.060
2034.350,6.030
2034.375,5.158
2034.400,4.347
2034.425,3.109
2034.450,4.624
2034.475,4.685
2034.500,5.407
2034.525,3.390
2034.550,3.304
2034.575,5.323
2034.600,3.349
2034.625,4.885
2034.650,2.852
2034.675,3.616
2034.700,6.123
2034.725,2.415
2034.750,1.780
2034.775,3.889
2034.800,6.045
2034.825,5.080
2034.850,2.741
2034.875,2.906
2034.900,5.364
2034.925,3.922
2034.950,4.502
2034.975,4.008
2035.000,4.668
2035.025,5.453
2035.050,3.096
2035.075,2.816
2035.100,4.729
2035.125,4.556
2035.150,4.017
2035.175,3.053
2035.200,1.766
2035.225,4.040
2035.250,4.175
2035.275,4.088
2035.300,5.180
2035.325,4.507
2035.350,3.299
2035.375,5.245
2035.400,3.475
2035.425,3.350
2035.450,3.192
2035.475,4.106
2035.500,4.922
2035.525,3.958
2035.550,3.814
2035.575,3.722
2035.600,4.767
2035.625,4.986
2035.650,2.835
2035.675,2.722
2035.700,5.592
2035.725,4.052
2035.750,7.141
2035.775,5.848
2035.800,2.647
2035.825,6.409
2035.850,7.064
2035.875,3.770
2035.900,2.703
2035.925,2.066
2035.950,4.857
2035.975,4.590
2036.000,6.081
2036.025,7.086
2036.050,2.872
2036.075,3.173
2036.100,4.700
2036.125,6.127
2036.150,3.090
2036.175,5.311
2036.200,2.860
2036.225,4.755
2036.250,2.978
2036.275,2.625
2036.300,6.717
2036.325,4.730
2036.350,4.436
2036.375,3.767
2036.400,7.116
2036.425,6.928
2036.450,4.437
2036.475,9.272
2036.500,3.347
2036.525,4.920
2036.550,5.561
2036.575,4.457
2036.600,3.125
2036.625,6.376
2036.650,4.778
2036.675,2.809
2036.700,3.252
2036.725,3.533
2036.750,3.498
2036.775,3.461
2036.800,3.854
2036.825,3.985
2036.850,6.055
2036.875,1.435
2036.900,1.886
2036.925,3.057
2036.950,6.248
2036.975,4.065
2037.000,4.558
2037.025,4.151
2037.050,5.043
2037.075,3.480
2037.100,3.645
2037.125,4.078
2037.150,5.273
2037.175,2.076
2037.200,4.753
2037.225,3.826
2037.250,3.419
2037.275,5.883
2037.300,7.144
2037.325,5.194
2037.350,3.364
2037.375,2.442
2037.400,2.048
2037.425,2.772
2037.450,8.886
2037.475,5.559
2037.500,3.544
2037.525,4.113
2037.550,3.559
2037.575,2.334
2037.600,5.969
2037.625,5.060
2037.650,7.780
2037.675,3.698
2037.700,1.726
2037.725,5.896
2037.750,3.638
2037.775,4.498
2037.800,4.953
2037.825,4.146
2037.850,4.771
2037.875,3.022
2037.900,6.107
2037.925,5.451
2037.950,1.462
2037.975,3.903
2038.000,3.430
2038.025,4.031
2038.050,5.874
2038.075,6.624
2038.100,7.039
2038.125,4.884
2038.150,4.225
2038.175,4.062
2038.200,5.262
2038.225,4.412
2038.250,2.700
2038.275,1.595
2038.300,5.349
2038.325,3.769
2038.350,3.105
2038.375,2.922
2038.400,2.824
2038.425,4.154
2038.450,4.468
2038.475,1.604
2038.500,6.180
2038.525,3.117
2038.550,2.999
2038.575,4.537
2038.600,6.339
2038.625,3.189
2038.650,6.593
2038.675,3.091
2038.700,5.161
2038.725,4.129
2038.750,4.870
2038.775,2.454
2038.800,4.053
2038.825,3.810
2038.850,2.451
2038.875,5.221
2038.900,7.675
2038.925,3.184
2038.950,4.757
2038.975,3.545
2039.000,3.831
2039.025,5.085
2039.050,1.530
2039.075,3.673
2039.100,3.166
2039.125,2.802
2039.150,6.520
2039.175,3.700
2039.200,6.319
2039.225,4.621
2039.250,6.258
2039.275,4.260
2039.300,4.036
2039.325,3.121
2039.350,4.313
2039.375,6.374
2039.400,3.211
2039.425,4.399
2039.450,5.999
2039.475,4.665
2039.500,5.126
2039.525,4.982
2039.550,4.554
2039.575,3.821
2039.600,7.334
2039.625,3.979
2039.650,5.600
2039.675,3.411
2039.700,5.010
2039.725,3.848
2039.750,3.152
2039.775,5.404
2039.800,3.608
2039.825,3.863
2039.850,6.120
2039.875,4.016
2039.900,1.972
2039.925,5.187
2039.950,5.242
2039.975,3.644
2040.000,3.803
2040.025,3.243
2040.050,7.330
2040.075,5.196
2040.100,3.307
2040.125,3.390
2040.150,4.008
2040.175,2.378
2040.200,3.885
2040.225,7.467
2040.250,3.035
2040.275,6.063
2040.300,4.577
2040.325,4.678
2040.350,4.941
2040.375,4.112
2040.400,2.625
2040.425,2.574
2040.450,5.965
2040.475,2.379
2040.500,4.349
2040.525,3.754
2040.550,3.249
2040.575,5.214
2040.600,4.360
2040.625,2.772
2040.650,2.071
2040.675,3.904
2040.700,4.319
2040.725,5.049
2040.750,2.185
2040.775,3.911
2040.800,3.036
2040.825,6.851
2040.850,2.432
2040.875,2.799
2040.900,3.743
2040.925,4.814
2040.950,2.577
2040.975,4.101
2041.000,2.684
2041.025,3.182
2041.050,3.986
2041.075,5.551
2041.100,4.118
2041.125,4.946
2041.150,5.323
2041.175,3.153
2041.200,3.972
2041.225,3.519
2041.250,4.724
2041.275,4.712
2041.300,5.048
2041.325,3.850
2041.350,4.755
2041.375,2.588
2041.400,6.178
2041.425,3.245
2041.450,4.572
2041.475,2.537
2041.500,3.285
2041.525,4.475
2041.550,5.559
2041.575,3.111
2041.600,2.623
2041.625,4.624
2041.650,2.487
2041.675,4.467
2041.700,4.811
2041.725,2.904
2041.750,5.283
2041.775,2.903
2041.800,5.126
2041.825,5.346
2041.850,3.274
2041.875,1.326
2041.900,4.599
2041.925,4.398
2041.950,4.225
2041.975,3.900
2042.000,4.633
2042.025,8.106
2042.050,3.037
2042.075,5.677
2042.100,3.070
2042.125,5.770
2042.150,5.106
2042.175,6.312
2042.200,4.865
2042.225,4.920
2042.250,3.216
2042.275,3.123
2042.300,2.077
2042.325,4.992
2042.350,3.230
2042.375,6.037
2042.400,4.961
2042.425,2.488
2042.450,1.400
2042.475,4.522
2042.500,5.715
2042.525,4.702
2042.550,1.940
2042.575,2.527
2042.600,4.827
2042.625,4.181
2042.650,3.586
2042.675,4.132
2042.700,6.658
2042.725,5.056
2042.750,2.670
2042.775,4.469
2042.800,6.142
2042.825,5.232
2042.850,4.469
2042.875,3.795
2042.900,4.688
2042.925,2.816
2042.950,4.775
2042.975,3.920
2043.000,2.995
2043.025,4.640
2043.050,2.653
2043.075,4.001
2043.100,2.898
2043.125,5.141
2043.150,3.059
2043.175,4.881
2043.200,3.021
2043.225,3.390
2043.250,3.145
2043.275,4.029
2043.300,4.499
2043.325,3.779
2043.350,4.634
2043.375,3.692
2043.400,3.655
2043.425,3.231
2043.450,5.188
2043.475,3.028
2043.500,4.225
2043.525,3.934
2043.550,3.888
2043.575,5.989
2043.600,4.371
2043.625,3.978
2043.650,6.193
2043.675,7.800
2043.700,5.560
2043.725,2.785
2043.750,1.770
2043.775,5.776
2043.800,5.961
2043.825,3.776
2043.850,4.594
2043.875,3.846
2043.900,3.076
2043.925,6.298
2043.950,4.882
2043.975,5.333
2044.000,3.877
2044.025,5.494
2044.050,3.646
2044.075,3.096
2044.100,3.759
2044.125,2.992
2044.150,1.976
2044.175,4.859
2044.200,3.106
2044.225,4.293
2044.250,3.070
2044.275,4.405
2044.300,3.781
2044.325,4.431
2044.350,4.505
2044.375,4.256
2044.400,4.052
2044.425,6.144
2044.450,4.078
2044.475,5.648
2044.500,3.023
2044.525,6.945
2044.550,2.045
2044.575,5.954
2044.600,4.475
2044.625,4.145
2044.650,6.345
2044.675,5.127
2044.700,3.685
2044.725,3.583
2044.750,4.282
2044.775,6.296
2044.800,4.979
2044.825,3.147
2044.850,5.499
2044.875,4.333
2044.900,3.456
2044.925,4.104
2044.950,4.332
2044.975,3.900
2045.000,2.507
2045.025,5.554
2045.050,3.513
2045.075,3.450
2045.100,4.607
2045.125,5.161
2045.150,3.558
2045.175,5.477
2045.200,4.050
2045.225,4.234
2045.250,3.750
2045.275,4.688
2045.300,2.808
2045.325,7.511
2045.350,5.624
2045.375,3.335
2045.400,4.029
2045.425,3.082
2045.450,3.463
2045.475,6.181
2045.500,4.275
2045.525,3.281
2045.550,2.159
2045.575,4.625
2045.600,2.444
2045.625,3.044
2045.650,3.269
2045.675,6.417
2045.700,3.114
2045.725,2.802
2045.750,4.909
2045.775,3.017
2045.800,5.720
2045.825,2.391
2045.850,4.642
2045.875,4.073
2045.900,3.127
2045.925,4.881
2045.950,4.162
2045.975,3.517
2046.000,4.241
2046.025,2.959
2046.050,4.283
2046.075,5.056
2046.100,3.893
2046.125,4.572
2046.150,4.020
2046.175,5.393
2046.200,6.208
2046.225,5.266
2046.250,4.229
2046.275,4.370
2046.300,5.884
2046.325,5.021
2046.350,4.137
2046.375,6.040
2046.400,5.366
2046.425,5.163
2046.450,7.051
2046.475,5.894
2046.500,5.719
2046.525,1.717
2046.550,3.476
2046.575,3.015
2046.600,5.463
2046.625,4.907
2046.650,4.267
2046.675,2.857
2046.700,5.670
2046.725,3.113
2046.750,5.430
2046.775,3.625
2046.800,3.999
2046.825,3.445
2046.850,4.363
2046.875,5.131
2046.900,5.940
2046.925,4.200
2046.950,3.579
2046.975,5.410
2047.000,4.591
2047.025,3.839
2047.050,4.286
2047.075,4.829
2047.100,6.920
2047.125,3.814
2047.150,4.849
2047.175,3.908
2047.200,6.742
2047.225,2.179
2047.250,5.137
2047.275,3.694
2047.300,3.971
2047.325,3.161
2047.350,3.868
2047.375,4.963
2047.400,2.953
2047.425,5.931
2047.450,3.743
2047.475,3.924
2047.500,3.270
2047.525,3.596
2047.550,7.527
2047.575,3.457
2047.600,2.973
2047.625,5.705
2047.650,2.440
2047.675,3.538
2047.700,2.356
2047.725,2.721
2047.750,4.776
2047.775,3.779
2047.800,6.678
2047.825,4.506
2047.850,5.310
2047.875,3.005
2047.900,1.716
2047.925,3.647
2047.950,5.914
2047.975,5.187
2048.000,4.310
2048.025,4.023
2048.050,6.278
2048.075,3.561
2048.100,3.256
2048.125,3.727
2048.150,5.574
2048.175,2.851
2048.200,4.051
2048.225,4.989
2048.250,5.299
2048.275,4.753
2048.300,4.051
2048.325,4.087
2048.350,4.796
2048.375,4.877
2048.400,5.052
2048.425,3.231
2048.450,4.114
2048.475,5.582
2048.500,3.072
2048.525,4.756
2048.550,5.179
2048.575,5.033
2048.600,2.426
2048.625,4.659
2048.650,6.084
2048.675,5.879
2048.700,6.554
2048.725,3.101
2048.750,3.335
2048.775,2.232
2048.800,2.564
2048.825,2.731
2048.850,2.829
2048.875,5.934
2048.900,10.193
2048.925,2.424
2048.950,5.093
2048.975,3.293
2049.000,5.151
2049.025,5.807
2049.050,5.607
2049.075,3.493
2049.100,4.016
2049.125,4.243
2049.150,3.603
2049.175,7.862
2049.200,2.582
2049.225,5.287
2049.250,5.903
2049.275,3.825
2049.300,4.397
2049.325,5.041
2049.350,2.770
2049.375,4.103
2049.400,4.746
2049.425,6.341
2049.450,3.813
2049.475,4.448
2049.500,4.230
2049.525,4.204
2049.550,6.927
2049.575,3.890
2049.600,4.314
2049.625,5.819
2049.650,4.065
2049.675,5.216
2049.700,4.465
2049.725,4.493
2049.750,5.268
2049.775,5.340
2049.800,6.014
2049.825,2.792
2049.850,3.777
2049.875,6.168
2049.900,4.419
2049.925,3.485
2049.950,3.417
2049.975,5.959
2050.000,4.735
2050.025,3.380
2050.050,3.665
2050.075,4.022
2050.100,4.587
2050.125,3.316
2050.150,2.703
2050.175,7.069
2050.200,4.744
2050.225,4.110
2050.250,5.077
2050.275,4.587
2050.300,3.033
2050.325,2.741
2050.350,1.414
2050.375,3.167
2050.400,4.206
2050.425,2.477
2050.450,3.838
2050.475,4.682
2050.500,6.537
2050.525,1.497
2050.550,3.403
2050.575,5.234
2050.600,4.353
2050.625,5.106
2050.650,3.499
2050.675,2.500
2050.700,6.380
2050.725,3.792
2050.750,6.348
2050.775,5.215
2050.800,2.803
2050.825,2.941
2050.850,2.084
2050.875,4.235
2050.900,3.823
2050.925,4.369
2050.950,4.212
2050.975,4.675
2051.000,4.099
2051.025,5.069
2051.050,4.467
2051.075,5.042
2051.100,4.568
2051.125,2.339
2051.150,3.766
2051.175,3.809
2051.200,6.300
2051.225,5.806
2051.250,5.002
2051.275,3.216
2051.300,4.916
2051.325,3.496
2051.350,4.626
2051.375,3.877
2051.400,2.940
2051.425,3.153
2051.450,4.757
2051.475,4.443
2051.500,5.841
2051.525,1.776
2051.550,4.548
2051.575,6.350
2051.600,4.164
2051.625,4.704
2051.650,5.953
2051.675,2.960
2051.700,2.865
2051.725,2.651
2051.750,4.068
2051.775,6.728
2051.800,5.167
2051.825,3.465
2051.850,5.161
2051.875,4.050
2051.900,3.832
2051.925,4.151
2051.950,4.575
2051.975,6.805
2052.000,3.768
2052.025,5.477
2052.050,4.085
2052.075,5.207
2052.100,3.506
2052.125,4.029
2052.150,4.490
2052.175,4.502
2052.200,2.078
2052.225,2.758
2052.250,5.512
2052.275,3.801
2052.300,3.186
2052.325,4.469
2052.350,4.081
2052.375,4.046
2052.400,3.689
2052.425,3.025
2052.450,4.578
2052.475,2.913
2052.500,4.831
2052.525,5.599
2052.550,2.354
2052.575,5.095
2052.600,3.687
2052.625,3.730
2052.650,4.269
2052.675,3.547
2052.700,3.900
2052.725,3.028
2052.750,5.198
2052.775,3.798
2052.800,3.866
2052.825,4.772
2052.850,4.557
2052.875,5.654
2052.900,4.963
2052.925,3.566
2052.950,2.951
2052.975,7.959
2053.000,5.296
2053.025,4.927
2053.050,4.134
2053.075,5.956
2053.100,4.672
2053.125,5.358
2053.150,3.012
2053.175,7.285
2053.200,3.471
2053.225,4.204
2053.250,2.987
2053.275,4.156
2053.300,4.299
2053.325,6.241
2053.350,2.989
2053.375,3.469
2053.400,4.623
2053.425,3.294
2053.450,5.003
2053.475,5.859
2053.500,4.643
2053.525,4.414
2053.550,3.699
2053.575,4.956
2053.600,2.574
2053.625,4.121
2053.650,3.212
2053.675,3.621
2053.700,3.158
2053.725,3.005
2053.750,4.280
2053.775,3.050
2053.800,4.001
2053.825,3.744
2053.850,5.809
2053.875,6.857
2053.900,6.719
2053.925,1.819
2053.950,4.498
2053.975,1.932
2054.000,2.448
2054.025,1.178
2054.050,5.000
2054.075,3.463
2054.100,4.825
2054.125,6.094
2054.150,4.759
2054.175,2.636
2054.200,6.429
2054.225,4.301
2054.250,3.697
2054.275,4.079
2054.300,2.904
2054.325,6.032
2054.350,2.999
2054.375,2.319
2054.400,5.119
2054.425,2.679
2054.450,5.123
2054.475,5.808
2054.500,6.418
2054.525,5.023
2054.550,5.356
2054.575,4.114
2054.600,2.340
2054.625,2.866
2054.650,5.891
2054.675,2.900
2054.700,4.085
2054.725,3.384
2054.750,4.353
2054.775,7.020
2054.800,4.628
2054.825,4.573
2054.850,3.442
2054.875,4.362
2054.900,3.356
2054.925,6.226
2054.950,4.165
2054.975,7.531
2055.000,6.258
2055.025,3.834
2055.050,6.799
2055.075,4.335
2055.100,5.176
2055.125,1.558
2055.150,4.897
2055.175,4.356
2055.200,2.905
2055.225,3.740
2055.250,3.750
2055.275,3.482
2055.300,4.421
2055.325,4.489
2055.350,5.591
2055.375,2.937
2055.400,4.604
2055.425,3.231
2055.450,6.894
2055.475,3.651
2055.500,3.321
2055.525,3.971
2055.550,4.104
2055.575,5.420
2055.600,4.778
2055.625,3.308
2055.650,5.040
2055.675,4.096
2055.700,3.008
2055.725,4.153
2055.750,4.573
2055.775,4.908
2055.800,3.034
2055.825,4.171
2055.850,2.077
2055.875,4.367
2055.900,3.853
2055.925,3.589
2055.950,5.896
2055.975,5.681
2056.000,4.278
2056.025,3.003
2056.050,3.483
2056.075,4.279
2056.100,4.602
2056.125,5.294
2056.150,7.652
2056.175,2.323
2056.200,4.197
2056.225,2.213
2056.250,3.648
2056.275,4.749
2056.300,1.909
2056.325,4.127
2056.350,3.964
2056.375,3.123
2056.400,3.713
2056.425,2.640
2056.450,7.527
2056.475,7.443
2056.500,6.629
2056.525,5.978
2056.550,5.397
2056.575,3.527
2056.600,1.167
2056.625,4.197
2056.650,5.268
2056.675,5.042
2056.700,2.681
2056.725,5.065
2056.750,2.499
2056.775,2.689
2056.800,4.594
2056.825,3.142
2056.850,3.882
2056.875,5.075
2056.900,4.089
2056.925,5.494
2056.950,6.241
2056.975,3.173
2057.000,2.580
2057.025,6.055
2057.050,4.276
2057.075,4.838
2057.100,4.310
2057.125,2.136
2057.150,2.903
2057.175,4.864
2057.200,3.642
2057.225,3.197
2057.250,3.738
2057.275,3.736
2057.300,2.243
2057.325,5.909
2057.350,3.663
2057.375,4.060
2057.400,2.751
2057.425,2.333
2057.450,3.807
2057.475,5.429
2057.500,2.883
2057.525,3.881
2057.550,5.083
2057.575,7.907
2057.600,4.123
2057.625,5.538
2057.650,5.409
2057.675,4.987
2057.700,3.882
2057.725,5.512
2057.750,5.932
2057.775,3.939
2057.800,3.531
2057.825,3.710
2057.850,3.537
2057.875,4.502
2057.900,2.361
2057.925,2.465
2057.950,3.870
2057.975,3.945
2058.000,3.982
2058.025,4.992
2058.050,3.555
2058.075,2.983
2058.100,6.277
2058.125,4.315
2058.150,3.123
2058.175,1.803
2058.200,3.879
2058.225,2.678
2058.250,2.769
2058.275,5.233
2058.300,2.530
2058.325,4.963
2058.350,2.680
2058.375,4.115
2058.400,5.924
2058.425,5.724
2058.450,4.286
2058.475,3.865
2058.500,3.714
2058.525,3.341
2058.550,2.484
2058.575,5.045
2058.600,6.998
2058.625,3.393
2058.650,3.236
2058.675,4.011
2058.700,4.133
2058.725,4.116
2058.750,3.448
2058.775,7.370
2058.800,5.716
2058.825,3.962
2058.850,5.726
2058.875,3.457
2058.900,5.907
2058.925,5.842
2058.950,5.262
2058.975,5.153
2059.000,3.573
2059.025,2.691
2059.050,4.527
2059.075,4.471
2059.100,10.004
2059.125,3.746
2059.150,3.644
2059.175,3.170
2059.200,2.530
2059.225,7.534
2059.250,3.186
2059.275,4.804
2059.300,5.800
2059.325,4.087
2059.350,2.722
2059.375,4.701
2059.400,3.151
2059.425,3.723
2059.450,2.645
2059.475,4.843
2059.500,6.555
2059.525,4.953
2059.550,6.083
2059.575,2.257
2059.600,2.255
2059.625,3.059
2059.650,4.940
2059.675,7.017
2059.700,5.160
2059.725,4.695
2059.750,6.708
2059.775,4.346
2059.800,5.207
2059.825,4.113
2059.850,6.074
2059.875,6.860
2059.900,3.847
2059.925,5.840
2059.950,2.629
2059.975,2.699
2060.000,4.371
2060.025,2.784
2060.050,4.899
2060.075,4.196
2060.100,6.224
2060.125,3.692
2060.150,4.025
2060.175,5.256
2060.200,3.568
2060.225,6.758
2060.250,2.712
2060.275,2.803
2060.300,6.568
2060.325,6.485
2060.350,1.838
2060.375,3.529
2060.400,4.054
2060.425,2.828
2060.450,4.829
2060.475,4.625
2060.500,5.108
2060.525,4.389
2060.550,4.166
2060.575,4.800
2060.600,5.941
2060.625,3.945
2060.650,4.585
2060.675,4.856
2060.700,5.123
2060.725,4.822
2060.750,4.633
2060.775,3.511
2060.800,5.236
2060.825,5.586
2060.850,3.216
2060.875,3.967
2060.900,2.819
2060.925,3.359
2060.950,5.501
2060.975,5.797
2061.000,4.994
2061.025,2.906
2061.050,3.219
2061.075,4.532
2061.100,7.111
2061.125,5.475
2061.150,3.259
2061.175,4.357
2061.200,4.185
2061.225,5.533
2061.250,2.479
2061.275,5.761
2061.300,4.837
2061.325,2.777
2061.350,4.664
2061.375,4.770
2061.400,2.890
2061.425,4.250
2061.450,6.088
2061.475,6.500
2061.500,5.523
2061.525,0.644
2061.550,5.111
2061.575,4.656
2061.600,3.940
2061.625,3.464
2061.650,3.588
2061.675,5.441
2061.700,6.123
2061.725,2.869
2061.750,3.914
2061.775,4.880
2061.800,4.330
2061.825,4.145
2061.850,4.468
2061.875,5.915
2061.900,4.828
2061.925,3.013
2061.950,4.238
2061.975,3.855
2062.000,4.932
2062.025,4.246
2062.050,2.999
2062.075,3.154
2062.100,4.222
2062.125,3.410
2062.150,6.536
2062.175,4.139
2062.200,4.754
2062.225,3.444
2062.250,3.525
2062.275,5.411
2062.300,5.197
2062.325,2.636
2062.350,4.833
2062.375,7.113
2062.400,2.487
2062.425,5.137
2062.450,3.476
2062.475,1.572
2062.500,3.753
2062.525,3.496
2062.550,3.688
2062.575,7.643
2062.600,3.665
2062.625,6.942
2062.650,7.026
2062.675,3.904
2062.700,3.061
2062.725,3.366
2062.750,3.609
2062.775,3.260
2062.800,6.031
2062.825,6.552
2062.850,2.959
2062.875,2.547
2062.900,3.042
2062.925,3.302
2062.950,3.145
2062.975,3.851
2063.000,1.730
2063.025,3.824
2063.050,3.754
2063.075,5.567
2063.100,5.903
2063.125,5.810
2063.150,4.529
2063.175,6.845
2063.200,5.914
2063.225,2.902
2063.250,4.406
2063.275,2.685
2063.300,5.545
2063.325,4.852
2063.350,4.202
2063.375,1.947
2063.400,2.830
2063.425,4.487
2063.450,2.767
2063.475,2.953
2063.500,4.204
2063.525,3.343
2063.550,8.214
2063.575,5.630
2063.600,5.033
2063.625,5.834
2063.650,4.956
2063.675,6.717
2063.700,6.453
2063.725,5.129
2063.750,2.417
2063.775,3.687
2063.800,2.783
2063.825,4.375
2063.850,1.904
2063.875,5.663
2063.900,3.412
2063.925,4.168
2063.950,4.992
2063.975,4.222
2064.000,2.918
2064.025,7.560
2064.050,3.060
2064.075,3.602
2064.100,7.416
2064.125,2.853
2064.150,3.036
2064.175,2.806
2064.200,5.662
2064.225,4.630
2064.250,5.806
2064.275,3.914
2064.300,5.836
2064.325,2.528
2064.350,4.579
2064.375,5.070
2064.400,5.261
2064.425,5.853
2064.450,3.982
2064.475,4.228
2064.500,3.813
2064.525,6.964
2064.550,6.984
2064.575,4.857
2064.600,2.686
2064.625,3.224
2064.650,5.277
2064.675,4.102
2064.700,4.739
2064.725,3.555
2064.750,5.906
2064.775,5.947
2064.800,5.617
2064.825,3.414
2064.850,4.230
2064.875,5.281
2064.900,7.763
2064.925,3.861
2064.950,5.076
2064.975,2.397
2065.000,2.857
2065.025,3.822
2065.050,4.158
2065.075,5.435
2065.100,4.065
2065.125,3.775
2065.150,4.585
2065.175,3.605
2065.200,6.734
2065.225,7.032
2065.250,6.567
2065.275,6.069
2065.300,4.982
2065.325,3.917
2065.350,3.817
2065.375,2.678
2065.400,3.147
2065.425,4.705
2065.450,4.468
2065.475,3.292
2065.500,4.772
2065.525,5.392
2065.550,3.356
2065.575,4.348
2065.600,3.769
2065.625,4.320
2065.650,6.645
2065.675,6.075
2065.700,6.114
2065.725,4.049
2065.750,2.607
2065.775,4.837
2065.800,4.792
2065.825,3.194
2065.850,3.121
2065.875,3.626
2065.900,4.147
2065.925,5.188
2065.950,4.145
2065.975,3.590
2066.000,2.802
2066.025,6.757
2066.050,4.624
2066.075,4.229
2066.100,4.644
2066.125,5.327
2066.150,4.352
2066.175,2.491
2066.200,5.661
2066.225,4.978
2066.250,3.018
2066.275,3.922
2066.300,6.006
2066.325,4.111
2066.350,4.384
2066.375,3.642
2066.400,3.234
2066.425,4.839
2066.450,4.235
2066.475,4.445
2066.500,3.156
2066.525,4.168
2066.550,4.365
2066.575,5.728
2066.600,2.764
2066.625,2.202
2066.650,6.235
2066.675,3.317
2066.700,2.811
2066.725,5.116
2066.750,3.554
2066.775,5.299
2066.800,3.871
2066.825,4.261
2066.850,2.591
2066.875,2.455
2066.900,5.108
2066.925,4.979
2066.950,6.283
2066.975,3.915
2067.000,4.477
2067.025,3.843
2067.050,3.215
2067.075,4.414
2067.100,3.709
2067.125,6.382
2067.150,5.749
2067.175,3.664
2067.200,6.433
2067.225,6.737
2067.250,3.396
2067.275,5.021
2067.300,4.864
2067.325,4.286
2067.350,5.864
2067.375,2.438
2067.400,3.977
2067.425,5.378
2067.450,3.040
2067.475,3.309
2067.500,5.920
2067.525,2.851
2067.550,2.340
2067.575,4.584
2067.600,5.396
2067.625,4.369
2067.650,5.079
2067.675,4.059
2067.700,5.972
2067.725,3.017
2067.750,2.991
2067.775,2.851
2067.800,1.713
2067.825,3.208
2067.850,5.270
2067.875,5.048
2067.900,2.339
2067.925,7.232
2067.950,5.040
2067.975,2.824
2068.000,5.089
2068.025,3.576
2068.050,3.291
2068.075,3.826
2068.100,2.957
2068.125,4.279
2068.150,2.625
2068.175,6.000
2068.200,7.253
2068.225,1.676
2068.250,3.024
2068.275,2.965
2068.300,4.561
2068.325,4.243
2068.350,5.097
2068.375,3.650
2068.400,3.798
2068.425,3.285
2068.450,2.637
2068.475,3.265
2068.500,4.411
2068.525,4.000
2068.550,3.316
2068.575,5.304
2068.600,3.691
2068.625,3.489
2068.650,5.226
2068.675,4.956
2068.700,4.332
2068.725,4.487
2068.750,3.552
2068.775,6.357
2068.800,4.973
2068.825,3.121
2068.850,5.760
2068.875,5.125
2068.900,6.513
2068.925,1.833
2068.950,3.297
2068.975,7.649
2069.000,5.496
2069.025,3.095
2069.050,4.964
2069.075,2.999
2069.100,4.907
2069.125,5.717
2069.150,3.593
2069.175,3.654
2069.200,3.023
2069.225,3.518
2069.250,1.961
2069.275,2.799
2069.300,6.420
2069.325,4.722
2069.350,5.177
2069.375,3.688
2069.400,5.039
2069.425,4.848
2069.450,4.614
2069.475,3.300
2069.500,4.693
2069.525,5.932
2069.550,2.835
2069.575,3.126
2069.600,3.477
2069.625,4.343
2069.650,2.919
2069.675,3.720
2069.700,3.560
2069.725,3.474
2069.750,4.347
2069.775,3.818
2069.800,3.849
2069.825,4.067
2069.850,6.464
2069.875,4.009
2069.900,5.391
2069.925,6.415
2069.950,3.808
2069.975,4.055
2070.000,4.875
2070.025,2.378
2070.050,5.656
2070.075,4.728
2070.100,3.142
2070.125,5.810
2070.150,5.668
2070.175,2.311
2070.200,6.075
2070.225,3.691
2070.250,6.305
2070.275,2.535
2070.300,5.043
2070.325,3.124
2070.350,3.508
2070.375,3.666
2070.400,4.913
2070.425,2.925
2070.450,4.145
2070.475,3.961
2070.500,4.757
2070.525,5.708
2070.550,3.778
2070.575,5.450
2070.600,3.645
2070.625,2.140
2070.650,4.433
2070.675,2.901
2070.700,3.311
2070.725,2.957
2070.750,4.587
2070.775,4.217
2070.800,3.487
2070.825,7.944
2070.850,4.409
2070.875,4.593
2070.900,3.271
2070.925,3.186
2070.950,5.812
2070.975,4.277
2071.000,4.005
2071.025,4.203
2071.050,6.169
2071.075,5.950
2071.100,3.755
2071.125,2.604
2071.150,6.177
2071.175,1.269
2071.200,4.121
2071.225,4.909
2071.250,4.619
2071.275,5.326
2071.300,4.316
2071.325,3.582
2071.350,4.566
2071.375,3.608
2071.400,6.657
2071.425,5.317
2071.450,4.100
2071.475,5.581
2071.500,2.296
2071.525,5.515
2071.550,3.893
2071.575,4.795
2071.600,2.471
2071.625,1.689
2071.650,4.203
2071.675,7.896
2071.700,7.330
2071.725,5.137
2071.750,3.135
2071.775,3.523
2071.800,3.950
2071.825,4.879
2071.850,3.964
2071.875,5.402
2071.900,4.261
2071.925,5.090
2071.950,4.478
2071.975,4.238
2072.000,1.887
2072.025,4.141
2072.050,3.623
2072.075,6.442
2072.100,3.943
2072.125,2.976
2072.150,5.041
2072.175,6.380
2072.200,4.160
2072.225,3.443
2072.250,4.045
2072.275,6.273
2072.300,6.096
2072.325,4.057
2072.350,2.306
2072.375,3.983
2072.400,4.928
2072.425,4.482
2072.450,6.376
2072.475,2.319
2072.500,5.150
2072.525,2.788
2072.550,5.209
2072.575,4.038
2072.600,5.781
2072.625,4.589
2072.650,5.041
2072.675,4.184
2072.700,4.272
2072.725,3.996
2072.750,3.221
2072.775,7.938
2072.800,3.110
2072.825,6.055
2072.850,4.379
2072.875,4.594
2072.900,3.069
2072.925,4.336
2072.950,3.437
2072.975,6.031
2073.000,2.452
2073.025,3.937
2073.050,5.586
2073.075,4.296
2073.100,4.173
2073.125,3.596
2073.150,4.984
2073.175,7.575
2073.200,6.629
2073.225,4.288
2073.250,5.212
2073.275,4.544
2073.300,4.122
2073.325,3.655
2073.350,3.495
2073.375,5.988
2073.400,4.962
2073.425,5.360
2073.450,4.967
2073.475,4.537
2073.500,4.221
2073.525,2.832
2073.550,6.325
2073.575,6.337
2073.600,5.544
2073.625,3.525
2073.650,2.566
2073.675,2.816
2073.700,3.519
2073.725,5.648
2073.750,3.484
2073.775,3.312
2073.800,4.844
2073.825,2.313
2073.850,2.844
2073.875,3.811
2073.900,4.526
2073.925,3.308
2073.950,5.164
2073.975,6.245
2074.000,4.361
2074.025,4.113
2074.050,3.106
2074.075,8.730
2074.100,2.730
2074.125,3.281
2074.150,3.687
2074.175,3.375
2074.200,3.588
2074.225,2.358
2074.250,3.568
2074.275,2.961
2074.300,3.407
2074.325,3.993
2074.350,4.109
2074.375,2.213
2074.400,2.667
2074.425,4.278
2074.450,4.760
2074.475,2.287
2074.500,5.192
2074.525,4.386
2074.550,3.472
2074.575,5.205
2074.600,4.342
2074.625,5.390
2074.650,6.800
2074.675,3.005
2074.700,3.957
2074.725,1.830
2074.750,5.368
2074.775,4.242
2074.800,6.152
2074.825,4.260
2074.850,5.716
2074.875,4.266
2074.900,3.867
2074.925,3.780
2074.950,2.690
2074.975,2.142
2075.000,5.049
2075.025,5.254
2075.050,8.128
2075.075,3.817
2075.100,3.308
2075.125,4.815
2075.150,2.545
2075.175,3.492
2075.200,3.662
2075.225,2.695
2075.250,6.102
2075.275,5.027
2075.300,2.546
2075.325,4.434
2075.350,3.782
2075.375,4.687
2075.400,5.823
2075.425,6.616
2075.450,5.437
2075.475,2.845
2075.500,2.438
2075.525,6.326
2075.550,6.855
2075.575,4.701
2075.600,2.274
2075.625,2.583
2075.650,2.315
2075.675,3.805
2075.700,6.243
2075.725,2.145
2075.750,4.438
2075.775,6.165
2075.800,5.806
2075.825,3.087
2075.850,5.323
2075.875,3.163
2075.900,4.726
2075.925,4.785
2075.950,4.278
2075.975,5.716
2076.000,5.206
2076.025,5.190
2076.050,5.236
2076.075,2.948
2076.100,1.617
2076.125,4.328
2076.150,1.706
2076.175,6.638
2076.200,5.925
2076.225,5.380
2076.250,6.348
2076.275,6.595
2076.300,5.533
2076.325,3.366
2076.350,6.711
2076.375,3.367
2076.400,4.340
2076.425,4.884
2076.450,5.718
2076.475,4.820
2076.500,4.741
2076.525,5.544
2076.550,6.960
2076.575,5.047
2076.600,2.617
2076.625,6.911
2076.650,3.353
2076.675,5.595
2076.700,2.227
2076.725,5.970
2076.750,3.503
2076.775,3.330
2076.800,5.950
2076.825,3.923
2076.850,4.541
2076.875,3.612
2076.900,6.805
2076.925,1.863
2076.950,3.555
2076.975,2.993
2077.000,3.132
2077.025,3.064
2077.050,4.939
2077.075,3.405
2077.100,3.222
2077.125,4.029
2077.150,3.895
2077.175,6.878
2077.200,3.792
2077.225,3.472
2077.250,3.570
2077.275,4.207
2077.300,2.803
2077.325,4.878
2077.350,6.226
2077.375,4.722
2077.400,3.796
2077.425,4.189
2077.450,3.707
2077.475,7.345
2077.500,4.391
2077.525,3.932
2077.550,3.145
2077.575,6.711
2077.600,3.786
2077.625,4.822
2077.650,5.041
2077.675,3.831
2077.700,3.524
2077.725,2.788
2077.750,3.985
2077.775,7.647
2077.800,3.812
2077.825,3.571
2077.850,3.197
2077.875,5.346
2077.900,2.784
2077.925,7.839
2077.950,5.635
2077.975,4.915
2078.000,1.340
2078.025,5.235
2078.050,3.456
2078.075,5.401
2078.100,4.064
2078.125,4.572
2078.150,6.556
2078.175,3.351
2078.200,3.385
2078.225,2.469
2078.250,2.812
2078.275,2.153
2078.300,2.928
2078.325,3.111
2078.350,3.023
2078.375,4.585
2078.400,2.715
2078.425,2.727
2078.450,4.591
2078.475,5.710
2078.500,4.219
2078.525,3.790
2078.550,4.732
2078.575,3.172
2078.600,3.781
2078.625,4.291
2078.650,3.350
2078.675,5.557
2078.700,4.340
2078.725,2.207
2078.750,4.596
2078.775,5.061
2078.800,5.365
2078.825,3.267
2078.850,3.262
2078.875,4.547
2078.900,3.081
2078.925,3.930
2078.950,3.686
2078.975,4.879
2079.000,4.296
2079.025,5.289
2079.050,6.406
2079.075,3.583
2079.100,6.242
2079.125,5.235
2079.150,4.689
2079.175,4.829
2079.200,5.568
2079.225,3.221
2079.250,3.117
2079.275,2.487
2079.300,4.288
2079.325,4.547
2079.350,2.592
2079.375,2.300
2079.400,4.704
2079.425,3.725
2079.450,5.974
2079.475,1.672
2079.500,4.437
2079.525,5.397
2079.550,7.847
2079.575,2.537
2079.600,2.107
2079.625,4.141
2079.650,6.499
2079.675,4.843
2079.700,4.013
2079.725,4.989
2079.750,5.395
2079.775,4.504
2079.800,6.773
2079.825,2.995
2079.850,3.561
2079.875,7.192
2079.900,3.252
2079.925,3.811
2079.950,3.155
2079.975,3.153
2080.000,4.050
2080.025,3.849
2080.050,2.974
2080.075,2.520
2080.100,4.228
2080.125,2.685
2080.150,2.025
2080.175,4.039
2080.200,7.620
2080.225,2.620
2080.250,3.286
2080.275,4.402
2080.300,1.348
2080.325,4.875
2080.350,2.887
2080.375,3.911
2080.400,6.749
2080.425,5.579
2080.450,3.261
2080.475,5.184
2080.500,5.289
2080.525,3.611
2080.550,4.910
2080.575,3.717
2080.600,3.984
2080.625,3.421
2080.650,3.057
2080.675,5.199
2080.700,4.634
2080.725,5.278
2080.750,2.822
2080.775,7.764
2080.800,2.875
2080.825,5.218
2080.850,4.909
2080.875,5.216
2080.900,5.919
2080.925,4.950
2080.950,4.621
2080.975,4.779
2081.000,5.247
2081.025,4.572
2081.050,4.799
2081.075,6.821
2081.100,3.795
2081.125,2.684
2081.150,3.222
2081.175,3.199
2081.200,4.965
2081.225,3.620
2081.250,5.653
2081.275,3.172
2081.300,3.824
2081.325,2.318
2081.350,3.177
2081.375,4.676
2081.400,2.913
2081.425,4.123
2081.450,3.708
2081.475,3.720
2081.500,3.309
2081.525,6.276
2081.550,6.619
2081.575,4.635
2081.600,5.025
2081.625,5.464
2081.650,4.121
2081.675,4.752
2081.700,5.547
2081.725,5.450
2081.750,2.337
2081.775,4.732
2081.800,3.665
2081.825,4.526
2081.850,3.781
2081.875,4.692
2081.900,4.327
2081.925,3.220
2081.950,5.003
2081.975,2.956
2082.000,4.850
2082.025,3.150
2082.050,5.502
2082.075,4.933
2082.100,6.157
2082.125,5.300
2082.150,5.773
2082.175,5.297
2082.200,5.301
2082.225,5.183
2082.250,3.587
2082.275,3.665
2082.300,1.857
2082.325,4.339
2082.350,4.546
2082.375,3.482
2082.400,6.219
2082.425,3.156
2082.450,4.423
2082.475,6.929
2082.500,5.958
2082.525,3.868
2082.550,5.231
2082.575,6.601
2082.600,2.178
2082.625,2.236
2082.650,5.279
2082.675,5.026
2082.700,5.470
2082.725,3.299
2082.750,2.853
2082.775,2.658
2082.800,1.506
2082.825,6.292
2082.850,7.954
2082.875,2.535
2082.900,5.129
2082.925,7.214
2082.950,2.363
2082.975,4.565
2083.000,4.606
2083.025,3.868
2083.050,1.923
2083.075,5.030
2083.100,3.041
2083.125,5.086
2083.150,5.706
2083.175,2.425
2083.200,5.535
2083.225,3.791
2083.250,3.414
2083.275,3.465
2083.300,4.199
2083.325,6.281
2083.350,3.751
2083.375,2.280
2083.400,2.682
2083.425,5.313
2083.450,8.775
2083.475,2.638
2083.500,4.666
2083.525,4.321
2083.550,2.207
2083.575,5.740
2083.600,4.565
2083.625,2.985
2083.650,3.457
2083.675,3.654
2083.700,3.647
2083.725,3.952
2083.750,3.774
2083.775,5.569
2083.800,3.474
2083.825,3.419
2083.850,4.993
2083.875,3.759
2083.900,4.916
2083.925,3.324
2083.950,5.507
2083.975,4.669
2084.000,8.713
2084.025,5.511
2084.050,2.900
2084.075,6.016
2084.100,4.852
2084.125,5.115
2084.150,5.638
2084.175,3.278
2084.200,3.764
2084.225,5.772
2084.250,3.273
2084.275,6.202
2084.300,2.794
2084.325,4.380
2084.350,2.146
2084.375,4.691
2084.400,5.047
2084.425,2.252
2084.450,5.702
2084.475,5.197
2084.500,3.166
2084.525,2.827
2084.550,3.785
2084.575,6.706
2084.600,6.417
2084.625,3.729
2084.650,3.581
2084.675,3.231
2084.700,5.887
2084.725,5.137
2084.750,5.244
2084.775,2.827
2084.800,2.872
2084.825,2.818
2084.850,7.541
2084.875,4.793
2084.900,4.265
2084.925,5.019
2084.950,4.565
2084.975,4.335
2085.000,3.233
2085.025,3.291
2085.050,3.019
2085.075,2.857
2085.100,5.151
2085.125,4.923
2085.150,5.260
2085.175,4.738
2085.200,3.481
2085.225,4.168
2085.250,3.357
2085.275,3.546
2085.300,3.853
2085.325,3.939
2085.350,6.017
2085.375,6.980
2085.400,6.658
2085.425,5.759
2085.450,6.162
2085.475,4.197
2085.500,3.806
2085.525,8.888
2085.550,3.360
2085.575,5.993
2085.600,4.097
2085.625,6.453
2085.650,5.975
2085.675,6.066
2085.700,3.613
2085.725,5.638
2085.750,3.585
2085.775,2.769
2085.800,3.295
2085.825,4.168
2085.850,3.682
2085.875,3.736
2085.900,4.407
2085.925,3.858
2085.950,3.073
2085.975,3.251
2086.000,4.305
2086.025,3.469
2086.050,7.611
2086.075,4.737
2086.100,4.072
2086.125,5.212
2086.150,4.547
2086.175,4.174
2086.200,6.347
2086.225,6.944
2086.250,2.235
2086.275,3.790
2086.300,1.423
2086.325,3.536
2086.350,6.568
2086.375,3.153
2086.400,4.300
2086.425,2.421
2086.450,2.213
2086.475,3.637
2086.500,4.602
2086.525,3.839
2086.550,4.549
2086.575,3.927
2086.600,5.957
2086.625,2.207
2086.650,2.447
2086.675,4.167
2086.700,4.915
2086.725,3.849
2086.750,5.198
2086.775,2.492
2086.800,3.702
2086.825,5.426
2086.850,5.225
2086.875,3.146
2086.900,4.819
2086.925,1.372
2086.950,6.485
2086.975,4.090
2087.000,7.077
2087.025,2.028
2087.050,3.173
2087.075,4.102
2087.100,5.501
2087.125,3.862
2087.150,3.163
2087.175,7.648
2087.200,3.821
2087.225,1.005
2087.250,4.847
2087.275,6.132
2087.300,5.528
2087.325,3.844
2087.350,3.154
2087.375,4.861
2087.400,4.210
2087.425,3.514
2087.450,8.428
2087.475,5.057
2087.500,4.666
2087.525,3.626
2087.550,3.779
2087.575,4.911
2087.600,7.478
2087.625,2.318
2087.650,4.802
2087.675,5.972
2087.700,4.573
2087.725,3.904
2087.750,2.161
2087.775,5.823
2087.800,3.906
2087.825,4.545
2087.850,4.050
2087.875,5.176
2087.900,4.144
2087.925,4.483
2087.950,4.054
2087.975,3.288
2088.000,4.805
2088.025,3.885
2088.050,1.509
2088.075,5.698
2088.100,1.780
2088.125,4.283
2088.150,3.176
2088.175,5.378
2088.200,3.682
2088.225,4.502
2088.250,4.437
2088.275,3.924
2088.300,5.029
2088.325,3.381
2088.350,3.713
2088.375,2.907
2088.400,3.531
2088.425,3.420
2088.450,3.909
2088.475,3.367
2088.500,5.836
2088.525,5.495
2088.550,3.559
2088.575,2.134
2088.600,3.653
2088.625,5.435
2088.650,5.824
2088.675,2.606
2088.700,6.521
2088.725,5.048
2088.750,2.851
2088.775,6.371
2088.800,4.132
2088.825,3.339
2088.850,2.901
2088.875,4.371
2088.900,4.612
2088.925,3.408
2088.950,4.737
2088.975,3.151
2089.000,4.335
2089.025,5.843
2089.050,5.011
2089.075,2.497
2089.100,4.617
2089.125,1.994
2089.150,8.090
2089.175,5.399
2089.200,3.791
2089.225,2.854
2089.250,4.204
2089.275,3.617
2089.300,3.048
2089.325,3.508
2089.350,3.725
2089.375,7.839
2089.400,5.556
2089.425,3.959
2089.450,5.629
2089.475,2.182
2089.500,4.394
2089.525,6.260
2089.550,6.416
2089.575,5.511
2089.600,3.572
2089.625,5.595
2089.650,3.100
2089.675,3.107
2089.700,3.339
2089.725,4.000
2089.750,3.761
2089.775,2.152
2089.800,2.624
2089.825,4.825
2089.850,5.958
2089.875,4.767
2089.900,6.559
2089.925,1.947
2089.950,4.773
2089.975,4.010
2090.000,5.397
2090.025,3.394
2090.050,3.387
2090.075,3.645
2090.100,5.808
2090.125,4.342
2090.150,2.368
2090.175,3.700
2090.200,4.417
2090.225,5.309
2090.250,4.020
2090.275,5.220
2090.300,3.583
2090.325,4.507
2090.350,6.140
2090.375,6.204
2090.400,2.238
2090.425,2.521
2090.450,5.207
2090.475,5.755
2090.500,2.680
2090.525,4.619
2090.550,3.340
2090.575,3.221
2090.600,6.221
2090.625,3.799
2090.650,4.247
2090.675,1.985
2090.700,2.700
2090.725,5.222
2090.750,4.219
2090.775,5.274
2090.800,4.171
2090.825,2.300
2090.850,5.529
2090.875,4.045
2090.900,5.381
2090.925,3.439
2090.950,3.094
2090.975,6.025
2091.000,4.381
2091.025,2.548
2091.050,5.912
2091.075,3.572
2091.100,2.390
2091.125,5.184
2091.150,6.704
2091.175,5.185
2091.200,2.641
2091.225,5.366
2091.250,3.671
2091.275,6.628
2091.300,5.682
2091.325,3.237
2091.350,5.173
2091.375,5.248
2091.400,6.618
2091.425,3.855
2091.450,5.999
2091.475,3.795
2091.500,5.518
2091.525,3.099
2091.550,5.598
2091.575,1.742
2091.600,5.226
2091.625,4.397
2091.650,3.905
2091.675,5.188
2091.700,4.520
2091.725,3.030
2091.750,5.485
2091.775,2.664
2091.800,5.049
2091.825,3.967
2091.850,4.765
2091.875,6.562
2091.900,3.713
2091.925,3.829
2091.950,4.490
2091.975,4.966
2092.000,7.014
2092.025,6.827
2092.050,5.783
2092.075,2.875
2092.100,3.239
2092.125,5.584
2092.150,2.924
2092.175,5.442
2092.200,4.054
2092.225,6.443
2092.250,3.673
2092.275,4.083
2092.300,4.201
2092.325,3.819
2092.350,3.377
2092.375,6.923
2092.400,4.462
2092.425,4.790
2092.450,4.819
2092.475,5.692
2092.500,2.858
2092.525,4.761
2092.550,5.634
2092.575,4.518
2092.600,5.077
2092.625,6.324
2092.650,3.691
2092.675,3.890
2092.700,3.512
2092.725,3.717
2092.750,4.460
2092.775,2.902
2092.800,5.265
2092.825,4.015
2092.850,4.662
2092.875,3.769
2092.900,6.039
2092.925,4.519
2092.950,4.971
2092.975,8.243
2093.000,5.399
2093.025,4.653
2093.050,3.187
2093.075,4.291
2093.100,3.019
2093.125,2.934
2093.150,4.614
2093.175,4.354
2093.200,2.784
2093.225,3.938
2093.250,4.936
2093.275,5.693
2093.300,4.431
2093.325,5.021
2093.350,3.029
2093.375,2.503
2093.400,6.474
2093.425,5.542
2093.450,4.968
2093.475,4.778
2093.500,6.563
2093.525,6.379
2093.550,3.206
2093.575,2.736
2093.600,4.894
2093.625,6.014
2093.650,4.757
2093.675,5.289
2093.700,3.079
2093.725,3.311
2093.750,6.334
2093.775,2.486
2093.800,6.372
2093.825,6.885
2093.850,2.568
2093.875,3.937
2093.900,4.660
2093.925,4.100
2093.950,3.963
2093.975,2.994
2094.000,3.555
2094.025,3.375
2094.050,4.860
2094.075,5.675
2094.100,4.633
2094.125,1.708
2094.150,5.363
2094.175,5.082
2094.200,4.754
2094.225,6.306
2094.250,3.296
2094.275,5.374
2094.300,5.821
2094.325,4.381
2094.350,4.614
2094.375,6.068
2094.400,3.854
2094.425,7.541
2094.450,3.907
2094.475,5.116
2094.500,3.296
2094.525,5.293
2094.550,2.505
2094.575,6.406
2094.600,3.697
2094.625,6.458
2094.650,5.657
2094.675,4.397
2094.700,3.504
2094.725,6.951
2094.750,2.991
2094.775,5.586
2094.800,3.459
2094.825,2.267
2094.850,5.005
2094.875,4.677
2094.900,3.098
2094.925,4.744
2094.950,5.261
2094.975,6.077
2095.000,5.601
2095.025,6.762
2095.050,3.931
2095.075,3.959
2095.100,6.471
2095.125,5.454
2095.150,4.267
2095.175,5.062
2095.200,3.365
2095.225,5.008
2095.250,4.744
2095.275,4.328
2095.300,4.875
2095.325,2.942
2095.350,7.878
2095.375,5.687
2095.400,5.254
2095.425,3.731
2095.450,6.082
2095.475,7.600
2095.500,4.588
2095.525,5.959
2095.550,3.774
2095.575,4.223
2095.600,4.282
2095.625,3.905
2095.650,5.871
2095.675,4.607
2095.700,4.076
2095.725,6.776
2095.750,4.419
2095.775,4.438
2095.800,5.590
2095.825,3.381
2095.850,4.284
2095.875,3.195
2095.900,1.575
2095.925,4.883
2095.950,3.661
2095.975,4.852
2096.000,5.126
2096.025,3.789
2096.050,5.711
2096.075,5.687
2096.100,2.663
2096.125,2.485
2096.150,5.145
2096.175,2.386
2096.200,3.806
2096.225,5.222
2096.250,2.643
2096.275,5.938
2096.300,2.263
2096.325,3.404
2096.350,3.337
2096.375,5.793
2096.400,4.082
2096.425,3.712
2096.450,4.259
2096.475,4.256
2096.500,4.297
2096.525,5.329
2096.550,5.655
2096.575,5.306
2096.600,4.948
2096.625,3.555
2096.650,3.487
2096.675,6.373
2096.700,5.795
2096.725,5.392
2096.750,2.801
2096.775,5.169
2096.800,4.074
2096.825,3.730
2096.850,5.526
2096.875,1.932
2096.900,5.244
2096.925,4.248
2096.950,3.026
2096.975,4.744
2097.000,3.000
2097.025,7.301
2097.050,5.562
2097.075,4.853
2097.100,3.863
2097.125,5.382
2097.150,6.412
2097.175,4.422
2097.200,5.665
2097.225,4.081
2097.250,2.312
2097.275,3.564
2097.300,1.877
2097.325,4.969
2097.350,7.352
2097.375,3.058
2097.400,4.398
2097.425,6.469
2097.450,3.069
2097.475,4.120
2097.500,5.742
2097.525,4.721
2097.550,5.189
2097.575,4.571
2097.600,3.367
2097.625,4.531
2097.650,4.203
2097.675,3.547
2097.700,2.770
2097.725,3.029
2097.750,4.828
2097.775,3.478
2097.800,8.345
2097.825,3.246
2097.850,2.860
2097.875,6.498
2097.900,3.662
2097.925,5.118
2097.950,4.608
2097.975,3.940
2098.000,5.554
2098.025,3.091
2098.050,4.369
2098.075,3.124
2098.100,3.643
2098.125,4.904
2098.150,4.597
2098.175,4.757
2098.200,4.328
2098.225,7.036
2098.250,3.332
2098.275,4.030
2098.300,3.733
2098.325,3.793
2098.350,2.865
2098.375,8.297
2098.400,4.506
2098.425,4.030
2098.450,5.234
2098.475,5.193
2098.500,4.069
2098.525,5.828
2098.550,2.846
2098.575,5.263
2098.600,3.092
2098.625,3.301
2098.650,2.483
2098.675,2.130
2098.700,5.458
2098.725,3.756
2098.750,4.982
2098.775,4.603
2098.800,5.927
2098.825,5.286
2098.850,6.692
2098.875,3.679
2098.900,3.696
2098.925,5.918
2098.950,4.593
2098.975,5.732
2099.000,2.509
2099.025,7.019
2099.050,2.779
2099.075,2.315
2099.100,6.108
2099.125,3.272
2099.150,3.990
2099.175,3.605
2099.200,4.028
2099.225,3.261
2099.250,3.577
2099.275,3.958
2099.300,3.154
2099.325,2.759
2099.350,3.249
2099.375,4.534
2099.400,2.890
2099.425,3.722
2099.450,3.031
2099.475,3.054
2099.500,3.292
2099.525,3.014
2099.550,5.635
2099.575,3.541
2099.600,3.477
2099.625,4.080
2099.650,6.015
2099.675,5.428
2099.700,3.947
2099.725,4.921
2099.750,5.512
2099.775,3.553
2099.800,4.167
2099.825,5.870
2099.850,3.554
2099.875,3.863
2099.900,3.709
2099.925,7.311
2099.950,3.628
2099.975,6.022
2100.000,3.019
2100.025,3.191
2100.050,5.039
2100.075,4.689
2100.100,5.176
2100.125,3.184
2100.150,4.862
2100.175,7.591
2100.200,6.278
2100.225,4.019
2100.250,3.407
2100.275,5.095
2100.300,5.322
2100.325,3.827
2100.350,4.217
2100.375,6.474
2100.400,3.739
2100.425,2.709
2100.450,4.629
2100.475,3.284
2100.500,4.345
2100.525,4.028
2100.550,3.620
2100.575,4.675
2100.600,4.814
2100.625,4.356
2100.650,4.817
2100.675,6.748
2100.700,3.558
2100.725,2.970
2100.750,3.352
2100.775,2.793
2100.800,4.053
2100.825,4.225
2100.850,2.303
2100.875,7.322
2100.900,3.444
2100.925,3.908
2100.950,4.209
2100.975,4.942
2101.000,5.235
2101.025,4.682
2101.050,5.317
2101.075,3.114
2101.100,2.217
2101.125,7.484
2101.150,4.864
2101.175,4.763
2101.200,3.895
2101.225,3.833
2101.250,3.145
2101.275,3.713
2101.300,3.958
2101.325,5.660
2101.350,5.165
2101.375,5.813
2101.400,7.623
2101.425,4.235
2101.450,1.619
2101.475,4.208
2101.500,4.083
2101.525,4.836
2101.550,3.899
2101.575,6.885
2101.600,5.459
2101.625,2.998
2101.650,4.822
2101.675,4.813
2101.700,3.306
2101.725,7.215
2101.750,3.822
2101.775,4.768
2101.800,5.678
2101.825,7.801
2101.850,5.596
2101.875,2.738
2101.900,3.225
2101.925,3.176
2101.950,2.095
2101.975,3.738
2102.000,3.601
2102.025,2.624
2102.050,5.482
2102.075,2.654
2102.100,5.159
2102.125,7.157
2102.150,3.367
2102.175,5.771
2102.200,7.429
2102.225,1.723
2102.250,4.288
2102.275,5.831
2102.300,1.857
2102.325,5.569
2102.350,5.722
2102.375,5.061
2102.400,3.060
2102.425,6.510
2102.450,7.317
2102.475,4.020
2102.500,5.777
2102.525,3.816
2102.550,3.279
2102.575,3.789
2102.600,6.254
2102.625,5.625
2102.650,5.090
2102.675,3.257
2102.700,2.086
2102.725,1.848
2102.750,4.587
2102.775,6.532
2102.800,7.070
2102.825,3.819
2102.850,6.687
2102.875,2.744
2102.900,2.714
2102.925,5.652
2102.950,4.052
2102.975,5.271
2103.000,3.482
2103.025,3.680
2103.050,3.450
2103.075,2.421
2103.100,5.181
2103.125,5.737
2103.150,4.369
2103.175,5.253
2103.200,2.717
2103.225,4.560
2103.250,5.266
2103.275,5.131
2103.300,2.603
2103.325,2.947
2103.350,4.129
2103.375,4.899
2103.400,5.551
2103.425,2.946
2103.450,6.317
2103.475,2.754
2103.500,4.834
2103.525,3.998
2103.550,2.606
2103.575,4.885
2103.600,2.251
2103.625,4.005
2103.650,6.063
2103.675,3.909
2103.700,3.964
2103.725,5.253
2103.750,6.667
2103.775,6.278
2103.800,5.618
2103.825,4.231
2103.850,4.648
2103.875,5.668
2103.900,6.107
2103.925,5.636
2103.950,2.234
2103.975,5.423
2104.000,5.877
2104.025,4.195
2104.050,2.895
2104.075,4.408
2104.100,4.626
2104.125,6.986
2104.150,4.407
2104.175,2.601
2104.200,3.374
2104.225,5.403
2104.250,3.795
2104.275,6.114
2104.300,2.814
2104.325,6.700
2104.350,2.655
2104.375,6.065
2104.400,3.897
2104.425,3.332
2104.450,4.028
2104.475,3.602
2104.500,5.000
2104.525,4.634
2104.550,4.948
2104.575,4.456
2104.600,7.184
2104.625,4.398
2104.650,4.154
2104.675,4.754
2104.700,3.780
2104.725,7.614
2104.750,4.818
2104.775,4.838
2104.800,5.403
2104.825,2.318
2104.850,1.794
2104.875,3.363
2104.900,4.122
2104.925,3.358
2104.950,4.980
2104.975,2.855
2105.000,4.984
2105.025,7.289
2105.050,7.089
2105.075,6.015
2105.100,5.511
2105.125,2.526
2105.150,1.705
2105.175,3.165
2105.200,4.162
2105.225,4.741
2105.250,3.407
2105.275,5.318
2105.300,4.117
2105.325,4.524
2105.350,2.740
2105.375,5.252
2105.400,4.632
2105.425,4.390
2105.450,2.837
2105.475,3.850
2105.500,4.454
2105.525,4.104
2105.550,4.173
2105.575,4.932
2105.600,4.500
2105.625,5.075
2105.650,3.146
2105.675,3.621
2105.700,7.403
2105.725,4.438
2105.750,6.542
2105.775,3.254
2105.800,2.289
2105.825,5.501
2105.850,2.817
2105.875,5.371
2105.900,2.901
2105.925,3.395
2105.950,4.253
2105.975,3.588
2106.000,4.319
2106.025,5.092
2106.050,4.677
2106.075,3.293
2106.100,4.140
2106.125,4.149
2106.150,5.589
2106.175,4.414
2106.200,7.253
2106.225,2.901
2106.250,4.765
2106.275,1.690
2106.300,2.606
2106.325,6.687
2106.350,4.022
2106.375,3.753
2106.400,4.626
2106.425,4.000
2106.450,2.752
2106.475,3.396
2106.500,3.980
2106.525,5.743
2106.550,2.427
2106.575,4.663
2106.600,3.651
2106.625,3.562
2106.650,6.291
2106.675,4.047
2106.700,6.079
2106.725,3.251
2106.750,6.206
2106.775,3.008
2106.800,3.981
2106.825,4.148
2106.850,6.701
2106.875,4.194
2106.900,6.119
2106.925,2.439
2106.950,5.057
2106.975,3.632
2107.000,3.308
2107.025,6.701
2107.050,4.541
2107.075,1.770
2107.100,5.437
2107.125,4.801
2107.150,4.746
2107.175,4.633
2107.200,1.835
2107.225,6.529
2107.250,6.803
2107.275,3.553
2107.300,4.192
2107.325,1.391
2107.350,5.072
2107.375,4.703
2107.400,4.220
2107.425,4.748
2107.450,2.844
2107.475,5.466
2107.500,3.792
2107.525,5.587
2107.550,2.908
2107.575,3.254
2107.600,4.512
2107.625,2.962
2107.650,3.859
2107.675,3.760
2107.700,3.597
2107.725,3.402
2107.750,3.254
2107.775,5.827
2107.800,7.070
2107.825,3.994
2107.850,4.250
2107.875,5.100
2107.900,7.035
2107.925,4.325
2107.950,6.293
2107.975,3.439
2108.000,6.328
2108.025,3.916
2108.050,3.441
2108.075,5.091
2108.100,4.306
2108.125,2.991
2108.150,3.483
2108.175,4.141
2108.200,1.778
2108.225,5.162
2108.250,5.881
2108.275,4.432
2108.300,6.594
2108.325,4.599
2108.350,1.392
2108.375,5.106
2108.400,5.168
2108.425,4.309
2108.450,4.991
2108.475,2.675
2108.500,3.551
2108.525,3.262
2108.550,4.089
2108.575,5.224
2108.600,6.826
2108.625,3.681
2108.650,3.731
2108.675,3.360
2108.700,2.788
2108.725,3.687
2108.750,2.761
2108.775,4.873
2108.800,4.279
2108.825,2.115
2108.850,3.161
2108.875,4.764
2108.900,2.312
2108.925,3.090
2108.950,2.860
2108.975,2.314
2109.000,4.771
2109.025,3.213
2109.050,2.518
2109.075,3.143
2109.100,4.643
2109.125,7.248
2109.150,8.268
2109.175,2.764
2109.200,3.614
2109.225,4.211
2109.250,1.516
2109.275,2.295
2109.300,3.161
2109.325,5.662
2109.350,2.441
2109.375,6.323
2109.400,5.718
2109.425,4.336
2109.450,3.322
2109.475,4.564
2109.500,3.652
2109.525,6.289
2109.550,3.528
2109.575,7.059
2109.600,2.841
2109.625,5.168
2109.650,5.500
2109.675,4.002
2109.700,5.389
2109.725,3.852
2109.750,3.238
2109.775,3.536
2109.800,3.871
2109.825,4.453
2109.850,3.535
2109.875,5.030
2109.900,5.083
2109.925,3.595
2109.950,5.990
2109.975,5.283
2110.000,2.502
2110.025,3.384
2110.050,4.266
2110.075,3.732
2110.100,3.263
2110.125,6.691
2110.150,3.052
2110.175,5.109
2110.200,1.699
2110.225,2.992
2110.250,5.820
2110.275,2.924
2110.300,2.915
2110.325,5.145
2110.350,4.644
2110.375,6.068
2110.400,4.042
2110.425,1.981
2110.450,4.799
2110.475,2.938
2110.500,6.100
2110.525,4.031
2110.550,5.271
2110.575,2.566
2110.600,2.668
2110.625,4.121
2110.650,4.373
2110.675,4.460
2110.700,4.993
2110.725,2.804
2110.750,3.710
2110.775,4.829
2110.800,4.808
2110.825,4.171
2110.850,6.038
2110.875,5.981
2110.900,4.405
2110.925,4.491
2110.950,4.185
2110.975,3.496
2111.000,4.620
2111.025,2.155
2111.050,3.878
2111.075,4.918
2111.100,5.137
2111.125,4.673
2111.150,3.639
2111.175,6.573
2111.200,5.632
2111.225,5.319
2111.250,3.311
2111.275,5.532
2111.300,3.603
2111.325,4.828
2111.350,3.367
2111.375,4.311
2111.400,5.213
2111.425,3.956
2111.450,2.829
2111.475,5.577
2111.500,4.436
2111.525,5.493
2111.550,4.429
2111.575,3.983
2111.600,6.856
2111.625,4.110
2111.650,4.188
2111.675,4.819
2111.700,3.814
2111.725,4.547
2111.750,4.493
2111.775,4.407
2111.800,3.753
2111.825,5.879
2111.850,3.507
2111.875,4.786
2111.900,7.059
2111.925,2.632
2111.950,5.872
2111.975,5.668
2112.000,3.761
2112.025,4.951
2112.050,6.525
2112.075,5.408
2112.100,4.433
2112.125,2.814
2112.150,5.601
2112.175,2.784
2112.200,6.732
2112.225,2.071
2112.250,2.552
2112.275,5.401
2112.300,3.159
2112.325,4.942
2112.350,4.985
2112.375,2.652
2112.400,5.868
2112.425,5.015
2112.450,2.058
2112.475,5.470
2112.500,5.377
2112.525,1.597
2112.550,2.531
2112.575,5.298
2112.600,3.991
2112.625,3.917
2112.650,5.085
2112.675,5.032
2112.700,4.847
2112.725,6.102
2112.750,3.560
2112.775,2.629
2112.800,5.078
2112.825,4.991
2112.850,3.139
2112.875,2.690
2112.900,2.478
2112.925,3.831
2112.950,6.585
2112.975,3.671
2113.000,5.330
2113.025,4.373
2113.050,4.058
2113.075,3.740
2113.100,5.635
2113.125,5.380
2113.150,3.186
2113.175,6.842
2113.200,2.459
2113.225,3.671
2113.250,5.193
2113.275,5.282
2113.300,3.031
2113.325,1.997
2113.350,7.132
2113.375,3.395
2113.400,2.910
2113.425,5.480
2113.450,6.196
2113.475,3.919
2113.500,2.641
2113.525,3.693
2113.550,3.294
2113.575,2.851
2113.600,3.816
2113.625,4.960
2113.650,5.811
2113.675,5.864
2113.700,2.190
2113.725,3.628
2113.750,5.466
2113.775,6.844
2113.800,3.706
2113.825,4.845
2113.850,6.653
2113.875,2.597
2113.900,4.101
2113.925,3.826
2113.950,5.413
2113.975,3.155
2114.000,5.202
2114.025,5.230
2114.050,2.173
2114.075,3.004
2114.100,6.661
2114.125,3.229
2114.150,2.669
2114.175,4.354
2114.200,2.752
2114.225,2.582
2114.250,4.002
2114.275,5.069
2114.300,4.431
2114.325,1.583
2114.350,4.132
2114.375,5.105
2114.400,3.437
2114.425,7.185
2114.450,2.131
2114.475,5.081
2114.500,5.074
2114.525,4.105
2114.550,4.380
2114.575,4.816
2114.600,3.392
2114.625,2.814
2114.650,4.233
2114.675,7.033
2114.700,4.338
2114.725,3.204
2114.750,3.280
2114.775,3.529
2114.800,4.751
2114.825,3.045
2114.850,4.663
2114.875,3.999
2114.900,3.453
2114.925,3.821
2114.950,1.988
2114.975,3.983
2115.000,4.437
2115.025,4.991
2115.050,2.261
2115.075,4.874
2115.100,3.721
2115.125,7.221
2115.150,2.089
2115.175,4.293
2115.200,5.974
2115.225,4.326
2115.250,6.260
2115.275,1.973
2115.300,5.446
2115.325,3.024
2115.350,4.459
2115.375,3.366
2115.400,6.047
2115.425,3.490
2115.450,3.678
2115.475,2.363
2115.500,6.039
2115.525,3.124
2115.550,3.285
2115.575,2.649
2115.600,3.752
2115.625,5.554
2115.650,3.876
2115.675,5.061
2115.700,4.898
2115.725,1.758
2115.750,3.279
2115.775,4.256
2115.800,4.840
2115.825,7.043
2115.850,4.816
2115.875,3.332
2115.900,5.139
2115.925,3.264
2115.950,4.525
2115.975,5.583
2116.000,5.278
2116.025,3.249
2116.050,4.002
2116.075,7.880
2116.100,5.654
2116.125,4.179
2116.150,4.507
2116.175,3.057
2116.200,4.806
2116.225,3.207
2116.250,5.426
2116.275,4.149
2116.300,3.395
2116.325,7.387
2116.350,2.781
2116.375,5.039
2116.400,2.775
2116.425,4.026
2116.450,2.586
2116.475,7.860
2116.500,3.744
2116.525,4.987
2116.550,7.071
2116.575,3.210
2116.600,4.800
2116.625,3.502
2116.650,6.043
2116.675,5.232
2116.700,2.877
2116.725,3.189
2116.750,3.608
2116.775,5.545
2116.800,4.771
2116.825,2.573
2116.850,2.067
2116.875,3.683
2116.900,3.265
2116.925,4.273
2116.950,3.940
2116.975,5.086
2117.000,3.987
2117.025,6.529
2117.050,6.448
2117.075,4.029
2117.100,4.815
2117.125,3.687
2117.150,2.808
2117.175,2.716
2117.200,6.729
2117.225,4.086
2117.250,3.742
2117.275,7.517
2117.300,4.387
2117.325,4.485
2117.350,4.347
2117.375,3.092
2117.400,1.226
2117.425,2.440
2117.450,6.096
2117.475,4.387
2117.500,2.023
2117.525,2.630
2117.550,3.694
2117.575,3.482
2117.600,4.930
2117.625,6.931
2117.650,6.001
2117.675,3.940
2117.700,3.887
2117.725,4.073
2117.750,2.397
2117.775,4.203
2117.800,3.513
2117.825,5.567
2117.850,3.421
2117.875,5.960
2117.900,4.452
2117.925,2.589
2117.950,3.198
2117.975,2.847
2118.000,6.258
2118.025,4.058
2118.050,2.280
2118.075,5.436
2118.100,5.428
2118.125,4.072
2118.150,4.361
2118.175,3.769
2118.200,3.193
2118.225,3.150
2118.250,5.711
2118.275,4.020
2118.300,2.236
2118.325,3.918
2118.350,3.012
2118.375,5.021
2118.400,3.776
2118.425,5.616
2118.450,2.118
2118.475,5.282
2118.500,4.406
2118.525,4.270
2118.550,4.973
2118.575,3.594
2118.600,2.981
2118.625,4.099
2118.650,2.023
2118.675,3.450
2118.700,2.856
2118.725,4.397
2118.750,4.133
2118.775,5.010
2118.800,5.595
2118.825,3.317
2118.850,5.234
2118.875,2.812
2118.900,3.603
2118.925,4.294
2118.950,4.400
2118.975,4.027
2119.000,2.199
2119.025,4.888
2119.050,2.514
2119.075,4.408
2119.100,5.320
2119.125,6.207
2119.150,3.815
2119.175,4.432
2119.200,4.151
2119.225,5.496
2119.250,4.889
2119.275,2.340
2119.300,4.036
2119.325,2.239
2119.350,2.839
2119.375,5.401
2119.400,2.740
2119.425,4.058
2119.450,6.049
2119.475,2.156
2119.500,5.835
2119.525,1.651
2119.550,5.479
2119.575,2.885
2119.600,4.985
2119.625,4.835
2119.650,4.295
2119.675,6.923
2119.700,6.010
2119.725,2.609
2119.750,5.324
2119.775,3.402
2119.800,4.745
2119.825,7.058
2119.850,6.915
2119.875,5.739
2119.900,2.309
2119.925,5.526
2119.950,5.283
2119.975,2.550
2120.000,4.127
2120.025,5.762
2120.050,4.297
2120.075,6.852
2120.100,3.256
2120.125,4.327
2120.150,4.583
2120.175,4.372
2120.200,4.839
2120.225,4.368
2120.250,3.708
2120.275,6.548
2120.300,3.419
2120.325,5.039
2120.350,2.827
2120.375,5.645
2120.400,5.123
2120.425,7.278
2120.450,1.914
2120.475,2.686
2120.500,3.601
2120.525,4.561
2120.550,4.617
2120.575,1.698
2120.600,5.580
2120.625,4.272
2120.650,1.632
2120.675,8.382
2120.700,3.819
2120.725,3.944
2120.750,4.841
2120.775,5.938
2120.800,6.637
2120.825,4.359
2120.850,5.052
2120.875,2.084
2120.900,3.956
2120.925,3.461
2120.950,3.457
2120.975,3.419
2121.000,3.388
2121.025,3.621
2121.050,5.378
2121.075,3.584
2121.100,4.165
2121.125,3.992
2121.150,4.413
2121.175,2.412
2121.200,3.935
2121.225,2.169
2121.250,3.617
2121.275,4.864
2121.300,4.602
2121.325,4.304
2121.350,2.931
2121.375,5.660
2121.400,5.325
2121.425,4.513
2121.450,4.104
2121.475,3.334
2121.500,1.615
2121.525,3.438
2121.550,4.941
2121.575,4.391
2121.600,2.991
2121.625,4.963
2121.650,5.366
2121.675,3.921
2121.700,1.514
2121.725,2.869
2121.750,3.654
2121.775,3.752
2121.800,4.641
2121.825,7.279
2121.850,4.476
2121.875,3.058
2121.900,4.538
2121.925,5.699
2121.950,3.289
2121.975,3.964
2122.000,4.101
2122.025,4.157
2122.050,4.101
2122.075,3.327
2122.100,3.131
2122.125,3.283
2122.150,4.886
2122.175,1.787
2122.200,4.322
2122.225,4.453
2122.250,4.279
2122.275,3.045
2122.300,2.946
2122.325,5.100
2122.350,5.090
2122.375,4.868
2122.400,1.855
2122.425,3.984
2122.450,6.397
2122.475,7.034
2122.500,4.101
2122.525,4.560
2122.550,3.320
2122.575,6.918
2122.600,4.793
2122.625,4.344
2122.650,3.224
2122.675,3.721
2122.700,4.256
2122.725,4.242
2122.750,5.317
2122.775,2.550
2122.800,4.999
2122.825,4.466
2122.850,3.144
2122.875,5.179
2122.900,4.498
2122.925,4.311
2122.950,2.706
2122.975,4.622
2123.000,3.489
2123.025,5.077
2123.050,3.101
2123.075,3.218
2123.100,5.276
2123.125,4.777
2123.150,3.431
2123.175,1.354
2123.200,3.854
2123.225,4.358
2123.250,2.403
2123.275,2.841
2123.300,4.972
2123.325,2.650
2123.350,6.068
2123.375,5.522
2123.400,5.237
2123.425,4.311
2123.450,3.355
2123.475,6.344
2123.500,5.556
2123.525,3.371
2123.550,2.538
2123.575,7.751
2123.600,2.088
2123.625,4.584
2123.650,3.402
2123.675,3.529
2123.700,6.210
2123.725,4.816
2123.750,6.695
2123.775,3.372
2123.800,4.216
2123.825,5.050
2123.850,5.115
2123.875,4.030
2123.900,2.844
2123.925,5.559
2123.950,2.235
2123.975,1.576
2124.000,4.242
2124.025,3.646
2124.050,2.716
2124.075,4.176
2124.100,4.965
2124.125,3.331
2124.150,3.945
2124.175,4.442
2124.200,6.552
2124.225,2.631
2124.250,2.204
2124.275,5.323
2124.300,5.008
2124.325,3.546
2124.350,2.685
2124.375,5.192
2124.400,4.215
2124.425,3.071
2124.450,4.015
2124.475,5.307
2124.500,3.790
2124.525,3.821
2124.550,5.509
2124.575,4.627
2124.600,4.134
2124.625,4.272
2124.650,4.193
2124.675,3.098
2124.700,3.452
2124.725,1.954
2124.750,5.550
2124.775,2.140
2124.800,6.140
2124.825,4.471
2124.850,4.270
2124.875,0.931
2124.900,3.933
2124.925,5.383
2124.950,3.558
2124.975,4.419
2125.000,7.916
2125.025,4.843
2125.050,2.133
2125.075,4.519
2125.100,2.663
2125.125,3.525
2125.150,5.110
2125.175,2.529
2125.200,5.311
2125.225,5.353
2125.250,2.701
2125.275,5.751
2125.300,2.012
2125.325,3.171
2125.350,5.978
2125.375,3.221
2125.400,4.400
2125.425,2.412
2125.450,3.455
2125.475,5.606
2125.500,5.360
2125.525,2.273
2125.550,4.887
2125.575,2.201
2125.600,4.234
2125.625,3.975
2125.650,5.298
2125.675,3.898
2125.700,2.081
2125.725,0.951
2125.750,3.392
2125.775,5.527
2125.800,3.915
2125.825,5.494
2125.850,3.501
2125.875,3.312
2125.900,7.343
2125.925,5.011
2125.950,3.716
2125.975,5.852
2126.000,3.957
2126.025,5.397
2126.050,4.156
2126.075,6.387
2126.100,1.862
2126.125,4.260
2126.150,5.948
2126.175,4.837
2126.200,4.285
2126.225,2.202
2126.250,2.697
2126.275,5.002
2126.300,4.306
2126.325,5.146
2126.350,6.126
2126.375,4.560
2126.400,2.377
2126.425,3.627
2126.450,6.107
2126.475,5.699
2126.500,6.586
2126.525,3.194
2126.550,4.527
2126.575,1.751
2126.600,3.054
2126.625,6.982
2126.650,3.473
2126.675,5.841
2126.700,5.913
2126.725,6.743
2126.750,7.353
2126.775,4.377
2126.800,6.958
2126.825,2.984
2126.850,5.608
2126.875,6.434
2126.900,4.950
2126.925,4.749
2126.950,3.472
2126.975,2.586
2127.000,3.570
2127.025,5.001
2127.050,4.915
2127.075,7.141
2127.100,4.922
2127.125,3.476
2127.150,4.613
2127.175,6.038
2127.200,5.219
2127.225,3.103
2127.250,3.150
2127.275,5.345
2127.300,2.516
2127.325,5.309
2127.350,5.610
2127.375,4.424
2127.400,3.035
2127.425,3.855
2127.450,5.606
2127.475,2.485
2127.500,8.606
2127.525,2.936
2127.550,3.565
2127.575,4.208
2127.600,3.935
2127.625,3.491
2127.650,3.930
2127.675,3.416
2127.700,4.857
2127.725,2.513
2127.750,5.124
2127.775,6.749
2127.800,3.128
2127.825,5.323
2127.850,5.835
2127.875,5.970
2127.900,1.664
2127.925,5.759
2127.950,4.316
2127.975,4.726
2128.000,3.968
2128.025,4.979
2128.050,5.299
2128.075,3.196
2128.100,7.117
2128.125,8.033
2128.150,1.828
2128.175,3.602
2128.200,5.926
2128.225,4.925
2128.250,3.797
2128.275,6.608
2128.300,2.396
2128.325,6.139
2128.350,4.949
2128.375,4.511
2128.400,3.153
2128.425,4.054
2128.450,5.263
2128.475,3.957
2128.500,3.866
2128.525,4.966
2128.550,3.992
2128.575,5.237
2128.600,4.770
2128.625,4.883
2128.650,3.425
2128.675,3.395
2128.700,6.234
2128.725,4.095
2128.750,3.108
2128.775,4.181
2128.800,3.411
2128.825,4.208
2128.850,8.126
2128.875,4.123
2128.900,4.119
2128.925,4.009
2128.950,3.611
2128.975,6.606
2129.000,2.194
2129.025,2.980
2129.050,4.446
2129.075,7.063
2129.100,3.178
2129.125,6.068
2129.150,2.959
2129.175,4.994
2129.200,3.317
2129.225,3.509
2129.250,3.866
2129.275,3.221
2129.300,3.024
2129.325,3.673
2129.350,3.128
2129.375,3.157
2129.400,4.009
2129.425,3.865
2129.450,3.103
2129.475,6.147
2129.500,5.161
2129.525,4.172
2129.550,3.694
2129.575,7.144
2129.600,4.441
2129.625,2.323
2129.650,2.598
2129.675,3.683
2129.700,4.262
2129.725,3.114
2129.750,5.062
2129.775,5.106
2129.800,3.866
2129.825,5.292
2129.850,6.381
2129.875,3.235
2129.900,3.159
2129.925,8.362
2129.950,6.618
2129.975,3.733
2130.000,6.475
2130.025,3.491
2130.050,6.022
2130.075,3.200
2130.100,6.203
2130.125,3.781
2130.150,2.675
2130.175,3.190
2130.200,3.412
2130.225,3.996
2130.250,6.144
2130.275,5.250
2130.300,4.279
2130.325,5.127
2130.350,7.004
2130.375,3.559
2130.400,3.533
2130.425,3.116
2130.450,3.443
2130.475,4.971
2130.500,5.444
2130.525,3.661
2130.550,3.944
2130.575,4.942
2130.600,3.920
2130.625,7.186
2130.650,6.577
2130.675,4.077
2130.700,6.601
2130.725,2.429
2130.750,1.378
2130.775,3.420
2130.800,3.336
2130.825,3.665
2130.850,4.011
2130.875,4.120
2130.900,8.066
2130.925,2.411
2130.950,3.954
2130.975,3.010
2131.000,3.496
2131.025,2.778
2131.050,3.252
2131.075,3.616
2131.100,3.124
2131.125,6.058
2131.150,2.842
2131.175,4.844
2131.200,3.353
2131.225,5.199
2131.250,5.236
2131.275,2.806
2131.300,4.382
2131.325,4.340
2131.350,4.193
2131.375,3.397
2131.400,2.346
2131.425,5.877
2131.450,4.724
2131.475,5.047
2131.500,5.529
2131.525,5.780
2131.550,4.521
2131.575,6.380
2131.600,3.790
2131.625,3.854
2131.650,6.001
2131.675,7.599
2131.700,2.851
2131.725,3.874
2131.750,2.929
2131.775,5.086
2131.800,7.125
2131.825,3.582
2131.850,3.899
2131.875,5.638
2131.900,2.186
2131.925,6.852
2131.950,9.281
2131.975,2.990
2132.000,4.410
2132.025,4.089
2132.050,4.377
2132.075,5.039
2132.100,3.819
2132.125,3.512
2132.150,3.528
2132.175,6.148
2132.200,3.893
2132.225,4.471
2132.250,5.096
2132.275,4.998
2132.300,4.653
2132.325,3.644
2132.350,5.089
2132.375,3.434
2132.400,3.163
2132.425,4.046
2132.450,2.631
2132.475,4.658
2132.500,3.457
2132.525,2.529
2132.550,6.987
2132.575,5.634
2132.600,2.988
2132.625,8.286
2132.650,9.198
2132.675,2.435
2132.700,5.088
2132.725,6.953
2132.750,7.915
2132.775,4.478
2132.800,2.457
2132.825,4.669
2132.850,6.020
2132.875,3.965
2132.900,3.651
2132.925,6.464
2132.950,5.477
2132.975,6.679
2133.000,2.293
2133.025,3.311
2133.050,5.829
2133.075,1.580
2133.100,1.948
2133.125,4.100
2133.150,7.162
2133.175,6.541
2133.200,2.310
2133.225,8.382
2133.250,5.214
2133.275,6.384
2133.300,2.252
2133.325,4.215
2133.350,4.181
2133.375,3.487
2133.400,6.247
2133.425,5.038
2133.450,4.394
2133.475,2.765
2133.500,7.219
2133.525,3.578
2133.550,4.723
2133.575,4.499
2133.600,4.493
2133.625,4.065
2133.650,4.283
2133.675,4.836
2133.700,6.323
2133.725,8.110
2133.750,2.525
2133.775,6.097
2133.800,2.591
2133.825,6.181
2133.850,5.761
2133.875,7.360
2133.900,4.791
2133.925,3.228
2133.950,3.116
2133.975,4.392
2134.000,5.965
2134.025,4.074
2134.050,3.352
2134.075,5.935
2134.100,5.279
2134.125,3.889
2134.150,5.127
2134.175,5.828
2134.200,5.312
2134.225,4.292
2134.250,4.133
2134.275,3.821
2134.300,2.202
2134.325,3.720
2134.350,5.344
2134.375,5.906
2134.400,6.953
2134.425,2.591
2134.450,4.698
2134.475,5.420
2134.500,5.113
2134.525,4.094
2134.550,6.868
2134.575,3.965
2134.600,4.133
2134.625,5.996
2134.650,3.682
2134.675,9.399
2134.700,7.296
2134.725,6.191
2134.750,4.623
2134.775,5.270
2134.800,4.463
2134.825,7.201
2134.850,4.651
2134.875,3.813
2134.900,4.607
2134.925,4.562
2134.950,4.423
2134.975,4.206
2135.000,6.116
2135.025,3.207
2135.050,3.832
2135.075,3.033
2135.100,5.128
2135.125,5.517
2135.150,1.049
2135.175,4.002
2135.200,5.346
2135.225,3.897
2135.250,5.919
2135.275,5.119
2135.300,5.256
2135.325,3.189
2135.350,5.874
2135.375,2.745
2135.400,2.884
2135.425,6.487
2135.450,5.281
2135.475,4.115
2135.500,2.622
2135.525,4.267
2135.550,4.589
2135.575,4.617
2135.600,5.522
2135.625,3.360
2135.650,4.321
2135.675,5.882
2135.700,4.228
2135.725,4.529
2135.750,7.545
2135.775,3.206
2135.800,4.856
2135.825,3.813
2135.850,3.095
2135.875,5.406
2135.900,3.104
2135.925,3.603
2135.950,5.937
2135.975,4.153
2136.000,6.464
2136.025,1.720
2136.050,3.140
2136.075,5.369
2136.100,3.168
2136.125,3.969
2136.150,5.214
2136.175,3.023
2136.200,6.473
2136.225,5.407
2136.250,4.922
2136.275,3.428
2136.300,3.944
2136.325,5.434
2136.350,3.301
2136.375,4.963
2136.400,4.201
2136.425,3.676
2136.450,6.087
2136.475,4.607
2136.500,4.593
2136.525,5.133
2136.550,4.049
2136.575,3.209
2136.600,6.986
2136.625,4.521
2136.650,7.010
2136.675,3.010
2136.700,4.572
2136.725,6.587
2136.750,1.406
2136.775,3.900
2136.800,7.734
2136.825,4.184
2136.850,4.008
2136.875,3.438
2136.900,3.975
2136.925,3.171
2136.950,3.991
2136.975,3.313
2137.000,5.709
2137.025,3.414
2137.050,5.910
2137.075,2.848
2137.100,5.805
2137.125,5.297
2137.150,3.851
2137.175,3.213
2137.200,7.159
2137.225,6.145
2137.250,4.274
2137.275,4.168
2137.300,4.349
2137.325,5.400
2137.350,7.086
2137.375,3.527
2137.400,5.355
2137.425,3.607
2137.450,3.305
2137.475,5.743
2137.500,6.172
2137.525,3.432
2137.550,4.781
2137.575,4.337
2137.600,6.781
2137.625,6.580
2137.650,4.692
2137.675,5.969
2137.700,7.171
2137.725,5.326
2137.750,7.110
2137.775,5.695
2137.800,5.678
2137.825,5.768
2137.850,3.547
2137.875,6.158
2137.900,4.682
2137.925,3.835
2137.950,5.109
2137.975,2.216
2138.000,6.591
2138.025,4.429
2138.050,4.383
2138.075,5.454
2138.100,6.950
2138.125,5.283
2138.150,4.412
2138.175,7.686
2138.200,5.659
2138.225,5.040
2138.250,4.426
2138.275,3.568
2138.300,2.865
2138.325,2.772
2138.350,4.687
2138.375,4.113
2138.400,4.621
2138.425,5.191
2138.450,5.191
2138.475,2.210
2138.500,4.663
2138.525,3.412
2138.550,4.431
2138.575,4.530
2138.600,4.294
2138.625,3.281
2138.650,3.513
2138.675,3.278
2138.700,5.210
2138.725,3.584
2138.750,8.358
2138.775,4.308
2138.800,6.228
2138.825,5.555
2138.850,3.514
2138.875,6.491
2138.900,8.112
2138.925,6.310
2138.950,5.723
2138.975,5.394
2139.000,2.150
2139.025,5.211
2139.050,5.562
2139.075,1.768
2139.100,4.307
2139.125,5.744
2139.150,6.091
2139.175,5.886
2139.200,4.795
2139.225,5.036
2139.250,5.222
2139.275,3.652
2139.300,6.127
2139.325,4.443
2139.350,6.266
2139.375,4.156
2139.400,3.163
2139.425,3.728
2139.450,2.738
2139.475,4.858
2139.500,4.496
2139.525,5.963
2139.550,4.015
2139.575,6.293
2139.600,6.478
2139.625,3.709
2139.650,4.510
2139.675,2.916
2139.700,5.374
2139.725,3.767
2139.750,5.827
2139.775,2.927
2139.800,2.520
2139.825,5.012
2139.850,2.296
2139.875,2.908
2139.900,4.606
2139.925,4.411
2139.950,2.807
2139.975,5.002
2140.000,2.836
2140.025,7.405
2140.050,4.517
2140.075,7.670
2140.100,5.167
2140.125,2.819
2140.150,4.328
2140.175,3.693
2140.200,5.678
2140.225,5.666
2140.250,3.327
2140.275,5.445
2140.300,6.224
2140.325,1.149
2140.350,5.301
2140.375,4.424
2140.400,6.712
2140.425,4.037
2140.450,2.160
2140.475,4.557
2140.500,5.533
2140.525,4.635
2140.550,3.689
2140.575,5.758
2140.600,3.860
2140.625,3.345
2140.650,5.561
2140.675,5.712
2140.700,3.615
2140.725,4.204
2140.750,3.164
2140.775,3.592
2140.800,5.120
2140.825,7.272
2140.850,8.263
2140.875,3.627
2140.900,9.597
2140.925,5.819
2140.950,4.372
2140.975,4.538
2141.000,5.737
2141.025,6.975
2141.050,5.932
2141.075,5.579
2141.100,7.723
2141.125,2.546
2141.150,5.195
2141.175,6.141
2141.200,4.900
2141.225,9.123
2141.250,4.190
2141.275,5.636
2141.300,2.544
2141.325,4.238
2141.350,5.822
2141.375,4.113
2141.400,6.927
2141.425,5.664
2141.450,5.639
2141.475,5.390
2141.500,7.031
2141.525,3.657
2141.550,3.596
2141.575,5.313
2141.600,6.472
2141.625,3.961
2141.650,4.978
2141.675,5.644
2141.700,5.705
2141.725,4.208
2141.750,7.924
2141.775,5.121
2141.800,3.233
2141.825,7.166
2141.850,3.925
2141.875,7.392
2141.900,6.896
2141.925,4.248
2141.950,6.246
2141.975,4.378
2142.000,2.242
2142.025,4.352
2142.050,3.443
2142.075,3.850
2142.100,5.341
2142.125,5.582
2142.150,6.117
2142.175,8.560
2142.200,6.012
2142.225,6.354
2142.250,3.774
2142.275,6.387
2142.300,5.307
2142.325,4.388
2142.350,3.296
2142.375,9.663
2142.400,7.553
2142.425,7.527
2142.450,6.334
2142.475,4.859
2142.500,4.235
2142.525,2.925
2142.550,4.214
2142.575,6.902
2142.600,5.949
2142.625,7.658
2142.650,5.656
2142.675,6.926
2142.700,4.153
2142.725,4.860
2142.750,4.926
2142.775,8.136
2142.800,4.779
2142.825,9.226
2142.850,5.571
2142.875,9.715
2142.900,5.497
2142.925,7.530
2142.950,7.088
2142.975,8.090
2143.000,7.637
2143.025,5.523
2143.050,8.369
2143.075,9.657
2143.100,7.586
2143.125,10.790
2143.150,5.729
2143.175,9.774
2143.200,6.443
2143.225,7.393
2143.250,11.606
2143.275,8.563
2143.300,7.032
2143.325,9.738
2143.350,8.811
2143.375,8.618
2143.400,4.743
2143.425,8.662
2143.450,5.374
2143.475,3.945
2143.500,8.207
2143.525,5.875
2143.550,7.898
2143.575,4.350
2143.600,7.301
2143.625,6.345
2143.650,5.060
2143.675,4.686
2143.700,9.497
2143.725,5.320
2143.750,7.401
2143.775,6.558
2143.800,8.396
2143.825,8.235
2143.850,9.041
2143.875,5.982
2143.900,5.627
2143.925,8.274
2143.950,8.214
2143.975,6.987
2144.000,7.080
2144.025,2.246
2144.050,7.217
2144.075,4.759
2144.100,6.908
2144.125,3.275
2144.150,5.314
2144.175,5.397
2144.200,6.629
2144.225,9.016
2144.250,5.330
2144.275,4.689
2144.300,2.917
2144.325,9.288
2144.350,7.287
2144.375,5.737
2144.400,10.246
2144.425,5.108
2144.450,5.969
2144.475,7.695
2144.500,7.234
2144.525,8.763
2144.550,5.283
2144.575,8.997
2144.600,7.006
2144.625,5.357
2144.650,4.635
2144.675,7.571
2144.700,5.541
2144.725,6.681
2144.750,9.196
2144.775,8.178
2144.800,7.625
2144.825,6.586
2144.850,7.113
2144.875,10.231
2144.900,8.393
2144.925,4.642
2144.950,8.508
2144.975,6.985
2145.000,8.611
2145.025,7.439
2145.050,6.258
2145.075,10.139
2145.100,8.503
2145.125,7.052
2145.150,6.528
2145.175,4.369
2145.200,7.851
2145.225,8.364
2145.250,6.739
2145.275,6.246
2145.300,5.804
2145.325,9.317
2145.350,4.526
2145.375,8.191
2145.400,3.695
2145.425,3.939
2145.450,4.662
2145.475,5.289
2145.500,6.987
2145.525,8.653
2145.550,5.898
2145.575,5.029
2145.600,6.843
2145.625,6.209
2145.650,8.082
2145.675,5.878
2145.700,3.557
2145.725,4.979
2145.750,6.666
2145.775,6.235
2145.800,7.643
2145.825,7.062
2145.850,3.633
2145.875,5.851
2145.900,7.563
2145.925,3.132
2145.950,5.434
2145.975,5.839
2146.000,7.187
2146.025,7.514
2146.050,4.270
2146.075,5.811
2146.100,7.941
2146.125,4.800
2146.150,2.359
2146.175,3.885
2146.200,6.793
2146.225,4.582
2146.250,5.414
2146.275,4.351
2146.300,6.660
2146.325,6.454
2146.350,6.647
2146.375,5.777
2146.400,6.571
2146.425,3.580
2146.450,6.578
2146.475,3.357
2146.500,4.514
2146.525,5.605
2146.550,2.886
2146.575,5.975
2146.600,6.060
2146.625,4.699
2146.650,3.454
2146.675,6.438
2146.700,4.765
2146.725,6.746
2146.750,2.765
2146.775,8.225
2146.800,3.402
2146.825,8.329
2146.850,5.306
2146.875,5.855
2146.900,3.339
2146.925,5.278
2146.950,5.451
2146.975,4.022
2147.000,4.376
2147.025,5.273
2147.050,4.629
2147.075,6.122
2147.100,3.690
2147.125,8.241
2147.150,5.874
2147.175,6.286
2147.200,7.705
2147.225,5.386
2147.250,6.957
2147.275,3.815
2147.300,8.981
2147.325,3.934
2147.350,7.014
2147.375,7.123
2147.400,3.276
2147.425,4.914
2147.450,9.035
2147.475,7.846
2147.500,4.522
2147.525,6.593
2147.550,7.147
2147.575,4.452
2147.600,4.855
2147.625,6.000
2147.650,6.703
2147.675,4.821
2147.700,2.773
2147.725,6.973
2147.750,3.301
2147.775,6.410
2147.800,2.699
2147.825,5.802
2147.850,6.730
2147.875,2.529
2147.900,7.566
2147.925,8.605
2147.950,5.334
2147.975,7.174
2148.000,3.479
2148.025,8.025
2148.050,3.703
2148.075,4.145
2148.100,9.204
2148.125,6.706
2148.150,2.682
2148.175,4.480
2148.200,6.110
2148.225,5.490
2148.250,3.748
2148.275,5.322
2148.300,4.145
2148.325,3.890
2148.350,5.003
2148.375,3.349
2148.400,4.662
2148.425,3.853
2148.450,7.030
2148.475,3.574
2148.500,5.515
2148.525,8.398
2148.550,6.718
2148.575,3.475
2148.600,5.037
2148.625,5.795
2148.650,6.381
2148.675,8.859
2148.700,4.276
2148.725,5.664
2148.750,5.519
2148.775,8.923
2148.800,5.495
2148.825,6.481
2148.850,6.014
2148.875,6.122
2148.900,8.267
2148.925,5.976
2148.950,4.062
2148.975,6.227
2149.000,10.606
2149.025,5.444
2149.050,7.428
2149.075,7.965
2149.100,5.802
2149.125,5.416
2149.150,8.530
2149.175,5.943
2149.200,5.384
2149.225,9.793
2149.250,9.226
2149.275,4.346
2149.300,6.801
2149.325,8.696
2149.350,5.985
2149.375,8.813
2149.400,6.686
2149.425,9.731
2149.450,7.548
2149.475,8.282
2149.500,10.569
2149.525,9.954
2149.550,6.371
2149.575,5.316
2149.600,5.744
2149.625,5.814
2149.650,8.149
2149.675,8.025
2149.700,6.031
2149.725,7.157
2149.750,7.343
2149.775,5.288
2149.800,5.133
2149.825,6.913
2149.850,9.209
2149.875,2.028
2149.900,6.882
2149.925,7.480
2149.950,7.800
2149.975,6.276
2150.000,6.181
2150.025,7.327
2150.050,5.710
2150.075,11.747
2150.100,9.597
2150.125,5.420
2150.150,10.059
2150.175,8.120
2150.200,6.877
2150.225,9.161
2150.250,4.896
2150.275,10.746
2150.300,8.066
2150.325,7.056
2150.350,9.833
2150.375,9.853
2150.400,11.181
2150.425,9.378
2150.450,9.742
2150.475,8.618
2150.500,11.458
2150.525,5.949
2150.550,3.319
2150.575,6.401
2150.600,4.923
2150.625,7.242
2150.650,6.552
2150.675,6.113
2150.700,7.824
2150.725,7.042
2150.750,9.259
2150.775,7.162
2150.800,4.769
2150.825,8.236
2150.850,5.646
2150.875,11.161
2150.900,3.688
2150.925,5.327
2150.950,4.708
2150.975,5.402
2151.000,10.348
2151.025,5.262
2151.050,6.240
2151.075,7.821
2151.100,6.909
2151.125,1.848
2151.150,6.415
2151.175,9.686
2151.200,4.619
2151.225,7.424
2151.250,6.308
2151.275,8.027
2151.300,8.554
2151.325,4.648
2151.350,3.002
2151.375,6.588
2151.400,6.229
2151.425,8.429
2151.450,6.205
2151.475,6.009
2151.500,5.802
2151.525,5.314
2151.550,6.756
2151.575,6.384
2151.600,6.847
2151.625,4.821
2151.650,8.302
2151.675,2.617
2151.700,5.533
2151.725,9.254
2151.750,5.662
2151.775,4.936
2151.800,4.937
2151.825,6.494
2151.850,4.128
2151.875,5.124
2151.900,4.169
2151.925,9.225
2151.950,5.217
2151.975,5.555
2152.000,5.214
2152.025,5.113
2152.050,7.061
2152.075,2.633
2152.100,5.077
2152.125,4.345
2152.150,8.988
2152.175,6.677
2152.200,5.221
2152.225,5.465
2152.250,8.150
2152.275,3.568
2152.300,4.687
2152.325,4.862
2152.350,3.260
2152.375,5.652
2152.400,5.404
2152.425,7.782
2152.450,6.071
2152.475,10.259
2152.500,9.890
2152.525,4.327
2152.550,6.515
2152.575,6.915
2152.600,8.154
2152.625,10.175
2152.650,5.979
2152.675,7.096
2152.700,4.396
2152.725,5.464
2152.750,5.165
2152.775,5.547
2152.800,5.165
2152.825,8.528
2152.850,5.645
2152.875,3.449
2152.900,6.027
2152.925,4.976
2152.950,4.407
2152.975,7.154
2153.000,7.370
2153.025,8.000
2153.050,5.417
2153.075,6.734
2153.100,9.416
2153.125,5.663
2153.150,5.161
2153.175,11.838
2153.200,6.099
2153.225,4.811
2153.250,3.541
2153.275,3.184
2153.300,4.753
2153.325,6.102
2153.350,4.694
2153.375,7.151
2153.400,4.907
2153.425,8.995
2153.450,8.732
2153.475,3.342
2153.500,5.270
2153.525,3.655
2153.550,2.482
2153.575,7.245
2153.600,6.478
2153.625,4.644
2153.650,5.748
2153.675,5.516
2153.700,6.254
2153.725,6.030
2153.750,5.710
2153.775,4.619
2153.800,6.184
2153.825,6.614
2153.850,4.742
2153.875,4.354
2153.900,5.153
2153.925,7.440
2153.950,8.067
2153.975,4.431
2154.000,4.286
2154.025,5.289
2154.050,8.088
2154.075,8.394
2154.100,5.058
2154.125,7.431
2154.150,5.044
2154.175,10.230
2154.200,9.626
2154.225,4.314
2154.250,7.275
2154.275,4.822
2154.300,6.092
2154.325,3.301
2154.350,4.507
2154.375,2.745
2154.400,3.068
2154.425,3.603
2154.450,4.483
2154.475,3.751
2154.500,5.788
2154.525,3.463
2154.550,5.111
2154.575,3.623
2154.600,4.226
2154.625,2.663
2154.650,3.790
2154.675,2.229
2154.700,5.870
2154.725,3.345
2154.750,5.086
2154.775,3.934
2154.800,2.904
2154.825,2.291
2154.850,2.898
2154.875,3.307
2154.900,2.677
2154.925,4.310
2154.950,3.343
2154.975,2.832
2155.000,7.266
2155.025,4.644
2155.050,6.000
2155.075,3.231
2155.100,3.852
2155.125,3.832
2155.150,3.088
2155.175,4.412
2155.200,5.011
2155.225,4.063
2155.250,5.380
2155.275,4.177
2155.300,4.957
2155.325,4.395
2155.350,4.128
2155.375,4.983
2155.400,4.925
2155.425,3.824
2155.450,7.224
2155.475,2.724
2155.500,2.613
2155.525,4.492
2155.550,4.480
2155.575,6.027
2155.600,4.158
2155.625,6.189
2155.650,4.296
2155.675,5.142
2155.700,7.535
2155.725,3.454
2155.750,8.297
2155.775,4.187
2155.800,6.445
2155.825,10.824
2155.850,10.798
2155.875,6.298
2155.900,7.899
2155.925,5.352
2155.950,2.211
2155.975,3.873
2156.000,4.344
2156.025,9.089
2156.050,6.647
2156.075,3.179
2156.100,3.883
2156.125,5.047
2156.150,3.847
2156.175,3.905
2156.200,4.057
2156.225,2.368
2156.250,5.361
2156.275,4.638
2156.300,7.091
2156.325,7.625
2156.350,2.027
2156.375,3.689
2156.400,5.792
2156.425,4.766
2156.450,3.713
2156.475,6.922
2156.500,5.236
2156.525,2.974
2156.550,2.841
2156.575,5.002
2156.600,3.360
2156.625,2.535
2156.650,2.371
2156.675,2.549
2156.700,5.235
2156.725,2.749
2156.750,4.403
2156.775,2.502
2156.800,3.966
2156.825,4.268
2156.850,2.606
2156.875,3.863
2156.900,4.606
2156.925,3.915
2156.950,3.565
2156.975,5.180
2157.000,3.990
2157.025,4.195
2157.050,1.314
2157.075,4.959
2157.100,6.670
2157.125,2.576
2157.150,3.909
2157.175,4.638
2157.200,3.011
2157.225,4.572
2157.250,3.691
2157.275,5.067
2157.300,4.423
2157.325,5.778
2157.350,3.102
2157.375,2.793
2157.400,6.241
2157.425,4.620
2157.450,6.145
2157.475,4.827
2157.500,4.952
2157.525,3.089
2157.550,2.457
2157.575,2.327
2157.600,3.236
2157.625,4.164
2157.650,3.400
2157.675,3.888
2157.700,6.170
2157.725,2.379
2157.750,5.305
2157.775,2.353
2157.800,3.514
2157.825,4.035
2157.850,2.801
2157.875,5.340
2157.900,6.974
2157.925,5.930
2157.950,2.220
2157.975,6.193
2158.000,4.365
2158.025,6.743
2158.050,4.029
2158.075,5.137
2158.100,4.294
2158.125,6.704
2158.150,5.201
2158.175,3.356
2158.200,3.067
2158.225,6.938
2158.250,3.349
2158.275,5.634
2158.300,4.685
2158.325,4.758
2158.350,4.403
2158.375,5.863
2158.400,4.167
2158.425,5.723
2158.450,4.391
2158.475,2.454
2158.500,4.620
2158.525,3.504
2158.550,3.602
2158.575,5.589
2158.600,5.210
2158.625,4.301
2158.650,4.236
2158.675,6.444
2158.700,0.865
2158.725,5.600
2158.750,4.118
2158.775,6.173
2158.800,3.988
2158.825,4.685
2158.850,5.012
2158.875,4.149
2158.900,3.636
2158.925,4.729
2158.950,4.130
2158.975,4.294
2159.000,4.335
2159.025,4.348
2159.050,4.267
2159.075,4.144
2159.100,5.298
2159.125,3.713
2159.150,4.116
2159.175,5.937
2159.200,3.824
2159.225,4.339
2159.250,2.980
2159.275,6.617
2159.300,5.631
2159.325,4.564
2159.350,7.727
2159.375,2.610
2159.400,3.260
2159.425,2.496
2159.450,4.492
2159.475,2.662
2159.500,4.540
2159.525,3.365
2159.550,8.264
2159.575,4.902
2159.600,4.390
2159.625,3.879
2159.650,4.088
2159.675,4.020
2159.700,4.226
2159.725,7.479
2159.750,5.757
2159.775,2.538
2159.800,5.036
2159.825,4.592
2159.850,3.387
2159.875,4.352
2159.900,2.286
2159.925,3.249
2159.950,5.067
2159.975,6.157
2160.000,3.462
2160.025,5.959
2160.050,1.864
2160.075,4.691
2160.100,4.649
2160.125,3.649
2160.150,4.278
2160.175,3.701
2160.200,4.202
2160.225,4.746
2160.250,5.308
2160.275,6.415
2160.300,2.889
2160.325,4.799
2160.350,5.046
2160.375,2.539
2160.400,3.262
2160.425,3.597
2160.450,3.489
2160.475,3.978
2160.500,3.429
2160.525,4.405
2160.550,4.116
2160.575,7.594
2160.600,8.165
2160.625,2.808
2160.650,5.496
2160.675,3.710
2160.700,3.798
2160.725,2.762
2160.750,5.095
2160.775,4.255
2160.800,8.711
2160.825,4.087
2160.850,2.217
2160.875,2.991
2160.900,4.994
2160.925,3.634
2160.950,4.429
2160.975,5.031
2161.000,5.557
2161.025,5.526
2161.050,5.265
2161.075,3.924
2161.100,2.188
2161.125,5.422
2161.150,3.486
2161.175,3.977
2161.200,4.457
2161.225,3.480
2161.250,5.754
2161.275,3.336
2161.300,5.669
2161.325,4.350
2161.350,4.465
2161.375,1.966
2161.400,5.611
2161.425,6.472
2161.450,4.782
2161.475,4.033
2161.500,6.467
2161.525,4.668
2161.550,5.563
2161.575,4.419
2161.600,5.750
2161.625,3.873
2161.650,1.909
2161.675,4.575
2161.700,3.809
2161.725,3.064
2161.750,4.150
2161.775,4.288
2161.800,5.832
2161.825,4.544
2161.850,3.250
2161.875,4.569
2161.900,2.545
2161.925,4.811
2161.950,2.343
2161.975,5.818
2162.000,6.052
2162.025,5.798
2162.050,5.486
2162.075,1.667
2162.100,4.369
2162.125,5.139
2162.150,4.611
2162.175,3.789
2162.200,9.274
2162.225,6.204
2162.250,5.844
2162.275,3.730
2162.300,5.900
2162.325,4.206
2162.350,2.856
2162.375,4.444
2162.400,2.226
2162.425,5.003
2162.450,3.471
2162.475,5.259
2162.500,2.885
2162.525,5.501
2162.550,6.701
2162.575,3.609
2162.600,2.570
2162.625,2.849
2162.650,5.286
2162.675,4.256
2162.700,4.855
2162.725,6.912
2162.750,4.653
2162.775,2.763
2162.800,3.755
2162.825,3.068
2162.850,4.049
2162.875,5.922
2162.900,5.881
2162.925,5.018
2162.950,5.556
2162.975,3.539
2163.000,6.113
2163.025,3.580
2163.050,6.157
2163.075,5.593
2163.100,4.527
2163.125,4.512
2163.150,3.940
2163.175,2.579
2163.200,5.303
2163.225,2.739
2163.250,4.705
2163.275,3.955
2163.300,6.538
2163.325,5.838
2163.350,4.202
2163.375,4.373
2163.400,2.439
2163.425,4.356
2163.450,3.924
2163.475,4.879
2163.500,5.707
2163.525,5.279
2163.550,6.300
2163.575,5.203
2163.600,3.948
2163.625,3.706
2163.650,3.215
2163.675,5.645
2163.700,5.972
2163.725,1.856
2163.750,3.331
2163.775,5.138
2163.800,5.535
2163.825,3.681
2163.850,3.292
2163.875,2.017
2163.900,3.881
2163.925,4.840
2163.950,3.070
2163.975,3.771
2164.000,4.834
2164.025,2.387
2164.050,4.323
2164.075,3.891
2164.100,6.320
2164.125,2.168
2164.150,4.422
2164.175,6.316
2164.200,4.749
2164.225,4.541
2164.250,5.105
2164.275,3.621
2164.300,4.284
2164.325,6.054
2164.350,5.409
2164.375,2.266
2164.400,5.163
2164.425,4.438
2164.450,5.890
2164.475,6.182
2164.500,3.040
2164.525,6.280
2164.550,6.291
2164.575,5.151
2164.600,6.531
2164.625,4.693
2164.650,3.006
2164.675,3.938
2164.700,3.562
2164.725,4.269
2164.750,2.406
2164.775,3.571
2164.800,5.425
2164.825,4.196
2164.850,5.668
2164.875,4.587
2164.900,5.592
2164.925,2.597
2164.950,5.763
2164.975,3.456
2165.000,2.590
2165.025,3.562
2165.050,5.101
2165.075,6.453
2165.100,3.592
2165.125,3.336
2165.150,5.990
2165.175,4.674
2165.200,4.459
2165.225,5.134
2165.250,3.141
2165.275,3.892
2165.300,5.995
2165.325,4.417
2165.350,4.979
2165.375,7.284
2165.400,4.259
2165.425,6.133
2165.450,3.950
2165.475,5.152
2165.500,3.423
2165.525,5.185
2165.550,4.230
2165.575,4.987
2165.600,4.284
2165.625,2.216
2165.650,4.471
2165.675,6.324
2165.700,3.875
2165.725,4.462
2165.750,4.667
2165.775,6.054
2165.800,2.686
2165.825,4.509
2165.850,4.097
2165.875,4.825
2165.900,2.953
2165.925,5.021
2165.950,3.269
2165.975,4.656
2166.000,4.610
2166.025,6.659
2166.050,6.257
2166.075,5.591
2166.100,6.712
2166.125,2.063
2166.150,7.256
2166.175,3.520
2166.200,6.607
2166.225,4.041
2166.250,1.683
2166.275,5.094
2166.300,2.049
2166.325,3.394
2166.350,4.645
2166.375,3.988
2166.400,2.999
2166.425,4.721
2166.450,6.515
2166.475,6.106
2166.500,3.196
2166.525,2.439
2166.550,6.684
2166.575,4.994
2166.600,3.509
2166.625,3.163
2166.650,2.307
2166.675,4.093
2166.700,6.673
2166.725,4.568
2166.750,2.686
2166.775,3.983
2166.800,4.728
2166.825,4.138
2166.850,5.331
2166.875,3.822
2166.900,5.951
2166.925,3.269
2166.950,4.644
2166.975,2.789
2167.000,3.669
2167.025,4.356
2167.050,4.302
2167.075,5.243
2167.100,3.553
2167.125,4.376
2167.150,4.718
2167.175,7.842
2167.200,4.886
2167.225,3.240
2167.250,4.450
2167.275,3.968
2167.300,2.652
2167.325,3.785
2167.350,7.687
2167.375,3.047
2167.400,6.517
2167.425,4.692
2167.450,7.085
2167.475,6.058
2167.500,5.982
2167.525,4.214
2167.550,1.387
2167.575,5.114
2167.600,3.465
2167.625,4.117
2167.650,5.514
2167.675,4.735
2167.700,5.595
2167.725,3.028
2167.750,3.309
2167.775,2.805
2167.800,3.059
2167.825,6.426
2167.850,5.256
2167.875,4.265
2167.900,3.208
2167.925,4.481
2167.950,4.179
2167.975,1.315
2168.000,4.905
2168.025,4.828
2168.050,3.403
2168.075,2.988
2168.100,4.708
2168.125,4.871
2168.150,2.372
2168.175,4.880
2168.200,4.648
2168.225,3.405
2168.250,5.510
2168.275,2.440
2168.300,3.182
2168.325,2.168
2168.350,7.909
2168.375,4.455
2168.400,2.683
2168.425,3.898
2168.450,3.746
2168.475,4.957
2168.500,6.510
2168.525,2.314
2168.550,2.303
2168.575,6.800
2168.600,3.723
2168.625,5.421
2168.650,2.976
2168.675,4.112
2168.700,3.475
2168.725,3.570
2168.750,2.962
2168.775,5.947
2168.800,3.830
2168.825,4.088
2168.850,4.205
2168.875,6.278
2168.900,5.427
2168.925,2.701
2168.950,3.527
2168.975,3.739
2169.000,6.121
2169.025,4.124
2169.050,4.064
2169.075,4.116
2169.100,2.507
2169.125,5.936
2169.150,4.496
2169.175,2.488
2169.200,3.260
2169.225,1.796
2169.250,2.744
2169.275,2.536
2169.300,3.228
2169.325,5.149
2169.350,8.083
2169.375,3.968
2169.400,4.497
2169.425,5.063
2169.450,5.366
2169.475,4.345
2169.500,4.718
2169.525,6.541
2169.550,6.031
2169.575,4.866
2169.600,2.695
2169.625,5.255
2169.650,3.824
2169.675,2.989
2169.700,4.894
2169.725,2.633
2169.750,3.028
2169.775,6.091
2169.800,4.487
2169.825,3.197
2169.850,4.748
2169.875,3.709
2169.900,3.685
2169.925,5.399
2169.950,4.494
2169.975,3.287
2170.000,4.202
2170.025,4.309
2170.050,5.621
2170.075,7.524
2170.100,5.125
2170.125,6.705
2170.150,3.544
2170.175,2.822
2170.200,6.430
2170.225,3.617
2170.250,1.451
2170.275,4.666
2170.300,3.021
2170.325,6.685
2170.350,3.561
2170.375,5.618
2170.400,2.124
2170.425,5.928
2170.450,2.751
2170.475,3.505
2170.500,8.078
2170.525,9.917
2170.550,3.899
2170.575,5.707
2170.600,3.791
2170.625,3.017
2170.650,5.590
2170.675,4.940
2170.700,4.679
2170.725,4.281
2170.750,4.220
2170.775,5.488
2170.800,4.767
2170.825,6.158
2170.850,5.709
2170.875,7.536
2170.900,4.171
2170.925,5.963
2170.950,3.512
2170.975,3.490
2171.000,5.429
2171.025,4.187
2171.050,3.907
2171.075,4.701
2171.100,5.740
2171.125,4.619
2171.150,5.177
2171.175,5.456
2171.200,2.991
2171.225,2.744
2171.250,3.503
2171.275,8.695
2171.300,4.312
2171.325,7.514
2171.350,3.228
2171.375,8.393
2171.400,4.990
2171.425,5.402
2171.450,7.441
2171.475,4.795
2171.500,4.206
2171.525,4.574
2171.550,3.337
2171.575,5.076
2171.600,5.038
2171.625,4.863
2171.650,8.210
2171.675,6.811
2171.700,5.017
2171.725,6.004
2171.750,6.297
2171.775,4.499
2171.800,5.165
2171.825,2.487
2171.850,4.706
2171.875,4.743
2171.900,4.478
2171.925,4.982
2171.950,5.495
2171.975,2.915
2172.000,2.549
2172.025,3.374
2172.050,5.752
2172.075,2.233
2172.100,4.578
2172.125,4.660
2172.150,2.559
2172.175,4.064
2172.200,3.244
2172.225,4.191
2172.250,5.393
2172.275,5.512
2172.300,2.713
2172.325,4.302
2172.350,5.639
2172.375,7.125
2172.400,2.026
2172.425,4.311
2172.450,2.556
2172.475,5.621
2172.500,5.657
2172.525,3.521
2172.550,4.709
2172.575,3.328
2172.600,3.735
2172.625,6.935
2172.650,4.155
2172.675,3.798
2172.700,5.261
2172.725,4.356
2172.750,4.278
2172.775,7.332
2172.800,6.310
2172.825,5.976
2172.850,5.708
2172.875,6.511
2172.900,5.521
2172.925,5.329
2172.950,7.314
2172.975,4.305
2173.000,4.468
2173.025,5.294
2173.050,3.981
2173.075,7.083
2173.100,7.324
2173.125,2.862
2173.150,5.068
2173.175,7.297
2173.200,5.212
2173.225,6.285
2173.250,4.686
2173.275,3.157
2173.300,5.693
2173.325,8.567
2173.350,3.081
2173.375,4.930
2173.400,5.546
2173.425,5.949
2173.450,4.115
2173.475,3.711
2173.500,3.668
2173.525,7.245
2173.550,4.374
2173.575,8.220
2173.600,5.570
2173.625,5.391
2173.650,9.977
2173.675,7.336
2173.700,4.618
2173.725,5.158
2173.750,3.130
2173.775,7.652
2173.800,5.985
2173.825,3.885
2173.850,4.918
2173.875,4.650
2173.900,3.286
2173.925,3.924
2173.950,5.926
2173.975,6.229
2174.000,4.187
2174.025,3.555
2174.050,7.686
2174.075,6.442
2174.100,7.595
2174.125,4.610
2174.150,7.006
2174.175,3.510
2174.200,7.064
2174.225,6.921
2174.250,4.440
2174.275,4.618
2174.300,3.777
2174.325,6.215
2174.350,6.135
2174.375,5.311
2174.400,3.692
2174.425,4.480
2174.450,1.704
2174.475,5.894
2174.500,3.367
2174.525,3.580
2174.550,5.486
2174.575,4.737
2174.600,3.919
2174.625,7.371
2174.650,3.908
2174.675,6.335
2174.700,3.907
2174.725,6.100
2174.750,4.023
2174.775,5.215
2174.800,5.182
2174.825,3.409
2174.850,3.944
2174.875,5.927
2174.900,5.626
2174.925,4.500
2174.950,3.473
2174.975,5.642
2175.000,4.924
2175.025,6.809
2175.050,3.198
2175.075,3.706
2175.100,6.621
2175.125,6.147
2175.150,4.176
2175.175,5.844
2175.200,3.942
2175.225,5.264
2175.250,7.268
2175.275,6.456
2175.300,4.027
2175.325,5.771
2175.350,6.410
2175.375,10.279
2175.400,5.623
2175.425,6.255
2175.450,2.212
2175.475,6.065
2175.500,7.621
2175.525,5.761
2175.550,6.889
2175.575,4.220
2175.600,5.796
2175.625,5.725
2175.650,7.451
2175.675,6.166
2175.700,5.652
2175.725,3.811
2175.750,3.119
2175.775,7.074
2175.800,3.757
2175.825,8.402
2175.850,2.669
2175.875,8.030
2175.900,5.967
2175.925,3.143
2175.950,5.617
2175.975,6.876
2176.000,6.188
2176.025,6.052
2176.050,4.391
2176.075,4.133
2176.100,4.733
2176.125,4.805
2176.150,2.819
2176.175,4.203
2176.200,4.673
2176.225,3.129
2176.250,3.450
2176.275,3.229
2176.300,3.990
2176.325,4.417
2176.350,4.002
2176.375,6.482
2176.400,6.217
2176.425,6.768
2176.450,6.232
2176.475,6.511
2176.500,5.115
2176.525,5.946
2176.550,4.577
2176.575,5.258
2176.600,6.390
2176.625,5.184
2176.650,6.662
2176.675,4.127
2176.700,3.107
2176.725,8.193
2176.750,7.473
2176.775,5.897
2176.800,5.410
2176.825,6.002
2176.850,6.913
2176.875,5.877
2176.900,4.355
2176.925,7.123
2176.950,7.688
2176.975,3.702
2177.000,3.641
2177.025,5.442
2177.050,6.285
2177.075,6.229
2177.100,4.622
2177.125,6.595
2177.150,5.867
2177.175,6.695
2177.200,4.970
2177.225,7.241
2177.250,7.381
2177.275,5.274
2177.300,7.478
2177.325,6.867
2177.350,4.296
2177.375,6.535
2177.400,5.595
2177.425,5.592
2177.450,7.617
2177.475,6.496
2177.500,7.958
2177.525,4.504
2177.550,5.791
2177.575,7.560
2177.600,5.078
2177.625,4.678
2177.650,4.761
2177.675,4.551
2177.700,4.536
2177.725,6.353
2177.750,3.201
2177.775,5.984
2177.800,2.337
2177.825,2.385
2177.850,4.124
2177.875,5.282
2177.900,6.244
2177.925,6.465
2177.950,6.295
2177.975,7.199
2178.000,3.122
2178.025,5.162
2178.050,6.876
2178.075,6.760
2178.100,5.353
2178.125,7.793
2178.150,2.965
2178.175,3.237
2178.200,5.052
2178.225,2.502
2178.250,3.928
2178.275,4.005
2178.300,6.445
2178.325,3.163
2178.350,6.551
2178.375,5.033
2178.400,3.381
2178.425,6.434
2178.450,2.740
2178.475,4.756
2178.500,3.524
2178.525,5.916
2178.550,4.723
2178.575,5.238
2178.600,3.787
2178.625,5.208
2178.650,4.902
2178.675,4.341
2178.700,3.603
2178.725,4.338
2178.750,3.294
2178.775,5.495
2178.800,3.055
2178.825,1.880
2178.850,4.379
2178.875,4.616
2178.900,6.208
2178.925,3.935
2178.950,2.352
2178.975,3.779
2179.000,4.815
2179.025,4.608
2179.050,4.085
2179.075,8.675
2179.100,3.700
2179.125,4.212
2179.150,5.205
2179.175,3.364
2179.200,5.696
2179.225,5.343
2179.250,6.423
2179.275,9.230
2179.300,5.535
2179.325,3.717
2179.350,6.351
2179.375,6.764
2179.400,3.681
2179.425,5.874
2179.450,4.684
2179.475,4.734
2179.500,5.752
2179.525,4.162
2179.550,6.476
2179.575,4.728
2179.600,8.068
2179.625,5.178
2179.650,7.034
2179.675,6.823
2179.700,5.383
2179.725,4.344
2179.750,4.664
2179.775,3.515
2179.800,4.838
2179.825,6.052
2179.850,4.128
2179.875,3.160
2179.900,3.530
2179.925,2.606
2179.950,13.070
2179.975,3.532
2180.000,6.044
2180.025,3.834
2180.050,3.478
2180.075,7.112
2180.100,6.913
2180.125,6.270
2180.150,5.883
2180.175,4.465
2180.200,3.949
2180.225,7.813
2180.250,6.247
2180.275,5.022
2180.300,5.905
2180.325,7.168
2180.350,5.701
2180.375,8.901
2180.400,3.449
2180.425,7.535
2180.450,5.364
2180.475,3.454
2180.500,5.118
2180.525,6.510
2180.550,4.670
2180.575,5.120
2180.600,6.444
2180.625,8.841
2180.650,3.176
2180.675,6.985
2180.700,4.752
2180.725,3.610
2180.750,3.950
2180.775,3.710
2180.800,8.702
2180.825,4.017
2180.850,8.588
2180.875,3.131
2180.900,8.603
2180.925,4.046
2180.950,2.035
2180.975,5.816
2181.000,5.628
2181.025,4.642
2181.050,6.544
2181.075,4.309
2181.100,6.526
2181.125,9.443
2181.150,6.681
2181.175,6.217
2181.200,6.153
2181.225,5.034
2181.250,4.366
2181.275,3.816
2181.300,7.804
2181.325,3.719
2181.350,5.290
2181.375,4.752
2181.400,4.936
2181.425,4.675
2181.450,3.954
2181.475,4.576
2181.500,9.362
2181.525,4.846
2181.550,5.309
2181.575,4.178
2181.600,3.865
2181.625,3.030
2181.650,5.443
2181.675,3.216
2181.700,5.860
2181.725,5.143
2181.750,4.131
2181.775,6.761
2181.800,5.645
2181.825,3.699
2181.850,4.189
2181.875,4.666
2181.900,3.944
2181.925,6.498
2181.950,3.033
2181.975,5.952
2182.000,3.039
2182.025,2.759
2182.050,3.946
2182.075,3.477
2182.100,4.456
2182.125,3.561
2182.150,2.848
2182.175,6.023
2182.200,4.651
2182.225,8.728
2182.250,5.330
2182.275,3.906
2182.300,6.209
2182.325,2.865
2182.350,2.034
2182.375,2.503
2182.400,4.431
2182.425,1.980
2182.450,4.021
2182.475,4.559
2182.500,6.919
2182.525,4.509
2182.550,5.086
2182.575,6.578
2182.600,6.735
2182.625,6.249
2182.650,5.801
2182.675,4.976
2182.700,3.597
2182.725,2.040
2182.750,5.975
2182.775,6.869
2182.800,3.527
2182.825,5.465
2182.850,6.563
2182.875,3.328
2182.900,6.394
2182.925,5.382
2182.950,4.538
2182.975,2.679
2183.000,3.497
2183.025,5.920
2183.050,2.528
2183.075,5.811
2183.100,5.918
2183.125,3.136
2183.150,4.201
2183.175,5.323
2183.200,5.194
2183.225,3.408
2183.250,4.880
2183.275,4.563
2183.300,5.805
2183.325,4.884
2183.350,4.282
2183.375,5.045
2183.400,5.807
2183.425,4.547
2183.450,2.172
2183.475,5.289
2183.500,4.108
2183.525,4.766
2183.550,3.173
2183.575,6.091
2183.600,6.391
2183.625,6.542
2183.650,4.287
2183.675,6.782
2183.700,5.011
2183.725,4.970
2183.750,3.146
2183.775,3.984
2183.800,4.364
2183.825,6.054
2183.850,5.509
2183.875,4.860
2183.900,6.956
2183.925,4.751
2183.950,5.670
2183.975,7.075
2184.000,7.647
2184.025,5.491
2184.050,6.336
2184.075,2.559
2184.100,5.187
2184.125,6.260
2184.150,2.857
2184.175,4.265
2184.200,5.071
2184.225,2.941
2184.250,4.079
2184.275,4.642
2184.300,1.899
2184.325,5.550
2184.350,4.380
2184.375,5.670
2184.400,4.380
2184.425,5.887
2184.450,3.985
2184.475,3.600
2184.500,8.039
2184.525,4.208
2184.550,2.685
2184.575,5.002
2184.600,5.258
2184.625,3.215
2184.650,6.499
2184.675,6.172
2184.700,4.659
2184.725,4.068
2184.750,5.972
2184.775,3.914
2184.800,3.922
2184.825,2.794
2184.850,3.370
2184.875,4.402
2184.900,2.274
2184.925,8.518
2184.950,3.102
2184.975,3.046
2185.000,4.985
2185.025,8.008
2185.050,7.065
2185.075,5.664
2185.100,5.487
2185.125,5.506
2185.150,7.333
2185.175,6.963
2185.200,4.534
2185.225,7.096
2185.250,5.050
2185.275,4.302
2185.300,2.683
2185.325,3.507
2185.350,4.265
2185.375,8.203
2185.400,3.413
2185.425,2.861
2185.450,7.276
2185.475,1.762
2185.500,4.401
2185.525,8.537
2185.550,5.505
2185.575,7.110
2185.600,5.624
2185.625,4.964
2185.650,5.857
2185.675,4.214
2185.700,3.862
2185.725,3.812
2185.750,4.833
2185.775,5.357
2185.800,4.832
2185.825,4.908
2185.850,3.911
2185.875,4.034
2185.900,4.916
2185.925,4.423
2185.950,5.729
2185.975,3.684
2186.000,4.862
2186.025,4.005
2186.050,7.208
2186.075,3.955
2186.100,7.106
2186.125,4.092
2186.150,2.963
2186.175,4.832
2186.200,4.795
2186.225,3.638
2186.250,8.082
2186.275,4.042
2186.300,3.665
2186.325,4.675
2186.350,5.267
2186.375,2.681
2186.400,4.173
2186.425,3.559
2186.450,5.591
2186.475,4.871
2186.500,3.956
2186.525,3.136
2186.550,4.073
2186.575,3.706
2186.600,1.911
2186.625,4.907
2186.650,2.989
2186.675,5.357
2186.700,4.331
2186.725,4.829
2186.750,6.314
2186.775,4.990
2186.800,2.524
2186.825,4.934
2186.850,5.813
2186.875,4.080
2186.900,4.437
2186.925,7.306
2186.950,4.394
2186.975,3.461
2187.000,3.601
2187.025,4.711
2187.050,3.896
2187.075,4.532
2187.100,6.508
2187.125,5.217
2187.150,3.612
2187.175,7.440
2187.200,5.347
2187.225,6.072
2187.250,3.712
2187.275,4.237
2187.300,4.631
2187.325,5.807
2187.350,3.840
2187.375,4.237
2187.400,3.959
2187.425,2.995
2187.450,2.142
2187.475,5.715
2187.500,5.209
2187.525,1.612
2187.550,4.659
2187.575,4.082
2187.600,3.436
2187.625,4.960
2187.650,2.777
2187.675,3.705
2187.700,4.328
2187.725,6.417
2187.750,9.672
2187.775,2.269
2187.800,4.317
2187.825,4.070
2187.850,4.597
2187.875,4.406
2187.900,4.068
2187.925,5.795
2187.950,3.669
2187.975,4.435
2188.000,4.559
2188.025,4.445
2188.050,2.872
2188.075,4.299
2188.100,3.777
2188.125,5.862
2188.150,3.793
2188.175,4.405
2188.200,3.697
2188.225,7.141
2188.250,3.367
2188.275,6.256
2188.300,8.886
2188.325,5.001
2188.350,5.650
2188.375,4.222
2188.400,3.826
2188.425,5.702
2188.450,2.910
2188.475,2.922
2188.500,4.380
2188.525,8.018
2188.550,4.649
2188.575,3.997
2188.600,5.953
2188.625,7.444
2188.650,5.293
2188.675,5.486
2188.700,2.879
2188.725,2.063
2188.750,3.802
2188.775,4.148
2188.800,6.874
2188.825,4.754
2188.850,4.416
2188.875,5.447
2188.900,7.187
2188.925,4.448
2188.950,4.452
2188.975,2.739
2189.000,4.558
2189.025,4.128
2189.050,5.445
2189.075,2.560
2189.100,5.329
2189.125,4.934
2189.150,3.683
2189.175,5.438
2189.200,1.966
2189.225,1.346
2189.250,5.042
2189.275,5.755
2189.300,6.610
2189.325,5.065
2189.350,4.442
2189.375,4.365
2189.400,3.447
2189.425,2.374
2189.450,4.326
2189.475,5.205
2189.500,6.973
2189.525,4.564
2189.550,9.401
2189.575,3.175
2189.600,5.654
2189.625,4.248
2189.650,4.601
2189.675,4.850
2189.700,2.967
2189.725,5.983
2189.750,8.315
2189.775,7.313
2189.800,3.587
2189.825,6.615
2189.850,3.488
2189.875,3.713
2189.900,4.132
2189.925,7.509
2189.950,4.754
2189.975,7.900
2190.000,5.483
2190.025,5.785
2190.050,6.186
2190.075,2.296
2190.100,2.222
2190.125,7.329
2190.150,4.285
2190.175,3.909
2190.200,6.221
2190.225,4.767
2190.250,3.287
2190.275,4.308
2190.300,2.454
2190.325,3.225
2190.350,5.810
2190.375,2.666
2190.400,5.025
2190.425,2.431
2190.450,4.337
2190.475,5.878
2190.500,5.227
2190.525,3.354
2190.550,6.643
2190.575,6.340
2190.600,5.410
2190.625,4.671
2190.650,4.127
2190.675,7.247
2190.700,2.546
2190.725,3.548
2190.750,4.729
2190.775,3.546
2190.800,6.785
2190.825,6.935
2190.850,2.773
2190.875,4.359
2190.900,6.106
2190.925,5.001
2190.950,3.764
2190.975,3.082
2191.000,4.723
2191.025,5.544
2191.050,2.548
2191.075,4.776
2191.100,4.348
2191.125,3.922
2191.150,3.926
2191.175,5.378
2191.200,4.816
2191.225,4.235
2191.250,5.718
2191.275,6.347
2191.300,5.690
2191.325,5.444
2191.350,5.404
2191.375,5.625
2191.400,4.273
2191.425,5.764
2191.450,6.522
2191.475,3.631
2191.500,5.486
2191.525,1.481
2191.550,2.392
2191.575,5.201
2191.600,4.567
2191.625,2.331
2191.650,3.053
2191.675,6.903
2191.700,3.926
2191.725,5.178
2191.750,4.450
2191.775,3.229
2191.800,5.358
2191.825,2.790
2191.850,8.500
2191.875,4.378
2191.900,3.648
2191.925,3.086
2191.950,5.900
2191.975,6.434
2192.000,5.466
2192.025,5.071
2192.050,2.097
2192.075,2.829
2192.100,6.868
2192.125,8.110
2192.150,5.647
2192.175,4.283
2192.200,5.278
2192.225,3.898
2192.250,5.467
2192.275,4.406
2192.300,5.390
2192.325,3.770
2192.350,5.241
2192.375,1.985
2192.400,4.180
2192.425,6.443
2192.450,4.969
2192.475,5.340
2192.500,3.336
2192.525,4.582
2192.550,3.061
2192.575,4.928
2192.600,4.502
2192.625,4.037
2192.650,6.950
2192.675,6.613
2192.700,3.688
2192.725,4.127
2192.750,3.957
2192.775,7.350
2192.800,4.092
2192.825,6.055
2192.850,3.504
2192.875,2.291
2192.900,2.182
2192.925,3.997
2192.950,6.840
2192.975,3.728
2193.000,9.040
2193.025,8.116
2193.050,4.015
2193.075,4.225
2193.100,7.114
2193.125,5.899
2193.150,5.068
2193.175,6.031
2193.200,4.112
2193.225,4.406
2193.250,6.812
2193.275,4.244
2193.300,4.758
2193.325,3.816
2193.350,5.751
2193.375,3.766
2193.400,4.231
2193.425,5.474
2193.450,3.128
2193.475,5.225
2193.500,2.401
2193.525,4.408
2193.550,4.400
2193.575,3.959
2193.600,3.917
2193.625,2.344
2193.650,6.922
2193.675,5.206
2193.700,7.001
2193.725,3.955
2193.750,3.105
2193.775,6.904
2193.800,4.854
2193.825,3.537
2193.850,3.441
2193.875,7.386
2193.900,5.349
2193.925,5.569
2193.950,6.002
2193.975,1.905
2194.000,4.741
2194.025,3.088
2194.050,7.170
2194.075,4.866
2194.100,3.693
2194.125,2.955
2194.150,1.681
2194.175,7.973
2194.200,6.598
2194.225,7.547
2194.250,3.611
2194.275,4.754
2194.300,3.006
2194.325,4.253
2194.350,3.538
2194.375,5.059
2194.400,6.141
2194.425,3.672
2194.450,2.929
2194.475,4.047
2194.500,8.996
2194.525,7.599
2194.550,4.250
2194.575,3.316
2194.600,4.811
2194.625,4.704
2194.650,5.763
2194.675,6.105
2194.700,5.820
2194.725,5.631
2194.750,3.194
2194.775,3.015
2194.800,5.424
2194.825,4.135
2194.850,4.235
2194.875,7.184
2194.900,3.003
2194.925,4.019
2194.950,2.429
2194.975,3.277
2195.000,4.204
2195.025,4.994
2195.050,5.861
2195.075,4.685
2195.100,3.471
2195.125,3.730
2195.150,4.110
2195.175,1.960
2195.200,4.629
2195.225,2.769
2195.250,1.640
2195.275,5.587
2195.300,4.144
2195.325,3.249
2195.350,1.796
2195.375,6.845
2195.400,2.629
2195.425,4.498
2195.450,4.637
2195.475,6.905
2195.500,5.182
2195.525,2.974
2195.550,9.377
2195.575,5.051
2195.600,4.538
2195.625,4.861
2195.650,6.550
2195.675,4.670
2195.700,4.007
2195.725,3.616
2195.750,5.710
2195.775,3.220
2195.800,5.898
2195.825,5.363
2195.850,2.336
2195.875,0.856
2195.900,6.692
2195.925,7.129
2195.950,3.353
2195.975,5.969
2196.000,6.189
2196.025,4.386
2196.050,2.603
2196.075,4.338
2196.100,2.191
2196.125,3.605
2196.150,2.882
2196.175,5.309
2196.200,3.617
2196.225,3.328
2196.250,4.401
2196.275,5.385
2196.300,4.139
2196.325,5.091
2196.350,2.924
2196.375,4.244
2196.400,4.045
2196.425,6.485
2196.450,4.768
2196.475,5.642
2196.500,5.325
2196.525,7.624
2196.550,5.546
2196.575,3.662
2196.600,5.218
2196.625,2.137
2196.650,3.577
2196.675,3.115
2196.700,5.749
2196.725,8.294
2196.750,4.274
2196.775,4.407
2196.800,1.922
2196.825,6.109
2196.850,3.832
2196.875,5.383
2196.900,5.450
2196.925,3.680
2196.950,6.360
2196.975,4.198
2197.000,4.212
2197.025,2.945
2197.050,4.004
2197.075,6.645
2197.100,4.192
2197.125,8.685
2197.150,6.478
2197.175,5.250
2197.200,3.436
2197.225,3.219
2197.250,8.050
2197.275,3.193
2197.300,2.094
2197.325,3.055
2197.350,3.746
2197.375,4.179
2197.400,3.724
2197.425,4.455
2197.450,5.527
2197.475,3.592
2197.500,3.265
2197.525,3.307
2197.550,5.243
2197.575,2.875
2197.600,3.949
2197.625,5.045
2197.650,4.592
2197.675,5.124
2197.700,4.332
2197.725,4.287
2197.750,5.920
2197.775,2.897
2197.800,4.053
2197.825,2.599
2197.850,3.740
2197.875,4.369
2197.900,2.623
2197.925,2.914
2197.950,3.286
2197.975,6.724
2198.000,4.809
2198.025,3.502
2198.050,4.911
2198.075,4.383
2198.100,4.454
2198.125,2.904
2198.150,5.094
2198.175,2.536
2198.200,3.068
2198.225,4.382
2198.250,5.117
2198.275,5.228
2198.300,6.321
2198.325,5.134
2198.350,5.076
2198.375,2.490
2198.400,4.498
2198.425,4.908
2198.450,5.531
2198.475,3.360
2198.500,3.427
2198.525,5.491
2198.550,5.012
2198.575,3.686
2198.600,6.517
2198.625,4.199
2198.650,4.029
2198.675,4.458
2198.700,4.866
2198.725,4.232
2198.750,2.826
2198.775,3.021
2198.800,7.586
2198.825,2.964
2198.850,2.667
2198.875,5.143
2198.900,3.285
2198.925,3.897
2198.950,5.334
2198.975,5.293
2199.000,3.811
2199.025,3.761
2199.050,3.424
2199.075,4.007
2199.100,3.502
2199.125,4.178
2199.150,6.174
2199.175,5.431
2199.200,5.179
2199.225,5.990
2199.250,4.649
2199.275,2.960
2199.300,3.837
2199.325,6.951
2199.350,3.491
2199.375,5.334
2199.400,4.905
2199.425,2.551
2199.450,4.617
2199.475,4.634
2199.500,2.352
2199.525,3.135
2199.550,3.189
2199.575,4.122
2199.600,3.356
2199.625,3.731
2199.650,4.945
2199.675,5.057
2199.700,3.961
2199.725,2.928
2199.750,3.738
2199.775,3.379
2199.800,5.348
2199.825,3.423
2199.850,4.265
2199.875,3.710
2199.900,2.928
2199.925,3.494
2199.950,5.639
2199.975,4.676
2200.000,6.647
2200.025,5.034
2200.050,1.929
2200.075,4.322
2200.100,6.499
2200.125,5.336
2200.150,3.240
2200.175,2.521
2200.200,4.180
2200.225,4.772
2200.250,4.621
2200.275,4.625
2200.300,2.615
2200.325,4.449
2200.350,5.674
2200.375,5.170
2200.400,4.733
2200.425,4.817
2200.450,4.101
2200.475,5.852
2200.500,5.028
2200.525,4.408
2200.550,3.949
2200.575,5.639
2200.600,2.504
2200.625,4.374
2200.650,5.713
2200.675,4.604
2200.700,3.654
2200.725,4.688
2200.750,4.179
2200.775,3.298
2200.800,4.262
2200.825,2.501
2200.850,3.983
2200.875,5.490
2200.900,3.852
2200.925,3.555
2200.950,4.403
2200.975,5.952
2201.000,5.827
2201.025,3.334
2201.050,2.815
2201.075,3.409
2201.100,2.348
2201.125,3.834
2201.150,2.798
2201.175,2.673
2201.200,3.998
2201.225,3.244
2201.250,2.189
2201.275,6.271
2201.300,3.111
2201.325,2.835
2201.350,5.248
2201.375,3.771
2201.400,4.918
2201.425,4.034
2201.450,4.303
2201.475,5.061
2201.500,2.691
2201.525,3.897
2201.550,6.784
2201.575,5.221
2201.600,3.412
2201.625,6.368
2201.650,4.544
2201.675,5.794
2201.700,7.868
2201.725,3.545
2201.750,3.789
2201.775,4.281
2201.800,4.749
2201.825,5.197
2201.850,7.625
2201.875,4.536
2201.900,4.852
2201.925,5.106
2201.950,5.452
2201.975,4.658
2202.000,5.874
2202.025,3.178
2202.050,3.672
2202.075,3.103
2202.100,4.236
2202.125,5.916
2202.150,3.775
2202.175,2.641
2202.200,3.786
2202.225,3.996
2202.250,3.609
2202.275,4.322
2202.300,3.082
2202.325,2.489
2202.350,3.732
2202.375,3.549
2202.400,2.818
2202.425,3.675
2202.450,2.984
2202.475,3.860
2202.500,5.235
2202.525,6.179
2202.550,3.139
2202.575,3.301
2202.600,7.677
2202.625,2.631
2202.650,2.782
2202.675,5.381
2202.700,5.643
2202.725,3.944
2202.750,6.464
2202.775,4.660
2202.800,4.161
2202.825,3.674
2202.850,3.215
2202.875,5.606
2202.900,2.363
2202.925,3.166
2202.950,4.038
2202.975,5.143
2203.000,2.706
2203.025,5.056
2203.050,3.770
2203.075,2.335
2203.100,4.247
2203.125,4.567
2203.150,4.377
2203.175,3.103
2203.200,5.805
2203.225,3.188
2203.250,4.645
2203.275,4.329
2203.300,3.606
2203.325,3.127
2203.350,5.741
2203.375,5.340
2203.400,3.195
2203.425,4.796
2203.450,2.096
2203.475,3.033
2203.500,3.914
2203.525,4.586
2203.550,5.214
2203.575,1.435
2203.600,2.064
2203.625,2.478
2203.650,2.829
2203.675,4.652
2203.700,5.299
2203.725,4.892
2203.750,3.843
2203.775,4.735
2203.800,4.891
2203.825,4.586
2203.850,3.186
2203.875,5.737
2203.900,2.964
2203.925,5.549
2203.950,3.527
2203.975,5.362
2204.000,2.840
2204.025,6.774
2204.050,4.155
2204.075,6.102
2204.100,6.165
2204.125,9.556
2204.150,4.289
2204.175,4.588
2204.200,4.292
2204.225,4.653
2204.250,4.968
2204.275,5.723
2204.300,3.059
2204.325,2.742
2204.350,5.211
2204.375,3.550
2204.400,4.022
2204.425,3.185
2204.450,4.198
2204.475,5.440
2204.500,2.958
2204.525,3.300
2204.550,3.772
2204.575,4.372
2204.600,3.134
2204.625,4.092
2204.650,4.515
2204.675,3.952
2204.700,4.411
2204.725,3.193
2204.750,3.621
2204.775,3.173
2204.800,4.512
2204.825,3.527
2204.850,4.478
2204.875,5.200
2204.900,4.382
2204.925,3.373
2204.950,5.301
2204.975,5.558
2205.000,4.610
2205.025,1.729
2205.050,3.181
2205.075,2.307
2205.100,6.873
2205.125,5.381
2205.150,7.444
2205.175,4.134
2205.200,4.825
2205.225,3.404
2205.250,4.697
2205.275,3.373
2205.300,5.413
2205.325,4.123
2205.350,5.622
2205.375,4.595
2205.400,4.357
2205.425,3.338
2205.450,4.435
2205.475,3.636
2205.500,4.262
2205.525,4.529
2205.550,3.756
2205.575,5.775
2205.600,4.096
2205.625,4.669
2205.650,4.623
2205.675,2.265
2205.700,6.029
2205.725,4.479
2205.750,4.372
2205.775,6.113
2205.800,4.945
2205.825,3.580
2205.850,3.065
2205.875,6.308
2205.900,3.629
2205.925,2.583
2205.950,5.421
2205.975,4.973
2206.000,5.345
2206.025,7.978
2206.050,4.394
2206.075,5.870
2206.100,4.701
2206.125,1.806
2206.150,1.842
2206.175,2.226
2206.200,2.941
2206.225,4.631
2206.250,3.471
2206.275,3.629
2206.300,4.232
2206.325,4.437
2206.350,3.880
2206.375,3.812
2206.400,5.159
2206.425,5.531
2206.450,6.541
2206.475,1.923
2206.500,3.525
2206.525,2.815
2206.550,2.890
2206.575,5.559
2206.600,4.298
2206.625,5.422
2206.650,2.533
2206.675,3.580
2206.700,3.281
2206.725,3.129
2206.750,6.030
2206.775,3.707
2206.800,2.370
2206.825,1.853
2206.850,4.360
2206.875,7.988
2206.900,6.094
2206.925,4.973
2206.950,4.594
2206.975,4.938
2207.000,4.504
2207.025,2.184
2207.050,2.520
2207.075,3.035
2207.100,5.463
2207.125,5.807
2207.150,4.450
2207.175,2.651
2207.200,5.597
2207.225,2.568
2207.250,2.329
2207.275,6.551
2207.300,6.721
2207.325,2.602
2207.350,4.039
2207.375,5.118
2207.400,2.976
2207.425,2.710
2207.450,6.086
2207.475,4.644
2207.500,2.638
2207.525,2.915
2207.550,3.555
2207.575,2.568
2207.600,4.637
2207.625,3.301
2207.650,5.784
2207.675,2.913
2207.700,3.293
2207.725,3.157
2207.750,6.797
2207.775,4.341
2207.800,3.808
2207.825,3.614
2207.850,5.779
2207.875,1.961
2207.900,4.768
2207.925,3.555
2207.950,2.925
2207.975,3.691
2208.000,2.948
2208.025,3.276
2208.050,4.458
2208.075,3.964
2208.100,3.274
2208.125,4.563
2208.150,3.444
2208.175,2.792
2208.200,4.931
2208.225,2.830
2208.250,4.251
2208.275,4.163
2208.300,5.504
2208.325,4.558
2208.350,4.840
2208.375,4.619
2208.400,5.050
2208.425,4.996
2208.450,3.837
2208.475,6.222
2208.500,5.604
2208.525,4.635
2208.550,3.634
2208.575,3.471
2208.600,3.884
2208.625,5.610
2208.650,2.379
2208.675,5.262
2208.700,3.594
2208.725,2.754
2208.750,3.060
2208.775,3.559
2208.800,3.373
2208.825,3.431
2208.850,3.917
2208.875,4.684
2208.900,4.789
2208.925,4.870
2208.950,4.377
2208.975,5.428
2209.000,4.654
2209.025,5.865
2209.050,5.558
2209.075,3.274
2209.100,3.866
2209.125,5.846
2209.150,5.171
2209.175,6.706
2209.200,2.553
2209.225,5.667
2209.250,3.885
2209.275,6.504
2209.300,5.420
2209.325,3.990
2209.350,3.917
2209.375,5.977
2209.400,4.348
2209.425,4.722
2209.450,5.861
2209.475,3.264
2209.500,2.685
2209.525,7.587
2209.550,3.949
2209.575,6.515
2209.600,6.272
2209.625,5.717
2209.650,6.070
2209.675,4.178
2209.700,4.155
2209.725,3.239
2209.750,3.656
2209.775,5.474
2209.800,2.612
2209.825,4.825
2209.850,6.570
2209.875,4.023
2209.900,5.674
2209.925,3.733
2209.950,5.405
2209.975,3.078
2210.000,3.292
2210.025,1.706
2210.050,3.327
2210.075,5.232
2210.100,5.507
2210.125,3.344
2210.150,6.135
2210.175,3.447
2210.200,2.712
2210.225,3.398
2210.250,5.103
2210.275,4.266
2210.300,5.331
2210.325,5.845
2210.350,3.553
2210.375,4.677
2210.400,7.041
2210.425,2.315
2210.450,4.801
2210.475,2.945
2210.500,4.275
2210.525,6.099
2210.550,2.900
2210.575,2.103
2210.600,3.151
2210.625,5.452
2210.650,4.277
2210.675,2.060
2210.700,4.217
2210.725,3.755
2210.750,3.756
2210.775,3.844
2210.800,3.459
2210.825,7.336
2210.850,3.294
2210.875,3.021
2210.900,4.070
2210.925,3.703
2210.950,3.622
2210.975,4.347
2211.000,3.122
2211.025,3.893
2211.050,5.683
2211.075,1.978
2211.100,5.369
2211.125,3.489
2211.150,4.580
2211.175,5.670
2211.200,6.181
2211.225,2.468
2211.250,2.251
2211.275,2.738
2211.300,5.003
2211.325,3.450
2211.350,2.374
2211.375,2.460
2211.400,3.007
2211.425,2.625
2211.450,3.633
2211.475,4.426
2211.500,6.388
2211.525,6.474
2211.550,4.111
2211.575,7.181
2211.600,2.965
2211.625,5.265
2211.650,3.498
2211.675,6.778
2211.700,4.904
2211.725,3.637
2211.750,3.511
2211.775,3.928
2211.800,4.387
2211.825,2.359
2211.850,4.685
2211.875,4.966
2211.900,6.277
2211.925,3.504
2211.950,3.663
2211.975,6.623
2212.000,5.464
2212.025,3.028
2212.050,5.458
2212.075,3.452
2212.100,3.280
2212.125,7.603
2212.150,4.480
2212.175,2.541
2212.200,4.335
2212.225,4.386
2212.250,6.683
2212.275,5.439
2212.300,2.118
2212.325,4.088
2212.350,6.260
2212.375,2.980
2212.400,3.897
2212.425,7.326
2212.450,4.067
2212.475,4.995
2212.500,6.970
2212.525,3.302
2212.550,6.166
2212.575,4.737
2212.600,4.960
2212.625,3.017
2212.650,3.537
2212.675,3.967
2212.700,4.345
2212.725,4.221
2212.750,7.458
2212.775,4.789
2212.800,5.048
2212.825,3.361
2212.850,5.974
2212.875,6.118
2212.900,5.441
2212.925,3.431
2212.950,3.994
2212.975,2.318
2213.000,4.577
2213.025,2.911
2213.050,4.960
2213.075,5.943
2213.100,6.730
2213.125,3.133
2213.150,5.898
2213.175,3.748
2213.200,4.233
2213.225,4.033
2213.250,2.538
2213.275,5.917
2213.300,3.041
2213.325,3.068
2213.350,5.032
2213.375,6.199
2213.400,3.089
2213.425,4.034
2213.450,6.330
2213.475,4.043
2213.500,6.182
2213.525,6.476
2213.550,5.036
2213.575,4.781
2213.600,5.785
2213.625,5.021
2213.650,3.845
2213.675,2.844
2213.700,4.767
2213.725,4.288
2213.750,3.774
2213.775,3.996
2213.800,3.727
2213.825,4.450
2213.850,3.646
2213.875,6.462
2213.900,4.183
2213.925,3.562
2213.950,2.558
2213.975,2.868
2214.000,5.499
2214.025,6.990
2214.050,4.846
2214.075,4.147
2214.100,3.423
2214.125,5.002
2214.150,5.566
2214.175,5.629
2214.200,3.924
2214.225,3.856
2214.250,2.359
2214.275,5.510
2214.300,1.985
2214.325,2.135
2214.350,5.065
2214.375,3.099
2214.400,6.200
2214.425,3.097
2214.450,2.213
2214.475,2.454
2214.500,6.309
2214.525,2.806
2214.550,4.451
2214.575,2.863
2214.600,3.112
2214.625,3.895
2214.650,2.856
2214.675,3.234
2214.700,5.106
2214.725,5.186
2214.750,4.753
2214.775,6.116
2214.800,5.206
2214.825,5.497
2214.850,5.171
2214.875,4.528
2214.900,3.996
2214.925,3.551
2214.950,1.802
2214.975,7.476
2215.000,2.014
2215.025,2.935
2215.050,5.374
2215.075,4.722
2215.100,3.817
2215.125,1.931
2215.150,2.592
2215.175,5.274
2215.200,1.978
2215.225,3.242
2215.250,6.005
2215.275,3.014
2215.300,2.305
2215.325,2.684
2215.350,3.216
2215.375,5.763
2215.400,6.539
2215.425,3.507
2215.450,3.721
2215.475,4.585
2215.500,4.047
2215.525,4.619
2215.550,4.160
2215.575,1.502
2215.600,6.417
2215.625,3.455
2215.650,4.673
2215.675,3.620
2215.700,2.925
2215.725,2.596
2215.750,5.684
2215.775,2.672
2215.800,4.348
2215.825,5.179
2215.850,4.069
2215.875,3.654
2215.900,5.862
2215.925,4.232
2215.950,4.624
2215.975,4.741
2216.000,3.313
2216.025,4.648
2216.050,2.764
2216.075,2.975
2216.100,3.850
2216.125,4.275
2216.150,7.059
2216.175,8.252
2216.200,2.103
2216.225,5.070
2216.250,4.120
2216.275,4.837
2216.300,5.946
2216.325,6.490
2216.350,3.726
2216.375,7.345
2216.400,4.980
2216.425,3.437
2216.450,7.186
2216.475,3.345
2216.500,3.426
2216.525,3.909
2216.550,3.661
2216.575,2.994
2216.600,4.346
2216.625,4.207
2216.650,5.395
2216.675,5.335
2216.700,6.136
2216.725,5.490
2216.750,3.389
2216.775,6.264
2216.800,4.090
2216.825,4.073
2216.850,5.058
2216.875,3.575
2216.900,3.318
2216.925,5.538
2216.950,6.275
2216.975,2.723
2217.000,4.024
2217.025,3.529
2217.050,4.341
2217.075,3.711
2217.100,1.648
2217.125,4.160
2217.150,4.024
2217.175,3.766
2217.200,3.331
2217.225,3.257
2217.250,4.819
2217.275,2.771
2217.300,2.346
2217.325,5.864
2217.350,5.962
2217.375,3.150
2217.400,6.397
2217.425,3.626
2217.450,3.597
2217.475,4.877
2217.500,4.753
2217.525,5.270
2217.550,5.347
2217.575,3.250
2217.600,4.869
2217.625,5.713
2217.650,4.047
2217.675,3.950
2217.700,5.161
2217.725,4.734
2217.750,3.998
2217.775,1.997
2217.800,5.578
2217.825,4.237
2217.850,3.758
2217.875,3.459
2217.900,3.905
2217.925,4.243
2217.950,4.177
2217.975,2.943
2218.000,3.634
2218.025,5.209
2218.050,5.307
2218.075,6.991
2218.100,3.447
2218.125,4.634
2218.150,2.849
2218.175,4.471
2218.200,5.414
2218.225,3.831
2218.250,4.424
2218.275,4.539
2218.300,4.312
2218.325,6.224
2218.350,4.566
2218.375,3.614
2218.400,7.787
2218.425,2.969
2218.450,4.395
2218.475,1.534
2218.500,3.408
2218.525,3.684
2218.550,6.312
2218.575,3.321
2218.600,3.086
2218.625,3.232
2218.650,4.230
2218.675,3.570
2218.700,2.606
2218.725,4.060
2218.750,5.679
2218.775,6.975
2218.800,1.793
2218.825,7.543
2218.850,3.830
2218.875,2.786
2218.900,4.992
2218.925,6.687
2218.950,5.203
2218.975,3.202
2219.000,5.740
2219.025,4.478
2219.050,4.119
2219.075,4.902
2219.100,3.084
2219.125,4.616
2219.150,5.396
2219.175,4.860
2219.200,5.069
2219.225,3.588
2219.250,5.223
2219.275,7.576
2219.300,6.216
2219.325,3.826
2219.350,3.261
2219.375,3.256
2219.400,5.778
2219.425,4.239
2219.450,6.768
2219.475,4.074
2219.500,5.714
2219.525,5.976
2219.550,7.619
2219.575,4.830
2219.600,6.542
2219.625,3.643
2219.650,4.091
2219.675,2.787
2219.700,2.881
2219.725,3.044
2219.750,3.196
2219.775,2.857
2219.800,5.391
2219.825,1.777
2219.850,8.686
2219.875,6.671
2219.900,4.723
2219.925,5.996
2219.950,4.285
2219.975,4.336
2220.000,3.731
2220.025,5.321
2220.050,2.603
2220.075,3.262
2220.100,3.226
2220.125,3.908
2220.150,4.268
2220.175,4.305
2220.200,4.228
2220.225,3.881
2220.250,5.453
2220.275,2.702
2220.300,1.670
2220.325,4.151
2220.350,7.977
2220.375,1.881
2220.400,3.535
2220.425,2.913
2220.450,1.729
2220.475,4.719
2220.500,5.697
2220.525,3.856
2220.550,3.709
2220.575,4.210
2220.600,5.478
2220.625,3.749
2220.650,3.219
2220.675,4.730
2220.700,5.648
2220.725,2.255
2220.750,4.562
2220.775,2.818
2220.800,2.344
2220.825,2.397
2220.850,2.555
2220.875,3.822
2220.900,5.474
2220.925,3.384
2220.950,5.315
2220.975,5.874
2221.000,5.095
2221.025,3.965
2221.050,4.098
2221.075,3.862
2221.100,2.673
2221.125,1.968
2221.150,6.025
2221.175,4.152
2221.200,5.653
2221.225,3.339
2221.250,3.515
2221.275,2.606
2221.300,4.846
2221.325,3.510
2221.350,4.086
2221.375,3.234
2221.400,2.330
2221.425,2.825
2221.450,7.060
2221.475,2.393
2221.500,4.157
2221.525,3.611
2221.550,6.264
2221.575,3.321
2221.600,2.723
2221.625,4.395
2221.650,3.409
2221.675,5.366
2221.700,2.859
2221.725,4.993
2221.750,4.706
2221.775,5.215
2221.800,4.055
2221.825,2.916
2221.850,4.175
2221.875,4.139
2221.900,1.672
2221.925,2.533
2221.950,2.819
2221.975,3.301
2222.000,3.240
2222.025,2.664
2222.050,3.266
2222.075,4.602
2222.100,4.103
2222.125,4.602
2222.150,4.019
2222.175,3.540
2222.200,2.662
2222.225,4.470
2222.250,5.938
2222.275,2.390
2222.300,2.952
2222.325,5.978
2222.350,6.763
2222.375,2.778
2222.400,4.746
2222.425,4.093
2222.450,3.211
2222.475,2.303
2222.500,3.824
2222.525,3.730
2222.550,3.837
2222.575,3.884
2222.600,4.012
2222.625,4.389
2222.650,4.762
2222.675,4.383
2222.700,2.729
2222.725,3.682
2222.750,5.219
2222.775,2.519
2222.800,3.615
2222.825,4.127
2222.850,4.202
2222.875,3.898
2222.900,4.353
2222.925,5.687
2222.950,5.380
2222.975,6.111
2223.000,4.931
2223.025,4.156
2223.050,4.705
2223.075,2.961
2223.100,2.929
2223.125,6.401
2223.150,2.372
2223.175,5.782
2223.200,4.343
2223.225,2.825
2223.250,4.036
2223.275,3.776
2223.300,6.511
2223.325,6.436
2223.350,4.334
2223.375,5.414
2223.400,2.680
2223.425,3.958
2223.450,5.049
2223.475,4.132
2223.500,5.552
2223.525,4.893
2223.550,1.506
2223.575,2.094
2223.600,5.714
2223.625,3.125
2223.650,3.270
2223.675,6.476
2223.700,4.299
2223.725,4.569
2223.750,4.763
2223.775,7.670
2223.800,6.703
2223.825,4.432
2223.850,5.425
2223.875,2.097
2223.900,6.103
2223.925,3.167
2223.950,5.721
2223.975,7.005
2224.000,5.223
2224.025,7.458
2224.050,3.744
2224.075,4.522
2224.100,3.458
2224.125,4.691
2224.150,1.792
2224.175,7.264
2224.200,6.719
2224.225,2.558
2224.250,3.005
2224.275,5.424
2224.300,5.426
2224.325,2.300
2224.350,2.297
2224.375,4.981
2224.400,5.823
2224.425,3.469
2224.450,5.297
2224.475,3.320
2224.500,4.681
2224.525,2.579
2224.550,2.701
2224.575,2.609
2224.600,2.937
2224.625,2.395
2224.650,5.025
2224.675,6.143
2224.700,3.431
2224.725,4.692
2224.750,4.244
2224.775,4.633
2224.800,7.696
2224.825,5.571
2224.850,2.749
2224.875,4.811
2224.900,4.547
2224.925,4.718
2224.950,3.270
2224.975,3.072
2225.000,5.533
2225.025,5.569
2225.050,4.953
2225.075,3.693
2225.100,5.002
2225.125,7.856
2225.150,3.387
2225.175,4.176
2225.200,5.560
2225.225,7.066
2225.250,4.932
2225.275,8.146
2225.300,3.378
2225.325,1.035
2225.350,4.467
2225.375,4.389
2225.400,5.274
2225.425,4.519
2225.450,7.093
2225.475,4.419
2225.500,5.699
2225.525,2.870
2225.550,5.950
2225.575,3.406
2225.600,4.074
2225.625,5.529
2225.650,4.416
2225.675,4.852
2225.700,5.053
2225.725,4.387
2225.750,2.920
2225.775,4.453
2225.800,4.533
2225.825,5.343
2225.850,5.344
2225.875,4.421
2225.900,4.403
2225.925,2.465
2225.950,4.383
2225.975,4.826
2226.000,5.127
2226.025,2.377
2226.050,4.469
2226.075,5.065
2226.100,2.816
2226.125,3.530
2226.150,5.176
2226.175,3.451
2226.200,3.821
2226.225,3.732
2226.250,6.335
2226.275,2.863
2226.300,3.360
2226.325,4.753
2226.350,6.327
2226.375,2.952
2226.400,2.273
2226.425,3.022
2226.450,3.151
2226.475,3.226
2226.500,1.777
2226.525,2.905
2226.550,3.387
2226.575,3.327
2226.600,4.680
2226.625,3.952
2226.650,5.328
2226.675,3.638
2226.700,4.699
2226.725,4.260
2226.750,3.934
2226.775,4.527
2226.800,4.064
2226.825,6.544
2226.850,4.814
2226.875,4.369
2226.900,3.732
2226.925,4.384
2226.950,2.102
2226.975,4.262
2227.000,4.934
2227.025,2.431
2227.050,5.786
2227.075,2.747
2227.100,5.773
2227.125,5.490
2227.150,4.185
2227.175,4.917
2227.200,5.113
2227.225,5.328
2227.250,3.178
2227.275,2.924
2227.300,2.545
2227.325,1.780
2227.350,2.835
2227.375,4.997
2227.400,2.881
2227.425,7.801
2227.450,6.514
2227.475,4.983
2227.500,3.754
2227.525,4.161
2227.550,5.154
2227.575,2.420
2227.600,7.097
2227.625,7.424
2227.650,4.330
2227.675,3.483
2227.700,2.851
2227.725,6.200
2227.750,3.966
2227.775,6.147
2227.800,4.772
2227.825,6.864
2227.850,3.931
2227.875,4.323
2227.900,9.110
2227.925,4.560
2227.950,3.847
2227.975,2.877
2228.000,3.050
2228.025,4.831
2228.050,6.097
2228.075,5.277
2228.100,4.306
2228.125,5.439
2228.150,3.217
2228.175,4.491
2228.200,2.270
2228.225,3.987
2228.250,4.967
2228.275,3.756
2228.300,4.456
2228.325,3.936
2228.350,4.913
2228.375,4.532
2228.400,6.770
2228.425,4.508
2228.450,4.261
2228.475,5.590
2228.500,3.839
2228.525,3.085
2228.550,5.142
2228.575,2.087
2228.600,5.335
2228.625,5.226
2228.650,6.071
2228.675,6.089
2228.700,4.697
2228.725,5.497
2228.750,4.392
2228.775,5.465
2228.800,4.005
2228.825,6.504
2228.850,4.424
2228.875,2.981
2228.900,4.587
2228.925,2.299
2228.950,5.640
2228.975,2.938
2229.000,4.583
2229.025,3.069
2229.050,4.314
2229.075,4.097
2229.100,3.643
2229.125,2.437
2229.150,6.691
2229.175,10.744
2229.200,2.762
2229.225,3.990
2229.250,4.483
2229.275,7.514
2229.300,1.471
2229.325,6.422
2229.350,5.214
2229.375,4.497
2229.400,2.572
2229.425,2.794
2229.450,6.562
2229.475,2.513
2229.500,5.141
2229.525,3.860
2229.550,5.377
2229.575,5.315
2229.600,4.663
2229.625,3.217
2229.650,4.383
2229.675,3.561
2229.700,4.888
2229.725,5.086
2229.750,4.563
2229.775,4.611
2229.800,3.810
2229.825,8.541
2229.850,4.313
2229.875,2.617
2229.900,3.288
2229.925,5.028
2229.950,4.817
2229.975,4.841
2230.000,3.495
2230.025,4.123
2230.050,6.048
2230.075,4.372
2230.100,4.820
2230.125,2.274
2230.150,3.602
2230.175,4.018
2230.200,2.462
2230.225,3.729
2230.250,5.970
2230.275,4.877
2230.300,4.230
2230.325,3.183
2230.350,2.534
2230.375,6.245
2230.400,7.408
2230.425,5.510
2230.450,3.277
2230.475,5.166
2230.500,3.136
2230.525,5.552
2230.550,2.514
2230.575,4.195
2230.600,3.844
2230.625,3.372
2230.650,4.059
2230.675,3.914
2230.700,2.167
2230.725,5.906
2230.750,4.617
2230.775,5.779
2230.800,3.008
2230.825,5.261
2230.850,4.295
2230.875,2.567
2230.900,2.135
2230.925,4.018
2230.950,2.537
2230.975,3.551
2231.000,5.608
2231.025,2.905
2231.050,5.212
2231.075,5.906
2231.100,4.738
2231.125,4.190
2231.150,4.446
2231.175,4.403
2231.200,4.611
2231.225,5.412
2231.250,5.801
2231.275,5.803
2231.300,5.062
2231.325,5.375
2231.350,4.161
2231.375,3.051
2231.400,4.372
2231.425,5.274
2231.450,2.532
2231.475,6.297
2231.500,3.728
2231.525,4.655
2231.550,4.936
2231.575,4.152
2231.600,1.915
2231.625,6.099
2231.650,2.896
2231.675,4.841
2231.700,5.213
2231.725,5.852
2231.750,2.831
2231.775,4.028
2231.800,5.919
2231.825,4.868
2231.850,4.796
2231.875,4.734
2231.900,1.458
2231.925,4.036
2231.950,4.425
2231.975,5.118
2232.000,2.832
2232.025,2.722
2232.050,6.134
2232.075,2.203
2232.100,6.342
2232.125,5.702
2232.150,4.374
2232.175,3.442
2232.200,3.976
2232.225,4.514
2232.250,3.945
2232.275,5.655
2232.300,3.392
2232.325,2.553
2232.350,2.112
2232.375,2.820
2232.400,3.562
2232.425,4.566
2232.450,5.869
2232.475,2.863
2232.500,4.337
2232.525,6.890
2232.550,5.666
2232.575,5.965
2232.600,4.018
2232.625,1.639
2232.650,3.992
2232.675,2.642
2232.700,3.099
2232.725,2.114
2232.750,5.095
2232.775,4.650
2232.800,2.264
2232.825,3.804
2232.850,5.593
2232.875,5.100
2232.900,4.356
2232.925,2.993
2232.950,5.012
2232.975,4.183
2233.000,4.922
2233.025,4.668
2233.050,2.090
2233.075,2.355
2233.100,3.474
2233.125,4.187
2233.150,2.987
2233.175,2.851
2233.200,2.446
2233.225,7.885
2233.250,3.081
2233.275,3.481
2233.300,4.838
2233.325,4.080
2233.350,3.432
2233.375,4.958
2233.400,3.721
2233.425,5.436
2233.450,4.787
2233.475,3.375
2233.500,5.545
2233.525,5.610
2233.550,2.192
2233.575,4.347
2233.600,3.309
2233.625,4.618
2233.650,3.133
2233.675,4.296
2233.700,5.826
2233.725,4.374
2233.750,3.028
2233.775,2.219
2233.800,4.314
2233.825,3.863
2233.850,6.119
2233.875,4.708
2233.900,3.959
2233.925,4.288
2233.950,5.927
2233.975,6.848
2234.000,4.480
2234.025,5.806
2234.050,4.003
2234.075,7.296
2234.100,6.641
2234.125,4.149
2234.150,4.084
2234.175,5.131
2234.200,3.717
2234.225,2.302
2234.250,6.037
2234.275,4.061
2234.300,4.786
2234.325,6.439
2234.350,3.136
2234.375,2.953
2234.400,5.939
2234.425,2.284
2234.450,2.103
2234.475,4.187
2234.500,7.346
2234.525,4.027
2234.550,6.011
2234.575,4.352
2234.600,4.248
2234.625,4.440
2234.650,3.039
2234.675,5.614
2234.700,3.970
2234.725,3.748
2234.750,3.443
2234.775,4.158
2234.800,4.558
2234.825,3.685
2234.850,6.651
2234.875,4.391
2234.900,5.873
2234.925,5.276
2234.950,3.948
2234.975,7.778
2235.000,4.690
2235.025,5.389
2235.050,6.049
2235.075,4.628
2235.100,4.472
2235.125,3.530
2235.150,1.934
2235.175,4.037
2235.200,4.379
2235.225,3.438
2235.250,4.831
2235.275,3.714
2235.300,5.945
2235.325,4.639
2235.350,3.373
2235.375,1.829
2235.400,6.931
2235.425,3.175
2235.450,3.300
2235.475,5.091
2235.500,5.456
2235.525,4.330
2235.550,3.343
2235.575,4.565
2235.600,4.886
2235.625,2.789
2235.650,3.335
2235.675,2.529
2235.700,5.797
2235.725,3.447
2235.750,3.610
2235.775,4.021
2235.800,3.429
2235.825,4.108
2235.850,3.614
2235.875,3.613
2235.900,3.462
2235.925,4.562
2235.950,3.663
2235.975,5.369
2236.000,5.001
2236.025,2.043
2236.050,3.800
2236.075,5.021
2236.100,3.783
2236.125,5.086
2236.150,4.335
2236.175,5.408
2236.200,2.433
2236.225,3.796
2236.250,4.999
2236.275,4.392
2236.300,2.355
2236.325,4.144
2236.350,6.553
2236.375,3.963
2236.400,4.285
2236.425,2.299
2236.450,4.572
2236.475,3.861
2236.500,2.705
2236.525,4.486
2236.550,4.638
2236.575,3.292
2236.600,4.425
2236.625,7.640
2236.650,4.301
2236.675,5.928
2236.700,3.839
2236.725,4.604
2236.750,4.091
2236.775,4.145
2236.800,3.968
2236.825,3.260
2236.850,6.169
2236.875,3.830
2236.900,3.133
2236.925,2.716
2236.950,5.247
2236.975,6.737
2237.000,5.231
2237.025,3.569
2237.050,3.720
2237.075,2.575
2237.100,3.265
2237.125,9.163
2237.150,2.305
2237.175,4.567
2237.200,4.143
2237.225,3.210
2237.250,4.115
2237.275,3.146
2237.300,3.245
2237.325,5.376
2237.350,3.875
2237.375,3.966
2237.400,3.229
2237.425,4.724
2237.450,3.303
2237.475,4.732
2237.500,5.237
2237.525,4.888
2237.550,3.106
2237.575,4.751
2237.600,3.219
2237.625,5.026
2237.650,8.509
2237.675,3.320
2237.700,3.885
2237.725,3.854
2237.750,2.999
2237.775,3.159
2237.800,4.983
2237.825,4.663
2237.850,6.139
2237.875,3.626
2237.900,4.581
2237.925,3.751
2237.950,7.607
2237.975,7.786
2238.000,2.893
2238.025,7.418
2238.050,4.888
2238.075,4.476
2238.100,3.870
2238.125,3.468
2238.150,3.640
2238.175,6.886
2238.200,6.577
2238.225,4.546
2238.250,5.239
2238.275,3.021
2238.300,4.643
2238.325,4.776
2238.350,2.319
2238.375,2.198
2238.400,3.157
2238.425,3.405
2238.450,7.087
2238.475,3.736
2238.500,4.748
2238.525,3.233
2238.550,2.945
2238.575,4.997
2238.600,3.105
2238.625,3.398
2238.650,2.871
2238.675,2.774
2238.700,2.903
2238.725,3.243
2238.750,5.161
2238.775,3.920
2238.800,4.028
2238.825,4.107
2238.850,4.097
2238.875,3.057
2238.900,3.151
2238.925,2.427
2238.950,8.384
2238.975,2.857
2239.000,4.000
2239.025,4.557
2239.050,3.423
2239.075,4.323
2239.100,2.903
2239.125,4.842
2239.150,4.052
2239.175,3.215
2239.200,2.948
2239.225,4.064
2239.250,4.764
2239.275,6.233
2239.300,2.993
2239.325,3.018
2239.350,5.791
2239.375,5.255
2239.400,2.712
2239.425,5.393
2239.450,5.195
2239.475,4.309
2239.500,5.495
2239.525,4.399
2239.550,5.714
2239.575,2.801
2239.600,2.652
2239.625,5.015
2239.650,3.610
2239.675,4.923
2239.700,4.041
2239.725,4.261
2239.750,4.228
2239.775,3.300
2239.800,7.054
2239.825,4.095
2239.850,2.660
2239.875,1.703
2239.900,6.338
2239.925,4.753
2239.950,4.629
2239.975,4.322
2240.000,5.843
2240.025,3.989
2240.050,4.326
2240.075,4.532
2240.100,4.819
2240.125,3.716
2240.150,4.830
2240.175,3.554
2240.200,3.231
2240.225,6.826
2240.250,7.115
2240.275,3.772
2240.300,2.559
2240.325,4.518
2240.350,3.214
2240.375,2.734
2240.400,3.548
2240.425,1.810
2240.450,6.081
2240.475,3.025
2240.500,6.989
2240.525,5.573
2240.550,4.465
2240.575,3.598
2240.600,5.514
2240.625,3.576
2240.650,5.730
2240.675,2.869
2240.700,4.896
2240.725,4.007
2240.750,2.346
2240.775,5.138
2240.800,4.203
2240.825,3.948
2240.850,4.774
2240.875,3.287
2240.900,3.840
2240.925,3.931
2240.950,5.718
2240.975,7.221
2241.000,3.100
2241.025,1.729
2241.050,6.386
2241.075,4.097
2241.100,7.493
2241.125,5.173
2241.150,5.457
2241.175,3.886
2241.200,6.420
2241.225,6.759
2241.250,4.379
2241.275,7.059
2241.300,6.549
2241.325,4.495
2241.350,2.669
2241.375,4.478
2241.400,4.859
2241.425,4.237
2241.450,5.483
2241.475,4.721
2241.500,5.351
2241.525,5.541
2241.550,5.246
2241.575,2.093
2241.600,5.657
2241.625,4.188
2241.650,2.610
2241.675,5.634
2241.700,3.081
2241.725,4.100
2241.750,3.899
2241.775,3.719
2241.800,5.839
2241.825,2.871
2241.850,3.613
2241.875,7.869
2241.900,3.753
2241.925,3.658
2241.950,4.353
2241.975,3.486
2242.000,3.016
2242.025,5.163
2242.050,6.388
2242.075,5.713
2242.100,3.752
2242.125,6.074
2242.150,3.740
2242.175,3.787
2242.200,1.844
2242.225,4.482
2242.250,5.625
2242.275,5.173
2242.300,4.428
2242.325,5.040
2242.350,3.379
2242.375,4.735
2242.400,4.409
2242.425,5.185
2242.450,3.783
2242.475,3.083
2242.500,3.202
2242.525,4.671
2242.550,6.297
2242.575,3.846
2242.600,3.564
2242.625,6.209
2242.650,4.011
2242.675,6.395
2242.700,3.795
2242.725,4.797
2242.750,2.928
2242.775,3.425
2242.800,3.503
2242.825,3.497
2242.850,7.687
2242.875,2.521
2242.900,4.934
2242.925,1.996
2242.950,6.191
2242.975,6.424
2243.000,3.044
2243.025,4.215
2243.050,5.089
2243.075,5.625
2243.100,4.893
2243.125,3.738
2243.150,5.617
2243.175,3.475
2243.200,3.854
2243.225,3.035
2243.250,4.731
2243.275,3.466
2243.300,2.884
2243.325,3.924
2243.350,4.263
2243.375,4.560
2243.400,4.492
2243.425,4.520
2243.450,4.949
2243.475,3.777
2243.500,6.800
2243.525,6.265
2243.550,3.096
2243.575,3.441
2243.600,5.756
2243.625,3.880
2243.650,4.845
2243.675,3.513
2243.700,4.140
2243.725,5.185
2243.750,2.903
2243.775,3.466
2243.800,3.126
2243.825,3.246
2243.850,2.682
2243.875,5.277
2243.900,6.056
2243.925,3.586
2243.950,3.731
2243.975,2.790
2244.000,3.492
2244.025,6.102
2244.050,5.528
2244.075,3.307
2244.100,4.847
2244.125,7.593
2244.150,4.788
2244.175,7.770
2244.200,3.592
2244.225,3.940
2244.250,5.038
2244.275,2.794
2244.300,3.532
2244.325,4.681
2244.350,4.782
2244.375,4.062
2244.400,3.399
2244.425,4.518
2244.450,6.262
2244.475,4.206
2244.500,3.844
2244.525,2.474
2244.550,3.036
2244.575,5.513
2244.600,3.177
2244.625,7.401
2244.650,4.562
2244.675,3.906
2244.700,3.877
2244.725,4.105
2244.750,5.021
2244.775,4.292
2244.800,4.918
2244.825,4.902
2244.850,4.402
2244.875,4.447
2244.900,3.045
2244.925,3.487
2244.950,7.500
2244.975,2.593
2245.000,4.682
2245.025,3.480
2245.050,2.590
2245.075,2.181
2245.100,4.667
2245.125,4.236
2245.150,5.375
2245.175,3.673
2245.200,7.778
2245.225,4.178
2245.250,3.783
2245.275,3.550
2245.300,6.697
2245.325,5.264
2245.350,3.308
2245.375,5.594
2245.400,5.624
2245.425,1.933
2245.450,3.938
2245.475,4.564
2245.500,4.466
2245.525,2.327
2245.550,6.022
2245.575,4.521
2245.600,3.307
2245.625,2.769
2245.650,5.051
2245.675,4.593
2245.700,3.728
2245.725,4.816
2245.750,3.393
2245.775,5.653
2245.800,2.942
2245.825,4.423
2245.850,2.924
2245.875,6.260
2245.900,2.956
2245.925,5.721
2245.950,4.012
2245.975,5.561
2246.000,5.359
2246.025,5.011
2246.050,4.100
2246.075,3.869
2246.100,6.770
2246.125,4.821
2246.150,3.329
2246.175,2.874
2246.200,4.851
2246.225,2.859
2246.250,3.335
2246.275,4.794
2246.300,4.183
2246.325,3.335
2246.350,3.881
2246.375,5.965
2246.400,4.458
2246.425,1.529
2246.450,3.181
2246.475,3.706
2246.500,3.217
2246.525,3.718
2246.550,3.088
2246.575,5.794
2246.600,1.065
2246.625,1.595
2246.650,2.693
2246.675,4.689
2246.700,3.312
2246.725,3.776
2246.750,6.130
2246.775,5.382
2246.800,2.708
2246.825,4.879
2246.850,3.414
2246.875,3.416
2246.900,3.219
2246.925,5.285
2246.950,4.104
2246.975,4.313
2247.000,3.845
2247.025,5.204
2247.050,4.762
2247.075,7.237
2247.100,2.081
2247.125,3.935
2247.150,4.206
2247.175,5.519
2247.200,6.664
2247.225,4.272
2247.250,4.660
2247.275,4.722
2247.300,2.520
2247.325,1.766
2247.350,1.624
2247.375,4.300
2247.400,5.558
2247.425,5.719
2247.450,4.977
2247.475,4.729
2247.500,3.072
2247.525,3.329
2247.550,3.564
2247.575,2.139
2247.600,3.319
2247.625,4.090
2247.650,3.585
2247.675,4.372
2247.700,3.982
2247.725,4.120
2247.750,3.809
2247.775,2.437
2247.800,3.470
2247.825,3.436
2247.850,4.241
2247.875,4.463
2247.900,4.211
2247.925,3.233
2247.950,3.407
2247.975,3.720
2248.000,4.996
2248.025,4.190
2248.050,5.617
2248.075,5.936
2248.100,3.255
2248.125,4.185
2248.150,4.229
2248.175,3.880
2248.200,1.959
2248.225,4.122
2248.250,3.509
2248.275,6.106
2248.300,3.448
2248.325,5.131
2248.350,3.941
2248.375,3.597
2248.400,3.459
2248.425,4.321
2248.450,4.088
2248.475,2.010
2248.500,4.552
2248.525,5.474
2248.550,4.758
2248.575,5.702
2248.600,2.975
2248.625,4.320
2248.650,2.921
2248.675,2.116
2248.700,5.272
2248.725,3.859
2248.750,5.059
2248.775,3.625
2248.800,6.973
2248.825,4.595
2248.850,3.498
2248.875,6.106
2248.900,3.326
2248.925,3.948
2248.950,4.504
2248.975,3.253
2249.000,3.206
2249.025,4.005
2249.050,4.545
2249.075,2.911
2249.100,5.892
2249.125,4.847
2249.150,3.776
2249.175,2.704
2249.200,3.605
2249.225,3.272
2249.250,4.728
2249.275,7.436
2249.300,2.311
2249.325,2.388
2249.350,2.295
2249.375,5.450
2249.400,4.664
2249.425,4.751
2249.450,4.520
2249.475,4.051
2249.500,5.454
2249.525,3.620
2249.550,4.468
2249.575,3.948
2249.600,3.948
2249.625,1.970
2249.650,4.046
2249.675,1.317
2249.700,6.740
2249.725,3.603
2249.750,5.339
2249.775,3.692
2249.800,5.355
2249.825,3.561
2249.850,4.474
2249.875,5.042
2249.900,2.154
2249.925,3.966
2249.950,4.830
2249.975,3.900
2250.000,4.151
2250.025,4.067
2250.050,4.173
2250.075,4.942
2250.100,5.445
2250.125,7.233
2250.150,4.542
2250.175,3.784
2250.200,6.526
2250.225,3.667
2250.250,3.248
2250.275,2.032
2250.300,6.466
2250.325,3.759
2250.350,3.902
2250.375,5.483
2250.400,5.553
2250.425,5.120
2250.450,3.277
2250.475,3.100
2250.500,5.042
2250.525,2.471
2250.550,3.343
2250.575,5.008
2250.600,5.978
2250.625,3.393
2250.650,5.282
2250.675,5.329
2250.700,5.619
2250.725,3.179
2250.750,6.930
2250.775,6.379
2250.800,3.504
2250.825,2.561
2250.850,4.031
2250.875,1.777
2250.900,2.135
2250.925,3.052
2250.950,5.226
2250.975,2.305
2251.000,4.057
2251.025,3.256
2251.050,3.018
2251.075,4.542
2251.100,5.478
2251.125,5.301
2251.150,5.896
2251.175,2.814
2251.200,3.977
2251.225,3.590
2251.250,2.649
2251.275,6.386
2251.300,4.216
2251.325,4.128
2251.350,4.819
2251.375,4.178
2251.400,7.083
2251.425,4.121
2251.450,5.272
2251.475,7.076
2251.500,4.046
2251.525,4.962
2251.550,3.817
2251.575,4.973
2251.600,3.258
2251.625,4.631
2251.650,2.010
2251.675,5.465
2251.700,3.142
2251.725,3.954
2251.750,3.881
2251.775,2.978
2251.800,3.412
2251.825,2.835
2251.850,5.736
2251.875,2.313
2251.900,6.059
2251.925,5.715
2251.950,2.707
2251.975,4.343
2252.000,4.120
2252.025,3.014
2252.050,5.684
2252.075,6.114
2252.100,2.818
2252.125,4.599
2252.150,6.107
2252.175,4.607
2252.200,3.672
2252.225,4.758
2252.250,3.613
2252.275,3.701
2252.300,4.399
2252.325,5.729
2252.350,5.404
2252.375,4.667
2252.400,5.092
2252.425,6.271
2252.450,4.662
2252.475,4.453
2252.500,3.621
2252.525,6.350
2252.550,3.544
2252.575,4.686
2252.600,4.901
2252.625,4.479
2252.650,4.507
2252.675,3.589
2252.700,4.005
2252.725,4.084
2252.750,3.294
2252.775,5.234
2252.800,4.909
2252.825,4.080
2252.850,4.699
2252.875,5.690
2252.900,7.220
2252.925,1.457
2252.950,6.591
2252.975,3.507
2253.000,5.816
2253.025,2.483
2253.050,4.710
2253.075,5.817
2253.100,3.535
2253.125,2.959
2253.150,5.421
2253.175,4.281
2253.200,4.518
2253.225,4.124
2253.250,4.891
2253.275,3.400
2253.300,3.165
2253.325,4.551
2253.350,6.470
2253.375,2.025
2253.400,3.712
2253.425,4.144
2253.450,3.248
2253.475,5.037
2253.500,4.137
2253.525,5.503
2253.550,4.979
2253.575,4.774
2253.600,3.753
2253.625,3.164
2253.650,5.709
2253.675,5.133
2253.700,8.403
2253.725,6.701
2253.750,4.962
2253.775,2.700
2253.800,2.545
2253.825,4.237
2253.850,4.927
2253.875,4.268
2253.900,3.122
2253.925,2.861
2253.950,1.494
2253.975,5.341
2254.000,6.010
2254.025,5.273
2254.050,2.794
2254.075,4.100
2254.100,3.684
2254.125,3.767
2254.150,3.532
2254.175,6.264
2254.200,5.241
2254.225,5.191
2254.250,2.019
2254.275,3.172
2254.300,3.552
2254.325,5.145
2254.350,2.760
2254.375,4.956
2254.400,4.977
2254.425,5.892
2254.450,3.275
2254.475,5.643
2254.500,3.086
2254.525,2.138
2254.550,4.379
2254.575,4.514
2254.600,2.736
2254.625,2.609
2254.650,2.197
2254.675,5.117
2254.700,4.253
2254.725,3.237
2254.750,4.056
2254.775,1.840
2254.800,4.417
2254.825,5.155
2254.850,2.173
2254.875,2.496
2254.900,4.621
2254.925,4.917
2254.950,5.506
2254.975,5.206
2255.000,6.709
2255.025,4.191
2255.050,3.640
2255.075,4.038
2255.100,5.373
2255.125,3.567
2255.150,7.322
2255.175,4.427
2255.200,3.426
2255.225,2.569
2255.250,4.008
2255.275,6.001
2255.300,4.373
2255.325,5.641
2255.350,2.154
2255.375,4.831
2255.400,4.734
2255.425,2.067
2255.450,3.167
2255.475,2.302
2255.500,4.322
2255.525,5.331
2255.550,4.520
2255.575,4.466
2255.600,6.052
2255.625,3.740
2255.650,5.014
2255.675,5.306
2255.700,5.209
2255.725,5.400
2255.750,5.127
2255.775,6.334
2255.800,4.425
2255.825,4.109
2255.850,3.315
2255.875,5.785
2255.900,3.322
2255.925,5.951
2255.950,2.997
2255.975,2.666
2256.000,2.792
2256.025,9.132
2256.050,3.831
2256.075,2.911
2256.100,3.827
2256.125,6.175
2256.150,3.842
2256.175,4.907
2256.200,5.174
2256.225,4.547
2256.250,3.321
2256.275,4.913
2256.300,6.036
2256.325,4.132
2256.350,4.020
2256.375,4.668
2256.400,4.659
2256.425,3.710
2256.450,5.535
2256.475,2.969
2256.500,6.103
2256.525,4.697
2256.550,3.758
2256.575,3.539
2256.600,3.794
2256.625,2.960
2256.650,2.965
2256.675,4.122
2256.700,3.613
2256.725,1.940
2256.750,3.699
2256.775,2.482
2256.800,4.442
2256.825,5.561
2256.850,6.677
2256.875,3.696
2256.900,4.558
2256.925,4.670
2256.950,5.705
2256.975,2.259
2257.000,5.064
2257.025,4.952
2257.050,3.759
2257.075,3.229
2257.100,5.993
2257.125,6.143
2257.150,4.724
2257.175,5.955
2257.200,6.474
2257.225,4.758
2257.250,3.442
2257.275,2.662
2257.300,2.597
2257.325,2.188
2257.350,2.765
2257.375,3.636
2257.400,3.934
2257.425,5.106
2257.450,5.036
2257.475,5.134
2257.500,5.665
2257.525,3.886
2257.550,5.659
2257.575,3.248
2257.600,5.386
2257.625,3.790
2257.650,5.378
2257.675,5.238
2257.700,3.414
2257.725,6.872
2257.750,5.802
2257.775,3.786
2257.800,5.289
2257.825,5.238
2257.850,3.530
2257.875,3.663
2257.900,4.844
2257.925,4.524
2257.950,1.620
2257.975,2.243
2258.000,5.402
2258.025,4.578
2258.050,4.128
2258.075,7.079
2258.100,3.646
2258.125,2.772
2258.150,4.707
2258.175,4.356
2258.200,6.601
2258.225,3.520
2258.250,5.057
2258.275,5.211
2258.300,5.463
2258.325,3.503
2258.350,3.613
2258.375,5.209
2258.400,2.200
2258.425,5.215
2258.450,5.827
2258.475,5.050
2258.500,6.405
2258.525,4.931
2258.550,3.056
2258.575,3.486
2258.600,5.615
2258.625,4.498
2258.650,4.989
2258.675,6.401
2258.700,5.952
2258.725,2.396
2258.750,6.161
2258.775,5.567
2258.800,4.166
2258.825,3.513
2258.850,5.921
2258.875,2.843
2258.900,2.895
2258.925,3.293
2258.950,5.984
2258.975,4.215
2259.000,4.684
2259.025,4.339
2259.050,2.818
2259.075,5.209
2259.100,3.232
2259.125,4.093
2259.150,5.480
2259.175,3.634
2259.200,3.742
2259.225,6.363
2259.250,5.839
2259.275,2.694
2259.300,7.956
2259.325,3.401
2259.350,3.262
2259.375,5.778
2259.400,2.447
2259.425,4.333
2259.450,2.570
2259.475,5.052
2259.500,3.535
2259.525,4.050
2259.550,3.780
2259.575,5.386
2259.600,4.824
2259.625,4.265
2259.650,5.053
2259.675,3.133
2259.700,3.837
2259.725,6.299
2259.750,2.663
2259.775,5.421
2259.800,4.691
2259.825,5.042
2259.850,7.443
2259.875,2.391
2259.900,4.053
2259.925,5.249
2259.950,2.743
2259.975,6.588
2260.000,2.487
2260.025,5.352
2260.050,6.444
2260.075,5.241
2260.100,3.890
2260.125,4.472
2260.150,4.051
2260.175,4.144
2260.200,3.138
2260.225,5.712
2260.250,5.551
2260.275,5.167
2260.300,5.062
2260.325,3.515
2260.350,6.626
2260.375,4.822
2260.400,3.201
2260.425,6.165
2260.450,4.065
2260.475,2.707
2260.500,3.566
2260.525,4.928
2260.550,4.186
2260.575,7.292
2260.600,6.659
2260.625,4.919
2260.650,4.805
2260.675,4.272
2260.700,6.652
2260.725,5.019
2260.750,3.551
2260.775,3.882
2260.800,4.788
2260.825,5.509
2260.850,5.169
2260.875,3.452
2260.900,2.916
2260.925,6.084
2260.950,5.814
2260.975,3.681
2261.000,2.877
2261.025,3.861
2261.050,4.648
2261.075,5.323
2261.100,9.074
2261.125,5.042
2261.150,4.225
2261.175,9.118
2261.200,3.708
2261.225,2.994
2261.250,5.657
2261.275,1.767
2261.300,5.658
2261.325,5.887
2261.350,3.358
2261.375,5.633
2261.400,4.445
2261.425,5.065
2261.450,4.650
2261.475,1.777
2261.500,6.708
2261.525,5.424
2261.550,3.956
2261.575,3.931
2261.600,4.423
2261.625,3.595
2261.650,5.143
2261.675,3.040
2261.700,2.962
2261.725,3.636
2261.750,5.338
2261.775,3.697
2261.800,4.604
2261.825,3.388
2261.850,4.844
2261.875,5.184
2261.900,3.961
2261.925,4.077
2261.950,4.076
2261.975,5.408
2262.000,3.347
2262.025,4.027
2262.050,3.048
2262.075,5.879
2262.100,4.827
2262.125,3.468
2262.150,4.647
2262.175,4.212
2262.200,4.073
2262.225,3.357
2262.250,5.237
2262.275,4.882
2262.300,3.922
2262.325,4.907
2262.350,3.702
2262.375,5.615
2262.400,3.024
2262.425,2.517
2262.450,3.597
2262.475,4.796
2262.500,4.696
2262.525,3.390
2262.550,2.937
2262.575,3.503
2262.600,6.295
2262.625,6.198
2262.650,1.146
2262.675,5.731
2262.700,4.479
2262.725,4.292
2262.750,4.758
2262.775,3.869
2262.800,3.839
2262.825,4.473
2262.850,4.076
2262.875,3.086
2262.900,2.500
2262.925,4.358
2262.950,3.897
2262.975,6.177
2263.000,2.032
2263.025,4.065
2263.050,5.854
2263.075,4.295
2263.100,2.906
2263.125,3.283
2263.150,5.182
2263.175,1.920
2263.200,4.570
2263.225,5.330
2263.250,1.200
2263.275,5.061
2263.300,4.941
2263.325,4.903
2263.350,3.996
2263.375,3.210
2263.400,2.497
2263.425,3.697
2263.450,4.617
2263.475,4.277
2263.500,2.850
2263.525,9.123
2263.550,4.500
2263.575,2.225
2263.600,6.595
2263.625,4.934
2263.650,7.564
2263.675,7.361
2263.700,7.242
2263.725,2.606
2263.750,2.421
2263.775,4.041
2263.800,4.145
2263.825,2.969
2263.850,3.713
2263.875,2.352
2263.900,4.121
2263.925,2.989
2263.950,5.644
2263.975,5.775
2264.000,3.907
2264.025,4.399
2264.050,5.077
2264.075,2.470
2264.100,2.642
2264.125,3.832
2264.150,2.810
2264.175,3.757
2264.200,5.495
2264.225,4.706
2264.250,5.530
2264.275,3.473
2264.300,4.143
2264.325,5.403
2264.350,2.406
2264.375,4.755
2264.400,3.179
2264.425,5.047
2264.450,2.851
2264.475,5.882
2264.500,3.254
2264.525,2.562
2264.550,4.599
2264.575,7.133
2264.600,3.562
2264.625,4.584
2264.650,4.275
2264.675,4.911
2264.700,5.743
2264.725,6.804
2264.750,1.013
2264.775,4.513
2264.800,5.683
2264.825,4.106
2264.850,4.194
2264.875,2.162
2264.900,4.545
2264.925,7.402
2264.950,7.129
2264.975,4.063
2265.000,5.751
2265.025,4.391
2265.050,3.091
2265.075,4.933
2265.100,3.777
2265.125,3.171
2265.150,5.781
2265.175,6.098
2265.200,4.614
2265.225,4.785
2265.250,4.380
2265.275,6.108
2265.300,5.068
2265.325,3.776
2265.350,3.225
2265.375,3.239
2265.400,1.400
2265.425,5.979
2265.450,6.830
2265.475,4.554
2265.500,4.862
2265.525,5.903
2265.550,4.098
2265.575,3.999
2265.600,2.835
2265.625,2.370
2265.650,2.747
2265.675,5.526
2265.700,2.741
2265.725,3.660
2265.750,3.542
2265.775,4.214
2265.800,4.860
2265.825,4.858
2265.850,3.513
2265.875,2.565
2265.900,5.027
2265.925,2.416
2265.950,4.087
2265.975,3.786
2266.000,5.222
2266.025,4.634
2266.050,4.870
2266.075,6.163
2266.100,3.537
2266.125,3.028
2266.150,2.919
2266.175,4.566
2266.200,1.651
2266.225,5.749
2266.250,1.965
2266.275,3.227
2266.300,6.733
2266.325,2.930
2266.350,4.147
2266.375,4.511
2266.400,5.427
2266.425,2.768
2266.450,4.458
2266.475,6.533
2266.500,3.570
2266.525,3.022
2266.550,2.931
2266.575,5.339
2266.600,5.294
2266.625,2.702
2266.650,3.326
2266.675,3.813
2266.700,6.699
2266.725,4.743
2266.750,2.633
2266.775,3.604
2266.800,5.695
2266.825,7.006
2266.850,5.112
2266.875,5.731
2266.900,4.396
2266.925,2.739
2266.950,3.423
2266.975,2.021
2267.000,3.926
2267.025,4.635
2267.050,6.672
2267.075,6.473
2267.100,3.203
2267.125,4.114
2267.150,4.189
2267.175,2.174
2267.200,3.975
2267.225,3.775
2267.250,1.572
2267.275,5.229
2267.300,2.369
2267.325,3.790
2267.350,4.054
2267.375,4.476
2267.400,6.555
2267.425,2.884
2267.450,5.927
2267.475,3.142
2267.500,2.319
2267.525,4.749
2267.550,3.690
2267.575,3.565
2267.600,4.767
2267.625,4.011
2267.650,2.639
2267.675,5.221
2267.700,4.183
2267.725,5.272
2267.750,4.341
2267.775,2.441
2267.800,5.512
2267.825,1.916
2267.850,3.813
2267.875,3.770
2267.900,3.321
2267.925,4.772
2267.950,3.895
2267.975,3.544
2268.000,2.630
2268.025,4.433
2268.050,3.894
2268.075,6.448
2268.100,4.476
2268.125,4.413
2268.150,4.249
2268.175,4.615
2268.200,6.401
2268.225,4.589
2268.250,5.575
2268.275,4.889
2268.300,4.711
2268.325,4.904
2268.350,6.119
2268.375,4.578
2268.400,5.902
2268.425,5.188
2268.450,4.675
2268.475,4.114
2268.500,2.921
2268.525,3.465
2268.550,4.721
2268.575,3.626
2268.600,6.191
2268.625,3.873
2268.650,4.781
2268.675,2.770
2268.700,5.927
2268.725,2.939
2268.750,6.836
2268.775,5.063
2268.800,4.603
2268.825,5.533
2268.850,5.292
2268.875,5.562
2268.900,1.987
2268.925,5.664
2268.950,7.076
2268.975,3.973
2269.000,6.169
2269.025,6.043
2269.050,3.976
2269.075,2.086
2269.100,2.785
2269.125,5.706
2269.150,5.097
2269.175,4.312
2269.200,3.139
2269.225,5.831
2269.250,4.717
2269.275,3.571
2269.300,5.071
2269.325,3.590
2269.350,2.524
2269.375,2.830
2269.400,6.226
2269.425,2.454
2269.450,3.422
2269.475,3.360
2269.500,3.353
2269.525,4.924
2269.550,3.410
2269.575,3.043
2269.600,4.684
2269.625,5.619
2269.650,4.905
2269.675,6.493
2269.700,3.660
2269.725,3.606
2269.750,3.485
2269.775,4.605
2269.800,3.839
2269.825,2.382
2269.850,5.322
2269.875,5.154
2269.900,3.313
2269.925,4.344
2269.950,5.182
2269.975,5.747
2270.000,4.711
2270.025,3.345
2270.050,5.029
2270.075,3.706
2270.100,3.619
2270.125,4.023
2270.150,5.232
2270.175,4.506
2270.200,5.045
2270.225,4.799
2270.250,5.097
2270.275,3.662
2270.300,4.537
2270.325,4.014
2270.350,3.849
2270.375,4.676
2270.400,4.960
2270.425,4.511
2270.450,5.539
2270.475,5.464
2270.500,3.305
2270.525,3.627
2270.550,6.056
2270.575,3.598
2270.600,2.861
2270.625,4.313
2270.650,4.875
2270.675,4.633
2270.700,5.748
2270.725,4.675
2270.750,4.623
2270.775,5.106
2270.800,4.445
2270.825,3.514
2270.850,4.623
2270.875,1.482
2270.900,5.678
2270.925,2.785
2270.950,4.610
2270.975,4.282
2271.000,4.690
2271.025,3.039
2271.050,5.468
2271.075,3.977
2271.100,3.608
2271.125,4.709
2271.150,4.061
2271.175,6.364
2271.200,3.854
2271.225,3.310
2271.250,5.812
2271.275,3.778
2271.300,5.741
2271.325,2.586
2271.350,6.605
2271.375,1.695
2271.400,3.340
2271.425,2.185
2271.450,5.063
2271.475,4.952
2271.500,6.453
2271.525,4.706
2271.550,3.561
2271.575,3.376
2271.600,6.093
2271.625,3.113
2271.650,4.602
2271.675,2.958
2271.700,3.145
2271.725,4.943
2271.750,1.931
2271.775,2.528
2271.800,4.944
2271.825,5.333
2271.850,2.100
2271.875,3.860
2271.900,5.782
2271.925,4.736
2271.950,4.845
2271.975,6.342
2272.000,4.847
2272.025,6.381
2272.050,3.684
2272.075,3.245
2272.100,4.337
2272.125,3.645
2272.150,3.797
2272.175,3.982
2272.200,4.950
2272.225,3.049
2272.250,3.018
2272.275,4.909
2272.300,2.185
2272.325,3.313
2272.350,3.392
2272.375,5.216
2272.400,3.455
2272.425,4.931
2272.450,4.224
2272.475,3.053
2272.500,2.040
2272.525,6.240
2272.550,2.931
2272.575,4.522
2272.600,4.615
2272.625,2.604
2272.650,2.433
2272.675,5.904
2272.700,2.265
2272.725,4.408
2272.750,5.057
2272.775,3.838
2272.800,1.547
2272.825,3.977
2272.850,5.416
2272.875,6.103
2272.900,4.148
2272.925,3.338
2272.950,3.631
2272.975,5.505
2273.000,2.874
2273.025,3.259
2273.050,4.755
2273.075,4.320
2273.100,6.880
2273.125,2.783
2273.150,5.545
2273.175,3.692
2273.200,5.121
2273.225,5.514
2273.250,3.632
2273.275,6.224
2273.300,6.125
2273.325,2.057
2273.350,4.198
2273.375,4.458
2273.400,5.966
2273.425,5.085
2273.450,6.146
2273.475,5.085
2273.500,3.348
2273.525,5.752
2273.550,2.512
2273.575,3.479
2273.600,3.122
2273.625,4.360
2273.650,1.472
2273.675,2.076
2273.700,6.398
2273.725,4.925
2273.750,2.791
2273.775,4.246
2273.800,3.880
2273.825,2.000
2273.850,1.458
2273.875,5.834
2273.900,2.735
2273.925,4.617
2273.950,2.669
2273.975,4.218
2274.000,5.581
2274.025,4.003
2274.050,4.108
2274.075,6.026
2274.100,4.586
2274.125,3.406
2274.150,2.307
2274.175,2.821
2274.200,1.790
2274.225,4.231
2274.250,4.724
2274.275,3.205
2274.300,2.130
2274.325,5.171
2274.350,1.987
2274.375,4.409
2274.400,4.830
2274.425,8.810
2274.450,5.526
2274.475,4.598
2274.500,3.900
2274.525,5.225
2274.550,4.238
2274.575,3.614
2274.600,4.095
2274.625,5.125
2274.650,3.746
2274.675,3.309
2274.700,3.390
2274.725,2.595
2274.750,2.995
2274.775,2.390
2274.800,5.295
2274.825,3.153
2274.850,4.974
2274.875,6.537
2274.900,4.064
2274.925,5.446
2274.950,5.050
2274.975,3.028
2275.000,4.922
2275.025,4.101
2275.050,2.688
2275.075,4.289
2275.100,4.061
2275.125,3.309
2275.150,3.727
2275.175,4.241
2275.200,7.042
2275.225,3.013
2275.250,4.624
2275.275,1.811
2275.300,5.282
2275.325,5.715
2275.350,3.943
2275.375,3.233
2275.400,2.266
2275.425,5.441
2275.450,4.286
2275.475,3.454
2275.500,2.723
2275.525,3.530
2275.550,5.733
2275.575,5.345
2275.600,5.015
2275.625,3.354
2275.650,2.215
2275.675,4.196
2275.700,5.771
2275.725,5.308
2275.750,5.031
2275.775,5.180
2275.800,6.352
2275.825,5.441
2275.850,4.606
2275.875,5.356
2275.900,2.997
2275.925,2.878
2275.950,3.537
2275.975,2.862
2276.000,6.666
2276.025,3.838
2276.050,4.707
2276.075,3.995
2276.100,3.673
2276.125,6.429
2276.150,2.795
2276.175,3.267
2276.200,2.565
2276.225,4.923
2276.250,3.544
2276.275,4.947
2276.300,3.437
2276.325,5.034
2276.350,4.830
2276.375,3.020
2276.400,4.081
2276.425,3.297
2276.450,5.098
2276.475,4.722
2276.500,4.621
2276.525,2.572
2276.550,7.918
2276.575,5.123
2276.600,4.995
2276.625,4.352
2276.650,4.221
2276.675,4.728
2276.700,4.774
2276.725,3.436
2276.750,3.767
2276.775,2.526
2276.800,5.084
2276.825,2.160
2276.850,4.462
2276.875,5.807
2276.900,4.345
2276.925,5.019
2276.950,5.335
2276.975,6.910
2277.000,5.161
2277.025,4.608
2277.050,6.236
2277.075,8.250
2277.100,4.941
2277.125,4.405
2277.150,7.649
2277.175,4.096
2277.200,5.268
2277.225,4.887
2277.250,2.813
2277.275,1.955
2277.300,4.941
2277.325,4.431
2277.350,4.147
2277.375,2.670
2277.400,3.847
2277.425,5.395
2277.450,4.252
2277.475,2.393
2277.500,4.278
2277.525,2.738
2277.550,2.310
2277.575,3.690
2277.600,5.043
2277.625,1.760
2277.650,4.032
2277.675,5.151
2277.700,4.221
2277.725,4.611
2277.750,4.964
2277.775,3.873
2277.800,5.606
2277.825,2.181
2277.850,4.941
2277.875,7.352
2277.900,4.749
2277.925,2.500
2277.950,3.435
2277.975,4.723
2278.000,3.678
2278.025,4.724
2278.050,4.073
2278.075,4.032
2278.100,4.366
2278.125,4.006
2278.150,4.979
2278.175,3.721
2278.200,5.363
2278.225,4.764
2278.250,3.233
2278.275,2.937
2278.300,3.666
2278.325,5.859
2278.350,4.455
2278.375,3.529
2278.400,8.002
2278.425,3.579
2278.450,2.687
2278.475,4.525
2278.500,3.392
2278.525,9.625
2278.550,2.095
2278.575,6.953
2278.600,6.211
2278.625,3.918
2278.650,5.159
2278.675,4.092
2278.700,3.779
2278.725,2.853
2278.750,1.969
2278.775,4.559
2278.800,6.844
2278.825,7.246
2278.850,5.001
2278.875,4.242
2278.900,2.779
2278.925,5.005
2278.950,4.349
2278.975,3.194
2279.000,4.274
2279.025,4.151
2279.050,4.350
2279.075,3.144
2279.100,4.082
2279.125,1.656
2279.150,3.901
2279.175,3.241
2279.200,4.559
2279.225,5.169
2279.250,5.617
2279.275,4.868
2279.300,3.195
2279.325,2.290
2279.350,5.713
2279.375,4.162
2279.400,2.985
2279.425,6.711
2279.450,5.544
2279.475,2.375
2279.500,5.042
2279.525,4.086
2279.550,2.345
2279.575,3.545
2279.600,5.118
2279.625,4.595
2279.650,3.569
2279.675,3.606
2279.700,6.823
2279.725,4.737
2279.750,4.279
2279.775,4.878
2279.800,3.219
2279.825,4.106
2279.850,6.616
2279.875,4.049
2279.900,5.188
2279.925,3.611
2279.950,6.317
2279.975,3.632
2280.000,6.182
2280.025,2.956
2280.050,4.416
2280.075,3.555
2280.100,4.753
2280.125,3.719
2280.150,4.480
2280.175,4.841
2280.200,2.753
2280.225,5.049
2280.250,4.757
2280.275,1.879
2280.300,3.369
2280.325,4.182
2280.350,5.202
2280.375,3.827
2280.400,5.840
2280.425,4.159
2280.450,5.097
2280.475,2.674
2280.500,4.979
2280.525,4.968
2280.550,4.829
2280.575,8.759
2280.600,4.847
2280.625,3.175
2280.650,4.937
2280.675,7.562
2280.700,5.698
2280.725,7.538
2280.750,4.755
2280.775,3.964
2280.800,1.974
2280.825,3.982
2280.850,4.193
2280.875,3.345
2280.900,2.749
2280.925,6.275
2280.950,4.363
2280.975,3.985
2281.000,4.981
2281.025,5.120
2281.050,6.396
2281.075,5.244
2281.100,5.348
2281.125,3.781
2281.150,2.782
2281.175,2.635
2281.200,6.781
2281.225,4.263
2281.250,4.839
2281.275,3.974
2281.300,5.306
2281.325,2.813
2281.350,3.143
2281.375,7.215
2281.400,4.293
2281.425,3.289
2281.450,3.045
2281.475,4.010
2281.500,2.892
2281.525,3.697
2281.550,3.396
2281.575,5.353
2281.600,2.447
2281.625,3.735
2281.650,1.698
2281.675,5.373
2281.700,5.017
2281.725,4.549
2281.750,1.707
2281.775,5.750
2281.800,5.439
2281.825,6.452
2281.850,3.720
2281.875,5.662
2281.900,6.781
2281.925,5.275
2281.950,4.683
2281.975,3.922
2282.000,3.879
2282.025,2.800
2282.050,3.168
2282.075,5.430
2282.100,4.926
2282.125,2.718
2282.150,4.186
2282.175,4.821
2282.200,4.385
2282.225,4.984
2282.250,4.882
2282.275,5.746
2282.300,4.938
2282.325,4.973
2282.350,3.531
2282.375,6.316
2282.400,3.119
2282.425,5.421
2282.450,5.667
2282.475,5.983
2282.500,4.583
2282.525,1.931
2282.550,3.278
2282.575,4.752
2282.600,4.245
2282.625,3.832
2282.650,2.771
2282.675,7.478
2282.700,5.063
2282.725,3.718
2282.750,4.389
2282.775,4.612
2282.800,3.234
2282.825,2.897
2282.850,2.192
2282.875,3.998
2282.900,3.205
2282.925,4.274
2282.950,5.275
2282.975,4.661
2283.000,4.799
2283.025,4.903
2283.050,3.221
2283.075,3.080
2283.100,2.874
2283.125,6.673
2283.150,6.254
2283.175,4.847
2283.200,4.599
2283.225,6.651
2283.250,3.601
2283.275,6.719
2283.300,4.092
2283.325,2.227
2283.350,5.133
2283.375,3.037
2283.400,5.280
2283.425,3.662
2283.450,4.165
2283.475,6.886
2283.500,6.708
2283.525,3.414
2283.550,5.109
2283.575,5.462
2283.600,5.059
2283.625,3.238
2283.650,5.297
2283.675,3.138
2283.700,4.176
2283.725,5.000
2283.750,3.161
2283.775,6.262
2283.800,3.497
2283.825,6.429
2283.850,1.767
2283.875,1.866
2283.900,4.774
2283.925,4.819
2283.950,4.870
2283.975,3.772
2284.000,5.004
2284.025,3.112
2284.050,4.447
2284.075,5.263
2284.100,5.010
2284.125,1.960
2284.150,4.697
2284.175,6.193
2284.200,3.089
2284.225,2.756
2284.250,5.177
2284.275,2.952
2284.300,2.618
2284.325,3.365
2284.350,4.418
2284.375,6.264
2284.400,5.301
2284.425,5.905
2284.450,2.385
2284.475,5.160
2284.500,4.357
2284.525,4.830
2284.550,3.667
2284.575,3.300
2284.600,4.910
2284.625,7.709
2284.650,5.419
2284.675,2.238
2284.700,4.007
2284.725,3.885
2284.750,3.527
2284.775,4.626
2284.800,2.364
2284.825,5.201
2284.850,3.868
2284.875,2.258
2284.900,3.032
2284.925,2.300
2284.950,6.757
2284.975,5.443
2285.000,4.691
2285.025,3.881
2285.050,7.242
2285.075,2.736
2285.100,4.724
2285.125,6.603
2285.150,1.484
2285.175,4.737
2285.200,2.731
2285.225,5.399
2285.250,3.770
2285.275,3.940
2285.300,4.634
2285.325,5.271
2285.350,1.818
2285.375,3.407
2285.400,5.354
2285.425,4.644
2285.450,4.603
2285.475,5.168
2285.500,6.123
2285.525,2.311
2285.550,2.021
2285.575,4.403
2285.600,3.205
2285.625,6.037
2285.650,4.430
2285.675,2.334
2285.700,4.076
2285.725,6.411
2285.750,1.131
2285.775,4.486
2285.800,2.761
2285.825,4.154
2285.850,3.576
2285.875,5.407
2285.900,2.785
2285.925,4.405
2285.950,2.619
2285.975,4.417
2286.000,4.234
2286.025,5.510
2286.050,3.459
2286.075,3.347
2286.100,1.832
2286.125,3.099
2286.150,3.349
2286.175,2.919
2286.200,3.223
2286.225,5.132
2286.250,2.474
2286.275,3.518
2286.300,3.917
2286.325,3.495
2286.350,4.544
2286.375,5.190
2286.400,2.384
2286.425,4.195
2286.450,3.152
2286.475,6.128
2286.500,8.322
2286.525,5.943
2286.550,4.623
2286.575,3.095
2286.600,4.556
2286.625,6.303
2286.650,6.145
2286.675,4.219
2286.700,3.500
2286.725,6.213
2286.750,6.802
2286.775,3.046
2286.800,6.226
2286.825,3.700
2286.850,5.353
2286.875,3.105
2286.900,4.882
2286.925,5.072
2286.950,3.642
2286.975,1.961
2287.000,4.468
2287.025,5.011
2287.050,4.694
2287.075,1.869
2287.100,5.444
2287.125,4.195
2287.150,1.163
2287.175,4.308
2287.200,2.354
2287.225,4.482
2287.250,5.770
2287.275,4.751
2287.300,5.522
2287.325,2.706
2287.350,3.239
2287.375,1.793
2287.400,5.553
2287.425,5.500
2287.450,3.809
2287.475,4.413
2287.500,5.885
2287.525,5.054
2287.550,5.470
2287.575,3.982
2287.600,3.776
2287.625,4.609
2287.650,5.966
2287.675,2.861
2287.700,4.271
2287.725,3.984
2287.750,4.451
2287.775,3.059
2287.800,3.462
2287.825,6.192
2287.850,3.696
2287.875,3.724
2287.900,1.720
2287.925,3.351
2287.950,5.691
2287.975,4.419
2288.000,4.142
2288.025,3.203
2288.050,2.337
2288.075,6.393
2288.100,4.553
2288.125,5.373
2288.150,3.811
2288.175,4.635
2288.200,4.222
2288.225,1.446
2288.250,5.035
2288.275,3.770
2288.300,6.897
2288.325,5.157
2288.350,4.587
2288.375,5.232
2288.400,4.457
2288.425,6.545
2288.450,5.849
2288.475,3.815
2288.500,5.890
2288.525,5.472
2288.550,7.767
2288.575,1.794
2288.600,4.817
2288.625,6.253
2288.650,3.908
2288.675,5.630
2288.700,2.474
2288.725,2.828
2288.750,3.246
2288.775,6.371
2288.800,3.464
2288.825,1.376
2288.850,4.679
2288.875,3.993
2288.900,2.883
2288.925,6.200
2288.950,3.425
2288.975,4.543
2289.000,4.110
2289.025,3.734
2289.050,5.282
2289.075,4.151
2289.100,4.098
2289.125,2.816
2289.150,6.199
2289.175,2.884
2289.200,4.886
2289.225,3.139
2289.250,3.684
2289.275,3.183
2289.300,2.472
2289.325,2.973
2289.350,8.275
2289.375,3.945
2289.400,4.171
2289.425,1.017
2289.450,4.879
2289.475,4.737
2289.500,6.041
2289.525,6.369
2289.550,6.689
2289.575,6.087
2289.600,4.576
2289.625,7.143
2289.650,2.232
2289.675,3.492
2289.700,4.268
2289.725,6.303
2289.750,4.947
2289.775,6.202
2289.800,4.434
2289.825,6.244
2289.850,3.463
2289.875,6.123
2289.900,4.988
2289.925,3.366
2289.950,4.506
2289.975,5.280
2290.000,2.913
2290.025,6.532
2290.050,2.425
2290.075,5.356
2290.100,5.868
2290.125,6.015
2290.150,4.008
2290.175,2.453
2290.200,3.982
2290.225,5.057
2290.250,5.261
2290.275,4.503
2290.300,2.140
2290.325,3.292
2290.350,2.537
2290.375,4.141
2290.400,2.652
2290.425,6.355
2290.450,3.686
2290.475,1.967
2290.500,7.109
2290.525,3.776
2290.550,3.491
2290.575,3.852
2290.600,4.913
2290.625,6.053
2290.650,5.788
2290.675,2.236
2290.700,4.169
2290.725,8.248
2290.750,6.500
2290.775,3.265
2290.800,3.741
2290.825,4.487
2290.850,2.781
2290.875,3.379
2290.900,3.524
2290.925,3.857
2290.950,4.054
2290.975,2.766
2291.000,2.537
2291.025,4.165
2291.050,9.000
2291.075,2.778
2291.100,4.475
2291.125,4.285
2291.150,3.583
2291.175,3.916
2291.200,4.645
2291.225,4.731
2291.250,6.129
2291.275,5.629
2291.300,4.111
2291.325,6.080
2291.350,5.551
2291.375,3.670
2291.400,2.555
2291.425,2.445
2291.450,6.080
2291.475,4.073
2291.500,1.145
2291.525,2.234
2291.550,2.381
2291.575,4.232
2291.600,3.645
2291.625,2.067
2291.650,8.094
2291.675,4.829
2291.700,2.617
2291.725,6.426
2291.750,5.908
2291.775,5.812
2291.800,5.446
2291.825,6.873
2291.850,3.561
2291.875,2.652
2291.900,3.154
2291.925,3.916
2291.950,3.438
2291.975,6.106
2292.000,5.003
2292.025,5.443
2292.050,3.343
2292.075,5.531
2292.100,5.982
2292.125,4.034
2292.150,2.527
2292.175,5.252
2292.200,3.704
2292.225,3.461
2292.250,6.620
2292.275,6.617
2292.300,5.455
2292.325,5.378
2292.350,4.453
2292.375,4.823
2292.400,5.117
2292.425,4.464
2292.450,5.764
2292.475,7.447
2292.500,4.597
2292.525,5.908
2292.550,5.834
2292.575,4.229
2292.600,3.970
2292.625,3.356
2292.650,5.297
2292.675,5.185
2292.700,3.583
2292.725,2.814
2292.750,6.073
2292.775,3.280
2292.800,4.365
2292.825,5.499
2292.850,3.514
2292.875,3.617
2292.900,4.178
2292.925,3.248
2292.950,5.632
2292.975,3.817
2293.000,1.443
2293.025,3.292
2293.050,2.531
2293.075,3.377
2293.100,4.444
2293.125,4.579
2293.150,3.094
2293.175,3.765
2293.200,5.228
2293.225,4.271
2293.250,3.166
2293.275,2.788
2293.300,4.924
2293.325,6.414
2293.350,3.542
2293.375,5.782
2293.400,2.984
2293.425,3.692
2293.450,3.718
2293.475,6.417
2293.500,1.699
2293.525,5.772
2293.550,5.356
2293.575,5.965
2293.600,4.466
2293.625,3.115
2293.650,6.903
2293.675,2.609
2293.700,3.035
2293.725,4.940
2293.750,5.609
2293.775,4.469
2293.800,5.010
2293.825,6.330
2293.850,6.997
2293.875,6.619
2293.900,3.870
2293.925,2.127
2293.950,4.348
2293.975,5.376
2294.000,5.661
2294.025,4.764
2294.050,6.447
2294.075,3.328
2294.100,6.726
2294.125,3.444
2294.150,5.223
2294.175,5.125
2294.200,6.186
2294.225,2.778
2294.250,3.551
2294.275,3.736
2294.300,4.605
2294.325,3.047
2294.350,4.013
2294.375,3.163
2294.400,4.714
2294.425,4.817
2294.450,4.871
2294.475,3.990
2294.500,5.858
2294.525,3.871
2294.550,6.084
2294.575,9.037
2294.600,4.235
2294.625,4.748
2294.650,5.677
2294.675,4.264
2294.700,6.421
2294.725,5.621
2294.750,3.754
2294.775,4.224
2294.800,1.358
2294.825,1.270
2294.850,3.540
2294.875,3.502
2294.900,2.896
2294.925,4.508
2294.950,5.858
2294.975,4.710
2295.000,5.225
2295.025,3.603
2295.050,4.359
2295.075,1.563
2295.100,5.622
2295.125,4.529
2295.150,3.729
2295.175,4.449
2295.200,5.803
2295.225,5.798
2295.250,3.607
2295.275,4.285
2295.300,3.429
2295.325,4.780
2295.350,2.377
2295.375,3.334
2295.400,3.643
2295.425,2.659
2295.450,2.393
2295.475,5.939
2295.500,5.205
2295.525,7.247
2295.550,4.365
2295.575,2.610
2295.600,3.075
2295.625,4.293
2295.650,4.086
2295.675,5.186
2295.700,2.473
2295.725,4.309
2295.750,2.582
2295.775,3.529
2295.800,2.597
2295.825,3.113
2295.850,7.329
2295.875,3.722
2295.900,4.130
2295.925,2.237
2295.950,5.694
2295.975,4.085
2296.000,4.593
2296.025,6.503
2296.050,3.375
2296.075,1.933
2296.100,4.359
2296.125,4.304
2296.150,5.242
2296.175,5.578
2296.200,4.821
2296.225,5.399
2296.250,3.900
2296.275,7.030
2296.300,5.958
2296.325,4.210
2296.350,3.766
2296.375,4.473
2296.400,2.615
2296.425,4.970
2296.450,4.856
2296.475,4.107
2296.500,5.090
2296.525,4.771
2296.550,2.388
2296.575,3.652
2296.600,5.576
2296.625,5.165
2296.650,2.790
2296.675,1.558
2296.700,2.126
2296.725,5.585
2296.750,3.693
2296.775,3.908
2296.800,7.808
2296.825,7.073
2296.850,5.133
2296.875,3.850
2296.900,4.043
2296.925,3.785
2296.950,4.807
2296.975,2.533
2297.000,3.519
2297.025,7.681
2297.050,3.830
2297.075,3.202
2297.100,5.856
2297.125,3.274
2297.150,5.929
2297.175,4.297
2297.200,2.320
2297.225,5.237
2297.250,1.518
2297.275,3.014
2297.300,3.980
2297.325,5.215
2297.350,4.665
2297.375,4.086
2297.400,9.292
2297.425,2.401
2297.450,5.019
2297.475,2.330
2297.500,2.968
2297.525,3.928
2297.550,5.609
2297.575,2.924
2297.600,5.188
2297.625,4.305
2297.650,6.353
2297.675,3.798
2297.700,4.548
2297.725,3.270
2297.750,3.499
2297.775,3.116
2297.800,5.802
2297.825,3.073
2297.850,3.562
2297.875,5.618
2297.900,3.332
2297.925,4.438
2297.950,3.561
2297.975,4.363
2298.000,4.114
2298.025,5.459
2298.050,4.920
2298.075,3.597
2298.100,6.377
2298.125,4.521
2298.150,4.098
2298.175,3.572
2298.200,3.382
2298.225,6.986
2298.250,4.615
2298.275,5.147
2298.300,4.361
2298.325,6.539
2298.350,8.636
2298.375,5.817
2298.400,4.955
2298.425,4.230
2298.450,5.332
2298.475,4.950
2298.500,3.365
2298.525,4.787
2298.550,3.113
2298.575,2.543
2298.600,4.135
2298.625,4.153
2298.650,2.144
2298.675,5.050
2298.700,4.126
2298.725,3.412
2298.750,5.858
2298.775,4.017
2298.800,5.788
2298.825,1.577
2298.850,7.282
2298.875,1.628
2298.900,5.497
2298.925,2.307
2298.950,4.380
2298.975,4.893
2299.000,4.666
2299.025,5.406
2299.050,5.015
2299.075,3.470
2299.100,3.722
2299.125,4.428
2299.150,3.573
2299.175,6.294
2299.200,4.200
2299.225,4.834
2299.250,2.263
2299.275,3.201
2299.300,2.724
2299.325,3.943
2299.350,2.679
2299.375,4.312
2299.400,3.480
2299.425,6.559
2299.450,3.957
2299.475,2.639
2299.500,3.912
2299.525,4.439
2299.550,3.665
2299.575,5.672
2299.600,3.214
2299.625,4.247
2299.650,4.238
2299.675,6.353
2299.700,7.054
2299.725,1.578
2299.750,5.127
2299.775,4.724
2299.800,3.560
2299.825,3.190
2299.850,4.349
2299.875,2.599
2299.900,2.595
2299.925,3.013
2299.950,4.457
2299.975,3.876
2300.000,5.131
2300.025,5.649
2300.050,5.594
2300.075,3.909
2300.100,4.736
2300.125,4.821
2300.150,6.230
2300.175,5.119
2300.200,6.330
2300.225,3.758
2300.250,3.190
2300.275,6.026
2300.300,7.204
2300.325,4.604
2300.350,3.038
2300.375,3.421
2300.400,2.800
2300.425,5.365
2300.450,3.068
2300.475,6.097
2300.500,3.217
2300.525,5.554
2300.550,4.928
2300.575,4.429
2300.600,2.051
2300.625,2.935
2300.650,4.229
2300.675,4.722
2300.700,2.698
2300.725,2.019
2300.750,6.301
2300.775,6.010
2300.800,3.629
2300.825,5.249
2300.850,4.363
2300.875,5.836
2300.900,3.639
2300.925,4.643
2300.950,6.374
2300.975,4.057
2301.000,4.526
2301.025,2.696
2301.050,4.841
2301.075,4.591
2301.100,4.956
2301.125,4.458
2301.150,5.535
2301.175,3.630
2301.200,4.319
2301.225,2.385
2301.250,5.622
2301.275,2.308
2301.300,4.271
2301.325,5.077
2301.350,5.607
2301.375,4.349
2301.400,2.987
2301.425,6.248
2301.450,4.956
2301.475,2.735
2301.500,2.981
2301.525,2.453
2301.550,4.752
2301.575,6.540
2301.600,5.111
2301.625,4.519
2301.650,2.894
2301.675,4.782
2301.700,3.190
2301.725,4.359
2301.750,3.225
2301.775,4.728
2301.800,2.647
2301.825,2.875
2301.850,4.826
2301.875,4.502
2301.900,4.593
2301.925,6.674
2301.950,2.858
2301.975,3.111
2302.000,5.704
2302.025,3.569
2302.050,3.294
2302.075,2.500
2302.100,4.430
2302.125,4.318
2302.150,2.919
2302.175,4.262
2302.200,5.405
2302.225,3.493
2302.250,5.344
2302.275,3.308
2302.300,8.184
2302.325,5.528
2302.350,6.286
2302.375,2.084
2302.400,5.098
2302.425,4.061
2302.450,3.555
2302.475,2.605
2302.500,3.805
2302.525,4.492
2302.550,4.057
2302.575,3.025
2302.600,4.245
2302.625,2.075
2302.650,3.418
2302.675,6.420
2302.700,2.799
2302.725,5.506
2302.750,5.139
2302.775,2.166
2302.800,6.367
2302.825,7.014
2302.850,3.953
2302.875,4.510
2302.900,3.195
2302.925,4.688
2302.950,3.766
2302.975,3.765
2303.000,4.832
2303.025,4.017
2303.050,4.447
2303.075,4.586
2303.100,2.844
2303.125,2.922
2303.150,3.719
2303.175,3.817
2303.200,4.906
2303.225,3.801
2303.250,3.985
2303.275,3.743
2303.300,1.270
2303.325,4.535
2303.350,2.411
2303.375,4.428
2303.400,3.767
2303.425,3.688
2303.450,3.275
2303.475,3.943
2303.500,8.672
2303.525,3.948
2303.550,5.913
2303.575,2.788
2303.600,5.705
2303.625,3.982
2303.650,4.010
2303.675,2.434
2303.700,6.311
2303.725,3.713
2303.750,3.796
2303.775,4.036
2303.800,4.753
2303.825,4.303
2303.850,2.201
2303.875,2.348
2303.900,2.489
2303.925,3.356
2303.950,2.930
2303.975,3.250
2304.000,5.228
2304.025,3.917
2304.050,6.623
2304.075,7.357
2304.100,4.655
2304.125,4.717
2304.150,4.259
2304.175,2.846
2304.200,2.300
2304.225,5.058
2304.250,5.124
2304.275,5.450
2304.300,2.211
2304.325,6.108
2304.350,3.623
2304.375,2.870
2304.400,2.949
2304.425,3.593
2304.450,2.724
2304.475,4.366
2304.500,3.086
2304.525,5.628
2304.550,3.573
2304.575,3.877
2304.600,4.805
2304.625,4.796
2304.650,4.754
2304.675,3.371
2304.700,2.395
2304.725,5.026
2304.750,3.465
2304.775,3.620
2304.800,2.683
2304.825,4.383
2304.850,4.443
2304.875,2.590
2304.900,7.213
2304.925,4.804
2304.950,8.930
2304.975,3.197
2305.000,3.640
2305.025,6.094
2305.050,6.721
2305.075,3.698
2305.100,4.222
2305.125,4.420
2305.150,4.615
2305.175,4.874
2305.200,1.757
2305.225,4.884
2305.250,5.129
2305.275,2.431
2305.300,3.594
2305.325,2.785
2305.350,6.531
2305.375,3.666
2305.400,3.823
2305.425,5.431
2305.450,4.147
2305.475,4.026
2305.500,2.779
2305.525,5.378
2305.550,3.965
2305.575,5.932
2305.600,2.909
2305.625,3.512
2305.650,4.200
2305.675,2.169
2305.700,4.100
2305.725,5.759
2305.750,5.541
2305.775,2.141
2305.800,6.511
2305.825,5.078
2305.850,4.559
2305.875,4.432
2305.900,3.121
2305.925,3.845
2305.950,3.761
2305.975,2.771
2306.000,3.918
2306.025,3.518
2306.050,7.695
2306.075,3.336
2306.100,4.480
2306.125,4.985
2306.150,4.445
2306.175,2.912
2306.200,3.969
2306.225,4.260
2306.250,2.942
2306.275,3.799
2306.300,5.427
2306.325,6.230
2306.350,5.360
2306.375,2.433
2306.400,4.170
2306.425,5.265
2306.450,4.278
2306.475,4.347
2306.500,7.157
2306.525,4.242
2306.550,6.583
2306.575,4.401
2306.600,2.042
2306.625,4.503
2306.650,4.100
2306.675,5.899
2306.700,4.048
2306.725,3.463
2306.750,2.690
2306.775,4.129
2306.800,4.920
2306.825,5.366
2306.850,4.344
2306.875,5.349
2306.900,4.928
2306.925,2.984
2306.950,5.015
2306.975,5.834
2307.000,3.034
2307.025,7.936
2307.050,4.511
2307.075,3.067
2307.100,5.613
2307.125,6.328
2307.150,3.279
2307.175,4.380
2307.200,2.036
2307.225,3.507
2307.250,3.384
2307.275,4.703
2307.300,3.676
2307.325,6.963
2307.350,4.608
2307.375,8.451
2307.400,2.740
2307.425,4.231
2307.450,2.788
2307.475,2.104
2307.500,5.570
2307.525,5.261
2307.550,4.298
2307.575,5.336
2307.600,3.611
2307.625,4.169
2307.650,5.026
2307.675,5.622
2307.700,4.016
2307.725,7.591
2307.750,6.268
2307.775,4.829
2307.800,4.887
2307.825,7.156
2307.850,4.634
2307.875,5.598
2307.900,3.664
2307.925,6.004
2307.950,6.148
2307.975,6.131
2308.000,5.881
2308.025,6.266
2308.050,4.772
2308.075,6.352
2308.100,6.013
2308.125,5.393
2308.150,4.706
2308.175,4.430
2308.200,3.807
2308.225,2.664
2308.250,2.494
2308.275,5.266
2308.300,3.656
2308.325,6.047
2308.350,6.296
2308.375,5.092
2308.400,3.258
2308.425,4.393
2308.450,5.652
2308.475,6.751
2308.500,5.179
2308.525,5.049
2308.550,4.292
2308.575,3.914
2308.600,6.363
2308.625,2.819
2308.650,5.018
2308.675,4.194
2308.700,7.199
2308.725,4.139
2308.750,5.695
2308.775,3.176
2308.800,6.339
2308.825,4.946
2308.850,3.270
2308.875,3.392
2308.900,3.562
2308.925,4.371
2308.950,2.269
2308.975,4.228
2309.000,3.474
2309.025,7.688
2309.050,3.212
2309.075,2.774
2309.100,3.378
2309.125,3.732
2309.150,2.385
2309.175,3.803
2309.200,2.930
2309.225,4.991
2309.250,4.933
2309.275,3.250
2309.300,4.624
2309.325,3.084
2309.350,5.237
2309.375,3.568
2309.400,3.726
2309.425,5.946
2309.450,2.903
2309.475,2.225
2309.500,5.867
2309.525,3.063
2309.550,2.838
2309.575,3.801
2309.600,3.831
2309.625,6.067
2309.650,4.104
2309.675,3.759
2309.700,6.617
2309.725,7.649
2309.750,4.611
2309.775,3.013
2309.800,4.644
2309.825,9.855
2309.850,4.644
2309.875,3.094
2309.900,6.450
2309.925,3.905
2309.950,4.343
2309.975,4.071
2310.000,4.662
2310.025,2.760
2310.050,6.075
2310.075,3.595
2310.100,4.843
2310.125,5.665
2310.150,6.424
2310.175,3.411
2310.200,5.612
2310.225,4.314
2310.250,2.491
2310.275,4.600
2310.300,5.348
2310.325,4.429
2310.350,5.688
2310.375,6.835
2310.400,4.717
2310.425,4.176
2310.450,4.992
2310.475,2.938
2310.500,3.089
2310.525,7.778
2310.550,4.221
2310.575,3.310
2310.600,4.984
2310.625,5.155
2310.650,2.616
2310.675,4.815
2310.700,5.628
2310.725,4.201
2310.750,3.869
2310.775,3.292
2310.800,4.789
2310.825,3.612
2310.850,2.624
2310.875,3.961
2310.900,3.178
2310.925,4.164
2310.950,6.461
2310.975,3.754
2311.000,3.667
2311.025,2.452
2311.050,3.468
2311.075,3.730
2311.100,4.005
2311.125,2.934
2311.150,3.606
2311.175,6.073
2311.200,3.420
2311.225,3.127
2311.250,3.813
2311.275,2.272
2311.300,5.644
2311.325,5.722
2311.350,5.365
2311.375,6.026
2311.400,5.151
2311.425,4.668
2311.450,4.391
2311.475,4.364
2311.500,4.240
2311.525,3.072
2311.550,4.999
2311.575,3.890
2311.600,4.524
2311.625,4.639
2311.650,4.293
2311.675,4.587
2311.700,5.597
2311.725,5.483
2311.750,7.142
2311.775,4.754
2311.800,5.258
2311.825,6.632
2311.850,7.130
2311.875,2.237
2311.900,6.938
2311.925,3.186
2311.950,5.753
2311.975,4.619
2312.000,2.656
2312.025,4.524
2312.050,5.851
2312.075,3.341
2312.100,4.135
2312.125,6.314
2312.150,5.703
2312.175,1.867
2312.200,4.756
2312.225,6.737
2312.250,3.657
2312.275,4.627
2312.300,2.482
2312.325,4.961
2312.350,5.285
2312.375,4.432
2312.400,6.461
2312.425,4.544
2312.450,3.406
2312.475,5.249
2312.500,3.397
2312.525,3.337
2312.550,1.900
2312.575,3.199
2312.600,3.976
2312.625,3.447
2312.650,2.437
2312.675,2.891
2312.700,3.563
2312.725,6.207
2312.750,3.821
2312.775,4.308
2312.800,4.589
2312.825,3.115
2312.850,6.048
2312.875,4.818
2312.900,4.369
2312.925,5.149
2312.950,3.932
2312.975,4.964
2313.000,4.441
2313.025,3.910
2313.050,6.812
2313.075,3.386
2313.100,4.883
2313.125,6.062
2313.150,3.645
2313.175,4.468
2313.200,5.340
2313.225,1.572
2313.250,6.122
2313.275,3.709
2313.300,5.829
2313.325,3.546
2313.350,3.361
2313.375,5.140
2313.400,5.707
2313.425,5.912
2313.450,2.727
2313.475,3.908
2313.500,4.457
2313.525,6.858
2313.550,5.292
2313.575,2.686
2313.600,4.383
2313.625,5.603
2313.650,2.803
2313.675,4.192
2313.700,3.996
2313.725,5.120
2313.750,3.670
2313.775,3.448
2313.800,4.940
2313.825,5.461
2313.850,3.907
2313.875,5.925
2313.900,2.520
2313.925,4.059
2313.950,3.368
2313.975,4.439
2314.000,4.401
2314.025,4.031
2314.050,4.300
2314.075,2.760
2314.100,5.279
2314.125,3.018
2314.150,5.288
2314.175,5.720
2314.200,3.712
2314.225,4.213
2314.250,4.229
2314.275,3.916
2314.300,6.608
2314.325,3.870
2314.350,5.385
2314.375,7.041
2314.400,2.701
2314.425,3.907
2314.450,3.469
2314.475,5.028
2314.500,2.894
2314.525,5.383
2314.550,4.224
2314.575,6.059
2314.600,4.496
2314.625,4.528
2314.650,1.780
2314.675,4.288
2314.700,5.064
2314.725,2.976
2314.750,9.933
2314.775,5.305
2314.800,5.582
2314.825,4.573
2314.850,3.190
2314.875,5.756
2314.900,4.448
2314.925,7.669
2314.950,3.133
2314.975,3.979
2315.000,6.127
2315.025,4.687
2315.050,3.005
2315.075,2.627
2315.100,6.274
2315.125,5.431
2315.150,2.996
2315.175,7.787
2315.200,8.013
2315.225,5.404
2315.250,2.137
2315.275,3.466
2315.300,3.179
2315.325,6.986
2315.350,3.918
2315.375,3.375
2315.400,2.661
2315.425,2.233
2315.450,4.112
2315.475,2.822
2315.500,6.501
2315.525,3.092
2315.550,5.383
2315.575,3.269
2315.600,3.447
2315.625,2.262
2315.650,3.501
2315.675,5.839
2315.700,4.161
2315.725,3.543
2315.750,2.601
2315.775,2.891
2315.800,4.819
2315.825,6.432
2315.850,5.492
2315.875,5.567
2315.900,4.257
2315.925,4.971
2315.950,4.192
2315.975,6.487
2316.000,2.812
2316.025,1.603
2316.050,4.705
2316.075,1.759
2316.100,5.335
2316.125,4.578
2316.150,4.791
2316.175,3.152
2316.200,3.149
2316.225,5.701
2316.250,6.318
2316.275,4.412
2316.300,2.938
2316.325,3.356
2316.350,4.009
2316.375,2.802
2316.400,1.640
2316.425,5.717
2316.450,4.586
2316.475,3.217
2316.500,2.464
2316.525,6.043
2316.550,3.571
2316.575,4.239
2316.600,6.910
2316.625,5.742
2316.650,5.041
2316.675,4.098
2316.700,5.674
2316.725,2.383
2316.750,5.208
2316.775,2.987
2316.800,3.601
2316.825,6.760
2316.850,4.718
2316.875,4.207
2316.900,3.854
2316.925,4.314
2316.950,7.820
2316.975,4.003
2317.000,5.583
2317.025,4.027
2317.050,3.297
2317.075,1.818
2317.100,4.176
2317.125,3.960
2317.150,2.485
2317.175,2.202
2317.200,6.243
2317.225,7.677
2317.250,5.254
2317.275,5.397
2317.300,4.009
2317.325,3.685
2317.350,3.887
2317.375,4.409
2317.400,5.189
2317.425,4.171
2317.450,5.373
2317.475,6.354
2317.500,3.362
2317.525,2.967
2317.550,2.733
2317.575,4.486
2317.600,4.482
2317.625,4.304
2317.650,3.938
2317.675,4.337
2317.700,4.340
2317.725,2.293
2317.750,2.287
2317.775,4.449
2317.800,6.405
2317.825,2.664
2317.850,5.923
2317.875,1.881
2317.900,3.807
2317.925,4.552
2317.950,4.070
2317.975,2.960
2318.000,2.494
2318.025,3.755
2318.050,2.800
2318.075,3.770
2318.100,3.432
2318.125,5.979
2318.150,3.181
2318.175,5.310
2318.200,6.651
2318.225,3.499
2318.250,4.805
2318.275,3.657
2318.300,3.362
2318.325,3.533
2318.350,2.549
2318.375,5.418
2318.400,3.108
2318.425,2.420
2318.450,6.582
2318.475,5.122
2318.500,3.224
2318.525,3.931
2318.550,2.527
2318.575,3.612
2318.600,4.900
2318.625,3.833
2318.650,5.047
2318.675,2.370
2318.700,3.500
2318.725,4.248
2318.750,3.811
2318.775,3.461
2318.800,5.280
2318.825,6.608
2318.850,4.748
2318.875,1.782
2318.900,5.216
2318.925,3.024
2318.950,3.150
2318.975,3.440
2319.000,4.368
2319.025,4.583
2319.050,3.482
2319.075,5.051
2319.100,4.241
2319.125,4.438
2319.150,3.312
2319.175,3.059
2319.200,4.585
2319.225,4.639
2319.250,2.166
2319.275,3.634
2319.300,5.616
2319.325,4.401
2319.350,4.886
2319.375,3.907
2319.400,5.200
2319.425,6.085
2319.450,6.420
2319.475,3.719
2319.500,3.110
2319.525,3.560
2319.550,2.814
2319.575,4.991
2319.600,7.302
2319.625,5.021
2319.650,6.327
2319.675,3.637
2319.700,4.808
2319.725,3.626
2319.750,4.201
2319.775,5.176
2319.800,5.682
2319.825,4.827
2319.850,3.220
2319.875,2.320
2319.900,4.072
2319.925,4.302
2319.950,2.941
2319.975,4.586
2320.000,5.281
2320.025,5.163
2320.050,3.263
2320.075,2.696
2320.100,2.528
2320.125,5.672
2320.150,4.402
2320.175,3.967
2320.200,3.597
2320.225,5.036
2320.250,6.596
2320.275,4.694
2320.300,5.225
2320.325,6.937
2320.350,5.581
2320.375,3.402
2320.400,6.820
2320.425,4.627
2320.450,4.062
2320.475,6.012
2320.500,6.594
2320.525,1.714
2320.550,6.380
2320.575,6.715
2320.600,5.559
2320.625,2.329
2320.650,5.762
2320.675,1.976
2320.700,4.404
2320.725,3.330
2320.750,5.103
2320.775,4.404
2320.800,4.267
2320.825,1.999
2320.850,4.171
2320.875,4.268
2320.900,4.621
2320.925,4.423
2320.950,5.116
2320.975,4.142
2321.000,3.383
2321.025,5.454
2321.050,4.747
2321.075,4.678
2321.100,4.165
2321.125,4.003
2321.150,4.296
2321.175,5.176
2321.200,4.416
2321.225,3.695
2321.250,4.136
2321.275,4.070
2321.300,4.277
2321.325,4.321
2321.350,3.259
2321.375,1.902
2321.400,5.635
2321.425,3.017
2321.450,5.595
2321.475,5.061
2321.500,5.249
2321.525,2.197
2321.550,4.163
2321.575,2.297
2321.600,4.773
2321.625,2.995
2321.650,4.746
2321.675,6.677
2321.700,4.405
2321.725,3.336
2321.750,3.338
2321.775,3.844
2321.800,3.700
2321.825,2.527
2321.850,3.888
2321.875,6.444
2321.900,4.426
2321.925,7.277
2321.950,3.378
2321.975,4.144
2322.000,4.153
2322.025,3.683
2322.050,4.481
2322.075,6.642
2322.100,3.994
2322.125,6.063
2322.150,4.172
2322.175,4.493
2322.200,5.506
2322.225,3.056
2322.250,5.397
2322.275,5.102
2322.300,4.408
2322.325,6.759
2322.350,4.931
2322.375,2.344
2322.400,3.978
2322.425,6.462
2322.450,5.015
2322.475,5.645
2322.500,2.202
2322.525,7.710
2322.550,3.537
2322.575,2.442
2322.600,8.219
2322.625,5.988
2322.650,4.336
2322.675,4.604
2322.700,4.083
2322.725,3.794
2322.750,5.293
2322.775,4.997
2322.800,5.632
2322.825,4.172
2322.850,4.783
2322.875,4.533
2322.900,5.269
2322.925,4.092
2322.950,2.915
2322.975,4.540
2323.000,4.579
2323.025,6.702
2323.050,4.109
2323.075,3.674
2323.100,3.785
2323.125,6.594
2323.150,2.816
2323.175,5.787
2323.200,2.558
2323.225,1.330
2323.250,3.234
2323.275,5.444
2323.300,4.786
2323.325,4.197
2323.350,5.057
2323.375,5.470
2323.400,5.243
2323.425,7.189
2323.450,3.156
2323.475,4.363
2323.500,5.723
2323.525,3.625
2323.550,5.346
2323.575,3.909
2323.600,4.141
2323.625,3.839
2323.650,5.053
2323.675,3.173
2323.700,3.870
2323.725,3.919
2323.750,4.392
2323.775,3.662
2323.800,3.029
2323.825,5.375
2323.850,6.128
2323.875,4.175
2323.900,2.632
2323.925,3.289
2323.950,5.385
2323.975,4.805
2324.000,6.649
2324.025,3.847
2324.050,3.156
2324.075,5.533
2324.100,2.997
2324.125,4.550
2324.150,3.723
2324.175,4.913
2324.200,4.371
2324.225,2.612
2324.250,2.320
2324.275,2.214
2324.300,7.242
2324.325,5.392
2324.350,2.864
2324.375,8.133
2324.400,4.350
2324.425,4.155
2324.450,5.319
2324.475,6.779
2324.500,6.189
2324.525,3.874
2324.550,3.993
2324.575,4.311
2324.600,4.213
2324.625,7.979
2324.650,3.649
2324.675,5.150
2324.700,6.289
2324.725,3.823
2324.750,6.175
2324.775,7.082
2324.800,3.665
2324.825,4.974
2324.850,4.685
2324.875,2.935
2324.900,7.461
2324.925,3.366
2324.950,9.539
2324.975,4.141
2325.000,2.397
2325.025,6.889
2325.050,5.065
2325.075,3.057
2325.100,5.656
2325.125,2.610
2325.150,3.428
2325.175,3.489
2325.200,3.565
2325.225,4.168
2325.250,5.262
2325.275,3.484
2325.300,5.892
2325.325,2.641
2325.350,3.930
2325.375,6.690
2325.400,4.872
2325.425,6.248
2325.450,4.035
2325.475,2.208
2325.500,7.809
2325.525,3.102
2325.550,3.879
2325.575,2.636
2325.600,3.009
2325.625,3.666
2325.650,5.314
2325.675,5.252
2325.700,4.075
2325.725,4.218
2325.750,3.673
2325.775,4.575
2325.800,5.934
2325.825,6.664
2325.850,4.755
2325.875,3.226
2325.900,3.404
2325.925,3.397
2325.950,5.211
2325.975,3.326
2326.000,2.915
2326.025,4.147
2326.050,5.035
2326.075,2.840
2326.100,2.848
2326.125,2.758
2326.150,6.502
2326.175,7.587
2326.200,5.253
2326.225,2.107
2326.250,6.998
2326.275,4.560
2326.300,4.222
2326.325,2.907
2326.350,4.887
2326.375,5.705
2326.400,3.463
2326.425,3.130
2326.450,3.743
2326.475,4.542
2326.500,5.463
2326.525,6.176
2326.550,4.389
2326.575,4.456
2326.600,5.357
2326.625,3.364
2326.650,2.266
2326.675,2.944
2326.700,4.389
2326.725,4.218
2326.750,5.802
2326.775,4.804
2326.800,1.416
2326.825,2.289
2326.850,5.295
2326.875,2.062
2326.900,2.331
2326.925,2.512
2326.950,4.858
2326.975,5.005
2327.000,5.443
2327.025,6.744
2327.050,3.682
2327.075,3.621
2327.100,2.931
2327.125,3.125
2327.150,3.402
2327.175,5.403
2327.200,5.670
2327.225,2.943
2327.250,5.337
2327.275,5.833
2327.300,3.934
2327.325,2.603
2327.350,5.471
2327.375,2.620
2327.400,2.509
2327.425,4.143
2327.450,4.666
2327.475,4.713
2327.500,3.694
2327.525,1.802
2327.550,5.591
2327.575,4.517
2327.600,4.711
2327.625,3.218
2327.650,2.119
2327.675,4.726
2327.700,2.460
2327.725,3.300
2327.750,4.048
2327.775,3.009
2327.800,4.383
2327.825,5.670
2327.850,5.868
2327.875,4.584
2327.900,5.875
2327.925,3.759
2327.950,3.456
2327.975,5.302
2328.000,2.578
2328.025,6.260
2328.050,6.799
2328.075,4.765
2328.100,5.229
2328.125,2.629
2328.150,3.498
2328.175,2.705
2328.200,3.567
2328.225,2.615
2328.250,2.272
2328.275,2.901
2328.300,4.027
2328.325,5.132
2328.350,2.480
2328.375,3.108
2328.400,3.367
2328.425,5.972
2328.450,2.794
2328.475,5.529
2328.500,4.297
2328.525,5.895
2328.550,3.247
2328.575,2.152
2328.600,3.700
2328.625,2.631
2328.650,2.827
2328.675,3.801
2328.700,4.439
2328.725,3.392
2328.750,3.132
2328.775,2.629
2328.800,5.806
2328.825,5.366
2328.850,3.667
2328.875,8.643
2328.900,1.972
2328.925,3.334
2328.950,5.153
2328.975,3.743
2329.000,5.776
2329.025,3.026
2329.050,8.010
2329.075,3.507
2329.100,2.948
2329.125,3.656
2329.150,4.440
2329.175,3.993
2329.200,4.088
2329.225,3.932
2329.250,4.968
2329.275,7.081
2329.300,4.376
2329.325,3.988
2329.350,4.197
2329.375,6.428
2329.400,3.765
2329.425,5.227
2329.450,3.432
2329.475,4.197
2329.500,3.554
2329.525,6.739
2329.550,3.734
2329.575,3.014
2329.600,4.623
2329.625,6.281
2329.650,6.260
2329.675,4.241
2329.700,5.223
2329.725,5.316
2329.750,5.095
2329.775,4.473
2329.800,4.331
2329.825,2.055
2329.850,4.545
2329.875,3.529
2329.900,5.115
2329.925,2.286
2329.950,5.380
2329.975,7.224
2330.000,2.078
2330.025,4.763
2330.050,5.386
2330.075,4.222
2330.100,5.363
2330.125,5.408
2330.150,3.948
2330.175,3.296
2330.200,3.973
2330.225,6.963
2330.250,3.203
2330.275,4.235
2330.300,3.949
2330.325,3.681
2330.350,4.829
2330.375,3.076
2330.400,3.777
2330.425,2.198
2330.450,5.365
2330.475,4.664
2330.500,4.028
2330.525,2.902
2330.550,2.908
2330.575,4.069
2330.600,5.752
2330.625,3.867
2330.650,5.263
2330.675,7.880
2330.700,5.431
2330.725,4.666
2330.750,5.156
2330.775,5.214
2330.800,6.040
2330.825,4.731
2330.850,4.547
2330.875,4.582
2330.900,3.652
2330.925,4.138
2330.950,3.163
2330.975,3.534
2331.000,3.300
2331.025,2.464
2331.050,5.095
2331.075,4.168
2331.100,6.364
2331.125,2.268
2331.150,5.672
2331.175,5.224
2331.200,2.283
2331.225,3.935
2331.250,3.574
2331.275,3.804
2331.300,4.842
2331.325,5.810
2331.350,4.355
2331.375,3.325
2331.400,5.306
2331.425,4.408
2331.450,5.598
2331.475,6.641
2331.500,3.168
2331.525,4.488
2331.550,3.623
2331.575,2.318
2331.600,8.336
2331.625,3.110
2331.650,2.177
2331.675,3.711
2331.700,4.875
2331.725,4.709
2331.750,4.405
2331.775,4.813
2331.800,5.378
2331.825,6.675
2331.850,4.097
2331.875,3.306
2331.900,3.665
2331.925,4.181
2331.950,2.895
2331.975,4.326
2332.000,4.294
2332.025,3.246
2332.050,4.099
2332.075,5.818
2332.100,7.517
2332.125,2.742
2332.150,4.504
2332.175,5.687
2332.200,2.315
2332.225,2.428
2332.250,4.201
2332.275,3.711
2332.300,4.970
2332.325,2.573
2332.350,4.898
2332.375,3.468
2332.400,5.177
2332.425,4.304
2332.450,3.731
2332.475,2.814
2332.500,2.819
2332.525,4.590
2332.550,3.168
2332.575,5.196
2332.600,8.067
2332.625,2.942
2332.650,4.680
2332.675,5.942
2332.700,3.491
2332.725,4.392
2332.750,3.137
2332.775,6.916
2332.800,6.476
2332.825,3.861
2332.850,3.244
2332.875,4.885
2332.900,5.820
2332.925,5.278
2332.950,3.197
2332.975,4.645
2333.000,5.183
2333.025,4.019
2333.050,4.640
2333.075,5.119
2333.100,6.182
2333.125,3.872
2333.150,3.892
2333.175,4.434
2333.200,2.831
2333.225,2.785
2333.250,3.444
2333.275,3.324
2333.300,3.788
2333.325,1.930
2333.350,3.379
2333.375,3.049
2333.400,4.996
2333.425,4.337
2333.450,2.761
2333.475,6.380
2333.500,6.013
2333.525,3.999
2333.550,5.751
2333.575,5.305
2333.600,2.983
2333.625,7.143
2333.650,3.346
2333.675,4.939
2333.700,6.829
2333.725,5.395
2333.750,5.568
2333.775,2.032
2333.800,3.935
2333.825,3.864
2333.850,3.636
2333.875,5.257
2333.900,2.823
2333.925,3.350
2333.950,4.570
2333.975,5.564
2334.000,4.077
2334.025,2.806
2334.050,4.933
2334.075,5.401
2334.100,1.945
2334.125,3.293
2334.150,5.399
2334.175,3.542
2334.200,2.872
2334.225,4.181
2334.250,6.139
2334.275,7.779
2334.300,4.339
2334.325,7.630
2334.350,6.338
2334.375,5.525
2334.400,5.052
2334.425,2.814
2334.450,4.165
2334.475,4.150
2334.500,3.097
2334.525,5.073
2334.550,4.286
2334.575,4.090
2334.600,5.516
2334.625,3.014
2334.650,3.987
2334.675,3.836
2334.700,2.924
2334.725,4.059
2334.750,4.275
2334.775,4.871
2334.800,2.705
2334.825,2.484
2334.850,3.755
2334.875,4.338
2334.900,5.472
2334.925,4.811
2334.950,2.460
2334.975,3.912
2335.000,8.112
2335.025,7.007
2335.050,5.129
2335.075,3.601
2335.100,4.729
2335.125,4.199
2335.150,3.203
2335.175,4.378
2335.200,3.644
2335.225,2.465
2335.250,4.102
2335.275,5.335
2335.300,3.231
2335.325,4.087
2335.350,3.635
2335.375,3.782
2335.400,6.622
2335.425,4.671
2335.450,7.071
2335.475,2.442
2335.500,4.395
2335.525,5.214
2335.550,2.382
2335.575,3.777
2335.600,4.697
2335.625,3.367
2335.650,3.433
2335.675,5.705
2335.700,3.686
2335.725,3.675
2335.750,5.471
2335.775,5.361
2335.800,2.340
2335.825,3.690
2335.850,3.548
2335.875,3.964
2335.900,4.521
2335.925,2.681
2335.950,4.747
2335.975,6.013
2336.000,3.661
2336.025,3.625
2336.050,4.650
2336.075,6.244
2336.100,3.097
2336.125,3.811
2336.150,6.436
2336.175,4.874
2336.200,3.798
2336.225,5.586
2336.250,6.438
2336.275,3.508
2336.300,4.575
2336.325,6.738
2336.350,4.407
2336.375,5.623
2336.400,5.398
2336.425,5.230
2336.450,3.870
2336.475,3.662
2336.500,6.092
2336.525,6.418
2336.550,4.111
2336.575,3.014
2336.600,4.672
2336.625,6.014
2336.650,3.763
2336.675,4.849
2336.700,3.080
2336.725,4.737
2336.750,5.720
2336.775,4.654
2336.800,5.575
2336.825,4.695
2336.850,3.579
2336.875,5.394
2336.900,1.806
2336.925,2.978
2336.950,3.966
2336.975,4.772
2337.000,4.657
2337.025,7.642
2337.050,1.720
2337.075,5.357
2337.100,3.444
2337.125,4.480
2337.150,5.262
2337.175,5.257
2337.200,3.339
2337.225,5.014
2337.250,3.819
2337.275,5.840
2337.300,1.753
2337.325,3.051
2337.350,4.605
2337.375,4.349
2337.400,3.992
2337.425,3.787
2337.450,5.210
2337.475,5.758
2337.500,2.783
2337.525,3.826
2337.550,4.847
2337.575,5.890
2337.600,2.685
2337.625,3.482
2337.650,7.471
2337.675,4.531
2337.700,4.563
2337.725,5.415
2337.750,3.748
2337.775,2.306
2337.800,4.100
2337.825,8.182
2337.850,4.862
2337.875,4.626
2337.900,6.027
2337.925,3.476
2337.950,4.417
2337.975,1.901
2338.000,5.730
2338.025,5.125
2338.050,4.741
2338.075,6.083
2338.100,3.238
2338.125,3.936
2338.150,7.089
2338.175,4.929
2338.200,2.518
2338.225,3.002
2338.250,5.893
2338.275,4.763
2338.300,5.183
2338.325,6.057
2338.350,3.864
2338.375,3.102
2338.400,4.915
2338.425,5.185
2338.450,5.722
2338.475,5.268
2338.500,7.029
2338.525,3.089
2338.550,2.968
2338.575,4.752
2338.600,2.580
2338.625,4.815
2338.650,6.077
2338.675,2.410
2338.700,1.979
2338.725,4.718
2338.750,3.424
2338.775,4.325
2338.800,3.374
2338.825,3.888
2338.850,3.076
2338.875,4.276
2338.900,2.440
2338.925,3.021
2338.950,4.400
2338.975,6.157
2339.000,4.304
2339.025,2.946
2339.050,3.523
2339.075,5.470
2339.100,2.591
2339.125,3.589
2339.150,0.554
2339.175,3.569
2339.200,4.228
2339.225,4.799
2339.250,2.607
2339.275,3.672
2339.300,4.584
2339.325,3.299
2339.350,3.418
2339.375,4.879
2339.400,4.738
2339.425,5.668
2339.450,4.946
2339.475,4.361
2339.500,3.152
2339.525,4.740
2339.550,6.922
2339.575,2.714
2339.600,5.040
2339.625,4.571
2339.650,4.535
2339.675,3.030
2339.700,5.872
2339.725,4.051
2339.750,6.732
2339.775,4.102
2339.800,2.816
2339.825,4.054
2339.850,3.100
2339.875,4.330
2339.900,3.889
2339.925,4.015
2339.950,5.571
2339.975,4.380
2340.000,4.089
2340.025,4.113
2340.050,2.565
2340.075,4.074
2340.100,3.508
2340.125,4.883
2340.150,4.371
2340.175,3.971
2340.200,6.515
2340.225,4.428
2340.250,4.547
2340.275,3.932
2340.300,2.779
2340.325,4.130
2340.350,7.917
2340.375,3.262
2340.400,3.246
2340.425,5.010
2340.450,3.311
2340.475,5.385
2340.500,8.396
2340.525,4.629
2340.550,4.910
2340.575,3.429
2340.600,5.737
2340.625,5.951
2340.650,4.950
2340.675,2.410
2340.700,2.519
2340.725,5.674
2340.750,4.152
2340.775,4.764
2340.800,3.722
2340.825,3.851
2340.850,6.802
2340.875,4.870
2340.900,3.474
2340.925,5.024
2340.950,4.085
2340.975,4.109
2341.000,4.542
2341.025,5.579
2341.050,6.776
2341.075,3.289
2341.100,5.067
2341.125,4.024
2341.150,4.083
2341.175,4.529
2341.200,4.869
2341.225,4.083
2341.250,4.635
2341.275,3.189
2341.300,4.322
2341.325,1.873
2341.350,4.906
2341.375,2.922
2341.400,6.101
2341.425,2.910
2341.450,3.485
2341.475,5.796
2341.500,3.663
2341.525,2.243
2341.550,2.474
2341.575,3.866
2341.600,7.908
2341.625,4.159
2341.650,5.077
2341.675,4.714
2341.700,5.161
2341.725,2.693
2341.750,3.542
2341.775,4.610
2341.800,5.253
2341.825,4.735
2341.850,4.677
2341.875,2.921
2341.900,4.027
2341.925,7.147
2341.950,4.483
2341.975,3.327
2342.000,5.723
2342.025,5.708
2342.050,3.409
2342.075,4.925
2342.100,4.246
2342.125,3.442
2342.150,3.181
2342.175,4.614
2342.200,4.071
2342.225,3.879
2342.250,3.695
2342.275,3.448
2342.300,3.149
2342.325,5.441
2342.350,4.373
2342.375,6.353
2342.400,2.329
2342.425,5.022
2342.450,7.670
2342.475,5.131
2342.500,4.028
2342.525,6.957
2342.550,5.739
2342.575,3.354
2342.600,3.950
2342.625,4.691
2342.650,3.858
2342.675,4.546
2342.700,3.571
2342.725,3.333
2342.750,3.885
2342.775,5.968
2342.800,3.701
2342.825,4.337
2342.850,5.706
2342.875,3.063
2342.900,2.921
2342.925,7.489
2342.950,4.043
2342.975,3.094
2343.000,7.071
2343.025,4.619
2343.050,6.712
2343.075,2.277
2343.100,3.795
2343.125,5.692
2343.150,4.794
2343.175,2.524
2343.200,5.108
2343.225,4.686
2343.250,5.554
2343.275,4.398
2343.300,6.098
2343.325,6.482
2343.350,2.961
2343.375,5.265
2343.400,3.570
2343.425,6.257
2343.450,6.537
2343.475,6.657
2343.500,6.407
2343.525,3.235
2343.550,4.953
2343.575,3.429
2343.600,5.127
2343.625,6.395
2343.650,6.778
2343.675,4.567
2343.700,4.344
2343.725,4.553
2343.750,4.154
2343.775,6.698
2343.800,4.893
2343.825,4.139
2343.850,4.590
2343.875,5.381
2343.900,3.903
2343.925,5.413
2343.950,2.736
2343.975,5.111
2344.000,5.000
2344.025,3.557
2344.050,5.675
2344.075,4.122
2344.100,5.901
2344.125,3.562
2344.150,5.179
2344.175,6.020
2344.200,2.814
2344.225,4.222
2344.250,6.200
2344.275,4.438
2344.300,3.860
2344.325,1.637
2344.350,5.216
2344.375,1.768
2344.400,3.864
2344.425,4.181
2344.450,5.158
2344.475,5.287
2344.500,2.425
2344.525,2.684
2344.550,4.095
2344.575,4.968
2344.600,4.761
2344.625,2.937
2344.650,3.158
2344.675,4.839
2344.700,4.013
2344.725,4.223
2344.750,4.937
2344.775,2.778
2344.800,4.548
2344.825,5.930
2344.850,2.793
2344.875,4.197
2344.900,2.533
2344.925,4.062
2344.950,2.575
2344.975,3.626
2345.000,4.493
2345.025,3.935
2345.050,5.521
2345.075,4.050
2345.100,2.624
2345.125,4.894
2345.150,3.146
2345.175,3.269
2345.200,3.409
2345.225,4.898
2345.250,4.523
2345.275,3.607
2345.300,2.653
2345.325,4.691
2345.350,3.162
2345.375,6.785
2345.400,4.343
2345.425,4.053
2345.450,2.692
2345.475,5.375
2345.500,2.066
2345.525,7.220
2345.550,3.623
2345.575,4.288
2345.600,5.099
2345.625,1.131
2345.650,4.269
2345.675,5.018
2345.700,4.971
2345.725,7.189
2345.750,3.487
2345.775,3.175
2345.800,6.341
2345.825,3.451
2345.850,3.471
2345.875,8.063
2345.900,5.028
2345.925,5.992
2345.950,5.284
2345.975,5.300
2346.000,4.075
2346.025,5.287
2346.050,4.290
2346.075,2.584
2346.100,3.322
2346.125,3.404
2346.150,5.445
2346.175,4.353
2346.200,2.685
2346.225,3.388
2346.250,4.017
2346.275,2.701
2346.300,5.588
2346.325,5.772
2346.350,4.693
2346.375,3.673
2346.400,2.106
2346.425,7.864
2346.450,3.389
2346.475,4.903
2346.500,8.372
2346.525,3.775
2346.550,2.679
2346.575,3.935
2346.600,4.713
2346.625,4.722
2346.650,5.198
2346.675,2.964
2346.700,4.614
2346.725,2.939
2346.750,2.867
2346.775,3.830
2346.800,2.580
2346.825,4.407
2346.850,4.434
2346.875,4.862
2346.900,3.154
2346.925,3.895
2346.950,4.273
2346.975,4.514
2347.000,5.932
2347.025,4.274
2347.050,3.089
2347.075,6.676
2347.100,3.154
2347.125,3.782
2347.150,3.575
2347.175,5.154
2347.200,4.650
2347.225,3.709
2347.250,4.112
2347.275,6.541
2347.300,5.834
2347.325,3.188
2347.350,5.583
2347.375,5.241
2347.400,4.326
2347.425,4.462
2347.450,3.245
2347.475,5.820
2347.500,4.422
2347.525,6.201
2347.550,5.286
2347.575,4.986
2347.600,3.809
2347.625,2.882
2347.650,5.274
2347.675,4.403
2347.700,5.812
2347.725,4.427
2347.750,5.904
2347.775,6.098
2347.800,4.573
2347.825,4.487
2347.850,4.735
2347.875,5.074
2347.900,4.646
2347.925,5.709
2347.950,3.942
2347.975,3.387
2348.000,4.268
2348.025,2.676
2348.050,6.393
2348.075,5.060
2348.100,4.805
2348.125,3.920
2348.150,4.303
2348.175,5.154
2348.200,3.383
2348.225,1.933
2348.250,5.273
2348.275,4.520
2348.300,5.314
2348.325,4.854
2348.350,5.826
2348.375,4.311
2348.400,4.446
2348.425,3.499
2348.450,6.953
2348.475,3.055
2348.500,5.281
2348.525,4.114
2348.550,3.792
2348.575,6.971
2348.600,3.209
2348.625,2.921
2348.650,5.075
2348.675,5.657
2348.700,3.137
2348.725,4.711
2348.750,2.355
2348.775,5.042
2348.800,4.946
2348.825,5.633
2348.850,2.950
2348.875,4.199
2348.900,2.087
2348.925,2.806
2348.950,4.133
2348.975,6.718
2349.000,5.679
2349.025,5.057
2349.050,6.852
2349.075,5.867
2349.100,5.062
2349.125,4.203
2349.150,2.820
2349.175,2.614
2349.200,4.014
2349.225,2.074
2349.250,5.680
2349.275,3.913
2349.300,5.155
2349.325,4.376
2349.350,4.740
2349.375,4.265
2349.400,3.175
2349.425,5.787
2349.450,4.516
2349.475,3.403
2349.500,3.732
2349.525,5.333
2349.550,5.976
2349.575,5.289
2349.600,2.535
2349.625,3.125
2349.650,5.211
2349.675,3.736
2349.700,4.254
2349.725,6.342
2349.750,4.556
2349.775,6.500
2349.800,5.922
2349.825,3.337
2349.850,5.325
2349.875,1.791
2349.900,3.623
2349.925,5.640
2349.950,4.358
2349.975,6.932
2350.000,3.742
2350.025,3.728
2350.050,4.611
2350.075,6.588
2350.100,4.167
2350.125,7.725
2350.150,4.741
2350.175,4.196
2350.200,3.672
2350.225,3.128
2350.250,2.096
2350.275,2.978
2350.300,2.304
2350.325,5.165
2350.350,3.183
2350.375,7.046
2350.400,3.759
2350.425,4.605
2350.450,5.821
2350.475,4.485
2350.500,4.412
2350.525,4.075
2350.550,6.177
2350.575,3.577
2350.600,2.188
2350.625,3.635
2350.650,7.019
2350.675,3.795
2350.700,4.045
2350.725,2.184
2350.750,5.907
2350.775,5.751
2350.800,4.592
2350.825,4.232
2350.850,4.971
2350.875,4.594
2350.900,3.236
2350.925,4.778
2350.950,5.647
2350.975,5.137
2351.000,8.291
2351.025,2.959
2351.050,4.788
2351.075,2.360
2351.100,4.892
2351.125,5.541
2351.150,4.952
2351.175,5.134
2351.200,4.577
2351.225,3.324
2351.250,2.761
2351.275,4.836
2351.300,4.252
2351.325,4.105
2351.350,3.760
2351.375,5.439
2351.400,2.640
2351.425,4.704
2351.450,4.176
2351.475,4.713
2351.500,3.871
2351.525,5.134
2351.550,5.731
2351.575,7.268
2351.600,3.303
2351.625,5.842
2351.650,4.241
2351.675,2.565
2351.700,3.291
2351.725,5.500
2351.750,8.282
2351.775,4.184
2351.800,5.238
2351.825,4.974
2351.850,3.742
2351.875,5.153
2351.900,3.616
2351.925,2.700
2351.950,3.357
2351.975,2.754
2352.000,4.559
2352.025,3.914
2352.050,3.440
2352.075,4.043
2352.100,2.291
2352.125,2.754
2352.150,3.933
2352.175,3.583
2352.200,4.649
2352.225,3.943
2352.250,4.251
2352.275,4.346
2352.300,5.232
2352.325,5.885
2352.350,5.059
2352.375,4.758
2352.400,5.736
2352.425,2.220
2352.450,6.738
2352.475,2.587
2352.500,5.440
2352.525,3.694
2352.550,4.537
2352.575,2.283
2352.600,4.527
2352.625,6.025
2352.650,4.643
2352.675,3.983
2352.700,5.537
2352.725,4.594
2352.750,9.020
2352.775,4.337
2352.800,2.948
2352.825,3.679
2352.850,4.393
2352.875,4.672
2352.900,4.128
2352.925,7.640
2352.950,3.864
2352.975,3.072
2353.000,4.356
2353.025,4.986
2353.050,1.641
2353.075,5.491
2353.100,6.416
2353.125,6.977
2353.150,4.932
2353.175,5.361
2353.200,6.072
2353.225,4.208
2353.250,3.632
2353.275,3.790
2353.300,4.456
2353.325,3.416
2353.350,4.113
2353.375,4.003
2353.400,4.600
2353.425,5.959
2353.450,4.691
2353.475,3.157
2353.500,5.248
2353.525,7.395
2353.550,6.382
2353.575,6.261
2353.600,6.271
2353.625,2.003
2353.650,6.446
2353.675,3.703
2353.700,2.512
2353.725,4.640
2353.750,4.656
2353.775,5.415
2353.800,7.366
2353.825,5.606
2353.850,1.244
2353.875,4.556
2353.900,3.810
2353.925,5.220
2353.950,4.902
2353.975,4.578
2354.000,2.007
2354.025,4.143
2354.050,3.257
2354.075,4.696
2354.100,5.132
2354.125,3.714
2354.150,6.933
2354.175,7.245
2354.200,4.904
2354.225,3.981
2354.250,3.077
2354.275,3.286
2354.300,3.127
2354.325,2.555
2354.350,4.680
2354.375,7.688
2354.400,2.914
2354.425,6.328
2354.450,4.486
2354.475,3.633
2354.500,3.100
2354.525,5.445
2354.550,7.854
2354.575,3.250
2354.600,4.576
2354.625,4.809
2354.650,2.462
2354.675,3.062
2354.700,7.594
2354.725,4.939
2354.750,4.801
2354.775,3.965
2354.800,3.278
2354.825,5.585
2354.850,1.956
2354.875,1.650
2354.900,4.510
2354.925,1.789
2354.950,6.274
2354.975,6.249
2355.000,5.487
2355.025,3.955
2355.050,3.625
2355.075,4.492
2355.100,4.411
2355.125,4.417
2355.150,4.466
2355.175,6.106
2355.200,6.118
2355.225,4.817
2355.250,5.111
2355.275,5.161
2355.300,3.528
2355.325,3.158
2355.350,3.498
2355.375,3.668
2355.400,2.531
2355.425,3.230
2355.450,4.328
2355.475,1.968
2355.500,4.026
2355.525,2.454
2355.550,4.290
2355.575,3.781
2355.600,6.947
2355.625,4.059
2355.650,4.800
2355.675,3.549
2355.700,4.065
2355.725,4.410
2355.750,4.724
2355.775,5.257
2355.800,3.417
2355.825,5.040
2355.850,5.387
2355.875,4.279
2355.900,2.389
2355.925,3.461
2355.950,2.322
2355.975,1.537
2356.000,5.391
2356.025,5.139
2356.050,3.625
2356.075,3.282
2356.100,2.427
2356.125,4.610
2356.150,3.267
2356.175,4.410
2356.200,4.895
2356.225,2.630
2356.250,3.776
2356.275,3.080
2356.300,3.768
2356.325,4.625
2356.350,4.499
2356.375,4.194
2356.400,5.034
2356.425,4.274
2356.450,1.993
2356.475,4.564
2356.500,6.119
2356.525,4.148
2356.550,4.416
2356.575,5.718
2356.600,6.324
2356.625,4.497
2356.650,5.870
2356.675,2.974
2356.700,7.217
2356.725,4.190
2356.750,4.726
2356.775,4.371
2356.800,5.830
2356.825,4.059
2356.850,5.004
2356.875,5.028
2356.900,5.222
2356.925,2.748
2356.950,6.659
2356.975,2.917
2357.000,4.494
2357.025,3.278
2357.050,2.984
2357.075,3.469
2357.100,3.293
2357.125,2.114
2357.150,4.842
2357.175,4.529
2357.200,3.243
2357.225,5.024
2357.250,2.855
2357.275,5.452
2357.300,2.488
2357.325,2.927
2357.350,4.586
2357.375,3.205
2357.400,3.512
2357.425,2.443
2357.450,3.765
2357.475,5.032
2357.500,3.679
2357.525,1.890
2357.550,4.818
2357.575,3.364
2357.600,7.276
2357.625,4.933
2357.650,3.057
2357.675,4.657
2357.700,3.311
2357.725,3.948
2357.750,2.597
2357.775,4.157
2357.800,5.157
2357.825,6.329
2357.850,5.377
2357.875,6.072
2357.900,5.250
2357.925,3.006
2357.950,4.492
2357.975,4.515
2358.000,2.681
2358.025,7.210
2358.050,3.441
2358.075,2.566
2358.100,3.730
2358.125,5.216
2358.150,7.152
2358.175,4.558
2358.200,3.186
2358.225,4.085
2358.250,5.662
2358.275,4.300
2358.300,3.297
2358.325,1.710
2358.350,4.784
2358.375,4.864
2358.400,4.611
2358.425,5.018
2358.450,4.826
2358.475,2.456
2358.500,6.315
2358.525,6.723
2358.550,6.342
2358.575,4.911
2358.600,4.341
2358.625,3.864
2358.650,2.852
2358.675,7.455
2358.700,4.918
2358.725,3.453
2358.750,3.811
2358.775,4.110
2358.800,3.385
2358.825,3.963
2358.850,4.697
2358.875,4.454
2358.900,2.051
2358.925,4.644
2358.950,4.318
2358.975,5.579
2359.000,5.352
2359.025,3.787
2359.050,3.184
2359.075,4.095
2359.100,4.318
2359.125,3.711
2359.150,3.504
2359.175,6.027
2359.200,3.363
2359.225,5.583
2359.250,4.115
2359.275,6.179
2359.300,5.300
2359.325,2.696
2359.350,3.585
2359.375,4.313
2359.400,4.028
2359.425,6.451
2359.450,4.275
2359.475,5.610
2359.500,2.245
2359.525,2.235
2359.550,6.582
2359.575,7.709
2359.600,4.560
2359.625,5.517
2359.650,3.959
2359.675,5.874
2359.700,4.915
2359.725,5.621
2359.750,2.174
2359.775,6.791
2359.800,2.970
2359.825,5.394
2359.850,2.744
2359.875,5.116
2359.900,2.976
2359.925,5.660
2359.950,2.915
2359.975,3.730
2360.000,3.319
2360.025,2.725
2360.050,1.869
2360.075,6.913
2360.100,3.642
2360.125,3.381
2360.150,4.740
2360.175,4.835
2360.200,2.196
2360.225,2.990
2360.250,3.864
2360.275,3.869
2360.300,5.232
2360.325,2.748
2360.350,3.924
2360.375,4.040
2360.400,6.165
2360.425,5.480
2360.450,5.644
2360.475,7.275
2360.500,3.319
2360.525,2.686
2360.550,3.557
2360.575,4.387
2360.600,5.769
2360.625,6.446
2360.650,3.305
2360.675,5.208
2360.700,3.810
2360.725,4.359
2360.750,5.082
2360.775,5.335
2360.800,2.251
2360.825,2.316
2360.850,5.083
2360.875,4.428
2360.900,2.467
2360.925,3.204
2360.950,7.032
2360.975,4.946
2361.000,7.272
2361.025,3.470
2361.050,4.451
2361.075,4.720
2361.100,4.137
2361.125,3.080
2361.150,5.696
2361.175,6.829
2361.200,3.453
2361.225,4.086
2361.250,4.056
2361.275,6.481
2361.300,6.373
2361.325,3.748
2361.350,3.145
2361.375,2.790
2361.400,4.499
2361.425,3.709
2361.450,5.757
2361.475,2.803
2361.500,4.248
2361.525,4.214
2361.550,5.067
2361.575,7.818
2361.600,1.798
2361.625,6.680
2361.650,4.761
2361.675,5.201
2361.700,2.208
2361.725,5.072
2361.750,4.242
2361.775,5.614
2361.800,6.825
2361.825,1.929
2361.850,5.217
2361.875,5.735
2361.900,4.923
2361.925,4.904
2361.950,3.010
2361.975,6.288
2362.000,4.860
2362.025,4.190
2362.050,3.483
2362.075,5.383
2362.100,5.618
2362.125,3.454
2362.150,2.311
2362.175,5.517
2362.200,3.580
2362.225,4.360
2362.250,4.297
2362.275,4.410
2362.300,3.687
2362.325,5.413
2362.350,3.917
2362.375,5.370
2362.400,2.431
2362.425,4.204
2362.450,3.720
2362.475,3.007
2362.500,4.238
2362.525,4.001
2362.550,3.232
2362.575,2.301
2362.600,6.878
2362.625,5.001
2362.650,2.145
2362.675,4.332
2362.700,3.442
2362.725,3.570
2362.750,4.184
2362.775,1.612
2362.800,3.449
2362.825,4.271
2362.850,4.671
2362.875,2.985
2362.900,4.621
2362.925,2.791
2362.950,3.303
2362.975,6.504
2363.000,4.749
2363.025,5.360
2363.050,2.744
2363.075,2.261
2363.100,3.254
2363.125,2.536
2363.150,2.974
2363.175,4.608
2363.200,3.513
2363.225,3.761
2363.250,5.274
2363.275,4.138
2363.300,6.777
2363.325,3.827
2363.350,3.366
2363.375,3.624
2363.400,6.309
2363.425,3.789
2363.450,3.916
2363.475,5.398
2363.500,3.046
2363.525,1.361
2363.550,4.165
2363.575,2.299
2363.600,3.967
2363.625,4.890
2363.650,4.302
2363.675,3.318
2363.700,2.562
2363.725,3.847
2363.750,3.911
2363.775,3.321
2363.800,4.340
2363.825,4.129
2363.850,2.166
2363.875,4.525
2363.900,5.620
2363.925,4.507
2363.950,4.106
2363.975,5.388
2364.000,4.207
2364.025,4.935
2364.050,2.937
2364.075,3.005
2364.100,4.423
2364.125,2.980
2364.150,3.239
2364.175,3.758
2364.200,4.430
2364.225,3.712
2364.250,6.970
2364.275,4.282
2364.300,5.902
2364.325,6.929
2364.350,2.103
2364.375,2.546
2364.400,3.789
2364.425,4.575
2364.450,3.543
2364.475,4.532
2364.500,4.163
2364.525,6.298
2364.550,4.603
2364.575,3.245
2364.600,6.159
2364.625,5.925
2364.650,3.585
2364.675,4.914
2364.700,3.287
2364.725,5.106
2364.750,2.707
2364.775,3.996
2364.800,3.051
2364.825,3.700
2364.850,4.170
2364.875,2.642
2364.900,4.973
2364.925,7.066
2364.950,6.224
2364.975,5.155
2365.000,6.138
2365.025,1.043
2365.050,3.513
2365.075,4.330
2365.100,2.729
2365.125,3.858
2365.150,3.524
2365.175,4.634
2365.200,4.685
2365.225,3.733
2365.250,4.293
2365.275,3.000
2365.300,5.574
2365.325,5.405
2365.350,3.786
2365.375,5.706
2365.400,3.480
2365.425,4.284
2365.450,3.117
2365.475,3.104
2365.500,4.278
2365.525,5.298
2365.550,4.923
2365.575,6.215
2365.600,4.297
2365.625,5.538
2365.650,4.742
2365.675,10.203
2365.700,5.029
2365.725,4.885
2365.750,3.391
2365.775,3.277
2365.800,5.504
2365.825,4.237
2365.850,3.420
2365.875,4.107
2365.900,4.888
2365.925,2.972
2365.950,3.968
2365.975,4.486
2366.000,4.564
2366.025,5.899
2366.050,3.615
2366.075,4.205
2366.100,4.734
2366.125,3.388
2366.150,4.901
2366.175,3.694
2366.200,5.685
2366.225,4.237
2366.250,6.284
2366.275,3.114
2366.300,4.963
2366.325,2.579
2366.350,3.405
2366.375,5.266
2366.400,6.310
2366.425,2.942
2366.450,4.378
2366.475,4.397
2366.500,3.598
2366.525,3.313
2366.550,7.607
2366.575,2.460
2366.600,3.560
2366.625,5.900
2366.650,3.037
2366.675,3.720
2366.700,3.668
2366.725,5.502
2366.750,6.616
2366.775,6.535
2366.800,2.768
2366.825,3.026
2366.850,4.094
2366.875,3.532
2366.900,5.202
2366.925,2.004
2366.950,2.449
2366.975,3.132
2367.000,4.653
2367.025,2.789
2367.050,2.640
2367.075,5.805
2367.100,5.255
2367.125,4.728
2367.150,4.176
2367.175,3.498
2367.200,2.820
2367.225,4.681
2367.250,4.311
2367.275,3.631
2367.300,4.253
2367.325,3.062
2367.350,2.752
2367.375,5.809
2367.400,3.103
2367.425,2.752
2367.450,4.180
2367.475,3.958
2367.500,5.135
2367.525,6.033
2367.550,2.965
2367.575,3.309
2367.600,5.119
2367.625,3.433
2367.650,3.702
2367.675,4.433
2367.700,5.002
2367.725,5.367
2367.750,5.238
2367.775,5.533
2367.800,3.784
2367.825,5.071
2367.850,3.714
2367.875,2.695
2367.900,2.693
2367.925,6.751
2367.950,3.331
2367.975,3.311
2368.000,6.863
2368.025,3.254
2368.050,5.787
2368.075,2.542
2368.100,4.011
2368.125,4.950
2368.150,5.117
2368.175,3.099
2368.200,6.459
2368.225,4.361
2368.250,1.560
2368.275,3.083
2368.300,3.978
2368.325,3.706
2368.350,2.768
2368.375,4.019
2368.400,6.120
2368.425,4.286
2368.450,4.381
2368.475,2.632
2368.500,2.560
2368.525,2.348
2368.550,6.563
2368.575,4.145
2368.600,4.134
2368.625,2.895
2368.650,1.594
2368.675,4.194
2368.700,3.075
2368.725,4.177
2368.750,4.225
2368.775,5.704
2368.800,4.402
2368.825,4.751
2368.850,3.510
2368.875,5.123
2368.900,6.806
2368.925,3.699
2368.950,2.786
2368.975,6.943
2369.000,3.494
2369.025,6.694
2369.050,2.444
2369.075,3.806
2369.100,4.558
2369.125,3.587
2369.150,3.335
2369.175,4.973
2369.200,4.373
2369.225,2.962
2369.250,4.688
2369.275,3.569
2369.300,5.187
2369.325,3.204
2369.350,5.845
2369.375,5.781
2369.400,4.974
2369.425,3.811
2369.450,3.931
2369.475,2.377
2369.500,3.491
2369.525,6.672
2369.550,3.636
2369.575,3.193
2369.600,5.462
2369.625,3.889
2369.650,4.725
2369.675,5.962
2369.700,4.147
2369.725,5.695
2369.750,3.483
2369.775,4.726
2369.800,4.388
2369.825,3.444
2369.850,4.548
2369.875,3.778
2369.900,1.348
2369.925,5.881
2369.950,4.455
2369.975,6.709
2370.000,3.291
2370.025,4.006
2370.050,5.437
2370.075,6.009
2370.100,4.765
2370.125,2.261
2370.150,5.860
2370.175,6.213
2370.200,3.336
2370.225,5.075
2370.250,3.186
2370.275,4.326
2370.300,5.446
2370.325,2.576
2370.350,2.815
2370.375,2.536
2370.400,3.241
2370.425,6.762
2370.450,4.005
2370.475,4.705
2370.500,3.520
2370.525,4.915
2370.550,6.441
2370.575,3.844
2370.600,8.019
2370.625,4.597
2370.650,2.227
2370.675,3.379
2370.700,4.780
2370.725,5.096
2370.750,5.501
2370.775,3.025
2370.800,6.260
2370.825,3.878
2370.850,3.801
2370.875,1.827
2370.900,2.751
2370.925,4.631
2370.950,1.703
2370.975,2.492
2371.000,5.448
2371.025,4.402
2371.050,3.574
2371.075,4.696
2371.100,3.785
2371.125,4.444
2371.150,3.811
2371.175,4.219
2371.200,1.880
2371.225,5.273
2371.250,5.310
2371.275,5.325
2371.300,5.159
2371.325,3.690
2371.350,2.162
2371.375,4.542
2371.400,4.343
2371.425,5.474
2371.450,5.508
2371.475,4.277
2371.500,2.896
2371.525,6.125
2371.550,3.062
2371.575,3.430
2371.600,4.437
2371.625,4.171
2371.650,5.564
2371.675,6.790
2371.700,5.506
2371.725,5.218
2371.750,2.655
2371.775,2.608
2371.800,5.757
2371.825,2.337
2371.850,1.964
2371.875,3.979
2371.900,2.394
2371.925,4.807
2371.950,3.302
2371.975,5.480
2372.000,4.878
2372.025,7.997
2372.050,3.809
2372.075,3.216
2372.100,6.295
2372.125,4.464
2372.150,1.507
2372.175,4.147
2372.200,5.721
2372.225,1.590
2372.250,3.396
2372.275,2.712
2372.300,3.367
2372.325,4.618
2372.350,6.929
2372.375,4.692
2372.400,4.884
2372.425,5.230
2372.450,3.925
2372.475,6.956
2372.500,4.044
2372.525,5.903
2372.550,7.705
2372.575,4.805
2372.600,3.805
2372.625,5.703
2372.650,3.496
2372.675,2.905
2372.700,4.706
2372.725,3.999
2372.750,4.879
2372.775,3.199
2372.800,4.902
2372.825,4.110
2372.850,3.302
2372.875,5.191
2372.900,6.940
2372.925,4.355
2372.950,5.337
2372.975,4.332
2373.000,3.597
2373.025,4.121
2373.050,4.135
2373.075,5.124
2373.100,5.191
2373.125,4.346
2373.150,3.837
2373.175,3.835
2373.200,4.203
2373.225,1.692
2373.250,3.652
2373.275,2.593
2373.300,4.812
2373.325,3.463
2373.350,2.537
2373.375,3.619
2373.400,4.511
2373.425,4.669
2373.450,4.700
2373.475,4.146
2373.500,5.515
2373.525,4.393
2373.550,7.691
2373.575,4.509
2373.600,3.712
2373.625,4.952
2373.650,5.313
2373.675,5.296
2373.700,3.975
2373.725,4.172
2373.750,5.268
2373.775,4.123
2373.800,4.617
2373.825,4.030
2373.850,4.684
2373.875,4.946
2373.900,4.194
2373.925,1.760
2373.950,7.748
2373.975,3.592
2374.000,4.360
2374.025,4.222
2374.050,4.018
2374.075,3.383
2374.100,3.647
2374.125,4.934
2374.150,2.409
2374.175,5.796
2374.200,4.115
2374.225,4.343
2374.250,2.526
2374.275,4.826
2374.300,2.843
2374.325,3.638
2374.350,4.907
2374.375,2.979
2374.400,5.470
2374.425,1.771
2374.450,2.977
2374.475,2.911
2374.500,2.704
2374.525,5.743
2374.550,6.388
2374.575,5.656
2374.600,4.055
2374.625,4.696
2374.650,4.464
2374.675,4.902
2374.700,4.624
2374.725,4.436
2374.750,4.035
2374.775,2.629
2374.800,6.156
2374.825,3.633
2374.850,3.810
2374.875,2.837
2374.900,4.333
2374.925,3.295
2374.950,3.991
2374.975,3.414
2375.000,2.371
2375.025,5.399
2375.050,5.238
2375.075,4.921
2375.100,7.294
2375.125,3.387
2375.150,3.318
2375.175,4.090
2375.200,5.285
2375.225,5.479
2375.250,3.184
2375.275,4.672
2375.300,4.235
2375.325,3.700
2375.350,2.561
2375.375,3.306
2375.400,3.964
2375.425,4.931
2375.450,7.392
2375.475,3.106
2375.500,6.277
2375.525,2.090
2375.550,2.587
2375.575,5.144
2375.600,3.440
2375.625,2.726
2375.650,5.546
2375.675,2.959
2375.700,6.979
2375.725,2.138
2375.750,3.833
2375.775,4.583
2375.800,4.342
2375.825,3.425
2375.850,6.742
2375.875,5.176
2375.900,2.384
2375.925,5.236
2375.950,6.357
2375.975,3.889
2376.000,4.864
2376.025,0.973
2376.050,5.686
2376.075,4.750
2376.100,4.036
2376.125,3.613
2376.150,5.082
2376.175,6.674
2376.200,1.182
2376.225,4.354
2376.250,2.752
2376.275,2.857
2376.300,1.945
2376.325,5.093
2376.350,4.647
2376.375,4.669
2376.400,4.800
2376.425,6.221
2376.450,4.239
2376.475,5.848
2376.500,2.224
2376.525,4.005
2376.550,3.466
2376.575,3.606
2376.600,3.312
2376.625,3.392
2376.650,6.318
2376.675,4.063
2376.700,5.612
2376.725,5.230
2376.750,5.753
2376.775,4.200
2376.800,4.325
2376.825,2.966
2376.850,3.038
2376.875,1.842
2376.900,5.131
2376.925,3.621
2376.950,4.434
2376.975,3.397
2377.000,2.867
2377.025,5.688
2377.050,5.631
2377.075,7.105
2377.100,5.140
2377.125,5.314
2377.150,4.176
2377.175,4.751
2377.200,5.292
2377.225,5.219
2377.250,5.627
2377.275,4.210
2377.300,6.262
2377.325,1.394
2377.350,1.856
2377.375,2.892
2377.400,5.065
2377.425,3.404
2377.450,3.683
2377.475,4.523
2377.500,4.811
2377.525,3.989
2377.550,4.032
2377.575,2.006
2377.600,2.654
2377.625,3.582
2377.650,4.478
2377.675,4.317
2377.700,3.312
2377.725,3.230
2377.750,3.707
2377.775,6.634
2377.800,4.396
2377.825,3.180
2377.850,7.818
2377.875,3.415
2377.900,6.448
2377.925,4.091
2377.950,4.556
2377.975,4.288
2378.000,4.418
2378.025,3.333
2378.050,6.897
2378.075,4.187
2378.100,4.584
2378.125,5.127
2378.150,3.410
2378.175,6.949
2378.200,5.613
2378.225,5.129
2378.250,2.915
2378.275,3.278
2378.300,4.930
2378.325,3.416
2378.350,2.860
2378.375,5.635
2378.400,3.941
2378.425,3.545
2378.450,4.688
2378.475,3.971
2378.500,7.134
2378.525,2.807
2378.550,4.281
2378.575,6.506
2378.600,3.160
2378.625,4.084
2378.650,5.882
2378.675,5.660
2378.700,2.505
2378.725,6.961
2378.750,4.564
2378.775,3.630
2378.800,5.665
2378.825,3.756
2378.850,2.396
2378.875,3.816
2378.900,3.110
2378.925,1.904
2378.950,4.056
2378.975,6.448
2379.000,4.453
2379.025,6.100
2379.050,3.613
2379.075,4.555
2379.100,6.321
2379.125,5.857
2379.150,2.817
2379.175,4.104
2379.200,4.550
2379.225,3.701
2379.250,5.211
2379.275,1.859
2379.300,3.499
2379.325,4.582
2379.350,2.769
2379.375,3.931
2379.400,4.556
2379.425,1.904
2379.450,4.686
2379.475,3.445
2379.500,2.497
2379.525,7.382
2379.550,3.834
2379.575,2.747
2379.600,4.132
2379.625,5.776
2379.650,4.433
2379.675,5.687
2379.700,2.969
2379.725,3.507
2379.750,2.421
2379.775,2.588
2379.800,4.708
2379.825,4.183
2379.850,6.008
2379.875,2.331
2379.900,5.143
2379.925,4.525
2379.950,5.726
2379.975,6.426
2380.000,4.706
2380.025,4.455
2380.050,5.264
2380.075,3.541
2380.100,2.286
2380.125,3.365
2380.150,5.717
2380.175,1.922
2380.200,2.238
2380.225,5.912
2380.250,6.890
2380.275,4.643
2380.300,5.411
2380.325,2.462
2380.350,4.119
2380.375,4.166
2380.400,4.628
2380.425,5.526
2380.450,7.885
2380.475,4.635
2380.500,5.041
2380.525,4.387
2380.550,4.606
2380.575,4.417
2380.600,4.801
2380.625,3.187
2380.650,3.459
2380.675,3.403
2380.700,6.058
2380.725,6.345
2380.750,5.015
2380.775,4.795
2380.800,4.560
2380.825,7.417
2380.850,4.567
2380.875,1.790
2380.900,1.418
2380.925,3.038
2380.950,3.400
2380.975,3.242
2381.000,5.652
2381.025,4.644
2381.050,3.157
2381.075,6.156
2381.100,1.154
2381.125,3.070
2381.150,3.852
2381.175,7.113
2381.200,2.536
2381.225,6.820
2381.250,1.751
2381.275,5.180
2381.300,5.673
2381.325,3.504
2381.350,4.502
2381.375,5.984
2381.400,5.750
2381.425,3.295
2381.450,3.726
2381.475,4.280
2381.500,4.887
2381.525,3.186
2381.550,2.903
2381.575,5.581
2381.600,5.346
2381.625,4.920
2381.650,4.890
2381.675,4.780
2381.700,4.626
2381.725,7.148
2381.750,4.318
2381.775,2.647
2381.800,2.811
2381.825,3.792
2381.850,5.486
2381.875,3.394
2381.900,7.335
2381.925,6.497
2381.950,3.204
2381.975,4.224
2382.000,3.968
2382.025,6.348
2382.050,3.197
2382.075,4.433
2382.100,5.797
2382.125,3.315
2382.150,2.887
2382.175,2.816
2382.200,4.025
2382.225,5.556
2382.250,4.426
2382.275,4.732
2382.300,5.818
2382.325,4.610
2382.350,4.593
2382.375,3.814
2382.400,7.566
2382.425,4.549
2382.450,4.592
2382.475,2.408
2382.500,2.793
2382.525,5.390
2382.550,4.053
2382.575,5.242
2382.600,4.646
2382.625,3.543
2382.650,3.472
2382.675,3.174
2382.700,5.783
2382.725,3.186
2382.750,3.921
2382.775,5.738
2382.800,3.100
2382.825,3.071
2382.850,4.378
2382.875,3.226
2382.900,2.049
2382.925,2.724
2382.950,6.870
2382.975,3.177
2383.000,5.979
2383.025,3.596
2383.050,3.044
2383.075,2.685
2383.100,4.844
2383.125,4.741
2383.150,5.148
2383.175,3.390
2383.200,5.577
2383.225,4.701
2383.250,6.003
2383.275,2.742
2383.300,3.874
2383.325,2.556
2383.350,3.508
2383.375,3.484
2383.400,2.963
2383.425,4.300
2383.450,5.555
2383.475,3.781
2383.500,2.815
2383.525,4.022
2383.550,2.243
2383.575,3.686
2383.600,4.344
2383.625,4.127
2383.650,3.557
2383.675,4.414
2383.700,2.427
2383.725,4.263
2383.750,2.757
2383.775,3.505
2383.800,5.013
2383.825,4.811
2383.850,4.970
2383.875,5.436
2383.900,3.168
2383.925,3.035
2383.950,7.006
2383.975,1.816
2384.000,6.346
2384.025,4.083
2384.050,7.489
2384.075,3.563
2384.100,2.926
2384.125,3.646
2384.150,4.595
2384.175,4.314
2384.200,3.880
2384.225,7.244
2384.250,5.740
2384.275,3.872
2384.300,6.900
2384.325,3.850
2384.350,6.170
2384.375,6.606
2384.400,7.050
2384.425,4.233
2384.450,4.582
2384.475,3.886
2384.500,4.970
2384.525,2.546
2384.550,5.954
2384.575,3.474
2384.600,3.752
2384.625,5.754
2384.650,3.343
2384.675,5.390
2384.700,4.257
2384.725,2.785
2384.750,1.627
2384.775,3.567
2384.800,6.353
2384.825,5.218
2384.850,4.415
2384.875,3.079
2384.900,4.271
2384.925,5.079
2384.950,8.215
2384.975,5.914
2385.000,5.891
2385.025,7.060
2385.050,4.656
2385.075,6.726
2385.100,7.411
2385.125,5.449
2385.150,5.089
2385.175,4.054
2385.200,2.817
2385.225,4.755
2385.250,5.485
2385.275,5.740
2385.300,3.459
2385.325,5.558
2385.350,5.527
2385.375,6.696
2385.400,3.551
2385.425,3.683
2385.450,2.773
2385.475,3.863
2385.500,5.575
2385.525,7.102
2385.550,3.417
2385.575,4.648
2385.600,2.771
2385.625,3.728
2385.650,5.042
2385.675,4.593
2385.700,4.324
2385.725,3.480
2385.750,5.876
2385.775,6.100
2385.800,3.806
2385.825,5.203
2385.850,5.243
2385.875,4.296
2385.900,7.747
2385.925,5.501
2385.950,3.763
2385.975,4.655
2386.000,4.801
2386.025,5.976
2386.050,4.386
2386.075,3.700
2386.100,2.944
2386.125,2.687
2386.150,6.258
2386.175,4.771
2386.200,5.030
2386.225,2.544
2386.250,4.850
2386.275,4.429
2386.300,2.524
2386.325,3.409
2386.350,4.731
2386.375,4.643
2386.400,3.465
2386.425,8.489
2386.450,4.323
2386.475,4.153
2386.500,3.029
2386.525,5.784
2386.550,3.784
2386.575,3.799
2386.600,2.109
2386.625,3.725
2386.650,3.513
2386.675,3.074
2386.700,4.355
2386.725,4.475
2386.750,4.522
2386.775,3.274
2386.800,6.315
2386.825,6.571
2386.850,3.077
2386.875,4.102
2386.900,2.730
2386.925,2.613
2386.950,2.066
2386.975,3.890
2387.000,3.896
2387.025,6.174
2387.050,4.671
2387.075,5.249
2387.100,5.541
2387.125,4.977
2387.150,4.598
2387.175,4.092
2387.200,8.378
2387.225,1.943
2387.250,5.076
2387.275,4.804
2387.300,3.952
2387.325,8.019
2387.350,3.829
2387.375,6.932
2387.400,3.131
2387.425,4.017
2387.450,3.041
2387.475,4.857
2387.500,3.783
2387.525,4.806
2387.550,6.479
2387.575,4.789
2387.600,4.974
2387.625,3.444
2387.650,3.327
2387.675,5.684
2387.700,5.338
2387.725,3.360
2387.750,4.200
2387.775,6.802
2387.800,3.721
2387.825,6.541
2387.850,4.381
2387.875,3.473
2387.900,3.278
2387.925,4.837
2387.950,3.747
2387.975,5.957
2388.000,6.747
2388.025,2.227
2388.050,4.557
2388.075,4.618
2388.100,4.080
2388.125,3.373
2388.150,3.073
2388.175,2.570
2388.200,5.385
2388.225,7.331
2388.250,4.029
2388.275,7.616
2388.300,3.425
2388.325,5.604
2388.350,4.585
2388.375,4.644
2388.400,3.684
2388.425,3.249
2388.450,7.196
2388.475,4.240
2388.500,3.472
2388.525,3.142
2388.550,2.821
2388.575,3.394
2388.600,5.525
2388.625,3.967
2388.650,2.573
2388.675,4.717
2388.700,2.736
2388.725,3.168
2388.750,5.969
2388.775,3.035
2388.800,3.128
2388.825,3.805
2388.850,2.987
2388.875,5.205
2388.900,3.917
2388.925,3.661
2388.950,3.872
2388.975,3.867
2389.000,4.205
2389.025,2.130
2389.050,5.110
2389.075,4.459
2389.100,6.351
2389.125,3.390
2389.150,4.539
2389.175,4.079
2389.200,3.823
2389.225,3.814
2389.250,6.238
2389.275,3.421
2389.300,4.391
2389.325,3.449
2389.350,8.127
2389.375,3.702
2389.400,7.838
2389.425,1.763
2389.450,2.575
2389.475,3.276
2389.500,4.346
2389.525,3.972
2389.550,2.676
2389.575,5.748
2389.600,4.217
2389.625,6.281
2389.650,3.468
2389.675,4.157
2389.700,6.222
2389.725,7.316
2389.750,4.416
2389.775,5.520
2389.800,4.486
2389.825,2.035
2389.850,3.981
2389.875,6.326
2389.900,4.404
2389.925,2.597
2389.950,2.118
2389.975,4.450
2390.000,3.791
2390.025,8.161
2390.050,4.078
2390.075,4.098
2390.100,9.341
2390.125,2.223
2390.150,4.502
2390.175,3.556
2390.200,4.572
2390.225,5.846
2390.250,3.925
2390.275,4.210
2390.300,4.821
2390.325,2.046
2390.350,3.939
2390.375,3.883
2390.400,3.675
2390.425,3.559
2390.450,3.664
2390.475,2.895
2390.500,4.951
2390.525,2.092
2390.550,3.721
2390.575,5.701
2390.600,9.477
2390.625,5.149
2390.650,3.953
2390.675,3.859
2390.700,3.663
2390.725,4.087
2390.750,4.607
2390.775,4.652
2390.800,6.552
2390.825,4.368
2390.850,3.883
2390.875,2.822
2390.900,3.264
2390.925,3.404
2390.950,6.424
2390.975,2.885
2391.000,6.544
2391.025,2.601
2391.050,5.100
2391.075,5.724
2391.100,3.966
2391.125,4.519
2391.150,3.268
2391.175,3.079
2391.200,4.034
2391.225,3.075
2391.250,2.562
2391.275,4.086
2391.300,2.980
2391.325,5.344
2391.350,4.500
2391.375,5.172
2391.400,5.171
2391.425,4.582
2391.450,5.740
2391.475,3.389
2391.500,3.510
2391.525,3.810
2391.550,4.127
2391.575,3.451
2391.600,4.385
2391.625,4.400
2391.650,5.359
2391.675,4.446
2391.700,1.608
2391.725,2.625
2391.750,5.218
2391.775,4.339
2391.800,4.299
2391.825,4.515
2391.850,3.300
2391.875,4.976
2391.900,2.898
2391.925,3.828
2391.950,3.144
2391.975,5.664
2392.000,6.286
2392.025,5.730
2392.050,3.665
2392.075,2.424
2392.100,5.380
2392.125,3.648
2392.150,2.036
2392.175,1.971
2392.200,4.730
2392.225,3.736
2392.250,4.018
2392.275,3.832
2392.300,3.640
2392.325,7.421
2392.350,3.657
2392.375,2.873
2392.400,3.785
2392.425,2.915
2392.450,4.611
2392.475,5.731
2392.500,4.845
2392.525,4.215
2392.550,3.639
2392.575,6.158
2392.600,3.287
2392.625,3.599
2392.650,4.039
2392.675,2.156
2392.700,3.238
2392.725,4.243
2392.750,4.329
2392.775,2.667
2392.800,5.599
2392.825,3.609
2392.850,6.116
2392.875,4.853
2392.900,3.350
2392.925,3.627
2392.950,4.252
2392.975,3.889
2393.000,4.150
2393.025,4.048
2393.050,1.703
2393.075,2.318
2393.100,5.269
2393.125,2.643
2393.150,3.513
2393.175,3.908
2393.200,5.575
2393.225,7.996
2393.250,4.000
2393.275,5.185
2393.300,2.857
2393.325,3.499
2393.350,4.782
2393.375,4.694
2393.400,7.909
2393.425,5.763
2393.450,7.015
2393.475,5.730
2393.500,8.422
2393.525,3.620
2393.550,4.885
2393.575,3.665
2393.600,5.176
2393.625,2.023
2393.650,4.212
2393.675,4.303
2393.700,4.939
2393.725,4.767
2393.750,4.104
2393.775,3.590
2393.800,4.915
2393.825,3.925
2393.850,5.268
2393.875,4.178
2393.900,5.353
2393.925,8.044
2393.950,4.787
2393.975,4.189
2394.000,5.915
2394.025,3.879
2394.050,3.541
2394.075,5.703
2394.100,6.016
2394.125,5.494
2394.150,3.524
2394.175,4.538
2394.200,7.270
2394.225,3.459
2394.250,5.582
2394.275,5.120
2394.300,3.747
2394.325,3.637
2394.350,3.471
2394.375,4.603
2394.400,3.106
2394.425,5.805
2394.450,2.827
2394.475,5.434
2394.500,2.865
2394.525,2.620
2394.550,5.923
2394.575,5.965
2394.600,3.857
2394.625,4.659
2394.650,6.799
2394.675,4.026
2394.700,4.922
2394.725,2.568
2394.750,3.519
2394.775,3.812
2394.800,3.883
2394.825,3.389
2394.850,5.714
2394.875,3.495
2394.900,9.605
2394.925,3.369
2394.950,3.037
2394.975,2.917
2395.000,4.078
2395.025,3.999
2395.050,4.490
2395.075,5.359
2395.100,3.235
2395.125,6.283
2395.150,2.826
2395.175,5.151
2395.200,4.266
2395.225,5.173
2395.250,3.689
2395.275,2.863
2395.300,5.505
2395.325,4.381
2395.350,5.186
2395.375,5.272
2395.400,5.175
2395.425,3.093
2395.450,3.035
2395.475,6.503
2395.500,6.114
2395.525,3.595
2395.550,4.044
2395.575,3.888
2395.600,5.594
2395.625,4.261
2395.650,4.533
2395.675,2.660
2395.700,2.787
2395.725,4.047
2395.750,4.928
2395.775,3.145
2395.800,8.104
2395.825,3.870
2395.850,4.881
2395.875,3.800
2395.900,4.251
2395.925,1.568
2395.950,4.192
2395.975,4.025
2396.000,4.760
2396.025,5.163
2396.050,6.257
2396.075,2.398
2396.100,3.333
2396.125,1.778
2396.150,6.446
2396.175,2.822
2396.200,4.707
2396.225,4.335
2396.250,3.437
2396.275,4.710
2396.300,2.013
2396.325,4.785
2396.350,5.618
2396.375,2.577
2396.400,8.057
2396.425,3.680
2396.450,5.221
2396.475,3.528
2396.500,3.414
2396.525,4.332
2396.550,4.847
2396.575,3.759
2396.600,4.738
2396.625,4.458
2396.650,4.381
2396.675,6.042
2396.700,6.260
2396.725,5.397
2396.750,2.975
2396.775,4.745
2396.800,1.731
2396.825,4.154
2396.850,4.229
2396.875,3.769
2396.900,2.970
2396.925,5.844
2396.950,4.384
2396.975,3.391
2397.000,5.189
2397.025,5.711
2397.050,2.898
2397.075,3.163
2397.100,5.280
2397.125,3.832
2397.150,1.974
2397.175,2.327
2397.200,4.799
2397.225,5.404
2397.250,4.337
2397.275,4.352
2397.300,4.749
2397.325,3.951
2397.350,4.585
2397.375,4.729
2397.400,2.306
2397.425,4.176
2397.450,4.798
2397.475,4.867
2397.500,2.484
2397.525,5.122
2397.550,2.981
2397.575,5.076
2397.600,4.957
2397.625,1.730
2397.650,2.538
2397.675,4.254
2397.700,4.580
2397.725,3.202
2397.750,4.171
2397.775,4.048
2397.800,4.365
2397.825,3.650
2397.850,5.002
2397.875,4.288
2397.900,3.048
2397.925,4.671
2397.950,5.321
2397.975,4.349
2398.000,2.364
2398.025,4.176
2398.050,4.730
2398.075,5.635
2398.100,7.235
2398.125,3.641
2398.150,5.101
2398.175,4.610
2398.200,5.488
2398.225,7.999
2398.250,4.161
2398.275,4.465
2398.300,4.746
2398.325,2.713
2398.350,4.242
2398.375,4.234
2398.400,3.403
2398.425,6.335
2398.450,5.191
2398.475,5.127
2398.500,2.543
2398.525,6.451
2398.550,3.291
2398.575,4.682
2398.600,7.328
2398.625,2.497
2398.650,4.220
2398.675,4.553
2398.700,2.074
2398.725,4.334
2398.750,3.433
2398.775,4.576
2398.800,3.024
2398.825,5.109
2398.850,3.726
2398.875,4.764
2398.900,5.306
2398.925,5.518
2398.950,4.637
2398.975,3.290
2399.000,3.375
2399.025,3.400
2399.050,7.043
2399.075,4.208
2399.100,5.079
2399.125,3.949
2399.150,2.631
2399.175,3.272
2399.200,4.380
2399.225,2.756
2399.250,4.201
2399.275,3.450
2399.300,5.104
2399.325,3.581
2399.350,4.547
2399.375,3.988
2399.400,7.053
2399.425,5.943
2399.450,5.929
2399.475,4.032
2399.500,3.941
2399.525,5.547
2399.550,6.077
2399.575,2.838
2399.600,4.716
2399.625,6.369
2399.650,4.839
2399.675,3.494
2399.700,3.019
2399.725,2.470
2399.750,1.988
2399.775,5.471
2399.800,4.209
2399.825,3.602
2399.850,3.200
2399.875,5.373
2399.900,5.603
2399.925,2.967
2399.950,7.588
2399.975,5.816
2400.000,5.749
