50.000,
50.108,
50.217,
50.325,
50.434,
50.542,
50.651,
50.759,
50.868,
50.976,
51.085,
51.193,
51.302,
51.410,
51.519,
51.627,
51.736,
51.844,
51.953,
52.061,
52.170,
52.278,
52.387,
52.495,
52.603,
52.712,
52.820,
52.929,
53.037,
53.146,
53.254,
53.363,
53.471,
53.580,
53.688,
53.797,
53.905,
54.014,
54.122,
54.231,
54.339,
54.448,
54.556,
54.665,
54.773,
54.882,
54.990,
55.098,
55.207,
55.315,
55.424,-83.105
,-82.584
,-82.440
,-81.716
,-83.088
,-82.594
,-80.329
,-82.335
,-82.364
,-82.465
55.532,
,-82.645
,-83.006
,-80.404
,-81.584
,-81.853
,-82.175
,-81.332
,-82.000
,-82.046
55.641,
,-82.249
,-79.453
,-79.349
,-82.114
,-82.687
,-81.438
,-80.187
,-79.131
,-81.305
55.749,
,-81.881
,-80.999
,-80.355
,-81.886
,-81.835
,-82.542
,-81.698
,-76.012
,-81.586
55.858,
,-82.266
,-80.866
,-82.931
,-82.807
,-82.166
,-82.724
,-83.447
,-82.434
,-83.184
,-83.307
55.966,
,-83.766
,-84.213
,-77.825
,-81.893
,-82.109
,-84.013
,-84.426
,-85.079
,-83.799
56.075,
,-83.657
,-84.400
,-84.227
,-82.369
,-82.333
,-83.454
,-82.766
,-74.335
,-80.409
56.183,
,-82.114
,-82.846
,-83.704
,-83.805
,-85.082
,-84.852
,-84.638
,-84.585
,-84.781
56.292,
,-84.377
,-84.083
,-83.541
,-78.571
,-84.028
,-84.823
,-85.226
,-84.070
,-84.662
56.400,
,-83.340
,-83.253
,-85.313
,-82.757
,-79.274
,-83.834
,-83.825
,-83.333
,-77.376
,-82.055
56.509,
,-82.950
,-83.532
,-83.752
,-82.555
,-82.522
,-81.631
,-82.350
,-81.934
,-81.768
56.617,
,-82.085
,-81.924
,-81.793
,-77.959
,-79.372
,-81.202
,-81.091
,-81.183
,-80.990
56.726,
,-80.912
,-80.870
,-81.234
,-80.538
,-81.161
,-80.946
,-81.010
,-82.103
,-81.475
56.834,
,-77.553
,-82.250
,-82.520
,-83.483
,-83.829
,-83.887
,-84.860
,-84.822
,-84.602
,-85.883
56.943,
,-85.507
,-86.349
,-85.834
,-85.082
,-80.784
,-84.373
,-84.653
,-84.549
,-83.976
57.051,
,-83.730
,-83.956
,-83.258
,-82.772
,-83.091
,-82.964
,-82.858
,-83.215
,-81.935
57.160,
,-77.644
,-82.742
,-82.847
,-83.007
,-83.198
,-82.920
,-83.538
,-83.411
,-83.175
57.268,
,-83.510
,-83.893
,-84.172
,-84.231
,-84.232
,-82.678
,-82.581
,-83.318
,-83.595
57.377,
,-82.384
,-82.913
,-83.657
,-83.251
,-80.109
,-83.174
,-83.208
,-83.189
,-82.345
,-81.652
57.485,
,-81.356
,-82.148
,-81.819
,-81.483
,-82.065
,-81.965
,-81.928
,-81.953
,-81.835
57.593,
,-82.309
,-82.490
,-81.445
,-81.950
,-81.376
,-81.761
,-81.650
,-82.524
,-82.274
57.702,
,-82.958
,-82.583
,-82.466
,-83.268
,-82.668
,-82.717
,-83.035
,-82.062
,-82.769
57.810,
,-79.630
,-80.193
,-77.864
,-81.982
,-83.105
,-82.956
,-82.820
,-81.226
,-79.644
,-79.893
57.919,
,-82.710
,-82.544
,-82.788
,-82.632
,-82.758
,-82.751
,-80.349
,-83.530
,-83.311
58.027,
,-83.077
,-68.267
,-68.303
,-79.598
,-81.661
,-82.101
,-82.890
,-82.738
,-83.370
58.136,
,-82.289
,-81.347
,-75.547
,-82.381
,-80.477
,-80.945
,-78.287
,-77.493
,-78.500
58.244,
,-79.726
,-80.763
,-80.797
,-80.146
,-80.125
,-80.516
,-79.312
,-78.057
,-79.483
58.353,
,-80.194
,-79.701
,-79.163
,-78.957
,-80.119
,-80.512
,-81.015
,-81.178
,-81.573
,-80.869
58.461,
,-81.118
,-81.705
,-76.963
,-80.505
,-79.155
,-79.168
,-81.599
,-81.761
,-82.792
58.570,
,-81.930
,-83.165
,-82.736
,-82.880
,-84.448
,-83.819
,-84.138
,-80.103
,-82.370
58.678,
,-80.482
,-84.603
,-84.779
,-84.669
,-83.855
,-84.643
,-85.448
,-84.511
,-85.067
58.787,
,-85.575
,-84.888
,-84.114
,-81.221
,-79.661
,-83.129
,-84.530
,-82.918
,-84.113
58.895,
,-83.268
,-83.513
,-83.370
,-83.365
,-83.559
,-84.094
,-83.884
,-82.752
,-79.736
,-80.850
59.004,
,-82.573
,-83.254
,-83.420
,-84.442
,-84.700
,-84.618
,-84.265
,-83.972
,-78.107
59.112,
,-81.034
,-84.857
,-84.235
,-84.587
,-80.616
,-83.599
,-84.206
,-83.888
,-83.987
59.221,
,-84.436
,-84.291
,-84.790
,-83.267
,-79.004
,-78.276
,-76.786
,-83.589
,-82.890
59.329,
,-81.725
,-81.925
,-83.686
,-84.144
,-83.440
,-84.081
,-83.700
,-82.686
,-83.670
,-83.638
59.438,
,-81.886
,-83.067
,-83.393
,-82.988
,-80.257
,-83.444
,-81.500
,-83.511
,-82.162
59.546,
,-82.365
,-84.323
,-84.276
,-83.803
,-82.552
,-84.520
,-85.597
,-84.434
,-84.163
59.655,
,-80.945
,-83.573
,-85.779
,-85.296
,-84.873
,-84.706
,-84.904
,-84.881
,-85.308
59.763,
,-85.091
,-86.329
,-84.754
,-85.285
,-86.225
,-84.393
,-84.782
,-85.443
,-85.829
59.872,
,-81.817
,-81.200
,-85.493
,-80.403
,-86.691
,-85.696
,-84.882
,-83.208
,-84.704
,-86.144
59.980,
,-84.893
,-80.842
,-85.755
,-85.711
,-84.639
,-85.061
,-83.822
,-84.649
,-86.001
60.088,
,-85.613
,-85.880
,-85.095
,-86.072
,-86.661
,-86.047
,-83.972
,-85.868
,-86.049
60.197,
,-83.460
,-82.832
,-86.254
,-85.155
,-85.360
,-84.299
,-86.661
,-82.520
,-78.653
60.305,
,-81.963
,-86.348
,-83.654
,-86.954
,-86.147
,-84.565
,-84.827
,-81.578
,-78.361
,-79.460
60.414,
,-84.964
,-87.110
,-86.185
,-86.521
,-87.464
,-88.023
,-86.265
,-87.168
,-82.093
60.522,
,-87.537
,-84.601
,-81.895
,-83.464
,-86.930
,-86.205
,-87.084
,-87.940
,-85.727
60.631,
,-80.821
,-80.971
,-82.144
,-86.046
,-86.878
,-87.499
,-87.538
,-86.940
,-86.281
60.739,
,-80.366
,-80.030
,-86.418
,-87.618
,-86.649
,-86.977
,-84.865
,-81.150
,-78.064
60.848,
,-79.278
,-85.507
,-85.454
,-86.933
,-86.893
,-86.775
,-82.227
,-81.540
,-86.655
,-87.172
60.956,
,-84.975
,-86.352
,-86.897
,-83.597
,-86.113
,-86.410
,-87.447
,-86.000
,-87.769
61.065,
,-79.979
,-80.662
,-88.900
,-87.662
,-87.000
,-85.206
,-87.093
,-88.239
,-85.060
61.173,
,-83.603
,-85.761
,-87.186
,-86.194
,-86.901
,-86.692
,-87.047
,-88.054
,-85.689
61.282,
,-84.293
,-84.198
,-85.956
,-84.857
,-81.385
,-82.434
,-83.819
,-84.460
,-83.714
,-83.551
61.390,
,-83.603
,-83.827
,-84.391
,-82.828
,-82.769
,-82.404
,-81.882
,-82.899
,-81.449
61.499,
,-83.202
,-83.585
,-83.489
,-82.136
,-82.980
,-82.370
,-82.152
,-82.117
,-83.411
61.607,
,-83.454
,-80.371
,-80.725
,-82.405
,-79.316
,-83.517
,-82.049
,-83.845
,-85.481
61.716,
,-84.876
,-84.487
,-82.944
,-85.434
,-86.081
,-85.460
,-78.684
,-85.253
,-85.198
61.824,
,-83.215
,-84.588
,-83.173
,-84.088
,-84.906
,-82.362
,-82.111
,-82.663
,-82.855
,-81.220
61.933,
62.041,
62.150,
62.258,
62.367,
62.475,
62.583,
62.692,
62.800,
62.909,
63.017,
63.126,
63.234,
63.343,
63.451,
63.560,
63.668,
63.777,
63.885,
63.994,
64.102,
64.211,
64.319,
64.428,
64.536,
64.645,
64.753,
64.862,
64.970,
65.078,
65.187,
65.295,
65.404,
65.512,
65.621,
65.729,
65.838,
65.946,
66.055,
66.163,
66.272,
66.380,
66.489,
66.597,
66.706,
66.814,
66.923,
67.031,
67.140,
67.248,
67.357,
67.465,
67.573,
67.682,
67.790,
67.899,
68.007,
68.116,
68.224,
68.333,
68.441,
68.550,
68.658,
68.767,
68.875,
68.984,
69.092,
69.201,
69.309,
69.418,
69.526,
69.635,
69.743,
69.852,
69.960,
70.068,
70.177,
70.285,
70.394,
70.502,
70.611,
70.719,
70.828,
70.936,
71.045,
71.153,
71.262,
71.370,
71.479,
71.587,
71.696,
71.804,
71.913,
72.021,
72.130,
72.238,
72.347,
72.455,
72.563,
72.672,
72.780,
72.889,
72.997,
73.106,
73.214,
73.323,
73.431,
73.540,
73.648,
73.757,
73.865,
73.974,
74.082,
74.191,
74.299,
74.408,
74.516,
74.625,
74.733,
74.842,
74.950,
75.058,
75.167,
75.275,
75.384,
75.492,
75.601,
75.709,
75.818,
75.926,
76.035,
76.143,
76.252,
76.360,
76.469,
76.577,
76.686,
76.794,
76.903,
77.011,
77.120,
77.228,
77.337,
77.445,
77.553,
77.662,
77.770,
77.879,
77.987,
78.096,
78.204,
78.313,
78.421,
78.530,
78.638,
78.747,
78.855,
78.964,
79.072,
79.181,
79.289,
79.398,
79.506,
79.615,
79.723,
79.832,
79.940,
80.048,
80.157,
80.265,
80.374,
80.482,
80.591,
80.699,
80.808,
80.916,
81.025,
81.133,
81.242,
81.350,
81.459,
81.567,
81.676,
81.784,
81.893,
82.001,
82.110,
82.218,
82.327,
82.435,
82.543,
82.652,
82.760,
82.869,
82.977,
83.086,
83.194,
83.303,
83.411,
83.520,
83.628,
83.737,
83.845,
83.954,
84.062,
84.171,
84.279,
84.388,
84.496,
84.605,
84.713,
84.822,
84.930,
85.038,
85.147,
85.255,
85.364,
85.472,
85.581,
85.689,
85.798,
85.906,
86.015,
86.123,
86.232,
86.340,
86.449,
86.557,
86.666,
86.774,
86.883,
86.991,
87.100,
87.208,
87.317,
87.425,
87.533,
87.642,
87.750,
87.859,
87.967,
88.076,
88.184,
88.293,
88.401,
88.510,
88.618,
88.727,
88.835,
88.944,
89.052,
89.161,
89.269,
89.378,
89.486,
89.595,
89.703,
89.812,
89.920,
90.028,
90.137,
90.245,
90.354,
90.462,
90.571,
90.679,
90.788,
90.896,
91.005,
91.113,
91.222,
91.330,
91.439,
91.547,
91.656,
91.764,
91.873,
91.981,
92.090,
92.198,
92.307,
92.415,
92.523,
92.632,
92.740,
92.849,
92.957,
93.066,
93.174,
93.283,
93.391,-75.387
,-76.968
,-81.671
,-82.620
,-83.510
,-85.632
,-85.338
,-84.658
,-84.641
,-84.960
,-88.323
,-88.213
,-87.278
,-82.613
,-82.122
,-86.069
,-86.998
,-84.877
,-82.612
,-84.221
,-81.745
,-81.591
,-84.153
,-86.074
,-83.324
,-81.782
,-82.944
,-80.920
,-81.500
,-85.566
,-82.673
,-82.369
,-81.819
,-83.427
,-79.512
,-79.777
,-84.516
,-84.587
,-82.621
,-82.620
,-81.907
,-79.276
,-79.960
,-85.043
,-86.049
,-83.484
,-83.663
,-82.826
,-82.152
,-85.847
,-85.655
,-87.797
,-84.200
,-84.187
,-82.155
,-81.698
,-85.813
,-85.581
,-85.678
,-88.773
,-89.971
,-85.240
,-84.868
,-88.007
,-85.995
,-86.434
,-86.135
,-86.132
,-85.734
,-85.493
,-87.050
,-86.815
,-88.205
,-84.254
,-83.626
,-82.165
,-80.763
,-80.604
,-78.762
,-78.936
,-79.294
,-78.388
,-77.797
,-78.708
,-78.198
,-78.097
,-78.781
,-78.805
,-76.276
,-76.216
,-78.456
,-80.335
,-82.891
93.500,
,-82.461
,-83.633
,-84.148
,-84.796
,-86.876
,-86.151
,-86.957
,-88.869
,-89.065
,-86.946
,-87.370
,-89.889
,-91.434
,-91.681
,-94.071
,-93.463
,-90.942
,-91.446
,-92.309
,-92.890
,-93.578
,-92.223
,-92.282
,-90.838
,-91.515
,-89.781
,-88.741
,-90.930
,-90.673
,-88.754
,-88.521
,-89.548
,-89.376
,-90.334
,-91.937
,-91.425
,-88.747
,-86.651
,-86.821
,-90.464
,-91.284
,-89.807
,-89.959
,-93.010
,-91.880
,-88.330
,-88.260
,-90.547
,-90.682
,-90.730
,-90.735
,-91.114
,-90.926
,-89.250
,-89.082
,-91.473
,-90.841
,-91.233
,-91.635
,-92.118
,-92.173
,-92.478
,-91.998
,-93.823
,-92.406
,-93.349
,-93.505
,-92.352
,-92.078
,-91.784
,-93.985
,-92.583
,-93.517
,-94.389
,-94.205
,-93.650
,-93.885
,-92.394
,-91.102
,-92.411
,-93.669
,-94.699
,-93.567
,-93.177
,-93.239
,-93.704
,-94.735
,-95.801
,-93.306
,-93.329
,-93.510
,-93.486
93.608,
,-93.287
,-92.707
,-92.711
,-93.085
,-91.658
,-91.623
,-91.758
,-91.755
,-91.660
,-93.728
,-92.597
,-92.536
,-93.615
,-91.165
,-91.590
,-92.420
,-90.542
,-90.745
,-93.630
,-91.923
,-92.116
,-92.587
,-92.914
,-91.143
,-91.305
,-93.191
,-91.748
,-91.794
,-92.527
,-94.093
,-92.643
,-92.628
,-92.889
,-92.372
,-89.777
,-89.796
,-90.928
,-92.784
,-90.642
,-90.501
,-91.716
,-92.468
,-91.047
,-90.759
,-91.472
,-92.769
,-91.624
,-89.999
,-90.484
,-92.337
,-90.605
,-90.308
,-92.874
,-92.950
,-92.620
,-91.620
,-92.201
,-93.535
,-92.058
,-90.668
,-90.876
,-91.637
,-91.748
,-92.351
,-90.797
,-90.639
,-91.589
,-90.498
,-89.678
,-88.445
,-90.592
,-91.888
,-89.978
,-89.440
,-89.273
,-85.723
,-85.995
,-89.217
,-89.635
,-88.341
,-88.712
,-89.467
,-89.126
,-90.374
,-90.884
,-91.326
,-91.402
,-89.256
,-89.432
,-91.950
,-90.229
,-90.148
93.717,
,-90.624
,-91.697
,-91.366
,-92.788
,-94.208
,-93.384
,-93.552
,-92.219
,-91.202
,-93.458
,-91.981
,-93.194
,-93.179
,-93.279
,-92.463
,-92.702
,-91.793
,-91.542
,-91.928
,-91.838
,-92.636
,-92.753
,-93.141
,-91.749
,-92.788
,-92.894
,-93.161
,-93.534
,-92.472
,-93.823
,-91.481
,-91.435
,-94.715
,-93.593
,-93.655
,-94.781
,-92.399
,-91.010
,-91.941
,-94.439
,-93.534
,-93.279
,-95.162
,-91.545
,-91.109
,-93.547
,-93.140
,-93.753
,-94.178
,-94.314
,-91.666
,-90.846
,-92.175
,-92.271
,-94.405
,-93.983
,-94.015
,-92.859
,-93.063
,-93.664
,-94.610
,-94.938
,-94.356
,-94.982
,-94.918
,-95.048
,-95.501
,-93.845
,-93.734
,-93.608
,-93.200
,-94.465
,-95.566
,-95.107
,-94.746
,-94.631
,-94.220
,-94.578
,-94.742
,-93.896
,-94.145
,-95.315
,-95.160
,-96.191
,-94.705
,-93.201
,-94.033
,-95.337
,-94.140
,-93.309
,-95.121
,-93.636
93.825,
,-93.824
,-96.452
,-94.285
,-94.089
,-94.462
,-91.650
,-91.175
,-91.418
,-93.079
,-91.653
,-91.583
,-91.215
,-91.233
,-89.614
,-89.765
,-89.836
,-90.246
,-91.519
,-90.986
,-91.602
,-91.754
,-88.817
,-89.013
,-91.499
,-91.788
,-92.701
,-93.502
,-92.526
,-91.883
,-92.018
,-91.999
,-93.606
,-95.539
,-94.617
,-94.536
,-96.011
,-95.405
,-93.876
,-94.068
,-95.175
,-96.516
,-97.673
,-94.444
,-94.421
,-95.302
,-94.456
,-93.514
,-94.570
,-94.826
,-97.631
,-94.939
,-94.894
,-97.023
,-97.763
,-96.533
,-96.883
,-97.106
,-97.144
,-97.315
,-98.119
,-97.622
,-96.555
,-97.747
,-96.623
,-96.984
,-98.069
,-97.707
,-97.809
,-98.257
,-97.311
,-96.019
,-96.000
,-98.105
,-96.531
,-95.708
,-95.822
,-97.987
,-97.651
,-94.962
,-95.897
,-99.534
,-99.483
,-98.526
,-99.088
,-96.963
,-96.866
,-96.249
,-97.314
,-96.251
,-95.986
,-96.478
,-95.615
93.934,
,-94.994
,-96.120
,-92.300
,-91.820
,-94.550
,-97.730
,-99.369
,-98.359
,-97.203
,-99.475
,-99.513
,-96.965
,-96.663
,-97.245
,-97.314
,-94.491
,-95.399
,-97.499
,-97.734
,-97.811
,-97.387
,-98.008
,-96.306
,-95.422
,-95.324
,-95.383
,-98.567
,-97.233
,-97.126
,-97.108
,-97.132
,-96.925
,-97.338
,-95.392
,-92.826
,-93.287
,-95.830
,-93.329
,-93.337
,-95.271
,-95.714
,-96.789
,-98.087
,-95.632
,-93.317
,-93.483
,-90.375
,-91.333
,-95.667
,-94.382
,-93.354
,-91.434
,-90.745
,-88.716
,-88.569
,-89.618
,-86.745
,-85.868
,-85.514
,-82.100
,-82.455
,-85.702
,-88.380
,-88.976
,-90.169
,-90.329
,-91.159
,-91.740
,-92.044
,-92.400
,-94.485
,-94.017
,-92.188
,-92.001
,-93.703
,-96.024
,-95.397
,-94.829
,-92.947
,-92.959
,-94.413
,-94.157
,-94.278
,-92.773
,-93.534
,-94.829
,-96.796
,-95.799
,-95.561
,-96.215
,-96.049
,-96.520
,-97.242
94.042,
,-97.777
,-95.476
,-95.600
,-95.700
,-95.366
,-95.987
,-97.191
,-94.311
,-94.182
,-95.183
,-95.710
,-93.849
,-93.660
,-94.610
,-96.505
,-95.491
,-95.400
,-95.962
,-95.342
,-95.355
,-96.121
,-96.629
,-96.238
,-96.305
,-97.010
,-96.684
,-97.279
,-97.978
,-97.060
,-96.339
,-96.752
,-96.558
,-96.034
,-95.421
,-95.186
,-94.934
,-96.834
,-97.200
,-96.982
,-98.477
,-95.492
,-95.534
,-95.740
,-96.583
,-95.988
,-96.038
,-97.227
,-96.599
,-95.951
,-95.568
,-95.883
,-96.998
,-96.590
,-97.552
,-97.682
,-97.829
,-97.223
,-97.000
,-96.862
,-96.508
,-95.296
,-96.376
,-97.407
,-96.864
,-96.926
,-94.951
,-94.749
,-96.172
,-95.691
,-95.503
,-94.898
,-95.428
,-94.484
,-94.642
,-94.872
,-94.849
,-93.724
,-94.411
,-96.070
,-93.327
,-93.543
,-95.521
,-93.865
,-94.701
,-96.106
,-95.563
,-94.424
,-94.682
,-95.722
,-94.003
,-94.480
,-95.416
94.151,
,-94.316
,-94.264
,-93.866
,-92.581
,-91.614
,-90.937
,-93.572
,-93.486
,-93.366
,-93.222
,-93.365
,-93.438
,-92.139
,-91.271
,-92.654
,-93.629
,-93.258
,-93.974
,-93.441
,-93.099
,-93.376
,-92.142
,-92.059
,-93.568
,-92.703
,-92.881
,-93.044
,-91.953
,-92.947
,-92.451
,-92.205
,-93.854
,-91.910
,-91.705
,-92.605
,-93.468
,-92.878
,-93.893
,-94.447
,-94.521
,-95.133
,-95.276
,-95.726
,-95.669
,-95.052
,-93.777
,-93.559
,-96.992
,-94.876
,-93.531
,-93.691
,-92.804
,-92.451
,-92.425
,-91.778
,-93.423
,-93.660
,-92.605
,-92.966
,-93.085
,-95.567
,-96.174
,-95.736
,-96.636
,-96.246
,-95.204
,-94.851
,-95.480
,-95.507
,-95.681
,-96.709
,-95.393
,-95.115
,-95.149
,-93.888
,-94.469
,-96.631
,-96.527
,-96.764
,-96.939
,-95.224
,-94.508
,-94.644
,-96.570
,-96.448
,-95.507
,-95.311
,-96.212
,-95.773
,-92.820
,-91.680
,-91.654
94.259,
,-91.503
,-92.968
,-93.388
,-93.487
,-93.574
,-93.755
,-93.815
,-93.503
,-94.496
,-95.416
,-96.122
,-94.453
,-96.202
,-95.229
,-94.406
,-93.764
,-94.745
,-93.805
,-91.169
,-91.210
,-94.283
,-95.067
,-95.206
,-94.731
,-94.702
,-93.254
,-93.358
,-94.628
,-96.904
,-97.801
,-97.213
,-96.893
,-97.379
,-97.287
,-98.184
,-95.742
,-93.840
,-93.931
,-95.660
,-93.314
,-93.412
,-94.891
,-92.373
,-90.850
,-92.299
,-94.387
,-95.154
,-95.313
,-95.440
,-94.932
,-95.117
,-94.513
,-91.919
,-92.099
,-94.762
,-94.449
,-93.811
,-94.321
,-94.271
,-93.830
,-94.790
,-95.313
,-96.015
,-94.015
,-93.498
,-94.708
,-94.783
,-92.185
,-92.206
,-93.945
,-92.139
,-91.794
,-91.433
,-91.795
,-92.199
,-92.827
,-93.437
,-94.094
,-93.531
,-93.956
,-95.921
,-95.978
,-96.906
,-97.860
,-96.058
,-95.877
,-97.371
,-96.754
,-94.587
,-95.009
,-95.689
,-94.895
94.368,
,-96.476
,-95.390
,-95.996
,-97.386
,-94.799
,-94.963
,-95.605
,-96.025
,-95.974
,-96.052
,-95.685
,-95.483
,-98.176
,-96.621
,-96.064
,-97.211
,-97.622
,-97.552
,-95.637
,-95.726
,-96.291
,-97.035
,-97.897
,-97.746
,-97.702
,-97.767
,-97.453
,-97.002
,-96.165
,-96.506
,-96.621
,-95.957
,-95.401
,-97.572
,-98.292
,-97.737
,-96.160
,-96.342
,-95.335
,-95.815
,-97.684
,-97.951
,-96.717
,-97.349
,-97.167
,-95.419
,-95.621
,-96.347
,-97.664
,-97.479
,-97.503
,-97.836
,-98.511
,-97.058
,-96.410
,-94.019
,-95.100
,-96.481
,-97.509
,-97.645
,-97.695
,-97.145
,-96.939
,-97.037
,-97.207
,-95.502
,-95.276
,-95.726
,-95.933
,-95.824
,-96.660
,-96.239
,-93.957
,-92.887
,-93.962
,-94.709
,-94.278
,-94.251
,-95.192
,-94.283
,-94.240
,-93.351
,-94.055
,-95.290
,-94.896
,-94.554
,-95.149
,-96.137
,-94.686
,-94.146
,-95.803
,-95.983
94.476,
,-94.902
,-96.756
,-95.565
,-94.826
,-95.115
,-93.741
,-92.779
,-92.517
,-93.677
,-92.504
,-92.279
,-94.153
,-93.311
,-92.963
,-93.492
,-92.957
,-92.866
,-93.890
,-93.502
,-87.897
,-87.894
,-92.745
,-92.863
,-92.788
,-92.257
,-92.210
,-92.459
,-92.401
,-94.099
,-92.450
,-92.802
,-93.263
,-93.207
,-89.204
,-89.023
,-92.656
,-92.073
,-90.998
,-91.710
,-90.463
,-89.545
,-89.307
,-90.543
,-88.953
,-88.147
,-89.039
,-87.584
,-86.984
,-87.170
,-84.199
,-83.644
,-86.720
,-86.340
,-84.519
,-82.534
,-82.223
,-81.909
,-81.386
,-85.094
,-81.872
,-74.166
,-73.251
,-75.137
,-82.898
,-85.656
,-85.469
,-85.640
,-82.143
,-81.693
,-85.514
,-89.596
,-90.031
,-89.442
,-89.846
,-86.801
,-87.122
,-91.911
,-92.742
,-92.768
,-93.577
,-92.118
,-91.289
,-92.351
,-92.669
,-92.592
,-92.895
,-92.614
,-94.074
,-93.448
,-92.791
,-90.137
,-91.204
94.585,-93.278
,-93.643
,-92.877
,-93.582
,-93.723
,-96.525
,-96.684
,-95.422
,-94.590
,-93.660
,-92.918
,-95.029
,-94.143
,-94.523
,-95.257
,-92.153
,-91.702
,-93.849
,-92.635
,-91.945
,-92.815
,-92.501
,-92.019
,-91.027
,-90.948
,-92.799
,-88.338
,-86.957
,-88.838
,-92.319
,-92.057
,-93.311
,-92.038
,-91.903
,-93.837
,-93.921
,-93.952
,-95.053
,-95.832
,-94.766
,-93.999
,-94.035
,-94.709
,-94.487
,-93.034
,-91.955
,-92.473
,-97.469
,-94.030
,-94.928
,-94.914
,-95.495
,-92.923
,-92.812
,-93.139
,-92.338
,-92.800
,-94.053
,-92.344
,-89.101
,-89.495
,-93.691
,-94.766
,-95.793
,-95.718
,-94.081
,-93.898
,-93.901
,-94.144
,-94.441
,-96.097
,-92.525
,-91.396
,-94.008
,-95.167
,-94.622
,-94.704
,-95.274
,-95.082
,-95.345
,-95.956
,-96.151
,-92.991
,-93.379
,-93.641
,-93.641
,-95.120
,-95.842
,-93.670
,-94.259
,-94.267
,-94.388
,-94.541
94.693,
,-94.430
,-95.937
,-97.482
,-95.209
,-95.290
,-95.022
,-95.008
,-96.751
,-94.891
,-95.150
,-95.828
,-95.681
,-95.056
,-93.182
,-92.924
,-93.965
,-95.118
,-93.483
,-92.271
,-92.375
,-94.434
,-94.129
,-93.987
,-92.559
,-92.917
,-95.318
,-94.026
,-93.336
,-93.873
,-96.303
,-94.764
,-94.744
,-96.325
,-95.940
,-96.437
,-96.297
,-96.215
,-97.192
,-95.594
,-96.053
,-96.870
,-96.055
,-95.644
,-95.296
,-96.414
,-95.983
,-95.602
,-95.287
,-96.391
,-94.050
,-93.350
,-95.610
,-94.988
,-96.445
,-96.881
,-95.803
,-94.046
,-93.030
,-94.399
,-95.114
,-94.557
,-94.368
,-94.158
,-93.829
,-93.814
,-94.165
,-94.095
,-93.970
,-94.891
,-95.038
,-95.061
,-93.674
,-93.895
,-94.057
,-94.995
,-94.197
,-93.961
,-92.888
,-92.614
,-93.329
,-91.491
,-91.041
,-91.316
,-90.862
,-92.193
,-92.786
,-92.429
,-91.470
,-90.148
,-91.963
,-91.457
,-91.164
94.802,
,-90.687
,-92.460
,-93.643
,-92.449
,-91.795
,-92.501
,-92.574
,-94.796
,-95.254
,-95.455
,-95.812
,-96.853
,-96.914
,-96.653
,-96.590
,-96.165
,-95.852
,-94.960
,-95.915
,-94.618
,-94.214
,-93.647
,-95.795
,-95.250
,-95.490
,-95.382
,-94.471
,-96.524
,-96.578
,-95.045
,-95.108
,-95.799
,-95.279
,-95.999
,-97.165
,-97.280
,-94.328
,-95.123
,-96.404
,-96.359
,-95.956
,-96.356
,-94.094
,-93.824
,-95.909
,-97.313
,-95.073
,-94.328
,-93.671
,-93.347
,-94.843
,-90.970
,-90.378
,-91.708
,-95.612
,-98.044
,-98.787
,-98.108
,-97.754
,-97.534
,-95.056
,-95.079
,-96.880
,-96.482
,-94.494
,-91.457
,-91.740
,-91.391
,-90.500
,-91.528
,-90.649
,-90.784
,-88.736
,-89.357
,-92.804
,-93.052
,-93.894
,-94.802
,-95.713
,-93.853
,-94.593
,-97.742
,-97.665
,-97.551
,-97.970
,-98.703
,-97.110
,-97.246
,-97.370
,-97.396
,-98.241
,-96.357
94.910,
,-96.752
,-98.235
,-96.627
,-96.649
,-98.086
,-96.314
,-96.396
,-98.496
,-99.060
,-99.062
,-96.749
,-98.009
,-98.114
,-98.038
,-97.647
,-98.376
,-100.616
,-99.900
,-100.007
,-98.898
,-97.529
,-98.653
,-100.268
,-100.061
,-99.417
,-98.431
,-98.276
,-98.849
,-98.820
,-97.963
,-96.488
,-97.428
,-97.793
,-97.415
,-96.632
,-96.754
,-97.796
,-95.654
,-96.611
,-96.333
,-96.797
,-97.209
,-97.710
,-98.428
,-98.173
,-98.567
,-97.821
,-98.643
,-100.486
,-99.959
,-100.705
,-99.978
,-99.386
,-100.582
,-100.016
,-98.562
,-98.178
,-97.505
,-97.412
,-98.686
,-97.622
,-100.310
,-99.456
,-100.041
,-96.507
,-95.860
,-94.703
,-94.684
,-94.002
,-95.309
,-98.496
,-97.872
,-97.853
,-97.556
,-98.196
,-99.534
,-98.645
,-98.691
,-101.278
,-98.233
,-98.043
,-99.842
,-100.444
,-99.864
,-99.379
,-95.340
,-95.214
,-99.851
,-99.403
,-98.667
,-100.488
,-99.855
95.018,
,-98.811
,-99.117
,-99.201
,-98.647
,-100.157
,-99.889
,-99.630
,-99.508
,-98.915
,-98.725
,-98.678
,-99.851
,-98.954
,-96.921
,-96.803
,-99.589
,-99.003
,-99.385
,-97.824
,-97.878
,-99.464
,-98.750
,-97.804
,-96.658
,-96.981
,-98.827
,-98.026
,-95.541
,-96.231
,-97.934
,-97.385
,-97.402
,-97.388
,-96.782
,-98.498
,-97.589
,-97.041
,-97.488
,-96.950
,-97.627
,-97.625
,-98.209
,-98.757
,-99.782
,-100.228
,-100.526
,-98.845
,-98.901
,-98.650
,-98.454
,-99.375
,-99.484
,-96.245
,-95.856
,-97.178
,-98.369
,-98.057
,-97.901
,-96.724
,-97.156
,-96.430
,-94.927
,-95.130
,-96.829
,-95.007
,-94.942
,-94.125
,-93.137
,-92.742
,-94.482
,-94.286
,-94.188
,-95.398
,-95.965
,-95.379
,-95.388
,-94.715
,-94.814
,-93.815
,-94.876
,-93.709
,-92.137
,-93.891
,-92.654
,-91.939
,-92.296
,-92.326
,-92.698
,-91.088
,-90.597
,-91.456
,-92.152
95.127,
,-94.513
,-92.629
,-94.014
,-95.620
,-95.044
,-94.605
,-95.033
,-95.088
,-94.824
,-94.692
,-94.990
,-95.456
,-96.246
,-95.617
,-94.554
,-94.448
,-94.619
,-95.111
,-96.346
,-95.353
,-96.133
,-97.597
,-95.952
,-93.734
,-95.063
,-97.583
,-97.651
,-96.747
,-97.951
,-96.684
,-96.016
,-96.555
,-95.728
,-96.394
,-95.185
,-94.985
,-94.811
,-94.966
,-96.630
,-95.782
,-95.721
,-94.904
,-95.008
,-96.240
,-96.186
,-96.087
,-95.887
,-95.959
,-96.933
,-96.786
,-96.730
,-97.907
,-97.487
,-97.724
,-97.108
,-97.043
,-98.933
,-98.830
,-97.604
,-97.413
,-98.479
,-99.027
,-98.516
,-98.819
,-99.442
,-99.387
,-99.959
,-98.676
,-96.688
,-97.124
,-95.747
,-95.936
,-94.944
,-93.807
,-92.629
,-91.936
,-93.578
,-94.126
,-94.877
,-94.769
,-94.712
,-96.373
,-97.655
,-94.804
,-95.469
,-98.208
,-95.224
,-94.873
,-95.246
,-96.686
,-97.005
,-96.107
,-94.338
95.235,
,-95.080
,-94.812
,-94.180
,-94.239
,-93.975
,-95.625
,-94.668
,-94.666
,-95.888
,-94.511
,-93.588
,-95.659
,-97.363
,-97.178
,-95.742
,-95.882
,-96.932
,-95.507
,-96.112
,-95.674
,-94.063
,-95.274
,-93.308
,-93.807
,-96.142
,-94.793
,-94.976
,-95.183
,-95.393
,-95.563
,-95.802
,-95.885
,-96.128
,-97.074
,-97.392
,-97.632
,-95.882
,-95.837
,-93.631
,-93.897
,-96.803
,-96.329
,-95.090
,-95.671
,-96.052
,-93.954
,-94.341
,-97.619
,-96.990
,-96.101
,-94.782
,-95.799
,-95.195
,-95.590
,-95.087
,-95.257
,-96.951
,-95.714
,-96.220
,-96.295
,-97.887
,-96.781
,-97.033
,-96.454
,-96.617
,-97.193
,-97.361
,-97.080
,-96.349
,-95.803
,-95.258
,-91.408
,-90.316
,-91.362
,-94.833
,-94.313
,-93.799
,-95.251
,-94.954
,-95.584
,-95.657
,-95.258
,-95.314
,-94.199
,-93.783
,-94.480
,-94.132
,-94.157
,-95.677
,-95.822
,-94.715
,-94.266
95.344,
,-94.340
,-94.909
,-93.838
,-94.490
,-96.422
,-95.651
,-95.777
,-95.050
,-94.704
,-96.301
,-97.219
,-96.226
,-95.636
,-97.260
,-97.790
,-95.766
,-96.896
,-96.896
,-96.801
,-97.232
,-96.005
,-96.199
,-97.609
,-96.600
,-96.725
,-95.775
,-97.562
,-97.154
,-96.230
,-95.782
,-97.584
,-98.030
,-98.359
,-98.822
,-98.176
,-98.707
,-98.228
,-96.075
,-95.853
,-96.906
,-96.535
,-96.302
,-95.943
,-96.650
,-96.228
,-96.342
,-95.391
,-94.324
,-94.735
,-94.400
,-92.733
,-92.488
,-91.834
,-93.560
,-90.275
,-90.278
,-92.937
,-94.518
,-91.705
,-91.752
,-93.562
,-90.925
,-90.721
,-93.533
,-94.753
,-93.578
,-93.860
,-97.195
,-96.297
,-95.199
,-96.028
,-95.834
,-96.060
,-96.968
,-96.403
,-96.991
,-96.662
,-96.887
,-97.133
,-97.327
,-97.109
,-96.794
,-98.532
,-98.732
,-97.987
,-96.826
,-99.603
,-100.340
,-99.845
,-100.211
,-100.823
,-99.869
95.452,
,-98.726
,-98.445
,-98.368
,-98.544
,-98.449
,-98.375
,-96.184
,-95.902
,-96.535
,-98.493
,-99.984
,-99.031
,-97.044
,-96.984
,-98.504
,-97.459
,-99.388
,-99.809
,-99.280
,-98.983
,-97.808
,-95.910
,-97.067
,-100.067
,-99.165
,-99.144
,-97.484
,-96.713
,-97.953
,-96.576
,-96.591
,-98.102
,-98.456
,-97.203
,-97.314
,-96.516
,-97.482
,-99.477
,-100.425
,-100.891
,-100.897
,-100.094
,-98.583
,-98.069
,-99.903
,-99.979
,-100.197
,-99.056
,-99.112
,-100.324
,-99.744
,-101.674
,-101.070
,-100.370
,-100.578
,-100.122
,-100.220
,-100.653
,-100.654
,-100.453
,-101.419
,-101.009
,-100.120
,-99.671
,-100.084
,-100.864
,-100.221
,-100.052
,-99.401
,-98.022
,-97.640
,-97.662
,-97.509
,-97.489
,-95.451
,-94.725
,-94.458
,-93.648
,-93.210
,-94.503
,-93.610
,-93.869
,-93.610
,-94.553
,-94.792
,-94.338
,-93.287
,-93.185
,-93.752
,-93.803
,-93.435
,-90.022
95.561,
,-90.007
,-93.620
,-94.959
,-94.268
,-91.891
,-92.442
,-95.880
,-95.267
,-96.674
,-97.831
,-98.200
,-98.545
,-99.094
,-99.770
,-99.273
,-99.466
,-100.742
,-100.957
,-98.807
,-98.370
,-100.562
,-99.369
,-96.062
,-96.763
,-99.585
,-100.487
,-98.174
,-98.180
,-99.964
,-98.850
,-98.719
,-100.294
,-100.738
,-99.934
,-100.074
,-100.810
,-101.143
,-101.376
,-102.082
,-103.068
,-102.201
,-99.888
,-99.994
,-102.073
,-102.067
,-101.519
,-101.179
,-100.989
,-100.763
,-101.271
,-101.183
,-100.348
,-100.014
,-101.480
,-102.321
,-101.701
,-101.683
,-100.766
,-100.561
,-101.506
,-100.542
,-100.397
,-96.246
,-96.096
,-99.154
,-100.692
,-100.725
,-99.066
,-99.698
,-99.035
,-99.835
,-99.535
,-98.953
,-98.998
,-98.893
,-98.577
,-99.792
,-98.811
,-98.351
,-95.369
,-95.884
,-100.842
,-99.132
,-98.614
,-98.858
,-98.511
,-98.915
,-99.626
,-100.675
,-101.027
,-101.060
,-101.437
95.669,
,-102.268
,-102.545
,-103.267
,-102.240
,-100.421
,-99.990
,-100.738
,-99.797
,-99.999
,-100.559
,-101.280
,-100.278
,-99.304
,-99.547
,-99.728
,-99.515
,-100.141
,-101.896
,-101.558
,-101.480
,-99.840
,-99.746
,-101.269
,-100.960
,-102.280
,-99.478
,-98.043
,-96.818
,-95.815
,-95.932
,-94.320
,-82.619
,-79.201
,-78.510
,-86.576
,-91.934
,-92.906
,-93.439
,-94.008
,-93.827
,-94.486
,-93.734
,-95.904
,-95.637
,-94.861
,-96.415
,-95.956
,-94.240
,-94.504
,-96.363
,-95.535
,-95.844
,-97.739
,-96.706
,-96.934
,-97.269
,-96.491
,-97.346
,-96.801
,-96.637
,-98.098
,-98.736
,-98.405
,-98.680
,-99.758
,-97.476
,-97.753
,-98.518
,-98.722
,-99.220
,-98.932
,-98.328
,-99.359
,-98.867
,-98.502
,-99.418
,-97.887
,-98.963
,-100.481
,-99.892
,-100.195
,-101.721
,-101.329
,-100.359
,-99.691
,-99.451
,-100.737
,-100.679
,-100.842
,-99.704
,-99.382
,-98.868
,-99.218
95.778,
,-100.880
,-99.190
,-99.008
,-100.580
,-99.548
,-98.200
,-98.013
,-97.815
,-97.464
,-97.241
,-97.149
,-99.666
,-97.852
,-97.866
,-98.353
,-97.014
,-97.251
,-97.353
,-97.553
,-96.089
,-96.271
,-99.343
,-99.795
,-99.723
,-98.879
,-98.659
,-98.347
,-99.200
,-98.483
,-99.371
,-100.339
,-100.141
,-99.575
,-97.960
,-98.407
,-95.395
,-95.093
,-97.626
,-98.493
,-97.995
,-97.356
,-97.819
,-98.658
,-99.961
,-97.687
,-95.706
,-94.063
,-94.260
,-95.878
,-94.558
,-93.302
,-93.171
,-90.532
,-90.731
,-92.772
,-96.098
,-96.328
,-96.963
,-97.789
,-97.561
,-97.704
,-98.070
,-98.644
,-98.643
,-100.161
,-99.641
,-99.006
,-98.725
,-99.443
,-98.338
,-98.397
,-98.930
,-97.314
,-97.175
,-99.181
,-98.651
,-99.070
,-99.348
,-98.212
,-97.957
,-97.957
,-99.150
,-97.556
,-96.538
,-95.690
,-95.962
,-96.277
,-92.960
,-92.826
,-91.698
,-89.344
,-88.992
95.886,
,-91.522
,-92.142
,-92.650
,-91.462
,-90.486
,-87.452
,-87.935
,-91.929
,-92.458
,-93.649
,-93.679
,-94.078
,-94.844
,-93.844
,-93.968
,-95.740
,-98.114
,-99.263
,-98.713
,-98.413
,-98.324
,-97.802
,-97.810
,-98.067
,-99.163
,-98.606
,-97.715
,-97.809
,-99.450
,-98.091
,-97.410
,-97.413
,-97.427
,-98.227
,-98.279
,-100.161
,-100.563
,-99.784
,-98.346
,-98.527
,-98.282
,-98.316
,-99.060
,-98.150
,-99.109
,-99.282
,-98.440
,-99.534
,-97.776
,-97.737
,-95.018
,-95.212
,-98.333
,-100.244
,-99.168
,-100.297
,-101.035
,-99.943
,-99.939
,-100.221
,-100.397
,-99.973
,-100.124
,-99.003
,-98.025
,-98.035
,-98.996
,-99.124
,-99.840
,-99.872
,-100.089
,-99.033
,-98.417
,-97.930
,-99.765
,-100.236
,-98.570
,-97.862
,-98.330
,-98.286
,-97.274
,-97.764
,-98.543
,-98.429
,-96.914
,-94.092
,-94.370
,-98.228
,-99.113
,-98.498
,-98.080
,-99.060
95.995,
,-98.390
,-100.153
,-99.534
,-98.850
,-99.441
,-98.530
,-98.805
,-100.142
,-99.649
,-99.659
,-99.048
,-98.448
,-97.912
,-98.289
,-97.574
,-96.449
,-96.793
,-96.819
,-96.447
,-96.387
,-95.536
,-95.828
,-97.004
,-95.370
,-95.138
,-96.031
,-95.426
,-95.374
,-95.693
,-96.398
,-97.079
,-97.428
,-97.987
,-97.485
,-99.425
,-100.403
,-99.408
,-99.969
,-100.536
,-99.467
,-97.905
,-97.514
,-98.353
,-97.898
,-96.662
,-95.979
,-96.641
,-96.856
,-95.064
,-94.310
,-94.808
,-97.081
,-98.553
,-98.476
,-97.609
,-95.785
,-96.087
,-99.419
,-99.267
,-100.689
,-99.686
,-100.512
,-100.815
,-101.834
,-100.585
,-101.228
,-101.311
,-100.053
,-100.050
,-101.319
,-101.747
,-101.204
,-101.255
,-99.706
,-99.916
,-102.364
,-102.502
,-100.871
,-100.758
,-98.960
,-98.371
,-97.991
,-97.803
,-97.637
,-98.908
,-99.523
,-100.218
,-98.660
,-100.246
,-99.513
,-99.326
,-98.069
96.103,
,-97.900
,-99.346
,-101.345
,-101.900
,-101.914
,-101.101
,-100.096
,-100.096
,-100.445
,-100.193
,-102.499
,-102.601
,-101.862
,-100.245
,-100.218
,-99.987
,-97.937
,-98.535
,-101.969
,-101.591
,-100.835
,-100.477
,-101.585
,-99.356
,-99.377
,-101.837
,-99.619
,-99.816
,-100.279
,-100.274
,-101.613
,-100.321
,-100.475
,-100.570
,-97.321
,-97.115
,-97.591
,-96.430
,-97.834
,-99.902
,-100.323
,-99.343
,-99.202
,-99.547
,-100.157
,-99.478
,-99.456
,-100.891
,-99.947
,-100.006
,-100.853
,-100.268
,-100.670
,-100.480
,-100.487
,-100.795
,-99.581
,-100.259
,-100.339
,-99.724
,-99.577
,-98.925
,-98.606
,-98.430
,-99.246
,-97.962
,-98.113
,-99.938
,-99.010
,-99.087
,-99.425
,-99.701
,-99.450
,-99.843
,-98.163
,-98.541
,-99.207
,-99.313
,-98.723
,-98.262
,-98.584
,-96.258
,-95.186
,-97.123
,-98.645
,-98.778
,-97.412
,-97.114
,-96.670
,-96.728
,-94.565
,-96.032
96.212,
,-93.805
,-93.394
,-95.433
,-94.169
,-95.577
,-95.903
,-95.097
,-96.016
,-98.135
,-98.179
,-98.719
,-98.445
,-98.625
,-99.256
,-98.349
,-98.635
,-98.939
,-98.534
,-98.202
,-98.220
,-99.034
,-99.144
,-97.600
,-97.458
,-97.990
,-96.393
,-96.571
,-98.840
,-99.210
,-98.636
,-99.639
,-98.785
,-98.508
,-98.576
,-98.173
,-98.498
,-99.161
,-99.202
,-99.001
,-99.522
,-100.281
,-101.335
,-100.935
,-99.727
,-99.747
,-100.039
,-99.243
,-99.953
,-100.434
,-100.461
,-98.357
,-98.914
,-99.127
,-98.852
,-99.834
,-98.915
,-99.619
,-99.776
,-101.159
,-99.263
,-99.397
,-100.309
,-98.913
,-99.383
,-101.139
,-99.921
,-99.733
,-99.581
,-101.322
,-101.345
,-99.878
,-99.669
,-100.712
,-100.745
,-100.082
,-100.000
,-101.424
,-100.204
,-99.980
,-99.548
,-99.501
,-99.846
,-100.875
,-102.259
,-101.194
,-100.079
,-99.841
,-100.760
,-100.787
,-101.203
,-101.223
,-101.048
96.320,-96.206
,-95.954
,-99.052
,-99.272
,-97.942
,-98.290
,-95.188
,-95.065
,-96.017
,-95.186
,-94.106
,-93.672
,-94.603
,-95.329
,-95.331
,-93.712
,-93.893
,-94.800
,-95.778
,-95.353
,-94.520
,-96.029
,-95.781
,-95.895
,-96.024
,-96.059
,-97.220
,-98.356
,-98.520
,-96.936
,-96.751
,-97.055
,-97.898
,-99.100
,-98.708
,-97.873
,-97.460
,-99.216
,-99.281
,-97.340
,-97.574
,-99.666
,-99.151
,-99.544
,-98.723
,-94.128
,-93.110
,-95.015
,-96.937
,-96.819
,-95.045
,-94.456
,-96.856
,-98.004
,-94.446
,-96.489
,-97.022
,-96.745
,-96.941
,-98.114
,-98.537
,-98.646
,-99.381
,-96.538
,-96.674
,-98.272
,-97.503
,-97.235
,-96.139
,-96.515
,-96.277
,-95.851
,-99.104
,-97.747
,-97.843
,-99.365
,-98.662
,-98.008
,-96.770
,-96.545
,-98.800
,-99.803
,-99.211
,-99.232
,-98.576
,-98.354
,-99.192
,-99.717
,-98.533
,-98.601
,-99.613
,-99.645
,-100.286
96.429,
,-99.714
,-99.936
,-100.320
,-100.305
,-99.988
,-100.154
,-99.896
,-99.258
,-99.545
,-99.646
,-98.568
,-98.225
,-98.045
,-97.695
,-97.889
,-100.605
,-99.789
,-99.338
,-98.756
,-98.173
,-95.780
,-96.459
,-99.588
,-99.398
,-98.435
,-98.138
,-97.968
,-98.626
,-98.154
,-99.965
,-99.304
,-98.384
,-98.541
,-100.609
,-98.847
,-98.410
,-98.615
,-99.243
,-97.957
,-97.987
,-97.491
,-97.836
,-97.710
,-97.746
,-99.530
,-99.768
,-100.268
,-99.904
,-98.493
,-97.657
,-97.843
,-99.625
,-98.326
,-98.588
,-98.158
,-96.082
,-95.973
,-95.386
,-92.600
,-92.304
,-93.781
,-94.134
,-92.500
,-91.881
,-88.754
,-87.200
,-88.694
,-91.285
,-90.981
,-92.059
,-92.105
,-92.085
,-92.641
,-93.676
,-94.285
,-96.961
,-95.527
,-94.992
,-97.253
,-96.582
,-96.566
,-97.887
,-97.919
,-96.556
,-98.243
,-97.653
,-98.395
,-97.159
,-97.560
,-97.210
,-97.439
,-95.972
96.537,
,-96.032
,-94.948
,-94.526
,-95.040
,-93.072
,-91.035
,-91.114
,-92.637
,-90.666
,-90.280
,-90.802
,-90.465
,-91.176
,-91.051
,-90.618
,-90.747
,-91.893
,-90.192
,-90.621
,-94.913
,-94.954
,-95.814
,-97.224
,-97.623
,-98.613
,-99.495
,-100.337
,-101.801
,-99.711
,-99.631
,-99.074
,-99.293
,-99.542
,-100.051
,-101.314
,-99.670
,-97.645
,-97.245
,-98.825
,-99.339
,-98.161
,-97.276
,-98.374
,-99.648
,-98.633
,-96.644
,-96.888
,-98.228
,-98.406
,-96.895
,-97.075
,-97.221
,-97.633
,-97.937
,-97.793
,-97.405
,-98.830
,-98.006
,-96.575
,-96.536
,-97.224
,-97.142
,-95.769
,-95.423
,-97.279
,-97.182
,-98.457
,-97.131
,-96.739
,-97.474
,-97.339
,-98.180
,-97.590
,-96.966
,-98.477
,-97.679
,-98.388
,-96.626
,-96.294
,-96.521
,-95.960
,-96.757
,-95.837
,-95.983
,-96.444
,-95.846
,-94.811
,-93.838
,-94.023
,-94.957
,-94.621
,-95.895
96.646,
,-96.120
,-95.271
,-94.889
,-94.134
,-95.562
,-94.874
,-91.839
,-92.076
,-95.417
,-94.379
,-95.336
,-95.989
,-96.304
,-99.115
,-97.874
,-97.228
,-96.753
,-96.853
,-97.086
,-97.643
,-97.719
,-98.067
,-97.477
,-97.737
,-99.686
,-98.243
,-98.035
,-97.025
,-97.850
,-97.297
,-96.256
,-96.496
,-95.636
,-95.352
,-96.076
,-95.138
,-95.381
,-93.983
,-95.045
,-97.005
,-96.600
,-96.041
,-96.248
,-96.527
,-97.938
,-96.347
,-96.470
,-97.407
,-97.420
,-96.608
,-96.006
,-96.431
,-96.377
,-97.690
,-96.970
,-97.200
,-97.321
,-96.073
,-94.172
,-95.098
,-94.133
,-93.283
,-95.036
,-95.734
,-95.402
,-96.417
,-95.082
,-95.160
,-94.620
,-95.578
,-97.448
,-97.873
,-97.930
,-97.238
,-97.125
,-97.946
,-96.384
,-96.645
,-98.782
,-97.945
,-97.329
,-98.024
,-97.353
,-97.285
,-98.455
,-97.981
,-98.208
,-98.165
,-98.422
,-98.005
,-97.153
,-97.688
96.754,
,-96.117
,-96.213
,-95.906
,-94.802
,-93.265
,-93.097
,-94.189
,-93.114
,-88.715
,-87.892
,-90.474
,-91.574
,-92.029
,-90.587
,-89.904
,-89.099
,-89.644
,-93.520
,-92.144
,-92.185
,-92.683
,-92.269
,-90.613
,-92.467
,-91.777
,-91.999
,-94.247
,-94.760
,-93.927
,-91.753
,-92.505
,-94.691
,-95.981
,-95.750
,-96.520
,-95.375
,-96.898
,-97.246
,-97.286
,-95.514
,-95.539
,-97.199
,-97.238
,-96.666
,-97.880
,-98.106
,-95.731
,-95.308
,-95.321
,-92.641
,-93.106
,-95.307
,-96.117
,-95.825
,-96.561
,-96.282
,-95.544
,-95.633
,-97.557
,-97.152
,-97.112
,-98.227
,-97.620
,-96.336
,-96.646
,-96.806
,-97.108
,-99.723
,-99.573
,-98.738
,-99.002
,-99.709
,-101.817
,-100.308
,-100.067
,-100.309
,-100.273
,-100.620
,-100.455
,-98.970
,-99.120
,-98.413
,-97.403
,-97.616
,-97.221
,-97.212
,-96.761
,-96.994
,-97.698
,-95.805
,-95.744
,-94.693
96.863,
,-94.190
,-94.763
,-95.997
,-96.167
,-97.842
,-99.828
,-97.046
,-97.084
,-98.117
,-99.103
,-98.558
,-98.129
,-96.761
,-96.055
,-94.797
,-95.256
,-94.434
,-93.884
,-92.797
,-91.895
,-91.056
,-92.065
,-91.319
,-92.706
,-95.235
,-96.025
,-96.220
,-94.312
,-95.052
,-98.049
,-98.881
,-99.579
,-99.076
,-98.767
,-99.203
,-98.070
,-98.388
,-99.345
,-98.180
,-98.157
,-98.341
,-98.544
,-97.283
,-97.310
,-98.246
,-99.915
,-97.653
,-96.728
,-96.703
,-99.910
,-97.900
,-98.109
,-97.363
,-97.394
,-96.987
,-96.979
,-98.355
,-99.134
,-99.528
,-98.572
,-98.322
,-97.557
,-96.725
,-96.644
,-97.941
,-97.303
,-97.113
,-96.597
,-98.199
,-97.266
,-97.529
,-97.385
,-97.537
,-97.059
,-96.571
,-96.238
,-96.506
,-96.630
,-97.608
,-97.300
,-96.636
,-96.699
,-98.183
,-96.998
,-97.053
,-98.088
,-99.434
,-97.088
,-97.855
,-98.526
,-97.589
,-97.932
,-98.945
96.971,
,-98.410
,-98.063
,-97.637
,-97.581
,-97.520
,-98.070
,-97.961
,-99.233
,-97.918
,-98.160
,-98.089
,-98.583
,-96.876
,-96.045
,-97.387
,-96.892
,-96.890
,-99.191
,-98.505
,-99.085
,-98.868
,-98.643
,-99.769
,-100.059
,-99.767
,-98.386
,-98.589
,-100.121
,-100.066
,-100.693
,-99.819
,-99.252
,-98.363
,-97.223
,-95.647
,-96.416
,-99.087
,-99.198
,-99.177
,-97.463
,-97.451
,-99.001
,-98.354
,-96.597
,-96.774
,-98.615
,-98.728
,-98.489
,-96.491
,-97.284
,-99.404
,-100.165
,-99.635
,-99.414
,-99.486
,-98.245
,-98.694
,-99.323
,-99.148
,-98.927
,-98.649
,-98.995
,-97.657
,-98.207
,-97.097
,-97.020
,-97.596
,-96.935
,-97.969
,-97.364
,-97.019
,-96.716
,-97.249
,-98.202
,-96.478
,-95.662
,-94.647
,-96.364
,-97.281
,-95.238
,-95.095
,-96.802
,-97.359
,-96.009
,-96.008
,-98.011
,-96.690
,-96.596
,-96.947
,-97.003
,-96.765
,-96.853
97.080,
,-97.034
,-97.207
,-97.094
,-98.855
,-98.831
,-97.832
,-98.266
,-97.695
,-97.238
,-97.417
,-97.279
,-98.287
,-98.335
,-97.570
,-97.363
,-97.362
,-96.796
,-97.577
,-97.006
,-97.400
,-97.620
,-96.839
,-95.894
,-95.660
,-94.960
,-93.480
,-93.157
,-93.415
,-93.063
,-93.675
,-93.564
,-89.964
,-89.643
,-90.312
,-94.730
,-94.382
,-93.630
,-93.266
,-94.183
,-93.694
,-94.911
,-96.464
,-96.807
,-97.518
,-98.595
,-98.754
,-98.990
,-96.868
,-96.817
,-96.458
,-96.001
,-96.411
,-94.023
,-93.858
,-95.587
,-95.887
,-95.140
,-95.099
,-94.758
,-94.557
,-94.670
,-94.910
,-92.392
,-93.556
,-95.749
,-96.166
,-95.781
,-95.290
,-94.863
,-95.534
,-97.094
,-96.368
,-96.640
,-98.055
,-98.198
,-99.332
,-98.236
,-97.166
,-97.224
,-96.837
,-96.774
,-97.729
,-97.194
,-97.077
,-97.007
,-97.612
,-97.261
,-96.145
,-96.150
,-95.657
,-97.023
,-96.766
97.188,
,-96.971
,-97.281
,-97.273
,-95.709
,-96.345
,-97.096
,-97.989
,-96.142
,-96.355
,-96.755
,-96.638
,-97.032
,-97.368
,-96.623
,-96.628
,-94.327
,-93.842
,-93.946
,-91.926
,-92.090
,-92.709
,-92.989
,-92.564
,-92.182
,-89.472
,-89.991
,-92.575
,-91.884
,-91.846
,-92.068
,-91.779
,-93.297
,-95.521
,-94.456
,-94.729
,-94.493
,-94.849
,-94.316
,-94.558
,-95.998
,-94.825
,-95.529
,-94.584
,-94.699
,-94.990
,-95.677
,-95.931
,-96.109
,-95.513
,-95.587
,-95.022
,-94.565
,-94.934
,-94.983
,-94.489
,-95.473
,-93.742
,-94.362
,-94.349
,-94.739
,-96.486
,-94.546
,-93.998
,-95.202
,-95.428
,-94.983
,-94.484
,-95.446
,-95.421
,-93.992
,-94.020
,-94.100
,-95.506
,-94.401
,-93.687
,-93.892
,-93.800
,-94.322
,-92.982
,-93.637
,-95.561
,-94.292
,-94.095
,-94.177
,-93.933
,-93.971
,-94.106
,-94.096
,-94.638
,-94.667
,-93.067
,-93.191
97.297,
,-95.394
,-92.939
,-93.240
,-95.204
,-94.528
,-95.148
,-94.185
,-94.412
,-94.168
,-94.219
,-93.764
,-94.273
,-94.488
,-94.621
,-94.758
,-95.483
,-96.372
,-94.175
,-92.215
,-92.146
,-94.333
,-94.492
,-94.912
,-94.595
,-95.291
,-95.847
,-96.636
,-93.861
,-93.790
,-95.763
,-96.115
,-95.795
,-97.285
,-97.897
,-97.570
,-96.841
,-96.979
,-98.401
,-98.435
,-99.190
,-98.168
,-98.346
,-99.758
,-99.871
,-99.851
,-98.839
,-98.808
,-99.098
,-99.726
,-97.517
,-97.021
,-99.234
,-99.185
,-99.481
,-98.961
,-98.365
,-97.571
,-96.903
,-96.780
,-99.174
,-97.037
,-96.859
,-96.246
,-98.163
,-98.099
,-98.030
,-98.940
,-98.732
,-98.896
,-99.328
,-99.587
,-101.623
,-100.159
,-98.974
,-98.325
,-98.892
,-97.606
,-97.793
,-99.626
,-99.999
,-99.436
,-99.512
,-99.139
,-99.298
,-99.250
,-99.283
,-99.450
,-100.336
,-99.078
,-97.819
,-98.317
,-99.199
97.405,
,-98.202
,-99.380
,-99.924
,-99.571
,-98.227
,-98.441
,-100.754
,-101.240
,-100.244
,-99.213
,-99.416
,-97.771
,-97.611
,-97.483
,-97.361
,-98.328
,-95.062
,-95.041
,-96.978
,-97.136
,-97.447
,-97.258
,-97.384
,-97.563
,-98.679
,-98.755
,-101.003
,-101.503
,-100.927
,-101.377
,-100.496
,-99.837
,-99.504
,-100.240
,-99.273
,-99.861
,-100.160
,-100.879
,-100.776
,-100.794
,-100.178
,-99.340
,-100.120
,-99.662
,-100.213
,-98.665
,-99.604
,-100.108
,-100.377
,-100.382
,-100.426
,-101.770
,-100.089
,-98.717
,-99.769
,-101.562
,-99.437
,-99.261
,-99.726
,-100.244
,-100.650
,-100.015
,-99.678
,-99.409
,-99.654
,-98.617
,-98.892
,-99.257
,-99.086
,-99.844
,-99.850
,-98.964
,-98.841
,-97.482
,-97.445
,-96.371
,-97.007
,-98.905
,-99.883
,-99.922
,-98.798
,-98.079
,-98.219
,-98.568
,-99.757
,-99.955
,-100.068
,-99.049
,-99.263
,-98.977
,-98.757
,-98.784
97.513,-98.733
,-97.635
,-97.075
,-97.779
,-98.738
,-96.399
,-96.294
,-99.053
,-98.762
,-99.631
,-96.402
,-96.347
,-98.316
,-97.299
,-97.359
,-98.054
,-97.629
,-97.691
,-98.558
,-97.648
,-97.539
,-96.371
,-94.957
,-94.519
,-95.952
,-94.268
,-93.216
,-92.983
,-93.115
,-93.262
,-94.365
,-93.943
,-93.762
,-95.344
,-95.671
,-95.051
,-95.470
,-95.285
,-95.542
,-95.224
,-95.824
,-96.247
,-97.443
,-96.614
,-96.829
,-97.420
,-94.672
,-94.934
,-97.514
,-97.571
,-97.705
,-97.867
,-97.547
,-96.685
,-94.767
,-95.274
,-97.207
,-96.495
,-97.189
,-97.895
,-97.374
,-97.255
,-95.051
,-95.136
,-96.760
,-97.779
,-95.791
,-95.775
,-97.302
,-96.683
,-96.695
,-98.532
,-98.258
,-98.264
,-99.030
,-98.487
,-97.876
,-98.594
,-98.544
,-97.952
,-98.015
,-98.305
,-98.445
,-100.494
,-99.035
,-99.956
,-100.520
,-99.611
,-99.726
,-98.771
,-98.544
,-98.364
,-98.175
97.622,
,-98.322
,-97.987
,-98.270
,-98.211
,-98.997
,-98.275
,-98.338
,-97.342
,-96.946
,-96.796
,-96.054
,-95.731
,-96.312
,-97.172
,-96.270
,-96.520
,-96.781
,-95.071
,-95.152
,-96.548
,-95.865
,-97.673
,-97.654
,-97.738
,-97.677
,-97.491
,-93.639
,-94.361
,-98.573
,-96.586
,-97.091
,-96.910
,-96.410
,-96.525
,-98.236
,-96.698
,-96.626
,-96.924
,-95.342
,-95.004
,-95.306
,-95.158
,-94.146
,-94.557
,-93.876
,-93.226
,-93.154
,-93.254
,-94.011
,-93.844
,-95.409
,-93.966
,-94.663
,-95.865
,-92.688
,-93.381
,-93.954
,-95.440
,-95.274
,-93.418
,-93.845
,-94.179
,-94.576
,-93.039
,-93.636
,-94.250
,-94.308
,-94.002
,-93.771
,-95.633
,-95.380
,-95.359
,-97.339
,-96.438
,-95.933
,-95.034
,-94.177
,-93.339
,-92.828
,-93.623
,-94.624
,-94.380
,-92.487
,-91.798
,-90.390
,-89.830
,-90.489
,-91.761
,-90.207
,-88.778
,-87.811
,-83.380
97.730,
,-83.187
,-88.565
,-89.683
,-92.294
,-90.805
,-90.590
,-91.236
,-91.355
,-92.006
,-94.155
,-94.478
,-96.087
,-96.846
,-97.218
,-95.377
,-94.697
,-96.688
,-96.762
,-95.854
,-95.706
,-96.171
,-95.477
,-94.516
,-95.350
,-93.667
,-93.324
,-95.001
,-94.809
,-93.750
,-93.727
,-95.701
,-94.245
,-95.174
,-94.782
,-94.234
,-94.225
,-95.664
,-94.566
,-95.621
,-94.155
,-93.386
,-95.114
,-94.243
,-93.861
,-94.092
,-93.875
,-95.915
,-95.463
,-95.504
,-94.300
,-95.104
,-96.002
,-95.650
,-95.912
,-96.342
,-97.848
,-94.790
,-94.958
,-97.168
,-98.270
,-97.597
,-98.332
,-97.814
,-96.874
,-97.262
,-97.646
,-97.273
,-98.311
,-98.324
,-98.667
,-98.371
,-95.934
,-95.334
,-95.334
,-96.010
,-95.536
,-95.475
,-97.040
,-93.843
,-93.618
,-94.818
,-96.506
,-96.399
,-95.774
,-95.178
,-96.839
,-96.464
,-95.212
,-95.489
,-94.707
,-94.536
,-95.152
97.839,
,-96.171
,-95.221
,-96.747
,-95.925
,-94.846
,-94.634
,-95.184
,-95.191
,-95.714
,-94.586
,-94.635
,-95.275
,-96.527
,-97.583
,-96.409
,-96.161
,-97.491
,-97.718
,-97.540
,-97.226
,-97.942
,-96.408
,-95.874
,-96.927
,-98.157
,-96.309
,-96.316
,-97.802
,-98.074
,-97.170
,-96.296
,-96.574
,-94.000
,-93.573
,-96.185
,-93.449
,-93.986
,-91.659
,-90.265
,-89.923
,-89.003
,-88.685
,-91.001
,-93.225
,-91.054
,-91.310
,-91.730
,-91.794
,-92.350
,-95.307
,-94.661
,-94.785
,-96.639
,-96.085
,-95.319
,-95.980
,-96.692
,-96.609
,-96.803
,-97.649
,-96.119
,-97.387
,-97.938
,-96.630
,-96.678
,-97.319
,-94.691
,-94.657
,-95.698
,-94.350
,-95.047
,-97.310
,-95.085
,-95.716
,-97.305
,-95.922
,-96.008
,-96.216
,-96.696
,-96.553
,-96.975
,-97.585
,-98.368
,-96.291
,-96.066
,-96.612
,-96.494
,-96.408
,-96.576
,-97.528
,-96.659
,-94.431
97.947,
,-94.364
,-94.549
,-92.814
,-92.707
,-94.663
,-92.302
,-92.285
,-95.327
,-91.505
,-91.243
,-94.084
,-90.328
,-90.138
,-93.224
,-90.132
,-89.812
,-92.409
,-90.583
,-90.178
,-91.285
,-91.869
,-92.359
,-92.416
,-93.150
,-93.237
,-94.190
,-95.462
,-93.922
,-95.172
,-94.034
,-92.570
,-92.831
,-92.673
,-89.496
,-88.988
,-90.919
,-90.223
,-90.136
,-92.526
,-90.183
,-90.167
,-92.972
,-91.169
,-91.280
,-91.390
,-91.816
,-91.782
,-93.763
,-90.794
,-90.772
,-92.638
,-92.461
,-92.968
,-94.047
,-97.483
,-96.414
,-97.420
,-98.290
,-98.200
,-98.329
,-99.573
,-97.918
,-97.880
,-98.959
,-99.602
,-99.823
,-100.420
,-99.187
,-99.183
,-97.913
,-97.393
,-97.331
,-97.713
,-97.407
,-97.110
,-94.831
,-94.661
,-98.142
,-97.266
,-94.614
,-94.151
,-97.555
,-97.514
,-95.370
,-94.576
,-95.442
,-95.734
,-95.468
,-96.659
,-96.129
,-96.679
,-97.149
98.056,
,-96.397
,-97.424
,-96.660
,-95.518
,-95.790
,-98.781
,-95.528
,-95.448
,-99.214
,-96.286
,-95.917
,-98.364
,-97.256
,-97.026
,-99.686
,-97.442
,-96.505
,-98.253
,-100.036
,-97.182
,-97.805
,-98.210
,-96.108
,-96.765
,-97.549
,-96.276
,-96.434
,-99.618
,-97.249
,-97.319
,-98.297
,-96.210
,-96.334
,-99.731
,-95.793
,-95.704
,-97.484
,-97.228
,-96.191
,-97.654
,-96.925
,-95.937
,-97.552
,-97.556
,-95.915
,-96.675
,-98.497
,-96.578
,-96.850
,-98.204
,-97.016
,-97.774
,-98.121
,-98.642
,-98.870
,-99.073
,-97.034
,-97.241
,-96.996
,-94.774
,-94.534
,-96.410
,-94.496
,-94.101
,-96.626
,-94.754
,-93.956
,-96.207
,-93.622
,-93.003
,-95.604
,-93.802
,-93.463
,-95.590
,-93.844
,-93.127
,-94.505
,-95.899
,-94.317
,-95.346
,-95.839
,-95.353
,-95.553
,-94.289
,-95.458
,-96.763
,-98.375
,-98.135
,-97.277
,-97.776
,-96.803
,-96.838
,-96.468
98.164,
,-95.048
,-94.903
,-97.793
,-94.155
,-93.286
,-95.651
,-94.778
,-92.413
,-93.968
,-93.421
,-91.666
,-92.747
,-94.088
,-91.023
,-91.599
,-93.894
,-90.075
,-90.294
,-95.739
,-89.655
,-89.518
,-91.796
,-89.363
,-88.987
,-93.558
,-88.924
,-88.874
,-93.944
,-90.561
,-90.074
,-92.862
,-91.302
,-90.409
,-93.135
,-92.169
,-89.381
,-90.315
,-90.456
,-87.707
,-88.677
,-89.517
,-85.160
,-85.207
,-88.433
,-84.807
,-85.860
,-90.125
,-86.526
,-87.194
,-92.960
,-88.171
,-88.589
,-93.800
,-91.182
,-90.663
,-93.821
,-92.430
,-91.244
,-92.801
,-94.350
,-93.282
,-91.547
,-90.280
,-92.578
,-94.122
,-92.694
,-90.516
,-91.829
,-93.029
,-90.250
,-91.231
,-92.629
,-88.985
,-89.621
,-95.216
,-89.716
,-89.842
,-94.494
,-90.278
,-90.418
,-94.636
,-91.101
,-90.737
,-93.267
,-91.219
,-91.006
,-92.489
,-91.827
,-90.796
,-92.921
,-91.044
,-89.612
98.273,
,-90.373
,-91.041
,-88.268
,-89.516
,-91.026
,-87.038
,-87.178
,-90.745
,-86.298
,-86.403
,-92.782
,-86.377
,-86.403
,-91.519
,-86.824
,-86.792
,-92.553
,-86.460
,-86.440
,-91.153
,-89.009
,-88.459
,-90.888
,-87.770
,-86.127
,-88.881
,-87.523
,-84.844
,-86.760
,-86.195
,-83.634
,-84.779
,-84.375
,-79.139
,-78.644
,-82.030
,-75.132
,-74.162
,-78.627
,-72.046
,-71.073
,-73.464
,-66.494
,-67.335
,-74.544
,-74.966
,-75.433
,-82.074
,-78.478
,-78.967
,-83.640
,-81.948
,-81.485
,-83.824
,-84.789
,-83.855
,-85.879
,-88.416
,-85.453
,-85.610
,-87.678
,-88.358
,-88.798
,-90.552
,-87.077
,-87.281
,-90.505
,-86.587
,-86.757
,-91.493
,-85.353
,-85.397
,-92.669
,-85.439
,-85.158
,-90.351
,-85.620
,-84.789
,-88.035
,-85.610
,-84.619
,-87.739
,-86.469
,-84.686
,-86.840
,-88.001
,-84.848
,-85.791
,-88.615
,-85.320
,-85.964
,-89.772
98.381,
,-85.151
,-85.515
,-91.434
,-86.141
,-86.385
,-92.506
,-87.074
,-87.230
,-92.511
,-88.105
,-87.949
,-91.849
,-88.192
,-87.774
,-89.838
,-88.604
,-87.496
,-89.735
,-89.858
,-88.406
,-89.979
,-90.808
,-88.869
,-90.834
,-92.940
,-90.346
,-91.480
,-95.608
,-91.739
,-92.189
,-96.427
,-93.389
,-93.626
,-96.661
,-94.364
,-94.516
,-98.999
,-96.603
,-95.955
,-97.445
,-95.878
,-95.734
,-98.380
,-96.294
,-96.081
,-97.607
,-96.643
,-95.156
,-95.894
,-96.155
,-95.761
,-97.884
,-96.663
,-95.409
,-96.180
,-96.275
,-94.051
,-94.387
,-97.535
,-94.653
,-94.519
,-97.802
,-95.233
,-95.072
,-99.086
,-94.881
,-94.207
,-98.059
,-94.979
,-94.536
,-96.571
,-95.355
,-94.829
,-96.536
,-96.285
,-95.688
,-95.514
,-94.880
,-96.463
,-94.166
,-94.276
,-93.922
,-94.139
,-95.182
,-94.277
,-94.743
,-96.511
,-93.086
,-92.152
,-89.886
,-90.148
,-91.892
98.490,
,-94.850
,-93.868
,-94.090
,-94.814
,-95.648
,-94.786
,-95.126
,-95.408
,-96.247
,-96.322
,-97.092
,-95.572
,-94.667
,-93.358
,-93.562
,-94.897
,-97.180
,-96.002
,-95.342
,-95.912
,-95.097
,-94.305
,-94.168
,-94.912
,-96.558
,-96.211
,-94.461
,-94.462
,-95.076
,-93.213
,-93.037
,-96.374
,-94.629
,-92.678
,-93.368
,-93.513
,-92.246
,-94.421
,-93.537
,-91.314
,-92.753
,-94.201
,-90.446
,-90.983
,-91.027
,-90.257
,-90.480
,-90.334
,-89.173
,-89.716
,-91.194
,-90.578
,-91.008
,-93.743
,-92.172
,-92.465
,-94.796
,-94.403
,-93.302
,-94.096
,-93.453
,-92.832
,-92.880
,-93.881
,-93.115
,-95.852
,-94.742
,-93.380
,-94.716
,-95.680
,-94.713
,-95.926
,-95.292
,-93.726
,-93.902
,-94.052
,-93.473
,-95.444
,-95.768
,-94.519
,-94.637
,-95.123
,-93.645
,-93.558
,-95.606
,-95.388
,-95.231
,-95.850
,-95.531
,-95.049
,-94.421
,-95.071
98.598,
,-94.671
,-96.239
,-95.064
,-94.084
,-95.927
,-96.180
,-95.234
,-96.363
,-95.300
,-94.333
,-96.064
,-96.086
,-96.658
,-94.966
,-95.212
,-96.167
,-96.453
,-95.304
,-94.943
,-94.128
,-95.251
,-93.084
,-92.822
,-92.725
,-93.310
,-92.133
,-92.323
,-92.585
,-91.838
,-92.427
,-92.701
,-92.514
,-93.266
,-94.271
,-93.820
,-93.294
,-92.964
,-92.270
,-92.006
,-93.018
,-90.702
,-90.935
,-89.493
,-87.604
,-88.138
,-90.962
,-89.753
,-88.275
,-90.800
,-90.200
,-88.494
,-87.278
,-87.676
,-87.515
,-87.086
,-88.186
,-88.866
,-88.360
,-88.754
,-89.266
,-90.084
,-90.560
,-91.817
,-91.997
,-90.541
,-91.239
,-93.236
,-93.590
,-93.295
,-93.654
,-93.676
,-93.788
,-94.869
,-96.173
,-96.624
,-95.502
,-95.578
,-96.551
,-96.076
,-97.358
,-95.696
,-95.638
,-97.289
,-97.331
,-97.349
,-95.638
,-95.139
,-96.403
,-96.111
,-96.424
,-96.835
,-97.760
98.707,-95.840
,-95.110
,-92.009
,-91.942
,-95.023
,-96.796
,-97.465
,-95.310
,-95.695
,-96.941
,-97.206
,-97.913
,-98.491
,-98.906
,-99.294
,-99.963
,-98.026
,-97.523
,-99.723
,-100.253
,-99.283
,-100.203
,-101.691
,-99.631
,-100.243
,-100.066
,-97.946
,-98.058
,-99.767
,-98.672
,-99.375
,-98.257
,-97.833
,-98.255
,-98.140
,-97.559
,-97.544
,-100.999
,-97.488
,-96.962
,-98.295
,-97.952
,-97.593
,-98.415
,-97.020
,-97.372
,-98.316
,-98.721
,-99.355
,-99.495
,-97.531
,-98.304
,-99.339
,-99.017
,-99.594
,-100.045
,-98.619
,-97.354
,-96.931
,-97.015
,-97.876
,-95.941
,-95.428
,-95.199
,-97.173
,-97.180
,-96.578
,-96.766
,-98.728
,-98.169
,-96.654
,-96.839
,-97.113
,-96.678
,-96.966
,-98.612
,-98.219
,-98.321
,-98.606
,-97.224
,-96.699
,-95.588
,-95.732
,-97.980
,-98.662
,-99.035
,-98.968
,-98.730
,-98.334
,-98.202
,-98.813
,-98.210
,-95.141
98.815,
,-95.131
,-97.426
,-96.591
,-96.149
,-95.334
,-97.417
,-97.639
,-98.710
,-98.694
,-100.389
,-99.261
,-98.172
,-98.813
,-99.231
,-99.104
,-98.395
,-99.667
,-99.756
,-100.476
,-99.738
,-98.415
,-98.100
,-99.693
,-99.459
,-97.139
,-97.554
,-98.689
,-100.076
,-98.481
,-98.092
,-99.478
,-98.744
,-100.115
,-99.696
,-100.068
,-99.791
,-99.370
,-100.290
,-99.877
,-99.168
,-99.703
,-99.111
,-98.577
,-99.131
,-101.288
,-99.590
,-99.618
,-100.095
,-99.148
,-99.636
,-101.364
,-98.575
,-99.123
,-98.751
,-98.879
,-100.593
,-100.632
,-101.107
,-100.620
,-101.137
,-100.453
,-100.130
,-101.500
,-100.360
,-99.881
,-101.172
,-102.994
,-101.342
,-100.505
,-100.486
,-99.864
,-99.795
,-99.968
,-99.809
,-99.597
,-100.982
,-101.271
,-101.353
,-101.784
,-100.579
,-101.546
,-102.335
,-101.525
,-101.270
,-101.182
,-100.445
,-101.433
,-101.575
,-100.218
,-100.316
,-102.076
,-100.864
98.924,
,-100.862
,-101.555
,-101.482
,-101.173
,-101.096
,-102.009
,-101.858
,-102.184
,-100.466
,-100.410
,-100.621
,-101.758
,-100.272
,-100.179
,-100.030
,-99.376
,-99.204
,-99.101
,-96.721
,-96.105
,-94.826
,-95.312
,-95.608
,-95.406
,-94.763
,-93.291
,-89.801
,-89.716
,-93.758
,-93.978
,-94.809
,-95.682
,-95.523
,-97.219
,-96.576
,-97.181
,-100.376
,-100.070
,-100.179
,-100.616
,-99.842
,-100.231
,-101.308
,-99.886
,-100.262
,-101.689
,-100.786
,-100.800
,-101.458
,-101.372
,-100.931
,-100.805
,-102.852
,-100.417
,-101.487
,-100.760
,-101.213
,-103.071
,-102.712
,-100.792
,-99.950
,-101.075
,-101.828
,-101.033
,-100.239
,-99.832
,-99.775
,-100.115
,-98.638
,-98.443
,-98.147
,-96.531
,-96.983
,-100.140
,-100.246
,-100.029
,-101.148
,-101.057
,-101.778
,-101.536
,-101.780
,-101.922
,-102.856
,-100.764
,-100.668
,-102.907
,-102.839
,-102.926
,-103.273
,-103.132
,-101.684
,-102.107
99.032,
,-102.137
,-102.841
,-102.983
,-102.991
,-102.171
,-102.071
,-100.808
,-101.425
,-101.014
,-100.956
,-102.855
,-103.444
,-103.057
,-102.207
,-102.981
,-104.016
,-101.731
,-102.467
,-101.371
,-101.476
,-101.292
,-102.208
,-103.140
,-100.595
,-99.900
,-100.927
,-101.630
,-103.155
,-102.585
,-101.948
,-102.200
,-104.166
,-104.116
,-103.787
,-104.315
,-103.285
,-102.523
,-102.947
,-102.117
,-102.553
,-102.483
,-103.677
,-103.449
,-102.316
,-100.283
,-100.682
,-100.603
,-103.687
,-101.515
,-100.044
,-102.241
,-101.102
,-101.305
,-101.747
,-101.465
,-101.533
,-101.582
,-101.640
,-103.409
,-99.603
,-99.214
,-100.126
,-100.327
,-100.664
,-101.335
,-100.339
,-100.398
,-101.467
,-99.745
,-99.589
,-100.451
,-99.634
,-99.215
,-99.079
,-99.649
,-99.533
,-101.015
,-100.004
,-100.418
,-100.606
,-100.959
,-100.765
,-100.376
,-100.792
,-101.317
,-101.442
,-101.299
,-101.099
,-101.591
,-101.534
,-100.771
,-100.631
99.141,
,-100.984
,-99.773
,-102.466
,-101.896
,-100.091
,-100.096
,-100.514
,-100.520
,-101.415
,-100.419
,-98.201
,-98.380
,-100.740
,-99.626
,-100.448
,-100.266
,-100.927
,-100.299
,-100.078
,-98.588
,-99.960
,-98.618
,-98.291
,-97.718
,-98.070
,-97.750
,-98.099
,-98.792
,-98.423
,-98.763
,-98.999
,-100.890
,-98.802
,-99.379
,-99.794
,-101.076
,-100.663
,-100.887
,-100.933
,-102.532
,-101.428
,-101.337
,-99.698
,-99.959
,-102.208
,-103.043
,-100.862
,-101.322
,-101.756
,-97.694
,-97.623
,-100.495
,-103.882
,-100.766
,-101.139
,-101.448
,-98.977
,-97.984
,-98.472
,-101.086
,-101.399
,-99.416
,-99.356
,-100.810
,-97.817
,-97.737
,-101.122
,-101.431
,-101.407
,-100.929
,-100.475
,-98.733
,-98.344
,-100.517
,-99.409
,-98.807
,-99.799
,-100.615
,-96.669
,-96.461
,-98.698
,-100.113
,-99.271
,-98.580
,-97.528
,-98.664
,-95.954
,-95.892
,-99.343
,-101.062
,-99.963
,-99.891
99.249,-99.888
,-97.724
,-96.563
,-98.105
,-99.923
,-100.888
,-98.445
,-98.189
,-98.491
,-97.702
,-98.703
,-98.141
,-98.818
,-99.266
,-101.884
,-100.313
,-99.574
,-99.070
,-99.697
,-99.776
,-101.507
,-101.572
,-100.984
,-98.583
,-97.982
,-100.638
,-101.316
,-100.228
,-99.691
,-101.589
,-100.992
,-100.832
,-101.112
,-101.130
,-100.802
,-100.988
,-100.816
,-100.876
,-100.878
,-99.830
,-100.689
,-101.626
,-100.651
,-100.454
,-100.472
,-100.017
,-100.691
,-100.303
,-100.303
,-102.236
,-100.118
,-100.264
,-101.515
,-100.721
,-100.269
,-99.376
,-99.369
,-100.717
,-99.796
,-97.061
,-94.715
,-95.124
,-96.178
,-99.166
,-99.523
,-99.518
,-99.749
,-99.417
,-98.897
,-100.748
,-101.117
,-100.493
,-100.709
,-100.270
,-100.257
,-100.404
,-100.400
,-101.934
,-103.324
,-102.609
,-102.546
,-101.886
,-101.386
,-99.288
,-100.450
,-101.155
,-99.740
,-99.790
,-99.504
,-100.039
,-98.454
,-100.220
,-101.180
99.358,
,-99.718
,-99.746
,-101.672
,-99.954
,-97.524
,-97.968
,-102.487
,-100.752
,-101.274
,-102.034
,-100.173
,-98.978
,-98.734
,-99.268
,-100.162
,-100.788
,-101.241
,-101.802
,-98.230
,-98.230
,-101.034
,-99.264
,-99.784
,-102.983
,-101.363
,-100.842
,-100.528
,-98.785
,-99.151
,-102.435
,-101.649
,-99.246
,-98.974
,-101.563
,-101.569
,-99.889
,-101.869
,-102.250
,-102.798
,-100.163
,-99.987
,-99.061
,-99.569
,-102.026
,-99.959
,-100.912
,-99.296
,-99.188
,-97.633
,-99.071
,-100.460
,-100.677
,-100.758
,-100.802
,-100.096
,-98.688
,-98.818
,-99.803
,-101.927
,-100.776
,-99.632
,-100.690
,-99.385
,-98.855
,-99.687
,-99.727
,-101.988
,-103.398
,-100.581
,-100.392
,-100.668
,-100.772
,-100.982
,-103.121
,-103.831
,-103.434
,-101.228
,-98.292
,-98.237
,-102.317
,-103.147
,-102.335
,-100.668
,-98.829
,-98.671
,-99.023
,-100.148
,-100.287
,-100.120
,-100.514
,-101.021
,-97.969
99.466,
,-98.128
,-100.280
,-101.277
,-102.624
,-100.883
,-101.366
,-102.482
,-101.713
,-100.843
,-101.277
,-104.121
,-104.552
,-103.478
,-101.709
,-100.135
,-99.084
,-99.255
,-98.926
,-100.673
,-101.398
,-101.218
,-101.728
,-99.362
,-100.343
,-102.290
,-103.129
,-103.882
,-103.935
,-101.633
,-100.252
,-101.716
,-102.860
,-102.133
,-102.778
,-103.957
,-103.243
,-103.122
,-103.267
,-104.138
,-102.636
,-101.973
,-101.355
,-103.581
,-102.574
,-101.881
,-102.949
,-103.223
,-103.254
,-103.582
,-101.968
,-102.246
,-101.114
,-100.255
,-101.955
,-102.566
,-101.866
,-102.472
,-101.361
,-99.241
,-98.808
,-100.554
,-102.025
,-102.184
,-103.457
,-103.318
,-102.619
,-101.002
,-101.287
,-100.339
,-100.178
,-102.904
,-102.932
,-104.314
,-100.409
,-100.409
,-102.577
,-100.290
,-100.080
,-100.222
,-99.692
,-98.513
,-98.468
,-97.549
,-97.140
,-96.711
,-93.656
,-93.072
,-95.672
,-96.967
,-96.975
,-97.479
,-97.854
99.575,
,-97.788
,-98.974
,-99.955
,-99.655
,-98.987
,-100.393
,-102.999
,-101.403
,-101.309
,-103.836
,-100.165
,-99.124
,-100.752
,-102.464
,-101.649
,-102.544
,-102.815
,-99.506
,-98.782
,-99.589
,-102.288
,-102.339
,-101.479
,-102.124
,-103.342
,-102.355
,-102.243
,-104.839
,-103.066
,-101.851
,-100.293
,-100.598
,-99.241
,-98.060
,-98.658
,-98.963
,-99.089
,-100.024
,-95.388
,-95.505
,-96.881
,-97.263
,-100.285
,-100.219
,-99.724
,-99.328
,-100.307
,-98.196
,-98.314
,-100.590
,-100.713
,-102.037
,-101.975
,-101.115
,-101.306
,-99.637
,-100.717
,-101.361
,-101.381
,-101.905
,-102.022
,-102.212
,-101.328
,-101.256
,-102.501
,-101.577
,-102.118
,-101.441
,-101.861
,-99.675
,-99.545
,-100.837
,-100.668
,-100.263
,-100.873
,-100.262
,-99.002
,-97.710
,-99.181
,-99.624
,-99.695
,-100.663
,-101.703
,-100.425
,-98.580
,-98.738
,-100.600
,-100.567
,-100.705
,-99.349
,-101.781
,-100.839
99.683,
,-100.229
,-101.118
,-100.898
,-100.220
,-100.204
,-100.980
,-100.921
,-99.505
,-99.921
,-99.579
,-100.386
,-101.017
,-100.923
,-101.500
,-97.851
,-97.777
,-100.724
,-100.377
,-100.211
,-99.976
,-100.532
,-99.126
,-98.921
,-100.852
,-98.524
,-98.500
,-101.218
,-98.886
,-99.066
,-99.083
,-100.521
,-99.922
,-99.319
,-100.239
,-100.397
,-99.351
,-98.185
,-98.592
,-99.701
,-100.689
,-99.490
,-100.338
,-102.385
,-98.249
,-97.790
,-100.315
,-101.516
,-101.609
,-101.263
,-100.110
,-98.860
,-99.077
,-101.897
,-101.701
,-100.287
,-100.129
,-101.227
,-101.683
,-101.049
,-100.477
,-103.320
,-102.568
,-102.872
,-102.415
,-101.039
,-99.151
,-98.940
,-101.548
,-101.539
,-101.302
,-103.313
,-100.698
,-100.253
,-99.407
,-101.233
,-102.044
,-100.370
,-99.694
,-102.161
,-100.535
,-100.353
,-100.444
,-100.370
,-101.415
,-97.515
,-97.560
,-99.683
,-99.173
,-99.238
,-100.313
,-102.757
,-101.774
99.792,
,-101.655
,-102.093
,-101.890
,-100.108
,-100.401
,-100.490
,-101.913
,-101.059
,-100.377
,-100.386
,-102.772
,-101.977
,-101.993
,-100.356
,-99.714
,-100.195
,-99.224
,-99.117
,-99.966
,-99.587
,-97.338
,-95.738
,-97.362
,-97.756
,-96.618
,-97.865
,-99.236
,-100.894
,-101.472
,-102.637
,-102.985
,-102.938
,-101.410
,-100.525
,-100.797
,-102.766
,-101.918
,-102.791
,-103.362
,-101.950
,-101.763
,-101.155
,-100.884
,-101.473
,-100.775
,-99.943
,-99.671
,-97.723
,-98.399
,-98.630
,-100.673
,-100.041
,-100.644
,-99.016
,-98.096
,-98.540
,-100.663
,-100.598
,-100.626
,-100.738
,-101.003
,-101.340
,-100.912
,-101.894
,-102.263
,-102.525
,-100.184
,-100.146
,-98.865
,-96.624
,-96.434
,-98.995
,-99.525
,-100.384
,-100.863
,-99.308
,-98.883
,-99.870
,-101.011
,-100.919
,-101.800
,-102.525
,-100.427
,-99.985
,-98.893
,-99.961
,-99.615
,-99.897
,-100.730
,-100.470
,-99.200
,-98.724
,-99.155
99.900,
,-98.851
,-99.190
,-98.723
,-96.388
,-95.647
,-97.125
,-97.664
,-98.580
,-100.784
,-100.164
,-100.581
,-100.607
,-101.299
,-98.789
,-99.402
,-100.144
,-99.642
,-99.596
,-101.135
,-100.976
,-97.701
,-97.514
,-98.134
,-98.426
,-97.726
,-96.848
,-96.024
,-95.971
,-94.819
,-95.321
,-93.658
,-94.417
,-97.601
,-97.321
,-95.471
,-95.262
,-98.424
,-98.285
,-99.073
,-99.509
,-101.532
,-101.188
,-99.905
,-99.316
,-98.035
,-98.882
,-99.107
,-98.638
,-99.468
,-99.215
,-98.389
,-98.172
,-100.327
,-99.118
,-100.239
,-98.817
,-96.757
,-95.874
,-96.922
,-100.335
,-100.885
,-99.528
,-99.764
,-98.697
,-95.415
,-95.502
,-99.613
,-98.725
,-99.477
,-100.763
,-99.522
,-97.006
,-97.441
,-102.891
,-100.043
,-100.103
,-101.668
,-98.607
,-97.486
,-98.185
,-100.603
,-102.496
,-101.819
,-101.411
,-100.250
,-99.606
,-100.701
,-101.976
,-102.180
,-101.774
,-101.084
,-100.937
100.008,
,-100.571
,-97.549
,-97.282
,-99.701
,-101.150
,-100.601
,-100.303
,-100.251
,-100.919
,-99.444
,-99.552
,-99.407
,-100.911
,-98.933
,-98.380
,-98.471
,-98.609
,-99.332
,-100.614
,-100.797
,-98.798
,-98.761
,-101.102
,-97.654
,-96.502
,-97.352
,-98.761
,-97.165
,-98.792
,-99.645
,-98.720
,-98.667
,-100.490
,-97.214
,-96.638
,-98.397
,-101.337
,-100.914
,-97.242
,-97.258
,-94.270
,-93.752
,-97.899
,-98.467
,-98.416
,-98.063
,-97.808
,-92.297
,-92.046
,-97.694
,-97.949
,-95.944
,-94.258
,-92.618
,-89.464
,-89.974
,-95.156
,-95.778
,-95.397
,-95.399
,-90.867
,-89.065
,-90.276
,-96.078
,-95.673
,-94.726
,-94.957
,-90.332
,-89.098
,-91.597
,-94.618
,-94.972
,-93.892
,-93.948
,-88.597
,-87.365
,-91.034
,-93.319
,-92.163
,-91.332
,-89.172
,-83.670
,-82.919
,-85.188
,-87.124
,-88.209
,-89.064
,-86.370
,-78.302
,-78.692
,-87.072
,-86.896
100.117,
,-87.968
,-88.220
,-87.113
,-84.894
,-85.633
,-89.484
,-90.108
,-91.843
,-90.316
,-89.043
,-86.341
,-87.834
,-92.536
,-92.887
,-94.725
,-93.362
,-89.684
,-88.635
,-90.979
,-95.597
,-95.576
,-96.021
,-95.971
,-91.712
,-91.477
,-94.523
,-95.567
,-93.771
,-94.950
,-94.913
,-89.727
,-89.718
,-94.085
,-96.069
,-95.583
,-96.721
,-96.734
,-92.031
,-92.359
,-96.719
,-97.015
,-94.878
,-94.912
,-96.806
,-93.911
,-94.533
,-96.859
,-96.629
,-96.154
,-96.191
,-95.933
,-94.972
,-96.058
,-94.007
,-95.290
,-97.336
,-96.217
,-96.494
,-95.934
,-97.359
,-100.106
,-98.112
,-98.254
,-100.879
,-100.183
,-99.730
,-101.184
,-102.238
,-101.356
,-99.919
,-98.704
,-96.143
,-96.147
,-99.971
,-98.931
,-99.561
,-101.030
,-99.741
,-98.330
,-99.316
,-100.505
,-101.059
,-102.556
,-101.801
,-101.442
,-97.339
,-97.051
,-99.678
,-99.432
,-99.419
,-96.379
,-96.101
100.225,
,-94.148
,-94.710
,-95.830
,-98.586
,-95.082
,-92.965
,-91.739
,-92.925
,-97.006
,-97.467
,-98.147
,-98.349
,-98.409
,-95.501
,-95.237
,-97.931
,-99.561
,-99.525
,-99.862
,-100.638
,-97.828
,-97.986
,-101.234
,-98.211
,-99.314
,-101.225
,-100.640
,-96.977
,-97.456
,-100.815
,-100.390
,-101.384
,-101.870
,-99.755
,-97.058
,-97.597
,-101.214
,-98.879
,-98.501
,-100.191
,-99.696
,-97.359
,-98.847
,-101.219
,-100.976
,-99.921
,-100.634
,-98.839
,-98.435
,-99.531
,-99.510
,-99.589
,-98.102
,-98.103
,-98.527
,-98.688
,-100.826
,-101.587
,-101.431
,-99.382
,-99.140
,-100.428
,-101.641
,-102.888
,-102.279
,-101.490
,-100.494
,-98.376
,-98.944
,-102.805
,-101.723
,-100.586
,-101.417
,-102.604
,-98.851
,-98.939
,-102.544
,-101.995
,-102.741
,-101.135
,-101.264
,-99.773
,-99.220
,-102.126
,-100.991
,-101.301
,-102.523
,-101.499
,-97.986
,-96.651
,-97.479
,-99.932
100.334,
,-99.846
,-101.408
,-98.971
,-97.036
,-96.975
,-99.956
,-100.161
,-97.426
,-97.975
,-98.041
,-97.334
,-96.032
,-95.591
,-98.531
,-99.391
,-99.166
,-99.247
,-99.674
,-98.339
,-97.438
,-98.454
,-103.430
,-101.959
,-99.674
,-98.966
,-99.857
,-98.602
,-99.066
,-102.516
,-101.416
,-100.934
,-98.974
,-100.111
,-97.030
,-96.803
,-100.889
,-101.699
,-99.176
,-99.176
,-100.590
,-100.105
,-99.746
,-100.625
,-100.382
,-97.379
,-97.347
,-98.498
,-100.058
,-96.952
,-96.825
,-99.871
,-99.197
,-97.510
,-97.550
,-99.039
,-98.987
,-99.312
,-102.075
,-99.300
,-99.462
,-98.693
,-99.258
,-100.111
,-98.031
,-98.319
,-99.070
,-100.604
,-102.542
,-103.497
,-101.445
,-99.335
,-99.184
,-100.013
,-100.489
,-100.367
,-100.047
,-100.307
,-99.183
,-98.374
,-98.991
,-100.032
,-100.791
,-100.582
,-98.419
,-98.027
,-96.193
,-96.434
,-99.541
,-99.801
,-99.849
,-100.083
,-99.553
100.442,-97.507
,-97.823
,-98.966
,-100.846
,-100.594
,-101.019
,-101.709
,-99.148
,-98.757
,-100.010
,-101.516
,-102.183
,-101.903
,-97.906
,-97.763
,-97.886
,-97.732
,-99.914
,-101.765
,-98.838
,-99.179
,-100.603
,-100.747
,-100.705
,-100.766
,-102.154
,-100.946
,-99.309
,-99.315
,-99.703
,-98.973
,-100.340
,-100.370
,-99.951
,-99.017
,-99.742
,-96.737
,-94.381
,-94.903
,-98.605
,-98.719
,-97.891
,-98.703
,-99.466
,-98.292
,-98.298
,-99.700
,-98.386
,-98.635
,-98.529
,-99.274
,-97.520
,-96.751
,-98.745
,-100.244
,-99.393
,-99.513
,-100.045
,-100.215
,-98.738
,-99.388
,-99.851
,-100.447
,-100.501
,-99.182
,-98.988
,-99.360
,-99.346
,-98.467
,-98.442
,-99.050
,-99.280
,-99.418
,-98.255
,-97.310
,-96.859
,-96.879
,-98.572
,-98.601
,-99.605
,-99.249
,-99.264
,-97.400
,-97.819
,-99.137
,-98.620
,-100.501
,-98.934
,-97.834
,-98.120
,-100.776
,-100.225
,-100.238
100.551,
,-100.137
,-96.960
,-97.444
,-98.727
,-98.105
,-97.677
,-98.133
,-99.577
,-98.814
,-98.443
,-98.981
,-99.393
,-100.767
,-98.268
,-98.291
,-100.333
,-100.364
,-98.931
,-98.999
,-99.062
,-99.879
,-100.193
,-99.386
,-99.570
,-97.438
,-95.950
,-97.507
,-99.853
,-98.160
,-98.493
,-99.082
,-99.731
,-98.629
,-98.719
,-98.970
,-100.739
,-100.002
,-100.028
,-99.921
,-100.197
,-101.243
,-99.969
,-99.986
,-100.369
,-100.898
,-100.629
,-97.988
,-97.216
,-99.489
,-100.926
,-100.102
,-100.427
,-102.368
,-99.517
,-99.116
,-99.421
,-100.006
,-101.446
,-101.058
,-100.374
,-98.899
,-99.163
,-99.594
,-99.159
,-97.855
,-97.457
,-98.202
,-99.930
,-98.980
,-97.812
,-98.644
,-98.014
,-97.553
,-97.978
,-98.970
,-97.749
,-95.316
,-94.891
,-95.015
,-97.043
,-96.571
,-94.656
,-94.302
,-93.347
,-91.054
,-89.316
,-88.936
,-89.397
,-90.285
,-90.584
,-91.790
,-92.525
100.659,
,-93.075
,-96.591
,-97.444
,-98.204
,-97.082
,-97.445
,-94.301
,-94.721
,-99.120
,-99.250
,-99.088
,-98.238
,-97.561
,-95.900
,-95.719
,-98.583
,-98.817
,-98.435
,-96.081
,-95.757
,-96.059
,-95.916
,-95.925
,-96.082
,-97.827
,-96.799
,-97.248
,-97.125
,-96.090
,-96.322
,-96.436
,-98.201
,-98.307
,-97.065
,-97.783
,-94.583
,-94.558
,-98.206
,-96.825
,-95.540
,-96.453
,-97.650
,-98.606
,-97.409
,-96.996
,-96.339
,-96.515
,-96.115
,-97.265
,-97.890
,-96.634
,-96.616
,-98.174
,-96.801
,-96.523
,-98.230
,-96.489
,-96.627
,-97.504
,-98.275
,-97.882
,-98.173
,-98.994
,-98.351
,-98.359
,-96.644
,-97.747
,-97.507
,-98.895
,-97.354
,-95.540
,-95.089
,-96.472
,-96.603
,-97.536
,-97.739
,-98.000
,-98.586
,-99.255
,-99.385
,-98.422
,-98.222
,-98.495
,-98.261
,-98.005
,-100.571
,-97.073
,-96.455
,-97.414
,-98.961
,-97.139
,-97.335
100.768,
,-98.489
,-97.594
,-97.517
,-97.760
,-99.724
,-100.780
,-98.797
,-98.700
,-99.329
,-97.603
,-97.788
,-98.483
,-98.056
,-100.258
,-100.138
,-100.366
,-99.530
,-100.646
,-100.640
,-99.095
,-97.138
,-97.046
,-99.647
,-99.713
,-98.658
,-97.667
,-98.914
,-99.168
,-100.561
,-98.047
,-99.207
,-97.528
,-97.476
,-99.944
,-100.247
,-100.271
,-100.216
,-100.343
,-99.054
,-97.976
,-99.486
,-101.933
,-100.144
,-96.405
,-96.475
,-99.461
,-98.070
,-98.163
,-100.923
,-100.994
,-99.759
,-98.918
,-98.737
,-100.987
,-100.955
,-101.335
,-96.479
,-96.607
,-95.048
,-95.049
,-93.893
,-94.169
,-95.686
,-95.544
,-92.261
,-91.420
,-91.700
,-94.021
,-95.021
,-95.603
,-96.024
,-96.667
,-96.160
,-96.645
,-98.558
,-95.961
,-96.124
,-100.352
,-99.251
,-100.596
,-100.913
,-100.368
,-99.811
,-99.047
,-100.130
,-102.742
,-102.644
,-100.012
,-99.161
,-99.826
,-102.716
,-101.755
100.876,
,-100.272
,-101.102
,-102.081
,-102.263
,-101.769
,-99.957
,-99.624
,-101.512
,-101.101
,-100.305
,-99.955
,-99.816
,-99.183
,-96.664
,-98.340
,-99.966
,-98.134
,-98.108
,-97.606
,-97.651
,-96.571
,-96.727
,-101.052
,-99.276
,-99.495
,-100.153
,-99.752
,-97.395
,-96.647
,-99.912
,-100.294
,-100.924
,-99.290
,-100.293
,-100.849
,-101.258
,-102.091
,-101.759
,-102.675
,-101.438
,-100.907
,-101.273
,-102.072
,-102.344
,-102.454
,-101.873
,-103.316
,-102.473
,-102.660
,-100.689
,-100.619
,-102.373
,-101.567
,-101.531
,-103.101
,-100.904
,-100.768
,-98.759
,-99.522
,-100.783
,-100.478
,-101.827
,-100.608
,-100.430
,-96.677
,-96.616
,-99.231
,-98.958
,-99.466
,-99.529
,-100.886
,-98.299
,-97.153
,-98.421
,-100.103
,-100.604
,-101.410
,-101.661
,-101.043
,-99.755
,-100.036
,-99.859
,-99.178
,-99.964
,-100.508
,-100.494
,-100.402
,-100.843
,-98.611
,-98.685
,-98.847
,-97.342
100.985,
,-96.740
,-97.757
,-98.538
,-99.926
,-98.695
,-98.768
,-99.645
,-100.583
,-100.301
,-98.567
,-97.936
,-98.202
,-99.511
,-99.205
,-99.477
,-100.291
,-97.474
,-97.505
,-100.857
,-100.097
,-100.300
,-100.001
,-100.231
,-97.196
,-96.633
,-99.538
,-100.052
,-99.615
,-96.883
,-96.929
,-100.000
,-99.370
,-99.856
,-102.148
,-101.660
,-99.439
,-100.615
,-100.573
,-97.959
,-98.416
,-103.555
,-102.263
,-103.108
,-102.781
,-103.071
,-101.808
,-102.274
,-103.595
,-101.764
,-102.288
,-102.326
,-102.215
,-102.346
,-102.368
,-101.338
,-101.043
,-101.356
,-101.617
,-100.479
,-100.472
,-100.599
,-99.964
,-100.757
,-100.472
,-101.715
,-100.923
,-100.082
,-100.320
,-101.380
,-100.481
,-101.893
,-100.549
,-99.239
,-99.768
,-101.398
,-99.049
,-100.320
,-100.600
,-101.789
,-102.748
,-100.794
,-101.012
,-98.727
,-98.660
,-101.544
,-101.220
,-101.052
,-100.187
,-100.049
,-99.318
,-99.278
,-99.843
,-99.916
101.093,
,-101.891
,-100.044
,-100.018
,-99.732
,-98.894
,-98.927
,-99.001
,-100.473
,-101.388
,-100.901
,-100.122
,-99.288
,-99.065
,-99.061
,-99.880
,-101.633
,-101.185
,-100.823
,-101.048
,-101.031
,-101.578
,-100.997
,-103.506
,-101.342
,-101.064
,-101.752
,-100.229
,-100.253
,-102.149
,-102.277
,-101.457
,-101.400
,-99.615
,-100.402
,-101.413
,-101.027
,-100.933
,-99.700
,-99.411
,-100.742
,-100.599
,-99.584
,-99.499
,-99.767
,-99.463
,-99.293
,-99.403
,-100.678
,-97.584
,-96.683
,-96.542
,-98.174
,-99.272
,-98.134
,-99.783
,-99.793
,-99.183
,-99.217
,-99.636
,-100.286
,-100.325
,-99.548
,-99.181
,-99.288
,-100.388
,-99.725
,-100.353
,-100.890
,-99.280
,-99.293
,-98.321
,-98.448
,-99.199
,-98.922
,-99.694
,-99.703
,-100.181
,-98.836
,-98.807
,-101.205
,-99.438
,-98.800
,-100.294
,-99.565
,-98.618
,-98.768
,-99.589
,-100.500
,-99.140
,-99.280
,-100.303
,-100.548
101.202,
,-98.558
,-98.825
,-101.254
,-100.651
,-99.973
,-99.825
,-101.016
,-98.760
,-98.327
,-99.773
,-99.051
,-99.375
,-100.261
,-101.063
,-98.839
,-98.981
,-99.488
,-100.819
,-100.454
,-100.189
,-100.410
,-99.896
,-99.052
,-98.922
,-100.108
,-102.779
,-102.413
,-101.382
,-100.594
,-99.978
,-100.327
,-104.099
,-102.161
,-101.082
,-101.928
,-101.401
,-100.271
,-100.143
,-100.215
,-100.076
,-102.123
,-101.732
,-101.714
,-101.455
,-98.416
,-97.773
,-95.742
,-100.448
,-100.714
,-101.193
,-101.159
,-100.179
,-100.153
,-101.055
,-102.356
,-102.282
,-101.451
,-101.344
,-101.820
,-102.229
,-101.274
,-101.106
,-101.513
,-102.166
,-101.174
,-99.961
,-99.226
,-100.872
,-101.866
,-101.972
,-101.028
,-101.152
,-101.752
,-101.924
,-101.868
,-100.894
,-100.464
,-101.577
,-99.582
,-99.453
,-102.475
,-101.847
,-99.425
,-99.572
,-100.342
,-100.203
,-99.343
,-99.242
,-100.484
,-101.564
,-100.050
,-99.205
101.310,
,-98.697
,-101.561
,-101.910
,-101.862
,-102.984
,-101.417
,-102.340
,-102.341
,-102.894
,-103.710
,-101.858
,-101.894
,-102.803
,-102.041
,-102.791
,-102.890
,-102.796
,-104.044
,-103.190
,-102.514
,-102.892
,-103.356
,-104.603
,-104.596
,-103.810
,-103.214
,-102.996
,-102.835
,-103.000
,-102.893
,-103.400
,-103.281
,-102.966
,-102.250
,-102.924
,-102.673
,-102.986
,-102.903
,-105.329
,-104.249
,-103.363
,-104.652
,-104.852
,-104.524
,-103.007
,-102.601
,-101.988
,-102.726
,-102.742
,-103.871
,-103.808
,-103.065
,-102.034
,-103.448
,-103.705
,-103.978
,-104.086
,-103.944
,-103.760
,-103.531
,-103.349
,-103.457
,-103.497
,-102.679
,-103.165
,-104.314
,-103.746
,-102.874
,-102.586
,-103.712
,-105.352
,-104.019
,-103.775
,-103.197
,-101.349
,-101.410
,-103.559
,-103.576
,-102.924
,-100.010
,-99.162
,-100.615
,-101.800
,-101.312
,-101.378
,-103.127
,-103.030
,-101.542
,-99.572
,-101.365
,-103.692
,-103.675
101.419,
,-101.791
,-101.765
,-101.778
,-102.061
,-102.708
,-101.340
,-100.994
,-102.233
,-102.150
,-102.680
,-101.751
,-101.823
,-101.093
,-101.765
,-101.961
,-101.924
,-102.496
,-102.232
,-101.948
,-101.712
,-100.787
,-100.144
,-99.690
,-99.562
,-96.628
,-95.197
,-92.359
,-92.048
,-93.273
,-92.417
,-92.245
,-91.708
,-88.461
,-88.529
,-90.948
,-92.653
,-93.080
,-94.186
,-93.909
,-94.518
,-95.587
,-95.722
,-100.363
,-99.375
,-98.414
,-100.173
,-101.966
,-102.767
,-102.593
,-101.625
,-99.946
,-101.306
,-102.400
,-102.716
,-103.980
,-103.572
,-99.713
,-98.899
,-99.688
,-103.922
,-102.633
,-101.499
,-101.465
,-100.923
,-101.444
,-102.250
,-99.416
,-99.408
,-102.816
,-101.685
,-100.412
,-100.492
,-101.176
,-101.380
,-103.304
,-101.993
,-101.360
,-100.592
,-100.768
,-102.355
,-102.119
,-101.937
,-103.525
,-102.866
,-101.878
,-101.433
,-101.526
,-102.949
,-101.269
,-101.331
,-102.465
,-101.287
101.527,
,-99.041
,-100.207
,-102.727
,-104.510
,-104.990
,-104.923
,-105.893
,-101.479
,-100.928
,-101.745
,-103.188
,-104.302
,-102.421
,-101.165
,-101.634
,-101.756
,-101.093
,-100.176
,-101.124
,-101.760
,-103.867
,-103.397
,-103.709
,-104.553
,-100.701
,-101.066
,-103.922
,-103.685
,-105.373
,-104.931
,-103.866
,-102.749
,-103.989
,-104.202
,-103.925
,-103.934
,-103.853
,-104.210
,-105.117
,-104.201
,-103.293
,-102.800
,-103.126
,-103.699
,-103.462
,-102.205
,-100.753
,-104.349
,-104.213
,-104.078
,-103.350
,-103.371
,-103.562
,-102.933
,-102.108
,-102.328
,-102.250
,-102.092
,-103.481
,-103.355
,-104.113
,-101.937
,-100.340
,-100.255
,-100.604
,-101.794
,-101.716
,-101.250
,-101.689
,-100.727
,-100.572
,-101.159
,-101.809
,-102.260
,-101.192
,-99.566
,-100.512
,-101.755
,-100.361
,-99.930
,-101.156
,-101.360
,-102.027
,-102.482
,-101.625
,-101.926
,-101.409
,-100.986
,-101.806
,-102.846
,-102.893
,-103.145
101.636,-103.946
,-104.372
,-103.599
,-102.802
,-102.733
,-103.579
,-103.197
,-104.731
,-103.629
,-102.392
,-102.603
,-104.067
,-103.341
,-103.419
,-103.675
,-101.970
,-104.221
,-104.622
,-105.066
,-103.642
,-103.988
,-104.269
,-104.416
,-104.276
,-104.029
,-104.638
,-104.843
,-103.088
,-103.000
,-103.727
,-104.012
,-103.940
,-103.816
,-104.908
,-104.927
,-103.308
,-102.869
,-103.546
,-103.588
,-103.945
,-103.665
,-103.048
,-103.006
,-103.244
,-103.281
,-103.318
,-102.479
,-103.495
,-103.543
,-103.987
,-104.210
,-103.619
,-102.662
,-102.859
,-104.008
,-103.546
,-103.967
,-103.395
,-103.734
,-104.359
,-104.395
,-103.669
,-103.154
,-103.262
,-101.840
,-103.327
,-103.651
,-102.621
,-102.627
,-103.414
,-103.143
,-101.876
,-102.340
,-103.257
,-102.767
,-103.395
,-101.858
,-100.860
,-101.261
,-101.183
,-101.896
,-102.983
,-102.601
,-102.806
,-100.001
,-100.254
,-100.228
,-100.243
,-100.413
,-101.606
,-99.963
,-99.403
,-100.504
101.744,
,-100.379
,-102.284
,-101.222
,-99.535
,-99.327
,-98.892
,-98.581
,-99.538
,-98.531
,-97.614
,-95.518
,-95.272
,-95.677
,-95.647
,-95.265
,-94.287
,-93.290
,-95.367
,-95.963
,-96.516
,-96.809
,-96.764
,-97.117
,-97.608
,-98.925
,-97.968
,-98.299
,-101.956
,-100.883
,-101.342
,-101.082
,-99.929
,-99.262
,-100.499
,-99.699
,-99.539
,-101.206
,-100.502
,-100.084
,-99.947
,-100.424
,-100.322
,-101.619
,-101.828
,-101.789
,-100.552
,-100.466
,-100.171
,-100.165
,-100.292
,-100.942
,-102.258
,-100.634
,-100.098
,-100.625
,-100.599
,-99.744
,-99.674
,-101.319
,-100.734
,-100.034
,-100.093
,-100.906
,-99.143
,-100.021
,-99.887
,-100.400
,-100.365
,-100.573
,-101.406
,-101.241
,-101.216
,-102.026
,-101.445
,-101.987
,-101.788
,-102.314
,-101.331
,-102.174
,-101.700
,-101.640
,-101.808
,-101.569
,-102.690
,-100.894
,-101.006
,-101.654
,-101.672
,-101.743
,-101.685
,-103.010
,-102.490
101.853,
,-102.292
,-101.934
,-102.337
,-102.039
,-101.056
,-100.157
,-101.499
,-101.670
,-102.890
,-101.329
,-101.456
,-103.075
,-103.052
,-101.761
,-102.266
,-103.861
,-103.899
,-103.756
,-103.972
,-104.272
,-104.446
,-103.770
,-103.502
,-103.719
,-103.267
,-103.154
,-103.620
,-102.125
,-102.058
,-102.022
,-101.932
,-101.731
,-101.506
,-103.146
,-104.817
,-103.033
,-102.415
,-101.372
,-101.260
,-101.909
,-102.064
,-101.507
,-102.086
,-101.910
,-101.960
,-101.070
,-101.326
,-101.662
,-101.249
,-100.343
,-100.471
,-103.773
,-103.332
,-101.421
,-101.458
,-102.332
,-102.566
,-103.616
,-103.482
,-104.559
,-106.117
,-105.274
,-104.693
,-104.753
,-104.259
,-102.641
,-102.188
,-103.120
,-104.991
,-105.106
,-105.062
,-105.991
,-105.538
,-105.109
,-104.823
,-104.743
,-104.045
,-104.044
,-103.816
,-102.962
,-105.225
,-104.891
,-104.764
,-105.317
,-102.794
,-102.908
,-102.444
,-104.003
,-103.433
,-104.195
,-103.794
,-104.916
101.961,
,-102.909
,-102.002
,-101.530
,-99.512
,-100.316
,-97.260
,-94.969
,-94.756
,-96.311
,-97.806
,-97.185
,-96.500
,-98.450
,-97.441
,-97.737
,-98.220
,-95.649
,-94.495
,-94.789
,-94.373
,-92.432
,-92.017
,-91.691
,-93.323
,-93.199
,-93.583
,-93.609
,-94.316
,-98.433
,-99.466
,-101.218
,-101.481
,-101.474
,-102.565
,-103.918
,-102.447
,-102.897
,-106.271
,-105.070
,-104.220
,-104.382
,-105.794
,-105.446
,-105.410
,-105.143
,-104.829
,-104.770
,-105.218
,-105.382
,-102.380
,-101.742
,-101.874
,-101.792
,-101.747
,-102.079
,-101.240
,-101.460
,-101.367
,-101.688
,-101.606
,-103.573
,-102.595
,-102.940
,-103.337
,-104.776
,-105.041
,-104.655
,-102.168
,-102.191
,-104.688
,-104.553
,-104.786
,-105.082
,-104.085
,-104.605
,-105.171
,-102.416
,-101.376
,-100.261
,-99.493
,-99.170
,-97.635
,-94.255
,-90.766
,-88.793
,-85.168
,-83.681
,-82.504
,-84.017
,-81.785
,-81.503
,-77.964
102.070,
,-74.143
,-74.316
,-80.891
,-81.702
,-82.679
,-82.442
,-83.704
,-85.180
,-88.013
,-90.206
,-93.710
,-95.012
,-95.495
,-98.496
,-99.543
,-100.893
,-103.038
,-103.199
,-103.195
,-103.798
,-103.040
,-103.453
,-104.063
,-105.315
,-105.547
,-104.911
,-103.966
,-105.431
,-106.816
,-105.511
,-106.308
,-106.685
,-106.846
,-107.769
,-106.442
,-106.989
,-106.929
,-107.555
,-108.542
,-107.014
,-106.581
,-106.091
,-107.412
,-105.694
,-104.981
,-106.618
,-106.467
,-106.244
,-106.376
,-105.405
,-105.614
,-105.533
,-105.422
,-105.120
,-105.676
,-105.758
,-106.085
,-104.190
,-103.754
,-103.349
,-104.442
,-104.166
,-104.250
,-104.479
,-103.717
,-103.050
,-103.986
,-103.865
,-103.520
,-100.156
,-98.806
,-99.038
,-105.916
,-104.146
,-103.301
,-102.237
,-103.364
,-103.604
,-104.259
,-104.326
,-104.136
,-104.804
,-105.691
,-106.085
,-105.998
,-105.758
,-105.926
,-105.794
,-106.318
,-106.703
,-106.455
,-106.215
102.178,
,-105.866
,-106.483
,-106.534
,-106.253
,-106.199
,-105.118
,-105.148
,-104.864
,-104.397
,-106.195
,-106.322
,-105.872
,-106.225
,-105.407
,-105.207
,-104.479
,-104.477
,-106.023
,-105.787
,-104.021
,-104.224
,-105.316
,-106.272
,-106.634
,-105.014
,-105.590
,-104.837
,-105.061
,-103.619
,-103.589
,-103.629
,-103.747
,-104.240
,-103.874
,-104.038
,-102.672
,-102.505
,-103.041
,-102.210
,-102.627
,-101.882
,-101.407
,-102.995
,-102.405
,-102.529
,-103.641
,-101.732
,-102.054
,-103.636
,-102.238
,-102.546
,-104.087
,-104.411
,-103.500
,-103.206
,-103.308
,-103.412
,-103.356
,-104.803
,-103.585
,-104.720
,-104.282
,-102.805
,-102.822
,-104.183
,-104.918
,-103.562
,-103.985
,-103.761
,-103.383
,-103.687
,-102.002
,-102.436
,-103.757
,-103.247
,-102.004
,-103.296
,-103.352
,-102.984
,-102.516
,-102.317
,-101.857
,-101.807
,-101.906
,-102.010
,-100.553
,-101.989
,-101.611
,-101.891
,-101.608
,-102.014
,-102.185
,-101.344
102.287,
,-101.799
,-101.371
,-101.885
,-102.211
,-100.600
,-101.233
,-102.854
,-101.767
,-100.729
,-100.762
,-101.829
,-101.913
,-103.358
,-103.169
,-103.132
,-104.136
,-103.652
,-103.629
,-103.467
,-103.547
,-102.368
,-102.678
,-103.984
,-104.770
,-104.481
,-101.487
,-101.729
,-102.930
,-103.216
,-102.469
,-102.460
,-102.451
,-103.151
,-103.553
,-102.626
,-102.433
,-103.752
,-103.087
,-102.748
,-102.706
,-104.051
,-104.128
,-102.872
,-103.799
,-103.721
,-102.677
,-102.608
,-102.391
,-103.829
,-103.852
,-102.251
,-101.054
,-100.934
,-101.981
,-101.224
,-102.638
,-102.919
,-102.455
,-102.375
,-101.498
,-102.119
,-101.044
,-101.834
,-102.867
,-100.901
,-100.720
,-99.179
,-97.085
,-96.634
,-96.534
,-95.671
,-95.734
,-96.633
,-94.802
,-93.616
,-91.868
,-92.391
,-94.688
,-96.292
,-96.089
,-95.561
,-96.270
,-97.356
,-97.978
,-98.501
,-99.323
,-101.656
,-102.517
,-102.509
,-101.309
,-102.003
,-101.391
102.395,
,-101.068
,-103.106
,-103.330
,-102.393
,-102.202
,-102.319
,-101.292
,-101.051
,-100.982
,-103.712
,-102.946
,-103.511
,-102.741
,-102.692
,-103.009
,-100.778
,-100.641
,-104.212
,-102.456
,-102.949
,-103.939
,-102.692
,-102.848
,-103.429
,-102.471
,-103.453
,-103.865
,-104.226
,-104.915
,-104.661
,-105.197
,-104.582
,-104.647
,-105.138
,-105.330
,-106.223
,-105.674
,-105.966
,-106.830
,-104.986
,-105.300
,-106.990
,-106.402
,-105.659
,-106.248
,-105.369
,-105.566
,-105.771
,-105.274
,-106.387
,-104.748
,-105.563
,-106.457
,-106.636
,-106.042
,-105.787
,-104.075
,-104.104
,-105.204
,-104.449
,-104.334
,-104.381
,-103.796
,-103.322
,-103.548
,-102.726
,-104.643
,-103.824
,-103.381
,-102.991
,-103.083
,-102.674
,-102.826
,-102.657
,-102.031
,-102.671
,-98.539
,-98.256
,-102.941
,-102.296
,-100.931
,-101.191
,-103.826
,-103.636
,-102.949
,-103.281
,-102.392
,-100.776
,-101.534
,-103.575
,-103.509
,-104.024
102.503,
,-102.552
,-102.599
,-103.406
,-104.033
,-103.867
,-102.377
,-103.423
,-103.799
,-103.118
,-103.265
,-102.550
,-102.529
,-102.975
,-101.269
,-101.651
,-102.339
,-102.015
,-101.920
,-102.495
,-102.215
,-102.589
,-103.103
,-103.250
,-104.414
,-103.381
,-103.440
,-104.454
,-104.556
,-104.297
,-105.458
,-105.630
,-106.636
,-105.380
,-106.203
,-107.328
,-106.564
,-106.018
,-105.039
,-105.142
,-104.779
,-106.601
,-107.322
,-107.212
,-106.203
,-107.452
,-107.789
,-106.683
,-106.297
,-107.201
,-107.923
,-107.457
,-107.023
,-107.822
,-107.615
,-106.711
,-107.573
,-106.537
,-106.055
,-106.979
,-105.485
,-106.794
,-105.979
,-105.957
,-106.339
,-105.788
,-106.861
,-106.952
,-105.853
,-106.088
,-106.526
,-107.428
,-107.299
,-106.614
,-106.967
,-105.612
,-105.654
,-106.417
,-106.058
,-105.669
,-106.390
,-107.208
,-106.761
,-106.459
,-107.243
,-105.850
,-105.006
,-104.852
,-105.081
,-105.972
,-105.138
,-105.333
,-105.355
102.612,
,-105.301
,-105.693
,-104.385
,-104.602
,-105.522
,-105.546
,-104.438
,-104.539
,-103.505
,-103.443
,-103.746
,-102.834
,-102.926
,-103.555
,-100.793
,-100.936
,-104.125
,-104.249
,-104.708
,-104.488
,-105.479
,-105.832
,-105.991
,-105.045
,-105.242
,-105.514
,-104.222
,-103.470
,-104.359
,-106.015
,-106.367
,-106.437
,-106.226
,-106.447
,-105.492
,-102.650
,-102.688
,-104.517
,-105.641
,-105.613
,-104.441
,-103.879
,-104.200
,-103.214
,-102.800
,-102.030
,-101.339
,-101.662
,-99.813
,-98.352
,-98.096
,-94.525
,-92.231
,-91.100
,-91.496
,-92.885
,-91.356
,-90.579
,-90.478
,-86.720
,-86.727
,-91.279
,-89.763
,-89.702
,-90.918
,-91.476
,-91.967
,-92.752
,-93.503
,-96.627
,-96.612
,-97.343
,-98.354
,-99.737
,-101.505
,-101.138
,-101.190
,-100.879
,-101.175
,-101.349
,-101.548
,-100.857
,-102.556
,-102.798
,-102.114
,-102.158
,-99.997
,-99.915
,-103.113
,-102.784
,-101.823
,-100.927
102.720,
,-100.753
,-99.971
,-100.196
,-101.981
,-100.123
,-100.945
,-101.256
,-100.853
,-100.092
,-100.365
,-100.180
,-99.648
,-98.621
,-98.874
,-100.473
,-101.201
,-101.332
,-98.887
,-99.027
,-100.194
,-100.858
,-101.090
,-102.569
,-102.232
,-102.455
,-103.922
,-104.146
,-104.248
,-103.391
,-103.067
,-103.043
,-103.469
,-106.234
,-106.197
,-107.267
,-106.164
,-104.563
,-104.316
,-106.419
,-105.809
,-106.219
,-105.399
,-105.846
,-105.842
,-106.235
,-105.896
,-105.888
,-106.468
,-105.139
,-106.864
,-105.218
,-105.251
,-106.354
,-105.866
,-105.008
,-103.680
,-103.440
,-102.609
,-104.207
,-106.061
,-103.538
,-103.385
,-104.982
,-106.161
,-105.346
,-105.875
,-104.924
,-104.995
,-105.848
,-106.410
,-106.571
,-106.599
,-106.110
,-105.129
,-104.724
,-105.180
,-104.655
,-104.052
,-103.182
,-103.591
,-102.544
,-102.116
,-101.919
,-97.947
,-98.163
,-101.931
,-103.180
,-104.252
,-105.072
,-105.404
,-106.290
,-106.466
102.829,-105.599
,-104.947
,-104.828
,-105.322
,-106.254
,-104.599
,-104.702
,-104.433
,-104.343
,-104.131
,-102.629
,-104.824
,-104.699
,-103.557
,-103.348
,-104.921
,-103.193
,-103.475
,-104.017
,-104.054
,-105.333
,-104.320
,-104.090
,-105.503
,-106.126
,-107.018
,-105.231
,-105.993
,-106.993
,-105.513
,-105.903
,-105.673
,-105.970
,-105.006
,-104.377
,-104.263
,-107.281
,-105.059
,-104.626
,-105.477
,-105.182
,-105.206
,-104.790
,-104.955
,-105.270
,-102.653
,-102.281
,-103.708
,-104.765
,-104.370
,-104.015
,-106.877
,-106.937
,-105.604
,-105.059
,-104.766
,-105.449
,-107.284
,-103.943
,-103.916
,-105.832
,-103.872
,-103.625
,-104.920
,-104.229
,-103.672
,-104.239
,-103.087
,-103.780
,-103.222
,-102.200
,-103.783
,-105.556
,-104.160
,-103.224
,-103.303
,-103.581
,-105.341
,-105.955
,-104.754
,-103.626
,-103.435
,-104.322
,-103.622
,-103.468
,-103.640
,-104.032
,-105.228
,-104.340
,-105.000
,-102.994
,-102.881
,-103.696
102.937,
,-104.159
,-101.682
,-101.150
,-102.393
,-104.303
,-104.057
,-102.922
,-102.362
,-103.116
,-103.505
,-102.755
,-103.624
,-102.811
,-102.883
,-102.392
,-102.764
,-104.232
,-101.699
,-99.938
,-100.212
,-101.573
,-101.115
,-100.221
,-100.385
,-100.062
,-100.304
,-98.499
,-95.927
,-95.728
,-98.706
,-98.336
,-99.070
,-101.119
,-100.001
,-98.656
,-99.689
,-98.964
,-99.383
,-100.910
,-99.765
,-99.363
,-98.678
,-96.493
,-96.312
,-98.849
,-97.890
,-98.333
,-99.363
,-99.510
,-99.408
,-99.642
,-101.518
,-101.074
,-100.874
,-102.174
,-103.292
,-103.556
,-102.060
,-101.858
,-102.128
,-104.276
,-102.445
,-100.756
,-100.832
,-102.818
,-101.973
,-101.021
,-100.179
,-101.745
,-103.322
,-100.695
,-100.306
,-101.658
,-101.711
,-101.377
,-102.233
,-103.237
,-102.076
,-102.404
,-102.363
,-102.823
,-102.323
,-101.801
,-100.579
,-101.113
,-102.667
,-101.142
,-99.757
,-100.032
,-102.797
,-102.776
,-101.620
103.046,
,-101.927
,-102.480
,-102.733
,-103.451
,-103.510
,-104.221
,-102.881
,-103.758
,-105.192
,-104.764
,-103.435
,-103.416
,-103.905
,-103.833
,-103.885
,-102.939
,-103.890
,-104.668
,-103.879
,-103.464
,-101.660
,-102.271
,-104.624
,-102.463
,-102.493
,-104.564
,-104.229
,-104.229
,-102.151
,-102.081
,-102.273
,-103.453
,-103.419
,-102.865
,-103.100
,-104.268
,-105.100
,-102.951
,-103.080
,-104.464
,-103.810
,-103.004
,-103.308
,-103.092
,-103.514
,-103.898
,-104.592
,-104.231
,-102.945
,-103.222
,-103.573
,-102.143
,-101.827
,-102.629
,-102.914
,-102.713
,-101.786
,-101.665
,-102.375
,-102.851
,-102.676
,-101.900
,-100.197
,-100.077
,-100.761
,-101.441
,-100.643
,-99.805
,-100.033
,-100.558
,-102.342
,-100.984
,-100.915
,-102.154
,-101.454
,-100.969
,-101.220
,-100.144
,-100.921
,-99.714
,-99.364
,-99.698
,-101.264
,-98.627
,-99.047
,-98.710
,-98.387
,-98.037
,-97.659
,-95.219
,-93.481
,-94.555
103.154,
,-94.719
,-94.630
,-93.279
,-92.672
,-95.420
,-96.322
,-96.863
,-95.571
,-96.125
,-97.956
,-97.984
,-98.162
,-102.215
,-100.696
,-100.723
,-101.047
,-100.508
,-101.827
,-101.371
,-100.582
,-101.310
,-101.465
,-101.824
,-102.650
,-100.631
,-101.849
,-101.492
,-101.285
,-100.851
,-98.618
,-98.771
,-100.228
,-99.316
,-99.123
,-99.833
,-99.990
,-100.739
,-101.557
,-100.219
,-99.922
,-102.155
,-103.147
,-103.264
,-102.775
,-103.795
,-102.771
,-103.079
,-103.250
,-103.327
,-103.416
,-103.462
,-103.476
,-104.033
,-102.953
,-102.414
,-103.403
,-104.002
,-103.879
,-104.056
,-103.987
,-104.202
,-104.146
,-104.196
,-104.067
,-103.914
,-102.515
,-102.203
,-103.491
,-103.514
,-102.487
,-102.004
,-101.616
,-101.204
,-100.540
,-99.738
,-99.857
,-101.477
,-100.903
,-101.926
,-101.488
,-101.607
,-102.985
,-103.068
,-103.162
,-104.322
,-103.929
,-103.790
,-103.123
,-103.983
,-103.831
,-103.992
,-104.888
103.263,
,-102.919
,-102.582
,-103.096
,-103.650
,-103.421
,-103.372
,-102.137
,-101.878
,-104.833
,-105.002
,-103.487
,-102.646
,-102.847
,-103.087
,-99.772
,-99.230
,-99.247
,-97.914
,-95.230
,-94.180
,-91.902
,-91.403
,-92.557
,-91.133
,-90.974
,-91.465
,-88.381
,-87.231
,-89.786
,-90.024
,-89.852
,-90.750
,-92.096
,-92.008
,-92.558
,-94.722
,-96.428
,-97.995
,-99.347
,-99.882
,-100.627
,-101.458
,-101.160
,-99.579
,-97.546
,-97.498
,-99.259
,-97.441
,-96.006
,-95.604
,-95.935
,-96.314
,-96.504
,-96.656
,-97.456
,-100.333
,-101.168
,-102.110
,-101.781
,-101.489
,-102.280
,-101.359
,-101.069
,-101.662
,-99.953
,-99.595
,-99.391
,-100.769
,-98.164
,-98.723
,-99.429
,-95.156
,-95.240
,-99.423
,-98.421
,-98.489
,-98.755
,-100.717
,-100.171
,-100.355
,-100.586
,-102.681
,-102.539
,-103.341
,-105.081
,-104.986
,-103.471
,-103.304
,-103.157
,-105.168
,-104.048
,-103.665
103.371,-102.929
,-103.865
,-104.089
,-103.704
,-103.724
,-104.181
,-104.621
,-104.309
,-104.886
,-104.260
,-104.544
,-103.657
,-104.695
,-104.091
,-104.264
,-103.803
,-103.318
,-103.738
,-103.289
,-102.013
,-104.132
,-101.383
,-101.191
,-102.422
,-102.167
,-101.972
,-102.919
,-101.309
,-101.329
,-101.835
,-102.866
,-102.470
,-102.786
,-104.036
,-105.475
,-104.823
,-104.996
,-104.464
,-104.729
,-105.505
,-105.541
,-105.426
,-104.470
,-104.749
,-103.513
,-103.110
,-104.856
,-105.134
,-104.870
,-104.710
,-104.324
,-103.900
,-103.985
,-103.840
,-104.995
,-104.865
,-103.152
,-102.192
,-102.988
,-102.013
,-102.341
,-102.835
,-100.226
,-100.215
,-102.480
,-101.373
,-101.791
,-101.595
,-101.882
,-100.963
,-101.344
,-103.902
,-103.392
,-103.039
,-102.431
,-103.872
,-103.811
,-103.346
,-103.471
,-103.287
,-103.231
,-103.646
,-104.320
,-104.092
,-102.609
,-102.571
,-103.446
,-104.185
,-104.229
,-103.785
,-103.374
,-103.762
,-101.960
103.480,
,-102.456
,-101.636
,-101.453
,-98.621
,-97.817
,-98.666
,-102.906
,-103.142
,-104.324
,-103.950
,-103.999
,-102.030
,-102.222
,-102.901
,-103.090
,-103.217
,-104.250
,-104.946
,-105.091
,-105.563
,-104.699
,-103.412
,-103.838
,-104.148
,-104.386
,-105.726
,-104.797
,-104.614
,-104.656
,-104.651
,-104.385
,-104.205
,-103.740
,-103.485
,-103.274
,-103.664
,-103.520
,-104.227
,-104.201
,-103.800
,-104.117
,-104.673
,-104.473
,-105.469
,-104.738
,-103.465
,-104.501
,-104.850
,-103.863
,-103.595
,-103.645
,-103.303
,-103.689
,-103.177
,-103.260
,-103.213
,-102.501
,-101.662
,-102.712
,-104.235
,-104.678
,-101.575
,-101.624
,-104.139
,-104.656
,-103.245
,-102.580
,-104.110
,-105.107
,-101.958
,-101.954
,-102.144
,-101.258
,-102.030
,-102.929
,-102.536
,-102.656
,-101.557
,-101.657
,-101.425
,-100.925
,-99.515
,-99.233
,-101.807
,-101.175
,-101.057
,-99.772
,-100.394
,-101.166
,-101.298
,-100.926
,-101.001
103.588,
,-100.982
,-98.951
,-99.466
,-99.642
,-99.957
,-98.022
,-97.725
,-96.765
,-96.146
,-96.046
,-94.331
,-94.562
,-95.693
,-95.156
,-94.957
,-97.684
,-96.257
,-95.943
,-96.719
,-98.002
,-97.935
,-97.592
,-97.798
,-98.680
,-99.291
,-98.898
,-99.951
,-98.742
,-97.768
,-100.715
,-101.722
,-101.487
,-103.281
,-104.639
,-103.379
,-103.089
,-103.714
,-104.538
,-104.409
,-102.847
,-101.231
,-103.398
,-102.664
,-102.439
,-102.400
,-101.195
,-100.968
,-100.992
,-101.716
,-102.698
,-102.542
,-102.498
,-102.363
,-102.079
,-99.450
,-98.524
,-100.601
,-101.161
,-100.701
,-101.127
,-100.431
,-100.685
,-99.697
,-99.877
,-100.389
,-102.021
,-101.841
,-101.872
,-101.152
,-100.474
,-99.358
,-99.248
,-100.782
,-99.792
,-99.438
,-98.054
,-97.442
,-101.019
,-99.493
,-99.542
,-100.576
,-99.204
,-98.458
,-98.523
,-98.784
,-98.699
,-100.316
,-99.127
,-98.885
,-99.528
,-98.172
,-97.648
103.697,
,-98.896
,-99.571
,-98.221
,-98.444
,-99.246
,-98.253
,-98.301
,-99.525
,-97.630
,-97.157
,-98.422
,-100.201
,-100.209
,-101.641
,-98.130
,-97.394
,-98.884
,-99.346
,-98.729
,-100.608
,-99.955
,-99.889
,-99.710
,-99.679
,-100.134
,-100.356
,-97.624
,-97.679
,-99.534
,-99.854
,-99.783
,-99.637
,-100.558
,-98.487
,-99.007
,-102.670
,-101.014
,-100.320
,-99.132
,-99.055
,-99.990
,-100.318
,-99.647
,-100.758
,-100.859
,-102.050
,-102.277
,-103.557
,-103.889
,-102.886
,-103.702
,-103.590
,-102.756
,-101.593
,-101.956
,-102.972
,-103.228
,-102.131
,-101.345
,-102.685
,-104.165
,-103.311
,-103.576
,-102.965
,-102.651
,-102.837
,-103.074
,-102.432
,-102.455
,-104.796
,-104.350
,-104.230
,-104.305
,-103.386
,-104.500
,-105.162
,-104.498
,-103.905
,-103.708
,-104.858
,-105.462
,-104.661
,-103.532
,-103.470
,-103.398
,-104.010
,-103.665
,-103.597
,-101.194
,-101.171
,-103.975
,-102.444
103.805,
,-102.432
,-102.471
,-102.451
,-102.557
,-102.215
,-101.767
,-101.274
,-102.608
,-100.831
,-100.786
,-103.159
,-99.976
,-99.682
,-99.838
,-99.274
,-99.809
,-99.794
,-99.947
,-99.352
,-100.566
,-100.903
,-101.180
,-101.540
,-101.814
,-103.513
,-103.123
,-103.342
,-103.137
,-103.705
,-105.280
,-104.049
,-103.185
,-102.894
,-103.174
,-103.502
,-103.710
,-102.666
,-100.887
,-100.242
,-100.003
,-100.588
,-99.921
,-100.380
,-103.293
,-102.744
,-102.991
,-102.306
,-102.489
,-102.880
,-103.590
,-105.845
,-106.301
,-104.482
,-104.337
,-105.532
,-105.593
,-106.467
,-106.111
,-104.979
,-104.081
,-105.136
,-104.489
,-104.104
,-104.278
,-104.435
,-104.493
,-104.655
,-102.903
,-103.880
,-104.842
,-104.404
,-104.283
,-104.030
,-103.509
,-103.695
,-102.864
,-99.878
,-99.349
,-97.286
,-96.831
,-96.391
,-96.353
,-98.972
,-95.275
,-94.409
,-93.431
,-93.118
,-93.548
,-95.971
,-95.589
,-97.380
,-97.098
103.914,
,-96.032
,-96.694
,-100.102
,-100.125
,-100.617
,-99.953
,-101.001
,-101.631
,-102.812
,-102.970
,-103.506
,-103.385
,-104.921
,-104.548
,-104.254
,-104.561
,-104.431
,-106.806
,-105.531
,-104.310
,-104.004
,-104.449
,-103.960
,-102.379
,-103.410
,-103.957
,-103.731
,-102.795
,-101.648
,-101.611
,-100.192
,-99.615
,-98.725
,-98.136
,-97.774
,-98.084
,-95.536
,-95.063
,-93.608
,-93.262
,-94.921
,-96.120
,-97.551
,-98.714
,-98.134
,-98.499
,-100.267
,-100.350
,-100.896
,-102.826
,-101.973
,-102.549
,-103.750
,-102.415
,-102.578
,-104.427
,-105.250
,-103.183
,-103.375
,-105.691
,-105.003
,-104.703
,-102.489
,-102.203
,-103.327
,-103.132
,-102.953
,-104.934
,-102.386
,-102.198
,-103.162
,-103.444
,-104.837
,-104.043
,-103.114
,-103.176
,-103.186
,-103.733
,-103.392
,-102.629
,-102.020
,-102.988
,-102.051
,-100.644
,-100.838
,-101.378
,-101.402
,-101.268
,-100.623
,-101.654
,-102.109
,-101.797
,-101.379
104.022,
,-101.795
,-101.127
,-101.449
,-102.642
,-103.308
,-103.251
,-103.755
,-103.212
,-102.881
,-102.312
,-103.350
,-103.273
,-104.064
,-103.249
,-101.352
,-102.483
,-101.661
,-101.710
,-102.895
,-102.059
,-102.007
,-103.760
,-102.671
,-103.001
,-103.137
,-104.513
,-106.115
,-107.472
,-103.875
,-103.972
,-105.184
,-104.846
,-104.035
,-104.178
,-105.725
,-104.943
,-104.258
,-105.468
,-106.742
,-107.031
,-107.163
,-107.577
,-105.692
,-105.492
,-105.307
,-104.809
,-105.139
,-105.893
,-105.166
,-105.708
,-105.646
,-105.471
,-105.895
,-106.223
,-104.519
,-104.919
,-104.124
,-103.207
,-104.078
,-105.471
,-105.718
,-105.623
,-105.450
,-105.178
,-104.290
,-104.088
,-105.444
,-104.912
,-104.325
,-104.150
,-103.576
,-103.223
,-103.255
,-103.608
,-102.183
,-102.832
,-104.226
,-104.464
,-104.515
,-104.952
,-103.016
,-103.523
,-106.149
,-106.732
,-105.892
,-104.178
,-104.346
,-104.385
,-105.607
,-106.120
,-105.910
,-104.299
104.131,
,-105.135
,-106.965
,-105.678
,-105.434
,-104.392
,-104.977
,-105.199
,-105.755
,-106.666
,-106.474
,-104.422
,-104.710
,-105.310
,-104.950
,-104.731
,-106.103
,-104.820
,-103.690
,-103.694
,-104.363
,-104.594
,-104.266
,-105.288
,-104.678
,-104.271
,-103.767
,-105.346
,-104.001
,-104.067
,-104.489
,-104.550
,-106.209
,-104.232
,-103.858
,-104.623
,-104.457
,-105.618
,-104.028
,-104.349
,-104.177
,-103.883
,-103.689
,-103.993
,-106.255
,-104.405
,-104.311
,-104.825
,-105.521
,-105.398
,-105.655
,-106.643
,-105.951
,-105.003
,-103.993
,-103.771
,-104.471
,-106.980
,-105.896
,-105.746
,-105.866
,-104.629
,-104.544
,-105.470
,-105.144
,-104.542
,-103.516
,-103.565
,-103.346
,-102.035
,-101.385
,-101.531
,-102.727
,-102.101
,-101.068
,-101.065
,-101.616
,-102.580
,-100.087
,-99.943
,-101.008
,-103.032
,-103.669
,-104.513
,-103.688
,-104.374
,-104.043
,-103.787
,-104.252
,-104.126
,-103.396
,-100.729
,-100.903
104.239,-99.493
,-102.335
,-102.797
,-100.895
,-98.008
,-94.251
,-94.335
,-99.192
,-104.037
,-103.404
,-104.168
,-102.675
,-101.391
,-102.166
,-102.056
,-103.550
,-101.234
,-101.159
,-102.454
,-102.767
,-102.157
,-102.322
,-100.186
,-100.094
,-102.400
,-102.427
,-102.350
,-102.371
,-99.099
,-98.916
,-102.822
,-103.376
,-102.918
,-103.509
,-106.114
,-105.017
,-103.197
,-103.088
,-104.160
,-104.338
,-106.123
,-105.804
,-105.200
,-104.072
,-104.074
,-104.736
,-104.043
,-103.529
,-104.383
,-104.770
,-105.397
,-104.958
,-105.769
,-105.284
,-105.081
,-104.293
,-104.258
,-104.493
,-102.629
,-103.224
,-105.007
,-104.436
,-104.648
,-104.403
,-104.434
,-106.130
,-102.472
,-101.835
,-104.708
,-105.022
,-104.881
,-104.803
,-103.978
,-103.244
,-104.231
,-103.922
,-104.190
,-105.362
,-104.785
,-104.761
,-105.386
,-104.993
,-104.246
,-104.231
,-104.531
,-105.314
,-105.355
,-105.760
,-104.471
,-105.892
,-104.148
,-104.344
,-104.029
104.348,
,-104.971
,-107.038
,-105.636
,-103.770
,-104.654
,-105.173
,-104.090
,-104.779
,-104.083
,-104.103
,-104.014
,-103.806
,-104.391
,-104.267
,-104.106
,-104.053
,-106.040
,-103.834
,-103.638
,-104.730
,-104.460
,-102.910
,-103.111
,-104.944
,-104.785
,-105.036
,-105.033
,-105.224
,-105.173
,-104.900
,-104.234
,-104.029
,-104.483
,-104.692
,-105.122
,-104.663
,-104.494
,-103.990
,-104.010
,-104.428
,-104.731
,-104.995
,-104.707
,-105.368
,-103.463
,-102.828
,-103.673
,-103.567
,-103.750
,-104.254
,-106.219
,-104.239
,-104.078
,-104.999
,-104.963
,-102.828
,-102.868
,-102.502
,-103.086
,-103.820
,-103.764
,-104.729
,-103.352
,-103.365
,-103.348
,-104.326
,-105.451
,-105.882
,-103.076
,-103.279
,-104.608
,-105.130
,-105.507
,-104.715
,-103.620
,-103.490
,-103.237
,-105.232
,-105.028
,-104.003
,-103.734
,-104.185
,-104.618
,-104.271
,-104.326
,-104.366
,-105.212
,-104.290
,-105.584
,-103.889
,-104.612
,-104.388
104.456,
,-104.544
,-103.379
,-103.453
,-103.174
,-101.940
,-101.822
,-103.126
,-102.124
,-102.292
,-102.962
,-104.615
,-104.159
,-104.164
,-103.897
,-104.251
,-103.950
,-103.423
,-102.674
,-102.459
,-103.796
,-103.851
,-103.407
,-104.284
,-104.029
,-102.808
,-103.750
,-103.722
,-105.506
,-104.205
,-103.938
,-105.397
,-106.422
,-104.612
,-102.243
,-103.522
,-103.914
,-103.920
,-103.896
,-105.407
,-105.426
,-105.709
,-104.837
,-105.704
,-104.381
,-104.749
,-103.421
,-100.086
,-100.153
,-101.234
,-102.243
,-101.301
,-102.180
,-99.143
,-97.630
,-98.597
,-101.179
,-102.025
,-100.941
,-101.476
,-100.987
,-100.845
,-100.838
,-102.483
,-103.467
,-103.752
,-103.120
,-103.370
,-104.037
,-104.026
,-103.141
,-103.880
,-104.258
,-104.230
,-103.984
,-105.124
,-105.510
,-103.923
,-104.135
,-104.707
,-106.007
,-105.478
,-103.724
,-104.809
,-103.547
,-103.000
,-104.219
,-103.621
,-103.267
,-101.879
,-100.750
,-101.248
,-101.439
104.565,
,-99.882
,-100.592
,-101.734
,-100.315
,-99.362
,-97.941
,-97.180
,-99.502
,-101.670
,-102.497
,-102.036
,-100.100
,-100.044
,-101.487
,-101.808
,-102.582
,-103.215
,-102.803
,-102.261
,-102.483
,-103.718
,-103.739
,-102.678
,-103.191
,-102.785
,-102.692
,-102.692
,-102.668
,-105.022
,-104.680
,-104.569
,-105.348
,-104.075
,-104.068
,-104.210
,-104.368
,-101.825
,-102.071
,-103.618
,-103.873
,-103.511
,-103.826
,-103.884
,-103.667
,-103.035
,-102.082
,-102.367
,-103.072
,-104.062
,-103.118
,-101.747
,-101.651
,-102.427
,-103.421
,-104.163
,-103.435
,-102.851
,-104.011
,-103.863
,-103.173
,-103.246
,-103.118
,-103.338
,-101.722
,-101.618
,-103.613
,-105.167
,-104.135
,-103.210
,-104.338
,-104.612
,-102.958
,-101.730
,-100.722
,-99.231
,-98.263
,-98.767
,-101.148
,-101.364
,-101.429
,-102.590
,-102.152
,-102.719
,-102.669
,-102.794
,-104.841
,-104.036
,-103.695
,-104.192
,-102.293
,-102.328
,-101.358
104.673,
,-101.374
,-103.261
,-103.050
,-103.498
,-101.050
,-100.988
,-103.099
,-102.257
,-103.079
,-100.870
,-101.192
,-102.319
,-102.198
,-103.744
,-103.650
,-101.876
,-101.889
,-102.864
,-103.136
,-101.840
,-101.475
,-103.557
,-103.314
,-103.880
,-104.297
,-102.956
,-102.123
,-102.967
,-102.947
,-102.959
,-101.630
,-101.328
,-102.484
,-103.749
,-102.100
,-102.086
,-102.584
,-102.224
,-102.278
,-102.933
,-103.453
,-103.736
,-103.740
,-102.635
,-102.769
,-101.698
,-102.359
,-103.065
,-103.375
,-102.659
,-102.816
,-103.600
,-103.420
,-103.053
,-102.394
,-101.395
,-101.475
,-102.709
,-102.005
,-102.049
,-103.424
,-103.737
,-102.977
,-103.102
,-103.203
,-103.572
,-104.826
,-104.399
,-101.727
,-101.769
,-103.475
,-103.183
,-104.251
,-104.008
,-104.273
,-104.767
,-103.912
,-103.305
,-103.326
,-104.857
,-104.373
,-103.835
,-103.859
,-102.617
,-100.514
,-100.704
,-103.219
,-103.837
,-102.579
,-102.428
,-103.167
,-103.467
104.782,
,-103.130
,-101.163
,-101.016
,-103.395
,-103.249
,-102.032
,-103.595
,-104.172
,-103.484
,-103.186
,-103.670
,-105.017
,-102.880
,-102.927
,-102.701
,-103.326
,-103.953
,-102.972
,-103.023
,-103.349
,-103.307
,-102.011
,-103.158
,-103.296
,-103.215
,-103.059
,-103.478
,-103.661
,-102.224
,-102.767
,-102.859
,-102.460
,-103.256
,-102.935
,-101.827
,-101.448
,-101.582
,-100.483
,-101.049
,-104.142
,-103.880
,-102.265
,-102.519
,-102.987
,-101.796
,-101.928
,-101.654
,-102.560
,-103.085
,-103.673
,-102.553
,-103.445
,-104.280
,-102.680
,-102.507
,-102.249
,-102.516
,-103.102
,-102.995
,-103.680
,-103.746
,-102.472
,-102.174
,-101.171
,-101.172
,-104.690
,-101.750
,-101.837
,-103.512
,-103.160
,-104.815
,-103.186
,-104.264
,-102.503
,-102.566
,-103.882
,-101.784
,-101.827
,-103.021
,-103.453
,-104.894
,-103.416
,-101.090
,-102.635
,-104.471
,-105.921
,-103.737
,-102.444
,-102.641
,-104.294
,-103.320
,-103.280
,-102.855
104.890,
,-103.580
,-103.513
,-103.504
,-104.295
,-105.265
,-103.630
,-104.381
,-104.160
,-105.129
,-103.975
,-104.224
,-104.019
,-103.418
,-103.359
,-102.070
,-102.563
,-102.709
,-102.707
,-103.114
,-102.398
,-102.665
,-103.709
,-103.105
,-102.998
,-102.362
,-102.183
,-103.460
,-98.188
,-97.875
,-100.457
,-103.109
,-104.984
,-102.849
,-102.864
,-101.666
,-103.289
,-102.770
,-101.518
,-102.040
,-103.545
,-103.368
,-103.608
,-103.343
,-102.912
,-103.201
,-102.832
,-103.381
,-102.612
,-102.130
,-104.864
,-102.679
,-102.483
,-103.140
,-103.453
,-102.809
,-103.670
,-103.934
,-102.540
,-102.593
,-104.020
,-103.457
,-103.566
,-103.350
,-103.498
,-103.880
,-104.035
,-102.439
,-102.468
,-103.214
,-102.933
,-102.633
,-102.635
,-103.654
,-104.311
,-101.754
,-102.335
,-103.181
,-102.937
,-102.948
,-103.526
,-103.552
,-103.151
,-103.377
,-103.773
,-104.503
,-103.856
,-102.569
,-102.609
,-102.561
,-103.166
,-102.596
,-103.627
104.998,
,-102.783
,-103.084
,-104.778
,-103.757
,-103.685
,-102.279
,-103.821
,-104.252
,-103.981
,-103.284
,-104.285
,-104.428
,-103.551
,-103.292
,-103.483
,-103.590
,-104.173
,-103.654
,-103.727
,-102.846
,-103.719
,-103.346
,-103.474
,-103.450
,-103.491
,-102.398
,-102.899
,-103.040
,-103.289
,-103.962
,-103.705
,-104.377
,-103.730
,-104.237
,-103.213
,-103.093
,-105.144
,-103.737
,-103.599
,-103.556
,-103.770
,-103.559
,-103.606
,-104.579
,-102.755
,-102.693
,-103.747
,-103.499
,-105.137
,-105.248
,-105.169
,-105.940
,-105.588
,-105.097
,-104.215
,-103.980
,-105.080
,-105.466
,-103.645
,-102.160
,-101.965
,-102.905
,-103.953
,-102.874
,-102.907
,-103.308
,-103.118
,-102.326
,-101.871
,-102.582
,-103.591
,-104.134
,-103.351
,-103.221
,-103.451
,-104.106
,-103.762
,-105.131
,-102.213
,-102.197
,-104.162
,-104.054
,-103.888
,-103.858
,-103.944
,-103.529
,-104.743
,-105.835
,-103.686
,-103.569
,-103.631
,-104.225
105.107,
,-103.947
,-103.817
,-104.900
,-104.773
,-104.494
,-104.413
,-103.989
,-104.121
,-105.452
,-104.513
,-104.786
,-105.068
,-102.712
,-101.860
,-101.316
,-102.981
,-102.722
,-103.457
,-102.441
,-100.997
,-101.005
,-101.115
,-104.239
,-104.904
,-105.260
,-105.084
,-103.636
,-102.594
,-102.877
,-102.544
,-105.069
,-105.019
,-105.263
,-103.849
,-103.763
,-105.158
,-104.840
,-101.945
,-101.927
,-103.843
,-104.389
,-104.300
,-104.262
,-103.422
,-103.773
,-104.408
,-104.653
,-103.291
,-103.154
,-104.388
,-102.297
,-102.279
,-104.344
,-104.177
,-103.171
,-101.597
,-102.150
,-100.674
,-98.691
,-97.660
,-99.300
,-99.245
,-99.199
,-98.439
,-96.538
,-95.286
,-96.019
,-99.244
,-98.624
,-98.599
,-98.963
,-99.013
,-98.971
,-100.637
,-100.445
,-100.887
,-102.743
,-103.373
,-103.499
,-104.909
,-104.487
,-103.364
,-104.535
,-103.147
,-103.150
,-102.956
,-103.375
,-103.411
,-103.121
,-104.240
,-103.192
,-103.194
105.215,
,-104.276
,-103.399
,-103.034
,-102.712
,-103.311
,-103.344
,-103.666
,-103.380
,-103.195
,-103.408
,-104.779
,-105.127
,-103.921
,-103.855
,-102.632
,-102.516
,-103.484
,-104.158
,-103.004
,-103.751
,-103.721
,-102.978
,-103.066
,-104.926
,-103.168
,-102.365
,-102.410
,-104.555
,-104.204
,-104.734
,-105.553
,-106.126
,-104.688
,-104.350
,-104.642
,-105.874
,-106.037
,-104.393
,-102.903
,-103.576
,-104.392
,-104.117
,-103.823
,-103.933
,-103.953
,-104.063
,-102.600
,-102.770
,-103.768
,-104.655
,-104.114
,-104.314
,-105.361
,-104.641
,-103.213
,-103.444
,-103.457
,-103.147
,-103.510
,-103.636
,-103.875
,-103.770
,-101.201
,-101.167
,-104.745
,-103.315
,-101.745
,-101.706
,-103.658
,-103.415
,-103.342
,-104.096
,-103.764
,-103.370
,-103.647
,-103.814
,-103.560
,-103.142
,-103.137
,-103.883
,-102.840
,-102.597
,-102.894
,-102.625
,-103.776
,-103.761
,-103.576
,-102.843
,-102.520
,-103.224
,-103.745
,-102.726
105.324,
,-103.850
,-105.178
,-104.454
,-103.871
,-101.325
,-101.480
,-101.902
,-102.727
,-102.587
,-102.992
,-103.741
,-103.253
,-103.572
,-103.424
,-103.411
,-102.431
,-102.784
,-102.392
,-105.115
,-102.799
,-102.954
,-103.234
,-103.103
,-103.437
,-102.903
,-102.743
,-104.312
,-102.418
,-102.563
,-104.233
,-104.295
,-104.582
,-105.334
,-103.312
,-103.201
,-105.671
,-105.285
,-102.755
,-103.417
,-105.806
,-105.108
,-104.471
,-105.198
,-104.484
,-104.657
,-105.255
,-103.740
,-103.796
,-104.615
,-103.615
,-103.803
,-104.090
,-102.820
,-103.167
,-104.260
,-102.722
,-104.016
,-105.631
,-105.763
,-105.157
,-104.403
,-103.756
,-104.244
,-104.412
,-103.647
,-103.090
,-103.697
,-102.647
,-102.773
,-103.380
,-103.675
,-104.561
,-104.053
,-104.145
,-103.838
,-103.840
,-105.865
,-104.818
,-104.330
,-105.404
,-106.027
,-105.456
,-105.359
,-103.447
,-103.427
,-104.490
,-104.647
,-104.564
,-105.025
,-105.482
,-104.444
,-104.401
105.432,-104.382
,-104.014
,-105.062
,-105.908
,-102.777
,-102.924
,-104.567
,-104.667
,-104.318
,-103.983
,-105.117
,-105.184
,-103.760
,-103.200
,-103.641
,-104.387
,-104.474
,-103.856
,-103.817
,-103.879
,-103.496
,-103.118
,-105.088
,-106.580
,-104.715
,-103.528
,-104.456
,-103.453
,-102.198
,-103.879
,-103.874
,-103.269
,-104.123
,-102.969
,-103.459
,-102.803
,-103.447
,-104.805
,-104.383
,-104.635
,-105.564
,-103.900
,-103.424
,-102.056
,-101.572
,-101.701
,-103.448
,-101.495
,-99.826
,-98.522
,-98.645
,-100.522
,-100.922
,-100.961
,-102.302
,-101.154
,-102.067
,-104.274
,-103.582
,-103.561
,-104.245
,-104.698
,-104.294
,-103.599
,-103.822
,-103.401
,-101.993
,-103.274
,-103.979
,-103.892
,-104.852
,-104.765
,-103.760
,-103.553
,-102.918
,-103.511
,-104.488
,-104.496
,-103.748
,-103.898
,-104.676
,-104.858
,-104.669
,-103.797
,-104.516
,-104.745
,-104.093
,-105.398
,-105.275
,-103.258
,-104.922
,-104.649
,-105.108
105.541,
,-105.141
,-104.661
,-105.079
,-104.351
,-103.986
,-104.304
,-105.055
,-106.879
,-105.971
,-105.503
,-105.215
,-105.209
,-103.259
,-104.307
,-105.705
,-105.570
,-103.880
,-104.235
,-105.897
,-106.835
,-106.850
,-105.787
,-105.975
,-105.500
,-104.985
,-105.508
,-104.646
,-104.934
,-105.004
,-106.271
,-106.322
,-106.483
,-106.263
,-106.371
,-106.067
,-103.948
,-103.950
,-105.233
,-106.234
,-106.880
,-105.332
,-104.655
,-104.911
,-105.413
,-104.298
,-104.713
,-103.975
,-104.934
,-105.053
,-105.886
,-104.731
,-104.974
,-103.971
,-104.888
,-105.231
,-107.742
,-107.919
,-106.377
,-106.612
,-105.952
,-105.892
,-106.893
,-105.397
,-105.624
,-105.120
,-104.526
,-105.144
,-105.798
,-105.968
,-106.188
,-106.517
,-106.017
,-105.518
,-104.020
,-103.995
,-105.083
,-104.942
,-104.000
,-104.045
,-104.332
,-104.906
,-103.682
,-104.091
,-104.098
,-102.445
,-102.213
,-103.151
,-103.475
,-104.704
,-104.445
,-103.597
,-103.571
105.649,
,-104.389
,-102.939
,-103.004
,-102.620
,-103.590
,-105.186
,-104.631
,-104.099
,-103.586
,-101.120
,-101.084
,-104.028
,-103.734
,-103.207
,-103.676
,-102.773
,-104.297
,-103.441
,-102.810
,-105.682
,-104.636
,-104.356
,-103.614
,-101.416
,-96.405
,-96.352
,-100.014
,-99.429
,-99.514
,-99.285
,-100.706
,-98.338
,-98.728
,-104.022
,-104.408
,-104.390
,-103.931
,-103.510
,-100.625
,-101.764
,-103.324
,-104.913
,-104.429
,-102.367
,-102.352
,-103.388
,-104.267
,-105.315
,-104.838
,-104.612
,-104.323
,-103.529
,-103.880
,-104.168
,-106.302
,-103.916
,-103.956
,-105.173
,-104.780
,-104.815
,-104.950
,-104.882
,-106.172
,-102.882
,-101.921
,-102.448
,-103.184
,-103.997
,-104.063
,-103.364
,-105.046
,-104.537
,-103.233
,-103.041
,-104.067
,-105.530
,-104.652
,-102.852
,-102.716
,-101.648
,-101.392
,-103.837
,-103.900
,-103.792
,-104.500
,-103.320
,-103.153
,-105.364
,-105.395
,-106.180
,-104.844
,-104.848
105.758,
,-103.958
,-105.320
,-104.508
,-104.401
,-105.175
,-105.626
,-105.415
,-104.871
,-104.559
,-105.101
,-105.084
,-106.605
,-105.815
,-104.930
,-104.697
,-104.530
,-104.620
,-103.175
,-103.058
,-104.180
,-104.182
,-104.806
,-103.719
,-102.731
,-101.977
,-101.965
,-100.228
,-100.233
,-101.406
,-101.019
,-100.505
,-98.053
,-96.756
,-96.623
,-98.012
,-99.644
,-100.216
,-99.998
,-100.618
,-101.596
,-100.947
,-100.405
,-103.023
,-105.146
,-104.429
,-103.332
,-104.995
,-104.819
,-104.772
,-104.641
,-104.856
,-104.041
,-104.968
,-103.822
,-104.547
,-105.285
,-105.296
,-104.189
,-105.047
,-106.346
,-106.576
,-106.344
,-104.788
,-104.439
,-105.374
,-107.876
,-107.269
,-106.232
,-106.250
,-106.385
,-105.175
,-105.267
,-105.968
,-106.453
,-105.898
,-106.144
,-107.554
,-103.399
,-103.185
,-105.614
,-106.944
,-107.371
,-106.438
,-106.706
,-106.451
,-105.871
,-105.691
,-107.286
,-106.819
,-105.567
105.866,
105.975,
106.083,
106.192,
106.300,
106.409,
106.517,
106.626,
106.734,
106.843,
106.951,
107.060,
107.168,
107.277,
107.385,
107.493,
107.602,
107.710,
107.819,
107.927,
108.036,
108.144,
108.253,
108.361,
108.470,
108.578,
108.687,
108.795,
108.904,
109.012,
109.121,
109.229,
109.338,
109.446,
109.555,
109.663,
109.772,
109.880,
109.988,
400.000,
400.011,
400.022,
400.033,
400.043,
400.054,
400.065,
400.076,
400.087,
400.098,
400.108,
400.119,
400.130,
400.141,
400.152,
400.163,
400.174,
400.184,
400.195,
400.206,
400.217,
400.228,
400.239,
400.250,
400.260,
400.271,
400.282,
400.293,
400.304,
400.315,
400.325,
400.336,
400.347,
400.358,
400.369,
400.380,
400.391,
400.401,
400.412,
400.423,
400.434,
400.445,
400.456,
400.466,
400.477,
400.488,
400.499,
400.510,
400.521,
400.532,
400.542,
400.553,
400.564,
400.575,
400.586,
400.597,
400.607,
400.618,
400.629,
400.640,
400.651,
400.662,
400.673,
400.683,
400.694,
400.705,
400.716,
400.727,
400.738,
400.748,
400.759,
400.770,
400.781,
400.792,
400.803,
400.814,
400.824,
400.835,
400.846,
400.857,
400.868,
400.879,
400.890,
400.900,
400.911,
400.922,
400.933,
400.944,
400.955,
400.965,
400.976,
400.987,
400.998,
401.009,
401.020,
401.031,
401.041,
401.052,
401.063,
401.074,
401.085,
401.096,
401.106,
401.117,
401.128,
401.139,
401.150,
401.161,
401.172,
401.182,
401.193,
401.204,
401.215,
401.226,
401.237,
401.248,
401.258,
401.269,
401.280,
401.291,
401.302,
401.313,
401.323,
401.334,
401.345,
401.356,
401.367,
401.378,
401.389,
401.399,
401.410,
401.421,
401.432,
401.443,
401.454,
401.464,
401.475,
401.486,
401.497,
401.508,
401.519,
401.530,
401.540,
401.551,
401.562,
401.573,
401.584,
401.595,
401.605,
401.616,
401.627,
401.638,
401.649,
401.660,
401.671,
401.681,
401.692,
401.703,
401.714,
401.725,
401.736,
401.747,
401.757,
401.768,
401.779,
401.790,
401.801,
401.812,
401.822,
401.833,
401.844,
401.855,
401.866,
401.877,
401.888,
401.898,
401.909,
401.920,
401.931,
401.942,
401.953,
401.963,
401.974,
401.985,
401.996,
402.007,
402.018,
402.029,
402.039,
402.050,
402.061,
402.072,
402.083,
402.094,
402.104,
402.115,
402.126,
402.137,
402.148,
402.159,
402.170,
402.180,
402.191,
402.202,
402.213,
402.224,
402.235,
402.245,
402.256,
402.267,
402.278,
402.289,
402.300,
402.311,
402.321,
402.332,
402.343,
402.354,
402.365,
402.376,
402.387,
402.397,
402.408,
402.419,
402.430,
402.441,
402.452,
402.462,
402.473,
402.484,
402.495,
402.506,
402.517,
402.528,
402.538,
402.549,
402.560,
402.571,
402.582,
402.593,
402.603,
402.614,
402.625,
402.636,
402.647,
402.658,
402.669,
402.679,
402.690,
402.701,
402.712,
402.723,
402.734,
402.745,
402.755,
402.766,
402.777,
402.788,
402.799,
402.810,
402.820,
402.831,
402.842,
402.853,
402.864,
402.875,
402.886,
402.896,
402.907,
402.918,
402.929,
402.940,
402.951,
402.961,
402.972,
402.983,
402.994,
403.005,
403.016,
403.027,
403.037,
403.048,
403.059,
403.070,
403.081,
403.092,
403.102,
403.113,
403.124,
403.135,
403.146,
403.157,
403.168,
403.178,
403.189,
403.200,
403.211,
403.222,
403.233,
403.243,
403.254,
403.265,
403.276,
403.287,
403.298,
403.309,
403.319,
403.330,
403.341,
403.352,
403.363,
403.374,
403.385,
403.395,
403.406,
403.417,
403.428,
403.439,
403.450,
403.460,
403.471,
403.482,
403.493,
403.504,
403.515,
403.526,
403.536,
403.547,
403.558,
403.569,
403.580,
403.591,
403.601,
403.612,
403.623,
403.634,
403.645,
403.656,
403.667,
403.677,
403.688,
403.699,
403.710,
403.721,
403.732,
403.743,
403.753,
403.764,
403.775,
403.786,
403.797,
403.808,
403.818,
403.829,
403.840,
403.851,
403.862,
403.873,
403.884,
403.894,
403.905,
403.916,
403.927,
403.938,
403.949,
403.959,
403.970,
403.981,
403.992,
404.003,
404.014,
404.025,
404.035,
404.046,
404.057,
404.068,
404.079,
404.090,
404.100,
404.111,
404.122,
404.133,
404.144,
404.155,
404.166,
404.176,
404.187,
404.198,
404.209,
404.220,
404.231,
404.241,
404.252,
404.263,
404.274,
404.285,
404.296,
404.307,
404.317,
404.328,
404.339,
404.350,
404.361,
404.372,
404.383,
404.393,
404.404,
404.415,
404.426,
404.437,
404.448,
404.458,
404.469,
404.480,
404.491,
404.502,
404.513,
404.524,
404.534,
404.545,
404.556,
404.567,
404.578,
404.589,
404.599,
404.610,
404.621,
404.632,
404.643,
404.654,
404.665,
404.675,
404.686,
404.697,
404.708,
404.719,
404.730,
404.740,
404.751,
404.762,
404.773,
404.784,
404.795,
404.806,
404.816,
404.827,
404.838,
404.849,
404.860,
404.871,
404.882,
404.892,
404.903,
404.914,
404.925,
404.936,
404.947,
404.957,
404.968,
404.979,
404.990,
405.001,
405.012,
405.023,
405.033,
405.044,
405.055,
405.066,
405.077,
405.088,
405.098,
405.109,
405.120,
405.131,
405.142,
405.153,
405.164,
405.174,
405.185,
405.196,
405.207,
405.218,
405.229,
405.240,
405.250,
405.261,
405.272,
405.283,
405.294,
405.305,
405.315,
405.326,
405.337,
405.348,
405.359,
405.370,
405.381,
405.391,
405.402,
405.413,
405.424,
405.435,
405.446,
405.456,
405.467,
405.478,
405.489,
405.500,
405.511,
405.522,
405.532,
405.543,
405.554,
405.565,
405.576,
405.587,
405.597,
405.608,
405.619,
405.630,
405.641,
405.652,
405.663,
405.673,
405.684,
405.695,
405.706,
405.717,
405.728,
405.738,
405.749,
405.760,
405.771,
405.782,
405.793,
405.804,
405.814,
405.825,
405.836,
405.847,
405.858,
405.869,
405.880,
405.890,
405.901,
405.912,
405.923,
405.934,
405.945,
405.955,
405.966,
405.977,
405.988,
405.999,
406.010,
406.021,
406.031,
406.042,
406.053,
406.064,
406.075,
406.086,
406.096,
406.107,
406.118,
406.129,
406.140,
406.151,
406.162,
406.172,
406.183,
406.194,
406.205,
406.216,
406.227,
406.238,
406.248,
406.259,
406.270,
406.281,
406.292,
406.303,
406.313,
406.324,
406.335,
406.346,
406.357,
406.368,
406.379,
406.389,
406.400,
406.411,
406.422,
406.433,
406.444,
406.454,
406.465,
406.476,
406.487,
406.498,
406.509,
406.520,
406.530,
406.541,
406.552,
406.563,
406.574,
406.585,
406.595,
406.606,
406.617,
406.628,
406.639,
406.650,
406.661,
406.671,
406.682,
406.693,
406.704,
406.715,
406.726,
406.736,
406.747,
406.758,
406.769,
406.780,
406.791,
406.802,
406.812,
406.823,
406.834,
406.845,
406.856,
406.867,
406.878,
406.888,
406.899,
406.910,
406.921,
406.932,
406.943,
406.953,
406.964,
406.975,
406.986,
406.997,
407.008,
407.019,
407.029,
407.040,
407.051,
407.062,
407.073,
407.084,
407.094,
407.105,
407.116,
407.127,
407.138,
407.149,
407.160,
407.170,
407.181,
407.192,
407.203,
407.214,
407.225,
407.236,
407.246,
407.257,
407.268,
407.279,
407.290,
407.301,
407.311,
407.322,
407.333,
407.344,
407.355,
407.366,
407.377,
407.387,
407.398,
407.409,
407.420,
407.431,
407.442,
407.452,
407.463,
407.474,
407.485,
407.496,
407.507,
407.518,
407.528,
407.539,
407.550,
407.561,
407.572,
407.583,
407.593,
407.604,
407.615,
407.626,
407.637,
407.648,
407.659,
407.669,
407.680,
407.691,
407.702,
407.713,
407.724,
407.735,
407.745,
407.756,
407.767,
407.778,
407.789,
407.800,
407.810,
407.821,
407.832,
407.843,
407.854,
407.865,
407.876,
407.886,
407.897,
407.908,
407.919,
407.930,
407.941,
407.951,
407.962,
407.973,
407.984,
407.995,
408.006,
408.017,
408.027,
408.038,
408.049,
408.060,
408.071,
408.082,
408.092,
408.103,
408.114,
408.125,
408.136,
408.147,
408.158,
408.168,
408.179,
408.190,
408.201,
408.212,
408.223,
408.233,
408.244,
408.255,
408.266,
408.277,
408.288,
408.299,
408.309,
408.320,
408.331,
408.342,
408.353,
408.364,
408.375,
408.385,
408.396,
408.407,
408.418,
408.429,
408.440,
408.450,
408.461,
408.472,
408.483,
408.494,
408.505,
408.516,
408.526,
408.537,
408.548,
408.559,
408.570,
408.581,
408.591,
408.602,
408.613,
408.624,
408.635,
408.646,
408.657,
408.667,
408.678,
408.689,
408.700,
408.711,
408.722,
408.733,
408.743,
408.754,
408.765,
408.776,
408.787,
408.798,
408.808,
408.819,
408.830,
408.841,
408.852,
408.863,
408.874,
408.884,
408.895,
408.906,
408.917,
408.928,
408.939,
408.949,
408.960,
408.971,
408.982,
408.993,
409.004,
409.015,
409.025,
409.036,
409.047,
409.058,
409.069,
409.080,
409.090,
409.101,
409.112,
409.123,
409.134,
409.145,
409.156,
409.166,
409.177,
409.188,
409.199,
409.210,
409.221,
409.231,
409.242,
409.253,
409.264,
409.275,
409.286,
409.297,
409.307,
409.318,
409.329,
409.340,
409.351,
409.362,
409.373,
409.383,
409.394,
409.405,
409.416,
409.427,
409.438,
409.448,
409.459,
409.470,
409.481,
409.492,
409.503,
409.514,
409.524,
409.535,
409.546,
409.557,
409.568,
409.579,
409.589,
409.600,
409.611,
409.622,
409.633,
409.644,
409.655,
409.665,
409.676,
409.687,
409.698,
409.709,
409.720,
409.731,
409.741,
409.752,
409.763,
409.774,
409.785,
409.796,
409.806,
409.817,
409.828,
409.839,
409.850,
409.861,
409.872,
409.882,
409.893,
409.904,
409.915,
409.926,
409.937,
409.947,
409.958,
409.969,
409.980,
409.991,
410.002,
410.013,
410.023,
410.034,
410.045,
410.056,
410.067,
410.078,
410.088,
410.099,
410.110,
410.121,
410.132,
410.143,
410.154,
410.164,
410.175,
410.186,
410.197,
410.208,
410.219,
410.229,
410.240,
410.251,
410.262,
410.273,
410.284,
410.295,
410.305,
410.316,
410.327,
410.338,
410.349,
410.360,
410.371,
410.381,
410.392,
410.403,
410.414,
410.425,
410.436,
410.446,
410.457,
410.468,
410.479,
410.490,
410.501,
410.512,
410.522,
410.533,
410.544,
410.555,
410.566,
410.577,
410.587,
410.598,
410.609,
410.620,
410.631,
410.642,
410.653,
410.663,
410.674,
410.685,
410.696,
410.707,
410.718,
410.728,
410.739,
410.750,
410.761,
410.772,
410.783,
410.794,
410.804,
410.815,
410.826,
410.837,
410.848,
410.859,
410.870,
410.880,
410.891,
410.902,
410.913,
410.924,
410.935,
410.945,
410.956,
410.967,
410.978,
410.989,
411.000,
411.011,
411.021,
411.032,
411.043,
411.054,
411.065,
411.076,
411.086,
411.097,
411.108,
411.119,
411.130,
411.141,
411.152,
411.162,
411.173,
411.184,
411.195,
411.206,
411.217,
411.228,
411.238,
411.249,
411.260,
411.271,
411.282,
411.293,
411.303,
411.314,
411.325,
411.336,
411.347,
411.358,
411.369,
411.379,
411.390,
411.401,
411.412,
411.423,
411.434,
411.444,
411.455,
411.466,
411.477,
411.488,
411.499,
411.510,
411.520,
411.531,
411.542,
411.553,
411.564,
411.575,
411.585,
411.596,
411.607,
411.618,
411.629,
411.640,
411.651,
411.661,
411.672,
411.683,
411.694,
411.705,
411.716,
411.726,
411.737,
411.748,
411.759,
411.770,
411.781,
411.792,
411.802,
411.813,
411.824,
411.835,
411.846,
411.857,
411.868,
411.878,
411.889,
411.900,
411.911,
411.922,
411.933,
411.943,
411.954,
411.965,
411.976,
411.987,
411.998,
412.009,
412.019,
412.030,
412.041,
412.052,
412.063,
412.074,
412.084,
412.095,
412.106,
412.117,
412.128,
412.139,
412.150,
412.160,
412.171,
412.182,
412.193,
412.204,
412.215,
412.226,
412.236,
412.247,
412.258,
412.269,
412.280,
412.291,
412.301,
412.312,
412.323,
412.334,
412.345,
412.356,
412.367,
412.377,
412.388,
412.399,
412.410,
412.421,
412.432,
412.442,
412.453,
412.464,
412.475,
412.486,
412.497,
412.508,
412.518,
412.529,
412.540,
412.551,
412.562,
412.573,
412.583,
412.594,
412.605,
412.616,
412.627,
412.638,
412.649,
412.659,
412.670,
412.681,
412.692,
412.703,
412.714,
412.724,
412.735,
412.746,
412.757,
412.768,
412.779,
412.790,
412.800,
412.811,
412.822,
412.833,
412.844,
412.855,
412.866,
412.876,
412.887,
412.898,
412.909,
412.920,
412.931,
412.941,
412.952,
412.963,
412.974,
412.985,
412.996,
413.007,
413.017,
413.028,
413.039,
413.050,
413.061,
413.072,
413.082,
413.093,
413.104,
413.115,
413.126,
413.137,
413.148,
413.158,
413.169,
413.180,
413.191,
413.202,
413.213,
413.224,
413.234,
413.245,
413.256,
413.267,
413.278,
413.289,
413.299,
413.310,
413.321,
413.332,
413.343,
413.354,
413.365,
413.375,
413.386,
413.397,
413.408,
413.419,
413.430,
413.440,
413.451,
413.462,
413.473,
413.484,
413.495,
413.506,
413.516,
413.527,
413.538,
413.549,
413.560,
413.571,
413.581,
413.592,
413.603,
413.614,
413.625,
413.636,
413.647,
413.657,
413.668,
413.679,
413.690,
413.701,
413.712,
413.723,
413.733,
413.744,
413.755,
413.766,
413.777,
413.788,
413.798,
413.809,
413.820,
413.831,
413.842,
413.853,
413.864,
413.874,
413.885,
413.896,
413.907,
413.918,
413.929,
413.939,
413.950,
413.961,
413.972,
413.983,
413.994,
414.005,
414.015,
414.026,
414.037,
414.048,
414.059,
414.070,
414.080,
414.091,
414.102,
414.113,
414.124,
414.135,
414.146,
414.156,
414.167,
414.178,
414.189,
414.200,
414.211,
414.221,
414.232,
414.243,
414.254,
414.265,
414.276,
414.287,
414.297,
414.308,
414.319,
414.330,
414.341,
414.352,
414.363,
414.373,
414.384,
414.395,
414.406,
414.417,
414.428,
414.438,
414.449,
414.460,
414.471,
414.482,
414.493,
414.504,
414.514,
414.525,
414.536,
414.547,
414.558,
414.569,
414.579,
414.590,
414.601,
414.612,
414.623,
414.634,
414.645,
414.655,
414.666,
414.677,
414.688,
414.699,
414.710,
414.721,
414.731,
414.742,
414.753,
414.764,
414.775,
414.786,
414.796,
414.807,
414.818,
414.829,
414.840,
414.851,
414.862,
414.872,
414.883,
414.894,
414.905,
414.916,
414.927,
414.937,
414.948,
414.959,
414.970,
414.981,
414.992,
415.003,
415.013,
415.024,
415.035,
415.046,
415.057,
415.068,
415.078,
415.089,
415.100,
415.111,
415.122,
415.133,
415.144,
415.154,
415.165,
415.176,
415.187,
415.198,
415.209,
415.219,
415.230,
415.241,
415.252,
415.263,
415.274,
415.285,
415.295,
415.306,
415.317,
415.328,
415.339,
415.350,
415.361,
415.371,
415.382,
415.393,
415.404,
415.415,
415.426,
415.436,
415.447,
415.458,
415.469,
415.480,
415.491,
415.502,
415.512,
415.523,
415.534,
415.545,
415.556,
415.567,
415.577,
415.588,
415.599,
415.610,
415.621,
415.632,
415.643,
415.653,
415.664,
415.675,
415.686,
415.697,
415.708,
415.719,
415.729,
415.740,
415.751,
415.762,
415.773,
415.784,
415.794,
415.805,
415.816,
415.827,
415.838,
415.849,
415.860,
415.870,
415.881,
415.892,
415.903,
415.914,
415.925,
415.935,
415.946,
415.957,
415.968,
415.979,
415.990,
416.001,
416.011,
416.022,
416.033,
416.044,
416.055,
416.066,
416.076,
416.087,
416.098,
416.109,
416.120,
416.131,
416.142,
416.152,
416.163,
416.174,
416.185,
416.196,
416.207,
416.217,
416.228,
416.239,
416.250,
416.261,
416.272,
416.283,
416.293,
416.304,
416.315,
416.326,
416.337,
416.348,
416.359,
416.369,
416.380,
416.391,
416.402,
416.413,
416.424,
416.434,
416.445,
416.456,
416.467,
416.478,
416.489,
416.500,
416.510,
416.521,
416.532,
416.543,
416.554,
416.565,
416.575,
416.586,
416.597,
416.608,
416.619,
416.630,
416.641,
416.651,
416.662,
416.673,
416.684,
416.695,
416.706,
416.716,
416.727,
416.738,
416.749,
416.760,
416.771,
416.782,
416.792,
416.803,
416.814,
416.825,
416.836,
416.847,
416.858,
416.868,
416.879,
416.890,
416.901,
416.912,
416.923,
416.933,
416.944,
416.955,
416.966,
416.977,
416.988,
416.999,
417.009,
417.020,
417.031,
417.042,
417.053,
417.064,
417.074,
417.085,
417.096,
417.107,
417.118,
417.129,
417.140,
417.150,
417.161,
417.172,
417.183,
417.194,
417.205,
417.216,
417.226,
417.237,
417.248,
417.259,
417.270,
417.281,
417.291,
417.302,
417.313,
417.324,
417.335,
417.346,
417.357,
417.367,
417.378,
417.389,
417.400,
417.411,
417.422,
417.432,
417.443,
417.454,
417.465,
417.476,
417.487,
417.498,
417.508,
417.519,
417.530,
417.541,
417.552,
417.563,
417.573,
417.584,
417.595,
417.606,
417.617,
417.628,
417.639,
417.649,
417.660,
417.671,
417.682,
417.693,
417.704,
417.714,
417.725,
417.736,
417.747,
417.758,
417.769,
417.780,
417.790,
417.801,
417.812,
417.823,
417.834,
417.845,
417.856,
417.866,
417.877,
417.888,
417.899,
417.910,
417.921,
417.931,
417.942,
417.953,
417.964,
417.975,
417.986,
417.997,
418.007,
418.018,
418.029,
418.040,
418.051,
418.062,
418.072,
418.083,
418.094,
418.105,
418.116,
418.127,
418.138,
418.148,
418.159,
418.170,
418.181,
418.192,
418.203,
418.214,
418.224,
418.235,
418.246,
418.257,
418.268,
418.279,
418.289,
418.300,
418.311,
418.322,
418.333,
418.344,
418.355,
418.365,
418.376,
418.387,
418.398,
418.409,
418.420,
418.430,
418.441,
418.452,
418.463,
418.474,
418.485,
418.496,
418.506,
418.517,
418.528,
418.539,
418.550,
418.561,
418.571,
418.582,
418.593,
418.604,
418.615,
418.626,
418.637,
418.647,
418.658,
418.669,
418.680,
418.691,
418.702,
418.712,
418.723,
418.734,
418.745,
418.756,
418.767,
418.778,
418.788,
418.799,
418.810,
418.821,
418.832,
418.843,
418.854,
418.864,
418.875,
418.886,
418.897,
418.908,
418.919,
418.929,
418.940,
418.951,
418.962,
418.973,
418.984,
418.995,
419.005,
419.016,
419.027,
419.038,
419.049,
419.060,
419.070,
419.081,
419.092,
419.103,
419.114,
419.125,
419.136,
419.146,
419.157,
419.168,
419.179,
419.190,
419.201,
419.212,
419.222,
419.233,
419.244,
419.255,
419.266,
419.277,
419.287,
419.298,
419.309,
419.320,
419.331,
419.342,
419.353,
419.363,
419.374,
419.385,
419.396,
419.407,
419.418,
419.428,
419.439,
419.450,
419.461,
419.472,
419.483,
419.494,
419.504,
419.515,
419.526,
419.537,
419.548,
419.559,
419.569,
419.580,
419.591,
419.602,
419.613,
419.624,
419.635,
419.645,
419.656,
419.667,
419.678,
419.689,
419.700,
419.711,
419.721,
419.732,
419.743,
419.754,
419.765,
419.776,
419.786,
419.797,
419.808,
419.819,
419.830,
419.841,
419.852,
419.862,
419.873,
419.884,
419.895,
419.906,
419.917,
419.927,
419.938,
419.949,
419.960,
419.971,
419.982,
419.993,
420.003,
420.014,
420.025,
420.036,
420.047,
420.058,
420.068,
420.079,
420.090,
420.101,
420.112,
420.123,
420.134,
420.144,
420.155,
420.166,
420.177,
420.188,
420.199,
420.209,
420.220,
420.231,
420.242,
420.253,
420.264,
420.275,
420.285,
420.296,
420.307,
420.318,
420.329,
420.340,
420.351,
420.361,
420.372,
420.383,
420.394,
420.405,
420.416,
420.426,
420.437,
420.448,
420.459,
420.470,
420.481,
420.492,
420.502,
420.513,
420.524,
420.535,
420.546,
420.557,
420.567,
420.578,
420.589,
420.600,
420.611,
420.622,
420.633,
420.643,
420.654,
420.665,
420.676,
420.687,
420.698,
420.709,
420.719,
420.730,
420.741,
420.752,
420.763,
420.774,
420.784,
420.795,
420.806,
420.817,
420.828,
420.839,
420.850,
420.860,
420.871,
420.882,
420.893,
420.904,
420.915,
420.925,
420.936,
420.947,
420.958,
420.969,
420.980,
420.991,
421.001,
421.012,
421.023,
421.034,
421.045,
421.056,
421.066,
421.077,
421.088,
421.099,
421.110,
421.121,
421.132,
421.142,
421.153,
421.164,
421.175,
421.186,
421.197,
421.207,
421.218,
421.229,
421.240,
421.251,
421.262,
421.273,
421.283,
421.294,
421.305,
421.316,
421.327,
421.338,
421.349,
421.359,
421.370,
421.381,
421.392,
421.403,
421.414,
421.424,
421.435,
421.446,
421.457,
421.468,
421.479,
421.490,
421.500,
421.511,
421.522,
421.533,
421.544,
421.555,
421.565,
421.576,
421.587,
421.598,
421.609,
421.620,
421.631,
421.641,
421.652,
421.663,
421.674,
421.685,
421.696,
421.707,
421.717,
421.728,
421.739,
421.750,
421.761,
421.772,
421.782,
421.793,
421.804,
421.815,
421.826,
421.837,
421.848,
421.858,
421.869,
421.880,
421.891,
421.902,
421.913,
421.923,
421.934,
421.945,
421.956,
421.967,
421.978,
421.989,
421.999,
422.010,
422.021,
422.032,
422.043,
422.054,
422.064,
422.075,
422.086,
422.097,
422.108,
422.119,
422.130,
422.140,
422.151,
422.162,
422.173,
422.184,
422.195,
422.205,
422.216,
422.227,
422.238,
422.249,
422.260,
422.271,
422.281,
422.292,
422.303,
422.314,
422.325,
422.336,
422.347,
422.357,
422.368,
422.379,
422.390,
422.401,
422.412,
422.422,
422.433,
422.444,
422.455,
422.466,
422.477,
422.488,
422.498,
422.509,
422.520,
422.531,
422.542,
422.553,
422.563,
422.574,
422.585,
422.596,
422.607,
422.618,
422.629,
422.639,
422.650,
422.661,
422.672,
422.683,
422.694,
422.704,
422.715,
422.726,
422.737,
422.748,
422.759,
422.770,
422.780,
422.791,
422.802,
422.813,
422.824,
422.835,
422.846,
422.856,
422.867,
422.878,
422.889,
422.900,
422.911,
422.921,
422.932,
422.943,
422.954,
422.965,
422.976,
422.987,
422.997,
423.008,
423.019,
423.030,
423.041,
423.052,
423.062,
423.073,
423.084,
423.095,
423.106,
423.117,
423.128,
423.138,
423.149,
423.160,
423.171,
423.182,
423.193,
423.204,
423.214,
423.225,
423.236,
423.247,
423.258,
423.269,
423.279,
423.290,
423.301,
423.312,
423.323,
423.334,
423.345,
423.355,
423.366,
423.377,
423.388,
423.399,
423.410,
423.420,
423.431,
423.442,
423.453,
423.464,
423.475,
423.486,
423.496,
423.507,
423.518,
423.529,
423.540,
423.551,
423.561,
423.572,
423.583,
423.594,
423.605,
423.616,
423.627,
423.637,
423.648,
423.659,
423.670,
423.681,
423.692,
423.702,
423.713,
423.724,
423.735,
423.746,
423.757,
423.768,
423.778,
423.789,
423.800,
423.811,
423.822,
423.833,
423.844,
423.854,
423.865,
423.876,
423.887,
423.898,
423.909,
423.919,
423.930,
423.941,
423.952,
423.963,
423.974,
423.985,
423.995,
424.006,
424.017,
424.028,
424.039,
424.050,
424.060,
424.071,
424.082,
424.093,
424.104,
424.115,
424.126,
424.136,
424.147,
424.158,
424.169,
424.180,
424.191,
424.202,
424.212,
424.223,
424.234,
424.245,
424.256,
424.267,
424.277,
424.288,
424.299,
424.310,
424.321,
424.332,
424.343,
424.353,
424.364,
424.375,
424.386,
424.397,
424.408,
424.418,
424.429,
424.440,
424.451,
424.462,
424.473,
424.484,
424.494,
424.505,
424.516,
424.527,
424.538,
424.549,
424.559,
424.570,
424.581,
424.592,
424.603,
424.614,
424.625,
424.635,
424.646,
424.657,
424.668,
424.679,
424.690,
424.700,
424.711,
424.722,
424.733,
424.744,
424.755,
424.766,
424.776,
424.787,
424.798,
424.809,
424.820,
424.831,
424.842,
424.852,
424.863,
424.874,
424.885,
424.896,
424.907,
424.917,
424.928,
424.939,
424.950,
424.961,
424.972,
424.983,
424.993,
425.004,
425.015,
425.026,
425.037,
425.048,
425.058,
425.069,
425.080,
425.091,
425.102,
425.113,
425.124,
425.134,
425.145,
425.156,
425.167,
425.178,
425.189,
425.200,
425.210,
425.221,
425.232,
425.243,
425.254,
425.265,
425.275,
425.286,
425.297,
425.308,
425.319,
425.330,
425.341,
425.351,
425.362,
425.373,
425.384,
425.395,
425.406,
425.416,
425.427,
425.438,
425.449,
425.460,
425.471,
425.482,
425.492,
425.503,
425.514,
425.525,
425.536,
425.547,
425.557,
425.568,
425.579,
425.590,
425.601,
425.612,
425.623,
425.633,
425.644,
425.655,
425.666,
425.677,
425.688,
425.699,
425.709,
425.720,
425.731,
425.742,
425.753,
425.764,
425.774,
425.785,
425.796,
425.807,
425.818,
425.829,
425.840,
425.850,
425.861,
425.872,
425.883,
425.894,
425.905,
425.915,
425.926,
425.937,
425.948,
425.959,
425.970,
425.981,
425.991,
426.002,
426.013,
426.024,
426.035,
426.046,
426.056,
426.067,
426.078,
426.089,
426.100,
426.111,
426.122,
426.132,
426.143,
426.154,
426.165,
426.176,
426.187,
426.197,
426.208,
426.219,
426.230,
426.241,
426.252,
426.263,
426.273,
426.284,
426.295,
426.306,
426.317,
426.328,
426.339,
426.349,
426.360,
426.371,
426.382,
426.393,
426.404,
426.414,
426.425,
426.436,
426.447,
426.458,
426.469,
426.480,
426.490,
426.501,
426.512,
426.523,
426.534,
426.545,
426.555,
426.566,
426.577,
426.588,
426.599,
426.610,
426.621,
426.631,
426.642,
426.653,
426.664,
426.675,
426.686,
426.697,
426.707,
426.718,
426.729,
426.740,
426.751,
426.762,
426.772,
426.783,
426.794,
426.805,
426.816,
426.827,
426.838,
426.848,
426.859,
426.870,
426.881,
426.892,
426.903,
426.913,
426.924,
426.935,
426.946,
426.957,
426.968,
426.979,
426.989,
427.000,
427.011,
427.022,
427.033,
427.044,
427.054,
427.065,
427.076,
427.087,
427.098,
427.109,
427.120,
427.130,
427.141,
427.152,
427.163,
427.174,
427.185,
427.195,
427.206,
427.217,
427.228,
427.239,
427.250,
427.261,
427.271,
427.282,
427.293,
427.304,
427.315,
427.326,
427.337,
427.347,
427.358,
427.369,
427.380,
427.391,
427.402,
427.412,
427.423,
427.434,
427.445,
427.456,
427.467,
427.478,
427.488,
427.499,
427.510,
427.521,
427.532,
427.543,
427.553,
427.564,
427.575,
427.586,
427.597,
427.608,
427.619,
427.629,
427.640,
427.651,
427.662,
427.673,
427.684,
427.695,
427.705,
427.716,
427.727,
427.738,
427.749,
427.760,
427.770,
427.781,
427.792,
427.803,
427.814,
427.825,
427.836,
427.846,
427.857,
427.868,
427.879,
427.890,
427.901,
427.911,
427.922,
427.933,
427.944,
427.955,
427.966,
427.977,
427.987,
427.998,
428.009,
428.020,
428.031,
428.042,
428.052,
428.063,
428.074,
428.085,
428.096,
428.107,
428.118,
428.128,
428.139,
428.150,
428.161,
428.172,
428.183,
428.193,
428.204,
428.215,
428.226,
428.237,
428.248,
428.259,
428.269,
428.280,
428.291,
428.302,
428.313,
428.324,
428.335,
428.345,
428.356,
428.367,
428.378,
428.389,
428.400,
428.410,
428.421,
428.432,
428.443,
428.454,
428.465,
428.476,
428.486,
428.497,
428.508,
428.519,
428.530,
428.541,
428.551,
428.562,
428.573,
428.584,
428.595,
428.606,
428.617,
428.627,
428.638,
428.649,
428.660,
428.671,
428.682,
428.692,
428.703,
428.714,
428.725,
428.736,
428.747,
428.758,
428.768,
428.779,
428.790,
428.801,
428.812,
428.823,
428.834,
428.844,
428.855,
428.866,
428.877,
428.888,
428.899,
428.909,
428.920,
428.931,
428.942,
428.953,
428.964,
428.975,
428.985,
428.996,
429.007,
429.018,
429.029,
429.040,
429.050,
429.061,
429.072,
429.083,
429.094,
429.105,
429.116,
429.126,
429.137,
429.148,
429.159,
429.170,
429.181,
429.192,
429.202,
429.213,
429.224,
429.235,
429.246,
429.257,
429.267,
429.278,
429.289,
429.300,
429.311,
429.322,
429.333,
429.343,
429.354,
429.365,
429.376,
429.387,
429.398,
429.408,
429.419,
429.430,
429.441,
429.452,
429.463,
429.474,
429.484,
429.495,
429.506,
429.517,
429.528,
429.539,
429.549,
429.560,
429.571,
429.582,
429.593,
429.604,
429.615,
429.625,
429.636,
429.647,
429.658,
429.669,
429.680,
429.690,
429.701,
429.712,
429.723,
429.734,
429.745,
429.756,
429.766,
429.777,
429.788,
429.799,
429.810,
429.821,
429.832,
429.842,
429.853,
429.864,
429.875,
429.886,
429.897,
429.907,
429.918,
429.929,
429.940,
429.951,
429.962,
429.973,
429.983,
429.994,
430.005,
430.016,
430.027,
430.038,
430.048,
430.059,
430.070,
430.081,
430.092,
430.103,
430.114,
430.124,
430.135,
430.146,
430.157,
430.168,
430.179,
430.190,
430.200,
430.211,
430.222,
430.233,
430.244,
430.255,
430.265,
430.276,
430.287,
430.298,
430.309,
430.320,
430.331,
430.341,
430.352,
430.363,
430.374,
430.385,
430.396,
430.406,
430.417,
430.428,
430.439,
430.450,
430.461,
430.472,
430.482,
430.493,
430.504,
430.515,
430.526,
430.537,
430.547,
430.558,
430.569,
430.580,
430.591,
430.602,
430.613,
430.623,
430.634,
430.645,
430.656,
430.667,
430.678,
430.688,
430.699,
430.710,
430.721,
430.732,
430.743,
430.754,
430.764,
430.775,
430.786,
430.797,
430.808,
430.819,
430.830,
430.840,
430.851,
430.862,
430.873,
430.884,
430.895,
430.905,
430.916,
430.927,
430.938,
430.949,
430.960,
430.971,
430.981,
430.992,
431.003,
431.014,
431.025,
431.036,
431.046,
431.057,
431.068,
431.079,
431.090,
431.101,
431.112,
431.122,
431.133,
431.144,
431.155,
431.166,
431.177,
431.188,
431.198,
431.209,
431.220,
431.231,
431.242,
431.253,
431.263,
431.274,
431.285,
431.296,
431.307,
431.318,
431.329,
431.339,
431.350,
431.361,
431.372,
431.383,
431.394,
431.404,
431.415,
431.426,
431.437,
431.448,
431.459,
431.470,
431.480,
431.491,
431.502,
431.513,
431.524,
431.535,
431.545,
431.556,
431.567,
431.578,
431.589,
431.600,
431.611,
431.621,
431.632,
431.643,
431.654,
431.665,
431.676,
431.687,
431.697,
431.708,
431.719,
431.730,
431.741,
431.752,
431.762,
431.773,
431.784,
431.795,
431.806,
431.817,
431.828,
431.838,
431.849,
431.860,
431.871,
431.882,
431.893,
431.903,
431.914,
431.925,
431.936,
431.947,
431.958,
431.969,
431.979,
431.990,
432.001,
432.012,
432.023,
432.034,
432.044,
432.055,
432.066,
432.077,
432.088,
432.099,
432.110,
432.120,
432.131,
432.142,
432.153,
432.164,
432.175,
432.185,
432.196,
432.207,
432.218,
432.229,
432.240,
432.251,
432.261,
432.272,
432.283,
432.294,
432.305,
432.316,
432.327,
432.337,
432.348,
432.359,
432.370,
432.381,
432.392,
432.402,
432.413,
432.424,
432.435,
432.446,
432.457,
432.468,
432.478,
432.489,
432.500,
432.511,
432.522,
432.533,
432.543,
432.554,
432.565,
432.576,
432.587,
432.598,
432.609,
432.619,
432.630,
432.641,
432.652,
432.663,
432.674,
432.685,
432.695,
432.706,
432.717,
432.728,
432.739,
432.750,
432.760,
432.771,
432.782,
432.793,
432.804,
432.815,
432.826,
432.836,
432.847,
432.858,
432.869,
432.880,
432.891,
432.901,
432.912,
432.923,
432.934,
432.945,
432.956,
432.967,
432.977,
432.988,
432.999,
433.010,
433.021,
433.032,
433.042,
433.053,
433.064,
433.075,
433.086,
433.097,
433.108,
433.118,
433.129,
433.140,
433.151,
433.162,
433.173,
433.183,
433.194,
433.205,
433.216,
433.227,
433.238,
433.249,
433.259,
433.270,
433.281,
433.292,
433.303,
433.314,
433.325,
433.335,
433.346,
433.357,
433.368,
433.379,
433.390,
433.400,
433.411,
433.422,
433.433,
433.444,
433.455,
433.466,
433.476,
433.487,
433.498,
433.509,
433.520,
433.531,
433.541,
433.552,
433.563,
433.574,
433.585,
433.596,
433.607,
433.617,
433.628,
433.639,
433.650,
433.661,
433.672,
433.683,
433.693,
433.704,
433.715,
433.726,
433.737,
433.748,
433.758,
433.769,
433.780,
433.791,
433.802,
433.813,
433.824,
433.834,
433.845,
433.856,
433.867,
433.878,
433.889,
433.899,
433.910,
433.921,
433.932,
433.943,
433.954,
433.965,
433.975,
433.986,
433.997,
434.008,
434.019,
434.030,
434.040,
434.051,
434.062,
434.073,
434.084,
434.095,
434.106,
434.116,
434.127,
434.138,
434.149,
434.160,
434.171,
434.182,
434.192,
434.203,
434.214,
434.225,
434.236,
434.247,
434.257,
434.268,
434.279,
434.290,
434.301,
434.312,
434.323,
434.333,
434.344,
434.355,
434.366,
434.377,
434.388,
434.398,
434.409,
434.420,
434.431,
434.442,
434.453,
434.464,
434.474,
434.485,
434.496,
434.507,
434.518,
434.529,
434.539,
434.550,
434.561,
434.572,
434.583,
434.594,
434.605,
434.615,
434.626,
434.637,
434.648,
434.659,
434.670,
434.680,
434.691,
434.702,
434.713,
434.724,
434.735,
434.746,
434.756,
434.767,
434.778,
434.789,
434.800,
434.811,
434.822,
434.832,
434.843,
434.854,
434.865,
434.876,
434.887,
434.897,
434.908,
434.919,
434.930,
434.941,
434.952,
434.963,
434.973,
434.984,
434.995,
435.006,
435.017,
435.028,
435.038,
435.049,
435.060,
435.071,
435.082,
435.093,
435.104,
435.114,
435.125,
435.136,
435.147,
435.158,
435.169,
435.180,
435.190,
435.201,
435.212,
435.223,
435.234,
435.245,
435.255,
435.266,
435.277,
435.288,
435.299,
435.310,
435.321,
435.331,
435.342,
435.353,
435.364,
435.375,
435.386,
435.396,
435.407,
435.418,
435.429,
435.440,
435.451,
435.462,
435.472,
435.483,
435.494,
435.505,
435.516,
435.527,
435.537,
435.548,
435.559,
435.570,
435.581,
435.592,
435.603,
435.613,
435.624,
435.635,
435.646,
435.657,
435.668,
435.678,
435.689,
435.700,
435.711,
435.722,
435.733,
435.744,
435.754,
435.765,
435.776,
435.787,
435.798,
435.809,
435.820,
435.830,
435.841,
435.852,
435.863,
435.874,
435.885,
435.895,
435.906,
435.917,
435.928,
435.939,
435.950,
435.961,
435.971,
435.982,
435.993,
436.004,
436.015,
436.026,
436.036,
436.047,
436.058,
436.069,
436.080,
436.091,
436.102,
436.112,
436.123,
436.134,
436.145,
436.156,
436.167,
436.178,
436.188,
436.199,
436.210,
436.221,
436.232,
436.243,
436.253,
436.264,
436.275,
436.286,
436.297,
436.308,
436.319,
436.329,
436.340,
436.351,
436.362,
436.373,
436.384,
436.394,
436.405,
436.416,
436.427,
436.438,
436.449,
436.460,
436.470,
436.481,
436.492,
436.503,
436.514,
436.525,
436.535,
436.546,
436.557,
436.568,
436.579,
436.590,
436.601,
436.611,
436.622,
436.633,
436.644,
436.655,
436.666,
436.676,
436.687,
436.698,
436.709,
436.720,
436.731,
436.742,
436.752,
436.763,
436.774,
436.785,
436.796,
436.807,
436.818,
436.828,
436.839,
436.850,
436.861,
436.872,
436.883,
436.893,
436.904,
436.915,
436.926,
436.937,
436.948,
436.959,
436.969,
436.980,
436.991,
437.002,
437.013,
437.024,
437.034,
437.045,
437.056,
437.067,
437.078,
437.089,
437.100,
437.110,
437.121,
437.132,
437.143,
437.154,
437.165,
437.175,
437.186,
437.197,
437.208,
437.219,
437.230,
437.241,
437.251,
437.262,
437.273,
437.284,
437.295,
437.306,
437.317,
437.327,
437.338,
437.349,
437.360,
437.371,
437.382,
437.392,
437.403,
437.414,
437.425,
437.436,
437.447,
437.458,
437.468,
437.479,
437.490,
437.501,
437.512,
437.523,
437.533,
437.544,
437.555,
437.566,
437.577,
437.588,
437.599,
437.609,
437.620,
437.631,
437.642,
437.653,
437.664,
437.675,
437.685,
437.696,
437.707,
437.718,
437.729,
437.740,
437.750,
437.761,
437.772,
437.783,
437.794,
437.805,
437.816,
437.826,
437.837,
437.848,
437.859,
437.870,
437.881,
437.891,
437.902,
437.913,
437.924,
437.935,
437.946,
437.957,
437.967,
437.978,
437.989,
438.000,
438.011,
438.022,
438.032,
438.043,
438.054,
438.065,
438.076,
438.087,
438.098,
438.108,
438.119,
438.130,
438.141,
438.152,
438.163,
438.173,
438.184,
438.195,
438.206,
438.217,
438.228,
438.239,
438.249,
438.260,
438.271,
438.282,
438.293,
438.304,
438.315,
438.325,
438.336,
438.347,
438.358,
438.369,
438.380,
438.390,
438.401,
438.412,
438.423,
438.434,
438.445,
438.456,
438.466,
438.477,
438.488,
438.499,
438.510,
438.521,
438.531,
438.542,
438.553,
438.564,
438.575,
438.586,
438.597,
438.607,
438.618,
438.629,
438.640,
438.651,
438.662,
438.673,
438.683,
438.694,
438.705,
438.716,
438.727,
438.738,
438.748,
438.759,
438.770,
438.781,
438.792,
438.803,
438.814,
438.824,
438.835,
438.846,
438.857,
438.868,
438.879,
438.889,
438.900,
438.911,
438.922,
438.933,
438.944,
438.955,
438.965,
438.976,
438.987,
438.998,
439.009,
439.020,
439.030,
439.041,
439.052,
439.063,
439.074,
439.085,
439.096,
439.106,
439.117,
439.128,
439.139,
439.150,
439.161,
439.171,
439.182,
439.193,
439.204,
439.215,
439.226,
439.237,
439.247,
439.258,
439.269,
439.280,
439.291,
439.302,
439.313,
439.323,
439.334,
439.345,
439.356,
439.367,
439.378,
439.388,
439.399,
439.410,
439.421,
439.432,
439.443,
439.454,
439.464,
439.475,
439.486,
439.497,
439.508,
439.519,
439.529,
439.540,
439.551,
439.562,
439.573,
439.584,
439.595,
439.605,
439.616,
439.627,
439.638,
439.649,
439.660,
439.671,
439.681,
439.692,
439.703,
439.714,
439.725,
439.736,
439.746,
439.757,
439.768,
439.779,
439.790,
439.801,
439.812,
439.822,
439.833,
439.844,
439.855,
439.866,
439.877,
439.887,
439.898,
439.909,
439.920,
439.931,
439.942,
439.953,
439.963,
439.974,
439.985,
439.996,
440.007,
440.018,
440.028,
440.039,
440.050,
440.061,
440.072,
440.083,
440.094,
440.104,
440.115,
440.126,
440.137,
440.148,
440.159,
440.170,
440.180,
440.191,
440.202,
440.213,
440.224,
440.235,
440.245,
440.256,
440.267,
440.278,
440.289,
440.300,
440.311,
440.321,
440.332,
440.343,
440.354,
440.365,
440.376,
440.386,
440.397,
440.408,
440.419,
440.430,
440.441,
440.452,
440.462,
440.473,
440.484,
440.495,
440.506,
440.517,
440.527,
440.538,
440.549,
440.560,
440.571,
440.582,
440.593,
440.603,
440.614,
440.625,
440.636,
440.647,
440.658,
440.668,
440.679,
440.690,
440.701,
440.712,
440.723,
440.734,
440.744,
440.755,
440.766,
440.777,
440.788,
440.799,
440.810,
440.820,
440.831,
440.842,
440.853,
440.864,
440.875,
440.885,
440.896,
440.907,
440.918,
440.929,
440.940,
440.951,
440.961,
440.972,
440.983,
440.994,
441.005,
441.016,
441.026,
441.037,
441.048,
441.059,
441.070,
441.081,
441.092,
441.102,
441.113,
441.124,
441.135,
441.146,
441.157,
441.168,
441.178,
441.189,
441.200,
441.211,
441.222,
441.233,
441.243,
441.254,
441.265,
441.276,
441.287,
441.298,
441.309,
441.319,
441.330,
441.341,
441.352,
441.363,
441.374,
441.384,
441.395,
441.406,
441.417,
441.428,
441.439,
441.450,
441.460,
441.471,
441.482,
441.493,
441.504,
441.515,
441.525,
441.536,
441.547,
441.558,
441.569,
441.580,
441.591,
441.601,
441.612,
441.623,
441.634,
441.645,
441.656,
441.666,
441.677,
441.688,
441.699,
441.710,
441.721,
441.732,
441.742,
441.753,
441.764,
441.775,
441.786,
441.797,
441.808,
441.818,
441.829,
441.840,
441.851,
441.862,
441.873,
441.883,
441.894,
441.905,
441.916,
441.927,
441.938,
441.949,
441.959,
441.970,
441.981,
441.992,
442.003,
442.014,
442.024,
442.035,
442.046,
442.057,
442.068,
442.079,
442.090,
442.100,
442.111,
442.122,
442.133,
442.144,
442.155,
442.166,
442.176,
442.187,
442.198,
442.209,
442.220,
442.231,
442.241,
442.252,
442.263,
442.274,
442.285,
442.296,
442.307,
442.317,
442.328,
442.339,
442.350,
442.361,
442.372,
442.382,
442.393,
442.404,
442.415,
442.426,
442.437,
442.448,
442.458,
442.469,
442.480,
442.491,
442.502,
442.513,
442.523,
442.534,
442.545,
442.556,
442.567,
442.578,
442.589,
442.599,
442.610,
442.621,
442.632,
442.643,
442.654,
442.664,
442.675,
442.686,
442.697,
442.708,
442.719,
442.730,
442.740,
442.751,
442.762,
442.773,
442.784,
442.795,
442.806,
442.816,
442.827,
442.838,
442.849,
442.860,
442.871,
442.881,
442.892,
442.903,
442.914,
442.925,
442.936,
442.947,
442.957,
442.968,
442.979,
442.990,
443.001,
443.012,
443.022,
443.033,
443.044,
443.055,
443.066,
443.077,
443.088,
443.098,
443.109,
443.120,
443.131,
443.142,
443.153,
443.163,
443.174,
443.185,
443.196,
443.207,
443.218,
443.229,
443.239,
443.250,
443.261,
443.272,
443.283,
443.294,
443.305,
443.315,
443.326,
443.337,
443.348,
443.359,
443.370,
443.380,
443.391,
443.402,
443.413,
443.424,
443.435,
443.446,
443.456,
443.467,
443.478,
443.489,
443.500,
443.511,
443.521,
443.532,
443.543,
443.554,
443.565,
443.576,
443.587,
443.597,
443.608,
443.619,
443.630,
443.641,
443.652,
443.663,
443.673,
443.684,
443.695,
443.706,
443.717,
443.728,
443.738,
443.749,
443.760,
443.771,
443.782,
443.793,
443.804,
443.814,
443.825,
443.836,
443.847,
443.858,
443.869,
443.879,
443.890,
443.901,
443.912,
443.923,
443.934,
443.945,
443.955,
443.966,
443.977,
443.988,
443.999,
444.010,
444.020,
444.031,
444.042,
444.053,
444.064,
444.075,
444.086,
444.096,
444.107,
444.118,
444.129,
444.140,
444.151,
444.161,
444.172,
444.183,
444.194,
444.205,
444.216,
444.227,
444.237,
444.248,
444.259,
444.270,
444.281,
444.292,
444.303,
444.313,
444.324,
444.335,
444.346,
444.357,
444.368,
444.378,
444.389,
444.400,
444.411,
444.422,
444.433,
444.444,
444.454,
444.465,
444.476,
444.487,
444.498,
444.509,
444.519,
444.530,
444.541,
444.552,
444.563,
444.574,
444.585,
444.595,
444.606,
444.617,
444.628,
444.639,
444.650,
444.661,
444.671,
444.682,
444.693,
444.704,
444.715,
444.726,
444.736,
444.747,
444.758,
444.769,
444.780,
444.791,
444.802,
444.812,
444.823,
444.834,
444.845,
444.856,
444.867,
444.877,
444.888,
444.899,
444.910,
444.921,
444.932,
444.943,
444.953,
444.964,
444.975,
444.986,
444.997,
445.008,
445.018,
445.029,
445.040,
445.051,
445.062,
445.073,
445.084,
445.094,
445.105,
445.116,
445.127,
445.138,
445.149,
445.159,
445.170,
445.181,
445.192,
445.203,
445.214,
445.225,
445.235,
445.246,
445.257,
445.268,
445.279,
445.290,
445.301,
445.311,
445.322,
445.333,
445.344,
445.355,
445.366,
445.376,
445.387,
445.398,
445.409,
445.420,
445.431,
445.442,
445.452,
445.463,
445.474,
445.485,
445.496,
445.507,
445.517,
445.528,
445.539,
445.550,
445.561,
445.572,
445.583,
445.593,
445.604,
445.615,
445.626,
445.637,
445.648,
445.659,
445.669,
445.680,
445.691,
445.702,
445.713,
445.724,
445.734,
445.745,
445.756,
445.767,
445.778,
445.789,
445.800,
445.810,
445.821,
445.832,
445.843,
445.854,
445.865,
445.875,
445.886,
445.897,
445.908,
445.919,
445.930,
445.941,
445.951,
445.962,
445.973,
445.984,
445.995,
446.006,
446.016,
446.027,
446.038,
446.049,
446.060,
446.071,
446.082,
446.092,
446.103,
446.114,
446.125,
446.136,
446.147,
446.158,
446.168,
446.179,
446.190,
446.201,
446.212,
446.223,
446.233,
446.244,
446.255,
446.266,
446.277,
446.288,
446.299,
446.309,
446.320,
446.331,
446.342,
446.353,
446.364,
446.374,
446.385,
446.396,
446.407,
446.418,
446.429,
446.440,
446.450,
446.461,
446.472,
446.483,
446.494,
446.505,
446.515,
446.526,
446.537,
446.548,
446.559,
446.570,
446.581,
446.591,
446.602,
446.613,
446.624,
446.635,
446.646,
446.656,
446.667,
446.678,
446.689,
446.700,
446.711,
446.722,
446.732,
446.743,
446.754,
446.765,
446.776,
446.787,
446.798,
446.808,
446.819,
446.830,
446.841,
446.852,
446.863,
446.873,
446.884,
446.895,
446.906,
446.917,
446.928,
446.939,
446.949,
446.960,
446.971,
446.982,
446.993,
447.004,
447.014,
447.025,
447.036,
447.047,
447.058,
447.069,
447.080,
447.090,
447.101,
447.112,
447.123,
447.134,
447.145,
447.156,
447.166,
447.177,
447.188,
447.199,
447.210,
447.221,
447.231,
447.242,
447.253,
447.264,
447.275,
447.286,
447.297,
447.307,
447.318,
447.329,
447.340,
447.351,
447.362,
447.372,
447.383,
447.394,
447.405,
447.416,
447.427,
447.438,
447.448,
447.459,
447.470,
447.481,
447.492,
447.503,
447.513,
447.524,
447.535,
447.546,
447.557,
447.568,
447.579,
447.589,
447.600,
447.611,
447.622,
447.633,
447.644,
447.654,
447.665,
447.676,
447.687,
447.698,
447.709,
447.720,
447.730,
447.741,
447.752,
447.763,
447.774,
447.785,
447.796,
447.806,
447.817,
447.828,
447.839,
447.850,
447.861,
447.871,
447.882,
447.893,
447.904,
447.915,
447.926,
447.937,
447.947,
447.958,
447.969,
447.980,
447.991,
448.002,
448.012,
448.023,
448.034,
448.045,
448.056,
448.067,
448.078,
448.088,
448.099,
448.110,
448.121,
448.132,
448.143,
448.154,
448.164,
448.175,
448.186,
448.197,
448.208,
448.219,
448.229,
448.240,
448.251,
448.262,
448.273,
448.284,
448.295,
448.305,
448.316,
448.327,
448.338,
448.349,
448.360,
448.370,
448.381,
448.392,
448.403,
448.414,
448.425,
448.436,
448.446,
448.457,
448.468,
448.479,
448.490,
448.501,
448.511,
448.522,
448.533,
448.544,
448.555,
448.566,
448.577,
448.587,
448.598,
448.609,
448.620,
448.631,
448.642,
448.652,
448.663,
448.674,
448.685,
448.696,
448.707,
448.718,
448.728,
448.739,
448.750,
448.761,
448.772,
448.783,
448.794,
448.804,
448.815,
448.826,
448.837,
448.848,
448.859,
448.869,
448.880,
448.891,
448.902,
448.913,
448.924,
448.935,
448.945,
448.956,
448.967,
448.978,
448.989,
449.000,
449.010,
449.021,
449.032,
449.043,
449.054,
449.065,
449.076,
449.086,
449.097,
449.108,
449.119,
449.130,
449.141,
449.151,
449.162,
449.173,
449.184,
449.195,
449.206,
449.217,
449.227,
449.238,
449.249,
449.260,
449.271,
449.282,
449.293,
449.303,
449.314,
449.325,
449.336,
449.347,
449.358,
449.368,
449.379,
449.390,
449.401,
449.412,
449.423,
449.434,
449.444,
449.455,
449.466,
449.477,
449.488,
449.499,
449.509,
449.520,
449.531,
449.542,
449.553,
449.564,
449.575,
449.585,
449.596,
449.607,
449.618,
449.629,
449.640,
449.651,
449.661,
449.672,
449.683,
449.694,
449.705,
449.716,
449.726,
449.737,
449.748,
449.759,
449.770,
449.781,
449.792,
449.802,
449.813,
449.824,
449.835,
449.846,
449.857,
449.867,
449.878,
449.889,
449.900,
449.911,
449.922,
449.933,
449.943,
449.954,
449.965,
449.976,
449.987,
449.998,
450.008,
450.019,
450.030,
450.041,
450.052,
450.063,
450.074,
450.084,
450.095,
450.106,
450.117,
450.128,
450.139,
450.149,
450.160,
450.171,
450.182,
450.193,
450.204,
450.215,
450.225,
450.236,
450.247,
450.258,
450.269,
450.280,
450.291,
450.301,
450.312,
450.323,
450.334,
450.345,
450.356,
450.366,
450.377,
450.388,
450.399,
450.410,
450.421,
450.432,
450.442,
450.453,
450.464,
450.475,
450.486,
450.497,
450.507,
450.518,
450.529,
450.540,
450.551,
450.562,
450.573,
450.583,
450.594,
450.605,
450.616,
450.627,
450.638,
450.649,
450.659,
450.670,
450.681,
450.692,
450.703,
450.714,
450.724,
450.735,
450.746,
450.757,
450.768,
450.779,
450.790,
450.800,
450.811,
450.822,
450.833,
450.844,
450.855,
450.865,
450.876,
450.887,
450.898,
450.909,
450.920,
450.931,
450.941,
450.952,
450.963,
450.974,
450.985,
450.996,
451.006,
451.017,
451.028,
451.039,
451.050,
451.061,
451.072,
451.082,
451.093,
451.104,
451.115,
451.126,
451.137,
451.147,
451.158,
451.169,
451.180,
451.191,
451.202,
451.213,
451.223,
451.234,
451.245,
451.256,
451.267,
451.278,
451.289,
451.299,
451.310,
451.321,
451.332,
451.343,
451.354,
451.364,
451.375,
451.386,
451.397,
451.408,
451.419,
451.430,
451.440,
451.451,
451.462,
451.473,
451.484,
451.495,
451.505,
451.516,
451.527,
451.538,
451.549,
451.560,
451.571,
451.581,
451.592,
451.603,
451.614,
451.625,
451.636,
451.647,
451.657,
451.668,
451.679,
451.690,
451.701,
451.712,
451.722,
451.733,
451.744,
451.755,
451.766,
451.777,
451.788,
451.798,
451.809,
451.820,
451.831,
451.842,
451.853,
451.863,
451.874,
451.885,
451.896,
451.907,
451.918,
451.929,
451.939,
451.950,
451.961,
451.972,
451.983,
451.994,
452.004,
452.015,
452.026,
452.037,
452.048,
452.059,
452.070,
452.080,
452.091,
452.102,
452.113,
452.124,
452.135,
452.146,
452.156,
452.167,
452.178,
452.189,
452.200,
452.211,
452.221,
452.232,
452.243,
452.254,
452.265,
452.276,
452.287,
452.297,
452.308,
452.319,
452.330,
452.341,
452.352,
452.362,
452.373,
452.384,
452.395,
452.406,
452.417,
452.428,
452.438,
452.449,
452.460,
452.471,
452.482,
452.493,
452.503,
452.514,
452.525,
452.536,
452.547,
452.558,
452.569,
452.579,
452.590,
452.601,
452.612,
452.623,
452.634,
452.644,
452.655,
452.666,
452.677,
452.688,
452.699,
452.710,
452.720,
452.731,
452.742,
452.753,
452.764,
452.775,
452.786,
452.796,
452.807,
452.818,
452.829,
452.840,
452.851,
452.861,
452.872,
452.883,
452.894,
452.905,
452.916,
452.927,
452.937,
452.948,
452.959,
452.970,
452.981,
452.992,
453.002,
453.013,
453.024,
453.035,
453.046,
453.057,
453.068,
453.078,
453.089,
453.100,
453.111,
453.122,
453.133,
453.144,
453.154,
453.165,
453.176,
453.187,
453.198,
453.209,
453.219,
453.230,
453.241,
453.252,
453.263,
453.274,
453.285,
453.295,
453.306,
453.317,
453.328,
453.339,
453.350,
453.360,
453.371,
453.382,
453.393,
453.404,
453.415,
453.426,
453.436,
453.447,
453.458,
453.469,
453.480,
453.491,
453.501,
453.512,
453.523,
453.534,
453.545,
453.556,
453.567,
453.577,
453.588,
453.599,
453.610,
453.621,
453.632,
453.642,
453.653,
453.664,
453.675,
453.686,
453.697,
453.708,
453.718,
453.729,
453.740,
453.751,
453.762,
453.773,
453.784,
453.794,
453.805,
453.816,
453.827,
453.838,
453.849,
453.859,
453.870,
453.881,
453.892,
453.903,
453.914,
453.925,
453.935,
453.946,
453.957,
453.968,
453.979,
453.990,
454.000,
454.011,
454.022,
454.033,
454.044,
454.055,
454.066,
454.076,
454.087,
454.098,
454.109,
454.120,
454.131,
454.142,
454.152,
454.163,
454.174,
454.185,
454.196,
454.207,
454.217,
454.228,
454.239,
454.250,
454.261,
454.272,
454.283,
454.293,
454.304,
454.315,
454.326,
454.337,
454.348,
454.358,
454.369,
454.380,
454.391,
454.402,
454.413,
454.424,
454.434,
454.445,
454.456,
454.467,
454.478,
454.489,
454.499,
454.510,
454.521,
454.532,
454.543,
454.554,
454.565,
454.575,
454.586,
454.597,
454.608,
454.619,
454.630,
454.640,
454.651,
454.662,
454.673,
454.684,
454.695,
454.706,
454.716,
454.727,
454.738,
454.749,
454.760,
454.771,
454.782,
454.792,
454.803,
454.814,
454.825,
454.836,
454.847,
454.857,
454.868,
454.879,
454.890,
454.901,
454.912,
454.923,
454.933,
454.944,
454.955,
454.966,
454.977,
454.988,
454.998,
455.009,
455.020,
455.031,
455.042,
455.053,
455.064,
455.074,
455.085,
455.096,
455.107,
455.118,
455.129,
455.139,
455.150,
455.161,
455.172,
455.183,
455.194,
455.205,
455.215,
455.226,
455.237,
455.248,
455.259,
455.270,
455.281,
455.291,
455.302,
455.313,
455.324,
455.335,
455.346,
455.356,
455.367,
455.378,
455.389,
455.400,
455.411,
455.422,
455.432,
455.443,
455.454,
455.465,
455.476,
455.487,
455.497,
455.508,
455.519,
455.530,
455.541,
455.552,
455.563,
455.573,
455.584,
455.595,
455.606,
455.617,
455.628,
455.639,
455.649,
455.660,
455.671,
455.682,
455.693,
455.704,
455.714,
455.725,
455.736,
455.747,
455.758,
455.769,
455.780,
455.790,
455.801,
455.812,
455.823,
455.834,
455.845,
455.855,
455.866,
455.877,
455.888,
455.899,
455.910,
455.921,
455.931,
455.942,
455.953,
455.964,
455.975,
455.986,
455.996,
456.007,
456.018,
456.029,
456.040,
456.051,
456.062,
456.072,
456.083,
456.094,
456.105,
456.116,
456.127,
456.137,
456.148,
456.159,
456.170,
456.181,
456.192,
456.203,
456.213,
456.224,
456.235,
456.246,
456.257,
456.268,
456.279,
456.289,
456.300,
456.311,
456.322,
456.333,
456.344,
456.354,
456.365,
456.376,
456.387,
456.398,
456.409,
456.420,
456.430,
456.441,
456.452,
456.463,
456.474,
456.485,
456.495,
456.506,
456.517,
456.528,
456.539,
456.550,
456.561,
456.571,
456.582,
456.593,
456.604,
456.615,
456.626,
456.637,
456.647,
456.658,
456.669,
456.680,
456.691,
456.702,
456.712,
456.723,
456.734,
456.745,
456.756,
456.767,
456.778,
456.788,
456.799,
456.810,
456.821,
456.832,
456.843,
456.853,
456.864,
456.875,
456.886,
456.897,
456.908,
456.919,
456.929,
456.940,
456.951,
456.962,
456.973,
456.984,
456.994,
457.005,
457.016,
457.027,
457.038,
457.049,
457.060,
457.070,
457.081,
457.092,
457.103,
457.114,
457.125,
457.135,
457.146,
457.157,
457.168,
457.179,
457.190,
457.201,
457.211,
457.222,
457.233,
457.244,
457.255,
457.266,
457.277,
457.287,
457.298,
457.309,
457.320,
457.331,
457.342,
457.352,
457.363,
457.374,
457.385,
457.396,
457.407,
457.418,
457.428,
457.439,
457.450,
457.461,
457.472,
457.483,
457.493,
457.504,
457.515,
457.526,
457.537,
457.548,
457.559,
457.569,
457.580,
457.591,
457.602,
457.613,
457.624,
457.635,
457.645,
457.656,
457.667,
457.678,
457.689,
457.700,
457.710,
457.721,
457.732,
457.743,
457.754,
457.765,
457.776,
457.786,
457.797,
457.808,
457.819,
457.830,
457.841,
457.851,
457.862,
457.873,
457.884,
457.895,
457.906,
457.917,
457.927,
457.938,
457.949,
457.960,
457.971,
457.982,
457.992,
458.003,
458.014,
458.025,
458.036,
458.047,
458.058,
458.068,
458.079,
458.090,
458.101,
458.112,
458.123,
458.134,
458.144,
458.155,
458.166,
458.177,
458.188,
458.199,
458.209,
458.220,
458.231,
458.242,
458.253,
458.264,
458.275,
458.285,
458.296,
458.307,
458.318,
458.329,
458.340,
458.350,
458.361,
458.372,
458.383,
458.394,
458.405,
458.416,
458.426,
458.437,
458.448,
458.459,
458.470,
458.481,
458.491,
458.502,
458.513,
458.524,
458.535,
458.546,
458.557,
458.567,
458.578,
458.589,
458.600,
458.611,
458.622,
458.632,
458.643,
458.654,
458.665,
458.676,
458.687,
458.698,
458.708,
458.719,
458.730,
458.741,
458.752,
458.763,
458.774,
458.784,
458.795,
458.806,
458.817,
458.828,
458.839,
458.849,
458.860,
458.871,
458.882,
458.893,
458.904,
458.915,
458.925,
458.936,
458.947,
458.958,
458.969,
458.980,
458.990,
459.001,
459.012,
459.023,
459.034,
459.045,
459.056,
459.066,
459.077,
459.088,
459.099,
459.110,
459.121,
459.132,
459.142,
459.153,
459.164,
459.175,
459.186,
459.197,
459.207,
459.218,
459.229,
459.240,
459.251,
459.262,
459.273,
459.283,
459.294,
459.305,
459.316,
459.327,
459.338,
459.348,
459.359,
459.370,
459.381,
459.392,
459.403,
459.414,
459.424,
459.435,
459.446,
459.457,
459.468,
459.479,
459.489,
459.500,
459.511,
459.522,
459.533,
459.544,
459.555,
459.565,
459.576,
459.587,
459.598,
459.609,
459.620,
459.630,
459.641,
459.652,
459.663,
459.674,
459.685,
459.696,
459.706,
459.717,
459.728,
459.739,
459.750,
459.761,
459.772,
459.782,
459.793,
459.804,
459.815,
459.826,
459.837,
459.847,
459.858,
459.869,
459.880,
459.891,
459.902,
459.913,
459.923,
459.934,
459.945,
459.956,
459.967,
459.978,
459.988,
459.999,
460.010,
460.021,
460.032,
460.043,
460.054,
460.064,
460.075,
460.086,
460.097,
460.108,
460.119,
460.130,
460.140,
460.151,
460.162,
460.173,
460.184,
460.195,
460.205,
460.216,
460.227,
460.238,
460.249,
460.260,
460.271,
460.281,
460.292,
460.303,
460.314,
460.325,
460.336,
460.346,
460.357,
460.368,
460.379,
460.390,
460.401,
460.412,
460.422,
460.433,
460.444,
460.455,
460.466,
460.477,
460.487,
460.498,
460.509,
460.520,
460.531,
460.542,
460.553,
460.563,
460.574,
460.585,
460.596,
460.607,
460.618,
460.628,
460.639,
460.650,
460.661,
460.672,
460.683,
460.694,
460.704,
460.715,
460.726,
460.737,
460.748,
460.759,
460.770,
460.780,
460.791,
460.802,
460.813,
460.824,
460.835,
460.845,
460.856,
460.867,
460.878,
460.889,
460.900,
460.911,
460.921,
460.932,
460.943,
460.954,
460.965,
460.976,
460.986,
460.997,
461.008,
461.019,
461.030,
461.041,
461.052,
461.062,
461.073,
461.084,
461.095,
461.106,
461.117,
461.127,
461.138,
461.149,
461.160,
461.171,
461.182,
461.193,
461.203,
461.214,
461.225,
461.236,
461.247,
461.258,
461.269,
461.279,
461.290,
461.301,
461.312,
461.323,
461.334,
461.344,
461.355,
461.366,
461.377,
461.388,
461.399,
461.410,
461.420,
461.431,
461.442,
461.453,
461.464,
461.475,
461.485,
461.496,
461.507,
461.518,
461.529,
461.540,
461.551,
461.561,
461.572,
461.583,
461.594,
461.605,
461.616,
461.627,
461.637,
461.648,
461.659,
461.670,
461.681,
461.692,
461.702,
461.713,
461.724,
461.735,
461.746,
461.757,
461.768,
461.778,
461.789,
461.800,
461.811,
461.822,
461.833,
461.843,
461.854,
461.865,
461.876,
461.887,
461.898,
461.909,
461.919,
461.930,
461.941,
461.952,
461.963,
461.974,
461.984,
461.995,
462.006,
462.017,
462.028,
462.039,
462.050,
462.060,
462.071,
462.082,
462.093,
462.104,
462.115,
462.125,
462.136,
462.147,
462.158,
462.169,
462.180,
462.191,
462.201,
462.212,
462.223,
462.234,
462.245,
462.256,
462.267,
462.277,
462.288,
462.299,
462.310,
462.321,
462.332,
462.342,
462.353,
462.364,
462.375,
462.386,
462.397,
462.408,
462.418,
462.429,
462.440,
462.451,
462.462,
462.473,
462.483,
462.494,
462.505,
462.516,
462.527,
462.538,
462.549,
462.559,
462.570,
462.581,
462.592,
462.603,
462.614,
462.625,
462.635,
462.646,
462.657,
462.668,
462.679,
462.690,
462.700,
462.711,
462.722,
462.733,
462.744,
462.755,
462.766,
462.776,
462.787,
462.798,
462.809,
462.820,
462.831,
462.841,
462.852,
462.863,
462.874,
462.885,
462.896,
462.907,
462.917,
462.928,
462.939,
462.950,
462.961,
462.972,
462.982,
462.993,
463.004,
463.015,
463.026,
463.037,
463.048,
463.058,
463.069,
463.080,
463.091,
463.102,
463.113,
463.123,
463.134,
463.145,
463.156,
463.167,
463.178,
463.189,
463.199,
463.210,
463.221,
463.232,
463.243,
463.254,
463.265,
463.275,
463.286,
463.297,
463.308,
463.319,
463.330,
463.340,
463.351,
463.362,
463.373,
463.384,
463.395,
463.406,
463.416,
463.427,
463.438,
463.449,
463.460,
463.471,
463.481,
463.492,
463.503,
463.514,
463.525,
463.536,
463.547,
463.557,
463.568,
463.579,
463.590,
463.601,
463.612,
463.623,
463.633,
463.644,
463.655,
463.666,
463.677,
463.688,
463.698,
463.709,
463.720,
463.731,
463.742,
463.753,
463.764,
463.774,
463.785,
463.796,
463.807,
463.818,
463.829,
463.839,
463.850,
463.861,
463.872,
463.883,
463.894,
463.905,
463.915,
463.926,
463.937,
463.948,
463.959,
463.970,
463.980,
463.991,
464.002,
464.013,
464.024,
464.035,
464.046,
464.056,
464.067,
464.078,
464.089,
464.100,
464.111,
464.122,
464.132,
464.143,
464.154,
464.165,
464.176,
464.187,
464.197,
464.208,
464.219,
464.230,
464.241,
464.252,
464.263,
464.273,
464.284,
464.295,
464.306,
464.317,
464.328,
464.338,
464.349,
464.360,
464.371,
464.382,
464.393,
464.404,
464.414,
464.425,
464.436,
464.447,
464.458,
464.469,
464.479,
464.490,
464.501,
464.512,
464.523,
464.534,
464.545,
464.555,
464.566,
464.577,
464.588,
464.599,
464.610,
464.620,
464.631,
464.642,
464.653,
464.664,
464.675,
464.686,
464.696,
464.707,
464.718,
464.729,
464.740,
464.751,
464.762,
464.772,
464.783,
464.794,
464.805,
464.816,
464.827,
464.837,
464.848,
464.859,
464.870,
464.881,
464.892,
464.903,
464.913,
464.924,
464.935,
464.946,
464.957,
464.968,
464.978,
464.989,
465.000,
465.011,
465.022,
465.033,
465.044,
465.054,
465.065,
465.076,
465.087,
465.098,
465.109,
465.120,
465.130,
465.141,
465.152,
465.163,
465.174,
465.185,
465.195,
465.206,
465.217,
465.228,
465.239,
465.250,
465.261,
465.271,
465.282,
465.293,
465.304,
465.315,
465.326,
465.336,
465.347,
465.358,
465.369,
465.380,
465.391,
465.402,
465.412,
465.423,
465.434,
465.445,
465.456,
465.467,
465.477,
465.488,
465.499,
465.510,
465.521,
465.532,
465.543,
465.553,
465.564,
465.575,
465.586,
465.597,
465.608,
465.618,
465.629,
465.640,
465.651,
465.662,
465.673,
465.684,
465.694,
465.705,
465.716,
465.727,
465.738,
465.749,
465.760,
465.770,
465.781,
465.792,
465.803,
465.814,
465.825,
465.835,
465.846,
465.857,
465.868,
465.879,
465.890,
465.901,
465.911,
465.922,
465.933,
465.944,
465.955,
465.966,
465.976,
465.987,
465.998,
466.009,
466.020,
466.031,
466.042,
466.052,
466.063,
466.074,
466.085,
466.096,
466.107,
466.118,
466.128,
466.139,
466.150,
466.161,
466.172,
466.183,
466.193,
466.204,
466.215,
466.226,
466.237,
466.248,
466.259,
466.269,
466.280,
466.291,
466.302,
466.313,
466.324,
466.334,
466.345,
466.356,
466.367,
466.378,
466.389,
466.400,
466.410,
466.421,
466.432,
466.443,
466.454,
466.465,
466.475,
466.486,
466.497,
466.508,
466.519,
466.530,
466.541,
466.551,
466.562,
466.573,
466.584,
466.595,
466.606,
466.616,
466.627,
466.638,
466.649,
466.660,
466.671,
466.682,
466.692,
466.703,
466.714,
466.725,
466.736,
466.747,
466.758,
466.768,
466.779,
466.790,
466.801,
466.812,
466.823,
466.833,
466.844,
466.855,
466.866,
466.877,
466.888,
466.899,
466.909,
466.920,
466.931,
466.942,
466.953,
466.964,
466.974,
466.985,
466.996,
467.007,
467.018,
467.029,
467.040,
467.050,
467.061,
467.072,
467.083,
467.094,
467.105,
467.115,
467.126,
467.137,
467.148,
467.159,
467.170,
467.181,
467.191,
467.202,
467.213,
467.224,
467.235,
467.246,
467.257,
467.267,
467.278,
467.289,
467.300,
467.311,
467.322,
467.332,
467.343,
467.354,
467.365,
467.376,
467.387,
467.398,
467.408,
467.419,
467.430,
467.441,
467.452,
467.463,
467.473,
467.484,
467.495,
467.506,
467.517,
467.528,
467.539,
467.549,
467.560,
467.571,
467.582,
467.593,
467.604,
467.615,
467.625,
467.636,
467.647,
467.658,
467.669,
467.680,
467.690,
467.701,
467.712,
467.723,
467.734,
467.745,
467.756,
467.766,
467.777,
467.788,
467.799,
467.810,
467.821,
467.831,
467.842,
467.853,
467.864,
467.875,
467.886,
467.897,
467.907,
467.918,
467.929,
467.940,
467.951,
467.962,
467.972,
467.983,
467.994,
468.005,
468.016,
468.027,
468.038,
468.048,
468.059,
468.070,
468.081,
468.092,
468.103,
468.113,
468.124,
468.135,
468.146,
468.157,
468.168,
468.179,
468.189,
468.200,
468.211,
468.222,
468.233,
468.244,
468.255,
468.265,
468.276,
468.287,
468.298,
468.309,
468.320,
468.330,
468.341,
468.352,
468.363,
468.374,
468.385,
468.396,
468.406,
468.417,
468.428,
468.439,
468.450,
468.461,
468.471,
468.482,
468.493,
468.504,
468.515,
468.526,
468.537,
468.547,
468.558,
468.569,
468.580,
468.591,
468.602,
468.613,
468.623,
468.634,
468.645,
468.656,
468.667,
468.678,
468.688,
468.699,
468.710,
468.721,
468.732,
468.743,
468.754,
468.764,
468.775,
468.786,
468.797,
468.808,
468.819,
468.829,
468.840,
468.851,
468.862,
468.873,
468.884,
468.895,
468.905,
468.916,
468.927,
468.938,
468.949,
468.960,
468.970,
468.981,
468.992,
469.003,
469.014,
469.025,
469.036,
469.046,
469.057,
469.068,
469.079,
469.090,
469.101,
469.111,
469.122,
469.133,
469.144,
469.155,
469.166,
469.177,
469.187,
469.198,
469.209,
469.220,
469.231,
469.242,
469.253,
469.263,
469.274,
469.285,
469.296,
469.307,
469.318,
469.328,
469.339,
469.350,
469.361,
469.372,
469.383,
469.394,
469.404,
469.415,
469.426,
469.437,
469.448,
469.459,
469.469,
469.480,
469.491,
469.502,
469.513,
469.524,
469.535,
469.545,
469.556,
469.567,
469.578,
469.589,
469.600,
469.611,
469.621,
469.632,
469.643,
469.654,
469.665,
469.676,
469.686,
469.697,
469.708,
469.719,
469.730,
469.741,
469.752,
469.762,
469.773,
469.784,
469.795,
469.806,
469.817,
469.827,
469.838,
469.849,
469.860,
469.871,
469.882,
469.893,
469.903,
469.914,
469.925,
469.936,
469.947,
469.958,
469.968,
469.979,
469.990,
470.001,
470.012,
470.023,
470.034,
470.044,
470.055,
470.066,
470.077,
470.088,
470.099,
470.110,
470.120,
470.131,
470.142,
470.153,
470.164,
470.175,
470.185,
470.196,
470.207,
470.218,
470.229,
470.240,
470.251,
470.261,
470.272,
470.283,
470.294,
470.305,
470.316,
470.326,
470.337,
470.348,
470.359,
470.370,
470.381,
470.392,
470.402,
470.413,
470.424,
470.435,
470.446,
470.457,
470.467,
470.478,
470.489,
470.500,
470.511,
470.522,
470.533,
470.543,
470.554,
470.565,
470.576,
470.587,
470.598,
470.608,
470.619,
470.630,
470.641,
470.652,
470.663,
470.674,
470.684,
470.695,
470.706,
470.717,
470.728,
470.739,
470.750,
470.760,
470.771,
470.782,
470.793,
470.804,
470.815,
470.825,
470.836,
470.847,
470.858,
470.869,
470.880,
470.891,
470.901,
470.912,
470.923,
470.934,
470.945,
470.956,
470.966,
470.977,
470.988,
470.999,
471.010,
471.021,
471.032,
471.042,
471.053,
471.064,
471.075,
471.086,
471.097,
471.108,
471.118,
471.129,
471.140,
471.151,
471.162,
471.173,
471.183,
471.194,
471.205,
471.216,
471.227,
471.238,
471.249,
471.259,
471.270,
471.281,
471.292,
471.303,
471.314,
471.324,
471.335,
471.346,
471.357,
471.368,
471.379,
471.390,
471.400,
471.411,
471.422,
471.433,
471.444,
471.455,
471.465,
471.476,
471.487,
471.498,
471.509,
471.520,
471.531,
471.541,
471.552,
471.563,
471.574,
471.585,
471.596,
471.606,
471.617,
471.628,
471.639,
471.650,
471.661,
471.672,
471.682,
471.693,
471.704,
471.715,
471.726,
471.737,
471.748,
471.758,
471.769,
471.780,
471.791,
471.802,
471.813,
471.823,
471.834,
471.845,
471.856,
471.867,
471.878,
471.889,
471.899,
471.910,
471.921,
471.932,
471.943,
471.954,
471.964,
471.975,
471.986,
471.997,
472.008,
472.019,
472.030,
472.040,
472.051,
472.062,
472.073,
472.084,
472.095,
472.106,
472.116,
472.127,
472.138,
472.149,
472.160,
472.171,
472.181,
472.192,
472.203,
472.214,
472.225,
472.236,
472.247,
472.257,
472.268,
472.279,
472.290,
472.301,
472.312,
472.322,
472.333,
472.344,
472.355,
472.366,
472.377,
472.388,
472.398,
472.409,
472.420,
472.431,
472.442,
472.453,
472.463,
472.474,
472.485,
472.496,
472.507,
472.518,
472.529,
472.539,
472.550,
472.561,
472.572,
472.583,
472.594,
472.604,
472.615,
472.626,
472.637,
472.648,
472.659,
472.670,
472.680,
472.691,
472.702,
472.713,
472.724,
472.735,
472.746,
472.756,
472.767,
472.778,
472.789,
472.800,
472.811,
472.821,
472.832,
472.843,
472.854,
472.865,
472.876,
472.887,
472.897,
472.908,
472.919,
472.930,
472.941,
472.952,
472.962,
472.973,
472.984,
472.995,
473.006,
473.017,
473.028,
473.038,
473.049,
473.060,
473.071,
473.082,
473.093,
473.103,
473.114,
473.125,
473.136,
473.147,
473.158,
473.169,
473.179,
473.190,
473.201,
473.212,
473.223,
473.234,
473.245,
473.255,
473.266,
473.277,
473.288,
473.299,
473.310,
473.320,
473.331,
473.342,
473.353,
473.364,
473.375,
473.386,
473.396,
473.407,
473.418,
473.429,
473.440,
473.451,
473.461,
473.472,
473.483,
473.494,
473.505,
473.516,
473.527,
473.537,
473.548,
473.559,
473.570,
473.581,
473.592,
473.603,
473.613,
473.624,
473.635,
473.646,
473.657,
473.668,
473.678,
473.689,
473.700,
473.711,
473.722,
473.733,
473.744,
473.754,
473.765,
473.776,
473.787,
473.798,
473.809,
473.819,
473.830,
473.841,
473.852,
473.863,
473.874,
473.885,
473.895,
473.906,
473.917,
473.928,
473.939,
473.950,
473.960,
473.971,
473.982,
473.993,
474.004,
474.015,
474.026,
474.036,
474.047,
474.058,
474.069,
474.080,
474.091,
474.101,
474.112,
474.123,
474.134,
474.145,
474.156,
474.167,
474.177,
474.188,
474.199,
474.210,
474.221,
474.232,
474.243,
474.253,
474.264,
474.275,
474.286,
474.297,
474.308,
474.318,
474.329,
474.340,
474.351,
474.362,
474.373,
474.384,
474.394,
474.405,
474.416,
474.427,
474.438,
474.449,
474.459,
474.470,
474.481,
474.492,
474.503,
474.514,
474.525,
474.535,
474.546,
474.557,
474.568,
474.579,
474.590,
474.601,
474.611,
474.622,
474.633,
474.644,
474.655,
474.666,
474.676,
474.687,
474.698,
474.709,
474.720,
474.731,
474.742,
474.752,
474.763,
474.774,
474.785,
474.796,
474.807,
474.817,
474.828,
474.839,
474.850,
474.861,
474.872,
474.883,
474.893,
474.904,
474.915,
474.926,
474.937,
474.948,
474.958,
474.969,
474.980,
474.991,
475.002,
475.013,
475.024,
475.034,
475.045,
475.056,
475.067,
475.078,
475.089,
475.099,
475.110,
475.121,
475.132,
475.143,
475.154,
475.165,
475.175,
475.186,
475.197,
475.208,
475.219,
475.230,
475.241,
475.251,
475.262,
475.273,
475.284,
475.295,
475.306,
475.316,
475.327,
475.338,
475.349,
475.360,
475.371,
475.382,
475.392,
475.403,
475.414,
475.425,
475.436,
475.447,
475.457,
475.468,
475.479,
475.490,
475.501,
475.512,
475.523,
475.533,
475.544,
475.555,
475.566,
475.577,
475.588,
475.599,
475.609,
475.620,
475.631,
475.642,
475.653,
475.664,
475.674,
475.685,
475.696,
475.707,
475.718,
475.729,
475.740,
475.750,
475.761,
475.772,
475.783,
475.794,
475.805,
475.815,
475.826,
475.837,
475.848,
475.859,
475.870,
475.881,
475.891,
475.902,
475.913,
475.924,
475.935,
475.946,
475.956,
475.967,
475.978,
475.989,
476.000,
476.011,
476.022,
476.032,
476.043,
476.054,
476.065,
476.076,
476.087,
476.098,
476.108,
476.119,
476.130,
476.141,
476.152,
476.163,
476.173,
476.184,
476.195,
476.206,
476.217,
476.228,
476.239,
476.249,
476.260,
476.271,
476.282,
476.293,
476.304,
476.314,
476.325,
476.336,
476.347,
476.358,
476.369,
476.380,
476.390,
476.401,
476.412,
476.423,
476.434,
476.445,
476.455,
476.466,
476.477,
476.488,
476.499,
476.510,
476.521,
476.531,
476.542,
476.553,
476.564,
476.575,
476.586,
476.596,
476.607,
476.618,
476.629,
476.640,
476.651,
476.662,
476.672,
476.683,
476.694,
476.705,
476.716,
476.727,
476.738,
476.748,
476.759,
476.770,
476.781,
476.792,
476.803,
476.813,
476.824,
476.835,
476.846,
476.857,
476.868,
476.879,
476.889,
476.900,
476.911,
476.922,
476.933,
476.944,
476.954,
476.965,
476.976,
476.987,
476.998,
477.009,
477.020,
477.030,
477.041,
477.052,
477.063,
477.074,
477.085,
477.096,
477.106,
477.117,
477.128,
477.139,
477.150,
477.161,
477.171,
477.182,
477.193,
477.204,
477.215,
477.226,
477.237,
477.247,
477.258,
477.269,
477.280,
477.291,
477.302,
477.312,
477.323,
477.334,
477.345,
477.356,
477.367,
477.378,
477.388,
477.399,
477.410,
477.421,
477.432,
477.443,
477.453,
477.464,
477.475,
477.486,
477.497,
477.508,
477.519,
477.529,
477.540,
477.551,
477.562,
477.573,
477.584,
477.594,
477.605,
477.616,
477.627,
477.638,
477.649,
477.660,
477.670,
477.681,
477.692,
477.703,
477.714,
477.725,
477.736,
477.746,
477.757,
477.768,
477.779,
477.790,
477.801,
477.811,
477.822,
477.833,
477.844,
477.855,
477.866,
477.877,
477.887,
477.898,
477.909,
477.920,
477.931,
477.942,
477.952,
477.963,
477.974,
477.985,
477.996,
478.007,
478.018,
478.028,
478.039,
478.050,
478.061,
478.072,
478.083,
478.094,
478.104,
478.115,
478.126,
478.137,
478.148,
478.159,
478.169,
478.180,
478.191,
478.202,
478.213,
478.224,
478.235,
478.245,
478.256,
478.267,
478.278,
478.289,
478.300,
478.310,
478.321,
478.332,
478.343,
478.354,
478.365,
478.376,
478.386,
478.397,
478.408,
478.419,
478.430,
478.441,
478.451,
478.462,
478.473,
478.484,
478.495,
478.506,
478.517,
478.527,
478.538,
478.549,
478.560,
478.571,
478.582,
478.592,
478.603,
478.614,
478.625,
478.636,
478.647,
478.658,
478.668,
478.679,
478.690,
478.701,
478.712,
478.723,
478.734,
478.744,
478.755,
478.766,
478.777,
478.788,
478.799,
478.809,
478.820,
478.831,
478.842,
478.853,
478.864,
478.875,
478.885,
478.896,
478.907,
478.918,
478.929,
478.940,
478.950,
478.961,
478.972,
478.983,
478.994,
479.005,
479.016,
479.026,
479.037,
479.048,
479.059,
479.070,
479.081,
479.091,
479.102,
479.113,
479.124,
479.135,
479.146,
479.157,
479.167,
479.178,
479.189,
479.200,
479.211,
479.222,
479.233,
479.243,
479.254,
479.265,
479.276,
479.287,
479.298,
479.308,
479.319,
479.330,
479.341,
479.352,
479.363,
479.374,
479.384,
479.395,
479.406,
479.417,
479.428,
479.439,
479.449,
479.460,
479.471,
479.482,
479.493,
479.504,
479.515,
479.525,
479.536,
479.547,
479.558,
479.569,
479.580,
479.591,
479.601,
479.612,
479.623,
479.634,
479.645,
479.656,
479.666,
479.677,
479.688,
479.699,
479.710,
479.721,
479.732,
479.742,
479.753,
479.764,
479.775,
479.786,
479.797,
479.807,
479.818,
479.829,
479.840,
479.851,
479.862,
479.873,
479.883,
479.894,
479.905,
479.916,
479.927,
479.938,
479.948,
479.959,
479.970,
479.981,
479.992,
480.003,
480.014,
480.024,
480.035,
480.046,
480.057,
480.068,
480.079,
480.089,
480.100,
480.111,
480.122,
480.133,
480.144,
480.155,
480.165,
480.176,
480.187,
480.198,
480.209,
480.220,
480.231,
480.241,
480.252,
480.263,
480.274,
480.285,
480.296,
480.306,
480.317,
480.328,
480.339,
480.350,
480.361,
480.372,
480.382,
480.393,
480.404,
480.415,
480.426,
480.437,
480.447,
480.458,
480.469,
480.480,
480.491,
480.502,
480.513,
480.523,
480.534,
480.545,
480.556,
480.567,
480.578,
480.589,
480.599,
480.610,
480.621,
480.632,
480.643,
480.654,
480.664,
480.675,
480.686,
480.697,
480.708,
480.719,
480.730,
480.740,
480.751,
480.762,
480.773,
480.784,
480.795,
480.805,
480.816,
480.827,
480.838,
480.849,
480.860,
480.871,
480.881,
480.892,
480.903,
480.914,
480.925,
480.936,
480.946,
480.957,
480.968,
480.979,
480.990,
481.001,
481.012,
481.022,
481.033,
481.044,
481.055,
481.066,
481.077,
481.087,
481.098,
481.109,
481.120,
481.131,
481.142,
481.153,
481.163,
481.174,
481.185,
481.196,
481.207,
481.218,
481.229,
481.239,
481.250,
481.261,
481.272,
481.283,
481.294,
481.304,
481.315,
481.326,
481.337,
481.348,
481.359,
481.370,
481.380,
481.391,
481.402,
481.413,
481.424,
481.435,
481.445,
481.456,
481.467,
481.478,
481.489,
481.500,
481.511,
481.521,
481.532,
481.543,
481.554,
481.565,
481.576,
481.587,
481.597,
481.608,
481.619,
481.630,
481.641,
481.652,
481.662,
481.673,
481.684,
481.695,
481.706,
481.717,
481.728,
481.738,
481.749,
481.760,
481.771,
481.782,
481.793,
481.803,
481.814,
481.825,
481.836,
481.847,
481.858,
481.869,
481.879,
481.890,
481.901,
481.912,
481.923,
481.934,
481.944,
481.955,
481.966,
481.977,
481.988,
481.999,
482.010,
482.020,
482.031,
482.042,
482.053,
482.064,
482.075,
482.086,
482.096,
482.107,
482.118,
482.129,
482.140,
482.151,
482.161,
482.172,
482.183,
482.194,
482.205,
482.216,
482.227,
482.237,
482.248,
482.259,
482.270,
482.281,
482.292,
482.302,
482.313,
482.324,
482.335,
482.346,
482.357,
482.368,
482.378,
482.389,
482.400,
482.411,
482.422,
482.433,
482.443,
482.454,
482.465,
482.476,
482.487,
482.498,
482.509,
482.519,
482.530,
482.541,
482.552,
482.563,
482.574,
482.584,
482.595,
482.606,
482.617,
482.628,
482.639,
482.650,
482.660,
482.671,
482.682,
482.693,
482.704,
482.715,
482.726,
482.736,
482.747,
482.758,
482.769,
482.780,
482.791,
482.801,
482.812,
482.823,
482.834,
482.845,
482.856,
482.867,
482.877,
482.888,
482.899,
482.910,
482.921,
482.932,
482.942,
482.953,
482.964,
482.975,
482.986,
482.997,
483.008,
483.018,
483.029,
483.040,
483.051,
483.062,
483.073,
483.084,
483.094,
483.105,
483.116,
483.127,
483.138,
483.149,
483.159,
483.170,
483.181,
483.192,
483.203,
483.214,
483.225,
483.235,
483.246,
483.257,
483.268,
483.279,
483.290,
483.300,
483.311,
483.322,
483.333,
483.344,
483.355,
483.366,
483.376,
483.387,
483.398,
483.409,
483.420,
483.431,
483.441,
483.452,
483.463,
483.474,
483.485,
483.496,
483.507,
483.517,
483.528,
483.539,
483.550,
483.561,
483.572,
483.582,
483.593,
483.604,
483.615,
483.626,
483.637,
483.648,
483.658,
483.669,
483.680,
483.691,
483.702,
483.713,
483.724,
483.734,
483.745,
483.756,
483.767,
483.778,
483.789,
483.799,
483.810,
483.821,
483.832,
483.843,
483.854,
483.865,
483.875,
483.886,
483.897,
483.908,
483.919,
483.930,
483.940,
483.951,
483.962,
483.973,
483.984,
483.995,
484.006,
484.016,
484.027,
484.038,
484.049,
484.060,
484.071,
484.082,
484.092,
484.103,
484.114,
484.125,
484.136,
484.147,
484.157,
484.168,
484.179,
484.190,
484.201,
484.212,
484.223,
484.233,
484.244,
484.255,
484.266,
484.277,
484.288,
484.298,
484.309,
484.320,
484.331,
484.342,
484.353,
484.364,
484.374,
484.385,
484.396,
484.407,
484.418,
484.429,
484.439,
484.450,
484.461,
484.472,
484.483,
484.494,
484.505,
484.515,
484.526,
484.537,
484.548,
484.559,
484.570,
484.580,
484.591,
484.602,
484.613,
484.624,
484.635,
484.646,
484.656,
484.667,
484.678,
484.689,
484.700,
484.711,
484.722,
484.732,
484.743,
484.754,
484.765,
484.776,
484.787,
484.797,
484.808,
484.819,
484.830,
484.841,
484.852,
484.863,
484.873,
484.884,
484.895,
484.906,
484.917,
484.928,
484.938,
484.949,
484.960,
484.971,
484.982,
484.993,
485.004,
485.014,
485.025,
485.036,
485.047,
485.058,
485.069,
485.079,
485.090,
485.101,
485.112,
485.123,
485.134,
485.145,
485.155,
485.166,
485.177,
485.188,
485.199,
485.210,
485.221,
485.231,
485.242,
485.253,
485.264,
485.275,
485.286,
485.296,
485.307,
485.318,
485.329,
485.340,
485.351,
485.362,
485.372,
485.383,
485.394,
485.405,
485.416,
485.427,
485.437,
485.448,
485.459,
485.470,
485.481,
485.492,
485.503,
485.513,
485.524,
485.535,
485.546,
485.557,
485.568,
485.579,
485.589,
485.600,
485.611,
485.622,
485.633,
485.644,
485.654,
485.665,
485.676,
485.687,
485.698,
485.709,
485.720,
485.730,
485.741,
485.752,
485.763,
485.774,
485.785,
485.795,
485.806,
485.817,
485.828,
485.839,
485.850,
485.861,
485.871,
485.882,
485.893,
485.904,
485.915,
485.926,
485.936,
485.947,
485.958,
485.969,
485.980,
485.991,
486.002,
486.012,
486.023,
486.034,
486.045,
486.056,
486.067,
486.077,
486.088,
486.099,
486.110,
486.121,
486.132,
486.143,
486.153,
486.164,
486.175,
486.186,
486.197,
486.208,
486.219,
486.229,
486.240,
486.251,
486.262,
486.273,
486.284,
486.294,
486.305,
486.316,
486.327,
486.338,
486.349,
486.360,
486.370,
486.381,
486.392,
486.403,
486.414,
486.425,
486.435,
486.446,
486.457,
486.468,
486.479,
486.490,
486.501,
486.511,
486.522,
486.533,
486.544,
486.555,
486.566,
486.577,
486.587,
486.598,
486.609,
486.620,
486.631,
486.642,
486.652,
486.663,
486.674,
486.685,
486.696,
486.707,
486.718,
486.728,
486.739,
486.750,
486.761,
486.772,
486.783,
486.793,
486.804,
486.815,
486.826,
486.837,
486.848,
486.859,
486.869,
486.880,
486.891,
486.902,
486.913,
486.924,
486.934,
486.945,
486.956,
486.967,
486.978,
486.989,
487.000,
487.010,
487.021,
487.032,
487.043,
487.054,
487.065,
487.075,
487.086,
487.097,
487.108,
487.119,
487.130,
487.141,
487.151,
487.162,
487.173,
487.184,
487.195,
487.206,
487.217,
487.227,
487.238,
487.249,
487.260,
487.271,
487.282,
487.292,
487.303,
487.314,
487.325,
487.336,
487.347,
487.358,
487.368,
487.379,
487.390,
487.401,
487.412,
487.423,
487.433,
487.444,
487.455,
487.466,
487.477,
487.488,
487.499,
487.509,
487.520,
487.531,
487.542,
487.553,
487.564,
487.575,
487.585,
487.596,
487.607,
487.618,
487.629,
487.640,
487.650,
487.661,
487.672,
487.683,
487.694,
487.705,
487.716,
487.726,
487.737,
487.748,
487.759,
487.770,
487.781,
487.791,
487.802,
487.813,
487.824,
487.835,
487.846,
487.857,
487.867,
487.878,
487.889,
487.900,
487.911,
487.922,
487.932,
487.943,
487.954,
487.965,
487.976,
487.987,
487.998,
488.008,
488.019,
488.030,
488.041,
488.052,
488.063,
488.074,
488.084,
488.095,
488.106,
488.117,
488.128,
488.139,
488.149,
488.160,
488.171,
488.182,
488.193,
488.204,
488.215,
488.225,
488.236,
488.247,
488.258,
488.269,
488.280,
488.290,
488.301,
488.312,
488.323,
488.334,
488.345,
488.356,
488.366,
488.377,
488.388,
488.399,
488.410,
488.421,
488.431,
488.442,
488.453,
488.464,
488.475,
488.486,
488.497,
488.507,
488.518,
488.529,
488.540,
488.551,
488.562,
488.572,
488.583,
488.594,
488.605,
488.616,
488.627,
488.638,
488.648,
488.659,
488.670,
488.681,
488.692,
488.703,
488.714,
488.724,
488.735,
488.746,
488.757,
488.768,
488.779,
488.789,
488.800,
488.811,
488.822,
488.833,
488.844,
488.855,
488.865,
488.876,
488.887,
488.898,
488.909,
488.920,
488.930,
488.941,
488.952,
488.963,
488.974,
488.985,
488.996,
489.006,
489.017,
489.028,
489.039,
489.050,
489.061,
489.072,
489.082,
489.093,
489.104,
489.115,
489.126,
489.137,
489.147,
489.158,
489.169,
489.180,
489.191,
489.202,
489.213,
489.223,
489.234,
489.245,
489.256,
489.267,
489.278,
489.288,
489.299,
489.310,
489.321,
489.332,
489.343,
489.354,
489.364,
489.375,
489.386,
489.397,
489.408,
489.419,
489.429,
489.440,
489.451,
489.462,
489.473,
489.484,
489.495,
489.505,
489.516,
489.527,
489.538,
489.549,
489.560,
489.570,
489.581,
489.592,
489.603,
489.614,
489.625,
489.636,
489.646,
489.657,
489.668,
489.679,
489.690,
489.701,
489.712,
489.722,
489.733,
489.744,
489.755,
489.766,
489.777,
489.787,
489.798,
489.809,
489.820,
489.831,
489.842,
489.853,
489.863,
489.874,
489.885,
489.896,
489.907,
489.918,
489.928,
489.939,
489.950,
489.961,
489.972,
489.983,
489.994,
490.004,
490.015,
490.026,
490.037,
490.048,
490.059,
490.070,
490.080,
490.091,
490.102,
490.113,
490.124,
490.135,
490.145,
490.156,
490.167,
490.178,
490.189,
490.200,
490.211,
490.221,
490.232,
490.243,
490.254,
490.265,
490.276,
490.286,
490.297,
490.308,
490.319,
490.330,
490.341,
490.352,
490.362,
490.373,
490.384,
490.395,
490.406,
490.417,
490.427,
490.438,
490.449,
490.460,
490.471,
490.482,
490.493,
490.503,
490.514,
490.525,
490.536,
490.547,
490.558,
490.568,
490.579,
490.590,
490.601,
490.612,
490.623,
490.634,
490.644,
490.655,
490.666,
490.677,
490.688,
490.699,
490.710,
490.720,
490.731,
490.742,
490.753,
490.764,
490.775,
490.785,
490.796,
490.807,
490.818,
490.829,
490.840,
490.851,
490.861,
490.872,
490.883,
490.894,
490.905,
490.916,
490.926,
490.937,
490.948,
490.959,
490.970,
490.981,
490.992,
491.002,
491.013,
491.024,
491.035,
491.046,
491.057,
491.067,
491.078,
491.089,
491.100,
491.111,
491.122,
491.133,
491.143,
491.154,
491.165,
491.176,
491.187,
491.198,
491.209,
491.219,
491.230,
491.241,
491.252,
491.263,
491.274,
491.284,
491.295,
491.306,
491.317,
491.328,
491.339,
491.350,
491.360,
491.371,
491.382,
491.393,
491.404,
491.415,
491.425,
491.436,
491.447,
491.458,
491.469,
491.480,
491.491,
491.501,
491.512,
491.523,
491.534,
491.545,
491.556,
491.567,
491.577,
491.588,
491.599,
491.610,
491.621,
491.632,
491.642,
491.653,
491.664,
491.675,
491.686,
491.697,
491.708,
491.718,
491.729,
491.740,
491.751,
491.762,
491.773,
491.783,
491.794,
491.805,
491.816,
491.827,
491.838,
491.849,
491.859,
491.870,
491.881,
491.892,
491.903,
491.914,
491.924,
491.935,
491.946,
491.957,
491.968,
491.979,
491.990,
492.000,
492.011,
492.022,
492.033,
492.044,
492.055,
492.065,
492.076,
492.087,
492.098,
492.109,
492.120,
492.131,
492.141,
492.152,
492.163,
492.174,
492.185,
492.196,
492.207,
492.217,
492.228,
492.239,
492.250,
492.261,
492.272,
492.282,
492.293,
492.304,
492.315,
492.326,
492.337,
492.348,
492.358,
492.369,
492.380,
492.391,
492.402,
492.413,
492.423,
492.434,
492.445,
492.456,
492.467,
492.478,
492.489,
492.499,
492.510,
492.521,
492.532,
492.543,
492.554,
492.565,
492.575,
492.586,
492.597,
492.608,
492.619,
492.630,
492.640,
492.651,
492.662,
492.673,
492.684,
492.695,
492.706,
492.716,
492.727,
492.738,
492.749,
492.760,
492.771,
492.781,
492.792,
492.803,
492.814,
492.825,
492.836,
492.847,
492.857,
492.868,
492.879,
492.890,
492.901,
492.912,
492.922,
492.933,
492.944,
492.955,
492.966,
492.977,
492.988,
492.998,
493.009,
493.020,
493.031,
493.042,
493.053,
493.063,
493.074,
493.085,
493.096,
493.107,
493.118,
493.129,
493.139,
493.150,
493.161,
493.172,
493.183,
493.194,
493.205,
493.215,
493.226,
493.237,
493.248,
493.259,
493.270,
493.280,
493.291,
493.302,
493.313,
493.324,
493.335,
493.346,
493.356,
493.367,
493.378,
493.389,
493.400,
493.411,
493.421,
493.432,
493.443,
493.454,
493.465,
493.476,
493.487,
493.497,
493.508,
493.519,
493.530,
493.541,
493.552,
493.562,
493.573,
493.584,
493.595,
493.606,
493.617,
493.628,
493.638,
493.649,
493.660,
493.671,
493.682,
493.693,
493.704,
493.714,
493.725,
493.736,
493.747,
493.758,
493.769,
493.779,
493.790,
493.801,
493.812,
493.823,
493.834,
493.845,
493.855,
493.866,
493.877,
493.888,
493.899,
493.910,
493.920,
493.931,
493.942,
493.953,
493.964,
493.975,
493.986,
493.996,
494.007,
494.018,
494.029,
494.040,
494.051,
494.062,
494.072,
494.083,
494.094,
494.105,
494.116,
494.127,
494.137,
494.148,
494.159,
494.170,
494.181,
494.192,
494.203,
494.213,
494.224,
494.235,
494.246,
494.257,
494.268,
494.278,
494.289,
494.300,
494.311,
494.322,
494.333,
494.344,
494.354,
494.365,
494.376,
494.387,
494.398,
494.409,
494.419,
494.430,
494.441,
494.452,
494.463,
494.474,
494.485,
494.495,
494.506,
494.517,
494.528,
494.539,
494.550,
494.560,
494.571,
494.582,
494.593,
494.604,
494.615,
494.626,
494.636,
494.647,
494.658,
494.669,
494.680,
494.691,
494.702,
494.712,
494.723,
494.734,
494.745,
494.756,
494.767,
494.777,
494.788,
494.799,
494.810,
494.821,
494.832,
494.843,
494.853,
494.864,
494.875,
494.886,
494.897,
494.908,
494.918,
494.929,
494.940,
494.951,
494.962,
494.973,
494.984,
494.994,
495.005,
495.016,
495.027,
495.038,
495.049,
495.060,
495.070,
495.081,
495.092,
495.103,
495.114,
495.125,
495.135,
495.146,
495.157,
495.168,
495.179,
495.190,
495.201,
495.211,
495.222,
495.233,
495.244,
495.255,
495.266,
495.276,
495.287,
495.298,
495.309,
495.320,
495.331,
495.342,
495.352,
495.363,
495.374,
495.385,
495.396,
495.407,
495.417,
495.428,
495.439,
495.450,
495.461,
495.472,
495.483,
495.493,
495.504,
495.515,
495.526,
495.537,
495.548,
495.558,
495.569,
495.580,
495.591,
495.602,
495.613,
495.624,
495.634,
495.645,
495.656,
495.667,
495.678,
495.689,
495.700,
495.710,
495.721,
495.732,
495.743,
495.754,
495.765,
495.775,
495.786,
495.797,
495.808,
495.819,
495.830,
495.841,
495.851,
495.862,
495.873,
495.884,
495.895,
495.906,
495.916,
495.927,
495.938,
495.949,
495.960,
495.971,
495.982,
495.992,
496.003,
496.014,
496.025,
496.036,
496.047,
496.058,
496.068,
496.079,
496.090,
496.101,
496.112,
496.123,
496.133,
496.144,
496.155,
496.166,
496.177,
496.188,
496.199,
496.209,
496.220,
496.231,
496.242,
496.253,
496.264,
496.274,
496.285,
496.296,
496.307,
496.318,
496.329,
496.340,
496.350,
496.361,
496.372,
496.383,
496.394,
496.405,
496.415,
496.426,
496.437,
496.448,
496.459,
496.470,
496.481,
496.491,
496.502,
496.513,
496.524,
496.535,
496.546,
496.557,
496.567,
496.578,
496.589,
496.600,
496.611,
496.622,
496.632,
496.643,
496.654,
496.665,
496.676,
496.687,
496.698,
496.708,
496.719,
496.730,
496.741,
496.752,
496.763,
496.773,
496.784,
496.795,
496.806,
496.817,
496.828,
496.839,
496.849,
496.860,
496.871,
496.882,
496.893,
496.904,
496.914,
496.925,
496.936,
496.947,
496.958,
496.969,
496.980,
496.990,
497.001,
497.012,
497.023,
497.034,
497.045,
497.055,
497.066,
497.077,
497.088,
497.099,
497.110,
497.121,
497.131,
497.142,
497.153,
497.164,
497.175,
497.186,
497.197,
497.207,
497.218,
497.229,
497.240,
497.251,
497.262,
497.272,
497.283,
497.294,
497.305,
497.316,
497.327,
497.338,
497.348,
497.359,
497.370,
497.381,
497.392,
497.403,
497.413,
497.424,
497.435,
497.446,
497.457,
497.468,
497.479,
497.489,
497.500,
497.511,
497.522,
497.533,
497.544,
497.555,
497.565,
497.576,
497.587,
497.598,
497.609,
497.620,
497.630,
497.641,
497.652,
497.663,
497.674,
497.685,
497.696,
497.706,
497.717,
497.728,
497.739,
497.750,
497.761,
497.771,
497.782,
497.793,
497.804,
497.815,
497.826,
497.837,
497.847,
497.858,
497.869,
497.880,
497.891,
497.902,
497.912,
497.923,
497.934,
497.945,
497.956,
497.967,
497.978,
497.988,
497.999,
498.010,
498.021,
498.032,
498.043,
498.053,
498.064,
498.075,
498.086,
498.097,
498.108,
498.119,
498.129,
498.140,
498.151,
498.162,
498.173,
498.184,
498.195,
498.205,
498.216,
498.227,
498.238,
498.249,
498.260,
498.270,
498.281,
498.292,
498.303,
498.314,
498.325,
498.336,
498.346,
498.357,
498.368,
498.379,
498.390,
498.401,
498.411,
498.422,
498.433,
498.444,
498.455,
498.466,
498.477,
498.487,
498.498,
498.509,
498.520,
498.531,
498.542,
498.553,
498.563,
498.574,
498.585,
498.596,
498.607,
498.618,
498.628,
498.639,
498.650,
498.661,
498.672,
498.683,
498.694,
498.704,
498.715,
498.726,
498.737,
498.748,
498.759,
498.769,
498.780,
498.791,
498.802,
498.813,
498.824,
498.835,
498.845,
498.856,
498.867,
498.878,
498.889,
498.900,
498.910,
498.921,
498.932,
498.943,
498.954,
498.965,
498.976,
498.986,
498.997,
499.008,
499.019,
499.030,
499.041,
499.051,
499.062,
499.073,
499.084,
499.095,
499.106,
499.117,
499.127,
499.138,
499.149,
499.160,
499.171,
499.182,
499.193,
499.203,
499.214,
499.225,
499.236,
499.247,
499.258,
499.268,
499.279,
499.290,
499.301,
499.312,
499.323,
499.334,
499.344,
499.355,
499.366,
499.377,
499.388,
499.399,
499.409,
499.420,
499.431,
499.442,
499.453,
499.464,
499.475,
499.485,
499.496,
499.507,
499.518,
499.529,
499.540,
499.550,
499.561,
499.572,
499.583,
499.594,
499.605,
499.616,
499.626,
499.637,
499.648,
499.659,
499.670,
499.681,
499.692,
499.702,
499.713,
499.724,
499.735,
499.746,
499.757,
499.767,
499.778,
499.789,
499.800,
499.811,
499.822,
499.833,
499.843,
499.854,
499.865,
499.876,
499.887,
499.898,
499.908,
499.919,
499.930,
499.941,
499.952,
499.963,
499.974,
499.984,
499.995,
500.000,
500.011,
500.022,
500.033,
500.043,
500.054,
500.065,
500.076,
500.087,
500.098,
500.108,
500.119,
500.130,
500.141,
500.152,
500.163,
500.174,
500.184,
500.195,
500.206,
500.217,
500.228,
500.239,
500.250,
500.260,
500.271,
500.282,
500.293,
500.304,
500.315,
500.325,
500.336,
500.347,
500.358,
500.369,
500.380,
500.391,
500.401,
500.412,
500.423,
500.434,
500.445,
500.456,
500.466,
500.477,
500.488,
500.499,
500.510,
500.521,
500.532,
500.542,
500.553,
500.564,
500.575,
500.586,
500.597,
500.607,
500.618,
500.629,
500.640,
500.651,
500.662,
500.673,
500.683,
500.694,
500.705,
500.716,
500.727,
500.738,
500.748,
500.759,
500.770,
500.781,
500.792,
500.803,
500.814,
500.824,
500.835,
500.846,
500.857,
500.868,
500.879,
500.890,
500.900,
500.911,
500.922,
500.933,
500.944,
500.955,
500.965,
500.976,
500.987,
500.998,
501.009,
501.020,
501.031,
501.041,
501.052,
501.063,
501.074,
501.085,
501.096,
501.106,
501.117,
501.128,
501.139,
501.150,
501.161,
501.172,
501.182,
501.193,
501.204,
501.215,
501.226,
501.237,
501.248,
501.258,
501.269,
501.280,
501.291,
501.302,
501.313,
501.323,
501.334,
501.345,
501.356,
501.367,
501.378,
501.389,
501.399,
501.410,
501.421,
501.432,
501.443,
501.454,
501.464,
501.475,
501.486,
501.497,
501.508,
501.519,
501.530,
501.540,
501.551,
501.562,
501.573,
501.584,
501.595,
501.605,
501.616,
501.627,
501.638,
501.649,
501.660,
501.671,
501.681,
501.692,
501.703,
501.714,
501.725,
501.736,
501.747,
501.757,
501.768,
501.779,
501.790,
501.801,
501.812,
501.822,
501.833,
501.844,
501.855,
501.866,
501.877,
501.888,
501.898,
501.909,
501.920,
501.931,
501.942,
501.953,
501.963,
501.974,
501.985,
501.996,
502.007,
502.018,
502.029,
502.039,
502.050,
502.061,
502.072,
502.083,
502.094,
502.104,
502.115,
502.126,
502.137,
502.148,
502.159,
502.170,
502.180,
502.191,
502.202,
502.213,
502.224,
502.235,
502.245,
502.256,
502.267,
502.278,
502.289,
502.300,
502.311,
502.321,
502.332,
502.343,
502.354,
502.365,
502.376,
502.387,
502.397,
502.408,
502.419,
502.430,
502.441,
502.452,
502.462,
502.473,
502.484,
502.495,
502.506,
502.517,
502.528,
502.538,
502.549,
502.560,
502.571,
502.582,
502.593,
502.603,
502.614,
502.625,
502.636,
502.647,
502.658,
502.669,
502.679,
502.690,
502.701,
502.712,
502.723,
502.734,
502.745,
502.755,
502.766,
502.777,
502.788,
502.799,
502.810,
502.820,
502.831,
502.842,
502.853,
502.864,
502.875,
502.886,
502.896,
502.907,
502.918,
502.929,
502.940,
502.951,
502.961,
502.972,
502.983,
502.994,
503.005,
503.016,
503.027,
503.037,
503.048,
503.059,
503.070,
503.081,
503.092,
503.102,
503.113,
503.124,
503.135,
503.146,
503.157,
503.168,
503.178,
503.189,
503.200,
503.211,
503.222,
503.233,
503.243,
503.254,
503.265,
503.276,
503.287,
503.298,
503.309,
503.319,
503.330,
503.341,
503.352,
503.363,
503.374,
503.385,
503.395,
503.406,
503.417,
503.428,
503.439,
503.450,
503.460,
503.471,
503.482,
503.493,
503.504,
503.515,
503.526,
503.536,
503.547,
503.558,
503.569,
503.580,
503.591,
503.601,
503.612,
503.623,
503.634,
503.645,
503.656,
503.667,
503.677,
503.688,
503.699,
503.710,
503.721,
503.732,
503.743,
503.753,
503.764,
503.775,
503.786,
503.797,
503.808,
503.818,
503.829,
503.840,
503.851,
503.862,
503.873,
503.884,
503.894,
503.905,
503.916,
503.927,
503.938,
503.949,
503.959,
503.970,
503.981,
503.992,
504.003,
504.014,
504.025,
504.035,
504.046,
504.057,
504.068,
504.079,
504.090,
504.100,
504.111,
504.122,
504.133,
504.144,
504.155,
504.166,
504.176,
504.187,
504.198,
504.209,
504.220,
504.231,
504.241,
504.252,
504.263,
504.274,
504.285,
504.296,
504.307,
504.317,
504.328,
504.339,
504.350,
504.361,
504.372,
504.383,
504.393,
504.404,
504.415,
504.426,
504.437,
504.448,
504.458,
504.469,
504.480,
504.491,
504.502,
504.513,
504.524,
504.534,
504.545,
504.556,
504.567,
504.578,
504.589,
504.599,
504.610,
504.621,
504.632,
504.643,
504.654,
504.665,
504.675,
504.686,
504.697,
504.708,
504.719,
504.730,
504.740,
504.751,
504.762,
504.773,
504.784,
504.795,
504.806,
504.816,
504.827,
504.838,
504.849,
504.860,
504.871,
504.882,
504.892,
504.903,
504.914,
504.925,
504.936,
504.947,
504.957,
504.968,
504.979,
504.990,
505.001,
505.012,
505.023,
505.033,
505.044,
505.055,
505.066,
505.077,
505.088,
505.098,
505.109,
505.120,
505.131,
505.142,
505.153,
505.164,
505.174,
505.185,
505.196,
505.207,
505.218,
505.229,
505.240,
505.250,
505.261,
505.272,
505.283,
505.294,
505.305,
505.315,
505.326,
505.337,
505.348,
505.359,
505.370,
505.381,
505.391,
505.402,
505.413,
505.424,
505.435,
505.446,
505.456,
505.467,
505.478,
505.489,
505.500,
505.511,
505.522,
505.532,
505.543,
505.554,
505.565,
505.576,
505.587,
505.597,
505.608,
505.619,
505.630,
505.641,
505.652,
505.663,
505.673,
505.684,
505.695,
505.706,
505.717,
505.728,
505.738,
505.749,
505.760,
505.771,
505.782,
505.793,
505.804,
505.814,
505.825,
505.836,
505.847,
505.858,
505.869,
505.880,
505.890,
505.901,
505.912,
505.923,
505.934,
505.945,
505.955,
505.966,
505.977,
505.988,
505.999,
506.010,
506.021,
506.031,
506.042,
506.053,
506.064,
506.075,
506.086,
506.096,
506.107,
506.118,
506.129,
506.140,
506.151,
506.162,
506.172,
506.183,
506.194,
506.205,
506.216,
506.227,
506.238,
506.248,
506.259,
506.270,
506.281,
506.292,
506.303,
506.313,
506.324,
506.335,
506.346,
506.357,
506.368,
506.379,
506.389,
506.400,
506.411,
506.422,
506.433,
506.444,
506.454,
506.465,
506.476,
506.487,
506.498,
506.509,
506.520,
506.530,
506.541,
506.552,
506.563,
506.574,
506.585,
506.595,
506.606,
506.617,
506.628,
506.639,
506.650,
506.661,
506.671,
506.682,
506.693,
506.704,
506.715,
506.726,
506.736,
506.747,
506.758,
506.769,
506.780,
506.791,
506.802,
506.812,
506.823,
506.834,
506.845,
506.856,
506.867,
506.878,
506.888,
506.899,
506.910,
506.921,
506.932,
506.943,
506.953,
506.964,
506.975,
506.986,
506.997,
507.008,
507.019,
507.029,
507.040,
507.051,
507.062,
507.073,
507.084,
507.094,
507.105,
507.116,
507.127,
507.138,
507.149,
507.160,
507.170,
507.181,
507.192,
507.203,
507.214,
507.225,
507.236,
507.246,
507.257,
507.268,
507.279,
507.290,
507.301,
507.311,
507.322,
507.333,
507.344,
507.355,
507.366,
507.377,
507.387,
507.398,
507.409,
507.420,
507.431,
507.442,
507.452,
507.463,
507.474,
507.485,
507.496,
507.507,
507.518,
507.528,
507.539,
507.550,
507.561,
507.572,
507.583,
507.593,
507.604,
507.615,
507.626,
507.637,
507.648,
507.659,
507.669,
507.680,
507.691,
507.702,
507.713,
507.724,
507.735,
507.745,
507.756,
507.767,
507.778,
507.789,
507.800,
507.810,
507.821,
507.832,
507.843,
507.854,
507.865,
507.876,
507.886,
507.897,
507.908,
507.919,
507.930,
507.941,
507.951,
507.962,
507.973,
507.984,
507.995,
508.006,
508.017,
508.027,
508.038,
508.049,
508.060,
508.071,
508.082,
508.092,
508.103,
508.114,
508.125,
508.136,
508.147,
508.158,
508.168,
508.179,
508.190,
508.201,
508.212,
508.223,
508.233,
508.244,
508.255,
508.266,
508.277,
508.288,
508.299,
508.309,
508.320,
508.331,
508.342,
508.353,
508.364,
508.375,
508.385,
508.396,
508.407,
508.418,
508.429,
508.440,
508.450,
508.461,
508.472,
508.483,
508.494,
508.505,
508.516,
508.526,
508.537,
508.548,
508.559,
508.570,
508.581,
508.591,
508.602,
508.613,
508.624,
508.635,
508.646,
508.657,
508.667,
508.678,
508.689,
508.700,
508.711,
508.722,
508.733,
508.743,
508.754,
508.765,
508.776,
508.787,
508.798,
508.808,
508.819,
508.830,
508.841,
508.852,
508.863,
508.874,
508.884,
508.895,
508.906,
508.917,
508.928,
508.939,
508.949,
508.960,
508.971,
508.982,
508.993,
509.004,
509.015,
509.025,
509.036,
509.047,
509.058,
509.069,
509.080,
509.090,
509.101,
509.112,
509.123,
509.134,
509.145,
509.156,
509.166,
509.177,
509.188,
509.199,
509.210,
509.221,
509.231,
509.242,
509.253,
509.264,
509.275,
509.286,
509.297,
509.307,
509.318,
509.329,
509.340,
509.351,
509.362,
509.373,
509.383,
509.394,
509.405,
509.416,
509.427,
509.438,
509.448,
509.459,
509.470,
509.481,
509.492,
509.503,
509.514,
509.524,
509.535,
509.546,
509.557,
509.568,
509.579,
509.589,
509.600,
509.611,
509.622,
509.633,
509.644,
509.655,
509.665,
509.676,
509.687,
509.698,
509.709,
509.720,
509.731,
509.741,
509.752,
509.763,
509.774,
509.785,
509.796,
509.806,
509.817,
509.828,
509.839,
509.850,
509.861,
509.872,
509.882,
509.893,
509.904,
509.915,
509.926,
509.937,
509.947,
509.958,
509.969,
509.980,
509.991,
510.002,
510.013,
510.023,
510.034,
510.045,
510.056,
510.067,
510.078,
510.088,
510.099,
510.110,
510.121,
510.132,
510.143,
510.154,
510.164,
510.175,
510.186,
510.197,
510.208,
510.219,
510.229,
510.240,
510.251,
510.262,
510.273,
510.284,
510.295,
510.305,
510.316,
510.327,
510.338,
510.349,
510.360,
510.371,
510.381,
510.392,
510.403,
510.414,
510.425,
510.436,
510.446,
510.457,
510.468,
510.479,
510.490,
510.501,
510.512,
510.522,
510.533,
510.544,
510.555,
510.566,
510.577,
510.587,
510.598,
510.609,
510.620,
510.631,
510.642,
510.653,
510.663,
510.674,
510.685,
510.696,
510.707,
510.718,
510.728,
510.739,
510.750,
510.761,
510.772,
510.783,
510.794,
510.804,
510.815,
510.826,
510.837,
510.848,
510.859,
510.870,
510.880,
510.891,
510.902,
510.913,
510.924,
510.935,
510.945,
510.956,
510.967,
510.978,
510.989,
511.000,
511.011,
511.021,
511.032,
511.043,
511.054,
511.065,
511.076,
511.086,
511.097,
511.108,
511.119,
511.130,
511.141,
511.152,
511.162,
511.173,
511.184,
511.195,
511.206,
511.217,
511.228,
511.238,
511.249,
511.260,
511.271,
511.282,
511.293,
511.303,
511.314,
511.325,
511.336,
511.347,
511.358,
511.369,
511.379,
511.390,
511.401,
511.412,
511.423,
511.434,
511.444,
511.455,
511.466,
511.477,
511.488,
511.499,
511.510,
511.520,
511.531,
511.542,
511.553,
511.564,
511.575,
511.585,
511.596,
511.607,
511.618,
511.629,
511.640,
511.651,
511.661,
511.672,
511.683,
511.694,
511.705,
511.716,
511.726,
511.737,
511.748,
511.759,
511.770,
511.781,
511.792,
511.802,
511.813,
511.824,
511.835,
511.846,
511.857,
511.868,
511.878,
511.889,
511.900,
511.911,
511.922,
511.933,
511.943,
511.954,
511.965,
511.976,
511.987,
511.998,
512.009,
512.019,
512.030,
512.041,
512.052,
512.063,
512.074,
512.084,
512.095,
512.106,
512.117,
512.128,
512.139,
512.150,
512.160,
512.171,
512.182,
512.193,
512.204,
512.215,
512.226,
512.236,
512.247,
512.258,
512.269,
512.280,
512.291,
512.301,
512.312,
512.323,
512.334,
512.345,
512.356,
512.367,
512.377,
512.388,
512.399,
512.410,
512.421,
512.432,
512.442,
512.453,
512.464,
512.475,
512.486,
512.497,
512.508,
512.518,
512.529,
512.540,
512.551,
512.562,
512.573,
512.583,
512.594,
512.605,
512.616,
512.627,
512.638,
512.649,
512.659,
512.670,
512.681,
512.692,
512.703,
512.714,
512.725,
512.735,
512.746,
512.757,
512.768,
512.779,
512.790,
512.800,
512.811,
512.822,
512.833,
512.844,
512.855,
512.866,
512.876,
512.887,
512.898,
512.909,
512.920,
512.931,
512.941,
512.952,
512.963,
512.974,
512.985,
512.996,
513.007,
513.017,
513.028,
513.039,
513.050,
513.061,
513.072,
513.082,
513.093,
513.104,
513.115,
513.126,
513.137,
513.148,
513.158,
513.169,
513.180,
513.191,
513.202,
513.213,
513.223,
513.234,
513.245,
513.256,
513.267,
513.278,
513.289,
513.299,
513.310,
513.321,
513.332,
513.343,
513.354,
513.365,
513.375,
513.386,
513.397,
513.408,
513.419,
513.430,
513.440,
513.451,
513.462,
513.473,
513.484,
513.495,
513.506,
513.516,
513.527,
513.538,
513.549,
513.560,
513.571,
513.581,
513.592,
513.603,
513.614,
513.625,
513.636,
513.647,
513.657,
513.668,
513.679,
513.690,
513.701,
513.712,
513.722,
513.733,
513.744,
513.755,
513.766,
513.777,
513.788,
513.798,
513.809,
513.820,
513.831,
513.842,
513.853,
513.864,
513.874,
513.885,
513.896,
513.907,
513.918,
513.929,
513.939,
513.950,
513.961,
513.972,
513.983,
513.994,
514.005,
514.015,
514.026,
514.037,
514.048,
514.059,
514.070,
514.080,
514.091,
514.102,
514.113,
514.124,
514.135,
514.146,
514.156,
514.167,
514.178,
514.189,
514.200,
514.211,
514.221,
514.232,
514.243,
514.254,
514.265,
514.276,
514.287,
514.297,
514.308,
514.319,
514.330,
514.341,
514.352,
514.363,
514.373,
514.384,
514.395,
514.406,
514.417,
514.428,
514.438,
514.449,
514.460,
514.471,
514.482,
514.493,
514.504,
514.514,
514.525,
514.536,
514.547,
514.558,
514.569,
514.579,
514.590,
514.601,
514.612,
514.623,
514.634,
514.645,
514.655,
514.666,
514.677,
514.688,
514.699,
514.710,
514.721,
514.731,
514.742,
514.753,
514.764,
514.775,
514.786,
514.796,
514.807,
514.818,
514.829,
514.840,
514.851,
514.862,
514.872,
514.883,
514.894,
514.905,
514.916,
514.927,
514.937,
514.948,
514.959,
514.970,
