Frequency (Hz),Level (dBm)
500.00,-92.46
500.01,-94.89
500.02,-99.06
500.03,-99.67
500.04,-101.46
500.05,-95.71
500.07,-95.86
500.08,-101.56
500.09,-102.35
500.10,-101.44
500.11,-101.25
500.12,-101.82
500.13,-101.06
500.14,-100.60
500.15,-102.63
500.16,-101.33
500.17,-99.48
500.18,-97.75
500.20,-97.91
500.21,-101.77
500.22,-103.93
500.23,-98.23
500.24,-95.63
500.25,-94.09
500.26,-98.96
500.27,-100.96
500.28,-101.16
500.29,-101.17
500.30,-97.84
500.31,-97.70
500.33,-98.98
500.34,-99.68
500.35,-102.83
500.36,-105.05
500.37,-103.75
500.38,-104.12
500.39,-103.31
500.40,-104.54
500.41,-104.74
500.42,-103.41
500.43,-104.85
500.44,-103.26
500.46,-103.33
500.47,-104.80
500.48,-103.14
500.49,-103.04
500.50,-102.95
500.51,-104.51
500.52,-103.89
500.53,-104.00
500.54,-104.16
500.55,-102.84
500.56,-104.21
500.57,-104.11
500.59,-104.11
500.60,-105.80
500.61,-106.00
500.62,-103.38
500.63,-101.65
500.64,-101.77
500.65,-103.54
500.66,-103.72
500.67,-104.45
500.68,-103.47
500.69,-104.28
500.71,-104.70
500.72,-105.08
500.73,-101.40
500.74,-101.37
500.75,-101.67
500.76,-101.49
500.77,-102.53
500.78,-104.17
500.79,-103.31
500.80,-104.31
500.81,-105.47
500.82,-106.13
500.84,-104.90
500.85,-103.75
500.86,-103.99
500.87,-102.79
500.88,-102.68
500.89,-106.87
500.90,-103.67
500.91,-102.23
500.92,-102.22
500.93,-103.03
500.94,-103.42
500.95,-103.94
500.97,-103.79
500.98,-106.68
500.99,-101.68
501.00,-101.49
501.01,-103.46
501.02,-103.65
501.03,-104.06
501.04,-103.16
501.05,-102.22
501.06,-103.09
501.07,-98.65
501.08,-98.71
501.10,-103.83
501.11,-102.42
501.12,-102.39
501.13,-103.81
501.14,-103.25
501.15,-105.17
501.16,-103.30
501.17,-102.90
501.18,-103.94
501.19,-104.00
501.20,-101.67
501.21,-102.61
501.23,-104.05
501.24,-104.94
501.25,-101.32
501.26,-101.19
501.27,-101.98
501.28,-103.41
501.29,-102.36
501.30,-103.95
501.31,-103.62
501.32,-104.27
501.33,-104.61
501.35,-104.60
501.36,-103.74
501.37,-102.45
501.38,-102.53
501.39,-104.18
501.40,-103.44
501.41,-103.28
501.42,-102.36
501.43,-102.96
501.44,-103.49
501.45,-105.18
501.46,-101.23
501.48,-101.16
501.49,-103.83
501.50,-102.69
501.51,-102.71
501.52,-103.77
501.53,-100.83
501.54,-101.50
501.55,-101.58
501.56,-101.63
501.57,-101.65
501.58,-103.88
501.59,-101.00
501.61,-99.47
501.62,-99.82
501.63,-98.56
501.64,-99.35
501.65,-100.88
501.66,-100.51
501.67,-101.74
501.68,-102.34
501.69,-101.25
501.70,-100.48
501.71,-102.04
501.72,-103.41
501.74,-101.91
501.75,-99.64
501.76,-98.95
501.77,-100.59
501.78,-100.24
501.79,-101.38
501.80,-99.33
501.81,-99.28
501.82,-99.45
501.83,-99.49
501.84,-100.04
501.85,-100.24
501.87,-100.26
501.88,-100.71
501.89,-101.40
501.90,-100.58
501.91,-98.55
501.92,-98.59
501.93,-99.42
501.94,-99.56
501.95,-99.17
501.96,-99.11
501.97,-95.20
501.99,-99.26
502.00,-97.45
502.01,-97.47
502.02,-100.01
502.03,-98.59
502.04,-97.83
502.05,-98.07
502.06,-98.87
502.07,-98.63
502.08,-97.24
502.09,-96.00
502.10,-98.18
502.12,-100.37
502.13,-97.96
502.14,-100.44
502.15,-100.24
502.16,-100.21
502.17,-100.33
502.18,-99.62
502.19,-100.39
502.20,-99.14
502.21,-100.55
502.22,-98.55
502.23,-97.72
502.25,-100.42
502.26,-100.49
502.27,-100.66
502.28,-101.49
502.29,-100.85
502.30,-100.40
502.31,-102.50
502.32,-103.83
502.33,-103.11
502.34,-102.73
502.35,-102.72
502.36,-103.50
502.38,-102.34
502.39,-102.94
502.40,-104.57
502.41,-103.06
502.42,-102.04
502.43,-101.28
502.44,-102.15
502.45,-102.23
502.46,-102.25
502.47,-103.65
502.48,-99.22
502.50,-95.88
502.51,-96.39
502.52,-96.18
502.53,-96.96
502.54,-98.51
502.55,-96.99
502.56,-94.63
502.57,-93.14
502.58,-89.22
502.59,-91.22
502.60,-96.19
502.61,-96.27
502.63,-98.16
502.64,-98.81
502.65,-97.39
502.66,-97.83
502.67,-98.24
502.68,-98.40
502.69,-101.46
502.70,-103.04
502.71,-103.83
502.72,-102.94
502.73,-103.26
502.74,-102.29
502.76,-103.82
502.77,-104.15
502.78,-102.62
502.79,-103.27
502.80,-101.72
502.81,-101.53
502.82,-102.35
502.83,-102.49
502.84,-102.54
502.85,-105.10
502.86,-104.25
502.87,-101.55
502.89,-101.12
502.90,-100.39
502.91,-100.52
502.92,-102.01
502.93,-98.57
502.94,-98.22
502.95,-101.21
502.96,-101.22
502.97,-101.10
502.98,-95.43
502.99,-95.13
503.00,-95.81
503.02,-96.91
503.03,-98.70
503.04,-97.73
503.05,-93.55
503.06,-91.25
503.07,-88.56
503.08,-91.93
503.09,-97.27
503.10,-98.34
503.11,-98.23
503.12,-98.36
503.14,-97.52
503.15,-98.49
503.16,-99.41
503.17,-101.70
503.18,-100.48
503.19,-100.89
503.20,-101.39
503.21,-101.76
503.22,-103.16
503.23,-103.30
503.24,-100.48
503.25,-100.42
503.27,-102.83
503.28,-102.04
503.29,-103.31
503.30,-102.87
503.31,-101.88
503.32,-102.02
503.33,-103.23
503.34,-102.76
503.35,-103.25
503.36,-102.92
503.37,-103.32
503.38,-103.01
503.40,-103.54
503.41,-102.84
503.42,-101.41
503.43,-101.15
503.44,-102.23
503.45,-102.98
503.46,-102.80
503.47,-101.08
503.48,-99.83
503.49,-100.37
503.50,-102.20
503.51,-100.43
503.53,-100.67
503.54,-101.38
503.55,-97.55
503.56,-96.84
503.57,-100.65
503.58,-100.71
503.59,-101.56
503.60,-101.72
503.61,-102.26
503.62,-101.45
503.63,-102.23
503.64,-102.18
503.66,-97.88
503.67,-97.93
503.68,-100.13
503.69,-101.77
503.70,-102.37
503.71,-102.49
503.72,-102.27
503.73,-104.73
503.74,-101.90
503.75,-99.87
503.76,-100.37
503.78,-101.67
503.79,-99.16
503.80,-96.68
503.81,-93.93
503.82,-96.42
503.83,-97.35
503.84,-96.72
503.85,-97.69
503.86,-98.62
503.87,-99.46
503.88,-99.46
503.89,-100.90
503.91,-102.14
503.92,-101.37
503.93,-100.10
503.94,-100.29
503.95,-102.83
503.96,-102.41
503.97,-102.12
503.98,-100.68
503.99,-93.38
504.00,-93.44
504.01,-96.93
504.02,-98.98
504.04,-99.06
504.05,-99.26
504.06,-101.10
504.07,-100.51
504.08,-100.02
504.09,-99.52
504.10,-101.75
504.11,-101.35
504.12,-103.25
504.13,-104.40
504.14,-101.67
504.15,-101.36
504.17,-101.59
504.18,-102.00
504.19,-101.22
504.20,-102.40
504.21,-99.50
504.22,-100.57
504.23,-102.87
504.24,-102.23
504.25,-102.18
504.26,-103.32
504.27,-101.08
504.28,-103.21
504.30,-102.77
504.31,-101.95
504.32,-102.00
504.33,-101.97
504.34,-100.91
504.35,-101.83
504.36,-101.77
504.37,-100.92
504.38,-101.65
504.39,-102.30
504.40,-101.57
504.42,-101.67
504.43,-99.73
504.44,-100.44
504.45,-100.81
504.46,-101.41
504.47,-102.24
504.48,-100.94
504.49,-100.86
504.50,-100.97
504.51,-101.72
504.52,-102.77
504.53,-102.18
504.55,-102.33
504.56,-100.55
504.57,-99.45
504.58,-102.25
504.59,-103.07
504.60,-101.53
504.61,-101.89
504.62,-101.15
504.63,-101.79
504.64,-101.56
504.65,-102.04
504.66,-102.70
504.68,-102.80
504.69,-102.20
504.70,-102.21
504.71,-102.02
504.72,-102.17
504.73,-104.34
504.74,-101.49
504.75,-101.90
504.76,-103.06
504.77,-101.66
504.78,-101.65
504.79,-102.11
504.81,-103.22
504.82,-101.46
504.83,-101.83
504.84,-103.58
504.85,-102.72
504.86,-102.21
504.87,-101.68
504.88,-101.50
504.89,-102.85
504.90,-101.99
504.91,-101.34
504.92,-101.05
504.94,-100.84
504.95,-100.40
504.96,-101.96
504.97,-101.21
504.98,-101.07
504.99,-101.82
504.99,-99.89
505.00,-100.45
505.01,-101.01
505.02,-100.76
505.03,-100.29
505.04,-99.29
505.06,-99.70
505.07,-101.40
505.08,-102.66
505.09,-102.87
505.10,-100.65
505.11,-101.12
505.12,-100.70
505.13,-100.70
505.14,-102.58
505.15,-102.35
505.16,-101.06
505.17,-100.89
505.19,-100.91
505.20,-99.88
505.21,-99.60
505.22,-100.58
505.23,-100.48
505.24,-100.77
505.25,-102.04
505.26,-100.68
505.27,-99.22
505.28,-99.82
505.29,-101.13
505.30,-101.39
505.32,-101.43
505.33,-100.02
505.34,-99.80
505.35,-99.84
505.36,-99.32
505.37,-99.45
505.38,-99.95
505.39,-100.19
505.40,-95.89
505.41,-96.05
505.42,-101.13
505.43,-100.83
505.45,-99.51
505.46,-99.00
505.47,-99.67
505.48,-99.92
505.49,-101.00
505.50,-100.59
505.51,-100.64
505.52,-101.14
505.53,-103.16
505.54,-99.59
505.55,-100.04
505.56,-101.93
505.58,-101.69
505.59,-103.11
505.60,-101.56
505.61,-102.89
505.62,-101.43
505.63,-98.97
505.64,-98.96
505.65,-102.91
505.66,-100.66
505.67,-99.27
505.68,-99.39
505.70,-102.25
505.71,-101.69
505.72,-99.82
505.73,-100.01
505.74,-99.19
505.75,-101.08
505.76,-101.25
505.77,-99.69
505.78,-101.38
505.79,-101.12
505.80,-100.49
505.81,-100.31
505.83,-98.76
505.84,-98.33
505.85,-98.82
505.86,-99.45
505.87,-97.95
505.88,-98.76
505.89,-97.91
505.90,-99.15
505.91,-98.68
505.92,-98.28
505.93,-94.14
505.94,-91.95
505.96,-95.15
505.97,-96.74
505.98,-99.43
505.99,-99.00
506.00,-99.29
506.01,-95.73
506.02,-95.26
506.03,-98.21
506.04,-98.00
506.05,-100.77
506.06,-99.37
506.07,-97.12
506.09,-99.43
506.10,-98.94
506.11,-101.09
506.12,-98.40
506.13,-98.28
506.14,-101.01
506.15,-98.73
506.16,-99.59
506.17,-101.29
506.18,-103.31
506.19,-102.36
506.20,-99.05
506.22,-98.45
506.23,-98.77
506.24,-99.08
506.25,-97.22
506.26,-98.97
506.27,-100.34
506.28,-98.76
506.29,-101.16
506.30,-90.11
506.31,-88.37
506.32,-95.52
506.34,-97.67
506.35,-101.97
506.36,-101.60
506.37,-99.86
506.38,-98.62
506.39,-100.90
506.40,-100.64
506.41,-101.73
506.42,-101.27
506.43,-101.44
506.44,-100.81
506.45,-100.97
506.47,-102.54
506.48,-101.24
506.49,-100.28
506.50,-98.50
506.51,-98.51
506.52,-100.59
506.53,-101.42
506.54,-101.46
506.55,-99.74
506.56,-100.02
506.57,-100.73
506.58,-99.49
506.60,-99.30
506.61,-98.98
506.62,-101.15
506.63,-101.40
506.64,-100.37
506.65,-101.19
506.66,-99.69
506.67,-100.24
506.68,-98.12
506.69,-100.37
506.70,-99.82
506.71,-100.42
506.73,-100.79
506.74,-100.32
506.75,-99.63
506.76,-99.12
506.77,-98.94
506.78,-100.03
506.79,-100.25
506.80,-98.97
506.81,-98.70
506.82,-100.05
506.83,-99.79
506.84,-99.66
506.86,-99.70
506.87,-100.40
506.88,-101.62
506.89,-102.50
506.90,-101.37
506.91,-101.40
506.92,-100.33
506.93,-100.35
506.94,-102.33
506.95,-100.90
506.96,-100.92
506.98,-98.95
506.99,-99.80
507.00,-97.07
507.01,-98.27
507.02,-100.05
507.03,-101.98
507.04,-100.77
507.05,-101.45
507.06,-100.25
507.07,-100.74
507.08,-101.62
507.09,-101.31
507.11,-101.50
507.12,-101.73
507.13,-101.01
507.14,-100.12
507.15,-101.99
507.16,-100.45
507.17,-101.25
507.18,-101.64
507.19,-101.65
507.20,-99.49
507.21,-99.44
507.22,-100.35
507.24,-102.41
507.25,-101.35
507.26,-100.66
507.27,-101.04
507.28,-101.66
507.29,-101.47
507.30,-100.21
507.31,-101.10
507.32,-101.61
507.33,-101.46
507.34,-101.90
507.35,-101.79
507.37,-101.76
507.38,-102.28
507.39,-101.80
507.40,-100.90
507.41,-100.48
507.42,-100.10
507.43,-100.10
507.44,-101.29
507.45,-102.02
507.46,-102.11
507.47,-100.73
507.49,-100.14
507.50,-99.76
507.51,-100.62
507.52,-100.28
507.53,-101.75
507.54,-100.34
507.55,-100.95
507.56,-101.39
507.57,-101.33
507.58,-101.66
507.59,-101.61
507.60,-103.18
507.62,-103.48
507.63,-103.12
507.64,-101.98
507.65,-102.36
507.66,-99.36
507.67,-99.52
507.68,-103.02
507.69,-100.98
507.70,-101.94
507.71,-103.88
507.72,-100.46
507.73,-98.21
507.75,-98.47
507.76,-101.63
507.77,-103.22
507.78,-98.47
507.79,-98.86
507.80,-103.32
507.81,-102.71
507.82,-102.33
507.83,-100.55
507.84,-100.47
507.85,-101.06
507.86,-102.00
507.88,-101.87
507.89,-102.43
507.90,-104.03
507.91,-103.20
507.92,-103.29
507.93,-102.16
507.94,-101.83
507.95,-100.33
507.96,-100.56
507.97,-102.60
507.98,-101.92
507.99,-100.99
508.01,-101.81
508.02,-101.97
508.03,-100.11
508.04,-99.97
508.05,-100.18
508.06,-100.22
508.07,-100.88
508.08,-100.95
508.09,-103.44
508.10,-103.79
508.11,-102.38
508.13,-101.36
508.14,-101.99
508.15,-99.99
508.16,-99.99
508.17,-100.56
508.18,-102.58
508.19,-102.14
508.20,-101.73
508.21,-100.29
508.22,-98.54
508.23,-98.25
508.24,-102.22
508.26,-102.75
508.27,-101.82
508.28,-102.23
508.29,-101.84
508.30,-99.82
508.31,-102.27
508.32,-100.65
508.33,-103.87
508.34,-105.90
508.35,-105.97
508.36,-101.69
508.37,-99.71
508.39,-100.60
508.40,-103.30
508.41,-103.83
508.42,-102.98
508.43,-103.45
508.44,-104.48
508.45,-101.93
508.46,-101.79
508.47,-102.52
508.48,-102.68
508.49,-101.88
508.50,-103.33
508.52,-104.30
508.53,-102.38
508.54,-102.79
508.55,-102.37
508.56,-103.31
508.57,-103.95
508.58,-100.24
508.59,-99.54
508.60,-101.19
508.61,-100.64
508.62,-95.63
508.63,-94.72
508.65,-93.78
508.66,-93.78
508.67,-95.05
508.68,-93.63
508.69,-92.29
508.70,-92.40
508.71,-87.08
508.72,-87.67
508.73,-92.57
508.74,-95.23
508.75,-95.48
508.77,-92.51
508.78,-92.56
508.79,-95.32
508.80,-95.42
508.81,-98.78
508.82,-100.38
508.83,-102.23
508.84,-101.14
508.85,-98.47
508.86,-102.52
508.87,-99.85
508.88,-100.68
508.90,-102.60
508.91,-101.41
508.92,-102.07
508.93,-103.32
508.94,-103.41
508.95,-103.74
508.96,-102.94
508.97,-99.25
508.98,-98.97
508.99,-102.65
509.00,-103.31
509.01,-102.06
509.03,-102.58
509.04,-102.45
509.05,-103.29
509.06,-103.42
509.07,-103.72
509.08,-102.42
509.09,-102.24
509.10,-101.97
509.11,-100.87
509.12,-100.98
509.13,-100.44
509.14,-101.20
509.16,-102.76
509.17,-103.42
509.18,-104.50
509.19,-101.06
509.20,-99.69
509.21,-100.94
509.22,-100.98
509.23,-102.14
509.24,-101.42
509.25,-100.94
509.26,-103.96
509.27,-103.26
509.29,-103.29
509.30,-102.50
509.31,-102.47
509.32,-103.39
509.33,-102.18
509.34,-101.75
509.35,-101.00
509.36,-101.46
509.37,-101.25
509.38,-102.95
509.39,-101.00
509.41,-101.11
509.42,-100.58
509.43,-100.41
509.44,-101.88
509.45,-101.03
509.46,-102.48
509.47,-103.62
509.48,-103.13
509.49,-103.15
509.50,-99.67
509.51,-100.40
509.52,-100.63
509.54,-101.21
509.55,-103.27
509.56,-102.13
509.57,-102.85
509.58,-102.66
509.59,-101.79
509.60,-101.04
509.61,-102.52
509.62,-101.91
509.63,-101.50
509.64,-101.59
509.65,-102.47
509.67,-102.47
509.68,-100.48
509.69,-99.01
509.70,-101.73
509.71,-100.82
509.72,-101.66
509.73,-102.80
509.74,-100.71
509.75,-101.50
509.76,-101.68
509.77,-102.01
509.78,-98.72
509.80,-98.91
509.81,-99.72
509.82,-98.72
509.83,-100.26
509.84,-98.98
509.85,-99.25
509.86,-97.82
509.87,-97.81
509.88,-99.92
509.89,-100.83
509.90,-100.58
509.91,-99.20
509.93,-98.28
509.94,-98.54
509.95,-99.23
509.96,-99.48
509.97,-99.85
509.98,-99.84
509.98,-98.06
509.99,-99.12
510.00,-97.04
510.01,-97.73
510.02,-100.22
510.03,-98.73
510.05,-97.97
510.06,-98.61
510.07,-97.68
510.08,-98.00
510.09,-98.11
510.10,-97.90
510.11,-97.96
510.12,-99.95
510.13,-99.97
510.14,-97.31
510.15,-97.45
510.16,-98.66
510.18,-99.03
510.19,-101.12
510.20,-101.91
510.21,-101.00
510.22,-100.75
510.23,-99.78
510.24,-99.64
510.25,-101.07
510.26,-100.25
510.27,-99.99
510.28,-100.98
510.29,-101.85
510.31,-100.32
510.32,-102.55
510.33,-100.76
510.34,-101.96
510.35,-101.03
510.36,-101.12
510.37,-101.14
510.38,-102.14
510.39,-101.95
510.40,-101.56
510.41,-102.36
510.42,-99.83
510.44,-99.45
510.45,-103.39
510.46,-103.48
510.47,-103.45
510.48,-103.36
510.49,-102.66
510.50,-103.54
510.51,-100.05
510.52,-100.16
510.53,-101.90
510.54,-101.80
510.55,-103.49
510.57,-100.99
510.58,-100.98
510.59,-105.18
510.60,-104.15
510.61,-100.68
510.62,-100.73
510.63,-102.06
510.64,-102.45
510.65,-103.25
510.66,-103.43
510.67,-103.56
510.69,-102.26
510.70,-102.53
510.71,-103.77
510.72,-101.94
510.73,-102.27
510.74,-102.08
510.75,-101.47
510.76,-101.37
510.77,-103.10
510.78,-102.94
510.79,-102.89
510.80,-101.95
510.82,-101.21
510.83,-101.56
510.84,-100.51
510.85,-101.42
510.86,-103.75
510.87,-102.93
510.88,-102.77
510.89,-105.35
510.90,-103.82
510.91,-104.31
510.92,-104.92
510.93,-101.32
510.95,-101.38
510.96,-102.68
510.97,-103.53
510.98,-103.01
510.99,-103.58
511.00,-100.56
511.01,-101.25
511.02,-104.95
511.03,-104.04
511.04,-102.46
511.05,-104.49
511.06,-104.95
511.08,-102.64
511.09,-103.16
511.10,-102.72
511.11,-102.71
511.12,-104.50
511.13,-104.47
511.14,-101.92
511.15,-102.80
511.16,-105.07
511.17,-102.74
511.18,-102.60
511.19,-104.08
511.21,-102.88
511.22,-102.42
511.23,-103.22
511.24,-101.69
511.25,-101.82
511.26,-105.44
511.27,-101.23
511.28,-101.63
511.29,-105.12
511.30,-103.88
511.31,-103.63
511.33,-104.17
511.34,-104.47
511.35,-104.18
511.36,-102.73
511.37,-101.48
511.38,-102.92
511.39,-103.23
511.40,-103.21
511.41,-102.25
511.42,-102.77
511.43,-103.64
511.44,-101.34
511.46,-99.84
511.47,-98.71
511.48,-98.07
511.49,-100.06
511.50,-99.38
511.51,-98.51
511.52,-98.84
511.53,-92.51
511.54,-92.67
511.55,-98.37
511.56,-96.72
511.57,-97.00
511.59,-100.55
511.60,-99.19
511.61,-100.31
511.62,-101.73
511.63,-101.70
511.64,-103.37
511.65,-103.73
511.66,-103.71
511.67,-103.60
511.68,-103.96
511.69,-103.66
511.70,-102.39
511.72,-102.24
511.73,-102.32
511.74,-102.99
511.75,-103.82
511.76,-103.96
511.77,-105.26
511.78,-104.77
511.79,-102.35
511.80,-102.13
511.81,-104.56
511.82,-103.54
511.83,-103.11
511.85,-102.88
511.86,-103.17
511.87,-103.16
511.88,-102.50
511.89,-104.21
511.90,-104.60
511.91,-105.04
511.92,-102.74
511.93,-103.44
511.94,-103.25
511.95,-105.03
511.97,-104.43
511.98,-102.36
511.99,-103.41
512.00,-104.59
512.01,-101.59
512.02,-103.77
512.03,-104.70
512.04,-103.52
512.05,-103.96
512.06,-102.05
512.07,-103.28
512.08,-100.78
512.10,-100.96
512.11,-104.71
512.12,-101.93
512.13,-102.02
512.14,-103.20
512.15,-102.88
512.16,-102.79
512.17,-104.11
512.18,-101.66
512.19,-101.77
512.20,-104.24
512.21,-102.63
512.23,-103.26
512.24,-101.88
512.25,-101.77
512.26,-102.09
512.27,-102.69
512.28,-103.87
512.29,-105.53
512.30,-100.82
512.31,-100.31
512.32,-103.28
512.33,-105.02
512.34,-106.62
512.36,-104.74
512.37,-105.44
512.38,-104.84
512.39,-104.31
512.40,-104.51
512.41,-103.05
512.42,-102.28
512.43,-102.73
512.44,-103.67
512.45,-103.31
512.46,-103.31
512.48,-104.95
512.49,-103.68
512.50,-103.98
512.51,-101.99
512.52,-103.11
512.53,-104.89
512.54,-104.90
512.55,-105.49
512.56,-103.95
512.57,-104.70
512.58,-104.72
512.59,-103.07
512.61,-102.78
512.62,-105.42
512.63,-104.01
512.64,-102.83
512.65,-103.13
512.66,-104.63
512.67,-105.24
512.68,-105.74
512.69,-105.24
512.70,-104.35
512.71,-104.50
512.72,-104.96
512.74,-105.26
512.75,-105.02
512.76,-103.04
512.77,-102.81
512.78,-104.99
512.79,-103.95
512.80,-103.28
512.81,-102.40
512.82,-101.37
512.83,-101.07
512.84,-102.93
512.85,-102.99
512.87,-102.19
512.88,-103.74
512.89,-103.63
512.90,-101.77
512.91,-102.34
512.92,-105.57
512.93,-105.42
512.94,-106.09
512.95,-105.01
512.96,-104.32
512.97,-102.96
512.98,-102.74
513.00,-103.25
513.01,-105.13
513.02,-106.76
513.03,-105.32
513.04,-104.51
513.05,-104.93
513.06,-102.52
513.07,-102.53
513.08,-104.44
513.09,-106.24
513.10,-105.41
513.12,-104.21
513.13,-101.91
513.14,-104.83
513.15,-104.52
513.16,-105.42
513.17,-104.31
513.18,-104.16
513.19,-97.78
513.20,-97.00
513.21,-100.88
513.22,-105.29
513.23,-103.65
513.25,-105.19
513.26,-96.71
513.27,-87.44
513.28,-87.41
513.29,-92.38
513.30,-92.83
513.31,-97.09
513.32,-97.51
513.33,-97.68
513.34,-97.93
513.35,-96.30
513.36,-96.28
513.38,-98.10
513.39,-101.46
513.40,-101.25
513.41,-102.93
513.42,-102.51
513.43,-99.20
513.44,-99.13
513.45,-101.21
513.46,-100.76
513.47,-100.92
513.48,-101.31
513.49,-102.10
513.51,-102.09
513.52,-103.63
513.53,-101.06
513.54,-100.66
513.55,-101.64
513.56,-101.83
513.57,-100.37
513.58,-104.52
513.59,-104.12
513.60,-101.33
513.61,-101.16
513.62,-101.33
513.64,-101.14
513.65,-104.08
513.66,-102.38
513.67,-102.05
513.68,-102.26
513.69,-104.68
513.70,-102.48
513.71,-100.32
513.72,-102.15
513.73,-101.20
513.74,-100.42
513.76,-101.99
513.77,-102.34
513.78,-99.52
513.79,-100.96
513.80,-99.87
513.81,-99.87
513.82,-101.23
513.83,-101.71
513.84,-101.18
513.85,-100.95
513.86,-99.69
513.87,-97.63
513.89,-100.53
513.90,-100.97
513.91,-101.51
513.92,-99.97
513.93,-99.68
513.94,-101.63
513.95,-100.58
513.96,-100.19
513.97,-99.68
513.98,-99.15
513.99,-101.31
514.00,-99.95
514.02,-99.98
514.03,-101.76
514.04,-101.81
514.05,-100.19
514.06,-100.07
514.07,-101.51
514.08,-101.84
514.09,-101.41
514.10,-101.70
514.11,-99.59
514.12,-99.43
514.13,-102.53
514.15,-101.78
514.16,-102.70
514.17,-100.32
514.18,-102.01
514.19,-102.16
514.20,-103.13
514.21,-105.38
514.22,-103.10
514.23,-102.03
514.24,-99.85
514.25,-102.10
514.26,-99.34
514.28,-98.57
514.29,-96.94
514.30,-96.73
514.31,-97.62
514.32,-98.71
514.33,-96.98
514.34,-93.79
514.35,-90.69
514.36,-90.50
514.37,-96.07
514.38,-96.59
514.40,-96.79
514.41,-99.53
514.42,-97.27
514.43,-97.32
514.44,-97.41
514.45,-99.63
514.46,-100.86
514.47,-101.44
514.48,-102.34
514.49,-103.68
514.50,-101.94
514.51,-102.12
514.53,-102.69
514.54,-102.60
514.55,-103.09
514.56,-103.88
514.57,-104.94
514.58,-104.99
514.59,-104.69
514.60,-104.77
514.61,-104.24
514.62,-104.04
514.63,-104.38
514.64,-104.79
514.66,-104.86
514.67,-105.11
514.68,-103.80
514.69,-103.94
514.70,-105.33
514.71,-104.52
514.72,-105.61
514.73,-106.56
514.74,-106.84
514.75,-107.33
514.76,-105.55
514.77,-106.27
514.79,-105.20
514.80,-104.83
514.81,-105.84
514.82,-104.50
514.83,-103.47
514.84,-101.48
514.85,-101.27
514.86,-104.25
514.87,-105.53
514.88,-106.57
514.89,-105.21
514.90,-105.34
514.92,-106.63
514.93,-104.72
514.94,-103.63
514.95,-105.78
514.96,-105.49
514.97,-101.61
514.97,-104.11
514.98,-104.41
514.99,-102.43
515.00,-101.94
515.01,-104.90
515.02,-106.38
515.04,-105.99
515.05,-101.46
515.06,-101.39
515.07,-104.97
515.08,-103.26
515.09,-103.30
515.10,-104.25
515.11,-105.67
515.12,-103.44
515.13,-103.62
515.14,-103.27
515.15,-102.35
515.17,-102.53
515.18,-105.34
515.19,-104.80
515.20,-105.13
515.21,-106.45
515.22,-104.09
515.23,-103.64
515.24,-103.45
515.25,-103.88
515.26,-102.88
515.27,-102.87
515.28,-105.32
515.30,-105.29
515.31,-105.32
515.32,-105.74
515.33,-104.03
515.34,-103.80
515.35,-104.38
515.36,-104.66
515.37,-105.08
515.38,-105.73
515.39,-104.40
515.40,-104.16
515.41,-103.84
515.43,-104.17
515.44,-106.63
515.45,-105.97
515.46,-104.38
515.47,-104.10
515.48,-106.53
515.49,-102.64
515.50,-103.74
515.51,-104.14
515.52,-105.31
515.53,-104.57
515.54,-104.23
515.56,-105.13
515.57,-105.32
515.58,-104.81
515.59,-103.79
515.60,-104.52
515.61,-105.21
515.62,-104.08
515.63,-103.48
515.64,-106.29
515.65,-106.41
515.66,-104.45
515.68,-104.33
515.69,-103.70
515.70,-100.62
515.71,-101.01
515.72,-102.16
515.73,-101.59
515.74,-102.62
515.75,-105.76
515.76,-104.80
515.77,-104.12
515.78,-104.80
515.79,-103.26
515.81,-101.97
515.82,-101.85
515.83,-103.07
515.84,-103.31
515.85,-104.13
515.86,-101.59
515.87,-101.86
515.88,-101.81
515.89,-101.93
515.90,-102.71
515.91,-103.33
515.92,-101.96
515.94,-101.68
515.95,-102.56
515.96,-101.22
515.97,-100.20
515.98,-103.64
515.99,-99.13
516.00,-97.75
516.01,-101.58
516.02,-101.46
516.03,-102.50
516.04,-104.26
516.05,-100.31
516.07,-96.18
516.08,-95.64
516.09,-94.33
516.10,-92.95
516.11,-92.07
516.12,-94.43
516.13,-95.37
516.14,-98.29
516.15,-98.41
516.16,-100.57
516.17,-101.63
516.18,-103.41
516.20,-102.93
516.21,-102.76
516.22,-101.83
516.23,-102.86
516.24,-102.95
516.25,-106.08
516.26,-103.16
516.27,-101.90
516.28,-101.62
516.29,-103.25
516.30,-102.50
516.32,-104.25
516.33,-104.17
516.34,-101.24
516.35,-101.59
516.36,-105.74
516.37,-101.84
516.38,-102.76
516.39,-104.36
516.40,-101.22
516.41,-102.80
516.42,-103.56
516.43,-103.19
516.45,-103.34
516.46,-107.02
516.47,-103.24
516.48,-103.77
516.49,-104.78
516.50,-104.84
516.51,-104.31
516.52,-103.77
516.53,-104.65
516.54,-103.33
516.55,-103.93
516.56,-103.93
516.58,-102.48
516.59,-104.14
516.60,-103.80
516.61,-104.07
516.62,-105.70
516.63,-104.62
516.64,-104.02
516.65,-103.13
516.66,-103.29
516.67,-103.38
516.68,-102.08
516.69,-105.88
516.71,-104.45
516.72,-104.27
516.73,-105.31
516.74,-102.31
516.75,-101.76
516.76,-104.22
516.77,-104.04
516.78,-103.79
516.79,-104.95
516.80,-103.42
516.81,-103.36
516.82,-103.23
516.84,-101.21
516.85,-100.07
516.86,-103.35
516.87,-104.12
516.88,-102.65
516.89,-104.86
516.90,-101.82
516.91,-100.70
516.92,-101.80
516.93,-105.80
516.94,-102.33
516.96,-102.01
516.97,-104.37
516.98,-100.83
516.99,-101.88
517.00,-103.83
517.01,-101.25
517.02,-101.85
517.03,-104.95
517.04,-101.74
517.05,-101.63
517.06,-104.23
517.07,-103.56
517.09,-103.15
517.10,-104.65
517.11,-103.61
517.12,-102.70
517.13,-103.54
517.14,-103.73
517.15,-103.85
517.16,-104.04
517.17,-101.31
517.18,-98.41
517.19,-101.36
517.20,-105.98
517.22,-103.04
517.23,-105.37
517.24,-104.68
517.25,-101.71
517.26,-101.78
517.27,-104.58
517.28,-102.47
517.29,-103.01
517.30,-101.68
517.31,-98.70
517.32,-98.60
517.33,-102.43
517.35,-99.11
517.36,-98.58
517.37,-103.98
517.38,-100.72
517.39,-100.10
517.40,-103.87
517.41,-99.78
517.42,-99.37
517.43,-104.50
517.44,-101.33
517.45,-98.43
517.47,-102.83
517.48,-102.40
517.49,-98.48
517.50,-100.23
517.51,-101.22
517.52,-98.13
517.53,-98.22
517.54,-100.05
517.55,-100.13
517.56,-99.97
517.57,-102.11
517.58,-102.06
517.60,-103.20
517.61,-103.85
517.62,-104.31
517.63,-104.06
517.64,-104.10
517.65,-102.27
517.66,-102.05
517.67,-103.07
517.68,-101.46
517.69,-99.95
517.70,-102.63
517.71,-101.44
517.73,-100.47
517.74,-102.87
517.75,-102.52
517.76,-100.50
517.77,-101.88
517.78,-101.85
517.79,-99.67
517.80,-101.88
517.81,-102.96
517.82,-100.83
517.83,-102.59
517.84,-102.59
517.86,-100.22
517.87,-100.11
517.88,-101.63
517.89,-101.61
517.90,-103.44
517.91,-103.65
517.92,-100.04
517.93,-101.44
517.94,-103.42
517.95,-101.21
517.96,-100.89
517.97,-100.93
517.99,-100.73
518.00,-100.17
518.01,-101.00
518.02,-99.83
518.03,-99.75
518.04,-102.20
518.05,-101.40
518.06,-101.07
518.07,-103.64
518.08,-103.20
518.09,-101.14
518.11,-101.03
518.12,-100.45
518.13,-100.04
518.14,-100.44
518.15,-100.60
518.16,-99.54
518.17,-99.52
518.18,-103.34
518.19,-97.66
518.20,-99.41
518.21,-101.83
518.22,-100.28
518.24,-100.26
518.25,-103.27
518.26,-98.40
518.27,-98.11
518.28,-103.93
518.29,-99.23
518.30,-98.40
518.31,-101.34
518.32,-99.37
518.33,-98.34
518.34,-101.36
518.35,-100.16
518.37,-97.70
518.38,-102.20
518.39,-99.28
518.40,-96.75
518.41,-100.85
518.42,-99.04
518.43,-95.08
518.44,-97.04
518.45,-99.53
518.46,-94.37
518.47,-95.31
518.48,-101.16
518.50,-92.28
518.51,-93.05
518.52,-102.95
518.53,-94.35
518.54,-94.40
518.55,-99.58
518.56,-94.40
518.57,-94.07
518.58,-102.39
518.59,-95.73
518.60,-94.56
518.61,-99.67
518.63,-97.47
518.64,-96.87
518.65,-102.04
518.66,-98.04
518.67,-95.63
518.68,-101.39
518.69,-98.57
518.70,-95.97
518.71,-100.51
518.72,-99.14
518.73,-96.45
518.75,-99.14
518.76,-98.93
518.77,-94.20
518.78,-96.47
518.79,-100.79
518.80,-95.93
518.81,-96.90
518.82,-101.11
518.83,-97.42
518.84,-97.80
518.85,-105.23
518.86,-97.58
518.88,-97.14
518.89,-102.43
518.90,-97.34
518.91,-97.27
518.92,-101.63
518.93,-97.07
518.94,-99.19
518.95,-103.92
518.96,-101.39
518.97,-100.59
518.98,-102.94
518.99,-100.35
519.01,-98.84
519.02,-100.66
519.03,-99.08
519.04,-95.50
519.05,-97.35
519.06,-97.86
519.07,-93.99
519.08,-95.21
519.09,-100.84
519.10,-93.92
519.11,-94.36
519.12,-101.64
519.14,-94.77
519.15,-95.32
519.16,-100.46
519.17,-94.22
519.18,-94.48
519.19,-100.48
519.20,-100.12
519.21,-100.22
519.22,-101.93
519.23,-102.58
519.24,-102.50
519.25,-103.57
519.27,-99.20
519.28,-99.13
519.29,-100.07
519.30,-98.38
519.31,-95.90
519.32,-98.46
519.33,-97.33
519.34,-94.74
519.35,-96.43
519.36,-99.44
519.37,-93.75
519.39,-95.00
519.40,-98.71
519.41,-93.56
519.42,-93.70
519.43,-98.61
519.44,-92.73
519.45,-93.54
519.46,-99.94
519.47,-91.02
519.48,-90.92
519.49,-98.23
519.50,-88.56
519.52,-88.31
519.53,-95.16
519.54,-86.36
519.55,-85.42
519.56,-93.85
519.57,-85.24
519.58,-83.28
519.59,-89.07
519.60,-84.51
519.61,-81.25
519.62,-85.85
519.63,-85.82
519.65,-80.20
519.66,-82.88
519.67,-87.64
519.68,-79.55
519.69,-80.75
519.70,-79.05
519.71,-69.48
519.72,-70.41
519.73,-90.90
519.74,-80.74
519.75,-80.85
519.76,-95.87
519.78,-82.02
519.79,-81.87
519.80,-93.63
519.81,-83.81
519.82,-83.60
519.83,-94.71
519.84,-87.91
519.85,-86.98
519.86,-96.02
519.87,-92.06
519.88,-90.05
519.89,-95.48
519.91,-98.29
519.92,-96.40
519.93,-95.52
519.94,-94.00
519.95,-94.86
519.96,-95.22
519.96,-95.22
519.97,-93.40
519.98,-89.20
519.99,-89.19
520.00,-89.20
520.01,-87.94
520.03,-88.69
520.04,-94.08
520.05,-87.48
520.06,-87.54
520.07,-95.73
520.08,-88.08
520.09,-87.90
520.10,-95.67
520.11,-88.13
520.12,-87.79
520.13,-96.43
520.14,-90.09
520.16,-88.59
520.17,-96.49
520.18,-91.34
520.19,-89.49
520.20,-94.53
520.21,-96.04
520.22,-92.15
520.23,-94.44
520.24,-98.57
520.25,-93.19
520.26,-94.73
520.27,-97.71
520.29,-95.07
520.30,-96.49
520.31,-100.16
520.32,-93.57
520.33,-94.15
520.34,-102.96
520.35,-92.70
520.36,-92.95
520.37,-101.24
520.38,-92.58
520.39,-92.57
520.40,-101.33
520.42,-91.97
520.43,-91.17
520.44,-97.80
520.45,-94.93
520.46,-93.19
520.47,-99.64
520.48,-97.47
520.49,-94.55
520.50,-101.28
520.51,-100.99
520.52,-98.20
520.53,-101.42
520.55,-104.28
520.56,-99.23
520.57,-100.92
520.58,-106.44
520.59,-101.65
520.60,-101.86
520.61,-105.78
520.62,-101.42
520.63,-101.76
520.64,-104.63
520.65,-98.14
520.67,-98.41
520.68,-105.71
520.69,-98.65
520.70,-98.47
520.71,-105.01
520.72,-101.12
520.73,-101.02
520.74,-105.85
520.75,-103.36
520.76,-102.01
520.77,-103.77
520.78,-105.22
520.80,-103.18
520.81,-103.80
520.82,-100.81
520.83,-99.63
520.84,-104.78
520.85,-102.62
520.86,-98.38
520.87,-101.73
520.88,-102.33
520.89,-98.30
520.90,-99.76
520.91,-103.07
520.93,-97.01
520.94,-97.17
520.95,-105.77
520.96,-99.23
520.97,-99.30
520.98,-104.80
520.99,-102.16
521.00,-101.89
521.01,-106.68
521.02,-102.76
521.03,-102.65
521.04,-106.23
521.06,-104.25
521.07,-104.30
521.08,-107.05
521.09,-103.05
521.10,-100.97
521.11,-103.22
521.12,-102.73
521.13,-100.92
521.14,-104.55
521.15,-101.19
521.16,-98.39
521.17,-101.85
521.19,-102.08
521.20,-100.85
521.21,-101.90
521.22,-104.19
521.23,-101.61
521.24,-101.98
521.25,-103.78
521.26,-98.69
521.27,-99.44
521.28,-106.25
521.29,-103.05
521.31,-103.50
521.32,-102.38
521.33,-102.42
521.34,-104.31
521.35,-104.53
521.36,-103.47
521.37,-104.59
521.38,-102.78
521.39,-102.27
521.40,-103.13
521.41,-104.17
521.42,-104.10
521.44,-103.87
521.45,-105.41
521.46,-103.92
521.47,-102.10
521.48,-102.64
521.49,-103.56
521.50,-100.60
521.51,-101.74
521.52,-104.23
521.53,-102.39
521.54,-102.96
521.55,-103.44
521.57,-100.93
521.58,-102.75
521.59,-102.54
521.60,-101.86
521.61,-101.80
521.62,-103.21
521.63,-101.05
521.64,-101.05
521.65,-105.49
521.66,-103.83
521.67,-102.02
521.68,-104.25
521.70,-103.23
521.71,-100.91
521.72,-102.85
521.73,-101.75
521.74,-101.33
521.75,-100.77
521.76,-100.64
521.77,-101.05
521.78,-101.67
521.79,-102.19
521.80,-100.65
521.81,-100.71
521.83,-102.22
521.84,-99.33
521.85,-99.15
521.86,-100.30
521.87,-99.23
521.88,-99.12
521.89,-101.77
521.90,-100.09
521.91,-99.44
521.92,-102.06
521.93,-96.86
521.95,-97.15
521.96,-101.59
521.97,-97.76
521.98,-97.12
521.99,-99.84
522.00,-99.45
522.01,-98.11
522.02,-100.88
522.03,-101.40
522.04,-99.56
522.05,-101.99
522.06,-102.21
522.08,-100.46
522.09,-102.47
522.10,-102.57
522.11,-102.20
522.12,-102.45
522.13,-102.08
522.14,-102.66
522.15,-103.15
522.16,-103.06
522.17,-100.75
522.18,-100.64
522.19,-100.97
522.21,-100.71
522.22,-102.33
522.23,-101.02
522.24,-100.84
522.25,-100.54
522.26,-101.53
522.27,-102.32
522.28,-101.65
522.29,-99.60
522.30,-101.02
522.31,-102.54
522.32,-102.25
522.34,-101.06
522.35,-101.04
522.36,-103.72
522.37,-102.98
522.38,-103.17
522.39,-102.28
522.40,-102.31
522.41,-102.45
522.42,-101.31
522.43,-101.96
522.44,-104.17
522.46,-102.51
522.47,-102.43
522.48,-101.04
522.49,-101.39
522.50,-102.32
522.51,-101.63
522.52,-102.62
522.53,-102.70
522.54,-101.84
522.55,-100.51
522.56,-99.15
522.57,-102.11
522.59,-102.23
522.60,-103.32
522.61,-99.65
522.62,-99.68
522.63,-102.18
522.64,-103.61
522.65,-103.00
522.66,-102.99
522.67,-102.74
522.68,-100.63
522.69,-100.61
522.70,-103.15
522.72,-102.62
522.73,-101.71
522.74,-103.85
522.75,-101.04
522.76,-99.66
522.77,-100.33
522.78,-97.59
522.79,-97.04
522.80,-97.13
522.81,-96.99
522.82,-94.35
522.83,-95.73
522.85,-100.65
522.86,-99.72
522.87,-101.65
522.88,-101.59
522.89,-99.65
522.90,-99.16
522.91,-101.58
522.92,-100.79
522.93,-101.12
522.94,-101.32
522.95,-103.78
522.96,-104.03
522.98,-105.85
522.99,-101.43
523.00,-103.30
523.01,-103.59
523.02,-103.70
523.03,-105.99
523.04,-103.20
523.05,-103.19
523.06,-104.64
523.07,-104.87
523.08,-105.03
523.10,-104.30
523.11,-105.16
523.12,-105.66
523.13,-103.95
523.14,-104.20
523.15,-102.75
523.16,-104.47
523.17,-103.75
523.18,-104.20
523.19,-105.31
523.20,-105.15
523.21,-104.73
523.23,-105.12
523.24,-105.29
523.25,-105.66
523.26,-104.86
523.27,-102.06
523.28,-102.13
523.29,-101.65
523.30,-102.83
523.31,-104.70
523.32,-102.05
523.33,-102.09
523.34,-104.40
523.36,-103.01
523.37,-102.59
523.38,-103.67
523.39,-103.31
523.40,-104.53
523.41,-103.26
523.42,-102.24
523.43,-102.21
523.44,-105.88
523.45,-100.66
523.46,-99.98
523.47,-104.22
523.49,-100.79
523.50,-100.33
523.51,-102.33
523.52,-104.24
523.53,-100.57
523.54,-101.31
523.55,-103.27
523.56,-101.76
523.57,-101.87
523.58,-102.47
523.59,-102.87
523.60,-103.48
523.62,-102.38
523.63,-100.93
523.64,-102.35
523.65,-104.19
523.66,-102.38
523.67,-102.37
523.68,-104.85
523.69,-104.47
523.70,-104.61
523.71,-104.99
523.72,-102.56
523.74,-102.41
523.75,-104.76
523.76,-103.17
523.77,-102.42
523.78,-104.03
523.79,-104.08
523.80,-101.58
523.81,-103.36
523.82,-103.67
523.83,-104.28
523.84,-104.71
523.85,-102.95
523.87,-103.01
523.88,-104.44
523.89,-105.69
523.90,-105.43
523.91,-106.24
523.92,-104.03
523.93,-102.53
523.94,-101.85
523.95,-103.57
523.96,-104.14
523.97,-103.89
523.98,-105.53
524.00,-102.44
524.01,-102.17
524.02,-106.18
524.03,-105.34
524.04,-105.10
524.05,-105.92
524.06,-105.19
524.07,-105.24
524.08,-106.61
524.09,-106.59
524.10,-105.74
524.11,-105.88
524.13,-105.48
524.14,-105.73
524.15,-104.62
524.16,-104.35
524.17,-102.93
524.18,-102.07
524.19,-101.85
524.20,-103.22
524.21,-104.65
524.22,-106.39
524.23,-102.74
524.24,-103.01
524.26,-103.99
524.27,-105.06
524.28,-106.48
524.29,-106.26
524.30,-103.29
524.31,-102.96
524.32,-104.91
524.33,-104.98
524.34,-106.33
524.35,-107.38
524.36,-107.59
524.38,-104.02
524.39,-104.10
524.40,-106.12
524.41,-105.77
524.42,-106.15
524.43,-107.29
524.44,-105.66
524.45,-105.64
524.46,-106.64
524.47,-106.32
524.48,-105.42
524.49,-105.30
524.51,-103.11
524.52,-103.27
524.53,-106.19
524.54,-105.58
524.55,-104.86
524.56,-104.82
524.57,-106.32
524.58,-105.12
524.59,-106.57
524.60,-104.43
524.61,-104.67
524.62,-105.73
524.64,-104.20
524.65,-104.09
524.66,-104.43
524.67,-103.77
524.68,-105.48
524.69,-105.38
524.70,-105.22
524.71,-105.26
524.72,-105.16
524.73,-106.85
524.74,-104.19
524.75,-103.89
524.77,-105.32
524.78,-106.88
524.79,-107.20
524.80,-105.06
524.81,-105.40
524.82,-107.17
524.83,-108.03
524.84,-107.26
524.85,-105.60
524.86,-105.62
524.87,-105.31
524.88,-106.37
524.90,-104.19
524.91,-104.66
524.92,-103.28
524.93,-104.29
524.94,-105.85
524.95,-105.27
524.95,-103.39
524.96,-106.17
524.97,-105.37
524.98,-106.99
524.99,-100.64
525.00,-100.06
525.02,-104.89
525.03,-103.24
525.04,-105.51
525.05,-105.98
525.06,-105.76
525.07,-102.76
525.08,-102.67
525.09,-103.09
525.10,-104.06
525.11,-104.14
525.12,-106.00
525.13,-105.41
525.15,-104.13
525.16,-102.82
525.17,-102.90
525.18,-103.04
525.19,-103.81
525.20,-104.03
525.21,-102.58
525.22,-103.47
525.23,-103.38
525.24,-103.71
525.25,-105.12
525.26,-105.83
525.28,-105.24
525.29,-104.87
525.30,-104.43
525.31,-104.11
525.32,-105.47
525.33,-105.04
525.34,-103.44
525.35,-103.32
525.36,-106.21
525.37,-104.15
525.38,-104.18
525.39,-106.42
525.41,-105.93
525.42,-105.15
525.43,-106.48
525.44,-105.67
525.45,-106.53
525.46,-104.51
525.47,-104.67
525.48,-103.81
525.49,-104.43
525.50,-104.83
525.51,-104.35
525.52,-104.27
525.54,-106.02
525.55,-104.07
525.56,-99.25
525.57,-96.86
525.58,-96.08
525.59,-96.57
525.60,-97.03
525.61,-99.66
525.62,-95.23
525.63,-92.04
525.64,-90.13
525.66,-90.28
525.67,-95.42
525.68,-94.92
525.69,-94.72
525.70,-96.83
525.71,-96.66
525.72,-97.39
525.73,-98.49
525.74,-99.78
525.75,-99.89
525.76,-101.69
525.77,-102.75
525.79,-102.78
525.80,-104.06
525.81,-103.28
525.82,-102.16
525.83,-102.41
525.84,-105.41
525.85,-105.13
525.86,-102.94
525.87,-104.49
525.88,-104.46
525.89,-104.05
525.90,-104.22
525.92,-102.55
525.93,-102.62
525.94,-100.04
525.95,-99.99
525.96,-104.03
525.97,-103.91
525.98,-103.71
525.99,-104.07
526.00,-103.95
526.01,-103.66
526.02,-104.15
526.03,-104.21
526.05,-104.86
526.06,-104.33
526.07,-102.07
526.08,-102.60
526.09,-103.33
526.10,-103.22
526.11,-102.60
526.12,-100.59
526.13,-98.18
526.14,-100.00
526.15,-102.33
526.16,-102.15
526.18,-103.58
526.19,-102.50
526.20,-104.08
526.21,-103.69
526.22,-103.06
526.23,-102.89
526.24,-106.82
526.25,-103.56
526.26,-103.06
526.27,-103.03
526.28,-103.06
526.30,-105.57
526.31,-104.38
526.32,-104.35
526.33,-106.01
526.34,-103.89
526.35,-103.62
526.36,-106.41
526.37,-106.43
526.38,-105.67
526.39,-105.15
526.40,-105.54
526.41,-106.82
526.43,-105.30
526.44,-106.25
526.45,-106.59
526.46,-104.85
526.47,-107.15
526.48,-106.39
526.49,-105.10
526.50,-104.30
526.51,-106.93
526.52,-103.88
526.53,-103.83
526.54,-105.56
526.56,-106.25
526.57,-106.00
526.58,-106.76
526.59,-106.21
526.60,-106.22
526.61,-104.70
526.62,-104.64
526.63,-107.03
526.64,-106.95
526.65,-103.57
526.66,-104.16
526.67,-103.11
526.69,-105.80
526.70,-105.97
526.71,-105.97
526.72,-104.72
526.73,-106.43
526.74,-105.54
526.75,-105.63
526.76,-105.71
526.77,-106.37
526.78,-103.65
526.79,-104.96
526.80,-108.10
526.82,-105.42
526.83,-104.70
526.84,-102.69
526.85,-103.13
526.86,-103.28
526.87,-106.30
526.88,-104.71
526.89,-104.64
526.90,-105.03
526.91,-105.86
526.92,-106.02
526.94,-103.76
526.95,-106.07
526.96,-105.47
526.97,-104.00
526.98,-104.47
526.99,-106.23
527.00,-105.96
527.01,-105.79
527.02,-104.10
527.03,-103.37
527.04,-103.37
527.05,-105.16
527.07,-103.65
527.08,-103.43
527.09,-104.98
527.10,-101.62
527.11,-100.89
527.12,-103.24
527.13,-104.54
527.14,-103.48
527.15,-102.63
527.16,-104.31
527.17,-105.31
527.18,-102.88
527.20,-102.63
527.21,-105.64
527.22,-105.51
527.23,-103.28
527.24,-103.44
527.25,-102.81
527.26,-103.46
527.27,-104.08
527.28,-104.29
527.29,-104.96
527.30,-104.90
527.31,-105.93
527.33,-103.09
527.34,-102.09
527.35,-102.74
527.36,-105.63
527.37,-106.22
527.38,-106.01
527.39,-104.40
527.40,-103.72
527.41,-103.80
527.42,-104.78
527.43,-106.34
527.45,-104.68
527.46,-106.13
527.47,-105.67
527.48,-105.28
527.49,-102.95
527.50,-100.19
527.51,-102.81
527.52,-105.13
527.53,-104.88
527.54,-106.62
527.55,-103.20
527.56,-103.22
527.58,-106.05
527.59,-104.28
527.60,-103.97
527.61,-103.04
527.62,-102.99
527.63,-102.69
527.64,-102.42
527.65,-103.38
527.66,-103.70
527.67,-104.13
527.68,-102.97
527.69,-104.55
527.71,-100.45
527.72,-100.57
527.73,-103.25
527.74,-102.74
527.75,-105.91
527.76,-100.24
527.77,-100.18
527.78,-99.18
527.79,-102.14
527.80,-103.63
527.81,-102.86
527.82,-101.93
527.84,-102.87
527.85,-98.88
527.86,-95.59
527.87,-97.22
527.88,-101.24
527.89,-101.48
527.90,-99.02
527.91,-96.09
527.92,-86.15
527.93,-84.39
527.94,-90.28
527.95,-93.18
527.97,-91.84
527.98,-93.46
527.99,-93.30
528.00,-87.42
528.01,-87.12
528.02,-94.02
528.03,-101.62
528.04,-103.46
528.05,-102.29
528.06,-101.12
528.07,-95.56
528.09,-95.63
528.10,-100.94
528.11,-99.47
528.12,-99.47
528.13,-101.07
528.14,-101.47
528.15,-98.38
528.16,-99.05
528.17,-103.58
528.18,-101.49
528.19,-103.90
528.20,-102.44
528.22,-102.52
528.23,-100.21
528.24,-101.98
528.25,-101.86
528.26,-101.37
528.27,-101.42
528.28,-103.91
528.29,-99.50
528.30,-100.56
528.31,-100.58
528.32,-100.20
528.33,-98.58
528.35,-97.27
528.36,-95.88
528.37,-93.56
528.38,-91.84
528.39,-91.81
528.40,-92.40
528.41,-92.48
528.42,-93.79
528.43,-94.17
528.44,-95.52
528.45,-95.45
528.46,-95.95
528.48,-95.64
528.49,-100.22
528.50,-101.50
528.51,-103.91
528.52,-100.41
528.53,-98.67
528.54,-98.74
528.55,-102.97
528.56,-100.93
528.57,-101.27
528.58,-102.85
528.59,-99.11
528.61,-99.81
528.62,-101.48
528.63,-101.92
528.64,-102.32
528.65,-100.25
528.66,-103.63
528.67,-101.55
528.68,-98.74
528.69,-98.56
528.70,-102.34
528.71,-102.75
528.73,-103.34
528.74,-102.77
528.75,-98.87
528.76,-96.72
528.77,-98.44
528.78,-101.04
528.79,-105.36
528.80,-106.83
528.81,-106.93
528.82,-101.33
528.83,-101.41
528.84,-103.41
528.86,-102.66
528.87,-102.70
528.88,-104.95
528.89,-103.17
528.90,-104.09
528.91,-102.71
528.92,-103.22
528.93,-103.72
528.94,-103.68
528.95,-100.80
528.96,-100.64
528.97,-105.26
528.99,-103.24
529.00,-104.15
529.01,-104.26
529.02,-104.19
529.03,-103.96
529.04,-104.31
529.05,-104.69
529.06,-106.44
529.07,-104.84
529.08,-106.10
529.09,-104.58
529.10,-106.20
529.12,-107.21
529.13,-102.71
529.14,-103.26
529.15,-105.35
529.16,-105.21
529.17,-101.36
529.18,-101.20
529.19,-104.29
529.20,-102.75
529.21,-104.86
529.22,-102.36
529.23,-102.42
529.25,-104.66
529.26,-102.81
529.27,-102.03
529.28,-105.81
529.29,-105.66
529.30,-104.88
529.31,-105.90
529.32,-106.38
529.33,-102.92
529.34,-103.47
529.35,-102.79
529.37,-103.37
529.38,-103.58
529.39,-104.39
529.40,-103.00
529.41,-103.86
529.42,-104.10
529.43,-102.73
529.44,-104.05
529.45,-107.32
529.46,-107.68
529.47,-106.96
529.48,-103.54
529.50,-103.54
529.51,-104.23
529.52,-105.41
529.53,-105.56
529.54,-103.99
529.55,-105.05
529.56,-103.11
529.57,-102.71
529.58,-105.08
529.59,-104.90
529.60,-104.32
529.61,-103.13
529.63,-104.67
529.64,-105.53
529.65,-102.77
529.66,-101.18
529.67,-99.06
529.68,-101.26
529.69,-104.67
529.70,-102.31
529.71,-102.69
529.72,-104.20
529.73,-102.41
529.74,-103.68
529.76,-104.19
529.77,-103.00
529.78,-104.40
529.79,-102.00
529.80,-101.21
529.81,-102.04
529.82,-102.08
529.83,-100.65
529.84,-102.40
529.85,-101.96
529.86,-102.37
529.87,-99.12
529.89,-98.37
529.90,-99.88
529.91,-98.40
529.92,-98.99
529.93,-101.28
529.94,-102.95
529.94,-98.69
529.95,-97.44
529.96,-98.19
529.97,-97.78
529.98,-101.27
529.99,-100.45
530.01,-99.76
530.02,-103.79
530.03,-102.83
530.04,-102.57
530.05,-102.16
530.06,-102.04
530.07,-102.99
530.08,-102.79
530.09,-103.87
530.10,-102.96
530.11,-103.60
530.12,-104.27
530.14,-103.71
530.15,-100.13
530.16,-100.40
530.17,-101.95
530.18,-101.74
530.19,-102.27
530.20,-101.72
530.21,-102.74
530.22,-103.37
530.23,-104.56
530.24,-103.53
530.25,-104.45
530.27,-103.21
530.28,-99.71
530.29,-100.32
530.30,-97.39
530.31,-95.74
530.32,-94.03
530.33,-91.71
530.34,-88.75
530.35,-90.17
530.36,-96.30
530.37,-96.40
530.38,-94.95
530.40,-93.76
530.41,-94.40
530.42,-93.33
530.43,-94.32
530.44,-92.05
530.45,-92.01
530.46,-96.11
530.47,-94.33
530.48,-91.53
530.49,-91.23
530.50,-92.93
530.51,-96.17
530.53,-100.91
530.54,-100.96
530.55,-103.85
530.56,-99.47
530.57,-98.88
530.58,-100.50
530.59,-102.12
530.60,-104.73
530.61,-104.25
530.62,-105.05
530.63,-99.81
530.65,-99.77
530.66,-105.71
530.67,-101.96
530.68,-102.33
530.69,-103.62
530.70,-106.65
530.71,-106.08
530.72,-103.72
530.73,-103.60
530.74,-104.37
530.75,-102.93
530.76,-104.07
530.78,-104.97
530.79,-103.37
530.80,-101.41
530.81,-99.11
530.82,-100.90
530.83,-104.59
530.84,-102.95
530.85,-103.40
530.86,-104.83
530.87,-104.07
530.88,-105.01
530.89,-102.70
530.91,-103.31
530.92,-104.92
530.93,-104.19
530.94,-105.05
530.95,-104.15
530.96,-104.70
530.97,-104.22
530.98,-104.83
530.99,-104.08
531.00,-105.17
531.01,-104.64
531.02,-104.71
531.04,-105.00
531.05,-102.42
531.06,-102.35
531.07,-102.75
531.08,-104.17
531.09,-103.07
531.10,-101.79
531.11,-100.63
531.12,-102.43
531.13,-103.47
531.14,-103.35
531.15,-101.45
531.17,-97.93
531.18,-98.48
531.19,-100.69
531.20,-98.04
531.21,-95.81
531.22,-92.74
531.23,-92.45
531.24,-95.44
531.25,-92.70
531.26,-94.43
531.27,-94.19
531.29,-87.38
531.30,-86.80
531.31,-91.62
531.32,-94.45
531.33,-95.14
531.34,-93.89
531.35,-93.87
531.36,-92.86
531.37,-94.82
531.38,-95.95
531.39,-99.99
531.40,-100.75
531.42,-102.33
531.43,-102.04
531.44,-100.92
531.45,-98.88
531.46,-100.35
531.47,-103.49
531.48,-103.60
531.49,-104.75
531.50,-104.59
531.51,-104.58
531.52,-104.77
531.53,-104.14
531.55,-104.49
531.56,-100.12
531.57,-102.16
531.58,-105.93
531.59,-103.40
531.60,-102.07
531.61,-104.66
531.62,-104.66
531.63,-103.38
531.64,-103.16
531.65,-103.97
531.66,-103.94
531.68,-104.41
531.69,-103.08
531.70,-102.08
531.71,-100.33
531.72,-99.06
531.73,-99.14
531.74,-102.29
531.75,-98.43
531.76,-99.13
531.77,-94.75
531.78,-94.69
531.79,-100.67
531.81,-100.56
531.82,-102.23
531.83,-102.32
531.84,-100.52
531.85,-100.98
531.86,-101.52
531.87,-104.54
531.88,-103.87
531.89,-102.53
531.90,-103.88
531.91,-104.09
531.93,-104.82
531.94,-105.45
531.95,-103.63
531.96,-103.60
531.97,-103.93
531.98,-102.73
531.99,-103.25
532.00,-104.28
532.01,-104.14
532.02,-105.19
532.03,-103.55
532.04,-104.25
532.06,-103.10
532.07,-102.65
532.08,-103.86
532.09,-104.18
532.10,-101.12
532.11,-101.26
532.12,-104.02
532.13,-104.84
532.14,-105.31
532.15,-106.00
532.16,-104.29
532.17,-102.29
532.19,-103.13
532.20,-103.50
532.21,-100.02
532.22,-100.04
532.23,-105.14
532.24,-101.49
532.25,-102.08
532.26,-99.55
532.27,-99.58
532.28,-102.65
532.29,-103.05
532.30,-102.86
532.32,-101.90
532.33,-102.20
532.34,-102.97
532.35,-103.09
532.36,-103.65
532.37,-103.07
532.38,-104.17
532.39,-104.80
532.40,-104.49
532.41,-105.81
532.42,-106.23
532.43,-104.46
532.45,-104.45
532.46,-104.15
532.47,-105.15
532.48,-104.28
532.49,-103.38
532.50,-102.37
532.51,-103.70
532.52,-104.36
532.53,-103.99
532.54,-104.05
532.55,-103.03
532.57,-104.33
532.58,-103.66
532.59,-103.37
532.60,-103.56
532.61,-102.63
532.62,-103.64
532.63,-101.90
532.64,-103.92
532.65,-103.30
532.66,-104.04
532.67,-102.71
532.68,-101.83
532.70,-102.25
532.71,-101.42
532.72,-103.73
532.73,-102.21
532.74,-102.11
532.75,-100.45
532.76,-100.61
532.77,-104.37
532.78,-103.81
532.79,-101.04
532.80,-103.08
532.81,-102.47
532.83,-102.71
532.84,-103.18
532.85,-102.79
532.86,-103.52
532.87,-102.32
532.88,-102.96
532.89,-103.28
532.90,-101.77
532.91,-101.81
532.92,-102.70
532.93,-103.18
532.94,-104.98
532.96,-105.04
532.97,-102.77
532.98,-103.50
532.99,-103.34
533.00,-104.20
533.01,-101.48
533.02,-101.32
533.03,-103.71
533.04,-103.44
533.05,-101.58
533.06,-101.09
533.08,-102.68
533.09,-102.72
533.10,-105.41
533.11,-103.82
533.12,-104.02
533.13,-102.16
533.14,-101.24
533.15,-102.01
533.16,-105.28
533.17,-104.24
533.18,-103.62
533.19,-101.52
533.21,-101.98
533.22,-101.45
533.23,-103.38
533.24,-102.24
533.25,-103.35
533.26,-103.82
533.27,-102.34
533.28,-101.28
533.29,-101.69
533.30,-104.93
533.31,-103.31
533.32,-101.40
533.34,-103.22
533.35,-104.41
533.36,-104.94
533.37,-104.62
533.38,-103.09
533.39,-102.99
533.40,-103.75
533.41,-103.47
533.42,-102.84
533.43,-102.04
533.44,-102.31
533.45,-102.94
533.47,-101.86
533.48,-101.92
533.49,-103.55
533.50,-104.37
533.51,-100.49
533.52,-100.91
533.53,-104.05
533.54,-98.26
533.55,-98.01
533.56,-99.06
533.57,-97.54
533.58,-100.02
533.60,-101.09
533.61,-100.02
533.62,-98.26
533.63,-101.80
533.64,-99.66
533.65,-102.76
533.66,-99.25
533.67,-98.78
533.68,-100.51
533.69,-101.62
533.70,-101.85
533.72,-101.83
533.73,-101.86
533.74,-102.45
533.75,-102.40
533.76,-99.93
533.77,-102.62
533.78,-102.71
533.79,-102.22
533.80,-102.70
533.81,-101.71
533.82,-101.44
533.83,-102.21
533.85,-100.64
533.86,-100.79
533.87,-103.27
533.88,-101.80
533.89,-101.91
533.90,-101.84
533.91,-101.50
533.92,-103.36
533.93,-101.41
533.94,-101.08
533.95,-101.87
533.96,-100.85
533.98,-100.57
533.99,-100.55
534.00,-100.30
534.01,-100.06
534.02,-100.56
534.03,-100.59
534.04,-96.97
534.05,-95.75
534.06,-99.64
534.07,-99.89
534.08,-98.11
534.09,-97.57
534.11,-93.03
534.12,-89.69
534.13,-92.67
534.14,-98.35
534.15,-98.29
534.16,-99.71
534.17,-97.87
534.18,-97.62
534.19,-97.40
534.20,-97.35
534.21,-100.72
534.22,-103.27
534.24,-101.89
534.25,-101.41
534.26,-101.70
534.27,-100.64
534.28,-102.36
534.29,-100.64
534.30,-101.58
534.31,-101.20
534.32,-102.33
534.33,-103.32
534.34,-103.43
534.36,-100.68
534.37,-100.64
534.38,-101.58
534.39,-101.60
534.40,-102.65
534.41,-102.77
534.42,-101.45
534.43,-100.75
534.44,-103.47
534.45,-104.38
534.46,-102.81
534.47,-102.86
534.49,-103.73
534.50,-102.48
534.51,-100.96
534.52,-99.28
534.53,-100.13
534.54,-103.16
534.55,-102.01
534.56,-101.74
534.57,-102.26
534.58,-102.26
534.59,-99.20
534.60,-97.84
534.62,-102.04
534.63,-102.64
534.64,-100.49
534.65,-101.54
534.66,-102.17
534.67,-101.64
534.68,-102.98
534.69,-101.74
534.70,-101.84
534.71,-104.22
534.72,-102.31
534.73,-102.45
534.75,-102.03
534.76,-102.90
534.77,-102.50
534.78,-104.05
534.79,-102.40
534.80,-102.39
534.81,-103.70
534.82,-102.42
534.83,-101.95
534.84,-101.45
534.85,-102.23
534.86,-103.51
534.88,-103.94
534.89,-105.42
534.90,-104.26
534.91,-103.04
534.92,-102.86
534.93,-102.41
534.93,-103.62
534.94,-100.92
534.95,-101.45
534.96,-102.86
534.97,-99.97
534.98,-99.68
535.00,-99.62
535.01,-99.45
535.02,-101.98
535.03,-102.27
535.04,-103.00
535.05,-102.85
535.06,-102.45
535.07,-102.72
535.08,-99.14
535.09,-98.97
535.10,-102.50
535.11,-102.10
535.13,-102.76
535.14,-104.24
535.15,-102.85
535.16,-104.48
535.17,-104.64
535.18,-105.93
535.19,-104.64
535.20,-103.57
535.21,-103.01
535.22,-102.24
535.23,-103.97
535.24,-102.63
535.26,-102.89
535.27,-104.63
535.28,-103.28
535.29,-103.56
535.30,-101.84
535.31,-102.21
535.32,-104.52
535.33,-105.54
535.34,-103.95
535.35,-100.40
535.36,-99.51
535.37,-101.95
535.39,-100.19
535.40,-101.12
535.41,-103.37
535.42,-104.77
535.43,-101.97
535.44,-101.20
535.45,-100.04
535.46,-100.94
535.47,-102.63
535.48,-103.40
535.49,-101.51
535.50,-101.30
535.52,-100.61
535.53,-99.55
535.54,-101.85
535.55,-101.90
535.56,-104.03
535.57,-101.16
535.58,-104.17
535.59,-100.98
535.60,-101.46
535.61,-102.46
535.62,-102.41
535.64,-103.20
535.65,-103.44
535.66,-104.01
535.67,-103.01
535.68,-102.58
535.69,-104.22
535.70,-103.62
535.71,-105.42
535.72,-104.87
535.73,-103.87
535.74,-103.48
535.75,-104.15
535.77,-105.37
535.78,-103.52
535.79,-105.05
535.80,-104.84
535.81,-103.03
535.82,-102.25
535.83,-104.17
535.84,-101.81
535.85,-102.63
535.86,-103.90
535.87,-103.06
535.88,-103.18
535.90,-101.76
535.91,-104.09
535.92,-103.63
535.93,-101.03
535.94,-102.66
535.95,-99.45
535.96,-97.75
535.97,-99.20
535.98,-100.59
535.99,-100.82
536.00,-101.78
536.01,-102.19
536.03,-100.77
536.04,-100.31
536.05,-99.03
536.06,-98.53
536.07,-102.61
536.08,-105.37
536.09,-103.95
536.10,-103.53
536.11,-103.29
536.12,-104.14
536.13,-102.21
536.14,-101.69
536.16,-103.86
536.17,-102.85
536.18,-102.21
536.19,-102.16
536.20,-106.35
536.21,-103.76
536.22,-103.99
536.23,-102.65
536.24,-102.41
536.25,-103.85
536.26,-102.86
536.28,-102.66
536.29,-102.82
536.30,-102.57
536.31,-97.97
536.32,-98.56
536.33,-102.79
536.34,-102.40
536.35,-103.12
536.36,-100.12
536.37,-99.24
536.38,-101.41
536.39,-101.56
536.41,-101.75
536.42,-98.73
536.43,-99.35
536.44,-99.23
536.45,-96.88
536.46,-98.81
536.47,-102.69
536.48,-103.06
536.49,-102.02
536.50,-102.11
536.51,-101.87
536.52,-102.41
536.54,-103.14
536.55,-103.38
536.56,-104.70
536.57,-104.26
536.58,-102.76
536.59,-102.97
536.60,-104.10
536.61,-104.95
536.62,-103.98
536.63,-103.65
536.64,-104.30
536.65,-103.18
536.67,-102.50
536.68,-102.40
536.69,-102.96
536.70,-103.17
536.71,-105.39
536.72,-104.37
536.73,-102.23
536.74,-102.19
536.75,-103.67
536.76,-103.98
536.77,-104.17
536.78,-102.75
536.80,-103.14
536.81,-100.96
536.82,-100.92
536.83,-99.53
536.84,-99.19
536.85,-95.54
536.86,-93.74
536.87,-93.63
536.88,-94.81
536.89,-94.31
536.90,-94.22
536.92,-92.87
536.93,-91.29
536.94,-87.78
536.95,-89.32
536.96,-93.06
536.97,-96.39
536.98,-95.66
536.99,-95.80
537.00,-93.96
537.01,-95.39
537.02,-98.45
537.03,-97.75
537.05,-98.32
537.06,-100.56
537.07,-100.14
537.08,-101.96
537.09,-102.36
537.10,-100.49
537.11,-100.72
537.12,-102.26
537.13,-101.80
537.14,-101.53
537.15,-99.79
537.16,-100.09
537.18,-99.91
537.19,-100.07
537.20,-102.06
537.21,-101.08
537.22,-101.38
537.23,-99.98
537.24,-100.21
537.25,-102.77
537.26,-102.82
537.27,-101.73
537.28,-101.90
537.29,-104.12
537.31,-100.39
537.32,-102.44
537.33,-98.53
537.34,-96.77
537.35,-96.97
537.36,-96.02
537.37,-96.82
537.38,-98.32
537.39,-97.06
537.40,-96.88
537.41,-89.97
537.42,-88.81
537.44,-92.24
537.45,-95.72
537.46,-96.52
537.47,-97.50
537.48,-97.39
537.49,-95.76
537.50,-98.66
537.51,-100.15
537.52,-99.89
537.53,-102.94
537.54,-101.31
537.56,-100.30
537.57,-101.94
537.58,-101.16
537.59,-102.10
537.60,-102.15
537.61,-102.54
537.62,-102.46
537.63,-102.14
537.64,-101.69
537.65,-102.93
537.66,-101.59
537.67,-99.83
537.69,-100.03
537.70,-101.22
537.71,-101.59
537.72,-100.71
537.73,-100.78
537.74,-98.23
537.75,-98.32
537.76,-101.34
537.77,-102.38
537.78,-100.20
537.79,-99.04
537.80,-102.34
537.82,-100.76
537.83,-99.99
537.84,-98.93
537.85,-99.26
537.86,-101.69
537.87,-101.74
537.88,-99.59
537.89,-99.47
537.90,-96.60
537.91,-95.20
537.92,-98.96
537.93,-98.56
537.95,-100.61
537.96,-100.23
537.97,-99.83
537.98,-100.18
537.99,-99.99
538.00,-101.29
538.01,-102.11
538.02,-100.79
538.03,-100.52
538.04,-102.29
538.05,-101.82
538.07,-101.53
538.08,-102.44
538.09,-101.14
538.10,-102.52
538.11,-101.56
538.12,-104.13
538.13,-103.12
538.14,-102.23
538.15,-100.97
538.16,-101.90
538.17,-103.64
538.18,-101.93
538.20,-102.08
538.21,-101.89
538.22,-102.58
538.23,-102.76
538.24,-103.82
538.25,-99.68
538.26,-101.34
538.27,-101.60
538.28,-102.24
538.29,-102.27
538.30,-101.76
538.31,-103.09
538.33,-100.50
538.34,-99.58
538.35,-100.53
538.36,-103.16
538.37,-102.80
538.38,-103.64
538.39,-98.48
538.40,-97.88
538.41,-100.44
538.42,-100.21
538.43,-100.36
538.44,-100.99
538.46,-100.72
538.47,-100.57
538.48,-100.50
538.49,-102.26
538.50,-101.06
538.51,-100.86
538.52,-100.72
538.53,-101.27
538.54,-100.46
538.55,-100.36
538.56,-100.92
538.57,-102.67
538.59,-102.41
538.60,-102.98
538.61,-103.12
538.62,-102.40
538.63,-102.23
538.64,-100.99
538.65,-100.77
538.66,-100.51
538.67,-102.33
538.68,-102.77
538.69,-102.80
538.71,-104.03
538.72,-101.10
538.73,-101.31
538.74,-101.23
538.75,-101.65
538.76,-102.64
538.77,-103.20
538.78,-99.94
538.79,-98.56
538.80,-100.25
538.81,-101.47
538.82,-102.85
538.84,-102.29
538.85,-102.13
538.86,-100.80
538.87,-103.12
538.88,-101.78
538.89,-100.82
538.90,-101.06
538.91,-100.90
538.92,-100.63
538.93,-100.36
538.94,-99.31
538.95,-101.60
538.97,-99.88
538.98,-100.21
538.99,-100.85
539.00,-102.63
539.01,-100.69
539.02,-101.87
539.03,-102.14
539.04,-102.62
539.05,-101.18
539.06,-101.83
539.07,-102.16
539.08,-101.81
539.10,-100.88
539.11,-100.66
539.12,-101.37
539.13,-99.67
539.14,-100.94
539.15,-102.91
539.16,-100.71
539.17,-100.50
539.18,-101.06
539.19,-100.44
539.20,-102.11
539.21,-101.12
539.23,-99.91
539.24,-100.61
539.25,-100.90
539.26,-100.47
539.27,-100.12
539.28,-99.97
539.29,-100.57
539.30,-101.89
539.31,-101.58
539.32,-101.03
539.33,-100.96
539.35,-102.21
539.36,-104.15
539.37,-101.68
539.38,-101.79
539.39,-103.63
539.40,-100.12
539.41,-99.45
539.42,-101.12
539.43,-100.69
539.44,-100.33
539.45,-100.45
539.46,-100.45
539.48,-100.55
539.49,-100.22
539.50,-98.38
539.51,-102.19
539.52,-101.84
539.53,-101.68
539.54,-101.97
539.55,-100.93
539.56,-98.97
539.57,-101.39
539.58,-99.06
539.59,-101.34
539.61,-101.59
539.62,-100.86
539.63,-101.83
539.64,-100.45
539.65,-101.88
539.66,-100.87
539.67,-100.21
539.68,-100.05
539.69,-98.95
539.70,-98.32
539.71,-101.42
539.72,-101.75
539.74,-97.12
539.75,-97.80
539.76,-93.13
539.77,-94.52
539.78,-98.41
539.79,-98.72
539.80,-99.51
539.81,-99.10
539.82,-99.71
539.83,-99.51
539.84,-98.93
539.85,-98.34
539.87,-99.27
539.88,-100.51
539.89,-100.91
539.90,-98.34
539.91,-98.36
539.92,-100.89
539.92,-99.80
539.93,-102.16
539.94,-101.74
539.95,-100.82
539.96,-102.95
539.97,-101.63
539.99,-101.28
540.00,-95.21
540.01,-95.47
540.02,-100.15
540.03,-99.90
540.04,-101.94
540.05,-101.03
540.06,-100.58
540.07,-98.33
540.08,-98.29
540.09,-101.64
540.10,-101.43
540.12,-101.15
540.13,-102.08
540.14,-100.53
540.15,-99.97
540.16,-98.60
540.17,-99.03
540.18,-98.95
540.19,-99.83
540.20,-98.98
540.21,-99.03
540.22,-97.11
540.23,-96.96
540.25,-93.23
540.26,-94.85
540.27,-96.87
540.28,-97.32
540.29,-98.36
540.30,-98.62
540.31,-98.72
540.32,-99.81
540.33,-100.98
540.34,-100.65
540.35,-102.29
540.36,-101.55
540.38,-100.51
540.39,-100.67
540.40,-100.56
540.41,-102.04
540.42,-100.74
540.43,-100.89
540.44,-101.28
540.45,-102.99
540.46,-102.32
540.47,-101.18
540.48,-100.88
540.49,-102.68
540.51,-100.66
540.52,-99.38
540.53,-98.48
540.54,-98.60
540.55,-100.57
540.56,-99.72
540.57,-101.97
540.58,-100.63
540.59,-95.87
540.60,-95.62
540.61,-92.25
540.63,-92.09
540.64,-91.94
540.65,-88.24
540.66,-88.20
540.67,-87.33
540.68,-87.01
540.69,-88.25
540.70,-88.29
540.71,-88.45
540.72,-92.30
540.73,-93.36
540.74,-94.93
540.76,-97.23
540.77,-97.56
540.78,-97.88
540.79,-100.16
540.80,-100.18
540.81,-99.52
540.82,-100.55
540.83,-100.79
540.84,-100.69
540.85,-100.67
540.86,-100.30
540.87,-102.22
540.89,-102.38
540.90,-101.34
540.91,-100.97
540.92,-101.30
540.93,-102.00
540.94,-102.31
540.95,-103.39
540.96,-101.23
540.97,-101.20
540.98,-102.05
540.99,-101.53
541.00,-101.48
541.02,-103.65
541.03,-102.74
541.04,-101.67
541.05,-101.06
541.06,-100.17
541.07,-100.78
541.08,-99.22
541.09,-99.65
541.10,-102.72
541.11,-99.95
541.12,-98.85
541.13,-100.78
541.15,-100.99
541.16,-101.97
541.17,-101.01
541.18,-101.05
541.19,-102.20
541.20,-102.56
541.21,-99.24
541.22,-99.46
541.23,-103.03
541.24,-101.88
541.25,-100.78
541.27,-100.23
541.28,-101.35
541.29,-102.37
541.30,-100.51
541.31,-102.19
541.32,-102.05
541.33,-101.96
541.34,-102.28
541.35,-104.01
541.36,-104.43
541.37,-104.43
541.38,-104.44
541.40,-102.78
541.41,-101.81
541.42,-101.25
541.43,-101.29
541.44,-101.92
541.45,-102.76
541.46,-103.81
541.47,-102.88
541.48,-101.98
541.49,-103.91
541.50,-102.30
541.51,-102.38
541.53,-102.06
541.54,-102.50
541.55,-100.79
541.56,-101.28
541.57,-99.66
541.58,-100.02
541.59,-99.97
541.60,-102.44
541.61,-101.81
541.62,-102.05
541.63,-103.17
541.64,-100.87
541.66,-100.92
541.67,-98.01
541.68,-100.08
541.69,-99.63
541.70,-99.56
541.71,-101.86
541.72,-102.95
541.73,-102.26
541.74,-99.84
541.75,-100.37
541.76,-101.75
541.77,-101.61
541.79,-101.40
541.80,-102.94
541.81,-103.68
541.82,-101.47
541.83,-100.77
541.84,-103.03
541.85,-104.19
541.86,-102.15
541.87,-100.60
541.88,-100.73
541.89,-102.40
541.91,-102.54
541.92,-103.21
541.93,-101.77
541.94,-101.84
541.95,-103.22
541.96,-101.49
541.97,-101.61
541.98,-102.55
541.99,-103.13
542.00,-103.00
542.01,-101.04
542.02,-99.46
542.04,-98.91
542.05,-100.84
542.06,-102.66
542.07,-101.69
542.08,-101.05
542.09,-95.88
542.10,-95.46
542.11,-101.62
542.12,-99.35
542.13,-99.87
542.14,-100.98
542.15,-101.90
542.17,-101.96
542.18,-103.27
542.19,-101.24
542.20,-100.54
542.21,-101.42
542.22,-101.63
542.23,-102.01
542.24,-103.84
542.25,-103.17
542.26,-104.57
542.27,-102.81
542.28,-104.49
542.30,-101.92
542.31,-99.89
542.32,-100.03
542.33,-102.96
542.34,-102.88
542.35,-102.87
542.36,-102.90
542.37,-102.91
542.38,-100.23
542.39,-100.13
542.40,-100.17
542.41,-103.01
542.43,-105.39
542.44,-103.01
542.45,-100.92
542.46,-101.45
542.47,-100.75
542.48,-101.25
542.49,-100.71
542.50,-96.37
542.51,-96.39
542.52,-94.33
542.53,-97.73
542.55,-97.71
542.56,-95.77
542.57,-94.00
542.58,-89.75
542.59,-89.49
542.60,-94.33
542.61,-95.01
542.62,-94.94
542.63,-96.74
542.64,-96.68
542.65,-96.43
542.66,-98.29
542.68,-98.23
542.69,-100.65
542.70,-100.94
542.71,-99.82
542.72,-99.74
542.73,-103.04
542.74,-101.71
542.75,-102.81
542.76,-103.01
542.77,-101.09
542.78,-101.84
542.79,-102.20
542.81,-99.26
542.82,-100.50
542.83,-103.17
542.84,-101.69
542.85,-103.40
542.86,-103.68
542.87,-103.19
542.88,-103.74
542.89,-105.46
542.90,-104.08
542.91,-103.62
542.92,-101.73
542.94,-100.18
542.95,-101.50
542.96,-99.88
542.97,-100.36
542.98,-95.11
542.99,-92.80
543.00,-92.33
543.01,-93.56
543.02,-94.10
543.03,-93.92
543.04,-93.25
543.06,-91.89
543.07,-85.99
543.08,-87.43
543.09,-91.35
543.10,-92.80
543.11,-93.00
543.12,-94.17
543.13,-96.07
543.14,-94.90
543.15,-95.60
543.16,-97.32
543.17,-100.29
543.19,-98.06
543.20,-100.78
543.21,-101.87
543.22,-101.52
543.23,-101.61
543.24,-101.41
543.25,-101.50
543.26,-103.04
543.27,-102.70
543.28,-103.90
543.29,-103.65
543.30,-103.21
543.32,-103.88
543.33,-101.62
543.34,-101.15
543.35,-101.30
543.36,-103.78
543.37,-103.35
543.38,-102.48
543.39,-102.34
543.40,-102.96
543.41,-103.64
543.42,-103.93
543.43,-104.06
543.45,-104.73
543.46,-103.12
543.47,-102.57
543.48,-102.35
543.49,-100.88
543.50,-101.09
543.51,-102.00
543.52,-102.17
543.53,-100.03
543.54,-96.51
543.55,-94.55
543.56,-94.84
543.58,-101.64
543.59,-100.94
543.60,-102.04
543.61,-100.56
543.62,-101.14
543.63,-101.18
543.64,-102.50
543.65,-102.39
543.66,-102.29
543.67,-103.36
543.68,-102.31
543.70,-102.09
543.71,-103.71
543.72,-102.73
543.73,-101.63
543.74,-103.45
543.75,-102.22
543.76,-98.78
543.77,-99.93
543.78,-103.54
543.79,-103.42
543.80,-103.03
543.81,-102.28
543.83,-102.39
543.84,-98.03
543.85,-99.03
543.86,-101.86
543.87,-101.76
543.88,-104.62
543.89,-99.85
543.90,-101.65
543.91,-101.64
543.92,-103.92
543.93,-100.99
543.94,-101.70
543.96,-101.68
543.97,-101.82
543.98,-99.27
543.99,-99.88
544.00,-101.98
544.01,-100.85
544.02,-101.63
544.03,-100.46
544.04,-98.01
544.05,-99.95
544.06,-101.15
544.07,-98.47
544.09,-98.54
544.10,-100.90
544.11,-102.20
544.12,-102.40
544.13,-101.40
544.14,-102.43
544.15,-101.74
544.16,-101.08
544.17,-100.15
544.18,-105.05
544.19,-103.65
544.20,-100.35
544.22,-99.99
544.23,-100.84
544.24,-104.03
544.25,-103.97
544.26,-103.41
544.27,-103.75
544.28,-100.46
544.29,-100.60
544.30,-100.54
544.31,-100.35
544.32,-100.47
544.34,-100.95
544.35,-101.25
544.36,-101.72
544.37,-102.00
544.38,-104.03
544.39,-102.37
544.40,-100.99
544.41,-99.22
544.42,-99.12
544.43,-100.85
544.44,-102.75
544.45,-100.26
544.47,-99.63
544.48,-100.21
544.49,-100.06
544.50,-100.34
544.51,-99.01
544.52,-98.85
544.53,-99.36
544.54,-100.10
544.55,-101.44
544.56,-98.09
544.57,-97.60
544.58,-101.12
544.60,-101.01
544.61,-99.26
544.62,-99.30
544.63,-101.10
544.64,-101.97
544.65,-99.82
544.66,-99.32
544.67,-100.26
544.68,-99.14
544.69,-101.88
544.70,-100.89
544.71,-101.28
544.73,-102.02
544.74,-99.96
544.75,-101.81
544.76,-103.67
544.77,-101.83
544.78,-101.57
544.79,-100.84
544.80,-101.68
544.81,-102.21
544.82,-102.00
544.83,-99.45
544.84,-101.12
544.86,-100.55
544.87,-100.68
544.88,-99.71
544.89,-101.37
544.90,-101.78
544.91,-99.44
544.91,-96.60
544.92,-98.05
544.93,-97.98
544.94,-98.22
544.95,-98.44
544.96,-98.02
544.98,-97.03
544.99,-97.23
545.00,-101.60
545.01,-98.56
545.02,-99.35
545.03,-98.98
545.04,-98.37
545.05,-101.65
545.06,-102.53
545.07,-100.83
545.08,-100.79
545.09,-99.09
545.11,-98.27
545.12,-99.89
545.13,-100.51
545.14,-100.23
545.15,-100.76
545.16,-101.01
545.17,-101.71
545.18,-100.82
545.19,-100.98
545.20,-99.92
545.21,-100.73
545.22,-98.59
545.24,-98.54
545.25,-100.05
545.26,-101.36
545.27,-101.86
545.28,-97.57
545.29,-98.15
545.30,-101.29
545.31,-100.99
545.32,-100.23
545.33,-99.93
545.34,-99.88
545.35,-99.81
545.37,-99.03
545.38,-99.97
545.39,-98.12
545.40,-96.46
545.41,-95.30
545.42,-98.44
545.43,-98.07
545.44,-98.76
545.45,-98.75
545.46,-100.27
545.47,-100.20
545.48,-99.03
545.50,-98.87
545.51,-99.81
545.52,-99.91
545.53,-99.82
545.54,-97.20
545.55,-100.21
545.56,-101.00
545.57,-98.77
545.58,-98.56
545.59,-102.67
545.60,-101.71
545.62,-101.79
545.63,-97.64
545.64,-97.51
545.65,-99.19
545.66,-99.94
545.67,-101.11
545.68,-101.38
545.69,-101.17
545.70,-98.66
545.71,-98.43
545.72,-99.69
545.73,-100.27
545.75,-100.44
545.76,-101.12
545.77,-99.83
545.78,-99.45
545.79,-97.18
545.80,-97.28
545.81,-97.32
545.82,-98.02
545.83,-95.53
545.84,-96.34
545.85,-97.44
545.86,-97.50
545.88,-93.57
545.89,-90.48
545.90,-90.47
545.91,-95.33
545.92,-95.75
545.93,-98.17
545.94,-95.87
545.95,-96.50
545.96,-97.73
545.97,-98.40
545.98,-99.76
545.99,-98.43
546.01,-98.34
546.02,-100.10
546.03,-100.72
546.04,-99.86
546.05,-97.67
546.06,-99.87
546.07,-100.18
546.08,-100.82
546.09,-101.25
546.10,-99.86
546.11,-101.61
546.12,-102.03
546.14,-98.95
546.15,-98.25
546.16,-98.04
546.17,-100.88
546.18,-100.94
546.19,-101.40
546.20,-96.97
546.21,-99.52
546.22,-101.23
546.23,-97.65
546.24,-100.92
546.26,-101.21
546.27,-99.50
546.28,-99.54
546.29,-98.20
546.30,-98.53
546.31,-98.93
546.32,-100.40
546.33,-99.83
546.34,-102.46
546.35,-102.27
546.36,-101.40
546.37,-100.51
546.39,-100.63
546.40,-101.81
546.41,-101.84
546.42,-101.30
546.43,-101.99
546.44,-102.20
546.45,-100.25
546.46,-100.62
546.47,-100.17
546.48,-102.27
546.49,-102.40
546.50,-101.77
546.52,-101.02
546.53,-100.12
546.54,-99.56
546.55,-102.25
546.56,-102.09
546.57,-103.83
546.58,-102.49
546.59,-102.16
546.60,-103.82
546.61,-102.91
546.62,-101.07
546.63,-100.54
546.65,-98.87
546.66,-100.92
546.67,-103.14
546.68,-101.41
546.69,-100.94
546.70,-100.97
546.71,-100.55
546.72,-100.30
546.73,-101.06
546.74,-99.90
546.75,-97.87
546.76,-96.87
546.78,-101.00
546.79,-101.43
546.80,-100.59
546.81,-99.40
546.82,-99.31
546.83,-100.80
546.84,-101.07
546.85,-103.16
546.86,-100.55
546.87,-99.79
546.88,-100.90
546.90,-101.54
546.91,-102.51
546.92,-100.73
546.93,-100.71
546.94,-101.88
546.95,-102.01
546.96,-102.36
546.97,-101.43
546.98,-101.05
546.99,-104.27
547.00,-103.15
547.01,-102.60
547.03,-103.21
547.04,-103.81
547.05,-101.60
547.06,-101.52
547.07,-102.14
547.08,-101.66
547.09,-102.07
547.10,-102.28
547.11,-103.13
547.12,-101.89
547.13,-100.10
547.14,-99.49
547.16,-99.14
547.17,-100.56
547.18,-98.96
547.19,-100.53
547.20,-101.45
547.21,-96.38
547.22,-96.03
547.23,-99.95
547.24,-100.62
547.25,-98.79
547.26,-98.86
547.27,-101.13
547.29,-99.26
547.30,-98.85
547.31,-97.56
547.32,-99.41
547.33,-100.12
547.34,-99.72
547.35,-99.81
547.36,-101.19
547.37,-101.99
547.38,-101.33
547.39,-98.28
547.40,-98.38
547.42,-99.30
547.43,-101.84
547.44,-102.54
547.45,-102.49
547.46,-102.82
547.47,-104.35
547.48,-101.96
547.49,-97.81
547.50,-97.72
547.51,-102.47
547.52,-101.77
547.54,-102.71
547.55,-103.07
547.56,-87.38
547.57,-93.98
547.58,-99.43
547.59,-104.94
547.60,-101.26
547.61,-100.00
547.62,-98.02
547.63,-97.25
547.64,-99.51
547.65,-102.10
547.67,-102.42
547.68,-101.95
547.69,-102.05
547.70,-100.93
547.71,-101.39
547.72,-101.70
547.73,-101.88
547.74,-99.37
547.75,-100.28
547.76,-101.84
547.77,-102.09
547.78,-101.47
547.80,-101.11
547.81,-101.19
547.82,-101.30
547.83,-100.56
547.84,-102.19
547.85,-102.19
547.86,-102.71
547.87,-102.68
547.88,-102.15
547.89,-102.19
547.90,-103.25
547.91,-103.26
547.93,-102.75
547.94,-103.17
547.95,-105.59
547.96,-105.24
547.97,-104.62
547.98,-102.89
547.99,-103.47
548.00,-103.29
548.01,-103.87
548.02,-103.89
548.03,-101.85
548.05,-103.28
548.06,-102.31
548.07,-102.64
548.08,-102.17
548.09,-103.01
548.10,-103.09
548.11,-102.72
548.12,-102.96
548.13,-101.45
548.14,-100.92
548.15,-97.57
548.16,-97.21
548.18,-101.02
548.19,-100.19
548.20,-97.42
548.21,-95.81
548.22,-93.29
548.23,-92.47
548.24,-96.54
548.25,-96.53
548.26,-98.65
548.27,-97.07
548.28,-96.92
548.29,-96.02
548.31,-98.54
548.32,-99.97
548.33,-102.89
548.34,-102.77
548.35,-101.51
548.36,-102.53
548.37,-101.41
548.38,-102.85
548.39,-103.43
548.40,-102.40
548.41,-103.55
548.42,-103.31
548.44,-103.69
548.45,-101.23
548.46,-101.30
548.47,-101.66
548.48,-102.51
548.49,-102.49
548.50,-104.82
548.51,-103.87
548.52,-103.95
548.53,-103.01
548.54,-102.87
548.55,-102.77
548.57,-101.80
548.58,-101.73
548.59,-100.00
548.60,-99.63
548.61,-100.03
548.62,-95.47
548.63,-94.42
548.64,-93.18
548.65,-93.76
548.66,-94.77
548.67,-95.57
548.69,-91.79
548.70,-90.90
548.71,-86.65
548.72,-86.26
548.73,-90.93
548.74,-94.91
548.75,-94.74
548.76,-93.49
548.77,-93.04
548.78,-92.83
548.79,-95.75
548.80,-96.84
548.82,-98.11
548.83,-99.33
548.84,-99.12
548.85,-103.11
548.86,-102.14
548.87,-102.78
548.88,-101.16
548.89,-101.49
548.90,-101.48
548.91,-101.86
548.92,-103.23
548.93,-102.75
548.95,-102.69
548.96,-100.94
548.97,-101.30
548.98,-102.12
548.99,-103.49
549.00,-103.05
549.01,-102.64
549.02,-103.45
549.03,-103.91
549.04,-103.26
549.05,-103.32
549.06,-103.79
549.08,-103.54
549.09,-102.99
549.10,-99.27
549.11,-98.20
549.12,-99.71
549.13,-101.09
549.14,-99.65
549.15,-99.63
549.16,-102.77
549.17,-99.82
549.18,-100.21
549.19,-98.30
549.21,-98.46
549.22,-100.94
549.23,-100.25
549.24,-101.39
549.25,-97.74
549.26,-97.53
549.27,-101.54
549.28,-101.20
549.29,-101.94
549.30,-102.29
549.31,-102.56
549.33,-100.73
549.34,-100.78
549.35,-102.51
549.36,-102.94
549.37,-103.78
549.38,-102.93
549.39,-101.65
549.40,-100.93
549.41,-103.68
549.42,-102.63
549.43,-101.54
549.44,-103.15
549.46,-103.34
549.47,-100.34
549.48,-100.18
549.49,-100.40
549.50,-102.46
549.51,-104.43
549.52,-104.63
549.53,-106.03
549.54,-98.93
549.55,-98.81
549.56,-101.68
549.57,-101.33
549.59,-102.03
549.60,-101.93
549.61,-100.81
549.62,-99.95
549.63,-100.00
549.64,-99.98
549.65,-102.43
549.66,-101.28
549.67,-98.71
549.68,-98.92
549.69,-98.46
549.70,-99.46
549.72,-98.85
549.73,-101.52
549.74,-100.92
549.75,-100.37
549.76,-98.11
549.77,-96.50
549.78,-98.47
549.79,-100.38
549.80,-99.54
549.81,-99.14
549.82,-99.00
549.83,-94.73
549.85,-94.29
549.86,-96.36
549.87,-100.62
549.88,-99.96
549.89,-98.87
549.90,-93.33
549.90,-93.62
549.91,-87.31
549.92,-86.65
549.93,-89.89
549.94,-92.28
549.95,-92.25
549.97,-92.62
549.98,-90.02
549.99,-84.91
550.00,-84.82
550.01,-91.40
550.02,-94.98
550.03,-98.09
550.04,-98.55
550.05,-100.76
550.06,-96.04
550.07,-96.18
550.08,-99.45
550.10,-100.27
550.11,-98.24
550.12,-100.09
550.13,-97.32
550.14,-97.16
550.15,-100.32
550.16,-99.02
550.17,-96.49
550.18,-98.86
550.19,-98.15
550.20,-97.42
550.21,-96.48
550.23,-100.32
550.24,-99.96
550.25,-100.20
550.26,-99.75
550.27,-100.31
550.28,-99.41
550.29,-98.53
550.30,-97.42
550.31,-99.14
550.32,-100.10
550.33,-99.65
550.34,-98.66
550.36,-100.51
550.37,-100.35
550.38,-104.08
550.39,-102.54
550.40,-102.04
550.41,-102.53
550.42,-100.88
550.43,-100.67
550.44,-102.30
550.45,-100.55
550.46,-99.57
550.47,-99.81
550.49,-102.82
550.50,-101.02
550.51,-99.52
550.52,-102.38
550.53,-99.90
550.54,-99.76
550.55,-102.29
550.56,-98.81
550.57,-99.69
550.58,-101.39
550.59,-99.76
550.61,-101.10
550.62,-101.18
550.63,-101.40
550.64,-102.63
550.65,-99.07
550.66,-97.12
550.67,-99.92
550.68,-99.82
550.69,-100.94
550.70,-102.09
550.71,-101.38
550.72,-102.55
550.74,-98.90
550.75,-98.85
550.76,-102.21
550.77,-102.41
550.78,-102.47
550.79,-101.61
550.80,-101.87
550.81,-97.77
550.82,-100.11
550.83,-99.13
550.84,-101.12
550.85,-101.54
550.87,-99.37
550.88,-100.87
550.89,-103.51
550.90,-102.84
550.91,-100.45
550.92,-99.34
550.93,-100.39
550.94,-103.00
550.95,-98.34
550.96,-99.83
550.97,-99.85
550.98,-101.97
551.00,-101.99
551.01,-102.59
551.02,-103.99
551.03,-100.99
551.04,-101.11
551.05,-97.71
551.06,-98.92
551.07,-101.83
551.08,-101.67
551.09,-99.59
551.10,-99.09
551.11,-99.21
551.13,-100.66
551.14,-100.28
551.15,-99.15
551.16,-101.15
551.17,-101.98
551.18,-99.35
551.19,-99.61
551.20,-98.82
551.21,-100.26
551.22,-99.11
551.23,-100.88
551.25,-100.71
551.26,-100.68
551.27,-97.92
551.28,-98.32
551.29,-95.27
551.30,-95.77
551.31,-99.13
551.32,-97.76
551.33,-98.38
551.34,-102.14
551.35,-101.38
551.36,-100.39
551.38,-101.59
551.39,-99.41
551.40,-99.51
551.41,-99.75
551.42,-98.90
551.43,-100.14
551.44,-98.97
551.45,-99.37
551.46,-97.72
551.47,-97.57
551.48,-99.46
551.49,-101.55
551.51,-99.73
551.52,-97.09
551.53,-95.94
551.54,-94.63
551.55,-98.43
551.56,-101.33
551.57,-99.29
551.58,-98.99
551.59,-98.34
551.60,-100.34
551.61,-99.10
551.62,-98.15
551.64,-101.08
551.65,-100.19
551.66,-101.07
551.67,-101.38
551.68,-100.01
551.69,-99.91
551.70,-99.78
551.71,-99.78
551.72,-100.92
551.73,-101.09
551.74,-100.75
551.75,-101.08
551.77,-100.58
551.78,-100.73
551.79,-104.04
551.80,-100.82
551.81,-100.78
551.82,-101.21
551.83,-100.58
551.84,-97.49
551.85,-98.37
551.86,-101.49
551.87,-99.72
551.89,-98.45
551.90,-101.20
551.91,-102.05
551.92,-100.92
551.93,-101.10
551.94,-102.44
551.95,-100.56
551.96,-101.44
551.97,-101.03
551.98,-101.17
551.99,-96.08
552.00,-97.49
552.02,-101.89
552.03,-100.68
552.04,-100.02
552.05,-101.59
552.06,-101.49
552.07,-100.66
552.08,-100.76
552.09,-100.85
552.10,-103.36
552.11,-102.76
552.12,-100.87
552.13,-100.12
552.15,-100.30
552.16,-100.06
552.17,-100.42
552.18,-102.05
552.19,-102.99
552.20,-102.96
552.21,-99.57
552.22,-99.91
552.23,-104.56
552.24,-103.37
552.25,-102.66
552.26,-102.56
552.28,-103.11
552.29,-101.36
552.30,-102.48
552.31,-102.51
552.32,-101.47
552.33,-102.33
552.34,-102.24
552.35,-101.57
552.36,-100.02
552.37,-101.25
552.38,-102.73
552.39,-101.82
552.41,-102.89
552.42,-101.85
552.43,-99.52
552.44,-99.55
552.45,-102.42
552.46,-103.48
552.47,-102.42
552.48,-102.44
552.49,-101.56
552.50,-101.68
552.51,-101.87
552.53,-102.36
552.54,-101.46
552.55,-100.61
552.56,-102.53
552.57,-99.23
552.58,-95.87
552.59,-95.83
552.60,-100.84
552.61,-100.74
552.62,-100.26
552.63,-101.03
552.64,-100.33
552.66,-96.86
552.67,-97.41
552.68,-100.85
552.69,-100.53
552.70,-101.25
552.71,-101.07
552.72,-102.11
552.73,-99.64
552.74,-100.63
552.75,-100.85
552.76,-99.34
552.77,-98.20
552.79,-100.14
552.80,-100.79
552.81,-99.49
552.82,-100.38
552.83,-100.22
552.84,-98.53
552.85,-99.57
552.86,-97.79
552.87,-97.48
552.88,-97.06
552.89,-98.94
552.90,-98.68
552.92,-100.13
552.93,-99.25
552.94,-99.67
552.95,-95.10
552.96,-95.02
552.97,-97.68
552.98,-100.44
552.99,-98.29
553.00,-99.92
553.01,-99.78
553.02,-96.33
553.04,-96.31
553.05,-97.39
553.06,-97.48
553.07,-99.49
553.08,-99.19
553.09,-99.06
553.10,-94.59
553.11,-96.87
553.12,-100.37
553.13,-98.04
553.14,-98.58
553.15,-104.09
553.17,-99.36
553.18,-95.58
553.19,-97.74
553.20,-101.16
553.21,-102.40
553.22,-103.10
553.23,-103.19
553.24,-100.22
553.25,-97.16
553.26,-99.80
553.27,-101.03
553.28,-101.13
553.30,-101.57
553.31,-100.96
553.32,-94.98
553.33,-94.85
553.34,-97.17
553.35,-101.01
553.36,-98.70
553.37,-100.86
553.38,-102.35
553.39,-97.94
553.40,-97.94
553.41,-102.52
553.43,-101.56
553.44,-100.03
553.45,-100.05
553.46,-102.20
553.47,-95.39
553.48,-95.54
553.49,-101.19
553.50,-100.24
553.51,-100.35
553.52,-97.77
553.53,-97.78
553.54,-93.47
553.56,-93.54
553.57,-101.43
553.58,-100.24
553.59,-98.74
553.60,-99.39
553.61,-100.12
553.62,-98.09
553.63,-100.38
553.64,-98.15
553.65,-98.24
553.66,-99.18
553.68,-99.87
553.69,-95.57
553.70,-94.62
553.71,-96.94
553.72,-99.78
553.73,-100.82
553.74,-97.89
553.75,-97.75
553.76,-93.63
553.77,-93.37
553.78,-99.01
553.79,-99.56
553.81,-95.54
553.82,-95.27
553.83,-100.31
553.84,-93.05
553.85,-93.29
553.86,-93.98
553.87,-95.96
553.88,-95.07
553.89,-97.40
553.90,-97.93
553.91,-95.48
553.92,-96.48
553.94,-96.65
553.95,-96.04
553.96,-98.47
553.97,-97.19
553.98,-93.63
553.99,-89.08
554.00,-89.34
554.01,-92.54
554.02,-96.82
554.03,-96.22
554.04,-95.82
554.05,-93.07
554.07,-89.83
554.08,-93.36
554.09,-95.58
554.10,-94.16
554.11,-94.19
554.12,-93.13
554.13,-92.93
554.14,-91.14
554.15,-91.83
554.16,-94.05
554.17,-94.20
554.18,-93.83
554.20,-92.30
554.21,-85.13
554.22,-84.33
554.23,-86.24
554.24,-89.23
554.25,-89.01
554.26,-86.87
554.27,-85.39
554.28,-79.28
554.29,-79.27
554.30,-83.80
554.32,-83.75
554.33,-83.07
554.34,-82.56
554.35,-81.28
554.36,-76.16
554.37,-76.26
554.38,-80.40
554.39,-82.40
554.40,-84.40
554.41,-83.62
554.42,-82.35
554.43,-79.76
554.45,-81.15
554.46,-86.03
554.47,-89.09
554.48,-89.85
554.49,-89.27
554.50,-87.12
554.51,-85.95
554.52,-87.41
554.53,-91.72
554.54,-92.48
554.55,-92.39
554.56,-93.06
554.58,-91.88
554.59,-90.67
554.60,-91.49
554.61,-94.03
554.62,-95.37
554.63,-97.15
554.64,-95.74
554.65,-91.86
554.66,-92.01
554.67,-96.96
554.68,-98.22
554.69,-96.03
554.71,-95.65
554.72,-97.55
554.73,-93.08
554.74,-93.42
554.75,-98.78
554.76,-99.24
554.77,-101.27
554.78,-101.96
554.79,-96.07
554.80,-95.29
554.81,-96.44
554.82,-100.61
554.84,-100.59
554.85,-96.75
554.86,-98.06
554.87,-98.96
554.88,-98.74
554.89,-99.51
554.89,-97.08
554.90,-98.93
554.91,-99.60
554.92,-97.27
554.93,-97.77
554.94,-93.43
554.96,-93.31
554.97,-99.65
554.98,-98.40
554.99,-98.89
555.00,-98.20
555.01,-98.76
555.02,-95.85
555.03,-95.79
555.04,-101.04
555.05,-101.72
555.06,-100.17
555.07,-100.10
555.09,-97.40
555.10,-95.16
555.11,-96.21
555.12,-99.70
555.13,-98.17
555.14,-98.93
555.15,-98.96
555.16,-101.43
555.17,-96.20
555.18,-96.40
555.19,-99.44
555.20,-99.54
555.22,-96.45
555.23,-97.82
555.24,-96.33
555.25,-94.83
555.26,-96.90
555.27,-100.56
555.28,-100.60
555.29,-101.54
555.30,-99.85
555.31,-98.75
555.32,-98.51
555.33,-98.33
555.35,-100.87
555.36,-100.93
555.37,-102.26
555.38,-101.66
555.39,-99.80
555.40,-96.69
555.41,-99.86
555.42,-102.42
555.43,-100.75
555.44,-101.12
555.45,-100.72
555.46,-97.33
555.48,-97.01
555.49,-101.25
555.50,-101.90
555.51,-100.82
555.52,-97.96
555.53,-98.76
555.54,-96.30
555.55,-96.83
555.56,-102.10
555.57,-103.42
555.58,-103.06
555.60,-102.20
555.61,-104.06
555.62,-101.02
555.63,-101.92
555.64,-102.53
555.65,-104.18
555.66,-103.57
555.67,-100.17
555.68,-101.43
555.69,-97.13
555.70,-98.81
555.71,-103.44
555.73,-102.16
555.74,-101.58
555.75,-101.70
555.76,-100.57
555.77,-98.40
555.78,-100.27
555.79,-101.63
555.80,-101.32
555.81,-101.59
555.82,-100.55
555.83,-100.44
555.84,-100.87
555.86,-101.57
555.87,-101.51
555.88,-101.88
555.89,-101.60
555.90,-102.12
555.91,-100.19
555.92,-99.37
555.93,-100.25
555.94,-101.40
555.95,-103.71
555.96,-100.82
555.97,-100.66
555.99,-102.10
556.00,-102.35
556.01,-103.30
556.02,-101.78
556.03,-102.29
556.04,-106.58
556.05,-103.54
556.06,-101.38
556.07,-101.53
556.08,-101.67
556.09,-101.60
556.10,-104.18
556.12,-105.69
556.13,-102.04
556.14,-99.99
556.15,-101.13
556.16,-102.89
556.17,-104.10
556.18,-102.71
556.19,-102.75
556.20,-102.46
556.21,-99.00
556.22,-101.83
556.24,-103.88
556.25,-102.30
556.26,-101.82
556.27,-103.34
556.28,-100.56
556.29,-98.78
556.30,-102.31
556.31,-104.67
556.32,-104.41
556.33,-104.92
556.34,-105.19
556.35,-100.87
556.37,-100.03
556.38,-102.97
556.39,-102.43
556.40,-102.37
556.41,-101.71
556.42,-98.51
556.43,-97.44
556.44,-97.93
556.45,-101.63
556.46,-102.95
556.47,-103.01
556.48,-101.47
556.50,-100.75
556.51,-98.04
556.52,-103.67
556.53,-103.78
556.54,-103.33
556.55,-104.22
556.56,-102.96
556.57,-100.95
556.58,-101.04
556.59,-104.01
556.60,-101.03
556.61,-100.85
556.63,-101.37
556.64,-100.96
556.65,-102.59
556.66,-100.09
556.67,-103.33
556.68,-103.78
556.69,-101.88
556.70,-103.21
556.71,-103.63
556.72,-101.81
556.73,-100.38
556.74,-101.64
556.76,-103.60
556.77,-103.82
556.78,-103.88
556.79,-103.90
556.80,-100.73
556.81,-100.51
556.82,-102.89
556.83,-104.13
556.84,-103.34
556.85,-102.93
556.86,-102.11
556.88,-102.38
556.89,-102.06
556.90,-103.44
556.91,-100.77
556.92,-99.88
556.93,-100.05
556.94,-100.66
556.95,-99.28
556.96,-102.80
556.97,-104.62
556.98,-103.87
556.99,-102.07
557.01,-101.54
557.02,-102.55
557.03,-101.64
557.04,-101.54
557.05,-101.52
557.06,-103.95
557.07,-102.93
557.08,-103.59
557.09,-102.25
557.10,-101.14
557.11,-100.04
557.12,-98.84
557.14,-98.56
557.15,-101.56
557.16,-101.99
557.17,-96.99
557.18,-94.87
557.19,-96.47
557.20,-100.30
557.21,-100.46
557.22,-99.83
557.23,-99.30
557.24,-98.75
557.25,-98.61
557.27,-100.85
557.28,-105.45
557.29,-101.53
557.30,-101.36
557.31,-101.45
557.32,-103.04
557.33,-102.57
557.34,-102.86
557.35,-103.69
557.36,-103.68
557.37,-105.40
557.38,-103.92
557.40,-102.50
557.41,-100.96
557.42,-102.17
557.43,-105.91
557.44,-104.48
557.45,-101.73
557.46,-103.21
557.47,-101.25
557.48,-102.60
557.49,-104.38
557.50,-103.36
557.52,-102.64
557.53,-104.42
557.54,-100.98
557.55,-101.02
557.56,-103.32
557.57,-101.90
557.58,-104.08
557.59,-105.51
557.60,-104.23
557.61,-102.36
557.62,-102.46
557.63,-103.76
557.65,-101.66
557.66,-101.28
557.67,-101.33
557.68,-103.20
557.69,-102.54
557.70,-102.06
557.71,-104.61
557.72,-104.84
557.73,-104.45
557.74,-105.95
557.75,-103.98
557.76,-100.46
557.78,-100.76
557.79,-103.82
557.80,-103.60
557.81,-103.46
557.82,-103.98
557.83,-103.76
557.84,-103.76
557.85,-104.51
557.86,-98.84
557.87,-99.58
557.88,-102.32
557.89,-101.54
557.91,-102.99
557.92,-102.06
557.93,-105.10
557.94,-104.83
557.95,-105.35
557.96,-105.72
557.97,-104.92
557.98,-104.62
557.99,-102.61
558.00,-102.33
558.01,-103.78
558.03,-102.83
558.04,-103.49
558.05,-103.58
558.06,-102.61
558.07,-101.45
558.08,-104.68
558.09,-103.08
558.10,-103.47
558.11,-105.01
558.12,-104.42
558.13,-104.20
558.14,-103.74
558.16,-103.66
558.17,-103.72
558.18,-105.27
558.19,-105.60
558.20,-98.65
558.21,-97.73
558.22,-99.39
558.23,-102.31
558.24,-100.93
558.25,-100.79
558.26,-103.91
558.27,-102.33
558.29,-100.39
558.30,-100.53
558.31,-102.47
558.32,-99.68
558.33,-100.35
558.34,-104.51
558.35,-102.80
558.36,-102.55
558.37,-103.08
558.38,-105.09
558.39,-103.24
558.40,-104.01
558.42,-103.13
558.43,-101.02
558.44,-100.35
558.45,-102.99
558.46,-104.83
558.47,-103.46
558.48,-101.07
558.49,-100.82
558.50,-101.33
558.51,-99.48
558.52,-99.27
558.53,-102.97
558.55,-102.98
558.56,-102.97
558.57,-102.06
558.58,-101.99
558.59,-102.11
558.60,-102.76
558.61,-103.96
558.62,-104.68
558.63,-102.29
558.64,-102.09
558.65,-103.33
558.67,-103.68
558.68,-104.62
558.69,-105.26
558.70,-105.12
558.71,-105.50
558.72,-104.10
558.73,-103.34
558.74,-103.40
558.75,-104.23
558.76,-104.44
558.77,-107.09
558.78,-105.88
558.80,-103.10
558.81,-103.03
558.82,-103.69
558.83,-103.81
558.84,-105.14
558.85,-105.31
558.86,-104.21
558.87,-104.20
558.88,-103.19
558.89,-103.90
558.90,-106.47
558.91,-107.31
558.93,-106.91
558.94,-106.03
558.95,-105.39
558.96,-105.58
558.97,-103.12
558.98,-103.31
558.99,-107.29
559.00,-106.31
559.01,-105.38
559.02,-104.39
559.03,-106.86
559.04,-106.16
559.06,-106.12
559.07,-106.37
559.08,-106.61
559.09,-104.78
559.10,-102.85
559.11,-105.24
559.12,-105.03
559.13,-105.91
559.14,-103.24
559.15,-105.18
559.16,-106.83
559.17,-105.75
559.19,-106.06
559.20,-105.64
559.21,-103.74
559.22,-104.33
559.23,-107.98
559.24,-105.34
559.25,-105.35
559.26,-106.17
559.27,-107.03
559.28,-107.38
559.29,-106.37
559.31,-105.31
559.32,-103.78
559.33,-103.50
559.34,-105.50
559.35,-105.40
559.36,-105.40
559.37,-106.40
559.38,-104.43
559.39,-103.01
559.40,-103.28
559.41,-106.64
559.42,-106.30
559.44,-105.40
559.45,-104.06
559.46,-104.02
559.47,-103.66
559.48,-104.46
559.49,-105.73
559.50,-105.72
559.51,-106.86
559.52,-107.28
559.53,-102.92
559.54,-102.14
559.55,-103.07
559.57,-108.83
559.58,-104.89
559.59,-104.47
559.60,-104.42
559.61,-104.33
559.62,-105.15
559.63,-106.24
559.64,-106.51
559.65,-105.64
559.66,-105.36
559.67,-103.70
559.68,-102.74
559.70,-106.03
559.71,-107.48
559.72,-105.25
559.73,-104.57
559.74,-106.09
559.75,-107.16
559.76,-103.58
559.77,-103.80
559.78,-105.97
559.79,-106.43
559.80,-105.82
559.81,-106.70
559.83,-104.34
559.84,-102.15
559.85,-105.05
559.86,-105.17
559.87,-104.66
559.88,-104.71
559.88,-105.13
559.89,-103.42
559.90,-103.07
559.91,-99.99
559.92,-98.95
559.93,-97.65
559.95,-98.29
559.96,-99.22
559.97,-96.31
559.98,-97.20
559.99,-95.89
560.00,-88.93
560.01,-89.67
560.02,-97.65
560.03,-97.10
560.04,-98.27
560.05,-100.29
560.06,-100.30
560.08,-98.29
560.09,-100.25
560.10,-100.78
560.11,-103.14
560.12,-103.18
560.13,-104.07
560.14,-103.97
560.15,-105.34
560.16,-105.29
560.17,-105.46
560.18,-105.41
560.19,-104.99
560.21,-105.83
560.22,-105.09
560.23,-107.23
560.24,-107.01
560.25,-107.30
560.26,-105.56
560.27,-105.82
560.28,-106.00
560.29,-106.05
560.30,-104.75
560.31,-103.68
560.32,-104.27
560.34,-106.90
560.35,-105.84
560.36,-107.06
560.37,-104.14
560.38,-103.69
560.39,-103.02
560.40,-103.88
560.41,-107.13
560.42,-107.20
560.43,-108.95
560.44,-106.94
560.45,-106.58
560.47,-106.94
560.48,-106.29
560.49,-106.62
560.50,-106.90
560.51,-104.50
560.52,-104.77
560.53,-105.36
560.54,-106.31
560.55,-106.73
560.56,-108.68
560.57,-107.74
560.59,-106.85
560.60,-107.41
560.61,-106.09
560.62,-105.98
560.63,-106.19
560.64,-104.77
560.65,-105.16
560.66,-105.18
560.67,-108.05
560.68,-104.52
560.69,-106.16
560.70,-104.10
560.72,-104.94
560.73,-104.56
560.74,-103.92
560.75,-106.19
560.76,-106.44
560.77,-107.66
560.78,-104.87
560.79,-104.12
560.80,-104.16
560.81,-106.27
560.82,-106.09
560.83,-104.52
560.85,-107.02
560.86,-104.78
560.87,-103.11
560.88,-101.57
560.89,-104.08
560.90,-106.41
560.91,-104.77
560.92,-106.52
560.93,-107.66
560.94,-101.72
560.95,-101.53
560.96,-104.68
560.98,-104.62
560.99,-105.63
561.00,-101.27
561.01,-101.39
561.02,-104.33
561.03,-105.27
561.04,-105.70
561.05,-106.94
561.06,-107.36
561.07,-104.85
561.08,-105.94
561.09,-105.23
561.11,-105.58
561.12,-106.09
561.13,-105.81
561.14,-103.29
561.15,-103.16
561.16,-105.57
561.17,-105.57
561.18,-106.51
561.19,-106.29
561.20,-104.75
561.21,-105.13
561.23,-106.39
561.24,-105.84
561.25,-103.36
561.26,-105.86
561.27,-106.83
561.28,-105.08
561.29,-106.56
561.30,-106.67
561.31,-106.68
561.32,-105.33
561.33,-105.41
561.34,-106.89
561.36,-105.30
561.37,-104.95
561.38,-104.52
561.39,-104.53
561.40,-104.41
561.41,-105.98
561.42,-105.45
561.43,-105.27
561.44,-105.05
561.45,-106.41
561.46,-106.18
561.47,-106.00
561.49,-104.48
561.50,-102.97
561.51,-103.01
561.52,-105.06
561.53,-107.71
561.54,-105.79
561.55,-105.74
561.56,-104.00
561.57,-105.29
561.58,-105.92
561.59,-104.99
561.60,-104.82
561.62,-104.10
561.63,-104.65
561.64,-104.80
561.65,-104.83
561.66,-106.56
561.67,-104.95
561.68,-102.25
561.69,-100.37
561.70,-103.82
561.71,-106.05
561.72,-105.10
561.73,-106.87
561.75,-105.39
561.76,-103.16
561.77,-101.74
561.78,-106.70
561.79,-104.05
561.80,-105.54
561.81,-102.95
561.82,-103.26
561.83,-100.74
561.84,-100.79
561.85,-104.25
561.87,-105.77
561.88,-104.45
561.89,-104.39
561.90,-105.62
561.91,-103.85
561.92,-105.09
561.93,-106.18
561.94,-104.92
561.95,-105.95
561.96,-105.98
561.97,-105.26
561.98,-101.37
562.00,-101.86
562.01,-104.77
562.02,-105.46
562.03,-103.55
562.04,-103.39
562.05,-102.92
562.06,-102.36
562.07,-105.29
562.08,-105.21
562.09,-107.21
562.10,-105.69
562.11,-103.93
562.13,-104.08
562.14,-105.24
562.15,-106.28
562.16,-106.14
562.17,-105.48
562.18,-104.67
562.19,-102.84
562.20,-102.72
562.21,-102.11
562.22,-105.39
562.23,-106.38
562.24,-104.46
562.26,-105.70
562.27,-104.35
562.28,-103.77
562.29,-104.34
562.30,-104.96
562.31,-105.07
562.32,-103.07
562.33,-103.16
562.34,-104.33
562.35,-103.63
562.36,-105.27
562.38,-103.46
562.39,-103.27
562.40,-105.04
562.41,-105.93
562.42,-105.37
562.43,-103.06
562.44,-104.01
562.45,-105.84
562.46,-104.59
562.47,-107.28
562.48,-105.58
562.49,-101.23
562.51,-101.11
562.52,-104.94
562.53,-104.22
562.54,-104.84
562.55,-104.18
562.56,-102.98
562.57,-104.42
562.58,-104.38
562.59,-103.07
562.60,-104.81
562.61,-105.38
562.62,-105.94
562.64,-106.50
562.65,-104.88
562.66,-104.74
562.67,-105.66
562.68,-102.90
562.69,-102.72
562.70,-105.22
562.71,-104.77
562.72,-102.06
562.73,-102.06
562.74,-106.23
562.75,-104.07
562.77,-103.92
562.78,-105.70
562.79,-105.42
562.80,-103.35
562.81,-104.88
562.82,-103.02
562.83,-103.22
562.84,-105.00
562.85,-104.88
562.86,-105.51
562.87,-102.52
562.88,-102.52
562.90,-104.79
562.91,-104.53
562.92,-104.89
562.93,-105.17
562.94,-102.56
562.95,-100.68
562.96,-103.98
562.97,-102.75
562.98,-103.28
562.99,-106.59
563.00,-105.49
563.02,-105.28
563.03,-104.52
563.04,-104.55
563.05,-103.69
563.06,-106.53
563.07,-104.22
563.08,-105.07
563.09,-103.14
563.10,-103.27
563.11,-106.01
563.12,-105.83
563.13,-105.93
563.15,-103.61
563.16,-104.61
563.17,-104.93
563.18,-105.41
563.19,-104.37
563.20,-106.89
563.21,-105.21
563.22,-104.83
563.23,-103.56
563.24,-102.52
563.25,-102.77
563.26,-106.08
563.28,-105.76
563.29,-105.85
563.30,-106.19
563.31,-106.46
563.32,-103.26
563.33,-103.33
563.34,-105.36
563.35,-105.28
563.36,-105.09
563.37,-104.81
563.38,-104.66
563.39,-102.41
563.41,-102.70
563.42,-105.01
563.43,-106.41
563.44,-106.39
563.45,-105.96
563.46,-106.20
563.47,-104.33
563.48,-107.06
563.49,-106.48
563.50,-106.04
563.51,-105.68
563.52,-106.11
563.54,-104.83
563.55,-104.39
563.56,-104.95
563.57,-105.89
563.58,-106.22
563.59,-106.85
563.60,-107.07
563.61,-103.53
563.62,-103.55
563.63,-104.02
563.64,-106.19
563.66,-106.25
563.67,-105.71
563.68,-105.43
563.69,-104.89
563.70,-103.79
563.71,-104.12
563.72,-105.95
563.73,-105.39
563.74,-103.09
563.75,-104.71
563.76,-104.16
563.77,-106.09
563.79,-104.99
563.80,-107.86
563.81,-105.52
563.82,-105.50
563.83,-104.29
563.84,-101.66
563.85,-102.51
563.86,-104.15
563.87,-104.19
563.88,-106.67
563.89,-104.89
563.90,-102.37
563.92,-101.13
563.93,-105.49
563.94,-106.13
563.95,-106.16
563.96,-106.58
563.97,-103.73
563.98,-105.36
563.99,-101.66
564.00,-101.47
564.01,-103.23
564.02,-106.05
564.03,-102.58
564.05,-102.83
564.06,-101.26
564.07,-103.28
564.08,-103.92
564.09,-101.74
564.10,-103.05
564.11,-103.99
564.12,-102.91
564.13,-99.93
564.14,-99.55
564.15,-99.73
564.16,-103.90
564.18,-104.03
564.19,-106.19
564.20,-102.11
564.21,-98.69
564.22,-99.76
564.23,-103.81
564.24,-103.68
564.25,-104.80
564.26,-104.60
564.27,-100.21
564.28,-99.32
564.30,-101.36
564.31,-102.69
564.32,-103.97
564.33,-105.29
564.34,-102.56
564.35,-101.80
564.36,-101.70
564.37,-102.50
564.38,-102.40
564.39,-104.56
564.40,-103.68
564.41,-100.35
564.43,-97.51
564.44,-98.02
564.45,-101.30
564.46,-101.49
564.47,-99.53
564.48,-98.51
564.49,-98.36
564.50,-94.10
564.51,-91.82
564.52,-98.80
564.53,-99.33
564.54,-98.13
564.56,-96.65
564.57,-93.23
564.58,-88.25
564.59,-91.42
564.60,-96.18
564.61,-95.01
564.62,-95.22
564.63,-96.51
564.64,-90.42
564.65,-88.88
564.66,-90.93
564.67,-95.44
564.69,-94.98
564.70,-98.41
564.71,-98.34
564.72,-93.47
564.73,-92.87
564.74,-97.38
564.75,-100.67
564.76,-103.18
564.77,-100.26
564.78,-100.01
564.79,-98.03
564.80,-97.67
564.82,-98.97
564.83,-99.87
564.84,-100.26
564.85,-104.58
564.86,-104.83
564.87,-98.80
564.87,-100.00
564.88,-100.11
564.89,-103.77
564.90,-104.58
564.91,-104.36
564.92,-105.19
564.94,-102.46
564.95,-98.40
564.96,-98.84
564.97,-102.84
564.98,-104.99
564.99,-103.75
565.00,-103.00
565.01,-103.88
565.02,-102.38
565.03,-104.03
565.04,-104.75
565.05,-105.56
565.07,-106.16
565.08,-107.52
565.09,-104.52
565.10,-103.55
565.11,-104.49
565.12,-103.29
565.13,-104.56
565.14,-105.07
565.15,-104.65
565.16,-102.62
565.17,-102.61
565.18,-106.40
565.20,-104.33
565.21,-104.17
565.22,-104.26
565.23,-104.19
565.24,-99.84
565.25,-100.43
565.26,-104.08
565.27,-102.73
565.28,-102.86
565.29,-104.62
565.30,-104.59
565.31,-101.78
565.33,-102.82
565.34,-105.67
565.35,-105.93
565.36,-105.89
565.37,-107.20
565.38,-106.00
565.39,-104.55
565.40,-103.11
565.41,-103.31
565.42,-105.40
565.43,-104.91
565.44,-104.10
565.46,-103.52
565.47,-102.59
565.48,-101.91
565.49,-105.99
565.50,-104.23
565.51,-105.68
565.52,-106.26
565.53,-104.79
565.54,-103.75
565.55,-105.07
565.56,-103.34
565.58,-102.41
565.59,-99.78
565.60,-100.30
565.61,-100.28
565.62,-100.17
565.63,-102.25
565.64,-97.63
565.65,-96.61
565.66,-101.07
565.67,-101.54
565.68,-101.78
565.69,-100.58
565.71,-100.85
565.72,-102.87
565.73,-105.46
565.74,-103.33
565.75,-103.73
565.76,-102.58
565.77,-104.45
565.78,-106.37
565.79,-105.85
565.80,-106.47
565.81,-107.73
565.82,-105.79
565.84,-104.90
565.85,-104.80
565.86,-107.53
565.87,-106.05
565.88,-106.31
565.89,-106.61
565.90,-106.78
565.91,-105.57
565.92,-105.62
565.93,-105.45
565.94,-105.97
565.95,-105.98
565.97,-107.93
565.98,-105.98
565.99,-105.89
566.00,-107.88
566.01,-107.13
566.02,-107.70
566.03,-104.18
566.04,-103.74
566.05,-104.11
566.06,-104.19
566.07,-105.80
566.08,-105.65
566.10,-104.02
566.11,-104.38
566.12,-107.52
566.13,-103.87
566.14,-103.86
566.15,-105.48
566.16,-104.77
566.17,-104.40
566.18,-106.10
566.19,-103.56
566.20,-104.25
566.22,-105.67
566.23,-106.17
566.24,-106.55
566.25,-104.61
566.26,-106.52
566.27,-103.23
566.28,-103.14
566.29,-103.18
566.30,-106.08
566.31,-105.82
566.32,-106.87
566.33,-105.08
566.35,-104.98
566.36,-106.42
566.37,-106.93
566.38,-105.24
566.39,-107.35
566.40,-105.53
566.41,-104.15
566.42,-104.13
566.43,-104.80
566.44,-105.53
566.45,-106.92
566.46,-108.30
566.48,-107.68
566.49,-103.96
566.50,-104.79
566.51,-106.22
566.52,-106.41
566.53,-106.24
566.54,-106.69
566.55,-108.11
566.56,-105.69
566.57,-103.12
566.58,-105.13
566.59,-106.80
566.61,-107.21
566.62,-107.68
566.63,-104.24
566.64,-104.51
566.65,-105.53
566.66,-104.63
566.67,-104.16
566.68,-106.51
566.69,-108.39
566.70,-105.33
566.71,-105.18
566.72,-106.29
566.74,-106.29
566.75,-105.16
566.76,-104.70
566.77,-106.06
566.78,-105.71
566.79,-105.58
566.80,-108.89
566.81,-107.96
566.82,-107.95
566.83,-106.54
566.84,-106.53
566.86,-107.09
566.87,-106.23
566.88,-104.74
566.89,-103.52
566.90,-106.96
566.91,-106.23
566.92,-105.79
566.93,-105.84
566.94,-107.33
566.95,-104.87
566.96,-106.84
566.97,-107.32
566.99,-105.27
567.00,-104.84
567.01,-106.04
567.02,-105.28
567.03,-104.66
567.04,-106.07
567.05,-105.45
567.06,-104.02
567.07,-105.03
567.08,-104.21
567.09,-105.36
567.10,-107.11
567.12,-105.85
567.13,-106.18
567.14,-104.79
567.15,-104.44
567.16,-107.01
567.17,-106.14
567.18,-104.81
567.19,-106.10
567.20,-106.42
567.21,-105.35
567.22,-105.38
567.23,-102.77
567.25,-102.59
567.26,-103.91
567.27,-106.47
567.28,-106.13
567.29,-108.19
567.30,-105.29
567.31,-105.37
567.32,-104.53
567.33,-104.71
567.34,-108.74
567.35,-107.71
567.37,-108.06
567.38,-106.38
567.39,-107.09
567.40,-107.16
567.41,-107.01
567.42,-108.36
567.43,-108.82
567.44,-106.83
567.45,-106.72
567.46,-106.72
567.47,-107.11
567.48,-105.04
567.50,-104.39
567.51,-104.21
567.52,-104.11
567.53,-106.69
567.54,-106.11
567.55,-106.75
567.56,-107.28
567.57,-107.46
567.58,-107.25
567.59,-104.40
567.60,-104.10
567.61,-102.83
567.63,-105.62
567.64,-105.45
567.65,-106.29
567.66,-105.91
567.67,-106.13
567.68,-105.64
567.69,-105.07
567.70,-104.14
567.71,-104.85
567.72,-104.83
567.73,-105.49
567.74,-104.92
567.76,-103.52
567.77,-103.27
567.78,-104.85
567.79,-105.31
567.80,-104.22
567.81,-104.24
567.82,-105.97
567.83,-104.89
567.84,-105.88
567.85,-105.89
567.86,-105.72
567.87,-106.22
567.89,-106.94
567.90,-108.32
567.91,-106.78
567.92,-104.99
567.93,-105.92
567.94,-105.80
567.95,-105.78
567.96,-108.03
567.97,-103.33
567.98,-103.38
567.99,-106.76
568.01,-108.01
568.02,-105.17
568.03,-104.47
568.04,-104.59
568.05,-106.65
568.06,-106.58
568.07,-106.96
568.08,-106.87
568.09,-106.25
568.10,-107.34
568.11,-106.40
568.12,-104.34
568.14,-105.99
568.15,-104.47
568.16,-105.03
568.17,-104.60
568.18,-105.99
568.19,-106.15
568.20,-105.99
568.21,-105.96
568.22,-105.61
568.23,-105.70
568.24,-106.26
568.25,-105.73
568.27,-106.79
568.28,-104.30
568.29,-104.09
568.30,-104.42
568.31,-107.77
568.32,-107.66
568.33,-107.20
568.34,-106.20
568.35,-106.34
568.36,-106.67
568.37,-107.09
568.38,-105.37
568.40,-104.39
568.41,-106.01
568.42,-105.38
568.43,-104.90
568.44,-103.91
568.45,-102.24
568.46,-104.17
568.47,-102.74
568.48,-104.93
568.49,-105.14
568.50,-105.60
568.51,-105.61
568.53,-105.38
568.54,-105.91
568.55,-106.77
568.56,-105.71
568.57,-103.82
568.58,-104.64
568.59,-106.67
568.60,-104.17
568.61,-102.55
568.62,-107.04
568.63,-106.72
568.65,-105.56
568.66,-105.76
568.67,-107.14
568.68,-105.68
568.69,-105.60
568.70,-106.84
568.71,-106.01
568.72,-106.94
568.73,-107.76
568.74,-107.33
568.75,-106.80
568.76,-106.63
568.78,-107.40
568.79,-107.35
568.80,-107.57
568.81,-107.59
568.82,-107.74
568.83,-107.85
568.84,-105.39
568.85,-106.08
568.86,-106.17
568.87,-106.60
568.88,-106.95
568.89,-106.89
568.91,-105.92
568.92,-106.15
568.93,-107.89
568.94,-105.55
568.95,-107.11
568.96,-106.95
568.97,-105.81
568.98,-106.16
568.99,-107.25
569.00,-107.13
569.01,-105.61
569.02,-105.57
569.04,-107.44
569.05,-107.35
569.06,-107.63
569.07,-106.41
569.08,-105.77
569.09,-103.90
569.10,-105.21
569.11,-105.78
569.12,-105.86
569.13,-102.86
569.14,-104.24
569.15,-108.27
569.17,-105.82
569.18,-105.09
569.19,-107.84
569.20,-108.72
569.21,-106.02
569.22,-108.31
569.23,-105.44
569.24,-104.72
569.25,-105.72
569.26,-106.88
569.27,-108.63
569.29,-107.50
569.30,-105.95
569.31,-105.77
569.32,-107.89
569.33,-106.85
569.34,-106.71
569.35,-108.23
569.36,-107.75
569.37,-106.83
569.38,-106.41
569.39,-106.89
569.40,-107.42
569.42,-106.78
569.43,-107.27
569.44,-108.55
569.45,-108.52
569.46,-105.62
569.47,-105.69
569.48,-106.32
569.49,-107.30
569.50,-108.34
569.51,-107.54
569.52,-106.99
569.53,-106.50
569.55,-107.25
569.56,-106.76
569.57,-106.93
569.58,-106.99
569.59,-105.46
569.60,-105.58
569.61,-105.51
569.62,-105.86
569.63,-105.87
569.64,-107.56
569.65,-106.78
569.66,-107.27
569.68,-105.91
569.69,-105.93
569.70,-106.00
569.71,-105.22
569.72,-106.82
569.73,-106.32
569.74,-105.85
569.75,-105.46
569.76,-105.79
569.77,-106.21
569.78,-105.53
569.79,-104.67
569.81,-105.88
569.82,-105.87
569.83,-105.31
569.84,-105.95
569.85,-104.15
569.86,-100.69
569.86,-99.76
569.87,-101.05
569.88,-103.97
569.89,-104.52
569.90,-104.04
569.91,-103.69
569.93,-104.72
569.94,-103.77
569.95,-105.55
569.96,-105.07
569.97,-103.95
569.98,-103.17
569.99,-98.79
570.00,-97.49
570.01,-102.98
570.02,-106.14
570.03,-105.63
570.04,-105.27
570.06,-107.03
570.07,-107.70
570.08,-105.26
570.09,-105.11
570.10,-103.71
570.11,-105.46
570.12,-106.03
570.13,-107.41
570.14,-104.02
570.15,-103.28
570.16,-104.63
570.17,-104.89
570.19,-104.76
570.20,-105.01
570.21,-104.94
570.22,-106.13
570.23,-106.27
570.24,-105.65
570.25,-106.79
570.26,-107.41
570.27,-105.17
570.28,-104.41
570.29,-106.00
570.30,-106.06
570.32,-106.21
570.33,-105.01
570.34,-106.84
570.35,-105.28
570.36,-105.17
570.37,-105.50
570.38,-107.05
570.39,-106.25
570.40,-106.57
570.41,-107.03
570.42,-108.30
570.43,-107.58
570.45,-106.86
570.46,-106.41
570.47,-108.18
570.48,-107.92
570.49,-108.03
570.50,-106.01
570.51,-106.84
570.52,-107.06
570.53,-107.37
570.54,-109.15
570.55,-108.03
570.57,-106.51
570.58,-107.15
570.59,-107.05
570.60,-107.00
570.61,-107.22
570.62,-106.24
570.63,-106.21
570.64,-109.08
570.65,-106.99
570.66,-106.90
570.67,-107.05
570.68,-106.26
570.70,-106.30
570.71,-108.60
570.72,-107.04
570.73,-104.98
570.74,-106.25
570.75,-106.57
570.76,-107.40
570.77,-106.66
570.78,-104.66
570.79,-104.35
570.80,-102.88
570.81,-102.77
570.83,-104.73
570.84,-103.57
570.85,-104.05
570.86,-107.80
570.87,-104.07
570.88,-104.70
570.89,-106.44
570.90,-106.70
570.91,-106.46
570.92,-104.77
570.93,-104.83
570.94,-108.35
570.96,-109.23
570.97,-108.47
570.98,-108.12
570.99,-107.65
571.00,-108.51
571.01,-108.17
571.02,-108.17
571.03,-108.11
571.04,-107.60
571.05,-109.56
571.06,-108.75
571.07,-109.09
571.09,-108.90
571.10,-106.51
571.11,-106.27
571.12,-108.38
571.13,-107.48
571.14,-107.72
571.15,-106.81
571.16,-107.69
571.17,-105.77
571.18,-107.39
571.19,-108.85
571.21,-108.59
571.22,-105.99
571.23,-105.94
571.24,-105.45
571.25,-108.05
571.26,-108.03
571.27,-105.10
571.28,-103.43
571.29,-102.96
571.30,-104.15
571.31,-105.62
571.32,-104.37
571.34,-106.80
571.35,-106.87
571.36,-107.36
571.37,-106.26
571.38,-105.04
571.39,-105.54
571.40,-105.94
571.41,-108.39
571.42,-106.88
571.43,-106.97
571.44,-107.94
571.45,-108.62
571.47,-107.64
571.48,-107.50
571.49,-107.58
571.50,-107.08
571.51,-107.26
571.52,-107.01
571.53,-106.10
571.54,-106.16
571.55,-107.15
571.56,-106.93
571.57,-107.34
571.58,-107.08
571.60,-108.81
571.61,-108.47
571.62,-108.15
571.63,-105.72
571.64,-105.81
571.65,-106.84
571.66,-107.83
571.67,-106.88
571.68,-107.69
571.69,-108.31
571.70,-107.78
571.71,-102.75
571.73,-102.87
571.74,-106.60
571.75,-106.63
571.76,-105.25
571.77,-105.14
571.78,-107.36
571.79,-107.56
571.80,-107.64
571.81,-106.89
571.82,-107.94
571.83,-105.84
571.85,-107.07
571.86,-105.10
571.87,-103.58
571.88,-105.67
571.89,-106.64
571.90,-103.77
571.91,-102.51
571.92,-103.65
571.93,-105.56
571.94,-103.96
571.95,-105.21
571.96,-104.45
571.98,-98.69
571.99,-98.78
572.00,-103.19
572.01,-106.55
572.02,-106.02
572.03,-107.66
572.04,-105.97
572.05,-103.72
572.06,-104.02
572.07,-107.26
572.08,-106.14
572.09,-106.97
572.11,-107.29
572.12,-107.77
572.13,-107.72
572.14,-105.68
572.15,-105.56
572.16,-106.09
572.17,-108.38
572.18,-106.64
572.19,-105.85
572.20,-106.38
572.21,-106.65
572.22,-106.15
572.24,-106.99
572.25,-103.67
572.26,-104.29
572.27,-105.04
572.28,-106.76
572.29,-107.31
572.30,-102.49
572.31,-99.35
572.32,-101.80
572.33,-105.35
572.34,-106.20
572.36,-105.59
572.37,-107.55
572.38,-108.41
572.39,-108.51
572.40,-107.18
572.41,-106.43
572.42,-105.53
572.43,-106.19
572.44,-106.34
572.45,-107.82
572.46,-107.20
572.47,-107.19
572.49,-106.75
572.50,-102.09
572.51,-102.83
572.52,-107.61
572.53,-107.44
572.54,-107.02
572.55,-106.64
572.56,-106.96
572.57,-106.92
572.58,-108.01
572.59,-106.24
572.60,-106.19
572.62,-104.64
572.63,-102.58
572.64,-105.73
572.65,-105.11
572.66,-106.32
572.67,-105.94
572.68,-106.51
572.69,-104.39
572.70,-103.19
572.71,-103.92
572.72,-106.29
572.73,-105.37
572.75,-105.10
572.76,-103.94
572.77,-106.14
572.78,-105.73
572.79,-105.32
572.80,-105.09
572.81,-105.42
572.82,-105.41
572.83,-107.51
572.84,-107.27
572.85,-106.99
572.86,-107.54
572.88,-105.52
572.89,-104.49
572.90,-106.21
572.91,-107.24
572.92,-100.27
572.93,-100.52
572.94,-105.05
572.95,-104.80
572.96,-105.16
572.97,-107.75
572.98,-105.71
573.00,-104.37
573.01,-105.11
573.02,-106.68
573.03,-107.79
573.04,-107.65
573.05,-107.55
573.06,-105.64
573.07,-106.88
573.08,-104.88
573.09,-106.02
573.10,-105.98
573.11,-106.80
573.13,-106.48
573.14,-104.14
573.15,-103.68
573.16,-105.65
573.17,-103.53
573.18,-104.56
573.19,-103.91
573.20,-105.72
573.21,-106.84
573.22,-106.51
573.23,-106.85
573.24,-106.56
573.26,-106.88
573.27,-105.87
573.28,-105.53
573.29,-105.81
573.30,-106.69
573.31,-106.01
573.32,-106.56
573.33,-106.45
573.34,-106.04
573.35,-107.51
573.36,-105.65
573.37,-105.80
573.39,-106.42
573.40,-106.56
573.41,-107.38
573.42,-106.72
573.43,-106.05
573.44,-105.36
573.45,-106.01
573.46,-104.97
573.47,-106.30
573.48,-107.00
573.49,-106.59
573.50,-105.83
573.52,-107.70
573.53,-107.52
573.54,-106.06
573.55,-106.05
573.56,-106.97
573.57,-104.53
573.58,-105.56
573.59,-105.93
573.60,-106.90
573.61,-106.49
573.62,-106.39
573.64,-105.04
573.65,-107.09
573.66,-105.79
573.67,-105.38
573.68,-105.28
573.69,-106.07
573.70,-107.37
573.71,-107.37
573.72,-106.26
573.73,-106.48
573.74,-105.18
573.75,-104.49
573.77,-105.20
573.78,-104.30
573.79,-103.53
573.80,-105.04
573.81,-105.55
573.82,-104.62
573.83,-104.64
573.84,-104.91
573.85,-105.14
573.86,-105.35
573.87,-104.71
573.88,-103.47
573.90,-103.42
573.91,-104.08
573.92,-104.11
573.93,-106.31
573.94,-106.90
573.95,-105.11
573.96,-104.41
573.97,-104.03
573.98,-103.58
573.99,-106.25
574.00,-105.10
574.01,-103.53
574.03,-102.39
574.04,-104.04
574.05,-102.47
574.06,-101.46
574.07,-101.82
574.08,-106.01
574.09,-105.41
574.10,-103.33
574.11,-102.54
574.12,-101.17
574.13,-102.12
574.14,-106.60
574.16,-104.76
574.17,-105.07
574.18,-104.81
574.19,-105.02
574.20,-105.01
574.21,-104.96
574.22,-105.23
574.23,-104.68
574.24,-104.76
574.25,-101.82
574.26,-101.50
574.28,-104.24
574.29,-104.42
574.30,-105.88
574.31,-106.33
574.32,-105.21
574.33,-106.56
574.34,-106.87
574.35,-106.66
574.36,-107.23
574.37,-105.25
574.38,-105.06
574.39,-105.38
574.41,-104.67
574.42,-101.97
574.43,-102.40
574.44,-106.54
574.45,-106.05
574.46,-102.27
574.47,-103.58
574.48,-106.34
574.49,-103.04
574.50,-103.12
574.51,-106.62
574.52,-106.09
574.54,-103.86
574.55,-104.16
574.56,-104.93
574.57,-104.30
574.58,-105.73
574.59,-106.16
574.60,-105.37
574.61,-104.30
574.62,-104.52
574.63,-107.59
574.64,-103.70
574.65,-106.30
574.67,-105.72
574.68,-105.53
574.69,-107.22
574.70,-106.52
574.71,-106.28
574.72,-106.32
574.73,-105.47
574.74,-106.93
574.75,-106.93
574.76,-104.05
574.77,-103.99
574.78,-105.67
574.80,-105.85
574.81,-106.34
574.82,-105.57
574.83,-108.25
574.84,-106.71
574.85,-105.96
574.85,-107.04
574.86,-107.23
574.87,-104.72
574.88,-105.31
574.89,-107.02
574.90,-106.78
574.92,-105.86
574.93,-107.07
574.94,-106.21
574.95,-104.55
574.96,-106.56
574.97,-106.97
574.98,-105.55
574.99,-105.32
575.00,-105.23
575.01,-107.19
575.02,-106.33
575.03,-105.30
575.05,-105.35
575.06,-105.79
575.07,-104.75
575.08,-105.50
575.09,-105.37
575.10,-104.43
575.11,-106.26
575.12,-108.07
575.13,-105.16
575.14,-104.78
575.15,-103.83
575.16,-105.22
575.18,-106.45
575.19,-106.06
575.20,-105.28
575.21,-106.66
575.22,-106.13
575.23,-106.91
575.24,-105.24
575.25,-105.25
575.26,-106.76
575.27,-105.91
575.28,-109.51
575.29,-107.70
575.31,-105.93
575.32,-107.26
575.33,-106.50
575.34,-106.64
575.35,-106.50
575.36,-106.36
575.37,-106.07
575.38,-107.03
575.39,-106.68
575.40,-106.48
575.41,-106.48
575.42,-106.69
575.44,-107.06
575.45,-108.10
575.46,-107.55
575.47,-107.44
575.48,-105.52
575.49,-105.31
575.50,-107.93
575.51,-105.68
575.52,-106.40
575.53,-105.64
575.54,-106.48
575.56,-106.89
575.57,-108.88
575.58,-108.29
575.59,-108.23
575.60,-108.33
575.61,-104.16
575.62,-102.99
575.63,-106.17
575.64,-105.36
575.65,-107.72
575.66,-104.45
575.67,-104.75
575.69,-107.47
575.70,-106.70
575.71,-107.38
575.72,-107.44
575.73,-108.46
575.74,-108.76
575.75,-107.32
575.76,-106.75
575.77,-106.67
575.78,-107.07
575.79,-107.44
575.80,-106.21
575.82,-107.65
575.83,-104.76
575.84,-104.47
575.85,-107.15
575.86,-104.35
575.87,-104.38
575.88,-106.97
575.89,-106.40
575.90,-104.86
575.91,-104.85
575.92,-105.15
575.93,-106.34
575.95,-107.41
575.96,-105.43
575.97,-105.90
575.98,-103.42
575.99,-99.76
576.00,-96.56
576.01,-100.55
576.02,-105.71
576.03,-106.46
576.04,-105.56
576.05,-104.86
576.06,-105.21
576.08,-105.49
576.09,-105.62
576.10,-105.56
576.11,-104.90
576.12,-105.22
576.13,-106.10
576.14,-106.47
576.15,-104.79
576.16,-108.70
576.17,-107.31
576.18,-106.82
576.20,-105.38
576.21,-105.42
576.22,-104.40
576.23,-105.12
576.24,-105.03
576.25,-105.25
576.26,-106.95
576.27,-106.61
576.28,-106.08
576.29,-106.25
576.30,-106.12
576.31,-106.15
576.33,-105.47
576.34,-104.15
576.35,-104.62
576.36,-104.69
576.37,-103.72
576.38,-103.73
576.39,-106.60
576.40,-105.23
576.41,-106.05
576.42,-106.63
576.43,-106.23
576.44,-106.67
576.46,-108.84
576.47,-108.39
576.48,-104.89
576.49,-104.90
576.50,-104.72
576.51,-102.67
576.52,-101.73
576.53,-107.08
576.54,-104.65
576.55,-104.62
576.56,-104.08
576.57,-104.31
576.59,-102.93
576.60,-103.02
576.61,-105.12
576.62,-105.71
576.63,-104.22
576.64,-104.40
576.65,-104.05
576.66,-103.67
576.67,-103.99
576.68,-105.57
576.69,-104.58
576.70,-105.20
576.72,-103.07
576.73,-103.44
576.74,-102.66
576.75,-101.72
576.76,-105.79
576.77,-104.04
576.78,-103.31
576.79,-104.31
576.80,-103.69
576.81,-103.50
576.82,-102.81
576.84,-102.64
576.85,-104.23
576.86,-102.03
576.87,-100.92
576.88,-102.29
576.89,-103.67
576.90,-101.45
576.91,-101.12
576.92,-101.99
576.93,-101.88
576.94,-102.37
576.95,-102.85
576.97,-99.98
576.98,-100.00
576.99,-103.68
577.00,-102.83
577.01,-103.74
577.02,-103.31
577.03,-104.10
577.04,-102.92
577.05,-101.78
577.06,-102.72
577.07,-102.76
577.08,-102.56
577.10,-101.89
577.11,-102.35
577.12,-101.15
577.13,-100.68
577.14,-101.97
577.15,-100.01
577.16,-99.50
577.17,-100.10
577.18,-101.80
577.19,-102.44
577.20,-101.15
577.21,-99.76
577.23,-101.65
577.24,-101.78
577.25,-100.83
577.26,-101.02
577.27,-101.78
577.28,-100.67
577.29,-102.22
577.30,-102.54
577.31,-102.35
577.32,-99.76
577.33,-99.26
577.35,-99.27
577.36,-98.46
577.37,-98.48
577.38,-99.41
577.39,-97.72
577.40,-96.75
577.41,-97.79
577.42,-99.20
577.43,-99.70
577.44,-99.86
577.45,-98.77
577.46,-100.48
577.48,-98.25
577.49,-95.85
577.50,-95.70
577.51,-95.54
577.52,-94.90
577.53,-93.26
577.54,-93.43
577.55,-95.18
577.56,-93.39
577.57,-94.09
577.58,-94.37
577.59,-96.27
577.61,-96.86
577.62,-99.63
577.63,-100.22
577.64,-100.05
577.65,-98.35
577.66,-98.51
577.67,-98.62
577.68,-98.46
577.69,-100.59
577.70,-98.86
577.71,-98.34
577.72,-98.78
577.74,-100.05
577.75,-98.06
577.76,-100.72
577.77,-101.89
577.78,-99.21
577.79,-97.86
577.80,-97.47
577.81,-98.54
577.82,-99.63
577.83,-101.21
577.84,-99.49
577.85,-99.94
577.87,-100.32
577.88,-101.64
577.89,-99.14
577.90,-98.98
577.91,-100.41
577.92,-100.76
577.93,-100.65
577.94,-101.42
577.95,-101.98
577.96,-102.23
577.97,-99.43
577.99,-99.49
578.00,-102.20
578.01,-101.88
578.02,-102.28
578.03,-103.15
578.04,-100.98
578.05,-100.90
578.06,-100.99
578.07,-103.17
578.08,-103.68
578.09,-103.67
578.10,-103.47
578.12,-103.44
578.13,-102.43
578.14,-104.75
578.15,-103.69
578.16,-103.59
578.17,-103.36
578.18,-103.30
578.19,-101.39
578.20,-102.97
578.21,-103.20
578.22,-104.85
578.23,-105.45
578.25,-102.09
578.26,-102.04
578.27,-103.09
578.28,-103.32
578.29,-104.24
578.30,-99.72
578.31,-95.55
578.32,-98.82
578.33,-102.69
578.34,-104.44
578.35,-103.35
578.36,-104.48
578.38,-105.44
578.39,-103.32
578.40,-103.30
578.41,-104.68
578.42,-102.31
578.43,-102.63
578.44,-102.56
578.45,-104.02
578.46,-104.70
578.47,-104.46
578.48,-102.17
578.49,-102.43
578.51,-103.48
578.52,-105.25
578.53,-104.72
578.54,-105.77
578.55,-106.44
578.56,-105.21
578.57,-100.97
578.58,-100.79
578.59,-104.13
578.60,-102.26
578.61,-104.46
578.63,-104.73
578.64,-103.72
578.65,-104.11
578.66,-101.34
578.67,-102.99
578.68,-104.04
578.69,-102.16
578.70,-102.08
578.71,-104.04
578.72,-103.40
578.73,-103.05
578.74,-103.98
578.76,-105.21
578.77,-107.46
578.78,-105.01
578.79,-103.95
578.80,-104.64
578.81,-105.48
578.82,-106.52
578.83,-104.36
578.84,-103.53
578.85,-104.12
578.86,-101.92
578.87,-102.38
578.89,-104.20
578.90,-105.11
578.91,-104.63
578.92,-105.90
578.93,-104.76
578.94,-104.16
578.95,-105.36
578.96,-106.35
578.97,-105.52
578.98,-104.46
578.99,-104.36
579.00,-103.40
579.02,-103.00
579.03,-105.78
579.04,-105.10
579.05,-104.83
579.06,-102.77
579.07,-102.18
579.08,-101.57
579.09,-101.86
579.10,-102.35
579.11,-104.75
579.12,-105.24
579.13,-104.28
579.15,-104.25
579.16,-103.72
579.17,-102.86
579.18,-102.72
579.19,-103.50
579.20,-104.72
579.21,-104.28
579.22,-104.07
579.23,-103.57
579.24,-102.11
579.25,-101.98
579.27,-103.82
579.28,-103.84
579.29,-101.54
579.30,-101.54
579.31,-104.38
579.32,-103.56
579.33,-105.43
579.34,-106.78
579.35,-105.17
579.36,-104.46
579.37,-104.25
579.38,-103.94
579.40,-105.83
579.41,-104.75
579.42,-104.51
579.43,-104.54
579.44,-104.38
579.45,-102.81
579.46,-103.11
579.47,-103.77
579.48,-106.12
579.49,-104.74
579.50,-105.38
579.51,-105.27
579.53,-103.62
579.54,-103.39
579.55,-104.38
579.56,-103.86
579.57,-104.13
579.58,-103.38
579.59,-103.31
579.60,-102.44
579.61,-104.14
579.62,-105.83
579.63,-104.11
579.64,-104.29
579.66,-104.02
579.67,-103.17
579.68,-101.88
579.69,-104.77
579.70,-103.60
579.71,-103.47
579.72,-104.27
579.73,-103.37
579.74,-102.33
579.75,-102.28
579.76,-103.93
579.77,-104.40
579.79,-103.73
579.80,-102.88
579.81,-102.32
579.82,-104.77
579.83,-104.40
579.84,-103.69
579.84,-104.10
579.85,-104.25
579.86,-104.81
579.87,-103.25
579.88,-103.23
579.89,-105.20
579.91,-105.62
579.92,-105.06
579.93,-105.29
579.94,-105.55
579.95,-105.72
579.96,-106.21
579.97,-105.32
579.98,-105.65
579.99,-104.28
580.00,-103.34
580.01,-106.15
580.02,-105.87
580.04,-105.77
580.05,-104.88
580.06,-104.88
580.07,-104.02
580.08,-105.19
580.09,-104.57
580.10,-106.44
580.11,-106.40
580.12,-104.81
580.13,-105.66
580.14,-105.21
580.15,-105.37
580.17,-104.65
580.18,-104.35
580.19,-105.95
580.20,-105.49
580.21,-105.77
580.22,-105.81
580.23,-104.77
580.24,-105.02
580.25,-104.38
580.26,-104.98
580.27,-103.27
580.28,-105.74
580.30,-106.60
580.31,-105.42
580.32,-106.46
580.33,-106.29
580.34,-106.40
580.35,-105.53
580.36,-105.37
580.37,-105.30
580.38,-105.10
580.39,-105.95
580.40,-106.74
580.41,-107.77
580.43,-106.13
580.44,-106.92
580.45,-103.37
580.46,-103.30
580.47,-106.40
580.48,-107.06
580.49,-106.96
580.50,-104.32
580.51,-105.38
580.52,-109.34
580.53,-108.05
580.55,-107.33
580.56,-106.32
580.57,-106.23
580.58,-107.14
580.59,-107.01
580.60,-106.92
580.61,-106.38
580.62,-105.94
580.63,-105.94
580.64,-104.91
580.65,-106.63
580.66,-105.85
580.68,-104.83
580.69,-106.44
580.70,-105.77
580.71,-107.69
580.72,-106.21
580.73,-106.23
580.74,-107.24
580.75,-107.88
580.76,-108.51
580.77,-105.64
580.78,-103.25
580.79,-104.99
580.81,-108.59
580.82,-107.18
580.83,-106.04
580.84,-106.60
580.85,-109.58
580.86,-108.17
580.87,-107.83
580.88,-108.31
580.89,-106.90
580.90,-106.95
580.91,-107.45
580.92,-105.53
580.94,-105.80
580.95,-105.60
580.96,-107.77
580.97,-105.62
580.98,-106.42
580.99,-105.68
581.00,-105.56
581.01,-103.90
581.02,-107.03
581.03,-106.14
581.04,-108.07
581.05,-106.75
581.07,-106.30
581.08,-107.79
581.09,-106.04
581.10,-106.83
581.11,-106.29
581.12,-105.70
581.13,-103.75
581.14,-105.14
581.15,-104.68
581.16,-104.76
581.17,-102.68
581.19,-103.26
581.20,-106.82
581.21,-104.75
581.22,-104.19
581.23,-104.84
581.24,-104.65
581.25,-104.36
581.26,-104.06
581.27,-104.31
581.28,-104.86
581.29,-106.76
581.30,-104.53
581.32,-103.23
581.33,-103.18
581.34,-104.91
581.35,-104.99
581.36,-105.88
581.37,-105.87
581.38,-103.40
581.39,-103.38
581.40,-103.43
581.41,-105.32
581.42,-105.77
581.43,-106.38
581.45,-104.99
581.46,-103.52
581.47,-104.27
581.48,-104.75
581.49,-104.11
581.50,-104.06
581.51,-104.19
581.52,-105.65
581.53,-105.35
581.54,-105.47
581.55,-105.23
581.56,-104.29
581.58,-105.43
581.59,-104.15
581.60,-104.09
581.61,-104.38
581.62,-105.54
581.63,-103.46
581.64,-102.75
581.65,-104.65
581.66,-102.79
581.67,-102.88
581.68,-101.01
581.69,-99.79
581.71,-100.27
581.72,-103.17
581.73,-101.46
581.74,-104.01
581.75,-101.72
581.76,-102.24
581.77,-104.85
581.78,-105.27
581.79,-104.58
581.80,-103.46
581.81,-103.18
581.83,-104.44
581.84,-105.35
581.85,-106.02
581.86,-100.09
581.87,-101.25
581.88,-102.52
581.89,-104.61
581.90,-103.72
581.91,-103.53
581.92,-103.51
581.93,-102.05
581.94,-102.04
581.96,-104.28
581.97,-102.67
581.98,-102.54
581.99,-102.43
582.00,-102.41
582.01,-102.46
582.02,-103.64
582.03,-103.85
582.04,-104.52
582.05,-103.75
582.06,-103.61
582.07,-104.37
582.09,-104.27
582.10,-104.50
582.11,-103.99
582.12,-103.83
582.13,-103.84
582.14,-104.88
582.15,-105.32
582.16,-105.43
582.17,-106.30
582.18,-105.22
582.19,-105.14
582.20,-104.71
582.22,-103.49
582.23,-104.21
582.24,-104.80
582.25,-105.06
582.26,-105.20
582.27,-104.93
582.28,-105.40
582.29,-103.48
582.30,-103.59
582.31,-104.30
582.32,-103.81
582.34,-104.07
582.35,-105.30
582.36,-106.64
582.37,-105.47
582.38,-105.28
582.39,-103.84
582.40,-104.07
582.41,-105.16
582.42,-103.27
582.43,-102.05
582.44,-104.75
582.45,-105.78
582.47,-105.94
582.48,-105.64
582.49,-102.54
582.50,-101.76
582.51,-103.82
582.52,-104.00
582.53,-103.91
582.54,-102.17
582.55,-102.30
582.56,-102.42
582.57,-100.41
582.58,-100.38
582.60,-104.22
582.61,-105.58
582.62,-104.51
582.63,-103.68
582.64,-105.47
582.65,-104.00
582.66,-104.07
582.67,-104.85
582.68,-104.72
582.69,-104.71
582.70,-103.12
582.71,-101.83
582.73,-105.90
582.74,-106.51
582.75,-103.99
582.76,-104.83
582.77,-104.63
582.78,-102.77
582.79,-102.83
582.80,-105.01
582.81,-105.08
582.82,-106.32
582.83,-106.20
582.84,-104.71
582.86,-100.03
582.87,-99.83
582.88,-102.58
582.89,-105.21
582.90,-104.08
582.91,-103.72
582.92,-103.92
582.93,-100.07
582.94,-99.77
582.95,-103.83
582.96,-103.84
582.98,-102.78
582.99,-102.30
583.00,-101.62
583.01,-98.85
583.02,-98.14
583.03,-101.64
583.04,-101.84
583.05,-100.97
583.06,-98.28
583.07,-97.22
583.08,-98.86
583.09,-101.79
583.11,-101.64
583.12,-101.81
583.13,-103.62
583.14,-102.39
583.15,-102.57
583.16,-103.68
583.17,-103.43
583.18,-103.86
583.19,-104.47
583.20,-105.88
583.21,-105.01
583.22,-105.00
583.24,-105.33
583.25,-104.88
583.26,-104.04
583.27,-104.21
583.28,-105.23
583.29,-103.30
583.30,-103.23
583.31,-105.52
583.32,-105.41
583.33,-105.36
583.34,-106.63
583.35,-105.86
583.37,-106.53
583.38,-103.98
583.39,-104.41
583.40,-105.92
583.41,-105.96
583.42,-105.80
583.43,-106.48
583.44,-102.37
583.45,-102.34
583.46,-103.61
583.47,-101.14
583.48,-101.74
583.50,-105.40
583.51,-106.70
583.52,-106.62
583.53,-105.42
583.54,-104.44
583.55,-105.77
583.56,-105.34
583.57,-106.61
583.58,-105.76
583.59,-104.60
583.60,-102.54
583.62,-104.59
583.63,-106.42
583.64,-106.46
583.65,-105.98
583.66,-104.70
583.67,-102.35
583.68,-102.46
583.69,-104.50
583.70,-107.56
583.71,-106.93
583.72,-106.04
583.73,-107.21
583.75,-102.22
583.76,-100.60
583.77,-105.52
583.78,-105.22
583.79,-106.33
583.80,-107.11
583.81,-103.70
583.82,-103.64
583.83,-104.43
583.84,-106.65
583.85,-105.98
583.86,-103.58
583.88,-102.60
583.89,-102.71
583.90,-105.71
583.91,-105.77
583.92,-108.10
583.93,-106.62
583.94,-105.00
583.95,-104.32
583.96,-103.40
583.97,-104.28
583.98,-104.26
583.99,-103.49
584.01,-103.54
584.02,-108.76
584.03,-104.29
584.04,-103.12
584.05,-102.01
584.06,-105.57
584.07,-108.68
584.08,-105.66
584.09,-105.02
584.10,-106.54
584.11,-104.51
584.12,-103.55
584.14,-105.05
584.15,-106.05
584.16,-106.19
584.17,-105.41
584.18,-105.64
584.19,-105.00
584.20,-105.54
584.21,-106.11
584.22,-105.62
584.23,-106.87
584.24,-108.24
584.26,-105.45
584.27,-104.24
584.28,-103.19
584.29,-106.18
584.30,-104.98
584.31,-103.73
