Frequency (Hz),Level (dBm)
50.00,-84.94
50.03,-84.71
50.05,-83.94
50.08,-79.54
50.11,-78.44
50.14,-80.32
50.16,-83.72
50.19,-79.11
50.22,-80.22
50.24,-79.72
50.27,-80.23
50.30,-85.48
50.33,-84.16
50.35,-84.41
50.38,-86.77
50.41,-90.27
50.43,-90.30
50.46,-84.02
50.49,-82.53
50.52,-85.32
50.54,-88.34
50.57,-81.74
50.60,-81.73
50.62,-82.58
50.65,-80.20
50.68,-69.76
50.71,-69.84
50.73,-80.22
50.76,-80.88
50.79,-79.08
50.81,-81.50
50.84,-82.96
50.87,-81.21
50.89,-81.38
50.92,-83.24
50.95,-84.69
50.98,-83.55
51.00,-82.93
51.03,-83.12
51.06,-78.82
51.08,-78.79
51.11,-81.07
51.14,-81.67
51.17,-81.10
51.19,-84.79
51.22,-87.47
51.25,-84.19
51.27,-80.28
51.30,-79.68
51.33,-79.00
51.36,-81.53
51.38,-85.24
51.41,-83.30
51.44,-82.68
51.46,-87.05
51.49,-83.87
51.52,-82.93
51.55,-82.92
51.57,-85.08
51.60,-83.99
51.63,-82.60
51.65,-84.22
51.68,-89.15
51.71,-82.70
51.74,-82.80
51.76,-85.63
51.79,-82.54
51.82,-85.42
51.84,-89.76
51.87,-84.10
51.90,-84.66
51.93,-87.05
51.95,-83.79
51.98,-83.74
52.01,-88.86
52.03,-88.30
52.06,-93.68
52.09,-90.01
52.12,-81.69
52.14,-81.33
52.17,-83.62
52.20,-84.37
52.22,-82.84
52.25,-86.07
52.28,-86.24
52.31,-79.01
52.33,-78.79
52.36,-82.63
52.39,-81.00
52.41,-79.29
52.44,-79.54
52.47,-85.45
52.49,-81.43
52.52,-78.53
52.55,-78.61
52.58,-82.70
52.60,-88.95
52.63,-82.99
52.66,-84.50
52.68,-81.67
52.71,-80.70
52.74,-81.79
52.77,-79.02
52.79,-78.76
52.82,-81.61
52.85,-84.92
52.87,-82.25
52.90,-80.67
52.93,-80.66
52.96,-82.69
52.98,-93.38
53.01,-82.28
53.04,-82.59
53.06,-84.15
53.09,-81.66
53.12,-81.22
53.15,-82.00
53.17,-86.49
53.20,-85.55
53.23,-84.34
53.25,-84.47
53.28,-81.81
53.31,-82.43
53.34,-84.45
53.36,-79.85
53.39,-77.40
53.42,-78.24
53.44,-83.79
53.47,-84.65
53.50,-83.15
53.53,-84.13
53.55,-83.86
53.58,-82.56
53.61,-79.96
53.63,-81.60
53.66,-78.71
53.69,-78.83
53.72,-81.43
53.74,-67.69
53.77,-67.34
53.80,-75.59
53.82,-85.75
53.85,-82.88
53.88,-81.58
53.91,-86.00
53.93,-78.71
53.96,-77.52
53.99,-83.24
54.01,-89.29
54.04,-78.04
54.07,-78.12
54.10,-85.35
54.12,-82.82
54.15,-79.78
54.18,-81.10
54.20,-81.64
54.23,-79.48
54.26,-79.30
54.28,-84.53
54.31,-83.62
54.34,-79.96
54.37,-79.99
54.39,-80.68
54.42,-82.04
54.45,-85.28
54.47,-83.60
54.50,-83.43
54.53,-83.53
54.56,-83.93
54.58,-84.01
54.61,-86.23
54.64,-86.15
54.66,-86.75
54.69,-82.15
54.72,-82.25
54.75,-85.06
54.77,-87.47
54.80,-79.59
54.83,-79.42
54.85,-83.60
54.88,-85.69
54.91,-87.10
54.94,-89.99
54.96,-81.35
54.99,-80.79
55.02,-83.65
55.04,-85.05
55.07,-82.83
55.10,-84.06
55.13,-85.14
55.15,-83.42
55.18,-83.55
55.21,-84.49
55.23,-84.14
55.26,-80.75
55.29,-71.04
55.32,-71.52
55.34,-86.68
55.37,-90.34
55.40,-86.93
55.42,-84.28
55.45,-84.20
55.48,-81.95
55.51,-80.78
55.53,-80.48
55.56,-85.75
55.59,-85.41
55.61,-81.87
55.64,-82.53
55.67,-80.78
55.70,-80.74
55.72,-83.15
55.75,-83.17
55.78,-83.19
55.80,-83.40
55.83,-82.72
55.86,-81.47
55.88,-81.43
55.91,-86.83
55.94,-85.16
55.97,-80.37
55.99,-80.94
56.02,-82.15
56.05,-81.79
56.07,-85.91
56.10,-90.45
56.13,-84.14
56.16,-80.89
56.18,-82.79
56.21,-87.40
56.24,-83.62
56.26,-82.73
56.29,-83.72
56.32,-84.50
56.35,-83.81
56.37,-86.38
56.40,-89.62
56.43,-80.04
56.45,-79.70
56.48,-85.77
56.51,-86.79
56.54,-82.89
56.56,-82.97
56.59,-84.90
56.62,-81.11
56.64,-80.73
56.67,-86.50
56.70,-86.90
56.73,-81.06
56.75,-81.17
56.78,-79.07
56.81,-65.24
56.83,-63.20
56.86,-66.91
56.89,-83.12
56.92,-81.96
56.94,-82.04
56.97,-81.82
57.00,-81.84
57.02,-82.78
57.05,-84.94
57.08,-85.10
57.11,-83.05
57.13,-82.60
57.16,-88.00
57.19,-84.15
57.21,-83.78
57.24,-88.01
57.27,-84.54
57.30,-82.94
57.32,-83.96
57.35,-87.25
57.38,-83.43
57.40,-80.85
57.43,-80.86
57.46,-88.13
57.48,-88.50
57.51,-88.57
57.54,-81.54
57.57,-81.63
57.59,-84.06
57.62,-85.84
57.65,-81.71
57.67,-82.30
57.70,-86.88
57.73,-83.36
57.76,-83.36
57.78,-85.21
57.81,-87.54
57.84,-86.53
57.86,-86.80
57.89,-81.59
57.92,-80.52
57.95,-80.76
57.97,-84.30
58.00,-85.12
58.03,-85.95
58.05,-86.12
58.08,-82.23
58.11,-82.37
58.14,-82.77
58.16,-81.50
58.19,-81.31
58.22,-84.75
58.24,-82.80
58.27,-81.85
58.30,-81.16
58.33,-81.10
58.35,-71.00
58.38,-70.48
58.41,-75.71
58.43,-80.77
58.46,-81.62
58.49,-81.64
58.52,-84.60
58.54,-83.01
58.57,-81.56
58.60,-84.11
58.62,-86.93
58.65,-81.32
58.68,-82.06
58.71,-87.55
58.73,-86.32
58.76,-85.48
58.79,-85.26
58.81,-85.85
58.84,-82.85
58.87,-83.80
58.90,-83.28
58.92,-83.48
58.95,-85.05
58.98,-83.85
59.00,-82.95
59.03,-84.52
59.06,-87.00
59.09,-85.29
59.11,-85.65
59.14,-86.24
59.17,-88.22
59.19,-90.25
59.22,-83.85
59.25,-83.50
59.27,-89.54
59.30,-85.37
59.33,-80.45
59.36,-80.68
59.38,-84.67
59.41,-82.45
59.44,-82.45
59.46,-88.13
59.49,-83.77
59.52,-81.41
59.55,-82.80
59.57,-86.97
59.60,-84.47
59.63,-83.98
59.65,-85.16
59.68,-87.19
59.71,-82.67
59.74,-82.86
59.76,-88.35
59.79,-81.36
59.82,-80.98
59.84,-84.98
59.87,-76.85
59.90,-70.80
59.93,-72.03
59.95,-88.45
59.98,-81.57
60.01,-80.40
60.03,-84.06
60.06,-86.31
60.09,-81.34
60.12,-81.68
60.14,-87.94
60.17,-87.86
60.20,-87.73
60.22,-89.24
60.25,-89.78
60.28,-88.79
60.31,-88.40
60.33,-90.00
60.36,-95.04
60.39,-94.56
60.41,-86.32
60.44,-85.28
60.47,-88.21
60.50,-87.20
60.52,-84.30
60.55,-87.89
60.58,-93.69
60.60,-94.08
60.63,-93.56
60.66,-94.51
60.69,-90.21
60.71,-89.81
60.74,-91.08
60.77,-91.59
60.79,-85.95
60.82,-85.33
60.85,-86.29
60.87,-89.12
60.90,-87.86
60.93,-84.47
60.96,-84.41
60.98,-88.45
61.01,-90.75
61.04,-93.03
61.06,-86.54
61.09,-91.98
61.12,-91.53
61.15,-89.68
61.17,-86.82
61.20,-87.10
61.23,-91.37
61.25,-88.66
61.28,-88.86
61.31,-88.20
61.34,-87.95
61.36,-89.24
61.39,-84.00
61.42,-70.97
61.44,-69.63
61.47,-73.97
61.50,-90.79
61.53,-94.61
61.55,-86.50
61.58,-86.27
61.61,-89.28
61.63,-90.03
61.66,-89.98
61.69,-95.62
61.72,-89.33
61.74,-83.81
61.77,-83.92
61.80,-86.34
61.82,-87.47
61.85,-85.64
61.88,-87.11
61.91,-84.74
61.93,-80.23
61.96,-80.76
61.99,-88.60
62.01,-83.06
62.04,-81.65
62.07,-84.06
62.10,-86.04
62.12,-83.80
62.15,-84.29
62.18,-87.42
62.20,-79.79
62.23,-79.17
62.26,-83.26
62.29,-92.77
62.31,-83.48
62.34,-83.64
62.37,-88.29
62.39,-82.62
62.42,-81.13
62.45,-85.22
62.48,-92.62
62.48,-88.18
62.50,-89.67
62.53,-93.94
62.56,-82.58
62.58,-81.14
62.61,-81.88
62.64,-84.78
62.66,-88.17
62.69,-84.90
62.72,-87.05
62.75,-90.65
62.77,-91.24
62.80,-93.17
62.83,-91.91
62.85,-90.20
62.88,-86.00
62.91,-86.28
62.94,-83.69
62.96,-74.76
62.99,-74.85
63.02,-88.86
63.04,-83.54
63.07,-82.66
63.10,-85.49
63.13,-91.37
63.15,-96.03
63.18,-96.02
63.21,-93.44
63.23,-91.30
63.26,-87.27
63.29,-86.45
63.32,-92.07
63.34,-88.56
63.37,-85.43
63.40,-86.73
63.42,-95.27
63.45,-88.62
63.48,-84.29
63.51,-83.48
63.53,-83.75
63.56,-89.41
63.59,-90.56
63.61,-90.92
63.64,-89.24
63.67,-89.58
63.70,-90.83
63.72,-90.08
63.75,-87.63
63.78,-88.04
63.80,-91.15
63.83,-90.90
63.86,-101.15
63.89,-92.94
63.91,-91.26
63.94,-90.93
63.97,-85.61
63.99,-85.95
64.02,-85.16
64.05,-86.85
64.08,-86.77
64.10,-83.21
64.13,-81.69
64.16,-83.92
64.18,-90.30
64.21,-87.36
64.24,-87.35
64.26,-88.60
64.29,-82.22
64.32,-79.81
64.35,-81.32
64.37,-87.41
64.40,-87.39
64.43,-81.58
64.45,-82.62
64.48,-77.57
64.51,-74.10
64.54,-76.84
64.56,-87.36
64.59,-90.11
64.62,-86.39
64.64,-87.15
64.67,-86.77
64.70,-91.01
64.73,-102.65
64.75,-88.42
64.78,-86.39
64.81,-88.82
64.83,-102.67
64.86,-90.73
64.89,-89.90
64.92,-84.49
64.94,-84.40
64.97,-85.58
65.00,-81.55
65.02,-83.51
65.05,-88.80
65.08,-92.34
65.11,-91.41
65.13,-92.21
65.16,-91.74
65.19,-91.83
65.21,-93.05
65.24,-92.43
65.27,-83.52
65.30,-83.24
65.32,-87.50
65.35,-83.16
65.38,-81.27
65.40,-83.63
65.43,-84.23
65.46,-86.45
65.49,-90.32
65.51,-88.70
65.54,-87.41
65.57,-86.69
65.59,-95.55
65.62,-90.74
65.65,-82.16
65.68,-81.42
65.70,-85.47
65.73,-91.85
65.76,-85.67
65.78,-87.70
65.81,-86.61
65.84,-83.65
65.86,-83.06
65.89,-85.16
65.92,-82.35
65.95,-81.88
65.97,-82.36
66.00,-84.00
66.03,-71.33
66.05,-70.76
66.08,-78.78
66.11,-85.46
66.14,-82.91
66.16,-82.97
66.19,-94.46
66.22,-86.46
66.24,-85.68
66.27,-85.46
66.30,-84.80
66.33,-83.94
66.35,-84.91
66.38,-84.50
66.41,-85.87
66.43,-88.31
66.46,-88.68
66.49,-86.33
66.52,-82.41
66.54,-82.64
66.57,-89.03
66.60,-93.09
66.62,-94.12
66.65,-90.51
66.68,-91.36
66.71,-92.44
66.73,-86.15
66.76,-88.21
66.79,-87.68
66.81,-83.78
66.84,-84.66
66.87,-87.44
66.90,-85.45
66.92,-87.15
66.95,-87.17
66.98,-86.29
67.00,-85.45
67.03,-87.13
67.06,-90.70
67.09,-90.27
67.11,-85.50
67.14,-83.47
67.17,-84.88
67.19,-82.99
67.22,-83.23
67.25,-84.11
67.28,-84.22
67.30,-88.46
67.33,-94.88
67.36,-84.82
67.38,-84.86
67.41,-90.68
67.44,-83.41
67.47,-82.88
67.49,-86.69
67.52,-89.38
67.55,-87.73
67.57,-75.59
67.60,-75.64
67.63,-85.56
67.65,-90.26
67.68,-84.15
67.71,-92.94
67.74,-82.99
67.76,-83.19
67.79,-97.32
67.82,-85.95
67.84,-85.27
67.87,-89.28
67.90,-90.41
67.93,-79.63
67.95,-79.55
67.98,-86.83
68.01,-80.73
68.03,-80.11
68.06,-84.61
68.09,-87.01
68.12,-79.63
68.14,-79.68
68.17,-85.30
68.20,-83.51
68.22,-82.38
68.25,-86.75
68.28,-89.70
68.31,-81.99
68.33,-81.76
68.36,-90.23
68.39,-84.10
68.41,-82.99
68.44,-86.42
68.47,-90.90
68.50,-81.99
68.52,-82.00
68.55,-86.92
68.58,-79.45
68.60,-77.91
68.63,-79.17
68.66,-83.33
68.69,-83.14
68.71,-86.07
68.74,-85.33
68.77,-79.65
68.79,-78.30
68.82,-81.30
68.85,-86.22
68.88,-82.42
68.90,-82.38
68.93,-85.82
68.96,-79.69
68.98,-79.99
69.01,-82.13
69.04,-83.35
69.07,-77.32
69.09,-72.59
69.12,-70.39
69.15,-74.30
69.17,-83.49
69.20,-90.13
69.23,-81.93
69.25,-75.67
69.28,-76.15
69.31,-84.60
69.34,-76.91
69.36,-76.87
69.39,-88.04
69.42,-84.29
69.44,-78.66
69.47,-79.33
69.50,-96.45
69.53,-80.02
69.55,-79.06
69.58,-84.36
69.61,-80.91
69.63,-80.98
69.66,-81.04
69.69,-83.39
69.72,-86.82
69.74,-80.16
69.77,-82.35
69.80,-83.82
69.82,-79.26
69.85,-79.12
69.88,-84.22
69.91,-79.55
69.93,-79.45
69.96,-82.13
69.99,-78.87
70.01,-79.13
70.04,-82.56
70.07,-89.15
70.10,-82.71
70.12,-80.33
70.15,-82.86
70.18,-82.25
70.20,-81.24
70.23,-82.24
70.26,-84.67
70.29,-84.08
70.31,-82.98
70.34,-79.94
70.37,-79.50
70.39,-80.54
70.42,-81.30
70.45,-89.80
70.48,-79.44
70.50,-79.46
70.53,-83.68
70.56,-87.19
70.58,-83.34
70.61,-80.47
70.64,-75.67
70.67,-74.41
70.69,-77.91
70.72,-83.43
70.75,-85.66
70.77,-84.02
70.80,-83.26
70.83,-82.13
70.85,-82.46
70.88,-85.38
70.91,-83.77
70.94,-86.17
70.96,-86.17
70.99,-89.77
71.02,-85.81
71.04,-85.21
71.07,-85.28
71.10,-83.74
71.13,-82.45
71.15,-76.71
71.18,-76.79
71.21,-80.15
71.23,-79.66
71.26,-79.09
71.29,-80.85
71.32,-83.76
71.34,-82.73
71.37,-81.64
71.40,-82.52
71.42,-84.53
71.45,-83.73
71.48,-85.74
71.51,-92.09
71.53,-78.96
71.56,-78.55
71.59,-89.79
71.61,-84.26
71.64,-84.66
71.67,-82.48
71.70,-80.85
71.72,-80.74
71.75,-89.70
71.78,-83.54
71.80,-81.97
71.83,-82.73
71.86,-80.57
71.89,-83.44
71.91,-83.75
71.94,-86.11
71.97,-80.76
71.99,-72.92
72.02,-73.41
72.05,-81.26
72.08,-83.74
72.10,-82.30
72.13,-84.11
72.16,-76.97
72.18,-67.11
72.21,-67.24
72.24,-83.24
72.27,-80.20
72.29,-76.97
72.32,-77.12
72.35,-82.53
72.37,-79.37
72.40,-80.22
72.43,-85.69
72.45,-84.79
72.48,-81.79
72.51,-84.49
72.54,-79.72
72.56,-79.45
72.59,-80.47
72.62,-82.54
72.64,-83.18
72.67,-82.63
72.70,-88.48
72.73,-83.42
72.75,-84.17
72.78,-81.66
72.81,-82.25
72.83,-73.16
72.86,-73.08
72.89,-84.57
72.92,-75.68
72.94,-72.90
72.97,-74.41
73.00,-88.22
73.02,-86.43
73.05,-84.07
73.08,-84.47
73.11,-83.03
73.13,-83.00
73.16,-83.97
73.19,-84.13
73.21,-82.77
73.24,-85.87
73.27,-85.99
73.30,-87.52
73.32,-88.00
73.35,-83.72
73.38,-81.59
73.40,-82.68
73.43,-85.06
73.46,-83.22
73.49,-83.14
73.51,-89.90
73.54,-84.09
73.57,-83.92
73.59,-81.59
73.62,-81.48
73.65,-87.37
73.68,-90.30
73.70,-75.31
73.73,-72.90
73.76,-76.20
73.78,-86.65
73.81,-90.03
73.84,-87.76
73.87,-83.23
73.89,-82.72
73.92,-85.04
73.95,-87.81
73.97,-86.98
74.00,-86.79
74.03,-87.00
74.06,-86.12
74.08,-82.83
74.11,-82.82
74.14,-79.96
74.16,-79.97
74.19,-81.12
74.22,-59.33
74.24,-55.92
74.27,-58.33
74.30,-78.01
74.33,-90.07
74.35,-77.67
74.38,-77.64
74.41,-86.46
74.43,-85.59
74.46,-86.96
74.49,-91.53
74.52,-86.55
74.54,-85.82
74.57,-86.74
74.60,-84.33
74.62,-86.51
74.65,-80.73
74.68,-79.84
74.71,-83.28
74.73,-87.69
74.76,-89.30
74.79,-86.53
74.81,-80.37
74.84,-81.79
74.87,-83.63
74.90,-94.42
74.92,-89.99
74.95,-85.60
74.95,-85.93
74.98,-87.21
75.00,-88.83
75.03,-89.58
75.06,-90.42
75.09,-89.48
75.11,-95.40
75.14,-90.96
75.17,-82.40
75.19,-80.96
75.22,-82.89
75.25,-68.42
75.28,-68.12
75.30,-76.83
75.33,-80.00
75.36,-79.01
75.38,-80.41
75.41,-86.22
75.44,-80.94
75.47,-80.72
75.49,-78.24
75.52,-78.01
75.55,-81.43
75.57,-81.08
75.60,-76.95
75.63,-74.84
75.66,-74.91
75.68,-76.69
75.71,-76.40
75.74,-77.62
75.76,-77.31
75.79,-79.94
75.82,-79.86
75.84,-68.84
75.87,-68.35
75.90,-75.71
75.93,-68.34
75.95,-68.09
75.98,-71.95
76.01,-79.19
76.03,-79.87
76.06,-79.35
76.09,-76.30
76.12,-75.24
76.14,-78.86
76.17,-76.61
76.20,-76.15
76.22,-81.27
76.25,-73.03
76.28,-73.71
76.31,-78.96
76.33,-79.68
76.36,-79.45
76.39,-79.38
76.41,-79.06
76.44,-81.22
76.47,-80.37
76.50,-77.35
76.52,-78.51
76.55,-77.29
76.58,-73.07
76.60,-73.65
76.63,-84.45
76.66,-77.81
76.69,-77.28
76.71,-77.32
76.74,-73.02
76.77,-70.52
76.79,-69.16
76.82,-69.95
76.85,-75.56
76.88,-75.03
76.90,-76.77
76.93,-77.45
76.96,-77.56
76.98,-77.38
77.01,-77.89
77.04,-77.80
77.07,-77.34
77.09,-77.39
77.12,-81.07
77.15,-75.90
77.17,-77.65
77.20,-76.57
77.23,-79.02
77.26,-76.89
77.28,-77.05
77.31,-74.70
77.34,-75.12
77.36,-79.94
77.39,-79.31
77.42,-76.33
77.44,-74.27
77.47,-74.25
77.50,-78.20
77.53,-77.19
77.55,-77.71
77.58,-80.35
77.61,-76.27
77.63,-77.27
77.66,-78.36
77.69,-76.54
77.72,-73.49
77.74,-72.25
77.77,-72.30
77.80,-76.80
77.82,-81.05
77.85,-75.80
77.88,-75.84
77.91,-74.95
77.93,-75.43
77.96,-79.89
77.99,-75.50
78.01,-74.98
78.04,-78.10
78.07,-83.77
78.10,-81.04
78.12,-87.64
78.15,-82.43
78.18,-79.90
78.20,-89.23
78.23,-76.75
78.26,-76.65
78.29,-82.85
78.31,-75.27
78.34,-73.63
78.37,-76.88
78.39,-78.02
78.42,-74.77
78.45,-74.77
78.48,-78.27
78.50,-75.22
78.53,-77.23
78.56,-76.37
78.58,-75.52
78.61,-75.73
78.64,-80.65
78.67,-80.74
78.69,-81.38
78.72,-76.60
78.75,-76.78
78.77,-83.18
78.80,-83.08
78.83,-84.81
78.86,-79.27
78.88,-76.31
78.91,-76.95
78.94,-80.88
78.96,-81.15
78.99,-85.12
79.02,-85.16
79.05,-83.88
79.07,-84.09
79.10,-79.01
79.13,-77.63
79.15,-77.19
79.18,-77.95
79.21,-80.48
79.23,-80.80
79.26,-83.12
79.29,-86.15
79.32,-82.06
79.34,-81.79
79.37,-81.59
79.40,-81.59
79.42,-80.87
79.45,-79.74
79.48,-82.51
79.51,-85.06
79.53,-88.17
79.56,-89.10
79.59,-85.71
79.61,-81.18
79.64,-82.49
79.67,-87.99
79.70,-85.00
79.72,-89.93
79.75,-81.97
79.78,-81.95
79.80,-81.81
79.83,-82.57
79.86,-77.85
79.89,-78.23
79.91,-84.53
79.94,-86.77
79.97,-76.21
79.99,-71.14
80.02,-72.10
80.05,-86.25
80.08,-78.60
80.10,-78.56
80.13,-85.99
80.16,-99.65
80.18,-87.41
80.21,-80.30
80.24,-80.19
80.27,-87.12
80.29,-89.53
80.32,-86.68
80.35,-86.76
80.37,-89.06
80.40,-86.96
80.43,-86.70
80.46,-85.89
80.48,-84.06
80.51,-86.22
80.54,-90.69
80.56,-91.45
80.59,-92.35
80.62,-85.19
80.65,-85.19
80.67,-79.57
80.70,-79.22
80.73,-84.30
80.75,-96.25
80.78,-91.50
80.81,-90.64
80.83,-92.04
80.86,-92.76
80.89,-93.99
80.92,-99.57
80.94,-89.23
80.97,-87.11
81.00,-91.38
81.02,-95.17
81.05,-88.67
81.08,-88.61
81.11,-94.35
81.13,-81.92
81.16,-81.56
81.19,-84.20
81.21,-84.99
81.24,-85.43
81.27,-88.50
81.30,-88.80
81.32,-90.54
81.35,-88.66
81.38,-85.23
81.40,-83.88
81.43,-84.04
81.46,-86.38
81.49,-84.36
81.51,-84.68
81.54,-91.31
81.57,-88.07
81.59,-87.26
81.62,-89.66
81.65,-85.62
81.68,-85.29
81.70,-89.17
81.73,-87.25
81.76,-85.99
81.78,-85.46
81.81,-89.02
81.84,-90.98
81.87,-93.00
81.89,-88.17
81.92,-85.56
81.95,-86.19
81.97,-94.07
82.00,-88.94
82.03,-88.12
82.06,-90.49
82.08,-91.45
82.11,-85.78
82.14,-80.71
82.16,-79.76
82.19,-81.11
82.22,-82.53
82.25,-81.45
82.27,-85.09
82.30,-89.82
82.33,-87.30
82.35,-85.43
82.38,-86.81
82.41,-88.84
82.44,-91.38
82.46,-79.61
82.49,-78.90
82.52,-80.91
82.54,-84.72
82.57,-83.73
82.60,-81.76
82.62,-83.52
82.65,-83.29
82.68,-87.27
82.71,-86.00
82.73,-87.33
82.76,-85.38
82.79,-89.16
82.81,-80.42
82.84,-80.51
82.87,-89.59
82.90,-89.75
82.92,-78.05
82.95,-76.57
82.98,-81.57
83.00,-91.84
83.03,-85.40
83.06,-86.19
83.09,-87.84
83.11,-87.88
83.14,-86.04
83.17,-85.98
83.19,-86.92
83.22,-86.85
83.25,-88.60
83.28,-82.79
83.30,-81.49
83.33,-83.59
83.36,-82.65
83.38,-80.63
83.41,-78.06
83.44,-79.91
83.47,-87.22
83.49,-85.22
83.52,-84.99
83.55,-84.58
83.57,-89.35
83.60,-87.46
83.63,-87.65
83.66,-83.41
83.68,-81.96
83.71,-83.40
83.74,-83.66
83.76,-82.82
83.79,-86.01
83.82,-88.09
83.85,-97.67
83.87,-91.61
83.90,-90.84
83.93,-83.73
83.95,-82.74
83.98,-72.92
84.01,-72.34
84.04,-80.03
84.06,-86.10
84.09,-86.10
84.12,-83.10
84.14,-82.34
84.17,-83.40
84.20,-82.10
84.22,-81.05
84.25,-84.44
84.28,-82.87
84.31,-82.51
84.33,-84.50
84.36,-85.31
84.39,-88.90
84.41,-87.79
84.44,-81.71
84.47,-71.66
84.50,-71.74
84.52,-79.50
84.55,-76.18
84.58,-76.24
84.60,-85.15
84.63,-84.36
84.66,-92.61
84.69,-94.36
84.71,-79.71
84.74,-82.69
84.77,-84.28
84.79,-83.78
84.82,-90.44
84.85,-89.98
84.88,-88.98
84.90,-76.28
84.93,-75.88
84.96,-79.75
84.98,-85.79
85.01,-80.73
85.04,-80.88
85.07,-88.82
85.09,-81.65
85.12,-81.50
85.15,-82.40
85.17,-82.52
85.20,-83.98
85.23,-83.71
85.26,-88.65
85.28,-89.19
85.31,-91.60
85.34,-80.16
85.36,-84.62
85.39,-86.54
85.42,-80.71
85.45,-80.41
85.47,-85.38
85.50,-80.01
85.53,-80.19
85.55,-86.78
85.58,-83.04
85.61,-72.99
85.64,-64.42
85.66,-64.53
85.69,-75.61
85.72,-87.92
85.74,-85.03
85.77,-83.00
85.80,-83.63
85.82,-83.19
85.85,-82.42
85.88,-85.75
85.91,-85.17
85.93,-85.80
85.96,-85.82
85.99,-80.83
86.01,-77.20
86.04,-79.72
86.07,-85.48
86.10,-77.91
86.12,-76.20
86.15,-79.55
86.18,-86.64
86.20,-83.42
86.23,-82.54
86.26,-86.22
86.29,-89.50
86.31,-82.67
86.34,-81.63
86.37,-83.64
86.39,-89.32
86.42,-80.55
86.45,-80.42
86.48,-86.41
86.50,-86.34
86.53,-85.37
86.56,-84.92
86.58,-83.40
86.61,-80.15
86.64,-82.15
86.67,-94.40
86.69,-96.31
86.72,-88.10
86.75,-87.38
86.77,-78.18
86.80,-78.17
86.83,-85.78
86.86,-81.44
86.88,-80.78
86.91,-83.30
86.94,-83.14
86.96,-83.81
86.99,-78.31
87.02,-78.47
87.05,-75.07
87.07,-75.51
87.10,-89.60
87.13,-77.86
87.15,-77.86
87.18,-82.39
87.21,-80.82
87.24,-79.22
87.26,-78.04
87.29,-78.12
87.32,-81.87
87.34,-77.80
87.37,-77.65
87.40,-78.61
87.42,-78.00
87.42,-77.21
87.45,-85.17
87.48,-90.59
87.51,-78.18
87.53,-68.55
87.56,-68.44
87.59,-75.96
87.61,-77.17
87.64,-76.74
87.67,-79.10
87.70,-79.29
87.72,-79.49
87.75,-85.79
87.78,-84.98
87.80,-82.00
87.83,-76.10
87.86,-75.94
87.89,-78.54
87.91,-78.44
87.94,-79.48
87.97,-77.69
87.99,-78.35
88.02,-81.56
88.05,-86.76
88.08,-78.76
88.10,-85.39
88.13,-85.42
88.16,-75.63
88.18,-71.23
88.21,-71.27
88.24,-76.29
88.27,-78.47
88.29,-75.90
88.32,-77.63
88.35,-75.42
88.37,-75.43
88.40,-76.48
88.43,-77.61
88.46,-67.84
88.48,-67.76
88.51,-73.21
88.54,-75.89
88.56,-75.57
88.59,-74.94
88.62,-76.11
88.65,-74.58
88.67,-76.91
88.70,-85.79
88.73,-73.51
88.75,-75.74
88.78,-83.09
88.81,-79.40
88.84,-75.92
88.86,-75.47
88.89,-71.30
88.92,-71.24
88.94,-72.74
88.97,-74.26
89.00,-76.12
89.03,-76.13
89.05,-80.10
89.08,-69.49
89.11,-69.40
89.13,-78.56
89.16,-82.79
89.19,-77.82
89.21,-77.70
89.24,-78.56
89.27,-77.47
89.30,-79.44
89.32,-77.16
89.35,-76.59
89.38,-79.63
89.40,-78.49
89.43,-74.46
89.46,-74.53
89.49,-76.78
89.51,-77.45
89.54,-77.60
89.57,-75.07
89.59,-74.71
89.62,-78.40
89.65,-82.23
89.68,-75.97
89.70,-76.29
89.73,-83.95
89.76,-76.01
89.78,-72.44
89.81,-74.32
89.84,-75.40
89.87,-69.33
89.89,-69.22
89.92,-76.92
89.95,-82.35
89.97,-79.41
90.00,-81.54
90.03,-79.05
90.06,-75.60
90.08,-75.84
90.11,-84.83
90.14,-83.33
90.16,-85.16
90.19,-84.77
90.22,-75.92
90.25,-75.90
90.27,-82.93
90.30,-80.45
90.33,-77.84
90.35,-75.83
90.38,-75.77
90.41,-79.43
90.44,-81.12
90.46,-79.20
90.49,-77.32
90.52,-77.26
90.54,-80.25
90.57,-85.36
90.60,-75.01
90.63,-74.07
90.65,-77.95
90.68,-77.86
90.71,-80.94
90.73,-84.28
90.76,-77.42
90.79,-77.07
90.81,-76.64
90.84,-86.05
90.87,-80.19
90.90,-78.85
90.92,-85.60
90.95,-85.47
90.98,-89.00
91.00,-88.88
91.03,-80.82
91.06,-67.17
91.09,-64.28
91.11,-66.93
91.14,-76.89
91.17,-75.78
91.19,-75.65
91.22,-78.05
91.25,-76.77
91.28,-66.24
91.30,-66.22
91.33,-71.36
91.36,-80.75
91.38,-76.12
91.41,-77.41
91.44,-84.40
91.47,-87.68
91.49,-87.04
91.52,-84.99
91.55,-83.34
91.57,-85.36
91.60,-85.59
91.63,-81.66
91.66,-81.67
91.68,-84.30
91.71,-82.75
91.74,-83.05
91.76,-72.79
91.79,-72.88
91.82,-81.59
91.85,-80.76
91.87,-80.43
91.90,-83.31
91.93,-82.50
91.95,-82.39
91.98,-78.79
92.01,-80.27
92.04,-83.40
92.06,-85.47
92.09,-86.69
92.12,-85.52
92.14,-72.29
92.17,-71.87
92.20,-78.51
92.23,-82.94
92.25,-85.09
92.28,-85.43
92.31,-86.32
92.33,-82.59
92.36,-83.50
92.39,-82.75
92.42,-82.79
92.44,-92.56
92.47,-80.27
92.50,-75.43
92.52,-77.26
92.55,-82.00
92.58,-84.83
92.60,-81.05
92.63,-77.80
92.66,-87.95
92.69,-82.44
92.71,-82.25
92.74,-84.56
92.77,-76.50
92.79,-75.20
92.82,-77.51
92.85,-79.15
92.88,-80.70
92.90,-79.72
92.93,-76.51
92.96,-76.69
92.98,-78.66
93.01,-80.69
93.04,-84.72
93.07,-80.35
93.09,-80.17
93.12,-78.36
93.15,-77.82
93.17,-82.25
93.20,-82.14
93.23,-85.47
93.26,-85.95
93.28,-80.01
93.31,-81.46
93.34,-89.76
93.36,-88.49
93.39,-85.82
93.42,-84.05
93.45,-83.99
93.47,-78.82
93.50,-74.35
93.53,-74.40
93.55,-88.19
93.58,-87.29
93.61,-77.87
93.64,-77.01
93.66,-83.36
93.69,-83.45
93.72,-83.71
93.74,-84.91
93.77,-85.65
93.80,-85.70
93.83,-89.70
93.85,-85.56
93.88,-85.89
93.91,-80.51
93.93,-83.75
93.96,-81.76
93.99,-81.82
94.02,-87.30
94.04,-81.19
94.07,-71.81
94.10,-70.82
94.12,-74.30
94.15,-82.67
94.18,-80.03
94.20,-79.65
94.23,-80.68
94.26,-85.93
94.29,-92.69
94.31,-81.45
94.34,-78.96
94.37,-79.95
94.39,-88.33
94.42,-89.96
94.45,-85.20
94.48,-85.24
94.50,-82.67
94.53,-81.21
94.56,-80.68
94.58,-79.40
94.61,-79.27
94.64,-89.95
94.67,-77.76
94.69,-76.49
94.72,-76.49
94.75,-80.17
94.77,-90.31
94.80,-87.94
94.83,-86.99
94.86,-90.72
94.88,-76.31
94.91,-74.94
94.94,-77.01
94.96,-84.67
94.99,-83.37
95.02,-81.69
95.05,-81.68
95.07,-82.90
95.10,-83.39
95.13,-88.45
95.15,-81.00
95.18,-77.98
95.21,-79.32
95.24,-73.83
95.26,-70.92
95.29,-73.12
95.32,-89.17
95.34,-84.69
95.37,-88.82
95.40,-88.07
95.43,-82.82
95.45,-80.23
95.48,-80.15
95.51,-82.56
95.53,-89.13
95.56,-89.12
95.59,-90.46
95.62,-83.07
95.64,-83.13
95.67,-93.41
95.70,-82.76
95.72,-79.99
95.75,-83.06
95.78,-82.24
95.80,-84.14
95.83,-86.62
95.86,-84.43
95.89,-82.55
95.91,-70.72
95.94,-66.02
95.97,-66.81
95.99,-78.02
96.02,-81.49
96.05,-76.05
96.08,-76.93
96.10,-85.67
96.13,-99.92
96.16,-94.80
96.18,-93.92
96.21,-94.11
96.24,-92.63
96.27,-86.27
96.29,-83.37
96.32,-83.59
96.35,-89.12
96.37,-91.57
96.40,-88.79
96.43,-82.50
96.46,-81.72
96.48,-85.73
96.51,-91.54
96.54,-93.70
96.56,-88.38
96.59,-89.03
96.62,-87.49
96.65,-88.17
96.67,-96.41
96.70,-88.30
96.73,-83.13
96.75,-78.22
96.78,-78.19
96.81,-87.26
96.84,-85.34
96.86,-86.52
96.89,-87.28
96.92,-76.74
96.94,-76.43
96.97,-81.79
97.00,-86.44
97.03,-90.08
97.05,-89.00
97.08,-85.04
97.11,-85.40
97.13,-85.72
97.16,-82.88
97.19,-92.32
97.22,-92.32
97.24,-92.68
97.27,-88.88
97.30,-78.57
97.32,-75.75
97.35,-78.17
97.38,-87.44
97.41,-82.74
97.43,-82.25
97.46,-87.84
97.49,-90.49
97.51,-90.46
97.54,-90.27
97.57,-91.07
97.59,-75.54
97.62,-71.64
97.65,-72.62
97.68,-88.82
97.70,-93.88
97.73,-92.76
97.76,-92.74
97.78,-92.44
97.81,-93.04
97.84,-90.71
97.87,-88.74
97.89,-87.03
97.92,-89.35
97.95,-88.12
97.97,-90.29
98.00,-95.55
98.03,-88.95
98.06,-81.23
98.08,-73.26
98.11,-73.55
98.14,-83.37
98.16,-92.24
98.19,-94.49
98.22,-89.91
98.25,-88.48
98.27,-79.62
98.30,-75.59
98.33,-76.45
98.35,-84.25
98.38,-85.37
98.41,-85.57
98.44,-85.99
98.46,-77.71
98.49,-76.48
98.52,-76.35
98.54,-83.07
98.57,-93.38
98.60,-88.31
98.63,-86.13
98.65,-83.81
98.68,-84.05
98.71,-91.76
98.73,-91.42
98.76,-94.53
98.79,-87.92
98.82,-84.76
98.84,-84.85
98.87,-91.25
98.90,-83.81
98.92,-80.29
98.95,-80.98
98.98,-93.34
99.01,-94.71
99.03,-86.00
99.06,-70.22
99.09,-68.99
99.11,-72.87
99.14,-80.00
99.17,-82.06
99.19,-86.93
99.22,-87.20
99.25,-84.57
99.28,-80.48
99.30,-80.59
99.33,-82.91
99.36,-84.53
99.38,-86.58
99.41,-94.76
99.44,-94.88
99.47,-95.52
99.49,-88.52
99.52,-85.98
99.55,-84.29
99.57,-89.06
99.60,-84.09
99.63,-81.14
99.66,-82.88
99.68,-87.69
99.71,-87.25
99.74,-81.37
99.76,-79.32
99.79,-78.54
99.82,-76.50
99.85,-76.12
99.87,-68.91
99.90,-65.94
99.90,-72.27
99.92,-64.85
99.94,-64.78
99.97,-69.80
99.99,-84.55
100.01,-86.08
100.03,-81.80
100.05,-76.76
100.08,-76.39
100.10,-79.24
100.12,-84.89
100.14,-84.28
100.16,-87.07
100.19,-90.74
100.21,-86.17
100.23,-79.78
100.25,-79.40
100.27,-87.27
100.30,-86.66
100.32,-88.60
100.34,-87.98
100.36,-87.96
100.38,-87.57
100.41,-80.84
100.43,-78.51
100.45,-79.22
100.47,-88.75
100.49,-84.40
100.51,-84.79
100.54,-78.53
100.56,-88.34
100.58,-87.47
100.60,-86.84
100.62,-85.23
100.65,-88.88
100.67,-85.84
100.69,-84.30
100.71,-74.62
100.73,-71.86
100.76,-73.42
100.78,-81.84
100.80,-84.53
100.82,-82.67
100.84,-82.70
100.87,-84.95
100.89,-84.66
100.91,-84.68
100.93,-90.81
100.95,-90.66
100.98,-84.92
101.00,-84.67
101.02,-84.75
101.04,-85.04
101.06,-79.06
101.09,-79.02
101.11,-84.87
101.13,-81.25
101.15,-77.39
101.17,-77.33
101.20,-80.04
101.22,-77.02
101.24,-77.03
101.26,-81.17
101.28,-76.72
101.31,-76.67
101.33,-81.46
101.35,-80.85
101.37,-75.13
101.39,-75.75
101.42,-80.04
101.44,-77.44
101.46,-77.43
101.48,-79.77
101.50,-86.81
101.52,-88.35
101.55,-90.92
101.57,-84.13
101.59,-84.62
101.61,-83.45
101.63,-82.68
101.66,-84.63
101.68,-83.95
101.70,-80.31
101.72,-78.74
101.74,-79.50
101.77,-88.43
101.79,-87.64
101.81,-88.96
101.83,-84.18
101.85,-85.39
101.88,-89.20
101.90,-89.30
101.92,-82.76
101.94,-82.70
101.96,-83.59
101.99,-83.54
102.01,-80.80
102.03,-74.11
102.05,-73.43
102.07,-79.52
102.10,-80.37
102.12,-81.06
102.14,-86.85
102.16,-87.56
102.18,-87.21
102.21,-86.87
102.23,-82.81
102.25,-82.63
102.27,-83.30
102.29,-85.75
102.32,-90.59
102.34,-83.99
102.36,-83.89
102.38,-84.97
102.40,-83.97
102.42,-84.24
102.45,-87.76
102.47,-86.20
102.49,-83.69
102.51,-81.94
102.53,-78.51
102.56,-77.11
102.58,-74.89
102.60,-76.25
102.62,-82.35
102.64,-84.17
102.67,-85.89
102.69,-82.89
102.71,-82.74
102.73,-80.03
102.75,-78.40
102.78,-79.67
102.80,-86.23
102.82,-83.22
102.84,-82.60
102.86,-79.30
102.89,-70.89
102.91,-68.33
102.93,-68.87
102.95,-74.33
102.97,-75.25
103.00,-76.56
103.02,-91.41
103.04,-80.34
103.06,-74.13
103.08,-74.45
103.11,-80.20
103.13,-81.59
103.15,-81.57
103.17,-85.42
103.19,-78.03
103.22,-77.97
103.24,-78.39
103.26,-79.83
103.28,-81.40
103.30,-79.29
103.33,-76.13
103.35,-77.05
103.37,-85.12
103.39,-84.63
103.41,-86.17
103.44,-82.58
103.46,-78.65
103.48,-78.06
103.50,-81.61
103.52,-92.52
103.54,-82.77
103.57,-79.92
103.59,-78.40
103.61,-76.73
103.63,-76.42
103.65,-79.09
103.68,-80.80
103.70,-79.34
103.72,-78.60
103.74,-80.06
103.76,-86.88
103.79,-83.94
103.81,-84.81
103.83,-83.58
103.85,-83.56
103.87,-83.57
103.90,-82.49
103.92,-79.75
103.94,-77.70
103.96,-79.72
103.98,-82.56
104.01,-81.80
104.03,-74.98
104.05,-74.62
104.07,-73.96
104.09,-73.24
104.12,-74.14
104.14,-79.65
104.16,-76.31
104.18,-75.75
104.20,-77.90
104.23,-78.10
104.25,-86.94
104.27,-84.62
104.29,-78.44
104.31,-78.02
104.34,-80.57
104.36,-77.10
104.38,-77.39
104.40,-80.52
104.42,-73.69
104.44,-69.78
104.47,-70.57
104.49,-69.89
104.51,-68.43
104.53,-68.54
104.55,-70.29
104.58,-69.60
104.60,-71.72
104.62,-77.66
104.64,-70.02
104.66,-69.91
104.69,-73.90
104.71,-85.43
104.73,-84.08
104.75,-80.58
104.77,-80.56
104.80,-78.00
104.82,-75.90
104.84,-76.07
104.86,-75.14
104.88,-76.32
104.91,-72.23
104.93,-72.29
104.95,-77.95
104.97,-78.27
104.99,-74.55
105.02,-73.56
105.04,-74.17
105.06,-83.44
105.08,-74.58
105.10,-70.95
105.13,-71.32
105.15,-79.61
105.17,-75.51
105.19,-75.07
105.21,-78.78
105.24,-86.08
105.26,-78.18
105.28,-78.28
105.30,-79.37
105.32,-79.10
105.35,-84.35
105.37,-75.88
105.39,-71.57
105.41,-71.58
105.43,-74.47
105.45,-77.36
105.48,-72.29
105.50,-72.19
105.52,-76.38
105.54,-73.43
105.56,-72.32
105.59,-73.32
105.61,-71.02
105.63,-71.06
105.65,-77.38
105.67,-81.77
105.70,-72.40
105.72,-71.11
105.74,-72.74
105.76,-81.33
105.78,-72.24
105.81,-72.04
105.83,-74.85
105.85,-79.10
105.87,-71.61
105.89,-70.96
105.92,-72.25
105.94,-78.57
105.96,-75.05
105.98,-72.23
106.00,-72.60
106.03,-78.23
106.05,-73.57
106.07,-73.17
106.09,-76.75
106.11,-77.57
106.14,-72.01
106.16,-70.79
106.18,-72.62
106.20,-73.14
106.22,-74.97
106.25,-76.65
106.27,-73.84
106.29,-72.56
106.31,-73.60
106.33,-77.22
106.36,-77.05
106.38,-81.24
106.40,-77.68
106.42,-72.93
106.44,-70.85
106.47,-70.71
106.49,-77.24
106.51,-78.83
106.53,-78.25
106.55,-76.07
106.57,-74.59
106.60,-73.50
106.62,-73.46
106.64,-76.17
106.66,-76.81
106.68,-85.09
106.71,-78.50
106.73,-77.71
106.75,-79.60
106.77,-73.84
106.79,-73.35
106.82,-72.73
106.84,-73.85
106.86,-80.93
106.88,-83.37
106.90,-78.96
106.93,-74.97
106.95,-74.54
106.97,-75.41
106.99,-79.80
107.01,-77.48
107.04,-77.46
107.06,-78.59
107.08,-78.55
107.10,-73.50
107.12,-69.89
107.15,-75.45
107.17,-81.23
107.19,-82.47
107.21,-74.89
107.23,-73.18
107.26,-73.36
107.28,-74.29
107.30,-68.40
107.32,-68.49
107.34,-74.64
107.37,-77.21
107.39,-76.19
107.41,-79.16
107.43,-77.97
107.45,-75.61
107.47,-76.47
107.50,-68.84
107.52,-67.01
107.54,-67.83
107.56,-72.69
107.58,-79.88
107.61,-79.29
107.63,-79.13
107.65,-83.29
107.67,-74.22
107.69,-71.57
107.72,-72.80
107.74,-81.80
107.76,-87.04
107.78,-83.18
107.80,-85.00
107.83,-77.65
107.85,-77.63
107.87,-81.90
107.89,-77.50
107.91,-74.21
107.94,-73.91
107.96,-74.52
107.98,-79.30
108.00,-76.67
108.02,-77.33
108.05,-80.68
108.07,-77.08
108.09,-76.43
108.11,-77.78
108.13,-80.45
108.16,-76.40
108.18,-76.38
108.20,-75.16
108.22,-72.92
108.24,-74.26
108.27,-89.79
108.29,-86.25
108.31,-82.52
108.33,-82.39
108.35,-84.54
108.38,-85.09
108.40,-79.83
108.42,-78.42
108.44,-82.39
108.46,-87.34
108.48,-91.67
108.51,-81.45
108.53,-80.66
108.55,-83.56
108.57,-86.28
108.59,-92.47
108.62,-86.70
108.64,-74.98
108.66,-72.66
108.68,-69.50
108.70,-64.84
108.73,-64.86
108.75,-69.57
108.77,-78.02
108.79,-80.47
108.81,-75.12
108.84,-74.07
108.86,-75.44
108.88,-82.69
108.90,-78.17
108.92,-78.24
108.95,-79.73
108.97,-79.96
108.99,-86.81
109.01,-83.04
109.03,-72.04
109.06,-70.72
109.08,-71.87
109.10,-77.53
109.12,-79.55
109.14,-80.10
109.17,-78.83
109.19,-78.73
109.21,-86.36
109.23,-81.40
109.25,-78.79
109.28,-78.62
109.30,-79.29
109.32,-81.45
109.34,-80.22
109.36,-81.73
109.39,-89.02
109.41,-76.79
109.43,-74.46
109.45,-74.97
109.47,-82.47
109.50,-81.00
109.52,-82.58
109.54,-83.55
109.56,-76.18
109.58,-73.26
109.60,-73.34
109.63,-74.68
109.65,-78.10
109.67,-79.94
109.69,-77.72
109.71,-72.42
109.74,-70.47
109.76,-71.74
109.78,-73.36
109.80,-74.84
109.82,-76.06
109.85,-81.43
109.87,-74.75
109.89,-74.74
109.91,-80.52
109.93,-77.85
109.96,-76.28
109.98,-76.73
110.00,-75.95
170.00,-83.59
170.03,-82.02
170.05,-82.78
170.08,-94.18
170.11,-90.53
170.14,-89.50
170.16,-97.32
170.19,-92.31
170.22,-92.28
170.24,-94.13
170.27,-85.26
170.30,-82.51
170.33,-83.09
170.35,-91.49
170.38,-86.66
170.41,-86.17
170.43,-89.73
170.46,-78.37
170.49,-72.06
170.52,-72.75
170.54,-84.09
170.57,-92.24
170.60,-94.97
170.62,-93.72
170.65,-81.42
170.68,-85.72
170.71,-84.71
170.73,-84.65
170.76,-86.19
170.79,-85.46
170.81,-83.17
170.84,-83.37
170.87,-85.47
170.89,-86.93
170.92,-93.78
170.95,-87.55
170.98,-88.35
171.00,-90.70
171.03,-85.82
171.06,-84.11
171.08,-85.22
171.11,-90.36
171.14,-92.34
171.17,-87.71
171.19,-87.66
171.22,-86.19
171.25,-81.36
171.27,-80.95
171.30,-77.52
171.33,-80.72
171.36,-87.12
171.38,-85.45
171.41,-90.15
171.44,-85.10
171.46,-83.41
171.49,-84.53
171.52,-87.47
171.55,-88.00
171.57,-90.89
171.60,-91.80
171.63,-91.70
171.65,-91.41
171.68,-89.28
171.71,-82.23
171.74,-80.51
171.76,-82.77
171.79,-88.05
171.82,-93.65
171.84,-92.35
171.87,-90.29
171.90,-88.85
171.93,-83.96
171.95,-85.60
171.98,-85.83
172.01,-79.23
172.03,-76.97
172.06,-81.82
172.09,-82.66
172.12,-84.28
172.14,-82.54
172.17,-82.51
172.20,-84.12
172.22,-82.23
172.25,-82.29
172.28,-89.74
172.31,-86.48
172.33,-86.53
172.36,-87.48
172.39,-87.36
172.41,-89.05
172.44,-92.27
172.47,-90.57
172.50,-89.52
172.52,-88.94
172.55,-96.14
172.58,-89.45
172.60,-85.85
172.63,-81.43
172.66,-83.07
172.68,-81.20
172.71,-81.11
172.74,-87.76
172.77,-90.37
172.79,-89.77
172.82,-86.96
172.85,-89.67
172.87,-90.19
172.90,-90.05
172.93,-88.94
172.96,-86.89
172.98,-83.48
173.01,-80.20
173.04,-81.64
173.06,-85.31
173.09,-85.43
173.12,-87.61
173.15,-86.42
173.17,-87.01
173.20,-82.50
173.23,-82.25
173.25,-81.69
173.28,-83.97
173.31,-84.38
173.34,-86.55
173.36,-83.34
173.39,-84.50
173.42,-83.16
173.44,-79.18
173.47,-79.52
173.50,-78.23
173.53,-78.53
173.55,-74.62
173.58,-74.30
173.61,-79.29
173.63,-84.19
173.66,-78.74
173.69,-78.09
173.72,-82.36
173.74,-88.01
173.77,-79.88
173.80,-79.93
173.82,-80.76
173.85,-79.77
173.88,-80.86
173.91,-81.40
173.93,-81.11
173.96,-80.60
173.99,-80.76
174.01,-88.88
174.04,-85.89
174.07,-82.49
174.10,-84.80
174.12,-88.83
174.15,-85.31
174.18,-88.00
174.20,-81.14
174.23,-80.77
174.26,-83.33
174.28,-86.74
174.31,-82.74
174.34,-83.19
174.37,-86.32
174.39,-85.98
174.42,-86.43
174.45,-82.29
174.47,-84.21
174.50,-84.92
174.53,-75.61
174.56,-86.46
174.58,-93.72
174.61,-85.10
174.64,-84.77
174.66,-88.45
174.69,-86.46
174.72,-88.15
174.75,-88.41
174.77,-88.61
174.80,-80.42
174.83,-80.44
174.85,-91.66
174.88,-88.95
174.91,-84.25
174.94,-85.90
174.96,-83.81
174.99,-80.50
175.02,-81.89
175.04,-87.80
175.07,-87.97
175.10,-97.36
175.13,-98.10
175.15,-96.62
175.18,-91.99
175.21,-80.79
175.23,-80.75
175.26,-84.51
175.29,-83.24
175.32,-83.19
175.34,-89.99
175.37,-82.40
175.40,-80.13
175.42,-84.21
175.45,-91.64
175.48,-83.51
175.51,-84.42
175.53,-82.17
175.56,-84.96
175.59,-81.11
175.61,-81.25
175.64,-83.37
175.67,-95.09
175.70,-84.25
175.72,-84.33
175.75,-78.47
175.78,-77.38
175.80,-81.34
175.83,-90.06
175.86,-82.29
175.88,-86.83
175.91,-85.58
175.94,-85.54
175.97,-84.88
175.99,-84.22
176.02,-85.27
176.05,-82.55
176.07,-83.91
176.10,-84.58
176.13,-82.05
176.16,-82.09
176.18,-88.71
176.21,-88.23
176.24,-90.88
176.26,-88.92
176.29,-86.94
176.32,-81.10
176.35,-80.03
176.37,-85.13
176.40,-81.78
176.43,-81.07
176.45,-80.06
176.48,-81.57
176.51,-88.37
176.54,-88.89
176.56,-88.81
176.59,-90.76
176.62,-78.22
176.64,-76.88
176.67,-83.77
176.70,-87.43
176.73,-84.82
176.75,-84.88
176.78,-92.21
176.81,-93.98
176.83,-83.69
176.86,-81.62
176.89,-82.71
176.92,-84.11
176.94,-86.80
176.97,-85.44
177.00,-85.63
177.02,-96.08
177.05,-84.59
177.08,-81.53
177.11,-81.74
177.13,-83.37
177.16,-87.22
177.19,-85.36
177.21,-87.37
177.24,-82.99
177.27,-82.48
177.30,-87.55
177.32,-91.85
177.35,-93.01
177.38,-94.96
177.40,-94.56
177.43,-94.51
177.46,-87.90
177.49,-87.95
177.51,-83.13
177.54,-84.83
177.57,-90.70
177.59,-85.74
177.62,-85.59
177.65,-97.70
177.67,-88.23
177.70,-88.09
177.73,-83.32
177.76,-83.38
177.78,-89.32
177.81,-89.05
177.84,-81.26
177.86,-80.83
177.89,-86.06
177.92,-86.17
177.95,-92.05
177.97,-92.01
178.00,-93.68
178.03,-100.02
178.05,-81.78
178.08,-80.76
178.11,-86.42
178.14,-85.97
178.16,-77.77
178.19,-78.19
178.22,-94.93
178.24,-87.70
178.27,-86.51
178.30,-87.57
178.33,-90.92
178.35,-85.04
178.38,-86.35
178.41,-90.29
178.43,-94.75
178.46,-97.86
178.49,-91.27
178.52,-89.47
178.54,-89.09
178.57,-88.90
178.60,-92.55
178.62,-89.09
178.65,-81.57
178.68,-81.54
178.71,-90.31
178.73,-91.06
178.76,-90.54
178.79,-83.51
178.81,-83.55
178.84,-87.03
178.87,-87.19
178.90,-84.41
178.92,-84.71
178.95,-92.67
178.98,-89.60
179.00,-82.38
179.03,-82.43
179.06,-81.66
179.09,-82.35
179.11,-87.59
179.14,-85.49
179.17,-85.65
179.19,-87.72
179.22,-83.77
179.25,-85.06
179.27,-90.00
179.30,-86.12
179.33,-86.07
179.36,-85.86
179.38,-85.74
179.41,-85.73
179.44,-86.21
179.46,-87.83
179.49,-88.82
179.52,-86.57
179.55,-83.47
179.57,-81.29
179.60,-81.79
179.63,-90.35
179.65,-92.63
179.68,-78.22
179.71,-73.63
179.74,-76.01
179.76,-84.31
179.79,-86.24
179.82,-89.58
179.84,-92.48
179.87,-93.63
179.90,-83.27
179.93,-83.26
179.95,-88.56
179.98,-76.95
180.01,-75.41
180.03,-78.63
180.06,-82.41
180.09,-83.64
180.12,-91.07
180.14,-96.42
180.17,-97.32
180.20,-97.14
180.22,-99.17
180.25,-91.99
180.28,-93.36
180.31,-89.55
180.33,-91.16
180.36,-86.30
180.39,-86.89
180.41,-86.88
180.44,-87.30
180.47,-84.25
180.50,-83.99
180.52,-87.20
180.55,-86.62
180.58,-84.47
180.60,-81.28
180.63,-80.48
180.66,-84.46
180.69,-84.40
180.71,-90.21
180.74,-85.18
180.77,-83.48
180.79,-85.86
180.82,-85.80
180.85,-82.86
180.87,-83.12
180.90,-82.61
180.93,-85.07
180.96,-86.26
180.98,-83.99
181.01,-84.65
181.04,-95.92
181.06,-79.48
181.09,-78.04
181.12,-80.42
181.15,-84.26
181.17,-91.51
181.20,-82.29
181.23,-75.76
181.25,-75.25
181.28,-81.11
181.31,-87.30
181.34,-84.58
181.36,-85.36
181.39,-92.17
181.42,-89.35
181.44,-88.29
181.47,-84.58
181.50,-80.93
181.53,-80.74
181.55,-86.50
181.58,-84.08
181.61,-83.51
181.63,-84.82
181.66,-85.38
181.69,-87.32
181.72,-82.66
181.74,-87.47
181.77,-83.06
181.80,-83.22
181.82,-90.34
181.85,-83.71
181.88,-84.35
181.91,-88.57
181.93,-81.80
181.96,-80.49
181.99,-81.27
182.01,-82.35
182.04,-83.36
182.07,-83.77
182.10,-89.53
182.12,-83.86
182.15,-84.42
182.18,-86.29
182.20,-88.52
182.23,-85.52
182.26,-86.61
182.29,-91.48
182.31,-85.65
182.34,-85.67
182.37,-79.74
182.39,-83.82
182.42,-80.70
182.45,-80.34
182.47,-87.78
182.47,-90.46
182.50,-87.52
182.53,-87.47
182.56,-86.79
182.58,-83.77
182.61,-86.49
182.64,-90.12
182.66,-90.34
182.69,-91.84
182.72,-87.94
182.75,-78.45
182.77,-71.78
182.80,-71.88
182.83,-79.35
182.85,-82.47
182.88,-80.98
182.91,-81.67
182.94,-85.76
182.96,-88.46
182.99,-85.71
183.02,-85.46
183.04,-82.61
183.07,-81.57
183.10,-82.65
183.13,-86.85
183.15,-86.81
183.18,-92.53
183.21,-99.49
183.23,-90.51
183.26,-91.71
183.29,-97.16
183.32,-95.32
183.34,-94.87
183.37,-94.13
183.40,-91.53
183.42,-92.46
183.45,-94.18
183.48,-89.61
183.51,-85.48
183.53,-85.86
183.56,-87.10
183.59,-89.84
183.61,-92.12
183.64,-92.22
183.67,-91.96
183.70,-91.78
183.72,-89.22
183.75,-86.26
183.78,-87.84
183.80,-86.80
183.83,-87.49
183.86,-89.47
183.89,-84.60
183.91,-83.95
183.94,-85.41
183.97,-91.23
183.99,-92.40
184.02,-89.77
184.05,-93.88
184.08,-90.16
184.10,-88.32
184.13,-87.82
184.16,-88.42
184.18,-94.48
184.21,-92.06
184.24,-92.87
184.26,-93.25
184.29,-83.30
184.32,-79.75
184.35,-80.25
184.37,-87.33
184.40,-84.56
184.43,-88.22
184.45,-84.13
184.48,-81.21
184.51,-83.15
184.54,-85.27
184.56,-82.41
184.59,-84.58
184.62,-90.78
184.64,-94.75
184.67,-91.30
184.70,-92.70
184.73,-87.00
184.75,-87.08
184.78,-89.92
184.81,-86.76
184.83,-85.68
184.86,-86.50
184.89,-85.15
184.92,-84.59
184.94,-86.32
184.97,-102.05
185.00,-95.59
185.02,-88.91
185.05,-87.96
185.08,-91.49
185.11,-90.23
185.13,-85.16
185.16,-86.08
185.19,-85.38
185.21,-86.58
185.24,-87.26
185.27,-84.53
185.30,-84.47
185.32,-87.12
185.35,-84.32
185.38,-83.51
185.40,-84.13
185.43,-84.52
185.46,-84.12
185.49,-88.88
185.51,-91.86
185.54,-99.86
185.57,-95.75
185.59,-98.33
185.62,-86.81
185.65,-85.03
185.68,-85.72
185.70,-91.04
185.73,-86.00
185.76,-85.50
185.78,-88.43
185.81,-87.68
185.84,-75.16
185.86,-74.74
185.89,-82.54
185.92,-83.57
185.95,-82.27
185.97,-83.56
186.00,-90.36
186.03,-88.80
186.05,-90.03
186.08,-88.07
186.11,-89.76
186.14,-87.20
186.16,-88.84
186.19,-87.10
186.22,-86.36
186.24,-84.62
186.27,-83.97
186.30,-85.66
186.33,-89.29
186.35,-88.64
186.38,-86.47
186.41,-86.51
186.43,-91.53
186.46,-93.09
186.49,-82.69
186.52,-82.51
186.54,-86.27
186.57,-94.26
186.60,-96.74
186.62,-92.59
186.65,-92.02
186.68,-91.89
186.71,-94.39
186.73,-91.91
186.76,-89.16
186.79,-89.27
186.81,-91.61
186.84,-91.78
186.87,-92.43
186.90,-94.84
186.92,-84.80
186.95,-83.94
186.98,-88.30
187.00,-87.97
187.03,-92.48
187.06,-95.03
187.09,-94.44
187.11,-86.66
187.14,-88.18
187.17,-95.17
187.19,-83.02
187.22,-80.47
187.25,-82.47
187.28,-85.34
187.30,-82.85
187.33,-83.60
187.36,-81.18
187.38,-75.21
187.41,-75.71
187.44,-85.91
187.47,-90.87
187.49,-91.78
187.52,-90.74
187.55,-89.09
187.57,-87.87
187.60,-91.29
187.63,-89.21
187.65,-90.23
187.68,-101.11
187.71,-94.87
187.74,-88.04
187.76,-87.74
187.79,-94.33
187.82,-88.93
187.84,-89.47
187.87,-94.46
187.90,-92.63
187.93,-92.66
187.95,-88.92
187.98,-87.21
188.01,-91.74
188.03,-87.99
188.06,-88.34
188.09,-93.55
188.12,-90.14
188.14,-90.10
188.17,-91.13
188.20,-92.68
188.22,-91.20
188.25,-94.45
188.28,-93.70
188.31,-95.48
188.33,-90.14
188.36,-89.09
188.39,-91.42
188.41,-92.85
188.44,-88.57
188.47,-88.88
188.50,-97.91
188.52,-98.77
188.55,-97.57
188.58,-93.76
188.60,-94.17
188.63,-93.61
188.66,-93.38
188.69,-81.17
188.71,-80.21
188.74,-84.34
188.77,-87.36
188.79,-92.38
188.82,-89.65
188.85,-90.92
188.88,-99.55
188.90,-76.79
188.93,-74.78
188.96,-78.63
188.98,-91.00
189.01,-93.75
189.04,-92.10
189.07,-89.24
189.09,-89.58
189.12,-100.73
189.15,-103.87
189.17,-100.47
189.20,-92.31
189.23,-92.61
189.25,-88.96
189.28,-89.19
189.31,-94.62
189.34,-93.40
189.36,-92.90
189.39,-92.95
189.42,-93.17
189.44,-89.31
189.47,-89.91
189.50,-92.48
189.53,-94.91
189.55,-94.20
189.58,-92.44
189.61,-90.57
189.63,-93.64
189.66,-93.37
189.69,-92.55
189.72,-95.90
189.74,-95.91
189.77,-92.61
189.80,-88.68
189.82,-89.55
189.85,-86.56
189.88,-85.92
189.91,-88.22
189.93,-92.28
189.96,-92.80
189.99,-91.22
190.01,-94.09
190.04,-92.84
190.07,-87.75
190.10,-86.16
190.12,-84.64
190.15,-86.20
190.18,-87.68
190.20,-83.07
190.23,-83.73
190.26,-87.79
190.29,-93.43
190.31,-91.10
190.34,-86.63
190.37,-88.22
190.39,-87.59
190.42,-88.21
190.45,-81.31
190.48,-81.90
190.50,-94.03
190.53,-89.97
190.56,-89.96
190.58,-93.03
190.61,-92.29
190.64,-91.07
190.67,-91.45
190.69,-93.48
190.72,-93.77
190.75,-109.50
190.77,-99.19
190.80,-92.50
190.83,-91.86
190.85,-92.31
190.88,-86.18
190.91,-86.22
190.94,-97.41
190.96,-86.33
190.99,-85.47
191.02,-89.24
191.04,-89.44
191.07,-84.92
191.10,-85.24
191.13,-96.47
191.15,-95.28
191.18,-88.35
191.21,-88.38
191.23,-86.54
191.26,-85.66
191.29,-87.83
191.32,-89.09
191.34,-92.06
191.37,-94.68
191.40,-92.98
191.42,-89.84
191.45,-89.92
191.48,-96.19
191.51,-100.39
191.53,-96.40
191.56,-89.54
191.59,-90.02
191.61,-90.45
191.64,-99.87
191.67,-100.78
191.70,-87.10
191.72,-86.22
191.75,-88.91
191.78,-95.57
191.80,-94.89
191.83,-94.71
191.86,-89.56
191.89,-91.07
191.91,-99.28
191.94,-100.37
191.97,-76.03
191.99,-71.08
192.02,-72.35
192.05,-87.54
192.08,-85.79
192.10,-85.13
192.13,-87.34
192.16,-87.89
192.18,-88.88
192.21,-89.42
192.24,-91.57
192.27,-92.24
192.29,-89.58
192.32,-89.71
192.35,-95.39
192.37,-93.07
192.40,-87.81
192.43,-88.12
192.46,-87.82
192.48,-85.69
192.51,-86.46
192.54,-90.48
192.56,-87.62
192.59,-88.08
192.62,-87.25
192.64,-87.70
192.67,-91.29
192.70,-91.11
192.73,-93.24
192.75,-89.67
192.78,-89.08
192.81,-89.14
192.83,-91.31
192.86,-91.47
192.89,-88.69
192.92,-89.05
192.94,-92.13
192.97,-93.85
193.00,-98.77
193.02,-93.90
193.05,-94.71
193.08,-91.29
193.11,-88.88
193.13,-90.38
193.16,-90.01
193.19,-90.83
193.21,-94.42
193.24,-94.61
193.27,-108.04
193.30,-94.47
193.32,-90.76
193.35,-92.45
193.38,-98.06
193.40,-94.41
193.43,-94.70
193.46,-99.58
193.49,-89.65
193.51,-82.52
193.54,-79.16
193.57,-82.73
193.59,-93.49
193.62,-89.17
193.65,-89.61
193.68,-94.34
193.70,-92.60
193.73,-90.36
193.76,-91.69
193.78,-92.74
193.81,-89.91
193.84,-89.77
193.87,-90.45
193.89,-93.99
193.92,-92.26
193.95,-95.37
193.97,-94.84
194.00,-87.96
194.03,-86.89
194.06,-92.23
194.08,-98.80
194.11,-90.65
194.14,-89.99
194.16,-92.65
194.19,-98.11
194.22,-92.84
194.24,-89.21
194.27,-89.68
194.30,-91.83
194.33,-92.21
194.35,-86.72
194.38,-87.95
194.41,-88.53
194.43,-88.64
194.46,-88.64
194.49,-90.90
194.52,-93.09
194.54,-93.97
194.57,-95.49
194.60,-94.98
194.62,-95.62
194.65,-100.20
194.68,-96.16
194.71,-96.96
194.73,-102.49
194.76,-89.89
194.79,-89.07
194.81,-89.01
194.84,-102.64
194.87,-91.55
194.90,-91.64
194.92,-98.98
194.95,-97.64
194.95,-89.42
194.98,-87.66
195.00,-89.04
195.03,-84.21
195.06,-76.17
195.09,-76.26
195.11,-87.28
195.14,-99.91
195.17,-95.39
195.19,-97.40
195.22,-99.76
195.25,-99.27
195.28,-98.61
195.30,-95.81
195.33,-94.65
195.36,-91.13
195.38,-90.09
195.41,-90.03
195.44,-93.69
195.47,-97.53
195.49,-94.48
195.52,-92.82
195.55,-91.74
195.57,-93.48
195.60,-95.36
195.63,-95.44
195.66,-88.56
195.68,-87.12
195.71,-90.70
195.74,-98.44
195.76,-94.69
195.79,-97.14
195.82,-94.39
195.84,-89.16
195.87,-89.58
195.90,-96.92
195.93,-90.99
195.95,-90.11
195.98,-91.28
196.01,-96.49
196.03,-94.76
196.06,-95.16
196.09,-104.18
196.12,-96.12
196.14,-98.25
196.17,-99.90
196.20,-94.53
196.22,-95.70
196.25,-91.91
196.28,-92.22
196.31,-91.37
196.33,-94.54
196.36,-92.65
196.39,-91.90
196.41,-96.23
196.44,-88.67
196.47,-88.24
196.50,-90.19
196.52,-87.46
196.55,-88.18
196.58,-83.36
196.60,-80.29
196.63,-81.65
196.66,-87.88
196.69,-87.81
196.71,-91.24
196.74,-92.21
196.77,-99.93
196.79,-100.28
196.82,-98.61
196.85,-89.19
196.88,-89.12
196.90,-92.67
196.93,-92.24
196.96,-93.76
196.98,-90.42
197.01,-87.56
197.04,-87.86
197.07,-94.61
197.09,-98.67
197.12,-97.79
197.15,-98.97
197.17,-96.99
197.20,-96.96
197.23,-100.82
197.26,-96.62
197.28,-96.57
197.31,-97.89
197.34,-92.67
197.36,-92.22
197.39,-88.60
197.42,-88.73
197.44,-89.55
197.47,-86.15
197.50,-86.14
197.53,-88.80
197.55,-92.80
197.58,-93.93
197.61,-103.86
197.63,-94.48
197.66,-91.11
197.69,-91.36
197.72,-91.95
197.74,-91.92
197.77,-92.85
197.80,-94.88
197.82,-94.49
197.85,-91.87
197.88,-90.69
197.91,-92.66
197.93,-92.31
197.96,-90.93
197.99,-96.73
198.01,-90.70
198.04,-89.17
198.07,-92.23
198.10,-100.52
198.12,-79.77
198.15,-78.97
198.18,-85.63
198.20,-97.88
198.23,-95.08
198.26,-94.95
198.29,-102.31
198.31,-103.45
198.34,-92.76
198.37,-91.85
198.39,-91.34
198.42,-90.62
198.45,-93.62
198.48,-91.29
198.50,-91.44
198.53,-103.70
198.56,-99.03
198.58,-95.56
198.61,-99.19
198.64,-99.95
198.67,-100.83
198.69,-95.66
198.72,-95.86
198.75,-91.53
198.77,-91.61
198.80,-89.74
198.83,-89.14
198.86,-88.84
198.88,-89.90
198.91,-92.28
198.94,-92.52
198.96,-94.43
198.99,-93.24
199.02,-93.33
199.05,-93.31
199.07,-93.54
199.10,-98.63
199.13,-101.17
199.15,-98.46
199.18,-98.02
199.21,-92.67
199.23,-94.76
199.26,-93.85
199.29,-92.74
199.32,-96.60
199.34,-99.80
199.37,-96.36
199.40,-95.35
199.42,-97.00
199.45,-95.28
199.48,-95.36
199.51,-100.40
199.53,-97.63
199.56,-97.30
199.59,-91.96
199.61,-91.98
199.64,-94.51
199.67,-84.99
199.70,-85.52
199.72,-97.98
199.75,-96.30
199.78,-96.24
199.80,-97.26
199.83,-96.97
199.86,-98.86
199.89,-98.33
199.91,-93.03
199.94,-93.87
199.97,-92.95
199.99,-87.55
200.02,-87.74
200.05,-102.79
200.08,-98.88
200.10,-98.97
200.13,-99.49
200.16,-95.47
200.18,-95.74
200.21,-97.20
200.24,-102.66
200.27,-94.96
200.29,-95.18
200.32,-95.84
200.35,-98.83
200.37,-99.45
200.40,-95.71
200.43,-98.41
200.46,-98.29
200.48,-92.23
200.51,-91.99
200.54,-97.73
200.56,-98.51
200.59,-97.13
200.62,-102.21
200.65,-95.27
200.67,-91.22
200.70,-93.17
200.73,-99.51
200.75,-95.03
200.78,-95.79
200.81,-93.62
200.83,-91.66
200.86,-93.88
200.89,-94.44
200.92,-89.10
200.94,-89.14
200.97,-90.19
201.00,-94.66
201.02,-94.66
201.05,-99.08
201.08,-97.19
201.11,-95.70
201.13,-96.43
201.16,-93.43
201.19,-80.82
201.21,-78.18
201.24,-80.26
201.27,-92.56
201.30,-93.47
201.32,-92.55
201.35,-92.07
201.38,-92.14
201.40,-89.99
201.43,-90.42
201.46,-98.20
201.49,-103.77
201.51,-94.81
201.54,-92.96
201.57,-92.04
201.59,-92.81
201.62,-94.67
201.65,-96.77
201.68,-94.91
201.70,-93.64
201.73,-97.36
201.76,-97.68
201.78,-106.09
201.81,-102.94
201.84,-94.72
201.87,-94.85
201.89,-97.62
201.92,-100.17
201.95,-95.79
201.97,-96.41
202.00,-93.21
202.03,-92.93
202.06,-98.33
202.08,-98.30
202.11,-97.24
202.14,-99.53
202.16,-94.30
202.19,-90.46
202.22,-90.73
202.25,-98.08
202.27,-97.06
202.30,-90.93
202.33,-90.46
202.35,-92.34
202.38,-92.59
202.41,-95.74
202.44,-93.70
202.46,-93.10
202.49,-97.16
202.52,-96.05
202.54,-101.01
202.57,-94.34
202.60,-92.57
202.62,-94.25
202.65,-99.50
202.68,-94.56
202.71,-93.69
202.73,-84.70
202.76,-84.50
202.79,-91.86
202.81,-91.51
202.84,-90.65
202.87,-91.83
202.90,-91.88
202.92,-93.57
202.95,-90.92
202.98,-86.39
203.00,-84.43
203.03,-84.90
203.06,-84.86
203.09,-82.07
203.11,-81.86
203.14,-88.72
203.17,-90.59
203.19,-93.02
203.22,-98.47
203.25,-93.28
203.28,-93.51
203.30,-95.89
203.33,-94.79
203.36,-94.75
203.38,-96.69
203.41,-89.83
203.44,-89.77
203.47,-93.11
203.49,-98.39
203.52,-99.15
203.55,-97.77
203.57,-94.63
203.60,-95.71
203.63,-96.67
203.66,-94.41
203.68,-91.14
203.71,-92.14
203.74,-91.80
203.76,-91.46
203.79,-94.87
203.82,-93.25
203.85,-93.22
203.87,-90.01
203.90,-87.33
203.93,-87.91
203.95,-89.39
203.98,-80.07
204.01,-79.69
204.04,-85.52
204.06,-95.04
204.09,-99.55
204.12,-99.89
204.14,-93.60
204.17,-90.12
204.20,-90.25
204.22,-94.91
204.25,-83.06
204.28,-79.76
204.31,-81.16
204.33,-99.41
204.36,-91.98
204.39,-92.05
204.41,-88.57
204.44,-88.61
204.47,-92.77
204.50,-97.09
204.52,-96.10
204.55,-95.21
204.58,-97.08
204.60,-89.77
204.63,-89.19
204.66,-92.28
204.69,-88.93
204.71,-96.41
204.74,-98.49
204.77,-100.44
204.79,-103.66
204.82,-97.05
204.85,-96.98
204.88,-99.94
204.90,-93.81
204.93,-89.46
204.96,-89.74
204.98,-91.27
205.01,-92.37
205.04,-93.51
205.07,-87.54
205.09,-87.43
205.12,-91.89
205.15,-95.12
205.17,-99.10
205.20,-93.46
205.23,-92.47
205.26,-93.54
205.28,-94.95
205.31,-95.67
205.34,-91.93
205.36,-87.53
205.39,-88.67
205.42,-86.56
205.45,-85.09
205.47,-89.74
205.50,-97.38
205.53,-99.25
205.55,-99.23
205.58,-103.83
205.61,-102.62
205.64,-96.58
205.66,-96.52
205.69,-104.73
205.72,-102.02
205.74,-106.05
205.77,-94.22
205.80,-85.09
205.82,-83.64
205.85,-86.65
205.88,-94.56
205.91,-97.08
205.93,-98.41
205.96,-104.04
205.99,-96.96
206.01,-92.47
206.04,-93.65
206.07,-99.16
206.10,-100.05
206.12,-98.52
206.15,-96.01
206.18,-95.67
206.20,-98.36
206.23,-98.16
206.26,-102.65
206.29,-95.88
206.31,-94.15
206.34,-99.04
206.37,-98.70
206.39,-98.64
206.42,-93.98
206.45,-93.77
206.48,-97.28
206.50,-97.20
206.53,-96.37
206.56,-96.68
206.58,-101.44
206.61,-101.51
206.64,-103.21
206.67,-102.71
206.69,-93.22
206.72,-92.28
206.75,-94.10
206.77,-97.74
206.80,-95.60
206.83,-95.01
206.86,-103.56
206.88,-104.85
206.91,-97.22
206.94,-95.18
206.96,-96.47
206.99,-95.74
207.02,-98.21
207.05,-98.29
207.07,-97.19
207.10,-94.51
207.13,-93.43
207.15,-95.08
207.18,-102.17
207.21,-98.80
207.24,-99.30
207.26,-98.05
207.29,-98.31
207.32,-93.71
207.34,-82.13
207.37,-81.82
207.40,-90.52
207.43,-101.19
207.43,-100.86
207.45,-98.82
207.48,-99.58
207.51,-99.98
207.53,-96.71
207.56,-95.37
207.59,-100.28
207.61,-93.08
207.64,-93.01
207.67,-95.78
207.70,-96.69
207.72,-97.43
207.75,-96.85
207.78,-97.63
207.80,-98.39
207.83,-103.60
207.86,-94.49
207.89,-91.67
207.91,-92.20
207.94,-96.46
207.97,-97.13
207.99,-98.37
208.02,-96.10
208.05,-95.05
208.08,-95.96
208.10,-99.82
208.13,-98.10
208.16,-98.09
208.18,-94.62
208.21,-92.92
208.24,-94.08
208.27,-95.82
208.29,-99.42
208.32,-101.73
208.35,-100.31
208.37,-100.40
208.40,-100.39
208.43,-98.50
208.46,-91.07
208.48,-91.38
208.51,-98.11
208.54,-99.85
208.56,-101.14
208.59,-96.58
208.62,-97.15
208.65,-99.39
208.67,-97.40
208.70,-94.99
208.73,-101.28
208.75,-101.13
208.78,-98.95
208.81,-93.80
208.84,-94.34
208.86,-97.30
208.89,-87.82
208.92,-88.09
208.94,-100.40
208.97,-94.51
209.00,-94.47
209.03,-96.38
209.05,-102.91
209.08,-104.15
209.11,-102.55
209.13,-98.76
209.16,-98.68
209.19,-94.60
209.21,-94.11
209.24,-98.80
209.27,-97.77
209.30,-101.97
209.32,-99.54
209.35,-99.62
209.38,-93.98
209.40,-93.92
209.43,-93.67
209.46,-94.44
209.49,-101.12
209.51,-97.03
209.54,-95.63
209.57,-96.62
209.59,-93.15
209.62,-93.35
209.65,-96.28
209.68,-99.97
209.70,-98.34
209.73,-91.00
209.76,-90.57
209.78,-94.26
209.81,-100.81
209.84,-99.96
209.87,-97.38
209.89,-99.22
209.92,-98.20
209.95,-97.74
209.97,-100.70
210.00,-92.50
210.03,-98.30
210.06,-93.86
210.08,-92.62
210.11,-93.29
210.14,-96.73
210.16,-95.73
210.19,-95.34
210.22,-95.43
210.25,-104.07
210.27,-102.62
210.30,-93.62
210.33,-93.53
210.35,-92.15
210.38,-92.21
210.41,-90.06
210.44,-88.03
210.46,-92.44
210.49,-92.21
210.52,-91.68
210.54,-93.74
210.57,-96.40
210.60,-99.75
210.63,-93.39
210.65,-93.37
210.68,-93.82
210.71,-99.93
210.73,-102.54
210.76,-99.60
210.79,-99.69
210.81,-94.01
210.84,-93.28
210.87,-94.11
210.90,-103.54
210.92,-100.21
210.95,-100.87
210.98,-89.95
211.00,-89.62
211.03,-92.80
211.06,-98.96
211.09,-95.36
211.11,-91.20
211.14,-91.11
211.17,-94.88
211.19,-93.89
211.22,-94.19
211.25,-99.41
211.28,-94.67
211.30,-94.63
211.33,-96.36
211.36,-108.03
211.38,-96.63
211.41,-91.30
211.44,-91.32
211.47,-95.12
211.49,-96.19
211.52,-97.11
211.55,-98.69
211.57,-101.90
211.60,-97.33
211.63,-95.63
211.66,-97.37
211.68,-94.47
211.71,-95.27
211.74,-98.31
211.76,-92.48
211.79,-92.97
211.82,-93.09
211.85,-94.99
211.87,-97.05
211.90,-101.38
211.93,-100.74
211.95,-90.91
211.98,-89.63
212.01,-98.46
212.04,-103.42
212.06,-99.58
212.09,-100.37
212.12,-95.59
212.14,-94.13
212.17,-95.90
212.20,-95.87
212.23,-90.99
212.25,-88.27
212.28,-89.85
212.31,-95.21
212.33,-94.67
212.36,-97.57
212.39,-97.47
212.41,-95.74
212.44,-95.13
212.47,-98.47
212.50,-95.92
212.52,-94.94
212.55,-94.41
212.58,-94.41
212.60,-98.16
212.63,-99.78
212.66,-99.24
212.69,-98.65
212.71,-96.77
212.74,-97.16
212.77,-95.16
212.79,-93.96
212.82,-97.46
212.85,-98.33
212.88,-106.29
212.90,-94.72
212.93,-91.75
212.96,-92.49
212.98,-96.98
213.01,-103.59
213.04,-97.60
213.07,-96.38
213.09,-97.48
213.12,-95.45
213.15,-95.75
213.17,-100.31
213.20,-92.39
213.23,-91.51
213.26,-93.47
213.28,-94.27
213.31,-96.45
213.34,-101.26
213.36,-92.09
213.39,-92.42
213.42,-98.73
213.45,-98.93
213.47,-92.18
213.50,-90.49
213.53,-91.03
213.55,-91.22
213.58,-91.19
213.61,-94.49
213.64,-94.55
213.66,-94.96
213.69,-96.89
213.72,-97.38
213.74,-95.17
213.77,-91.86
213.80,-89.90
213.83,-89.90
213.85,-95.07
213.88,-96.92
213.91,-98.63
213.93,-93.48
213.96,-91.51
213.99,-93.33
214.02,-92.12
214.04,-95.63
214.07,-94.03
214.10,-89.11
214.12,-89.39
214.15,-97.51
214.18,-93.45
214.20,-93.68
214.23,-97.97
214.26,-94.24
214.29,-91.50
214.31,-90.60
214.34,-90.55
214.37,-90.54
214.39,-88.92
214.42,-88.80
214.45,-90.93
214.48,-89.63
214.50,-86.86
214.53,-87.35
214.56,-89.88
214.58,-92.09
214.61,-90.24
214.64,-91.28
214.67,-99.02
214.69,-104.24
214.72,-95.07
214.75,-88.42
214.77,-88.03
214.80,-90.55
214.83,-93.53
214.86,-89.41
214.88,-89.55
214.91,-95.72
214.94,-94.02
214.96,-92.81
214.99,-94.62
215.02,-92.12
215.05,-93.20
215.07,-96.76
215.10,-93.75
215.13,-90.88
215.15,-91.67
215.18,-101.82
215.21,-101.61
215.24,-91.69
215.26,-91.96
215.29,-97.18
215.32,-96.61
215.34,-93.40
215.37,-91.43
215.40,-90.01
215.43,-90.30
215.45,-91.93
215.48,-94.97
215.51,-95.65
215.53,-95.41
215.56,-98.92
215.59,-103.32
215.62,-102.92
215.64,-96.58
215.67,-95.28
215.70,-100.05
215.72,-94.25
215.75,-93.61
215.78,-94.93
215.80,-95.03
215.83,-94.73
215.86,-93.86
215.89,-98.53
215.91,-92.97
215.94,-93.04
215.97,-92.43
215.99,-88.83
216.02,-91.08
216.05,-98.91
216.08,-101.17
216.10,-98.60
216.13,-100.25
216.16,-95.18
216.18,-86.85
216.21,-86.67
216.24,-89.15
216.27,-91.97
216.29,-92.06
216.32,-94.40
216.35,-92.37
216.37,-92.24
216.40,-97.44
216.43,-95.61
216.46,-94.96
216.48,-96.72
216.51,-99.39
216.54,-98.64
216.56,-91.36
216.59,-91.20
216.62,-94.29
216.65,-93.47
216.67,-98.65
216.70,-97.74
216.73,-95.79
216.75,-91.55
216.78,-94.04
216.81,-97.58
216.84,-100.00
216.86,-102.51
216.89,-100.30
216.92,-92.86
216.94,-92.59
216.97,-101.69
217.00,-100.51
217.03,-97.79
217.05,-92.85
217.08,-92.65
217.11,-91.16
217.13,-92.01
217.16,-105.78
217.19,-102.26
217.22,-100.26
217.24,-97.99
217.27,-93.39
217.30,-93.99
217.32,-93.60
217.35,-92.82
217.38,-93.31
217.41,-87.77
217.43,-87.81
217.46,-91.58
217.49,-93.11
217.51,-92.52
217.54,-96.12
217.57,-99.54
217.59,-96.45
217.62,-94.88
217.65,-95.10
217.68,-97.83
217.70,-104.52
217.73,-101.10
217.76,-98.94
217.78,-96.42
217.81,-94.18
217.84,-95.17
217.87,-98.01
217.89,-96.67
217.92,-96.50
217.95,-99.64
217.97,-97.12
218.00,-97.68
218.03,-104.04
218.06,-100.87
218.08,-100.72
218.11,-97.21
218.14,-96.49
218.16,-96.61
218.19,-97.35
218.22,-97.53
218.25,-92.77
218.27,-92.96
218.30,-100.72
218.33,-99.40
218.35,-92.98
218.38,-90.21
218.41,-90.11
218.44,-91.19
218.46,-91.05
218.49,-90.64
218.52,-94.71
218.54,-103.01
218.57,-101.09
218.60,-92.18
218.63,-92.09
218.65,-94.85
218.68,-95.20
218.71,-96.97
218.73,-95.16
218.76,-95.22
218.79,-92.49
218.82,-93.20
218.84,-94.62
218.87,-94.08
218.90,-91.37
218.92,-92.14
218.95,-92.40
218.98,-94.96
219.01,-90.65
219.03,-90.30
219.06,-92.26
219.09,-95.26
219.11,-97.10
219.14,-97.39
219.17,-100.21
219.19,-93.17
219.22,-92.06
219.25,-95.20
219.28,-99.26
219.30,-103.74
219.33,-102.81
219.36,-95.89
219.38,-93.36
219.41,-90.13
219.44,-91.45
219.47,-100.22
219.49,-97.03
219.52,-91.90
219.55,-89.36
219.57,-92.18
219.60,-97.34
219.63,-88.28
219.66,-88.35
219.68,-96.04
219.71,-97.87
219.74,-95.57
219.76,-94.43
219.79,-93.07
219.82,-92.40
219.85,-90.79
219.87,-90.18
219.90,-90.46
219.90,-89.27
219.90,-89.22
219.90,-89.18
219.90,-89.13
219.90,-89.09
219.90,-89.05
219.90,-89.01
219.90,-88.97
219.90,-88.93
219.90,-88.89
219.90,-88.86
219.90,-88.82
219.90,-88.79
219.90,-88.76
219.90,-88.73
219.90,-88.70
219.90,-88.67
219.90,-88.64
219.90,-88.62
219.90,-88.59
219.90,-88.57
219.90,-88.55
219.90,-88.53
219.91,-88.51
219.91,-88.49
219.91,-88.47
219.91,-88.45
219.91,-88.44
219.91,-88.42
219.91,-88.41
219.91,-88.40
219.91,-88.39
219.91,-88.38
219.91,-88.37
219.91,-88.36
219.91,-88.35
219.91,-88.35
219.91,-88.34
219.91,-88.34
219.91,-88.33
219.91,-88.33
219.91,-88.33
219.91,-88.33
219.91,-88.33
219.91,-88.33
219.91,-88.33
219.91,-88.34
219.91,-88.34
219.91,-88.35
219.91,-88.35
219.91,-88.36
219.91,-88.37
219.91,-88.38
219.91,-88.39
219.91,-88.40
219.91,-88.41
219.91,-88.42
219.91,-88.43
219.91,-88.44
219.91,-88.46
219.91,-88.47
219.91,-88.49
219.91,-88.50
219.91,-88.52
219.91,-88.54
219.91,-88.56
219.91,-88.57
219.91,-88.59
219.91,-88.62
219.91,-88.64
219.92,-88.66
219.92,-88.68
219.92,-88.70
219.92,-88.73
219.92,-88.75
219.92,-88.77
219.92,-88.80
219.92,-88.83
219.92,-88.85
219.92,-88.88
219.92,-88.91
219.92,-88.93
219.92,-88.96
219.92,-88.99
219.92,-89.02
219.92,-89.05
219.92,-89.08
219.92,-89.11
219.92,-89.14
219.92,-89.18
219.92,-89.21
219.92,-89.24
219.92,-89.28
219.92,-89.31
219.92,-89.34
219.92,-89.38
219.92,-89.41
219.92,-89.45
219.92,-89.48
219.92,-89.52
219.92,-89.56
219.92,-89.60
219.92,-89.63
219.92,-89.67
219.92,-89.71
219.92,-89.75
219.92,-89.79
219.92,-89.83
219.92,-89.87
219.92,-89.91
219.92,-89.95
219.92,-89.99
219.92,-90.03
219.92,-90.08
219.92,-90.07
219.93,-90.01
219.93,-89.96
219.93,-89.91
219.93,-89.86
219.93,-89.81
219.93,-89.75
219.93,-89.70
219.93,-89.65
219.93,-89.61
219.93,-89.56
219.93,-89.51
219.93,-89.47
219.93,-89.42
219.93,-89.38
219.93,-89.33
219.93,-89.29
219.93,-89.25
219.93,-89.21
219.93,-89.17
219.93,-89.13
219.93,-89.09
219.93,-89.06
219.93,-89.02
219.93,-88.99
219.93,-88.95
219.93,-88.92
219.93,-88.89
219.93,-88.86
219.93,-88.83
219.93,-88.80
219.93,-88.78
219.93,-88.75
219.93,-88.73
219.93,-88.70
219.93,-88.68
219.93,-88.66
219.93,-88.64
219.93,-88.62
219.93,-88.61
219.93,-88.59
219.93,-88.57
219.93,-88.56
219.93,-88.55
219.93,-88.54
219.93,-88.53
219.93,-88.52
219.94,-88.51
219.94,-88.50
219.94,-88.50
219.94,-88.49
219.94,-88.49
219.94,-88.49
219.94,-88.49
219.94,-88.49
219.94,-88.49
219.94,-88.49
219.94,-88.50
219.94,-88.50
219.94,-88.51
219.94,-88.52
219.94,-88.53
219.94,-88.54
219.94,-88.55
219.94,-88.57
219.94,-88.58
219.94,-88.60
219.94,-88.61
219.94,-88.63
219.94,-88.65
219.94,-88.67
219.94,-88.70
219.94,-88.72
219.94,-88.75
219.94,-88.77
219.94,-88.80
219.94,-88.83
219.94,-88.86
219.94,-88.89
219.94,-88.92
219.94,-88.96
219.94,-88.99
219.94,-89.03
219.94,-89.07
219.94,-89.11
219.94,-89.15
219.94,-89.19
219.94,-89.24
219.94,-89.28
219.94,-89.33
219.94,-89.37
219.94,-89.42
219.94,-89.47
219.94,-89.53
219.95,-89.58
219.95,-89.63
219.95,-89.69
219.95,-89.74
219.95,-89.80
219.95,-89.86
219.95,-89.92
219.95,-89.99
219.95,-90.05
219.95,-90.11
219.95,-90.18
219.95,-90.24
219.95,-90.31
219.95,-90.38
219.95,-90.45
219.95,-90.53
219.95,-90.60
219.95,-90.67
219.95,-90.75
219.95,-90.82
219.95,-90.90
219.95,-90.98
219.95,-91.06
219.95,-91.14
219.95,-91.22
219.95,-91.30
219.95,-91.38
219.95,-91.47
219.95,-91.55
219.95,-91.63
219.95,-91.72
219.95,-91.81
219.95,-91.90
219.95,-91.98
219.95,-92.07
219.95,-92.16
219.95,-92.24
219.95,-92.33
219.95,-92.42
219.95,-92.51
219.95,-92.60
219.95,-92.69
219.95,-92.78
219.95,-92.86
219.95,-92.95
219.96,-93.03
219.96,-93.11
219.96,-93.20
219.96,-93.28
219.96,-93.37
219.96,-93.45
219.96,-93.53
219.96,-93.61
219.96,-93.68
219.96,-93.75
219.96,-93.82
219.96,-93.89
219.96,-93.96
219.96,-94.03
219.96,-94.10
219.96,-94.15
219.96,-94.21
219.96,-94.26
219.96,-94.31
219.96,-94.36
219.96,-94.40
219.96,-94.42
219.96,-94.36
219.96,-94.30
219.96,-94.24
219.96,-94.19
219.96,-94.13
219.96,-94.08
219.96,-94.03
219.96,-93.98
219.96,-93.93
219.96,-93.88
219.96,-93.84
219.96,-93.79
219.96,-93.75
219.96,-93.71
219.96,-93.67
219.96,-93.63
219.96,-93.59
219.96,-93.55
219.96,-93.52
219.96,-93.48
219.96,-93.45
219.96,-93.42
219.96,-93.39
219.96,-93.36
219.97,-93.33
219.97,-93.31
219.97,-93.28
219.97,-93.26
219.97,-93.24
219.97,-93.22
219.97,-93.20
219.97,-93.18
219.97,-93.16
219.97,-93.15
219.97,-93.13
219.97,-93.12
219.97,-93.11
219.97,-93.10
219.97,-93.09
219.97,-93.08
219.97,-93.07
219.97,-93.07
219.97,-93.06
219.97,-93.06
219.97,-93.06
219.97,-93.06
219.97,-93.06
219.97,-93.04
219.97,-92.98
219.97,-92.92
219.97,-92.86
219.97,-92.80
219.97,-92.74
219.97,-92.68
219.97,-92.62
219.97,-92.57
219.97,-92.51
219.97,-92.46
219.97,-92.40
219.97,-92.35
219.97,-92.29
219.97,-92.24
219.97,-92.18
219.97,-92.13
219.97,-92.08
219.97,-92.03
219.97,-91.98
219.97,-91.93
219.97,-91.88
219.97,-91.83
219.97,-91.78
219.98,-91.74
219.98,-91.69
219.98,-91.65
219.98,-91.60
219.98,-91.56
219.98,-91.52
219.98,-91.47
219.98,-91.43
219.98,-91.39
219.98,-91.35
219.98,-91.31
219.98,-91.28
219.98,-91.24
219.98,-91.20
219.98,-91.17
219.98,-91.13
219.98,-91.10
219.98,-91.07
219.98,-91.03
219.98,-91.00
219.98,-90.97
219.98,-90.94
219.98,-90.91
219.98,-90.88
219.98,-90.85
219.98,-90.83
219.98,-90.80
219.98,-90.77
219.98,-90.75
219.98,-90.73
219.98,-90.70
219.98,-90.68
219.98,-90.66
219.98,-90.64
219.98,-90.61
219.98,-90.59
219.98,-90.58
219.98,-90.56
219.98,-90.54
219.98,-90.52
219.98,-90.51
219.98,-90.49
219.98,-90.47
219.98,-90.46
219.98,-90.45
219.99,-90.43
219.99,-90.42
219.99,-90.41
219.99,-90.40
219.99,-90.39
219.99,-90.38
219.99,-90.37
219.99,-90.36
219.99,-90.35
219.99,-90.34
219.99,-90.34
219.99,-90.33
219.99,-90.32
219.99,-90.32
219.99,-90.31
219.99,-90.31
219.99,-90.30
219.99,-90.30
219.99,-90.30
219.99,-90.30
219.99,-90.29
219.99,-90.29
219.99,-90.29
219.99,-90.29
219.99,-90.29
219.99,-90.29
219.99,-90.29
219.99,-90.29
219.99,-90.29
219.99,-90.29
219.99,-90.29
219.99,-90.29
219.99,-90.29
219.99,-90.29
219.99,-90.29
219.99,-90.29
219.99,-90.30
219.99,-90.30
219.99,-90.30
219.99,-90.30
219.99,-90.31
219.99,-90.31
219.99,-90.31
219.99,-90.31
219.99,-90.31
219.99,-90.32
220.00,-90.32
220.00,-90.32
220.00,-90.32
220.00,-90.32
220.00,-90.32
220.00,-90.32
220.00,-90.31
220.00,-90.31
220.00,-90.31
220.00,-90.31
220.00,-90.31
220.00,-90.31
220.00,-90.30
220.00,-90.30
220.00,-90.29
220.00,-90.28
220.00,-90.28
220.00,-90.27
220.00,-90.26
220.00,-90.26
220.00,-90.25
220.00,-90.24
220.00,-90.22
220.00,-90.21
400.00,-84.17
400.03,-84.54
400.05,-89.80
400.08,-93.18
400.11,-97.64
400.14,-101.42
400.16,-101.38
400.19,-98.49
400.22,-98.20
400.24,-96.65
400.27,-100.98
400.30,-104.04
400.33,-94.16
400.35,-92.61
400.38,-91.94
400.41,-92.03
400.43,-91.44
400.46,-92.02
400.49,-95.13
400.52,-97.14
400.54,-97.19
400.57,-97.98
400.60,-97.71
400.62,-95.75
400.65,-96.97
400.68,-97.77
400.71,-97.69
400.73,-93.71
400.76,-93.93
400.79,-98.22
400.81,-99.19
400.84,-97.74
400.87,-99.65
400.89,-97.56
400.92,-97.63
400.95,-99.56
400.98,-101.78
401.00,-96.87
401.03,-95.48
401.06,-96.71
401.08,-101.08
401.11,-100.08
401.14,-98.53
401.17,-97.85
401.19,-97.91
401.22,-94.11
401.25,-91.87
401.27,-91.23
401.30,-101.49
401.33,-94.89
401.36,-94.84
401.38,-98.33
401.41,-98.34
401.44,-93.93
401.46,-93.90
401.49,-93.53
401.52,-93.51
401.55,-91.80
401.57,-93.41
401.60,-92.08
401.63,-91.19
401.65,-91.92
401.68,-95.73
401.71,-97.18
401.74,-95.21
401.76,-95.57
401.79,-98.69
401.82,-98.65
401.84,-99.99
401.87,-96.98
401.90,-96.86
401.93,-99.92
401.95,-96.80
401.98,-98.00
402.01,-101.99
402.03,-94.81
402.06,-94.57
402.09,-92.68
402.12,-96.01
402.14,-96.32
402.17,-97.08
402.20,-98.28
402.22,-97.82
402.25,-96.24
402.28,-96.69
402.31,-100.28
402.33,-93.70
402.36,-93.93
402.39,-96.56
402.41,-98.51
402.44,-97.77
402.47,-92.11
402.50,-92.42
402.52,-92.14
402.55,-92.24
402.58,-93.69
402.60,-94.24
402.63,-92.82
402.66,-94.51
402.68,-92.52
402.71,-91.31
402.74,-92.58
402.77,-96.66
402.79,-94.88
402.82,-93.84
402.85,-95.97
402.87,-94.64
402.90,-94.32
402.93,-94.95
402.96,-97.82
402.98,-94.07
403.01,-93.92
403.04,-95.62
403.06,-96.98
403.09,-93.16
403.12,-92.33
403.15,-93.43
403.17,-94.25
403.20,-94.68
403.23,-98.53
403.25,-97.90
403.28,-99.71
403.31,-96.60
403.34,-94.88
403.36,-99.57
403.39,-94.56
403.42,-94.71
403.44,-97.04
403.47,-97.09
403.50,-99.37
403.53,-102.35
403.55,-99.28
403.58,-96.10
403.61,-96.06
403.63,-95.08
403.66,-97.28
403.69,-95.61
403.72,-95.77
403.74,-98.15
403.77,-97.86
403.80,-100.15
403.82,-99.48
403.85,-97.21
403.88,-94.94
403.91,-94.84
403.93,-96.15
403.96,-95.68
403.99,-96.05
404.01,-95.40
404.04,-94.13
404.07,-94.55
404.10,-95.02
404.12,-95.08
404.15,-94.85
404.18,-94.95
404.20,-95.60
404.23,-97.82
404.26,-97.23
404.28,-96.91
404.31,-100.59
404.34,-99.65
404.37,-101.25
404.39,-102.42
404.42,-100.56
404.45,-98.85
404.47,-95.85
404.50,-95.69
404.53,-96.66
404.56,-97.18
404.58,-93.80
404.61,-92.51
404.64,-91.49
404.66,-94.10
404.69,-97.22
404.72,-96.59
404.75,-97.60
404.77,-94.31
404.80,-93.79
404.83,-95.45
404.85,-94.79
404.88,-101.02
404.91,-98.80
404.94,-98.74
404.96,-96.86
404.99,-96.18
405.02,-96.54
405.04,-102.44
405.07,-99.83
405.10,-100.75
405.13,-100.08
405.15,-99.07
405.18,-96.96
405.21,-93.34
405.23,-99.48
405.26,-97.39
405.29,-96.97
405.32,-99.98
405.34,-97.45
405.37,-95.70
405.40,-98.23
405.42,-96.35
405.45,-95.23
405.48,-94.14
405.51,-93.18
405.53,-98.28
405.56,-94.25
405.59,-93.10
405.61,-90.47
405.64,-90.90
405.67,-93.79
405.70,-95.42
405.72,-95.94
405.75,-95.98
405.78,-99.70
405.80,-101.22
405.83,-98.43
405.86,-94.43
405.88,-94.59
405.91,-95.49
405.94,-95.23
405.97,-93.17
405.99,-93.34
406.02,-100.45
406.05,-100.33
406.07,-98.95
406.10,-97.82
406.13,-98.25
406.16,-96.49
406.18,-96.39
406.21,-97.65
406.24,-98.07
406.26,-93.25
406.29,-92.08
406.32,-92.23
406.35,-97.44
406.37,-97.61
406.40,-94.44
406.43,-94.84
406.45,-98.74
406.48,-95.68
406.51,-98.97
406.54,-94.85
406.56,-92.21
406.59,-92.24
406.62,-99.99
406.64,-95.25
406.67,-95.40
406.70,-99.41
406.73,-99.41
406.75,-97.92
406.78,-97.11
406.81,-95.85
406.83,-93.32
406.86,-92.06
406.89,-92.90
406.92,-99.91
406.94,-98.38
406.97,-101.64
407.00,-96.40
407.02,-96.49
407.05,-92.28
407.08,-92.28
407.11,-95.57
407.13,-94.15
407.16,-96.95
407.19,-93.64
407.21,-94.90
407.24,-97.25
407.27,-95.25
407.30,-95.81
407.32,-98.84
407.35,-98.85
407.38,-105.25
407.40,-100.71
407.43,-94.90
407.46,-94.38
407.49,-97.74
407.51,-99.61
407.54,-100.89
407.57,-96.29
407.59,-94.54
407.62,-94.88
407.65,-93.94
407.67,-93.83
407.70,-94.04
407.73,-99.80
407.76,-97.20
407.78,-96.81
407.81,-97.45
407.84,-96.55
407.86,-98.88
407.89,-104.84
407.92,-103.11
407.95,-100.91
407.97,-95.89
408.00,-94.43
408.03,-97.12
408.05,-99.24
408.08,-98.66
408.11,-94.75
408.14,-94.58
408.16,-99.18
408.19,-102.56
408.22,-97.26
408.24,-95.03
408.27,-96.89
408.30,-100.28
408.33,-100.37
408.35,-96.24
408.38,-96.81
408.41,-93.51
408.43,-93.92
408.46,-97.74
408.49,-96.01
408.52,-93.66
408.54,-91.63
408.57,-92.00
408.60,-94.72
408.62,-98.40
408.65,-97.90
408.68,-96.78
408.71,-93.17
408.73,-91.01
408.76,-92.06
408.79,-94.76
408.81,-95.88
408.84,-97.67
408.87,-97.57
408.90,-98.24
408.92,-94.16
408.95,-94.15
408.98,-95.99
409.00,-97.99
409.03,-101.20
409.06,-97.95
409.09,-96.77
409.11,-96.84
409.14,-96.96
409.17,-93.78
409.19,-92.69
409.22,-93.21
409.25,-96.68
409.27,-96.33
409.30,-95.06
409.33,-94.64
409.36,-93.63
409.38,-93.97
409.41,-96.00
409.44,-95.64
409.46,-98.68
409.49,-93.41
409.52,-93.27
409.55,-97.69
409.57,-94.60
409.60,-94.84
409.63,-99.01
409.65,-99.80
409.68,-103.91
409.71,-95.61
409.74,-94.51
409.76,-94.89
409.79,-93.12
409.82,-95.10
409.84,-95.54
409.87,-95.50
409.90,-97.30
409.93,-96.72
409.95,-98.70
409.98,-95.56
410.01,-96.41
410.03,-101.32
410.06,-97.14
410.09,-96.89
410.12,-98.99
410.14,-99.45
410.17,-99.41
410.20,-92.74
410.22,-92.01
410.25,-98.03
410.28,-99.48
410.31,-102.31
410.33,-95.54
410.36,-93.89
410.39,-94.02
410.41,-97.13
410.44,-94.54
410.47,-94.51
410.50,-94.96
410.52,-94.69
410.55,-92.70
410.58,-92.25
410.60,-94.02
410.63,-96.01
410.66,-92.53
410.69,-92.56
410.71,-94.23
410.74,-93.67
410.77,-94.40
410.79,-100.61
410.82,-98.41
410.85,-98.28
410.87,-99.66
410.90,-100.46
410.93,-105.62
410.96,-96.13
410.98,-95.93
411.01,-95.43
411.04,-95.55
411.06,-98.18
411.09,-100.29
411.12,-99.19
411.15,-96.87
411.17,-97.17
411.20,-97.87
411.23,-99.04
411.25,-93.49
411.28,-92.39
411.31,-94.09
411.34,-95.51
411.36,-95.17
411.39,-94.63
411.42,-97.89
411.44,-96.49
411.47,-95.01
411.50,-95.50
411.53,-95.64
411.55,-98.72
411.58,-98.78
411.61,-95.27
411.63,-95.21
411.66,-97.20
411.69,-96.81
411.72,-92.49
411.74,-92.49
411.77,-94.68
411.80,-98.15
411.82,-102.53
411.85,-98.17
411.88,-98.71
411.91,-97.78
411.93,-101.37
411.96,-95.62
411.99,-93.06
412.01,-92.94
412.04,-96.09
412.07,-95.22
412.10,-96.86
412.12,-95.25
412.15,-95.78
412.18,-100.61
412.20,-98.67
412.23,-94.61
412.26,-92.46
412.29,-94.30
412.31,-97.72
412.34,-96.55
412.37,-97.70
412.39,-99.25
412.42,-94.94
412.45,-94.88
412.48,-99.65
412.48,-98.45
412.50,-98.58
412.53,-99.20
412.56,-96.56
412.58,-95.54
412.61,-98.25
412.64,-97.59
412.66,-93.43
412.69,-93.49
412.72,-97.96
412.75,-99.63
412.77,-95.95
412.80,-96.60
412.83,-98.77
412.85,-97.43
412.88,-97.93
412.91,-94.25
412.94,-93.38
412.96,-93.50
412.99,-96.28
413.02,-96.31
413.04,-95.67
413.07,-95.59
413.10,-97.91
413.13,-111.24
413.15,-95.51
413.18,-93.57
413.21,-96.18
413.23,-109.00
413.26,-93.69
413.29,-92.53
413.32,-95.47
413.34,-99.35
413.37,-97.43
413.40,-97.76
413.42,-103.79
413.45,-98.29
413.48,-96.61
413.51,-97.88
413.53,-98.25
413.56,-95.63
413.59,-96.03
413.61,-102.46
413.64,-100.81
413.67,-99.21
413.70,-98.88
413.72,-99.15
413.75,-99.00
413.78,-95.98
413.80,-94.94
413.83,-99.10
413.86,-95.35
413.89,-93.67
413.91,-95.99
413.94,-105.54
413.97,-106.10
413.99,-100.64
414.02,-96.61
414.05,-95.04
414.08,-95.11
414.10,-103.77
414.13,-103.18
414.16,-101.14
414.18,-96.11
414.21,-94.89
414.24,-94.87
414.26,-95.44
414.29,-97.46
414.32,-95.83
414.35,-95.90
414.37,-99.22
414.40,-104.73
414.43,-97.07
414.45,-97.00
414.48,-99.64
414.51,-97.55
414.54,-98.32
414.56,-101.81
414.59,-100.40
414.62,-104.28
414.64,-102.64
414.67,-95.32
414.70,-95.71
414.73,-104.66
414.75,-105.24
414.78,-104.65
414.81,-100.15
414.83,-99.71
414.86,-103.48
414.89,-102.56
414.92,-103.37
414.94,-100.38
414.97,-91.95
415.00,-91.81
415.02,-95.40
415.05,-103.60
415.08,-104.41
415.11,-107.61
415.13,-99.34
415.16,-99.51
415.19,-100.65
415.21,-100.21
415.24,-97.09
415.27,-96.95
415.30,-95.22
415.32,-94.40
415.35,-95.12
415.38,-98.16
415.40,-100.07
415.43,-96.04
415.46,-97.46
415.49,-103.28
415.51,-96.46
415.54,-92.81
415.57,-94.32
415.59,-98.49
415.62,-99.80
415.65,-95.51
415.68,-94.97
415.70,-96.72
415.73,-99.55
415.76,-101.72
415.78,-103.19
415.81,-108.88
415.84,-102.63
415.86,-96.71
415.89,-98.06
415.92,-97.63
415.95,-99.04
415.97,-102.97
416.00,-103.04
416.03,-102.68
416.05,-102.81
416.08,-102.29
416.11,-101.00
416.14,-97.47
416.16,-96.00
416.19,-97.96
416.22,-99.13
416.24,-97.06
416.27,-98.36
416.30,-96.17
416.33,-98.65
416.35,-94.20
416.38,-99.76
416.41,-99.99
416.43,-101.05
416.46,-96.53
416.49,-96.03
416.52,-100.67
416.54,-102.35
416.57,-100.15
416.60,-100.20
416.62,-98.64
416.65,-99.41
416.68,-95.44
416.71,-96.13
416.73,-100.57
416.76,-101.69
416.79,-102.18
416.81,-101.15
416.84,-95.02
416.87,-94.85
416.90,-96.89
416.92,-101.55
416.95,-101.24
416.98,-97.71
417.00,-97.99
417.03,-100.54
417.06,-99.86
417.09,-98.84
417.11,-97.59
417.14,-106.68
417.17,-105.88
417.19,-104.44
417.22,-100.51
417.25,-98.82
417.28,-99.91
417.30,-99.09
417.33,-99.72
417.36,-97.03
417.38,-94.96
417.41,-97.36
417.44,-104.00
417.46,-100.83
417.49,-101.29
417.52,-101.06
417.55,-94.63
417.57,-94.91
417.60,-101.31
417.63,-104.20
417.65,-103.76
417.68,-100.43
417.71,-105.10
417.74,-97.10
417.76,-97.00
417.79,-100.86
417.82,-99.25
417.84,-99.51
417.87,-103.57
417.90,-98.95
417.93,-100.01
417.95,-97.35
417.98,-95.43
418.01,-94.76
418.03,-97.17
418.06,-102.31
418.09,-101.51
418.12,-96.92
418.14,-96.30
418.17,-97.20
418.20,-101.98
418.22,-107.90
418.25,-100.38
418.28,-98.19
418.31,-98.88
418.33,-93.99
418.36,-94.22
418.39,-100.34
418.41,-98.71
418.44,-96.55
418.47,-96.37
418.50,-103.26
418.52,-97.56
418.55,-95.08
418.58,-95.11
418.60,-98.51
418.63,-95.65
418.66,-95.62
418.69,-107.42
418.71,-101.70
418.74,-98.58
418.77,-98.55
418.79,-104.75
418.82,-101.96
418.85,-98.67
418.88,-96.88
418.90,-97.06
418.93,-107.24
418.96,-96.45
418.98,-99.55
419.01,-99.59
419.04,-107.20
419.07,-101.07
419.09,-99.53
419.12,-101.56
419.15,-96.94
419.17,-96.94
419.20,-98.60
419.23,-98.39
419.25,-100.65
419.28,-95.04
419.31,-96.26
419.34,-103.41
419.36,-101.94
419.39,-101.75
419.42,-99.41
419.44,-99.45
419.47,-100.65
419.50,-99.43
419.53,-100.51
419.55,-98.67
419.58,-98.19
419.61,-96.79
419.63,-100.17
419.66,-96.00
419.69,-93.46
419.72,-93.36
419.74,-93.37
419.77,-96.30
419.80,-102.12
419.82,-101.75
419.85,-104.24
419.88,-96.04
419.91,-95.16
419.93,-97.72
419.96,-93.94
419.99,-93.60
420.01,-97.60
420.04,-98.99
420.07,-95.01
420.10,-94.88
420.12,-99.65
420.15,-105.67
420.18,-102.34
420.20,-100.83
420.23,-96.44
420.26,-95.55
420.29,-96.91
420.31,-100.50
420.34,-100.36
420.37,-109.47
420.39,-106.48
420.42,-99.91
420.45,-100.11
420.48,-100.21
420.50,-104.48
420.53,-102.45
420.56,-94.46
420.58,-94.34
420.61,-97.69
420.64,-96.66
420.67,-95.68
420.69,-95.36
420.72,-97.38
420.75,-97.72
420.77,-104.50
420.80,-98.70
420.83,-95.46
420.85,-93.92
420.88,-93.27
420.91,-90.84
420.94,-99.37
420.96,-97.44
420.99,-97.15
421.02,-98.88
421.04,-99.13
421.07,-96.89
421.10,-96.83
421.13,-99.29
421.15,-99.07
421.18,-99.92
421.21,-99.16
421.23,-95.44
421.26,-95.46
421.29,-95.24
421.32,-87.78
421.34,-83.26
421.37,-84.72
421.40,-95.59
421.42,-96.63
421.45,-103.69
421.48,-101.57
421.51,-99.11
421.53,-97.42
421.56,-98.73
421.59,-98.51
421.61,-95.82
421.64,-94.77
421.67,-94.74
421.70,-95.43
421.72,-99.42
421.75,-101.48
421.78,-105.68
421.80,-98.10
421.83,-98.29
421.86,-99.80
421.89,-99.03
421.91,-99.06
421.94,-96.53
421.97,-97.56
421.99,-106.02
422.02,-102.50
422.05,-97.18
422.08,-95.25
422.10,-95.54
422.13,-97.76
422.16,-96.51
422.18,-96.50
422.21,-98.54
422.24,-98.93
422.27,-98.59
422.29,-95.55
422.32,-93.72
422.35,-95.28
422.37,-101.41
422.40,-101.82
422.43,-97.94
422.45,-96.49
422.48,-96.50
422.51,-100.34
422.54,-100.40
422.56,-99.68
422.59,-96.48
422.62,-96.46
422.64,-97.73
422.67,-102.20
422.70,-100.35
422.73,-97.58
422.75,-98.28
422.78,-96.72
422.81,-96.76
422.83,-97.91
422.86,-96.19
422.89,-95.35
422.92,-97.26
422.94,-98.31
422.97,-101.64
423.00,-103.12
423.02,-96.82
423.05,-95.97
423.08,-95.84
423.11,-94.75
423.13,-95.02
423.16,-96.83
423.19,-96.56
423.21,-106.93
423.24,-101.48
423.27,-96.04
423.30,-94.83
423.32,-99.62
423.35,-101.96
423.38,-98.05
423.40,-97.17
423.43,-93.39
423.46,-94.41
423.49,-96.77
423.51,-94.20
423.54,-100.63
423.57,-95.95
423.59,-97.11
423.62,-105.47
423.65,-105.76
423.68,-100.88
423.70,-100.60
423.73,-101.27
423.76,-100.36
423.78,-95.96
423.81,-96.47
423.84,-95.77
423.87,-92.10
423.89,-91.99
423.92,-95.94
423.95,-104.22
423.97,-103.15
424.00,-101.28
424.03,-103.62
424.06,-97.71
424.08,-97.89
424.11,-96.23
424.14,-93.02
424.16,-93.04
424.19,-103.57
424.22,-103.60
424.24,-99.41
424.27,-92.16
424.30,-91.80
424.33,-94.57
424.35,-100.22
424.38,-100.70
424.41,-100.64
424.43,-105.92
424.46,-105.78
424.49,-99.97
424.52,-100.88
424.54,-97.86
424.57,-99.71
424.60,-100.27
424.62,-104.83
424.65,-101.25
424.68,-100.32
424.71,-107.07
424.73,-98.65
424.76,-98.71
424.79,-96.88
424.81,-96.41
424.84,-101.74
424.87,-104.20
424.90,-98.61
424.92,-99.08
424.95,-101.96
424.95,-98.69
424.98,-99.14
425.00,-99.68
425.03,-100.24
425.06,-98.78
425.09,-99.19
425.11,-95.85
425.14,-96.21
425.17,-97.90
425.19,-98.41
425.22,-99.33
425.25,-98.76
425.28,-100.82
425.30,-101.31
425.33,-95.21
425.36,-93.78
425.38,-97.47
425.41,-98.62
425.44,-97.63
425.47,-93.30
425.49,-93.18
425.52,-98.10
425.55,-95.20
425.57,-96.05
425.60,-94.81
425.63,-94.01
425.66,-94.20
425.68,-97.23
425.71,-96.08
425.74,-95.66
425.76,-96.53
425.79,-94.06
425.82,-93.94
425.84,-98.73
425.87,-96.16
425.90,-95.34
425.93,-95.06
425.95,-97.52
425.98,-99.56
426.01,-94.60
426.03,-96.63
426.06,-98.21
426.09,-96.81
426.12,-95.06
426.14,-94.77
426.17,-99.15
426.20,-98.22
426.22,-97.38
426.25,-97.40
426.28,-97.74
426.31,-98.34
426.33,-100.19
426.36,-93.40
426.39,-93.90
426.41,-96.54
426.44,-95.79
426.47,-96.16
426.50,-94.05
426.52,-93.11
426.55,-93.13
426.58,-97.17
426.60,-97.06
426.63,-100.76
426.66,-94.76
426.69,-94.62
426.71,-97.03
426.74,-97.88
426.77,-97.44
426.79,-96.04
426.82,-96.78
426.85,-95.46
426.88,-95.54
426.90,-100.73
426.93,-100.44
426.96,-95.43
426.98,-94.50
427.01,-92.50
427.04,-92.74
427.07,-96.33
427.09,-96.60
427.12,-98.19
427.15,-99.48
427.17,-97.48
427.20,-96.73
427.23,-99.10
427.26,-99.16
427.28,-98.92
427.31,-97.92
427.34,-97.01
427.36,-93.13
427.39,-93.84
427.42,-101.10
427.44,-100.50
427.47,-93.66
427.50,-93.32
427.53,-99.21
427.55,-99.12
427.58,-91.71
427.61,-90.10
427.63,-91.97
427.66,-99.96
427.69,-99.97
427.72,-94.71
427.74,-94.66
427.77,-98.26
427.80,-103.17
427.82,-100.14
427.85,-100.42
427.88,-97.34
427.91,-96.80
427.93,-98.54
427.96,-98.15
427.99,-95.46
428.01,-93.95
428.04,-95.38
428.07,-97.16
428.10,-96.53
428.12,-99.47
428.15,-98.38
428.18,-96.61
428.20,-97.36
428.23,-95.74
428.26,-95.84
428.29,-98.11
428.31,-95.44
428.34,-96.81
428.37,-95.17
428.39,-95.17
428.42,-91.87
428.45,-91.86
428.48,-94.20
428.50,-100.35
428.53,-103.14
428.56,-99.28
428.58,-97.10
428.61,-98.57
428.64,-100.64
428.67,-99.97
428.69,-96.83
428.72,-96.82
428.75,-101.16
428.77,-97.71
428.80,-97.88
428.83,-100.89
428.86,-96.72
428.88,-93.06
428.91,-93.23
428.94,-97.60
428.96,-99.33
428.99,-100.17
429.02,-98.93
429.05,-99.13
429.07,-101.29
429.10,-91.76
429.13,-90.46
429.15,-93.21
429.18,-104.05
429.21,-105.05
429.23,-104.44
429.26,-104.48
429.29,-97.07
429.32,-96.84
429.34,-99.96
429.37,-100.25
429.40,-98.53
429.42,-100.30
429.45,-101.18
429.48,-98.25
429.51,-99.02
429.53,-98.66
429.56,-101.47
429.59,-97.09
429.61,-94.42
429.64,-94.75
429.67,-97.47
429.70,-99.81
429.72,-98.86
429.75,-96.50
429.78,-96.51
429.80,-98.11
429.83,-97.32
429.86,-94.38
429.89,-94.15
429.91,-97.47
429.94,-104.16
429.97,-100.16
429.99,-99.38
430.02,-100.91
430.05,-92.11
430.08,-92.02
430.10,-93.75
430.13,-92.30
430.16,-96.87
430.18,-93.79
430.21,-93.07
430.24,-93.44
430.27,-97.98
430.29,-97.40
430.32,-98.29
430.35,-95.85
430.37,-93.22
430.40,-93.16
430.43,-94.49
430.46,-95.76
430.48,-94.82
430.51,-94.67
430.54,-101.32
430.56,-99.97
430.59,-98.89
430.62,-98.24
430.65,-96.78
430.67,-98.13
430.70,-99.88
430.73,-96.96
430.75,-97.92
430.78,-94.87
430.81,-98.11
430.83,-96.40
430.86,-95.07
430.89,-95.76
430.92,-96.14
430.94,-93.91
430.97,-96.37
431.00,-97.95
431.02,-97.81
431.05,-96.79
431.08,-96.95
431.11,-97.97
431.13,-96.76
431.16,-94.50
431.19,-94.52
431.21,-94.91
431.24,-94.49
431.27,-93.03
431.30,-92.94
431.32,-96.50
431.35,-94.13
431.38,-94.90
431.40,-99.27
431.43,-95.69
431.46,-96.77
431.49,-92.60
431.51,-92.00
431.54,-93.74
431.57,-96.01
431.59,-94.67
431.62,-95.21
431.65,-99.61
431.68,-98.96
431.70,-95.85
431.73,-95.70
431.76,-96.10
431.78,-99.99
431.81,-95.60
431.84,-94.45
431.87,-94.47
431.89,-95.87
431.92,-92.73
431.95,-93.01
431.97,-95.15
432.00,-95.53
432.03,-100.46
432.06,-101.11
432.08,-92.69
432.11,-97.32
432.14,-102.79
432.16,-103.07
432.19,-96.28
432.22,-96.20
432.25,-97.23
432.27,-96.75
432.30,-95.84
432.33,-95.28
432.35,-97.57
432.38,-96.29
432.41,-97.48
432.44,-95.23
432.46,-95.91
432.49,-93.56
432.52,-94.05
432.54,-96.62
432.57,-93.71
432.60,-93.71
432.62,-94.58
432.65,-93.93
432.68,-93.91
432.71,-94.48
432.73,-97.72
432.76,-96.10
432.79,-97.25
432.81,-98.70
432.84,-99.32
432.87,-94.31
432.90,-94.77
432.92,-95.07
432.95,-93.20
432.98,-93.50
433.00,-96.49
433.03,-94.87
433.06,-94.83
433.09,-95.28
433.11,-96.45
433.14,-96.65
433.17,-96.73
433.19,-99.06
433.22,-95.73
433.25,-97.42
433.28,-98.13
433.30,-95.18
433.33,-91.19
433.36,-90.06
433.38,-92.51
433.41,-97.83
433.44,-95.74
433.47,-95.81
433.49,-97.60
433.52,-97.99
433.55,-100.35
433.57,-92.00
433.60,-92.27
433.63,-101.16
433.66,-95.79
433.68,-94.16
433.71,-95.14
433.74,-96.48
433.76,-96.20
433.79,-97.45
433.82,-98.69
433.85,-107.42
433.87,-102.47
433.90,-99.11
433.93,-96.04
433.95,-95.38
433.98,-97.23
434.01,-95.83
434.04,-95.70
434.06,-99.95
434.09,-96.14
434.12,-97.81
434.14,-94.93
434.17,-91.96
434.20,-92.31
434.22,-98.14
434.25,-100.70
434.28,-97.57
434.31,-98.84
434.33,-93.84
434.36,-90.73
434.39,-91.56
434.41,-93.95
434.44,-93.73
434.47,-95.92
434.50,-96.09
434.52,-99.10
434.55,-98.49
434.58,-96.18
434.60,-96.16
434.63,-92.42
434.66,-91.94
434.69,-95.32
434.71,-92.63
434.74,-93.83
434.77,-103.52
434.79,-98.23
434.82,-93.88
434.85,-93.06
434.88,-97.07
434.90,-104.42
434.93,-97.73
434.96,-97.80
434.98,-98.96
435.01,-96.98
435.04,-97.24
435.07,-100.38
435.09,-101.12
435.12,-101.50
435.15,-97.46
435.17,-94.21
435.20,-94.14
435.23,-96.30
435.26,-94.58
435.28,-94.60
435.31,-96.02
435.34,-93.25
435.36,-95.00
435.39,-94.80
435.42,-96.86
435.45,-95.10
435.47,-90.89
435.50,-90.83
435.53,-93.50
435.55,-97.73
435.58,-99.14
435.61,-93.96
435.64,-93.85
435.66,-94.58
435.69,-94.41
435.72,-91.52
435.74,-92.22
435.77,-97.04
435.80,-101.22
435.82,-100.39
435.85,-96.55
435.88,-95.89
435.91,-94.17
435.93,-93.26
435.96,-92.81
435.99,-92.41
436.01,-97.73
436.04,-94.47
436.07,-94.00
436.10,-97.19
436.12,-96.57
436.15,-96.46
436.18,-96.53
436.20,-96.89
436.23,-98.05
436.26,-97.96
436.29,-102.74
436.31,-101.01
436.34,-102.53
436.37,-100.44
436.39,-97.81
436.42,-99.34
436.45,-95.64
436.48,-95.57
436.50,-94.09
436.53,-94.90
436.56,-99.65
436.58,-100.09
436.61,-96.55
436.64,-96.25
436.67,-98.26
436.69,-94.43
436.72,-94.20
436.75,-95.98
436.77,-96.40
436.80,-99.12
436.83,-99.06
436.86,-98.24
436.88,-99.97
436.91,-100.54
436.94,-94.20
436.96,-94.32
436.99,-98.59
437.02,-98.82
437.05,-96.74
437.07,-95.95
437.10,-96.43
437.13,-101.21
437.15,-95.87
437.18,-95.94
437.21,-96.86
437.24,-96.71
437.26,-93.85
437.29,-95.56
437.32,-93.35
437.34,-93.00
437.37,-95.12
437.40,-94.96
437.43,-94.06
437.43,-100.22
437.45,-99.65
437.48,-96.98
437.51,-95.76
437.53,-97.60
437.56,-100.97
437.59,-101.30
437.61,-97.83
437.64,-100.03
437.67,-97.62
437.70,-97.54
437.72,-97.18
437.75,-95.51
437.78,-96.72
437.80,-103.78
437.83,-99.48
437.86,-100.43
437.89,-94.90
437.91,-94.27
437.94,-99.28
437.97,-99.23
437.99,-96.53
438.02,-92.34
438.05,-91.84
438.08,-100.45
438.10,-101.19
438.13,-101.06
438.16,-101.27
438.18,-97.49
438.21,-97.55
438.24,-104.14
438.27,-99.89
438.29,-98.69
438.32,-96.81
438.35,-89.87
438.37,-89.95
438.40,-97.05
438.43,-96.57
438.46,-98.97
438.48,-102.68
438.51,-102.73
438.54,-98.22
438.56,-95.65
438.59,-93.13
438.62,-93.79
438.65,-101.02
438.67,-106.03
438.70,-105.79
438.73,-98.84
438.75,-98.88
438.78,-106.28
438.81,-101.77
438.84,-98.39
438.86,-95.41
438.89,-96.19
438.92,-98.70
438.94,-98.76
438.97,-101.62
439.00,-99.54
439.03,-102.75
439.05,-101.85
439.08,-97.21
439.11,-96.29
439.13,-97.99
439.16,-99.23
439.19,-92.78
439.21,-92.77
439.24,-97.87
439.27,-105.64
439.30,-104.01
439.32,-103.06
439.35,-97.16
439.38,-100.32
439.40,-101.88
439.43,-94.61
439.46,-94.48
439.49,-97.31
439.51,-106.35
439.54,-103.73
439.57,-93.96
439.59,-94.12
439.62,-99.06
439.65,-99.21
439.68,-106.82
439.70,-101.24
439.73,-96.37
439.76,-97.34
439.78,-99.38
439.81,-99.28
439.84,-92.88
439.87,-92.84
439.89,-98.75
439.92,-97.40
439.95,-96.80
439.97,-93.56
440.00,-93.34
440.03,-92.95
440.06,-104.49
440.08,-103.17
440.11,-101.76
440.14,-102.16
440.16,-105.82
440.19,-105.71
440.22,-96.10
440.25,-95.35
440.27,-98.01
440.30,-96.93
440.33,-96.94
440.35,-96.39
440.38,-99.72
440.41,-107.52
440.44,-99.83
440.46,-96.99
440.49,-97.01
440.52,-93.59
440.54,-92.43
440.57,-94.51
440.60,-99.45
440.63,-99.32
440.65,-111.31
440.68,-101.91
440.71,-98.09
440.73,-97.10
440.76,-97.01
440.79,-96.95
440.81,-97.04
440.84,-97.33
440.87,-102.90
440.90,-102.24
440.92,-105.75
440.95,-97.85
440.98,-97.69
441.00,-100.35
441.03,-100.05
441.06,-100.10
441.09,-105.95
441.11,-95.04
441.14,-94.91
441.17,-100.20
441.19,-99.46
441.22,-103.34
441.25,-102.60
441.28,-102.50
441.30,-101.24
441.33,-99.50
441.36,-101.76
441.38,-101.96
441.41,-100.75
441.44,-105.11
441.47,-106.85
441.49,-102.84
441.52,-95.93
441.55,-93.83
441.57,-93.82
441.60,-95.27
441.63,-100.72
441.66,-105.75
441.68,-105.63
441.71,-97.11
441.74,-96.82
441.76,-110.48
441.79,-100.66
441.82,-96.07
441.85,-96.53
441.87,-103.54
441.90,-103.14
441.93,-100.67
441.95,-100.36
441.98,-94.02
442.01,-92.82
442.04,-97.06
442.06,-94.99
442.09,-94.53
442.12,-94.21
442.14,-96.96
442.17,-102.48
442.20,-100.74
442.23,-101.47
442.25,-92.17
442.28,-91.83
442.31,-93.26
442.33,-97.91
442.36,-98.76
442.39,-95.65
442.42,-95.09
442.44,-95.93
442.47,-98.92
442.50,-92.94
442.52,-93.59
442.55,-98.04
442.58,-98.00
442.60,-101.43
442.63,-100.95
442.66,-98.95
442.69,-98.04
442.71,-96.50
442.74,-91.62
442.77,-91.80
442.79,-97.67
442.82,-93.75
442.85,-95.29
442.88,-102.14
442.90,-98.95
442.93,-97.27
442.96,-96.23
442.98,-96.56
443.01,-97.18
443.04,-97.84
443.07,-98.22
443.09,-99.93
443.12,-97.25
443.15,-96.18
443.17,-99.88
443.20,-97.06
443.23,-97.06
443.26,-101.80
443.28,-93.63
443.31,-101.60
443.34,-100.29
443.36,-95.12
443.39,-95.12
443.42,-102.85
443.45,-98.91
443.47,-96.09
443.50,-97.66
443.53,-99.83
443.55,-98.58
443.58,-97.59
443.61,-97.44
443.64,-95.17
443.66,-95.13
443.69,-97.10
443.72,-97.13
443.74,-102.10
443.77,-100.38
443.80,-104.50
443.83,-94.38
443.85,-94.41
443.88,-99.03
443.91,-103.07
443.93,-105.46
443.96,-96.00
443.99,-92.81
444.02,-93.11
444.04,-95.95
444.07,-96.55
444.10,-96.08
444.12,-97.25
444.15,-95.79
444.18,-96.90
444.20,-91.67
444.23,-91.35
444.26,-95.00
444.29,-93.88
444.31,-96.65
444.34,-93.18
444.37,-93.28
444.39,-96.39
444.42,-99.56
444.45,-98.47
444.48,-89.70
444.50,-89.61
444.53,-94.37
444.56,-93.27
444.58,-92.25
444.61,-92.77
444.64,-94.13
444.67,-94.43
444.69,-103.52
444.72,-102.97
444.75,-95.53
444.77,-96.07
444.80,-105.97
444.83,-104.55
444.86,-103.17
444.88,-102.49
444.91,-89.00
444.94,-88.90
444.96,-97.18
444.99,-93.26
445.02,-93.51
445.05,-95.83
445.07,-95.56
445.10,-95.41
445.13,-91.15
445.15,-91.32
445.18,-100.88
445.21,-94.67
445.24,-102.53
445.26,-91.81
445.29,-87.14
445.32,-86.24
445.34,-82.95
445.37,-81.77
445.40,-82.10
445.43,-81.40
445.45,-75.74
445.48,-75.26
445.51,-78.10
445.53,-82.72
445.56,-82.96
445.59,-83.02
445.62,-84.93
445.64,-84.10
445.67,-86.04
445.70,-89.84
445.72,-86.86
445.75,-86.96
445.78,-87.61
445.80,-84.35
445.83,-83.73
445.86,-85.02
445.89,-86.69
445.91,-86.99
445.94,-88.97
445.97,-89.97
445.99,-92.52
446.02,-92.08
446.05,-89.37
446.08,-89.25
446.10,-88.77
446.13,-88.82
446.16,-87.36
446.18,-86.36
446.21,-86.26
446.24,-88.44
446.27,-90.36
446.29,-94.86
446.32,-93.88
446.35,-92.88
446.37,-95.00
446.40,-95.29
446.43,-95.85
446.46,-102.87
446.48,-99.78
446.51,-96.02
446.54,-97.87
446.56,-98.58
446.59,-89.85
446.62,-87.62
446.65,-88.71
446.67,-93.18
446.70,-93.08
446.73,-94.44
446.75,-98.46
446.78,-93.98
446.81,-93.44
446.84,-93.28
446.86,-98.79
446.89,-99.50
446.92,-101.60
446.94,-95.62
446.97,-94.08
447.00,-94.68
447.03,-98.14
447.05,-103.50
447.08,-109.05
447.11,-104.18
447.13,-96.27
447.16,-91.41
447.19,-96.31
447.22,-107.03
447.24,-101.04
447.27,-97.94
447.30,-95.42
447.32,-92.30
447.35,-93.30
447.38,-98.05
447.40,-96.14
447.43,-95.47
447.46,-94.97
447.49,-92.02
447.51,-92.03
447.54,-95.18
447.57,-98.25
447.59,-93.82
447.62,-91.17
447.65,-91.17
447.68,-92.58
447.70,-98.70
447.73,-97.61
447.76,-92.22
447.78,-90.99
447.81,-92.50
447.84,-92.25
447.87,-97.74
447.89,-108.01
447.92,-100.33
447.95,-98.51
447.97,-97.38
448.00,-103.44
448.03,-96.75
448.06,-95.74
448.08,-96.27
448.11,-96.98
448.14,-97.33
448.16,-99.13
448.19,-105.29
448.22,-97.04
448.25,-94.82
448.27,-96.47
448.30,-100.93
448.33,-98.15
448.35,-95.94
448.38,-95.70
448.41,-93.09
448.44,-91.73
448.46,-92.34
448.49,-97.10
448.52,-99.34
448.54,-100.22
448.57,-105.75
448.60,-97.63
448.63,-97.41
448.65,-97.52
448.68,-98.21
448.71,-92.83
448.73,-91.58
448.76,-92.99
448.79,-94.73
448.82,-100.51
448.84,-97.59
448.87,-95.98
448.90,-96.44
448.92,-99.90
448.95,-92.53
448.98,-92.28
449.01,-91.39
449.03,-91.18
449.06,-97.48
449.09,-96.31
449.11,-93.61
449.14,-95.98
449.17,-97.32
449.19,-96.07
449.22,-93.61
449.25,-94.43
449.28,-95.35
449.30,-96.53
449.33,-98.34
449.36,-98.64
449.38,-95.90
449.41,-94.33
449.44,-94.48
449.47,-103.29
449.49,-103.06
449.52,-100.00
449.55,-94.52
449.57,-94.22
449.60,-94.17
449.63,-95.70
449.66,-98.70
449.68,-100.53
449.71,-96.62
449.74,-97.96
449.76,-96.74
449.79,-101.97
449.82,-98.68
449.85,-94.54
449.87,-94.67
449.90,-96.60
449.90,-98.17
449.93,-97.56
449.95,-93.34
449.98,-93.12
450.01,-94.79
450.04,-94.50
450.06,-97.74
450.09,-99.21
450.12,-96.59
450.14,-96.44
450.17,-97.63
450.20,-98.57
450.23,-99.15
450.25,-95.82
450.28,-94.64
450.31,-91.76
450.33,-91.13
450.36,-90.77
450.39,-90.97
450.42,-98.84
450.44,-98.19
450.47,-97.76
450.50,-96.31
450.52,-95.23
450.55,-93.58
450.58,-98.13
450.61,-95.30
450.63,-94.32
450.66,-96.40
450.69,-96.57
450.71,-96.85
450.74,-93.26
450.77,-92.97
450.79,-90.18
450.82,-90.39
450.85,-95.59
450.88,-95.18
450.90,-95.16
450.93,-94.88
450.96,-93.03
450.98,-93.37
451.01,-99.36
451.04,-101.60
451.07,-98.80
451.09,-96.21
451.12,-95.48
451.15,-95.88
451.17,-94.10
451.20,-92.43
451.23,-94.54
451.26,-94.99
451.28,-89.68
451.31,-90.29
451.34,-91.81
451.36,-92.42
451.39,-93.38
451.42,-99.18
451.45,-95.56
451.47,-96.13
451.50,-93.78
451.53,-93.27
451.55,-93.25
451.58,-90.74
451.61,-90.95
451.64,-95.65
451.66,-96.22
451.69,-96.82
451.72,-96.54
451.74,-97.27
451.77,-93.44
451.80,-93.56
451.83,-96.10
451.85,-96.46
451.88,-95.36
451.91,-96.34
451.93,-96.34
451.96,-94.55
451.99,-96.70
452.02,-98.77
452.04,-100.10
452.07,-98.96
452.10,-99.43
452.12,-102.31
452.15,-103.65
452.18,-103.46
452.21,-99.95
452.23,-98.24
452.26,-99.53
452.29,-100.35
452.31,-99.59
452.34,-94.46
452.37,-93.99
452.39,-96.45
452.42,-96.46
452.45,-97.84
452.48,-92.84
452.50,-92.71
452.53,-93.26
452.56,-94.81
452.58,-95.19
452.61,-94.93
452.64,-91.49
452.67,-91.41
452.69,-96.63
452.72,-96.19
452.75,-98.62
452.77,-93.28
452.80,-93.50
452.83,-95.72
452.86,-92.15
452.88,-91.60
452.91,-92.77
452.94,-92.52
452.96,-92.04
452.99,-96.69
453.02,-98.65
453.05,-97.37
453.07,-101.06
453.10,-98.53
453.13,-96.59
453.15,-94.02
453.18,-95.92
453.21,-93.05
453.24,-93.31
453.26,-97.65
453.29,-94.36
453.32,-92.65
453.34,-95.88
453.37,-96.58
453.40,-96.83
453.43,-97.96
453.45,-97.61
453.48,-100.56
453.51,-100.27
453.53,-99.03
453.56,-101.98
453.59,-101.39
453.62,-94.89
453.64,-93.08
453.67,-95.15
453.70,-102.50
453.72,-100.10
453.75,-95.93
453.78,-97.04
453.81,-96.50
453.83,-98.16
453.86,-93.62
453.89,-92.44
453.91,-93.08
453.94,-95.91
453.97,-95.20
454.00,-91.61
454.02,-91.68
454.05,-96.52
454.08,-97.85
454.10,-93.33
454.13,-92.75
454.16,-91.66
454.18,-92.14
454.21,-95.09
454.24,-97.09
454.27,-99.19
454.29,-97.98
454.32,-99.00
454.35,-99.98
454.37,-97.59
454.40,-96.97
454.43,-93.33
454.46,-96.75
454.48,-96.51
454.51,-99.10
454.54,-100.93
454.56,-97.86
454.59,-94.32
454.62,-93.90
454.65,-94.86
454.67,-96.79
454.70,-104.51
454.73,-92.66
454.75,-91.42
454.78,-96.47
454.81,-95.43
454.84,-92.16
454.86,-89.77
454.89,-92.85
454.92,-92.26
454.94,-91.55
454.97,-97.78
455.00,-100.35
455.03,-97.66
455.05,-97.48
455.08,-97.46
455.11,-100.25
455.13,-100.51
455.16,-102.33
455.19,-100.33
455.22,-96.41
455.24,-95.89
455.27,-97.99
455.30,-96.82
455.32,-96.79
455.35,-94.95
455.38,-94.94
455.41,-93.60
455.43,-91.88
455.46,-93.30
455.49,-93.03
455.51,-96.90
455.54,-96.07
455.57,-95.17
455.60,-94.55
455.62,-92.73
455.65,-96.10
455.68,-93.33
455.70,-93.38
455.73,-100.17
455.76,-89.09
455.78,-91.26
455.81,-96.02
455.84,-95.85
455.87,-96.13
455.89,-92.34
455.92,-92.40
455.95,-94.30
455.97,-93.36
456.00,-98.12
456.03,-100.68
456.06,-98.89
456.08,-101.20
456.11,-100.38
456.14,-96.24
456.16,-92.70
456.19,-93.22
456.22,-97.09
456.25,-99.82
456.27,-101.50
456.30,-97.44
456.33,-94.45
456.35,-94.88
456.38,-95.52
456.41,-92.68
456.44,-98.23
456.46,-96.07
456.49,-99.24
456.52,-96.46
456.54,-93.57
456.57,-93.70
456.60,-94.98
456.63,-92.68
456.65,-92.68
456.68,-93.12
456.71,-99.43
456.73,-97.94
456.76,-97.50
456.79,-97.85
456.82,-101.13
456.84,-96.58
456.87,-96.58
456.90,-95.57
456.92,-95.20
456.95,-97.57
456.98,-98.26
457.01,-98.41
457.03,-93.77
457.06,-97.06
457.09,-98.46
457.11,-100.91
457.14,-100.26
457.17,-100.21
457.20,-95.77
457.22,-96.31
457.25,-96.56
457.28,-99.61
457.30,-100.34
457.33,-99.42
457.36,-94.69
457.38,-94.06
457.41,-94.95
457.44,-96.96
457.47,-96.93
457.49,-100.12
457.52,-96.17
457.55,-96.05
457.57,-92.58
457.60,-89.68
457.63,-90.11
457.66,-95.41
457.68,-99.40
457.71,-98.13
457.74,-93.13
457.76,-95.54
457.79,-99.33
457.82,-97.48
457.85,-97.30
457.87,-96.57
457.90,-96.73
457.93,-101.95
457.95,-96.48
457.98,-96.84
458.01,-97.88
458.04,-98.22
458.06,-98.49
458.09,-97.00
458.12,-96.88
458.14,-98.46
458.17,-95.43
458.20,-96.52
458.23,-100.91
458.25,-99.31
458.28,-98.50
458.31,-102.87
458.33,-96.30
458.36,-94.11
458.39,-94.16
458.42,-97.98
458.44,-98.05
458.47,-98.55
458.50,-92.81
458.52,-92.63
458.55,-93.59
458.58,-89.88
458.61,-89.92
458.63,-93.67
458.66,-96.10
458.69,-94.10
458.71,-93.49
458.74,-96.24
458.77,-96.78
458.80,-92.89
458.82,-92.91
458.85,-94.28
458.88,-95.26
458.90,-92.08
458.93,-92.29
458.96,-92.45
458.99,-94.50
459.01,-93.53
459.04,-93.72
459.07,-94.82
459.09,-96.97
459.12,-96.49
459.15,-94.61
459.17,-94.13
459.20,-95.64
459.23,-99.86
459.26,-99.60
459.28,-94.78
459.31,-94.75
459.34,-93.83
459.36,-94.77
459.39,-104.52
459.42,-99.34
459.45,-98.23
459.47,-94.59
459.50,-94.36
459.53,-96.81
459.55,-96.08
459.58,-91.47
459.61,-91.43
459.64,-90.95
459.66,-96.41
459.69,-97.35
459.72,-93.60
459.74,-90.84
459.77,-93.66
459.80,-94.22
459.83,-95.42
459.85,-99.00
459.88,-99.28
459.91,-93.20
459.93,-91.80
459.96,-92.16
459.99,-94.28
460.02,-95.35
460.04,-91.92
460.07,-92.37
460.10,-94.89
460.12,-95.29
460.15,-95.61
460.18,-94.61
460.21,-95.17
460.23,-92.92
460.26,-92.34
460.29,-92.98
460.31,-95.57
460.34,-95.19
460.37,-94.66
460.40,-99.64
460.42,-93.08
460.45,-93.05
460.48,-95.45
460.50,-95.37
460.53,-96.67
460.56,-95.13
460.59,-93.96
460.61,-93.54
460.64,-93.52
460.67,-98.04
460.69,-96.73
460.72,-96.20
460.75,-92.44
460.77,-92.59
460.80,-93.64
460.83,-96.67
460.86,-92.00
460.88,-92.59
460.91,-93.83
460.94,-89.69
460.96,-93.27
460.99,-94.09
461.02,-93.31
461.05,-95.85
461.07,-87.48
461.10,-87.32
461.13,-92.45
461.15,-92.14
461.18,-95.36
461.21,-101.70
461.24,-97.95
461.26,-93.69
461.29,-93.57
461.32,-94.42
461.34,-92.81
461.37,-91.78
461.40,-92.82
461.43,-94.15
461.45,-93.31
461.48,-95.91
461.51,-90.68
461.53,-90.84
461.56,-89.35
461.59,-88.80
461.62,-98.25
461.64,-93.10
461.67,-89.95
461.70,-90.58
461.72,-85.18
461.75,-84.41
461.78,-88.20
461.81,-91.56
461.83,-91.23
461.86,-89.13
461.89,-84.68
461.91,-85.54
461.94,-79.65
461.97,-76.91
462.00,-79.69
462.02,-88.00
462.05,-87.19
462.08,-88.70
462.10,-89.66
462.13,-89.61
462.16,-91.43
462.19,-89.30
462.21,-90.95
462.24,-91.15
462.27,-86.89
462.29,-91.38
462.32,-90.43
462.35,-90.22
462.38,-94.08
462.38,-91.30
462.40,-88.31
462.43,-88.58
462.46,-92.88
462.48,-99.63
462.51,-102.72
462.54,-93.76
462.56,-92.50
462.59,-95.29
462.62,-101.33
462.65,-101.89
462.67,-99.42
462.70,-100.59
462.73,-100.80
462.75,-93.52
462.78,-92.52
462.81,-95.25
462.84,-101.35
462.86,-96.51
462.89,-95.09
462.92,-96.98
462.94,-99.02
462.97,-99.88
463.00,-96.06
463.03,-97.30
463.05,-99.24
463.08,-96.37
463.11,-96.84
463.13,-95.48
463.16,-92.42
463.19,-92.25
463.22,-98.70
463.24,-103.89
463.27,-104.55
463.30,-100.64
463.32,-96.02
463.35,-98.96
463.38,-95.64
463.41,-94.62
463.43,-95.24
463.46,-103.05
463.49,-98.98
463.51,-95.67
463.54,-95.96
463.57,-94.70
463.60,-93.34
463.62,-95.66
463.65,-98.20
463.68,-100.15
463.70,-105.40
463.73,-105.46
463.76,-104.80
463.79,-104.36
463.81,-102.85
463.84,-104.60
463.87,-98.32
463.89,-94.36
463.92,-94.71
463.95,-101.60
463.98,-100.88
464.00,-97.18
464.03,-97.94
464.06,-98.94
464.08,-98.22
464.11,-97.51
464.14,-99.43
464.16,-94.63
464.19,-95.01
464.22,-97.87
464.25,-96.75
464.27,-100.16
464.30,-103.13
464.33,-92.06
464.35,-96.82
464.38,-92.18
464.41,-92.84
464.44,-97.01
464.46,-91.65
464.49,-91.42
464.52,-93.78
464.54,-97.16
464.57,-96.37
464.60,-94.28
464.63,-93.97
464.65,-94.00
464.68,-100.30
464.71,-94.50
464.73,-93.51
464.76,-94.44
464.79,-96.97
464.82,-95.13
464.84,-93.96
464.87,-98.48
464.90,-93.50
464.92,-91.93
464.95,-92.43
464.98,-97.96
465.01,-92.62
465.03,-93.12
465.06,-98.60
465.09,-99.48
465.11,-96.70
465.14,-97.02
465.17,-92.01
465.20,-92.73
465.22,-95.08
465.25,-94.73
465.28,-98.69
465.30,-95.63
465.33,-96.81
465.36,-100.12
465.39,-98.97
465.41,-97.08
465.44,-97.12
465.47,-98.11
465.49,-98.61
465.52,-100.82
465.55,-105.14
465.58,-98.52
465.60,-94.00
465.63,-91.69
465.66,-89.27
465.68,-91.90
465.71,-93.53
465.74,-92.13
465.76,-92.06
465.79,-96.42
465.82,-97.51
465.85,-97.52
465.87,-97.54
465.90,-96.09
465.93,-95.80
465.95,-97.69
465.98,-101.43
466.01,-98.49
466.04,-96.00
466.06,-96.60
466.09,-108.50
466.12,-100.22
466.14,-93.66
466.17,-94.76
466.20,-97.34
466.23,-97.05
466.25,-101.11
466.28,-97.78
466.31,-98.63
466.33,-96.62
466.36,-96.24
466.39,-101.68
466.42,-91.69
466.44,-91.46
466.47,-94.20
466.50,-100.72
466.52,-95.89
466.55,-95.68
466.58,-96.69
466.61,-99.09
466.63,-96.69
466.66,-96.60
466.69,-103.20
466.71,-97.13
466.74,-96.20
466.77,-98.24
466.80,-98.06
466.82,-92.88
466.85,-92.89
466.88,-93.04
466.90,-92.34
466.93,-94.78
466.96,-94.65
466.99,-97.09
467.01,-98.86
467.04,-101.59
467.07,-100.92
467.09,-114.64
467.12,-101.65
467.15,-97.90
467.18,-95.51
467.20,-95.24
467.23,-95.57
467.26,-94.08
467.28,-93.66
467.31,-98.21
467.34,-102.22
467.37,-93.06
467.39,-93.13
467.42,-97.11
467.45,-99.38
467.47,-100.50
467.50,-100.59
467.53,-101.76
467.55,-100.06
467.58,-99.90
467.61,-99.03
467.64,-98.43
467.66,-98.28
467.69,-102.74
467.72,-102.54
467.74,-101.58
467.77,-96.84
467.80,-96.72
467.83,-102.08
467.85,-101.87
467.88,-101.27
467.91,-105.03
467.93,-99.41
467.96,-98.81
467.99,-95.88
468.02,-95.83
468.04,-99.30
468.07,-95.96
468.10,-96.52
468.12,-105.19
468.15,-104.95
468.18,-98.94
468.21,-100.10
468.23,-96.63
468.26,-96.78
468.29,-105.94
468.31,-100.27
468.34,-98.52
468.37,-98.52
468.40,-102.39
468.42,-96.34
468.45,-96.56
468.48,-95.76
468.50,-94.38
468.53,-98.34
468.56,-91.47
468.59,-90.80
468.61,-93.30
468.64,-95.21
468.67,-100.75
468.69,-103.41
468.72,-99.07
468.75,-98.97
468.78,-100.97
468.80,-98.72
468.83,-99.18
468.86,-101.72
468.88,-101.61
468.91,-101.74
468.94,-100.81
468.97,-106.69
468.99,-104.20
469.02,-100.00
469.05,-101.89
469.07,-96.41
469.10,-96.61
469.13,-104.12
469.15,-102.33
469.18,-90.85
469.21,-90.17
469.24,-93.14
469.26,-102.92
469.29,-109.24
469.32,-101.17
469.34,-99.75
469.37,-99.90
469.40,-95.35
469.43,-96.30
469.45,-102.81
469.48,-97.26
469.51,-97.17
469.53,-101.98
469.56,-101.81
469.59,-101.20
469.62,-93.76
469.64,-93.80
469.67,-99.62
469.70,-97.82
469.72,-96.15
469.75,-98.49
469.78,-96.22
469.81,-96.28
469.83,-99.98
469.86,-102.54
469.89,-112.91
469.91,-99.01
469.94,-92.54
469.97,-90.99
470.00,-91.65
470.02,-101.67
470.05,-99.74
470.08,-97.10
470.10,-97.14
470.13,-96.53
470.16,-95.89
470.19,-97.24
470.21,-96.80
470.24,-97.36
470.27,-95.32
470.29,-90.97
470.32,-91.26
470.35,-98.31
470.38,-97.31
470.40,-96.86
470.43,-93.48
470.46,-93.27
470.48,-95.56
470.51,-97.22
470.54,-98.78
470.57,-93.84
470.59,-93.85
470.62,-98.47
470.65,-95.92
470.67,-93.54
470.70,-92.51
470.73,-94.57
470.75,-99.62
470.78,-102.58
470.81,-99.90
470.84,-95.18
470.86,-100.15
470.89,-97.15
470.92,-96.08
470.94,-101.75
470.97,-106.06
471.00,-103.58
471.03,-94.15
471.05,-92.75
471.08,-93.34
471.11,-95.65
471.13,-92.03
471.16,-92.05
471.19,-95.51
471.22,-100.45
471.24,-100.41
471.27,-105.10
471.30,-100.49
471.32,-100.46
471.35,-95.44
471.38,-92.46
471.41,-93.27
471.43,-102.20
471.46,-97.32
471.49,-99.12
471.51,-102.22
471.54,-102.31
471.57,-102.25
471.60,-96.94
471.62,-96.67
471.65,-104.37
471.68,-99.14
471.70,-94.98
471.73,-95.37
471.76,-100.18
471.79,-96.06
471.81,-94.86
471.84,-95.52
471.87,-105.66
471.89,-101.88
471.92,-100.68
471.95,-100.57
471.98,-96.99
472.00,-97.05
472.03,-99.06
472.06,-100.62
472.08,-102.39
472.11,-101.29
472.14,-100.21
472.17,-92.03
472.19,-91.37
472.22,-93.58
472.25,-97.16
472.27,-101.09
472.30,-96.96
472.33,-98.01
472.36,-96.36
472.38,-95.94
472.41,-95.07
472.44,-97.57
472.46,-101.02
472.49,-98.06
472.52,-95.28
472.54,-95.88
472.57,-94.80
472.60,-96.69
472.63,-108.02
472.65,-107.31
472.68,-102.37
472.71,-96.57
472.73,-96.56
472.76,-98.05
472.79,-96.05
472.82,-95.93
472.84,-96.55
472.87,-97.01
472.90,-101.12
472.92,-104.29
472.95,-100.98
472.98,-100.51
473.01,-104.37
473.03,-104.88
473.06,-100.82
473.09,-99.79
473.11,-104.09
473.14,-96.03
473.17,-93.63
473.20,-94.15
473.22,-97.64
473.25,-96.17
473.28,-99.19
473.30,-101.53
473.33,-97.13
473.36,-98.09
473.39,-98.53
473.41,-94.59
473.44,-100.07
473.47,-101.38
473.49,-101.63
473.52,-105.49
473.55,-95.96
473.58,-92.79
473.60,-93.13
473.63,-97.92
473.66,-95.92
473.68,-94.33
473.71,-94.60
473.74,-98.90
473.77,-99.04
473.79,-93.59
473.82,-93.80
473.85,-95.81
473.87,-94.90
473.90,-97.45
473.93,-95.76
473.96,-96.56
473.98,-111.15
474.01,-100.06
474.04,-101.62
474.06,-99.97
474.09,-93.29
474.12,-95.45
474.14,-99.19
474.17,-100.27
474.20,-93.70
474.23,-93.31
474.25,-89.82
474.28,-86.81
474.31,-86.81
474.33,-91.42
474.36,-87.02
474.39,-87.67
474.42,-91.52
474.44,-91.33
474.47,-97.26
474.50,-100.67
474.52,-100.34
474.55,-93.85
474.58,-93.42
474.61,-97.67
474.63,-98.36
474.66,-95.39
474.69,-95.38
474.71,-95.18
474.74,-99.06
474.77,-102.67
474.80,-96.09
474.82,-97.00
474.85,-103.17
474.85,-96.09
474.88,-96.33
474.90,-94.68
474.93,-94.04
474.96,-91.83
474.99,-89.29
475.01,-89.23
475.04,-94.60
475.07,-99.64
475.09,-97.06
475.12,-94.19
475.15,-95.19
475.18,-98.41
475.20,-98.69
475.23,-96.27
475.26,-96.28
475.28,-96.97
475.31,-97.49
475.34,-96.94
475.37,-98.61
475.39,-99.89
475.42,-103.93
475.45,-96.92
475.47,-97.11
475.50,-101.42
475.53,-103.41
475.56,-98.77
475.58,-98.07
475.61,-98.28
475.64,-98.36
475.66,-99.04
475.69,-96.04
475.72,-95.99
475.74,-99.82
475.77,-95.83
475.80,-94.56
475.83,-96.28
475.85,-94.63
475.88,-94.34
475.91,-92.05
475.93,-92.26
475.96,-94.03
475.99,-96.93
476.02,-97.39
476.04,-95.41
476.07,-95.79
476.10,-91.43
476.12,-91.48
476.15,-102.59
476.18,-94.39
476.21,-94.48
476.23,-94.31
476.26,-96.83
476.29,-95.09
476.31,-91.32
476.34,-91.39
476.37,-99.39
476.40,-97.15
476.42,-95.89
476.45,-93.75
476.48,-93.89
476.50,-99.50
476.53,-98.05
476.56,-98.23
476.59,-101.51
476.61,-94.06
476.64,-93.52
476.67,-97.17
476.69,-96.16
476.72,-95.95
476.75,-94.37
476.78,-94.17
476.80,-94.34
476.83,-95.77
476.86,-99.02
476.88,-95.69
476.91,-95.08
476.94,-95.94
476.97,-96.36
476.99,-97.30
477.02,-92.31
477.05,-91.17
477.07,-91.88
477.10,-92.36
477.13,-95.40
477.16,-91.91
477.18,-91.79
477.21,-97.73
477.24,-94.42
477.26,-94.46
477.29,-96.92
477.32,-97.50
477.35,-97.84
477.37,-94.70
477.40,-92.48
477.43,-92.54
477.45,-97.39
477.48,-94.87
477.51,-94.75
477.53,-97.90
477.56,-94.47
477.59,-95.33
477.62,-96.55
477.64,-96.58
477.67,-91.54
477.70,-88.96
477.72,-91.26
477.75,-98.91
477.78,-95.65
477.81,-94.96
477.83,-96.29
477.86,-97.63
477.89,-97.56
477.91,-95.66
477.94,-95.77
477.97,-94.79
478.00,-95.23
478.02,-100.31
478.05,-98.72
478.08,-95.38
478.10,-94.37
478.13,-97.40
478.16,-96.90
478.19,-94.64
478.21,-95.56
478.24,-98.37
478.27,-94.49
478.29,-94.39
478.32,-98.66
478.35,-99.17
478.38,-99.23
478.40,-90.51
478.43,-90.58
478.46,-97.72
478.48,-92.77
478.51,-92.87
478.54,-96.25
478.57,-93.82
478.59,-93.76
478.62,-97.00
478.65,-98.86
478.67,-95.61
478.70,-95.25
478.73,-101.96
478.76,-97.57
478.78,-95.01
478.81,-95.00
478.84,-98.09
478.86,-98.67
478.89,-96.97
478.92,-99.77
478.95,-95.63
478.97,-95.75
479.00,-102.61
479.03,-96.68
479.05,-93.34
479.08,-94.00
479.11,-95.51
479.13,-95.76
479.16,-95.89
479.19,-98.92
479.22,-102.41
479.24,-95.68
479.27,-97.29
479.30,-96.94
479.32,-94.01
479.35,-93.20
479.38,-93.21
479.41,-95.65
479.43,-93.67
479.46,-93.64
479.49,-97.58
479.51,-95.51
479.54,-94.87
479.57,-97.85
479.60,-99.77
479.62,-96.79
479.65,-97.27
479.68,-100.45
479.70,-98.73
479.73,-99.80
479.76,-104.77
479.79,-96.19
479.81,-94.74
479.84,-98.73
479.87,-92.95
479.89,-92.56
479.92,-96.97
479.95,-92.33
479.98,-76.75
480.00,-72.18
480.03,-73.54
480.06,-87.45
480.08,-94.39
480.11,-95.41
480.14,-95.31
480.17,-97.62
480.19,-95.77
480.22,-97.84
480.25,-95.61
480.27,-95.68
480.30,-97.66
480.33,-97.38
480.36,-96.79
480.38,-97.69
480.41,-97.98
480.44,-95.43
480.46,-98.52
480.49,-98.59
480.52,-98.75
480.55,-98.13
480.57,-98.10
480.60,-93.97
480.63,-93.88
480.65,-95.14
480.68,-94.07
480.71,-97.83
480.73,-96.97
480.76,-95.67
480.79,-96.09
480.82,-100.49
480.84,-97.73
480.87,-93.24
480.90,-93.25
480.92,-94.35
480.95,-97.80
480.98,-100.77
481.01,-95.81
481.03,-95.36
481.06,-96.77
481.09,-96.78
481.11,-96.92
481.14,-96.40
481.17,-98.66
481.20,-97.36
481.22,-96.31
481.25,-100.56
481.28,-97.53
481.30,-98.98
481.33,-98.75
481.36,-99.53
481.39,-98.88
481.41,-100.65
481.44,-99.39
481.47,-96.35
481.49,-97.06
481.52,-97.27
481.55,-92.48
481.58,-92.49
481.60,-97.15
481.63,-95.35
481.66,-95.50
481.68,-94.03
481.71,-93.89
481.74,-95.88
481.77,-100.20
481.79,-100.92
481.82,-100.61
481.85,-98.22
481.87,-98.26
481.90,-98.95
481.93,-100.96
481.96,-92.63
481.98,-91.16
482.01,-96.84
482.04,-94.32
482.06,-91.46
482.09,-89.85
482.12,-92.57
482.15,-94.01
482.17,-93.98
482.20,-100.28
482.23,-98.51
482.25,-100.06
482.28,-97.97
482.31,-98.46
482.33,-100.58
482.36,-98.84
482.39,-98.64
482.42,-97.74
482.44,-95.28
482.47,-92.88
482.50,-91.99
482.52,-94.01
482.55,-93.45
482.58,-95.97
482.61,-95.02
482.63,-94.96
482.66,-99.55
482.69,-100.20
482.71,-94.30
482.74,-94.34
482.77,-98.90
482.80,-93.53
482.82,-92.48
482.85,-93.28
482.88,-93.06
482.90,-91.61
482.93,-91.53
482.96,-97.30
482.99,-94.93
483.01,-96.18
483.04,-99.52
483.07,-95.36
483.09,-94.48
483.12,-94.52
483.15,-93.66
483.18,-95.40
483.20,-96.02
483.23,-94.19
483.26,-94.91
483.28,-97.78
483.31,-96.13
483.34,-96.50
483.37,-95.75
483.39,-97.40
483.42,-102.39
483.45,-100.15
483.47,-97.98
483.50,-97.46
483.53,-97.50
483.56,-99.06
483.58,-98.97
483.61,-104.36
483.64,-97.55
483.66,-94.64
483.69,-91.54
483.72,-91.58
483.75,-94.60
483.77,-99.79
483.80,-101.06
483.83,-94.94
483.85,-94.99
483.88,-99.33
483.91,-98.13
483.94,-98.42
483.96,-95.80
483.99,-98.10
484.02,-103.46
484.04,-100.12
484.07,-99.37
484.10,-98.52
484.12,-96.75
484.15,-100.90
484.18,-100.16
484.21,-98.36
484.23,-97.29
484.26,-95.96
484.29,-96.22
484.31,-93.23
484.34,-93.08
484.37,-96.68
484.40,-96.48
484.42,-96.82
484.45,-95.06
484.48,-94.03
484.50,-93.64
484.53,-95.63
484.56,-97.63
484.59,-97.79
484.61,-96.72
484.64,-93.16
484.67,-94.79
484.69,-96.59
484.72,-96.04
484.75,-96.23
484.78,-94.61
484.80,-97.73
484.83,-104.78
484.86,-97.76
484.88,-95.07
484.91,-98.58
484.94,-94.26
484.97,-91.28
484.99,-91.91
485.02,-92.64
485.05,-93.73
485.07,-94.35
485.10,-93.90
485.13,-94.27
485.16,-94.83
485.18,-103.17
485.21,-96.06
485.24,-94.66
485.26,-90.91
485.29,-96.67
485.32,-94.24
485.35,-94.13
485.37,-96.97
485.40,-94.13
485.43,-95.29
485.45,-96.30
485.48,-94.56
485.51,-93.78
485.54,-95.56
485.56,-101.07
485.59,-95.93
485.62,-96.25
485.64,-93.75
485.67,-93.88
485.70,-95.54
485.72,-99.00
485.75,-96.00
485.78,-96.02
485.81,-100.52
485.83,-96.52
485.86,-96.55
485.89,-96.64
485.91,-96.02
485.94,-95.89
485.97,-95.81
486.00,-99.00
486.02,-98.42
486.05,-92.97
486.08,-93.24
486.10,-96.05
486.13,-102.70
486.16,-99.88
486.19,-98.81
486.21,-99.53
486.24,-92.54
486.27,-92.30
486.29,-93.98
486.32,-98.07
486.35,-99.36
486.38,-96.54
486.40,-98.10
486.43,-99.74
486.46,-99.20
486.48,-98.78
486.51,-98.77
486.54,-102.68
486.57,-98.14
486.59,-101.97
486.62,-92.35
486.65,-92.20
486.67,-95.49
486.70,-96.36
486.73,-97.65
486.76,-96.20
486.78,-98.13
486.81,-95.49
486.84,-97.70
486.86,-98.38
486.89,-92.99
486.92,-93.10
486.95,-100.09
486.97,-100.41
487.00,-103.00
487.03,-96.04
487.05,-94.02
487.08,-96.05
487.11,-99.07
487.14,-99.84
487.16,-97.59
487.19,-96.01
487.22,-94.84
487.24,-95.78
487.27,-97.82
487.30,-99.07
487.32,-100.43
487.32,-97.85
487.35,-93.46
487.38,-93.98
487.41,-98.47
487.43,-99.91
487.46,-101.88
487.49,-100.10
487.51,-100.14
487.54,-99.50
487.57,-99.43
487.60,-104.09
487.62,-100.91
487.65,-100.98
487.68,-101.76
487.70,-99.00
487.73,-95.61
487.76,-95.72
487.79,-103.08
487.81,-94.37
487.84,-92.40
487.87,-93.04
487.89,-96.84
487.92,-98.56
487.95,-96.56
487.98,-105.50
488.00,-101.51
488.03,-100.25
488.06,-102.07
488.08,-93.15
488.11,-93.00
488.14,-99.51
488.17,-103.45
488.19,-102.02
488.22,-99.87
488.25,-99.64
488.27,-96.43
488.30,-96.92
488.33,-99.63
488.36,-99.30
488.38,-99.11
488.41,-97.13
488.44,-95.30
488.46,-94.31
488.49,-95.72
488.52,-96.47
488.55,-96.24
488.57,-96.28
488.60,-101.55
488.63,-95.62
488.65,-96.59
488.68,-98.76
488.71,-106.11
488.74,-100.32
488.76,-95.28
488.79,-95.26
488.82,-100.99
488.84,-102.54
488.87,-98.13
488.90,-98.17
488.93,-98.68
488.95,-101.53
488.98,-100.87
489.01,-104.58
489.03,-101.24
489.06,-98.75
489.09,-96.99
489.11,-94.56
489.14,-96.68
489.17,-94.45
489.20,-94.42
489.22,-103.93
489.25,-103.49
489.28,-97.75
489.30,-96.05
489.33,-96.17
489.36,-99.74
489.39,-99.56
489.41,-102.85
489.44,-97.84
489.47,-98.09
489.49,-96.03
489.52,-95.88
489.55,-98.91
489.58,-101.85
489.60,-99.53
489.63,-95.61
489.66,-94.55
489.68,-96.73
489.71,-101.32
489.74,-98.79
489.77,-99.88
489.79,-98.09
489.82,-94.55
489.85,-95.32
489.87,-107.36
489.90,-99.33
489.93,-92.52
489.96,-96.24
489.98,-97.70
490.01,-100.76
490.04,-105.43
490.06,-104.86
490.09,-106.90
490.12,-106.42
490.15,-106.94
490.17,-93.69
490.20,-93.48
490.23,-96.33
490.25,-98.92
490.28,-100.11
490.31,-100.00
490.34,-103.35
490.36,-94.89
490.39,-95.39
490.42,-96.54
490.44,-96.61
490.47,-99.10
490.50,-99.75
490.53,-93.90
490.55,-94.12
490.58,-96.66
490.61,-94.06
490.63,-92.62
490.66,-93.11
490.69,-97.84
490.71,-102.27
490.74,-100.45
490.77,-96.94
490.80,-96.40
490.82,-99.28
490.85,-102.44
490.88,-102.24
490.90,-106.40
490.93,-107.83
490.96,-101.30
490.99,-101.36
491.01,-99.24
491.04,-97.17
491.07,-97.78
491.09,-99.99
491.12,-95.59
491.15,-95.19
491.18,-100.07
491.20,-102.92
491.23,-90.34
491.26,-88.41
491.28,-91.36
491.31,-97.54
491.34,-98.20
491.37,-97.49
491.39,-102.66
491.42,-91.45
491.45,-90.51
491.47,-91.19
491.50,-89.23
491.53,-88.18
491.56,-91.65
491.58,-94.87
491.61,-106.58
491.64,-100.55
491.66,-97.59
491.69,-102.38
491.72,-97.88
491.75,-99.08
491.77,-98.93
491.80,-97.01
491.83,-97.63
491.85,-98.97
491.88,-100.04
491.91,-102.30
491.94,-104.01
491.96,-95.65
491.99,-95.69
492.02,-95.40
492.04,-95.43
492.07,-100.57
492.10,-102.68
492.13,-98.16
492.15,-96.23
492.18,-95.40
492.21,-95.23
492.23,-96.24
492.26,-96.18
492.29,-96.30
492.31,-98.87
492.34,-98.23
492.37,-97.69
492.40,-106.74
492.42,-102.91
492.45,-97.03
492.48,-94.46
492.50,-94.23
492.53,-96.85
492.56,-96.18
492.59,-95.35
492.61,-97.73
492.64,-102.33
492.67,-99.34
492.69,-98.18
492.72,-98.99
492.75,-96.60
492.78,-94.94
492.80,-91.74
492.83,-91.28
492.86,-94.82
492.88,-94.78
492.91,-96.80
492.94,-96.00
492.97,-93.22
492.99,-94.08
493.02,-98.02
493.05,-96.45
493.07,-94.05
493.10,-93.24
493.13,-93.23
493.16,-92.91
493.18,-92.45
493.21,-90.19
493.24,-91.62
493.26,-92.32
493.29,-91.91
493.32,-93.47
493.35,-101.94
493.37,-102.06
493.40,-99.24
493.43,-99.64
493.45,-102.99
493.48,-100.97
493.51,-96.61
493.54,-98.35
493.56,-100.72
493.59,-98.13
493.62,-93.48
493.64,-93.61
493.67,-95.70
493.70,-93.80
493.73,-94.06
493.75,-94.31
493.78,-99.29
493.81,-94.80
493.83,-104.03
493.86,-102.86
493.89,-98.72
493.92,-97.30
493.94,-99.88
493.97,-102.44
494.00,-103.62
494.02,-106.37
494.05,-103.58
494.08,-96.21
494.10,-94.81
494.13,-97.02
494.16,-104.17
494.19,-105.32
494.21,-105.46
494.24,-97.91
494.27,-98.24
494.29,-90.71
494.32,-90.87
494.35,-95.29
494.38,-92.96
494.40,-93.09
494.43,-97.30
494.46,-94.97
494.48,-99.93
494.51,-95.64
494.54,-95.06
494.57,-98.25
494.59,-93.92
494.62,-90.94
494.65,-90.54
494.67,-92.98
494.70,-94.44
494.73,-95.09
494.76,-99.04
494.78,-100.35
494.81,-97.41
494.84,-96.41
494.86,-97.91
494.89,-92.76
494.92,-92.00
494.95,-93.60
494.97,-99.23
495.00,-96.00
495.03,-93.65
495.05,-93.63
495.08,-93.20
495.11,-98.72
495.14,-91.87
495.16,-88.80
495.19,-89.49
495.22,-94.18
495.24,-93.64
495.27,-97.01
495.30,-99.44
495.33,-100.70
495.35,-95.97
495.38,-94.85
495.41,-94.53
495.43,-98.84
495.46,-90.33
495.49,-90.33
495.52,-93.89
495.54,-96.55
495.57,-98.10
495.60,-90.38
495.62,-89.87
495.65,-91.74
495.68,-95.70
495.70,-97.73
495.73,-97.09
495.76,-97.66
495.79,-92.57
495.81,-95.95
495.84,-94.26
495.87,-98.05
495.89,-98.87
495.92,-98.02
495.95,-97.01
495.98,-97.00
496.00,-97.55
496.03,-98.21
496.06,-100.44
496.08,-93.92
496.11,-92.28
496.14,-94.33
496.17,-94.13
496.19,-93.98
496.22,-96.61
496.25,-98.62
496.27,-101.90
496.30,-101.73
496.33,-95.13
496.36,-94.04
496.38,-97.79
496.41,-97.79
496.44,-94.33
496.46,-93.55
496.49,-93.91
496.52,-93.36
496.55,-93.58
496.57,-100.24
496.60,-99.91
496.63,-96.72
496.65,-96.09
496.68,-96.31
496.71,-97.89
496.74,-96.75
496.76,-98.39
496.79,-95.24
496.82,-95.91
496.84,-99.24
496.87,-96.27
496.90,-96.39
496.93,-88.29
496.95,-88.34
496.98,-96.61
497.01,-93.45
497.03,-95.91
497.06,-97.38
497.09,-89.82
497.12,-90.37
497.14,-93.55
497.17,-94.52
497.20,-93.63
497.22,-97.65
497.25,-100.60
497.28,-99.34
497.31,-99.91
497.33,-93.14
497.36,-91.68
497.39,-92.55
497.41,-90.67
497.44,-91.88
497.47,-91.04
497.49,-90.80
497.52,-98.73
497.55,-97.41
497.58,-96.79
497.60,-100.36
497.63,-101.04
497.66,-95.74
497.68,-95.15
497.71,-97.11
497.74,-102.21
497.77,-96.87
497.79,-93.95
497.82,-94.60
497.85,-102.61
497.87,-100.62
497.90,-103.56
497.93,-104.34
497.96,-100.53
497.98,-100.46
498.01,-96.24
498.04,-96.84
498.06,-100.28
498.09,-93.48
498.12,-93.67
498.15,-101.02
498.17,-96.39
498.20,-93.96
498.23,-94.00
498.25,-95.29
498.28,-98.35
498.31,-99.98
498.34,-101.75
498.36,-102.10
498.39,-100.15
498.42,-101.74
498.44,-102.04
498.47,-100.01
498.50,-99.11
498.53,-97.63
498.55,-98.48
498.58,-96.98
498.61,-94.97
498.63,-94.91
498.66,-100.19
498.69,-103.29
498.72,-100.40
498.74,-97.22
498.77,-97.41
498.80,-94.15
498.82,-94.42
498.85,-97.86
498.88,-93.87
498.91,-93.91
498.93,-101.88
498.96,-94.55
498.99,-92.35
499.01,-94.91
499.04,-95.38
499.07,-95.93
499.09,-103.99
499.12,-102.02
499.15,-99.18
499.18,-93.99
499.20,-94.14
499.23,-102.58
499.26,-96.92
499.28,-96.63
499.31,-96.01
499.34,-95.70
499.37,-101.64
499.39,-93.13
499.42,-90.68
499.45,-92.52
499.47,-102.20
499.50,-100.39
499.53,-101.86
499.56,-105.25
499.58,-98.74
499.61,-95.54
499.64,-98.11
499.66,-100.35
499.69,-102.96
499.72,-97.18
499.75,-97.17
499.77,-101.88
499.80,-103.63
499.80,-93.53
499.83,-97.56
499.85,-90.47
499.88,-90.48
499.91,-94.41
499.94,-98.38
499.96,-92.55
499.99,-89.97
500.02,-89.97
500.04,-89.96
500.07,-90.50
500.10,-95.66
500.13,-99.14
500.15,-99.32
500.18,-91.06
500.21,-89.74
500.23,-89.77
500.26,-93.79
500.29,-91.35
500.32,-91.41
500.34,-96.01
500.37,-97.78
500.40,-96.87
500.42,-95.77
500.45,-94.86
500.48,-92.17
500.51,-91.57
500.53,-92.85
500.56,-99.07
500.59,-104.09
500.61,-105.94
500.64,-98.22
500.67,-96.57
500.69,-96.77
500.72,-95.13
500.75,-91.66
500.78,-91.74
500.80,-92.56
500.83,-92.21
500.86,-90.75
500.88,-92.66
500.91,-96.14
500.94,-91.89
500.97,-92.38
500.99,-95.08
501.02,-96.92
501.05,-96.93
501.07,-95.92
501.10,-94.35
501.13,-94.45
501.16,-94.37
501.18,-93.05
501.21,-93.36
501.24,-94.19
501.26,-94.92
501.29,-98.69
501.32,-93.35
501.35,-92.10
501.37,-93.29
501.40,-100.25
501.43,-101.03
501.45,-100.07
501.48,-99.69
501.51,-97.42
501.54,-97.89
501.56,-95.32
501.59,-94.91
501.62,-98.87
501.64,-96.12
501.67,-96.16
501.70,-94.81
501.73,-93.45
501.75,-95.80
501.78,-95.81
501.81,-95.92
501.83,-97.40
501.86,-92.81
501.89,-92.46
501.92,-90.99
501.94,-89.33
501.97,-90.72
502.00,-93.51
502.02,-95.10
502.05,-94.83
502.08,-95.60
502.11,-94.88
502.13,-97.68
502.16,-91.85
502.19,-92.37
502.21,-92.10
502.24,-93.62
502.27,-92.57
502.30,-90.66
502.32,-92.26
502.35,-98.15
502.38,-95.63
502.40,-89.31
502.43,-89.03
502.46,-89.40
502.48,-87.21
502.51,-87.56
502.54,-89.74
502.57,-90.00
502.59,-88.65
502.62,-88.97
502.65,-89.66
502.67,-89.88
502.70,-97.81
502.73,-95.54
502.76,-91.88
502.78,-91.76
502.81,-92.65
502.84,-90.14
502.86,-88.57
502.89,-89.07
502.92,-97.30
502.95,-91.52
502.97,-91.53
503.00,-93.30
503.03,-93.28
503.05,-87.24
503.08,-88.05
503.11,-96.53
503.14,-98.52
503.16,-94.37
503.19,-94.72
503.22,-92.06
503.24,-91.09
503.27,-95.34
503.30,-93.38
503.33,-93.26
503.35,-95.24
503.38,-99.41
503.41,-95.96
503.43,-92.21
503.46,-90.55
503.49,-91.84
503.52,-93.78
503.54,-93.78
503.57,-95.59
503.60,-97.63
503.62,-99.55
503.65,-98.10
503.68,-91.87
503.71,-90.02
503.73,-89.14
503.76,-83.86
503.79,-82.49
503.81,-84.67
503.84,-88.61
503.87,-89.44
503.90,-91.81
503.92,-98.21
503.95,-92.35
503.98,-92.53
504.00,-93.28
504.03,-93.19
504.06,-88.43
504.08,-87.99
504.11,-93.84
504.14,-94.02
504.17,-94.44
504.19,-96.14
504.22,-95.63
504.25,-93.24
504.27,-90.93
504.30,-93.24
504.33,-95.68
504.36,-95.73
504.38,-94.44
504.41,-95.37
504.44,-93.49
504.46,-93.60
504.49,-92.28
504.52,-93.15
504.55,-93.00
504.57,-94.62
504.60,-96.12
504.63,-90.37
504.65,-90.35
504.68,-94.64
504.71,-94.70
504.74,-94.40
504.76,-94.46
504.79,-96.57
504.82,-92.44
504.84,-92.24
504.87,-98.82
504.90,-99.56
504.93,-96.08
504.95,-96.43
504.98,-98.58
505.01,-94.94
505.03,-93.43
505.06,-93.44
505.09,-93.75
505.12,-92.83
505.14,-93.18
505.17,-93.21
505.20,-95.27
505.22,-96.44
505.25,-98.16
505.28,-99.55
505.31,-95.80
505.33,-94.24
505.36,-94.38
505.39,-94.86
505.41,-94.42
505.44,-98.12
505.47,-97.99
505.50,-95.72
505.52,-95.29
505.55,-97.86
505.58,-91.06
505.60,-89.24
505.63,-90.52
505.66,-92.61
505.68,-94.99
505.71,-98.30
505.74,-93.40
505.77,-91.87
505.79,-95.29
505.82,-96.61
505.85,-91.46
505.87,-91.94
505.90,-97.04
505.93,-92.25
505.96,-92.52
505.98,-91.95
506.01,-91.15
506.04,-94.05
506.06,-93.54
506.09,-89.48
506.12,-91.25
506.15,-95.25
506.17,-92.65
506.20,-91.70
506.23,-91.80
506.25,-95.66
506.28,-86.65
506.31,-83.33
506.34,-85.36
506.36,-96.93
506.39,-92.30
506.42,-93.97
506.44,-96.83
506.47,-95.92
506.50,-94.95
506.53,-89.63
506.55,-89.30
506.58,-91.94
506.61,-96.28
506.63,-91.46
506.66,-88.42
506.69,-87.63
506.72,-87.87
506.74,-88.03
506.77,-90.19
506.80,-93.93
506.82,-88.45
506.85,-87.81
506.88,-89.82
506.91,-90.29
506.93,-90.03
506.96,-89.89
506.99,-90.56
507.01,-90.79
507.04,-97.06
507.07,-94.76
507.10,-92.93
507.12,-91.08
507.15,-92.32
507.18,-97.27
507.20,-90.05
507.23,-89.04
507.26,-91.07
507.29,-90.96
507.31,-89.73
507.34,-88.73
507.37,-93.32
507.39,-94.52
507.42,-90.11
507.45,-87.99
507.47,-89.73
507.50,-90.27
507.53,-91.39
507.56,-91.80
507.58,-91.50
507.61,-87.48
507.64,-87.34
507.66,-93.87
507.69,-91.35
507.72,-91.15
507.75,-88.32
507.77,-88.72
507.80,-92.30
507.83,-93.11
507.85,-93.58
507.88,-93.69
507.91,-96.55
507.94,-94.35
507.96,-95.73
507.99,-94.28
508.02,-96.95
508.04,-96.25
508.07,-91.83
508.10,-90.37
508.13,-92.87
508.15,-93.10
508.18,-92.07
508.21,-90.67
508.23,-93.50
508.26,-92.90
508.29,-88.91
508.32,-89.43
508.34,-99.49
508.37,-98.06
508.40,-91.48
508.42,-92.58
508.45,-96.34
508.48,-96.09
508.51,-97.21
508.53,-91.26
508.56,-90.80
508.59,-94.10
508.61,-97.45
508.64,-91.93
508.67,-91.79
508.70,-88.36
508.72,-88.40
508.75,-90.69
508.78,-88.81
508.80,-89.26
508.83,-94.32
508.86,-95.67
508.89,-93.31
508.91,-90.53
508.94,-93.01
508.97,-91.77
508.99,-91.77
509.02,-96.09
509.05,-95.70
509.07,-95.79
509.10,-95.54
509.13,-94.56
509.16,-91.26
509.18,-91.07
509.21,-96.21
509.24,-95.28
509.26,-91.83
509.29,-91.21
509.32,-91.11
509.35,-93.66
509.37,-94.37
509.40,-94.33
509.43,-96.94
509.45,-95.43
509.48,-96.29
509.51,-97.92
509.54,-97.93
509.56,-94.77
509.59,-94.57
509.62,-96.60
509.64,-96.94
509.67,-92.63
509.70,-91.43
509.73,-91.52
509.75,-93.82
509.78,-96.36
509.81,-89.54
509.83,-90.12
509.86,-99.43
509.89,-89.34
509.92,-88.92
509.94,-94.04
509.97,-99.07
510.00,-94.78
510.02,-94.46
510.05,-98.30
510.08,-95.05
510.11,-95.17
510.13,-96.71
510.16,-95.16
510.19,-92.86
510.21,-92.51
510.24,-93.82
510.27,-94.02
510.30,-93.49
510.32,-94.24
510.35,-94.37
510.38,-94.78
510.40,-92.97
510.43,-91.50
510.46,-91.51
510.49,-93.25
510.51,-94.32
510.54,-98.74
510.57,-98.27
510.59,-98.30
510.62,-95.22
510.65,-95.17
510.67,-99.80
510.70,-95.77
510.73,-92.63
510.76,-93.28
510.78,-96.96
510.81,-93.57
510.84,-93.69
510.86,-94.27
510.89,-96.06
510.92,-98.47
510.95,-97.07
510.97,-93.94
511.00,-91.84
511.03,-94.85
511.05,-95.35
511.08,-95.09
511.11,-92.63
511.14,-94.10
511.16,-91.80
511.19,-92.57
511.22,-94.40
511.24,-97.53
511.27,-97.11
511.30,-95.40
511.33,-92.73
511.35,-92.62
511.38,-98.69
511.41,-98.57
511.43,-94.87
511.46,-93.29
511.49,-92.85
511.52,-94.64
511.54,-92.72
511.57,-93.01
511.60,-96.16
511.62,-93.52
511.65,-92.71
511.68,-94.40
511.71,-98.24
511.73,-98.04
511.76,-97.11
511.79,-95.24
511.81,-99.19
511.84,-97.12
511.87,-96.58
511.90,-97.05
511.92,-97.84
511.95,-95.97
511.98,-94.75
512.00,-95.91
512.03,-95.02
512.06,-93.12
512.09,-95.23
512.11,-99.92
512.14,-102.67
512.17,-98.23
512.19,-99.78
512.22,-93.94
512.25,-94.55
512.27,-95.92
512.27,-95.69
512.30,-90.41
512.33,-90.48
512.36,-97.26
512.38,-96.99
512.41,-103.85
512.44,-99.26
512.46,-96.82
512.49,-98.38
512.52,-103.05
512.55,-102.90
512.57,-92.57
512.60,-91.74
512.63,-91.05
512.65,-90.53
512.68,-91.97
512.71,-98.78
512.74,-95.65
512.76,-94.25
512.79,-96.68
512.82,-98.34
512.84,-95.81
512.87,-93.21
512.90,-91.39
512.93,-95.66
512.95,-92.35
512.98,-92.19
513.01,-94.54
513.03,-95.05
513.06,-92.64
513.09,-97.90
513.12,-94.92
513.14,-93.94
513.17,-95.68
513.20,-93.34
513.22,-93.51
513.25,-91.78
513.28,-91.64
513.31,-102.43
513.33,-96.69
513.36,-96.37
513.39,-93.94
513.41,-92.83
513.44,-95.70
513.47,-102.23
513.50,-93.05
513.52,-93.15
513.55,-101.48
513.58,-96.04
513.60,-97.31
513.63,-97.42
513.66,-93.84
513.69,-94.63
513.71,-95.77
513.74,-93.03
513.77,-92.80
513.79,-95.95
513.82,-95.17
513.85,-91.57
513.88,-91.58
513.90,-93.38
513.93,-97.16
513.96,-97.03
513.98,-98.51
514.01,-99.30
514.04,-101.69
514.06,-99.82
514.09,-95.41
514.12,-95.22
514.15,-98.67
514.17,-95.47
514.20,-93.68
514.23,-95.65
514.25,-92.99
514.28,-96.13
514.31,-98.82
514.34,-92.48
514.36,-91.14
514.39,-93.86
514.42,-97.58
514.44,-115.39
514.47,-102.65
514.50,-98.10
514.53,-94.64
514.55,-94.43
514.58,-96.25
514.61,-91.24
514.63,-90.88
514.66,-91.20
514.69,-93.40
514.72,-94.01
514.74,-94.90
514.77,-102.33
514.80,-102.22
514.82,-99.01
514.85,-94.89
514.88,-91.73
514.91,-95.57
514.93,-95.47
514.96,-94.04
514.99,-93.88
515.01,-100.91
515.04,-100.98
515.07,-101.58
515.10,-101.73
515.12,-97.34
515.15,-98.05
515.18,-89.28
515.20,-89.13
515.23,-92.65
515.26,-92.71
515.29,-89.98
515.31,-91.01
515.34,-97.73
515.37,-106.64
515.39,-96.36
515.42,-94.30
515.45,-96.19
515.48,-99.44
515.50,-100.76
515.53,-98.18
515.56,-93.02
515.58,-91.89
515.61,-94.48
515.64,-97.51
515.66,-97.66
515.69,-100.84
515.72,-105.34
515.75,-96.62
515.77,-96.47
515.80,-95.94
515.83,-94.83
515.85,-94.14
515.88,-91.77
515.91,-91.29
515.94,-95.87
515.96,-99.13
515.99,-97.22
516.02,-95.87
516.04,-93.75
516.07,-89.52
516.10,-89.23
516.13,-89.29
516.15,-94.76
516.18,-97.05
516.21,-93.76
516.23,-90.49
516.26,-91.62
516.29,-103.64
516.32,-95.89
516.34,-95.69
516.37,-98.38
516.40,-103.26
516.42,-96.26
516.45,-94.72
516.48,-95.23
516.51,-94.88
516.53,-96.13
516.56,-90.79
516.59,-91.22
516.61,-95.37
516.64,-93.40
516.67,-93.97
516.70,-96.34
516.72,-96.22
516.75,-96.02
516.78,-97.43
516.80,-106.61
516.83,-98.34
516.86,-94.85
516.89,-93.59
516.91,-97.76
516.94,-93.00
516.97,-92.68
516.99,-91.54
517.02,-95.85
517.05,-95.03
517.08,-97.97
517.10,-104.23
517.13,-108.14
517.16,-94.83
517.18,-93.85
517.21,-95.55
517.24,-93.49
517.26,-90.91
517.29,-91.28
517.32,-95.30
517.35,-92.11
517.37,-94.97
517.40,-100.14
517.43,-99.73
517.45,-95.36
517.48,-95.65
517.51,-93.98
517.54,-92.05
517.56,-91.46
517.59,-97.34
517.62,-91.72
517.64,-91.71
517.67,-95.23
517.70,-94.99
517.73,-92.87
517.75,-88.47
517.78,-88.38
517.81,-90.57
517.83,-96.24
517.86,-95.54
517.89,-100.36
517.92,-101.43
517.94,-91.23
517.97,-90.90
518.00,-90.65
518.02,-94.58
518.05,-113.00
518.08,-104.79
518.11,-93.94
518.13,-99.09
518.16,-91.53
518.19,-89.69
518.21,-89.70
518.24,-91.06
518.27,-90.10
518.30,-91.65
518.32,-91.25
518.35,-90.38
518.38,-90.21
518.40,-89.21
518.43,-91.10
518.46,-88.53
518.49,-86.38
518.51,-86.49
518.54,-85.69
518.57,-86.08
518.59,-87.23
518.62,-86.76
518.65,-88.38
518.68,-93.81
518.70,-95.21
518.73,-93.29
518.76,-90.41
518.78,-93.43
518.81,-92.22
518.84,-88.09
518.87,-88.04
518.89,-88.30
518.92,-88.31
518.95,-87.59
518.97,-92.31
519.00,-95.35
519.03,-95.48
519.05,-98.21
519.08,-96.43
519.11,-93.28
519.14,-88.73
519.16,-87.60
519.19,-88.93
519.22,-94.90
519.24,-94.85
519.27,-94.27
519.30,-92.43
519.33,-87.39
519.35,-86.13
519.38,-86.80
519.41,-89.55
519.43,-84.35
519.46,-84.34
519.49,-85.63
519.52,-85.31
519.54,-85.22
519.57,-81.93
519.60,-82.17
519.62,-85.46
519.65,-81.43
519.68,-66.74
519.71,-60.03
519.73,-60.62
519.76,-78.35
519.79,-82.70
519.81,-80.86
519.84,-81.08
519.87,-84.89
519.90,-82.38
519.92,-82.72
519.95,-83.06
519.98,-83.29
520.00,-82.15
520.03,-81.19
520.06,-81.74
520.09,-82.21
520.11,-80.66
520.14,-80.36
520.17,-80.94
520.19,-84.61
520.22,-85.81
520.25,-83.82
520.28,-82.90
520.30,-81.75
520.33,-81.61
520.36,-81.84
520.38,-83.45
520.41,-82.90
520.44,-82.48
520.47,-83.01
520.49,-84.34
520.52,-88.08
520.55,-87.85
520.57,-86.74
520.60,-88.63
520.63,-96.00
520.65,-90.69
520.68,-90.62
520.71,-92.69
520.74,-96.56
520.76,-97.83
520.79,-88.94
520.82,-88.11
520.84,-85.01
520.87,-83.95
520.90,-84.50
520.93,-87.87
520.95,-91.01
520.98,-92.50
521.01,-92.07
521.03,-91.80
521.06,-93.58
521.09,-98.45
521.12,-94.66
521.14,-89.29
521.17,-88.59
521.20,-89.66
521.22,-91.36
521.25,-92.22
521.28,-94.12
521.31,-94.72
521.33,-98.15
521.36,-110.23
521.39,-96.46
521.41,-94.39
521.44,-89.12
521.47,-89.20
521.50,-89.42
521.52,-90.37
521.55,-95.24
521.58,-95.30
521.60,-91.96
521.63,-91.92
521.66,-94.56
521.69,-98.29
521.71,-98.18
521.74,-94.60
521.77,-98.06
521.79,-100.14
521.82,-92.86
521.85,-92.90
521.88,-94.47
521.90,-93.61
521.93,-93.75
521.96,-101.49
521.98,-95.70
522.01,-94.82
522.04,-92.41
522.07,-90.84
522.09,-91.17
522.12,-94.62
522.15,-93.18
522.17,-97.58
522.20,-94.66
522.23,-94.65
522.25,-96.92
522.28,-98.77
522.31,-93.66
522.34,-94.37
522.36,-101.19
522.39,-101.26
522.42,-97.12
522.44,-93.99
522.47,-94.14
522.50,-96.52
522.53,-91.76
522.55,-91.89
522.58,-96.23
522.61,-92.51
522.63,-92.38
522.66,-93.28
522.69,-96.77
522.72,-92.21
522.74,-92.20
522.77,-93.47
522.80,-97.32
522.82,-98.49
522.85,-97.91
522.88,-98.06
522.91,-99.89
522.93,-98.08
522.96,-98.62
522.99,-101.44
523.01,-98.38
523.04,-92.16
523.07,-92.33
523.10,-97.03
523.12,-96.42
523.15,-96.04
523.18,-96.49
523.20,-96.14
523.23,-94.82
523.26,-95.77
523.29,-94.87
523.31,-95.15
523.34,-97.34
523.37,-94.85
523.39,-96.95
523.42,-95.05
523.45,-96.20
523.48,-97.12
523.50,-101.67
523.53,-100.81
523.56,-96.04
523.58,-96.19
523.61,-94.87
523.64,-95.10
523.67,-96.57
523.69,-96.89
523.72,-96.79
523.75,-94.32
523.77,-94.78
523.80,-94.28
523.83,-94.81
523.86,-95.14
523.88,-95.34
523.91,-96.43
523.94,-93.82
523.96,-91.03
523.99,-95.28
524.02,-94.80
524.04,-92.59
524.07,-92.15
524.10,-93.87
524.13,-99.43
524.15,-95.58
524.18,-95.48
524.21,-96.93
524.23,-98.91
524.26,-96.21
524.29,-94.04
524.32,-96.11
524.34,-101.04
524.37,-99.79
524.40,-99.77
524.42,-97.39
524.45,-91.95
524.48,-92.01
524.51,-99.72
524.53,-100.57
524.56,-98.11
524.59,-98.60
524.61,-92.25
524.64,-93.48
524.67,-93.63
524.70,-95.79
524.72,-95.58
524.75,-93.84
524.75,-93.35
524.78,-90.87
524.80,-90.51
524.83,-91.23
524.86,-92.89
524.89,-94.17
524.91,-95.75
524.94,-97.84
524.97,-96.11
524.99,-94.42
525.02,-97.48
525.05,-97.57
525.08,-93.97
525.10,-92.59
525.13,-92.99
525.16,-93.46
525.18,-94.26
525.21,-93.55
525.24,-93.91
525.27,-94.67
525.29,-91.86
525.32,-91.72
525.35,-92.29
525.37,-96.39
525.40,-95.66
525.43,-97.04
525.46,-94.27
525.48,-94.97
525.51,-90.44
525.54,-90.54
525.56,-94.18
525.59,-95.85
525.62,-95.88
525.64,-95.18
525.67,-96.85
525.70,-93.24
525.73,-91.17
525.75,-92.43
525.78,-95.79
525.81,-94.88
525.83,-94.82
525.86,-98.96
525.89,-94.82
525.92,-94.12
525.94,-94.07
525.97,-96.54
526.00,-94.18
526.02,-93.96
526.05,-96.40
526.08,-94.71
526.11,-95.05
526.13,-95.42
526.16,-95.39
526.19,-97.77
526.21,-93.84
526.24,-96.25
526.27,-91.46
526.30,-91.64
526.32,-96.43
526.35,-95.71
526.38,-96.47
526.40,-97.48
526.43,-98.35
526.46,-100.53
526.49,-96.00
526.51,-95.09
526.54,-94.86
526.57,-96.17
526.59,-96.30
526.62,-95.04
526.65,-94.69
526.68,-96.89
526.70,-96.98
526.73,-96.26
526.76,-96.77
526.78,-99.06
526.81,-93.02
526.84,-90.37
526.87,-91.39
526.89,-96.10
526.92,-97.45
526.95,-94.08
526.97,-89.79
527.00,-89.67
527.03,-92.56
527.06,-93.53
527.08,-98.16
527.11,-95.85
527.14,-93.99
527.16,-92.27
527.19,-90.95
527.22,-90.95
527.25,-91.51
527.27,-98.16
527.30,-94.71
527.33,-94.56
527.35,-93.59
527.38,-95.89
527.41,-92.96
527.43,-93.42
527.46,-94.21
527.49,-94.33
527.52,-96.36
527.54,-94.70
527.57,-92.64
527.60,-92.91
527.62,-93.89
527.65,-92.07
527.68,-93.27
527.71,-94.31
527.73,-92.77
527.76,-92.86
527.79,-91.18
527.81,-92.19
527.84,-97.71
527.87,-94.60
527.90,-95.23
527.92,-97.88
527.95,-96.11
527.98,-96.12
528.00,-91.07
528.03,-99.14
528.06,-95.19
528.09,-94.68
528.11,-93.46
528.14,-93.49
528.17,-96.08
528.19,-95.15
528.22,-93.83
528.25,-93.58
528.28,-96.31
528.30,-93.91
528.33,-94.43
528.36,-96.51
528.38,-95.75
528.41,-96.18
528.44,-92.82
528.47,-92.59
528.49,-97.85
528.52,-92.31
528.55,-94.15
528.57,-94.05
528.60,-95.02
528.63,-93.55
528.66,-94.26
528.68,-96.41
528.71,-93.58
528.74,-93.86
528.76,-99.53
528.79,-93.33
528.82,-93.21
528.85,-97.90
528.87,-96.41
528.90,-95.86
528.93,-95.93
528.95,-96.10
528.98,-95.41
529.01,-96.54
529.03,-99.16
529.06,-97.52
529.09,-97.54
529.12,-96.54
529.14,-93.00
529.17,-93.01
529.20,-93.83
529.22,-95.86
529.25,-94.29
529.28,-94.16
529.31,-90.73
529.33,-94.71
529.36,-95.56
529.39,-95.61
529.41,-98.49
529.44,-98.36
529.47,-102.70
529.50,-98.44
529.52,-98.45
529.55,-92.92
529.58,-92.48
529.60,-96.62
529.63,-92.71
529.66,-93.69
529.69,-93.62
529.71,-97.78
529.74,-97.77
529.77,-95.84
529.79,-95.80
529.82,-95.21
529.85,-95.36
529.88,-95.64
529.90,-91.80
529.93,-91.69
529.96,-89.27
529.98,-88.93
530.01,-91.87
530.04,-91.80
530.07,-90.54
530.09,-90.28
530.12,-91.86
530.15,-91.96
530.17,-92.20
530.20,-91.37
530.23,-87.64
530.26,-87.37
530.28,-91.67
530.31,-87.90
530.34,-80.81
530.36,-81.16
530.39,-80.65
530.42,-79.44
530.45,-80.62
530.47,-82.05
530.50,-82.03
530.53,-87.40
530.55,-90.60
530.58,-93.40
530.61,-93.36
530.63,-91.00
530.66,-87.30
530.69,-88.00
530.72,-92.86
530.74,-93.38
530.77,-98.96
530.80,-95.56
530.82,-92.56
530.85,-89.78
530.88,-91.54
530.91,-93.74
530.93,-93.29
530.96,-91.64
530.99,-91.36
531.01,-94.01
531.04,-93.60
531.07,-95.61
531.10,-97.87
531.12,-97.84
531.15,-97.01
531.18,-95.40
531.20,-95.53
531.23,-94.89
531.26,-95.22
531.29,-88.48
531.31,-89.19
531.34,-93.34
531.37,-90.12
531.39,-90.22
531.42,-92.32
531.45,-90.85
531.48,-93.98
531.50,-97.99
531.53,-97.58
531.56,-98.05
531.58,-96.44
531.61,-94.42
531.64,-94.08
531.67,-90.05
531.69,-89.64
531.72,-95.65
531.75,-97.64
531.77,-94.70
531.80,-91.11
531.83,-91.74
531.86,-93.89
531.88,-90.17
531.91,-101.37
531.94,-99.37
531.96,-96.85
531.99,-99.30
532.02,-101.21
532.05,-101.72
532.07,-95.33
532.10,-94.11
532.13,-96.44
532.15,-94.54
532.18,-93.70
532.21,-97.03
532.24,-96.27
532.26,-96.23
532.29,-93.11
532.32,-91.48
532.34,-94.14
532.37,-95.51
532.40,-93.83
532.42,-94.45
532.45,-95.30
532.48,-94.85
532.51,-93.73
532.53,-93.63
532.56,-97.15
532.59,-92.46
532.61,-92.42
532.64,-89.77
532.67,-90.50
532.70,-101.86
532.72,-97.19
532.75,-95.93
532.78,-95.96
532.80,-94.81
532.83,-94.97
532.86,-96.82
532.89,-96.99
532.91,-93.88
532.94,-92.54
532.97,-91.34
532.99,-92.34
533.02,-94.02
533.05,-91.83
533.08,-92.84
533.10,-95.25
533.13,-96.52
533.16,-97.84
533.18,-96.47
533.21,-91.09
533.24,-90.74
533.27,-90.97
533.29,-90.57
533.32,-94.90
533.35,-99.34
533.37,-97.94
533.40,-95.58
533.43,-95.89
533.46,-96.97
533.48,-96.14
533.51,-96.83
533.54,-95.59
533.56,-94.18
533.59,-96.12
533.62,-96.11
533.65,-91.00
533.67,-90.80
533.70,-91.64
533.73,-93.44
533.75,-99.61
533.78,-94.03
533.81,-93.50
533.84,-94.34
533.86,-97.54
533.89,-98.61
533.92,-95.06
533.94,-96.31
533.97,-95.60
534.00,-95.05
534.02,-94.37
534.05,-93.73
534.08,-94.12
534.11,-96.51
534.13,-98.12
534.16,-95.17
534.19,-94.96
534.21,-95.21
534.24,-101.70
534.27,-94.87
534.30,-93.95
534.32,-98.74
534.35,-97.40
534.38,-97.17
534.40,-96.73
534.43,-97.24
534.46,-95.27
534.49,-95.79
534.51,-95.34
534.54,-98.46
534.57,-100.33
534.59,-96.55
534.62,-96.80
534.65,-94.01
534.68,-93.81
534.70,-94.71
534.73,-93.26
534.76,-93.62
534.78,-96.13
534.81,-93.31
534.84,-93.85
534.87,-92.53
534.89,-93.43
534.92,-94.53
534.95,-93.17
534.97,-93.55
535.00,-96.11
535.03,-93.01
535.06,-93.27
535.08,-96.31
535.11,-94.96
535.14,-92.22
535.16,-95.31
535.19,-92.45
535.22,-90.78
535.25,-94.96
535.27,-97.99
535.30,-97.98
535.33,-97.02
535.35,-94.46
535.38,-94.09
535.41,-97.02
535.44,-96.31
535.46,-95.62
535.49,-93.49
535.52,-90.68
535.54,-90.62
535.57,-95.46
535.60,-95.70
535.62,-93.53
535.65,-93.31
535.68,-94.97
535.71,-95.25
535.73,-97.07
535.76,-95.90
535.79,-95.81
535.81,-93.98
535.84,-96.48
535.87,-95.45
535.90,-98.71
535.92,-99.37
535.95,-91.94
535.98,-91.07
536.00,-92.08
536.03,-93.22
536.06,-93.28
536.09,-95.00
536.11,-99.18
536.14,-95.94
536.17,-99.07
536.19,-98.05
536.22,-96.20
536.25,-98.85
536.28,-93.46
536.30,-88.63
536.33,-88.79
536.36,-94.59
536.38,-97.03
536.41,-94.48
536.44,-93.50
536.47,-95.57
536.49,-94.01
536.52,-93.42
536.55,-97.23
536.57,-97.40
536.60,-92.72
536.63,-91.83
536.66,-89.77
536.68,-88.26
536.71,-88.79
536.74,-95.57
536.76,-98.05
536.79,-94.21
536.82,-97.57
536.85,-91.35
536.87,-91.38
536.90,-96.74
536.93,-92.44
536.95,-89.82
536.98,-88.99
537.01,-92.44
537.04,-92.99
537.06,-93.45
537.09,-95.42
537.12,-90.99
537.14,-90.30
537.17,-90.46
537.20,-92.47
537.23,-91.75
537.23,-97.54
537.25,-100.24
537.28,-102.31
537.31,-103.57
537.33,-94.16
537.36,-94.09
537.39,-97.82
537.41,-98.54
537.44,-95.97
537.47,-95.40
537.50,-97.50
537.52,-97.47
537.55,-95.09
537.58,-97.28
537.60,-100.55
537.63,-96.88
537.66,-96.41
537.69,-95.93
537.71,-94.48
537.74,-97.40
537.77,-100.17
537.79,-98.79
537.82,-95.34
537.85,-94.70
537.88,-98.31
537.90,-96.65
537.93,-93.84
537.96,-92.11
537.98,-92.45
538.01,-93.09
538.04,-95.57
538.07,-97.36
538.09,-95.65
538.12,-95.42
538.15,-90.79
538.17,-92.18
538.20,-104.62
538.23,-98.13
538.26,-93.39
538.28,-92.88
538.31,-94.82
538.34,-96.28
538.36,-96.11
538.39,-98.54
538.42,-98.97
538.45,-98.19
538.47,-93.50
538.50,-91.00
538.53,-95.02
538.55,-95.31
538.58,-100.49
538.61,-97.22
538.64,-97.26
538.66,-93.44
538.69,-92.82
538.72,-94.47
538.74,-101.26
538.77,-99.71
538.80,-102.72
538.83,-92.80
538.85,-91.33
538.88,-92.21
538.91,-94.19
538.93,-94.45
538.96,-100.10
538.99,-99.92
539.01,-98.22
539.04,-91.88
539.07,-92.58
539.10,-93.62
539.12,-93.49
539.15,-94.96
539.18,-99.38
539.20,-103.10
539.23,-95.20
539.26,-93.97
539.29,-94.92
539.31,-94.92
539.34,-99.98
539.37,-97.32
539.39,-97.91
539.42,-98.93
539.45,-99.80
539.48,-93.07
539.50,-92.61
539.53,-94.40
539.56,-92.97
539.58,-92.96
539.61,-95.65
539.64,-97.13
539.67,-91.03
539.69,-91.02
539.72,-93.72
539.75,-89.93
539.77,-89.91
539.80,-93.79
539.83,-97.40
539.86,-96.88
539.88,-91.86
539.91,-90.49
539.94,-91.46
539.96,-96.52
539.99,-96.38
540.02,-96.92
540.05,-110.62
540.07,-102.32
540.10,-103.58
540.13,-103.94
540.15,-101.13
540.18,-89.30
540.21,-88.98
540.24,-91.10
540.26,-93.41
540.29,-100.12
540.32,-95.78
540.34,-93.36
540.37,-91.12
540.40,-92.51
540.43,-90.91
540.45,-91.03
540.48,-91.77
540.51,-92.55
540.53,-94.47
540.56,-95.35
540.59,-91.90
540.61,-92.51
540.64,-92.78
540.67,-86.17
540.70,-84.36
540.72,-87.24
540.75,-92.14
540.78,-93.09
540.80,-93.72
540.83,-92.68
540.86,-96.65
540.89,-98.84
540.91,-99.42
540.94,-96.46
540.97,-97.32
540.99,-92.70
541.02,-92.74
541.05,-99.03
541.08,-100.16
541.10,-100.11
541.13,-89.66
541.16,-91.50
541.18,-91.14
541.21,-91.67
541.24,-98.39
541.27,-92.10
541.29,-92.08
541.32,-96.45
541.35,-95.59
541.37,-94.41
541.40,-94.32
541.43,-95.47
541.46,-96.60
541.48,-96.95
541.51,-101.42
541.54,-100.05
541.56,-104.31
541.59,-99.83
541.62,-97.35
541.65,-96.20
541.67,-94.83
541.70,-95.55
541.73,-96.26
541.75,-105.45
541.78,-96.53
541.81,-99.16
541.84,-102.87
541.86,-96.44
541.89,-96.45
541.92,-99.45
541.94,-103.94
541.97,-100.98
542.00,-101.32
542.03,-96.60
542.05,-93.49
542.08,-93.57
542.11,-93.05
542.13,-91.94
542.16,-93.55
542.19,-99.37
542.22,-98.40
542.24,-98.25
542.27,-101.58
542.30,-99.94
542.32,-97.90
542.35,-94.40
542.38,-92.83
542.40,-95.83
542.43,-98.57
542.46,-98.09
542.49,-90.54
542.51,-90.50
542.54,-92.72
542.57,-90.95
542.59,-91.60
542.62,-96.93
542.65,-94.86
542.68,-93.04
542.70,-94.69
542.73,-95.23
542.76,-102.39
542.78,-94.92
542.81,-94.91
542.84,-101.20
542.87,-102.88
542.89,-99.86
542.92,-99.93
542.95,-90.48
542.97,-87.40
543.00,-87.43
543.03,-90.34
543.06,-88.72
543.08,-90.98
543.11,-92.77
543.14,-94.67
543.16,-106.33
543.19,-102.27
543.22,-102.25
543.25,-106.53
543.27,-95.65
543.30,-95.43
543.33,-94.62
543.35,-94.02
543.38,-96.39
543.41,-98.79
543.44,-101.69
543.46,-98.15
543.49,-98.46
543.52,-103.56
543.54,-96.85
543.57,-95.79
543.60,-98.67
543.63,-95.62
543.65,-95.31
543.68,-98.67
543.71,-97.83
543.73,-98.33
543.76,-93.25
543.79,-93.16
543.82,-96.13
543.84,-96.19
543.87,-101.39
543.90,-97.31
543.92,-93.67
543.95,-94.05
543.98,-99.56
544.00,-97.90
544.03,-93.24
544.06,-93.66
544.09,-96.05
544.11,-97.84
544.14,-95.95
544.17,-96.24
544.19,-96.94
544.22,-106.93
544.25,-101.48
544.28,-100.91
544.30,-101.51
544.33,-97.52
544.36,-96.27
544.38,-98.13
544.41,-98.23
544.44,-98.70
544.47,-103.86
544.49,-105.50
544.52,-105.49
544.55,-101.51
544.57,-95.68
544.60,-92.51
544.63,-90.01
544.66,-90.46
544.68,-94.56
544.71,-104.42
544.74,-95.02
544.76,-95.90
544.79,-99.21
544.82,-93.64
544.85,-93.22
544.87,-96.47
544.90,-97.26
544.93,-101.44
544.95,-96.76
544.98,-94.90
545.01,-97.18
545.04,-95.29
545.06,-96.80
545.09,-95.46
545.12,-96.60
545.14,-97.93
545.17,-94.71
545.20,-95.77
545.23,-100.90
545.25,-104.56
545.28,-103.02
545.31,-101.79
545.33,-101.90
545.36,-93.26
545.39,-91.55
545.42,-90.67
545.44,-90.47
545.47,-92.82
545.50,-93.16
545.52,-94.30
545.55,-102.87
545.58,-95.39
545.60,-96.00
545.63,-98.54
545.66,-103.17
545.69,-99.87
545.71,-96.61
545.74,-92.55
545.77,-93.08
545.79,-95.90
545.82,-95.94
545.85,-95.12
545.88,-95.58
545.90,-96.14
545.93,-96.04
545.96,-92.82
545.98,-93.12
546.01,-98.25
546.04,-94.80
546.07,-91.44
546.09,-92.21
546.12,-98.60
546.15,-96.07
546.17,-99.37
546.20,-93.22
546.23,-93.36
546.26,-96.38
546.28,-100.04
546.31,-96.07
546.34,-100.36
546.36,-102.59
546.39,-96.72
546.42,-92.46
546.45,-93.26
546.47,-104.07
546.50,-103.51
546.53,-94.32
546.55,-94.08
546.58,-95.10
546.61,-101.16
546.64,-98.57
546.66,-94.97
546.69,-96.03
546.72,-91.14
546.74,-91.11
546.77,-97.54
546.80,-98.99
546.83,-96.77
546.85,-93.57
546.88,-94.28
546.91,-96.90
546.93,-90.91
546.96,-90.02
546.99,-95.75
547.02,-90.88
547.04,-91.21
547.07,-99.93
547.10,-97.56
547.12,-97.74
547.15,-96.32
547.18,-95.53
547.21,-95.52
547.23,-99.86
547.26,-100.00
547.29,-103.54
547.31,-105.49
547.34,-104.76
547.37,-95.53
547.39,-89.06
547.42,-88.92
547.45,-89.57
547.48,-86.19
547.50,-86.91
547.53,-84.45
547.56,-83.56
547.58,-86.54
547.61,-88.69
547.64,-94.45
547.67,-96.78
547.69,-95.10
547.72,-91.22
547.75,-91.28
547.77,-92.40
547.80,-93.08
547.83,-97.12
547.86,-92.41
547.88,-91.24
547.91,-91.89
547.94,-91.80
547.96,-92.56
547.99,-92.54
548.02,-96.50
548.05,-96.57
548.07,-96.53
548.10,-101.58
548.13,-93.37
548.15,-93.28
548.18,-90.67
548.21,-88.35
548.24,-89.40
548.26,-91.79
548.29,-91.02
548.32,-90.96
548.34,-95.39
548.37,-94.80
548.40,-94.80
548.43,-99.63
548.45,-98.07
548.48,-93.79
548.51,-93.70
548.53,-94.79
548.56,-97.97
548.59,-100.10
548.62,-95.46
548.64,-93.59
548.67,-95.81
548.70,-87.74
548.72,-87.12
548.75,-91.92
548.78,-89.11
548.81,-89.13
548.83,-94.52
548.86,-100.20
548.89,-101.15
548.91,-97.72
548.94,-99.04
548.97,-98.40
548.99,-101.91
549.02,-93.49
549.05,-91.57
549.08,-92.31
549.10,-89.67
549.13,-89.31
549.16,-92.64
549.18,-99.27
549.21,-98.51
549.24,-96.11
549.27,-96.04
549.29,-92.80
549.32,-92.19
549.35,-98.96
549.37,-104.72
549.40,-95.68
549.43,-91.90
549.46,-92.86
549.48,-97.99
549.51,-98.40
549.54,-91.67
549.56,-92.07
549.59,-95.87
549.62,-91.73
549.65,-92.23
549.67,-96.48
549.70,-99.77
549.70,-91.21
549.73,-91.06
549.75,-91.93
549.78,-94.10
549.81,-87.65
549.84,-86.97
549.86,-87.86
549.89,-83.13
549.92,-81.33
549.94,-84.86
549.97,-84.86
550.00,-85.20
550.03,-90.46
550.05,-93.14
550.08,-92.06
550.11,-91.92
550.13,-91.64
550.16,-92.58
550.19,-92.60
550.22,-92.31
550.24,-93.44
550.27,-93.38
550.30,-91.41
550.32,-86.99
550.35,-93.09
550.38,-94.16
550.41,-93.67
550.43,-92.02
550.46,-89.99
550.49,-90.55
550.51,-93.81
550.54,-97.93
550.57,-97.77
550.59,-98.34
550.62,-90.92
550.65,-88.64
550.68,-89.96
550.70,-92.96
550.73,-91.35
550.76,-92.11
550.78,-93.86
550.81,-100.90
550.84,-101.05
550.87,-99.18
550.89,-100.43
550.92,-95.22
550.95,-95.69
550.97,-95.88
551.00,-94.21
551.03,-94.24
551.06,-97.13
551.08,-95.70
551.11,-95.61
551.14,-95.46
551.16,-92.82
551.19,-93.07
551.22,-94.76
551.25,-95.46
551.27,-95.84
551.30,-93.59
551.33,-94.79
551.35,-94.54
551.38,-94.30
551.41,-96.57
551.44,-100.39
551.46,-92.92
551.49,-91.33
551.52,-92.20
551.54,-93.69
551.57,-91.53
551.60,-91.21
551.63,-96.20
551.65,-92.84
551.68,-92.28
551.71,-97.90
551.73,-98.99
551.76,-95.85
551.79,-95.63
551.82,-95.70
551.84,-97.70
551.87,-97.89
551.90,-94.56
551.92,-94.28
551.95,-95.69
551.98,-92.12
552.01,-92.21
552.03,-95.87
552.06,-96.57
552.09,-94.63
552.11,-95.09
552.14,-94.96
552.17,-100.22
552.20,-96.35
552.22,-96.08
552.25,-97.98
552.28,-95.50
552.30,-95.05
552.33,-93.93
552.36,-96.19
552.38,-101.12
552.41,-97.19
552.44,-96.33
552.47,-93.00
552.49,-90.59
552.52,-91.12
552.55,-95.46
552.57,-100.22
552.60,-99.95
552.63,-95.92
552.66,-95.93
552.68,-94.14
552.71,-91.77
552.74,-92.29
552.76,-104.21
552.79,-105.17
552.82,-97.52
552.85,-96.46
552.87,-98.82
552.90,-96.44
552.93,-96.69
552.95,-87.05
552.98,-85.97
553.01,-89.34
553.04,-93.89
553.06,-91.50
553.09,-92.02
553.12,-98.19
553.14,-99.43
553.17,-98.13
553.20,-93.67
553.23,-94.06
553.25,-96.16
553.28,-99.59
553.31,-97.06
553.33,-95.79
553.36,-99.17
553.39,-98.79
553.42,-102.42
553.44,-95.89
553.47,-91.46
553.50,-91.63
553.52,-93.72
553.55,-93.52
553.58,-96.93
553.61,-93.71
553.63,-93.22
553.66,-98.23
553.69,-97.36
553.71,-96.35
553.74,-96.31
553.77,-97.04
553.80,-93.33
553.82,-93.36
553.85,-97.83
553.88,-91.92
553.90,-91.02
553.93,-92.11
553.96,-96.61
553.98,-92.92
554.01,-92.05
554.04,-93.51
554.07,-95.59
554.09,-90.08
554.12,-90.09
554.15,-91.06
554.17,-87.04
554.20,-85.71
554.23,-85.84
554.26,-90.85
554.28,-86.49
554.31,-86.53
554.34,-87.27
554.36,-87.25
554.39,-85.17
554.42,-85.50
554.45,-94.71
554.47,-99.55
554.50,-100.71
554.53,-92.84
554.55,-91.61
554.58,-93.36
554.61,-89.02
554.64,-88.99
554.66,-92.11
554.69,-94.85
554.72,-97.19
554.74,-97.67
554.77,-100.93
554.80,-100.20
554.83,-97.97
554.85,-97.90
554.88,-97.60
554.91,-96.30
554.93,-93.80
554.96,-94.19
554.99,-94.13
555.02,-93.95
555.04,-95.38
555.07,-94.96
555.10,-93.94
555.12,-95.11
555.15,-95.10
555.18,-98.40
555.21,-100.16
555.23,-99.19
555.26,-98.39
555.29,-98.53
555.31,-97.63
555.34,-97.21
555.37,-96.38
555.40,-94.02
555.42,-94.03
555.45,-95.34
555.48,-95.17
555.50,-94.58
555.53,-98.56
555.56,-100.57
555.58,-99.65
555.61,-98.59
555.64,-97.51
555.67,-97.32
555.69,-96.52
555.72,-96.62
555.75,-95.93
555.77,-93.93
555.80,-93.96
555.83,-94.26
555.86,-94.12
555.88,-96.17
555.91,-91.67
555.94,-91.90
555.96,-96.24
555.99,-97.08
556.02,-94.23
556.05,-95.21
556.07,-95.17
556.10,-98.12
556.13,-100.23
556.15,-98.04
556.18,-98.77
556.21,-99.28
556.24,-99.37
556.26,-95.24
556.29,-93.78
556.32,-94.82
556.34,-93.83
556.37,-94.08
556.40,-94.96
556.43,-98.68
556.45,-103.93
556.48,-101.62
556.51,-95.40
556.53,-95.48
556.56,-97.97
556.59,-97.20
556.62,-96.99
556.64,-94.39
556.67,-97.33
556.70,-97.97
556.72,-96.54
556.75,-96.69
556.78,-92.49
556.81,-91.87
556.83,-93.54
556.86,-98.47
556.89,-102.70
556.91,-103.60
556.94,-99.69
556.97,-94.98
557.00,-95.20
557.02,-96.03
557.05,-100.80
557.08,-100.12
557.10,-99.03
557.13,-95.25
557.16,-90.62
557.18,-90.12
557.21,-93.70
557.24,-97.00
557.27,-96.69
557.29,-92.97
557.32,-93.19
557.35,-94.82
557.37,-92.49
557.40,-92.88
557.43,-98.28
557.46,-98.14
557.48,-100.14
557.51,-93.65
557.54,-98.13
557.56,-95.67
557.59,-96.71
557.62,-95.42
557.65,-95.44
557.67,-94.83
557.70,-92.04
557.73,-91.83
557.75,-93.52
557.78,-93.85
557.81,-98.90
557.84,-97.42
557.86,-97.12
557.89,-98.83
557.92,-99.17
557.94,-100.32
557.97,-97.32
558.00,-91.20
558.03,-91.01
558.05,-94.37
558.08,-96.31
558.11,-96.74
558.13,-98.86
558.16,-97.71
558.19,-97.04
558.22,-95.19
558.24,-96.31
558.27,-96.54
558.30,-96.63
558.32,-101.43
558.35,-96.53
558.38,-96.44
558.41,-93.20
558.43,-92.66
558.46,-95.58
558.49,-95.51
558.51,-94.59
558.54,-93.37
558.57,-93.60
558.60,-95.90
558.62,-93.51
558.65,-93.43
558.68,-97.60
558.70,-96.47
558.73,-93.00
558.76,-93.05
558.79,-98.10
558.81,-95.81
558.84,-94.66
558.87,-94.18
558.89,-96.93
558.92,-96.93
558.95,-96.83
558.97,-96.35
559.00,-94.73
559.03,-95.11
559.06,-97.80
559.08,-96.01
559.11,-94.28
559.14,-97.58
559.16,-96.62
559.19,-96.30
559.22,-96.35
559.25,-99.71
559.27,-95.94
559.30,-96.31
559.33,-97.21
559.35,-97.61
559.38,-102.79
559.41,-99.33
559.44,-96.63
559.46,-96.52
559.49,-102.90
559.52,-101.10
559.54,-97.71
559.57,-93.80
559.60,-94.02
559.63,-96.42
559.65,-97.43
559.68,-95.53
559.71,-95.20
559.73,-95.06
559.76,-94.63
559.79,-95.51
559.82,-97.32
559.84,-92.92
559.87,-93.37
559.90,-94.35
559.92,-95.07
559.95,-93.57
559.98,-88.14
560.01,-86.71
560.03,-90.08
560.06,-95.06
560.09,-94.68
560.11,-96.00
560.14,-97.58
560.17,-98.43
560.20,-96.39
560.22,-96.52
560.25,-105.87
560.28,-96.28
560.30,-96.07
560.33,-100.59
560.36,-98.06
560.39,-98.55
560.41,-102.13
560.44,-97.35
560.47,-94.65
560.49,-96.03
560.52,-98.96
560.55,-95.78
560.57,-96.11
560.60,-103.90
560.63,-98.88
560.66,-98.90
560.68,-101.05
560.71,-101.02
560.74,-97.31
560.76,-95.97
560.79,-101.01
560.82,-96.19
560.85,-96.13
560.87,-97.18
560.90,-97.96
560.93,-93.66
560.95,-92.57
560.98,-94.01
561.01,-96.20
561.04,-99.99
561.06,-98.00
561.09,-97.50
561.12,-94.78
561.14,-95.25
561.17,-94.08
561.20,-94.40
561.23,-99.51
561.25,-103.48
561.28,-99.12
561.31,-94.53
561.33,-94.63
561.36,-97.77
561.39,-99.51
561.42,-92.04
561.44,-92.81
561.47,-95.81
561.50,-98.09
561.52,-100.06
561.55,-96.90
561.58,-95.17
561.61,-95.42
561.63,-96.80
561.66,-103.19
561.69,-99.73
561.71,-98.57
561.74,-96.62
561.77,-93.32
561.80,-93.53
561.82,-100.49
561.85,-93.92
561.88,-93.66
561.90,-96.79
561.93,-101.38
561.96,-101.10
561.99,-100.50
562.01,-99.53
562.04,-94.70
562.07,-95.27
562.09,-97.36
562.12,-93.01
562.15,-92.41
562.17,-93.21
562.17,-98.16
562.20,-100.46
562.23,-97.95
562.26,-99.62
562.28,-99.31
562.31,-102.25
562.34,-100.90
562.36,-98.30
562.39,-99.42
562.42,-98.76
562.45,-98.51
562.47,-99.97
562.50,-95.33
562.53,-96.06
562.55,-96.78
562.58,-94.51
562.61,-95.55
562.64,-101.07
562.66,-95.69
562.69,-95.86
562.72,-96.68
562.74,-96.24
562.77,-100.01
562.80,-101.58
562.83,-98.35
562.85,-98.24
562.88,-96.88
562.91,-95.59
562.93,-97.17
562.96,-100.04
562.99,-101.92
563.02,-107.35
563.04,-104.25
563.07,-97.76
563.10,-95.36
563.12,-95.10
563.15,-98.62
563.18,-109.11
563.21,-99.35
563.23,-99.25
563.26,-101.46
563.29,-102.90
563.31,-98.84
563.34,-99.73
563.37,-102.96
563.40,-93.70
563.42,-93.68
563.45,-95.31
563.48,-103.11
563.50,-98.57
563.53,-98.64
563.56,-95.01
563.59,-95.21
563.61,-103.24
563.64,-97.66
563.67,-98.59
563.69,-97.62
563.72,-98.49
563.75,-97.77
563.78,-97.78
563.80,-99.76
563.83,-99.49
563.86,-97.73
563.88,-96.96
563.91,-98.84
563.94,-103.83
563.96,-100.54
563.99,-98.50
564.02,-96.73
564.05,-99.44
564.07,-101.12
564.10,-98.53
564.13,-97.58
564.15,-101.57
564.18,-97.72
564.21,-97.86
564.24,-98.61
564.26,-98.41
564.29,-93.13
564.32,-93.75
564.34,-98.30
564.37,-95.01
564.40,-91.59
564.43,-92.66
564.45,-101.96
564.48,-90.76
564.51,-90.75
564.53,-90.46
564.56,-85.02
564.59,-85.69
564.62,-94.33
564.64,-89.40
564.67,-89.35
564.70,-96.90
564.72,-98.37
564.75,-95.79
564.78,-96.45
564.81,-95.07
564.83,-98.66
564.86,-95.31
564.89,-95.52
564.91,-102.11
564.94,-101.87
564.97,-110.97
565.00,-96.76
565.02,-91.75
565.05,-92.84
565.08,-102.11
565.10,-106.99
565.13,-98.74
565.16,-98.38
565.19,-96.75
565.21,-98.84
565.24,-99.37
565.27,-100.01
565.29,-99.89
565.32,-93.26
565.35,-92.47
565.38,-95.96
565.40,-102.67
565.43,-96.19
565.46,-97.11
565.48,-103.51
565.51,-103.28
565.54,-97.60
565.56,-97.67
565.59,-99.01
565.62,-96.56
565.65,-96.68
565.67,-106.74
565.70,-105.70
565.73,-104.34
565.75,-102.19
565.78,-93.77
565.81,-93.58
565.84,-95.97
565.86,-100.37
565.89,-98.52
565.92,-98.50
565.94,-103.42
565.97,-102.85
566.00,-98.10
566.03,-100.71
566.05,-102.74
566.08,-97.01
566.11,-94.05
566.13,-96.07
566.16,-96.20
566.19,-93.07
566.22,-93.11
566.24,-97.25
566.27,-98.58
566.30,-91.24
566.32,-92.02
566.35,-99.94
566.38,-98.74
566.41,-96.97
566.43,-102.31
566.46,-97.59
566.49,-97.57
566.51,-99.69
566.54,-102.15
566.57,-95.32
566.60,-92.25
566.62,-93.80
566.65,-98.12
566.68,-94.59
566.70,-92.95
566.73,-99.54
566.76,-92.87
566.79,-92.22
566.81,-95.14
566.84,-99.08
566.87,-99.63
566.89,-105.26
566.92,-99.07
566.95,-99.11
566.98,-103.29
567.00,-100.92
567.03,-102.03
567.06,-105.50
567.08,-107.09
567.11,-105.24
567.14,-100.55
567.16,-99.09
567.19,-95.50
567.22,-97.02
567.25,-92.41
567.27,-92.07
567.30,-94.51
567.33,-104.60
567.35,-110.36
567.38,-102.03
567.41,-100.97
567.44,-98.90
567.46,-98.65
567.49,-92.90
567.52,-92.28
567.54,-97.52
567.57,-98.23
567.60,-96.75
567.63,-96.92
567.65,-97.66
567.68,-97.61
567.71,-104.76
567.73,-99.58
567.76,-99.56
567.79,-94.97
567.82,-92.80
567.84,-92.80
567.87,-94.52
567.90,-92.76
567.92,-94.01
567.95,-105.16
567.98,-101.04
568.01,-100.47
568.03,-101.26
568.06,-96.65
568.09,-96.65
568.11,-98.44
568.14,-101.70
568.17,-94.63
568.20,-94.70
568.22,-97.29
568.25,-96.21
568.28,-96.53
568.30,-95.75
568.33,-95.60
568.36,-96.50
568.39,-94.36
568.41,-93.87
568.44,-97.41
568.47,-95.57
568.49,-95.64
568.52,-97.53
568.55,-96.40
568.58,-93.93
568.60,-93.72
568.63,-102.38
568.66,-104.39
568.68,-99.28
568.71,-94.73
568.74,-94.58
568.77,-96.73
568.79,-94.79
568.82,-95.59
568.85,-98.54
568.87,-98.61
568.90,-98.72
568.93,-96.75
568.95,-96.86
568.98,-97.42
569.01,-95.17
569.04,-96.06
569.06,-102.45
569.09,-104.40
569.12,-95.54
569.14,-94.35
569.17,-96.74
569.20,-101.97
569.23,-100.69
569.25,-99.40
569.28,-100.32
569.31,-99.86
569.33,-104.24
569.36,-104.57
569.39,-102.34
569.42,-97.81
569.44,-98.99
569.47,-98.98
569.50,-99.66
569.52,-103.47
569.55,-103.59
569.58,-99.15
569.61,-99.23
569.63,-94.44
569.66,-93.63
569.69,-96.61
569.71,-93.96
569.74,-93.93
569.77,-101.07
569.80,-102.48
569.82,-99.95
569.85,-99.51
569.88,-99.25
569.90,-95.37
569.93,-96.33
569.96,-104.72
569.99,-98.81
570.01,-98.86
570.04,-102.12
570.07,-96.89
570.09,-97.04
570.12,-99.58
570.15,-104.29
570.18,-104.02
570.20,-103.75
570.23,-99.21
570.26,-93.33
570.28,-93.49
570.31,-100.86
570.34,-105.99
570.37,-106.73
570.39,-100.71
570.42,-98.07
570.45,-96.72
570.47,-97.52
570.50,-107.29
570.53,-99.96
570.55,-93.85
570.58,-93.87
570.61,-99.11
570.64,-96.78
570.66,-99.62
570.69,-94.56
570.72,-90.52
570.74,-91.36
570.77,-95.98
570.80,-95.74
570.83,-96.13
570.85,-97.28
570.88,-96.00
570.91,-97.15
570.93,-94.83
570.96,-94.80
570.99,-96.73
571.02,-95.63
571.04,-95.14
571.07,-97.47
571.10,-98.98
571.12,-97.93
571.15,-98.41
571.18,-102.30
571.21,-95.49
571.23,-91.85
571.26,-89.64
571.29,-97.08
571.31,-96.98
571.34,-99.13
571.37,-98.98
571.40,-98.09
571.42,-100.36
571.45,-99.42
571.48,-100.15
571.50,-97.79
571.53,-99.29
571.56,-97.08
571.59,-97.32
571.61,-97.12
571.64,-98.77
571.67,-99.63
571.69,-99.65
571.72,-94.71
571.75,-94.78
571.78,-96.81
571.80,-104.20
571.83,-99.93
571.86,-98.35
571.88,-100.47
571.91,-97.48
571.94,-96.79
571.97,-98.40
571.99,-94.82
572.02,-94.23
572.05,-97.05
572.07,-95.87
572.10,-96.11
572.13,-100.92
572.15,-95.14
572.18,-94.03
572.21,-94.10
572.24,-92.82
572.26,-95.79
572.29,-93.59
572.32,-92.97
572.34,-100.95
572.37,-103.22
572.40,-114.22
572.43,-104.98
572.45,-103.66
572.48,-101.42
572.51,-101.01
572.53,-89.77
572.56,-88.97
572.59,-99.18
572.62,-98.80
572.64,-99.68
572.67,-99.66
572.70,-93.90
572.72,-93.97
572.75,-105.82
572.78,-100.57
572.81,-95.07
572.83,-95.46
572.86,-94.55
572.89,-97.57
572.91,-97.46
572.94,-96.92
572.97,-99.27
573.00,-101.95
573.02,-100.10
573.05,-97.98
573.08,-98.19
573.10,-102.36
573.13,-101.13
573.16,-101.52
573.19,-98.78
573.21,-97.76
573.24,-91.76
573.27,-91.80
573.29,-95.12
573.32,-93.47
573.35,-94.36
573.38,-97.86
573.40,-105.49
573.43,-100.23
573.46,-101.98
573.48,-102.82
573.51,-104.87
573.54,-105.86
573.57,-103.05
573.59,-99.44
573.62,-96.63
573.65,-96.95
573.67,-102.72
573.70,-102.68
573.73,-103.55
573.76,-96.63
573.78,-96.59
573.81,-95.35
573.84,-95.27
573.86,-103.78
573.89,-99.10
573.92,-98.96
573.94,-97.72
573.97,-97.57
574.00,-101.44
574.03,-98.51
574.05,-93.00
574.08,-94.09
574.11,-104.71
574.13,-97.31
574.16,-96.00
574.19,-95.95
574.22,-95.81
574.24,-94.32
574.27,-96.47
574.30,-94.92
574.32,-95.09
574.35,-97.01
574.38,-97.36
574.41,-97.22
574.43,-99.35
574.46,-107.53
574.49,-106.54
574.51,-99.37
574.54,-97.90
574.57,-93.76
574.60,-95.71
574.62,-101.79
574.65,-104.78
574.65,-97.21
574.68,-96.78
574.70,-98.98
574.73,-96.70
574.76,-96.72
574.79,-96.23
574.81,-98.41
574.84,-97.35
574.87,-96.56
574.89,-95.52
574.92,-95.18
574.95,-91.55
574.98,-92.24
575.00,-95.58
575.03,-93.48
575.06,-94.73
575.08,-94.81
575.11,-95.07
575.14,-95.40
575.17,-94.91
575.19,-94.33
575.22,-94.62
575.25,-94.53
575.27,-95.58
575.30,-95.35
575.33,-94.24
575.36,-94.18
575.38,-97.11
575.41,-95.66
575.44,-96.89
575.46,-89.22
575.49,-88.75
575.52,-90.90
575.54,-93.99
575.57,-93.67
575.60,-91.98
575.63,-91.64
575.65,-92.98
575.68,-96.39
575.71,-95.93
575.73,-96.88
575.76,-96.23
575.79,-95.37
575.82,-92.85
575.84,-92.30
575.87,-93.75
575.90,-99.02
575.92,-98.56
575.95,-94.49
575.98,-101.18
576.01,-100.72
576.03,-95.90
576.06,-92.91
576.09,-92.11
576.11,-95.77
576.14,-100.36
576.17,-99.47
576.20,-97.79
576.22,-96.43
576.25,-94.44
576.28,-94.13
576.30,-92.26
576.33,-91.98
576.36,-93.59
576.39,-97.91
576.41,-97.01
576.44,-97.58
576.47,-98.58
576.49,-95.18
576.52,-92.40
576.55,-93.22
576.58,-98.07
576.60,-94.66
576.63,-92.97
576.66,-92.91
576.68,-93.27
576.71,-92.48
576.74,-93.85
576.77,-95.07
576.79,-93.02
576.82,-91.53
576.85,-89.71
576.87,-88.88
576.90,-90.17
576.93,-93.73
576.96,-94.09
576.98,-91.55
577.01,-91.42
577.04,-97.90
577.06,-94.75
577.09,-93.80
577.12,-90.84
577.14,-90.67
577.17,-97.62
577.20,-93.69
577.23,-89.93
577.25,-95.19
577.28,-94.33
577.31,-94.73
577.33,-95.46
577.36,-91.94
577.39,-91.85
577.42,-93.53
577.44,-93.71
577.47,-91.21
577.50,-88.93
577.52,-90.62
577.55,-95.16
577.58,-91.85
577.61,-91.88
577.63,-92.62
577.66,-92.61
577.69,-92.34
577.71,-93.60
577.74,-91.20
577.77,-91.11
577.80,-95.02
577.82,-93.03
577.85,-95.61
577.88,-94.59
577.90,-93.40
577.93,-98.14
577.96,-97.64
577.99,-98.50
578.01,-97.09
578.04,-96.39
578.07,-96.60
578.09,-106.95
578.12,-96.94
578.15,-95.24
578.18,-95.85
578.20,-94.99
578.23,-97.67
578.26,-101.33
578.28,-99.01
578.31,-92.86
578.34,-93.48
578.37,-94.31
578.39,-93.59
578.42,-97.80
578.45,-94.08
578.47,-94.27
578.50,-101.39
578.53,-99.69
578.56,-96.57
578.58,-96.07
578.61,-97.00
578.64,-96.28
578.66,-92.41
578.69,-92.60
578.72,-100.32
578.75,-99.22
578.77,-93.59
578.80,-92.78
578.83,-94.14
578.85,-101.62
578.88,-96.69
578.91,-96.66
578.93,-98.16
578.96,-95.45
578.99,-95.25
579.02,-100.39
579.04,-95.67
579.07,-94.85
579.10,-95.26
579.12,-97.33
579.15,-97.04
579.18,-97.04
579.21,-102.73
579.23,-100.77
579.26,-96.52
579.29,-94.69
579.31,-96.08
579.34,-97.46
579.37,-97.47
579.40,-97.19
579.42,-96.33
579.45,-97.48
579.48,-97.56
579.50,-97.92
579.53,-101.73
579.56,-100.15
579.59,-94.81
579.61,-95.79
579.64,-95.72
579.67,-96.96
579.69,-94.82
579.72,-94.88
579.75,-93.79
579.78,-89.99
579.80,-90.89
579.83,-93.93
579.86,-98.21
579.88,-103.53
579.91,-99.19
579.94,-95.09
579.97,-95.17
579.99,-98.76
580.02,-96.52
580.05,-94.52
580.07,-92.64
580.10,-92.58
580.13,-99.08
580.16,-98.07
580.18,-99.75
580.21,-96.48
580.24,-97.32
580.26,-93.78
580.29,-95.13
580.32,-95.24
580.35,-95.21
580.37,-92.76
580.40,-93.49
580.43,-97.27
580.45,-94.70
580.48,-96.49
580.51,-95.21
580.53,-96.32
580.56,-95.81
580.59,-96.67
580.62,-95.78
580.64,-94.72
580.67,-98.46
580.70,-100.52
580.72,-96.12
580.75,-94.68
580.78,-97.63
580.81,-95.29
580.83,-95.96
580.86,-98.16
580.89,-95.11
580.91,-91.37
580.94,-91.12
580.97,-92.22
581.00,-95.39
581.02,-95.26
581.05,-95.09
581.08,-96.27
581.10,-96.58
581.13,-97.85
581.16,-102.40
581.19,-96.62
581.21,-96.46
581.24,-99.11
581.27,-97.70
581.29,-95.88
581.32,-97.63
581.35,-97.63
581.38,-95.30
581.40,-92.06
581.43,-92.92
581.46,-98.88
581.48,-95.06
581.51,-95.10
581.54,-91.84
581.57,-91.91
581.59,-93.08
581.62,-91.66
581.65,-91.44
581.67,-94.42
581.70,-94.98
581.73,-92.11
581.76,-90.25
581.78,-91.51
581.81,-93.23
581.84,-92.59
581.86,-94.98
581.89,-96.50
581.92,-96.68
581.95,-94.35
581.97,-92.06
582.00,-94.68
582.03,-97.09
582.05,-98.29
582.08,-94.68
582.11,-95.17
582.13,-91.92
582.16,-91.23
582.19,-94.15
582.22,-94.09
582.24,-96.92
582.27,-104.49
582.30,-101.82
582.32,-96.85
582.35,-94.81
582.38,-94.42
582.41,-93.51
582.43,-93.46
582.46,-91.74
582.49,-93.34
582.51,-93.07
582.54,-92.94
582.57,-93.43
582.60,-94.97
582.62,-98.71
582.65,-97.66
582.68,-98.27
582.70,-96.96
582.73,-95.70
582.76,-95.56
582.79,-95.08
582.81,-94.44
582.84,-95.78
582.87,-101.69
582.89,-94.86
582.92,-91.69
582.95,-92.17
582.98,-87.10
583.00,-85.43
583.03,-87.09
583.06,-88.56
583.08,-87.95
583.11,-94.98
583.14,-94.67
583.17,-94.91
583.19,-97.00
583.22,-95.12
583.25,-96.29
583.27,-95.77
583.30,-96.56
583.33,-103.07
583.36,-96.56
583.38,-92.47
583.41,-93.61
583.44,-97.11
583.46,-97.04
583.49,-92.26
583.52,-92.30
583.55,-95.84
583.57,-93.47
583.60,-93.14
583.63,-100.50
583.65,-101.53
583.68,-99.98
583.71,-98.17
583.74,-95.66
583.76,-90.98
583.79,-95.23
583.82,-95.52
583.84,-94.99
583.87,-97.84
583.90,-99.94
583.92,-101.65
583.95,-97.78
583.98,-96.29
584.01,-98.50
584.03,-106.39
584.06,-96.63
584.09,-96.76
584.11,-97.01
584.14,-96.88
584.17,-99.01
584.20,-100.47
584.22,-94.15
584.25,-94.14
584.28,-93.86
584.30,-92.92
584.33,-93.06
584.36,-93.92
584.39,-93.26
584.41,-96.47
584.44,-93.82
584.47,-93.63
584.49,-92.15
584.52,-92.07
584.55,-95.34
584.58,-101.14
584.60,-97.78
584.63,-97.72
584.66,-99.67
584.68,-96.01
584.71,-95.29
584.74,-100.69
584.77,-96.21
584.79,-95.67
584.82,-97.59
584.85,-101.44
584.87,-98.49
584.90,-97.73
584.93,-91.54
584.96,-90.61
584.98,-93.26
585.01,-95.61
585.04,-96.92
585.06,-93.69
585.09,-92.70
585.12,-96.31
585.15,-94.45
585.17,-94.58
585.20,-90.42
585.23,-90.69
585.25,-94.02
585.28,-95.98
585.31,-98.26
585.34,-93.56
585.36,-93.26
585.39,-91.79
585.42,-91.88
585.44,-94.29
585.47,-94.63
585.50,-94.22
585.52,-89.63
585.55,-89.67
585.58,-93.63
585.61,-94.50
585.63,-93.96
585.66,-92.30
585.69,-91.08
585.71,-90.34
585.74,-90.33
585.77,-94.03
585.80,-92.18
585.82,-96.17
585.85,-96.43
585.88,-95.55
585.90,-95.75
585.93,-93.32
585.96,-94.23
585.99,-96.73
586.01,-93.75
586.04,-94.41
586.07,-99.43
586.09,-96.40
586.12,-96.50
586.15,-97.68
586.18,-96.80
586.20,-93.55
586.23,-93.08
586.26,-93.34
586.28,-96.52
586.31,-96.60
586.34,-93.10
586.37,-91.64
586.39,-96.62
586.42,-97.67
586.45,-95.90
586.47,-95.44
586.50,-99.49
586.53,-96.32
586.56,-93.80
586.58,-94.43
586.61,-96.73
586.64,-98.60
586.66,-100.12
586.69,-96.12
586.72,-96.84
586.75,-100.04
586.77,-98.99
586.80,-103.60
586.83,-98.08
586.85,-93.39
586.88,-95.99
586.91,-93.05
586.94,-92.99
586.96,-95.61
586.99,-96.46
587.02,-94.82
587.04,-94.66
587.07,-97.17
587.10,-97.44
587.12,-97.97
587.12,-106.04
587.15,-108.33
587.18,-99.10
587.21,-97.72
587.23,-97.07
587.26,-98.21
587.29,-95.96
587.31,-98.45
587.34,-98.47
587.37,-103.50
587.40,-99.21
587.42,-99.41
587.45,-97.21
587.48,-97.35
587.50,-98.48
587.53,-100.24
587.56,-100.62
587.59,-93.07
587.61,-91.15
587.64,-91.37
587.67,-97.31
587.69,-97.37
587.72,-99.64
587.75,-99.99
587.78,-91.85
587.80,-97.21
587.83,-96.34
587.86,-95.72
587.88,-91.64
587.91,-91.61
587.94,-94.57
587.97,-96.45
587.99,-101.90
588.02,-99.35
588.05,-96.64
588.07,-93.29
588.10,-92.74
588.13,-95.28
588.16,-90.37
588.18,-90.26
588.21,-92.52
588.24,-95.77
588.26,-99.06
588.29,-98.77
588.32,-101.11
588.35,-96.50
588.37,-92.08
588.40,-93.11
588.43,-92.90
588.45,-94.76
588.48,-95.90
588.51,-98.42
588.54,-98.12
588.56,-104.46
588.59,-103.03
588.62,-97.59
588.64,-98.85
588.67,-101.41
588.70,-101.44
588.73,-92.99
588.75,-93.03
588.78,-97.21
588.81,-102.26
588.83,-102.28
588.86,-107.01
588.89,-98.10
588.91,-94.49
588.94,-94.46
588.97,-97.37
589.00,-94.06
589.02,-94.20
589.05,-100.20
589.08,-97.00
589.10,-99.52
589.13,-97.13
589.16,-95.98
589.19,-97.39
589.21,-94.46
589.24,-94.27
589.27,-99.17
589.29,-99.16
589.32,-102.26
589.35,-99.11
589.38,-98.23
589.40,-102.51
589.43,-99.67
589.46,-95.43
589.48,-94.65
589.51,-94.51
589.54,-95.03
589.57,-93.78
589.59,-97.59
589.62,-99.29
589.65,-95.00
589.67,-94.84
589.70,-103.04
589.73,-99.72
589.76,-93.17
589.78,-92.58
589.81,-94.53
589.84,-97.96
589.86,-101.66
589.89,-103.05
589.92,-99.04
589.95,-96.67
589.97,-93.87
590.00,-93.78
590.03,-96.48
590.05,-94.17
590.08,-94.88
590.11,-98.80
590.14,-101.09
590.16,-100.54
590.19,-100.60
590.22,-98.85
590.24,-107.09
590.27,-103.80
590.30,-100.17
590.33,-100.09
590.35,-101.65
590.38,-97.19
590.41,-97.84
590.43,-99.19
590.46,-95.10
590.49,-91.37
590.51,-91.53
590.54,-94.73
590.57,-94.98
590.60,-101.67
590.62,-105.60
590.65,-103.78
590.68,-102.00
590.70,-101.67
590.73,-108.32
590.76,-97.13
590.79,-97.10
590.81,-104.60
590.84,-103.44
590.87,-100.42
590.89,-99.35
590.92,-101.15
590.95,-97.30
590.98,-97.32
591.00,-98.50
591.03,-97.45
591.06,-96.36
591.08,-98.34
591.11,-94.35
591.14,-94.39
591.17,-93.83
591.19,-92.53
591.22,-95.36
591.25,-100.17
591.27,-104.28
591.30,-102.39
591.33,-97.04
591.36,-97.57
591.38,-96.70
591.41,-96.90
591.44,-93.60
591.46,-93.60
591.49,-101.02
591.52,-98.78
591.55,-98.82
591.57,-97.11
591.60,-96.81
591.63,-102.03
591.65,-98.54
591.68,-106.55
591.71,-104.92
591.74,-95.61
591.76,-94.35
591.79,-96.23
591.82,-101.85
591.84,-96.65
591.87,-96.51
591.90,-108.81
591.93,-99.90
591.95,-99.86
591.98,-98.74
592.01,-103.11
592.03,-98.55
592.06,-98.73
592.09,-99.84
592.12,-99.83
592.14,-101.88
592.17,-101.97
592.20,-96.28
592.22,-97.12
592.25,-100.04
592.28,-101.12
592.30,-99.21
592.33,-96.54
592.36,-100.56
592.39,-103.47
592.41,-102.89
592.44,-102.62
592.47,-94.23
592.49,-93.99
592.52,-98.16
592.55,-98.79
592.58,-91.52
592.60,-90.63
592.63,-94.47
592.66,-102.27
592.68,-102.45
592.71,-101.68
592.74,-104.69
592.77,-104.44
592.79,-96.06
592.82,-95.69
592.85,-100.52
592.87,-100.52
592.90,-99.94
592.93,-96.95
592.96,-97.39
592.98,-105.39
593.01,-99.81
593.04,-97.14
593.06,-97.33
593.09,-99.22
593.12,-96.51
593.15,-96.60
593.17,-102.61
593.20,-105.69
593.23,-100.65
593.25,-101.19
593.28,-100.66
593.31,-101.45
593.34,-106.05
593.36,-105.83
593.39,-102.70
593.42,-99.82
593.44,-97.35
593.47,-97.46
593.50,-103.32
593.53,-108.47
593.55,-96.73
593.58,-93.87
593.61,-94.36
593.63,-101.50
593.66,-98.58
593.69,-98.10
593.72,-98.92
593.74,-101.78
593.77,-105.17
593.80,-106.61
593.82,-105.26
593.85,-100.36
593.88,-98.18
593.90,-100.06
593.93,-83.38
593.96,-79.35
593.99,-81.02
594.01,-94.05
594.04,-101.21
594.07,-100.11
594.09,-95.61
594.12,-94.79
594.15,-95.07
594.18,-96.10
594.20,-98.38
594.23,-98.92
594.26,-100.59
594.28,-95.62
594.31,-95.70
594.34,-94.02
594.37,-91.28
594.39,-92.82
594.42,-98.26
594.45,-91.59
594.47,-91.19
594.50,-94.16
594.53,-99.82
594.56,-100.94
594.58,-99.14
594.61,-99.13
594.64,-98.94
594.66,-97.48
594.69,-98.79
594.72,-98.51
594.75,-98.51
594.77,-99.27
594.80,-96.21
594.83,-97.41
594.85,-106.23
594.88,-103.15
594.91,-99.74
594.94,-97.42
594.96,-95.65
594.99,-97.66
595.02,-101.13
595.04,-101.41
595.07,-95.98
595.10,-95.90
595.13,-102.15
595.15,-97.79
595.18,-97.70
595.21,-103.95
595.23,-100.82
595.26,-98.93
595.29,-97.32
595.32,-97.67
595.34,-101.47
595.37,-106.15
595.40,-98.20
595.42,-96.78
595.45,-97.38
595.48,-103.10
595.50,-96.67
595.53,-96.64
595.56,-104.83
595.59,-102.62
595.61,-97.16
595.64,-97.06
595.67,-99.10
595.69,-104.30
595.72,-102.35
595.75,-102.14
595.78,-110.15
595.80,-109.16
595.83,-109.05
595.86,-102.37
595.88,-101.87
595.91,-97.75
595.94,-97.39
595.97,-99.31
595.99,-99.98
596.02,-108.61
596.05,-118.23
596.07,-108.74
596.10,-112.84
596.13,-100.92
596.16,-98.98
596.18,-97.84
596.21,-98.14
596.24,-94.22
596.26,-99.88
596.29,-99.27
596.32,-102.82
596.35,-92.36
596.37,-91.52
596.40,-94.73
596.43,-104.95
596.45,-104.96
596.48,-97.21
596.51,-97.01
596.54,-95.92
596.56,-92.31
596.59,-91.45
596.62,-93.70
596.64,-92.97
596.67,-89.59
596.70,-89.33
596.73,-91.29
596.75,-95.07
596.78,-99.82
596.81,-96.45
596.83,-90.40
596.86,-90.40
596.89,-94.68
596.92,-94.50
596.94,-100.88
596.97,-100.34
597.00,-92.48
597.02,-92.50
597.05,-93.72
597.08,-93.63
597.11,-93.89
597.13,-101.80
597.16,-96.88
597.19,-96.54
597.21,-102.27
597.24,-104.71
597.27,-104.21
597.29,-101.58
597.32,-103.86
597.35,-99.97
597.38,-100.06
597.40,-99.98
597.43,-98.92
597.46,-103.89
597.48,-104.23
597.51,-95.89
597.54,-108.83
597.57,-107.82
597.59,-101.88
597.62,-98.91
597.65,-98.34
597.67,-99.20
597.70,-102.24
597.73,-102.17
597.76,-97.41
597.78,-97.37
597.81,-103.95
597.84,-96.33
597.86,-95.06
597.89,-97.73
597.92,-101.20
597.95,-96.37
597.97,-96.54
598.00,-101.32
598.03,-99.18
598.05,-101.96
598.08,-95.29
598.11,-95.18
598.14,-96.66
598.16,-98.58
598.19,-98.92
598.22,-97.87
598.24,-93.66
598.27,-93.78
598.30,-96.05
598.33,-93.10
598.35,-94.69
598.38,-109.56
598.41,-110.62
598.43,-100.15
598.46,-99.04
598.49,-97.15
598.52,-94.85
598.54,-94.97
598.57,-98.94
598.60,-103.48
598.62,-104.86
598.65,-106.54
598.68,-100.66
598.71,-93.98
598.73,-93.97
598.76,-99.04
598.79,-101.44
598.81,-100.73
598.84,-94.10
598.87,-110.20
598.89,-103.97
598.92,-96.14
598.95,-95.97
598.98,-97.36
599.00,-99.54
599.03,-99.51
599.06,-99.12
599.08,-95.39
599.11,-92.55
599.14,-90.76
599.17,-91.47
599.19,-95.84
599.22,-101.09
599.25,-101.21
599.27,-102.26
599.30,-104.49
599.33,-96.09
599.36,-94.13
599.38,-94.42
599.41,-96.25
599.44,-98.84
599.46,-94.17
599.49,-103.22
599.52,-101.16
599.55,-93.98
599.57,-93.56
599.60,-97.56
599.60,-93.44
599.63,-94.77
599.65,-101.62
599.68,-95.87
599.71,-92.58
599.74,-93.26
599.76,-96.22
599.79,-98.07
599.82,-98.05
599.84,-101.66
599.87,-105.78
599.90,-95.80
599.93,-95.43
599.95,-94.84
599.98,-92.08
600.01,-91.64
600.03,-93.91
600.06,-95.78
600.09,-99.06
600.12,-97.32
600.14,-96.02
600.17,-95.53
600.20,-102.66
600.22,-100.67
600.25,-92.83
600.28,-94.36
600.31,-97.75
600.33,-96.03
600.36,-95.79
600.39,-96.90
600.41,-95.91
600.44,-94.89
600.47,-95.48
600.49,-102.13
600.52,-98.85
600.55,-98.90
600.58,-103.43
600.60,-100.03
600.63,-100.80
600.66,-98.58
600.68,-100.03
600.71,-101.36
600.74,-100.65
600.77,-100.31
600.79,-107.13
600.82,-101.29
600.85,-96.83
600.87,-96.92
600.90,-95.22
600.93,-103.77
600.96,-96.75
600.98,-96.63
601.01,-96.61
601.04,-96.78
601.06,-99.42
601.09,-97.97
601.12,-98.16
601.15,-98.63
601.17,-99.10
601.20,-97.81
601.23,-97.43
601.25,-96.90
601.28,-96.62
601.31,-99.32
601.34,-95.55
601.36,-95.59
601.39,-102.27
601.42,-115.14
601.44,-94.87
601.47,-93.92
601.50,-92.22
601.53,-92.48
601.55,-103.89
601.58,-102.78
601.61,-102.46
601.63,-107.74
601.66,-99.73
601.69,-92.60
601.72,-91.01
601.74,-94.55
601.77,-97.62
601.80,-102.37
601.82,-98.98
601.85,-94.57
601.88,-96.98
601.91,-97.52
601.93,-98.91
601.96,-98.70
601.99,-100.37
602.01,-107.43
602.04,-107.17
602.07,-99.97
602.10,-96.67
602.12,-97.77
602.15,-98.12
602.18,-96.95
602.20,-97.18
602.23,-94.84
602.26,-92.89
602.28,-93.72
602.31,-91.79
602.34,-91.89
602.37,-93.65
602.39,-91.16
602.42,-92.39
602.45,-95.84
602.47,-97.62
602.50,-96.48
602.53,-101.23
602.56,-95.85
602.58,-96.40
602.61,-109.17
602.64,-104.97
602.66,-103.11
602.69,-97.76
602.72,-97.49
602.75,-103.60
602.77,-109.01
602.80,-107.90
602.83,-108.30
602.85,-98.88
602.88,-99.77
602.91,-100.48
602.94,-104.09
602.96,-102.30
602.99,-96.38
603.02,-96.46
603.04,-96.25
603.07,-99.46
603.10,-98.00
603.13,-104.01
603.15,-101.02
603.18,-100.53
603.21,-102.08
603.23,-105.11
603.26,-102.71
603.29,-98.14
603.32,-98.88
603.34,-109.64
603.37,-104.19
603.40,-100.20
603.42,-100.49
603.45,-104.02
603.48,-98.33
603.51,-96.64
603.53,-96.24
603.56,-98.78
603.59,-96.76
603.61,-99.04
603.64,-114.77
603.67,-101.24
603.70,-99.22
603.72,-102.34
603.75,-101.41
603.78,-106.86
603.80,-98.81
603.83,-98.00
603.86,-99.94
603.88,-100.94
603.91,-94.27
603.94,-94.10
603.97,-99.96
603.99,-101.11
604.02,-100.43
604.05,-98.75
604.07,-98.62
604.10,-99.74
604.13,-92.63
604.16,-106.10
604.18,-108.87
604.21,-99.59
604.24,-101.44
604.26,-97.42
604.29,-97.15
604.32,-100.41
604.35,-96.19
604.37,-96.76
604.40,-108.20
604.43,-99.11
604.45,-93.53
604.48,-93.43
604.51,-93.74
604.54,-97.39
604.56,-98.51
604.59,-98.76
604.62,-106.04
604.64,-100.47
604.67,-94.91
604.70,-93.98
604.73,-97.64
604.75,-104.08
604.78,-95.45
604.81,-97.88
604.83,-99.91
604.86,-97.55
604.89,-95.37
604.92,-95.40
604.94,-97.73
604.97,-95.57
605.00,-95.04
605.02,-96.66
605.05,-100.34
605.08,-100.07
605.11,-96.79
605.13,-96.73
605.16,-94.27
605.19,-95.57
605.21,-96.55
605.24,-95.44
605.27,-96.76
605.30,-100.11
605.32,-97.90
605.35,-99.68
605.38,-99.11
605.40,-97.30
605.43,-100.09
605.46,-104.37
605.48,-97.57
605.51,-99.44
605.54,-103.09
605.57,-101.38
605.59,-97.63
605.62,-98.78
605.65,-96.01
605.67,-96.91
605.70,-99.56
605.73,-99.57
605.76,-109.00
605.78,-105.01
605.81,-103.71
605.84,-100.98
605.86,-101.32
605.89,-100.15
605.92,-100.03
605.95,-96.51
605.97,-95.64
606.00,-98.03
606.03,-107.36
606.05,-102.83
606.08,-102.79
606.11,-102.12
606.14,-104.02
606.16,-98.94
606.19,-100.18
606.22,-97.07
606.24,-99.66
606.27,-101.21
606.30,-102.63
606.33,-103.77
606.35,-96.37
606.38,-97.12
606.41,-95.63
606.43,-98.72
606.46,-107.72
606.49,-101.39
606.52,-99.33
606.54,-98.25
606.57,-96.08
606.60,-96.11
606.62,-94.56
606.65,-95.54
606.68,-109.73
606.71,-110.04
606.73,-105.45
606.76,-98.47
606.79,-95.35
606.81,-96.02
606.84,-92.84
606.87,-92.81
606.90,-100.13
606.92,-101.87
606.95,-102.34
606.98,-98.67
607.00,-93.47
607.03,-92.29
607.06,-94.64
607.09,-98.91
607.11,-99.37
607.14,-95.76
607.17,-93.87
607.19,-95.20
607.22,-100.60
607.25,-98.91
607.27,-95.32
607.30,-95.35
607.33,-99.54
607.36,-102.11
607.38,-102.03
607.41,-105.39
607.44,-104.18
607.46,-101.57
607.49,-101.51
607.52,-107.29
607.55,-100.41
607.57,-100.53
607.60,-99.74
607.63,-99.79
607.65,-100.90
607.68,-96.25
607.71,-92.47
607.74,-91.47
607.76,-92.13
607.79,-95.29
607.82,-94.46
607.84,-94.86
607.87,-99.92
607.90,-100.77
607.93,-96.22
607.95,-97.97
607.98,-94.95
608.01,-94.73
608.03,-97.31
608.06,-101.70
608.09,-99.72
608.12,-103.47
608.14,-101.70
608.17,-97.86
608.20,-100.32
608.22,-100.31
608.25,-101.43
608.28,-101.88
608.31,-106.36
608.33,-99.81
608.36,-99.32
608.39,-98.76
608.41,-102.19
608.44,-102.05
608.47,-98.08
608.50,-94.88
608.52,-97.21
608.55,-105.89
608.58,-97.63
608.60,-95.82
608.63,-96.37
608.66,-104.04
608.69,-101.58
608.71,-98.53
608.74,-102.43
608.77,-100.03
608.79,-96.58
608.82,-95.08
608.85,-94.73
608.87,-94.56
608.90,-94.55
608.93,-95.22
608.96,-101.60
608.98,-99.63
609.01,-95.99
609.04,-97.46
609.06,-93.67
609.09,-93.65
609.12,-103.72
609.15,-100.43
609.17,-97.72
609.20,-97.85
609.23,-101.92
609.25,-95.58
609.28,-91.99
609.31,-92.20
609.34,-98.77
609.36,-104.11
609.39,-96.28
609.42,-95.95
609.44,-100.04
609.47,-99.82
609.50,-97.31
609.53,-97.86
609.55,-98.00
609.58,-100.98
609.61,-106.97
609.63,-104.50
609.66,-105.33
609.69,-97.38
609.72,-94.18
609.74,-94.30
609.77,-95.55
609.80,-96.22
609.82,-101.27
609.85,-99.09
609.88,-100.87
609.91,-99.78
609.93,-100.08
609.96,-97.87
609.99,-97.93
610.01,-96.45
610.04,-99.97
610.07,-98.57
610.10,-98.63
610.12,-97.58
610.15,-98.83
610.18,-97.34
610.20,-97.79
610.23,-103.30
610.26,-99.54
610.29,-97.85
610.31,-98.12
610.34,-103.13
610.37,-96.25
610.39,-96.35
610.42,-99.16
610.45,-97.11
610.47,-96.87
610.50,-98.50
610.53,-97.65
610.56,-96.74
610.58,-95.09
610.61,-94.80
610.64,-96.67
610.66,-94.95
610.69,-95.89
610.72,-94.09
610.75,-91.77
610.77,-93.28
610.80,-100.77
610.83,-96.98
610.85,-97.02
610.88,-98.98
610.91,-100.76
610.94,-100.81
610.96,-92.30
610.99,-91.10
611.02,-91.74
611.04,-106.14
611.07,-101.39
611.10,-98.09
611.13,-96.67
611.15,-97.00
611.18,-103.00
611.21,-96.55
611.23,-96.12
611.26,-98.34
611.29,-92.13
611.32,-95.90
611.34,-101.69
611.37,-102.88
611.40,-99.21
611.42,-99.46
611.45,-102.17
611.48,-96.67
611.51,-96.67
611.53,-102.22
611.56,-99.35
611.59,-99.41
611.61,-96.15
611.64,-95.43
611.67,-104.78
611.70,-106.05
611.72,-107.41
611.75,-108.98
611.78,-100.55
611.80,-98.85
611.83,-103.33
611.86,-104.55
611.89,-99.09
611.91,-99.46
611.94,-103.80
611.97,-94.43
611.99,-96.70
612.02,-96.93
612.05,-94.24
612.08,-94.30
612.08,-97.79
612.10,-97.38
612.13,-97.55
612.16,-96.48
612.18,-93.02
612.21,-93.26
612.24,-97.66
612.26,-97.28
612.29,-93.80
612.32,-94.27
612.35,-104.08
612.37,-101.85
612.40,-96.52
612.43,-93.04
612.45,-93.56
612.48,-99.74
612.51,-99.81
612.54,-99.34
612.56,-98.25
612.59,-100.27
612.62,-101.87
612.64,-100.59
612.67,-102.38
612.70,-95.67
612.73,-93.54
612.75,-92.90
612.78,-95.57
612.81,-92.01
612.83,-91.46
612.86,-91.40
612.89,-93.18
612.92,-99.47
612.94,-93.47
612.97,-95.08
613.00,-101.44
613.02,-99.99
613.05,-92.85
613.08,-92.72
613.11,-103.39
613.13,-108.90
613.16,-108.84
613.19,-104.51
613.21,-100.20
613.24,-100.38
613.27,-102.78
613.30,-99.34
613.32,-102.90
613.35,-102.93
613.38,-99.87
613.40,-100.50
613.43,-99.40
613.46,-94.27
613.49,-94.81
613.51,-96.73
613.54,-99.62
613.57,-99.71
613.59,-100.37
613.62,-100.66
613.65,-100.03
613.68,-103.47
613.70,-98.64
613.73,-96.26
613.76,-96.39
613.78,-99.36
613.81,-99.23
613.84,-99.13
613.86,-93.58
613.89,-92.83
613.92,-93.46
613.95,-94.30
613.97,-101.03
614.00,-98.84
614.03,-99.02
614.05,-96.79
614.08,-96.77
614.11,-101.44
614.14,-98.04
614.16,-97.33
614.19,-104.26
614.22,-99.90
614.24,-97.07
614.27,-97.73
614.30,-111.86
614.33,-105.98
614.35,-97.66
614.38,-92.14
614.41,-91.83
614.43,-92.43
614.46,-96.23
614.49,-98.34
614.52,-102.95
614.54,-99.35
614.57,-101.05
614.60,-101.26
614.62,-105.02
614.65,-95.57
614.68,-95.52
614.71,-93.52
614.73,-96.27
614.76,-98.70
614.79,-105.71
614.81,-93.54
614.84,-89.51
614.87,-90.61
614.90,-98.07
614.92,-98.22
614.95,-100.96
614.98,-105.20
615.00,-105.33
615.03,-96.84
615.06,-96.82
615.09,-104.39
615.11,-100.72
615.14,-97.07
615.17,-96.45
615.19,-97.48
615.22,-96.73
615.25,-98.41
615.28,-98.18
615.30,-107.34
615.33,-90.71
615.36,-88.13
615.38,-88.89
615.41,-98.85
615.44,-98.55
615.46,-93.77
615.49,-89.65
615.52,-86.97
615.55,-89.20
615.57,-96.65
615.60,-97.59
615.63,-99.63
615.65,-87.33
615.68,-87.41
615.71,-84.94
615.74,-83.57
615.76,-89.67
615.79,-83.30
615.82,-82.82
615.84,-85.84
615.87,-78.38
615.90,-78.44
615.93,-84.65
615.95,-86.80
615.98,-89.65
616.01,-82.99
616.03,-81.19
616.06,-85.60
616.09,-86.66
616.12,-86.69
616.14,-97.36
616.17,-98.04
616.20,-99.46
616.22,-89.93
616.25,-86.96
616.28,-88.65
616.31,-96.06
616.33,-96.61
616.36,-93.03
616.39,-88.82
616.41,-88.88
616.44,-98.08
616.47,-90.75
616.50,-91.98
616.52,-92.03
616.55,-87.88
616.58,-88.33
616.60,-93.80
616.63,-95.53
616.66,-96.58
616.69,-94.68
616.71,-94.67
616.74,-101.56
616.77,-101.14
616.79,-101.23
616.82,-96.58
616.85,-93.13
616.88,-94.58
616.90,-105.47
616.93,-105.45
616.96,-100.19
616.98,-99.18
617.01,-98.12
617.04,-98.06
617.07,-97.06
617.09,-98.30
617.12,-95.96
617.15,-95.18
617.17,-99.42
617.20,-98.44
617.23,-97.22
617.25,-97.63
617.28,-94.11
617.31,-93.24
617.34,-96.13
617.36,-90.86
617.39,-90.89
617.42,-93.87
617.44,-91.59
617.47,-94.66
617.50,-89.48
617.53,-89.52
617.55,-95.10
617.58,-95.18
617.61,-97.10
617.63,-102.48
617.66,-94.20
617.69,-93.21
617.72,-93.22
617.74,-99.30
617.77,-104.23
617.80,-92.26
617.82,-90.69
617.85,-91.57
617.88,-98.18
617.91,-114.20
617.93,-97.40
617.96,-97.40
617.99,-92.67
618.01,-92.70
618.04,-97.49
618.07,-94.58
618.10,-93.71
618.12,-91.61
618.15,-98.31
618.18,-94.02
618.20,-93.57
618.23,-94.07
618.26,-102.99
618.29,-98.25
618.31,-94.44
618.34,-95.19
618.37,-93.27
618.39,-92.45
618.42,-93.65
618.45,-95.43
618.48,-95.16
618.50,-93.55
618.53,-93.74
618.56,-93.91
618.58,-97.71
618.61,-95.90
618.64,-95.86
618.67,-99.73
618.69,-97.47
618.72,-95.50
618.75,-98.92
618.77,-97.35
618.80,-96.78
618.83,-99.82
618.85,-102.28
618.88,-101.54
618.91,-102.26
618.94,-99.67
618.96,-99.70
618.99,-102.03
619.02,-100.58
619.04,-100.41
619.07,-98.84
619.10,-98.78
619.13,-101.40
619.15,-95.58
619.18,-95.31
619.21,-98.67
619.23,-97.39
619.26,-96.45
619.29,-91.64
619.32,-91.55
619.34,-94.68
619.37,-99.83
619.40,-102.40
619.42,-102.46
619.45,-99.51
619.48,-101.43
619.51,-101.44
619.53,-102.45
619.56,-98.51
619.59,-93.24
619.61,-90.61
619.64,-90.81
619.67,-97.53
619.70,-98.65
619.72,-97.98
619.75,-100.94
619.78,-97.26
619.80,-96.90
619.83,-102.16
619.86,-95.97
619.89,-101.50
619.91,-103.42
619.94,-95.54
619.97,-96.15
619.99,-104.51
620.02,-97.28
620.05,-96.82
620.08,-99.76
620.10,-94.77
620.13,-95.16
620.16,-96.70
620.18,-101.83
620.21,-101.27
620.24,-96.08
620.27,-96.10
620.29,-97.09
620.32,-96.96
620.35,-102.60
620.37,-104.19
620.40,-101.26
620.43,-96.54
620.45,-93.22
620.48,-93.28
620.51,-95.16
620.54,-101.25
620.56,-94.86
620.59,-95.31
620.62,-99.80
620.64,-94.40
620.67,-93.04
620.70,-94.33
620.73,-98.05
620.75,-100.29
620.78,-97.46
620.81,-94.73
620.83,-94.89
620.86,-96.57
620.89,-98.92
620.92,-97.06
620.94,-96.48
620.97,-98.65
621.00,-98.83
621.02,-97.27
621.05,-97.29
621.08,-104.09
621.11,-104.14
621.13,-104.22
621.16,-101.53
621.19,-101.68
621.21,-105.83
621.24,-103.10
621.27,-97.45
621.30,-98.12
621.32,-94.39
621.35,-94.60
621.38,-99.97
621.40,-100.40
621.43,-98.59
621.46,-98.22
621.49,-98.52
621.51,-93.52
621.54,-94.41
621.57,-97.03
621.59,-94.66
621.62,-95.45
621.65,-102.10
621.68,-95.73
621.70,-95.82
621.73,-99.39
621.76,-99.17
621.78,-96.49
621.81,-92.11
621.84,-101.37
621.87,-98.34
621.89,-99.03
621.92,-104.43
621.95,-106.75
621.97,-101.05
622.00,-99.84
622.03,-96.47
622.05,-96.46
622.08,-97.90
622.11,-101.05
622.14,-95.82
622.16,-93.64
622.19,-94.79
622.22,-96.72
622.24,-100.06
622.27,-99.27
622.30,-99.81
622.33,-98.06
622.35,-96.87
622.38,-96.87
622.41,-103.20
622.43,-97.91
622.46,-98.48
622.49,-98.08
622.52,-100.37
622.54,-94.56
622.57,-94.37
622.60,-94.33
622.62,-98.87
622.65,-99.21
622.68,-95.41
622.71,-96.94
622.73,-99.27
622.76,-100.76
622.79,-100.30
622.81,-100.36
622.84,-101.44
622.87,-97.50
622.90,-96.67
622.92,-100.68
622.95,-97.74
622.98,-99.32
623.00,-96.93
623.03,-93.74
623.06,-93.15
623.09,-93.45
623.11,-98.27
623.14,-104.42
623.17,-104.00
623.19,-105.74
623.22,-108.82
623.25,-106.60
623.28,-106.50
623.30,-99.91
623.33,-101.52
623.36,-101.77
623.38,-101.33
623.41,-103.97
623.44,-95.74
623.47,-95.45
623.49,-99.65
623.52,-106.04
623.55,-102.48
623.57,-91.31
623.60,-89.75
623.63,-90.81
623.66,-101.79
623.68,-102.89
623.71,-103.85
623.74,-104.01
623.76,-101.62
623.79,-97.13
623.82,-94.20
623.84,-94.54
623.87,-98.22
623.90,-105.26
623.93,-102.00
623.95,-102.31
623.98,-107.77
624.01,-99.41
624.03,-99.48
624.06,-102.43
624.09,-95.52
624.12,-94.50
624.14,-95.55
624.17,-101.39
624.20,-94.55
624.22,-94.50
624.25,-101.51
624.28,-100.93
624.31,-97.54
624.33,-98.02
624.36,-96.46
624.39,-91.14
624.41,-91.46
624.44,-102.77
624.47,-100.09
624.50,-98.12
624.52,-97.10
624.55,-97.31
624.55,-99.66
624.58,-100.08
624.60,-100.16
624.63,-97.57
624.66,-93.63
624.69,-91.63
624.71,-94.50
624.74,-94.22
624.77,-99.66
624.79,-101.48
624.82,-98.95
624.85,-99.16
624.88,-100.77
624.90,-98.14
624.93,-97.30
624.96,-98.64
624.98,-102.17
625.01,-95.73
625.04,-94.41
625.07,-94.60
625.09,-96.36
625.12,-95.92
625.15,-96.17
625.17,-100.88
625.20,-94.61
625.23,-93.33
625.26,-95.57
625.28,-97.47
625.31,-97.49
625.34,-96.96
625.36,-96.23
625.39,-97.13
625.42,-98.37
625.44,-95.45
625.47,-95.52
625.50,-102.30
625.53,-103.72
625.55,-103.67
625.58,-105.93
625.61,-101.58
625.63,-101.36
625.66,-98.27
625.69,-97.45
625.72,-101.62
625.74,-98.85
625.77,-98.39
625.80,-97.45
625.82,-100.59
625.85,-92.50
625.88,-93.78
625.91,-96.87
625.93,-100.47
625.96,-99.84
625.99,-97.47
626.01,-95.38
626.04,-98.83
626.07,-103.05
626.10,-102.67
626.12,-100.98
626.15,-97.83
626.18,-97.36
626.20,-98.10
626.23,-110.34
626.26,-105.82
626.29,-103.96
626.31,-101.34
626.34,-97.46
626.37,-91.56
626.39,-91.27
626.42,-90.98
626.45,-93.27
626.48,-97.46
626.50,-100.56
626.53,-101.27
626.56,-94.11
626.58,-94.00
626.61,-98.80
626.64,-100.20
626.67,-100.71
626.69,-92.70
626.72,-92.92
626.75,-103.24
626.77,-95.18
626.80,-92.17
626.83,-94.57
626.86,-99.60
626.88,-99.24
626.91,-101.00
626.94,-98.81
626.96,-95.18
626.99,-95.91
627.02,-96.95
627.04,-96.69
627.07,-106.62
627.10,-97.23
627.13,-96.98
627.15,-99.78
627.18,-104.00
627.21,-95.50
627.23,-95.52
627.26,-94.28
627.29,-91.55
627.32,-92.45
627.34,-94.54
627.37,-93.38
627.40,-93.76
627.42,-95.02
627.45,-97.85
627.48,-97.41
627.51,-97.43
627.53,-104.17
627.56,-101.85
627.59,-103.43
627.61,-99.29
627.64,-101.00
627.67,-94.21
627.70,-92.90
627.72,-93.27
627.75,-102.04
627.78,-103.34
627.80,-96.95
627.83,-95.89
627.86,-98.03
627.89,-98.05
627.91,-98.00
627.94,-96.93
627.97,-96.88
627.99,-99.66
628.02,-104.59
628.05,-104.14
628.08,-97.00
628.10,-96.00
628.13,-94.83
628.16,-98.03
628.18,-93.93
628.21,-93.49
628.24,-94.50
628.27,-98.36
628.29,-103.73
628.32,-97.55
628.35,-98.89
628.37,-99.23
628.40,-98.82
628.43,-98.42
628.46,-102.41
628.48,-99.49
628.51,-99.77
628.54,-102.68
628.56,-102.40
628.59,-102.80
628.62,-92.20
628.65,-88.79
628.67,-88.92
628.70,-94.90
628.73,-93.19
628.75,-93.96
628.78,-97.59
628.81,-96.43
628.83,-96.45
628.86,-103.81
628.89,-100.92
628.92,-104.69
628.94,-99.02
628.97,-98.52
629.00,-97.32
629.02,-95.34
629.05,-96.12
629.08,-99.09
629.11,-96.12
629.13,-98.54
629.16,-99.06
629.19,-102.58
629.21,-100.60
629.24,-100.92
629.27,-97.59
629.30,-95.51
629.32,-98.21
629.35,-97.72
629.38,-95.66
629.40,-94.59
629.43,-100.17
629.46,-94.76
629.49,-94.97
629.51,-99.90
629.54,-93.93
629.57,-93.98
629.59,-104.07
629.62,-101.11
629.65,-94.32
629.68,-94.87
629.70,-94.67
629.73,-94.33
629.76,-95.10
629.78,-98.86
629.81,-95.61
629.84,-97.88
629.87,-98.39
629.89,-99.82
629.92,-97.25
629.95,-97.97
629.97,-100.30
630.00,-100.21
630.03,-92.58
630.06,-91.63
630.08,-94.76
630.11,-96.92
630.14,-98.24
630.16,-101.94
630.19,-103.10
630.22,-96.22
630.25,-95.35
630.27,-102.48
630.30,-101.27
630.33,-99.37
630.35,-96.38
630.38,-91.24
630.41,-95.88
630.43,-97.53
630.46,-95.13
630.49,-95.29
630.52,-96.55
630.54,-92.52
630.57,-94.78
630.60,-101.99
630.62,-108.31
630.65,-98.27
630.68,-97.77
630.71,-98.07
630.73,-97.04
630.76,-97.01
630.79,-104.15
630.81,-104.71
630.84,-97.31
630.87,-94.47
630.90,-96.18
630.92,-99.49
630.95,-96.71
630.98,-95.88
631.00,-100.36
631.03,-94.89
631.06,-96.91
631.09,-91.81
631.11,-92.31
631.14,-96.96
631.17,-95.95
631.19,-97.25
631.22,-100.60
631.25,-99.43
631.28,-100.18
631.30,-100.51
631.33,-90.47
631.36,-90.02
631.38,-93.68
631.41,-100.88
631.44,-102.42
631.47,-102.04
631.49,-98.76
631.52,-101.69
631.55,-99.86
631.57,-99.29
631.60,-105.03
631.63,-99.65
631.66,-100.11
631.68,-94.26
631.71,-97.07
631.74,-98.57
631.76,-109.65
631.79,-101.65
631.82,-101.44
631.85,-98.38
631.87,-96.86
631.90,-99.32
631.93,-95.05
631.95,-94.87
631.98,-99.17
632.01,-98.11
632.03,-96.02
632.06,-95.90
632.09,-99.83
632.12,-99.82
632.14,-104.66
632.17,-93.86
632.20,-93.79
632.22,-94.98
632.25,-95.06
632.28,-98.52
632.31,-96.37
632.33,-93.74
632.36,-100.63
632.39,-99.99
632.41,-92.56
632.44,-92.14
632.47,-94.88
632.50,-95.34
632.52,-95.24
632.55,-95.15
632.58,-97.92
632.60,-101.09
632.63,-103.17
632.66,-101.47
632.69,-95.57
632.71,-94.06
632.74,-95.26
632.77,-102.87
632.79,-102.51
632.82,-109.09
632.85,-96.63
632.88,-96.37
632.90,-99.67
632.93,-91.46
632.96,-91.49
632.98,-96.26
633.01,-99.15
633.04,-99.19
633.07,-101.76
633.09,-97.91
633.12,-97.92
633.15,-97.37
633.17,-97.81
633.20,-98.62
633.23,-98.38
633.26,-98.37
633.28,-98.48
633.31,-106.61
633.34,-100.06
633.36,-98.00
633.39,-99.21
633.42,-100.04
633.45,-98.27
633.47,-97.10
633.50,-101.72
633.53,-97.30
633.55,-98.26
633.58,-96.67
633.61,-93.68
633.64,-94.40
633.66,-93.24
633.69,-94.95
633.72,-99.09
633.74,-97.84
633.77,-97.62
633.80,-99.29
633.82,-102.33
633.85,-96.99
633.88,-96.43
633.91,-98.83
633.93,-98.71
633.96,-101.77
633.99,-101.29
634.01,-96.56
634.04,-97.00
634.07,-103.31
634.10,-102.43
634.12,-103.36
634.15,-102.62
634.18,-98.30
634.20,-96.89
634.23,-94.10
634.26,-95.08
634.29,-97.19
634.31,-97.10
634.34,-94.62
634.37,-95.09
634.39,-96.04
634.42,-95.83
634.45,-96.65
634.48,-100.95
634.50,-100.00
634.53,-93.07
634.56,-93.03
634.58,-95.97
634.61,-103.17
634.64,-99.57
634.67,-100.86
634.69,-107.22
634.72,-103.06
634.75,-96.26
634.77,-95.74
634.80,-95.71
634.83,-100.26
634.86,-96.23
634.88,-95.86
634.91,-96.15
634.94,-104.77
634.96,-92.41
634.99,-94.02
635.02,-99.89
635.05,-103.23
635.07,-104.16
635.10,-99.26
635.13,-99.28
635.15,-99.04
635.18,-100.53
635.21,-105.44
635.24,-100.77
635.26,-100.93
635.29,-96.76
635.32,-97.20
635.34,-97.96
635.37,-97.18
635.40,-97.29
635.42,-94.98
635.45,-94.71
635.48,-95.94
635.51,-95.74
635.53,-96.07
635.56,-104.00
635.59,-105.46
635.61,-99.49
635.64,-96.07
635.67,-93.59
635.70,-93.09
635.72,-96.55
635.75,-103.17
635.78,-102.39
635.80,-100.53
635.83,-99.03
635.86,-99.48
635.89,-102.67
635.91,-101.95
635.94,-97.56
635.97,-96.85
635.99,-97.87
636.02,-101.51
636.05,-98.22
636.08,-96.39
636.10,-98.96
636.13,-94.70
636.16,-96.33
636.18,-98.59
636.21,-98.30
636.24,-98.49
636.27,-96.39
636.29,-105.45
636.32,-107.06
636.35,-105.72
636.37,-100.59
636.40,-100.66
636.43,-111.92
636.46,-103.62
636.48,-100.63
636.51,-97.74
636.54,-97.32
636.56,-98.76
636.59,-98.96
636.62,-100.62
636.65,-97.25
636.67,-94.79
636.70,-94.77
636.73,-95.71
636.75,-100.04
636.78,-104.25
636.81,-103.99
636.84,-100.42
636.86,-100.80
636.89,-94.60
636.92,-95.44
636.94,-94.28
636.97,-95.90
637.00,-101.29
637.02,-101.29
637.02,-102.87
637.05,-100.89
637.08,-103.78
637.11,-94.08
637.13,-93.84
637.16,-96.11
637.19,-103.34
637.21,-101.07
637.24,-99.60
637.27,-100.45
637.30,-97.81
637.32,-97.71
637.35,-100.56
637.38,-101.19
637.40,-101.15
637.43,-99.31
637.46,-98.38
637.49,-91.63
637.51,-91.56
637.54,-93.61
637.57,-93.51
637.59,-94.64
637.62,-94.02
637.65,-93.83
637.68,-94.58
637.70,-91.28
637.73,-87.70
637.76,-87.58
637.78,-88.99
637.81,-89.81
637.84,-101.71
637.87,-92.97
637.89,-88.16
637.92,-87.31
637.95,-92.00
637.97,-98.92
638.00,-94.02
638.03,-93.97
638.06,-97.76
638.08,-99.85
638.11,-90.65
638.14,-90.46
638.16,-91.35
638.19,-90.86
638.22,-94.45
638.25,-87.49
638.27,-87.21
638.30,-89.18
638.33,-88.01
638.35,-86.22
638.38,-89.26
638.41,-91.97
638.44,-92.01
638.46,-99.98
638.49,-97.41
638.52,-87.33
638.54,-87.51
638.57,-88.39
638.60,-87.97
638.63,-86.24
638.65,-86.18
638.68,-86.35
638.71,-86.17
638.73,-86.81
638.76,-86.55
638.79,-92.86
638.81,-89.34
638.84,-88.17
638.87,-89.11
638.90,-88.09
638.92,-89.70
638.95,-92.74
638.98,-91.72
639.00,-89.03
639.03,-88.08
639.06,-87.72
639.09,-91.81
639.11,-90.06
639.14,-87.71
639.17,-87.19
639.19,-90.89
639.22,-93.75
639.25,-95.55
639.28,-90.16
639.30,-90.14
639.33,-88.09
639.36,-89.76
639.38,-90.08
639.41,-86.99
639.44,-86.97
639.47,-93.44
639.49,-97.82
639.52,-97.23
639.55,-93.27
639.57,-93.98
639.60,-91.28
639.63,-90.83
639.66,-91.13
639.68,-89.12
639.71,-89.26
639.74,-90.01
639.76,-85.70
639.79,-86.19
639.82,-97.51
639.85,-90.47
639.87,-90.47
639.90,-91.80
639.93,-90.01
639.95,-89.84
639.98,-88.84
640.01,-88.68
640.04,-88.16
640.06,-89.54
640.09,-88.15
640.12,-86.25
640.14,-86.10
640.17,-85.50
640.20,-85.63
640.23,-90.08
640.25,-92.48
640.28,-89.17
640.31,-89.37
640.33,-93.26
640.36,-88.62
640.39,-87.73
640.41,-91.02
640.44,-86.76
640.47,-86.85
640.50,-96.55
640.52,-97.43
640.55,-104.33
640.58,-104.33
640.60,-91.75
640.63,-91.17
640.66,-93.54
640.69,-97.74
640.71,-88.38
640.74,-88.43
640.77,-94.20
640.79,-93.30
640.82,-94.11
640.85,-93.27
640.88,-89.57
640.90,-89.50
640.93,-87.30
640.96,-87.79
640.98,-95.61
641.01,-94.38
641.04,-89.65
641.07,-89.42
641.09,-96.09
641.12,-91.05
641.15,-86.38
641.17,-86.44
641.20,-91.44
641.23,-93.37
641.26,-94.05
641.28,-93.97
641.31,-90.91
641.34,-95.14
641.36,-96.89
641.39,-90.94
641.42,-90.68
641.45,-90.88
641.47,-90.82
641.50,-95.01
641.53,-91.43
641.55,-87.15
641.58,-89.89
641.61,-90.32
641.64,-92.11
641.66,-92.76
641.69,-96.75
641.72,-97.70
641.74,-91.38
641.77,-91.32
641.80,-94.07
641.83,-90.30
641.85,-89.37
641.88,-91.29
641.91,-90.23
641.93,-88.41
641.96,-88.60
641.99,-95.78
642.01,-96.37
642.04,-96.27
642.07,-89.58
642.10,-89.96
642.12,-98.50
642.15,-96.71
642.18,-96.55
642.20,-97.08
642.23,-97.42
642.26,-92.65
642.29,-89.31
642.31,-89.88
642.34,-92.42
642.37,-94.04
642.39,-96.91
642.42,-95.94
642.45,-95.88
642.48,-93.05
642.50,-89.46
642.53,-89.57
642.56,-92.15
642.58,-90.29
642.61,-89.87
642.64,-94.55
642.67,-95.76
642.69,-94.35
642.72,-95.45
642.75,-93.24
642.77,-95.84
642.80,-95.80
642.83,-95.85
642.86,-98.47
642.88,-91.51
642.91,-90.07
642.94,-92.95
642.96,-100.01
642.99,-95.97
643.02,-95.19
643.05,-93.71
643.07,-93.12
643.10,-90.45
643.13,-90.33
643.15,-94.56
643.18,-101.01
643.21,-99.91
643.24,-97.18
643.26,-97.39
643.29,-98.47
643.32,-99.01
643.34,-107.29
643.37,-106.73
643.40,-91.37
643.43,-89.91
643.45,-90.24
643.48,-90.21
643.51,-96.10
643.53,-97.43
643.56,-98.54
643.59,-95.09
643.62,-92.63
643.64,-93.57
643.67,-97.13
643.70,-91.86
643.72,-90.67
643.75,-96.03
643.78,-93.98
643.80,-91.47
643.83,-93.84
643.86,-88.86
643.89,-88.48
643.91,-88.89
643.94,-88.46
643.97,-93.12
643.99,-94.41
644.02,-94.37
644.05,-97.38
644.08,-91.86
644.10,-91.64
644.13,-93.48
644.16,-92.76
644.18,-98.05
644.21,-102.04
644.24,-94.20
644.27,-93.40
644.29,-97.96
644.32,-94.99
644.35,-94.77
644.37,-96.90
644.40,-96.29
644.43,-95.26
644.46,-95.87
644.48,-94.51
644.51,-94.69
644.54,-95.40
644.56,-95.27
644.59,-98.34
644.62,-99.86
644.65,-99.88
644.67,-100.99
644.70,-99.23
644.73,-99.22
644.75,-99.13
644.78,-99.12
644.81,-99.77
644.84,-99.98
644.86,-100.80
644.89,-99.21
644.92,-98.03
644.94,-100.23
644.97,-99.49
645.00,-99.54
645.03,-101.88
645.05,-101.18
645.08,-101.64
645.11,-100.87
645.13,-104.38
645.16,-103.92
645.19,-103.15
645.22,-104.23
645.24,-103.87
645.27,-108.11
645.30,-106.68
645.32,-98.76
645.35,-97.00
645.38,-100.42
645.40,-96.02
645.43,-96.52
645.46,-94.70
645.49,-97.34
645.51,-96.28
645.54,-93.60
645.57,-92.83
645.59,-93.85
645.62,-102.83
645.65,-98.50
645.68,-99.75
645.70,-98.41
645.73,-97.69
645.76,-94.99
645.78,-94.97
645.81,-98.73
645.84,-97.16
645.87,-97.51
645.89,-107.45
645.92,-100.22
645.95,-99.56
645.97,-96.20
646.00,-95.75
646.03,-95.03
646.06,-95.09
646.08,-101.20
646.11,-101.82
646.14,-94.92
646.16,-94.83
646.19,-99.98
646.22,-95.31
646.25,-95.23
646.27,-101.04
646.30,-100.12
646.33,-95.16
646.35,-93.80
646.38,-91.18
646.41,-91.72
646.44,-96.87
646.46,-102.55
646.49,-95.65
646.52,-95.46
646.54,-93.70
646.57,-91.53
646.60,-92.32
646.63,-94.95
646.65,-99.50
646.68,-104.00
646.71,-103.59
646.73,-100.17
646.76,-92.50
646.79,-103.37
646.82,-96.74
646.84,-91.51
646.87,-91.64
646.90,-99.71
646.92,-101.07
646.95,-106.30
646.98,-101.57
647.00,-95.83
647.03,-95.85
647.06,-103.15
647.09,-97.82
647.11,-98.45
647.14,-92.77
647.17,-91.58
647.19,-93.21
647.22,-91.05
647.25,-92.82
647.28,-101.01
647.30,-94.61
647.33,-93.45
647.36,-96.11
647.38,-95.98
647.41,-95.37
647.44,-93.56
647.47,-100.32
647.49,-95.26
647.52,-93.97
647.55,-97.03
647.57,-92.86
647.60,-93.16
647.63,-100.36
647.66,-100.22
647.68,-98.31
647.71,-97.57
647.74,-99.80
647.76,-100.59
647.79,-100.11
647.82,-93.58
647.85,-92.96
647.87,-93.63
647.90,-102.06
647.93,-102.77
647.95,-104.09
647.98,-98.39
648.01,-95.63
648.04,-93.62
648.06,-90.92
648.09,-105.82
648.12,-98.21
648.14,-98.20
648.17,-100.73
648.20,-106.55
648.23,-98.84
648.25,-98.87
648.28,-92.15
648.31,-91.87
648.33,-93.91
648.36,-96.18
648.39,-93.86
648.42,-93.88
648.44,-96.97
648.47,-97.03
648.50,-97.48
648.52,-97.20
648.55,-97.32
648.58,-99.71
648.61,-94.85
648.63,-93.88
648.66,-95.11
648.69,-96.65
648.71,-100.20
648.74,-99.58
648.77,-98.51
648.79,-100.53
648.82,-98.85
648.85,-100.08
648.88,-99.35
648.90,-97.67
648.93,-97.43
648.96,-93.55
648.98,-91.31
649.01,-92.58
649.04,-95.61
649.07,-94.82
649.09,-96.29
649.12,-100.48
649.15,-98.78
649.17,-96.38
649.20,-97.91
649.23,-94.43
649.26,-95.35
649.28,-95.15
649.31,-96.50
649.34,-93.60
649.36,-93.57
649.39,-91.88
649.42,-90.36
649.45,-90.85
649.47,-95.27
649.50,-95.79
649.50,-106.38
649.53,-103.41
649.55,-99.53
649.58,-99.17
649.61,-105.58
649.64,-107.10
649.66,-103.93
649.69,-99.02
649.72,-95.33
649.74,-95.95
649.77,-105.48
649.80,-96.75
649.83,-96.38
649.85,-98.60
649.88,-99.57
649.91,-100.07
649.93,-95.90
649.96,-94.81
649.99,-93.68
650.02,-93.66
650.04,-92.06
650.07,-90.35
650.10,-90.82
650.12,-98.11
650.15,-94.76
650.18,-98.32
650.21,-101.31
650.23,-101.40
650.26,-100.43
650.29,-98.58
650.31,-95.16
650.34,-95.08
650.37,-100.38
650.39,-98.28
650.42,-97.80
650.45,-103.65
650.48,-103.34
650.50,-102.64
650.53,-95.86
650.56,-95.66
650.58,-102.34
650.61,-101.65
650.64,-104.56
650.67,-103.82
650.69,-105.09
650.72,-102.20
650.75,-95.87
650.77,-94.62
650.80,-98.66
650.83,-96.02
650.86,-96.50
650.88,-97.25
650.91,-98.14
650.94,-101.59
650.96,-98.28
650.99,-98.50
651.02,-100.70
651.05,-93.21
651.07,-93.10
651.10,-99.07
651.13,-100.81
651.15,-95.24
651.18,-95.16
651.21,-93.49
651.24,-94.81
651.26,-96.24
651.29,-93.59
651.32,-94.11
651.34,-100.73
651.37,-92.53
651.40,-92.06
651.43,-94.43
651.45,-92.56
651.48,-92.67
651.51,-97.41
651.53,-98.99
651.56,-100.11
651.59,-106.27
651.62,-101.88
651.64,-99.51
651.67,-101.43
651.70,-103.32
651.72,-101.87
651.75,-94.88
651.78,-96.35
651.81,-93.06
651.83,-94.12
651.86,-99.56
651.89,-97.53
651.91,-95.36
651.94,-95.35
651.97,-99.09
652.00,-103.01
652.02,-96.01
652.05,-94.33
652.08,-93.96
652.10,-93.89
652.13,-95.57
652.16,-94.25
652.18,-95.07
652.21,-99.73
652.24,-94.31
652.27,-94.66
652.29,-102.88
652.32,-93.81
652.35,-93.63
652.37,-97.53
652.40,-95.09
652.43,-96.23
652.46,-102.92
652.48,-97.06
652.51,-97.12
652.54,-99.08
652.56,-100.31
652.59,-107.90
652.62,-100.11
652.65,-100.29
652.67,-104.31
652.70,-103.15
652.73,-101.68
652.75,-96.03
652.78,-98.15
652.81,-99.50
652.84,-95.45
652.86,-93.99
652.89,-94.99
652.92,-97.03
652.94,-94.28
652.97,-94.45
653.00,-97.45
653.03,-93.19
653.05,-93.43
653.08,-94.22
653.11,-92.54
653.13,-94.44
653.16,-96.01
653.19,-95.62
653.22,-98.50
653.24,-101.20
653.27,-106.28
653.30,-102.88
653.32,-100.01
653.35,-100.81
653.38,-96.84
653.41,-94.16
653.43,-94.89
653.46,-94.04
653.49,-95.07
653.51,-96.99
653.54,-97.21
653.57,-98.26
653.60,-94.52
653.62,-94.37
653.65,-95.40
653.68,-97.99
653.70,-93.11
653.73,-93.45
653.76,-94.86
653.78,-94.91
653.81,-102.72
653.84,-101.43
653.87,-101.06
653.89,-101.06
653.92,-95.62
653.95,-95.93
653.97,-105.48
654.00,-95.64
654.03,-95.51
654.06,-99.81
654.08,-101.24
654.11,-98.91
654.14,-91.29
654.16,-89.48
654.19,-89.94
654.22,-96.88
654.25,-97.70
654.27,-98.42
654.30,-102.49
654.33,-98.22
654.35,-98.28
654.38,-102.19
654.41,-99.08
654.44,-99.91
654.46,-95.73
654.49,-98.64
654.52,-95.43
654.54,-94.44
654.57,-94.42
654.60,-101.26
654.63,-99.61
654.65,-100.95
654.68,-96.03
654.71,-91.99
654.73,-94.19
654.76,-103.93
654.79,-95.49
654.82,-95.53
654.84,-95.54
654.87,-92.96
654.90,-92.32
654.92,-95.22
654.95,-101.70
654.98,-94.08
655.01,-94.04
655.03,-101.66
655.06,-101.03
655.09,-98.40
655.11,-94.91
655.14,-94.72
655.17,-95.80
655.20,-96.92
655.22,-102.95
655.25,-103.06
655.28,-97.56
655.30,-96.18
655.33,-97.78
655.36,-99.77
655.38,-98.82
655.41,-98.07
655.44,-98.34
655.47,-101.38
655.49,-105.92
655.52,-101.28
655.55,-101.67
655.57,-95.15
655.60,-95.11
655.63,-97.92
655.66,-93.47
655.68,-94.45
655.71,-97.85
655.74,-97.94
655.76,-96.31
655.79,-97.87
655.82,-95.61
655.85,-92.03
655.87,-93.01
655.90,-98.35
655.93,-94.31
655.95,-95.00
655.98,-98.29
656.01,-90.69
656.04,-89.97
656.06,-94.97
656.09,-105.88
656.12,-99.14
656.14,-98.46
656.17,-101.59
656.20,-102.32
656.23,-103.26
656.25,-96.97
656.28,-94.64
656.31,-98.25
656.33,-98.92
656.36,-100.52
656.39,-95.82
656.42,-94.47
656.44,-94.52
656.47,-102.91
656.50,-103.06
656.52,-96.18
656.55,-96.29
656.58,-103.06
656.61,-100.53
656.63,-94.68
656.66,-95.99
656.69,-94.19
656.71,-93.99
656.74,-99.95
656.77,-106.12
656.80,-95.09
656.82,-95.03
656.85,-99.56
656.88,-96.81
656.90,-96.48
656.93,-95.68
656.96,-95.80
656.99,-104.02
657.01,-99.14
657.04,-97.08
657.07,-99.11
657.09,-113.61
657.12,-97.55
657.15,-94.93
657.17,-96.50
657.20,-98.26
657.23,-92.04
657.26,-92.52
657.28,-108.37
657.31,-100.38
657.34,-105.14
657.36,-109.80
657.39,-99.43
657.42,-98.62
657.45,-99.62
657.47,-96.46
657.50,-96.37
657.53,-101.56
657.55,-96.87
657.58,-97.36
657.61,-98.89
657.64,-98.65
657.66,-100.22
657.69,-103.94
657.72,-94.69
657.74,-94.89
657.77,-98.84
657.80,-98.03
657.83,-94.82
657.85,-97.66
657.88,-98.46
657.91,-98.42
657.93,-97.44
657.96,-99.72
657.99,-102.32
658.02,-98.51
658.04,-98.83
658.07,-96.33
658.10,-96.30
658.12,-99.48
658.15,-98.87
658.18,-99.43
658.21,-96.32
658.23,-96.52
658.26,-98.55
658.29,-101.83
658.31,-95.49
658.34,-95.50
658.37,-96.66
658.40,-96.54
658.42,-97.04
658.45,-95.70
658.48,-95.15
658.50,-99.86
658.53,-96.92
658.56,-97.81
658.59,-94.91
658.61,-98.93
658.64,-95.94
658.67,-95.72
658.69,-97.12
658.72,-95.83
658.75,-97.32
658.77,-100.87
658.80,-100.88
658.83,-97.32
658.86,-96.78
658.88,-99.11
658.91,-95.03
658.94,-95.11
658.96,-99.47
658.99,-99.61
659.02,-101.09
659.05,-99.20
659.07,-97.76
659.10,-98.59
659.13,-114.80
659.15,-96.66
659.18,-95.02
659.21,-98.88
659.24,-107.08
659.26,-99.52
659.29,-93.10
659.32,-93.40
659.34,-100.96
659.37,-100.19
659.40,-97.93
659.43,-98.17
659.45,-97.67
659.48,-100.74
659.51,-98.88
659.53,-101.88
659.56,-101.97
659.59,-101.70
659.62,-95.93
659.64,-92.05
659.67,-92.49
659.70,-100.55
659.72,-94.91
659.75,-91.38
659.78,-91.51
659.81,-99.79
659.83,-96.91
659.86,-96.92
659.89,-98.95
659.91,-95.79
659.94,-96.56
659.97,-99.87
660.00,-97.02
660.02,-98.00
660.05,-98.48
660.08,-97.67
660.10,-102.96
660.13,-101.09
660.16,-95.53
660.19,-94.67
660.21,-96.70
660.24,-98.88
660.27,-99.79
660.29,-99.78
660.32,-96.19
660.35,-95.93
660.37,-95.85
660.40,-92.91
660.43,-95.50
660.46,-100.76
660.48,-99.90
660.51,-100.40
660.54,-96.99
660.56,-98.80
660.59,-99.21
660.62,-97.75
660.65,-99.49
660.67,-97.23
660.70,-96.02
660.73,-95.17
660.75,-99.15
660.78,-100.02
660.81,-105.16
660.84,-107.82
660.86,-105.97
660.89,-98.08
660.92,-98.04
660.94,-98.37
660.97,-101.66
661.00,-105.22
661.03,-100.42
661.05,-98.00
661.08,-98.02
661.11,-96.19
661.13,-96.66
661.16,-103.39
661.19,-107.15
661.22,-101.13
661.24,-98.34
661.27,-100.66
661.30,-100.92
661.32,-100.55
661.35,-99.69
661.38,-97.29
661.41,-97.02
661.43,-97.00
661.46,-95.50
661.49,-100.73
661.51,-101.02
661.54,-101.41
661.57,-95.64
661.60,-96.05
661.62,-94.21
661.65,-95.29
661.68,-105.72
661.70,-99.99
661.73,-99.09
661.76,-99.24
661.79,-96.79
661.81,-97.03
661.84,-99.41
661.87,-96.86
661.89,-96.87
661.92,-97.44
661.95,-101.13
661.98,-101.42
661.98,-96.40
662.00,-96.21
662.03,-93.06
662.06,-93.88
662.08,-94.05
662.11,-97.49
662.14,-97.80
662.16,-95.05
662.19,-92.48
662.22,-93.10
662.25,-95.68
662.27,-96.26
662.30,-97.59
662.33,-99.92
662.35,-102.79
662.38,-97.51
662.41,-94.04
662.44,-95.66
662.46,-99.47
662.49,-100.73
662.52,-103.40
662.54,-96.89
662.57,-95.94
662.60,-97.72
662.63,-99.18
662.65,-96.87
662.68,-95.27
662.71,-94.87
662.73,-92.38
662.76,-93.76
662.79,-99.70
662.82,-95.71
662.84,-96.01
662.87,-97.96
662.90,-102.58
662.92,-100.92
662.95,-100.90
662.98,-102.83
663.01,-93.85
663.03,-92.28
663.06,-91.64
663.09,-91.33
663.11,-91.99
663.14,-92.46
663.17,-94.31
663.20,-94.60
663.22,-97.14
663.25,-93.88
663.28,-100.15
663.30,-96.42
663.33,-93.43
663.36,-93.61
663.39,-92.34
663.41,-93.10
663.44,-101.90
663.47,-98.57
663.49,-97.75
663.52,-99.71
663.55,-95.45
663.58,-96.41
663.60,-100.62
663.63,-98.26
663.66,-100.57
663.68,-98.93
663.71,-96.81
663.74,-96.05
663.76,-95.13
663.79,-92.73
663.82,-92.70
663.85,-96.84
663.87,-96.90
663.90,-99.73
663.93,-96.66
663.95,-96.75
663.98,-96.44
664.01,-99.68
664.04,-98.70
664.06,-99.33
664.09,-97.80
664.12,-99.00
664.14,-99.35
664.17,-94.71
664.20,-93.79
664.23,-92.97
664.25,-93.22
664.28,-97.93
664.31,-96.80
664.33,-96.85
664.36,-95.92
664.39,-96.13
664.42,-93.64
664.44,-93.62
664.47,-92.64
664.50,-93.36
664.52,-98.51
664.55,-96.60
664.58,-95.69
664.61,-97.55
664.63,-95.00
664.66,-93.96
664.69,-95.75
664.71,-93.47
664.74,-94.04
664.77,-96.08
664.80,-95.70
664.82,-96.87
664.85,-95.15
664.88,-94.82
664.90,-101.69
664.93,-94.53
664.96,-94.65
664.99,-99.91
665.01,-97.07
665.04,-96.69
665.07,-101.72
665.09,-96.89
665.12,-97.03
665.15,-96.05
665.18,-95.27
665.20,-93.08
665.23,-99.46
665.26,-98.81
665.28,-93.25
665.31,-93.22
665.34,-100.58
665.36,-104.45
665.39,-99.17
665.42,-99.12
665.45,-97.95
665.47,-97.24
665.50,-100.53
665.53,-101.57
665.55,-99.77
665.58,-99.12
665.61,-102.98
665.64,-100.36
665.66,-96.03
665.69,-95.29
665.72,-96.17
665.74,-92.50
665.77,-92.45
665.80,-94.40
665.83,-96.53
665.85,-98.01
665.88,-93.08
665.91,-93.32
665.93,-95.14
665.96,-96.63
665.99,-96.55
666.02,-100.37
666.04,-110.64
666.07,-99.03
666.10,-98.20
666.12,-99.51
666.15,-99.57
666.18,-100.84
666.21,-91.04
666.23,-89.95
666.26,-91.25
666.29,-100.64
666.31,-99.83
666.34,-98.32
666.37,-97.92
666.40,-95.15
666.42,-92.46
666.45,-94.43
666.48,-95.26
666.50,-95.41
666.53,-94.07
666.56,-97.55
666.59,-97.68
666.61,-101.37
666.64,-100.81
666.67,-96.04
666.69,-96.12
666.72,-100.50
666.75,-100.82
666.78,-102.81
666.80,-94.86
666.83,-94.08
666.86,-98.11
666.88,-94.94
666.91,-93.72
666.94,-93.61
666.97,-93.77
666.99,-90.58
667.02,-90.50
667.05,-91.81
667.07,-95.01
667.10,-96.03
667.13,-94.89
667.15,-93.91
667.18,-94.42
667.21,-92.83
667.24,-93.22
667.26,-95.63
667.29,-97.46
667.32,-93.36
667.34,-93.55
667.37,-93.55
667.40,-92.33
667.43,-91.72
667.45,-91.31
667.48,-93.38
667.51,-100.93
667.53,-94.13
667.56,-93.80
667.59,-92.50
667.62,-91.10
667.64,-91.32
667.67,-94.24
667.70,-98.98
667.72,-96.00
667.75,-92.42
667.78,-90.23
667.81,-90.25
667.83,-94.06
667.86,-96.33
667.89,-97.29
667.91,-92.77
667.94,-91.50
667.97,-91.92
668.00,-92.79
668.02,-93.17
668.05,-95.08
668.08,-93.22
668.10,-90.09
668.13,-94.55
668.16,-82.09
668.19,-69.83
668.21,-69.45
668.24,-75.38
668.27,-89.62
668.29,-92.94
668.32,-94.83
668.35,-98.13
668.38,-93.45
668.40,-93.59
668.43,-92.05
668.46,-91.86
668.48,-92.17
668.51,-92.88
668.54,-97.00
668.57,-92.23
668.59,-91.41
668.62,-92.89
668.65,-93.97
668.67,-94.38
668.70,-95.40
668.73,-95.00
668.75,-92.80
668.78,-93.26
668.81,-96.74
668.84,-91.99
668.86,-88.52
668.89,-87.68
668.92,-87.69
668.94,-89.34
668.97,-92.01
669.00,-91.87
669.03,-93.09
669.05,-93.72
669.08,-98.71
669.11,-97.85
669.13,-101.12
669.16,-96.61
669.19,-94.12
669.22,-94.04
669.24,-95.01
669.27,-93.65
669.30,-92.73
669.32,-94.34
669.35,-104.51
669.38,-102.48
669.41,-99.22
669.43,-98.06
669.46,-97.08
669.49,-97.56
669.51,-96.30
669.54,-97.26
669.57,-97.44
669.60,-96.62
669.62,-96.48
669.65,-95.52
669.68,-98.19
669.70,-95.17
669.73,-95.24
669.76,-98.30
669.79,-97.07
669.81,-93.57
669.84,-93.17
669.87,-93.90
669.89,-93.92
669.92,-93.77
669.95,-92.56
669.98,-95.97
670.00,-91.71
670.03,-91.71
670.06,-99.76
670.08,-103.90
670.11,-96.33
670.14,-95.55
670.17,-95.98
670.19,-94.89
670.22,-94.79
670.25,-94.70
670.27,-92.40
670.30,-93.89
670.33,-93.99
670.35,-93.52
670.38,-94.39
670.41,-98.55
670.44,-100.00
670.46,-100.05
670.49,-99.41
670.52,-96.92
670.54,-98.10
670.57,-99.94
670.60,-97.83
670.63,-94.86
670.65,-91.57
670.68,-92.39
670.71,-94.45
670.73,-95.69
670.76,-101.86
670.79,-98.33
670.82,-99.11
670.84,-96.65
670.87,-94.88
670.90,-94.96
670.92,-95.02
670.95,-100.40
670.98,-97.77
671.01,-95.69
671.03,-97.76
671.06,-101.18
671.09,-95.73
671.11,-94.76
671.14,-94.79
671.17,-95.22
671.20,-96.55
671.22,-96.37
671.25,-95.99
671.28,-100.39
671.30,-97.69
671.33,-96.51
671.36,-98.71
671.39,-96.95
671.41,-96.34
671.44,-96.31
671.47,-97.59
671.49,-92.95
671.52,-92.99
671.55,-96.29
671.58,-96.36
671.60,-95.78
671.63,-95.39
671.66,-99.43
671.68,-100.03
671.71,-99.83
671.74,-94.19
671.77,-91.98
671.79,-93.38
671.82,-95.89
671.85,-96.59
671.87,-96.56
671.90,-94.87
671.93,-92.36
671.96,-92.43
671.98,-95.26
672.01,-95.22
672.04,-97.53
672.06,-92.19
672.09,-92.09
672.12,-97.29
672.14,-96.71
672.17,-95.45
672.20,-95.49
672.23,-99.94
672.25,-96.16
672.28,-96.19
672.31,-97.78
672.33,-102.96
672.36,-97.47
672.39,-91.94
672.42,-91.80
672.44,-95.75
672.47,-97.90
672.50,-103.89
672.52,-98.50
672.55,-97.47
672.58,-97.96
672.61,-95.51
672.63,-95.38
672.66,-99.19
672.69,-97.71
672.71,-100.20
672.74,-100.71
672.77,-102.09
672.80,-101.52
672.82,-101.06
672.85,-97.66
672.88,-94.76
672.90,-92.34
672.93,-92.68
672.96,-98.41
672.99,-98.74
673.01,-103.19
673.04,-93.30
673.07,-92.37
673.09,-94.48
673.12,-94.22
673.15,-94.80
673.18,-98.73
673.20,-94.49
673.23,-92.12
673.26,-92.94
673.28,-96.09
673.31,-92.36
673.34,-91.83
673.37,-91.82
673.39,-93.97
673.42,-97.18
673.45,-97.12
673.47,-96.86
673.50,-94.04
673.53,-94.54
673.56,-98.05
673.58,-98.11
673.61,-98.36
673.64,-99.76
673.66,-95.44
673.69,-95.48
673.72,-93.79
673.74,-94.57
673.77,-94.78
673.80,-94.85
673.83,-95.25
673.85,-97.96
673.88,-96.06
673.91,-96.32
673.93,-96.27
673.96,-95.35
673.99,-95.27
674.02,-101.12
674.04,-102.56
674.07,-94.75
674.10,-94.60
674.12,-95.27
674.15,-96.06
674.18,-95.90
674.21,-103.13
674.23,-97.60
674.26,-97.36
674.29,-96.26
674.31,-96.55
674.34,-93.32
674.37,-94.39
674.40,-95.97
674.42,-98.43
674.45,-96.10
674.45,-98.16
674.48,-103.38
674.50,-95.83
674.53,-91.27
674.56,-90.70
674.59,-93.16
674.61,-102.77
674.64,-97.45
674.67,-92.75
674.69,-92.78
674.72,-97.01
674.75,-97.36
674.78,-95.77
674.80,-95.79
674.83,-99.04
674.86,-95.93
674.88,-99.40
674.91,-103.60
674.94,-100.66
674.97,-96.88
674.99,-94.81
675.02,-95.74
675.05,-101.14
675.07,-102.30
675.10,-95.37
675.13,-95.42
675.16,-99.32
675.18,-97.93
675.21,-96.61
675.24,-103.19
675.26,-102.28
675.29,-96.06
675.32,-96.05
675.34,-102.26
675.37,-98.69
675.40,-98.45
675.43,-102.55
675.45,-101.60
675.48,-97.22
675.51,-96.83
675.53,-95.78
675.56,-99.26
675.59,-98.98
675.62,-97.34
675.64,-96.68
675.67,-100.33
675.70,-99.81
675.72,-98.66
675.75,-98.39
675.78,-96.74
675.81,-94.13
675.83,-91.78
675.86,-92.28
675.89,-101.13
675.91,-99.59
675.94,-99.81
675.97,-100.30
676.00,-103.88
676.02,-99.13
676.05,-98.89
676.08,-95.01
676.10,-93.23
676.13,-95.16
676.16,-97.87
676.19,-101.03
676.21,-105.44
676.24,-105.47
676.27,-97.06
676.29,-95.57
676.32,-97.34
676.35,-96.09
676.38,-97.27
676.40,-95.23
676.43,-98.39
676.46,-99.51
676.48,-99.86
676.51,-102.33
676.54,-102.29
676.57,-100.65
676.59,-97.24
676.62,-97.00
676.65,-99.59
676.67,-97.68
676.70,-97.25
676.73,-97.12
676.76,-96.63
676.78,-96.21
676.81,-100.74
676.84,-101.01
676.86,-93.89
676.89,-91.67
676.92,-91.67
676.95,-95.67
676.97,-100.18
677.00,-100.57
677.03,-97.28
677.05,-99.04
677.08,-96.51
677.11,-97.54
677.13,-94.53
677.16,-92.67
677.19,-92.64
677.22,-96.69
677.24,-93.24
677.27,-91.01
677.30,-91.97
677.32,-95.63
677.35,-97.22
677.38,-96.80
677.41,-98.54
677.43,-99.45
677.46,-99.64
677.49,-96.85
677.51,-95.90
677.54,-92.08
677.57,-93.17
677.60,-96.76
677.62,-96.18
677.65,-95.45
677.68,-99.94
677.70,-94.53
677.73,-101.69
677.76,-101.91
677.79,-99.91
677.81,-94.77
677.84,-94.19
677.87,-96.92
677.89,-102.15
677.92,-99.05
677.95,-98.57
677.98,-97.99
678.00,-95.00
678.03,-93.90
678.06,-96.39
678.08,-100.47
678.11,-99.89
678.14,-98.89
678.17,-101.72
678.19,-98.27
678.22,-98.31
678.25,-102.15
678.27,-103.48
678.30,-105.96
678.33,-104.98
678.36,-100.60
678.38,-96.48
678.41,-96.51
678.44,-94.77
678.46,-94.58
678.49,-97.88
678.52,-96.66
678.55,-97.73
678.57,-97.10
678.60,-95.64
678.63,-95.13
678.65,-104.32
678.68,-98.54
678.71,-98.32
678.73,-97.34
678.76,-97.75
678.79,-106.46
678.82,-110.97
678.84,-103.54
678.87,-96.57
678.90,-94.02
678.92,-94.95
678.95,-104.39
678.98,-96.41
679.01,-106.87
679.03,-100.68
679.06,-99.76
679.09,-102.76
679.11,-100.40
679.14,-97.90
679.17,-94.41
679.20,-93.02
679.22,-93.02
679.25,-93.77
679.28,-108.69
679.30,-110.20
679.33,-110.67
679.36,-102.44
679.39,-102.30
679.41,-99.16
679.44,-95.59
679.47,-95.78
679.49,-95.96
679.52,-96.69
679.55,-101.41
679.58,-98.84
679.60,-100.10
679.63,-96.41
679.66,-101.19
679.68,-98.80
679.71,-99.46
679.74,-98.45
679.77,-95.21
679.79,-95.91
679.82,-100.63
679.85,-99.31
679.87,-95.04
679.90,-93.56
679.93,-93.91
679.96,-92.53
679.98,-92.52
680.01,-95.75
680.04,-92.78
680.06,-92.42
680.09,-90.33
680.12,-89.93
680.15,-91.99
680.17,-96.58
680.20,-98.52
680.23,-100.48
680.25,-101.59
680.28,-98.30
680.31,-92.75
680.33,-93.21
680.36,-93.60
680.39,-96.12
680.42,-107.90
680.44,-98.46
680.47,-98.22
680.50,-97.47
680.52,-96.95
680.55,-97.36
680.58,-95.43
680.61,-95.69
680.63,-99.44
680.66,-101.69
680.69,-97.27
680.71,-93.89
680.74,-93.80
680.77,-94.17
680.80,-94.85
680.82,-93.73
680.85,-93.43
680.88,-92.12
680.90,-91.50
680.93,-95.63
680.96,-109.32
680.99,-98.99
681.01,-99.32
681.04,-94.35
681.07,-91.04
681.09,-92.93
681.12,-98.45
681.15,-95.69
681.18,-98.65
681.20,-97.23
681.23,-94.13
681.26,-96.70
681.28,-95.17
681.31,-94.16
681.34,-104.28
681.37,-100.47
681.39,-100.93
681.42,-102.59
681.45,-102.36
681.47,-108.77
681.50,-106.49
681.53,-98.87
681.56,-97.65
681.58,-101.35
681.61,-103.82
681.64,-103.78
681.66,-115.20
681.69,-100.41
681.72,-98.92
681.75,-101.77
681.77,-105.30
681.80,-104.20
681.83,-100.63
681.85,-96.40
681.88,-99.19
681.91,-97.44
681.93,-97.06
681.96,-91.99
681.99,-91.57
682.02,-96.61
682.04,-96.05
682.07,-98.37
682.10,-95.46
682.12,-93.82
682.15,-93.91
682.18,-101.13
682.21,-100.61
682.23,-95.26
682.26,-100.98
682.29,-100.11
682.31,-94.52
682.34,-93.66
682.37,-99.00
682.40,-96.16
682.42,-96.08
682.45,-103.89
682.48,-97.71
682.50,-93.21
682.53,-93.09
682.56,-95.32
682.59,-98.66
682.61,-101.28
682.64,-92.95
682.67,-92.87
682.69,-94.68
682.72,-101.21
682.75,-98.73
682.78,-101.13
682.80,-95.00
682.83,-95.17
682.86,-99.84
682.88,-90.07
682.91,-96.65
682.94,-100.03
682.97,-96.48
682.99,-98.56
683.02,-103.24
683.05,-97.88
683.07,-96.95
683.10,-96.36
683.13,-96.90
683.16,-98.00
683.18,-99.15
683.21,-99.52
683.24,-101.59
683.26,-97.87
683.29,-92.86
683.32,-93.64
683.35,-101.06
683.37,-99.32
683.40,-102.04
683.43,-103.16
683.45,-98.48
683.48,-99.65
683.51,-105.75
683.54,-97.68
683.56,-97.83
683.59,-99.57
683.62,-96.94
683.64,-95.62
683.67,-95.19
683.70,-94.53
683.72,-97.48
683.75,-106.75
683.78,-98.12
683.81,-97.99
683.83,-98.88
683.86,-97.62
683.89,-101.30
683.91,-97.78
683.94,-95.27
683.97,-96.54
684.00,-98.17
684.02,-97.66
684.05,-97.88
684.08,-94.83
684.10,-98.33
684.13,-96.07
684.16,-93.72
684.19,-97.18
684.21,-100.18
684.24,-97.64
684.27,-98.54
684.29,-100.86
684.32,-100.94
684.35,-103.45
684.38,-103.75
684.40,-98.58
684.43,-98.61
684.46,-104.26
684.48,-96.95
684.51,-97.30
684.54,-91.28
684.57,-90.52
684.59,-94.55
684.62,-98.08
684.65,-91.58
684.67,-92.58
684.70,-96.69
684.73,-96.74
684.76,-100.17
684.78,-99.31
684.81,-97.31
684.84,-100.61
684.86,-101.56
684.89,-98.03
684.92,-96.83
684.95,-97.53
684.97,-97.21
685.00,-97.23
685.03,-98.90
685.05,-98.68
685.08,-98.08
685.11,-97.34
685.14,-101.36
685.16,-99.35
685.19,-98.78
685.22,-96.41
685.24,-96.44
685.27,-99.73
685.30,-101.28
685.32,-106.28
685.35,-97.81
685.38,-93.59
685.41,-93.61
685.43,-95.89
685.46,-96.48
685.49,-94.56
685.51,-104.42
685.54,-103.45
685.57,-101.33
685.60,-97.05
685.62,-97.19
685.65,-101.20
685.68,-96.88
685.70,-96.38
685.73,-97.81
685.76,-95.24
685.79,-95.81
685.81,-98.05
685.84,-92.98
685.87,-93.03
685.89,-97.18
685.92,-97.27
685.95,-111.37
685.98,-108.37
686.00,-105.22
686.03,-103.13
686.06,-99.27
686.08,-99.89
686.11,-95.69
686.14,-94.95
686.17,-91.83
686.19,-98.30
686.22,-95.55
686.25,-95.51
686.27,-102.44
686.30,-106.60
686.33,-95.14
686.36,-93.89
686.38,-95.32
686.41,-95.57
686.44,-102.07
686.46,-104.79
686.49,-98.69
686.52,-96.79
686.55,-95.16
686.57,-95.32
686.60,-92.44
686.63,-90.09
686.65,-90.41
686.68,-97.36
686.71,-93.05
686.74,-92.91
686.76,-97.22
686.79,-93.48
686.82,-93.68
686.84,-92.16
686.87,-96.02
686.90,-95.97
686.92,-97.10
686.92,-95.88
686.95,-96.66
686.98,-99.13
687.01,-96.13
687.03,-97.29
687.06,-96.44
687.09,-96.47
687.11,-98.60
687.14,-97.19
687.17,-93.31
687.20,-92.63
687.22,-96.66
687.25,-98.74
687.28,-100.02
687.30,-98.88
687.33,-96.02
687.36,-96.16
687.39,-96.52
687.41,-96.80
687.44,-100.25
687.47,-95.85
687.49,-92.50
687.52,-91.84
687.55,-94.24
687.58,-99.63
687.60,-95.76
687.63,-96.37
687.66,-100.00
687.68,-100.33
687.71,-99.24
687.74,-96.80
687.77,-94.78
687.79,-95.08
687.82,-94.59
687.85,-98.16
687.87,-95.65
687.90,-91.29
687.93,-91.30
687.96,-96.28
687.98,-96.05
688.01,-95.99
688.04,-96.46
688.06,-103.91
688.09,-95.92
688.12,-96.00
688.15,-95.59
688.17,-96.90
688.20,-96.81
688.23,-95.01
688.25,-93.04
688.28,-93.39
688.31,-95.39
688.34,-95.72
688.36,-94.80
688.39,-94.78
688.42,-99.09
688.44,-99.34
688.47,-101.76
688.50,-100.49
688.53,-95.82
688.55,-94.94
688.58,-93.13
688.61,-93.40
688.63,-96.27
688.66,-100.70
688.69,-101.50
688.71,-99.56
688.74,-95.32
688.77,-95.06
688.80,-96.29
688.82,-96.35
688.85,-94.94
688.88,-97.83
688.90,-96.39
688.93,-97.31
688.96,-99.36
688.99,-104.91
689.01,-102.00
689.04,-99.44
689.07,-96.22
689.09,-94.96
689.12,-95.60
689.15,-98.95
689.18,-91.88
689.20,-91.91
689.23,-93.63
689.26,-95.58
689.28,-95.55
689.31,-93.44
689.34,-92.98
689.37,-94.87
689.39,-93.72
689.42,-95.55
689.45,-96.15
689.47,-99.40
689.50,-99.41
689.53,-96.35
689.56,-99.67
689.58,-98.82
689.61,-95.97
689.64,-95.13
689.66,-93.30
689.69,-93.18
689.72,-92.95
689.75,-92.91
689.77,-91.59
689.80,-93.19
689.83,-98.87
689.85,-99.19
689.88,-94.33
689.91,-94.40
689.94,-98.75
689.96,-96.58
689.99,-95.05
690.02,-94.44
690.04,-94.46
690.07,-96.11
690.10,-97.64
690.13,-100.80
690.15,-98.31
690.18,-96.05
690.21,-96.16
690.23,-93.73
690.26,-93.56
690.29,-95.59
690.31,-96.96
690.34,-96.79
690.37,-91.89
690.40,-91.54
690.42,-93.12
690.45,-94.61
690.48,-94.21
690.50,-94.53
690.53,-94.00
690.56,-99.74
690.59,-97.30
690.61,-95.68
690.64,-97.19
690.67,-97.78
690.69,-95.28
690.72,-95.51
690.75,-95.84
690.78,-95.81
690.80,-96.57
690.83,-100.38
690.86,-99.98
690.88,-96.00
690.91,-95.72
690.94,-100.48
690.97,-102.99
690.99,-101.48
691.02,-95.56
691.05,-95.56
691.07,-100.02
691.10,-98.51
691.13,-94.90
691.16,-94.50
691.18,-94.87
691.21,-96.67
691.24,-98.10
691.26,-103.79
691.29,-97.41
691.32,-92.34
691.35,-92.60
691.37,-96.76
691.40,-93.40
691.43,-93.44
691.45,-94.70
691.48,-93.82
691.51,-94.80
691.54,-94.62
691.56,-94.17
691.59,-94.72
691.62,-94.92
691.64,-94.97
691.67,-99.32
691.70,-98.95
691.73,-95.68
691.75,-94.72
691.78,-93.21
691.81,-94.28
691.83,-95.23
691.86,-96.47
691.89,-97.10
691.91,-97.78
691.94,-98.83
691.97,-93.69
692.00,-94.32
692.02,-97.13
692.05,-102.17
692.08,-106.51
692.10,-97.37
692.13,-89.14
692.16,-92.92
692.19,-93.68
692.21,-94.45
692.24,-94.55
692.27,-93.99
692.29,-95.93
692.32,-98.01
692.35,-95.21
692.38,-93.94
692.40,-95.47
692.43,-95.98
692.46,-92.22
692.48,-92.36
692.51,-93.78
692.54,-95.96
692.57,-94.32
692.59,-93.12
692.62,-91.11
692.65,-90.91
692.67,-92.53
692.70,-95.20
692.73,-92.03
692.76,-88.48
692.78,-92.95
692.81,-93.69
692.84,-96.15
692.86,-93.49
692.89,-94.04
692.92,-97.82
692.95,-97.14
692.97,-91.56
693.00,-91.07
693.03,-94.54
693.05,-96.07
693.08,-96.79
693.11,-94.26
693.14,-94.03
693.16,-92.28
693.19,-92.39
693.22,-94.02
693.24,-92.92
693.27,-93.35
693.30,-97.31
693.33,-97.67
693.35,-95.48
693.38,-92.92
693.41,-93.02
693.43,-97.80
693.46,-97.21
693.49,-95.75
693.52,-96.25
693.54,-98.68
693.57,-94.75
693.60,-94.08
693.62,-93.90
693.65,-98.22
693.68,-100.58
693.70,-94.96
693.73,-95.07
693.76,-99.12
693.79,-99.32
693.81,-97.04
693.84,-96.68
693.87,-91.14
693.89,-90.94
693.92,-94.91
693.95,-97.83
693.98,-102.41
694.00,-99.43
694.03,-97.50
694.06,-97.21
694.08,-94.92
694.11,-96.68
694.14,-98.37
694.17,-96.08
694.19,-94.57
694.22,-95.47
694.25,-95.68
694.27,-99.88
694.30,-101.55
694.33,-96.45
694.36,-91.79
694.38,-93.08
694.41,-95.12
694.44,-94.92
694.46,-95.00
694.49,-96.52
694.52,-95.73
694.55,-97.06
694.57,-95.77
694.60,-96.24
694.63,-96.65
694.65,-98.62
694.68,-96.57
694.71,-98.04
694.74,-93.82
694.76,-92.47
694.79,-92.00
694.82,-92.80
694.84,-96.35
694.87,-97.23
694.90,-94.51
694.93,-95.50
694.95,-94.61
694.98,-96.28
695.01,-95.24
695.03,-91.64
695.06,-91.23
695.09,-91.18
695.12,-93.16
695.14,-98.47
695.17,-100.15
695.20,-100.03
695.22,-93.67
695.25,-93.90
695.28,-96.52
695.30,-94.18
695.33,-92.81
695.36,-94.18
695.39,-99.94
695.41,-96.80
695.44,-96.78
695.47,-98.08
695.49,-97.37
695.52,-93.15
695.55,-92.65
695.58,-96.25
695.60,-100.06
695.63,-97.62
695.66,-97.61
695.68,-102.89
695.71,-92.77
695.74,-92.04
695.77,-94.56
695.79,-94.89
695.82,-94.84
695.85,-96.44
695.87,-91.52
695.90,-91.69
695.93,-93.94
695.96,-93.39
695.98,-94.64
696.01,-96.02
696.04,-100.55
696.06,-99.25
696.09,-99.03
696.12,-93.31
696.15,-93.04
696.17,-98.89
696.20,-95.42
696.23,-96.42
696.25,-95.36
696.28,-94.41
696.31,-96.00
696.34,-93.77
696.36,-93.80
696.39,-98.34
696.42,-92.39
696.44,-92.64
696.47,-97.44
696.50,-92.42
696.53,-92.01
696.55,-92.75
696.58,-90.80
696.61,-91.35
696.63,-95.38
696.66,-95.02
696.69,-89.48
696.72,-93.42
696.74,-94.22
696.77,-94.88
696.80,-96.24
696.82,-93.24
696.85,-92.66
696.88,-93.55
696.90,-99.82
696.93,-100.04
696.96,-94.67
696.99,-90.57
697.01,-90.30
697.04,-91.64
697.07,-93.75
697.09,-93.89
697.12,-94.37
697.15,-93.71
697.18,-96.43
697.20,-99.07
697.23,-98.70
697.26,-97.93
697.28,-95.62
697.31,-94.03
697.34,-92.85
697.37,-98.19
697.39,-98.34
697.42,-93.79
697.45,-91.10
697.47,-91.17
697.50,-93.93
697.53,-97.33
697.56,-98.54
697.58,-99.65
697.61,-96.51
697.64,-95.62
697.66,-91.89
697.69,-90.88
697.72,-92.43
697.75,-98.96
697.77,-94.80
697.80,-96.66
697.83,-97.93
697.85,-94.57
697.88,-93.93
697.91,-95.57
697.94,-92.34
697.96,-95.33
697.99,-93.62
698.02,-93.97
698.04,-96.39
698.07,-94.66
698.10,-91.87
698.13,-91.97
698.15,-96.28
698.18,-93.30
698.21,-95.16
698.23,-95.89
698.26,-98.37
698.29,-98.71
698.32,-98.49
698.34,-92.47
698.37,-92.63
698.40,-96.14
698.42,-96.79
698.45,-97.86
698.48,-98.04
698.51,-100.64
698.53,-98.62
698.56,-96.19
698.59,-95.51
698.61,-92.59
698.64,-93.63
698.67,-95.97
698.69,-97.76
698.72,-91.51
698.75,-91.65
698.78,-97.21
698.80,-100.19
698.83,-98.25
698.86,-102.22
698.88,-95.97
698.91,-95.92
698.94,-102.52
698.97,-105.61
698.99,-101.60
699.02,-99.42
699.05,-97.63
699.07,-100.55
699.10,-100.67
699.13,-96.11
699.16,-94.47
699.18,-95.98
699.21,-99.60
699.24,-97.61
699.26,-95.27
699.29,-94.43
699.32,-94.26
699.35,-96.14
699.37,-96.18
699.40,-96.50
699.40,-95.63
699.40,-95.73
699.40,-95.84
699.40,-95.94
699.41,-96.05
699.41,-96.15
699.41,-96.26
699.41,-96.37
699.41,-96.47
699.41,-96.58
699.41,-96.69
699.41,-96.80
699.42,-96.92
699.42,-97.04
699.42,-97.17
699.42,-97.31
699.42,-97.46
699.42,-97.62
699.42,-97.79
699.42,-97.97
699.43,-98.15
699.43,-98.33
699.43,-98.50
699.43,-98.64
699.43,-98.75
699.43,-98.81
699.43,-98.81
699.44,-98.75
699.44,-98.61
699.44,-98.40
699.44,-98.12
699.44,-97.79
699.44,-97.44
699.44,-97.05
699.44,-96.66
699.45,-96.27
699.45,-95.89
699.45,-95.54
699.45,-95.21
699.45,-94.91
699.45,-94.64
699.45,-94.40
699.45,-94.20
699.46,-94.03
699.46,-93.90
699.46,-93.81
699.46,-93.74
699.46,-93.72
699.46,-93.73
699.46,-93.77
699.47,-93.86
699.47,-93.98
699.47,-94.13
699.47,-94.34
699.47,-94.58
699.47,-94.87
699.47,-95.21
699.47,-95.61
699.48,-96.06
699.48,-96.59
699.48,-97.19
699.48,-97.87
699.48,-98.65
699.48,-99.54
699.48,-100.54
699.48,-101.66
699.49,-102.88
699.49,-104.17
699.49,-105.14
699.49,-105.80
699.49,-105.61
699.49,-104.87
699.49,-103.60
699.50,-102.28
699.50,-101.05
699.50,-99.90
699.50,-98.88
699.50,-97.97
699.50,-97.18
699.50,-96.48
699.50,-95.86
699.51,-95.32
699.51,-94.84
699.51,-94.42
699.51,-94.06
699.51,-93.74
699.51,-93.47
699.51,-93.23
699.51,-93.03
699.52,-92.85
699.52,-92.70
699.52,-92.57
699.52,-92.46
699.52,-92.37
699.52,-92.29
699.52,-92.22
699.53,-92.16
699.53,-92.11
699.53,-92.07
699.53,-92.04
699.53,-92.02
699.53,-92.00
699.53,-91.99
699.53,-91.99
699.54,-92.01
699.54,-92.04
699.54,-92.08
699.54,-92.14
699.54,-92.22
699.54,-92.32
699.54,-92.45
699.54,-92.61
699.55,-92.80
699.55,-93.02
699.55,-93.29
699.55,-93.59
699.55,-93.95
699.55,-94.36
699.55,-94.82
699.56,-95.36
699.56,-95.97
699.56,-96.66
699.56,-97.45
699.56,-98.36
699.56,-99.40
699.56,-100.64
699.56,-102.07
699.57,-103.78
699.57,-105.97
699.57,-108.63
699.57,-112.34
699.57,-114.12
699.57,-114.06
699.57,-110.38
699.57,-107.66
699.58,-105.42
699.58,-103.73
699.58,-102.32
699.58,-101.20
699.58,-100.26
699.58,-99.45
699.58,-98.77
699.59,-98.20
699.59,-97.69
699.59,-97.27
699.59,-96.90
699.59,-96.59
699.59,-96.33
699.59,-96.11
699.59,-95.93
699.60,-95.79
699.60,-95.68
699.60,-95.61
699.60,-95.57
699.60,-95.56
699.60,-95.58
699.60,-95.65
699.60,-95.75
699.61,-95.89
699.61,-96.07
699.61,-96.30
699.61,-96.58
699.61,-96.92
699.61,-97.33
699.61,-97.80
699.62,-98.36
699.62,-99.00
699.62,-99.75
699.62,-100.64
699.62,-101.67
699.62,-102.88
699.62,-104.33
699.62,-106.05
699.63,-108.22
699.63,-110.25
699.63,-112.26
699.63,-111.94
699.63,-110.59
699.63,-108.24
699.63,-106.29
699.63,-104.62
699.64,-103.26
699.64,-102.11
699.64,-101.14
699.64,-100.32
699.64,-99.64
699.64,-99.05
699.64,-98.56
699.65,-98.14
699.65,-97.80
699.65,-97.52
699.65,-97.30
699.65,-97.13
699.65,-97.00
699.65,-96.92
699.65,-96.87
699.66,-96.86
699.66,-96.88
699.66,-96.92
699.66,-97.00
699.66,-97.09
699.66,-97.21
699.66,-97.35
699.66,-97.51
699.67,-97.69
699.67,-97.88
699.67,-98.09
699.67,-98.32
699.67,-98.57
699.67,-98.83
699.67,-99.11
699.68,-99.40
699.68,-99.71
699.68,-100.02
699.68,-100.35
699.68,-100.67
699.68,-100.99
699.68,-101.31
699.68,-101.61
699.69,-101.89
699.69,-102.14
699.69,-102.37
699.69,-102.56
699.69,-102.71
699.69,-102.83
699.69,-102.91
699.69,-102.96
699.70,-102.98
699.70,-102.97
699.70,-102.95
699.70,-102.91
699.70,-102.85
699.70,-102.79
699.70,-102.72
699.71,-102.66
699.71,-102.60
699.71,-102.55
699.71,-102.51
699.71,-102.49
699.71,-102.49
699.71,-102.52
699.71,-102.58
699.72,-102.66
699.72,-102.77
699.72,-102.90
699.72,-103.06
699.72,-103.21
699.72,-103.36
699.72,-103.49
699.72,-103.55
699.73,-103.54
699.73,-103.42
699.73,-103.18
699.73,-102.81
699.73,-102.33
699.73,-101.77
699.73,-101.13
699.74,-100.46
699.74,-99.79
699.74,-99.11
699.74,-98.46
699.74,-97.84
699.74,-97.26
699.74,-96.72
699.74,-96.22
699.75,-95.76
699.75,-95.35
699.75,-94.97
699.75,-94.64
699.75,-94.35
699.75,-94.11
699.75,-93.89
699.75,-93.72
699.76,-93.58
699.76,-93.48
699.76,-93.42
699.76,-93.38
699.76,-93.39
699.76,-93.42
699.76,-93.48
699.77,-93.58
699.77,-93.71
699.77,-93.88
699.77,-94.07
699.77,-94.30
699.77,-94.57
699.77,-94.87
699.77,-95.20
699.78,-95.58
699.78,-95.99
699.78,-96.45
699.78,-96.94
699.78,-97.48
699.78,-98.07
699.78,-98.71
699.78,-99.39
699.79,-100.13
699.79,-100.91
699.79,-101.74
699.79,-102.61
699.79,-103.50
699.79,-104.39
699.79,-105.26
699.80,-106.00
699.80,-106.62
699.80,-107.00
699.80,-107.13
699.80,-107.00
699.80,-106.66
699.80,-106.21
699.80,-105.66
699.81,-105.09
699.81,-104.52
699.81,-103.97
699.81,-103.45
699.81,-102.98
699.81,-102.54
699.81,-102.15
699.81,-101.80
699.82,-101.51
699.82,-101.25
699.82,-101.05
699.82,-100.90
699.82,-100.80
699.82,-100.75
699.82,-100.75
699.83,-100.82
699.83,-100.94
699.83,-101.13
699.83,-101.38
699.83,-101.71
699.83,-102.12
699.83,-102.61
699.83,-103.19
699.84,-103.87
699.84,-104.64
699.84,-105.50
699.84,-106.44
699.84,-107.42
699.84,-108.20
699.84,-108.77
699.84,-108.81
699.85,-108.36
699.85,-107.46
699.85,-106.36
699.85,-105.27
699.85,-104.18
699.85,-103.19
699.85,-102.29
699.86,-101.49
699.86,-100.78
699.86,-100.14
699.86,-99.58
699.86,-99.08
699.86,-98.64
699.86,-98.26
699.86,-97.93
699.87,-97.63
699.87,-97.38
699.87,-97.17
699.87,-96.98
699.87,-96.82
699.87,-96.68
699.87,-96.57
699.87,-96.47
699.88,-96.39
699.88,-96.32
699.88,-96.27
699.88,-96.22
699.88,-96.19
699.88,-96.16
699.88,-96.14
699.89,-96.13
699.89,-96.13
699.89,-96.14
699.89,-96.15
699.89,-96.18
699.89,-96.22
699.89,-96.27
699.89,-96.33
699.90,-96.41
699.90,-96.50
699.90,-96.61
699.90,-96.74
699.90,-96.89
699.90,-97.06
699.90,-97.24
699.90,-97.45
699.91,-97.68
699.91,-97.92
699.91,-98.18
699.91,-98.44
699.91,-98.71
699.91,-98.97
699.91,-99.23
699.92,-99.47
699.92,-99.68
699.92,-99.87
699.92,-100.03
699.92,-100.15
699.92,-100.25
699.92,-100.32
699.92,-100.38
699.93,-100.43
699.93,-100.48
699.93,-100.56
699.93,-100.64
699.93,-100.76
699.93,-100.91
699.93,-101.10
699.93,-101.33
699.94,-101.59
699.94,-101.90
699.94,-102.23
699.94,-102.58
699.94,-102.95
699.94,-103.32
699.94,-103.68
699.95,-104.01
699.95,-104.31
699.95,-104.57
699.95,-104.79
699.95,-104.98
699.95,-105.17
699.95,-105.35
699.95,-105.55
699.96,-105.80
699.96,-106.11
699.96,-106.49
699.96,-106.98
699.96,-107.58
699.96,-108.32
699.96,-109.21
699.96,-110.31
699.97,-111.62
699.97,-113.20
699.97,-115.25
699.97,-117.73
699.97,-121.39
699.97,-125.58
699.97,-131.10
699.98,-128.07
699.98,-124.58
699.98,-121.97
699.98,-120.34
699.98,-119.12
699.98,-118.25
699.98,-117.33
699.98,-116.21
699.99,-114.83
699.99,-113.24
699.99,-111.60
699.99,-109.94
699.99,-108.38
699.99,-106.93
699.99,-105.60
699.99,-104.40
700.00,-103.32
700.00,-102.35
700.00,-101.49
700.00,-100.72
700.00,-96.27
700.03,-96.31
700.05,-93.36
700.08,-92.52
700.11,-101.42
700.14,-96.93
700.16,-94.59
700.19,-96.26
700.22,-96.28
700.24,-95.14
700.27,-94.38
700.30,-95.35
700.33,-98.19
700.35,-96.78
700.38,-94.51
700.41,-98.31
700.43,-96.42
700.46,-91.32
700.49,-91.90
700.52,-99.54
700.54,-100.20
700.57,-96.89
700.60,-94.98
700.62,-98.61
700.65,-101.86
700.68,-101.22
700.71,-100.84
700.73,-100.27
700.76,-100.92
700.79,-102.50
700.81,-98.01
700.84,-98.05
700.87,-101.72
700.89,-101.08
700.92,-97.00
700.95,-94.48
700.98,-95.33
701.00,-100.75
701.03,-100.66
701.06,-93.31
701.08,-92.49
701.11,-96.17
701.14,-95.64
701.17,-95.44
701.19,-100.83
701.22,-94.32
701.25,-94.52
701.27,-98.18
701.30,-89.66
701.33,-94.49
701.36,-90.83
701.38,-90.62
701.41,-95.96
701.44,-93.22
701.46,-93.83
701.49,-98.03
701.52,-99.69
701.55,-90.93
701.57,-89.86
701.60,-93.52
701.63,-93.19
701.65,-95.60
701.68,-96.54
701.71,-97.06
701.74,-96.10
701.76,-97.11
701.79,-95.28
701.82,-95.59
701.84,-101.45
701.87,-98.16
701.90,-101.75
701.93,-104.16
701.95,-94.02
701.98,-96.78
702.01,-94.38
702.03,-95.58
702.06,-97.57
702.09,-97.76
702.12,-102.50
702.14,-105.14
702.17,-97.80
702.20,-98.39
702.22,-98.24
702.25,-103.90
702.28,-95.53
702.31,-94.94
702.33,-96.70
702.36,-100.21
702.39,-104.37
702.41,-106.45
702.44,-99.87
702.47,-97.06
702.50,-99.82
702.52,-99.81
702.55,-100.92
702.58,-105.77
702.60,-96.95
702.63,-98.96
702.66,-95.37
702.68,-93.35
702.71,-95.22
702.74,-101.55
702.77,-98.94
702.79,-99.41
702.82,-105.21
702.85,-99.76
702.87,-99.33
702.90,-97.62
702.93,-97.42
702.96,-96.30
702.98,-92.67
703.01,-93.81
703.04,-94.09
703.06,-93.95
703.09,-100.33
703.12,-93.24
703.15,-93.09
703.17,-96.31
703.20,-95.92
703.23,-98.01
703.25,-90.59
703.28,-96.52
703.31,-95.69
703.34,-96.14
703.36,-97.65
703.39,-100.33
703.42,-95.95
703.44,-93.15
703.47,-94.89
703.50,-99.32
703.53,-95.32
703.55,-95.41
703.58,-96.17
703.61,-96.15
703.63,-101.41
703.66,-103.62
703.69,-103.02
703.72,-95.85
703.74,-95.83
703.77,-99.14
703.80,-98.27
703.82,-97.32
703.85,-99.01
703.88,-96.95
703.91,-99.59
703.93,-93.64
703.96,-89.50
703.99,-89.00
704.01,-94.33
704.04,-94.27
704.07,-90.94
704.10,-91.22
704.12,-93.66
704.15,-101.29
704.18,-104.10
704.20,-100.88
704.23,-94.54
704.26,-94.51
704.28,-101.07
704.31,-98.73
704.34,-99.75
704.37,-98.54
704.39,-94.56
704.42,-96.40
704.45,-96.63
704.47,-97.72
704.50,-97.71
704.53,-103.85
704.56,-101.03
704.58,-99.64
704.61,-99.98
704.64,-98.50
704.66,-98.30
704.69,-94.41
704.72,-93.33
704.75,-93.64
704.77,-98.06
704.80,-94.89
704.83,-98.66
704.85,-98.98
704.88,-97.86
704.91,-97.93
704.94,-104.23
704.96,-97.52
704.99,-96.01
705.02,-98.38
705.04,-95.08
705.07,-94.77
705.10,-98.50
705.13,-107.00
705.15,-100.97
705.18,-97.53
705.21,-103.31
705.23,-96.12
705.26,-91.82
705.29,-90.27
705.32,-91.22
705.34,-93.07
705.37,-93.12
705.40,-93.11
705.42,-92.01
705.45,-91.95
705.48,-98.24
705.51,-96.40
705.53,-98.42
705.56,-96.49
705.59,-95.02
705.61,-96.63
705.64,-101.78
705.67,-100.42
705.70,-93.29
705.72,-90.21
705.75,-90.71
705.78,-94.25
705.80,-101.07
705.83,-104.65
705.86,-99.73
705.88,-95.04
705.91,-94.59
705.94,-93.40
705.97,-95.70
705.99,-100.19
706.02,-96.72
706.05,-93.34
706.07,-93.24
706.10,-94.94
706.13,-94.26
706.16,-95.16
706.18,-98.20
706.21,-99.17
706.24,-107.05
706.26,-104.07
706.29,-100.42
706.32,-94.69
706.35,-91.40
706.37,-91.28
706.40,-99.08
706.43,-98.97
706.45,-100.50
706.48,-99.17
706.51,-101.19
706.54,-100.77
706.56,-99.25
706.59,-100.55
706.62,-100.65
706.64,-99.20
706.67,-96.11
706.70,-95.16
706.73,-96.56
706.75,-98.34
706.78,-97.91
706.81,-98.62
706.83,-101.10
706.86,-101.26
706.89,-104.02
706.92,-98.17
706.94,-97.42
706.97,-95.82
707.00,-95.99
707.02,-99.88
707.05,-97.90
707.08,-98.25
707.11,-96.22
707.13,-94.65
707.16,-101.84
707.19,-105.01
707.21,-98.62
707.24,-96.72
707.27,-98.61
707.30,-97.08
707.32,-93.07
707.35,-93.01
707.38,-97.07
707.40,-104.19
707.43,-99.79
707.46,-97.24
707.49,-97.26
707.51,-97.16
707.54,-91.33
707.57,-91.14
707.59,-92.74
707.62,-93.98
707.65,-90.24
707.67,-90.08
707.70,-96.19
707.73,-95.01
707.76,-95.34
707.78,-101.52
707.81,-97.68
707.84,-100.29
707.86,-95.07
707.89,-91.12
707.92,-92.42
707.95,-98.82
707.97,-95.83
708.00,-95.91
708.03,-97.66
708.05,-95.21
708.08,-95.71
708.11,-95.60
708.14,-94.78
708.16,-93.86
708.19,-93.71
708.22,-92.33
708.24,-93.56
708.27,-99.32
708.30,-98.29
708.33,-94.76
708.35,-95.06
708.38,-93.61
708.41,-95.88
708.43,-99.01
708.46,-96.67
708.49,-94.75
708.52,-94.91
708.54,-101.57
708.57,-94.93
708.60,-93.39
708.62,-95.24
708.65,-95.11
708.68,-100.06
708.71,-100.56
708.73,-100.58
708.76,-102.98
708.79,-99.86
708.81,-99.47
708.84,-102.03
708.87,-100.14
708.90,-101.30
708.92,-96.63
708.95,-95.81
708.98,-96.36
709.00,-94.93
709.03,-95.83
709.06,-101.16
709.09,-106.06
709.11,-99.98
709.14,-101.91
709.17,-101.97
709.19,-99.77
709.22,-100.39
709.25,-94.08
709.27,-94.91
709.30,-92.81
709.33,-92.22
709.36,-92.37
709.38,-93.82
709.41,-93.86
709.44,-99.56
709.46,-94.19
709.49,-94.49
709.52,-97.73
709.55,-101.27
709.57,-93.81
709.60,-93.32
709.63,-94.95
709.65,-98.14
709.68,-97.59
709.71,-103.74
709.74,-101.56
709.76,-94.49
709.79,-92.32
709.82,-95.77
709.84,-97.96
709.87,-102.57
709.90,-100.13
709.93,-98.20
709.95,-95.11
709.98,-94.75
710.01,-96.37
710.03,-111.50
710.06,-110.26
710.09,-101.26
710.12,-100.11
710.14,-100.28
710.17,-98.38
710.20,-102.55
710.22,-97.03
710.25,-96.67
710.28,-93.39
710.31,-93.24
710.33,-97.82
710.36,-96.22
710.39,-96.81
710.41,-96.95
710.44,-93.78
710.47,-94.21
710.50,-96.91
710.52,-96.23
710.55,-99.51
710.58,-97.77
710.60,-94.20
710.63,-94.24
710.66,-101.06
710.69,-96.92
710.71,-96.90
710.74,-99.73
710.77,-98.70
710.79,-96.77
710.82,-98.60
710.85,-103.19
710.87,-107.77
710.90,-96.99
710.93,-97.46
710.96,-100.31
710.98,-98.34
711.01,-98.12
711.04,-98.38
711.06,-97.90
711.09,-100.46
711.12,-96.90
711.15,-92.90
711.17,-93.66
711.20,-100.84
711.23,-94.04
711.25,-94.02
711.28,-94.76
711.31,-97.81
711.34,-97.82
711.36,-93.57
711.39,-93.14
711.42,-95.97
711.44,-101.46
711.47,-95.32
711.50,-95.28
711.53,-91.98
711.55,-92.05
711.58,-98.73
711.61,-91.29
711.63,-91.02
711.66,-92.62
711.69,-98.96
711.72,-98.44
711.74,-96.29
711.77,-98.68
711.80,-95.49
711.82,-97.39
711.85,-98.00
711.88,-102.22
711.91,-103.83
711.93,-93.02
711.96,-92.30
711.99,-94.50
712.01,-95.87
712.04,-95.02
712.07,-94.45
712.10,-95.55
712.12,-92.73
712.15,-92.52
712.18,-95.38
712.20,-95.17
712.23,-96.55
712.26,-98.86
712.29,-97.68
712.31,-95.91
712.34,-98.48
712.37,-99.50
712.39,-99.87
712.42,-94.26
712.45,-94.11
712.48,-97.70
712.48,-89.38
712.50,-92.01
712.53,-95.95
712.56,-106.30
712.58,-108.59
712.61,-104.92
712.64,-99.72
712.66,-101.96
712.69,-95.45
712.72,-94.13
712.75,-96.59
712.77,-97.50
712.80,-97.22
712.83,-98.61
712.85,-105.91
712.88,-101.55
712.91,-101.47
712.94,-100.46
712.96,-97.29
712.99,-94.43
713.02,-95.16
713.04,-104.14
713.07,-104.23
713.10,-102.92
713.13,-94.42
713.15,-98.49
713.18,-98.57
713.21,-96.77
713.23,-97.52
713.26,-103.86
713.29,-100.55
713.32,-98.88
713.34,-98.75
713.37,-98.92
713.40,-98.44
713.42,-97.97
713.45,-99.10
713.48,-107.10
713.51,-106.61
713.53,-103.06
713.56,-96.20
713.59,-93.25
713.61,-93.86
713.64,-99.91
713.67,-96.75
713.70,-98.72
713.72,-100.86
713.75,-96.60
713.78,-91.72
713.80,-102.47
713.83,-93.66
713.86,-93.70
713.89,-93.69
713.91,-93.03
713.94,-97.44
713.97,-102.65
713.99,-100.94
714.02,-99.20
714.05,-101.51
714.08,-103.38
714.10,-102.90
714.13,-92.70
714.16,-91.84
714.18,-94.62
714.21,-96.90
714.24,-98.17
714.26,-97.76
714.29,-91.98
714.32,-89.73
714.35,-89.73
714.37,-94.04
714.40,-95.68
714.43,-101.01
714.45,-96.91
714.48,-97.65
714.51,-98.75
714.54,-100.22
714.56,-95.04
714.59,-95.07
714.62,-96.01
714.64,-105.89
714.67,-92.76
714.70,-92.01
714.73,-96.80
714.75,-93.68
714.78,-94.40
714.81,-98.31
714.83,-99.23
714.86,-93.41
714.89,-92.31
714.92,-93.23
714.94,-95.90
714.97,-99.06
715.00,-97.38
715.02,-98.00
715.05,-109.09
715.08,-98.94
715.11,-102.94
715.13,-102.60
715.16,-102.09
715.19,-104.33
715.21,-101.53
715.24,-95.98
715.27,-95.79
715.30,-95.60
715.32,-96.90
715.35,-108.48
715.38,-100.99
715.40,-102.28
715.43,-103.76
715.46,-104.88
715.49,-101.27
715.51,-96.19
715.54,-93.41
715.57,-93.82
715.59,-101.72
715.62,-100.66
715.65,-97.57
715.68,-97.40
715.70,-98.15
715.73,-99.73
715.76,-100.08
715.78,-104.86
715.81,-96.59
715.84,-94.93
715.86,-95.89
715.89,-94.46
715.92,-94.49
715.95,-95.88
715.97,-96.53
716.00,-94.86
716.03,-94.88
716.05,-90.59
716.08,-89.26
716.11,-89.48
716.14,-95.77
716.16,-103.97
716.19,-102.90
716.22,-103.51
716.24,-94.93
716.27,-92.67
716.30,-93.63
716.33,-94.86
716.35,-92.93
716.38,-96.05
716.41,-100.50
716.43,-99.35
716.46,-99.56
716.49,-108.00
716.52,-99.45
716.54,-99.41
716.57,-96.06
716.60,-96.54
716.62,-99.28
716.65,-99.99
716.68,-97.37
716.71,-97.81
716.73,-97.18
716.76,-93.82
716.79,-94.25
716.81,-96.85
716.84,-96.49
716.87,-95.22
716.90,-96.08
716.92,-99.42
716.95,-100.03
716.98,-97.80
717.00,-96.89
717.03,-95.96
717.06,-96.21
717.09,-96.07
717.11,-93.63
717.14,-94.73
717.17,-92.13
717.19,-92.05
717.22,-93.04
717.25,-97.24
717.28,-101.58
717.30,-95.73
717.33,-96.00
717.36,-102.15
717.38,-102.41
717.41,-100.10
717.44,-95.12
717.47,-95.20
717.49,-91.47
717.52,-91.13
717.55,-93.17
717.57,-96.08
717.60,-107.01
717.63,-98.95
717.65,-99.36
717.68,-98.27
717.71,-98.60
717.74,-104.01
717.76,-103.13
717.79,-102.52
717.82,-102.44
717.84,-99.88
717.87,-101.13
717.90,-101.51
717.93,-101.88
717.95,-103.07
717.98,-111.07
718.01,-110.64
718.03,-96.22
718.06,-96.26
718.09,-98.97
718.12,-98.30
718.14,-97.77
718.17,-101.57
718.20,-94.72
718.22,-94.83
718.25,-100.15
718.28,-99.06
718.31,-93.66
718.33,-92.04
718.36,-92.96
718.39,-92.92
718.41,-91.07
718.44,-92.06
718.47,-93.67
718.50,-93.55
718.52,-90.76
718.55,-81.13
718.58,-81.01
718.60,-91.54
718.63,-84.12
718.66,-84.51
718.69,-94.56
718.71,-88.62
718.74,-89.88
718.77,-93.71
718.79,-89.13
718.82,-89.43
718.85,-91.48
718.88,-92.74
718.90,-92.35
718.93,-93.73
718.96,-101.51
718.98,-98.65
719.01,-95.99
719.04,-99.10
719.07,-102.73
719.09,-94.76
719.12,-94.29
719.15,-99.63
719.17,-103.56
719.20,-101.75
719.23,-97.59
719.25,-95.28
719.28,-99.21
719.31,-106.85
719.34,-106.96
719.36,-103.07
719.39,-96.35
719.42,-96.50
719.44,-105.61
719.47,-105.63
719.50,-102.75
719.53,-102.47
719.55,-102.88
719.58,-99.16
719.61,-99.79
719.63,-104.78
719.66,-97.15
719.69,-96.42
719.72,-96.71
719.74,-97.51
719.77,-97.62
719.80,-97.73
719.82,-92.42
719.85,-92.20
719.88,-92.35
719.91,-91.94
719.93,-94.37
719.96,-91.06
719.99,-91.08
720.01,-95.89
720.04,-99.37
720.07,-96.32
720.10,-91.92
720.12,-92.44
720.15,-98.57
720.18,-105.50
720.20,-98.79
720.23,-96.17
720.26,-100.54
720.29,-95.73
720.31,-93.76
720.34,-94.70
720.37,-102.48
720.39,-104.30
720.42,-99.64
720.45,-98.49
720.48,-96.10
720.50,-98.16
720.53,-105.93
720.56,-100.92
720.58,-102.26
720.61,-98.53
720.64,-96.90
720.67,-99.02
720.69,-98.40
720.72,-98.00
720.75,-92.65
720.77,-93.50
720.80,-103.08
720.83,-96.26
720.85,-95.73
720.88,-102.99
720.91,-102.98
720.94,-102.99
720.96,-96.49
720.99,-97.84
721.02,-97.79
721.04,-95.17
721.07,-95.37
721.10,-103.16
721.13,-101.11
721.15,-100.99
721.18,-97.98
721.21,-95.91
721.23,-98.09
721.26,-101.96
721.29,-96.80
721.32,-95.87
721.34,-99.52
721.37,-100.03
721.40,-98.47
721.42,-92.86
721.45,-91.12
721.48,-93.40
721.51,-102.56
721.53,-99.74
721.56,-98.68
721.59,-98.82
721.61,-99.36
721.64,-104.39
721.67,-104.38
721.70,-102.98
721.72,-103.36
721.75,-96.75
721.78,-97.14
721.80,-99.00
721.83,-90.93
721.86,-90.77
721.89,-93.79
721.91,-99.94
721.94,-98.91
721.97,-95.43
721.99,-93.52
722.02,-94.81
722.05,-107.10
722.08,-105.36
722.10,-99.08
722.13,-98.97
722.16,-103.81
722.18,-99.98
722.21,-100.48
722.24,-103.42
722.27,-102.93
722.29,-102.75
722.32,-96.41
722.35,-96.31
722.37,-102.59
722.40,-104.41
722.43,-102.49
722.46,-101.51
722.48,-94.94
722.51,-95.59
722.54,-98.19
722.56,-98.47
722.59,-96.05
722.62,-96.37
722.64,-100.73
722.67,-96.37
722.70,-96.83
722.73,-94.46
722.75,-94.46
722.78,-97.54
722.81,-98.06
722.83,-97.72
722.86,-92.29
722.89,-96.81
722.92,-96.61
722.94,-99.70
722.97,-99.27
723.00,-97.43
723.02,-98.05
723.05,-102.36
723.08,-95.81
723.11,-96.56
723.13,-97.89
723.16,-97.19
723.19,-97.04
723.21,-103.11
723.24,-101.96
723.27,-97.02
723.30,-97.66
723.32,-96.63
723.35,-94.89
723.38,-94.58
723.40,-94.79
723.43,-95.86
723.46,-98.00
723.49,-100.62
723.51,-98.64
723.54,-96.39
723.57,-97.08
723.59,-97.05
723.62,-102.60
723.65,-102.05
723.68,-100.38
723.70,-94.11
723.73,-92.66
723.76,-94.18
723.78,-93.39
723.81,-93.60
723.84,-95.91
723.87,-96.64
723.89,-107.27
723.92,-103.22
723.95,-105.20
723.97,-103.86
724.00,-103.23
724.03,-106.58
724.06,-101.17
724.08,-101.34
724.11,-101.18
724.14,-98.88
724.16,-97.88
724.19,-95.44
724.22,-95.92
724.24,-101.23
724.27,-94.44
724.30,-94.93
724.33,-96.99
724.35,-95.16
724.38,-94.21
724.41,-96.22
724.43,-97.84
724.46,-94.99
724.49,-93.62
724.52,-95.21
724.54,-98.15
724.57,-96.65
724.60,-94.85
724.62,-95.60
724.65,-103.43
724.68,-103.91
724.71,-101.37
724.73,-101.20
724.76,-99.55
724.79,-94.60
724.81,-94.15
724.84,-100.10
724.87,-99.55
724.90,-101.92
724.92,-98.44
724.95,-97.16
724.95,-99.38
724.98,-99.17
725.00,-99.67
725.03,-96.03
725.06,-93.34
725.09,-91.35
725.11,-91.79
725.14,-91.17
725.17,-91.21
725.19,-97.90
725.22,-101.44
725.25,-98.46
725.28,-96.52
725.30,-98.62
725.33,-101.81
725.36,-97.91
725.38,-96.79
725.41,-97.69
725.44,-94.68
725.47,-95.49
725.49,-97.51
725.52,-97.27
725.55,-93.21
725.57,-93.08
725.60,-91.65
725.63,-91.48
725.66,-91.42
725.68,-91.94
725.71,-91.35
725.74,-94.38
725.76,-98.04
725.79,-97.67
725.82,-97.79
725.84,-95.46
725.87,-94.42
725.90,-96.73
725.93,-97.44
725.95,-93.61
725.98,-93.83
726.01,-96.89
726.03,-96.95
726.06,-95.11
726.09,-94.24
726.12,-94.35
726.14,-97.35
726.17,-98.19
726.20,-93.78
726.22,-94.12
726.25,-96.62
726.28,-94.90
726.31,-95.28
726.33,-99.42
726.36,-97.78
726.39,-93.90
726.41,-93.22
726.44,-95.81
726.47,-102.40
726.50,-98.28
726.52,-93.51
726.55,-93.52
726.58,-93.93
726.60,-97.43
726.63,-98.32
726.66,-96.68
726.69,-96.02
726.71,-95.02
726.74,-96.03
726.77,-96.65
726.79,-100.06
726.82,-100.20
726.85,-97.15
726.88,-98.55
726.90,-104.02
726.93,-103.34
726.96,-105.05
726.98,-103.42
727.01,-97.79
727.04,-97.84
727.07,-96.17
727.09,-93.69
727.12,-93.61
727.15,-93.91
727.17,-95.74
727.20,-93.83
727.23,-92.06
727.26,-92.43
727.28,-97.94
727.31,-93.45
727.34,-93.16
727.36,-97.67
727.39,-97.52
727.42,-97.70
727.45,-103.32
727.47,-101.29
727.50,-98.13
727.53,-94.81
727.55,-98.31
727.58,-96.98
727.61,-95.51
727.63,-98.04
727.66,-96.21
727.69,-95.81
727.72,-94.18
727.74,-94.53
727.77,-93.60
727.80,-94.07
727.82,-97.13
727.85,-95.85
727.88,-95.46
727.91,-97.15
727.93,-95.70
727.96,-92.57
727.99,-91.57
728.01,-92.81
728.04,-99.61
728.07,-98.16
728.10,-95.85
728.12,-95.98
728.15,-96.72
728.18,-92.89
728.20,-90.58
728.23,-91.75
728.26,-95.80
728.29,-96.48
728.31,-96.43
728.34,-94.50
728.37,-93.00
728.39,-97.21
728.42,-91.14
728.45,-89.22
728.48,-90.69
728.50,-92.64
728.53,-93.18
728.56,-94.12
728.58,-93.64
728.61,-92.86
728.64,-93.23
728.67,-96.69
728.69,-98.41
728.72,-98.56
728.75,-94.57
728.77,-95.28
728.80,-96.15
728.83,-96.66
728.86,-96.64
728.88,-94.34
728.91,-96.32
728.94,-92.25
728.96,-92.22
728.99,-92.92
729.02,-93.50
729.05,-94.35
729.07,-96.08
729.10,-96.07
729.13,-93.48
729.15,-93.45
729.18,-96.39
729.21,-97.57
729.23,-98.16
729.26,-97.61
729.29,-98.08
729.32,-97.11
729.34,-94.90
729.37,-95.13
729.40,-93.71
729.42,-94.02
729.45,-88.34
729.48,-88.05
729.51,-90.02
729.53,-94.16
729.56,-97.60
729.59,-94.71
729.61,-94.63
729.64,-92.79
729.67,-92.55
729.70,-90.70
729.72,-89.93
729.75,-90.44
729.78,-91.40
729.80,-92.80
729.83,-92.75
729.86,-91.79
729.89,-92.79
729.91,-94.21
729.94,-90.05
729.97,-89.61
729.99,-93.64
730.02,-99.12
730.05,-99.01
730.08,-94.57
730.10,-94.60
730.13,-95.59
730.16,-95.62
730.18,-92.39
730.21,-92.38
730.24,-92.67
730.27,-93.63
730.29,-92.33
730.32,-92.52
730.35,-91.64
730.37,-91.41
730.40,-91.96
730.43,-96.49
730.46,-93.58
730.48,-94.93
730.51,-97.79
730.54,-96.06
730.56,-96.48
730.59,-95.66
730.62,-93.75
730.65,-97.95
730.67,-99.65
730.70,-94.19
730.73,-90.39
730.75,-90.34
730.78,-93.01
730.81,-98.32
730.83,-96.68
730.86,-94.20
730.89,-95.52
730.92,-96.58
730.94,-97.30
730.97,-96.07
731.00,-95.25
731.02,-96.91
731.05,-92.52
731.08,-92.19
731.11,-94.01
731.13,-92.77
731.16,-88.68
731.19,-89.91
731.21,-97.91
731.24,-90.43
731.27,-90.23
731.30,-91.28
731.32,-91.39
731.35,-93.20
731.38,-93.45
731.40,-92.31
731.43,-91.99
731.46,-96.21
731.49,-90.87
731.51,-90.68
731.54,-94.44
731.57,-91.22
731.59,-91.27
731.62,-92.05
731.65,-94.16
731.68,-92.69
731.70,-92.36
731.73,-92.37
731.76,-94.51
731.78,-96.30
731.81,-95.76
731.84,-94.11
731.87,-93.55
731.89,-94.32
731.92,-97.05
731.95,-97.11
731.97,-95.96
732.00,-96.41
732.03,-90.65
732.06,-91.08
732.08,-94.53
732.11,-90.92
732.14,-91.37
732.16,-91.07
732.19,-89.34
732.22,-88.70
732.25,-86.64
732.27,-87.09
732.30,-92.43
732.33,-95.88
732.35,-91.75
732.38,-93.27
732.41,-99.16
732.43,-98.07
732.46,-98.59
732.49,-97.62
732.52,-97.54
732.54,-96.94
732.57,-93.94
732.60,-92.22
732.62,-91.02
732.65,-91.40
732.68,-92.61
732.71,-91.92
732.73,-89.67
732.76,-90.61
732.79,-95.21
732.81,-95.95
732.84,-96.02
732.87,-92.02
732.90,-91.99
732.92,-92.80
732.95,-88.61
732.98,-88.62
733.00,-91.82
733.03,-92.10
733.06,-95.04
733.09,-92.63
733.11,-92.92
733.14,-90.28
733.17,-91.15
733.19,-90.34
733.22,-91.51
733.25,-94.60
733.28,-93.09
733.30,-95.64
733.33,-92.23
733.36,-93.24
733.38,-96.83
733.41,-94.70
733.44,-99.57
733.47,-96.65
733.49,-91.47
733.52,-91.15
733.55,-92.24
733.57,-95.60
733.60,-94.17
733.63,-98.26
733.66,-93.54
733.68,-93.10
733.71,-93.45
733.74,-94.93
733.76,-95.05
733.79,-91.16
733.82,-89.39
733.85,-91.23
733.87,-97.01
733.90,-93.47
733.93,-91.24
733.95,-91.55
733.98,-93.49
734.01,-91.76
734.04,-91.57
734.06,-92.81
734.09,-92.68
734.12,-94.70
734.14,-93.27
734.17,-93.21
734.20,-94.20
734.22,-96.42
734.25,-93.36
734.28,-93.84
734.31,-94.57
734.33,-92.77
734.36,-91.29
734.39,-90.69
734.41,-93.60
734.44,-94.85
734.47,-94.29
734.50,-96.30
734.52,-96.28
734.55,-93.84
734.58,-92.59
734.60,-92.60
734.63,-90.38
734.66,-93.11
734.69,-101.02
734.71,-97.27
734.74,-98.71
734.77,-97.98
734.79,-98.15
734.82,-101.07
734.85,-94.26
734.88,-93.52
734.90,-96.08
734.93,-101.06
734.96,-100.09
734.98,-93.39
735.01,-90.80
735.04,-91.54
735.07,-91.66
735.09,-92.60
735.12,-90.55
735.15,-91.89
735.17,-92.32
735.20,-94.73
735.23,-94.96
735.26,-96.41
735.28,-93.74
735.31,-95.05
735.34,-93.53
735.36,-97.74
735.39,-100.15
735.42,-100.19
735.45,-96.02
735.47,-94.22
735.50,-93.29
735.53,-92.74
735.55,-92.59
735.58,-91.59
735.61,-92.87
735.64,-99.68
735.66,-95.62
735.69,-97.97
735.72,-91.73
735.74,-90.38
735.77,-92.14
735.80,-93.02
735.82,-94.42
735.85,-93.98
735.88,-98.16
735.91,-99.90
735.93,-98.25
735.96,-97.15
735.99,-93.59
736.01,-91.82
736.04,-91.68
736.07,-93.60
736.10,-94.97
736.12,-94.80
736.15,-100.03
736.18,-98.25
736.20,-95.30
736.23,-94.43
736.26,-89.87
736.29,-90.00
736.31,-95.68
736.34,-94.75
736.37,-95.43
736.39,-97.70
736.42,-96.69
736.45,-95.33
736.48,-91.49
736.50,-90.29
736.53,-94.24
736.56,-96.43
736.58,-98.98
736.61,-97.16
736.64,-95.81
736.67,-89.07
736.69,-88.77
736.72,-90.97
736.75,-95.14
736.77,-94.73
736.80,-92.11
736.83,-90.34
736.86,-90.56
736.88,-90.50
736.91,-90.34
736.94,-90.41
736.96,-90.92
736.99,-92.31
737.02,-89.04
737.05,-90.14
737.07,-91.26
737.10,-93.90
737.13,-91.97
737.15,-92.10
737.18,-96.71
737.21,-95.69
737.24,-94.88
737.26,-94.43
737.29,-93.80
737.32,-92.29
737.34,-89.11
737.37,-90.19
737.40,-89.11
737.42,-88.33
737.42,-96.13
737.45,-95.13
737.48,-99.32
737.51,-92.28
737.53,-92.35
737.56,-92.33
737.59,-94.03
737.61,-97.96
737.64,-93.44
737.67,-93.42
737.70,-94.11
737.72,-94.16
737.75,-93.56
737.78,-93.55
737.80,-98.70
737.83,-94.97
737.86,-94.92
737.89,-93.47
737.91,-93.44
737.94,-95.38
737.97,-100.18
737.99,-100.76
738.02,-101.09
738.05,-94.87
738.08,-101.64
738.10,-97.17
738.13,-98.22
738.16,-101.76
738.18,-100.61
738.21,-101.88
738.24,-100.67
738.27,-101.26
738.29,-102.01
738.32,-96.46
738.35,-95.53
738.37,-98.08
738.40,-97.15
738.43,-99.86
738.46,-99.42
738.48,-107.66
738.51,-103.89
738.54,-100.04
738.56,-95.08
738.59,-94.22
738.62,-96.26
738.65,-96.21
738.67,-100.55
738.70,-100.93
738.73,-97.41
738.75,-96.38
738.78,-95.84
738.81,-96.40
738.84,-96.99
738.86,-101.11
738.89,-90.84
738.92,-90.19
738.94,-93.34
738.97,-100.62
739.00,-104.06
739.03,-96.35
739.05,-94.38
739.08,-94.22
739.11,-92.91
739.13,-96.72
739.16,-95.95
739.19,-97.24
739.21,-101.34
739.24,-99.69
739.27,-101.40
739.30,-103.63
739.32,-97.59
739.35,-96.62
739.38,-96.38
739.40,-96.67
739.43,-104.43
739.46,-98.73
739.49,-94.86
739.51,-95.51
739.54,-106.05
739.57,-100.77
739.59,-100.69
739.62,-97.01
739.65,-91.98
739.68,-91.93
739.70,-99.42
739.73,-98.79
739.76,-99.18
739.78,-105.46
739.81,-93.95
739.84,-91.64
739.87,-92.83
739.89,-101.60
739.92,-101.41
739.95,-94.89
739.97,-94.89
740.00,-94.99
740.03,-106.13
740.06,-101.04
740.08,-100.17
740.11,-99.61
740.14,-97.86
740.16,-98.81
740.19,-91.27
740.22,-91.07
740.25,-91.32
740.27,-92.53
740.30,-92.44
740.33,-92.95
740.35,-90.42
740.38,-87.15
740.41,-88.62
740.44,-94.28
740.46,-87.47
740.49,-85.59
740.52,-88.61
740.54,-88.25
740.57,-91.39
740.60,-85.67
740.63,-84.58
740.65,-86.10
740.68,-90.42
740.71,-93.69
740.73,-90.62
740.76,-92.49
740.79,-88.92
740.81,-89.03
740.84,-88.73
740.87,-93.39
740.90,-93.25
740.92,-93.39
740.95,-98.36
740.98,-93.28
741.00,-94.69
741.03,-92.58
741.06,-90.43
741.09,-90.40
741.11,-94.98
741.14,-97.87
741.17,-92.69
741.19,-92.32
741.22,-91.17
741.25,-92.82
741.28,-88.52
741.30,-88.62
741.33,-97.08
741.36,-95.53
741.38,-93.35
741.41,-87.01
741.44,-86.95
741.47,-90.48
741.49,-94.77
741.52,-91.27
741.55,-92.51
741.57,-92.70
741.60,-92.45
741.63,-91.22
741.66,-91.21
741.68,-91.80
741.71,-90.99
741.74,-89.94
741.76,-89.95
741.79,-93.04
741.82,-95.30
741.85,-96.62
741.87,-93.33
741.90,-92.81
741.93,-95.57
741.95,-92.74
741.98,-96.93
742.01,-93.77
742.04,-92.30
742.06,-93.66
742.09,-105.61
742.12,-98.21
742.14,-98.19
742.17,-97.78
742.20,-95.30
742.23,-94.23
742.25,-96.44
742.28,-96.14
742.31,-95.80
742.33,-103.31
742.36,-101.83
742.39,-100.05
742.41,-83.48
742.44,-78.76
742.47,-79.64
742.50,-93.89
742.52,-93.87
742.55,-103.28
742.58,-95.05
742.60,-91.04
742.63,-86.47
742.66,-83.47
742.69,-84.85
742.71,-83.23
742.74,-82.92
742.77,-87.07
742.79,-91.06
742.82,-86.00
742.85,-88.32
742.88,-94.34
742.90,-87.06
742.93,-87.01
742.96,-89.76
742.98,-90.61
743.01,-92.08
743.04,-92.62
743.07,-90.31
743.09,-88.12
743.12,-88.74
743.15,-97.94
743.17,-98.19
743.20,-98.06
743.23,-101.26
743.26,-99.53
743.28,-87.27
743.31,-96.41
743.34,-96.46
743.36,-90.42
743.39,-91.28
743.42,-96.09
743.45,-92.42
743.47,-92.57
743.50,-94.88
743.53,-98.56
743.55,-99.18
743.58,-95.03
743.61,-92.09
743.64,-92.65
743.66,-98.60
743.69,-93.76
743.72,-93.38
743.74,-100.91
743.77,-98.02
743.80,-94.22
743.83,-94.76
743.85,-95.27
743.88,-96.61
743.91,-102.57
743.93,-96.00
743.96,-94.73
743.99,-97.65
744.02,-97.34
744.04,-96.32
744.07,-96.39
744.10,-90.49
744.12,-89.82
744.15,-91.69
744.18,-94.23
744.20,-93.87
744.23,-98.77
744.26,-101.90
744.29,-98.90
744.31,-96.78
744.34,-96.32
744.37,-95.22
744.39,-96.03
744.42,-95.60
744.45,-92.06
744.48,-91.41
744.50,-94.54
744.53,-92.27
744.56,-92.34
744.58,-97.48
744.61,-98.37
744.64,-101.39
744.67,-96.14
744.69,-96.04
744.72,-101.68
744.75,-99.82
744.77,-92.03
744.80,-92.13
744.83,-100.48
744.86,-98.71
744.88,-98.54
744.91,-100.25
744.94,-100.69
744.96,-101.43
744.99,-102.82
745.02,-100.67
745.05,-99.90
745.07,-99.56
745.10,-97.95
745.13,-95.01
745.15,-97.27
745.18,-95.94
745.21,-95.67
745.24,-92.69
745.26,-93.19
745.29,-102.84
745.32,-95.38
745.34,-91.69
745.37,-91.77
745.40,-91.80
745.43,-98.21
745.45,-98.09
745.48,-96.86
745.51,-100.23
745.53,-101.81
745.56,-94.25
745.59,-93.85
745.62,-100.01
745.64,-96.22
745.67,-94.52
745.70,-95.42
745.72,-95.00
745.75,-92.54
745.78,-92.78
745.80,-96.04
745.83,-97.40
745.86,-97.42
745.89,-98.30
745.91,-100.48
745.94,-94.45
745.97,-94.53
745.99,-92.71
746.02,-92.46
746.05,-94.20
746.08,-94.36
746.10,-101.76
746.13,-99.07
746.16,-101.80
746.18,-95.93
746.21,-92.85
746.24,-93.06
746.27,-95.85
746.29,-94.11
746.32,-94.43
746.35,-91.82
746.37,-92.77
746.40,-96.58
746.43,-100.13
746.46,-97.44
746.48,-91.55
746.51,-91.05
746.54,-94.45
746.56,-98.87
746.59,-94.99
746.62,-91.77
746.65,-91.45
746.67,-93.15
746.70,-89.98
746.73,-90.21
746.75,-91.11
746.78,-91.50
746.81,-91.28
746.84,-92.74
746.86,-97.29
746.89,-100.98
746.92,-93.84
746.94,-94.41
746.97,-101.93
747.00,-101.96
747.03,-105.23
747.05,-91.26
747.08,-90.99
747.11,-88.36
747.13,-86.65
747.16,-88.30
747.19,-95.04
747.22,-94.39
747.24,-99.25
747.27,-100.87
747.30,-92.83
747.32,-92.76
747.35,-107.22
747.38,-97.09
747.40,-98.24
747.43,-104.22
747.46,-96.74
747.49,-98.11
747.51,-101.78
747.54,-92.04
747.57,-90.58
747.59,-92.11
747.62,-94.12
747.65,-95.58
747.68,-95.09
747.70,-98.25
747.73,-96.64
747.76,-94.66
747.78,-98.38
747.81,-99.20
747.84,-93.14
747.87,-92.34
747.89,-92.54
747.92,-94.97
747.95,-94.73
747.97,-94.36
748.00,-92.76
748.03,-92.67
748.06,-94.21
748.08,-95.24
748.11,-100.12
748.14,-112.09
748.16,-100.65
748.19,-100.21
748.22,-96.96
748.25,-97.25
748.27,-97.89
748.30,-94.40
748.33,-95.47
748.35,-93.58
748.38,-93.26
748.41,-94.02
748.44,-92.95
748.46,-92.38
748.49,-94.38
748.52,-95.77
748.54,-95.89
748.57,-98.02
748.60,-98.54
748.63,-101.16
748.65,-89.53
748.68,-86.23
748.71,-86.83
748.73,-91.06
748.76,-89.65
748.79,-94.70
748.82,-93.83
748.84,-92.03
748.87,-93.52
748.90,-90.24
748.92,-90.18
748.95,-92.28
748.98,-90.30
749.01,-88.81
749.03,-91.57
749.06,-92.36
749.09,-92.70
749.11,-89.44
749.14,-96.77
749.17,-98.25
749.19,-100.56
749.22,-96.01
749.25,-97.22
749.28,-96.12
749.30,-96.11
749.33,-98.74
749.36,-94.41
749.38,-92.57
749.41,-95.32
749.44,-93.23
749.47,-96.06
749.49,-102.01
749.52,-94.49
749.55,-88.62
749.57,-89.08
749.60,-99.18
749.63,-104.48
749.66,-93.44
749.68,-92.34
749.71,-94.07
749.74,-94.12
749.76,-100.05
749.79,-98.77
749.82,-95.53
749.85,-96.41
749.87,-92.19
749.90,-90.98
749.90,-88.17
749.93,-88.79
749.95,-97.37
749.98,-89.28
750.01,-88.06
750.04,-87.41
750.06,-87.72
750.09,-92.80
750.12,-89.51
750.14,-89.37
750.17,-94.08
750.20,-94.06
750.23,-93.14
750.25,-93.24
750.28,-93.38
750.31,-94.54
750.33,-94.63
750.36,-91.39
750.39,-90.53
750.42,-91.69
750.44,-95.92
750.47,-95.32
750.50,-91.57
750.52,-91.51
750.55,-98.35
750.58,-98.16
750.61,-97.00
750.63,-97.10
750.66,-94.31
750.69,-94.25
750.71,-91.60
750.74,-90.86
750.77,-92.37
750.79,-93.70
750.82,-95.69
750.85,-92.43
750.88,-92.34
750.90,-96.08
750.93,-96.57
750.96,-92.08
750.98,-91.15
751.01,-91.14
751.04,-92.31
751.07,-95.95
751.09,-95.77
751.12,-89.52
751.15,-89.54
751.17,-92.28
751.20,-89.95
751.23,-90.44
751.26,-95.50
751.28,-96.65
751.31,-96.17
751.34,-92.87
751.36,-92.95
751.39,-92.86
751.42,-93.07
751.45,-95.83
751.47,-91.56
751.50,-90.82
751.53,-96.72
751.55,-94.13
751.58,-94.17
751.61,-95.51
751.64,-90.59
751.66,-90.24
751.69,-91.56
751.72,-91.78
751.74,-90.62
751.77,-95.12
751.80,-94.73
751.83,-91.11
751.85,-87.64
751.88,-89.12
751.91,-91.02
751.93,-90.16
751.96,-90.04
751.99,-92.27
752.02,-89.86
752.04,-89.24
752.07,-90.87
752.10,-98.40
752.12,-89.87
752.15,-87.72
752.18,-87.83
752.21,-92.61
752.23,-88.66
752.26,-88.02
752.29,-90.77
752.31,-90.89
752.34,-96.25
752.37,-92.90
752.39,-91.45
752.42,-90.04
752.45,-90.54
752.48,-89.39
752.50,-94.57
752.53,-95.69
752.56,-95.52
752.58,-95.79
752.61,-95.51
752.64,-95.52
752.67,-94.82
752.69,-92.75
752.72,-92.65
752.75,-93.11
752.77,-94.96
752.80,-94.84
752.83,-91.84
752.86,-92.32
752.88,-92.49
752.91,-93.83
752.94,-93.60
752.96,-95.37
752.99,-95.24
753.02,-94.87
753.05,-93.86
753.07,-91.76
753.10,-92.50
753.13,-95.46
753.15,-93.65
753.18,-93.53
753.21,-98.00
753.24,-97.58
753.26,-97.99
753.29,-98.21
753.32,-102.70
753.34,-95.98
753.37,-95.58
753.40,-93.09
753.43,-92.89
753.45,-95.39
753.48,-97.94
753.51,-93.52
753.53,-93.34
753.56,-95.17
753.59,-97.42
753.62,-98.62
753.64,-102.48
753.67,-95.48
753.70,-95.63
753.72,-96.50
753.75,-94.23
753.78,-92.63
753.81,-91.28
753.83,-90.48
753.86,-92.37
753.89,-89.98
753.91,-86.56
753.94,-86.79
753.97,-92.58
754.00,-93.15
754.02,-92.42
754.05,-93.70
754.08,-93.81
754.10,-92.24
754.13,-94.15
754.16,-93.37
754.18,-93.77
754.21,-90.22
754.24,-88.61
754.27,-89.74
754.29,-91.35
754.32,-89.31
754.35,-88.71
754.37,-89.91
754.40,-92.52
754.43,-102.56
754.46,-90.63
754.48,-89.94
754.51,-91.32
754.54,-95.43
754.56,-95.09
754.59,-98.65
754.62,-91.53
754.65,-91.44
754.67,-93.12
754.70,-90.77
754.73,-90.74
754.75,-96.94
754.78,-94.52
754.81,-93.39
754.84,-94.61
754.86,-95.56
754.89,-96.26
754.92,-94.21
754.94,-93.66
754.97,-96.25
755.00,-95.55
755.03,-93.44
755.05,-93.45
755.08,-95.39
755.11,-91.79
755.13,-91.14
755.16,-95.71
755.19,-93.25
755.22,-94.95
755.24,-90.19
755.27,-90.20
755.30,-93.67
755.32,-94.53
755.35,-94.55
755.38,-92.39
755.41,-94.77
755.43,-93.84
755.46,-93.73
755.49,-92.12
755.51,-90.14
755.54,-91.73
755.57,-94.06
755.60,-92.08
755.62,-91.10
755.65,-92.22
755.68,-90.86
755.70,-89.99
755.73,-91.21
755.76,-94.90
755.78,-96.05
755.81,-95.94
755.84,-94.44
755.87,-91.37
755.89,-92.54
755.92,-96.18
755.95,-92.19
755.97,-91.52
756.00,-91.72
756.03,-93.06
756.06,-92.18
756.08,-93.83
756.11,-94.81
756.14,-91.85
756.16,-91.98
756.19,-95.09
756.22,-96.59
756.25,-97.44
756.27,-94.50
756.30,-90.95
756.33,-92.16
756.35,-94.40
756.38,-92.45
756.41,-99.13
756.44,-97.32
756.46,-94.84
756.49,-96.05
756.52,-95.34
756.54,-90.80
756.57,-91.48
756.60,-97.20
756.63,-96.98
756.65,-94.60
756.68,-91.32
756.71,-91.32
756.73,-92.79
756.76,-92.31
756.79,-92.35
756.82,-95.66
756.84,-96.83
756.87,-97.79
756.90,-95.01
756.92,-96.84
756.95,-97.05
756.98,-94.03
757.01,-93.27
757.03,-93.20
757.06,-97.04
757.09,-97.17
757.11,-95.34
757.14,-94.72
757.17,-95.08
757.20,-99.12
757.22,-90.42
757.25,-90.22
757.28,-92.61
757.30,-98.04
757.33,-93.00
757.36,-92.64
757.38,-92.70
757.41,-93.26
757.44,-93.01
757.47,-93.36
757.49,-97.78
757.52,-99.57
757.55,-100.71
757.57,-99.74
757.60,-98.34
757.63,-93.40
757.66,-91.09
757.68,-88.93
757.71,-88.19
757.74,-87.99
757.76,-89.75
757.79,-91.30
757.82,-90.67
757.85,-91.71
757.87,-94.13
757.90,-90.77
757.93,-91.25
757.95,-93.24
757.98,-98.63
758.01,-94.79
758.04,-90.39
758.06,-90.21
758.09,-93.21
758.12,-99.06
758.14,-97.23
758.17,-97.42
758.20,-93.77
758.23,-92.67
758.25,-97.76
758.28,-98.78
758.31,-98.94
758.33,-95.61
758.36,-97.96
758.39,-92.80
758.42,-91.11
758.44,-91.28
758.47,-96.36
758.50,-98.96
758.52,-88.40
758.55,-88.31
758.58,-95.26
758.61,-99.42
758.63,-93.61
758.66,-93.66
758.69,-96.65
758.71,-95.53
758.74,-94.37
758.77,-93.41
758.80,-96.22
758.82,-92.37
758.85,-92.35
758.88,-93.71
758.90,-95.10
758.93,-95.73
758.96,-90.77
758.99,-91.52
759.01,-95.95
759.04,-96.17
759.07,-95.83
759.09,-95.81
759.12,-96.81
759.15,-94.00
759.17,-93.94
759.20,-99.33
759.23,-94.44
759.26,-94.19
759.28,-99.35
759.31,-94.70
759.34,-93.75
759.36,-95.41
759.39,-95.45
759.42,-90.90
759.45,-90.66
759.47,-97.29
759.50,-96.30
759.53,-94.91
759.55,-93.67
759.58,-96.23
759.61,-93.64
759.64,-94.98
759.66,-93.75
759.69,-95.43
759.72,-93.80
759.74,-93.71
759.77,-93.34
759.80,-92.00
759.83,-95.81
759.85,-105.40
759.88,-99.97
759.91,-89.35
759.93,-86.61
759.96,-86.93
759.99,-89.83
760.02,-90.43
760.04,-89.93
760.07,-91.04
760.10,-91.46
760.12,-89.69
760.15,-90.39
760.18,-90.30
760.21,-89.21
760.23,-94.53
760.26,-96.48
760.29,-95.35
760.31,-103.34
760.34,-97.00
760.37,-94.61
760.40,-94.51
760.42,-91.89
760.45,-91.75
760.48,-94.67
760.50,-88.36
760.53,-88.34
760.56,-94.59
760.59,-92.85
760.61,-93.65
760.64,-96.57
760.67,-98.82
760.69,-100.70
760.72,-98.26
760.75,-96.28
760.77,-94.58
760.80,-94.16
760.83,-86.19
760.86,-86.17
760.88,-96.97
760.91,-92.77
760.94,-92.68
760.96,-92.23
760.99,-92.25
761.02,-96.86
761.05,-95.83
761.07,-95.91
761.10,-98.42
761.13,-94.17
761.15,-92.56
761.18,-95.97
761.21,-94.82
761.24,-94.80
761.26,-94.96
761.29,-85.61
761.32,-85.11
761.34,-88.18
761.37,-90.80
761.40,-87.86
761.43,-88.53
761.45,-92.65
761.48,-94.28
761.51,-91.28
761.53,-91.38
761.56,-88.35
761.59,-87.95
761.62,-93.45
761.64,-91.23
761.67,-92.25
761.70,-90.07
761.72,-89.71
761.75,-94.48
761.78,-91.36
761.81,-90.23
761.83,-92.47
761.86,-93.23
761.89,-93.79
761.91,-96.82
761.94,-95.46
761.97,-95.04
762.00,-89.93
762.02,-87.94
762.05,-89.47
762.08,-92.81
762.10,-92.74
762.13,-91.34
762.16,-91.41
762.19,-97.09
762.21,-97.11
762.24,-98.76
762.27,-97.19
762.29,-93.30
762.32,-93.35
762.35,-95.88
762.38,-93.26
762.38,-97.75
762.40,-92.66
762.43,-90.87
762.46,-96.58
762.48,-96.73
762.51,-95.46
762.54,-97.65
762.56,-96.14
762.59,-91.29
762.62,-91.21
762.65,-90.42
762.67,-90.40
762.70,-97.82
762.73,-94.33
762.75,-92.28
762.78,-95.00
762.81,-90.35
762.84,-88.40
762.86,-90.77
762.89,-96.66
762.92,-97.50
762.94,-98.60
762.97,-98.51
763.00,-104.02
763.03,-100.52
763.05,-96.24
763.08,-96.52
763.11,-96.29
763.13,-90.11
763.16,-90.14
763.19,-97.69
763.22,-92.34
763.24,-92.26
763.27,-98.45
763.30,-97.77
763.32,-95.83
763.35,-96.70
763.38,-98.08
763.41,-98.50
763.43,-93.97
763.46,-91.64
763.49,-93.09
763.51,-94.51
763.54,-94.55
763.57,-94.67
763.60,-99.88
763.62,-96.81
763.65,-96.52
763.68,-94.38
763.70,-94.47
763.73,-100.67
763.76,-91.13
763.79,-89.48
763.81,-91.95
763.84,-102.48
763.87,-99.70
763.89,-99.73
763.92,-99.74
763.95,-97.89
763.98,-102.08
764.00,-93.02
764.03,-92.92
764.06,-101.24
764.08,-96.07
764.11,-93.10
764.14,-93.18
764.16,-96.32
764.19,-96.34
764.22,-93.01
764.25,-94.04
764.27,-97.76
764.30,-95.10
764.33,-92.49
764.35,-93.10
764.38,-90.64
764.41,-88.89
764.44,-89.35
764.46,-95.79
764.49,-106.11
764.52,-93.11
764.54,-92.25
764.57,-94.92
764.60,-96.33
764.63,-101.42
764.65,-97.07
764.68,-97.15
764.71,-106.16
764.73,-96.88
764.76,-92.37
764.79,-94.32
764.82,-91.02
764.84,-90.88
764.87,-95.85
764.90,-100.07
764.92,-95.20
764.95,-97.51
764.98,-90.36
765.01,-91.51
765.03,-97.08
765.06,-93.62
765.09,-94.11
765.11,-93.31
765.14,-99.40
765.17,-93.47
765.20,-89.03
765.22,-89.15
765.25,-97.46
765.28,-97.91
765.30,-100.46
765.33,-100.32
765.36,-102.89
765.39,-96.06
765.41,-96.03
765.44,-96.26
765.47,-93.42
765.49,-93.38
765.52,-90.69
765.55,-89.93
765.58,-91.18
765.60,-92.37
765.63,-94.59
765.66,-90.98
765.68,-85.58
765.71,-85.51
765.74,-89.35
765.76,-95.32
765.79,-95.58
765.82,-104.36
765.85,-97.35
765.87,-96.80
765.90,-100.36
765.93,-93.71
765.95,-93.67
765.98,-102.78
766.01,-101.50
766.04,-101.83
766.06,-93.30
766.09,-91.17
766.12,-92.22
766.14,-95.16
766.17,-95.10
766.20,-94.52
766.23,-92.43
766.25,-91.37
766.28,-94.75
766.31,-101.46
766.33,-101.32
766.36,-102.28
766.39,-100.95
766.42,-100.87
766.44,-90.18
766.47,-89.38
766.50,-93.77
766.52,-93.94
766.55,-94.50
766.58,-94.36
766.61,-89.79
766.63,-89.75
766.66,-91.55
766.69,-94.20
766.71,-91.00
766.74,-91.36
766.77,-91.07
766.80,-91.35
766.82,-93.90
766.85,-92.40
766.88,-91.98
766.90,-93.92
766.93,-94.99
766.96,-96.17
766.99,-101.66
767.01,-103.14
767.04,-101.61
767.07,-101.79
767.09,-95.54
767.12,-96.61
767.15,-101.56
767.18,-100.35
767.20,-91.87
767.23,-92.81
767.26,-95.72
767.28,-94.47
767.31,-102.29
767.34,-86.75
767.37,-86.11
767.39,-90.59
767.42,-89.44
767.45,-91.61
767.47,-92.28
767.50,-88.63
767.53,-89.84
767.55,-87.50
767.58,-90.64
767.61,-91.67
767.64,-86.93
767.66,-87.05
767.69,-97.70
767.72,-94.35
767.74,-89.29
767.77,-87.26
767.80,-86.86
767.83,-88.37
767.85,-91.35
767.88,-90.28
767.91,-94.60
767.93,-93.55
767.96,-93.77
767.99,-89.14
768.02,-88.19
768.04,-91.95
768.07,-88.79
768.10,-88.56
768.12,-91.53
768.15,-85.82
768.18,-85.90
768.21,-91.18
768.23,-97.86
768.26,-97.31
768.29,-86.47
768.31,-82.11
768.34,-83.30
768.37,-88.05
768.40,-87.49
768.42,-94.45
768.45,-85.23
768.48,-85.25
768.50,-94.29
768.53,-90.89
768.56,-92.26
768.59,-86.87
768.61,-83.86
768.64,-85.43
768.67,-90.12
768.69,-90.13
768.72,-96.43
768.75,-85.56
768.78,-85.38
768.80,-95.81
768.83,-93.76
768.86,-93.04
768.88,-90.08
768.91,-86.47
768.94,-88.36
768.97,-92.52
768.99,-92.44
769.02,-89.45
769.05,-87.65
769.07,-91.31
769.10,-97.70
769.13,-91.36
769.15,-90.18
769.18,-87.18
769.21,-84.06
769.24,-86.13
769.26,-86.86
769.29,-86.78
769.32,-90.90
769.34,-84.75
769.37,-85.01
769.40,-85.34
769.43,-81.06
769.45,-82.45
769.48,-79.30
769.51,-78.56
769.53,-89.46
769.56,-79.09
769.59,-79.08
769.62,-76.93
769.64,-76.90
769.67,-85.02
769.70,-81.94
769.72,-79.08
769.75,-81.94
769.78,-78.49
769.81,-78.12
769.83,-80.03
769.86,-70.67
769.89,-70.86
769.91,-85.67
769.94,-81.61
769.97,-84.02
770.00,-73.46
770.02,-71.47
770.05,-75.31
770.08,-77.66
770.10,-77.60
770.13,-85.43
770.16,-79.85
770.19,-77.63
770.21,-91.69
770.24,-86.78
770.27,-87.88
770.29,-80.61
770.32,-78.46
770.35,-80.15
770.38,-83.88
770.40,-83.86
770.43,-86.51
770.46,-79.86
770.48,-80.77
770.51,-92.30
770.54,-89.59
770.57,-92.60
770.59,-79.91
770.62,-79.40
770.65,-86.81
770.67,-88.63
770.70,-88.61
770.73,-91.32
770.75,-88.82
770.78,-90.64
770.81,-95.62
770.84,-105.20
770.86,-97.22
770.89,-90.01
770.92,-88.71
770.94,-96.99
770.97,-87.32
771.00,-87.18
771.03,-93.37
771.05,-90.04
771.08,-93.02
771.11,-86.22
771.13,-85.17
771.16,-84.73
771.19,-83.57
771.22,-84.32
771.24,-91.67
771.27,-84.78
771.30,-84.88
771.32,-83.56
771.35,-82.17
771.38,-85.49
771.41,-88.23
771.43,-87.28
771.46,-91.99
771.49,-84.16
771.51,-84.06
771.54,-91.54
771.57,-88.01
771.60,-88.28
771.62,-93.62
771.65,-88.29
771.68,-88.88
771.70,-89.31
771.73,-88.25
771.76,-92.41
771.79,-94.44
771.81,-93.73
771.84,-93.96
771.87,-90.08
771.89,-90.02
771.92,-89.97
771.95,-90.98
771.98,-93.25
772.00,-90.11
772.03,-88.89
772.06,-92.75
772.08,-94.73
772.11,-94.55
772.14,-90.53
772.17,-86.45
772.19,-88.44
772.22,-91.07
772.25,-90.34
772.27,-94.02
772.30,-93.87
772.33,-92.80
772.36,-96.01
772.38,-93.68
772.41,-93.68
772.44,-96.20
772.46,-90.05
772.49,-90.57
772.52,-86.78
772.54,-86.67
772.57,-92.46
772.60,-93.03
772.63,-92.64
772.65,-101.55
772.68,-92.98
772.71,-93.36
772.73,-93.89
772.76,-93.20
772.79,-98.92
772.82,-93.79
772.84,-93.97
772.87,-93.75
772.90,-95.25
772.92,-98.19
772.95,-97.79
772.98,-94.42
773.01,-94.38
773.03,-92.36
773.06,-92.09
773.09,-96.22
773.11,-99.95
773.14,-99.63
773.17,-98.07
773.20,-93.83
773.22,-93.45
773.25,-90.64
773.28,-91.21
773.30,-92.65
773.33,-90.36
773.36,-90.15
773.39,-92.92
773.41,-90.56
773.44,-93.18
773.47,-102.39
773.49,-94.78
773.52,-92.30
773.55,-92.77
773.58,-96.46
773.60,-98.06
773.63,-94.11
773.66,-93.34
773.68,-95.91
773.71,-95.10
773.74,-97.72
773.77,-98.33
773.79,-93.09
773.82,-92.11
773.85,-95.56
773.87,-93.98
773.90,-99.65
773.93,-94.84
773.96,-94.39
773.98,-99.75
774.01,-94.99
774.04,-96.32
774.06,-97.32
774.09,-92.01
774.12,-97.62
774.14,-105.68
774.17,-101.92
774.20,-102.06
774.23,-101.88
774.25,-97.91
774.28,-91.59
774.31,-88.67
774.33,-89.66
774.36,-96.92
774.39,-93.73
774.42,-95.31
774.44,-95.09
774.47,-97.36
774.50,-104.65
774.52,-97.82
774.55,-94.03
774.58,-90.83
774.61,-88.89
774.63,-89.79
774.66,-97.07
774.69,-97.98
774.71,-93.86
774.74,-99.70
774.77,-98.37
774.80,-99.82
774.82,-95.57
774.85,-91.38
774.85,-91.11
774.88,-93.81
774.90,-100.06
774.93,-100.98
774.96,-98.49
774.99,-91.63
775.01,-91.65
775.04,-93.41
775.07,-92.72
775.09,-93.10
775.12,-93.00
775.15,-92.81
775.18,-96.45
775.20,-93.02
775.23,-93.33
775.26,-97.94
775.28,-99.08
775.31,-100.47
775.34,-91.98
775.37,-91.11
775.39,-86.97
775.42,-86.93
775.45,-92.34
775.47,-93.44
775.50,-98.61
775.53,-98.32
775.56,-97.34
775.58,-98.88
775.61,-96.34
775.64,-92.71
775.66,-92.76
775.69,-94.88
775.72,-96.71
775.74,-97.91
775.77,-94.58
775.80,-94.61
775.83,-94.56
775.85,-90.82
775.88,-91.42
775.91,-92.54
775.93,-95.56
775.96,-95.45
775.99,-96.80
776.02,-90.08
776.04,-89.61
776.07,-91.62
776.10,-94.22
776.12,-91.49
776.15,-92.21
776.18,-94.65
776.21,-97.87
776.23,-91.86
776.26,-91.35
776.29,-91.97
776.31,-92.03
776.34,-91.62
776.37,-91.02
776.40,-95.95
776.42,-93.04
776.45,-93.77
776.48,-97.55
776.50,-101.28
776.53,-100.37
776.56,-95.06
776.59,-91.84
776.61,-92.27
776.64,-98.06
776.67,-92.28
776.69,-90.81
776.72,-90.86
776.75,-91.01
776.78,-91.35
776.80,-95.46
776.83,-92.46
776.86,-91.53
776.88,-90.04
776.91,-88.56
776.94,-89.38
776.97,-89.57
776.99,-90.87
777.02,-98.92
777.05,-94.42
777.07,-93.99
777.10,-96.16
777.13,-91.91
777.16,-92.79
777.18,-100.16
777.21,-98.75
777.24,-96.44
777.26,-97.19
777.29,-96.98
777.32,-92.71
777.35,-92.05
777.37,-92.28
777.40,-92.15
777.43,-94.22
777.45,-93.47
777.48,-92.88
777.51,-93.10
777.53,-91.31
777.56,-90.29
777.59,-90.38
777.62,-95.86
777.64,-92.27
777.67,-95.12
777.70,-91.24
777.72,-93.90
777.75,-96.12
777.78,-94.54
777.81,-93.83
777.83,-93.66
777.86,-93.66
777.89,-92.25
777.91,-92.22
777.94,-96.13
777.97,-95.39
778.00,-95.89
778.02,-93.88
778.05,-93.76
778.08,-94.53
778.10,-93.00
778.13,-94.28
778.16,-91.97
778.19,-90.64
778.21,-92.27
778.24,-97.48
778.27,-95.04
778.29,-95.48
778.32,-93.04
778.35,-91.30
778.38,-92.92
778.40,-92.60
778.43,-90.87
778.46,-93.50
778.48,-95.98
778.51,-95.84
778.54,-95.05
778.57,-92.70
778.59,-93.00
778.62,-96.76
778.65,-91.73
778.67,-90.23
778.70,-93.63
778.73,-98.51
778.76,-93.61
778.78,-96.01
778.81,-96.52
778.84,-92.69
778.86,-92.46
778.89,-93.32
778.92,-98.76
778.95,-93.19
778.97,-92.23
779.00,-93.00
779.03,-100.71
779.05,-99.43
779.08,-98.18
779.11,-98.20
779.13,-93.76
779.16,-93.24
779.19,-96.91
779.22,-93.35
779.24,-93.31
779.27,-92.76
779.30,-92.78
779.32,-96.43
779.35,-93.31
779.38,-92.60
779.41,-98.01
779.43,-94.43
779.46,-91.00
779.49,-91.45
779.51,-92.55
779.54,-90.63
779.57,-92.12
779.60,-96.76
779.62,-97.40
779.65,-94.36
