Frequency (Hz),Level (dBm)
500.00,-88.37
500.01,-94.26
500.02,-101.08
500.03,-101.47
500.04,-102.14
500.05,-97.07
500.07,-97.16
500.08,-101.71
500.09,-101.82
500.10,-99.01
500.11,-99.27
500.12,-102.30
500.13,-100.33
500.14,-99.84
500.15,-98.98
500.16,-100.52
500.17,-97.29
500.18,-98.53
500.20,-99.59
500.21,-99.95
500.22,-98.30
500.23,-98.78
500.24,-93.95
500.25,-93.12
500.26,-97.50
500.27,-99.41
500.28,-99.34
500.29,-98.91
500.30,-91.95
500.31,-92.00
500.33,-98.89
500.34,-99.36
500.35,-101.95
500.36,-101.65
500.37,-103.76
500.38,-103.57
500.39,-102.01
500.40,-104.15
500.41,-102.45
500.42,-101.00
500.43,-101.18
500.44,-100.68
500.46,-101.19
500.47,-100.67
500.48,-100.59
500.49,-100.72
500.50,-103.49
500.51,-99.42
500.52,-99.39
500.53,-102.95
500.54,-102.43
500.55,-103.43
500.56,-103.19
500.57,-102.26
500.59,-102.75
500.60,-103.10
500.61,-102.41
500.62,-100.75
500.63,-101.43
500.64,-100.64
500.65,-103.94
500.66,-101.20
500.67,-101.76
500.68,-100.54
500.69,-100.77
500.71,-102.64
500.72,-101.40
500.73,-100.84
500.74,-101.06
500.75,-101.51
500.76,-101.44
500.77,-102.83
500.78,-104.05
500.79,-103.80
500.80,-103.77
500.81,-103.32
500.82,-100.75
500.84,-100.71
500.85,-104.38
500.86,-100.78
500.87,-101.63
500.88,-102.49
500.89,-101.92
500.90,-102.94
500.91,-100.68
500.92,-100.75
500.93,-103.15
500.94,-102.32
500.95,-103.68
500.97,-103.80
500.98,-102.45
500.99,-101.32
501.00,-100.82
501.01,-103.23
501.02,-100.57
501.03,-101.62
501.04,-102.41
501.05,-102.59
501.06,-103.12
501.07,-100.59
501.08,-99.32
501.10,-101.50
501.11,-100.83
501.12,-100.33
501.13,-100.48
501.14,-101.30
501.15,-102.15
501.16,-100.67
501.17,-100.96
501.18,-103.19
501.19,-101.79
501.20,-102.00
501.21,-101.86
501.23,-102.38
501.24,-103.56
501.25,-102.44
501.26,-100.77
501.27,-101.37
501.28,-102.51
501.29,-103.15
501.30,-102.72
501.31,-101.52
501.32,-100.52
501.33,-101.22
501.35,-102.14
501.36,-102.17
501.37,-98.08
501.38,-97.97
501.39,-100.15
501.40,-102.89
501.41,-102.70
501.42,-100.51
501.43,-100.74
501.44,-102.31
501.45,-100.63
501.46,-99.92
501.48,-100.75
501.49,-102.28
501.50,-102.26
501.51,-100.20
501.52,-100.70
501.53,-98.52
501.54,-99.05
501.55,-100.85
501.56,-100.05
501.57,-98.01
501.58,-98.00
501.59,-97.17
501.61,-97.22
501.62,-98.48
501.63,-102.48
501.64,-101.20
501.65,-100.35
501.66,-99.16
501.67,-97.62
501.68,-97.51
501.69,-100.44
501.70,-99.69
501.71,-99.86
501.72,-98.16
501.74,-98.15
501.75,-99.69
501.76,-101.66
501.77,-100.02
501.78,-100.90
501.79,-100.67
501.80,-100.54
501.81,-99.14
501.82,-99.09
501.83,-98.74
501.84,-98.94
501.85,-98.15
501.87,-98.08
501.88,-97.59
501.89,-98.39
501.90,-98.65
501.91,-99.04
501.92,-98.60
501.93,-98.78
501.94,-98.88
501.95,-98.21
501.96,-97.60
501.97,-97.25
501.99,-97.79
502.00,-96.91
502.01,-96.91
502.02,-94.84
502.03,-95.57
502.04,-96.45
502.05,-96.52
502.06,-97.85
502.07,-95.80
502.08,-93.64
502.09,-93.51
502.10,-96.76
502.12,-99.24
502.13,-99.97
502.14,-98.77
502.15,-97.40
502.16,-96.93
502.17,-98.67
502.18,-98.67
502.19,-97.49
502.20,-97.41
502.21,-98.17
502.22,-98.02
502.23,-100.20
502.25,-97.98
502.26,-98.05
502.27,-100.05
502.28,-102.09
502.29,-98.39
502.30,-98.51
502.31,-100.37
502.32,-100.86
502.33,-101.28
502.34,-100.87
502.35,-102.92
502.36,-101.42
502.38,-102.28
502.39,-101.15
502.40,-101.15
502.41,-99.61
502.42,-97.48
502.43,-99.26
502.44,-98.79
502.45,-99.00
502.46,-100.99
502.47,-100.50
502.48,-97.73
502.50,-96.97
502.51,-96.18
502.52,-95.43
502.53,-94.86
502.54,-95.12
502.55,-96.46
502.56,-94.11
502.57,-89.96
502.58,-88.62
502.59,-90.43
502.60,-96.53
502.61,-96.38
502.63,-96.59
502.64,-96.06
502.65,-93.86
502.66,-94.19
502.67,-96.57
502.68,-100.37
502.69,-100.43
502.70,-100.32
502.71,-98.77
502.72,-98.71
502.73,-101.69
502.74,-101.45
502.76,-100.57
502.77,-100.72
502.78,-101.50
502.79,-101.39
502.80,-102.67
502.81,-103.78
502.82,-102.14
502.83,-102.01
502.84,-101.87
502.85,-103.27
502.86,-102.61
502.87,-100.92
502.89,-101.30
502.90,-101.80
502.91,-101.75
502.92,-98.87
502.93,-99.93
502.94,-99.59
502.95,-100.53
502.96,-100.42
502.97,-97.78
502.98,-96.12
502.99,-92.21
503.00,-91.83
503.02,-98.15
503.03,-97.29
503.04,-94.11
503.05,-93.50
503.06,-89.89
503.07,-87.57
503.08,-92.22
503.09,-94.46
503.10,-95.65
503.11,-96.23
503.12,-95.83
503.14,-93.82
503.15,-96.00
503.16,-98.43
503.17,-99.51
503.18,-100.87
503.19,-100.04
503.20,-100.08
503.21,-103.06
503.22,-102.06
503.23,-101.69
503.24,-98.93
503.25,-99.52
503.27,-101.20
503.28,-101.85
503.29,-101.31
503.30,-102.34
503.31,-101.02
503.32,-100.97
503.33,-100.46
503.34,-100.48
503.35,-101.05
503.36,-102.34
503.37,-101.99
503.38,-102.12
503.40,-102.07
503.41,-101.68
503.42,-101.94
503.43,-102.46
503.44,-101.51
503.45,-101.38
503.46,-101.88
503.47,-101.39
503.48,-99.37
503.49,-97.96
503.50,-97.81
503.51,-101.49
503.53,-101.63
503.54,-99.16
503.55,-97.65
503.56,-96.85
503.57,-100.20
503.58,-99.56
503.59,-98.80
503.60,-98.86
503.61,-99.80
503.62,-99.19
503.63,-99.75
503.64,-99.37
503.66,-99.62
503.67,-100.51
503.68,-99.59
503.69,-100.51
503.70,-100.49
503.71,-100.38
503.72,-102.18
503.73,-100.26
503.74,-98.87
503.75,-100.72
503.76,-100.25
503.78,-101.82
503.79,-96.83
503.80,-96.13
503.81,-96.52
503.82,-98.52
503.83,-98.99
503.84,-99.37
503.85,-99.21
503.86,-99.63
503.87,-98.85
503.88,-100.80
503.89,-99.99
503.91,-99.82
503.92,-102.25
503.93,-99.72
503.94,-99.86
503.95,-101.10
503.96,-101.39
503.97,-101.08
503.98,-102.05
503.99,-94.73
504.00,-94.62
504.01,-96.96
504.02,-100.73
504.04,-99.78
504.05,-100.62
504.06,-100.59
504.07,-100.30
504.08,-99.39
504.09,-99.60
504.10,-99.90
504.11,-100.42
504.12,-101.72
504.13,-102.03
504.14,-102.79
504.15,-101.14
504.17,-101.03
504.18,-99.48
504.19,-100.65
504.20,-100.46
504.21,-100.81
504.22,-102.91
504.23,-101.41
504.24,-101.21
504.25,-101.80
504.26,-101.25
504.27,-101.19
504.28,-100.23
504.30,-99.78
504.31,-100.03
504.32,-99.76
504.33,-100.52
504.34,-101.63
504.35,-99.50
504.36,-100.34
504.37,-99.50
504.38,-100.00
504.39,-100.71
504.40,-100.69
504.42,-102.62
504.43,-102.05
504.44,-102.59
504.45,-100.12
504.46,-99.81
504.47,-98.89
504.48,-99.21
504.49,-98.34
504.50,-98.04
504.51,-100.38
504.52,-98.74
504.53,-99.61
504.55,-99.26
504.56,-98.39
504.57,-99.37
504.58,-99.04
504.59,-99.72
504.60,-99.95
504.61,-100.83
504.62,-100.16
504.63,-100.11
504.64,-100.07
504.65,-99.34
504.66,-100.36
504.68,-99.90
504.69,-100.86
504.70,-99.60
504.71,-99.71
504.72,-101.68
504.73,-101.11
504.74,-100.56
504.75,-100.25
504.76,-100.27
504.77,-101.79
504.78,-101.31
504.79,-98.63
504.81,-100.58
504.82,-101.03
504.83,-99.39
504.84,-99.59
504.85,-100.64
504.86,-98.49
504.87,-98.18
504.88,-98.30
504.89,-98.90
504.90,-98.96
504.91,-97.41
504.92,-96.94
504.94,-100.78
504.95,-101.62
504.96,-102.02
504.97,-100.30
504.98,-99.24
504.99,-98.71
504.99,-99.26
505.00,-98.90
505.01,-99.36
505.02,-96.88
505.03,-96.13
505.04,-98.77
505.06,-99.24
505.07,-99.70
505.08,-98.65
505.09,-99.28
505.10,-98.01
505.11,-99.39
505.12,-96.51
505.13,-96.71
505.14,-99.85
505.15,-100.01
505.16,-101.06
505.17,-100.13
505.19,-95.37
505.20,-95.35
505.21,-97.85
505.22,-99.41
505.23,-98.89
505.24,-98.62
505.25,-98.36
505.26,-99.37
505.27,-99.33
505.28,-97.13
505.29,-97.92
505.30,-99.11
505.32,-98.80
505.33,-97.78
505.34,-97.74
505.35,-98.55
505.36,-98.90
505.37,-99.79
505.38,-100.63
505.39,-98.40
505.40,-94.38
505.41,-96.18
505.42,-97.27
505.43,-96.86
505.45,-97.23
505.46,-98.01
505.47,-99.46
505.48,-99.89
505.49,-98.51
505.50,-97.60
505.51,-98.14
505.52,-98.11
505.53,-99.82
505.54,-99.07
505.55,-99.11
505.56,-99.51
505.58,-98.82
505.59,-98.91
505.60,-98.82
505.61,-99.98
505.62,-99.11
505.63,-99.30
505.64,-99.27
505.65,-97.33
505.66,-101.22
505.67,-99.10
505.68,-99.04
505.70,-100.80
505.71,-99.49
505.72,-98.92
505.73,-100.75
505.74,-99.59
505.75,-99.67
505.76,-101.08
505.77,-101.24
505.78,-100.04
505.79,-99.57
505.80,-99.73
505.81,-98.13
505.83,-98.38
505.84,-99.39
505.85,-99.61
505.86,-98.61
505.87,-96.89
505.88,-96.69
505.89,-96.83
505.90,-98.74
505.91,-99.95
505.92,-99.57
505.93,-97.37
505.94,-96.16
505.96,-97.61
505.97,-99.40
505.98,-99.67
505.99,-99.62
506.00,-99.08
506.01,-98.05
506.02,-98.78
506.03,-99.04
506.04,-99.24
506.05,-99.79
506.06,-98.98
506.07,-98.98
506.09,-99.48
506.10,-100.05
506.11,-99.90
506.12,-99.22
506.13,-99.55
506.14,-100.18
506.15,-97.99
506.16,-97.75
506.17,-96.73
506.18,-96.72
506.19,-97.61
506.20,-97.44
506.22,-98.54
506.23,-98.68
506.24,-95.20
506.25,-94.97
506.26,-99.31
506.27,-99.75
506.28,-97.21
506.29,-98.59
506.30,-87.47
506.31,-86.93
506.32,-95.29
506.34,-100.47
506.35,-100.96
506.36,-99.87
506.37,-97.24
506.38,-96.09
506.39,-98.24
506.40,-100.37
506.41,-98.31
506.42,-98.63
506.43,-96.88
506.44,-99.21
506.45,-100.87
506.47,-98.55
506.48,-98.10
506.49,-98.24
506.50,-97.95
506.51,-98.31
506.52,-98.68
506.53,-97.57
506.54,-98.61
506.55,-97.28
506.56,-97.10
506.57,-98.31
506.58,-97.89
506.60,-97.94
506.61,-97.20
506.62,-97.01
506.63,-96.53
506.64,-98.07
506.65,-98.19
506.66,-97.11
506.67,-95.73
506.68,-97.42
506.69,-96.54
506.70,-96.40
506.71,-98.28
506.73,-99.48
506.74,-99.15
506.75,-99.80
506.76,-98.04
506.77,-97.86
506.78,-98.87
506.79,-97.35
506.80,-98.41
506.81,-99.29
506.82,-97.85
506.83,-99.37
506.84,-98.09
506.86,-97.61
506.87,-96.70
506.88,-99.30
506.89,-99.21
506.90,-100.02
506.91,-98.72
506.92,-97.51
506.93,-98.50
506.94,-97.76
506.95,-99.00
506.96,-99.43
506.98,-98.31
506.99,-98.26
507.00,-98.36
507.01,-99.44
507.02,-99.18
507.03,-98.13
507.04,-98.77
507.05,-99.30
507.06,-100.41
507.07,-99.03
507.08,-98.04
507.09,-99.16
507.11,-98.06
507.12,-97.43
507.13,-99.15
507.14,-99.00
507.15,-101.45
507.16,-99.51
507.17,-98.94
507.18,-99.02
507.19,-98.37
507.20,-97.70
507.21,-96.31
507.22,-96.48
507.24,-99.40
507.25,-98.75
507.26,-98.21
507.27,-100.14
507.28,-98.95
507.29,-98.58
507.30,-98.77
507.31,-99.23
507.32,-98.85
507.33,-99.98
507.34,-99.57
507.35,-101.63
507.37,-99.27
507.38,-98.73
507.39,-99.50
507.40,-99.24
507.41,-99.31
507.42,-99.12
507.43,-98.49
507.44,-98.67
507.45,-99.51
507.46,-99.07
507.47,-99.19
507.49,-95.51
507.50,-95.21
507.51,-98.93
507.52,-98.42
507.53,-98.72
507.54,-100.14
507.55,-97.28
507.56,-97.31
507.57,-100.30
507.58,-100.00
507.59,-101.93
507.60,-101.02
507.62,-100.46
507.63,-96.40
507.64,-98.91
507.65,-99.12
507.66,-99.77
507.67,-99.56
507.68,-98.60
507.69,-99.44
507.70,-97.97
507.71,-97.01
507.72,-98.39
507.73,-95.53
507.75,-95.04
507.76,-96.38
507.77,-97.37
507.78,-96.94
507.79,-98.31
507.80,-98.42
507.81,-97.61
507.82,-97.77
507.83,-98.00
507.84,-99.64
507.85,-101.72
507.86,-101.12
507.88,-99.72
507.89,-100.07
507.90,-101.20
507.91,-100.12
507.92,-98.49
507.93,-97.41
507.94,-97.62
507.95,-98.09
507.96,-98.50
507.97,-98.39
507.98,-99.71
507.99,-96.87
508.01,-96.94
508.02,-99.93
508.03,-100.51
508.04,-98.87
508.05,-98.18
508.06,-99.40
508.07,-101.54
508.08,-99.34
508.09,-99.27
508.10,-99.58
508.11,-98.67
508.13,-98.34
508.14,-98.97
508.15,-99.00
508.16,-95.93
508.17,-97.17
508.18,-99.23
508.19,-97.49
508.20,-100.49
508.21,-99.67
508.22,-95.61
508.23,-95.60
508.24,-96.49
508.26,-98.37
508.27,-96.80
508.28,-97.58
508.29,-99.10
508.30,-98.95
508.31,-98.56
508.32,-98.73
508.33,-99.76
508.34,-98.92
508.35,-101.19
508.36,-100.99
508.37,-100.17
508.39,-98.85
508.40,-100.72
508.41,-99.50
508.42,-99.64
508.43,-99.97
508.44,-97.93
508.45,-98.08
508.46,-99.62
508.47,-101.35
508.48,-100.37
508.49,-97.31
508.50,-97.25
508.52,-99.59
508.53,-100.16
508.54,-100.01
508.55,-100.45
508.56,-100.35
508.57,-101.24
508.58,-101.30
508.59,-101.18
508.60,-100.98
508.61,-97.53
508.62,-97.10
508.63,-93.36
508.65,-92.48
508.66,-92.56
508.67,-94.17
508.68,-95.10
508.69,-91.87
508.70,-89.18
508.71,-85.76
508.72,-86.14
508.73,-91.68
508.74,-92.76
508.75,-92.90
508.77,-93.60
508.78,-93.63
508.79,-94.02
508.80,-95.39
508.81,-96.83
508.82,-97.26
508.83,-97.46
508.84,-97.20
508.85,-97.25
508.86,-97.92
508.87,-97.70
508.88,-98.01
508.90,-101.46
508.91,-98.89
508.92,-98.44
508.93,-100.37
508.94,-98.03
508.95,-97.56
508.96,-99.53
508.97,-99.65
508.98,-99.32
508.99,-98.67
509.00,-99.69
509.01,-100.73
509.03,-100.56
509.04,-100.37
509.05,-100.27
509.06,-100.09
509.07,-99.12
509.08,-99.27
509.09,-99.85
509.10,-98.78
509.11,-99.94
509.12,-98.40
509.13,-99.71
509.14,-100.38
509.16,-99.80
509.17,-100.89
509.18,-101.68
509.19,-100.88
509.20,-97.99
509.21,-99.63
509.22,-100.69
509.23,-102.88
509.24,-99.74
509.25,-98.61
509.26,-102.99
509.27,-98.40
509.29,-98.97
509.30,-100.78
509.31,-100.65
509.32,-101.78
509.33,-100.55
509.34,-100.93
509.35,-100.56
509.36,-103.24
509.37,-103.29
509.38,-102.78
509.39,-101.68
509.41,-99.34
509.42,-99.96
509.43,-99.22
509.44,-98.63
509.45,-99.85
509.46,-101.33
509.47,-101.21
509.48,-100.66
509.49,-100.74
509.50,-100.96
509.51,-99.91
509.52,-101.13
509.54,-98.34
509.55,-98.17
509.56,-101.75
509.57,-100.68
509.58,-99.39
509.59,-100.45
509.60,-101.11
509.61,-99.00
509.62,-100.77
509.63,-101.08
509.64,-102.36
509.65,-101.46
509.67,-101.69
509.68,-101.57
509.69,-100.08
509.70,-101.28
509.71,-98.19
509.72,-98.01
509.73,-100.58
509.74,-99.79
509.75,-100.03
509.76,-99.95
509.77,-101.23
509.78,-102.30
509.80,-101.66
509.81,-101.48
509.82,-99.53
509.83,-100.36
509.84,-97.83
509.85,-97.61
509.86,-100.21
509.87,-98.96
509.88,-99.03
509.89,-98.43
509.90,-98.69
509.91,-98.66
509.93,-101.96
509.94,-102.00
509.95,-97.65
509.96,-99.05
509.97,-100.30
509.98,-97.24
509.98,-99.95
509.99,-95.69
510.00,-95.88
510.01,-100.86
510.02,-98.89
510.03,-98.79
510.05,-97.99
510.06,-99.64
510.07,-97.99
510.08,-97.72
510.09,-99.14
510.10,-99.47
510.11,-99.21
510.12,-98.80
510.13,-98.48
510.14,-98.61
510.15,-98.81
510.16,-98.65
510.18,-96.94
510.19,-96.58
510.20,-96.23
510.21,-98.85
510.22,-98.57
510.23,-101.63
510.24,-99.81
510.25,-100.66
510.26,-97.90
510.27,-97.97
510.28,-99.03
510.29,-98.97
510.31,-101.23
510.32,-101.28
510.33,-100.82
510.34,-99.14
510.35,-98.89
510.36,-99.81
510.37,-101.11
510.38,-101.82
510.39,-102.09
510.40,-100.58
510.41,-100.55
510.42,-102.94
510.44,-101.52
510.45,-101.19
510.46,-101.56
510.47,-101.59
510.48,-101.24
510.49,-101.99
510.50,-102.92
510.51,-101.35
510.52,-102.60
510.53,-100.59
510.54,-102.63
510.55,-100.47
510.57,-101.01
510.58,-101.14
510.59,-105.05
510.60,-102.74
510.61,-102.35
510.62,-105.90
510.63,-102.92
510.64,-100.75
510.65,-102.03
510.66,-98.19
510.67,-99.33
510.69,-103.07
510.70,-100.08
510.71,-99.57
510.72,-101.23
510.73,-100.37
510.74,-99.97
510.75,-99.87
510.76,-100.89
510.77,-99.60
510.78,-100.34
510.79,-102.48
510.80,-101.28
510.82,-101.53
510.83,-101.44
510.84,-100.82
510.85,-103.95
510.86,-105.22
510.87,-103.03
510.88,-100.99
510.89,-100.90
510.90,-102.53
510.91,-102.91
510.92,-102.36
510.93,-102.43
510.95,-102.88
510.96,-102.84
510.97,-101.50
510.98,-100.89
510.99,-103.37
511.00,-100.43
511.01,-100.36
511.02,-101.44
511.03,-101.22
511.04,-102.58
511.05,-103.22
511.06,-101.43
511.08,-99.21
511.09,-103.83
511.10,-102.56
511.11,-99.95
511.12,-101.39
511.13,-101.27
511.14,-100.69
511.15,-99.94
511.16,-101.76
511.17,-102.00
511.18,-101.67
511.19,-101.60
511.21,-102.38
511.22,-102.58
511.23,-102.26
511.24,-102.15
511.25,-102.90
511.26,-100.98
511.27,-99.81
511.28,-100.80
511.29,-102.88
511.30,-100.98
511.31,-100.57
511.33,-103.58
511.34,-102.02
511.35,-100.54
511.36,-99.60
511.37,-102.92
511.38,-101.69
511.39,-103.79
511.40,-103.66
511.41,-102.31
511.42,-102.36
511.43,-103.18
511.44,-100.28
511.46,-99.94
511.47,-98.61
511.48,-99.26
511.49,-101.73
511.50,-98.69
511.51,-98.65
511.52,-99.44
511.53,-92.72
511.54,-92.75
511.55,-99.21
511.56,-102.14
511.57,-99.51
511.59,-99.13
511.60,-98.80
511.61,-100.25
511.62,-101.23
511.63,-102.12
511.64,-101.93
511.65,-103.19
511.66,-102.69
511.67,-102.70
511.68,-103.29
511.69,-103.58
511.70,-101.67
511.72,-101.21
511.73,-102.57
511.74,-103.46
511.75,-104.00
511.76,-104.72
511.77,-103.50
511.78,-101.59
511.79,-103.18
511.80,-102.19
511.81,-103.05
511.82,-103.20
511.83,-103.70
511.85,-101.93
511.86,-101.30
511.87,-101.77
511.88,-101.91
511.89,-102.75
511.90,-103.75
511.91,-102.58
511.92,-102.98
511.93,-105.02
511.94,-100.88
511.95,-101.16
511.97,-105.11
511.98,-102.66
511.99,-103.03
512.00,-103.45
512.01,-101.99
512.02,-101.56
512.03,-103.88
512.04,-102.25
512.05,-102.21
512.06,-104.44
512.07,-107.32
512.08,-102.47
512.10,-102.92
512.11,-103.85
512.12,-102.51
512.13,-104.03
512.14,-105.52
512.15,-102.16
512.16,-101.78
512.17,-105.35
512.18,-104.15
512.19,-102.87
512.20,-102.05
512.21,-105.23
512.23,-105.31
512.24,-103.79
512.25,-103.39
512.26,-104.62
512.27,-105.73
512.28,-105.15
512.29,-106.45
512.30,-104.99
512.31,-103.05
512.32,-102.18
512.33,-102.10
512.34,-103.80
512.36,-102.77
512.37,-103.05
512.38,-102.27
512.39,-101.59
512.40,-101.81
512.41,-104.94
512.42,-103.13
512.43,-103.80
512.44,-103.58
512.45,-104.85
512.46,-104.41
512.48,-104.28
512.49,-102.37
512.50,-102.46
512.51,-104.50
512.52,-103.29
512.53,-102.89
512.54,-104.74
512.55,-104.25
512.56,-104.20
512.57,-103.92
512.58,-104.39
512.59,-105.39
512.61,-103.55
512.62,-104.37
512.63,-100.32
512.64,-103.66
512.65,-102.92
512.66,-101.46
512.67,-101.29
512.68,-101.38
512.69,-102.34
512.70,-102.67
512.71,-101.87
512.72,-101.25
512.74,-100.44
512.75,-100.19
512.76,-99.92
512.77,-101.54
512.78,-102.42
512.79,-103.25
512.80,-101.96
512.81,-102.02
512.82,-100.20
512.83,-100.11
512.84,-103.39
512.85,-101.27
512.87,-101.35
512.88,-102.87
512.89,-103.56
512.90,-102.69
512.91,-100.18
512.92,-101.48
512.93,-103.84
512.94,-102.95
512.95,-103.57
512.96,-103.94
512.97,-103.38
512.98,-104.55
513.00,-101.58
513.01,-102.24
513.02,-100.28
513.03,-101.02
513.04,-99.01
513.05,-97.46
513.06,-99.78
513.07,-99.71
513.08,-102.27
513.09,-103.44
513.10,-102.33
513.12,-99.49
513.13,-98.03
513.14,-101.12
513.15,-100.83
513.16,-100.89
513.17,-99.47
513.18,-101.29
513.19,-98.74
513.20,-97.12
513.21,-99.47
513.22,-100.89
513.23,-101.51
513.25,-103.26
513.26,-98.74
513.27,-93.20
513.28,-93.22
513.29,-93.25
513.30,-99.00
513.31,-99.15
513.32,-100.49
513.33,-98.08
513.34,-93.25
513.35,-93.06
513.36,-100.20
513.38,-100.53
513.39,-101.26
513.40,-100.82
513.41,-100.37
513.42,-97.62
513.43,-98.77
513.44,-101.20
513.45,-103.37
513.46,-103.26
513.47,-100.07
513.48,-98.69
513.49,-96.31
513.51,-99.49
513.52,-101.06
513.53,-102.30
513.54,-101.03
513.55,-102.00
513.56,-96.57
513.57,-95.87
513.58,-100.38
513.59,-100.42
513.60,-101.83
513.61,-102.02
513.62,-101.63
513.64,-98.95
513.65,-98.80
513.66,-102.89
513.67,-100.47
513.68,-102.44
513.69,-101.45
513.70,-100.72
513.71,-102.09
513.72,-101.90
513.73,-102.45
513.74,-101.47
513.76,-101.17
513.77,-100.35
513.78,-97.04
513.79,-97.06
513.80,-99.27
513.81,-99.07
513.82,-100.76
513.83,-100.29
513.84,-100.42
513.85,-101.16
513.86,-95.11
513.87,-94.86
513.89,-99.45
513.90,-101.05
513.91,-101.57
513.92,-99.05
513.93,-98.16
513.94,-98.26
513.95,-99.98
513.96,-99.68
513.97,-100.01
513.98,-100.50
513.99,-101.29
514.00,-99.88
514.02,-99.30
514.03,-100.05
514.04,-100.18
514.05,-99.90
514.06,-100.42
514.07,-98.68
514.08,-98.73
514.09,-101.34
514.10,-101.86
514.11,-100.38
514.12,-101.94
514.13,-102.31
514.15,-101.87
514.16,-99.84
514.17,-98.81
514.18,-101.21
514.19,-100.87
514.20,-100.56
514.21,-101.41
514.22,-100.75
514.23,-100.61
514.24,-98.84
514.25,-99.81
514.26,-101.89
514.28,-97.17
514.29,-97.06
514.30,-96.98
514.31,-97.00
514.32,-98.92
514.33,-99.10
514.34,-95.59
514.35,-91.05
514.36,-91.02
514.37,-97.01
514.38,-97.78
514.40,-98.25
514.41,-97.58
514.42,-97.75
514.43,-98.67
514.44,-98.53
514.45,-98.38
514.46,-101.60
514.47,-104.82
514.48,-102.32
514.49,-101.71
514.50,-101.25
514.51,-101.65
514.53,-102.23
514.54,-103.29
514.55,-101.69
514.56,-101.29
514.57,-104.02
514.58,-103.90
514.59,-103.96
514.60,-106.79
514.61,-101.59
514.62,-101.53
514.63,-103.75
514.64,-105.86
514.66,-105.65
514.67,-105.56
514.68,-105.95
514.69,-105.95
514.70,-105.92
514.71,-102.86
514.72,-102.75
514.73,-103.41
514.74,-104.13
514.75,-102.21
514.76,-103.43
514.77,-104.39
514.79,-104.54
514.80,-104.52
514.81,-105.26
514.82,-104.90
514.83,-103.53
514.84,-102.07
514.85,-102.01
514.86,-103.40
514.87,-104.26
514.88,-104.74
514.89,-105.02
514.90,-106.21
514.92,-106.48
514.93,-105.46
514.94,-105.62
514.95,-105.64
514.96,-107.26
514.97,-105.72
514.97,-106.68
514.98,-103.99
514.99,-104.16
515.00,-106.67
515.01,-107.05
515.02,-105.80
515.04,-106.43
515.05,-103.94
515.06,-103.71
515.07,-106.77
515.08,-106.26
515.09,-103.09
515.10,-104.73
515.11,-106.58
515.12,-104.02
515.13,-103.62
515.14,-105.72
515.15,-103.26
515.17,-103.10
515.18,-106.16
515.19,-101.41
515.20,-100.64
515.21,-104.99
515.22,-106.15
515.23,-105.97
515.24,-104.20
515.25,-102.37
515.26,-102.93
515.27,-106.46
515.28,-106.26
515.30,-104.21
515.31,-103.63
515.32,-105.03
515.33,-105.40
515.34,-104.23
515.35,-102.89
515.36,-105.35
515.37,-107.77
515.38,-104.56
515.39,-104.18
515.40,-104.57
515.41,-104.78
515.43,-105.32
515.44,-104.56
515.45,-105.63
515.46,-104.31
515.47,-104.26
515.48,-106.58
515.49,-103.60
515.50,-104.26
515.51,-104.88
515.52,-103.37
515.53,-102.69
515.54,-106.51
515.56,-104.08
515.57,-101.76
515.58,-103.16
515.59,-103.61
515.60,-103.13
515.61,-106.42
515.62,-105.64
515.63,-103.05
515.64,-106.22
515.65,-105.89
515.66,-103.43
515.68,-104.30
515.69,-103.31
515.70,-101.70
515.71,-104.32
515.72,-102.85
515.73,-101.60
515.74,-104.48
515.75,-105.04
515.76,-102.00
515.77,-102.22
515.78,-99.86
515.79,-100.33
515.81,-104.65
515.82,-102.39
515.83,-101.72
515.84,-102.58
515.85,-104.46
515.86,-102.57
515.87,-102.91
515.88,-104.73
515.89,-101.04
515.90,-99.64
515.91,-102.62
515.92,-102.05
515.94,-100.84
515.95,-103.94
515.96,-100.93
515.97,-100.84
515.98,-102.91
515.99,-98.78
516.00,-96.89
516.01,-99.42
516.02,-100.98
516.03,-101.12
516.04,-97.98
516.05,-98.11
516.07,-97.83
516.08,-95.87
516.09,-93.65
516.10,-93.54
516.11,-93.62
516.12,-94.31
516.13,-95.03
516.14,-98.69
516.15,-99.65
516.16,-101.15
516.17,-101.01
516.18,-102.29
516.20,-101.72
516.21,-100.66
516.22,-104.75
516.23,-103.61
516.24,-102.98
516.25,-103.56
516.26,-104.45
516.27,-102.97
516.28,-102.92
516.29,-105.00
516.30,-102.69
516.32,-104.24
516.33,-101.89
516.34,-101.84
516.35,-103.25
516.36,-100.89
516.37,-99.58
516.38,-103.02
516.39,-105.28
516.40,-104.52
516.41,-104.58
516.42,-106.64
516.43,-103.61
516.45,-103.75
516.46,-105.23
516.47,-103.47
516.48,-103.53
516.49,-106.69
516.50,-102.58
516.51,-101.54
516.52,-102.79
516.53,-104.75
516.54,-104.37
516.55,-104.13
516.56,-105.67
516.58,-103.24
516.59,-103.20
516.60,-102.00
516.61,-102.27
516.62,-102.70
516.63,-102.79
516.64,-104.16
516.65,-104.19
516.66,-105.57
516.67,-103.90
516.68,-103.29
516.69,-105.84
516.71,-104.81
516.72,-104.27
516.73,-106.71
516.74,-103.16
516.75,-101.83
516.76,-103.64
516.77,-103.19
516.78,-103.04
516.79,-104.08
516.80,-104.64
516.81,-103.36
516.82,-104.82
516.84,-103.50
516.85,-101.76
516.86,-103.88
516.87,-105.44
516.88,-101.69
516.89,-104.25
516.90,-104.08
516.91,-101.55
516.92,-102.11
516.93,-105.07
516.94,-99.72
516.96,-104.08
516.97,-105.13
516.98,-101.65
516.99,-101.80
517.00,-106.26
517.01,-103.22
517.02,-102.78
517.03,-106.46
517.04,-105.69
517.05,-104.58
517.06,-103.53
517.07,-102.41
517.09,-103.42
517.10,-105.24
517.11,-104.06
517.12,-104.22
517.13,-105.03
517.14,-105.47
517.15,-103.48
517.16,-103.69
517.17,-101.49
517.18,-99.47
517.19,-101.61
517.20,-103.11
517.22,-102.22
517.23,-102.66
517.24,-105.62
517.25,-102.70
517.26,-100.70
517.27,-102.01
517.28,-101.44
517.29,-102.44
517.30,-103.83
517.31,-101.30
517.32,-101.31
517.33,-101.73
517.35,-98.95
517.36,-99.31
517.37,-103.92
517.38,-101.35
517.39,-101.35
517.40,-105.17
517.41,-101.41
517.42,-99.77
517.43,-104.09
517.44,-100.89
517.45,-99.50
517.47,-103.31
517.48,-101.60
517.49,-98.67
517.50,-99.36
517.51,-104.03
517.52,-101.15
517.53,-103.49
517.54,-104.70
517.55,-100.95
517.56,-101.68
517.57,-105.45
517.58,-101.09
517.60,-101.55
517.61,-106.99
517.62,-105.02
517.63,-104.09
517.64,-104.22
517.65,-101.63
517.66,-101.63
517.67,-104.03
517.68,-102.89
517.69,-101.74
517.70,-103.79
517.71,-101.67
517.73,-100.62
517.74,-102.75
517.75,-101.11
517.76,-99.75
517.77,-100.27
517.78,-102.01
517.79,-101.64
517.80,-101.78
517.81,-101.20
517.82,-102.72
517.83,-102.45
517.84,-100.58
517.86,-101.02
517.87,-102.50
517.88,-100.60
517.89,-100.63
517.90,-100.12
517.91,-99.70
517.92,-99.60
517.93,-101.30
517.94,-102.05
517.95,-104.22
517.96,-101.53
517.97,-102.39
517.99,-101.34
518.00,-101.07
518.01,-102.50
518.02,-101.22
518.03,-101.17
518.04,-101.37
518.05,-100.07
518.06,-99.82
518.07,-102.36
518.08,-103.04
518.09,-101.53
518.11,-103.22
518.12,-101.36
518.13,-100.21
518.14,-101.99
518.15,-100.61
518.16,-98.82
518.17,-100.27
518.18,-102.49
518.19,-99.62
518.20,-99.35
518.21,-100.32
518.22,-100.64
518.24,-100.67
518.25,-101.97
518.26,-100.65
518.27,-100.69
518.28,-104.13
518.29,-98.92
518.30,-98.46
518.31,-102.85
518.32,-99.17
518.33,-97.34
518.34,-100.94
518.35,-99.44
518.37,-97.60
518.38,-100.07
518.39,-97.33
518.40,-94.56
518.41,-98.00
518.42,-98.66
518.43,-95.18
518.44,-96.81
518.45,-100.53
518.46,-94.05
518.47,-95.03
518.48,-101.78
518.50,-94.10
518.51,-94.44
518.52,-101.48
518.53,-93.76
518.54,-93.95
518.55,-104.15
518.56,-95.23
518.57,-94.72
518.58,-101.95
518.59,-96.19
518.60,-95.76
518.61,-101.66
518.63,-97.81
518.64,-96.60
518.65,-100.27
518.66,-101.09
518.67,-98.79
518.68,-101.58
518.69,-99.91
518.70,-97.76
518.71,-103.05
518.72,-103.38
518.73,-96.80
518.75,-97.70
518.76,-102.73
518.77,-96.61
518.78,-97.00
518.79,-100.91
518.80,-95.98
518.81,-97.21
518.82,-103.30
518.83,-96.28
518.84,-96.77
518.85,-103.73
518.86,-96.08
518.88,-96.12
518.89,-101.74
518.90,-97.83
518.91,-97.39
518.92,-101.16
518.93,-100.04
518.94,-99.61
518.95,-100.86
518.96,-100.41
518.97,-101.26
518.98,-100.70
518.99,-100.19
519.01,-97.48
519.02,-99.91
519.03,-99.83
519.04,-97.39
519.05,-99.65
519.06,-99.53
519.07,-94.26
519.08,-96.54
519.09,-101.14
519.10,-92.59
519.11,-92.98
519.12,-100.01
519.14,-94.13
519.15,-95.32
519.16,-97.86
519.17,-95.14
519.18,-95.20
519.19,-101.70
519.20,-97.31
519.21,-97.42
519.22,-101.16
519.23,-100.54
519.24,-99.92
519.25,-97.83
519.27,-99.61
519.28,-99.40
519.29,-102.13
519.30,-99.12
519.31,-96.15
519.32,-98.49
519.33,-96.20
519.34,-93.34
519.35,-96.62
519.36,-98.25
519.37,-94.35
519.39,-95.14
519.40,-99.86
519.41,-92.75
519.42,-93.43
519.43,-102.50
519.44,-94.84
519.45,-95.02
519.46,-98.43
519.47,-91.52
519.48,-91.60
519.49,-102.12
519.50,-89.02
519.52,-88.56
519.53,-96.37
519.54,-86.49
519.55,-85.53
519.56,-94.41
519.57,-86.00
519.58,-83.68
519.59,-89.34
519.60,-84.52
519.61,-81.27
519.62,-85.97
519.63,-85.62
519.65,-80.63
519.66,-83.33
519.67,-87.98
519.68,-79.75
519.69,-81.08
519.70,-80.25
519.71,-70.57
519.72,-71.44
519.73,-92.32
519.74,-80.83
519.75,-81.03
519.76,-96.40
519.78,-82.21
519.79,-82.01
519.80,-94.17
519.81,-84.45
519.82,-83.95
519.83,-95.29
519.84,-88.28
519.85,-86.45
519.86,-91.95
519.87,-93.01
519.88,-91.21
519.89,-95.42
519.91,-95.30
519.92,-94.77
519.93,-97.79
519.94,-96.87
519.95,-95.56
519.96,-96.84
519.96,-95.96
519.97,-95.54
519.98,-90.66
519.99,-92.93
520.00,-92.44
520.01,-89.22
520.03,-89.70
520.04,-96.95
520.05,-88.05
520.06,-88.30
520.07,-95.87
520.08,-87.16
520.09,-87.21
520.10,-98.95
520.11,-88.24
520.12,-87.70
520.13,-96.25
520.14,-90.89
520.16,-89.29
520.17,-95.61
520.18,-92.61
520.19,-90.98
520.20,-95.98
520.21,-96.91
520.22,-93.79
520.23,-96.84
520.24,-98.34
520.25,-94.32
520.26,-94.99
520.27,-100.23
520.29,-95.62
520.30,-96.62
520.31,-102.42
520.32,-94.70
520.33,-95.20
520.34,-102.61
520.35,-93.63
520.36,-94.07
520.37,-102.64
520.38,-93.87
520.39,-93.94
520.40,-102.30
520.42,-94.01
520.43,-93.65
520.44,-101.86
520.45,-95.65
520.46,-94.55
520.47,-99.96
520.48,-97.85
520.49,-95.44
520.50,-99.24
520.51,-99.93
520.52,-97.90
520.53,-101.60
520.55,-103.42
520.56,-101.38
520.57,-102.73
520.58,-104.10
520.59,-103.01
520.60,-104.57
520.61,-105.20
520.62,-100.48
520.63,-100.89
520.64,-103.27
520.65,-99.25
520.67,-100.00
520.68,-104.62
520.69,-99.10
520.70,-99.14
520.71,-103.27
520.72,-102.23
520.73,-101.75
520.74,-103.73
520.75,-105.28
520.76,-105.46
520.77,-105.03
520.78,-105.82
520.80,-104.93
520.81,-103.32
520.82,-103.47
520.83,-101.12
520.84,-103.36
520.85,-103.77
520.86,-99.94
520.87,-102.83
520.88,-104.10
520.89,-100.24
520.90,-100.77
520.91,-102.45
520.93,-98.61
520.94,-99.46
520.95,-106.00
520.96,-99.25
520.97,-99.06
520.98,-104.92
520.99,-102.58
521.00,-102.31
521.01,-104.74
521.02,-102.94
521.03,-102.57
521.04,-105.05
521.06,-104.16
521.07,-104.02
521.08,-104.73
521.09,-104.70
521.10,-100.93
521.11,-104.31
521.12,-105.02
521.13,-102.16
521.14,-104.46
521.15,-104.01
521.16,-100.92
521.17,-103.44
521.19,-104.37
521.20,-101.04
521.21,-102.70
521.22,-103.03
521.23,-100.96
521.24,-102.18
521.25,-102.04
521.26,-102.30
521.27,-102.47
521.28,-104.64
521.29,-101.90
521.31,-103.74
521.32,-103.47
521.33,-103.49
521.34,-104.62
521.35,-105.93
521.36,-103.20
521.37,-104.38
521.38,-101.29
521.39,-101.38
521.40,-101.94
521.41,-104.74
521.42,-103.58
521.44,-101.86
521.45,-105.01
521.46,-104.94
521.47,-102.27
521.48,-104.06
521.49,-102.77
521.50,-101.27
521.51,-101.57
521.52,-104.75
521.53,-101.44
521.54,-102.85
521.55,-104.49
521.57,-102.67
521.58,-102.70
521.59,-104.89
521.60,-101.19
521.61,-101.85
521.62,-104.36
521.63,-102.75
521.64,-102.24
521.65,-101.72
521.66,-99.32
521.67,-98.70
521.68,-102.59
521.70,-102.06
521.71,-100.77
521.72,-103.62
521.73,-103.10
521.74,-99.52
521.75,-102.27
521.76,-104.85
521.77,-103.57
521.78,-103.62
521.79,-102.19
521.80,-102.90
521.81,-103.22
521.83,-104.24
521.84,-101.34
521.85,-100.77
521.86,-102.91
521.87,-99.56
521.88,-99.78
521.89,-101.67
521.90,-98.57
521.91,-98.66
521.92,-100.91
521.93,-99.24
521.95,-99.57
521.96,-102.26
521.97,-100.79
521.98,-100.32
521.99,-102.91
522.00,-99.62
522.01,-98.80
522.02,-102.96
522.03,-100.70
522.04,-99.06
522.05,-101.10
522.06,-102.97
522.08,-100.97
522.09,-102.26
522.10,-102.65
522.11,-102.69
522.12,-103.05
522.13,-103.17
522.14,-101.90
522.15,-103.55
522.16,-101.78
522.17,-100.99
522.18,-100.30
522.19,-103.07
522.21,-103.35
522.22,-103.60
522.23,-102.52
522.24,-102.29
522.25,-102.29
522.26,-102.65
522.27,-102.52
522.28,-102.54
522.29,-103.64
522.30,-103.16
522.31,-103.09
522.32,-103.48
522.34,-102.76
522.35,-101.03
522.36,-103.50
522.37,-101.96
522.38,-100.71
522.39,-100.93
522.40,-103.75
522.41,-101.76
522.42,-102.87
522.43,-103.05
522.44,-102.70
522.46,-103.73
522.47,-102.62
522.48,-103.47
522.49,-103.62
522.50,-103.78
522.51,-104.11
522.52,-102.23
522.53,-102.17
522.54,-102.84
522.55,-101.76
522.56,-100.84
522.57,-101.26
522.59,-101.26
522.60,-101.25
522.61,-103.41
522.62,-104.40
522.63,-103.06
522.64,-102.11
522.65,-103.02
522.66,-103.13
522.67,-101.15
522.68,-101.16
522.69,-102.49
522.70,-102.44
522.72,-102.41
522.73,-103.08
522.74,-102.38
522.75,-99.58
522.76,-99.26
522.77,-100.40
522.78,-100.36
522.79,-100.41
522.80,-100.32
522.81,-99.21
522.82,-95.10
522.83,-96.18
522.85,-100.48
522.86,-100.10
522.87,-102.56
522.88,-102.95
522.89,-103.12
522.90,-102.32
522.91,-102.74
522.92,-103.06
522.93,-103.14
522.94,-103.30
522.95,-104.61
522.96,-104.74
522.98,-103.99
522.99,-101.80
523.00,-104.31
523.01,-105.30
523.02,-104.20
523.03,-105.54
523.04,-103.71
523.05,-102.42
523.06,-104.97
523.07,-104.79
523.08,-105.19
523.10,-105.45
523.11,-103.99
523.12,-104.02
523.13,-102.57
523.14,-103.18
523.15,-103.86
523.16,-104.59
523.17,-104.54
523.18,-105.10
523.19,-105.46
523.20,-105.87
523.21,-105.74
523.23,-105.10
523.24,-104.73
523.25,-104.65
523.26,-105.56
523.27,-99.46
523.28,-101.42
523.29,-101.56
523.30,-104.93
523.31,-103.78
523.32,-98.64
523.33,-99.11
523.34,-101.19
523.36,-100.24
523.37,-100.37
523.38,-104.82
523.39,-104.42
523.40,-104.34
523.41,-103.47
523.42,-103.61
523.43,-105.72
523.44,-103.76
523.45,-99.28
523.46,-99.10
523.47,-102.05
523.49,-99.69
523.50,-98.36
523.51,-99.73
523.52,-98.40
523.53,-96.61
523.54,-96.84
523.55,-97.73
523.56,-96.62
523.57,-94.70
523.58,-95.82
523.59,-98.17
523.60,-97.12
523.62,-97.66
523.63,-98.66
523.64,-99.52
523.65,-100.16
523.66,-100.71
523.67,-100.95
523.68,-102.92
523.69,-103.98
523.70,-105.53
523.71,-103.80
523.72,-104.93
523.74,-104.33
523.75,-106.27
523.76,-103.48
523.77,-103.11
523.78,-103.88
523.79,-102.40
523.80,-102.46
523.81,-104.96
523.82,-105.44
523.83,-105.40
523.84,-105.68
523.85,-104.56
523.87,-100.72
523.88,-103.95
523.89,-103.92
523.90,-103.31
523.91,-102.03
523.92,-102.65
523.93,-100.02
523.94,-99.17
523.95,-101.59
523.96,-104.11
523.97,-104.02
523.98,-101.31
524.00,-105.02
524.01,-104.81
524.02,-104.59
524.03,-104.51
524.04,-103.26
524.05,-103.91
524.06,-105.10
524.07,-104.95
524.08,-105.37
524.09,-104.54
524.10,-102.62
524.11,-104.06
524.13,-104.25
524.14,-104.54
524.15,-105.99
524.16,-105.86
524.17,-103.80
524.18,-104.43
524.19,-104.66
524.20,-104.77
524.21,-104.80
524.22,-104.07
524.23,-103.43
524.24,-105.26
524.26,-105.94
524.27,-105.57
524.28,-105.02
524.29,-104.17
524.30,-105.54
524.31,-105.98
524.32,-107.44
524.33,-102.35
524.34,-101.88
524.35,-105.47
524.36,-104.82
524.38,-102.85
524.39,-103.28
524.40,-106.27
524.41,-106.42
524.42,-104.51
524.43,-102.58
524.44,-105.06
524.45,-103.63
524.46,-105.64
524.47,-105.47
524.48,-103.76
524.49,-102.89
524.51,-102.01
524.52,-104.83
524.53,-104.61
524.54,-104.85
524.55,-105.27
524.56,-101.36
524.57,-102.21
524.58,-105.42
524.59,-104.53
524.60,-102.62
524.61,-103.32
524.62,-104.61
524.64,-103.99
524.65,-105.83
524.66,-105.88
524.67,-106.27
524.68,-106.20
524.69,-105.03
524.70,-105.40
524.71,-105.26
524.72,-105.93
524.73,-103.80
524.74,-105.39
524.75,-105.45
524.77,-105.34
524.78,-105.52
524.79,-106.31
524.80,-106.30
524.81,-105.20
524.82,-103.39
524.83,-106.25
524.84,-107.14
524.85,-105.71
524.86,-106.04
524.87,-103.76
524.88,-104.17
524.90,-103.40
524.91,-103.61
524.92,-102.22
524.93,-106.96
524.94,-105.90
524.95,-103.68
524.95,-106.43
524.96,-107.53
524.97,-106.53
524.98,-105.21
524.99,-99.91
525.00,-100.02
525.02,-103.86
525.03,-105.00
525.04,-104.91
525.05,-103.89
525.06,-106.67
525.07,-105.73
525.08,-103.21
525.09,-105.59
525.10,-105.64
525.11,-104.95
525.12,-106.03
525.13,-104.53
525.15,-102.55
525.16,-102.46
525.17,-102.32
525.18,-105.06
525.19,-104.21
525.20,-104.06
525.21,-105.74
525.22,-107.02
525.23,-107.34
525.24,-101.84
525.25,-101.88
525.26,-106.35
525.28,-106.17
525.29,-107.54
525.30,-105.44
525.31,-106.29
525.32,-106.33
525.33,-105.71
525.34,-104.16
525.35,-105.28
525.36,-105.84
525.37,-105.08
525.38,-104.14
525.39,-105.21
525.41,-104.97
525.42,-106.50
525.43,-104.18
525.44,-104.01
525.45,-104.15
525.46,-106.33
525.47,-103.97
525.48,-102.57
525.49,-102.86
525.50,-104.06
525.51,-103.75
525.52,-105.25
525.54,-103.69
525.55,-101.20
525.56,-98.99
525.57,-98.19
525.58,-97.56
525.59,-97.79
525.60,-97.27
525.61,-97.02
525.62,-97.03
525.63,-97.24
525.64,-91.60
525.66,-91.72
525.67,-98.44
525.68,-96.38
525.69,-98.64
525.70,-96.38
525.71,-97.68
525.72,-96.61
525.73,-97.54
525.74,-99.22
525.75,-101.47
525.76,-100.93
525.77,-101.86
525.79,-101.17
525.80,-103.40
525.81,-104.11
525.82,-100.91
525.83,-101.42
525.84,-102.75
525.85,-104.22
525.86,-102.66
525.87,-102.61
525.88,-102.69
525.89,-101.85
525.90,-102.08
525.92,-101.87
525.93,-102.59
525.94,-103.90
525.95,-103.72
525.96,-105.24
525.97,-105.37
525.98,-104.03
525.99,-103.87
526.00,-103.72
526.01,-103.87
526.02,-104.72
526.03,-104.50
526.05,-102.41
526.06,-103.24
526.07,-104.70
526.08,-104.86
526.09,-103.36
526.10,-103.35
526.11,-102.59
526.12,-101.44
526.13,-100.24
526.14,-101.25
526.15,-102.99
526.16,-103.81
526.18,-100.61
526.19,-100.26
526.20,-102.84
526.21,-102.64
526.22,-105.28
526.23,-102.62
526.24,-104.34
526.25,-105.33
526.26,-105.41
526.27,-103.92
526.28,-104.11
526.30,-103.04
526.31,-103.89
526.32,-105.48
526.33,-106.26
526.34,-106.27
526.35,-108.08
526.36,-107.08
526.37,-106.13
526.38,-105.59
526.39,-102.47
526.40,-103.13
526.41,-106.38
526.43,-105.66
526.44,-106.23
526.45,-103.85
526.46,-104.85
526.47,-105.18
526.48,-105.79
526.49,-103.59
526.50,-103.00
526.51,-105.45
526.52,-103.28
526.53,-103.34
526.54,-105.03
526.56,-104.81
526.57,-103.27
526.58,-103.15
526.59,-101.53
526.60,-101.29
526.61,-104.57
526.62,-103.30
526.63,-105.94
526.64,-102.30
526.65,-102.23
526.66,-103.80
526.67,-105.74
526.69,-106.57
526.70,-104.80
526.71,-104.58
526.72,-105.88
526.73,-106.47
526.74,-105.71
526.75,-104.27
526.76,-104.66
526.77,-104.54
526.78,-105.09
526.79,-106.51
526.80,-106.21
526.82,-106.17
526.83,-105.30
526.84,-105.15
526.85,-105.26
526.86,-106.26
526.87,-105.95
526.88,-104.75
526.89,-104.85
526.90,-104.69
526.91,-108.18
526.92,-106.17
526.94,-106.76
526.95,-105.78
526.96,-105.96
526.97,-102.04
526.98,-102.62
526.99,-105.40
527.00,-104.51
527.01,-104.26
527.02,-105.28
527.03,-105.62
527.04,-105.40
527.05,-105.30
527.07,-105.10
527.08,-103.70
527.09,-103.42
527.10,-106.49
527.11,-102.77
527.12,-102.35
527.13,-104.89
527.14,-106.69
527.15,-102.78
527.16,-103.09
527.17,-105.09
527.18,-104.04
527.20,-104.12
527.21,-105.62
527.22,-105.15
527.23,-103.84
527.24,-103.66
527.25,-104.41
527.26,-103.17
527.27,-102.27
527.28,-103.42
527.29,-104.47
527.30,-107.11
527.31,-106.95
527.33,-106.92
527.34,-104.76
527.35,-104.85
527.36,-106.00
527.37,-104.64
527.38,-104.70
527.39,-104.04
527.40,-105.51
527.41,-101.92
527.42,-102.01
527.43,-105.05
527.45,-104.64
527.46,-105.29
527.47,-103.52
527.48,-103.31
527.49,-102.58
527.50,-99.36
527.51,-101.52
527.52,-102.79
527.53,-104.14
527.54,-103.46
527.55,-104.81
527.56,-104.43
527.58,-107.41
527.59,-105.65
527.60,-103.49
527.61,-105.14
527.62,-104.14
527.63,-102.66
527.64,-101.40
527.65,-105.12
527.66,-104.76
527.67,-101.69
527.68,-102.51
527.69,-103.08
527.71,-98.87
527.72,-99.71
527.73,-101.99
527.74,-102.54
527.75,-103.41
527.76,-102.71
527.77,-102.91
527.78,-99.12
527.79,-100.16
527.80,-105.87
527.81,-104.31
527.82,-103.54
527.84,-103.50
527.85,-102.48
527.86,-99.27
527.87,-101.63
527.88,-101.74
527.89,-104.78
527.90,-101.74
527.91,-98.85
527.92,-95.08
527.93,-94.10
527.94,-97.09
527.95,-96.32
527.97,-99.48
527.98,-97.97
527.99,-97.83
528.00,-94.63
528.01,-96.20
528.02,-99.16
528.03,-99.37
528.04,-102.19
528.05,-102.19
528.06,-104.68
528.07,-99.01
528.09,-98.72
528.10,-101.15
528.11,-102.76
528.12,-102.77
528.13,-101.51
528.14,-101.15
528.15,-99.29
528.16,-98.78
528.17,-99.46
528.18,-103.42
528.19,-99.95
528.20,-99.94
528.22,-102.88
528.23,-99.73
528.24,-102.06
528.25,-103.13
528.26,-102.98
528.27,-103.18
528.28,-103.15
528.29,-101.11
528.30,-100.28
528.31,-98.85
528.32,-98.80
528.33,-99.25
528.35,-99.18
528.36,-95.82
528.37,-93.10
528.38,-92.22
528.39,-93.70
528.40,-93.31
528.41,-93.72
528.42,-96.84
528.43,-97.14
528.44,-97.86
528.45,-98.18
528.46,-95.74
528.48,-95.75
528.49,-99.82
528.50,-99.68
528.51,-99.57
528.52,-100.93
528.53,-101.42
528.54,-102.39
528.55,-102.19
528.56,-101.90
528.57,-103.27
528.58,-104.52
528.59,-100.84
528.61,-101.26
528.62,-99.90
528.63,-99.83
528.64,-102.82
528.65,-102.92
528.66,-102.99
528.67,-100.72
528.68,-100.00
528.69,-102.60
528.70,-102.73
528.71,-102.62
528.73,-99.45
528.74,-99.55
528.75,-94.92
528.76,-95.31
528.77,-101.73
528.78,-103.74
528.79,-104.90
528.80,-103.87
528.81,-102.54
528.82,-101.99
528.83,-102.22
528.84,-102.71
528.86,-101.72
528.87,-100.81
528.88,-104.06
528.89,-103.07
528.90,-103.35
528.91,-104.18
528.92,-102.99
528.93,-103.37
528.94,-105.24
528.95,-100.57
528.96,-100.79
528.97,-103.73
528.99,-103.22
529.00,-101.31
529.01,-101.23
529.02,-104.05
529.03,-102.36
529.04,-102.77
529.05,-102.63
529.06,-102.45
529.07,-104.37
529.08,-104.04
529.09,-103.50
529.10,-104.49
529.12,-99.97
529.13,-99.94
529.14,-102.23
529.15,-103.88
529.16,-104.21
529.17,-105.77
529.18,-103.40
529.19,-102.80
529.20,-102.71
529.21,-103.31
529.22,-102.83
529.23,-101.18
529.25,-101.56
529.26,-101.56
529.27,-101.69
529.28,-103.82
529.29,-103.55
529.30,-102.81
529.31,-105.48
529.32,-101.78
529.33,-99.10
529.34,-99.59
529.35,-102.25
529.37,-105.61
529.38,-105.34
529.39,-104.70
529.40,-104.81
529.41,-101.82
529.42,-102.13
529.43,-102.89
529.44,-103.97
529.45,-104.58
529.46,-104.92
529.47,-102.93
529.48,-102.52
529.50,-102.03
529.51,-101.82
529.52,-104.29
529.53,-104.77
529.54,-106.55
529.55,-104.64
529.56,-103.80
529.57,-105.04
529.58,-102.42
529.59,-102.83
529.60,-101.90
529.61,-101.88
529.63,-100.99
529.64,-100.46
529.65,-101.03
529.66,-101.51
529.67,-101.74
529.68,-101.80
529.69,-103.40
529.70,-103.20
529.71,-103.37
529.72,-101.82
529.73,-103.43
529.74,-103.51
529.76,-101.88
529.77,-97.71
529.78,-97.80
529.79,-100.36
529.80,-100.37
529.81,-102.82
529.82,-101.50
529.83,-98.20
529.84,-98.41
529.85,-99.77
529.86,-100.52
529.87,-99.82
529.89,-100.01
529.90,-100.89
529.91,-101.55
529.92,-100.76
529.93,-97.68
529.94,-97.83
529.94,-101.81
529.95,-102.83
529.96,-100.22
529.97,-99.77
529.98,-100.46
529.99,-97.66
530.01,-95.69
530.02,-97.27
530.03,-100.86
530.04,-99.30
530.05,-100.89
530.06,-100.41
530.07,-100.27
530.08,-99.71
530.09,-98.27
530.10,-98.71
530.11,-102.71
530.12,-102.14
530.14,-101.09
530.15,-98.82
530.16,-98.80
530.17,-98.74
530.18,-98.58
530.19,-98.47
530.20,-100.05
530.21,-100.42
530.22,-94.77
530.23,-94.67
530.24,-96.35
530.25,-96.86
530.27,-96.31
530.28,-95.67
530.29,-95.32
530.30,-93.94
530.31,-94.32
530.32,-94.55
530.33,-92.02
530.34,-93.84
530.35,-93.84
530.36,-89.48
530.37,-89.41
530.38,-92.30
530.40,-90.41
530.41,-89.40
530.42,-91.95
530.43,-91.34
530.44,-89.44
530.45,-90.29
530.46,-93.62
530.47,-89.78
530.48,-89.75
530.49,-94.49
530.50,-94.89
530.51,-94.86
530.53,-92.53
530.54,-96.03
530.55,-97.58
530.56,-96.69
530.57,-97.01
530.58,-95.88
530.59,-95.95
530.60,-95.94
530.61,-98.93
530.62,-99.60
530.63,-99.42
530.65,-99.56
530.66,-100.28
530.67,-93.91
530.68,-94.33
530.69,-99.86
530.70,-101.43
530.71,-100.87
530.72,-100.78
530.73,-99.48
530.74,-96.08
530.75,-98.43
530.76,-101.56
530.78,-102.40
530.79,-98.79
530.80,-99.24
530.81,-96.76
530.82,-97.31
530.83,-99.47
530.84,-102.25
530.85,-102.02
530.86,-104.20
530.87,-101.02
530.88,-97.92
530.89,-98.14
530.91,-100.54
530.92,-99.09
530.93,-102.22
530.94,-104.28
530.95,-103.31
530.96,-99.59
530.97,-99.48
530.98,-103.73
530.99,-102.17
531.00,-101.34
531.01,-101.53
531.02,-101.51
531.04,-99.98
531.05,-101.93
531.06,-103.87
531.07,-105.08
531.08,-105.36
531.09,-98.60
531.10,-98.25
531.11,-99.48
531.12,-102.75
531.13,-105.02
531.14,-101.20
531.15,-102.31
531.17,-98.23
531.18,-98.24
531.19,-101.04
531.20,-99.75
531.21,-96.72
531.22,-94.30
531.23,-94.89
531.24,-95.08
531.25,-96.84
531.26,-93.97
531.27,-92.60
531.29,-87.96
531.30,-86.89
531.31,-92.07
531.32,-94.14
531.33,-94.02
531.34,-94.60
531.35,-95.37
531.36,-93.24
531.37,-95.67
531.38,-95.01
531.39,-101.31
531.40,-100.70
531.42,-99.36
531.43,-99.39
531.44,-100.10
531.45,-101.39
531.46,-103.83
531.47,-102.99
531.48,-100.76
531.49,-101.52
531.50,-105.95
531.51,-104.13
531.52,-104.36
531.53,-104.63
531.55,-103.22
531.56,-101.34
531.57,-102.12
531.58,-102.75
531.59,-104.21
531.60,-105.24
531.61,-104.38
531.62,-103.30
531.63,-102.39
531.64,-101.37
531.65,-103.47
531.66,-103.21
531.68,-101.30
531.69,-100.94
531.70,-102.08
531.71,-98.69
531.72,-98.39
531.73,-100.23
531.74,-100.50
531.75,-99.78
531.76,-97.03
531.77,-93.56
531.78,-93.41
531.79,-97.06
531.81,-103.41
531.82,-102.81
531.83,-102.67
531.84,-100.89
531.85,-101.02
531.86,-101.96
531.87,-102.67
531.88,-103.77
531.89,-102.61
531.90,-102.26
531.91,-100.63
531.93,-100.74
531.94,-103.07
531.95,-104.10
531.96,-101.28
531.97,-101.29
531.98,-103.71
531.99,-103.96
532.00,-101.76
532.01,-103.03
532.02,-103.36
532.03,-104.09
532.04,-103.08
532.06,-104.35
532.07,-105.45
532.08,-104.14
532.09,-105.17
532.10,-105.53
532.11,-106.43
532.12,-105.50
532.13,-106.29
532.14,-103.82
532.15,-103.36
532.16,-105.03
532.17,-103.58
532.19,-103.41
532.20,-101.19
532.21,-101.18
532.22,-102.64
532.23,-103.01
532.24,-103.26
532.25,-100.78
532.26,-101.85
532.27,-101.83
532.28,-102.01
532.29,-101.84
532.30,-104.23
532.32,-103.87
532.33,-104.42
532.34,-103.97
532.35,-102.30
532.36,-103.41
532.37,-105.19
532.38,-104.61
532.39,-105.00
532.40,-102.79
532.41,-103.24
532.42,-104.52
532.43,-105.90
532.45,-104.82
532.46,-105.13
532.47,-107.17
532.48,-104.26
532.49,-102.89
532.50,-101.24
532.51,-104.57
532.52,-101.70
532.53,-102.74
532.54,-104.35
532.55,-102.67
532.57,-101.09
532.58,-102.45
532.59,-103.23
532.60,-101.97
532.61,-100.45
532.62,-99.52
532.63,-102.36
532.64,-102.92
532.65,-104.87
532.66,-104.01
532.67,-105.56
532.68,-103.75
532.70,-103.95
532.71,-103.35
532.72,-104.89
532.73,-104.38
532.74,-100.97
532.75,-100.44
532.76,-100.69
532.77,-104.56
532.78,-103.49
532.79,-102.65
532.80,-101.81
532.81,-101.84
532.83,-103.22
532.84,-103.04
532.85,-103.07
532.86,-103.61
532.87,-102.02
532.88,-102.03
532.89,-101.94
532.90,-103.43
532.91,-102.82
532.92,-105.08
532.93,-103.65
532.94,-103.02
532.96,-102.42
532.97,-99.40
532.98,-99.54
532.99,-103.57
533.00,-102.68
533.01,-103.70
533.02,-103.65
533.03,-102.90
533.04,-103.20
533.05,-102.70
533.06,-102.76
533.08,-105.32
533.09,-106.04
533.10,-102.29
533.11,-102.07
533.12,-106.65
533.13,-105.68
533.14,-103.75
533.15,-104.21
533.16,-104.07
533.17,-104.33
533.18,-103.12
533.19,-104.41
533.21,-102.84
533.22,-101.66
533.23,-102.66
533.24,-100.81
533.25,-101.96
533.26,-103.26
533.27,-100.66
533.28,-99.35
533.29,-100.66
533.30,-100.61
533.31,-102.83
533.32,-103.64
533.34,-102.57
533.35,-103.90
533.36,-103.12
533.37,-102.33
533.38,-104.36
533.39,-104.24
533.40,-103.13
533.41,-101.35
533.42,-102.38
533.43,-103.96
533.44,-102.70
533.45,-102.08
533.47,-101.48
533.48,-102.32
533.49,-102.31
533.50,-104.93
533.51,-104.22
533.52,-104.18
533.53,-103.38
533.54,-103.03
533.55,-100.55
533.56,-100.85
533.57,-103.03
533.58,-103.12
533.60,-102.83
533.61,-101.24
533.62,-101.94
533.63,-100.92
533.64,-101.32
533.65,-101.52
533.66,-100.41
533.67,-99.25
533.68,-102.37
533.69,-101.93
533.70,-99.40
533.72,-99.85
533.73,-103.44
533.74,-102.70
533.75,-101.28
533.76,-100.74
533.77,-100.44
533.78,-100.93
533.79,-100.28
533.80,-103.70
533.81,-100.94
533.82,-99.59
533.83,-103.28
533.85,-99.69
533.86,-99.59
533.87,-100.30
533.88,-98.07
533.89,-100.10
533.90,-102.98
533.91,-101.02
533.92,-100.77
533.93,-101.02
533.94,-100.75
533.95,-101.11
533.96,-102.03
533.98,-101.19
533.99,-101.61
534.00,-99.64
534.01,-100.50
534.02,-101.98
534.03,-99.41
534.04,-96.81
534.05,-97.59
534.06,-99.20
534.07,-99.03
534.08,-99.14
534.09,-94.47
534.11,-94.02
534.12,-91.90
534.13,-95.22
534.14,-98.68
534.15,-98.86
534.16,-98.16
534.17,-97.81
534.18,-98.85
534.19,-98.75
534.20,-98.69
534.21,-98.75
534.22,-99.67
534.24,-100.56
534.25,-102.60
534.26,-102.76
534.27,-100.65
534.28,-100.68
534.29,-101.27
534.30,-101.74
534.31,-101.65
534.32,-102.96
534.33,-100.72
534.34,-101.42
534.36,-101.21
534.37,-103.02
534.38,-102.88
534.39,-103.67
534.40,-102.95
534.41,-103.39
534.42,-102.10
534.43,-101.97
534.44,-102.25
534.45,-102.10
534.46,-102.29
534.47,-102.93
534.49,-103.07
534.50,-101.99
534.51,-101.53
534.52,-99.84
534.53,-100.33
534.54,-98.80
534.55,-98.66
534.56,-101.53
534.57,-101.42
534.58,-103.41
534.59,-97.88
534.60,-97.14
534.62,-100.17
534.63,-100.49
534.64,-100.42
534.65,-102.26
534.66,-102.70
534.67,-101.81
534.68,-101.69
534.69,-102.86
534.70,-101.84
534.71,-102.25
534.72,-102.97
534.73,-103.08
534.75,-103.33
534.76,-101.47
534.77,-100.73
534.78,-102.83
534.79,-102.92
534.80,-102.43
534.81,-102.07
534.82,-102.44
534.83,-103.41
534.84,-103.68
534.85,-103.04
534.86,-102.29
534.88,-103.70
534.89,-102.63
534.90,-101.63
534.91,-102.23
534.92,-100.44
534.93,-100.38
534.93,-102.44
534.94,-103.12
534.95,-103.88
534.96,-102.04
534.97,-103.44
534.98,-101.14
535.00,-99.95
535.01,-101.11
535.02,-104.59
535.03,-103.55
535.04,-103.52
535.05,-103.40
535.06,-103.47
535.07,-102.00
535.08,-101.96
535.09,-101.07
535.10,-101.46
535.11,-100.48
535.13,-103.20
535.14,-104.17
535.15,-105.23
535.16,-103.61
535.17,-103.68
535.18,-103.94
535.19,-103.35
535.20,-104.49
535.21,-103.21
535.22,-105.10
535.23,-105.73
535.24,-105.56
535.26,-103.42
535.27,-104.25
535.28,-104.76
535.29,-103.74
535.30,-105.41
535.31,-105.94
535.32,-104.70
535.33,-102.91
535.34,-102.89
535.35,-104.56
535.36,-102.61
535.37,-101.52
535.39,-103.28
535.40,-102.66
535.41,-102.44
535.42,-104.15
535.43,-102.37
535.44,-102.86
535.45,-103.18
535.46,-100.78
535.47,-100.31
535.48,-99.83
535.49,-103.60
535.50,-102.30
535.52,-102.38
535.53,-100.55
535.54,-101.23
535.55,-102.18
535.56,-101.75
535.57,-102.22
535.58,-104.87
535.59,-101.57
535.60,-101.98
535.61,-103.49
535.62,-101.76
535.64,-102.99
535.65,-100.81
535.66,-100.66
535.67,-102.37
535.68,-101.93
535.69,-104.04
535.70,-102.61
535.71,-102.27
535.72,-103.35
535.73,-104.30
535.74,-104.63
535.75,-104.49
535.77,-102.89
535.78,-102.41
535.79,-102.52
535.80,-103.82
535.81,-105.17
535.82,-104.30
535.83,-104.20
535.84,-103.21
535.85,-101.81
535.86,-102.50
535.87,-103.70
535.88,-103.64
535.90,-103.82
535.91,-102.14
535.92,-101.81
535.93,-101.75
535.94,-103.52
535.95,-103.38
535.96,-99.24
535.97,-99.70
535.98,-102.64
535.99,-101.09
536.00,-101.37
536.01,-101.23
536.03,-100.65
536.04,-102.64
536.05,-100.59
536.06,-100.75
536.07,-102.03
536.08,-103.17
536.09,-103.04
536.10,-104.17
536.11,-103.78
536.12,-103.52
536.13,-102.16
536.14,-102.49
536.16,-102.44
536.17,-103.90
536.18,-104.06
536.19,-104.19
536.20,-102.10
536.21,-104.98
536.22,-104.11
536.23,-102.38
536.24,-102.90
536.25,-103.85
536.26,-103.83
536.28,-104.20
536.29,-103.89
536.30,-103.17
536.31,-98.19
536.32,-98.15
536.33,-103.84
536.34,-101.90
536.35,-101.72
536.36,-100.41
536.37,-101.87
536.38,-100.91
536.39,-100.84
536.41,-101.11
536.42,-101.99
536.43,-100.97
536.44,-100.48
536.45,-97.87
536.46,-99.23
536.47,-102.07
536.48,-102.05
536.49,-103.16
536.50,-104.20
536.51,-100.84
536.52,-100.10
536.54,-100.39
536.55,-100.94
536.56,-103.66
536.57,-103.86
536.58,-102.59
536.59,-102.93
536.60,-103.17
536.61,-102.66
536.62,-102.70
536.63,-102.66
536.64,-102.60
536.65,-102.93
536.67,-101.07
536.68,-101.65
536.69,-104.51
536.70,-103.49
536.71,-103.61
536.72,-102.92
536.73,-102.52
536.74,-102.65
536.75,-102.65
536.76,-102.35
536.77,-102.73
536.78,-102.37
536.80,-101.73
536.81,-103.48
536.82,-102.49
536.83,-101.22
536.84,-100.29
536.85,-96.18
536.86,-93.39
536.87,-93.69
536.88,-94.62
536.89,-96.75
536.90,-95.31
536.92,-91.63
536.93,-91.03
536.94,-87.90
536.95,-89.54
536.96,-91.83
536.97,-91.82
536.98,-95.49
536.99,-95.64
537.00,-95.79
537.01,-95.53
537.02,-96.87
537.03,-98.38
537.05,-98.69
537.06,-100.83
537.07,-102.43
537.08,-100.36
537.09,-100.43
537.10,-102.32
537.11,-101.68
537.12,-102.20
537.13,-100.90
537.14,-101.77
537.15,-103.74
537.16,-103.77
537.18,-101.65
537.19,-101.53
537.20,-103.04
537.21,-102.50
537.22,-103.11
537.23,-100.45
537.24,-102.45
537.25,-102.84
537.26,-103.66
537.27,-104.26
537.28,-103.31
537.29,-101.18
537.31,-101.16
537.32,-103.36
537.33,-100.00
537.34,-97.66
537.35,-96.42
537.36,-95.48
537.37,-97.16
537.38,-96.82
537.39,-97.37
537.40,-94.68
537.41,-92.46
537.42,-90.09
537.44,-92.79
537.45,-93.59
537.46,-93.57
537.47,-96.79
537.48,-98.40
537.49,-98.20
537.50,-96.35
537.51,-97.55
537.52,-102.17
537.53,-102.91
537.54,-101.00
537.56,-100.95
537.57,-100.76
537.58,-100.92
537.59,-100.31
537.60,-100.27
537.61,-101.93
537.62,-100.88
537.63,-101.08
537.64,-101.19
537.65,-103.14
537.66,-103.24
537.67,-102.27
537.69,-102.63
537.70,-101.79
537.71,-98.72
537.72,-96.88
537.73,-98.18
537.74,-99.82
537.75,-99.66
537.76,-100.89
537.77,-101.28
537.78,-99.29
537.79,-99.33
537.80,-101.83
537.82,-102.21
537.83,-100.27
537.84,-100.51
537.85,-101.42
537.86,-103.11
537.87,-100.64
537.88,-101.16
537.89,-101.96
537.90,-98.06
537.91,-95.97
537.92,-100.17
537.93,-100.40
537.95,-98.78
537.96,-98.90
537.97,-99.56
537.98,-99.64
537.99,-101.57
538.00,-101.18
538.01,-103.61
538.02,-102.29
538.03,-100.50
538.04,-100.47
538.05,-103.08
538.07,-101.12
538.08,-101.13
538.09,-101.97
538.10,-102.18
538.11,-103.77
538.12,-103.39
538.13,-102.64
538.14,-102.61
538.15,-100.09
538.16,-100.96
538.17,-103.50
538.18,-103.28
538.20,-102.66
538.21,-102.44
538.22,-101.78
538.23,-101.68
538.24,-103.63
538.25,-104.27
538.26,-101.78
538.27,-101.52
538.28,-101.67
538.29,-101.54
538.30,-102.94
538.31,-103.41
538.33,-100.31
538.34,-100.29
538.35,-102.78
538.36,-101.23
538.37,-102.44
538.38,-101.87
538.39,-100.85
538.40,-100.19
538.41,-100.73
538.42,-103.27
538.43,-101.03
538.44,-100.71
538.46,-101.96
538.47,-101.24
538.48,-101.64
538.49,-101.50
538.50,-101.00
538.51,-102.60
538.52,-101.50
538.53,-100.40
538.54,-102.47
538.55,-104.80
538.56,-102.06
538.57,-102.34
538.59,-101.41
538.60,-101.19
538.61,-102.08
538.62,-101.64
538.63,-102.63
538.64,-102.14
538.65,-104.02
538.66,-102.83
538.67,-100.30
538.68,-100.52
538.69,-101.56
538.71,-101.61
538.72,-101.49
538.73,-101.58
538.74,-101.04
538.75,-101.41
538.76,-102.89
538.77,-103.18
538.78,-101.71
538.79,-101.37
538.80,-101.35
538.81,-101.42
538.82,-102.00
538.84,-100.12
538.85,-100.44
538.86,-100.35
538.87,-100.38
538.88,-99.75
538.89,-99.65
538.90,-101.58
538.91,-97.02
538.92,-96.47
538.93,-100.79
538.94,-100.53
538.95,-99.04
538.97,-98.93
538.98,-102.75
538.99,-101.15
539.00,-101.23
539.01,-101.43
539.02,-101.43
539.03,-100.52
539.04,-101.57
539.05,-102.07
539.06,-102.67
539.07,-102.81
539.08,-101.80
539.10,-101.02
539.11,-101.40
539.12,-101.73
539.13,-101.26
539.14,-101.44
539.15,-101.46
539.16,-101.29
539.17,-103.20
539.18,-99.97
539.19,-100.86
539.20,-101.17
539.21,-100.62
539.23,-101.50
539.24,-100.65
539.25,-99.79
539.26,-101.33
539.27,-99.78
539.28,-99.75
539.29,-103.58
539.30,-102.86
539.31,-98.89
539.32,-98.85
539.33,-99.63
539.35,-99.77
539.36,-102.29
539.37,-101.36
539.38,-100.72
539.39,-99.74
539.40,-99.85
539.41,-100.83
539.42,-101.09
539.43,-103.17
539.44,-102.77
539.45,-102.07
539.46,-101.50
539.48,-101.59
539.49,-101.77
539.50,-100.48
539.51,-103.13
539.52,-102.55
539.53,-100.49
539.54,-101.06
539.55,-101.17
539.56,-99.30
539.57,-102.68
539.58,-98.87
539.59,-99.93
539.61,-99.59
539.62,-99.82
539.63,-101.70
539.64,-102.36
539.65,-102.18
539.66,-101.26
539.67,-100.62
539.68,-99.41
539.69,-98.58
539.70,-98.51
539.71,-98.98
539.72,-98.82
539.74,-98.76
539.75,-99.84
539.76,-92.32
539.77,-92.77
539.78,-96.33
539.79,-98.49
539.80,-97.34
539.81,-97.62
539.82,-101.05
539.83,-99.93
539.84,-99.75
539.85,-99.46
539.87,-100.72
539.88,-99.80
539.89,-100.35
539.90,-100.81
539.91,-100.84
539.92,-102.01
539.92,-98.29
539.93,-101.35
539.94,-101.33
539.95,-102.69
539.96,-101.22
539.97,-99.96
539.99,-101.12
540.00,-94.46
540.01,-94.75
540.02,-101.37
540.03,-102.23
540.04,-102.50
540.05,-100.11
540.06,-99.28
540.07,-100.24
540.08,-102.51
540.09,-102.73
540.10,-101.03
540.12,-98.96
540.13,-101.21
540.14,-100.79
540.15,-99.83
540.16,-100.11
540.17,-98.17
540.18,-98.59
540.19,-99.41
540.20,-98.09
540.21,-97.97
540.22,-96.57
540.23,-96.73
540.25,-93.62
540.26,-95.30
540.27,-98.65
540.28,-98.81
540.29,-99.18
540.30,-99.69
540.31,-98.51
540.32,-100.50
540.33,-99.19
540.34,-99.32
540.35,-100.72
540.36,-101.16
540.38,-99.88
540.39,-99.87
540.40,-102.17
540.41,-101.88
540.42,-101.20
540.43,-101.00
540.44,-101.07
540.45,-100.61
540.46,-101.38
540.47,-101.34
540.48,-103.29
540.49,-100.22
540.51,-98.24
540.52,-99.18
540.53,-99.77
540.54,-98.27
540.55,-98.68
540.56,-98.88
540.57,-101.01
540.58,-102.28
540.59,-101.13
540.60,-100.52
540.61,-97.42
540.63,-94.98
540.64,-94.55
540.65,-92.97
540.66,-91.51
540.67,-89.65
540.68,-88.05
540.69,-89.66
540.70,-89.93
540.71,-92.83
540.72,-94.68
540.73,-96.22
540.74,-97.61
540.76,-99.87
540.77,-100.55
540.78,-99.81
540.79,-101.37
540.80,-101.77
540.81,-99.93
540.82,-99.91
540.83,-100.71
540.84,-101.45
540.85,-102.81
540.86,-102.20
540.87,-102.40
540.89,-102.38
540.90,-102.28
540.91,-101.69
540.92,-101.89
540.93,-103.22
540.94,-102.71
540.95,-101.91
540.96,-101.66
540.97,-104.04
540.98,-101.55
540.99,-101.16
541.00,-99.94
541.02,-101.72
541.03,-101.28
541.04,-101.43
541.05,-101.07
541.06,-100.99
541.07,-102.21
541.08,-101.41
541.09,-102.06
541.10,-100.09
541.11,-99.81
541.12,-99.78
541.13,-100.13
541.15,-99.85
541.16,-99.63
541.17,-99.82
541.18,-99.65
541.19,-99.89
541.20,-103.58
541.21,-101.40
541.22,-101.74
541.23,-102.92
541.24,-101.98
541.25,-101.63
541.27,-102.26
541.28,-102.14
541.29,-102.65
541.30,-101.92
541.31,-102.76
541.32,-103.44
541.33,-103.40
541.34,-104.24
541.35,-102.76
541.36,-103.93
541.37,-103.77
541.38,-104.78
541.40,-102.60
541.41,-101.35
541.42,-102.41
541.43,-102.73
541.44,-103.62
541.45,-104.04
541.46,-100.83
541.47,-100.89
541.48,-102.03
541.49,-102.76
541.50,-101.47
541.51,-101.15
541.53,-103.13
541.54,-102.15
541.55,-101.16
541.56,-101.84
541.57,-99.37
541.58,-100.03
541.59,-100.56
541.60,-99.71
541.61,-99.74
541.62,-100.21
541.63,-101.64
541.64,-100.23
541.66,-98.44
541.67,-99.89
541.68,-100.71
541.69,-103.30
541.70,-101.29
541.71,-102.02
541.72,-103.61
541.73,-101.93
541.74,-102.40
541.75,-102.54
541.76,-101.42
541.77,-102.45
541.79,-102.46
541.80,-102.69
541.81,-102.05
541.82,-101.22
541.83,-101.71
541.84,-102.44
541.85,-102.20
541.86,-104.94
541.87,-102.76
541.88,-101.93
541.89,-102.83
541.91,-102.28
541.92,-101.38
541.93,-101.65
541.94,-102.28
541.95,-102.94
541.96,-102.96
541.97,-103.44
541.98,-102.11
541.99,-100.06
542.00,-101.23
542.01,-100.06
542.02,-100.79
542.04,-101.08
542.05,-100.59
542.06,-99.21
542.07,-97.29
542.08,-97.38
542.09,-96.56
542.10,-95.96
542.11,-100.09
542.12,-101.71
542.13,-102.50
542.14,-100.43
542.15,-101.32
542.17,-100.60
542.18,-100.63
542.19,-101.99
542.20,-100.50
542.21,-101.09
542.22,-100.98
542.23,-101.47
542.24,-103.85
542.25,-105.27
542.26,-104.39
542.27,-102.34
542.28,-103.55
542.30,-103.53
542.31,-101.21
542.32,-101.48
542.33,-103.58
542.34,-103.47
542.35,-103.49
542.36,-104.04
542.37,-102.93
542.38,-102.94
542.39,-102.91
542.40,-103.71
542.41,-104.39
542.43,-102.84
542.44,-101.97
542.45,-102.90
542.46,-104.19
542.47,-101.52
542.48,-101.56
542.49,-100.55
542.50,-97.97
542.51,-96.17
542.52,-95.71
542.53,-96.63
542.55,-98.34
542.56,-97.41
542.57,-92.59
542.58,-89.51
542.59,-89.68
542.60,-97.79
542.61,-96.75
542.62,-97.26
542.63,-97.86
542.64,-97.74
542.65,-96.34
542.66,-98.00
542.68,-97.38
542.69,-98.14
542.70,-99.85
542.71,-99.85
542.72,-100.02
542.73,-100.50
542.74,-99.00
542.75,-102.11
542.76,-102.16
542.77,-102.97
542.78,-102.45
542.79,-100.17
542.81,-101.08
542.82,-100.20
542.83,-103.50
542.84,-102.16
542.85,-101.11
542.86,-103.08
542.87,-104.18
542.88,-101.66
542.89,-101.27
542.90,-101.87
542.91,-103.41
542.92,-102.79
542.94,-101.98
542.95,-100.50
542.96,-101.07
542.97,-99.25
542.98,-96.06
542.99,-94.26
543.00,-92.33
543.01,-92.34
543.02,-95.82
543.03,-95.60
543.04,-94.43
543.06,-89.70
543.07,-86.98
543.08,-87.48
543.09,-95.71
543.10,-93.61
543.11,-92.90
543.12,-93.69
543.13,-93.85
543.14,-93.91
543.15,-95.46
543.16,-97.72
543.17,-98.92
543.19,-98.58
543.20,-100.94
543.21,-100.52
543.22,-102.99
543.23,-99.08
543.24,-99.10
543.25,-102.15
543.26,-101.58
543.27,-102.65
543.28,-104.60
543.29,-102.17
543.30,-103.38
543.32,-103.26
543.33,-102.21
543.34,-102.12
543.35,-103.73
543.36,-103.43
543.37,-102.57
543.38,-103.26
543.39,-103.62
543.40,-102.97
543.41,-101.46
543.42,-102.14
543.43,-103.47
543.45,-103.53
543.46,-103.14
543.47,-101.34
543.48,-100.30
543.49,-101.13
543.50,-101.97
543.51,-101.85
543.52,-101.81
543.53,-101.78
543.54,-99.38
543.55,-96.78
543.56,-99.24
543.58,-101.67
543.59,-101.95
543.60,-101.08
543.61,-101.19
543.62,-100.62
543.63,-100.22
543.64,-101.70
543.65,-101.94
543.66,-102.47
543.67,-103.13
543.68,-102.17
543.70,-103.11
543.71,-103.03
543.72,-103.61
543.73,-100.82
543.74,-102.38
543.75,-101.72
543.76,-102.91
543.77,-101.70
543.78,-101.64
543.79,-101.91
543.80,-102.70
543.81,-102.39
543.83,-100.06
543.84,-99.84
543.85,-101.51
543.86,-101.60
543.87,-103.76
543.88,-103.72
543.89,-102.64
543.90,-102.24
543.91,-102.73
543.92,-101.77
543.93,-102.08
543.94,-102.58
543.96,-102.77
543.97,-100.99
543.98,-101.41
543.99,-102.14
544.00,-102.03
544.01,-101.53
544.02,-100.29
544.03,-100.79
544.04,-99.16
544.05,-99.81
544.06,-102.65
544.07,-101.93
544.09,-101.51
544.10,-102.64
544.11,-102.54
544.12,-103.67
544.13,-102.94
544.14,-102.50
544.15,-102.42
544.16,-101.96
544.17,-100.29
544.18,-102.83
544.19,-104.67
544.20,-102.45
544.22,-101.46
544.23,-101.44
544.24,-101.35
544.25,-101.00
544.26,-101.34
544.27,-103.65
544.28,-102.74
544.29,-101.72
544.30,-102.25
544.31,-104.46
544.32,-103.13
544.34,-103.72
544.35,-101.98
544.36,-97.90
544.37,-97.87
544.38,-100.44
544.39,-100.35
544.40,-100.56
544.41,-103.18
544.42,-103.28
544.43,-99.52
544.44,-100.81
544.45,-102.21
544.47,-101.45
544.48,-101.10
544.49,-100.48
544.50,-102.53
544.51,-103.19
544.52,-101.69
544.53,-99.76
544.54,-100.46
544.55,-101.44
544.56,-100.53
544.57,-99.67
544.58,-99.61
544.60,-99.11
544.61,-100.10
544.62,-101.81
544.63,-100.42
544.64,-100.48
544.65,-99.61
544.66,-99.16
544.67,-101.64
544.68,-100.66
544.69,-101.19
544.70,-102.62
544.71,-102.01
544.73,-101.12
544.74,-100.31
544.75,-102.58
544.76,-102.59
544.77,-101.47
544.78,-101.07
544.79,-100.97
544.80,-100.79
544.81,-100.67
544.82,-103.39
544.83,-102.12
544.84,-102.89
544.86,-103.44
544.87,-101.26
544.88,-97.65
544.89,-97.57
544.90,-101.17
544.91,-99.71
544.91,-100.00
544.92,-100.30
544.93,-100.45
544.94,-100.27
544.95,-99.10
544.96,-99.93
544.98,-102.38
544.99,-102.70
545.00,-100.18
545.01,-99.80
545.02,-102.20
545.03,-102.90
545.04,-103.21
545.05,-99.99
545.06,-100.00
545.07,-99.09
545.08,-98.85
545.09,-98.90
545.11,-99.43
545.12,-100.87
545.13,-99.07
545.14,-99.58
545.15,-101.25
545.16,-100.22
545.17,-101.80
545.18,-101.51
545.19,-101.47
545.20,-100.48
545.21,-99.28
545.22,-99.02
545.24,-101.09
545.25,-101.72
545.26,-101.28
545.27,-99.95
545.28,-101.22
545.29,-102.71
545.30,-100.36
545.31,-100.30
545.32,-100.38
545.33,-101.18
545.34,-99.69
545.35,-99.39
545.37,-99.39
545.38,-101.44
545.39,-97.34
545.40,-97.32
545.41,-96.83
545.42,-99.72
545.43,-99.93
545.44,-101.36
545.45,-99.54
545.46,-100.09
545.47,-98.55
545.48,-98.49
545.50,-101.16
545.51,-100.40
545.52,-102.65
545.53,-101.55
545.54,-101.06
545.55,-101.43
545.56,-98.85
545.57,-100.19
545.58,-99.87
545.59,-101.77
545.60,-100.53
545.62,-99.18
545.63,-97.82
545.64,-98.36
545.65,-99.55
545.66,-99.01
545.67,-100.08
545.68,-100.50
545.69,-100.34
545.70,-98.05
545.71,-96.89
545.72,-97.99
545.73,-100.30
545.75,-101.39
545.76,-98.14
545.77,-98.50
545.78,-98.15
545.79,-100.18
545.80,-97.06
545.81,-96.98
545.82,-96.27
545.83,-97.39
545.84,-97.78
545.85,-97.27
545.86,-98.37
545.88,-97.72
545.89,-92.21
545.90,-92.30
545.91,-98.29
545.92,-98.28
545.93,-96.25
545.94,-96.80
545.95,-97.21
545.96,-97.56
545.97,-98.87
545.98,-97.85
545.99,-98.09
546.01,-99.53
546.02,-100.26
546.03,-100.46
546.04,-97.86
546.05,-99.18
546.06,-100.37
546.07,-100.19
546.08,-99.99
546.09,-101.27
546.10,-100.50
546.11,-103.94
546.12,-102.22
546.14,-101.28
546.15,-99.57
546.16,-101.23
546.17,-99.97
546.18,-100.81
546.19,-101.74
546.20,-100.36
546.21,-101.13
546.22,-100.50
546.23,-101.79
546.24,-100.57
546.26,-102.81
546.27,-101.29
546.28,-98.94
546.29,-99.08
546.30,-100.86
546.31,-102.59
546.32,-101.04
546.33,-100.78
546.34,-101.98
546.35,-102.03
546.36,-98.80
546.37,-98.82
546.39,-100.32
546.40,-101.67
546.41,-101.42
546.42,-101.54
546.43,-99.21
546.44,-98.58
546.45,-98.52
546.46,-104.20
546.47,-103.04
546.48,-102.88
546.49,-101.72
546.50,-99.41
546.52,-99.25
546.53,-101.21
546.54,-103.12
546.55,-102.56
546.56,-101.50
546.57,-100.50
546.58,-98.59
546.59,-98.21
546.60,-100.37
546.61,-102.89
546.62,-100.45
546.63,-100.42
546.65,-100.45
546.66,-99.55
546.67,-100.45
546.68,-100.20
546.69,-100.12
546.70,-102.63
546.71,-99.74
546.72,-99.80
546.73,-98.36
546.74,-99.51
546.75,-100.59
546.76,-100.35
546.78,-101.60
546.79,-100.78
546.80,-96.54
546.81,-96.91
546.82,-99.20
546.83,-101.41
546.84,-102.46
546.85,-102.78
546.86,-101.13
546.87,-98.47
546.88,-96.50
546.90,-99.22
546.91,-102.50
546.92,-102.04
546.93,-100.15
546.94,-99.64
546.95,-95.19
546.96,-94.42
546.97,-97.10
546.98,-100.95
546.99,-100.18
547.00,-100.62
547.01,-100.88
547.03,-94.44
547.04,-94.41
547.05,-97.65
547.06,-101.56
547.07,-98.76
547.08,-98.93
547.09,-100.22
547.10,-98.77
547.11,-98.42
547.12,-99.52
547.13,-100.91
547.14,-99.22
547.16,-99.12
547.17,-98.85
547.18,-96.04
547.19,-96.43
547.20,-100.13
547.21,-97.60
547.22,-97.80
547.23,-98.03
547.24,-95.35
547.25,-95.74
547.26,-95.32
547.27,-95.62
547.29,-98.25
547.30,-96.85
547.31,-95.76
547.32,-93.89
547.33,-92.80
547.34,-96.42
547.35,-95.93
547.36,-95.92
547.37,-96.33
547.38,-95.38
547.39,-91.13
547.40,-90.31
547.42,-91.38
547.43,-90.62
547.44,-91.38
547.45,-91.88
547.46,-89.65
547.47,-85.11
547.48,-84.79
547.49,-86.83
547.50,-88.42
547.51,-91.26
547.52,-91.02
547.54,-89.30
547.55,-84.25
547.56,-82.23
547.57,-90.96
547.58,-95.05
547.59,-91.57
547.60,-92.00
547.61,-92.80
547.62,-89.03
547.63,-89.72
547.64,-94.56
547.65,-94.28
547.67,-94.00
547.68,-95.54
547.69,-97.83
547.70,-97.69
547.71,-97.06
547.72,-97.27
547.73,-97.83
547.74,-94.42
547.75,-96.80
547.76,-96.65
547.77,-94.89
547.78,-99.24
547.80,-101.82
547.81,-98.24
547.82,-98.71
547.83,-100.04
547.84,-100.52
547.85,-97.65
547.86,-97.66
547.87,-100.94
547.88,-100.83
547.89,-100.38
547.90,-101.21
547.91,-96.02
547.93,-96.38
547.94,-101.86
547.95,-101.84
547.96,-101.23
547.97,-98.72
547.98,-99.46
547.99,-99.53
548.00,-99.75
548.01,-104.33
548.02,-101.67
548.03,-99.88
548.05,-100.29
548.06,-98.38
548.07,-98.99
548.08,-100.23
548.09,-101.58
548.10,-100.92
548.11,-101.03
548.12,-103.29
548.13,-99.49
548.14,-98.61
548.15,-97.75
548.16,-98.09
548.18,-100.37
548.19,-100.74
548.20,-97.01
548.21,-97.04
548.22,-94.61
548.23,-93.46
548.24,-97.04
548.25,-97.86
548.26,-100.89
548.27,-100.39
548.28,-99.45
548.29,-98.28
548.31,-98.24
548.32,-100.89
548.33,-100.52
548.34,-100.49
548.35,-101.30
548.36,-100.05
548.37,-99.50
548.38,-100.76
548.39,-102.07
548.40,-102.52
548.41,-101.98
548.42,-99.36
548.44,-98.91
548.45,-100.30
548.46,-102.77
548.47,-102.44
548.48,-103.43
548.49,-103.44
548.50,-103.41
548.51,-101.46
548.52,-102.91
548.53,-102.28
548.54,-100.99
548.55,-100.64
548.57,-103.02
548.58,-99.86
548.59,-98.66
548.60,-98.37
548.61,-99.89
548.62,-97.89
548.63,-94.02
548.64,-90.60
548.65,-90.58
548.66,-91.81
548.67,-94.94
548.69,-90.75
548.70,-90.20
548.71,-87.38
548.72,-86.33
548.73,-89.85
548.74,-94.42
548.75,-94.77
548.76,-95.36
548.77,-93.47
548.78,-95.11
548.79,-95.20
548.80,-95.93
548.82,-96.18
548.83,-100.39
548.84,-100.68
548.85,-100.57
548.86,-100.97
548.87,-100.25
548.88,-98.84
548.89,-99.70
548.90,-100.16
548.91,-102.71
548.92,-105.02
548.93,-102.86
548.95,-103.66
548.96,-101.48
548.97,-101.64
548.98,-103.53
548.99,-104.11
549.00,-105.11
549.01,-105.39
549.02,-103.93
549.03,-103.50
549.04,-104.20
549.05,-101.75
549.06,-101.47
549.08,-103.86
549.09,-105.07
549.10,-102.08
549.11,-100.72
549.12,-100.56
549.13,-102.45
549.14,-102.18
549.15,-103.69
549.16,-104.07
549.17,-102.60
549.18,-101.24
549.19,-96.93
549.21,-97.64
549.22,-102.18
549.23,-103.25
549.24,-100.63
549.25,-100.53
549.26,-102.41
549.27,-102.72
549.28,-103.86
549.29,-104.71
549.30,-104.85
549.31,-104.53
549.33,-103.42
549.34,-103.19
549.35,-103.60
549.36,-103.10
549.37,-104.26
549.38,-102.76
549.39,-100.33
549.40,-101.29
549.41,-104.74
549.42,-103.99
549.43,-104.01
549.44,-104.59
549.46,-103.53
549.47,-100.77
549.48,-101.71
549.49,-103.61
549.50,-102.50
549.51,-103.45
549.52,-103.26
549.53,-104.45
549.54,-100.42
549.55,-100.28
549.56,-102.57
549.57,-102.61
549.59,-102.69
549.60,-104.12
549.61,-101.00
549.62,-100.94
549.63,-100.99
549.64,-100.89
549.65,-103.02
549.66,-101.83
549.67,-101.03
549.68,-99.90
549.69,-98.47
549.70,-102.00
549.72,-101.33
549.73,-102.16
549.74,-99.90
549.75,-99.85
549.76,-100.70
549.77,-98.89
549.78,-101.26
549.79,-98.56
549.80,-99.70
549.81,-101.21
549.82,-100.50
549.83,-97.93
549.85,-97.76
549.86,-100.11
549.87,-98.85
549.88,-98.58
549.89,-100.21
549.90,-99.97
549.90,-100.13
549.91,-97.17
549.92,-96.34
549.93,-97.17
549.94,-99.96
549.95,-99.06
549.97,-96.96
549.98,-97.22
549.99,-93.68
550.00,-93.62
550.01,-99.12
550.02,-100.40
550.03,-101.68
550.04,-100.73
550.05,-100.85
550.06,-92.74
550.07,-92.49
550.08,-101.91
550.10,-100.91
550.11,-99.59
550.12,-99.69
550.13,-99.04
550.14,-97.62
550.15,-99.02
550.16,-98.26
550.17,-97.29
550.18,-99.75
550.19,-98.20
550.20,-98.40
550.21,-95.91
550.23,-96.26
550.24,-99.73
550.25,-99.65
550.26,-100.44
550.27,-99.82
550.28,-99.32
550.29,-96.94
550.30,-99.46
550.31,-99.52
550.32,-98.91
550.33,-100.52
550.34,-100.68
550.36,-99.98
550.37,-100.14
550.38,-101.64
550.39,-101.13
550.40,-99.92
550.41,-99.74
550.42,-102.93
550.43,-101.10
550.44,-101.95
550.45,-102.48
550.46,-103.10
550.47,-101.52
550.49,-100.46
550.50,-97.63
550.51,-98.27
550.52,-102.76
550.53,-101.50
550.54,-100.54
550.55,-101.71
550.56,-101.87
550.57,-100.87
550.58,-100.96
550.59,-104.31
550.61,-101.15
550.62,-101.88
550.63,-103.09
550.64,-101.64
550.65,-99.11
550.66,-100.40
550.67,-102.77
550.68,-102.37
550.69,-102.25
550.70,-102.96
550.71,-102.91
550.72,-103.36
550.74,-102.46
550.75,-101.51
550.76,-103.76
550.77,-102.05
550.78,-103.02
550.79,-101.96
550.80,-101.72
550.81,-102.25
550.82,-99.39
550.83,-99.24
550.84,-105.75
550.85,-105.19
550.87,-104.78
550.88,-104.69
550.89,-101.66
550.90,-100.94
550.91,-102.05
550.92,-104.42
550.93,-102.35
550.94,-101.51
550.95,-99.05
550.96,-98.21
550.97,-97.94
550.98,-99.35
551.00,-100.49
551.01,-102.67
551.02,-100.29
551.03,-97.15
551.04,-96.77
551.05,-98.20
551.06,-101.85
551.07,-101.86
551.08,-102.00
551.09,-101.48
551.10,-102.47
551.11,-104.38
551.13,-102.82
551.14,-101.77
551.15,-101.59
551.16,-100.94
551.17,-101.80
551.18,-99.09
551.19,-99.18
551.20,-104.05
551.21,-103.54
551.22,-101.74
551.23,-104.99
551.25,-102.97
551.26,-100.88
551.27,-100.30
551.28,-101.25
551.29,-102.54
551.30,-101.33
551.31,-102.19
551.32,-102.91
551.33,-103.87
551.34,-103.14
551.35,-101.86
551.36,-101.03
551.38,-101.09
551.39,-102.85
551.40,-102.90
551.41,-100.91
551.42,-100.59
551.43,-102.63
551.44,-100.30
551.45,-99.64
551.46,-98.10
551.47,-97.96
551.48,-100.24
551.49,-99.36
551.51,-98.89
551.52,-97.44
551.53,-96.68
551.54,-94.57
551.55,-97.66
551.56,-98.38
551.57,-98.42
551.58,-101.23
551.59,-100.31
551.60,-99.94
551.61,-99.32
551.62,-97.66
551.64,-100.39
551.65,-101.58
551.66,-102.89
551.67,-103.07
551.68,-103.56
551.69,-102.08
551.70,-101.79
551.71,-102.14
551.72,-103.18
551.73,-103.39
551.74,-103.41
551.75,-104.07
551.77,-103.28
551.78,-103.98
551.79,-104.37
551.80,-99.58
551.81,-99.79
551.82,-103.25
551.83,-102.23
551.84,-100.18
551.85,-101.00
551.86,-102.48
551.87,-102.89
551.89,-102.33
551.90,-102.00
551.91,-101.97
551.92,-99.09
551.93,-99.27
551.94,-100.02
551.95,-100.58
551.96,-101.51
551.97,-100.66
551.98,-100.74
551.99,-99.91
552.00,-99.95
552.02,-99.34
552.03,-100.10
552.04,-103.30
552.05,-104.46
552.06,-97.02
552.07,-96.69
552.08,-103.08
552.09,-100.66
552.10,-100.43
552.11,-101.68
552.12,-103.16
552.13,-100.63
552.15,-100.10
552.16,-100.54
552.17,-103.85
552.18,-101.97
552.19,-102.16
552.20,-102.27
552.21,-99.69
552.22,-101.64
552.23,-104.84
552.24,-103.80
552.25,-102.03
552.26,-102.00
552.28,-101.23
552.29,-101.39
552.30,-104.12
552.31,-103.71
552.32,-102.94
552.33,-102.72
552.34,-102.84
552.35,-102.83
552.36,-102.72
552.37,-101.40
552.38,-101.30
552.39,-103.42
552.41,-101.72
552.42,-102.82
552.43,-101.08
552.44,-100.77
552.45,-101.93
552.46,-104.16
552.47,-102.30
552.48,-101.49
552.49,-100.04
552.50,-100.07
552.51,-102.33
552.53,-102.72
552.54,-103.43
552.55,-103.11
552.56,-104.94
552.57,-104.96
552.58,-101.71
552.59,-101.47
552.60,-102.97
552.61,-102.79
552.62,-103.69
552.63,-104.35
552.64,-101.92
552.66,-103.23
552.67,-103.09
552.68,-102.44
552.69,-103.12
552.70,-104.35
552.71,-104.32
552.72,-101.99
552.73,-103.15
552.74,-102.36
552.75,-102.48
552.76,-103.82
552.77,-101.23
552.79,-102.73
552.80,-102.36
552.81,-102.50
552.82,-104.19
552.83,-104.02
552.84,-104.04
552.85,-102.36
552.86,-101.59
552.87,-103.35
552.88,-100.45
552.89,-100.44
552.90,-101.67
552.92,-102.26
552.93,-103.26
552.94,-100.15
552.95,-93.28
552.96,-93.35
552.97,-99.43
552.98,-100.95
552.99,-100.95
553.00,-99.01
553.01,-99.52
553.02,-102.99
553.04,-101.25
553.05,-101.95
553.06,-105.54
553.07,-104.60
553.08,-104.44
553.09,-103.14
553.10,-102.84
553.11,-103.87
553.12,-106.12
553.13,-105.87
553.14,-104.72
553.15,-105.22
553.17,-104.01
553.18,-102.81
553.19,-104.40
553.20,-106.25
553.21,-101.66
553.22,-103.33
553.23,-102.64
553.24,-98.08
553.25,-98.32
553.26,-102.87
553.27,-102.94
553.28,-103.54
553.30,-102.67
553.31,-103.88
553.32,-99.85
553.33,-98.92
553.34,-102.70
553.35,-104.77
553.36,-101.14
553.37,-102.86
553.38,-103.13
553.39,-97.92
553.40,-101.05
553.41,-101.96
553.43,-99.69
553.44,-99.14
553.45,-103.18
553.46,-101.14
553.47,-101.54
553.48,-103.28
553.49,-102.86
553.50,-99.18
553.51,-99.23
553.52,-102.69
553.53,-101.91
553.54,-98.91
553.56,-100.33
553.57,-105.97
553.58,-103.67
553.59,-103.05
553.60,-103.07
553.61,-102.92
553.62,-101.54
553.63,-102.68
553.64,-104.58
553.65,-103.56
553.66,-98.68
553.68,-98.70
553.69,-101.07
553.70,-101.04
553.71,-103.12
553.72,-98.42
553.73,-98.53
553.74,-100.81
553.75,-103.12
553.76,-98.27
553.77,-98.55
553.78,-99.60
553.79,-99.65
553.81,-99.34
553.82,-103.50
553.83,-99.67
553.84,-98.81
553.85,-100.42
553.86,-100.66
553.87,-99.71
553.88,-101.70
553.89,-103.62
553.90,-102.84
553.91,-102.24
553.92,-102.64
553.94,-102.73
553.95,-102.67
553.96,-105.32
553.97,-102.65
553.98,-104.08
553.99,-105.18
554.00,-104.50
554.01,-103.34
554.02,-103.91
554.03,-104.90
554.04,-104.25
554.05,-102.37
554.07,-103.58
554.08,-104.49
554.09,-104.62
554.10,-103.62
554.11,-104.25
554.12,-102.35
554.13,-104.01
554.14,-102.38
554.15,-103.01
554.16,-104.09
554.17,-103.57
554.18,-103.78
554.20,-102.51
554.21,-102.56
554.22,-101.99
554.23,-102.21
554.24,-101.31
554.25,-98.84
554.26,-99.11
554.27,-96.99
554.28,-93.66
554.29,-94.19
554.30,-94.84
554.32,-96.10
554.33,-96.16
554.34,-93.44
554.35,-90.95
554.36,-88.73
554.37,-90.12
554.38,-96.02
554.39,-94.78
554.40,-94.90
554.41,-96.37
554.42,-96.41
554.43,-96.23
554.45,-98.03
554.46,-99.30
554.47,-98.85
554.48,-100.33
554.49,-99.59
554.50,-99.30
554.51,-100.34
554.52,-100.91
554.53,-104.33
554.54,-103.27
554.55,-103.44
554.56,-103.17
554.58,-103.27
554.59,-102.16
554.60,-104.33
554.61,-107.14
554.62,-103.96
554.63,-103.84
554.64,-106.53
554.65,-103.76
554.66,-103.19
554.67,-105.51
554.68,-107.84
554.69,-107.07
554.71,-105.27
554.72,-104.94
554.73,-100.72
554.74,-100.84
554.75,-104.44
554.76,-103.47
554.77,-106.06
554.78,-105.35
554.79,-105.63
554.80,-104.21
554.81,-104.32
554.82,-103.66
554.84,-104.35
554.85,-104.24
554.86,-107.05
554.87,-104.34
554.88,-104.33
554.89,-107.60
554.89,-104.20
554.90,-104.12
554.91,-103.14
554.92,-103.96
554.93,-104.02
554.94,-104.73
554.96,-102.89
554.97,-103.98
554.98,-106.28
554.99,-104.58
555.00,-104.13
555.01,-105.20
555.02,-104.94
555.03,-105.05
555.04,-104.30
555.05,-102.97
555.06,-103.58
555.07,-105.93
555.09,-105.95
555.10,-106.95
555.11,-106.58
555.12,-106.42
555.13,-106.48
555.14,-105.34
555.15,-105.17
555.16,-103.75
555.17,-103.96
555.18,-104.94
555.19,-106.32
555.20,-106.19
555.22,-105.10
555.23,-105.64
555.24,-108.72
555.25,-105.92
555.26,-104.54
555.27,-104.49
555.28,-104.51
555.29,-106.43
555.30,-105.32
555.31,-106.23
555.32,-104.53
555.33,-104.28
555.35,-104.31
555.36,-104.05
555.37,-106.43
555.38,-106.21
555.39,-103.50
555.40,-103.04
555.41,-105.49
555.42,-105.77
555.43,-105.13
555.44,-104.40
555.45,-103.13
555.46,-103.63
555.48,-104.70
555.49,-104.66
555.50,-103.97
555.51,-104.72
555.52,-105.69
555.53,-105.93
555.54,-105.42
555.55,-104.50
555.56,-106.15
555.57,-103.98
555.58,-104.30
555.60,-105.13
555.61,-103.96
555.62,-103.90
555.63,-103.68
555.64,-103.81
555.65,-106.73
555.66,-106.42
555.67,-103.00
555.68,-102.62
555.69,-101.80
555.70,-102.98
555.71,-105.30
555.73,-104.44
555.74,-105.61
555.75,-104.95
555.76,-105.28
555.77,-104.54
555.78,-104.47
555.79,-104.56
555.80,-101.87
555.81,-103.30
555.82,-105.09
555.83,-99.67
555.84,-99.52
555.86,-101.24
555.87,-101.91
555.88,-103.48
555.89,-103.47
555.90,-103.64
555.91,-103.82
555.92,-103.66
555.93,-103.25
555.94,-103.21
555.95,-103.93
555.96,-103.94
555.97,-104.53
555.99,-102.48
556.00,-103.18
556.01,-103.65
556.02,-102.14
556.03,-102.92
556.04,-105.17
556.05,-105.08
556.06,-104.92
556.07,-104.64
556.08,-105.11
556.09,-105.91
556.10,-104.87
556.12,-105.76
556.13,-104.59
556.14,-101.72
556.15,-101.74
556.16,-104.92
556.17,-104.84
556.18,-105.14
556.19,-104.75
556.20,-104.75
556.21,-106.02
556.22,-106.57
556.24,-106.92
556.25,-106.68
556.26,-105.28
556.27,-105.84
556.28,-104.26
556.29,-106.06
556.30,-106.06
556.31,-104.92
556.32,-105.50
556.33,-105.12
556.34,-104.62
556.35,-105.59
556.37,-106.08
556.38,-105.50
556.39,-105.49
556.40,-105.46
556.41,-109.05
556.42,-105.71
556.43,-104.09
556.44,-104.22
556.45,-104.55
556.46,-105.12
556.47,-105.44
556.48,-106.11
556.50,-104.91
556.51,-104.33
556.52,-103.68
556.53,-104.91
556.54,-105.70
556.55,-103.46
556.56,-102.31
556.57,-104.38
556.58,-105.20
556.59,-105.89
556.60,-105.44
556.61,-105.30
556.63,-105.02
556.64,-105.28
556.65,-102.72
556.66,-102.37
556.67,-102.93
556.68,-105.23
556.69,-105.84
556.70,-107.43
556.71,-105.80
556.72,-103.28
556.73,-103.03
556.74,-103.83
556.76,-104.82
556.77,-104.85
556.78,-104.63
556.79,-105.36
556.80,-104.75
556.81,-104.01
556.82,-103.20
556.83,-101.94
556.84,-104.24
556.85,-103.70
556.86,-104.76
556.88,-104.44
556.89,-105.11
556.90,-105.47
556.91,-104.16
556.92,-103.85
556.93,-103.25
556.94,-100.11
556.95,-99.62
556.96,-102.15
556.97,-104.50
556.98,-105.80
556.99,-103.95
557.01,-102.83
557.02,-103.57
557.03,-103.64
557.04,-104.48
557.05,-103.75
557.06,-103.23
557.07,-102.77
557.08,-102.95
557.09,-100.34
557.10,-100.17
557.11,-101.60
557.12,-100.45
557.14,-101.09
557.15,-102.12
557.16,-99.65
557.17,-98.59
557.18,-95.29
557.19,-96.24
557.20,-100.95
557.21,-102.15
557.22,-100.82
557.23,-102.22
557.24,-100.21
557.25,-100.81
557.27,-100.57
557.28,-101.24
557.29,-104.04
557.30,-103.61
557.31,-104.88
557.32,-104.18
557.33,-103.61
557.34,-103.67
557.35,-102.69
557.36,-105.85
557.37,-106.47
557.38,-104.32
557.40,-104.39
557.41,-105.48
557.42,-105.17
557.43,-105.10
557.44,-103.04
557.45,-103.05
557.46,-104.33
557.47,-103.46
557.48,-104.90
557.49,-105.93
557.50,-106.79
557.52,-106.75
557.53,-104.21
557.54,-103.42
557.55,-103.26
557.56,-102.08
557.57,-101.22
557.58,-104.54
557.59,-102.87
557.60,-102.31
557.61,-104.05
557.62,-103.83
557.63,-103.90
557.65,-103.63
557.66,-102.00
557.67,-102.09
557.68,-105.21
557.69,-105.01
557.70,-105.68
557.71,-104.81
557.72,-103.83
557.73,-104.84
557.74,-105.75
557.75,-105.55
557.76,-103.85
557.78,-103.36
557.79,-106.46
557.80,-105.64
557.81,-105.60
557.82,-103.52
557.83,-103.03
557.84,-101.02
557.85,-101.34
557.86,-100.48
557.87,-100.38
557.88,-105.05
557.89,-105.89
557.91,-103.41
557.92,-101.71
557.93,-101.71
557.94,-101.82
557.95,-103.93
557.96,-105.16
557.97,-104.43
557.98,-102.91
557.99,-102.39
558.00,-105.36
558.01,-102.60
558.03,-101.20
558.04,-102.89
558.05,-102.83
558.06,-101.72
558.07,-99.74
558.08,-101.09
558.09,-103.73
558.10,-104.64
558.11,-106.06
558.12,-103.84
558.13,-103.15
558.14,-101.27
558.16,-103.12
558.17,-103.61
558.18,-103.01
558.19,-103.16
558.20,-103.90
558.21,-102.84
558.22,-105.66
558.23,-106.08
558.24,-104.79
558.25,-104.79
558.26,-105.93
558.27,-104.45
558.29,-104.48
558.30,-105.34
558.31,-104.78
558.32,-105.03
558.33,-106.27
558.34,-106.35
558.35,-106.27
558.36,-106.38
558.37,-104.98
558.38,-104.96
558.39,-105.85
558.40,-104.54
558.42,-104.29
558.43,-105.40
558.44,-105.15
558.45,-105.93
558.46,-103.86
558.47,-103.24
558.48,-106.50
558.49,-105.40
558.50,-101.44
558.51,-101.32
558.52,-101.37
558.53,-105.15
558.55,-106.29
558.56,-104.32
558.57,-105.11
558.58,-103.36
558.59,-102.51
558.60,-101.37
558.61,-101.48
558.62,-106.61
558.63,-102.97
558.64,-105.45
558.65,-103.98
558.67,-103.95
558.68,-104.12
558.69,-104.49
558.70,-106.72
558.71,-106.50
558.72,-106.37
558.73,-105.91
558.74,-107.89
558.75,-108.05
558.76,-106.62
558.77,-105.79
558.78,-106.55
558.80,-106.08
558.81,-105.95
558.82,-104.11
558.83,-103.33
558.84,-104.23
558.85,-104.30
558.86,-104.99
558.87,-105.28
558.88,-106.66
558.89,-106.53
558.90,-106.06
558.91,-105.47
558.93,-105.71
558.94,-104.29
558.95,-100.78
558.96,-100.66
558.97,-102.36
558.98,-105.35
558.99,-105.80
559.00,-105.40
559.01,-106.72
559.02,-104.03
559.03,-105.00
559.04,-104.95
559.06,-104.65
559.07,-103.33
559.08,-106.83
559.09,-104.04
559.10,-103.70
559.11,-104.13
559.12,-104.55
559.13,-102.88
559.14,-103.06
559.15,-104.70
559.16,-103.93
559.17,-102.79
559.19,-103.47
559.20,-106.86
559.21,-106.89
559.22,-106.44
559.23,-106.16
559.24,-106.05
559.25,-106.13
559.26,-104.75
559.27,-106.21
559.28,-102.74
559.29,-102.78
559.31,-103.91
559.32,-102.95
559.33,-102.60
559.34,-104.02
559.35,-103.80
559.36,-107.13
559.37,-107.31
559.38,-104.12
559.39,-100.17
559.40,-100.67
559.41,-105.48
559.42,-104.82
559.44,-105.12
559.45,-105.70
559.46,-104.59
559.47,-104.75
559.48,-103.33
559.49,-103.54
559.50,-104.58
559.51,-105.20
559.52,-105.36
559.53,-105.48
559.54,-105.89
559.55,-107.24
559.57,-106.61
559.58,-106.76
559.59,-109.21
559.60,-105.97
559.61,-105.93
559.62,-107.08
559.63,-107.50
559.64,-108.24
559.65,-107.02
559.66,-105.58
559.67,-104.85
559.68,-103.74
559.70,-103.97
559.71,-106.18
559.72,-105.87
559.73,-105.30
559.74,-107.94
559.75,-107.24
559.76,-106.60
559.77,-107.00
559.78,-107.10
559.79,-105.83
559.80,-105.37
559.81,-106.03
559.83,-108.73
559.84,-106.01
559.85,-106.43
559.86,-105.73
559.87,-106.02
559.88,-106.44
559.88,-104.58
559.89,-104.53
559.90,-103.45
559.91,-101.51
559.92,-99.19
559.93,-99.16
559.95,-99.06
559.96,-100.89
559.97,-99.99
559.98,-99.85
559.99,-94.33
560.00,-89.70
560.01,-90.74
560.02,-100.35
560.03,-100.41
560.04,-98.11
560.05,-98.34
560.06,-100.89
560.08,-100.23
560.09,-100.43
560.10,-102.41
560.11,-102.50
560.12,-103.51
560.13,-101.10
560.14,-101.27
560.15,-103.64
560.16,-105.01
560.17,-106.30
560.18,-105.27
560.19,-104.08
560.21,-100.30
560.22,-100.58
560.23,-105.31
560.24,-105.30
560.25,-105.99
560.26,-106.05
560.27,-103.37
560.28,-102.18
560.29,-102.04
560.30,-104.86
560.31,-104.55
560.32,-104.81
560.34,-106.56
560.35,-106.25
560.36,-102.42
560.37,-105.52
560.38,-105.22
560.39,-101.68
560.40,-101.70
560.41,-106.19
560.42,-106.49
560.43,-105.52
560.44,-105.74
560.45,-105.76
560.47,-105.07
560.48,-105.32
560.49,-105.79
560.50,-102.24
560.51,-102.28
560.52,-103.58
560.53,-104.83
560.54,-107.32
560.55,-104.48
560.56,-105.04
560.57,-105.42
560.59,-103.93
560.60,-103.41
560.61,-104.59
560.62,-105.46
560.63,-105.79
560.64,-103.80
560.65,-104.22
560.66,-104.53
560.67,-104.03
560.68,-106.83
560.69,-107.48
560.70,-106.25
560.72,-105.22
560.73,-104.92
560.74,-102.94
560.75,-103.79
560.76,-103.56
560.77,-107.40
560.78,-106.70
560.79,-105.31
560.80,-105.72
560.81,-105.18
560.82,-106.41
560.83,-105.09
560.85,-104.76
560.86,-105.24
560.87,-101.56
560.88,-100.25
560.89,-104.84
560.90,-105.15
560.91,-105.21
560.92,-107.69
560.93,-105.99
560.94,-104.74
560.95,-104.04
560.96,-105.40
560.98,-109.03
560.99,-106.74
561.00,-103.37
561.01,-104.30
561.02,-103.08
561.03,-104.34
561.04,-105.64
561.05,-103.30
561.06,-106.59
561.07,-105.26
561.08,-104.98
561.09,-101.39
561.11,-102.43
561.12,-103.36
561.13,-106.03
561.14,-102.22
561.15,-99.88
561.16,-100.15
561.17,-102.81
561.18,-104.11
561.19,-104.18
561.20,-103.92
561.21,-103.84
561.23,-104.50
561.24,-105.19
561.25,-103.95
561.26,-107.69
561.27,-107.69
561.28,-105.78
561.29,-105.44
561.30,-104.95
561.31,-106.27
561.32,-102.69
561.33,-102.74
561.34,-104.17
561.36,-107.65
561.37,-105.24
561.38,-105.28
561.39,-105.02
561.40,-103.70
561.41,-104.46
561.42,-105.15
561.43,-106.97
561.44,-106.30
561.45,-102.70
561.46,-101.19
561.47,-101.81
561.49,-102.73
561.50,-102.29
561.51,-102.30
561.52,-103.85
561.53,-104.97
561.54,-104.93
561.55,-103.91
561.56,-103.91
561.57,-103.47
561.58,-104.12
561.59,-104.96
561.60,-102.15
561.62,-100.31
561.63,-104.63
561.64,-104.24
561.65,-106.74
561.66,-105.52
561.67,-104.97
561.68,-103.13
561.69,-102.41
561.70,-104.87
561.71,-105.12
561.72,-107.67
561.73,-104.32
561.75,-102.93
561.76,-102.83
561.77,-103.75
561.78,-104.35
561.79,-104.86
561.80,-104.62
561.81,-104.01
561.82,-103.98
561.83,-102.85
561.84,-103.74
561.85,-103.13
561.87,-104.18
561.88,-103.02
561.89,-103.86
561.90,-103.86
561.91,-100.00
561.92,-100.89
561.93,-102.66
561.94,-101.85
561.95,-105.10
561.96,-105.99
561.97,-105.29
561.98,-102.21
562.00,-102.08
562.01,-103.89
562.02,-103.79
562.03,-103.92
562.04,-103.17
562.05,-103.45
562.06,-100.16
562.07,-101.90
562.08,-101.76
562.09,-102.10
562.10,-102.58
562.11,-102.59
562.13,-102.79
562.14,-103.23
562.15,-100.51
562.16,-100.07
562.17,-100.02
562.18,-100.76
562.19,-101.62
562.20,-103.40
562.21,-102.95
562.22,-102.60
562.23,-102.58
562.24,-102.59
562.26,-104.45
562.27,-105.25
562.28,-101.73
562.29,-101.90
562.30,-102.49
562.31,-103.06
562.32,-104.70
562.33,-105.59
562.34,-104.46
562.35,-103.47
562.36,-104.03
562.38,-103.90
562.39,-103.39
562.40,-104.03
562.41,-103.06
562.42,-102.43
562.43,-99.73
562.44,-101.96
562.45,-103.33
562.46,-103.45
562.47,-103.57
562.48,-103.62
562.49,-98.06
562.51,-97.99
562.52,-101.46
562.53,-104.40
562.54,-104.01
562.55,-105.86
562.56,-104.94
562.57,-104.07
562.58,-103.99
562.59,-105.32
562.60,-105.56
562.61,-105.22
562.62,-103.72
562.64,-104.03
562.65,-103.40
562.66,-103.36
562.67,-104.80
562.68,-104.26
562.69,-106.55
562.70,-105.02
562.71,-103.72
562.72,-98.70
562.73,-98.83
562.74,-100.71
562.75,-105.59
562.77,-105.32
562.78,-106.87
562.79,-104.01
562.80,-100.08
562.81,-100.09
562.82,-102.30
562.83,-102.38
562.84,-105.03
562.85,-102.97
562.86,-103.61
562.87,-102.55
562.88,-103.74
562.90,-106.22
562.91,-104.08
562.92,-104.04
562.93,-102.59
562.94,-97.91
562.95,-97.61
562.96,-102.38
562.97,-103.43
562.98,-103.71
562.99,-102.95
563.00,-103.65
563.02,-101.55
563.03,-99.89
563.04,-99.37
563.05,-104.41
563.06,-102.09
563.07,-103.03
563.08,-104.35
563.09,-100.95
563.10,-100.77
563.11,-101.45
563.12,-106.89
563.13,-107.31
563.15,-103.51
563.16,-103.46
563.17,-100.26
563.18,-98.38
563.19,-100.33
563.20,-103.04
563.21,-102.21
563.22,-100.71
563.23,-98.93
563.24,-99.00
563.25,-99.06
563.26,-101.18
563.28,-104.56
563.29,-104.47
563.30,-102.99
563.31,-100.95
563.32,-98.43
563.33,-101.26
563.34,-102.94
563.35,-103.16
563.36,-100.97
563.37,-100.52
563.38,-98.04
563.39,-97.94
563.41,-101.77
563.42,-99.09
563.43,-100.85
563.44,-99.25
563.45,-99.82
563.46,-98.79
563.47,-97.71
563.48,-98.32
563.49,-102.53
563.50,-101.10
563.51,-102.73
563.52,-105.51
563.54,-94.92
563.55,-94.93
563.56,-100.43
563.57,-103.05
563.58,-103.93
563.59,-103.00
563.60,-100.91
563.61,-96.83
563.62,-97.54
563.63,-101.61
563.64,-98.13
563.66,-98.31
563.67,-98.43
563.68,-100.75
563.69,-98.62
563.70,-98.49
563.71,-99.34
563.72,-100.21
563.73,-99.88
563.74,-99.48
563.75,-98.70
563.76,-98.10
563.77,-99.08
563.79,-101.90
563.80,-103.11
563.81,-104.04
563.82,-101.98
563.83,-98.50
563.84,-97.41
563.85,-96.69
563.86,-98.22
563.87,-97.85
563.88,-101.16
563.89,-98.06
563.90,-93.67
563.92,-93.41
563.93,-97.69
563.94,-99.38
563.95,-99.81
563.96,-97.70
563.97,-96.19
563.98,-92.25
563.99,-92.50
564.00,-92.99
564.01,-98.42
564.02,-98.26
564.03,-100.49
564.05,-98.16
564.06,-93.98
564.07,-94.16
564.08,-98.37
564.09,-98.22
564.10,-97.92
564.11,-92.52
564.12,-91.61
564.13,-90.16
564.14,-90.08
564.15,-92.28
564.16,-93.05
564.18,-93.18
564.19,-95.15
564.20,-93.50
564.21,-90.01
564.22,-91.62
564.23,-93.35
564.24,-95.50
564.25,-94.26
564.26,-94.27
564.27,-93.32
564.28,-93.36
564.30,-95.64
564.31,-97.70
564.32,-99.18
564.33,-101.65
564.34,-95.60
564.35,-86.63
564.36,-86.55
564.37,-94.38
564.38,-96.30
564.39,-96.88
564.40,-94.69
564.41,-91.49
564.43,-88.17
564.44,-88.33
564.45,-91.61
564.46,-95.44
564.47,-96.33
564.48,-96.65
564.49,-90.88
564.50,-87.01
564.51,-87.85
564.52,-95.85
564.53,-98.90
564.54,-98.90
564.56,-96.69
564.57,-85.29
564.58,-81.56
564.59,-83.87
564.60,-92.26
564.61,-97.25
564.62,-98.51
564.63,-93.56
564.64,-81.15
564.65,-79.58
564.66,-86.94
564.67,-92.57
564.69,-94.56
564.70,-97.19
564.71,-92.43
564.72,-87.96
564.73,-87.40
564.74,-95.04
564.75,-95.80
564.76,-97.63
564.77,-101.34
564.78,-97.27
564.79,-86.79
564.80,-86.67
564.82,-95.28
564.83,-94.88
564.84,-94.26
564.85,-94.47
564.86,-91.75
564.87,-87.47
564.87,-87.00
564.88,-87.53
564.89,-91.83
564.90,-92.15
564.91,-94.03
564.92,-93.28
564.94,-95.60
564.95,-95.31
564.96,-95.13
564.97,-94.79
564.98,-95.14
564.99,-96.70
565.00,-96.66
565.01,-95.20
565.02,-93.15
565.03,-96.57
565.04,-98.48
565.05,-99.19
565.07,-100.53
565.08,-102.60
565.09,-97.65
565.10,-96.39
565.11,-96.12
565.12,-97.35
565.13,-100.25
565.14,-101.03
565.15,-98.87
565.16,-95.01
565.17,-94.91
565.18,-99.29
565.20,-102.41
565.21,-101.95
565.22,-99.16
565.23,-96.94
565.24,-95.87
565.25,-94.77
565.26,-94.60
565.27,-94.50
565.28,-96.69
565.29,-94.79
565.30,-95.66
565.31,-94.73
565.33,-97.27
565.34,-97.19
565.35,-97.29
565.36,-99.27
565.37,-100.14
565.38,-100.76
565.39,-100.46
565.40,-99.49
565.41,-100.62
565.42,-101.58
565.43,-101.15
565.44,-99.90
565.46,-101.25
565.47,-99.10
565.48,-100.14
565.49,-102.45
565.50,-100.58
565.51,-101.09
565.52,-101.73
565.53,-99.83
565.54,-98.38
565.55,-102.06
565.56,-100.59
565.58,-100.39
565.59,-96.79
565.60,-97.15
565.61,-99.18
565.62,-97.75
565.63,-99.43
565.64,-98.31
565.65,-97.71
565.66,-98.67
565.67,-99.59
565.68,-99.27
565.69,-100.26
565.71,-101.31
565.72,-100.04
565.73,-100.60
565.74,-102.74
565.75,-99.38
565.76,-99.02
565.77,-100.00
565.78,-103.46
565.79,-103.92
565.80,-102.42
565.81,-102.41
565.82,-100.45
565.84,-97.12
565.85,-99.76
565.86,-100.98
565.87,-101.36
565.88,-103.40
565.89,-100.91
565.90,-98.08
565.91,-97.87
565.92,-102.29
565.93,-104.30
565.94,-105.55
565.95,-102.62
565.97,-103.12
565.98,-100.37
565.99,-99.31
566.00,-99.81
566.01,-102.70
566.02,-103.57
566.03,-104.02
566.04,-103.76
566.05,-97.44
566.06,-97.02
566.07,-99.94
566.08,-103.42
566.10,-103.48
566.11,-102.01
566.12,-102.56
566.13,-101.14
566.14,-100.63
566.15,-101.72
566.16,-104.37
566.17,-105.54
566.18,-105.60
566.19,-102.53
566.20,-98.94
566.22,-99.39
566.23,-100.75
566.24,-104.63
566.25,-103.49
566.26,-105.21
566.27,-103.16
566.28,-100.99
566.29,-101.90
566.30,-104.60
566.31,-102.89
566.32,-105.01
566.33,-105.63
566.35,-104.86
566.36,-104.64
566.37,-106.29
566.38,-106.22
566.39,-106.80
566.40,-106.85
566.41,-106.01
566.42,-104.72
566.43,-104.11
566.44,-106.05
566.45,-106.94
566.46,-106.26
566.48,-105.84
566.49,-106.19
566.50,-101.67
566.51,-101.66
566.52,-103.59
566.53,-105.84
566.54,-107.19
566.55,-106.27
566.56,-105.38
566.57,-104.84
566.58,-105.35
566.59,-105.21
566.61,-107.50
566.62,-104.19
566.63,-104.93
566.64,-105.43
566.65,-104.49
566.66,-105.45
566.67,-105.71
566.68,-105.45
566.69,-105.24
566.70,-105.45
566.71,-106.41
566.72,-104.70
566.74,-109.51
566.75,-106.03
566.76,-106.87
566.77,-104.12
566.78,-103.16
566.79,-99.78
566.80,-99.49
566.81,-105.88
566.82,-105.14
566.83,-105.26
566.84,-108.35
566.86,-104.33
566.87,-104.13
566.88,-104.36
566.89,-104.28
566.90,-106.57
566.91,-106.45
566.92,-107.12
566.93,-105.78
566.94,-103.97
566.95,-103.65
566.96,-104.76
566.97,-105.71
566.99,-105.99
567.00,-104.50
567.01,-104.87
567.02,-104.76
567.03,-105.75
567.04,-107.30
567.05,-105.28
567.06,-105.42
567.07,-104.97
567.08,-105.73
567.09,-103.78
567.10,-104.41
567.12,-104.56
567.13,-103.88
567.14,-104.13
567.15,-104.73
567.16,-105.17
567.17,-105.12
567.18,-102.68
567.19,-104.35
567.20,-103.42
567.21,-105.35
567.22,-105.85
567.23,-104.00
567.25,-103.93
567.26,-106.57
567.27,-106.78
567.28,-104.78
567.29,-105.14
567.30,-105.34
567.31,-104.23
567.32,-103.39
567.33,-104.44
567.34,-104.33
567.35,-105.15
567.37,-105.29
567.38,-106.97
567.39,-102.95
567.40,-102.12
567.41,-106.35
567.42,-106.13
567.43,-105.52
567.44,-105.10
567.45,-105.63
567.46,-104.07
567.47,-104.64
567.48,-107.75
567.50,-104.25
567.51,-105.36
567.52,-105.70
567.53,-104.93
567.54,-103.73
567.55,-105.01
567.56,-102.38
567.57,-103.71
567.58,-105.17
567.59,-105.41
567.60,-105.39
567.61,-104.98
567.63,-105.76
567.64,-105.87
567.65,-105.28
567.66,-106.23
567.67,-106.40
567.68,-104.92
567.69,-104.75
567.70,-105.79
567.71,-106.41
567.72,-105.78
567.73,-105.19
567.74,-105.17
567.76,-104.25
567.77,-102.57
567.78,-103.24
567.79,-105.50
567.80,-104.82
567.81,-105.00
567.82,-105.83
567.83,-105.34
567.84,-105.55
567.85,-105.71
567.86,-106.68
567.87,-105.34
567.89,-105.57
567.90,-104.94
567.91,-102.59
567.92,-104.55
567.93,-105.51
567.94,-106.18
567.95,-107.10
567.96,-104.82
567.97,-105.35
567.98,-104.41
567.99,-104.54
568.01,-104.26
568.02,-106.47
568.03,-107.11
568.04,-106.05
568.05,-104.92
568.06,-106.06
568.07,-104.99
568.08,-105.01
568.09,-106.78
568.10,-104.72
568.11,-105.08
568.12,-103.50
568.14,-102.17
568.15,-103.52
568.16,-103.83
568.17,-105.58
568.18,-103.08
568.19,-105.30
568.20,-106.32
568.21,-104.08
568.22,-103.64
568.23,-105.66
568.24,-102.67
568.25,-103.66
568.27,-106.00
568.28,-104.08
568.29,-103.62
568.30,-103.50
568.31,-103.83
568.32,-103.82
568.33,-106.08
568.34,-106.34
568.35,-103.19
568.36,-103.25
568.37,-103.67
568.38,-104.98
568.40,-102.86
568.41,-102.59
568.42,-106.11
568.43,-105.75
568.44,-104.50
568.45,-104.25
568.46,-103.85
568.47,-102.02
568.48,-104.93
568.49,-106.00
568.50,-105.81
568.51,-104.56
568.53,-105.05
568.54,-104.01
568.55,-103.92
568.56,-104.89
568.57,-102.66
568.58,-103.44
568.59,-106.80
568.60,-106.79
568.61,-106.91
568.62,-107.72
568.63,-103.49
568.65,-103.93
568.66,-105.23
568.67,-107.85
568.68,-107.97
568.69,-105.45
568.70,-104.06
568.71,-105.46
568.72,-103.63
568.73,-103.64
568.74,-104.57
568.75,-104.49
568.76,-106.96
568.78,-105.90
568.79,-106.14
568.80,-105.40
568.81,-105.86
568.82,-107.21
568.83,-107.46
568.84,-106.49
568.85,-105.49
568.86,-104.81
568.87,-104.10
568.88,-104.14
568.89,-103.95
568.91,-104.78
568.92,-105.39
568.93,-105.79
568.94,-105.14
568.95,-104.09
568.96,-106.46
568.97,-105.34
568.98,-106.20
568.99,-106.12
569.00,-106.04
569.01,-105.03
569.02,-104.42
569.04,-105.97
569.05,-105.69
569.06,-107.77
569.07,-106.61
569.08,-105.85
569.09,-106.36
569.10,-106.51
569.11,-107.06
569.12,-105.84
569.13,-106.10
569.14,-105.53
569.15,-105.44
569.17,-105.89
569.18,-106.30
569.19,-107.13
569.20,-106.49
569.21,-105.56
569.22,-106.95
569.23,-105.85
569.24,-105.32
569.25,-106.08
569.26,-107.67
569.27,-104.07
569.29,-104.25
569.30,-107.70
569.31,-104.21
569.32,-104.30
569.33,-104.62
569.34,-105.34
569.35,-106.58
569.36,-107.60
569.37,-106.05
569.38,-106.01
569.39,-105.93
569.40,-106.34
569.42,-107.26
569.43,-105.57
569.44,-106.96
569.45,-107.93
569.46,-107.24
569.47,-107.38
569.48,-105.97
569.49,-105.99
569.50,-107.04
569.51,-106.97
569.52,-107.69
569.53,-107.05
569.55,-107.18
569.56,-107.17
569.57,-106.80
569.58,-107.71
569.59,-107.99
569.60,-106.42
569.61,-104.84
569.62,-106.91
569.63,-106.97
569.64,-106.92
569.65,-105.45
569.66,-104.80
569.68,-104.72
569.69,-105.88
569.70,-105.87
569.71,-104.96
569.72,-104.34
569.73,-104.36
569.74,-105.34
569.75,-105.47
569.76,-105.43
569.77,-102.82
569.78,-104.15
569.79,-104.31
569.81,-104.68
569.82,-104.14
569.83,-105.31
569.84,-104.11
569.85,-104.48
569.86,-100.82
569.86,-102.30
569.87,-102.74
569.88,-103.07
569.89,-104.96
569.90,-103.48
569.91,-103.08
569.93,-103.31
569.94,-103.65
569.95,-103.45
569.96,-104.62
569.97,-104.63
569.98,-103.17
569.99,-98.01
570.00,-96.94
570.01,-102.26
570.02,-103.85
570.03,-104.12
570.04,-102.78
570.06,-104.46
570.07,-105.42
570.08,-104.96
570.09,-104.86
570.10,-105.53
570.11,-105.85
570.12,-105.37
570.13,-106.17
570.14,-104.79
570.15,-105.10
570.16,-105.49
570.17,-106.27
570.19,-106.51
570.20,-105.87
570.21,-105.30
570.22,-106.18
570.23,-106.90
570.24,-105.85
570.25,-108.28
570.26,-105.98
570.27,-106.37
570.28,-107.60
570.29,-107.57
570.30,-105.15
570.32,-105.30
570.33,-107.81
570.34,-104.99
570.35,-105.11
570.36,-104.83
570.37,-106.79
570.38,-106.88
570.39,-106.59
570.40,-106.66
570.41,-106.60
570.42,-106.35
570.43,-107.58
570.45,-105.64
570.46,-107.17
570.47,-104.54
570.48,-105.53
570.49,-107.40
570.50,-104.46
570.51,-105.14
570.52,-107.18
570.53,-108.75
570.54,-109.06
570.55,-106.52
570.57,-106.38
570.58,-105.02
570.59,-105.56
570.60,-107.35
570.61,-106.86
570.62,-105.66
570.63,-105.94
570.64,-106.08
570.65,-105.75
570.66,-106.00
570.67,-106.40
570.68,-108.94
570.70,-107.01
570.71,-106.80
570.72,-104.83
570.73,-104.83
570.74,-104.83
570.75,-104.85
570.76,-104.83
570.77,-104.96
570.78,-107.25
570.79,-106.24
570.80,-106.33
570.81,-106.53
570.83,-108.26
570.84,-107.85
570.85,-106.57
570.86,-107.07
570.87,-108.47
570.88,-108.48
570.89,-107.10
570.90,-106.74
570.91,-107.35
570.92,-108.59
570.93,-107.68
570.94,-107.61
570.96,-106.80
570.97,-106.22
570.98,-108.29
570.99,-109.03
571.00,-106.47
571.01,-107.06
571.02,-107.15
571.03,-107.12
571.04,-107.23
571.05,-107.23
571.06,-107.92
571.07,-105.42
571.09,-105.84
571.10,-105.98
571.11,-107.56
571.12,-107.21
571.13,-107.82
571.14,-108.50
571.15,-108.74
571.16,-105.76
571.17,-105.80
571.18,-106.72
571.19,-106.31
571.21,-105.93
571.22,-104.89
571.23,-107.25
571.24,-107.49
571.25,-106.60
571.26,-105.92
571.27,-107.19
571.28,-105.58
571.29,-101.08
571.30,-103.29
571.31,-105.77
571.32,-106.23
571.34,-108.74
571.35,-103.37
571.36,-103.59
571.37,-107.58
571.38,-106.33
571.39,-104.40
571.40,-104.50
571.41,-106.59
571.42,-107.21
571.43,-104.46
571.44,-104.50
571.45,-106.14
571.47,-107.11
571.48,-107.42
571.49,-108.29
571.50,-106.33
571.51,-106.92
571.52,-108.11
571.53,-106.45
571.54,-106.46
571.55,-108.24
571.56,-105.42
571.57,-105.49
571.58,-106.37
571.60,-108.16
571.61,-108.80
571.62,-108.05
571.63,-105.05
571.64,-104.12
571.65,-105.25
571.66,-107.65
571.67,-107.75
571.68,-106.10
571.69,-105.28
571.70,-104.50
571.71,-105.12
571.73,-105.02
571.74,-107.71
571.75,-108.13
571.76,-106.70
571.77,-106.58
571.78,-106.24
571.79,-106.71
571.80,-105.56
571.81,-105.70
571.82,-104.98
571.83,-103.79
571.85,-104.84
571.86,-106.90
571.87,-106.80
571.88,-105.99
571.89,-105.77
571.90,-104.66
571.91,-105.23
571.92,-108.17
571.93,-107.52
571.94,-105.27
571.95,-106.11
571.96,-106.40
571.98,-105.29
571.99,-106.12
572.00,-106.35
572.01,-105.58
572.02,-107.14
572.03,-106.21
572.04,-106.27
572.05,-104.77
572.06,-105.83
572.07,-105.94
572.08,-105.60
572.09,-107.35
572.11,-106.22
572.12,-104.99
572.13,-103.82
572.14,-105.52
572.15,-107.70
572.16,-105.77
572.17,-107.85
572.18,-105.69
572.19,-105.35
572.20,-104.06
572.21,-104.98
572.22,-107.42
572.24,-106.96
572.25,-104.23
572.26,-105.41
572.27,-104.93
572.28,-105.64
572.29,-107.20
572.30,-101.58
572.31,-99.16
572.32,-101.87
572.33,-103.18
572.34,-105.04
572.36,-107.09
572.37,-104.57
572.38,-105.55
572.39,-105.97
572.40,-105.37
572.41,-105.36
572.42,-105.87
572.43,-104.97
572.44,-105.03
572.45,-106.62
572.46,-105.16
572.47,-106.08
572.49,-106.97
572.50,-103.53
572.51,-105.07
572.52,-104.96
572.53,-106.24
572.54,-106.10
572.55,-107.54
572.56,-105.91
572.57,-105.83
572.58,-107.03
572.59,-105.26
572.60,-104.97
572.62,-104.39
572.63,-105.25
572.64,-106.89
572.65,-104.79
572.66,-103.78
572.67,-103.44
572.68,-105.39
572.69,-106.32
572.70,-104.56
572.71,-104.64
572.72,-105.28
572.73,-106.28
572.75,-106.18
572.76,-104.46
572.77,-104.15
572.78,-107.09
572.79,-106.67
572.80,-106.03
572.81,-104.78
572.82,-106.50
572.83,-105.86
572.84,-105.09
572.85,-104.97
572.86,-104.73
572.88,-105.58
572.89,-106.44
572.90,-106.22
572.91,-104.25
572.92,-103.86
572.93,-106.17
572.94,-106.25
572.95,-106.50
572.96,-105.88
572.97,-105.86
572.98,-104.52
573.00,-105.53
573.01,-105.99
573.02,-105.38
573.03,-105.30
573.04,-107.08
573.05,-105.58
573.06,-105.04
573.07,-106.87
573.08,-106.42
573.09,-106.36
573.10,-106.75
573.11,-104.50
573.13,-104.48
573.14,-105.79
573.15,-105.15
573.16,-105.76
573.17,-103.60
573.18,-106.86
573.19,-104.36
573.20,-105.69
573.21,-104.12
573.22,-101.92
573.23,-101.93
573.24,-104.95
573.26,-103.94
573.27,-102.66
573.28,-101.49
573.29,-103.46
573.30,-106.88
573.31,-105.28
573.32,-105.14
573.33,-105.70
573.34,-104.32
573.35,-104.98
573.36,-107.18
573.37,-106.33
573.39,-105.28
573.40,-105.36
573.41,-106.55
573.42,-107.18
573.43,-105.67
573.44,-105.86
573.45,-104.65
573.46,-104.68
573.47,-104.17
573.48,-104.67
573.49,-105.53
573.50,-104.15
573.52,-105.08
573.53,-106.87
573.54,-105.64
573.55,-105.05
573.56,-105.35
573.57,-106.05
573.58,-105.20
573.59,-101.91
573.60,-102.60
573.61,-102.97
573.62,-104.78
573.64,-105.41
573.65,-105.14
573.66,-104.17
573.67,-105.07
573.68,-102.75
573.69,-102.75
573.70,-103.10
573.71,-102.34
573.72,-105.51
573.73,-104.09
573.74,-103.72
573.75,-104.51
573.77,-105.15
573.78,-105.17
573.79,-107.19
573.80,-106.46
573.81,-104.88
573.82,-105.00
573.83,-104.46
573.84,-102.94
573.85,-103.82
573.86,-104.83
573.87,-106.36
573.88,-104.33
573.90,-104.55
573.91,-102.47
573.92,-102.52
573.93,-104.02
573.94,-102.78
573.95,-101.05
573.96,-101.83
573.97,-104.05
573.98,-104.19
573.99,-106.24
574.00,-106.01
574.01,-104.42
574.03,-103.43
574.04,-104.59
574.05,-102.37
574.06,-104.95
574.07,-106.12
574.08,-104.94
574.09,-104.49
574.10,-105.47
574.11,-103.62
574.12,-102.42
574.13,-104.15
574.14,-105.02
574.16,-103.11
574.17,-101.93
574.18,-102.34
574.19,-105.30
574.20,-105.30
574.21,-105.80
574.22,-104.51
574.23,-104.65
574.24,-103.16
574.25,-104.13
574.26,-104.73
574.28,-104.69
574.29,-106.30
574.30,-105.86
574.31,-104.58
574.32,-103.17
574.33,-102.65
574.34,-106.97
574.35,-106.16
574.36,-105.61
574.37,-105.51
574.38,-105.04
574.39,-105.90
574.41,-105.22
574.42,-105.69
574.43,-104.27
574.44,-104.68
574.45,-105.91
574.46,-105.31
574.47,-104.42
574.48,-105.54
574.49,-104.31
574.50,-104.48
574.51,-106.66
574.52,-105.64
574.54,-105.13
574.55,-105.19
574.56,-105.41
574.57,-105.44
574.58,-104.51
574.59,-104.97
574.60,-104.44
574.61,-104.37
574.62,-106.82
574.63,-105.68
574.64,-105.76
574.65,-105.24
574.67,-104.75
574.68,-104.50
574.69,-104.20
574.70,-103.86
574.71,-104.02
574.72,-105.75
574.73,-105.81
574.74,-104.63
574.75,-104.56
574.76,-102.31
574.77,-101.52
574.78,-105.73
574.80,-106.94
574.81,-106.50
574.82,-105.38
574.83,-104.69
574.84,-104.25
574.85,-105.61
574.85,-104.88
574.86,-104.62
574.87,-104.68
574.88,-106.32
574.89,-104.41
574.90,-105.00
574.92,-105.56
574.93,-103.71
574.94,-104.06
574.95,-103.53
574.96,-103.18
574.97,-103.54
574.98,-104.93
574.99,-105.13
575.00,-104.50
575.01,-105.40
575.02,-106.14
575.03,-104.55
575.05,-101.44
575.06,-101.45
575.07,-103.54
575.08,-105.74
575.09,-103.75
575.10,-103.82
575.11,-104.59
575.12,-103.56
575.13,-104.14
575.14,-104.81
575.15,-104.45
575.16,-104.56
575.18,-101.68
575.19,-101.76
575.20,-105.44
575.21,-105.84
575.22,-107.95
575.23,-103.64
575.24,-103.63
575.25,-103.72
575.26,-105.73
575.27,-107.40
575.28,-107.20
575.29,-106.63
575.31,-104.61
575.32,-104.26
575.33,-105.89
575.34,-108.10
575.35,-106.35
575.36,-106.83
575.37,-106.27
575.38,-105.91
575.39,-106.33
575.40,-106.68
575.41,-107.18
575.42,-108.33
575.44,-106.49
575.45,-104.52
575.46,-104.57
575.47,-105.38
575.48,-106.06
575.49,-106.12
575.50,-104.84
575.51,-105.65
575.52,-104.04
575.53,-104.67
575.54,-106.12
575.56,-106.86
575.57,-106.84
575.58,-106.93
575.59,-107.56
575.60,-105.65
575.61,-105.73
575.62,-105.16
575.63,-105.07
575.64,-106.50
575.65,-104.96
575.66,-104.79
575.67,-105.55
575.69,-105.17
575.70,-102.79
575.71,-105.31
575.72,-105.19
575.73,-106.68
575.74,-107.62
575.75,-104.13
575.76,-104.03
575.77,-105.44
575.78,-104.91
575.79,-104.89
575.80,-106.33
575.82,-105.69
575.83,-104.02
575.84,-103.20
575.85,-105.05
575.86,-104.58
575.87,-105.19
575.88,-106.44
575.89,-105.60
575.90,-103.67
575.91,-103.25
575.92,-105.24
575.93,-105.94
575.95,-106.58
575.96,-106.35
575.97,-105.53
575.98,-104.94
575.99,-99.49
576.00,-98.93
576.01,-101.93
576.02,-104.16
576.03,-103.52
576.04,-104.12
576.05,-105.23
576.06,-105.14
576.08,-103.04
576.09,-104.04
576.10,-104.05
576.11,-104.63
576.12,-102.12
576.13,-102.24
576.14,-105.18
576.15,-104.15
576.16,-104.85
576.17,-105.57
576.18,-105.43
576.20,-105.32
576.21,-105.85
576.22,-105.83
576.23,-105.67
576.24,-105.85
576.25,-104.38
576.26,-104.18
576.27,-106.91
576.28,-105.65
576.29,-105.77
576.30,-104.63
576.31,-104.64
576.33,-107.04
576.34,-106.56
576.35,-104.82
576.36,-104.33
576.37,-105.94
576.38,-103.15
576.39,-102.64
576.40,-102.34
576.41,-106.26
576.42,-105.14
576.43,-106.46
576.44,-106.14
576.46,-105.10
576.47,-103.94
576.48,-105.26
576.49,-106.07
576.50,-106.11
576.51,-104.14
576.52,-103.21
576.53,-105.44
576.54,-104.47
576.55,-105.45
576.56,-103.93
576.57,-103.95
576.59,-106.10
576.60,-104.51
576.61,-105.71
576.62,-107.12
576.63,-106.98
576.64,-104.61
576.65,-102.20
576.66,-101.70
576.67,-104.09
576.68,-103.43
576.69,-103.63
576.70,-102.84
576.72,-103.14
576.73,-103.94
576.74,-103.37
576.75,-101.96
576.76,-102.67
576.77,-103.02
576.78,-102.72
576.79,-104.85
576.80,-104.74
576.81,-105.04
576.82,-102.51
576.84,-102.50
576.85,-101.88
576.86,-104.09
576.87,-101.49
576.88,-102.39
576.89,-102.76
576.90,-101.45
576.91,-102.26
576.92,-104.74
576.93,-104.31
576.94,-102.43
576.95,-102.12
576.97,-103.22
576.98,-102.28
576.99,-102.17
577.00,-101.62
577.01,-99.92
577.02,-101.25
577.03,-101.24
577.04,-103.12
577.05,-101.62
577.06,-101.78
577.07,-101.26
577.08,-102.41
577.10,-103.35
577.11,-102.27
577.12,-99.83
577.13,-100.33
577.14,-101.93
577.15,-102.15
577.16,-101.57
577.17,-102.07
577.18,-102.28
577.19,-102.89
577.20,-102.54
577.21,-102.34
577.23,-100.36
577.24,-99.78
577.25,-102.52
577.26,-103.07
577.27,-101.84
577.28,-101.76
577.29,-102.02
577.30,-100.45
577.31,-100.42
577.32,-97.72
577.33,-96.44
577.35,-97.15
577.36,-100.08
577.37,-100.14
577.38,-98.91
577.39,-98.74
577.40,-100.02
577.41,-100.53
577.42,-99.04
577.43,-99.01
577.44,-99.12
577.45,-98.75
577.46,-97.92
577.48,-98.15
577.49,-100.15
577.50,-95.58
577.51,-95.58
577.52,-93.87
577.53,-90.69
577.54,-91.79
577.55,-94.01
577.56,-93.65
577.57,-95.56
577.58,-95.49
577.59,-96.63
577.61,-96.56
577.62,-96.94
577.63,-96.63
577.64,-97.97
577.65,-97.94
577.66,-98.05
577.67,-97.92
577.68,-97.93
577.69,-98.70
577.70,-99.87
577.71,-99.88
577.72,-99.56
577.74,-97.63
577.75,-97.49
577.76,-100.80
577.77,-101.41
577.78,-100.06
577.79,-96.82
577.80,-96.51
577.81,-97.64
577.82,-97.82
577.83,-100.23
577.84,-100.61
577.85,-99.74
577.87,-100.83
577.88,-100.09
577.89,-99.24
577.90,-99.56
577.91,-102.52
577.92,-101.16
577.93,-100.11
577.94,-100.60
577.95,-100.91
577.96,-100.59
577.97,-99.23
577.99,-99.99
578.00,-102.73
578.01,-102.81
578.02,-101.48
578.03,-101.63
578.04,-100.32
578.05,-100.15
578.06,-101.84
578.07,-99.38
578.08,-100.64
578.09,-101.14
578.10,-102.00
578.12,-101.58
578.13,-101.49
578.14,-102.74
578.15,-101.36
578.16,-102.70
578.17,-102.94
578.18,-103.68
578.19,-101.30
578.20,-100.60
578.21,-103.98
578.22,-103.42
578.23,-103.97
578.25,-103.61
578.26,-103.72
578.27,-101.63
578.28,-101.35
578.29,-102.80
578.30,-99.40
578.31,-95.93
578.32,-97.57
578.33,-105.73
578.34,-104.57
578.35,-105.74
578.36,-104.14
578.38,-104.20
578.39,-104.39
578.40,-104.83
578.41,-104.00
578.42,-104.26
578.43,-101.56
578.44,-101.86
578.45,-103.61
578.46,-105.55
578.47,-103.77
578.48,-102.41
578.49,-104.06
578.51,-104.04
578.52,-103.03
578.53,-102.23
578.54,-102.43
578.55,-102.13
578.56,-103.96
578.57,-105.46
578.58,-104.88
578.59,-104.43
578.60,-106.06
578.61,-106.15
578.63,-104.37
578.64,-104.60
578.65,-104.55
578.66,-104.96
578.67,-104.58
578.68,-103.27
578.69,-104.18
578.70,-104.14
578.71,-103.14
578.72,-102.79
578.73,-105.43
578.74,-106.50
578.76,-105.03
578.77,-106.22
578.78,-106.09
578.79,-107.20
578.80,-106.92
578.81,-105.95
578.82,-105.51
578.83,-104.40
578.84,-104.32
578.85,-103.68
578.86,-100.30
578.87,-101.73
578.89,-105.71
578.90,-103.64
578.91,-103.21
578.92,-104.19
578.93,-104.14
578.94,-101.93
578.95,-102.43
578.96,-103.99
578.97,-104.01
578.98,-101.79
578.99,-102.94
579.00,-102.98
579.02,-106.39
579.03,-103.01
579.04,-103.31
579.05,-103.79
579.06,-103.54
579.07,-101.88
579.08,-100.73
579.09,-100.87
579.10,-100.93
579.11,-99.74
579.12,-100.18
579.13,-101.64
579.15,-105.27
579.16,-103.90
579.17,-104.06
579.18,-102.92
579.19,-102.28
579.20,-103.48
579.21,-102.92
579.22,-102.79
579.23,-103.27
579.24,-102.01
579.25,-102.22
579.27,-102.36
579.28,-101.67
579.29,-102.07
579.30,-102.55
579.31,-103.39
579.32,-103.21
579.33,-102.78
579.34,-103.96
579.35,-103.78
579.36,-102.94
579.37,-101.19
579.38,-102.18
579.40,-103.83
579.41,-104.68
579.42,-104.73
579.43,-104.57
579.44,-104.53
579.45,-105.68
579.46,-101.44
579.47,-101.34
579.48,-104.62
579.49,-105.67
579.50,-103.85
579.51,-103.75
579.53,-104.46
579.54,-103.86
579.55,-102.74
579.56,-103.56
579.57,-102.99
579.58,-103.02
579.59,-102.00
579.60,-102.93
579.61,-105.43
579.62,-105.53
579.63,-106.14
579.64,-105.02
579.66,-104.93
579.67,-104.94
579.68,-103.81
579.69,-104.63
579.70,-104.30
579.71,-104.93
579.72,-105.28
579.73,-105.04
579.74,-103.73
579.75,-103.70
579.76,-104.38
579.77,-104.91
579.79,-104.71
579.80,-104.34
579.81,-105.15
579.82,-102.82
579.83,-102.53
579.84,-103.83
579.84,-103.45
579.85,-104.00
579.86,-103.24
579.87,-103.46
579.88,-100.30
579.89,-102.74
579.91,-103.23
579.92,-104.34
579.93,-104.43
579.94,-102.30
579.95,-102.36
579.96,-104.59
579.97,-103.22
579.98,-103.91
579.99,-102.36
580.00,-99.49
580.01,-100.31
580.02,-105.10
580.04,-105.38
580.05,-104.31
580.06,-104.44
580.07,-102.25
580.08,-103.41
580.09,-102.38
580.10,-103.61
580.11,-104.07
580.12,-105.01
580.13,-104.22
580.14,-106.12
580.15,-105.22
580.17,-103.94
580.18,-105.68
580.19,-105.45
580.20,-105.41
580.21,-104.14
580.22,-105.38
580.23,-105.47
580.24,-105.72
580.25,-104.78
580.26,-104.82
580.27,-105.87
580.28,-105.96
580.30,-107.61
580.31,-105.95
580.32,-106.57
580.33,-105.57
580.34,-102.89
580.35,-102.96
580.36,-104.71
580.37,-105.78
580.38,-104.81
580.39,-103.75
580.40,-105.65
580.41,-105.88
580.43,-103.25
580.44,-101.35
580.45,-102.32
580.46,-105.78
580.47,-105.80
580.48,-104.16
580.49,-103.99
580.50,-103.91
580.51,-105.33
580.52,-105.14
580.53,-106.25
580.55,-108.10
580.56,-107.26
580.57,-105.26
580.58,-105.39
580.59,-105.17
580.60,-104.26
580.61,-105.03
580.62,-102.84
580.63,-104.28
580.64,-105.11
580.65,-105.18
580.66,-104.74
580.68,-103.92
580.69,-104.04
580.70,-105.44
580.71,-103.20
580.72,-103.48
580.73,-104.52
580.74,-103.58
580.75,-102.23
580.76,-104.05
580.77,-104.17
580.78,-101.76
580.79,-101.17
580.81,-105.67
580.82,-105.62
580.83,-103.67
580.84,-103.72
580.85,-105.12
580.86,-104.98
580.87,-105.52
580.88,-104.58
580.89,-104.97
580.90,-104.48
580.91,-104.49
580.92,-104.75
580.94,-104.98
580.95,-103.49
580.96,-102.77
580.97,-101.40
580.98,-100.80
580.99,-101.28
581.00,-103.85
581.01,-104.10
581.02,-102.51
581.03,-103.04
581.04,-101.35
581.05,-102.28
581.07,-104.47
581.08,-98.01
581.09,-97.93
581.10,-102.42
581.11,-103.09
581.12,-100.58
581.13,-101.75
581.14,-104.84
581.15,-104.99
581.16,-99.09
581.17,-103.92
581.19,-103.83
581.20,-103.11
581.21,-103.06
581.22,-102.33
581.23,-101.61
581.24,-100.63
581.25,-101.17
581.26,-103.17
581.27,-101.60
581.28,-99.41
581.29,-102.35
581.30,-102.20
581.32,-102.35
581.33,-104.51
581.34,-102.35
581.35,-101.88
581.36,-100.92
581.37,-100.29
581.38,-100.23
581.39,-100.74
581.40,-100.65
581.41,-101.13
581.42,-102.14
581.43,-100.72
581.45,-102.17
581.46,-101.41
581.47,-102.02
581.48,-102.15
581.49,-101.39
581.50,-100.72
581.51,-100.68
581.52,-101.48
581.53,-100.76
581.54,-100.50
581.55,-102.05
581.56,-100.57
581.58,-99.24
581.59,-99.91
581.60,-99.52
581.61,-99.18
581.62,-98.41
581.63,-98.25
581.64,-97.27
581.65,-100.29
581.66,-98.67
581.67,-97.41
581.68,-97.59
581.69,-101.85
581.71,-101.06
581.72,-99.86
581.73,-100.71
581.74,-100.00
581.75,-98.96
581.76,-99.37
581.77,-98.83
581.78,-100.44
581.79,-98.52
581.80,-98.57
581.81,-99.33
581.83,-99.79
581.84,-100.27
581.85,-101.54
581.86,-98.05
581.87,-98.84
581.88,-99.79
581.89,-99.40
581.90,-99.44
581.91,-100.93
581.92,-100.39
581.93,-100.15
581.94,-101.66
581.96,-100.69
581.97,-99.29
581.98,-99.63
581.99,-98.59
582.00,-98.86
582.01,-99.44
582.02,-101.19
582.03,-98.79
582.04,-99.01
582.05,-99.01
582.06,-100.72
582.07,-101.61
582.09,-100.83
582.10,-100.13
582.11,-100.14
582.12,-99.96
582.13,-102.18
582.14,-102.94
582.15,-100.18
582.16,-99.82
582.17,-100.76
582.18,-102.22
582.19,-99.78
582.20,-100.16
582.22,-100.69
582.23,-101.08
582.24,-102.60
582.25,-101.41
582.26,-100.79
582.27,-102.91
582.28,-101.85
582.29,-102.54
582.30,-102.42
582.31,-101.96
582.32,-101.47
582.34,-100.81
582.35,-102.88
582.36,-100.41
582.37,-100.14
582.38,-100.22
582.39,-104.21
582.40,-101.44
582.41,-101.32
582.42,-102.32
582.43,-102.48
582.44,-103.40
582.45,-102.79
582.47,-104.02
582.48,-102.02
582.49,-100.69
582.50,-100.10
582.51,-100.32
582.52,-100.11
582.53,-99.71
582.54,-99.39
582.55,-98.02
582.56,-101.51
582.57,-100.18
582.58,-100.04
582.60,-100.91
582.61,-101.35
582.62,-102.98
582.63,-100.09
582.64,-99.47
582.65,-100.04
582.66,-103.06
582.67,-101.94
582.68,-101.17
582.69,-100.98
582.70,-100.42
582.71,-99.12
582.73,-100.41
582.74,-100.92
582.75,-104.01
582.76,-102.00
582.77,-102.38
582.78,-100.38
582.79,-99.12
582.80,-101.05
582.81,-101.28
582.82,-102.30
582.83,-101.37
582.84,-101.14
582.86,-99.00
582.87,-99.45
582.88,-101.33
582.89,-101.91
582.90,-102.20
582.91,-99.50
582.92,-100.41
582.93,-101.34
582.94,-100.56
582.95,-100.54
582.96,-100.52
582.98,-99.23
582.99,-98.67
583.00,-97.68
583.01,-98.26
583.02,-98.77
583.03,-99.97
583.04,-101.53
583.05,-99.02
583.06,-98.43
583.07,-98.22
583.08,-99.25
583.09,-100.83
583.11,-100.83
583.12,-101.05
583.13,-100.01
583.14,-100.17
583.15,-99.67
583.16,-99.44
583.17,-99.88
583.18,-101.95
583.19,-101.85
583.20,-102.97
583.21,-103.07
583.22,-100.75
583.24,-100.78
583.25,-102.26
583.26,-101.52
583.27,-103.17
583.28,-102.91
583.29,-103.71
583.30,-103.22
583.31,-101.35
583.32,-102.87
583.33,-102.63
583.34,-102.64
583.35,-102.55
583.37,-102.22
583.38,-101.48
583.39,-102.33
583.40,-99.47
583.41,-99.95
583.42,-103.62
583.43,-103.35
583.44,-102.10
583.45,-100.25
583.46,-97.70
583.47,-97.72
583.48,-98.91
583.50,-97.59
583.51,-100.64
583.52,-103.71
583.53,-102.83
583.54,-102.41
583.55,-102.58
583.56,-104.11
583.57,-103.59
583.58,-104.80
583.59,-102.30
583.60,-101.90
583.62,-103.77
583.63,-106.34
583.64,-105.54
583.65,-104.38
583.66,-106.59
583.67,-103.73
583.68,-102.15
583.69,-103.29
583.70,-105.38
583.71,-105.39
583.72,-104.19
583.73,-103.80
583.75,-104.75
583.76,-102.72
583.77,-104.58
583.78,-105.14
583.79,-106.63
583.80,-106.34
583.81,-105.19
583.82,-104.40
583.83,-104.45
583.84,-104.51
583.85,-104.37
583.86,-104.30
583.88,-103.97
583.89,-104.26
583.90,-104.26
583.91,-102.28
583.92,-105.30
583.93,-105.79
583.94,-105.31
583.95,-103.52
583.96,-103.95
583.97,-102.95
583.98,-106.28
583.99,-104.47
584.01,-104.77
584.02,-105.44
584.03,-102.81
584.04,-103.98
584.05,-103.00
584.06,-101.46
584.07,-99.70
584.08,-101.55
584.09,-102.58
584.10,-102.12
584.11,-102.57
584.12,-101.99
584.14,-103.30
584.15,-104.05
584.16,-106.40
584.17,-106.14
584.18,-107.94
584.19,-107.47
584.20,-106.78
584.21,-105.54
584.22,-105.46
584.23,-105.65
584.24,-105.17
584.26,-105.10
584.27,-105.64
584.28,-104.43
584.29,-104.79
584.30,-105.78
584.31,-100.61
584.32,-102.49
584.33,-104.36
584.34,-101.28
584.35,-101.55
584.36,-104.53
584.37,-105.56
584.39,-105.73
584.40,-105.42
584.41,-102.58
584.42,-101.65
584.43,-103.61
584.44,-104.90
584.45,-105.21
584.46,-105.03
584.47,-106.55
584.48,-105.31
584.49,-103.46
584.50,-104.62
584.52,-105.42
584.53,-106.70
584.54,-105.56
584.55,-105.07
584.56,-103.60
584.57,-103.77
584.58,-103.99
584.59,-105.56
584.60,-105.10
584.61,-105.00
584.62,-104.97
584.63,-104.95
584.65,-103.75
584.66,-104.28
584.67,-104.63
584.68,-106.42
584.69,-103.16
584.70,-103.18
584.71,-102.26
584.72,-102.41
584.73,-106.44
584.74,-104.94
584.75,-108.28
584.76,-107.57
584.78,-103.52
584.79,-103.08
584.80,-104.56
584.81,-105.88
584.82,-104.54
584.83,-105.93
584.83,-106.19
584.84,-104.65
584.85,-108.29
584.86,-104.37
584.87,-105.49
584.88,-104.74
584.90,-104.30
584.91,-105.85
584.92,-105.27
584.93,-105.03
584.94,-104.35
584.95,-104.73
584.96,-105.93
584.97,-104.80
584.98,-105.06
584.99,-105.28
585.00,-105.21
585.01,-105.30
585.03,-105.61
585.04,-105.46
585.05,-103.50
585.06,-104.81
585.07,-103.86
585.08,-103.53
585.09,-101.55
585.10,-102.25
585.11,-103.54
585.12,-101.13
585.13,-98.28
585.14,-98.42
585.16,-98.56
585.17,-101.63
585.18,-99.93
585.19,-100.09
585.20,-98.58
585.21,-98.26
585.22,-101.71
585.23,-102.80
585.24,-103.49
585.25,-106.36
585.26,-105.30
585.27,-103.42
585.29,-101.09
585.30,-102.17
585.31,-99.02
585.32,-98.60
585.33,-104.50
585.34,-105.88
585.35,-105.16
585.36,-106.47
585.37,-102.96
585.38,-103.58
585.39,-103.35
585.40,-101.34
585.42,-103.84
585.43,-107.92
585.44,-108.20
585.45,-104.33
585.46,-104.59
585.47,-105.10
585.48,-107.24
585.49,-105.46
585.50,-107.45
585.51,-106.44
585.52,-106.34
585.54,-105.97
585.55,-106.69
585.56,-107.42
585.57,-107.37
585.58,-104.17
585.59,-104.18
585.60,-106.37
585.61,-105.99
585.62,-106.06
585.63,-105.61
585.64,-106.20
585.65,-106.35
585.67,-106.85
585.68,-103.61
585.69,-103.84
585.70,-105.53
585.71,-106.50
585.72,-104.87
585.73,-104.80
585.74,-106.05
585.75,-103.47
585.76,-105.43
585.77,-102.87
585.78,-103.79
585.80,-101.99
585.81,-103.42
585.82,-103.86
585.83,-103.07
585.84,-104.48
585.85,-105.00
585.86,-105.04
585.87,-102.07
585.88,-102.06
585.89,-99.98
585.90,-102.37
585.91,-100.90
585.93,-100.83
585.94,-103.79
585.95,-103.27
585.96,-102.74
585.97,-102.01
585.98,-101.59
585.99,-103.50
586.00,-105.41
586.01,-103.64
586.02,-102.04
586.03,-102.55
586.04,-102.40
586.06,-105.11
586.07,-104.56
586.08,-102.91
586.09,-101.99
586.10,-102.65
586.11,-103.44
586.12,-102.39
586.13,-101.87
586.14,-104.22
586.15,-102.79
586.16,-103.03
586.18,-104.74
586.19,-104.84
586.20,-100.71
586.21,-104.03
586.22,-104.18
586.23,-103.30
586.24,-103.51
586.25,-104.43
586.26,-102.31
586.27,-102.00
586.28,-104.33
586.29,-104.07
586.31,-106.43
586.32,-105.55
586.33,-102.66
586.34,-102.73
586.35,-103.09
586.36,-106.32
586.37,-105.83
586.38,-107.31
586.39,-105.86
586.40,-105.77
586.41,-105.63
586.42,-104.86
586.44,-105.02
586.45,-104.76
586.46,-105.13
586.47,-104.36
586.48,-102.93
586.49,-102.83
586.50,-104.41
586.51,-105.04
586.52,-106.13
586.53,-104.79
586.54,-103.34
586.55,-104.72
586.57,-104.58
586.58,-107.59
586.59,-102.90
586.60,-101.44
586.61,-106.33
586.62,-105.76
586.63,-103.65
586.64,-103.51
586.65,-104.54
586.66,-107.61
586.67,-107.11
586.68,-106.65
586.70,-106.74
586.71,-104.27
586.72,-104.00
586.73,-106.31
586.74,-104.13
586.75,-103.78
586.76,-105.38
586.77,-105.42
586.78,-104.36
586.79,-104.31
586.80,-106.90
586.82,-105.46
586.83,-107.00
586.84,-104.64
586.85,-104.66
586.86,-105.49
586.87,-105.39
586.88,-106.55
586.89,-106.58
586.90,-107.08
586.91,-106.65
586.92,-105.17
586.93,-103.80
586.95,-104.45
586.96,-107.91
586.97,-105.95
586.98,-105.80
586.99,-105.74
587.00,-104.73
587.01,-103.04
587.02,-103.50
587.03,-100.40
587.04,-99.92
587.05,-102.77
587.06,-102.62
587.08,-100.16
587.09,-103.04
587.10,-101.46
587.11,-100.25
587.12,-99.95
587.13,-106.11
587.14,-104.64
587.15,-104.90
587.16,-105.53
587.17,-104.90
587.18,-104.06
587.19,-103.30
587.21,-106.30
587.22,-105.23
587.23,-105.82
587.24,-105.27
587.25,-106.29
587.26,-103.89
587.27,-105.45
587.28,-105.08
587.29,-104.80
587.30,-104.91
587.31,-106.12
587.33,-102.50
587.34,-102.27
587.35,-107.54
587.36,-107.12
587.37,-105.80
587.38,-104.35
587.39,-106.55
587.40,-105.53
587.41,-104.77
587.42,-105.75
587.43,-104.11
587.44,-102.76
587.46,-103.38
587.47,-104.55
587.48,-105.49
587.49,-101.51
587.50,-99.71
587.51,-102.10
587.52,-106.43
587.53,-105.24
587.54,-103.69
587.55,-104.18
587.56,-102.94
587.57,-103.82
587.59,-106.93
587.60,-103.64
587.61,-104.37
587.62,-108.15
587.63,-106.74
587.64,-105.17
587.65,-104.62
587.66,-104.40
587.67,-101.70
587.68,-101.99
587.69,-104.14
587.70,-105.35
587.72,-105.08
587.73,-105.92
587.74,-102.29
587.75,-98.86
587.76,-100.97
587.77,-101.79
587.78,-103.43
587.79,-104.03
587.80,-104.93
587.81,-103.94
587.82,-105.76
587.83,-102.45
587.85,-105.93
587.86,-104.51
587.87,-105.75
587.88,-104.13
587.89,-103.93
587.90,-103.32
587.91,-103.29
587.92,-106.95
587.93,-106.83
587.94,-105.58
587.95,-106.28
587.97,-104.30
587.98,-103.27
587.99,-101.42
588.00,-100.25
588.01,-102.19
588.02,-105.64
588.03,-105.83
588.04,-105.47
588.05,-104.20
588.06,-104.58
588.07,-105.22
588.08,-105.11
588.10,-103.27
588.11,-103.23
588.12,-103.44
588.13,-105.09
588.14,-103.23
588.15,-105.04
588.16,-105.81
588.17,-106.66
588.18,-103.02
588.19,-102.48
588.20,-102.97
588.21,-105.25
588.23,-103.50
588.24,-102.80
588.25,-102.70
588.26,-105.28
588.27,-98.65
588.28,-98.83
588.29,-103.44
588.30,-102.69
588.31,-102.04
588.32,-101.99
588.33,-104.73
588.34,-104.71
588.36,-105.49
588.37,-106.47
588.38,-105.44
588.39,-105.82
588.40,-104.17
588.41,-103.81
588.42,-105.87
588.43,-106.33
588.44,-107.08
588.45,-108.80
588.46,-104.30
588.47,-104.35
588.49,-105.39
588.50,-105.64
588.51,-105.99
588.52,-105.24
588.53,-104.75
588.54,-104.09
588.55,-104.74
588.56,-105.19
588.57,-107.44
588.58,-105.67
588.59,-105.20
588.61,-105.86
588.62,-105.13
588.63,-102.48
588.64,-97.77
588.65,-102.27
588.66,-105.02
588.67,-104.99
588.68,-104.82
588.69,-104.25
588.70,-99.56
588.71,-99.28
588.72,-102.84
588.74,-100.91
588.75,-102.65
588.76,-102.40
588.77,-101.99
588.78,-102.91
588.79,-106.02
588.80,-104.05
588.81,-106.87
588.82,-103.25
588.83,-103.08
588.84,-106.39
588.85,-101.17
588.87,-101.18
588.88,-106.37
588.89,-106.59
588.90,-108.14
588.91,-107.81
588.92,-106.62
588.93,-101.71
588.94,-101.66
588.95,-106.60
588.96,-105.24
588.97,-104.66
588.98,-105.74
589.00,-103.11
589.01,-103.25
589.02,-106.56
589.03,-107.44
589.04,-106.86
589.05,-106.41
589.06,-105.36
589.07,-104.37
589.08,-104.71
589.09,-104.57
589.10,-107.15
589.11,-105.19
589.13,-105.46
589.14,-105.65
589.15,-102.87
589.16,-100.04
589.17,-101.40
589.18,-105.68
589.19,-104.99
589.20,-105.13
589.21,-105.61
589.22,-102.51
589.23,-101.00
589.25,-103.23
589.26,-107.03
589.27,-103.47
589.28,-103.42
589.29,-104.11
589.30,-103.85
589.31,-103.79
589.32,-106.07
589.33,-105.62
589.34,-105.77
589.35,-106.31
589.36,-105.06
589.38,-101.97
589.39,-102.13
589.40,-104.14
589.41,-105.66
589.42,-105.10
589.43,-106.15
589.44,-104.86
589.45,-104.05
589.46,-104.57
589.47,-105.11
589.48,-104.56
589.49,-104.04
589.51,-104.43
589.52,-102.88
589.53,-101.91
589.54,-103.16
589.55,-104.67
589.56,-104.22
589.57,-107.32
589.58,-106.19
589.59,-105.43
589.60,-105.13
589.61,-105.80
589.62,-106.46
589.64,-105.28
589.65,-105.38
589.66,-104.12
589.67,-101.75
589.68,-101.75
589.69,-104.26
589.70,-104.36
589.71,-106.64
589.72,-107.81
589.73,-106.05
589.74,-105.35
589.75,-105.19
589.77,-103.62
589.78,-102.96
589.79,-102.71
589.80,-102.18
589.81,-99.53
589.82,-99.48
589.82,-97.65
589.83,-98.39
589.84,-98.49
589.85,-97.25
589.86,-98.91
589.87,-98.74
589.89,-100.19
589.90,-100.93
589.91,-101.98
589.92,-101.35
589.93,-103.10
589.94,-103.77
589.95,-102.24
589.96,-103.79
589.97,-103.52
589.98,-103.97
589.99,-99.42
590.00,-99.20
590.02,-102.07
590.03,-103.26
590.04,-103.15
590.05,-103.16
590.06,-106.68
590.07,-106.79
590.08,-104.77
590.09,-106.16
590.10,-103.11
590.11,-101.58
590.12,-102.19
590.13,-102.24
590.15,-104.75
590.16,-105.93
590.17,-105.36
590.18,-105.69
590.19,-102.90
590.20,-103.15
590.21,-103.56
590.22,-103.00
590.23,-106.78
590.24,-104.84
590.25,-103.11
590.26,-103.48
590.28,-103.75
590.29,-103.78
590.30,-105.65
590.31,-104.00
590.32,-103.89
590.33,-105.59
590.34,-104.56
590.35,-106.68
590.36,-107.35
590.37,-105.96
590.38,-105.63
590.39,-106.48
590.41,-107.45
590.42,-107.86
590.43,-108.48
590.44,-109.19
590.45,-108.29
590.46,-105.25
590.47,-105.10
590.48,-104.22
590.49,-102.82
590.50,-107.41
590.51,-105.80
590.53,-105.76
590.54,-105.55
590.55,-104.72
590.56,-102.77
590.57,-102.68
590.58,-106.51
590.59,-106.14
590.60,-105.72
590.61,-104.37
590.62,-103.81
590.63,-104.77
590.64,-105.40
590.66,-105.06
590.67,-105.31
590.68,-104.30
590.69,-103.84
590.70,-104.21
590.71,-102.46
590.72,-104.20
590.73,-106.03
590.74,-106.14
590.75,-108.62
590.76,-108.86
590.77,-103.89
590.79,-101.98
590.80,-104.51
590.81,-105.53
590.82,-104.57
590.83,-105.31
590.84,-100.87
590.85,-98.90
590.86,-101.42
590.87,-106.35
590.88,-107.04
590.89,-106.40
590.90,-106.88
590.92,-106.16
590.93,-103.60
590.94,-103.78
590.95,-105.73
590.96,-107.52
590.97,-106.38
590.98,-107.26
590.99,-106.48
591.00,-103.50
591.01,-103.29
591.02,-106.94
591.03,-106.22
591.05,-106.73
591.06,-106.06
591.07,-105.78
591.08,-104.81
591.09,-105.93
591.10,-106.67
591.11,-106.69
591.12,-107.74
591.13,-108.30
591.14,-104.92
591.15,-101.68
591.17,-102.73
591.18,-107.21
591.19,-105.79
591.20,-106.26
591.21,-106.49
591.22,-105.05
591.23,-104.78
591.24,-106.36
591.25,-105.34
591.26,-102.93
591.27,-102.78
591.28,-106.46
591.30,-102.20
591.31,-100.30
591.32,-102.22
591.33,-105.48
591.34,-107.23
591.35,-107.13
591.36,-104.87
591.37,-103.85
591.38,-103.27
591.39,-106.74
591.40,-107.45
591.41,-108.16
591.43,-107.00
591.44,-105.45
591.45,-102.74
591.46,-103.36
591.47,-104.17
591.48,-105.12
591.49,-107.34
591.50,-103.61
591.51,-103.38
591.52,-102.77
591.53,-103.62
591.54,-103.93
591.56,-106.03
591.57,-106.06
591.58,-104.73
591.59,-102.92
591.60,-100.75
591.61,-101.12
591.62,-105.30
591.63,-105.21
591.64,-105.08
591.65,-106.81
591.66,-104.25
591.67,-103.08
591.69,-103.60
591.70,-102.97
591.71,-106.45
591.72,-105.98
591.73,-104.41
591.74,-103.40
591.75,-103.64
591.76,-106.03
591.77,-105.52
591.78,-106.89
591.79,-104.19
591.81,-103.60
591.82,-104.71
591.83,-103.43
591.84,-104.64
591.85,-105.81
591.86,-102.76
591.87,-103.41
591.88,-97.43
591.89,-96.30
591.90,-98.50
591.91,-102.01
591.92,-104.08
591.94,-101.74
591.95,-107.72
591.96,-106.99
591.97,-103.53
591.98,-105.46
591.99,-104.84
592.00,-105.51
592.01,-104.23
592.02,-104.97
592.03,-104.18
592.04,-104.52
592.05,-105.18
592.07,-106.14
592.08,-107.08
592.09,-104.75
592.10,-103.84
592.11,-104.37
592.12,-107.31
592.13,-104.08
592.14,-104.20
592.15,-106.84
592.16,-105.64
592.17,-104.27
592.18,-101.35
592.20,-100.60
592.21,-106.42
592.22,-107.07
592.23,-107.08
592.24,-106.43
592.25,-106.59
592.26,-105.30
592.27,-105.90
592.28,-106.53
592.29,-107.79
592.30,-106.13
592.32,-105.99
592.33,-106.85
592.34,-104.80
592.35,-104.55
592.36,-105.51
592.37,-103.63
592.38,-104.46
592.39,-105.47
592.40,-102.18
592.41,-101.85
592.42,-104.75
592.43,-104.26
592.45,-104.05
592.46,-105.93
592.47,-104.04
592.48,-103.84
592.49,-101.34
592.50,-100.29
592.51,-101.07
592.52,-106.68
592.53,-101.68
592.54,-101.85
592.55,-104.91
592.56,-102.34
592.58,-103.37
592.59,-105.15
592.60,-105.68
592.61,-104.43
592.62,-105.94
592.63,-104.88
592.64,-103.87
592.65,-104.53
592.66,-105.43
592.67,-102.24
592.68,-103.07
592.69,-105.78
592.71,-101.19
592.72,-101.56
592.73,-106.99
592.74,-104.69
592.75,-104.65
592.76,-107.20
592.77,-103.34
592.78,-102.96
592.79,-106.69
592.80,-103.39
592.81,-103.17
592.82,-105.50
592.84,-103.70
592.85,-103.04
592.86,-105.04
592.87,-106.62
592.88,-104.66
592.89,-105.01
592.90,-106.74
592.91,-103.43
592.92,-103.42
592.93,-106.48
592.94,-104.50
592.96,-104.45
592.97,-107.44
592.98,-107.99
592.99,-108.00
593.00,-105.28
593.01,-104.61
593.02,-105.69
593.03,-106.01
593.04,-104.97
593.05,-104.96
593.06,-107.40
593.07,-104.23
593.09,-102.96
593.10,-108.02
593.11,-104.66
593.12,-104.64
593.13,-105.71
593.14,-105.15
593.15,-102.42
593.16,-102.18
593.17,-108.00
593.18,-105.15
593.19,-106.43
593.20,-105.37
593.22,-100.83
593.23,-102.14
593.24,-103.02
593.25,-102.03
593.26,-102.59
593.27,-105.04
593.28,-102.43
593.29,-103.18
593.30,-104.69
593.31,-102.71
593.32,-102.98
593.33,-104.33
593.35,-102.23
593.36,-103.10
593.37,-103.59
593.38,-101.07
593.39,-102.03
593.40,-106.45
593.41,-105.97
593.42,-106.33
593.43,-104.91
593.44,-99.25
593.45,-97.21
593.46,-102.88
593.48,-103.08
593.49,-100.20
593.50,-102.62
593.51,-100.23
593.52,-98.23
593.53,-100.58
593.54,-99.90
593.55,-97.11
593.56,-100.21
593.57,-102.41
593.58,-97.97
593.60,-99.21
593.61,-104.08
593.62,-99.56
593.63,-99.53
593.64,-106.28
593.65,-101.43
593.66,-101.28
593.67,-102.34
593.68,-103.12
593.69,-102.62
593.70,-105.56
593.71,-105.36
593.73,-104.52
593.74,-104.36
593.75,-103.20
593.76,-102.95
593.77,-104.33
593.78,-100.23
593.79,-97.65
593.80,-100.44
593.81,-99.49
593.82,-96.09
593.83,-97.72
593.84,-100.13
593.86,-94.19
593.87,-95.29
593.88,-100.18
593.89,-91.15
593.90,-91.72
593.91,-101.65
593.92,-91.80
593.93,-92.12
593.94,-92.76
593.95,-77.81
593.96,-77.68
593.97,-91.39
593.99,-91.86
594.00,-91.43
594.01,-97.64
594.02,-92.53
594.03,-91.45
594.04,-98.34
594.05,-94.57
594.06,-92.15
594.07,-96.16
594.08,-96.80
594.09,-95.01
594.10,-98.13
594.12,-99.03
594.13,-95.89
594.14,-97.89
594.15,-100.93
594.16,-98.31
594.17,-100.42
594.18,-100.70
594.19,-101.06
594.20,-101.55
594.21,-103.26
594.22,-105.49
594.24,-105.40
594.25,-106.98
594.26,-102.95
594.27,-101.68
594.28,-102.62
594.29,-100.99
594.30,-101.11
594.31,-103.67
594.32,-101.78
594.33,-102.09
594.34,-100.36
594.35,-97.54
594.37,-97.39
594.38,-103.09
594.39,-101.52
594.40,-100.31
594.41,-101.05
594.42,-100.42
594.43,-101.17
594.44,-103.37
594.45,-106.16
594.46,-103.00
594.47,-102.89
594.48,-105.18
594.50,-104.52
594.51,-103.86
594.52,-106.00
594.53,-106.97
594.54,-107.73
594.55,-104.35
594.56,-103.27
594.57,-103.41
594.58,-104.19
594.59,-104.82
594.60,-105.82
594.61,-104.70
594.63,-105.89
594.64,-104.84
594.65,-107.16
594.66,-105.32
594.67,-105.26
594.68,-104.94
594.69,-105.07
594.70,-105.49
594.71,-103.62
594.72,-105.61
594.73,-104.76
594.74,-105.05
594.76,-104.78
594.77,-103.39
594.78,-103.48
594.79,-105.20
594.80,-102.32
594.81,-102.61
594.81,-104.92
594.82,-107.28
594.83,-103.40
594.84,-103.35
594.85,-106.11
594.86,-102.83
594.88,-102.72
594.89,-106.88
594.90,-103.20
594.91,-102.25
594.92,-103.98
594.93,-102.93
594.94,-102.48
594.95,-105.85
594.96,-103.20
594.97,-101.98
594.98,-106.05
594.99,-103.24
595.01,-101.84
595.02,-105.04
595.03,-105.17
595.04,-104.19
595.05,-107.05
595.06,-105.15
595.07,-102.27
595.08,-102.37
595.09,-105.57
595.10,-100.81
595.11,-100.89
595.12,-103.93
595.14,-100.40
595.15,-100.81
595.16,-103.58
595.17,-100.59
595.18,-100.05
595.19,-106.80
595.20,-102.17
595.21,-101.95
595.22,-103.50
595.23,-102.42
595.24,-101.92
595.25,-105.87
595.27,-104.97
595.28,-102.29
595.29,-104.45
595.30,-103.84
595.31,-103.15
595.32,-105.52
595.33,-104.68
595.34,-102.30
595.35,-103.31
595.36,-109.18
595.37,-104.62
595.38,-105.38
595.40,-102.40
595.41,-100.41
595.42,-103.87
595.43,-106.94
595.44,-105.71
595.45,-104.91
595.46,-106.33
595.47,-106.34
595.48,-105.63
595.49,-106.85
595.50,-104.60
595.52,-100.83
595.53,-100.74
595.54,-105.25
595.55,-105.32
595.56,-107.93
595.57,-106.31
595.58,-104.61
595.59,-105.67
595.60,-105.84
595.61,-104.85
595.62,-106.49
595.63,-106.81
595.65,-105.50
595.66,-105.59
595.67,-104.33
595.68,-103.78
595.69,-104.43
595.70,-101.26
595.71,-104.44
595.72,-105.75
595.73,-104.82
595.74,-101.79
595.75,-101.82
595.76,-104.42
595.78,-102.48
595.79,-104.98
595.80,-107.15
595.81,-105.43
595.82,-104.50
595.83,-104.91
595.84,-105.21
595.85,-104.95
595.86,-105.37
595.87,-103.98
595.88,-103.54
595.89,-106.35
595.91,-104.33
595.92,-104.90
595.93,-105.12
595.94,-107.91
595.95,-105.40
595.96,-105.33
595.97,-103.38
595.98,-104.07
595.99,-102.56
596.00,-102.70
596.01,-103.76
596.02,-104.36
596.04,-104.62
596.05,-104.20
596.06,-104.89
596.07,-103.19
596.08,-103.30
596.09,-107.15
596.10,-106.51
596.11,-104.39
596.12,-103.11
596.13,-106.05
596.14,-102.71
596.16,-102.78
596.17,-107.64
596.18,-106.22
596.19,-104.57
596.20,-105.77
596.21,-102.86
596.22,-101.97
596.23,-105.02
596.24,-105.95
596.25,-104.60
596.26,-105.43
596.27,-108.21
596.29,-99.60
596.30,-98.99
596.31,-105.68
596.32,-103.80
596.33,-103.79
596.34,-102.74
596.35,-104.41
596.36,-106.51
596.37,-106.49
596.38,-105.48
596.39,-105.53
596.40,-106.11
596.42,-104.63
596.43,-104.67
596.44,-106.83
596.45,-106.28
596.46,-107.82
596.47,-104.76
596.48,-104.84
596.49,-105.30
596.50,-107.27
596.51,-106.85
596.52,-107.36
596.53,-106.59
596.55,-106.07
596.56,-103.17
596.57,-103.57
596.58,-101.84
596.59,-98.78
596.60,-101.17
596.61,-108.94
596.62,-106.15
596.63,-107.94
596.64,-108.83
596.65,-107.47
596.66,-107.39
596.68,-106.48
596.69,-105.31
596.70,-106.07
596.71,-106.87
596.72,-105.97
596.73,-106.68
596.74,-107.98
596.75,-107.58
596.76,-107.61
596.77,-107.07
596.78,-106.58
596.80,-106.66
596.81,-107.01
596.82,-106.99
596.83,-103.70
596.84,-105.25
596.85,-106.85
596.86,-104.46
596.87,-104.90
596.88,-102.59
596.89,-103.13
596.90,-106.26
596.91,-108.19
596.93,-108.10
596.94,-106.82
596.95,-104.12
596.96,-101.78
596.97,-103.17
596.98,-107.46
596.99,-103.17
597.00,-102.91
597.01,-103.64
597.02,-103.51
597.03,-103.20
597.04,-106.80
597.06,-104.31
597.07,-104.18
597.08,-104.52
597.09,-104.98
597.10,-104.75
597.11,-105.15
597.12,-106.34
597.13,-106.07
597.14,-105.51
597.15,-104.63
597.16,-106.57
597.17,-101.83
597.19,-101.13
597.20,-106.66
597.21,-105.38
597.22,-103.64
597.23,-105.38
597.24,-105.42
597.25,-102.52
597.26,-102.42
597.27,-106.69
597.28,-107.25
597.29,-104.19
597.30,-104.10
597.32,-107.15
597.33,-105.42
597.34,-105.48
597.35,-107.03
597.36,-105.12
597.37,-105.06
597.38,-105.69
597.39,-108.40
597.40,-105.74
597.41,-106.53
597.42,-107.00
597.44,-105.65
597.45,-104.64
597.46,-105.58
597.47,-104.25
597.48,-103.03
597.49,-104.41
597.50,-103.24
597.51,-104.48
597.52,-106.20
597.53,-107.62
597.54,-106.64
597.55,-104.46
597.57,-106.29
597.58,-108.55
597.59,-104.14
597.60,-102.39
597.61,-104.25
597.62,-107.29
597.63,-107.46
597.64,-105.86
597.65,-106.24
597.66,-104.22
597.67,-104.09
597.68,-105.86
597.70,-105.73
597.71,-105.12
597.72,-106.08
597.73,-106.30
597.74,-103.68
597.75,-107.15
597.76,-106.19
597.77,-100.02
597.78,-102.01
597.79,-104.97
597.80,-104.73
597.81,-103.47
597.83,-102.94
597.84,-103.34
597.85,-105.75
597.86,-104.35
597.87,-104.30
597.88,-104.16
597.89,-103.57
597.90,-105.36
597.91,-103.89
597.92,-102.49
597.93,-103.53
597.95,-103.54
597.96,-105.18
597.97,-104.26
597.98,-104.32
597.99,-103.79
598.00,-104.79
598.01,-103.09
598.02,-104.57
598.03,-102.09
598.04,-101.80
598.05,-105.89
598.06,-105.39
598.08,-105.39
598.09,-106.88
598.10,-104.54
598.11,-103.61
598.12,-104.04
598.13,-105.85
598.14,-104.88
598.15,-105.64
598.16,-103.60
598.17,-103.44
598.18,-103.55
598.19,-104.32
598.21,-104.46
598.22,-105.83
598.23,-104.21
598.24,-104.95
598.25,-105.31
598.26,-105.27
598.27,-105.46
598.28,-106.73
598.29,-106.24
598.30,-104.51
598.31,-103.69
598.32,-106.22
598.34,-107.66
598.35,-105.85
598.36,-105.95
598.37,-105.09
598.38,-104.26
598.39,-108.04
598.40,-106.20
598.41,-105.89
598.42,-104.92
598.43,-106.33
598.44,-106.48
598.45,-107.61
598.47,-108.70
598.48,-107.06
598.49,-107.05
598.50,-106.62
598.51,-107.21
598.52,-107.00
598.53,-107.90
598.54,-107.84
598.55,-107.07
598.56,-106.18
598.57,-108.99
598.59,-107.33
598.60,-106.53
598.61,-107.66
598.62,-106.77
598.63,-103.92
598.64,-106.21
598.65,-108.34
598.66,-108.35
598.67,-105.03
598.68,-105.15
598.69,-107.80
598.70,-106.05
598.72,-106.25
598.73,-107.25
598.74,-105.10
598.75,-105.29
598.76,-107.68
598.77,-106.14
598.78,-104.86
598.79,-105.92
598.80,-105.56
598.81,-104.91
598.82,-107.38
598.83,-106.90
598.85,-105.51
598.86,-103.76
598.87,-106.41
598.88,-106.49
598.89,-107.42
598.90,-107.04
598.91,-106.52
598.92,-106.10
598.93,-105.89
598.94,-107.45
598.95,-104.77
598.96,-108.12
598.98,-108.53
598.99,-104.48
599.00,-102.83
599.01,-105.27
599.02,-106.73
599.03,-105.97
599.04,-106.51
599.05,-101.83
599.06,-101.51
599.07,-103.97
599.08,-104.87
599.09,-107.52
599.11,-108.44
599.12,-103.95
599.13,-99.87
599.14,-99.95
599.15,-104.39
599.16,-106.09
599.17,-108.67
599.18,-107.06
599.19,-107.13
599.20,-106.87
599.21,-106.26
599.23,-105.02
599.24,-104.99
599.25,-104.91
599.26,-106.57
599.27,-108.09
599.28,-107.60
599.29,-107.47
599.30,-107.22
599.31,-107.42
599.32,-104.75
599.33,-105.74
599.34,-108.20
599.36,-107.65
599.37,-107.12
599.38,-105.77
599.39,-105.42
599.40,-106.71
599.41,-109.21
599.42,-108.59
599.43,-108.57
599.44,-106.51
599.45,-106.69
599.46,-106.52
599.47,-107.24
599.49,-109.01
599.50,-107.54
599.51,-107.77
599.52,-106.84
599.53,-105.85
599.54,-106.11
599.55,-106.21
599.56,-106.77
599.57,-107.29
599.58,-105.70
599.59,-104.14
599.60,-106.61
599.62,-107.38
599.63,-105.85
599.64,-106.60
599.65,-106.16
599.66,-105.06
599.67,-105.18
599.68,-106.35
599.69,-105.44
599.70,-105.24
599.71,-106.08
599.72,-106.97
599.73,-104.94
599.75,-104.95
599.76,-107.96
599.77,-103.86
599.78,-104.32
599.79,-104.19
599.80,-105.86
599.80,-107.71
599.80,-107.67
599.80,-107.66
599.80,-107.70
599.80,-107.55
599.80,-107.29
599.80,-107.05
599.80,-106.81
599.80,-106.59
599.80,-106.38
599.80,-106.19
599.80,-106.01
599.81,-105.84
599.81,-105.69
599.81,-105.56
599.81,-105.45
599.81,-105.35
599.81,-105.28
599.81,-105.23
599.81,-105.20
599.81,-105.19
599.81,-105.21
599.81,-105.26
599.81,-105.33
599.81,-105.43
599.81,-105.56
599.81,-105.71
599.81,-105.87
599.81,-106.06
599.81,-106.25
599.81,-106.46
599.81,-106.31
599.81,-106.17
599.81,-106.04
599.81,-105.91
599.82,-105.80
599.82,-105.70
599.82,-105.61
599.82,-105.54
599.82,-105.49
599.82,-105.46
599.82,-105.46
599.82,-105.47
599.82,-105.51
599.82,-105.56
599.82,-105.64
599.82,-105.74
599.82,-105.85
599.82,-105.99
599.82,-106.14
599.82,-106.30
599.82,-106.47
599.82,-106.65
599.82,-106.84
599.82,-107.02
599.82,-107.19
599.82,-107.37
599.82,-107.52
599.83,-107.67
599.83,-107.79
599.83,-107.87
599.83,-107.73
599.83,-107.62
599.83,-107.55
599.83,-107.51
599.83,-107.50
599.83,-107.52
599.83,-107.57
599.83,-107.64
599.83,-107.73
599.83,-107.63
599.83,-107.52
599.83,-107.40
599.83,-107.28
599.83,-107.16
599.83,-107.04
599.83,-106.92
599.83,-106.81
599.83,-106.70
599.83,-106.59
599.83,-106.50
599.84,-106.41
599.84,-106.33
599.84,-106.26
599.84,-106.19
599.84,-106.14
599.84,-106.10
599.84,-106.07
599.84,-106.05
599.84,-106.05
599.84,-106.07
599.84,-106.10
599.84,-106.15
599.84,-106.22
599.84,-106.31
599.84,-106.43
599.84,-106.57
599.84,-106.73
599.84,-106.91
599.84,-107.12
599.84,-107.36
599.84,-107.62
599.84,-107.90
599.84,-108.20
599.85,-108.15
599.85,-107.89
599.85,-107.66
599.85,-107.46
599.85,-107.29
599.85,-107.14
599.85,-107.04
599.85,-106.97
599.85,-106.93
599.85,-106.93
599.85,-106.97
599.85,-107.00
599.85,-106.92
599.85,-106.86
599.85,-106.82
599.85,-106.80
599.85,-106.80
599.85,-106.83
599.85,-106.88
599.85,-106.95
599.85,-107.05
599.85,-107.17
599.85,-107.33
599.86,-107.55
599.86,-107.74
599.86,-107.70
599.86,-107.56
599.86,-107.44
599.86,-107.36
599.86,-107.30
599.86,-107.28
599.86,-107.29
599.86,-107.34
599.86,-107.42
599.86,-107.53
599.86,-107.64
599.86,-107.56
599.86,-107.53
599.86,-107.62
599.86,-107.93
599.86,-108.02
599.86,-108.04
599.86,-107.72
599.86,-107.20
599.86,-106.69
599.86,-106.29
599.87,-105.95
599.87,-105.67
599.87,-105.46
599.87,-105.29
599.87,-105.18
599.87,-105.12
599.87,-105.11
599.87,-105.15
599.87,-105.23
599.87,-105.37
599.87,-105.55
599.87,-105.78
599.87,-106.06
599.87,-106.40
599.87,-106.64
599.87,-106.71
599.87,-106.83
599.87,-106.99
599.87,-107.18
599.87,-107.43
599.87,-107.72
599.87,-108.07
599.87,-108.46
599.88,-108.92
599.88,-109.30
599.88,-109.42
599.88,-109.25
599.88,-109.01
599.88,-108.83
599.88,-108.71
599.88,-108.65
599.88,-108.64
599.88,-108.69
599.88,-108.79
599.88,-108.94
599.88,-109.14
599.88,-109.12
599.88,-108.87
599.88,-108.64
599.88,-108.42
599.88,-108.23
599.88,-108.04
599.88,-107.87
599.88,-107.72
599.88,-107.57
599.88,-107.44
599.89,-107.32
599.89,-107.20
599.89,-107.10
599.89,-106.99
599.89,-106.83
599.89,-106.40
599.89,-106.01
599.89,-105.66
599.89,-105.37
599.89,-105.13
599.89,-104.94
599.89,-104.78
599.89,-104.67
599.89,-104.59
599.89,-104.55
599.89,-104.55
599.89,-104.58
599.89,-104.64
599.89,-104.74
599.89,-104.86
599.89,-105.01
599.89,-105.18
599.89,-105.35
599.90,-105.55
599.90,-105.75
599.90,-105.95
599.90,-106.16
599.90,-106.35
599.90,-106.54
599.90,-106.71
599.90,-106.69
599.90,-106.68
599.90,-106.71
599.90,-106.78
599.90,-106.87
599.90,-107.01
599.90,-107.17
599.90,-107.14
599.90,-106.92
599.90,-106.73
599.90,-106.57
599.90,-106.45
599.90,-106.35
599.90,-106.29
599.90,-106.25
599.90,-106.25
599.91,-106.28
599.91,-106.33
599.91,-106.42
599.91,-106.52
599.91,-106.66
599.91,-106.82
599.91,-107.00
599.91,-107.21
599.91,-107.43
599.91,-107.68
599.91,-107.92
599.91,-108.19
599.91,-108.43
599.91,-108.64
599.91,-108.85
599.91,-109.05
599.91,-109.25
599.91,-109.43
599.91,-109.59
599.91,-109.58
599.91,-109.09
599.91,-108.63
599.91,-108.20
599.92,-107.79
599.92,-107.40
599.92,-107.04
599.92,-106.71
599.92,-106.40
599.92,-106.11
599.92,-105.84
599.92,-105.41
599.92,-104.98
599.92,-104.60
599.92,-104.25
599.92,-103.94
599.92,-103.66
599.92,-103.42
599.92,-103.22
599.92,-103.05
599.92,-102.90
599.92,-102.80
599.92,-102.72
599.92,-102.67
599.92,-102.65
599.92,-102.66
599.92,-102.70
599.93,-102.76
599.93,-102.84
599.93,-102.95
599.93,-103.08
599.93,-103.23
599.93,-103.40
599.93,-103.59
599.93,-103.80
599.93,-104.03
599.93,-104.28
599.93,-104.55
599.93,-104.84
599.93,-105.16
599.93,-105.51
599.93,-105.88
599.93,-106.29
599.93,-106.38
599.93,-106.29
599.93,-106.23
599.93,-106.20
599.93,-106.20
599.93,-106.22
599.93,-106.27
599.94,-106.35
599.94,-106.45
599.94,-106.56
599.94,-106.71
599.94,-106.84
599.94,-107.00
599.94,-106.86
599.94,-106.47
599.94,-106.12
599.94,-105.80
599.94,-105.52
599.94,-105.27
599.94,-105.06
599.94,-104.86
599.94,-104.70
599.94,-104.56
599.94,-104.44
599.94,-104.35
599.94,-104.27
599.94,-104.22
599.94,-104.20
599.94,-104.19
599.94,-104.20
599.95,-104.24
599.95,-104.29
599.95,-104.37
599.95,-104.46
599.95,-104.57
599.95,-104.42
599.95,-104.30
599.95,-104.22
599.95,-104.16
599.95,-104.13
599.95,-104.14
599.95,-104.18
599.95,-104.25
599.95,-104.34
599.95,-104.47
599.95,-104.62
599.95,-104.79
599.95,-104.99
599.95,-105.21
599.95,-105.43
599.95,-105.64
599.95,-105.89
599.95,-106.17
599.96,-106.48
599.96,-106.55
599.96,-106.50
599.96,-106.46
599.96,-106.38
599.96,-106.33
599.96,-106.30
599.96,-106.30
599.96,-106.32
599.96,-106.39
599.96,-106.49
599.96,-106.37
599.96,-106.05
599.96,-105.76
599.96,-105.49
599.96,-105.25
599.96,-105.04
599.96,-104.85
599.96,-104.69
599.96,-104.56
599.96,-104.44
599.96,-104.35
599.96,-104.27
599.97,-104.20
599.97,-104.15
599.97,-104.11
599.97,-104.07
599.97,-104.05
599.97,-104.03
599.97,-104.02
599.97,-104.01
599.97,-104.01
599.97,-104.00
599.97,-103.99
599.97,-103.99
599.97,-103.98
599.97,-103.98
599.97,-103.97
599.97,-103.97
599.97,-103.98
599.97,-103.98
599.97,-104.01
599.97,-104.04
599.97,-104.09
599.97,-104.16
599.97,-104.20
599.98,-104.23
599.98,-104.23
599.98,-104.24
599.98,-104.25
599.98,-104.27
599.98,-104.32
599.98,-104.37
599.98,-104.44
599.98,-104.51
599.98,-104.57
599.98,-104.64
599.98,-104.69
599.98,-104.74
599.98,-104.75
599.98,-104.75
599.98,-104.69
599.98,-104.53
599.98,-104.30
599.98,-104.02
599.98,-103.68
599.98,-103.28
599.98,-102.80
599.98,-102.27
599.99,-101.67
599.99,-101.04
599.99,-100.36
599.99,-99.66
599.99,-98.95
599.99,-98.21
599.99,-97.48
599.99,-96.75
599.99,-96.03
599.99,-95.32
599.99,-94.63
599.99,-93.96
599.99,-93.31
599.99,-92.69
599.99,-92.09
599.99,-91.53
599.99,-90.99
599.99,-90.49
599.99,-90.02
599.99,-89.59
599.99,-89.19
599.99,-88.83
599.99,-88.50
600.00,-88.21
600.00,-87.96
600.00,-87.75
600.00,-87.58
600.00,-87.45
600.00,-87.36
600.00,-87.30
600.00,-87.29
600.00,-87.32
600.00,-87.38
600.00,-87.49
600.00,-87.64
