400.000,-75.385
400.011,-77.585
400.022,-86.026
400.033,-86.961
400.043,-87.777
400.054,-91.058
400.065,-89.506
400.076,-87.181
400.087,-86.183
400.098,-85.857
400.108,-91.621
400.119,-91.023
400.130,-88.779
400.141,-79.073
400.152,-77.714
400.163,-85.232
400.174,-86.713
400.184,-82.097
400.195,-77.189
400.206,-80.031
400.217,-74.703
400.228,-74.598
400.239,-79.926
400.250,-83.970
400.260,-78.674
400.271,-75.793
400.282,-78.318
400.293,-74.474
400.304,-75.836
400.315,-84.171
400.325,-78.589
400.336,-77.874
400.347,-76.668
400.358,-79.777
400.369,-71.841
400.380,-72.264
400.391,-81.637
400.401,-81.671
400.412,-77.633
400.423,-77.526
400.434,-75.993
400.445,-70.859
400.456,-72.356
400.466,-82.652
400.477,-84.792
400.488,-79.792
400.499,-80.278
400.510,-78.733
400.521,-77.515
400.532,-85.034
400.542,-84.778
400.553,-88.892
400.564,-81.529
400.575,-81.335
400.586,-77.101
400.597,-76.018
400.607,-84.080
400.618,-83.447
400.629,-83.471
400.640,-89.493
400.651,-91.719
400.662,-82.740
400.673,-82.479
400.683,-89.240
400.694,-85.699
400.705,-87.061
400.716,-86.946
400.727,-87.423
400.738,-87.110
400.748,-87.110
400.759,-90.708
400.770,-92.018
400.781,-96.577
400.792,-90.454
400.803,-90.978
400.814,-89.836
400.824,-88.810
400.835,-90.272
400.846,-88.369
400.857,-90.495
400.868,-92.991
400.879,-91.193
400.890,-90.023
400.900,-91.858
400.911,-90.851
400.922,-90.662
400.933,-92.043
400.944,-92.104
400.955,-87.060
400.965,-86.952
400.976,-91.445
400.987,-93.631
400.998,-97.172
401.009,-94.740
401.020,-95.513
401.031,-94.970
401.041,-94.694
401.052,-97.284
401.063,-94.262
401.074,-94.302
401.085,-96.554
401.096,-95.999
401.106,-90.816
401.117,-90.717
401.128,-94.810
401.139,-96.953
401.150,-96.501
401.161,-100.335
401.172,-98.173
401.182,-92.186
401.193,-92.247
401.204,-94.381
401.215,-95.951
401.226,-97.735
401.237,-95.433
401.248,-95.959
401.258,-93.478
401.269,-95.240
401.280,-92.179
401.291,-90.507
401.302,-95.293
401.313,-94.935
401.323,-91.251
401.334,-90.941
401.345,-93.149
401.356,-92.960
401.367,-95.031
401.378,-98.393
401.389,-97.524
401.399,-92.323
401.410,-88.286
401.421,-88.425
401.432,-95.509
401.443,-96.949
401.454,-93.794
401.464,-93.897
401.475,-99.797
401.486,-97.337
401.497,-90.036
401.508,-89.694
401.519,-94.069
401.530,-94.299
401.540,-94.354
401.551,-94.324
401.562,-95.043
401.573,-94.628
401.584,-91.235
401.595,-90.861
401.605,-95.602
401.616,-94.298
401.627,-95.043
401.638,-95.643
401.649,-96.405
401.660,-96.311
401.671,-96.719
401.681,-95.554
401.692,-99.000
401.703,-95.964
401.714,-97.646
401.725,-97.754
401.736,-95.244
401.747,-94.661
401.757,-94.036
401.768,-98.402
401.779,-95.563
401.790,-97.394
401.801,-99.103
401.812,-98.699
401.822,-97.553
401.833,-97.986
401.844,-94.968
401.855,-92.299
401.866,-94.829
401.877,-97.260
401.888,-99.233
401.898,-96.882
401.909,-96.016
401.920,-96.052
401.931,-96.897
401.942,-98.871
401.953,-100.917
401.963,-96.047
401.974,-96.213
401.985,-96.695
401.996,-96.768
402.007,-96.490
402.018,-95.451
402.029,-95.579
402.039,-96.447
402.050,-93.713
402.061,-93.762
402.072,-94.293
402.083,-94.544
402.094,-94.615
402.104,-99.009
402.115,-97.006
402.126,-97.143
402.137,-99.560
402.148,-94.919
402.159,-96.027
402.170,-97.947
402.180,-94.013
402.191,-94.241
402.202,-99.832
402.213,-96.241
402.224,-96.448
402.235,-97.211
402.245,-97.688
402.256,-93.968
402.267,-94.113
402.278,-97.707
402.289,-94.905
402.300,-95.081
402.311,-96.629
402.321,-99.845
402.332,-97.029
402.343,-97.082
402.354,-97.687
402.365,-96.737
402.376,-91.631
402.387,-91.751
402.397,-93.915
402.408,-97.527
402.419,-93.141
402.430,-92.758
402.441,-95.088
402.452,-96.491
402.462,-93.549
402.473,-92.871
402.484,-94.197
402.495,-96.690
402.506,-94.356
402.517,-91.064
402.528,-91.991
402.538,-95.653
402.549,-92.147
402.560,-91.510
402.571,-96.600
402.582,-96.707
402.593,-96.004
402.603,-93.963
402.614,-95.144
402.625,-97.833
402.636,-94.900
402.647,-92.140
402.658,-92.577
402.669,-94.121
402.679,-94.363
402.690,-95.590
402.701,-92.502
402.712,-92.207
402.723,-94.652
402.734,-93.013
402.745,-91.919
402.755,-89.996
402.766,-94.835
402.777,-97.971
402.788,-94.697
402.799,-94.164
402.810,-94.376
402.820,-87.820
402.831,-87.990
402.842,-94.059
402.853,-94.520
402.864,-91.557
402.875,-91.924
402.886,-93.059
402.896,-92.003
402.907,-94.125
402.918,-94.770
402.929,-95.279
402.940,-95.295
402.951,-90.868
402.961,-91.086
402.972,-95.985
402.983,-92.409
402.994,-92.112
403.005,-92.928
403.016,-94.939
403.027,-94.142
403.037,-96.851
403.048,-99.642
403.059,-97.945
403.070,-98.234
403.081,-95.520
403.092,-93.438
403.102,-97.901
403.113,-94.900
403.124,-97.278
403.135,-97.199
403.146,-97.352
403.157,-95.882
403.168,-96.521
403.178,-94.866
403.189,-94.526
403.200,-95.460
403.211,-95.443
403.222,-97.201
403.233,-97.598
403.243,-98.536
403.254,-95.913
403.265,-97.655
403.276,-97.529
403.287,-97.725
403.298,-98.132
403.309,-95.670
403.319,-98.035
403.330,-93.012
403.341,-92.583
403.352,-98.805
403.363,-96.222
403.374,-96.474
403.385,-98.853
403.395,-94.215
403.406,-91.562
403.417,-93.551
403.428,-98.674
403.439,-96.990
403.450,-96.607
403.460,-100.499
403.471,-93.392
403.482,-92.651
403.493,-97.657
403.504,-96.972
403.515,-98.329
403.526,-99.309
403.536,-99.712
403.547,-94.547
403.558,-93.036
403.569,-95.825
403.580,-96.147
403.591,-100.150
403.601,-99.042
403.612,-98.843
403.623,-96.265
403.634,-96.410
403.645,-97.347
403.656,-98.974
403.667,-99.366
403.677,-97.938
403.688,-98.926
403.699,-98.968
403.710,-99.396
403.721,-100.471
403.732,-97.329
403.743,-97.276
403.753,-97.193
403.764,-96.545
403.775,-99.245
403.786,-101.616
403.797,-100.866
403.808,-99.993
403.818,-99.611
403.829,-98.637
403.840,-99.202
403.851,-99.379
403.862,-97.536
403.873,-97.882
403.884,-100.071
403.894,-99.609
403.905,-101.519
403.916,-98.523
403.927,-95.488
403.938,-97.128
403.949,-99.710
403.959,-97.290
403.970,-95.603
403.981,-99.200
403.992,-96.206
404.003,-96.556
404.014,-101.786
404.025,-97.930
404.035,-98.016
404.046,-99.238
404.057,-94.093
404.068,-93.621
404.079,-94.583
404.090,-98.383
404.100,-96.008
404.111,-96.347
404.122,-96.089
404.133,-95.952
404.144,-92.543
404.155,-92.674
404.166,-92.645
404.176,-93.293
404.187,-95.669
404.198,-94.431
404.209,-95.491
404.220,-95.624
404.231,-89.580
404.241,-89.819
404.252,-94.638
404.263,-95.063
404.274,-96.736
404.285,-98.186
404.296,-96.082
404.307,-94.643
404.317,-94.761
404.328,-94.571
404.339,-97.631
404.350,-101.331
404.361,-99.321
404.372,-98.992
404.383,-101.776
404.393,-100.397
404.404,-97.172
404.415,-97.390
404.426,-99.436
404.437,-101.952
404.448,-104.100
404.458,-97.621
404.469,-97.556
404.480,-99.299
404.491,-97.586
404.502,-95.683
404.513,-97.775
404.524,-98.268
404.534,-103.858
404.545,-98.455
404.556,-98.345
404.567,-102.368
404.578,-103.612
404.589,-100.915
404.599,-101.380
404.610,-101.591
404.621,-101.431
404.632,-101.537
404.643,-102.910
404.654,-101.680
404.665,-99.310
404.675,-101.790
404.686,-99.639
404.697,-100.457
404.708,-102.723
404.719,-102.096
404.730,-102.398
404.740,-103.389
404.751,-101.594
404.762,-99.106
404.773,-99.166
404.784,-103.392
404.795,-100.263
404.806,-98.635
404.816,-98.880
404.827,-103.228
404.838,-102.575
404.849,-97.214
404.860,-99.102
404.871,-106.394
404.882,-106.310
404.892,-104.507
404.903,-105.742
404.914,-101.604
404.925,-101.521
404.936,-100.398
404.947,-102.639
404.957,-100.623
404.968,-100.205
404.979,-101.299
404.990,-99.685
404.990,-99.728
405.001,-98.165
405.012,-100.139
405.023,-92.220
405.033,-90.980
405.044,-96.162
405.055,-102.244
405.066,-105.244
405.077,-102.945
405.088,-100.354
405.098,-104.620
405.109,-104.784
405.120,-99.779
405.131,-99.263
405.142,-100.516
405.153,-100.742
405.164,-95.186
405.174,-97.092
405.185,-101.380
405.196,-101.940
405.207,-102.182
405.218,-101.430
405.229,-102.769
405.240,-99.461
405.250,-97.788
405.261,-97.688
405.272,-97.903
405.283,-104.366
405.294,-101.795
405.305,-101.677
405.315,-101.737
405.326,-101.879
405.337,-101.561
405.348,-102.482
405.359,-98.685
405.370,-93.648
405.381,-94.664
405.391,-99.846
405.402,-94.939
405.413,-95.049
405.424,-99.012
405.435,-100.078
405.446,-102.409
405.456,-105.186
405.467,-100.457
405.478,-96.007
405.489,-96.519
405.500,-90.484
405.511,-92.580
405.522,-101.429
405.532,-99.040
405.543,-97.789
405.554,-94.754
405.565,-94.181
405.576,-90.928
405.587,-91.439
405.597,-94.343
405.608,-89.402
405.619,-88.455
405.630,-88.552
405.641,-82.528
405.652,-82.403
405.663,-88.060
405.673,-92.579
405.684,-92.935
405.695,-94.483
405.706,-93.967
405.717,-94.790
405.728,-95.117
405.738,-94.887
405.749,-94.764
405.760,-98.934
405.771,-97.999
405.782,-94.340
405.793,-93.968
405.804,-97.372
405.814,-102.014
405.825,-100.761
405.836,-99.625
405.847,-95.861
405.858,-95.887
405.869,-98.633
405.880,-97.962
405.890,-98.043
405.901,-94.873
405.912,-96.235
405.923,-98.664
405.934,-102.438
405.945,-100.284
405.955,-99.648
405.966,-100.796
405.977,-100.163
405.988,-100.803
405.999,-101.945
406.010,-102.712
406.021,-97.808
406.031,-97.754
406.042,-97.652
406.053,-96.682
406.064,-97.622
406.075,-99.728
406.086,-94.185
406.096,-94.142
406.107,-96.360
406.118,-97.630
406.129,-94.123
406.140,-93.960
406.151,-96.077
406.162,-100.081
406.172,-98.269
406.183,-98.303
406.194,-99.322
406.205,-97.979
406.216,-97.901
406.227,-99.328
406.238,-100.240
406.248,-99.353
406.259,-99.384
406.270,-100.689
406.281,-99.933
406.292,-101.019
406.303,-102.690
406.313,-101.126
406.324,-99.957
406.335,-101.056
406.346,-100.939
406.357,-100.165
406.368,-99.211
406.379,-99.014
406.389,-98.782
406.400,-102.855
406.411,-103.444
406.422,-102.863
406.433,-105.709
406.444,-99.596
406.454,-99.536
406.465,-99.804
406.476,-101.346
406.487,-100.012
406.498,-99.968
406.509,-102.203
406.520,-100.951
406.530,-99.659
406.541,-98.897
406.552,-99.531
406.563,-101.765
406.574,-100.953
406.585,-102.880
406.595,-103.145
406.606,-103.442
406.617,-102.234
406.628,-101.881
406.639,-101.697
406.650,-101.081
406.661,-98.750
406.671,-101.004
406.682,-103.157
406.693,-102.164
406.704,-102.380
406.715,-98.523
406.726,-98.213
406.736,-101.171
406.747,-100.322
406.758,-100.060
406.769,-98.964
406.780,-100.137
406.791,-98.363
406.802,-98.792
406.812,-99.366
406.823,-99.434
406.834,-97.297
406.845,-98.475
406.856,-101.597
406.867,-95.914
406.878,-96.150
406.888,-99.910
406.899,-96.402
406.910,-97.878
406.921,-100.491
406.932,-99.210
406.943,-96.735
406.953,-97.476
406.964,-99.782
406.975,-96.569
406.986,-97.748
406.997,-99.845
407.008,-97.870
407.019,-97.990
407.029,-97.420
407.040,-95.075
407.051,-93.366
407.062,-91.989
407.073,-97.237
407.084,-97.043
407.094,-96.781
407.105,-96.471
407.116,-96.736
407.127,-96.860
407.138,-94.240
407.149,-92.482
407.160,-95.225
407.170,-97.558
407.181,-97.200
407.192,-99.013
407.203,-98.330
407.214,-98.030
407.225,-98.967
407.236,-96.883
407.246,-97.100
407.257,-100.500
407.268,-99.152
407.279,-99.417
407.290,-99.650
407.301,-97.376
407.311,-99.272
407.322,-98.187
407.333,-97.603
407.344,-100.809
407.355,-96.829
407.366,-96.327
407.377,-98.033
407.387,-99.281
407.398,-97.624
407.409,-99.176
407.420,-99.804
407.431,-99.474
407.442,-100.220
407.452,-100.027
407.463,-100.449
407.474,-99.858
407.485,-98.144
407.496,-96.288
407.507,-96.543
407.518,-104.101
407.528,-100.563
407.539,-98.565
407.550,-99.577
407.561,-98.495
407.572,-98.481
407.583,-99.121
407.593,-98.520
407.604,-100.958
407.615,-100.579
407.626,-97.617
407.637,-97.486
407.648,-96.873
407.659,-100.984
407.669,-101.346
407.680,-99.616
407.691,-100.564
407.702,-98.933
407.713,-97.085
407.724,-96.617
407.735,-98.113
407.745,-98.405
407.756,-98.989
407.767,-101.283
407.778,-98.888
407.789,-98.570
407.800,-98.876
407.810,-96.591
407.821,-97.580
407.832,-101.729
407.843,-101.348
407.854,-101.647
407.865,-101.824
407.876,-98.220
407.886,-96.615
407.897,-96.713
407.908,-100.390
407.919,-99.974
407.930,-98.422
407.941,-98.362
407.951,-100.495
407.962,-99.948
407.973,-94.373
407.984,-92.424
407.995,-92.704
408.006,-92.733
408.017,-95.995
408.027,-97.166
408.038,-97.145
408.049,-97.101
408.060,-97.245
408.071,-97.147
408.082,-96.304
408.092,-98.072
408.103,-99.693
408.114,-100.888
408.125,-97.331
408.136,-100.611
408.147,-98.778
408.158,-97.244
408.168,-96.073
408.179,-98.147
408.190,-96.381
408.201,-91.221
408.212,-91.415
408.223,-97.673
408.233,-99.354
408.244,-99.744
408.255,-98.504
408.266,-98.155
408.277,-94.970
408.288,-94.886
408.299,-97.136
408.309,-101.398
408.320,-102.901
408.331,-101.435
408.342,-100.503
408.353,-101.184
408.364,-101.358
408.375,-103.507
408.385,-98.979
408.396,-95.532
408.407,-96.071
408.418,-99.884
408.429,-95.549
408.440,-96.102
408.450,-99.415
408.461,-94.735
408.472,-91.534
408.483,-94.274
408.494,-98.295
408.505,-99.672
408.516,-99.834
408.526,-99.930
408.537,-98.759
408.548,-98.971
408.559,-97.608
408.570,-92.264
408.581,-92.600
408.591,-97.901
408.602,-97.252
408.613,-95.953
408.624,-96.949
408.635,-96.824
408.646,-95.920
408.657,-97.816
408.667,-98.837
408.678,-100.218
408.689,-96.843
408.700,-96.432
408.711,-99.476
408.722,-100.250
408.733,-95.679
408.743,-96.344
408.754,-100.447
408.765,-97.459
408.776,-97.393
408.787,-97.294
408.798,-97.250
408.808,-97.290
408.819,-97.777
408.830,-98.228
408.841,-98.773
408.852,-96.878
408.863,-96.960
408.874,-100.122
408.884,-99.466
408.895,-100.554
408.906,-102.556
408.917,-99.045
408.928,-98.777
408.939,-101.858
408.949,-100.718
408.960,-96.477
408.971,-97.414
408.982,-98.869
408.993,-97.373
409.004,-100.630
409.015,-98.349
409.025,-99.455
409.036,-102.126
409.047,-96.845
409.058,-97.065
409.069,-98.241
409.080,-98.974
409.090,-98.764
409.101,-98.813
409.112,-97.973
409.123,-97.504
409.134,-102.825
409.145,-99.652
409.156,-98.472
409.166,-100.702
409.177,-101.461
409.188,-101.255
409.199,-97.361
409.210,-97.475
409.221,-98.540
409.231,-100.004
409.242,-101.702
409.253,-101.374
409.264,-101.260
409.275,-101.366
409.286,-100.711
409.297,-99.784
409.307,-98.084
409.318,-98.741
409.329,-98.945
409.340,-97.595
409.351,-96.460
409.362,-100.780
409.373,-102.198
409.383,-101.065
409.394,-97.889
409.405,-98.231
409.416,-96.193
409.427,-97.132
409.438,-100.847
409.448,-101.375
409.459,-98.900
409.470,-100.157
409.481,-99.786
409.492,-96.283
409.503,-96.681
409.514,-98.126
409.524,-100.753
409.535,-100.376
409.546,-100.418
409.557,-101.085
409.568,-102.437
409.579,-99.533
409.589,-98.238
409.600,-93.457
409.611,-95.621
409.622,-98.384
409.633,-100.441
409.644,-100.714
409.655,-100.815
409.665,-100.144
409.676,-100.158
409.687,-100.782
409.698,-101.550
409.709,-98.568
409.720,-98.542
409.731,-99.870
409.741,-100.711
409.752,-100.921
409.763,-103.020
409.774,-102.094
409.785,-97.444
409.796,-95.221
409.806,-97.286
409.817,-98.696
409.828,-97.749
409.839,-97.611
409.850,-99.408
409.861,-97.505
409.872,-97.335
409.882,-95.594
409.893,-97.040
409.904,-99.548
409.915,-98.796
409.926,-98.151
409.937,-99.377
409.947,-101.391
409.958,-98.527
409.969,-97.484
409.980,-100.834
409.980,-102.013
409.991,-101.476
410.002,-99.595
410.013,-103.584
410.023,-101.483
410.034,-100.286
410.045,-101.144
410.056,-98.678
410.067,-97.035
410.078,-96.792
410.088,-99.391
410.099,-97.244
410.110,-96.992
410.121,-100.938
410.132,-99.453
410.143,-98.954
410.154,-100.211
410.164,-99.340
410.175,-99.355
410.186,-101.602
410.197,-101.025
410.208,-89.836
410.219,-89.852
410.229,-99.576
410.240,-99.834
410.251,-99.706
410.262,-98.666
410.273,-98.593
410.284,-99.113
410.295,-99.021
410.305,-102.438
410.316,-99.366
410.327,-100.298
410.338,-101.446
410.349,-101.562
410.360,-93.783
410.371,-93.646
410.381,-101.139
410.392,-100.201
410.403,-98.278
410.414,-99.928
410.425,-97.618
410.436,-95.967
410.446,-95.674
410.457,-98.330
410.468,-95.334
410.479,-93.907
410.490,-95.874
410.501,-93.149
410.512,-92.132
410.522,-92.689
410.533,-87.326
410.544,-86.796
410.555,-93.527
410.566,-93.347
410.577,-90.285
410.587,-86.894
410.598,-86.851
410.609,-86.802
410.620,-86.337
410.631,-94.331
410.642,-87.436
410.653,-71.574
410.663,-69.292
410.674,-72.613
410.685,-87.684
410.696,-92.749
410.707,-91.924
410.718,-91.815
410.728,-84.370
410.739,-83.019
410.750,-89.919
410.761,-97.340
410.772,-97.467
410.783,-95.547
410.794,-95.612
410.804,-88.779
410.815,-88.679
410.826,-97.514
410.837,-98.434
410.848,-97.742
410.859,-99.465
410.870,-96.649
410.880,-95.094
410.891,-97.321
410.902,-98.061
410.913,-98.010
410.924,-98.719
410.935,-98.260
410.945,-101.282
410.956,-100.135
410.967,-98.610
410.978,-93.093
410.989,-95.019
411.000,-98.957
411.011,-99.478
411.021,-97.736
411.032,-98.936
411.043,-99.010
411.054,-104.405
411.065,-104.514
411.076,-102.179
411.086,-100.703
411.097,-99.031
411.108,-97.736
411.119,-102.149
411.130,-100.565
411.141,-101.513
411.152,-103.170
411.162,-97.152
411.173,-96.439
411.184,-100.905
411.195,-98.648
411.206,-97.440
411.217,-99.352
411.228,-98.898
411.238,-98.105
411.249,-96.293
411.260,-96.308
411.271,-100.182
411.282,-91.431
411.293,-88.132
411.303,-91.355
411.314,-97.780
411.325,-96.718
411.336,-98.689
411.347,-95.604
411.358,-94.797
411.369,-98.127
411.379,-97.757
411.390,-97.282
411.401,-99.847
411.412,-101.770
411.423,-100.002
411.434,-98.832
411.444,-99.268
411.455,-100.980
411.466,-100.899
411.477,-98.357
411.488,-96.564
411.499,-97.963
411.510,-108.237
411.520,-101.642
411.531,-103.721
411.542,-103.977
411.553,-105.422
411.564,-100.560
411.575,-100.621
411.585,-101.558
411.596,-100.240
411.607,-101.447
411.618,-103.621
411.629,-99.873
411.640,-93.057
411.651,-93.516
411.661,-101.578
411.672,-103.397
411.683,-105.121
411.694,-104.642
411.705,-101.037
411.716,-100.340
411.726,-100.280
411.737,-100.698
411.748,-101.224
411.759,-104.467
411.770,-97.255
411.781,-94.930
411.792,-100.086
411.802,-102.335
411.813,-101.178
411.824,-101.275
411.835,-102.655
411.846,-102.513
411.857,-103.280
411.868,-104.743
411.878,-105.376
411.889,-99.297
411.900,-100.314
411.911,-101.079
411.922,-101.322
411.933,-104.522
411.943,-105.657
411.954,-101.005
411.965,-101.874
411.976,-101.582
411.987,-101.516
411.998,-101.514
412.009,-100.983
412.019,-103.688
412.030,-106.471
412.041,-101.615
412.052,-101.812
412.063,-101.309
412.074,-101.315
412.084,-104.834
412.095,-101.148
412.106,-101.699
412.117,-103.090
412.128,-102.829
412.139,-101.612
412.150,-97.898
412.160,-97.743
412.171,-100.185
412.182,-102.850
412.193,-99.941
412.204,-97.876
412.215,-98.444
412.226,-102.923
412.236,-102.672
412.247,-102.748
412.258,-100.254
412.269,-100.226
412.280,-104.285
412.291,-100.958
412.301,-98.837
412.312,-99.167
412.323,-103.285
412.334,-99.465
412.345,-98.681
412.356,-101.101
412.367,-99.587
412.377,-100.864
412.388,-100.868
412.399,-100.985
412.410,-103.222
412.421,-100.310
412.432,-101.509
412.442,-103.427
412.453,-102.078
412.464,-101.540
412.475,-101.127
412.486,-103.335
412.497,-102.447
412.508,-101.658
412.518,-101.001
412.529,-103.182
412.540,-98.474
412.551,-97.047
412.562,-101.541
412.573,-100.270
412.583,-103.157
412.594,-104.048
412.605,-101.911
412.616,-98.415
412.627,-96.403
412.638,-99.159
412.649,-100.608
412.659,-99.512
412.670,-99.154
412.681,-98.752
412.692,-98.114
412.703,-98.031
412.714,-98.682
412.724,-98.492
412.735,-98.191
412.746,-99.982
412.757,-100.226
412.768,-100.221
412.779,-97.396
412.790,-97.786
412.800,-98.059
412.811,-100.725
412.822,-99.917
412.833,-100.236
412.844,-98.880
412.855,-99.121
412.866,-101.340
412.876,-98.454
412.887,-98.342
412.898,-99.683
412.909,-99.565
412.920,-102.197
412.931,-103.353
412.941,-102.611
412.952,-100.664
412.963,-97.990
412.974,-101.592
412.985,-100.550
412.996,-99.936
413.007,-98.953
413.017,-102.469
413.028,-104.101
413.039,-100.979
413.050,-98.937
413.061,-99.615
413.072,-99.026
413.082,-102.735
413.093,-102.917
413.104,-102.586
413.115,-102.565
413.126,-103.912
413.137,-104.166
413.148,-103.776
413.158,-103.782
413.169,-103.062
413.180,-102.568
413.191,-100.915
413.202,-102.957
413.213,-100.495
413.224,-99.818
413.234,-98.815
413.245,-102.927
413.256,-101.652
413.267,-101.947
413.278,-101.546
413.289,-99.538
413.299,-103.458
413.310,-103.382
413.321,-100.131
413.332,-100.071
413.343,-101.268
413.354,-99.960
413.365,-101.134
413.375,-103.198
413.386,-103.162
413.397,-96.990
413.408,-98.314
413.419,-100.608
413.430,-100.251
413.440,-99.179
413.451,-99.711
413.462,-95.692
413.473,-95.659
413.484,-100.334
413.495,-103.648
413.506,-99.673
413.516,-98.690
413.527,-97.880
413.538,-97.739
413.549,-101.237
413.560,-93.995
413.571,-92.096
413.581,-94.041
413.592,-101.135
413.603,-105.284
413.614,-106.055
413.625,-103.982
413.636,-102.559
413.647,-101.404
413.657,-95.733
413.668,-95.064
413.679,-100.200
413.690,-100.939
413.701,-98.497
413.712,-93.958
413.723,-96.059
413.733,-96.895
413.744,-96.648
413.755,-100.239
413.766,-100.016
413.777,-101.821
413.788,-96.265
413.798,-96.047
413.809,-101.481
413.820,-100.516
413.831,-100.742
413.842,-101.096
413.853,-101.458
413.864,-96.280
413.874,-96.299
413.885,-101.137
413.896,-101.160
413.907,-101.108
413.918,-102.121
413.929,-103.763
413.939,-100.754
413.950,-101.203
413.961,-101.626
413.972,-101.855
413.983,-103.721
413.994,-100.130
414.005,-100.743
414.015,-103.534
414.026,-100.141
414.037,-100.011
414.048,-102.709
414.059,-98.988
414.070,-98.977
414.080,-103.002
414.091,-103.954
414.102,-103.783
414.113,-98.875
414.124,-101.114
414.135,-101.043
414.146,-100.610
414.156,-99.548
414.167,-100.726
414.178,-104.924
414.189,-103.211
414.200,-103.144
414.211,-100.645
414.221,-98.086
414.232,-100.511
414.243,-103.919
414.254,-103.683
414.265,-102.573
414.276,-100.778
414.287,-100.646
414.297,-101.970
414.308,-102.091
414.319,-100.554
414.330,-98.325
414.341,-100.924
414.352,-102.376
414.363,-102.339
414.373,-101.494
414.384,-102.459
414.395,-105.264
414.406,-101.701
414.417,-104.335
414.428,-104.499
414.438,-104.470
414.449,-104.335
414.460,-104.380
414.471,-104.857
414.482,-103.389
414.493,-103.219
414.504,-100.769
414.514,-101.455
414.525,-104.182
414.536,-102.172
414.547,-103.643
414.558,-102.170
414.569,-100.966
414.579,-103.338
414.590,-102.186
414.601,-99.258
414.612,-98.469
414.623,-97.104
414.634,-96.897
414.645,-99.427
414.655,-97.489
414.666,-103.057
414.677,-101.541
414.688,-102.902
414.699,-96.027
414.710,-94.925
414.721,-92.802
414.731,-92.956
414.742,-91.784
414.753,-94.589
414.764,-100.773
414.775,-99.334
414.786,-99.105
414.796,-98.321
414.807,-99.409
414.818,-101.895
414.829,-99.927
414.840,-99.827
414.851,-104.810
414.862,-98.530
414.872,-98.444
414.883,-102.334
414.894,-103.833
414.905,-102.965
414.916,-102.288
414.927,-94.504
414.937,-94.545
414.948,-104.114
414.959,-103.511
414.970,-102.333
414.970,-105.296
414.981,-105.952
414.992,-104.664
415.003,-102.554
415.013,-103.144
415.024,-103.290
415.035,-102.161
415.046,-105.159
415.057,-104.601
415.068,-104.061
415.078,-103.795
415.089,-102.857
415.100,-102.725
415.111,-102.880
415.122,-105.475
415.133,-103.928
415.144,-100.111
415.154,-100.124
415.165,-105.943
415.176,-105.020
415.187,-106.031
415.198,-102.945
415.209,-103.088
415.219,-106.295
415.230,-104.901
415.241,-103.044
415.252,-100.788
415.263,-101.469
415.274,-105.196
415.285,-103.629
415.295,-98.693
415.306,-100.081
415.317,-103.495
415.328,-102.405
415.339,-102.447
415.350,-102.427
415.361,-101.221
415.371,-104.662
415.382,-102.852
415.393,-101.763
415.404,-102.664
415.415,-101.177
415.426,-102.118
415.436,-101.702
415.447,-102.458
415.458,-103.141
415.469,-104.778
415.480,-105.258
415.491,-105.441
415.502,-101.667
415.512,-101.368
415.523,-101.349
415.534,-101.441
415.545,-103.768
415.556,-104.471
415.567,-98.477
415.577,-98.183
415.588,-101.311
415.599,-104.179
415.610,-104.038
415.621,-104.211
415.632,-102.466
415.643,-103.941
415.653,-103.099
415.664,-100.703
415.675,-101.719
415.686,-105.726
415.697,-102.692
415.708,-103.173
415.719,-102.149
415.729,-100.782
415.740,-100.088
415.751,-103.662
415.762,-103.365
415.773,-103.265
415.784,-105.779
415.794,-107.009
415.805,-105.932
415.816,-106.044
415.827,-104.793
415.838,-105.087
415.849,-103.504
415.860,-106.040
415.870,-104.120
415.881,-101.389
415.892,-105.312
415.903,-103.251
415.914,-102.235
415.925,-103.364
415.935,-103.838
415.946,-104.996
415.957,-101.260
415.968,-99.761
415.979,-100.962
415.990,-101.838
416.001,-106.044
416.011,-101.759
416.022,-104.014
416.033,-106.708
416.044,-105.041
416.055,-103.645
416.066,-104.329
416.076,-104.266
416.087,-103.564
416.098,-103.128
416.109,-103.550
416.120,-104.308
416.131,-105.716
416.142,-104.284
416.152,-101.986
416.163,-101.600
416.174,-101.579
416.185,-102.200
416.196,-104.306
416.207,-101.957
416.217,-103.153
416.228,-105.719
416.239,-102.065
416.250,-97.266
416.261,-99.561
416.272,-104.237
416.283,-104.734
416.293,-103.287
416.304,-106.056
416.315,-103.884
416.326,-102.907
416.337,-104.346
416.348,-103.055
416.359,-104.748
416.369,-102.690
416.380,-102.651
416.391,-102.101
416.402,-102.207
416.413,-105.333
416.424,-103.433
416.434,-103.108
416.445,-101.272
416.456,-101.277
416.467,-103.538
416.478,-103.227
416.489,-102.826
416.500,-102.203
416.510,-102.123
416.521,-103.847
416.532,-103.330
416.543,-102.995
416.554,-105.126
416.565,-104.062
416.575,-104.312
416.586,-102.857
416.597,-102.504
416.608,-106.008
416.619,-105.528
416.630,-102.801
416.641,-102.144
416.651,-104.001
416.662,-104.822
416.673,-103.527
416.684,-103.857
416.695,-104.829
416.706,-104.445
416.716,-106.952
416.727,-105.752
416.738,-103.140
416.749,-105.378
416.760,-103.988
416.771,-105.731
416.782,-105.112
416.792,-104.203
416.803,-103.213
416.814,-103.192
416.825,-105.397
416.836,-105.413
416.847,-105.837
416.858,-104.543
416.868,-103.350
416.879,-105.593
416.890,-107.079
416.901,-100.299
416.912,-100.550
416.923,-104.949
416.933,-99.520
416.944,-99.358
416.955,-100.642
416.966,-104.063
416.977,-105.240
416.988,-103.983
416.999,-100.984
417.009,-103.007
417.020,-103.010
417.031,-102.287
417.042,-102.232
417.053,-101.531
417.064,-104.659
417.074,-102.573
417.085,-102.395
417.096,-104.666
417.107,-101.740
417.118,-99.721
417.129,-103.692
417.140,-106.926
417.150,-106.860
417.161,-104.288
417.172,-104.872
417.183,-107.273
417.194,-104.724
417.205,-106.237
417.216,-105.662
417.226,-102.743
417.237,-105.467
417.248,-101.838
417.259,-102.285
417.270,-106.405
417.281,-103.159
417.291,-102.975
417.302,-102.838
417.313,-102.710
417.324,-102.499
417.335,-102.428
417.346,-102.044
417.357,-101.981
417.367,-103.990
417.378,-104.741
417.389,-105.339
417.400,-101.955
417.411,-101.981
417.422,-97.686
417.432,-98.334
417.443,-104.262
417.454,-103.431
417.465,-101.071
417.476,-102.403
417.487,-103.336
417.498,-99.313
417.508,-100.258
417.519,-106.986
417.530,-105.899
417.541,-104.293
417.552,-101.826
417.563,-104.032
417.573,-102.995
417.584,-103.456
417.595,-102.121
417.606,-102.132
417.617,-105.189
417.628,-102.386
417.639,-103.070
417.649,-102.889
417.660,-105.745
417.671,-103.204
417.682,-103.378
417.693,-102.263
417.704,-102.633
417.714,-103.829
417.725,-104.208
417.736,-103.690
417.747,-102.271
417.758,-101.224
417.769,-100.176
417.780,-92.521
417.790,-90.379
417.801,-92.763
417.812,-99.996
417.823,-99.248
417.834,-98.511
417.845,-101.708
417.856,-101.405
417.866,-102.956
417.877,-103.394
417.888,-102.886
417.899,-103.289
417.910,-101.018
417.921,-100.143
417.931,-101.495
417.942,-100.757
417.953,-100.765
417.964,-103.763
417.975,-104.011
417.986,-101.754
417.997,-100.814
418.007,-100.919
418.018,-101.796
418.029,-99.392
418.040,-100.434
418.051,-104.036
418.062,-102.233
418.072,-102.222
418.083,-100.506
418.094,-99.552
418.105,-102.485
418.116,-104.058
418.127,-102.145
418.138,-101.039
418.148,-104.359
418.159,-105.492
418.170,-101.515
418.181,-103.848
418.192,-103.921
418.203,-103.803
418.214,-104.739
418.224,-102.356
418.235,-102.531
418.246,-105.135
418.257,-102.902
418.268,-102.938
418.279,-100.823
418.289,-104.182
418.300,-103.153
418.311,-101.089
418.322,-99.978
418.333,-103.369
418.344,-104.357
418.355,-105.111
418.365,-106.131
418.376,-104.936
418.387,-106.095
418.398,-105.233
418.409,-101.022
418.420,-100.674
418.430,-102.876
418.441,-102.229
418.452,-102.608
418.463,-102.735
418.474,-104.994
418.485,-104.995
418.496,-106.068
418.506,-105.012
418.517,-103.723
418.528,-105.390
418.539,-105.564
418.550,-103.075
418.561,-102.442
418.571,-100.991
418.582,-104.300
418.593,-97.587
418.604,-97.450
418.615,-102.626
418.626,-105.646
418.637,-99.876
418.647,-99.828
418.658,-103.305
418.669,-97.580
418.680,-96.722
418.691,-101.895
418.702,-103.884
418.712,-101.082
418.723,-101.196
418.734,-107.416
418.745,-105.169
418.756,-102.521
418.767,-103.729
418.778,-103.103
418.788,-103.318
418.799,-104.896
418.810,-103.529
418.821,-104.467
418.832,-103.571
418.843,-103.783
418.854,-104.039
418.864,-104.189
418.875,-103.515
418.886,-102.356
418.897,-105.303
418.908,-105.174
418.919,-103.154
418.929,-100.303
418.940,-105.328
418.951,-106.272
418.962,-104.753
418.973,-104.956
418.984,-105.650
418.995,-103.932
419.005,-101.838
419.016,-101.465
419.027,-101.503
419.038,-102.046
419.049,-102.046
419.060,-102.089
419.070,-97.897
419.081,-97.523
419.092,-98.980
419.103,-102.647
419.114,-105.379
419.125,-103.225
419.136,-99.001
419.146,-98.633
419.157,-101.423
419.168,-99.084
419.179,-102.693
419.190,-103.287
419.201,-101.979
419.212,-101.449
419.222,-99.164
419.233,-95.433
419.244,-97.813
419.255,-103.878
419.266,-102.139
419.277,-102.162
419.287,-98.907
419.298,-97.430
419.309,-99.974
419.320,-96.971
419.331,-96.749
419.342,-99.520
419.353,-99.978
419.363,-97.222
419.374,-97.192
419.385,-95.346
419.396,-97.028
419.407,-100.766
419.418,-102.412
419.428,-103.522
419.439,-103.712
419.450,-102.283
419.461,-99.439
419.472,-98.588
419.483,-102.435
419.494,-102.764
419.504,-103.378
419.515,-101.275
419.526,-101.564
419.537,-103.923
419.548,-102.698
419.559,-106.494
419.569,-105.222
419.580,-103.758
419.591,-104.109
419.602,-103.132
419.613,-103.263
419.624,-104.065
419.635,-104.003
419.645,-103.699
419.656,-105.729
419.667,-105.007
419.678,-103.328
419.689,-102.529
419.700,-103.453
419.711,-105.112
419.721,-103.924
419.732,-103.685
419.743,-102.482
419.754,-101.009
419.765,-101.531
419.776,-102.860
419.786,-103.840
419.797,-105.086
419.808,-102.295
419.819,-102.129
419.830,-102.880
419.841,-102.547
419.852,-102.957
419.862,-105.572
419.873,-103.815
419.884,-104.363
419.895,-103.875
419.906,-105.790
419.917,-106.297
419.927,-105.419
419.938,-103.346
419.949,-103.172
419.960,-104.336
419.960,-103.484
419.971,-103.945
419.982,-102.714
419.993,-95.395
420.003,-94.871
420.014,-101.604
420.025,-103.787
420.036,-101.913
420.047,-96.665
420.058,-97.272
420.068,-103.654
420.079,-101.535
420.090,-103.454
420.101,-104.873
420.112,-104.716
420.123,-104.510
420.134,-104.713
420.144,-105.171
420.155,-103.281
420.166,-102.772
420.177,-104.429
420.188,-105.087
420.199,-101.014
420.209,-100.367
420.220,-104.977
420.231,-102.817
420.242,-96.431
420.253,-98.059
420.264,-103.929
420.275,-105.960
420.285,-101.560
420.296,-101.267
420.307,-104.529
420.318,-101.995
420.329,-101.428
420.340,-104.272
420.351,-104.854
420.361,-102.942
420.372,-102.916
420.383,-104.081
420.394,-104.443
420.405,-104.843
420.416,-106.191
420.426,-108.100
420.437,-106.300
420.448,-101.611
420.459,-101.758
420.470,-105.852
420.481,-105.775
420.492,-104.615
420.502,-103.872
420.513,-103.478
420.524,-103.013
420.535,-104.016
420.546,-103.829
420.557,-102.145
420.567,-101.464
420.578,-104.385
420.589,-106.053
420.600,-104.800
420.611,-104.751
420.622,-103.248
420.633,-103.168
420.643,-105.390
420.654,-103.792
420.665,-103.831
420.676,-95.860
420.687,-95.891
420.698,-102.338
420.709,-105.744
420.719,-106.140
420.730,-102.858
420.741,-104.156
420.752,-102.866
420.763,-104.501
420.774,-103.935
420.784,-102.806
420.795,-102.931
420.806,-102.756
420.817,-102.159
420.828,-104.625
420.839,-102.640
420.850,-101.697
420.860,-95.709
420.871,-96.717
420.882,-106.610
420.893,-103.167
420.904,-102.107
420.915,-102.572
420.925,-101.855
420.936,-102.640
420.947,-103.771
420.958,-105.578
420.969,-105.991
420.980,-105.765
420.991,-106.228
421.001,-107.599
421.012,-107.860
421.023,-109.013
421.034,-106.668
421.045,-102.739
421.056,-101.998
421.066,-103.617
421.077,-101.856
421.088,-102.381
421.099,-103.623
421.110,-105.187
421.121,-103.305
421.132,-101.478
421.142,-102.085
421.153,-102.569
421.164,-102.138
421.175,-103.385
421.186,-106.890
421.197,-106.209
421.207,-106.048
421.218,-102.763
421.229,-102.571
421.240,-105.611
421.251,-104.989
421.262,-107.623
421.273,-103.944
421.283,-102.998
421.294,-102.471
421.305,-102.391
421.316,-104.549
421.327,-103.248
421.338,-81.771
421.349,-76.860
421.359,-77.401
421.370,-95.458
421.381,-105.364
421.392,-106.498
421.403,-106.755
421.414,-107.083
421.424,-105.910
421.435,-106.418
421.446,-104.104
421.457,-107.635
421.468,-106.291
421.479,-103.928
421.490,-106.624
421.500,-105.296
421.511,-101.452
421.522,-101.569
421.533,-104.877
421.544,-102.809
421.555,-103.016
421.565,-106.394
421.576,-103.917
421.587,-103.963
421.598,-104.362
421.609,-102.535
421.620,-103.973
421.631,-102.612
421.641,-102.014
421.652,-104.664
421.663,-105.670
421.674,-104.736
421.685,-105.015
421.696,-106.901
421.707,-102.081
421.717,-102.380
421.728,-103.655
421.739,-103.808
421.750,-104.548
421.761,-103.717
421.772,-102.253
421.782,-104.059
421.793,-102.821
421.804,-101.835
421.815,-103.419
421.826,-100.109
421.837,-102.013
421.848,-104.802
421.858,-103.376
421.869,-103.733
421.880,-106.538
421.891,-105.505
421.902,-103.318
421.913,-101.733
421.923,-101.547
421.934,-104.413
421.945,-104.589
421.956,-105.209
421.967,-103.227
421.978,-102.875
421.989,-102.142
421.999,-103.134
422.010,-106.752
422.021,-103.665
422.032,-103.451
422.043,-106.745
422.054,-104.831
422.064,-102.287
422.075,-102.063
422.086,-101.816
422.097,-101.265
422.108,-100.970
422.119,-100.936
422.130,-106.121
422.140,-102.520
422.151,-102.575
422.162,-103.575
422.173,-100.924
422.184,-101.426
422.195,-101.656
422.205,-102.084
422.216,-99.183
422.227,-99.573
422.238,-105.745
422.249,-106.615
422.260,-106.436
422.271,-104.714
422.281,-104.238
422.292,-103.580
422.303,-105.252
422.314,-103.784
422.325,-105.525
422.336,-107.426
422.347,-106.996
422.357,-105.971
422.368,-102.848
422.379,-103.848
422.390,-97.930
422.401,-97.432
422.412,-102.606
422.422,-104.446
422.433,-103.557
422.444,-102.385
422.455,-103.416
422.466,-105.429
422.477,-108.370
422.488,-104.156
422.498,-100.528
422.509,-97.577
422.520,-98.305
422.531,-101.876
422.542,-99.570
422.553,-97.393
422.563,-97.465
422.574,-91.601
422.585,-91.412
422.596,-94.905
422.607,-100.970
422.618,-100.844
422.629,-101.525
422.639,-102.590
422.650,-101.546
422.661,-101.246
422.672,-101.389
422.683,-102.833
422.694,-103.128
422.704,-106.459
422.715,-105.714
422.726,-104.740
422.737,-104.473
422.748,-106.205
422.759,-104.290
422.770,-104.704
422.780,-106.067
422.791,-102.911
422.802,-102.709
422.813,-106.798
422.824,-105.816
422.835,-106.731
422.846,-107.362
422.856,-105.167
422.867,-104.735
422.878,-104.811
422.889,-107.274
422.900,-105.211
422.911,-104.299
422.921,-103.728
422.932,-105.396
422.943,-107.150
422.954,-101.640
422.965,-102.497
422.976,-101.365
422.987,-97.781
422.997,-98.202
423.008,-102.390
423.019,-102.758
423.030,-102.903
423.041,-99.655
423.052,-96.831
423.062,-89.890
423.073,-89.984
423.084,-97.100
423.095,-97.287
423.106,-98.796
423.117,-98.367
423.128,-98.673
423.138,-99.715
423.149,-97.224
423.160,-96.981
423.171,-100.034
423.182,-104.291
423.193,-106.097
423.204,-104.506
423.214,-103.416
423.225,-103.475
423.236,-102.666
423.247,-102.920
423.258,-103.670
423.269,-106.098
423.279,-105.220
423.290,-103.674
423.301,-104.099
423.312,-107.618
423.323,-105.135
423.334,-103.382
423.345,-102.996
423.355,-102.631
423.366,-103.840
423.377,-103.553
423.388,-106.924
423.399,-107.336
423.410,-105.385
423.420,-102.118
423.431,-102.088
423.442,-101.728
423.453,-101.924
423.464,-103.542
423.475,-101.851
423.486,-103.900
423.496,-104.374
423.507,-102.819
423.518,-105.138
423.529,-101.750
423.540,-101.803
423.551,-96.097
423.561,-96.219
423.572,-102.194
423.583,-105.750
423.594,-103.330
423.605,-105.322
423.616,-106.532
423.627,-104.081
423.637,-103.806
423.648,-104.102
423.659,-104.761
423.670,-104.217
423.681,-104.825
423.692,-102.889
423.702,-101.238
423.713,-101.564
423.724,-103.791
423.735,-104.353
423.746,-106.089
423.757,-106.459
423.768,-106.913
423.778,-104.820
423.789,-103.606
423.800,-102.651
423.811,-106.340
423.822,-107.302
423.833,-103.988
423.844,-102.591
423.854,-103.546
423.865,-103.478
423.876,-101.484
423.887,-102.493
423.898,-104.080
423.909,-103.882
423.919,-100.881
423.930,-95.266
423.941,-95.852
423.952,-103.598
423.963,-105.397
423.974,-104.195
423.985,-103.063
423.995,-104.725
424.006,-103.087
424.017,-106.316
424.028,-104.780
424.039,-103.115
424.050,-103.999
424.060,-101.880
424.071,-102.132
424.082,-104.508
424.093,-104.239
424.104,-104.975
424.115,-104.468
424.126,-103.983
424.136,-103.626
424.147,-105.097
424.158,-104.383
424.169,-102.848
424.180,-104.252
424.191,-105.019
424.202,-104.573
424.212,-104.752
424.223,-103.348
424.234,-104.231
424.245,-106.881
424.256,-103.911
424.267,-103.746
424.277,-105.831
424.288,-104.920
424.299,-105.114
424.310,-104.769
424.321,-105.196
424.332,-105.576
424.343,-105.291
424.353,-105.425
424.364,-103.440
424.375,-106.337
424.386,-107.310
424.397,-104.336
424.408,-104.475
424.418,-106.221
424.429,-104.695
424.440,-102.182
424.451,-102.010
424.462,-104.300
424.473,-104.002
424.484,-102.140
424.494,-101.385
424.505,-103.321
424.516,-104.362
424.527,-100.058
424.538,-97.831
424.549,-98.107
424.559,-101.933
424.570,-104.157
424.581,-103.284
424.592,-100.830
424.603,-96.461
424.614,-96.346
424.625,-102.290
424.635,-101.814
424.646,-104.486
424.657,-102.309
424.668,-103.787
424.679,-104.222
424.690,-106.088
424.700,-103.418
424.711,-104.532
424.722,-104.527
424.733,-101.838
424.744,-101.761
424.755,-104.230
424.766,-105.015
424.776,-103.860
424.787,-103.891
424.798,-100.723
424.809,-101.073
424.820,-105.900
424.831,-106.105
424.842,-102.774
424.852,-102.912
424.863,-99.682
424.874,-98.870
424.885,-98.477
424.896,-98.466
424.907,-98.501
424.917,-101.409
424.928,-103.005
424.939,-104.761
424.950,-102.010
424.950,-104.288
424.961,-104.714
424.972,-102.781
424.983,-101.938
424.993,-98.956
425.004,-98.151
425.015,-100.576
425.026,-104.106
425.037,-104.748
425.048,-104.308
425.058,-102.214
425.069,-100.241
425.080,-100.279
425.091,-101.014
425.102,-100.549
425.113,-105.198
425.124,-105.439
425.134,-103.999
425.145,-100.803
425.156,-100.787
425.167,-100.362
425.178,-96.312
425.189,-97.559
425.200,-104.478
425.210,-103.773
425.221,-102.312
425.232,-101.647
425.243,-103.913
425.254,-99.506
425.265,-99.600
425.275,-104.569
425.286,-100.465
425.297,-101.189
425.308,-102.445
425.319,-102.767
425.330,-105.774
425.341,-103.520
425.351,-104.159
425.362,-104.680
425.373,-98.512
425.384,-98.431
425.395,-99.167
425.406,-96.627
425.416,-99.219
425.427,-103.137
425.438,-103.762
425.449,-101.585
425.460,-101.086
425.471,-101.559
425.482,-102.562
425.492,-100.987
425.503,-100.922
425.514,-103.772
425.525,-101.863
425.536,-101.960
425.547,-103.632
425.557,-102.443
425.568,-103.225
425.579,-102.825
425.590,-102.817
425.601,-103.413
425.612,-101.537
425.623,-103.444
425.633,-104.155
425.644,-103.476
425.655,-103.733
425.666,-102.981
425.677,-102.895
425.688,-103.093
425.699,-105.276
425.709,-103.260
425.720,-103.180
425.731,-106.448
425.742,-104.209
425.753,-103.981
425.764,-104.275
425.774,-104.444
425.785,-103.560
425.796,-103.965
425.807,-100.222
425.818,-100.597
425.829,-102.142
425.840,-102.567
425.850,-101.600
425.861,-100.891
425.872,-101.748
425.883,-97.309
425.894,-95.379
425.905,-99.465
425.915,-102.723
425.926,-103.202
425.937,-101.228
425.948,-101.389
425.959,-101.257
425.970,-102.130
425.981,-98.560
425.991,-102.253
426.002,-98.554
426.013,-98.491
426.024,-103.325
426.035,-101.555
426.046,-103.382
426.056,-103.046
426.067,-100.446
426.078,-101.297
426.089,-104.546
426.100,-103.647
426.111,-103.738
426.122,-102.202
426.132,-101.575
426.143,-101.850
426.154,-100.343
426.165,-101.225
426.176,-102.141
426.187,-101.641
426.197,-101.286
426.208,-101.631
426.219,-103.568
426.230,-104.097
426.241,-101.319
426.252,-101.343
426.263,-102.221
426.273,-98.841
426.284,-99.010
426.295,-103.361
426.306,-103.915
426.317,-102.581
426.328,-104.401
426.339,-102.506
426.349,-101.767
426.360,-101.715
426.371,-100.671
426.382,-101.080
426.393,-102.167
426.404,-102.008
426.414,-101.366
426.425,-102.168
426.436,-103.446
426.447,-105.315
426.458,-104.274
426.469,-101.620
426.480,-102.036
426.490,-102.998
426.501,-101.783
426.512,-103.580
426.523,-104.920
426.534,-105.350
426.545,-101.521
426.555,-103.011
426.566,-103.814
426.577,-103.641
426.588,-105.266
426.599,-103.087
426.610,-104.155
426.621,-104.129
426.631,-106.555
426.642,-102.424
426.653,-102.351
426.664,-103.836
426.675,-100.703
426.686,-101.303
426.697,-104.849
426.707,-102.445
426.718,-102.103
426.729,-101.832
426.740,-105.348
426.751,-105.428
426.762,-102.528
426.772,-102.144
426.783,-104.263
426.794,-104.362
426.805,-102.978
426.816,-102.757
426.827,-105.547
426.838,-103.051
426.848,-102.545
426.859,-101.624
426.870,-101.473
426.881,-102.105
426.892,-104.105
426.903,-106.816
426.913,-104.945
426.924,-102.973
426.935,-102.755
426.946,-104.851
426.957,-105.162
426.968,-106.253
426.979,-106.551
426.989,-106.458
427.000,-97.033
427.011,-96.788
427.022,-103.853
427.033,-105.162
427.044,-103.372
427.054,-104.937
427.065,-99.602
427.076,-100.225
427.087,-102.999
427.098,-102.206
427.109,-100.915
427.120,-100.916
427.130,-102.558
427.141,-103.790
427.152,-103.572
427.163,-100.113
427.174,-100.254
427.185,-101.847
427.195,-103.581
427.206,-102.512
427.217,-100.625
427.228,-103.420
427.239,-102.671
427.250,-102.647
427.261,-102.651
427.271,-102.469
427.282,-104.537
427.293,-106.556
427.304,-106.632
427.315,-103.211
427.326,-102.588
427.337,-102.941
427.347,-104.233
427.358,-106.241
427.369,-105.062
427.380,-102.997
427.391,-101.775
427.402,-104.892
427.412,-104.627
427.423,-100.351
427.434,-100.424
427.445,-104.213
427.456,-104.153
427.467,-105.910
427.478,-105.239
427.488,-97.019
427.499,-95.954
427.510,-100.735
427.521,-105.549
427.532,-106.285
427.543,-103.707
427.553,-103.499
427.564,-107.493
427.575,-108.984
427.586,-101.060
427.597,-104.341
427.608,-104.599
427.619,-103.239
427.629,-102.826
427.640,-104.365
427.651,-104.404
427.662,-103.816
427.673,-105.254
427.684,-99.537
427.695,-99.777
427.705,-102.942
427.716,-101.373
427.727,-100.805
427.738,-98.583
427.749,-99.302
427.760,-98.795
427.770,-97.911
427.781,-104.387
427.792,-101.643
427.803,-101.805
427.814,-104.818
427.825,-103.380
427.836,-102.043
427.846,-99.536
427.857,-99.056
427.868,-103.534
427.879,-105.510
427.890,-104.146
427.901,-104.010
427.911,-102.519
427.922,-101.895
427.933,-103.393
427.944,-104.264
427.955,-101.716
427.966,-101.674
427.977,-103.518
427.987,-103.403
427.998,-104.727
428.009,-103.623
428.020,-104.109
428.031,-104.917
428.042,-104.929
428.052,-104.336
428.063,-104.710
428.074,-104.235
428.085,-102.999
428.096,-103.615
428.107,-103.992
428.118,-102.011
428.128,-101.499
428.139,-101.314
428.150,-100.790
428.161,-101.352
428.172,-106.959
428.183,-105.503
428.193,-104.776
428.204,-103.786
428.215,-102.470
428.226,-97.534
428.237,-98.741
428.248,-104.849
428.259,-104.320
428.269,-102.243
428.280,-101.499
428.291,-101.009
428.302,-102.175
428.313,-101.081
428.324,-104.966
428.335,-103.909
428.345,-102.333
428.356,-102.910
428.367,-107.311
428.378,-104.051
428.389,-103.441
428.400,-104.115
428.410,-105.635
428.421,-103.328
428.432,-103.302
428.443,-102.223
428.454,-102.825
428.465,-102.488
428.476,-102.472
428.486,-105.954
428.497,-106.344
428.508,-107.256
428.519,-106.441
428.530,-103.532
428.541,-102.138
428.551,-102.787
428.562,-106.629
428.573,-104.308
428.584,-105.110
428.595,-104.528
428.606,-100.653
428.617,-100.713
428.627,-99.816
428.638,-94.521
428.649,-94.387
428.660,-97.801
428.671,-98.966
428.682,-96.155
428.692,-95.377
428.703,-89.582
428.714,-86.932
428.725,-90.378
428.736,-96.019
428.747,-95.871
428.758,-97.565
428.768,-97.197
428.779,-96.697
428.790,-97.348
428.801,-98.957
428.812,-99.715
428.823,-104.606
428.834,-101.277
428.844,-99.747
428.855,-103.808
428.866,-102.377
428.877,-102.257
428.888,-104.812
428.899,-104.788
428.909,-101.975
428.920,-105.261
428.931,-103.991
428.942,-105.388
428.953,-102.827
428.964,-103.542
428.975,-104.201
428.985,-106.015
428.996,-104.440
429.007,-105.918
429.018,-105.109
429.029,-105.623
429.040,-108.007
429.050,-105.430
429.061,-102.713
429.072,-104.231
429.083,-107.134
429.094,-103.052
429.105,-102.139
429.116,-103.042
429.126,-102.227
429.137,-103.507
429.148,-103.117
429.159,-102.109
429.170,-102.226
429.181,-104.377
429.192,-99.253
429.202,-98.391
429.213,-105.253
429.224,-103.613
429.235,-103.611
429.246,-104.709
429.257,-103.787
429.267,-104.045
429.278,-104.087
429.289,-104.049
429.300,-107.360
429.311,-103.564
429.322,-103.786
429.333,-103.056
429.343,-103.876
429.354,-104.757
429.365,-106.159
429.376,-109.067
429.387,-106.162
429.398,-102.496
429.408,-101.825
429.419,-105.113
429.430,-106.271
429.441,-104.045
429.452,-102.405
429.463,-104.729
429.474,-107.407
429.484,-105.507
429.495,-101.658
429.506,-102.276
429.517,-104.931
429.528,-105.262
429.539,-102.215
429.549,-102.550
429.560,-102.818
429.571,-103.617
429.582,-104.201
429.593,-103.888
429.604,-103.086
429.615,-105.912
429.625,-104.400
429.636,-101.673
429.647,-101.729
429.658,-103.240
429.669,-103.211
429.680,-100.600
429.690,-100.043
429.701,-103.891
429.712,-103.831
429.723,-106.517
429.734,-103.871
429.745,-103.094
429.756,-104.571
429.766,-104.308
429.777,-105.998
429.788,-104.824
429.799,-103.582
429.810,-106.612
429.821,-105.022
429.832,-106.447
429.842,-103.436
429.853,-103.287
429.864,-104.253
429.875,-103.645
429.886,-105.752
429.897,-104.425
429.907,-105.231
429.918,-106.666
429.929,-105.984
429.940,-104.429
429.940,-104.313
429.951,-102.300
429.962,-102.490
429.973,-104.175
429.983,-103.323
429.994,-105.689
430.005,-105.957
430.016,-104.079
430.027,-103.132
430.038,-101.441
430.048,-104.117
430.059,-102.281
430.070,-95.753
430.081,-95.769
430.092,-101.991
430.103,-99.458
430.114,-100.913
430.124,-101.759
430.135,-101.931
430.146,-107.095
430.157,-104.155
430.168,-102.745
430.179,-101.679
430.190,-101.762
430.200,-102.110
430.211,-103.108
430.222,-103.143
430.233,-103.722
430.244,-102.426
430.255,-102.828
430.265,-106.611
430.276,-104.426
430.287,-104.713
430.298,-103.394
430.309,-105.745
430.320,-105.341
430.331,-103.963
430.341,-105.145
430.352,-104.125
430.363,-104.260
430.374,-106.410
430.385,-104.106
430.396,-104.162
430.406,-100.937
430.417,-102.633
430.428,-106.124
430.439,-104.886
430.450,-103.339
430.461,-103.323
430.472,-103.453
430.482,-105.845
430.493,-102.640
430.504,-102.862
430.515,-104.712
430.526,-104.716
430.537,-103.068
430.547,-101.839
430.558,-102.667
430.569,-102.534
430.580,-105.136
430.591,-103.673
430.602,-104.476
430.613,-105.060
430.623,-102.906
430.634,-99.448
430.645,-101.642
430.656,-100.055
430.667,-98.698
430.678,-102.545
430.688,-104.285
430.699,-103.963
430.710,-105.686
430.721,-102.708
430.732,-102.556
430.743,-101.169
430.754,-102.778
430.764,-106.210
430.775,-106.753
430.786,-106.560
430.797,-104.869
430.808,-104.334
430.819,-105.712
430.830,-102.323
430.840,-102.580
430.851,-106.589
430.862,-104.650
430.873,-103.153
430.884,-104.277
430.895,-102.671
430.905,-102.270
430.916,-104.344
430.927,-103.555
430.938,-104.167
430.949,-104.240
430.960,-104.914
430.971,-104.239
430.981,-102.693
430.992,-103.922
431.003,-100.940
431.014,-101.291
431.025,-100.835
431.036,-99.682
431.046,-97.664
431.057,-98.384
431.068,-101.622
431.079,-100.528
431.090,-92.785
431.101,-92.195
431.112,-98.414
431.122,-101.670
431.133,-103.637
431.144,-100.241
431.155,-98.364
431.166,-96.242
431.177,-96.823
431.188,-104.064
431.198,-100.801
431.209,-100.372
431.220,-100.855
431.231,-99.518
431.242,-95.694
431.253,-99.267
431.263,-97.750
431.274,-98.059
431.285,-102.419
431.296,-103.309
431.307,-101.508
431.318,-97.024
431.329,-98.393
431.339,-102.629
431.350,-105.073
431.361,-103.926
431.372,-104.781
431.383,-101.806
431.394,-104.168
431.404,-104.178
431.415,-103.574
431.426,-99.344
431.437,-98.710
431.448,-101.344
431.459,-100.738
431.470,-100.007
431.480,-102.849
431.491,-103.713
431.502,-99.376
431.513,-98.943
431.524,-99.382
431.535,-94.436
431.545,-95.778
431.556,-100.593
431.567,-102.626
431.578,-101.977
431.589,-103.385
431.600,-102.761
431.611,-101.219
431.621,-101.332
431.632,-105.116
431.643,-104.239
431.654,-104.094
431.665,-106.259
431.676,-104.980
431.687,-101.813
431.697,-101.835
431.708,-101.556
431.719,-101.561
431.730,-106.193
431.741,-105.294
431.752,-103.025
431.762,-102.956
431.773,-103.770
431.784,-107.388
431.795,-104.864
431.806,-104.875
431.817,-105.852
431.828,-106.272
431.838,-107.460
431.849,-107.623
431.860,-105.147
431.871,-105.940
431.882,-105.018
431.893,-103.493
431.903,-103.952
431.914,-103.195
431.925,-103.210
431.936,-102.341
431.947,-102.841
431.958,-104.281
431.969,-100.529
431.979,-100.440
431.990,-98.371
432.001,-97.398
432.012,-98.447
432.023,-100.820
432.034,-101.063
432.044,-104.316
432.055,-108.191
432.066,-102.532
432.077,-102.512
432.088,-104.481
432.099,-106.356
432.110,-105.169
432.120,-105.823
432.131,-104.598
432.142,-104.699
432.153,-103.694
432.164,-106.124
432.175,-105.991
432.185,-106.401
432.196,-105.740
432.207,-105.446
432.218,-105.280
432.229,-105.669
432.240,-102.549
432.251,-103.696
432.261,-107.125
432.272,-107.076
432.283,-105.839
432.294,-100.394
432.305,-100.245
432.316,-104.611
432.327,-104.648
432.337,-106.107
432.348,-105.165
432.359,-104.611
432.370,-105.547
432.381,-103.345
432.392,-104.045
432.402,-106.023
432.413,-103.757
432.424,-103.775
432.435,-104.206
432.446,-104.689
432.457,-102.245
432.468,-102.377
432.478,-104.325
432.489,-107.740
432.500,-103.295
432.511,-101.521
432.522,-101.550
432.533,-108.040
432.543,-104.098
432.554,-104.529
432.565,-103.050
432.576,-103.123
432.587,-102.321
432.598,-102.318
432.609,-105.083
432.619,-106.653
432.630,-107.454
432.641,-105.555
432.652,-105.068
432.663,-103.824
432.674,-102.448
432.685,-102.573
432.695,-105.453
432.706,-104.465
432.717,-104.372
432.728,-103.626
432.739,-107.117
432.750,-105.537
432.760,-106.352
432.771,-105.871
432.782,-105.983
432.793,-104.833
432.804,-103.665
432.815,-102.807
432.826,-103.151
432.836,-103.207
432.847,-104.970
432.858,-104.161
432.869,-102.640
432.880,-102.614
432.891,-105.429
432.901,-102.906
432.912,-102.864
432.923,-104.782
432.934,-107.321
432.945,-102.476
432.956,-103.857
432.967,-105.046
432.977,-103.019
432.988,-103.716
432.999,-105.752
433.010,-104.691
433.021,-104.007
433.032,-103.165
433.042,-103.062
433.053,-102.951
433.064,-104.061
433.075,-103.852
433.086,-106.405
433.097,-103.764
433.108,-104.235
433.118,-104.079
433.129,-105.055
433.140,-101.628
433.151,-99.953
433.162,-102.624
433.173,-101.621
433.183,-101.604
433.194,-106.194
433.205,-104.609
433.216,-105.556
433.227,-104.910
433.238,-104.248
433.249,-106.288
433.259,-106.654
433.270,-105.858
433.281,-102.884
433.292,-103.078
433.303,-105.929
433.314,-106.077
433.325,-107.590
433.335,-106.101
433.346,-105.225
433.357,-103.706
433.368,-101.684
433.379,-98.790
433.390,-100.587
433.400,-106.187
433.411,-106.668
433.422,-106.561
433.433,-103.068
433.444,-102.980
433.455,-106.015
433.466,-104.655
433.476,-101.077
433.487,-101.365
433.498,-104.982
433.509,-105.144
433.520,-104.601
433.531,-100.318
433.541,-101.615
433.552,-105.567
433.563,-106.802
433.574,-105.453
433.585,-104.724
433.596,-104.580
433.607,-101.811
433.617,-102.421
433.628,-103.392
433.639,-103.633
433.650,-103.783
433.661,-103.819
433.672,-105.103
433.683,-103.020
433.693,-104.712
433.704,-103.083
433.715,-103.522
433.726,-105.265
433.737,-104.536
433.748,-106.606
433.758,-105.397
433.769,-104.710
433.780,-104.106
433.791,-105.175
433.802,-107.081
433.813,-103.637
433.824,-102.006
433.834,-99.978
433.845,-103.415
433.856,-105.262
433.867,-101.189
433.878,-100.918
433.889,-104.346
433.899,-105.473
433.910,-102.787
433.921,-102.799
433.932,-106.818
433.943,-104.190
433.954,-104.016
433.965,-104.431
433.975,-104.255
433.986,-103.492
433.997,-103.382
434.008,-103.456
434.019,-103.514
434.030,-103.002
434.040,-106.237
434.051,-105.901
434.062,-103.616
434.073,-104.735
434.084,-103.844
434.095,-103.180
434.106,-103.789
434.116,-103.763
434.127,-106.031
434.138,-106.377
434.149,-105.097
434.160,-104.934
434.171,-105.184
434.182,-104.129
434.192,-105.768
434.203,-104.704
434.214,-105.570
434.225,-106.087
434.236,-104.603
434.247,-102.791
434.257,-102.401
434.268,-101.079
434.279,-98.197
434.290,-97.458
434.301,-97.881
434.312,-97.084
434.323,-98.215
434.333,-97.899
434.344,-90.606
434.355,-89.871
434.366,-91.115
434.377,-99.858
434.388,-99.070
434.398,-97.291
434.409,-96.288
434.420,-97.847
434.431,-96.594
434.442,-98.754
434.453,-101.585
434.464,-101.997
434.474,-103.144
434.485,-105.022
434.496,-105.067
434.507,-106.407
434.518,-103.031
434.529,-103.796
434.539,-103.948
434.550,-103.901
434.561,-105.590
434.572,-101.683
434.583,-102.220
434.594,-106.547
434.605,-108.015
434.615,-106.380
434.626,-106.158
434.637,-105.335
434.648,-104.792
434.659,-104.878
434.670,-105.217
434.680,-100.040
434.691,-102.228
434.702,-106.472
434.713,-107.166
434.724,-105.827
434.735,-104.276
434.746,-102.853
434.756,-103.627
434.767,-106.178
434.778,-104.157
434.789,-104.134
434.800,-106.394
434.811,-106.112
434.822,-107.810
434.832,-105.896
434.843,-104.033
434.854,-104.427
434.865,-103.930
434.876,-104.080
434.887,-106.267
434.897,-105.474
434.908,-105.518
434.919,-105.654
434.930,-107.143
434.930,-107.282
434.941,-106.476
434.952,-104.280
434.963,-104.325
434.973,-103.375
434.984,-106.142
434.995,-105.665
435.006,-106.110
435.017,-106.765
435.028,-106.785
435.038,-103.694
435.049,-105.086
435.060,-106.709
435.071,-108.617
435.082,-105.043
435.093,-105.591
435.104,-106.512
435.114,-106.399
435.125,-107.308
435.136,-108.101
435.147,-106.732
435.158,-107.718
435.169,-104.092
435.180,-104.099
435.190,-105.284
435.201,-102.220
435.212,-103.523
435.223,-105.739
435.234,-107.275
435.245,-107.400
435.255,-107.613
435.266,-101.570
435.277,-101.983
435.288,-106.528
435.299,-104.523
435.310,-103.824
435.321,-103.643
435.331,-102.441
435.342,-104.855
435.353,-108.679
435.364,-105.924
435.375,-106.353
435.386,-105.761
435.396,-106.355
435.407,-105.170
435.418,-105.535
435.429,-108.297
435.440,-105.832
435.451,-107.123
435.462,-105.113
435.472,-105.225
435.483,-105.929
435.494,-107.426
435.505,-108.056
435.516,-108.535
435.527,-107.466
435.537,-107.736
435.548,-106.727
435.559,-105.936
435.570,-106.797
435.581,-107.018
435.592,-105.663
435.603,-107.264
435.613,-103.436
435.624,-104.308
435.635,-103.915
435.646,-104.330
435.657,-107.457
435.668,-103.211
435.678,-101.747
435.689,-103.789
435.700,-104.355
435.711,-103.580
435.722,-102.696
435.733,-104.733
435.744,-104.797
435.754,-102.055
435.765,-102.225
435.776,-102.499
435.787,-105.425
435.798,-103.329
435.809,-102.024
435.820,-102.555
435.830,-102.493
435.841,-103.660
435.852,-101.102
435.863,-102.533
435.874,-106.504
435.885,-104.088
435.895,-103.816
435.906,-104.102
435.917,-103.590
435.928,-103.642
435.939,-103.887
435.950,-103.845
435.961,-104.904
435.971,-104.939
435.982,-101.715
435.993,-101.937
436.004,-106.319
436.015,-101.385
436.026,-102.023
436.036,-105.983
436.047,-104.665
436.058,-105.940
436.069,-104.048
436.080,-104.536
436.091,-104.082
436.102,-104.219
436.112,-103.343
436.123,-104.394
436.134,-104.733
436.145,-104.908
436.156,-105.092
436.167,-106.451
436.178,-108.139
436.188,-103.654
436.199,-99.643
436.210,-99.415
436.221,-103.697
436.232,-103.924
436.243,-104.554
436.253,-103.706
436.264,-104.888
436.275,-105.788
436.286,-107.154
436.297,-101.390
436.308,-101.036
436.319,-104.771
436.329,-105.263
436.340,-104.411
436.351,-106.694
436.362,-107.220
436.373,-105.869
436.384,-103.715
436.394,-103.294
436.405,-105.441
436.416,-104.811
436.427,-105.624
436.438,-102.884
436.449,-102.541
436.460,-105.507
436.470,-105.876
436.481,-105.976
436.492,-104.093
436.503,-104.174
436.514,-104.895
436.525,-106.292
436.535,-102.015
436.546,-101.165
436.557,-105.734
436.568,-105.886
436.579,-106.730
436.590,-105.940
436.601,-105.001
436.611,-103.664
436.622,-102.579
436.633,-102.585
436.644,-107.623
436.655,-103.601
436.666,-103.497
436.676,-101.918
436.687,-105.400
436.698,-104.920
436.709,-104.430
436.720,-105.898
436.731,-105.129
436.742,-105.106
436.752,-105.617
436.763,-105.783
436.774,-109.502
436.785,-106.619
436.796,-104.294
436.807,-103.041
436.818,-104.221
436.828,-101.695
436.839,-102.114
436.850,-105.824
436.861,-106.615
436.872,-105.535
436.883,-105.731
436.893,-104.886
436.904,-105.105
436.915,-104.909
436.926,-104.876
436.937,-105.110
436.948,-106.784
436.959,-104.168
436.969,-101.552
436.980,-102.449
436.991,-104.113
437.002,-101.921
437.013,-104.080
437.024,-104.970
437.034,-104.067
437.045,-101.181
437.056,-101.411
437.067,-105.841
437.078,-106.616
437.089,-104.426
437.100,-102.165
437.110,-102.755
437.121,-99.650
437.132,-99.513
437.143,-99.441
437.154,-99.379
437.165,-101.498
437.175,-95.150
437.186,-95.290
437.197,-99.348
437.208,-99.848
437.219,-100.185
437.230,-99.523
437.241,-99.491
437.251,-99.566
437.262,-101.514
437.273,-101.382
437.284,-105.594
437.295,-106.310
437.306,-104.873
437.317,-105.490
437.327,-103.794
437.338,-102.543
437.349,-101.944
437.360,-103.483
437.371,-101.617
437.382,-102.859
437.392,-103.524
437.403,-105.029
437.414,-104.891
437.425,-104.995
437.436,-103.822
437.447,-102.206
437.458,-103.826
437.468,-102.969
437.479,-104.131
437.490,-101.095
437.501,-103.032
437.512,-104.100
437.523,-104.698
437.533,-104.769
437.544,-104.824
437.555,-107.482
437.566,-104.088
437.577,-101.314
437.588,-103.387
437.599,-106.941
437.609,-102.661
437.620,-102.277
437.631,-103.176
437.642,-104.180
437.653,-105.499
437.664,-104.735
437.675,-104.567
437.685,-104.534
437.696,-105.531
437.707,-103.962
437.718,-105.018
437.729,-106.254
437.740,-106.419
437.750,-108.441
437.761,-108.261
437.772,-106.296
437.783,-105.858
437.794,-102.947
437.805,-102.679
437.816,-100.339
437.826,-101.418
437.837,-105.022
437.848,-106.786
437.859,-106.672
437.870,-104.376
437.881,-102.890
437.891,-103.123
437.902,-103.773
437.913,-106.105
437.924,-106.453
437.935,-106.631
437.946,-104.547
437.957,-104.928
437.967,-104.309
437.978,-104.133
437.989,-104.450
438.000,-104.612
438.011,-102.681
438.022,-101.826
438.032,-103.497
438.043,-105.680
438.054,-101.267
438.065,-101.320
438.076,-107.102
438.087,-106.544
438.098,-108.304
438.108,-101.868
438.119,-101.782
438.130,-105.741
438.141,-103.729
438.152,-103.873
438.163,-105.284
438.173,-104.457
438.184,-104.603
438.195,-107.372
438.206,-106.586
438.217,-107.403
438.228,-106.102
438.239,-104.307
438.249,-104.465
438.260,-108.366
438.271,-106.033
438.282,-104.962
438.293,-105.532
438.304,-105.027
438.315,-104.554
438.325,-105.992
438.336,-104.380
438.347,-103.250
438.358,-105.646
438.369,-105.532
438.380,-103.524
438.390,-103.595
438.401,-102.456
438.412,-102.692
438.423,-101.776
438.434,-102.695
438.445,-103.262
438.456,-105.374
438.466,-103.436
438.477,-103.587
438.488,-104.490
438.499,-98.714
438.510,-98.959
438.521,-104.269
438.531,-104.532
438.542,-104.952
438.553,-105.425
438.564,-104.935
438.575,-103.363
438.586,-99.676
438.597,-100.841
438.607,-104.858
438.618,-103.585
438.629,-104.812
438.640,-106.065
438.651,-104.864
438.662,-104.465
438.673,-99.899
438.683,-99.910
438.694,-102.997
438.705,-104.875
438.716,-100.740
438.727,-100.549
438.738,-103.594
438.748,-102.345
438.759,-102.359
438.770,-106.023
438.781,-105.466
438.792,-105.468
438.803,-106.990
438.814,-105.894
438.824,-104.662
438.835,-106.088
438.846,-105.766
438.857,-104.358
438.868,-104.262
438.879,-104.619
438.889,-104.678
438.900,-108.553
438.911,-105.411
438.922,-107.031
438.933,-107.936
438.944,-105.895
438.955,-106.476
438.965,-104.918
438.976,-104.814
438.987,-104.805
438.998,-104.777
439.009,-105.421
439.020,-105.102
439.030,-106.019
439.041,-106.252
439.052,-108.174
439.063,-106.976
439.074,-107.348
439.085,-105.604
439.096,-105.057
439.106,-105.004
439.117,-103.767
439.128,-103.367
439.139,-104.776
439.150,-106.742
439.161,-105.184
439.171,-105.489
439.182,-105.818
439.193,-102.203
439.204,-102.170
439.215,-104.768
439.226,-103.208
439.237,-106.629
439.247,-106.396
439.258,-106.369
439.269,-106.052
439.280,-105.554
439.291,-97.723
439.302,-99.038
439.313,-107.336
439.323,-103.233
439.334,-104.117
439.345,-103.626
439.356,-102.500
439.367,-102.601
439.378,-105.896
439.388,-103.474
439.399,-103.983
439.410,-105.233
439.421,-102.723
439.432,-102.701
439.443,-103.957
439.454,-104.315
439.464,-102.944
439.475,-104.421
439.486,-103.711
439.497,-102.181
439.508,-101.808
439.519,-101.777
439.529,-103.061
439.540,-102.496
439.551,-105.396
439.562,-102.281
439.573,-103.444
439.584,-105.619
439.595,-99.034
439.605,-100.315
439.616,-101.354
439.627,-104.221
439.638,-103.782
439.649,-99.965
439.660,-100.712
439.671,-101.275
439.681,-101.963
439.692,-98.782
439.703,-99.872
439.714,-100.744
439.725,-100.507
439.736,-99.539
439.746,-98.724
439.757,-102.094
439.768,-101.232
439.779,-100.837
439.790,-104.441
439.801,-102.286
439.812,-100.922
439.822,-99.584
439.833,-98.329
439.844,-97.114
439.855,-96.552
439.866,-98.601
439.877,-101.064
439.887,-101.037
439.898,-97.711
439.909,-96.793
439.920,-94.437
439.920,-96.675
439.931,-93.576
439.942,-95.151
439.953,-97.954
439.963,-95.103
439.974,-92.505
439.985,-90.828
439.996,-82.225
440.007,-82.097
440.018,-93.111
440.028,-95.606
440.039,-99.842
440.050,-95.877
440.061,-94.462
440.072,-94.768
440.083,-94.019
440.094,-94.336
440.104,-97.649
440.115,-97.309
440.126,-99.541
440.137,-100.073
440.148,-101.467
440.159,-98.434
440.170,-97.724
440.180,-102.355
440.191,-103.152
440.202,-101.986
440.213,-102.339
440.224,-103.918
440.235,-103.181
440.245,-101.907
440.256,-103.586
440.267,-100.229
440.278,-99.553
440.289,-102.917
440.300,-102.541
440.311,-100.433
440.321,-100.397
440.332,-104.354
440.343,-101.451
440.354,-103.319
440.365,-102.621
440.376,-101.609
440.386,-101.676
440.397,-104.639
440.408,-102.528
440.419,-104.724
440.430,-101.876
440.441,-100.424
440.452,-103.965
440.462,-102.307
440.473,-101.309
440.484,-101.537
440.495,-100.869
440.506,-104.715
440.517,-103.576
440.527,-103.424
440.538,-100.781
440.549,-102.154
440.560,-103.717
440.571,-102.779
440.582,-102.931
440.593,-103.419
440.603,-106.059
440.614,-99.573
440.625,-99.537
440.636,-103.585
440.647,-105.418
440.658,-103.700
440.668,-104.799
440.679,-103.391
440.690,-101.920
440.701,-103.105
440.712,-104.281
440.723,-103.944
440.734,-106.429
440.744,-106.862
440.755,-107.957
440.766,-107.773
440.777,-103.309
440.788,-102.517
440.799,-102.599
440.810,-104.032
440.820,-103.167
440.831,-103.126
440.842,-106.337
440.853,-100.026
440.864,-99.657
440.875,-102.139
440.885,-105.598
440.896,-105.466
440.907,-104.248
440.918,-103.091
440.929,-106.446
440.940,-105.729
440.951,-103.259
440.961,-103.845
440.972,-102.315
440.983,-102.007
440.994,-103.272
441.005,-105.343
441.016,-103.510
441.026,-106.630
441.037,-105.052
441.048,-102.962
441.059,-102.604
441.070,-103.772
441.081,-103.853
441.092,-104.966
441.102,-102.777
441.113,-102.940
441.124,-103.905
441.135,-106.094
441.146,-107.890
441.157,-105.228
441.168,-104.416
441.178,-106.761
441.189,-106.899
441.200,-106.227
441.211,-105.285
441.222,-106.401
441.233,-103.186
441.243,-101.972
441.254,-103.932
441.265,-106.246
441.276,-102.402
441.287,-102.270
441.298,-105.096
441.309,-105.494
441.319,-103.540
441.330,-101.645
441.341,-103.582
441.352,-99.814
441.363,-100.340
441.374,-106.944
441.384,-102.853
441.395,-105.306
441.406,-102.034
441.417,-100.626
441.428,-101.322
441.439,-100.862
441.450,-99.148
441.460,-102.703
441.471,-106.072
441.482,-100.653
441.493,-100.088
441.504,-99.850
441.515,-98.900
441.525,-98.933
441.536,-103.769
441.547,-101.401
441.558,-101.348
441.569,-104.754
441.580,-103.346
441.591,-101.511
441.601,-102.533
441.612,-103.657
441.623,-103.189
441.634,-103.276
441.645,-104.667
441.656,-101.305
441.666,-104.167
441.677,-105.595
441.688,-103.306
441.699,-103.728
441.710,-105.336
441.721,-100.406
441.732,-100.663
441.742,-103.072
441.753,-100.702
441.764,-102.422
441.775,-106.594
441.786,-101.790
441.797,-102.698
441.808,-105.522
441.818,-102.401
441.829,-102.221
441.840,-102.282
441.851,-102.889
441.862,-102.248
441.873,-102.740
441.883,-104.214
441.894,-106.036
441.905,-102.137
441.916,-101.942
441.927,-103.290
441.938,-103.309
441.949,-103.393
441.959,-103.984
441.970,-106.144
441.981,-104.661
441.992,-100.665
442.003,-100.993
442.014,-101.823
442.024,-98.814
442.035,-99.061
442.046,-103.434
442.057,-99.173
442.068,-99.600
442.079,-106.144
442.090,-98.961
442.100,-98.940
442.111,-105.124
442.122,-98.115
442.133,-98.239
442.144,-104.913
442.155,-99.232
442.166,-99.097
442.176,-104.793
442.187,-101.644
442.198,-101.336
442.209,-102.755
442.220,-103.127
442.231,-103.310
442.241,-102.627
442.252,-103.300
442.263,-102.678
442.274,-103.787
442.285,-105.535
442.296,-101.659
442.307,-103.362
442.317,-101.600
442.328,-99.188
442.339,-100.224
442.350,-100.424
442.361,-94.585
442.372,-94.083
442.382,-98.460
442.393,-97.582
442.404,-97.923
442.415,-103.218
442.426,-98.644
442.437,-98.724
442.448,-104.446
442.458,-100.953
442.469,-101.288
442.480,-101.620
442.491,-102.584
442.502,-102.628
442.513,-106.701
442.523,-100.876
442.534,-99.414
442.545,-101.726
442.556,-99.954
442.567,-99.549
442.578,-100.289
442.589,-105.742
442.599,-102.185
442.610,-102.779
442.621,-103.099
442.632,-101.501
442.643,-101.816
442.654,-104.360
442.664,-101.105
442.675,-101.086
442.686,-103.299
442.697,-104.642
442.708,-105.140
442.719,-106.389
442.730,-103.979
442.740,-104.028
442.751,-101.632
442.762,-100.737
442.773,-100.756
442.784,-101.665
442.795,-101.197
442.806,-100.748
442.816,-96.335
442.827,-96.138
442.838,-103.244
442.849,-101.636
442.860,-96.771
442.871,-96.282
442.881,-103.527
442.892,-103.882
442.903,-100.031
442.914,-98.881
442.925,-101.050
442.936,-102.073
442.947,-101.977
442.957,-104.796
442.968,-103.152
442.979,-103.666
442.990,-104.021
443.001,-101.931
443.012,-103.401
443.022,-101.287
443.033,-98.418
443.044,-98.376
443.055,-103.774
443.066,-96.682
443.077,-96.604
443.088,-104.217
443.098,-98.442
443.109,-97.786
443.120,-102.762
443.131,-100.627
443.142,-100.248
443.153,-105.650
443.163,-101.243
443.174,-99.449
443.185,-102.890
443.196,-106.399
443.207,-100.636
443.218,-101.824
443.229,-102.579
443.239,-98.318
443.250,-99.576
443.261,-101.087
443.272,-98.485
443.283,-98.744
443.294,-105.132
443.305,-100.413
443.315,-100.572
443.326,-102.548
443.337,-98.392
443.348,-98.659
443.359,-105.472
443.370,-97.615
443.380,-97.456
443.391,-101.037
443.402,-100.403
443.413,-98.208
443.424,-101.012
443.435,-99.433
443.446,-97.337
443.456,-100.445
443.467,-100.333
443.478,-96.929
443.489,-98.329
443.500,-101.851
443.511,-98.363
443.521,-99.255
443.532,-102.312
443.543,-100.285
443.554,-102.150
443.565,-103.193
443.576,-104.584
443.587,-105.390
443.597,-106.145
443.608,-102.415
443.619,-103.141
443.630,-102.963
443.641,-98.831
443.652,-98.663
443.663,-102.727
443.673,-99.213
443.684,-98.734
443.695,-104.096
443.706,-100.664
443.717,-99.380
443.728,-103.814
443.738,-98.573
443.749,-97.266
443.760,-102.397
443.771,-98.725
443.782,-97.977
443.793,-102.160
443.804,-98.598
443.814,-97.094
443.825,-99.782
443.836,-102.370
443.847,-99.008
443.858,-100.869
443.869,-101.657
443.879,-100.487
443.890,-100.688
443.901,-97.961
443.912,-100.102
443.923,-102.513
443.934,-105.539
443.945,-105.054
443.955,-103.333
443.966,-104.327
443.977,-102.376
443.988,-102.442
443.999,-101.697
444.010,-98.851
444.020,-98.556
444.031,-104.332
444.042,-97.051
444.053,-95.430
444.064,-100.275
444.075,-98.645
444.086,-94.032
444.096,-97.257
444.107,-96.280
444.118,-92.885
444.129,-95.164
444.140,-97.961
444.151,-91.949
444.161,-93.628
444.172,-98.745
444.183,-91.634
444.194,-92.600
444.205,-104.016
444.216,-92.376
444.227,-92.630
444.237,-97.713
444.248,-93.373
444.259,-93.148
444.270,-102.028
444.281,-92.498
444.292,-92.137
444.303,-102.013
444.313,-94.985
444.324,-93.749
444.335,-99.063
444.346,-95.680
444.357,-93.632
444.368,-98.823
444.378,-97.945
444.389,-93.422
444.400,-96.345
444.411,-97.681
444.422,-93.239
444.433,-96.232
444.444,-98.967
444.454,-91.307
444.465,-92.455
444.476,-99.962
444.487,-91.521
444.498,-92.436
444.509,-99.777
444.519,-91.388
444.530,-91.534
444.541,-101.877
444.552,-91.109
444.563,-90.754
444.574,-99.987
444.585,-93.561
444.595,-93.113
444.606,-100.019
444.617,-97.828
444.628,-96.047
444.639,-99.751
444.650,-103.440
444.661,-101.893
444.671,-99.014
444.682,-97.070
444.693,-102.258
444.704,-105.093
444.715,-101.987
444.726,-97.378
444.736,-99.754
444.747,-101.902
444.758,-96.093
444.769,-97.803
444.780,-100.347
444.791,-92.808
444.802,-93.830
444.812,-104.838
444.823,-93.659
444.834,-93.730
444.845,-102.855
444.856,-94.242
444.867,-94.343
444.877,-102.598
444.888,-95.349
444.899,-94.441
444.910,-99.319
444.910,-100.831
444.921,-95.364
444.932,-95.079
444.943,-98.185
444.953,-97.000
444.964,-95.077
444.975,-99.467
444.986,-95.854
444.997,-93.130
445.008,-94.791
445.018,-96.269
445.029,-90.878
445.040,-93.530
445.051,-96.705
445.062,-88.884
445.073,-89.319
445.084,-96.610
445.094,-87.871
445.105,-88.236
445.116,-101.151
445.127,-88.497
445.138,-88.504
445.149,-98.691
445.159,-89.257
445.170,-89.148
445.181,-100.626
445.192,-88.395
445.203,-88.310
445.214,-97.691
445.225,-93.360
445.235,-92.214
445.246,-97.322
445.257,-91.333
445.268,-88.295
445.279,-94.051
445.290,-91.583
445.301,-86.475
445.311,-90.554
445.322,-89.672
445.333,-84.798
445.344,-87.336
445.355,-88.753
445.366,-80.506
445.376,-81.742
445.387,-90.739
445.398,-79.167
445.409,-79.453
445.420,-90.608
445.431,-79.670
445.442,-79.949
445.452,-86.956
445.463,-71.163
445.474,-70.992
445.485,-83.556
445.496,-82.548
445.507,-81.628
445.517,-93.057
445.528,-84.013
445.539,-83.137
445.550,-90.630
445.561,-85.394
445.572,-83.904
445.583,-88.020
445.593,-89.387
445.604,-86.955
445.615,-90.440
445.626,-94.953
445.637,-88.464
445.648,-88.215
445.659,-91.788
445.669,-92.585
445.680,-93.398
445.691,-96.841
445.702,-89.823
445.713,-90.165
445.724,-96.546
445.734,-88.644
445.745,-88.917
445.756,-98.322
445.767,-85.976
445.778,-85.997
445.789,-100.608
445.800,-86.213
445.810,-85.716
445.821,-96.168
445.832,-86.771
445.843,-85.174
445.854,-91.731
445.865,-86.946
445.875,-85.029
445.886,-91.334
445.897,-89.083
445.908,-85.805
445.919,-90.401
445.930,-93.010
445.941,-86.991
445.951,-89.166
445.962,-95.101
445.973,-88.798
445.984,-90.375
445.995,-98.277
446.006,-88.532
446.016,-88.755
446.027,-100.090
446.038,-89.000
446.049,-88.983
446.060,-100.721
446.071,-89.353
446.082,-89.160
446.092,-99.218
446.103,-89.901
446.114,-89.662
446.125,-97.534
446.136,-90.293
446.147,-89.529
446.158,-93.730
446.168,-91.334
446.179,-89.191
446.190,-93.742
446.201,-94.060
446.212,-91.228
446.223,-93.982
446.233,-95.249
446.244,-90.980
446.255,-94.520
446.266,-98.341
446.277,-92.761
446.288,-94.638
446.299,-102.503
446.309,-94.374
446.320,-94.882
446.331,-103.195
446.342,-96.958
446.353,-97.268
446.364,-103.174
446.374,-98.418
446.385,-98.559
446.396,-107.362
446.407,-102.407
446.418,-100.948
446.429,-103.764
446.440,-100.696
446.450,-100.472
446.461,-105.828
446.472,-101.719
446.483,-101.357
446.494,-104.473
446.505,-102.609
446.515,-99.699
446.526,-101.239
446.537,-101.827
446.548,-100.796
446.559,-104.800
446.570,-102.115
446.581,-99.364
446.591,-100.664
446.602,-100.612
446.613,-95.922
446.624,-96.351
446.635,-102.406
446.646,-96.399
446.656,-96.381
446.667,-103.197
446.678,-98.310
446.689,-98.239
446.700,-106.516
446.711,-98.357
446.722,-97.259
446.732,-105.213
446.743,-99.303
446.754,-98.669
446.765,-103.206
446.776,-101.243
446.787,-100.660
446.798,-104.542
446.808,-104.509
446.819,-103.783
446.830,-103.904
446.841,-103.105
446.852,-106.739
446.863,-102.614
446.873,-102.714
446.884,-101.885
446.895,-102.198
446.906,-104.163
446.917,-102.233
446.928,-103.045
446.939,-106.460
446.949,-99.490
446.960,-97.500
446.971,-92.848
446.982,-93.250
446.993,-96.616
447.004,-102.408
447.014,-100.322
447.025,-100.643
447.036,-101.969
447.047,-103.516
447.058,-101.668
447.069,-102.227
447.080,-102.668
447.090,-104.391
447.101,-104.588
447.112,-106.174
447.123,-103.179
447.134,-101.415
447.145,-98.842
447.156,-99.295
447.166,-102.012
447.177,-106.624
447.188,-104.314
447.199,-102.986
447.210,-104.119
447.221,-102.483
447.231,-100.892
447.242,-100.611
447.253,-102.092
447.264,-105.379
447.275,-104.678
447.286,-101.171
447.297,-101.165
447.307,-102.692
447.318,-99.261
447.329,-99.207
447.340,-106.177
447.351,-102.985
447.362,-99.379
447.372,-101.056
447.383,-101.644
447.394,-99.408
447.405,-104.054
447.416,-102.903
447.427,-99.075
447.438,-102.570
447.448,-106.085
447.459,-99.191
447.470,-100.884
447.481,-101.588
447.492,-100.666
447.503,-101.730
447.513,-102.054
447.524,-99.051
447.535,-99.453
447.546,-101.726
447.557,-99.810
447.568,-99.988
447.579,-104.776
447.589,-100.951
447.600,-100.852
447.611,-104.831
447.622,-103.363
447.633,-101.065
447.644,-102.556
447.654,-101.173
447.665,-99.835
447.676,-99.834
447.687,-101.740
447.698,-100.112
447.709,-105.490
447.720,-103.174
447.730,-100.353
447.741,-102.950
447.752,-104.803
447.763,-102.795
447.774,-105.145
447.785,-103.803
447.796,-100.597
447.806,-100.874
447.817,-101.099
447.828,-99.866
447.839,-103.733
447.850,-104.469
447.861,-102.061
447.871,-102.384
447.882,-103.445
447.893,-100.578
447.904,-100.492
447.915,-104.676
447.926,-104.329
447.937,-104.103
447.947,-105.430
447.958,-104.776
447.969,-103.795
447.980,-102.523
447.991,-103.806
448.002,-102.990
448.012,-106.109
448.023,-103.743
448.034,-101.765
448.045,-105.436
448.056,-105.925
448.067,-103.851
448.078,-105.926
448.088,-103.618
448.099,-101.503
448.110,-104.782
448.121,-104.645
448.132,-105.607
448.143,-102.040
448.154,-102.350
448.164,-104.079
448.175,-105.217
448.186,-103.487
448.197,-103.331
448.208,-102.269
448.219,-105.082
448.229,-101.316
448.240,-101.359
448.251,-101.732
448.262,-103.469
448.273,-101.683
448.284,-101.691
448.295,-101.843
448.305,-99.977
448.316,-100.783
448.327,-100.959
448.338,-100.214
448.349,-101.346
448.360,-102.985
448.370,-101.710
448.381,-100.287
448.392,-100.343
448.403,-99.669
448.414,-99.856
448.425,-102.596
448.436,-98.679
448.446,-99.860
448.457,-97.691
448.468,-94.628
448.479,-96.412
448.490,-102.775
448.501,-100.958
448.511,-98.604
448.522,-104.255
448.533,-103.657
448.544,-100.847
448.555,-99.016
448.566,-100.413
448.577,-100.692
448.587,-100.435
448.598,-103.237
448.609,-103.707
448.620,-101.806
448.631,-101.705
448.642,-101.841
448.652,-102.587
448.663,-102.650
448.674,-104.275
448.685,-103.746
448.696,-99.944
448.707,-100.451
448.718,-103.907
448.728,-104.075
448.739,-102.946
448.750,-103.126
448.761,-102.632
448.772,-102.317
448.783,-103.940
448.794,-106.009
448.804,-106.373
448.815,-103.590
448.826,-103.597
448.837,-105.399
448.848,-104.303
448.859,-106.724
448.869,-103.254
448.880,-102.993
448.891,-106.152
448.902,-106.091
448.913,-105.981
448.924,-102.414
448.935,-101.633
448.945,-104.378
448.956,-104.011
448.967,-104.852
448.978,-105.892
448.989,-107.957
449.000,-104.335
449.010,-103.091
449.021,-97.106
449.032,-97.188
449.043,-102.688
449.054,-105.573
449.065,-106.249
449.076,-101.278
449.086,-101.387
449.097,-103.217
449.108,-103.085
449.119,-103.838
449.130,-104.331
449.141,-104.500
449.151,-105.005
449.162,-106.072
449.173,-101.928
449.184,-100.651
449.195,-104.779
449.206,-105.568
449.217,-103.357
449.227,-104.927
449.238,-107.631
449.249,-103.241
449.260,-104.579
449.271,-104.339
449.282,-100.212
449.293,-100.549
449.303,-104.081
449.314,-102.004
449.325,-103.523
449.336,-101.400
449.347,-100.667
449.358,-101.624
449.368,-101.699
449.379,-100.844
449.390,-101.118
449.401,-108.335
449.412,-101.618
449.423,-100.870
449.434,-103.842
449.444,-103.461
449.455,-103.050
449.466,-104.999
449.477,-102.094
449.488,-102.683
449.499,-104.456
449.509,-105.150
449.520,-106.304
449.531,-106.468
449.542,-102.426
449.553,-103.856
449.564,-105.812
449.575,-105.052
449.585,-106.794
449.596,-108.283
449.607,-106.018
449.618,-104.076
449.629,-103.818
449.640,-104.573
449.651,-106.883
449.661,-103.600
449.672,-103.163
449.683,-103.292
449.694,-106.668
449.705,-106.111
449.716,-104.334
449.726,-104.138
449.737,-107.491
449.748,-105.801
449.759,-102.198
449.770,-101.997
449.781,-101.972
449.792,-100.532
449.802,-101.006
449.813,-104.196
449.824,-103.308
449.835,-103.409
449.846,-103.877
449.857,-101.011
449.867,-99.859
449.878,-97.535
449.889,-97.721
449.900,-102.115
449.900,-104.157
449.911,-103.588
449.922,-104.444
449.933,-104.419
449.943,-104.052
449.954,-103.368
449.965,-103.213
449.976,-104.543
449.987,-103.447
449.998,-97.418
450.008,-97.506
450.019,-101.999
450.030,-100.231
450.041,-99.250
450.052,-97.521
450.063,-101.591
450.074,-101.937
450.084,-103.981
450.095,-103.852
450.106,-107.143
450.117,-104.789
450.128,-102.599
450.139,-103.870
450.149,-104.692
450.160,-104.427
450.171,-102.996
450.182,-105.527
450.193,-105.693
450.204,-107.121
450.215,-105.632
450.225,-102.974
450.236,-102.354
450.247,-105.550
450.258,-105.094
450.269,-100.463
450.280,-101.304
450.291,-103.584
450.301,-106.368
450.312,-103.189
450.323,-102.421
450.334,-105.204
450.345,-103.598
450.356,-106.203
450.366,-105.229
450.377,-105.835
450.388,-105.144
450.399,-104.164
450.410,-105.867
450.421,-104.904
450.432,-103.349
450.442,-104.282
450.453,-103.240
450.464,-102.314
450.475,-103.566
450.486,-108.022
450.497,-104.767
450.507,-104.966
450.518,-106.063
450.529,-104.312
450.540,-105.430
450.551,-109.029
450.562,-103.243
450.573,-104.130
450.583,-103.178
450.594,-103.228
450.605,-106.447
450.616,-106.318
450.627,-107.060
450.638,-105.878
450.649,-106.704
450.659,-105.129
450.670,-104.563
450.681,-107.382
450.692,-105.181
450.703,-104.303
450.714,-106.965
450.724,-110.689
450.735,-107.464
450.746,-105.869
450.757,-105.912
450.768,-104.748
450.779,-104.449
450.790,-104.637
450.800,-104.160
450.811,-103.576
450.822,-106.186
450.833,-106.606
450.844,-106.609
450.855,-107.313
450.865,-104.743
450.876,-106.518
450.887,-108.197
450.898,-106.679
450.909,-106.269
450.920,-106.195
450.931,-104.821
450.941,-106.899
450.952,-107.284
450.963,-104.670
450.974,-104.968
450.985,-108.588
450.996,-106.219
451.006,-106.269
451.017,-107.710
451.028,-107.618
451.039,-107.055
451.050,-106.955
451.061,-108.836
451.072,-108.588
451.082,-109.294
451.093,-105.914
451.104,-105.941
451.115,-106.504
451.126,-108.919
451.137,-106.088
451.147,-106.044
451.158,-105.887
451.169,-104.719
451.180,-104.516
451.191,-104.451
451.202,-99.833
451.213,-99.230
451.223,-97.302
451.234,-98.904
451.245,-100.126
451.256,-100.351
451.267,-99.696
451.278,-97.382
451.289,-91.031
451.299,-91.492
451.310,-100.206
451.321,-99.829
451.332,-100.676
451.343,-101.606
451.354,-100.472
451.364,-103.048
451.375,-100.947
451.386,-101.341
451.397,-106.915
451.408,-105.488
451.419,-104.890
451.430,-105.651
451.440,-103.990
451.451,-104.656
451.462,-106.697
451.473,-103.740
451.484,-104.380
451.495,-107.122
451.505,-105.203
451.516,-105.118
451.527,-106.322
451.538,-106.069
451.549,-105.105
451.560,-104.771
451.571,-108.783
451.581,-103.833
451.592,-105.891
451.603,-104.356
451.614,-105.180
451.625,-108.814
451.636,-108.014
451.647,-104.534
451.657,-103.210
451.668,-105.821
451.679,-107.687
451.690,-106.457
451.701,-105.228
451.712,-104.775
451.722,-105.021
451.733,-106.061
451.744,-103.467
451.755,-102.684
451.766,-101.699
451.777,-98.073
451.788,-98.585
451.798,-104.506
451.809,-104.326
451.820,-103.499
451.831,-105.344
451.842,-104.769
451.853,-105.820
451.863,-105.226
451.874,-105.603
451.885,-105.778
451.896,-107.535
451.907,-103.242
451.918,-102.939
451.929,-107.307
451.939,-107.061
451.950,-107.126
451.961,-107.709
451.972,-107.531
451.983,-104.740
451.994,-105.688
452.004,-105.853
452.015,-107.364
452.026,-107.752
452.037,-107.871
452.048,-106.334
452.059,-106.238
452.070,-103.817
452.080,-104.891
452.091,-103.910
452.102,-103.634
452.113,-107.272
452.124,-108.290
452.135,-107.357
452.146,-105.497
452.156,-106.885
452.167,-108.796
452.178,-104.066
452.189,-105.774
452.200,-103.817
452.211,-104.263
452.221,-104.129
452.232,-106.197
452.243,-108.296
452.254,-103.441
452.265,-102.285
452.276,-104.575
452.287,-106.215
452.297,-108.890
452.308,-107.375
452.319,-105.726
452.330,-105.855
452.341,-109.411
452.352,-108.936
452.362,-107.903
452.373,-108.582
452.384,-106.147
452.395,-104.248
452.406,-105.431
452.417,-104.108
452.428,-105.315
452.438,-105.511
452.449,-108.234
452.460,-108.114
452.471,-106.184
452.482,-102.454
452.493,-103.588
452.503,-103.765
452.514,-109.832
452.525,-105.385
452.536,-102.342
452.547,-106.634
452.558,-104.255
452.569,-104.560
452.579,-105.342
452.590,-104.677
452.601,-104.711
452.612,-104.707
452.623,-104.859
452.634,-108.434
452.644,-100.857
452.655,-100.115
452.666,-101.975
452.677,-102.413
452.688,-103.123
452.699,-104.501
452.710,-102.545
452.720,-102.700
452.731,-105.125
452.742,-101.966
452.753,-101.941
452.764,-103.951
452.775,-102.603
452.786,-102.051
452.796,-102.067
452.807,-103.492
452.818,-103.547
452.829,-106.797
452.840,-104.496
452.851,-105.044
452.861,-105.140
452.872,-105.566
452.883,-104.898
452.894,-103.841
452.905,-104.392
452.916,-105.163
452.927,-105.132
452.937,-104.568
452.948,-104.356
452.959,-105.530
452.970,-105.604
452.981,-104.267
452.992,-104.175
453.002,-105.072
453.013,-102.837
453.024,-108.412
453.035,-107.462
453.046,-104.041
453.057,-104.162
453.068,-105.108
453.078,-105.230
453.089,-107.132
453.100,-105.250
453.111,-100.925
453.122,-101.394
453.133,-106.224
453.144,-104.107
453.154,-105.862
453.165,-105.762
453.176,-107.349
453.187,-106.360
453.198,-106.183
453.209,-103.469
453.219,-106.478
453.230,-104.060
453.241,-103.671
453.252,-102.790
453.263,-103.759
453.274,-102.665
453.285,-102.907
453.295,-103.837
453.306,-102.643
453.317,-102.867
453.328,-102.883
453.339,-106.209
453.350,-101.578
453.360,-102.275
453.371,-102.650
453.382,-105.191
453.393,-104.342
453.404,-104.768
453.415,-104.838
453.426,-108.013
453.436,-105.782
453.447,-105.578
453.458,-102.277
453.469,-102.776
453.480,-107.251
453.491,-108.881
453.501,-104.480
453.512,-105.361
453.523,-106.188
453.534,-98.026
453.545,-97.844
453.556,-103.548
453.567,-110.282
453.577,-104.011
453.588,-104.718
453.599,-105.419
453.610,-100.561
453.621,-98.660
453.632,-99.720
453.642,-105.031
453.653,-105.742
453.664,-101.859
453.675,-101.823
453.686,-104.815
453.697,-98.913
453.708,-98.869
453.718,-105.753
453.729,-106.488
453.740,-106.555
453.751,-105.714
453.762,-104.921
453.773,-101.553
453.784,-100.891
453.794,-105.352
453.805,-103.252
453.816,-102.015
453.827,-103.967
453.838,-105.568
453.849,-97.643
453.859,-97.195
453.870,-101.638
453.881,-104.435
453.892,-102.719
453.903,-101.305
453.914,-99.169
453.925,-101.408
453.935,-95.953
453.946,-95.795
453.957,-102.661
453.968,-106.065
453.979,-103.833
453.990,-103.654
454.000,-103.615
454.011,-99.252
454.022,-96.895
454.033,-99.908
454.044,-103.475
454.055,-105.333
454.066,-100.377
454.076,-99.794
454.087,-100.329
454.098,-98.681
454.109,-100.611
454.120,-99.417
454.131,-100.701
454.142,-101.556
454.152,-106.751
454.163,-103.567
454.174,-102.049
454.185,-100.998
454.196,-102.212
454.207,-102.328
454.217,-105.750
454.228,-105.838
454.239,-104.621
454.250,-99.665
454.261,-98.308
454.272,-103.464
454.283,-104.665
454.293,-102.335
454.304,-101.107
454.315,-104.748
454.326,-103.398
454.337,-102.924
454.348,-103.328
454.358,-103.510
454.369,-102.998
454.380,-103.514
454.391,-103.316
454.402,-103.579
454.413,-103.728
454.424,-101.777
454.434,-103.639
454.445,-105.657
454.456,-103.852
454.467,-103.351
454.478,-103.281
454.489,-102.266
454.499,-103.507
454.510,-102.624
454.521,-102.518
454.532,-106.278
454.543,-101.935
454.554,-102.121
454.565,-104.517
454.575,-103.412
454.586,-102.991
454.597,-101.686
454.608,-102.155
454.619,-105.333
454.630,-103.974
454.640,-98.987
454.651,-94.777
454.662,-96.078
454.673,-98.667
454.684,-104.225
454.695,-104.520
454.706,-104.091
454.716,-104.135
454.727,-103.052
454.738,-101.593
454.749,-104.876
454.760,-105.194
454.771,-103.528
454.782,-103.540
454.792,-102.606
454.803,-102.525
454.814,-102.761
454.825,-102.698
454.836,-105.709
454.847,-108.433
454.857,-106.947
454.868,-106.763
454.879,-105.388
454.890,-104.331
454.890,-100.332
454.901,-100.261
454.912,-102.710
454.923,-104.246
454.933,-101.543
454.944,-101.769
454.955,-101.322
454.966,-102.519
454.977,-99.475
454.988,-103.132
454.998,-105.177
455.009,-102.209
455.020,-102.220
455.031,-106.028
455.042,-102.547
455.053,-97.641
455.064,-98.485
455.074,-107.478
455.085,-103.964
455.096,-104.963
455.107,-106.438
455.118,-102.697
455.129,-100.289
455.139,-99.783
455.150,-100.832
455.161,-102.603
455.172,-103.836
455.183,-104.724
455.194,-105.827
455.205,-98.666
455.215,-98.646
455.226,-104.154
455.237,-100.514
455.248,-101.454
455.259,-107.750
455.270,-104.411
455.281,-103.268
455.291,-102.539
455.302,-98.953
455.313,-99.585
455.324,-106.053
455.335,-104.580
455.346,-99.875
455.356,-99.432
455.367,-104.710
455.378,-104.823
455.389,-101.564
455.400,-105.623
455.411,-106.486
455.422,-107.682
455.432,-102.513
455.443,-102.356
455.454,-100.700
455.465,-101.910
455.476,-107.020
455.487,-103.081
455.497,-105.183
455.508,-102.145
455.519,-102.125
455.530,-99.209
455.541,-102.281
455.552,-105.048
455.563,-105.471
455.573,-105.622
455.584,-105.698
455.595,-104.275
455.606,-101.448
455.617,-101.698
455.628,-103.656
455.639,-107.894
455.649,-105.582
455.660,-103.112
455.671,-105.048
455.682,-102.258
455.693,-101.019
455.704,-102.503
455.714,-102.404
455.725,-106.745
455.736,-109.386
455.747,-103.571
455.758,-103.013
455.769,-103.412
455.780,-103.469
455.790,-103.737
455.801,-107.863
455.812,-109.130
455.823,-108.184
455.834,-103.621
455.845,-97.597
455.855,-97.334
455.866,-105.342
455.877,-107.191
455.888,-105.757
455.899,-102.611
455.910,-99.122
455.921,-98.996
455.931,-99.888
455.942,-102.327
455.953,-102.794
455.964,-102.649
455.975,-103.627
455.986,-104.473
455.996,-98.203
456.007,-98.352
456.018,-102.489
456.029,-104.316
456.040,-106.843
456.051,-103.193
456.062,-103.991
456.072,-106.056
456.083,-104.350
456.094,-102.779
456.105,-103.817
456.116,-109.674
456.127,-110.706
456.137,-108.729
456.148,-105.359
456.159,-102.382
456.170,-100.448
456.181,-100.961
456.192,-100.472
456.203,-103.956
456.213,-105.397
456.224,-105.029
456.235,-106.038
456.246,-101.297
456.257,-103.250
456.268,-107.135
456.279,-108.803
456.289,-110.300
456.300,-110.397
456.311,-105.541
456.322,-102.529
456.333,-105.206
456.344,-107.242
456.354,-105.536
456.365,-106.576
456.376,-108.682
456.387,-107.003
456.398,-106.510
456.409,-106.547
456.420,-108.285
456.430,-105.275
456.441,-103.944
456.452,-102.702
456.463,-107.148
456.474,-105.130
456.485,-103.739
456.495,-105.868
456.506,-106.411
456.517,-106.468
456.528,-107.403
456.539,-104.453
456.550,-105.288
456.561,-103.303
456.571,-101.865
456.582,-105.544
456.593,-107.044
456.604,-105.924
456.615,-107.415
456.626,-105.471
456.637,-101.116
456.647,-100.136
456.658,-103.514
456.669,-106.343
456.680,-106.545
456.691,-108.978
456.702,-108.586
456.712,-107.074
456.723,-103.726
456.734,-104.182
456.745,-102.252
456.756,-101.899
456.767,-107.319
456.778,-107.343
456.788,-110.074
456.799,-102.231
456.810,-102.200
456.821,-106.504
456.832,-101.897
456.843,-101.445
456.853,-102.429
456.864,-102.070
456.875,-100.412
456.886,-101.022
456.897,-99.883
456.908,-99.766
456.919,-99.608
456.929,-94.198
456.940,-93.730
456.951,-99.629
456.962,-101.549
456.973,-100.893
456.984,-101.231
456.994,-101.309
457.005,-100.505
457.016,-102.206
457.027,-103.496
457.038,-102.225
457.049,-100.219
457.060,-102.358
457.070,-107.637
457.081,-104.510
457.092,-104.389
457.103,-109.508
457.114,-102.231
457.125,-100.216
457.135,-103.538
457.146,-107.028
457.157,-105.464
457.168,-107.319
457.179,-107.550
457.190,-100.621
457.201,-98.862
457.211,-100.166
457.222,-105.254
457.233,-105.045
457.244,-103.014
457.255,-103.994
457.266,-106.118
457.277,-103.833
457.287,-104.274
457.298,-110.129
457.309,-107.248
457.320,-105.481
457.331,-103.030
457.342,-104.303
457.352,-102.252
457.363,-100.554
457.374,-102.415
457.385,-103.687
457.396,-103.626
457.407,-105.180
457.418,-95.595
457.428,-95.513
457.439,-97.951
457.450,-98.402
457.461,-104.130
457.472,-103.685
457.483,-102.380
457.493,-101.274
457.504,-103.012
457.515,-98.570
457.526,-98.586
457.537,-102.918
457.548,-102.945
457.559,-105.373
457.569,-105.030
457.580,-103.090
457.591,-103.253
457.602,-99.695
457.613,-101.969
457.624,-103.370
457.635,-103.523
457.645,-104.685
457.656,-105.033
457.667,-105.527
457.678,-103.872
457.689,-103.842
457.700,-106.445
457.710,-104.711
457.721,-105.842
457.732,-104.536
457.743,-105.426
457.754,-101.102
457.765,-100.891
457.776,-103.524
457.786,-103.234
457.797,-102.474
457.808,-103.743
457.819,-102.570
457.830,-99.898
457.841,-97.165
457.851,-99.955
457.862,-100.690
457.873,-100.683
457.884,-102.469
457.895,-104.397
457.906,-101.692
457.917,-97.850
457.927,-98.017
457.938,-101.859
457.949,-101.911
457.960,-102.306
457.971,-99.713
457.982,-104.695
457.992,-102.929
458.003,-101.829
458.014,-103.724
458.025,-103.404
458.036,-102.166
458.047,-102.220
458.058,-103.858
458.068,-103.827
458.079,-101.081
458.090,-101.999
458.101,-101.402
458.112,-103.102
458.123,-104.450
458.134,-104.347
458.144,-105.587
458.155,-98.347
458.166,-98.256
458.177,-104.206
458.188,-103.569
458.199,-103.294
458.209,-102.881
458.220,-104.049
458.231,-101.294
458.242,-100.940
458.253,-104.860
458.264,-100.261
458.275,-100.271
458.285,-105.764
458.296,-101.158
458.307,-101.574
458.318,-101.667
458.329,-104.601
458.340,-103.460
458.350,-102.312
458.361,-104.209
458.372,-104.389
458.383,-102.162
458.394,-99.695
458.405,-100.374
458.416,-102.457
458.426,-104.297
458.437,-101.764
458.448,-103.325
458.459,-107.283
458.470,-98.877
458.481,-97.828
458.491,-102.746
458.502,-105.019
458.513,-105.074
458.524,-104.252
458.535,-101.814
458.546,-99.184
458.557,-99.488
458.567,-104.996
458.578,-104.473
458.589,-101.669
458.600,-101.377
458.611,-103.595
458.622,-104.530
458.632,-103.286
458.643,-102.165
458.654,-107.874
458.665,-106.392
458.676,-107.023
458.687,-106.133
458.698,-103.281
458.708,-99.408
458.719,-98.887
458.730,-104.005
458.741,-103.889
458.752,-103.316
458.763,-107.240
458.774,-101.912
458.784,-100.924
458.795,-99.135
458.806,-103.100
458.817,-105.035
458.828,-101.999
458.839,-100.961
458.849,-106.208
458.860,-103.270
458.871,-103.219
458.882,-103.715
458.893,-103.880
458.904,-106.282
458.915,-98.222
458.925,-98.051
458.936,-102.035
458.947,-100.755
458.958,-100.622
458.969,-102.511
458.980,-107.139
458.990,-104.912
459.001,-104.413
459.012,-105.027
459.023,-104.576
459.034,-100.968
459.045,-101.508
459.056,-101.641
459.066,-104.444
459.077,-102.690
459.088,-101.281
459.099,-101.255
459.110,-105.981
459.121,-104.347
459.132,-104.900
459.142,-102.148
459.153,-101.384
459.164,-102.868
459.175,-101.445
459.186,-101.753
459.197,-103.973
459.207,-103.734
459.218,-99.758
459.229,-97.079
459.240,-99.718
459.251,-99.897
459.262,-97.012
459.273,-98.897
459.283,-101.028
459.294,-103.736
459.305,-104.283
459.316,-106.004
459.327,-106.090
459.338,-105.386
459.348,-102.405
459.359,-100.710
459.370,-101.328
459.381,-105.341
459.392,-103.719
459.403,-105.541
459.414,-106.757
459.424,-104.006
459.435,-103.708
459.446,-102.567
459.457,-102.532
459.468,-104.218
459.479,-103.330
459.489,-102.174
459.500,-102.137
459.511,-98.749
459.522,-100.610
459.533,-101.579
459.544,-106.173
459.555,-105.416
459.565,-106.106
459.576,-102.335
459.587,-99.979
459.598,-100.349
459.609,-104.080
459.620,-103.434
459.630,-102.972
459.641,-102.681
459.652,-102.695
459.663,-102.851
459.674,-102.389
459.685,-104.745
459.696,-105.876
459.706,-106.794
459.717,-102.505
459.728,-102.822
459.739,-100.653
459.750,-96.563
459.761,-96.577
459.772,-102.093
459.782,-102.882
459.793,-104.331
459.804,-105.018
459.815,-101.639
459.826,-100.518
459.837,-102.223
459.847,-104.234
459.858,-103.781
459.869,-105.273
459.880,-106.453
459.880,-106.601
459.891,-102.549
459.902,-101.958
459.913,-100.066
459.923,-102.494
459.934,-102.094
459.945,-102.950
459.956,-104.908
459.967,-104.681
459.978,-102.432
459.988,-101.773
459.999,-102.630
460.010,-102.018
460.021,-102.690
460.032,-101.752
460.043,-97.078
460.054,-95.590
460.064,-98.541
460.075,-99.614
460.086,-101.441
460.097,-105.845
460.108,-104.463
460.119,-105.156
460.130,-105.065
460.140,-106.308
460.151,-101.145
460.162,-102.230
460.173,-103.572
460.184,-102.426
460.195,-102.191
460.205,-105.128
460.216,-105.951
460.227,-100.544
460.238,-101.312
460.249,-103.692
460.260,-105.419
460.271,-105.161
460.281,-104.545
460.292,-104.040
460.303,-105.075
460.314,-103.912
460.325,-103.895
460.336,-99.549
460.346,-100.045
460.357,-105.393
460.368,-103.811
460.379,-99.091
460.390,-97.652
460.401,-102.954
460.412,-101.656
460.422,-102.210
460.433,-103.040
460.444,-107.043
460.455,-106.313
460.466,-103.706
460.477,-102.486
460.487,-99.882
460.498,-101.534
460.509,-101.941
460.520,-100.961
460.531,-102.579
460.542,-102.246
460.553,-100.766
460.563,-100.505
460.574,-104.987
460.585,-102.743
460.596,-105.157
460.607,-102.486
460.618,-98.539
460.628,-96.946
460.639,-99.214
460.650,-105.995
460.661,-107.052
460.672,-104.294
460.683,-104.722
460.694,-102.543
460.704,-95.936
460.715,-96.066
460.726,-104.243
460.737,-102.423
460.748,-103.884
460.759,-106.201
460.770,-103.466
460.780,-98.179
460.791,-98.795
460.802,-109.440
460.813,-103.492
460.824,-103.357
460.835,-106.232
460.845,-99.857
460.856,-97.361
460.867,-98.605
460.878,-103.286
460.889,-106.918
460.900,-105.408
460.911,-104.439
460.921,-101.962
460.932,-100.520
460.943,-102.554
460.954,-104.951
460.965,-105.203
460.976,-104.608
460.986,-103.446
460.997,-103.368
461.008,-102.853
461.019,-97.026
461.030,-96.709
461.041,-101.764
461.052,-104.878
461.062,-103.997
461.073,-103.619
461.084,-103.566
461.095,-104.954
461.106,-102.056
461.117,-102.323
461.127,-102.086
461.138,-105.145
461.149,-101.242
461.160,-100.187
461.171,-100.421
461.182,-100.750
461.193,-102.222
461.203,-104.813
461.214,-105.206
461.225,-101.235
461.236,-101.188
461.247,-105.897
461.258,-99.028
461.269,-96.752
461.279,-98.477
461.290,-101.322
461.301,-98.425
461.312,-101.973
461.323,-103.973
461.334,-102.417
461.344,-102.604
461.355,-106.544
461.366,-100.287
461.377,-99.428
461.388,-103.240
461.399,-109.413
461.410,-108.613
461.420,-101.313
461.431,-101.391
461.442,-95.460
461.453,-94.469
461.464,-102.807
461.475,-103.989
461.485,-103.932
461.496,-103.271
461.507,-102.805
461.518,-92.265
461.529,-92.244
461.540,-104.021
461.551,-105.011
461.561,-101.482
461.572,-98.593
461.583,-95.794
461.594,-89.966
461.605,-91.468
461.616,-102.313
461.627,-103.568
461.637,-102.818
461.648,-102.833
461.659,-93.780
461.670,-90.188
461.681,-92.620
461.692,-104.237
461.702,-103.438
461.713,-101.555
461.724,-102.028
461.735,-93.079
461.746,-90.911
461.757,-96.211
461.768,-102.552
461.778,-103.561
461.789,-101.702
461.800,-102.115
461.811,-91.714
461.822,-89.550
461.833,-97.189
461.843,-102.764
461.854,-101.457
461.865,-100.801
461.876,-97.487
461.887,-87.488
461.898,-86.990
461.909,-92.534
461.919,-97.411
461.930,-100.586
461.941,-103.301
461.952,-97.301
461.963,-80.550
461.974,-80.717
461.984,-96.862
461.995,-95.897
462.006,-97.428
462.017,-97.318
462.028,-94.490
462.039,-89.438
462.050,-90.302
462.060,-97.462
462.071,-98.169
462.082,-101.099
462.093,-97.504
462.104,-94.417
462.115,-88.471
462.125,-90.917
462.136,-99.779
462.147,-99.940
462.158,-103.074
462.169,-100.096
462.180,-92.489
462.191,-90.138
462.201,-94.574
462.212,-103.558
462.223,-103.264
462.234,-103.901
462.245,-103.548
462.256,-94.778
462.267,-94.055
462.277,-100.145
462.288,-102.230
462.299,-98.637
462.310,-100.991
462.321,-100.915
462.332,-90.540
462.342,-90.520
462.353,-99.251
462.364,-103.216
462.375,-102.241
462.386,-104.083
462.397,-103.674
462.408,-93.832
462.418,-94.053
462.429,-102.338
462.440,-102.495
462.451,-97.786
462.462,-97.418
462.473,-100.771
462.483,-94.546
462.494,-95.815
462.505,-100.490
462.516,-100.056
462.527,-99.129
462.538,-99.229
462.549,-98.737
462.559,-96.838
462.570,-99.036
462.581,-94.957
462.592,-97.547
462.603,-101.326
462.614,-98.776
462.625,-99.017
462.635,-97.584
462.646,-100.120
462.657,-105.302
462.668,-101.001
462.679,-100.972
462.690,-105.908
462.700,-104.202
462.711,-103.484
462.722,-106.581
462.733,-108.876
462.744,-107.300
462.755,-104.614
462.766,-102.372
462.776,-97.438
462.787,-97.635
462.798,-105.471
462.809,-103.579
462.820,-104.555
462.831,-107.209
462.841,-104.349
462.852,-101.243
462.863,-102.931
462.874,-105.026
462.885,-105.851
462.896,-108.562
462.907,-106.768
462.917,-105.766
462.928,-98.266
462.939,-98.396
462.950,-104.357
462.961,-104.570
462.972,-105.250
462.982,-99.875
462.993,-100.026
463.004,-96.826
463.015,-98.655
463.026,-101.601
463.037,-106.743
463.048,-99.366
463.058,-94.762
463.069,-91.941
463.080,-93.944
463.091,-101.736
463.102,-102.288
463.113,-103.278
463.123,-103.314
463.134,-103.064
463.145,-97.030
463.156,-96.283
463.167,-101.454
463.178,-104.495
463.189,-104.207
463.199,-104.662
463.210,-105.997
463.221,-100.157
463.232,-100.256
463.243,-106.535
463.254,-100.401
463.265,-102.520
463.275,-106.254
463.286,-104.997
463.297,-97.584
463.308,-98.454
463.319,-105.085
463.330,-104.148
463.340,-106.050
463.351,-106.934
463.362,-102.840
463.373,-97.581
463.384,-98.795
463.395,-106.165
463.406,-101.630
463.416,-101.010
463.427,-104.525
463.438,-103.670
463.449,-99.133
463.460,-102.245
463.471,-106.920
463.481,-106.366
463.492,-104.188
463.503,-105.546
463.514,-101.888
463.525,-101.011
463.536,-103.136
463.547,-103.025
463.557,-103.116
463.568,-100.072
463.579,-100.049
463.590,-100.871
463.601,-101.168
463.612,-105.417
463.623,-106.914
463.633,-106.577
463.644,-102.453
463.655,-101.942
463.666,-104.492
463.677,-106.893
463.688,-109.271
463.698,-107.938
463.709,-106.244
463.720,-104.137
463.731,-99.786
463.742,-100.806
463.753,-108.412
463.764,-106.133
463.774,-103.744
463.785,-105.290
463.796,-107.676
463.807,-100.184
463.818,-100.372
463.829,-107.595
463.839,-106.511
463.850,-108.015
463.861,-104.816
463.872,-105.088
463.883,-102.119
463.894,-101.024
463.905,-107.115
463.915,-105.122
463.926,-106.020
463.937,-108.742
463.948,-106.971
463.959,-100.224
463.970,-97.832
463.980,-99.765
463.991,-104.950
464.002,-105.054
464.013,-108.389
464.024,-103.727
464.035,-100.068
464.046,-100.156
464.056,-106.329
464.067,-106.949
464.078,-101.689
464.089,-102.998
464.100,-103.342
464.111,-102.139
464.122,-99.211
464.132,-98.007
464.143,-103.565
464.154,-104.963
464.165,-104.191
464.176,-104.031
464.187,-104.562
464.197,-101.570
464.208,-99.447
464.219,-101.156
464.230,-110.943
464.241,-107.837
464.252,-103.102
464.263,-101.522
464.273,-103.140
464.284,-100.465
464.295,-101.228
464.306,-107.964
464.317,-105.598
464.328,-104.470
464.338,-100.707
464.349,-103.136
464.360,-97.131
464.371,-96.833
464.382,-105.160
464.393,-106.936
464.404,-102.046
464.414,-102.202
464.425,-105.186
464.436,-104.372
464.447,-103.759
464.458,-105.620
464.469,-105.238
464.479,-99.337
464.490,-99.376
464.501,-101.783
464.512,-105.006
464.523,-98.899
464.534,-98.749
464.545,-104.945
464.555,-103.638
464.566,-100.304
464.577,-100.424
464.588,-103.442
464.599,-103.377
464.610,-104.068
464.620,-109.634
464.631,-104.124
464.642,-104.489
464.653,-102.991
464.664,-103.779
464.675,-105.144
464.686,-100.641
464.696,-100.876
464.707,-102.035
464.718,-104.762
464.729,-108.297
464.740,-109.865
464.751,-105.419
464.762,-100.857
464.772,-100.900
464.783,-102.904
464.794,-104.202
464.805,-104.304
464.816,-104.009
464.827,-104.874
464.837,-102.973
464.848,-101.699
464.859,-103.279
464.870,-105.707
464.870,-104.267
464.881,-107.227
464.892,-106.812
464.903,-102.487
464.913,-101.706
464.924,-98.040
464.935,-98.525
464.946,-104.741
464.957,-105.263
464.968,-105.362
464.978,-105.831
464.989,-104.516
465.000,-100.166
465.011,-100.542
465.022,-102.572
465.033,-106.075
465.044,-105.313
465.054,-105.907
465.065,-107.030
465.076,-101.652
465.087,-100.614
465.098,-103.385
465.109,-106.662
465.120,-108.262
465.130,-107.967
465.141,-100.240
465.152,-100.218
465.163,-100.731
465.174,-100.688
465.185,-105.318
465.195,-109.285
465.206,-103.151
465.217,-103.552
465.228,-106.120
465.239,-106.127
465.250,-105.764
465.261,-105.605
465.271,-108.100
465.282,-105.404
465.293,-101.851
465.304,-101.582
465.315,-102.833
465.326,-101.847
465.336,-105.056
465.347,-105.591
465.358,-105.229
465.369,-103.836
465.380,-105.760
465.391,-100.226
465.402,-95.988
465.412,-97.507
465.423,-104.634
465.434,-104.586
465.445,-102.653
465.456,-103.999
465.467,-105.248
465.477,-102.623
465.488,-102.359
465.499,-104.885
465.510,-101.981
465.521,-102.201
465.532,-101.750
465.543,-103.000
465.553,-99.251
465.564,-97.471
465.575,-101.219
465.586,-103.978
465.597,-102.034
465.608,-102.034
465.618,-102.857
465.629,-102.957
465.640,-100.183
465.651,-101.665
465.662,-102.771
465.673,-104.145
465.684,-104.432
465.694,-101.975
465.705,-101.768
465.716,-102.694
465.727,-102.847
465.738,-101.269
465.749,-101.321
465.760,-102.638
465.770,-103.199
465.781,-103.575
465.792,-101.351
465.803,-99.563
465.814,-98.762
465.825,-98.902
465.835,-102.390
465.846,-102.548
465.857,-104.315
465.868,-103.362
465.879,-103.150
465.890,-99.179
465.901,-99.775
465.911,-102.171
465.922,-100.894
465.933,-104.415
465.944,-101.038
465.955,-98.596
465.966,-99.296
465.976,-104.734
465.987,-103.760
465.998,-103.912
466.009,-103.837
466.020,-97.609
466.031,-98.705
466.042,-101.397
466.052,-100.281
466.063,-99.551
466.074,-100.306
466.085,-103.038
466.096,-101.355
466.107,-100.456
466.118,-101.376
466.128,-102.043
466.139,-104.634
466.150,-99.481
466.161,-99.370
466.172,-103.297
466.183,-103.650
466.193,-101.077
466.204,-101.503
466.215,-101.922
466.226,-103.847
466.237,-104.766
466.248,-103.444
466.259,-104.104
466.269,-100.130
466.280,-97.445
466.291,-100.545
466.302,-105.221
466.313,-101.819
466.324,-102.470
466.334,-103.633
466.345,-104.915
466.356,-102.695
466.367,-102.859
466.378,-103.345
466.389,-106.868
466.400,-105.252
466.410,-105.161
466.421,-104.805
466.432,-105.215
466.443,-107.167
466.454,-104.475
466.465,-104.368
466.475,-104.993
466.486,-105.908
466.497,-105.228
466.508,-99.862
466.519,-98.236
466.530,-102.699
466.541,-105.490
466.551,-103.759
466.562,-104.325
466.573,-108.123
466.584,-102.338
466.595,-101.454
466.606,-101.979
466.616,-103.332
466.627,-106.395
466.638,-105.803
466.649,-104.617
466.660,-101.849
466.671,-102.561
466.682,-103.605
466.692,-102.919
466.703,-100.493
466.714,-99.879
466.725,-101.420
466.736,-104.924
466.747,-103.074
466.758,-100.787
466.768,-102.500
466.779,-101.289
466.790,-100.417
466.801,-101.316
466.812,-103.349
466.823,-100.958
466.833,-96.903
466.844,-96.865
466.855,-97.925
466.866,-102.793
466.877,-102.660
466.888,-99.643
466.899,-99.747
466.909,-98.648
466.920,-94.874
466.931,-92.210
466.942,-90.824
466.953,-91.119
466.964,-92.268
466.974,-92.240
466.985,-94.025
466.996,-94.869
467.007,-95.343
467.018,-101.748
467.029,-102.829
467.040,-103.723
467.050,-101.256
467.061,-101.759
467.072,-95.248
467.083,-95.866
467.094,-104.443
467.105,-104.480
467.115,-103.933
467.126,-102.011
467.137,-100.434
467.148,-96.890
467.159,-96.672
467.170,-102.543
467.181,-103.153
467.191,-102.532
467.202,-97.967
467.213,-97.463
467.224,-98.209
467.235,-98.066
467.246,-98.228
467.257,-98.685
467.267,-102.148
467.278,-100.064
467.289,-100.934
467.300,-100.660
467.311,-98.561
467.322,-98.999
467.332,-99.199
467.343,-102.701
467.354,-102.885
467.365,-100.373
467.376,-101.835
467.387,-95.461
467.398,-95.437
467.408,-102.758
467.419,-100.022
467.430,-97.478
467.441,-99.330
467.452,-101.751
467.463,-103.689
467.473,-101.321
467.484,-100.525
467.495,-99.242
467.506,-99.626
467.517,-98.855
467.528,-101.186
467.539,-102.467
467.549,-99.985
467.560,-99.980
467.571,-103.128
467.582,-100.412
467.593,-99.652
467.604,-102.860
467.615,-99.173
467.625,-99.245
467.636,-100.793
467.647,-102.131
467.658,-101.139
467.669,-101.516
467.680,-102.953
467.690,-101.463
467.701,-101.481
467.712,-98.056
467.723,-100.264
467.734,-99.789
467.745,-102.569
467.756,-99.489
467.766,-95.865
467.777,-94.967
467.788,-97.737
467.799,-98.002
467.810,-99.847
467.821,-100.231
467.831,-100.731
467.842,-101.881
467.853,-103.198
467.864,-103.436
467.875,-101.489
467.886,-101.067
467.897,-101.592
467.907,-101.102
467.918,-100.619
467.929,-105.780
467.940,-98.815
467.951,-97.607
467.962,-99.555
467.972,-102.678
467.983,-99.064
467.994,-99.486
468.005,-101.823
468.016,-100.061
468.027,-99.936
468.038,-100.449
468.048,-104.406
468.059,-106.545
468.070,-102.608
468.081,-102.442
468.092,-103.727
468.103,-100.303
468.113,-100.701
468.124,-102.120
468.135,-101.259
468.146,-105.656
468.157,-105.409
468.168,-105.859
468.179,-104.180
468.189,-106.405
468.200,-106.387
468.211,-103.290
468.222,-99.368
468.233,-99.178
468.244,-104.337
468.255,-104.427
468.265,-102.275
468.276,-100.251
468.287,-102.703
468.298,-103.169
468.309,-105.912
468.320,-100.843
468.330,-103.120
468.341,-99.720
468.352,-99.591
468.363,-104.503
468.374,-105.085
468.385,-105.108
468.396,-104.975
468.406,-105.204
468.417,-102.601
468.428,-100.421
468.439,-103.417
468.450,-108.286
468.461,-104.737
468.471,-97.289
468.482,-97.458
468.493,-103.461
468.504,-100.708
468.515,-100.923
468.526,-106.473
468.537,-106.644
468.547,-104.204
468.558,-102.552
468.569,-102.809
468.580,-107.928
468.591,-108.482
468.602,-109.861
468.613,-100.767
468.623,-101.641
468.634,-99.142
468.645,-99.763
468.656,-98.069
468.667,-99.241
468.678,-101.895
468.688,-101.234
468.699,-94.290
468.710,-92.230
468.721,-92.410
468.732,-96.674
468.743,-98.297
468.754,-99.083
468.764,-99.546
468.775,-100.454
468.786,-99.168
468.797,-99.865
468.808,-103.418
468.819,-97.951
468.829,-98.004
468.840,-106.189
468.851,-103.714
468.862,-106.132
468.873,-106.493
468.884,-105.131
468.895,-103.869
468.905,-102.192
468.916,-104.209
468.927,-109.286
468.938,-108.942
468.949,-103.530
468.960,-101.681
468.970,-102.862
468.981,-108.495
468.992,-106.423
469.003,-103.616
469.014,-105.434
469.025,-107.548
469.036,-108.070
469.046,-107.239
469.057,-103.772
469.068,-103.265
469.079,-107.198
469.090,-106.533
469.101,-105.100
469.111,-104.709
469.122,-104.740
469.133,-103.783
469.144,-99.054
469.155,-102.715
469.166,-106.277
469.177,-102.922
469.187,-103.179
469.198,-102.484
469.209,-102.884
469.220,-100.574
469.231,-100.735
469.242,-109.233
469.253,-105.530
469.263,-105.818
469.274,-106.983
469.285,-106.030
469.296,-101.165
469.307,-99.518
469.318,-105.898
469.328,-106.288
469.339,-107.174
469.350,-103.533
469.361,-105.168
469.372,-105.905
469.383,-106.351
469.394,-107.644
469.404,-106.607
469.415,-108.066
469.426,-105.218
469.437,-104.123
469.448,-104.822
469.459,-106.386
469.469,-106.897
469.480,-107.082
469.491,-105.887
469.502,-108.739
469.513,-107.020
469.524,-107.359
469.535,-103.383
469.545,-103.368
469.556,-106.999
469.567,-105.512
469.578,-105.565
469.589,-108.829
469.600,-104.558
469.611,-104.410
469.621,-100.516
469.632,-102.165
469.643,-104.812
469.654,-104.451
469.665,-107.400
469.676,-105.211
469.686,-105.105
469.697,-97.848
469.708,-97.977
469.719,-103.457
469.730,-103.160
469.741,-104.426
469.752,-104.803
469.762,-107.216
469.773,-101.742
469.784,-99.151
469.795,-101.386
469.806,-104.451
469.817,-105.152
469.827,-106.465
469.838,-106.666
469.849,-105.130
469.860,-102.256
469.860,-102.791
469.871,-103.071
469.882,-102.970
469.893,-101.861
469.903,-103.687
469.914,-105.028
469.925,-105.252
469.936,-105.322
469.947,-106.457
469.958,-102.247
469.968,-102.648
469.979,-102.859
469.990,-99.736
470.001,-98.419
470.012,-100.341
470.023,-101.790
470.034,-104.453
470.044,-101.879
470.055,-101.912
470.066,-103.553
470.077,-105.317
470.088,-104.688
470.099,-101.153
470.110,-99.827
470.120,-100.292
470.131,-102.846
470.142,-102.168
470.153,-102.645
470.164,-104.209
470.175,-98.509
470.185,-98.505
470.196,-105.272
470.207,-103.813
470.218,-104.282
470.229,-103.746
470.240,-104.268
470.251,-98.260
470.261,-97.197
470.272,-103.069
470.283,-104.159
470.294,-103.348
470.305,-97.650
470.316,-97.508
470.326,-103.416
470.337,-101.922
470.348,-102.660
470.359,-107.010
470.370,-105.801
470.381,-101.125
470.392,-103.242
470.402,-102.926
470.413,-97.550
470.424,-98.318
470.435,-108.449
470.446,-105.719
470.457,-107.263
470.467,-106.463
470.478,-106.895
470.489,-104.223
470.500,-105.008
470.511,-107.504
470.522,-104.169
470.533,-105.545
470.543,-105.948
470.554,-106.053
470.565,-106.641
470.576,-107.011
470.587,-105.278
470.598,-105.016
470.608,-105.969
470.619,-106.818
470.630,-104.437
470.641,-104.318
470.652,-104.468
470.663,-103.094
470.674,-104.575
470.684,-103.900
470.695,-106.281
470.706,-104.594
470.717,-102.807
470.728,-103.177
470.739,-105.265
470.750,-103.433
470.760,-106.224
470.771,-103.505
470.782,-100.850
470.793,-101.876
470.804,-105.103
470.815,-100.373
470.825,-102.880
470.836,-103.407
470.847,-105.861
470.858,-107.856
470.869,-104.023
470.880,-104.535
470.891,-100.041
470.901,-99.982
470.912,-105.826
470.923,-105.253
470.934,-104.994
470.945,-103.339
470.956,-103.187
470.966,-101.847
470.977,-101.890
470.988,-103.143
470.999,-103.411
471.010,-107.484
471.021,-103.915
471.032,-103.985
471.042,-103.535
471.053,-101.983
471.064,-101.847
471.075,-101.795
471.086,-104.538
471.097,-106.166
471.108,-104.990
471.118,-103.232
471.129,-101.361
471.140,-100.714
471.151,-100.505
471.162,-101.942
471.173,-105.329
471.183,-104.316
471.194,-103.473
471.205,-103.805
471.216,-103.653
471.227,-104.629
471.238,-103.349
471.249,-108.249
471.259,-103.802
471.270,-103.128
471.281,-104.602
471.292,-101.653
471.303,-101.799
471.314,-105.689
471.324,-106.043
471.335,-104.502
471.346,-104.485
471.357,-101.014
471.368,-102.685
471.379,-104.806
471.390,-104.350
471.400,-104.480
471.411,-102.332
471.422,-102.071
471.433,-105.051
471.444,-105.081
471.455,-103.369
471.465,-103.517
471.476,-104.371
471.487,-104.080
471.498,-103.770
471.509,-104.020
471.520,-106.602
471.531,-100.444
471.541,-98.672
471.552,-98.421
471.563,-101.716
471.574,-103.941
471.585,-101.696
471.596,-105.025
471.606,-104.963
471.617,-103.659
471.628,-103.646
471.639,-104.400
471.650,-105.618
471.661,-105.613
471.672,-103.977
471.682,-103.160
471.693,-103.291
471.704,-105.408
471.715,-104.072
471.726,-105.316
471.737,-106.378
471.748,-103.146
471.758,-103.160
471.769,-101.204
471.780,-101.446
471.791,-102.936
471.802,-102.369
471.813,-103.901
471.823,-103.988
471.834,-105.012
471.845,-102.391
471.856,-102.402
471.867,-107.265
471.878,-103.799
471.889,-102.593
471.899,-105.648
471.910,-104.258
471.921,-102.433
471.932,-102.510
471.943,-103.928
471.954,-105.525
471.964,-102.582
471.975,-102.638
471.986,-104.459
471.997,-104.726
472.008,-100.522
472.019,-100.832
472.030,-105.466
472.040,-104.658
472.051,-103.702
472.062,-103.805
472.073,-106.584
472.084,-102.471
472.095,-102.004
472.106,-105.294
472.116,-104.250
472.127,-105.297
472.138,-107.466
472.149,-108.686
472.160,-103.852
472.171,-103.752
472.181,-104.381
472.192,-106.658
472.203,-105.542
472.214,-104.628
472.225,-104.685
472.236,-103.271
472.247,-101.197
472.257,-100.847
472.268,-103.130
472.279,-108.382
472.290,-107.559
472.301,-105.407
472.312,-103.741
472.322,-102.417
472.333,-103.026
472.344,-110.479
472.355,-106.514
472.366,-104.574
472.377,-106.487
472.388,-105.652
472.398,-103.612
472.409,-103.575
472.420,-103.939
472.431,-103.880
472.442,-108.194
472.453,-107.632
472.463,-107.815
472.474,-107.029
472.485,-100.682
472.496,-99.127
472.507,-94.796
472.518,-103.939
472.529,-104.202
472.539,-104.891
472.550,-104.554
472.561,-102.325
472.572,-102.004
472.583,-104.000
472.594,-106.791
472.604,-106.834
472.615,-105.362
472.626,-105.339
472.637,-106.481
472.648,-107.490
472.659,-105.770
472.670,-105.623
472.680,-106.628
472.691,-107.714
472.702,-105.508
472.713,-102.862
472.724,-101.171
472.735,-104.242
472.746,-106.009
472.756,-106.002
472.767,-103.893
472.778,-103.920
472.789,-104.900
472.800,-105.422
472.811,-105.489
472.821,-103.721
472.832,-103.040
472.843,-105.447
472.854,-101.636
472.865,-101.558
472.876,-107.781
472.887,-106.705
472.897,-102.041
472.908,-102.353
472.919,-103.913
472.930,-103.655
472.941,-101.955
472.952,-101.772
472.962,-104.276
472.973,-106.457
472.984,-103.448
472.995,-101.778
473.006,-100.783
473.017,-106.196
473.028,-106.579
473.038,-106.168
473.049,-108.097
473.060,-104.648
473.071,-106.180
473.082,-105.868
473.093,-106.659
473.103,-107.976
473.114,-103.958
473.125,-103.931
473.136,-105.650
473.147,-104.029
473.158,-105.430
473.169,-105.530
473.179,-105.245
473.190,-107.642
473.201,-105.836
473.212,-104.386
473.223,-105.045
473.234,-106.079
473.245,-108.679
473.255,-108.770
473.266,-107.305
473.277,-106.219
473.288,-105.890
473.299,-105.674
473.310,-106.110
473.320,-106.002
473.331,-107.122
473.342,-106.813
473.353,-106.111
473.364,-104.607
473.375,-105.882
473.386,-105.308
473.396,-105.861
473.407,-105.622
473.418,-110.402
473.429,-108.170
473.440,-106.325
473.451,-108.985
473.461,-109.468
473.472,-108.894
473.483,-105.942
473.494,-105.212
473.505,-104.067
473.516,-105.625
473.527,-105.740
473.537,-108.080
473.548,-108.034
473.559,-106.531
473.570,-104.451
473.581,-107.260
473.592,-107.756
473.603,-108.285
473.613,-108.482
473.624,-108.180
473.635,-107.794
473.646,-107.319
473.657,-106.936
473.668,-107.019
473.678,-106.967
473.689,-105.200
473.700,-106.039
473.711,-108.205
473.722,-106.938
473.733,-105.061
473.744,-104.354
473.754,-106.474
473.765,-109.621
473.776,-107.225
473.787,-107.007
473.798,-106.120
473.809,-102.694
473.819,-103.087
473.830,-107.655
473.841,-107.959
473.852,-106.925
473.863,-101.367
473.874,-99.942
473.885,-102.786
473.895,-105.095
473.906,-104.057
473.917,-104.127
473.928,-107.563
473.939,-107.308
473.950,-104.271
473.960,-100.269
473.971,-103.794
473.982,-108.386
473.993,-108.373
474.004,-104.626
474.015,-104.595
474.026,-104.641
474.036,-105.229
474.047,-106.543
474.058,-103.827
474.069,-103.157
474.080,-105.656
474.091,-105.510
474.101,-106.663
474.112,-104.897
474.123,-105.134
474.134,-103.767
474.145,-105.204
474.156,-105.689
474.167,-105.709
474.177,-106.946
474.188,-106.511
474.199,-106.034
474.210,-106.644
474.221,-105.875
474.232,-105.670
474.243,-105.844
474.253,-106.670
474.264,-101.882
474.275,-100.102
474.286,-95.508
474.297,-95.966
474.308,-99.497
474.318,-97.504
474.329,-96.879
474.340,-95.525
474.351,-88.750
474.362,-88.605
474.373,-93.162
474.384,-96.290
474.394,-96.864
474.405,-98.794
474.416,-97.959
474.427,-98.130
474.438,-99.220
474.449,-98.444
474.459,-106.679
474.470,-103.655
474.481,-100.686
474.492,-103.157
474.503,-105.695
474.514,-106.250
474.525,-104.854
474.535,-103.199
474.546,-100.119
474.557,-103.118
474.568,-105.586
474.579,-106.498
474.590,-109.305
474.601,-108.768
474.611,-101.329
474.622,-99.980
474.633,-101.837
474.644,-110.269
474.655,-107.654
474.666,-105.350
474.676,-105.245
474.687,-104.125
474.698,-105.130
474.709,-106.705
474.720,-101.002
474.731,-100.948
474.742,-107.727
474.752,-105.339
474.763,-102.668
474.774,-102.701
474.785,-103.943
474.796,-104.225
474.807,-107.948
474.817,-105.199
474.828,-103.807
474.839,-102.145
474.850,-102.370
474.850,-102.820
474.861,-105.786
474.872,-105.554
474.883,-105.429
474.893,-108.847
474.904,-107.769
474.915,-106.032
474.926,-105.383
474.937,-105.810
474.948,-108.895
474.958,-105.776
474.969,-105.451
474.980,-107.271
474.991,-104.466
475.002,-99.525
475.013,-101.407
475.024,-105.999
475.034,-109.114
475.045,-109.627
475.056,-109.043
475.067,-110.535
475.078,-102.478
475.089,-102.147
475.099,-104.555
475.110,-108.212
475.121,-111.211
475.132,-108.223
475.143,-106.482
475.154,-108.192
475.165,-109.208
475.175,-108.653
475.186,-106.118
475.197,-107.311
475.208,-107.880
475.219,-111.391
475.230,-109.747
475.241,-109.668
475.251,-110.653
475.262,-102.247
475.273,-102.273
475.284,-107.283
475.295,-106.815
475.306,-110.197
475.316,-109.321
475.327,-107.197
475.338,-104.970
475.349,-107.457
475.360,-107.889
475.371,-107.341
475.382,-107.365
475.392,-107.210
475.403,-108.059
475.414,-110.007
475.425,-108.308
475.436,-106.626
475.447,-105.776
475.457,-106.562
475.468,-107.841
475.479,-107.502
475.490,-105.121
475.501,-102.352
475.512,-109.516
475.523,-109.215
475.533,-108.917
475.544,-107.432
475.555,-107.446
475.566,-107.799
475.577,-106.513
475.588,-104.834
475.599,-105.246
475.609,-105.062
475.620,-104.913
475.631,-107.859
475.642,-107.775
475.653,-109.460
475.664,-105.276
475.674,-102.250
475.685,-102.249
475.696,-103.114
475.707,-105.662
475.718,-105.674
475.729,-104.745
475.740,-105.624
475.750,-103.702
475.761,-103.392
475.772,-104.569
475.783,-105.871
475.794,-106.773
475.805,-104.640
475.815,-101.389
475.826,-103.282
475.837,-105.499
475.848,-102.442
475.859,-101.310
475.870,-103.492
475.881,-103.632
475.891,-104.697
475.902,-105.337
475.913,-103.353
475.924,-103.686
475.935,-102.383
475.946,-101.467
475.956,-103.039
475.967,-105.049
475.978,-105.075
475.989,-105.509
476.000,-107.041
476.011,-107.824
476.022,-106.210
476.032,-104.546
476.043,-104.340
476.054,-106.023
476.065,-105.249
476.076,-108.309
476.087,-106.097
476.098,-103.614
476.108,-104.028
476.119,-106.947
476.130,-105.487
476.141,-105.633
476.152,-106.137
476.163,-102.696
476.173,-107.169
476.184,-107.939
476.195,-108.797
476.206,-105.920
476.217,-106.580
476.228,-107.113
476.239,-107.376
476.249,-107.066
476.260,-106.541
476.271,-107.909
476.282,-108.471
476.293,-105.111
476.304,-105.085
476.314,-106.690
476.325,-107.411
476.336,-107.418
476.347,-107.320
476.358,-109.655
476.369,-109.842
476.380,-106.557
476.390,-105.631
476.401,-106.939
476.412,-106.974
476.423,-107.640
476.434,-107.034
476.445,-105.751
476.455,-105.620
476.466,-106.048
476.477,-106.076
476.488,-106.212
476.499,-104.597
476.510,-106.691
476.521,-106.851
476.531,-107.803
476.542,-108.311
476.553,-107.193
476.564,-105.341
476.575,-105.799
476.586,-108.159
476.596,-107.267
476.607,-108.141
476.618,-107.028
476.629,-107.739
476.640,-109.020
476.651,-109.124
476.662,-107.704
476.672,-106.706
476.683,-106.955
476.694,-104.141
476.705,-107.054
476.716,-107.639
476.727,-105.516
476.738,-105.465
476.748,-106.977
476.759,-106.372
476.770,-103.775
476.781,-104.640
476.792,-106.412
476.803,-105.369
476.813,-106.790
476.824,-103.880
476.835,-102.049
476.846,-103.016
476.857,-103.025
476.868,-104.616
476.879,-106.955
476.889,-106.357
476.900,-106.932
476.911,-101.485
476.922,-102.069
476.933,-102.092
476.944,-102.199
476.954,-102.616
476.965,-105.078
476.976,-101.869
476.987,-100.824
476.998,-103.104
477.009,-102.930
477.020,-106.816
477.030,-105.356
477.041,-102.647
477.052,-102.894
477.063,-102.689
477.074,-102.731
477.085,-105.308
477.096,-103.959
477.106,-102.789
477.117,-99.260
477.128,-99.432
477.139,-99.977
477.150,-99.650
477.161,-98.618
477.171,-96.396
477.182,-94.134
477.193,-98.023
477.204,-98.947
477.215,-99.786
477.226,-100.106
477.237,-99.749
477.247,-99.932
477.258,-100.389
477.269,-102.499
477.280,-100.061
477.291,-100.201
477.302,-106.991
477.312,-104.321
477.323,-104.715
477.334,-103.670
477.345,-100.842
477.356,-99.684
477.367,-102.335
477.378,-100.912
477.388,-100.769
477.399,-104.279
477.410,-103.049
477.421,-102.391
477.432,-102.292
477.443,-103.425
477.453,-103.397
477.464,-106.082
477.475,-106.590
477.486,-106.604
477.497,-104.220
477.508,-104.140
477.519,-103.641
477.529,-103.719
477.540,-104.065
477.551,-105.455
477.562,-108.178
477.573,-104.835
477.584,-103.669
477.594,-104.630
477.605,-104.483
477.616,-102.679
477.627,-102.446
477.638,-105.641
477.649,-104.377
477.660,-102.884
477.670,-102.907
477.681,-104.598
477.692,-101.139
477.703,-102.960
477.714,-102.757
477.725,-103.849
477.736,-103.845
477.746,-104.325
477.757,-106.058
477.768,-105.793
477.779,-105.808
477.790,-107.281
477.801,-105.973
477.811,-106.912
477.822,-106.367
477.833,-107.272
477.844,-105.160
477.855,-106.699
477.866,-105.606
477.877,-105.339
477.887,-105.528
477.898,-104.895
477.909,-106.982
477.920,-103.233
477.931,-103.302
477.942,-104.442
477.952,-104.322
477.963,-104.307
477.974,-104.036
477.985,-106.529
477.996,-105.334
478.007,-104.902
478.018,-104.151
478.028,-104.921
478.039,-104.288
478.050,-102.287
478.061,-100.454
478.072,-103.101
478.083,-103.408
478.094,-105.812
478.104,-102.653
478.115,-102.766
478.126,-105.863
478.137,-105.674
478.148,-102.950
478.159,-103.820
478.169,-106.868
478.180,-106.802
478.191,-106.374
478.202,-106.663
478.213,-107.122
478.224,-107.513
478.235,-106.203
478.245,-105.709
478.256,-106.187
478.267,-105.325
478.278,-105.141
478.289,-106.116
478.300,-103.168
478.310,-103.076
478.321,-103.047
478.332,-103.144
478.343,-103.020
478.354,-102.847
478.365,-106.404
478.376,-110.025
478.386,-106.734
478.397,-105.774
478.408,-103.967
478.419,-104.019
478.430,-105.595
478.441,-105.840
478.451,-104.660
478.462,-105.752
478.473,-105.335
478.484,-105.369
478.495,-103.523
478.506,-103.970
478.517,-104.577
478.527,-103.685
478.538,-101.807
478.549,-101.876
478.560,-108.291
478.571,-107.220
478.582,-103.210
478.592,-103.097
478.603,-104.656
478.614,-104.935
478.625,-106.846
478.636,-106.390
478.647,-108.355
478.658,-111.372
478.668,-109.585
478.679,-108.323
478.690,-108.342
478.701,-107.254
478.712,-103.918
478.723,-102.912
478.734,-104.675
478.744,-108.318
478.755,-108.446
478.766,-108.557
478.777,-110.612
478.788,-109.903
478.799,-109.243
478.809,-108.868
478.820,-108.905
478.831,-107.707
478.842,-107.902
478.853,-107.642
478.864,-106.131
478.875,-110.390
478.885,-109.456
478.896,-108.934
478.907,-109.773
478.918,-104.459
478.929,-104.420
478.940,-103.225
478.950,-106.075
478.961,-104.668
478.972,-105.925
478.983,-106.205
478.994,-109.532
479.005,-106.600
479.016,-105.870
479.026,-106.010
479.037,-103.057
479.048,-105.747
479.059,-100.718
479.070,-97.220
479.081,-97.876
479.091,-101.054
479.102,-104.111
479.113,-102.938
479.124,-101.636
479.135,-105.603
479.146,-103.652
479.157,-104.312
479.167,-105.346
479.178,-100.273
479.189,-98.032
479.200,-98.603
479.211,-97.754
479.222,-93.857
479.233,-93.010
479.243,-92.342
479.254,-95.589
479.265,-95.325
479.276,-96.076
479.287,-96.112
479.298,-97.508
479.308,-104.563
479.319,-105.452
479.330,-107.775
479.341,-107.124
479.352,-105.930
479.363,-106.933
479.374,-108.459
479.384,-104.339
479.395,-104.060
479.406,-109.629
479.417,-107.342
479.428,-105.758
479.439,-106.197
479.449,-109.137
479.460,-108.555
479.471,-108.599
479.482,-108.181
479.493,-107.668
479.504,-107.666
479.515,-108.677
479.525,-109.762
479.536,-104.516
479.547,-103.997
479.558,-105.019
479.569,-105.613
479.580,-106.280
479.591,-107.702
479.601,-106.782
479.612,-107.979
479.623,-108.550
479.634,-108.431
479.645,-107.504
479.656,-110.676
479.666,-107.960
479.677,-107.887
479.688,-107.919
479.699,-110.036
479.710,-109.805
479.721,-108.271
479.732,-102.536
479.742,-102.677
479.753,-107.766
479.764,-107.591
479.775,-108.151
479.786,-108.838
479.797,-106.941
479.807,-108.076
479.818,-109.302
479.829,-103.887
479.840,-101.903
479.840,-102.458
479.851,-102.467
479.862,-103.725
479.873,-105.872
479.883,-105.597
479.894,-101.631
479.905,-97.445
479.916,-96.293
479.927,-91.838
479.938,-91.658
479.948,-92.097
479.959,-95.299
479.970,-91.010
479.981,-90.620
479.992,-83.718
480.003,-76.251
480.014,-76.771
480.024,-90.097
480.035,-91.894
480.046,-94.022
480.057,-93.724
480.068,-93.444
480.079,-93.592
480.089,-96.456
480.100,-98.038
480.111,-102.243
480.122,-102.043
480.133,-100.205
480.144,-103.403
480.155,-102.694
480.165,-102.590
480.176,-106.367
480.187,-106.177
480.198,-105.658
480.209,-106.351
480.220,-104.323
480.231,-104.637
480.241,-105.345
480.252,-107.338
480.263,-107.289
480.274,-105.506
480.285,-103.545
480.296,-106.404
480.306,-109.104
480.317,-106.422
480.328,-107.947
480.339,-108.631
480.350,-108.882
480.361,-110.658
480.372,-107.932
480.382,-108.957
480.393,-109.040
480.404,-110.497
480.415,-112.677
480.426,-109.827
480.437,-109.164
480.447,-108.391
480.458,-111.237
480.469,-108.005
480.480,-106.784
480.491,-110.263
480.502,-109.864
480.513,-109.319
480.523,-109.485
480.534,-107.444
480.545,-107.764
480.556,-107.503
480.567,-107.183
480.578,-106.480
480.589,-107.494
480.599,-107.559
480.610,-108.806
480.621,-105.607
480.632,-105.327
480.643,-105.109
480.654,-107.888
480.664,-107.928
480.675,-108.688
480.686,-109.738
480.697,-108.807
480.708,-108.065
480.719,-110.001
480.730,-109.823
480.740,-109.197
480.751,-102.532
480.762,-99.895
480.773,-100.423
480.784,-114.243
480.795,-110.766
480.805,-109.141
480.816,-107.077
480.827,-108.535
480.838,-108.221
480.849,-108.737
480.860,-108.078
480.871,-106.903
480.881,-107.445
480.892,-108.425
480.903,-108.419
480.914,-107.451
480.925,-106.176
480.936,-106.725
480.946,-106.675
480.957,-107.936
480.968,-108.919
480.979,-108.635
480.990,-108.368
481.001,-107.884
481.012,-109.331
481.022,-109.646
481.033,-109.297
481.044,-109.214
481.055,-107.075
481.066,-107.159
481.077,-106.616
481.087,-105.706
481.098,-109.326
481.109,-109.606
481.120,-108.730
481.131,-109.460
481.142,-107.848
481.153,-107.408
481.163,-105.912
481.174,-105.869
481.185,-108.922
481.196,-108.410
481.207,-104.839
481.218,-105.205
481.229,-107.350
481.239,-109.221
481.250,-109.906
481.261,-106.962
481.272,-108.412
481.283,-107.202
481.294,-107.947
481.304,-105.361
481.315,-105.598
481.326,-105.975
481.337,-106.508
481.348,-107.791
481.359,-107.356
481.370,-107.864
481.380,-105.313
481.391,-105.161
481.402,-106.414
481.413,-104.935
481.424,-105.950
481.435,-104.641
481.445,-103.874
481.456,-107.230
481.467,-106.232
481.478,-106.258
481.489,-108.262
481.500,-104.223
481.511,-104.646
481.521,-107.588
481.532,-104.570
481.543,-104.966
481.554,-107.827
481.565,-108.253
481.576,-106.209
481.587,-105.654
481.597,-105.889
481.608,-106.130
481.619,-106.049
481.630,-108.975
481.641,-106.571
481.652,-108.873
481.662,-108.028
481.673,-105.107
481.684,-105.171
481.695,-107.983
481.706,-109.543
481.717,-106.920
481.728,-107.855
481.738,-107.495
481.749,-106.828
481.760,-107.525
481.771,-104.244
481.782,-105.202
481.793,-107.933
481.803,-106.903
481.814,-104.407
481.825,-106.981
481.836,-107.082
481.847,-106.337
481.858,-105.390
481.869,-104.981
481.879,-104.051
481.890,-103.942
481.901,-104.128
481.912,-104.299
481.923,-101.348
481.934,-104.181
481.944,-103.386
481.955,-103.909
481.966,-103.306
481.977,-104.080
481.988,-104.383
481.999,-102.662
482.010,-103.534
482.020,-102.639
482.031,-103.625
482.042,-104.237
482.053,-100.975
482.064,-102.200
482.075,-105.400
482.086,-103.186
482.096,-101.069
482.107,-101.094
482.118,-103.188
482.129,-103.186
482.140,-105.905
482.151,-105.356
482.161,-105.111
482.172,-106.948
482.183,-105.810
482.194,-105.593
482.205,-105.099
482.216,-105.088
482.227,-102.559
482.237,-103.460
482.248,-106.354
482.259,-108.207
482.270,-107.910
482.281,-102.203
482.292,-102.968
482.302,-105.651
482.313,-106.504
482.324,-105.291
482.335,-105.553
482.346,-105.306
482.357,-106.479
482.368,-107.055
482.378,-104.972
482.389,-104.358
482.400,-106.769
482.411,-105.210
482.422,-104.304
482.433,-103.992
482.443,-106.454
482.454,-106.680
482.465,-104.241
482.476,-106.168
482.487,-106.086
482.498,-104.070
482.509,-104.005
482.519,-103.644
482.530,-106.593
482.541,-106.712
482.552,-103.583
482.563,-101.296
482.574,-101.165
482.584,-103.366
482.595,-101.960
482.606,-104.896
482.617,-105.566
482.628,-104.745
482.639,-104.693
482.650,-103.048
482.660,-104.397
482.671,-103.092
482.682,-105.515
482.693,-108.424
482.704,-105.337
482.715,-105.820
482.726,-103.582
482.736,-100.238
482.747,-100.179
482.758,-100.822
482.769,-99.942
482.780,-100.117
482.791,-101.964
482.801,-98.351
482.812,-96.029
482.823,-92.582
482.834,-93.677
482.845,-98.320
482.856,-101.578
482.867,-101.221
482.877,-100.214
482.888,-100.648
482.899,-101.835
482.910,-102.094
482.921,-102.156
482.932,-102.816
482.942,-106.498
482.953,-107.235
482.964,-106.234
482.975,-102.850
482.986,-103.254
482.997,-102.062
483.008,-101.447
483.018,-105.555
483.029,-106.036
483.040,-104.193
483.051,-103.844
483.062,-104.110
483.073,-102.087
483.084,-101.637
483.094,-101.530
483.105,-107.030
483.116,-105.538
483.127,-106.707
483.138,-105.208
483.149,-105.149
483.159,-105.823
483.170,-101.401
483.181,-101.165
483.192,-108.348
483.203,-104.874
483.214,-105.691
483.225,-107.500
483.235,-104.837
483.246,-104.978
483.257,-105.970
483.268,-103.883
483.279,-105.677
483.290,-106.331
483.300,-106.884
483.311,-108.090
483.322,-107.306
483.333,-108.103
483.344,-106.596
483.355,-106.448
483.366,-107.155
483.376,-107.262
483.387,-108.771
483.398,-107.397
483.409,-107.704
483.420,-109.156
483.431,-105.573
483.441,-106.307
483.452,-109.794
483.463,-108.723
483.474,-107.343
483.485,-108.627
483.496,-106.975
483.507,-107.476
483.517,-107.991
483.528,-107.103
483.539,-109.355
483.550,-106.102
483.561,-107.757
483.572,-109.572
483.582,-109.956
483.593,-108.793
483.604,-108.308
483.615,-104.910
483.626,-104.993
483.637,-107.219
483.648,-106.071
483.658,-106.202
483.669,-106.656
483.680,-105.847
483.691,-105.262
483.702,-106.075
483.713,-104.791
483.724,-108.987
483.734,-107.710
483.745,-107.185
483.756,-106.591
483.767,-106.962
483.778,-106.332
483.789,-106.823
483.799,-106.672
483.810,-105.607
483.821,-107.073
483.832,-98.996
483.843,-98.618
483.854,-108.173
483.865,-106.489
483.875,-103.362
483.886,-103.488
483.897,-108.362
483.908,-107.585
483.919,-105.816
483.930,-106.085
483.940,-103.912
483.951,-100.283
483.962,-101.403
483.973,-105.494
483.984,-105.372
483.995,-106.410
484.006,-103.475
484.016,-103.578
484.027,-105.201
484.038,-106.462
484.049,-106.140
484.060,-103.168
484.071,-105.270
484.082,-106.123
484.092,-104.863
484.103,-105.259
484.114,-103.933
484.125,-103.992
484.136,-104.987
484.147,-101.678
484.157,-102.543
484.168,-104.022
484.179,-103.476
484.190,-103.164
484.201,-104.190
484.212,-103.507
484.223,-104.132
484.233,-105.038
484.244,-105.208
484.255,-107.414
484.266,-105.225
484.277,-105.220
484.288,-107.126
484.298,-107.063
484.309,-106.281
484.320,-108.338
484.331,-108.416
484.342,-110.163
484.353,-107.386
484.364,-108.767
484.374,-110.753
484.385,-108.960
484.396,-107.603
484.407,-105.578
484.418,-105.717
484.429,-104.926
484.439,-108.503
484.450,-109.879
484.461,-109.593
484.472,-107.510
484.483,-109.941
484.494,-110.550
484.505,-108.270
484.515,-107.521
484.526,-109.351
484.537,-110.818
484.548,-109.909
484.559,-109.062
484.570,-110.683
484.580,-110.292
484.591,-108.505
484.602,-110.251
484.613,-108.202
484.624,-107.239
484.635,-109.086
484.646,-106.099
484.656,-108.716
484.667,-107.087
484.678,-107.043
484.689,-107.807
484.700,-106.705
484.711,-108.851
484.722,-109.034
484.732,-106.895
484.743,-107.425
484.754,-108.361
484.765,-110.224
484.776,-110.025
484.787,-108.714
484.797,-109.480
484.808,-106.829
484.819,-106.972
484.830,-108.558
484.830,-108.122
484.841,-107.924
484.852,-107.231
484.863,-108.757
484.873,-110.477
484.884,-109.667
484.895,-109.146
484.906,-110.798
484.917,-108.096
484.928,-106.492
484.938,-106.270
484.949,-106.874
484.960,-108.802
484.971,-107.281
484.982,-107.817
484.993,-108.006
485.004,-108.045
485.014,-108.975
485.025,-106.506
485.036,-107.086
485.047,-109.072
485.058,-109.264
485.069,-107.189
485.079,-107.534
485.090,-105.608
485.101,-105.626
485.112,-106.374
485.123,-104.693
485.134,-105.019
485.145,-106.420
485.155,-101.037
485.166,-100.954
485.177,-106.961
485.188,-106.838
485.199,-107.385
485.210,-106.575
485.221,-108.185
485.231,-108.522
485.242,-108.468
485.253,-106.205
485.264,-106.228
485.275,-107.103
485.286,-104.849
485.296,-103.674
485.307,-105.784
485.318,-109.425
485.329,-110.460
485.340,-110.929
485.351,-110.838
485.362,-111.610
485.372,-110.028
485.383,-104.347
485.394,-104.427
485.405,-108.087
485.416,-110.338
485.427,-110.285
485.437,-107.944
485.448,-106.822
485.459,-107.468
485.470,-105.498
485.481,-104.674
485.492,-104.505
485.503,-104.494
485.513,-106.512
485.524,-104.186
485.535,-102.636
485.546,-103.495
485.557,-97.725
485.568,-94.508
485.579,-93.619
485.589,-95.782
485.600,-98.709
485.611,-95.801
485.622,-94.396
485.633,-94.344
485.644,-86.978
485.654,-87.142
485.665,-96.395
485.676,-93.513
485.687,-93.540
485.698,-96.123
485.709,-96.016
485.720,-95.774
485.730,-96.122
485.741,-96.401
485.752,-101.427
485.763,-100.173
485.774,-100.413
485.785,-101.212
485.795,-102.754
485.806,-105.068
485.817,-104.191
485.828,-104.152
485.839,-103.386
485.850,-103.835
485.861,-104.038
485.871,-104.293
485.882,-102.768
485.893,-106.023
485.904,-106.364
485.915,-104.851
485.926,-104.984
485.936,-100.706
485.947,-100.586
485.958,-107.026
485.969,-106.410
485.980,-104.533
485.991,-102.784
486.002,-102.480
486.012,-100.960
486.023,-101.454
486.034,-105.136
486.045,-101.531
486.056,-103.286
486.067,-104.018
486.077,-103.324
486.088,-101.914
486.099,-102.571
486.110,-102.311
486.121,-101.358
486.132,-99.417
486.143,-99.657
486.153,-102.591
486.164,-103.783
486.175,-103.779
486.186,-98.626
486.197,-98.641
486.208,-100.710
486.219,-101.773
486.229,-101.974
486.240,-104.666
486.251,-103.651
486.262,-103.755
486.273,-106.347
486.284,-106.453
486.294,-106.315
486.305,-104.258
486.316,-103.269
486.327,-102.879
486.338,-103.388
486.349,-108.577
486.360,-108.473
486.370,-110.585
486.381,-108.349
486.392,-105.119
486.403,-104.595
486.414,-108.773
486.425,-107.524
486.435,-108.315
486.446,-106.646
486.457,-107.512
486.468,-107.581
486.479,-108.442
486.490,-107.841
486.501,-107.901
486.511,-109.138
486.522,-106.556
486.533,-110.082
486.544,-106.866
486.555,-107.009
486.566,-109.291
486.577,-108.405
486.587,-106.779
486.598,-104.213
486.609,-103.823
486.620,-102.252
486.631,-105.536
486.642,-109.335
486.652,-104.379
486.663,-104.162
486.674,-107.448
486.685,-109.679
486.696,-107.924
486.707,-108.856
486.718,-106.829
486.728,-106.845
486.739,-108.426
486.750,-109.425
486.761,-109.621
486.772,-109.552
486.783,-108.448
486.793,-107.164
486.804,-107.034
486.815,-108.625
486.826,-108.254
486.837,-107.726
486.848,-106.666
486.859,-108.162
486.869,-106.748
486.880,-106.570
486.891,-106.856
486.902,-98.303
486.913,-98.129
486.924,-105.058
486.934,-106.950
486.945,-108.487
486.956,-109.519
486.967,-109.576
486.978,-110.741
486.989,-110.486
487.000,-108.145
487.010,-107.118
487.021,-107.155
487.032,-108.420
487.043,-110.560
487.054,-107.527
487.065,-108.009
487.075,-107.747
487.086,-107.843
487.097,-107.696
487.108,-104.968
487.119,-109.084
487.130,-108.561
487.141,-106.004
487.151,-105.314
487.162,-108.187
487.173,-104.458
487.184,-104.749
487.195,-105.559
487.206,-105.361
487.217,-107.644
487.227,-105.674
487.238,-105.268
487.249,-108.149
487.260,-109.450
487.271,-111.288
487.282,-107.767
487.292,-109.347
487.303,-111.402
487.314,-108.496
487.325,-109.330
487.336,-108.834
487.347,-109.392
487.358,-107.429
487.368,-106.135
487.379,-105.872
487.390,-111.872
487.401,-107.391
487.412,-106.489
487.423,-108.155
487.433,-107.530
487.444,-107.555
487.455,-106.699
487.466,-107.005
487.477,-107.611
487.488,-102.353
487.499,-101.584
487.509,-104.414
487.520,-106.505
487.531,-105.690
487.542,-104.957
487.553,-110.693
487.564,-110.827
487.575,-108.173
487.585,-107.095
487.596,-106.522
487.607,-107.901
487.618,-111.583
487.629,-104.915
487.640,-104.874
487.650,-108.718
487.661,-105.195
487.672,-105.097
487.683,-108.083
487.694,-107.098
487.705,-106.382
487.716,-107.911
487.726,-106.005
487.737,-107.787
487.748,-107.067
487.759,-105.420
487.770,-108.279
487.781,-111.520
487.791,-108.421
487.802,-106.244
487.813,-106.095
487.824,-106.345
487.835,-109.560
487.846,-110.481
487.857,-107.773
487.867,-105.211
487.878,-104.868
487.889,-106.682
487.900,-105.323
487.911,-105.055
487.922,-105.438
487.932,-106.262
487.943,-108.694
487.954,-106.959
487.965,-108.318
487.976,-104.347
487.987,-104.212
487.998,-105.935
488.008,-106.953
488.019,-102.091
488.030,-101.118
488.041,-103.697
488.052,-107.609
488.063,-107.208
488.074,-105.030
488.084,-104.003
488.095,-105.502
488.106,-106.270
488.117,-104.761
488.128,-106.488
488.139,-104.854
488.149,-104.987
488.160,-103.995
488.171,-104.731
488.182,-107.656
488.193,-102.581
488.204,-99.787
488.215,-101.061
488.225,-104.512
488.236,-104.323
488.247,-103.262
488.258,-104.318
488.269,-104.399
488.280,-105.611
488.290,-102.728
488.301,-98.311
488.312,-97.583
488.323,-103.207
488.334,-102.136
488.345,-103.271
488.356,-107.038
488.366,-104.471
488.377,-101.450
488.388,-103.183
488.399,-101.402
488.410,-101.910
488.421,-105.134
488.431,-103.016
488.442,-102.385
488.453,-101.186
488.464,-96.988
488.475,-96.798
488.486,-102.044
488.497,-100.299
488.507,-101.356
488.518,-103.588
488.529,-103.362
488.540,-102.639
488.551,-102.587
488.562,-105.820
488.572,-104.413
488.583,-103.492
488.594,-105.574
488.605,-107.291
488.616,-107.299
488.627,-103.787
488.638,-103.480
488.648,-104.116
488.659,-108.508
488.670,-104.943
488.681,-101.661
488.692,-101.910
488.703,-105.978
488.714,-104.385
488.724,-102.577
488.735,-100.991
488.746,-104.040
488.757,-107.111
488.768,-101.774
488.779,-100.915
488.789,-103.536
488.800,-103.560
488.811,-102.810
488.822,-104.438
488.833,-106.365
488.844,-103.960
488.855,-104.883
488.865,-105.067
488.876,-106.254
488.887,-105.522
488.898,-104.745
488.909,-102.567
488.920,-103.902
488.930,-107.278
488.941,-104.495
488.952,-101.992
488.963,-102.062
488.974,-107.112
488.985,-106.589
488.996,-103.798
489.006,-103.931
489.017,-104.558
489.028,-104.585
489.039,-105.541
489.050,-105.178
489.061,-106.120
489.072,-103.589
489.082,-105.490
489.093,-108.505
489.104,-107.796
489.115,-105.284
489.126,-105.394
489.137,-106.519
489.147,-106.521
489.158,-106.772
489.169,-105.027
489.180,-106.892
489.191,-108.411
489.202,-106.795
489.213,-105.928
489.223,-102.281
489.234,-103.466
489.245,-108.134
489.256,-103.775
489.267,-103.796
489.278,-107.900
489.288,-107.253
489.299,-107.275
489.310,-103.140
489.321,-103.022
489.332,-103.428
489.343,-105.809
489.354,-105.764
489.364,-104.677
489.375,-105.169
489.386,-107.527
489.397,-109.143
489.408,-104.798
489.419,-105.008
489.429,-107.729
489.440,-106.373
489.451,-104.714
489.462,-105.274
489.473,-104.794
489.484,-105.591
489.495,-106.311
489.505,-107.908
489.516,-107.394
489.527,-105.031
489.538,-105.793
489.549,-106.705
489.560,-104.052
489.570,-103.629
489.581,-105.442
489.592,-106.221
489.603,-106.026
489.614,-104.320
489.625,-104.225
489.636,-105.791
489.646,-106.889
489.657,-106.686
489.668,-105.281
489.679,-102.022
489.690,-101.929
489.701,-103.444
489.712,-104.949
489.722,-103.414
489.733,-101.799
489.744,-102.317
489.755,-103.428
489.766,-107.057
489.777,-104.402
489.787,-104.325
489.798,-106.864
489.809,-105.525
489.820,-104.614
489.820,-102.534
489.831,-105.394
489.842,-103.519
489.853,-105.349
489.863,-103.213
489.874,-102.790
489.885,-103.736
489.896,-107.144
489.907,-102.147
489.918,-103.265
489.928,-102.867
489.939,-103.038
489.950,-103.153
489.961,-103.214
489.972,-99.149
489.983,-96.489
489.994,-99.454
490.004,-100.598
490.015,-101.236
490.026,-99.350
490.037,-98.952
490.048,-103.117
490.059,-103.588
490.070,-103.338
490.080,-99.422
490.091,-99.198
490.102,-101.528
490.113,-100.253
490.124,-99.276
490.135,-106.050
490.145,-101.679
490.156,-101.763
490.167,-102.442
490.178,-101.394
490.189,-104.061
490.200,-103.180
490.211,-101.631
490.221,-103.117
490.232,-103.457
490.243,-104.206
490.254,-105.888
490.265,-102.103
490.276,-104.794
490.286,-104.336
490.297,-104.175
490.308,-103.563
490.319,-99.352
490.330,-99.912
490.341,-103.081
490.352,-101.512
490.362,-101.380
490.373,-102.286
490.384,-102.088
490.395,-103.074
490.406,-104.196
490.417,-101.008
490.427,-99.899
490.438,-103.854
490.449,-105.323
490.460,-105.046
490.471,-103.555
490.482,-105.591
490.493,-103.539
490.503,-104.151
490.514,-104.490
490.525,-104.640
490.536,-104.814
490.547,-104.902
490.558,-104.928
490.568,-106.037
490.579,-103.874
490.590,-102.792
490.601,-104.765
490.612,-105.959
490.623,-105.710
490.634,-106.060
490.644,-105.917
490.655,-106.344
490.666,-106.228
490.677,-106.323
490.688,-106.061
490.699,-106.131
490.710,-103.709
490.720,-103.461
490.731,-106.414
490.742,-106.835
490.753,-105.157
490.764,-104.567
490.775,-104.167
490.785,-103.719
490.796,-102.768
490.807,-100.828
490.818,-100.730
490.829,-103.636
490.840,-102.152
490.851,-103.862
490.861,-102.651
490.872,-102.553
490.883,-104.973
490.894,-104.804
490.905,-104.657
490.916,-107.069
490.926,-106.375
490.937,-106.188
490.948,-104.946
490.959,-106.759
490.970,-106.547
490.981,-106.961
490.992,-108.845
491.002,-104.999
491.013,-104.416
491.024,-105.445
491.035,-106.555
491.046,-106.098
491.057,-106.001
491.067,-103.531
491.078,-103.015
491.089,-108.926
491.100,-109.264
491.111,-106.235
491.122,-104.554
491.133,-106.088
491.143,-107.698
491.154,-102.199
491.165,-102.247
491.176,-103.412
491.187,-101.877
491.198,-97.641
491.209,-96.671
491.219,-93.247
491.230,-93.379
491.241,-95.942
491.252,-93.348
491.263,-93.283
491.274,-94.519
491.284,-88.604
491.295,-86.559
491.306,-91.922
491.317,-92.653
491.328,-92.562
491.339,-94.612
491.350,-96.077
491.360,-94.672
491.371,-94.543
491.382,-97.645
491.393,-99.829
491.404,-101.734
491.415,-103.209
491.425,-103.052
491.436,-103.313
491.447,-103.748
491.458,-103.743
491.469,-101.171
491.480,-97.696
491.491,-98.190
491.501,-102.302
491.512,-99.256
491.523,-96.976
491.534,-96.763
491.545,-98.015
491.556,-99.363
491.567,-99.347
491.577,-99.254
491.588,-100.455
491.599,-105.813
491.610,-107.084
491.621,-108.571
491.632,-107.516
491.642,-106.534
491.653,-107.719
491.664,-105.480
491.675,-105.121
491.686,-106.526
491.697,-103.328
491.708,-102.833
491.718,-102.645
491.729,-105.621
491.740,-100.631
491.751,-101.969
491.762,-103.602
491.773,-95.276
491.783,-94.875
491.794,-102.671
491.805,-100.097
491.816,-99.663
491.827,-99.626
491.838,-102.979
491.849,-101.318
491.859,-101.115
491.870,-101.007
491.881,-104.629
491.892,-104.124
491.903,-105.508
491.914,-108.766
491.924,-108.357
491.935,-105.105
491.946,-104.552
491.957,-104.038
491.968,-107.838
491.979,-105.379
491.990,-104.392
492.000,-102.895
492.011,-104.743
492.022,-105.168
492.033,-104.374
492.044,-104.389
492.055,-105.279
492.065,-106.135
492.076,-105.486
492.087,-106.617
492.098,-105.339
492.109,-106.213
492.120,-104.743
492.131,-107.124
492.141,-106.220
492.152,-106.870
492.163,-106.253
492.174,-105.587
492.185,-106.732
492.196,-106.138
492.207,-103.892
492.217,-108.245
492.228,-102.864
492.239,-102.596
492.250,-105.175
492.261,-104.781
492.272,-104.509
492.282,-106.518
492.293,-103.415
492.304,-103.572
492.315,-104.701
492.326,-106.384
492.337,-105.213
492.348,-105.468
492.358,-107.589
492.369,-110.088
492.380,-108.406
492.391,-108.373
492.402,-106.931
492.413,-107.083
492.423,-108.258
492.434,-108.497
492.445,-108.436
492.456,-106.693
492.467,-107.421
492.478,-105.118
492.489,-104.481
492.499,-108.141
492.510,-108.867
492.521,-108.507
492.532,-108.356
492.543,-107.819
492.554,-107.207
492.565,-107.614
492.575,-107.559
492.586,-110.105
492.597,-110.081
492.608,-106.891
492.619,-105.208
492.630,-107.036
492.640,-105.321
492.651,-106.105
492.662,-107.221
492.673,-102.130
492.684,-102.235
492.695,-106.894
492.706,-104.808
492.716,-105.771
492.727,-105.506
492.738,-106.209
492.749,-104.499
492.760,-104.994
492.771,-109.843
492.781,-108.556
492.792,-107.582
492.803,-106.100
492.814,-108.716
492.825,-108.326
492.836,-107.129
492.847,-107.112
492.857,-106.478
492.868,-106.377
492.879,-107.220
492.890,-108.580
492.901,-108.135
492.912,-105.181
492.922,-105.117
492.933,-106.879
492.944,-108.370
492.955,-108.469
492.966,-107.593
492.977,-107.066
492.988,-108.136
492.998,-104.825
493.009,-106.111
493.020,-104.767
493.031,-104.695
493.042,-99.325
493.053,-98.011
493.063,-100.002
493.074,-108.777
493.085,-108.739
493.096,-110.594
493.107,-109.335
493.118,-108.925
493.129,-104.476
493.139,-104.351
493.150,-105.200
493.161,-105.068
493.172,-104.812
493.183,-106.367
493.194,-107.722
493.205,-107.974
493.215,-108.879
493.226,-107.112
493.237,-104.499
493.248,-105.313
493.259,-105.895
493.270,-106.332
493.280,-108.974
493.291,-107.079
493.302,-106.814
493.313,-106.998
493.324,-107.091
493.335,-106.659
493.346,-106.401
493.356,-105.572
493.367,-105.164
493.378,-104.844
493.389,-105.725
493.400,-105.540
493.411,-106.909
493.421,-106.813
493.432,-105.966
493.443,-106.556
493.454,-107.623
493.465,-107.179
493.476,-109.127
493.487,-107.621
493.497,-105.030
493.508,-107.058
493.519,-107.867
493.530,-106.005
493.541,-105.580
493.552,-105.792
493.562,-105.218
493.573,-106.103
493.584,-105.190
493.595,-105.467
493.606,-105.485
493.617,-104.173
493.628,-102.409
493.638,-104.424
493.649,-107.385
493.660,-108.187
493.671,-101.895
493.682,-101.908
493.693,-106.853
493.704,-107.801
493.714,-104.896
493.725,-103.480
493.736,-106.778
493.747,-109.012
493.758,-102.953
493.769,-103.182
493.779,-103.801
493.790,-102.269
493.801,-104.051
493.812,-106.088
493.823,-105.540
493.834,-106.019
493.845,-104.026
493.855,-104.430
493.866,-104.171
493.877,-103.376
493.888,-100.761
493.899,-100.403
493.910,-105.756
493.920,-104.696
493.931,-104.665
493.942,-102.300
493.953,-103.595
493.964,-105.191
493.975,-105.506
493.986,-104.815
493.996,-105.016
494.007,-105.029
494.018,-101.020
494.029,-102.100
494.040,-102.505
494.051,-103.186
494.062,-99.773
494.072,-99.638
494.083,-98.176
494.094,-97.395
494.105,-97.654
494.116,-94.680
494.127,-95.600
494.137,-98.320
494.148,-97.705
494.159,-97.763
494.170,-102.765
494.181,-99.460
494.192,-98.378
494.203,-99.477
494.213,-101.592
494.224,-101.005
494.235,-99.866
494.246,-99.826
494.257,-101.137
494.268,-101.906
494.278,-100.472
494.289,-101.930
494.300,-98.864
494.311,-96.269
494.322,-101.515
494.333,-102.879
494.344,-101.761
494.354,-104.702
494.365,-106.769
494.376,-103.601
494.387,-103.435
494.398,-105.100
494.409,-107.164
494.419,-107.321
494.430,-104.612
494.441,-101.793
494.452,-106.543
494.463,-105.489
494.474,-105.455
494.485,-105.791
494.495,-103.373
494.506,-102.910
494.517,-102.948
494.528,-104.388
494.539,-106.344
494.550,-106.023
494.560,-105.925
494.571,-105.647
494.582,-105.070
494.593,-99.802
494.604,-97.869
494.615,-101.942
494.626,-102.981
494.636,-101.980
494.647,-102.752
494.658,-101.277
494.669,-101.705
494.680,-99.647
494.691,-99.926
494.702,-100.869
494.712,-104.468
494.723,-104.443
494.734,-104.840
494.745,-103.735
494.756,-102.712
494.767,-100.815
494.777,-100.930
494.788,-104.333
494.799,-102.688
494.810,-102.315
494.810,-105.914
494.821,-99.434
494.832,-98.096
494.843,-105.137
494.853,-101.972
494.864,-101.958
494.875,-103.912
494.886,-101.055
494.897,-99.451
494.908,-99.468
494.918,-99.877
494.929,-99.778
494.940,-103.083
494.951,-100.776
494.962,-100.364
494.973,-101.721
494.984,-99.082
494.994,-98.106
495.005,-100.672
495.016,-102.094
495.027,-99.465
495.038,-99.876
495.049,-101.444
495.060,-99.420
495.070,-99.480
495.081,-101.893
495.092,-98.066
495.103,-97.084
495.114,-99.577
495.125,-103.099
495.135,-103.077
495.146,-106.003
495.157,-99.041
495.168,-97.630
495.179,-100.671
495.190,-101.657
495.201,-100.484
495.211,-104.302
495.222,-103.058
495.233,-102.986
495.244,-102.690
495.255,-102.637
495.266,-103.559
495.276,-104.013
495.287,-98.561
495.298,-98.681
495.309,-102.401
495.320,-103.053
495.331,-102.921
495.342,-102.640
495.352,-104.493
495.363,-99.946
495.374,-100.581
495.385,-107.503
495.396,-103.786
495.407,-101.994
495.417,-99.213
495.428,-98.655
495.439,-100.121
495.450,-100.371
495.461,-98.625
495.472,-100.791
495.483,-100.938
495.493,-103.264
495.504,-103.663
495.515,-106.167
495.526,-106.776
495.537,-104.713
495.548,-106.290
495.558,-106.011
495.569,-104.287
495.580,-101.975
495.591,-102.714
495.602,-104.758
495.613,-105.284
495.624,-103.102
495.634,-101.544
495.645,-104.237
495.656,-107.209
495.667,-105.515
495.678,-106.059
495.689,-104.821
495.700,-104.178
495.710,-104.535
495.721,-104.994
495.732,-103.695
495.743,-103.726
495.754,-108.394
495.765,-107.487
495.775,-107.232
495.786,-107.368
495.797,-105.474
495.808,-107.648
495.819,-108.917
495.830,-107.533
495.841,-106.293
495.851,-105.844
495.862,-108.090
495.873,-109.243
495.884,-107.585
495.895,-105.273
495.906,-105.253
495.916,-105.215
495.927,-106.543
495.938,-105.956
495.949,-105.926
495.960,-101.224
495.971,-101.282
495.982,-106.996
495.992,-104.038
496.003,-104.118
496.014,-104.539
496.025,-104.839
496.036,-105.394
496.047,-105.051
496.058,-104.499
496.068,-103.855
496.079,-106.865
496.090,-103.652
496.101,-103.905
496.112,-108.992
496.123,-102.810
496.133,-102.405
496.144,-102.901
496.155,-101.956
496.166,-103.210
496.177,-103.364
496.188,-103.854
496.199,-102.847
496.209,-105.458
496.220,-106.315
496.231,-106.294
496.242,-106.439
496.253,-106.412
496.264,-109.233
496.274,-107.879
496.285,-107.741
496.296,-106.755
496.307,-107.316
496.318,-109.891
496.329,-106.854
496.340,-105.456
496.350,-105.206
496.361,-106.097
496.372,-107.084
496.383,-107.832
496.394,-106.075
496.405,-102.849
496.415,-101.890
496.426,-101.743
496.437,-103.243
496.448,-101.286
496.459,-101.581
496.470,-106.784
496.481,-105.064
496.491,-104.935
496.502,-102.943
496.513,-102.684
496.524,-102.843
496.535,-103.640
496.546,-107.527
496.557,-108.676
496.567,-105.273
496.578,-105.219
496.589,-107.845
496.600,-108.201
496.611,-110.185
496.622,-109.710
496.632,-107.681
496.643,-106.121
496.654,-108.466
496.665,-107.213
496.676,-106.486
496.687,-106.875
496.698,-107.232
496.708,-107.389
496.719,-107.755
496.730,-104.294
496.741,-106.290
496.752,-108.256
496.763,-107.420
496.773,-107.889
496.784,-108.093
496.795,-107.761
496.806,-108.843
496.817,-107.891
496.828,-102.630
496.839,-102.281
496.849,-98.865
496.860,-98.666
496.871,-98.495
496.882,-98.588
496.893,-103.996
496.904,-96.770
496.914,-95.208
496.925,-93.421
496.936,-92.962
496.947,-93.992
496.958,-99.007
496.969,-98.411
496.980,-102.163
496.990,-100.875
497.001,-98.022
497.012,-98.622
497.023,-104.717
497.034,-104.039
497.045,-104.300
497.055,-102.250
497.066,-103.624
497.077,-104.161
497.088,-105.801
497.099,-105.735
497.110,-106.427
497.121,-105.804
497.131,-108.495
497.142,-107.367
497.153,-106.397
497.164,-106.630
497.175,-105.990
497.186,-110.358
497.197,-107.428
497.207,-105.461
497.218,-105.326
497.229,-106.693
497.240,-106.192
497.251,-103.508
497.262,-106.046
497.272,-107.618
497.283,-107.643
497.294,-106.247
497.305,-104.430
497.316,-105.048
497.327,-102.903
497.338,-102.441
497.348,-101.354
497.359,-100.870
497.370,-100.837
497.381,-102.151
497.392,-97.746
497.403,-97.493
497.413,-95.277
497.424,-93.883
497.435,-96.498
497.446,-98.196
497.457,-100.356
497.468,-101.980
497.479,-100.118
497.489,-100.146
497.500,-102.982
497.511,-102.446
497.522,-102.836
497.533,-106.434
497.544,-104.468
497.555,-105.358
497.565,-107.500
497.576,-104.569
497.587,-104.634
497.598,-108.070
497.609,-109.457
497.620,-105.061
497.630,-105.183
497.641,-109.988
497.652,-108.784
497.663,-108.356
497.674,-104.099
497.685,-103.700
497.696,-106.120
497.706,-105.901
497.717,-105.715
497.728,-109.849
497.739,-104.926
497.750,-104.508
497.761,-106.395
497.771,-106.917
497.782,-109.661
497.793,-108.033
497.804,-106.133
497.815,-106.215
497.826,-106.195
497.837,-107.246
497.847,-106.523
497.858,-105.273
497.869,-104.329
497.880,-106.540
497.891,-104.941
497.902,-102.404
497.912,-103.067
497.923,-104.421
497.934,-104.744
497.945,-104.752
497.956,-103.737
497.967,-105.434
497.978,-105.977
497.988,-104.986
497.999,-103.785
498.010,-104.251
498.021,-102.550
498.032,-102.827
498.043,-104.846
498.053,-105.813
498.064,-105.333
498.075,-106.558
498.086,-105.690
498.097,-105.245
498.108,-104.324
498.119,-106.617
498.129,-106.682
498.140,-108.481
498.151,-107.069
498.162,-103.491
498.173,-105.970
498.184,-103.978
498.195,-103.724
498.205,-105.745
498.216,-103.722
498.227,-103.269
498.238,-106.424
498.249,-103.896
498.260,-104.207
498.270,-104.129
498.281,-106.532
498.292,-109.571
498.303,-112.120
498.314,-104.760
498.325,-104.790
498.336,-107.050
498.346,-106.208
498.357,-104.423
498.368,-104.544
498.379,-107.473
498.390,-105.744
498.401,-104.302
498.411,-106.649
498.422,-109.125
498.433,-109.632
498.444,-109.823
498.455,-110.579
498.466,-106.737
498.477,-106.265
498.487,-105.822
498.498,-104.754
498.509,-105.504
498.520,-107.102
498.531,-105.737
498.542,-106.910
498.553,-106.877
498.563,-106.616
498.574,-107.553
498.585,-108.299
498.596,-104.981
498.607,-105.871
498.618,-104.610
498.628,-103.105
498.639,-105.177
498.650,-108.293
498.661,-109.116
498.672,-109.255
498.683,-109.239
498.694,-109.025
498.704,-107.578
498.715,-107.503
498.726,-110.169
498.737,-109.056
498.748,-107.834
498.759,-107.437
498.769,-106.241
498.780,-105.487
498.791,-105.503
498.802,-106.161
498.813,-103.262
498.824,-104.513
498.835,-106.957
498.845,-107.091
498.856,-106.849
498.867,-107.379
498.878,-103.163
498.889,-103.833
498.900,-108.743
498.910,-109.565
498.921,-107.542
498.932,-103.771
498.943,-104.126
498.954,-104.223
498.965,-106.688
498.976,-107.733
498.986,-107.334
498.997,-104.131
499.008,-105.822
499.019,-109.502
499.030,-106.948
499.041,-106.481
499.051,-104.530
499.062,-105.834
499.073,-106.413
499.084,-107.660
499.095,-109.616
499.106,-109.367
499.117,-105.397
499.127,-106.107
499.138,-107.442
499.149,-106.857
499.160,-106.367
499.171,-109.060
499.182,-106.444
499.193,-104.133
499.203,-104.089
499.214,-105.377
499.225,-105.787
499.236,-105.081
499.247,-107.075
499.258,-105.804
499.268,-105.062
499.279,-104.129
499.290,-107.360
499.301,-104.742
499.312,-104.948
499.323,-105.867
499.334,-106.062
499.344,-109.453
499.355,-105.573
499.366,-104.898
499.377,-106.376
499.388,-105.992
499.399,-108.262
499.409,-105.030
499.420,-105.620
499.431,-105.225
499.442,-104.585
499.453,-104.146
499.464,-104.701
499.475,-109.174
499.485,-105.416
499.496,-105.172
499.507,-106.141
499.518,-107.476
499.529,-107.173
499.540,-107.629
499.550,-109.547
499.561,-108.106
499.572,-106.153
499.583,-104.075
499.594,-103.857
499.605,-105.483
499.616,-110.726
499.626,-108.784
499.637,-108.711
499.648,-109.175
499.659,-106.928
499.670,-106.984
499.681,-109.062
499.692,-108.635
499.702,-107.830
499.713,-106.176
499.724,-106.671
499.735,-106.633
499.746,-104.409
499.757,-103.507
499.767,-104.198
499.778,-106.987
499.789,-106.133
499.800,-104.466
499.800,-104.380
499.811,-104.009
499.822,-104.659
499.833,-106.137
499.843,-100.699
499.854,-99.961
499.865,-101.640
499.876,-105.237
499.887,-106.059
499.898,-107.297
499.908,-105.194
499.919,-106.567
499.930,-105.905
499.941,-105.394
499.952,-106.323
499.963,-106.072
499.974,-104.611
499.984,-99.277
499.995,-99.625
500.000,-96.806
500.011,-102.489
500.022,-103.413
500.033,-99.609
500.043,-93.835
500.054,-86.321
500.065,-86.490
500.076,-96.204
500.087,-105.894
500.098,-104.627
500.108,-106.155
500.119,-103.169
500.130,-100.601
500.141,-102.151
500.152,-101.931
500.163,-104.920
500.174,-100.287
500.184,-100.137
500.195,-102.728
500.206,-103.352
500.217,-102.133
500.228,-102.464
500.239,-98.191
500.250,-98.007
500.260,-102.620
500.271,-102.673
500.282,-102.519
500.293,-102.561
500.304,-96.016
500.315,-95.650
500.325,-103.463
500.336,-104.572
500.347,-103.656
500.358,-104.837
500.369,-110.047
500.380,-107.854
500.391,-104.213
500.401,-103.995
500.412,-106.138
500.423,-106.496
500.434,-110.065
500.445,-109.428
500.456,-108.219
500.466,-105.964
500.477,-105.967
500.488,-107.291
500.499,-105.906
500.510,-104.877
500.521,-106.586
500.532,-107.359
500.542,-108.613
500.553,-107.735
500.564,-109.357
500.575,-108.386
500.586,-107.981
500.597,-106.406
500.607,-106.336
500.618,-106.806
500.629,-103.077
500.640,-104.266
500.651,-107.834
500.662,-106.692
500.673,-107.115
500.683,-106.625
500.694,-106.687
500.705,-110.078
500.716,-102.763
500.727,-101.489
500.738,-107.235
500.748,-107.862
500.759,-107.581
500.770,-107.425
500.781,-105.775
500.792,-104.307
500.803,-106.281
500.814,-105.662
500.824,-106.199
500.835,-108.544
500.846,-107.388
500.857,-107.342
500.868,-108.590
500.879,-107.806
500.890,-106.312
500.900,-106.282
500.911,-106.882
500.922,-108.448
500.933,-108.529
500.944,-109.339
500.955,-106.761
500.965,-109.604
500.976,-106.116
500.987,-106.508
500.998,-105.876
501.009,-107.760
501.020,-111.896
501.031,-109.091
501.041,-105.359
501.052,-107.128
501.063,-108.166
501.074,-106.000
501.085,-107.376
501.096,-105.985
501.106,-106.025
501.117,-105.847
501.128,-105.431
501.139,-106.600
501.150,-106.354
501.161,-106.030
501.172,-105.925
501.182,-109.898
501.193,-105.487
501.204,-105.096
501.215,-107.279
501.226,-106.739
501.237,-103.640
501.248,-104.040
501.258,-107.707
501.269,-107.389
501.280,-107.892
501.291,-107.885
501.302,-108.266
501.313,-108.165
501.323,-107.620
501.334,-106.287
501.345,-105.876
501.356,-106.785
501.367,-107.204
501.378,-108.063
501.389,-107.145
501.399,-106.807
501.410,-105.799
501.421,-105.838
501.432,-106.674
501.443,-107.281
501.454,-107.809
501.464,-107.234
501.475,-108.554
501.486,-104.746
501.497,-103.475
501.508,-105.165
501.519,-104.954
501.530,-105.319
501.540,-106.326
501.551,-110.257
501.562,-106.296
501.573,-105.975
501.584,-107.816
501.595,-107.746
501.605,-103.475
501.616,-103.555
501.627,-102.824
501.638,-103.991
501.649,-105.459
501.660,-105.348
501.671,-107.277
501.681,-104.524
501.692,-104.549
501.703,-104.515
501.714,-106.472
501.725,-108.721
501.736,-109.584
501.747,-103.972
501.757,-104.378
501.768,-107.035
501.779,-108.078
501.790,-108.833
501.801,-107.249
501.812,-105.059
501.822,-104.799
501.833,-104.294
501.844,-108.283
501.855,-107.874
501.866,-105.825
501.877,-105.287
501.888,-106.190
501.898,-107.054
501.909,-106.361
501.920,-106.471
501.931,-106.551
501.942,-108.243
501.953,-106.398
501.963,-108.987
501.974,-105.597
501.985,-107.043
501.996,-106.595
502.007,-106.908
502.018,-104.577
502.029,-104.724
502.039,-104.167
502.050,-101.699
502.061,-101.463
502.072,-104.072
502.083,-102.067
502.094,-102.403
502.104,-103.742
502.115,-107.050
502.126,-106.137
502.137,-106.147
502.148,-105.612
502.159,-106.322
502.170,-105.718
502.180,-104.666
502.191,-103.168
502.202,-102.737
502.213,-105.411
502.224,-105.521
502.235,-104.633
502.245,-106.387
502.256,-105.876
502.267,-103.435
502.278,-105.319
502.289,-105.263
502.300,-108.832
502.311,-106.229
502.321,-105.695
502.332,-108.613
502.343,-110.663
502.354,-107.043
502.365,-102.304
502.376,-104.862
502.387,-105.647
502.397,-105.659
502.408,-105.611
502.419,-108.633
502.430,-108.671
502.441,-109.238
502.452,-107.492
502.462,-109.228
502.473,-106.581
502.484,-107.318
502.495,-104.660
502.506,-97.991
502.517,-98.124
502.528,-100.287
502.538,-102.304
502.549,-100.421
502.560,-102.179
502.571,-96.106
502.582,-93.078
502.593,-95.013
502.603,-100.177
502.614,-101.869
502.625,-99.700
502.636,-100.771
502.647,-99.794
502.658,-99.509
502.669,-99.494
502.679,-102.784
502.690,-104.753
502.701,-105.323
502.712,-104.059
502.723,-104.559
502.734,-105.894
502.745,-105.872
502.755,-104.100
502.766,-105.580
502.777,-106.335
502.788,-106.279
502.799,-105.788
502.810,-108.067
502.820,-108.838
502.831,-105.665
502.842,-106.089
502.853,-107.233
502.864,-109.833
502.875,-108.776
502.886,-105.267
502.896,-107.436
502.907,-104.914
502.918,-103.819
502.929,-106.256
502.940,-105.062
502.951,-104.354
502.961,-101.576
502.972,-99.320
502.983,-100.314
502.994,-100.698
503.005,-97.584
503.016,-99.003
503.027,-101.287
503.037,-98.449
503.048,-96.542
503.059,-93.702
503.070,-92.179
503.081,-96.823
503.092,-101.159
503.102,-102.813
503.113,-101.892
503.124,-98.019
503.135,-97.907
503.146,-100.794
503.157,-101.435
503.168,-102.984
503.178,-104.249
503.189,-103.425
503.200,-102.341
503.211,-102.786
503.222,-105.254
503.233,-105.298
503.243,-103.174
503.254,-104.201
503.265,-103.390
503.276,-103.204
503.287,-103.203
503.298,-103.156
503.309,-107.863
503.319,-107.180
503.330,-106.957
503.341,-108.515
503.352,-105.969
503.363,-105.955
503.374,-106.240
503.385,-106.556
503.395,-101.469
503.406,-101.961
503.417,-105.054
503.428,-105.564
503.439,-104.841
503.450,-105.472
503.460,-105.587
503.471,-105.153
503.482,-103.888
503.493,-101.982
503.504,-102.553
503.515,-103.964
503.526,-105.943
503.536,-104.054
503.547,-101.313
503.558,-101.122
503.569,-102.673
503.580,-104.661
503.591,-106.145
503.601,-104.690
503.612,-103.521
503.623,-105.841
503.634,-105.545
503.645,-104.166
503.656,-104.312
503.667,-104.055
503.677,-104.494
503.688,-101.263
503.699,-101.056
503.710,-105.045
503.721,-108.154
503.732,-106.089
503.743,-104.239
503.753,-106.494
503.764,-107.042
503.775,-103.735
503.786,-101.278
503.797,-99.264
503.808,-96.281
503.818,-94.345
503.829,-95.353
503.840,-100.116
503.851,-100.546
503.862,-100.678
503.873,-102.998
503.884,-102.123
503.894,-103.256
503.905,-103.158
503.916,-103.407
503.927,-107.501
503.938,-105.891
503.949,-105.210
503.959,-106.203
503.970,-102.406
503.981,-102.475
503.992,-100.535
504.003,-100.566
504.014,-104.340
504.025,-103.919
504.035,-104.815
504.046,-99.920
504.057,-99.795
504.068,-104.016
504.079,-102.333
504.090,-103.978
504.100,-99.558
504.111,-100.204
504.122,-102.456
504.133,-102.215
504.144,-105.307
504.155,-105.120
504.166,-101.571
504.176,-101.597
504.187,-103.546
504.198,-104.090
504.209,-101.499
504.220,-100.769
504.231,-104.933
504.241,-104.448
504.252,-105.578
504.263,-106.412
504.274,-103.731
504.285,-102.064
504.296,-103.753
504.307,-103.713
504.317,-103.736
504.328,-101.079
504.339,-100.474
504.350,-102.787
504.361,-105.318
504.372,-102.019
504.383,-101.991
504.393,-102.987
504.404,-102.266
504.415,-102.375
504.426,-103.684
504.437,-104.725
504.448,-105.291
504.458,-105.300
504.469,-103.088
504.480,-103.357
504.491,-101.215
504.502,-102.538
504.513,-103.949
504.524,-104.570
504.534,-103.136
504.545,-103.452
504.556,-105.018
504.567,-104.659
504.578,-103.926
504.589,-102.608
504.599,-100.610
504.610,-100.769
504.621,-103.237
504.632,-101.830
504.643,-101.917
504.654,-104.667
504.665,-105.292
504.675,-103.772
504.686,-104.022
504.697,-104.226
504.708,-104.962
504.719,-107.472
504.730,-106.617
504.740,-101.274
504.751,-101.358
504.762,-104.768
504.773,-104.185
504.784,-106.322
504.795,-105.835
504.806,-106.366
504.816,-107.353
504.827,-105.643
504.838,-104.429
504.849,-104.471
504.860,-107.533
504.871,-106.564
504.882,-105.489
504.892,-105.538
504.903,-103.052
504.914,-98.848
504.925,-99.228
504.936,-104.257
504.947,-105.493
504.957,-102.977
504.968,-102.675
504.979,-104.153
504.990,-104.753
504.990,-104.243
505.001,-104.080
505.012,-100.145
505.023,-99.850
505.033,-104.609
505.044,-104.317
505.055,-101.883
505.066,-105.009
505.077,-106.163
505.088,-104.787
505.098,-104.191
505.109,-105.159
505.120,-107.853
505.131,-103.580
505.142,-103.673
505.153,-103.221
505.164,-104.471
505.174,-105.724
505.185,-103.764
505.196,-103.865
505.207,-104.517
505.218,-104.433
505.229,-101.842
505.240,-104.135
505.250,-104.410
505.261,-104.249
505.272,-103.936
505.283,-104.776
505.294,-105.142
505.305,-102.266
505.315,-103.352
505.326,-103.538
505.337,-102.739
505.348,-104.332
505.359,-103.689
505.370,-101.473
505.381,-100.716
505.391,-100.983
505.402,-98.786
505.413,-99.917
505.424,-106.103
505.435,-105.579
505.446,-102.349
505.456,-102.858
505.467,-103.792
505.478,-101.411
505.489,-101.676
505.500,-101.128
505.511,-102.940
505.522,-103.990
505.532,-105.166
505.543,-102.926
505.554,-104.708
505.565,-106.379
505.576,-103.179
505.587,-102.833
505.597,-102.318
505.608,-102.850
505.619,-104.022
505.630,-103.808
505.641,-105.180
505.652,-105.312
505.663,-102.763
505.673,-102.168
505.684,-100.160
505.695,-100.163
505.706,-107.199
505.717,-101.320
505.728,-101.493
505.738,-104.843
505.749,-104.139
505.760,-107.449
505.771,-104.192
505.782,-106.348
505.793,-102.825
505.804,-102.950
505.814,-105.584
505.825,-101.386
505.836,-101.473
505.847,-103.861
505.858,-104.726
505.869,-107.608
505.880,-104.651
505.890,-99.998
505.901,-103.088
505.912,-106.760
505.923,-109.661
505.934,-105.294
505.945,-102.706
505.955,-103.100
505.966,-106.407
505.977,-104.458
505.988,-104.380
505.999,-103.529
506.010,-104.979
506.021,-104.845
506.031,-104.826
506.042,-106.409
506.053,-108.349
506.064,-105.078
506.075,-106.582
506.086,-106.139
506.096,-108.076
506.107,-105.768
506.118,-106.266
506.129,-105.858
506.140,-104.656
506.151,-104.537
506.162,-101.960
506.172,-102.945
506.183,-103.236
506.194,-103.232
506.205,-104.046
506.216,-102.614
506.227,-103.148
506.238,-105.236
506.248,-104.029
506.259,-103.814
506.270,-102.543
506.281,-102.184
506.292,-104.739
506.303,-94.194
506.313,-93.569
506.324,-98.732
506.335,-104.037
506.346,-107.788
506.357,-103.516
506.368,-103.547
506.379,-101.152
506.389,-104.397
506.400,-103.360
506.411,-100.855
506.422,-101.899
506.433,-104.909
506.444,-104.555
506.454,-105.034
506.465,-104.505
506.476,-103.643
506.487,-104.221
506.498,-103.484
506.509,-104.582
506.520,-103.042
506.530,-102.078
506.541,-107.548
506.552,-103.177
506.563,-102.785
506.574,-104.099
506.585,-104.725
506.595,-103.437
506.606,-105.159
506.617,-105.686
506.628,-102.899
506.639,-103.005
506.650,-105.860
506.661,-104.732
506.671,-104.952
506.682,-104.519
506.693,-104.814
506.704,-105.580
506.715,-105.889
506.726,-102.698
506.736,-102.754
506.747,-104.247
506.758,-103.685
506.769,-103.085
506.780,-103.088
506.791,-105.128
506.802,-106.442
506.812,-101.326
506.823,-102.489
506.834,-104.182
506.845,-103.693
506.856,-103.716
506.867,-104.871
506.878,-104.923
506.888,-104.121
506.899,-104.573
506.910,-105.364
506.921,-106.825
506.932,-105.532
506.943,-102.956
506.953,-103.038
506.964,-102.941
506.975,-104.151
506.986,-103.010
506.997,-105.073
507.008,-103.385
507.019,-103.988
507.029,-107.374
507.040,-105.334
507.051,-105.190
507.062,-102.378
507.073,-105.461
507.084,-106.323
507.094,-105.780
507.105,-104.387
507.116,-106.388
507.127,-106.676
507.138,-104.921
507.149,-104.403
507.160,-104.784
507.170,-104.998
507.181,-106.166
507.192,-105.126
507.203,-105.273
507.214,-103.510
507.225,-105.257
507.236,-104.511
507.246,-104.767
507.257,-104.719
507.268,-104.801
507.279,-102.615
507.290,-103.618
507.301,-103.899
507.311,-104.397
507.322,-105.742
507.333,-105.229
507.344,-106.573
507.355,-105.279
507.366,-106.293
507.377,-104.245
507.387,-104.005
507.398,-108.108
507.409,-105.293
507.420,-105.016
507.431,-104.931
507.442,-105.359
507.452,-104.938
507.463,-105.030
507.474,-106.977
507.485,-103.330
507.496,-103.205
507.507,-105.313
507.518,-104.816
507.528,-108.093
507.539,-108.315
507.550,-108.157
507.561,-109.699
507.572,-108.994
507.583,-108.014
507.593,-106.249
507.604,-105.778
507.615,-107.979
507.626,-108.751
507.637,-105.109
507.648,-102.139
507.659,-101.748
507.669,-103.630
507.680,-105.724
507.691,-103.566
507.702,-103.634
507.713,-104.435
507.724,-104.055
507.735,-102.472
507.745,-101.561
507.756,-102.984
507.767,-105.001
507.778,-106.087
507.789,-104.521
507.800,-104.262
507.810,-104.720
507.821,-106.031
507.832,-105.344
507.843,-108.082
507.854,-102.245
507.865,-102.212
507.876,-106.144
507.886,-105.928
507.897,-105.595
507.908,-105.536
507.919,-105.707
507.930,-104.877
507.941,-107.304
507.951,-109.490
507.962,-105.192
507.973,-104.957
507.984,-105.082
507.995,-106.269
508.006,-105.713
508.017,-105.454
508.027,-107.619
508.038,-107.366
508.049,-106.807
508.060,-106.645
508.071,-105.797
508.082,-106.061
508.092,-108.723
508.103,-106.846
508.114,-107.391
508.125,-107.955
508.136,-103.243
508.147,-101.539
508.158,-100.450
508.168,-103.781
508.179,-103.264
508.190,-104.732
508.201,-102.702
508.212,-99.813
508.223,-99.830
508.233,-100.049
508.244,-106.297
508.255,-107.626
508.266,-108.338
508.277,-107.988
508.288,-105.090
508.299,-103.007
508.309,-103.573
508.320,-102.908
508.331,-107.956
508.342,-107.857
508.353,-108.345
508.364,-105.516
508.375,-105.346
508.385,-108.135
508.396,-107.498
508.407,-101.708
508.418,-101.672
508.429,-105.505
508.440,-106.597
508.450,-106.419
508.461,-106.344
508.472,-104.662
508.483,-105.365
508.494,-106.635
508.505,-107.125
508.516,-104.401
508.526,-104.126
508.537,-106.595
508.548,-102.412
508.559,-102.377
508.570,-106.506
508.581,-106.172
508.591,-104.160
508.602,-101.014
508.613,-102.119
508.624,-99.168
508.635,-95.202
508.646,-93.140
508.657,-96.420
508.667,-96.310
508.678,-96.217
508.689,-94.696
508.700,-90.896
508.711,-88.392
508.722,-89.857
508.733,-96.307
508.743,-95.068
508.754,-95.016
508.765,-95.746
508.776,-95.845
508.787,-95.760
508.798,-99.094
508.808,-98.708
508.819,-99.593
508.830,-103.304
508.841,-104.564
508.852,-104.817
508.863,-107.636
508.874,-106.792
508.884,-104.547
508.895,-106.888
508.906,-104.112
508.917,-104.119
508.928,-103.731
508.939,-104.569
508.949,-104.642
508.960,-104.061
508.971,-106.299
508.982,-104.204
508.993,-104.206
509.004,-106.372
509.015,-104.618
509.025,-103.887
509.036,-103.243
509.047,-104.442
509.058,-104.508
509.069,-105.150
509.080,-104.578
509.090,-104.208
509.101,-104.635
509.112,-107.376
509.123,-108.073
509.134,-105.660
509.145,-105.529
509.156,-103.084
509.166,-102.851
509.177,-104.788
509.188,-106.135
509.199,-103.826
509.210,-105.321
509.221,-105.261
509.231,-103.776
509.242,-103.951
509.253,-107.671
509.264,-104.155
509.275,-102.549
509.286,-102.639
509.297,-106.930
509.307,-106.228
509.318,-107.288
509.329,-108.926
509.340,-110.071
509.351,-107.194
509.362,-106.519
509.373,-107.104
509.383,-109.566
509.394,-109.893
509.405,-106.605
509.416,-103.625
509.427,-104.971
509.438,-106.604
509.448,-106.052
509.459,-105.465
509.470,-105.684
509.481,-105.724
509.492,-105.945
509.503,-103.019
509.514,-103.359
509.524,-105.355
509.535,-107.130
509.546,-106.046
509.557,-106.446
509.568,-108.540
509.579,-107.101
509.589,-104.245
509.600,-104.707
509.611,-104.734
509.622,-104.113
509.633,-104.838
509.644,-105.092
509.655,-105.570
509.665,-105.360
509.676,-100.221
509.687,-100.153
509.698,-107.310
509.709,-104.449
509.720,-101.308
509.731,-101.231
509.741,-105.135
509.752,-104.649
509.763,-104.503
509.774,-106.012
509.785,-105.347
509.796,-104.559
509.806,-105.112
509.817,-105.447
509.828,-104.940
509.839,-104.103
509.850,-104.094
509.861,-105.586
509.872,-103.500
509.882,-103.013
509.893,-103.607
509.904,-103.070
509.915,-105.371
509.926,-105.341
509.937,-104.971
509.947,-103.504
509.958,-102.860
509.969,-104.266
509.980,-105.310
509.980,-100.300
509.991,-103.271
510.002,-105.520
510.013,-108.174
510.023,-106.727
510.034,-105.562
510.045,-100.469
510.056,-100.778
510.067,-101.623
510.078,-103.272
510.088,-102.993
510.099,-103.802
510.110,-105.301
510.121,-104.325
510.132,-104.963
510.143,-104.668
510.154,-104.641
510.164,-102.682
510.175,-103.387
510.186,-102.604
510.197,-108.050
510.208,-103.418
510.219,-103.727
510.229,-104.288
510.240,-104.026
510.251,-104.693
510.262,-103.625
510.273,-103.305
510.284,-106.443
510.295,-102.656
510.305,-102.945
510.316,-106.285
510.327,-106.409
510.338,-106.984
510.349,-108.486
510.360,-104.443
510.371,-104.220
510.381,-109.161
510.392,-108.388
510.403,-103.329
510.414,-104.653
510.425,-109.431
510.436,-108.035
510.446,-106.762
510.457,-108.215
510.468,-106.788
510.479,-107.134
510.490,-108.328
510.501,-105.299
510.512,-105.411
510.522,-107.049
510.533,-105.050
510.544,-105.424
510.555,-105.998
510.566,-103.459
510.577,-104.153
510.587,-106.339
510.598,-103.263
510.609,-105.850
510.620,-109.082
510.631,-109.346
510.642,-108.133
510.653,-106.625
510.663,-105.331
510.674,-106.307
510.685,-106.643
510.696,-105.113
510.707,-103.998
510.718,-105.214
510.728,-103.113
510.739,-103.364
510.750,-104.580
510.761,-105.169
510.772,-106.941
510.783,-105.925
510.794,-106.110
510.804,-105.495
510.815,-105.499
510.826,-109.549
510.837,-107.455
510.848,-106.479
510.859,-108.628
510.870,-109.873
510.880,-108.731
510.891,-108.537
510.902,-104.713
510.913,-104.672
510.924,-106.799
510.935,-107.113
510.945,-106.948
510.956,-107.870
510.967,-108.783
510.978,-106.707
510.989,-106.621
511.000,-106.583
511.011,-105.848
511.021,-107.943
511.032,-109.635
511.043,-103.373
511.054,-103.668
511.065,-106.954
511.076,-107.153
511.086,-106.455
511.097,-105.785
511.108,-108.052
511.119,-108.187
511.130,-105.338
511.141,-104.218
511.152,-105.100
511.162,-106.593
511.173,-106.767
511.184,-105.532
511.195,-105.454
511.206,-105.577
511.217,-104.811
511.228,-104.056
511.238,-107.995
511.249,-110.979
511.260,-107.249
511.271,-104.874
511.282,-106.731
511.293,-104.726
511.303,-102.216
511.314,-105.577
511.325,-105.568
511.336,-104.357
511.347,-106.065
511.358,-103.757
511.369,-104.737
511.379,-103.426
511.390,-104.714
511.401,-107.429
511.412,-106.586
511.423,-107.088
511.434,-108.948
511.444,-105.619
511.455,-104.667
511.466,-101.932
511.477,-100.964
511.488,-101.222
511.499,-104.716
511.510,-100.810
511.520,-97.471
511.531,-94.862
511.542,-95.109
511.553,-98.863
511.564,-99.662
511.575,-99.741
511.585,-102.423
511.596,-100.128
511.607,-101.954
511.618,-106.368
511.629,-104.984
511.640,-104.941
511.651,-106.309
511.661,-107.216
511.672,-106.407
511.683,-105.016
511.694,-105.464
511.705,-104.622
511.716,-101.804
511.726,-104.367
511.737,-105.777
511.748,-105.603
511.759,-107.522
511.770,-107.349
511.781,-105.339
511.792,-104.924
511.802,-103.656
511.813,-104.840
511.824,-106.795
511.835,-106.812
511.846,-105.314
511.857,-105.616
511.868,-107.171
511.878,-107.536
511.889,-107.158
511.900,-105.414
511.911,-106.851
511.922,-107.309
511.933,-106.005
511.943,-108.615
511.954,-108.370
511.965,-104.336
511.976,-107.663
511.987,-107.117
511.998,-108.034
512.009,-108.100
512.019,-107.142
512.030,-107.977
512.041,-106.521
512.052,-105.791
512.063,-106.428
512.074,-107.930
512.084,-111.576
512.095,-109.760
512.106,-108.825
512.117,-108.248
512.128,-108.238
512.139,-104.337
512.150,-106.433
512.160,-109.229
512.171,-108.959
512.182,-105.580
512.193,-106.289
512.204,-109.613
512.215,-111.489
512.226,-111.518
512.236,-109.393
512.247,-109.769
512.258,-108.819
512.269,-107.789
512.280,-108.835
512.291,-107.111
512.301,-107.686
512.312,-107.827
512.323,-110.361
512.334,-110.463
512.345,-110.785
512.356,-110.346
512.367,-110.562
512.377,-109.954
512.388,-105.716
512.399,-105.719
512.410,-108.285
512.421,-110.288
512.432,-111.580
512.442,-108.482
512.453,-107.130
512.464,-107.641
512.475,-108.646
512.486,-106.416
512.497,-107.245
512.508,-105.770
512.518,-107.688
512.529,-107.926
512.540,-109.591
512.551,-107.282
512.562,-107.766
512.573,-105.762
512.583,-107.596
512.594,-108.280
512.605,-113.303
512.616,-113.658
512.627,-110.574
512.638,-111.044
512.649,-109.723
512.659,-109.604
512.670,-111.605
512.681,-108.613
512.692,-109.067
512.703,-108.059
512.714,-106.872
512.725,-108.107
512.735,-109.416
512.746,-109.754
512.757,-110.195
512.768,-110.853
512.779,-109.852
512.790,-108.856
512.800,-105.859
512.811,-105.810
512.822,-107.985
512.833,-107.704
512.844,-105.820
512.855,-105.909
512.866,-106.483
512.876,-107.632
512.887,-105.183
512.898,-106.001
512.909,-106.015
512.920,-102.710
512.931,-102.246
512.941,-104.122
512.952,-104.768
512.963,-107.228
512.974,-106.708
512.985,-105.014
512.996,-104.961
513.007,-106.597
513.017,-103.698
513.028,-103.827
513.039,-103.058
513.050,-104.998
513.061,-108.191
513.072,-107.081
513.082,-106.016
513.093,-104.991
513.104,-100.058
513.115,-99.987
513.126,-105.875
513.137,-105.288
513.148,-104.233
513.158,-105.171
513.169,-103.365
513.180,-106.414
513.191,-104.700
513.202,-103.439
513.213,-109.183
513.223,-107.092
513.234,-106.530
513.245,-105.046
513.256,-100.651
513.267,-90.630
513.278,-90.523
513.289,-97.848
513.299,-96.678
513.310,-96.848
513.321,-96.388
513.332,-99.231
513.343,-94.495
513.354,-95.276
513.365,-105.862
513.375,-106.635
513.386,-106.599
513.397,-105.682
513.408,-104.839
513.419,-99.069
513.430,-101.347
513.440,-104.467
513.451,-107.646
513.462,-106.678
513.473,-102.552
513.484,-102.524
513.495,-104.595
513.506,-106.353
513.516,-108.449
513.527,-107.495
513.538,-107.043
513.549,-106.466
513.560,-104.878
513.571,-105.579
513.581,-106.156
513.592,-110.423
513.603,-105.651
513.614,-105.731
513.625,-108.166
513.636,-107.380
513.647,-107.449
513.657,-107.718
513.668,-107.584
513.679,-110.162
513.690,-103.583
513.701,-101.661
513.712,-102.715
513.722,-104.187
513.733,-105.813
513.744,-105.945
513.755,-104.546
513.766,-107.911
513.777,-106.894
513.788,-104.284
513.798,-103.900
513.809,-105.954
513.820,-108.880
513.831,-107.123
513.842,-103.524
513.853,-103.252
513.864,-101.114
513.874,-100.602
513.885,-105.492
513.896,-105.619
513.907,-105.404
513.918,-106.820
513.929,-104.459
513.939,-104.124
513.950,-108.548
513.961,-108.610
513.972,-110.179
513.983,-107.508
513.994,-107.515
514.005,-105.735
514.015,-108.460
514.026,-106.836
514.037,-106.621
514.048,-108.170
514.059,-109.072
514.070,-108.648
514.080,-107.562
514.091,-106.937
514.102,-108.021
514.113,-107.988
514.124,-111.028
514.135,-109.449
514.146,-107.679
514.156,-107.214
514.167,-106.880
514.178,-107.059
514.189,-104.169
514.200,-103.934
514.211,-106.179
514.221,-106.183
514.232,-107.432
514.243,-105.257
514.254,-103.280
514.265,-101.773
514.276,-101.748
514.287,-98.276
514.297,-98.284
514.308,-100.631
514.319,-99.858
514.330,-98.829
514.341,-93.924
514.352,-91.331
514.363,-91.064
514.373,-93.844
514.384,-97.108
514.395,-98.252
514.406,-97.815
514.417,-99.054
514.428,-101.012
514.438,-99.712
514.449,-98.629
514.460,-103.865
514.471,-108.111
514.482,-106.678
514.493,-104.484
514.504,-107.809
514.514,-107.457
514.525,-107.362
514.536,-107.100
514.547,-107.531
514.558,-105.900
514.569,-107.754
514.579,-105.462
514.590,-106.913
514.601,-108.388
514.612,-108.410
514.623,-106.198
514.634,-107.914
514.645,-110.512
514.655,-110.970
514.666,-110.506
514.677,-107.395
514.688,-106.698
514.699,-108.568
514.710,-113.571
514.721,-112.358
514.731,-110.283
514.742,-110.319
514.753,-110.589
514.764,-108.169
514.775,-108.354
514.786,-109.754
514.796,-110.724
514.807,-109.615
514.818,-110.108
514.829,-112.927
514.840,-104.618
514.851,-104.190
514.862,-109.046
514.872,-111.706
514.883,-112.562
514.894,-110.694
514.905,-111.231
514.916,-110.721
514.927,-109.561
514.937,-109.200
514.948,-112.391
514.959,-111.456
514.970,-108.954
