Frequency (Hz),Level (dBm)
500.00,-91.68
500.01,-96.74
500.02,-101.65
500.03,-101.50
500.04,-101.63
500.05,-94.67
500.07,-94.63
500.08,-101.79
500.09,-101.88
500.10,-101.81
500.11,-101.99
500.12,-99.68
500.13,-100.15
500.14,-101.83
500.15,-101.21
500.16,-100.96
500.17,-100.25
500.18,-98.99
500.20,-101.06
500.21,-102.47
500.22,-99.98
500.23,-99.17
500.24,-96.70
500.25,-95.54
500.26,-101.30
500.27,-99.72
500.28,-99.83
500.29,-99.93
500.30,-95.46
500.31,-95.14
500.33,-100.01
500.34,-102.46
500.35,-101.97
500.36,-100.38
500.37,-102.04
500.38,-102.11
500.39,-102.56
500.40,-102.81
500.41,-101.46
500.42,-102.48
500.43,-102.02
500.44,-102.62
500.46,-105.27
500.47,-103.65
500.48,-103.71
500.49,-103.75
500.50,-103.37
500.51,-103.85
500.52,-103.60
500.53,-103.79
500.54,-103.28
500.55,-103.66
500.56,-103.28
500.57,-105.00
500.59,-103.54
500.60,-103.42
500.61,-103.49
500.62,-100.39
500.63,-100.97
500.64,-102.25
500.65,-105.37
500.66,-104.04
500.67,-102.67
500.68,-101.93
500.69,-102.83
500.71,-104.41
500.72,-103.62
500.73,-101.89
500.74,-103.02
500.75,-103.51
500.76,-102.60
500.77,-105.11
500.78,-104.90
500.79,-104.84
500.80,-104.78
500.81,-103.10
500.82,-103.62
500.84,-103.15
500.85,-104.00
500.86,-104.45
500.87,-104.71
500.88,-102.84
500.89,-103.04
500.90,-103.74
500.91,-101.50
500.92,-101.52
500.93,-104.75
500.94,-104.03
500.95,-105.81
500.97,-104.48
500.98,-105.24
500.99,-103.08
501.00,-101.68
501.01,-103.39
501.02,-105.40
501.03,-102.10
501.04,-102.06
501.05,-103.65
501.06,-103.07
501.07,-101.54
501.08,-99.81
501.10,-102.33
501.11,-105.48
501.12,-103.21
501.13,-102.75
501.14,-103.87
501.15,-104.24
501.16,-103.80
501.17,-103.28
501.18,-103.01
501.19,-104.62
501.20,-103.87
501.21,-104.59
501.23,-104.33
501.24,-105.18
501.25,-105.40
501.26,-104.42
501.27,-103.54
501.28,-103.16
501.29,-103.97
501.30,-102.62
501.31,-100.34
501.32,-102.91
501.33,-101.92
501.35,-101.93
501.36,-101.41
501.37,-101.82
501.38,-101.52
501.39,-102.64
501.40,-102.55
501.41,-104.75
501.42,-100.89
501.43,-100.55
501.44,-101.63
501.45,-101.65
501.46,-105.28
501.48,-101.79
501.49,-100.92
501.50,-103.83
501.51,-102.83
501.52,-100.45
501.53,-101.43
501.54,-102.40
501.55,-103.86
501.56,-101.69
501.57,-101.54
501.58,-101.51
501.59,-101.77
501.61,-99.23
501.62,-99.58
501.63,-101.92
501.64,-100.53
501.65,-101.63
501.66,-102.67
501.67,-102.07
501.68,-101.75
501.69,-101.62
501.70,-101.58
501.71,-101.52
501.72,-101.09
501.74,-102.11
501.75,-101.47
501.76,-102.33
501.77,-99.83
501.78,-101.50
501.79,-100.99
501.80,-101.65
501.81,-100.92
501.82,-99.81
501.83,-99.87
501.84,-102.27
501.85,-101.91
501.87,-99.81
501.88,-96.62
501.89,-96.77
501.90,-96.80
501.91,-98.22
501.92,-99.74
501.93,-99.61
501.94,-98.38
501.95,-99.17
501.96,-99.43
501.97,-99.52
501.99,-97.23
502.00,-96.76
502.01,-97.11
502.02,-98.91
502.03,-96.64
502.04,-96.88
502.05,-98.74
502.06,-97.67
502.07,-97.83
502.08,-97.26
502.09,-96.33
502.10,-96.69
502.12,-96.67
502.13,-96.36
502.14,-97.53
502.15,-97.42
502.16,-97.42
502.17,-95.98
502.18,-99.92
502.19,-98.02
502.20,-98.08
502.21,-97.85
502.22,-96.97
502.23,-98.31
502.25,-99.20
502.26,-99.08
502.27,-97.80
502.28,-97.79
502.29,-100.38
502.30,-97.34
502.31,-97.09
502.32,-99.67
502.33,-101.36
502.34,-101.98
502.35,-103.28
502.36,-102.87
502.38,-100.72
502.39,-98.14
502.40,-98.44
502.41,-100.15
502.42,-100.82
502.43,-101.93
502.44,-101.57
502.45,-98.75
502.46,-98.77
502.47,-101.15
502.48,-100.71
502.50,-95.94
502.51,-95.18
502.52,-96.02
502.53,-96.49
502.54,-97.51
502.55,-97.52
502.56,-94.59
502.57,-90.84
502.58,-88.89
502.59,-91.59
502.60,-93.73
502.61,-94.34
502.63,-98.29
502.64,-99.09
502.65,-96.17
502.66,-97.29
502.67,-97.68
502.68,-101.08
502.69,-101.19
502.70,-99.65
502.71,-100.29
502.72,-103.45
502.73,-101.89
502.74,-100.89
502.76,-100.18
502.77,-101.93
502.78,-103.25
502.79,-101.22
502.80,-101.50
502.81,-101.47
502.82,-100.17
502.83,-101.59
502.84,-102.00
502.85,-101.18
502.86,-102.07
502.87,-101.05
502.89,-102.79
502.90,-99.28
502.91,-99.10
502.92,-100.58
502.93,-99.94
502.94,-100.24
502.95,-101.40
502.96,-99.70
502.97,-98.51
502.98,-96.55
502.99,-95.60
503.00,-94.80
503.02,-96.31
503.03,-96.29
503.04,-96.20
503.05,-94.47
503.06,-90.43
503.07,-88.72
503.08,-92.61
503.09,-96.54
503.10,-97.55
503.11,-98.00
503.12,-96.69
503.14,-97.26
503.15,-97.64
503.16,-97.09
503.17,-101.03
503.18,-102.64
503.19,-101.17
503.20,-100.71
503.21,-100.37
503.22,-101.90
503.23,-101.27
503.24,-100.42
503.25,-100.25
503.27,-104.29
503.28,-104.03
503.29,-102.98
503.30,-101.84
503.31,-101.12
503.32,-101.43
503.33,-102.31
503.34,-101.15
503.35,-100.82
503.36,-100.82
503.37,-100.45
503.38,-100.09
503.40,-100.42
503.41,-100.36
503.42,-100.88
503.43,-100.62
503.44,-103.67
503.45,-103.15
503.46,-101.79
503.47,-100.97
503.48,-99.13
503.49,-99.53
503.50,-99.65
503.51,-102.39
503.53,-102.49
503.54,-100.13
503.55,-94.72
503.56,-94.02
503.57,-100.21
503.58,-100.82
503.59,-100.59
503.60,-101.91
503.61,-100.80
503.62,-99.87
503.63,-102.17
503.64,-100.32
503.66,-100.61
503.67,-103.30
503.68,-102.07
503.69,-100.33
503.70,-101.18
503.71,-103.69
503.72,-101.29
503.73,-100.72
503.74,-102.14
503.75,-102.89
503.76,-99.63
503.78,-99.36
503.79,-97.64
503.80,-96.60
503.81,-94.77
503.82,-95.59
503.83,-96.12
503.84,-96.06
503.85,-98.78
503.86,-100.89
503.87,-99.51
503.88,-100.03
503.89,-100.76
503.91,-100.41
503.92,-100.42
503.93,-101.11
503.94,-101.75
503.95,-101.68
503.96,-99.89
503.97,-102.63
503.98,-99.19
503.99,-94.20
504.00,-93.48
504.01,-94.90
504.02,-98.42
504.04,-98.20
504.05,-98.36
504.06,-99.69
504.07,-98.93
504.08,-97.62
504.09,-97.50
504.10,-98.11
504.11,-100.61
504.12,-99.93
504.13,-100.06
504.14,-98.72
504.15,-100.92
504.17,-100.13
504.18,-100.11
504.19,-100.12
504.20,-100.08
504.21,-100.76
504.22,-101.24
504.23,-102.30
504.24,-99.86
504.25,-99.47
504.26,-99.10
504.27,-101.11
504.28,-102.53
504.30,-101.65
504.31,-101.31
504.32,-101.86
504.33,-100.66
504.34,-101.32
504.35,-100.28
504.36,-101.38
504.37,-98.63
504.38,-98.70
504.39,-101.06
504.40,-103.05
504.42,-100.93
504.43,-99.64
504.44,-99.62
504.45,-100.67
504.46,-100.19
504.47,-100.20
504.48,-96.77
504.49,-99.70
504.50,-101.87
504.51,-101.78
504.52,-97.35
504.53,-97.97
504.55,-101.95
504.56,-101.00
504.57,-100.88
504.58,-101.75
504.59,-103.26
504.60,-101.47
504.61,-100.69
504.62,-101.76
504.63,-100.64
504.64,-100.28
504.65,-100.36
504.66,-100.58
504.68,-101.07
504.69,-99.51
504.70,-99.62
504.71,-99.38
504.72,-101.26
504.73,-102.55
504.74,-99.48
504.75,-98.99
504.76,-100.71
504.77,-99.16
504.78,-99.11
504.79,-99.42
504.81,-99.34
504.82,-100.89
504.83,-99.62
504.84,-100.07
504.85,-102.04
504.86,-101.89
504.87,-101.77
504.88,-101.46
504.89,-100.21
504.90,-99.47
504.91,-99.92
504.92,-99.98
504.94,-97.87
504.95,-97.18
504.96,-100.28
504.97,-101.01
504.98,-101.08
504.99,-101.57
504.99,-101.53
505.00,-100.64
505.01,-100.41
505.02,-101.00
505.03,-102.12
505.04,-101.20
505.06,-100.55
505.07,-101.82
505.08,-100.03
505.09,-99.82
505.10,-100.27
505.11,-99.76
505.12,-99.72
505.13,-100.78
505.14,-99.46
505.15,-99.54
505.16,-98.94
505.17,-99.81
505.19,-100.66
505.20,-101.02
505.21,-98.35
505.22,-98.60
505.23,-100.30
505.24,-100.32
505.25,-101.92
505.26,-100.75
505.27,-98.23
505.28,-98.86
505.29,-100.36
505.30,-98.17
505.32,-97.79
505.33,-98.78
505.34,-98.69
505.35,-98.13
505.36,-98.85
505.37,-99.30
505.38,-99.79
505.39,-96.39
505.40,-94.67
505.41,-96.52
505.42,-99.35
505.43,-98.41
505.45,-99.58
505.46,-99.57
505.47,-100.20
505.48,-99.99
505.49,-100.07
505.50,-99.74
505.51,-99.73
505.52,-100.09
505.53,-100.31
505.54,-100.27
505.55,-99.26
505.56,-98.02
505.58,-98.00
505.59,-101.93
505.60,-101.02
505.61,-100.30
505.62,-100.72
505.63,-100.24
505.64,-100.02
505.65,-97.61
505.66,-100.61
505.67,-99.57
505.68,-101.98
505.70,-100.18
505.71,-99.02
505.72,-98.97
505.73,-99.67
505.74,-100.91
505.75,-100.16
505.76,-100.27
505.77,-102.08
505.78,-100.96
505.79,-100.53
505.80,-101.61
505.81,-101.28
505.83,-101.12
505.84,-99.83
505.85,-100.40
505.86,-99.51
505.87,-98.21
505.88,-97.84
505.89,-96.66
505.90,-98.37
505.91,-98.28
505.92,-97.97
505.93,-97.87
505.94,-97.95
505.96,-98.25
505.97,-99.27
505.98,-97.47
505.99,-97.84
506.00,-99.86
506.01,-100.98
506.02,-98.70
506.03,-99.32
506.04,-98.89
506.05,-100.78
506.06,-99.11
506.07,-98.08
506.09,-99.74
506.10,-99.76
506.11,-100.20
506.12,-98.64
506.13,-98.42
506.14,-98.88
506.15,-99.55
506.16,-99.41
506.17,-99.06
506.18,-98.46
506.19,-99.25
506.20,-99.59
506.22,-99.77
506.23,-98.89
506.24,-99.00
506.25,-99.68
506.26,-99.99
506.27,-100.65
506.28,-100.57
506.29,-98.53
506.30,-88.75
506.31,-88.17
506.32,-95.31
506.34,-97.23
506.35,-97.96
506.36,-97.93
506.37,-98.55
506.38,-98.29
506.39,-99.30
506.40,-99.58
506.41,-100.12
506.42,-98.26
506.43,-98.28
506.44,-98.83
506.45,-98.71
506.47,-98.94
506.48,-98.98
506.49,-98.85
506.50,-99.17
506.51,-99.26
506.52,-99.39
506.53,-100.54
506.54,-101.07
506.55,-101.74
506.56,-100.60
506.57,-100.52
506.58,-98.16
506.60,-97.32
506.61,-97.45
506.62,-98.62
506.63,-99.60
506.64,-97.14
506.65,-99.32
506.66,-99.39
506.67,-98.35
506.68,-98.68
506.69,-96.65
506.70,-97.55
506.71,-98.40
506.73,-99.54
506.74,-99.66
506.75,-99.62
506.76,-98.72
506.77,-100.16
506.78,-100.00
506.79,-97.61
506.80,-97.81
506.81,-100.77
506.82,-99.85
506.83,-99.04
506.84,-100.16
506.86,-98.37
506.87,-99.36
506.88,-99.75
506.89,-99.86
506.90,-98.05
506.91,-98.20
506.92,-100.86
506.93,-101.64
506.94,-99.03
506.95,-99.13
506.96,-100.89
506.98,-99.72
506.99,-100.61
507.00,-96.38
507.01,-96.77
507.02,-100.29
507.03,-98.84
507.04,-99.53
507.05,-99.06
507.06,-102.00
507.07,-100.33
507.08,-100.22
507.09,-100.60
507.11,-100.06
507.12,-100.38
507.13,-99.92
507.14,-99.58
507.15,-100.45
507.16,-101.33
507.17,-101.12
507.18,-100.06
507.19,-99.87
507.20,-98.60
507.21,-98.26
507.22,-98.53
507.24,-100.08
507.25,-99.12
507.26,-98.19
507.27,-99.56
507.28,-100.15
507.29,-99.72
507.30,-99.66
507.31,-101.56
507.32,-102.68
507.33,-99.06
507.34,-99.37
507.35,-101.02
507.37,-101.32
507.38,-101.95
507.39,-102.90
507.40,-101.43
507.41,-101.62
507.42,-101.23
507.43,-100.05
507.44,-99.94
507.45,-99.81
507.46,-102.56
507.47,-99.69
507.49,-98.70
507.50,-100.44
507.51,-101.12
507.52,-102.46
507.53,-101.86
507.54,-101.26
507.55,-101.86
507.56,-102.62
507.57,-101.45
507.58,-102.23
507.59,-104.32
507.60,-100.09
507.62,-101.07
507.63,-100.17
507.64,-98.77
507.65,-98.88
507.66,-101.97
507.67,-102.53
507.68,-100.73
507.69,-100.76
507.70,-102.49
507.71,-99.21
507.72,-99.21
507.73,-97.69
507.75,-98.42
507.76,-101.86
507.77,-102.03
507.78,-100.85
507.79,-100.99
507.80,-102.19
507.81,-100.78
507.82,-101.35
507.83,-100.24
507.84,-102.01
507.85,-102.41
507.86,-100.36
507.88,-101.26
507.89,-101.51
507.90,-101.46
507.91,-101.06
507.92,-100.40
507.93,-100.09
507.94,-99.54
507.95,-101.47
507.96,-101.53
507.97,-101.42
507.98,-101.12
507.99,-101.55
508.01,-100.83
508.02,-101.05
508.03,-101.19
508.04,-100.24
508.05,-99.62
508.06,-100.98
508.07,-100.01
508.08,-100.86
508.09,-101.33
508.10,-101.69
508.11,-101.69
508.13,-100.42
508.14,-100.73
508.15,-100.85
508.16,-99.76
508.17,-99.46
508.18,-100.97
508.19,-100.98
508.20,-99.16
508.21,-98.79
508.22,-95.01
508.23,-94.82
508.24,-99.40
508.26,-100.82
508.27,-101.10
508.28,-101.08
508.29,-100.92
508.30,-100.18
508.31,-102.11
508.32,-100.79
508.33,-100.41
508.34,-100.31
508.35,-100.29
508.36,-103.79
508.37,-100.52
508.39,-100.86
508.40,-102.65
508.41,-102.37
508.42,-102.02
508.43,-103.35
508.44,-104.09
508.45,-102.75
508.46,-102.81
508.47,-100.45
508.48,-99.86
508.49,-101.87
508.50,-102.34
508.52,-102.39
508.53,-102.19
508.54,-102.81
508.55,-101.77
508.56,-101.85
508.57,-101.50
508.58,-99.51
508.59,-99.60
508.60,-99.52
508.61,-97.69
508.62,-96.86
508.63,-93.15
508.65,-93.60
508.66,-94.00
508.67,-94.93
508.68,-95.47
508.69,-91.73
508.70,-90.06
508.71,-86.94
508.72,-87.70
508.73,-93.50
508.74,-93.23
508.75,-93.28
508.77,-94.63
508.78,-95.18
508.79,-94.49
508.80,-93.85
508.81,-93.79
508.82,-98.84
508.83,-99.45
508.84,-101.58
508.85,-101.89
508.86,-99.87
508.87,-100.63
508.88,-101.80
508.90,-101.80
508.91,-101.54
508.92,-103.29
508.93,-102.71
508.94,-102.55
508.95,-101.08
508.96,-101.84
508.97,-102.15
508.98,-101.59
508.99,-101.26
509.00,-102.36
509.01,-102.30
509.03,-101.76
509.04,-100.84
509.05,-101.81
509.06,-101.59
509.07,-104.51
509.08,-103.07
509.09,-102.59
509.10,-102.69
509.11,-102.81
509.12,-99.56
509.13,-99.49
509.14,-101.57
509.16,-102.10
509.17,-102.00
509.18,-102.21
509.19,-102.67
509.20,-99.49
509.21,-100.18
509.22,-100.71
509.23,-102.24
509.24,-101.73
509.25,-102.05
509.26,-101.14
509.27,-101.13
509.29,-101.20
509.30,-102.47
509.31,-102.58
509.32,-102.59
509.33,-100.64
509.34,-101.30
509.35,-102.12
509.36,-101.71
509.37,-102.24
509.38,-102.23
509.39,-103.65
509.41,-102.81
509.42,-101.48
509.43,-102.67
509.44,-102.13
509.45,-102.66
509.46,-102.28
509.47,-102.87
509.48,-101.78
509.49,-99.85
509.50,-102.15
509.51,-99.56
509.52,-99.62
509.54,-102.52
509.55,-103.53
509.56,-103.50
509.57,-102.02
509.58,-101.03
509.59,-100.55
509.60,-102.31
509.61,-103.29
509.62,-101.77
509.63,-100.29
509.64,-101.95
509.65,-102.39
509.67,-103.06
509.68,-102.47
509.69,-100.04
509.70,-100.25
509.71,-101.73
509.72,-100.44
509.73,-101.52
509.74,-101.33
509.75,-102.04
509.76,-101.16
509.77,-101.36
509.78,-100.90
509.80,-100.84
509.81,-101.30
509.82,-101.21
509.83,-100.96
509.84,-99.48
509.85,-99.79
509.86,-99.12
509.87,-99.93
509.88,-99.68
509.89,-98.11
509.90,-98.17
509.91,-100.11
509.93,-100.04
509.94,-98.43
509.95,-96.79
509.96,-96.54
509.97,-97.46
509.98,-97.33
509.98,-100.27
509.99,-97.93
510.00,-96.57
510.01,-97.93
510.02,-100.25
510.03,-99.99
510.05,-100.07
510.06,-98.93
510.07,-98.85
510.08,-100.27
510.09,-97.23
510.10,-97.30
510.11,-100.24
510.12,-98.00
510.13,-97.29
510.14,-98.27
510.15,-98.91
510.16,-98.43
510.18,-98.98
510.19,-99.91
510.20,-99.56
510.21,-98.77
510.22,-98.21
510.23,-100.63
510.24,-100.17
510.25,-99.18
510.26,-97.74
510.27,-98.78
510.28,-101.54
510.29,-100.34
510.31,-98.02
510.32,-98.92
510.33,-98.73
510.34,-98.77
510.35,-101.46
510.36,-98.96
510.37,-99.52
510.38,-99.47
510.39,-99.44
510.40,-100.69
510.41,-102.15
510.42,-103.21
510.44,-98.98
510.45,-99.57
510.46,-101.99
510.47,-100.85
510.48,-100.09
510.49,-101.75
510.50,-100.20
510.51,-101.81
510.52,-101.70
510.53,-100.96
510.54,-102.40
510.55,-103.78
510.57,-102.37
510.58,-101.58
510.59,-100.02
510.60,-102.46
510.61,-100.38
510.62,-100.68
510.63,-102.45
510.64,-100.37
510.65,-99.85
510.66,-100.49
510.67,-103.83
510.69,-101.07
510.70,-99.39
510.71,-98.44
510.72,-100.90
510.73,-102.55
510.74,-102.00
510.75,-101.19
510.76,-100.95
510.77,-101.09
510.78,-103.23
510.79,-103.94
510.80,-102.83
510.82,-104.00
510.83,-100.18
510.84,-100.06
510.85,-100.50
510.86,-104.50
510.87,-103.11
510.88,-102.65
510.89,-103.94
510.90,-103.27
510.91,-103.12
510.92,-102.98
510.93,-105.14
510.95,-104.37
510.96,-103.30
510.97,-102.11
510.98,-98.61
510.99,-98.86
511.00,-103.37
511.01,-103.25
511.02,-102.35
511.03,-102.86
511.04,-103.91
511.05,-104.12
511.06,-102.86
511.08,-102.19
511.09,-102.72
511.10,-100.70
511.11,-99.33
511.12,-99.70
511.13,-99.91
511.14,-101.39
511.15,-102.49
511.16,-105.92
511.17,-102.48
511.18,-100.49
511.19,-100.50
511.21,-99.94
511.22,-101.71
511.23,-102.30
511.24,-101.73
511.25,-102.02
511.26,-103.34
511.27,-101.20
511.28,-101.47
511.29,-101.56
511.30,-101.78
511.31,-102.37
511.33,-102.92
511.34,-102.16
511.35,-102.31
511.36,-101.05
511.37,-101.82
511.38,-102.78
511.39,-103.21
511.40,-101.89
511.41,-101.37
511.42,-101.47
511.43,-101.46
511.44,-99.78
511.46,-99.42
511.47,-98.92
511.48,-98.97
511.49,-99.34
511.50,-100.62
511.51,-101.70
511.52,-98.11
511.53,-93.34
511.54,-93.33
511.55,-99.15
511.56,-99.18
511.57,-99.79
511.59,-100.93
511.60,-100.84
511.61,-99.36
511.62,-99.19
511.63,-100.91
511.64,-102.29
511.65,-102.36
511.66,-103.83
511.67,-103.19
511.68,-101.82
511.69,-101.92
511.70,-102.07
511.72,-101.65
511.73,-103.63
511.74,-103.48
511.75,-103.29
511.76,-106.74
511.77,-106.26
511.78,-101.58
511.79,-101.54
511.80,-101.50
511.81,-104.40
511.82,-105.09
511.83,-104.83
511.85,-104.30
511.86,-101.99
511.87,-102.32
511.88,-101.91
511.89,-103.00
511.90,-102.95
511.91,-103.74
511.92,-103.37
511.93,-100.63
511.94,-100.63
511.95,-103.29
511.97,-101.40
511.98,-101.06
511.99,-103.23
512.00,-104.38
512.01,-100.29
512.02,-100.02
512.03,-102.95
512.04,-102.30
512.05,-102.77
512.06,-103.29
512.07,-104.17
512.08,-100.74
512.10,-102.18
512.11,-101.87
512.12,-102.37
512.13,-102.40
512.14,-102.87
512.15,-100.45
512.16,-96.90
512.17,-101.49
512.18,-101.06
512.19,-101.36
512.20,-106.11
512.21,-104.84
512.23,-101.19
512.24,-97.85
512.25,-99.94
512.26,-104.74
512.27,-102.97
512.28,-102.98
512.29,-105.00
512.30,-101.09
512.31,-99.53
512.32,-102.51
512.33,-104.33
512.34,-104.45
512.36,-100.59
512.37,-100.65
512.38,-101.95
512.39,-100.55
512.40,-102.04
512.41,-102.99
512.42,-101.62
512.43,-101.66
512.44,-101.44
512.45,-98.25
512.46,-98.41
512.48,-105.73
512.49,-102.66
512.50,-101.70
512.51,-102.15
512.52,-97.69
512.53,-97.21
512.54,-101.23
512.55,-103.97
512.56,-104.74
512.57,-107.94
512.58,-106.30
512.59,-100.65
512.61,-100.25
512.62,-101.26
512.63,-102.57
512.64,-104.51
512.65,-104.67
512.66,-102.50
512.67,-101.25
512.68,-99.39
512.69,-103.09
512.70,-104.40
512.71,-103.56
512.72,-102.86
512.74,-104.74
512.75,-97.24
512.76,-96.64
512.77,-99.38
512.78,-103.15
512.79,-103.92
512.80,-101.37
512.81,-101.39
512.82,-101.50
512.83,-103.07
512.84,-102.38
512.85,-104.50
512.87,-102.35
512.88,-100.81
512.89,-100.88
512.90,-95.46
512.91,-96.09
512.92,-101.96
512.93,-103.85
512.94,-104.33
512.95,-101.85
512.96,-104.78
512.97,-101.88
512.98,-102.05
513.00,-99.81
513.01,-102.47
513.02,-103.94
513.03,-100.22
513.04,-96.40
513.05,-92.11
513.06,-94.65
513.07,-99.28
513.08,-101.87
513.09,-97.96
513.10,-98.07
513.12,-96.18
513.13,-94.30
513.14,-97.69
513.15,-100.57
513.16,-101.80
513.17,-102.52
513.18,-96.05
513.19,-88.53
513.20,-87.34
513.21,-94.31
513.22,-99.74
513.23,-98.01
513.25,-96.79
513.26,-92.60
513.27,-80.09
513.28,-80.00
513.29,-92.13
513.30,-95.46
513.31,-97.08
513.32,-93.78
513.33,-90.04
513.34,-81.21
513.35,-81.86
513.36,-93.15
513.38,-97.61
513.39,-97.33
513.40,-96.91
513.41,-90.49
513.42,-86.34
513.43,-88.85
513.44,-98.52
513.45,-99.33
513.46,-99.44
513.47,-99.19
513.48,-91.46
513.49,-88.18
513.51,-93.44
513.52,-102.78
513.53,-103.49
513.54,-99.96
513.55,-99.31
513.56,-94.76
513.57,-92.96
513.58,-97.85
513.59,-102.73
513.60,-105.07
513.61,-102.87
513.62,-101.60
513.64,-97.58
513.65,-96.81
513.66,-101.88
513.67,-101.47
513.68,-102.38
513.69,-102.12
513.70,-100.98
513.71,-96.03
513.72,-96.12
513.73,-99.86
513.74,-99.38
513.76,-101.16
513.77,-98.39
513.78,-96.08
513.79,-95.10
513.80,-98.56
513.81,-102.44
513.82,-101.69
513.83,-99.65
513.84,-101.36
513.85,-100.20
513.86,-98.60
513.87,-97.39
513.89,-99.57
513.90,-102.94
513.91,-100.79
513.92,-99.95
513.93,-100.00
513.94,-98.94
513.95,-99.05
513.96,-101.78
513.97,-101.75
513.98,-101.57
513.99,-99.72
514.00,-97.34
514.02,-95.40
514.03,-96.92
514.04,-99.11
514.05,-101.37
514.06,-100.01
514.07,-97.32
514.08,-97.12
514.09,-98.10
514.10,-98.74
514.11,-98.58
514.12,-99.16
514.13,-96.19
514.15,-96.11
514.16,-96.70
514.17,-96.72
514.18,-99.06
514.19,-98.61
514.20,-100.72
514.21,-101.35
514.22,-99.43
514.23,-99.96
514.24,-98.70
514.25,-97.81
514.26,-98.19
514.28,-97.60
514.29,-94.58
514.30,-94.62
514.31,-96.19
514.32,-96.33
514.33,-99.48
514.34,-96.97
514.35,-90.44
514.36,-90.31
514.37,-94.25
514.38,-95.93
514.40,-98.54
514.41,-99.67
514.42,-97.80
514.43,-97.68
514.44,-97.73
514.45,-97.72
514.46,-99.20
514.47,-101.23
514.48,-101.27
514.49,-101.74
514.50,-102.97
514.51,-101.54
514.53,-100.21
514.54,-99.83
514.55,-103.81
514.56,-104.46
514.57,-106.36
514.58,-103.08
514.59,-103.25
514.60,-100.90
514.61,-103.27
514.62,-103.09
514.63,-104.32
514.64,-103.94
514.66,-104.23
514.67,-102.73
514.68,-102.13
514.69,-102.70
514.70,-104.26
514.71,-106.05
514.72,-106.15
514.73,-105.83
514.74,-102.12
514.75,-101.15
514.76,-106.26
514.77,-102.98
514.79,-102.63
514.80,-103.61
514.81,-106.05
514.82,-103.14
514.83,-102.58
514.84,-100.33
514.85,-100.32
514.86,-102.87
514.87,-102.38
514.88,-103.03
514.89,-102.74
514.90,-103.80
514.92,-103.50
514.93,-103.21
514.94,-103.34
514.95,-103.69
514.96,-104.00
514.97,-102.48
514.97,-105.16
514.98,-105.66
514.99,-106.58
515.00,-106.80
515.01,-105.55
515.02,-104.03
515.04,-105.68
515.05,-101.53
515.06,-101.87
515.07,-104.22
515.08,-105.38
515.09,-105.38
515.10,-105.69
515.11,-105.86
515.12,-101.62
515.13,-101.65
515.14,-104.54
515.15,-103.19
515.17,-102.19
515.18,-104.63
515.19,-103.89
515.20,-102.18
515.21,-105.27
515.22,-104.74
515.23,-104.44
515.24,-105.22
515.25,-105.06
515.26,-105.09
515.27,-105.78
515.28,-105.11
515.30,-104.74
515.31,-103.46
515.32,-103.56
515.33,-102.51
515.34,-104.64
515.35,-104.04
515.36,-105.16
515.37,-105.38
515.38,-107.41
515.39,-106.18
515.40,-105.20
515.41,-103.92
515.43,-103.10
515.44,-104.22
515.45,-102.39
515.46,-103.35
515.47,-106.72
515.48,-105.88
515.49,-104.57
515.50,-104.64
515.51,-106.42
515.52,-103.74
515.53,-102.77
515.54,-103.71
515.56,-104.79
515.57,-103.12
515.58,-103.78
515.59,-101.98
515.60,-104.61
515.61,-105.68
515.62,-103.47
515.63,-104.39
515.64,-101.76
515.65,-101.79
515.66,-101.21
515.68,-103.27
515.69,-105.05
515.70,-103.41
515.71,-101.32
515.72,-100.66
515.73,-102.94
515.74,-103.36
515.75,-103.28
515.76,-101.25
515.77,-101.44
515.78,-104.21
515.79,-103.22
515.81,-102.81
515.82,-102.53
515.83,-102.42
515.84,-102.48
515.85,-104.09
515.86,-101.98
515.87,-101.46
515.88,-104.59
515.89,-102.90
515.90,-102.00
515.91,-105.19
515.92,-102.64
515.94,-102.36
515.95,-101.79
515.96,-100.93
515.97,-99.20
515.98,-100.64
515.99,-98.31
516.00,-96.47
516.01,-101.00
516.02,-104.16
516.03,-102.79
516.04,-103.25
516.05,-102.30
516.07,-97.87
516.08,-97.29
516.09,-95.91
516.10,-94.12
516.11,-93.37
516.12,-94.99
516.13,-95.37
516.14,-95.43
516.15,-100.89
516.16,-102.48
516.17,-101.63
516.18,-102.42
516.20,-103.32
516.21,-102.95
516.22,-103.32
516.23,-102.48
516.24,-103.25
516.25,-102.58
516.26,-102.24
516.27,-99.73
516.28,-100.19
516.29,-103.13
516.30,-103.12
516.32,-104.26
516.33,-104.20
516.34,-104.24
516.35,-104.74
516.36,-105.80
516.37,-102.64
516.38,-102.50
516.39,-105.10
516.40,-103.24
516.41,-102.53
516.42,-104.42
516.43,-101.09
516.45,-101.12
516.46,-105.78
516.47,-103.97
516.48,-103.53
516.49,-105.02
516.50,-103.55
516.51,-103.71
516.52,-105.62
516.53,-103.89
516.54,-105.63
516.55,-106.63
516.56,-105.79
516.58,-105.34
516.59,-106.15
516.60,-105.05
516.61,-102.60
516.62,-103.59
516.63,-104.12
516.64,-102.99
516.65,-103.18
516.66,-105.08
516.67,-101.47
516.68,-101.16
516.69,-103.11
516.71,-103.40
516.72,-104.94
516.73,-105.57
516.74,-101.75
516.75,-101.58
516.76,-102.09
516.77,-102.92
516.78,-103.46
516.79,-105.13
516.80,-103.39
516.81,-103.33
516.82,-103.82
516.84,-104.05
516.85,-104.04
516.86,-106.27
516.87,-103.38
516.88,-100.85
516.89,-103.58
516.90,-102.69
516.91,-101.34
516.92,-102.52
516.93,-105.80
516.94,-102.13
516.96,-103.86
516.97,-103.31
516.98,-102.84
516.99,-104.78
517.00,-107.15
517.01,-104.51
517.02,-104.76
517.03,-103.00
517.04,-101.79
517.05,-101.61
517.06,-105.21
517.07,-102.54
517.09,-102.75
517.10,-104.96
517.11,-104.40
517.12,-103.62
517.13,-103.97
517.14,-106.24
517.15,-104.82
517.16,-103.50
517.17,-101.50
517.18,-100.66
517.19,-105.14
517.20,-104.16
517.22,-101.48
517.23,-101.92
517.24,-104.25
517.25,-101.59
517.26,-103.85
517.27,-105.03
517.28,-103.29
517.29,-103.69
517.30,-104.43
517.31,-100.22
517.32,-100.02
517.33,-104.12
517.35,-100.42
517.36,-100.89
517.37,-105.03
517.38,-100.93
517.39,-101.08
517.40,-104.76
517.41,-99.19
517.42,-97.94
517.43,-101.28
517.44,-103.72
517.45,-100.37
517.47,-101.39
517.48,-101.03
517.49,-98.31
517.50,-100.75
517.51,-103.60
517.52,-100.56
517.53,-101.94
517.54,-105.33
517.55,-100.24
517.56,-101.16
517.57,-104.02
517.58,-100.84
517.60,-101.41
517.61,-103.50
517.62,-101.63
517.63,-102.08
517.64,-103.64
517.65,-102.75
517.66,-103.18
517.67,-102.86
517.68,-102.28
517.69,-102.15
517.70,-103.93
517.71,-102.90
517.73,-98.51
517.74,-99.28
517.75,-104.53
517.76,-102.51
517.77,-102.71
517.78,-103.16
517.79,-101.56
517.80,-103.65
517.81,-101.94
517.82,-99.03
517.83,-101.33
517.84,-104.21
517.86,-102.89
517.87,-101.73
517.88,-102.40
517.89,-97.93
517.90,-98.61
517.91,-100.90
517.92,-100.92
517.93,-101.35
517.94,-100.83
517.95,-101.20
517.96,-101.81
517.97,-102.77
517.99,-99.91
518.00,-99.56
518.01,-102.27
518.02,-102.99
518.03,-102.76
518.04,-101.17
518.05,-101.66
518.06,-101.31
518.07,-102.43
518.08,-100.38
518.09,-99.66
518.11,-101.75
518.12,-100.60
518.13,-99.54
518.14,-100.65
518.15,-104.05
518.16,-98.83
518.17,-100.85
518.18,-102.34
518.19,-101.12
518.20,-101.43
518.21,-104.87
518.22,-100.60
518.24,-100.74
518.25,-100.87
518.26,-99.67
518.27,-99.61
518.28,-103.82
518.29,-97.94
518.30,-97.74
518.31,-99.89
518.32,-98.32
518.33,-97.27
518.34,-101.53
518.35,-98.17
518.37,-96.80
518.38,-101.68
518.39,-97.73
518.40,-94.83
518.41,-99.14
518.42,-98.31
518.43,-94.79
518.44,-97.14
518.45,-99.29
518.46,-94.06
518.47,-95.06
518.48,-100.94
518.50,-94.10
518.51,-94.95
518.52,-102.28
518.53,-93.54
518.54,-93.52
518.55,-103.67
518.56,-95.63
518.57,-95.52
518.58,-101.51
518.59,-95.30
518.60,-95.25
518.61,-102.79
518.63,-97.52
518.64,-96.80
518.65,-102.99
518.66,-98.99
518.67,-97.06
518.68,-99.67
518.69,-101.94
518.70,-98.50
518.71,-100.39
518.72,-98.76
518.73,-94.80
518.75,-98.46
518.76,-99.23
518.77,-95.43
518.78,-96.47
518.79,-101.92
518.80,-97.14
518.81,-98.10
518.82,-102.37
518.83,-96.23
518.84,-96.44
518.85,-101.95
518.86,-97.10
518.88,-97.22
518.89,-104.37
518.90,-100.72
518.91,-100.50
518.92,-104.54
518.93,-103.82
518.94,-99.75
518.95,-103.24
518.96,-101.31
518.97,-100.02
518.98,-102.31
518.99,-101.24
519.01,-99.07
519.02,-101.71
519.03,-101.46
519.04,-95.84
519.05,-97.49
519.06,-102.43
519.07,-94.91
519.08,-95.84
519.09,-100.37
519.10,-92.90
519.11,-93.42
519.12,-102.47
519.14,-93.66
519.15,-93.67
519.16,-100.69
519.17,-93.16
519.18,-93.29
519.19,-100.06
519.20,-96.69
519.21,-96.69
519.22,-100.10
519.23,-100.81
519.24,-100.73
519.25,-99.19
519.27,-99.63
519.28,-98.38
519.29,-100.71
519.30,-99.80
519.31,-95.86
519.32,-97.89
519.33,-96.61
519.34,-93.24
519.35,-95.29
519.36,-99.21
519.37,-93.53
519.39,-94.83
519.40,-99.07
519.41,-94.04
519.42,-95.21
519.43,-98.74
519.44,-94.17
519.45,-94.33
519.46,-98.82
519.47,-91.28
519.48,-91.13
519.49,-100.15
519.50,-88.20
519.52,-87.77
519.53,-96.36
519.54,-86.01
519.55,-85.18
519.56,-93.32
519.57,-84.84
519.58,-83.22
519.59,-89.51
519.60,-85.03
519.61,-81.54
519.62,-86.05
519.63,-85.78
519.65,-80.05
519.66,-82.93
519.67,-87.97
519.68,-79.52
519.69,-80.85
519.70,-80.23
519.71,-70.62
519.72,-71.50
519.73,-91.68
519.74,-80.35
519.75,-80.52
519.76,-96.19
519.78,-82.27
519.79,-82.11
519.80,-94.29
519.81,-84.26
519.82,-83.86
519.83,-94.57
519.84,-88.50
519.85,-87.23
519.86,-94.73
519.87,-93.17
519.88,-90.27
519.89,-94.84
519.91,-98.16
519.92,-95.09
519.93,-96.34
519.94,-97.50
519.95,-94.69
519.96,-95.97
519.96,-98.31
519.97,-94.72
519.98,-90.64
519.99,-92.94
520.00,-93.12
520.01,-90.03
520.03,-90.69
520.04,-98.31
520.05,-88.10
520.06,-88.30
520.07,-96.77
520.08,-87.66
520.09,-87.54
520.10,-98.00
520.11,-88.01
520.12,-87.57
520.13,-96.25
520.14,-90.79
520.16,-89.14
520.17,-97.26
520.18,-93.59
520.19,-91.23
520.20,-95.08
520.21,-97.11
520.22,-92.57
520.23,-95.57
520.24,-100.12
520.25,-94.21
520.26,-95.28
520.27,-100.83
520.29,-95.63
520.30,-96.31
520.31,-101.23
520.32,-94.23
520.33,-95.46
520.34,-101.02
520.35,-93.59
520.36,-93.57
520.37,-103.63
520.38,-93.13
520.39,-92.93
520.40,-101.42
520.42,-92.96
520.43,-92.38
520.44,-99.06
520.45,-95.71
520.46,-94.10
520.47,-101.84
520.48,-97.24
520.49,-95.17
520.50,-100.06
520.51,-100.12
520.52,-96.96
520.53,-100.02
520.55,-103.10
520.56,-99.42
520.57,-102.02
520.58,-103.10
520.59,-101.85
520.60,-104.28
520.61,-104.77
520.62,-101.92
520.63,-102.04
520.64,-103.51
520.65,-99.34
520.67,-99.36
520.68,-105.61
520.69,-98.86
520.70,-98.93
520.71,-104.05
520.72,-99.95
520.73,-99.83
520.74,-104.85
520.75,-105.89
520.76,-105.45
520.77,-103.66
520.78,-103.50
520.80,-103.05
520.81,-106.44
520.82,-102.42
520.83,-102.38
520.84,-103.82
520.85,-102.45
520.86,-98.28
520.87,-100.57
520.88,-105.42
520.89,-99.07
520.90,-100.06
520.91,-102.83
520.93,-99.22
520.94,-99.74
520.95,-104.80
520.96,-101.80
520.97,-101.60
520.98,-106.00
520.99,-103.62
521.00,-103.85
521.01,-104.98
521.02,-104.93
521.03,-106.41
521.04,-106.74
521.06,-104.49
521.07,-104.05
521.08,-104.19
521.09,-104.38
521.10,-102.84
521.11,-104.53
521.12,-102.81
521.13,-100.50
521.14,-102.78
521.15,-103.17
521.16,-101.40
521.17,-104.05
521.19,-104.54
521.20,-102.23
521.21,-103.26
521.22,-103.23
521.23,-100.94
521.24,-102.25
521.25,-104.18
521.26,-101.45
521.27,-101.68
521.28,-104.40
521.29,-103.06
521.31,-104.08
521.32,-103.68
521.33,-102.15
521.34,-103.84
521.35,-105.47
521.36,-104.56
521.37,-104.94
521.38,-105.34
521.39,-105.63
521.40,-101.76
521.41,-101.29
521.42,-103.59
521.44,-101.09
521.45,-103.10
521.46,-105.32
521.47,-102.72
521.48,-104.00
521.49,-104.60
521.50,-102.15
521.51,-102.75
521.52,-105.94
521.53,-101.73
521.54,-101.71
521.55,-103.16
521.57,-101.93
521.58,-102.04
521.59,-105.54
521.60,-100.69
521.61,-100.30
521.62,-105.92
521.63,-103.33
521.64,-103.26
521.65,-107.41
521.66,-101.38
521.67,-100.52
521.68,-103.59
521.70,-102.44
521.71,-102.26
521.72,-103.62
521.73,-102.09
521.74,-101.76
521.75,-103.58
521.76,-103.08
521.77,-98.87
521.78,-100.65
521.79,-103.51
521.80,-102.74
521.81,-103.35
521.83,-104.45
521.84,-101.78
521.85,-102.11
521.86,-103.83
521.87,-100.64
521.88,-100.73
521.89,-102.16
521.90,-97.68
521.91,-98.59
521.92,-106.13
521.93,-99.96
521.95,-97.83
521.96,-103.32
521.97,-100.68
521.98,-100.25
521.99,-102.01
522.00,-100.32
522.01,-99.97
522.02,-103.35
522.03,-102.20
522.04,-100.14
522.05,-102.12
522.06,-103.69
522.08,-101.04
522.09,-101.81
522.10,-103.38
522.11,-102.49
522.12,-103.50
522.13,-102.45
522.14,-102.47
522.15,-104.32
522.16,-104.21
522.17,-102.16
522.18,-101.46
522.19,-101.43
522.21,-99.72
522.22,-99.67
522.23,-101.27
522.24,-99.57
522.25,-99.55
522.26,-103.20
522.27,-101.73
522.28,-102.52
522.29,-103.90
522.30,-103.72
522.31,-103.47
522.32,-101.66
522.34,-101.81
522.35,-102.89
522.36,-104.45
522.37,-102.10
522.38,-101.26
522.39,-102.04
522.40,-102.37
522.41,-102.47
522.42,-101.83
522.43,-102.08
522.44,-101.76
522.46,-100.36
522.47,-101.24
522.48,-101.07
522.49,-101.70
522.50,-101.86
522.51,-101.07
522.52,-102.86
522.53,-102.97
522.54,-101.90
522.55,-100.87
522.56,-101.61
522.57,-101.77
522.59,-102.15
522.60,-104.24
522.61,-102.06
522.62,-102.62
522.63,-102.57
522.64,-101.39
522.65,-101.24
522.66,-102.98
522.67,-103.22
522.68,-102.10
522.69,-97.88
522.70,-99.09
522.72,-99.84
522.73,-101.53
522.74,-100.23
522.75,-98.25
522.76,-97.98
522.77,-98.80
522.78,-102.50
522.79,-101.94
522.80,-101.05
522.81,-98.36
522.82,-95.53
522.83,-97.13
522.85,-101.87
522.86,-101.12
522.87,-101.04
522.88,-101.72
522.89,-99.07
522.90,-100.56
522.91,-100.80
522.92,-101.12
522.93,-103.45
522.94,-101.61
522.95,-101.79
522.96,-101.77
522.98,-102.38
522.99,-105.02
523.00,-101.55
523.01,-101.62
523.02,-103.44
523.03,-103.42
523.04,-102.37
523.05,-104.04
523.06,-103.96
523.07,-102.12
523.08,-104.04
523.10,-104.06
523.11,-103.42
523.12,-103.12
523.13,-103.27
523.14,-103.64
523.15,-103.88
523.16,-104.17
523.17,-104.47
523.18,-105.15
523.19,-103.23
523.20,-103.45
523.21,-104.08
523.23,-103.08
523.24,-103.35
523.25,-99.83
523.26,-99.83
523.27,-98.58
523.28,-105.83
523.29,-98.81
523.30,-98.90
523.31,-101.91
523.32,-102.03
523.33,-99.95
523.34,-99.25
523.36,-101.03
523.37,-101.05
523.38,-103.72
523.39,-102.95
523.40,-99.67
523.41,-94.23
523.42,-94.18
523.43,-100.58
523.44,-100.97
523.45,-97.66
523.46,-99.60
523.47,-98.77
523.49,-91.56
523.50,-92.23
523.51,-98.71
523.52,-97.83
523.53,-94.86
523.54,-94.47
523.55,-93.02
523.56,-87.49
523.57,-88.78
523.58,-95.50
523.59,-94.75
523.60,-95.34
523.62,-97.88
523.63,-96.03
523.64,-91.70
523.65,-94.83
523.66,-101.90
523.67,-96.99
523.68,-97.92
523.69,-102.22
523.70,-95.61
523.71,-95.02
523.72,-99.58
523.74,-102.52
523.75,-102.78
523.76,-102.64
523.77,-100.49
523.78,-101.20
523.79,-101.10
523.80,-102.15
523.81,-105.04
523.82,-104.69
523.83,-104.49
523.84,-100.93
523.85,-101.06
523.87,-102.23
523.88,-102.63
523.89,-103.53
523.90,-102.17
523.91,-104.38
523.92,-102.69
523.93,-100.05
523.94,-101.12
523.95,-103.34
523.96,-104.24
523.97,-104.57
523.98,-104.51
524.00,-104.37
524.01,-102.63
524.02,-104.09
524.03,-102.14
524.04,-104.53
524.05,-105.75
524.06,-106.40
524.07,-104.81
524.08,-104.16
524.09,-103.33
524.10,-103.50
524.11,-104.21
524.13,-105.30
524.14,-106.14
524.15,-103.98
524.16,-103.54
524.17,-106.00
524.18,-104.67
524.19,-101.78
524.20,-100.61
524.21,-105.09
524.22,-100.72
524.23,-100.93
524.24,-104.46
524.26,-105.56
524.27,-104.48
524.28,-104.74
524.29,-103.66
524.30,-102.99
524.31,-102.89
524.32,-104.44
524.33,-104.05
524.34,-105.76
524.35,-107.30
524.36,-106.00
524.38,-105.25
524.39,-105.20
524.40,-105.81
524.41,-105.77
524.42,-105.80
524.43,-104.58
524.44,-103.86
524.45,-105.53
524.46,-106.31
524.47,-104.56
524.48,-105.48
524.49,-105.45
524.51,-106.28
524.52,-106.71
524.53,-105.42
524.54,-104.71
524.55,-106.40
524.56,-107.15
524.57,-106.13
524.58,-104.96
524.59,-104.73
524.60,-104.06
524.61,-102.56
524.62,-102.35
524.64,-106.29
524.65,-106.48
524.66,-106.20
524.67,-103.22
524.68,-103.39
524.69,-105.63
524.70,-105.29
524.71,-106.56
524.72,-106.60
524.73,-108.75
524.74,-104.60
524.75,-104.30
524.77,-103.93
524.78,-104.43
524.79,-106.74
524.80,-106.73
524.81,-104.96
524.82,-102.17
524.83,-103.77
524.84,-103.35
524.85,-104.82
524.86,-105.35
524.87,-104.70
524.88,-105.63
524.90,-104.25
524.91,-104.44
524.92,-106.20
524.93,-107.40
524.94,-106.73
524.95,-106.50
524.95,-104.00
524.96,-105.64
524.97,-105.54
524.98,-106.52
524.99,-103.33
525.00,-102.24
525.02,-104.64
525.03,-104.16
525.04,-104.32
525.05,-104.17
525.06,-107.66
525.07,-107.30
525.08,-106.81
525.09,-106.51
525.10,-106.71
525.11,-103.96
525.12,-104.18
525.13,-105.91
525.15,-106.99
525.16,-103.83
525.17,-103.72
525.18,-106.50
525.19,-105.02
525.20,-104.57
525.21,-104.14
525.22,-104.02
525.23,-103.75
525.24,-104.90
525.25,-105.60
525.26,-106.68
525.28,-104.41
525.29,-104.57
525.30,-104.93
525.31,-105.25
525.32,-105.82
525.33,-106.11
525.34,-104.58
525.35,-104.26
525.36,-104.54
525.37,-105.50
525.38,-104.54
525.39,-104.67
525.41,-104.64
525.42,-103.33
525.43,-104.23
525.44,-106.53
525.45,-105.39
525.46,-105.40
525.47,-104.28
525.48,-102.49
525.49,-102.54
525.50,-105.21
525.51,-103.30
525.52,-102.83
525.54,-102.72
525.55,-102.02
525.56,-98.77
525.57,-96.05
525.58,-96.41
525.59,-95.99
525.60,-99.16
525.61,-98.49
525.62,-96.03
525.63,-93.26
525.64,-89.78
525.66,-90.04
525.67,-95.22
525.68,-97.78
525.69,-98.53
525.70,-99.56
525.71,-97.06
525.72,-97.18
525.73,-99.03
525.74,-99.22
525.75,-102.08
525.76,-103.75
525.77,-102.91
525.79,-103.28
525.80,-104.35
525.81,-102.46
525.82,-102.52
525.83,-102.69
525.84,-102.58
525.85,-103.45
525.86,-102.60
525.87,-103.10
525.88,-103.31
525.89,-103.32
525.90,-104.34
525.92,-103.72
525.93,-103.96
525.94,-105.76
525.95,-105.96
525.96,-105.43
525.97,-104.17
525.98,-103.52
525.99,-102.18
526.00,-101.84
526.01,-104.12
526.02,-104.63
526.03,-104.34
526.05,-103.35
526.06,-104.56
526.07,-103.24
526.08,-104.23
526.09,-103.17
526.10,-103.42
526.11,-104.41
526.12,-101.51
526.13,-100.71
526.14,-101.41
526.15,-105.30
526.16,-103.29
526.18,-101.52
526.19,-102.42
526.20,-102.19
526.21,-101.90
526.22,-102.86
526.23,-102.89
526.24,-104.83
526.25,-105.82
526.26,-104.64
526.27,-105.77
526.28,-103.47
526.30,-102.96
526.31,-103.93
526.32,-102.93
526.33,-103.08
526.34,-106.51
526.35,-105.63
526.36,-104.81
526.37,-106.45
526.38,-104.73
526.39,-104.11
526.40,-103.91
526.41,-106.98
526.43,-106.87
526.44,-106.06
526.45,-105.88
526.46,-104.46
526.47,-104.40
526.48,-105.16
526.49,-105.44
526.50,-104.74
526.51,-105.23
526.52,-101.40
526.53,-100.89
526.54,-106.83
526.56,-106.83
526.57,-104.08
526.58,-104.15
526.59,-105.12
526.60,-103.26
526.61,-103.41
526.62,-104.28
526.63,-104.90
526.64,-104.39
526.65,-102.69
526.66,-105.05
526.67,-104.84
526.69,-103.49
526.70,-103.65
526.71,-105.84
526.72,-104.93
526.73,-104.33
526.74,-105.89
526.75,-104.87
526.76,-104.77
526.77,-107.50
526.78,-107.68
526.79,-107.71
526.80,-104.70
526.82,-104.03
526.83,-104.46
526.84,-104.36
526.85,-105.29
526.86,-105.05
526.87,-103.69
526.88,-104.03
526.89,-103.04
526.90,-103.73
526.91,-102.68
526.92,-103.15
526.94,-103.23
526.95,-104.54
526.96,-103.66
526.97,-103.74
526.98,-105.70
526.99,-101.51
527.00,-101.47
527.01,-104.63
527.02,-104.65
527.03,-103.31
527.04,-104.75
527.05,-102.97
527.07,-103.17
527.08,-105.49
527.09,-105.10
527.10,-104.95
527.11,-104.46
527.12,-104.42
527.13,-103.08
527.14,-103.51
527.15,-103.96
527.16,-104.38
527.17,-105.59
527.18,-105.31
527.20,-104.39
527.21,-105.17
527.22,-106.35
527.23,-105.12
527.24,-104.17
527.25,-104.51
527.26,-105.29
527.27,-104.40
527.28,-104.18
527.29,-103.89
527.30,-105.00
527.31,-106.74
527.33,-106.25
527.34,-104.28
527.35,-102.77
527.36,-101.88
527.37,-101.24
527.38,-104.02
527.39,-104.06
527.40,-105.31
527.41,-104.05
527.42,-103.97
527.43,-105.27
527.45,-104.56
527.46,-103.43
527.47,-102.06
527.48,-104.55
527.49,-103.95
527.50,-100.03
527.51,-101.18
527.52,-102.66
527.53,-102.22
527.54,-102.31
527.55,-102.56
527.56,-100.96
527.58,-103.90
527.59,-103.74
527.60,-103.63
527.61,-104.06
527.62,-102.89
527.63,-104.37
527.64,-104.53
527.65,-103.82
527.66,-104.00
527.67,-103.44
527.68,-103.24
527.69,-104.85
527.71,-102.87
527.72,-103.90
527.73,-104.23
527.74,-104.10
527.75,-104.40
527.76,-102.75
527.77,-101.30
527.78,-102.43
527.79,-104.30
527.80,-104.76
527.81,-103.55
527.82,-105.34
527.84,-105.76
527.85,-103.77
527.86,-102.81
527.87,-102.09
527.88,-100.82
527.89,-101.80
527.90,-100.83
527.91,-101.05
527.92,-102.34
527.93,-101.85
527.94,-102.25
527.95,-102.16
527.97,-102.34
527.98,-103.17
527.99,-101.53
528.00,-99.48
528.01,-101.63
528.02,-102.16
528.03,-101.18
528.04,-101.54
528.05,-101.32
528.06,-100.82
528.07,-101.57
528.09,-100.29
528.10,-100.20
528.11,-101.38
528.12,-101.75
528.13,-99.39
528.14,-99.83
528.15,-100.80
528.16,-99.00
528.17,-99.88
528.18,-104.76
528.19,-104.24
528.20,-102.86
528.22,-101.42
528.23,-102.14
528.24,-102.82
528.25,-102.78
528.26,-101.86
528.27,-101.99
528.28,-101.94
528.29,-100.86
528.30,-101.05
528.31,-101.76
528.32,-101.99
528.33,-99.83
528.35,-97.55
528.36,-95.11
528.37,-96.59
528.38,-92.22
528.39,-91.97
528.40,-91.57
528.41,-92.35
528.42,-93.54
528.43,-94.13
528.44,-98.35
528.45,-100.61
528.46,-95.05
528.48,-94.81
528.49,-100.53
528.50,-100.87
528.51,-103.61
528.52,-101.11
528.53,-100.52
528.54,-99.31
528.55,-99.15
528.56,-100.65
528.57,-103.07
528.58,-102.08
528.59,-101.32
528.61,-102.57
528.62,-103.50
528.63,-103.29
528.64,-103.58
528.65,-102.87
528.66,-101.65
528.67,-101.61
528.68,-103.19
528.69,-102.37
528.70,-100.61
528.71,-100.31
528.73,-101.88
528.74,-103.96
528.75,-101.78
528.76,-102.63
528.77,-104.15
528.78,-104.88
528.79,-102.46
528.80,-102.51
528.81,-103.49
528.82,-99.83
528.83,-101.10
528.84,-103.37
528.86,-103.96
528.87,-103.08
528.88,-105.25
528.89,-101.59
528.90,-103.15
528.91,-103.02
528.92,-101.99
528.93,-102.08
528.94,-103.29
528.95,-100.03
528.96,-100.14
528.97,-104.28
528.99,-101.69
529.00,-100.41
529.01,-101.32
529.02,-103.34
529.03,-103.52
529.04,-101.99
529.05,-102.96
529.06,-102.79
529.07,-103.49
529.08,-102.70
529.09,-103.86
529.10,-104.66
529.12,-103.69
529.13,-101.85
529.14,-101.13
529.15,-103.53
529.16,-104.08
529.17,-101.35
529.18,-100.80
529.19,-102.44
529.20,-101.66
529.21,-103.94
529.22,-104.01
529.23,-104.36
529.25,-104.77
529.26,-102.09
529.27,-101.76
529.28,-101.76
529.29,-104.52
529.30,-103.30
529.31,-102.04
529.32,-103.48
529.33,-101.70
529.34,-101.38
529.35,-101.44
529.37,-104.76
529.38,-104.93
529.39,-102.99
529.40,-102.39
529.41,-101.14
529.42,-100.91
529.43,-104.29
529.44,-104.23
529.45,-103.89
529.46,-102.24
529.47,-102.46
529.48,-100.93
529.50,-101.14
529.51,-103.45
529.52,-102.91
529.53,-103.21
529.54,-102.36
529.55,-99.62
529.56,-100.57
529.57,-102.95
529.58,-101.90
529.59,-101.32
529.60,-102.54
529.61,-100.60
529.63,-101.27
529.64,-102.38
529.65,-101.99
529.66,-102.33
529.67,-105.08
529.68,-104.32
529.69,-100.93
529.70,-101.08
529.71,-101.32
529.72,-103.81
529.73,-100.40
529.74,-99.02
529.76,-99.64
529.77,-102.64
529.78,-100.14
529.79,-101.34
529.80,-101.31
529.81,-101.42
529.82,-101.52
529.83,-99.83
529.84,-100.15
529.85,-99.90
529.86,-100.80
529.87,-100.41
529.89,-100.85
529.90,-101.67
529.91,-100.53
529.92,-101.53
529.93,-98.87
529.94,-97.82
529.94,-100.50
529.95,-101.24
529.96,-101.99
529.97,-102.24
529.98,-103.02
529.99,-97.18
530.01,-96.44
530.02,-100.65
530.03,-100.14
530.04,-100.35
530.05,-103.44
530.06,-101.66
530.07,-100.33
530.08,-99.95
530.09,-101.42
530.10,-102.27
530.11,-101.31
530.12,-99.70
530.14,-100.25
530.15,-98.17
530.16,-95.79
530.17,-98.28
530.18,-99.44
530.19,-99.16
530.20,-100.57
530.21,-99.62
530.22,-98.59
530.23,-96.87
530.24,-96.86
530.25,-98.34
530.27,-98.84
530.28,-98.38
530.29,-93.81
530.30,-91.25
530.31,-91.32
530.32,-91.70
530.33,-92.73
530.34,-92.03
530.35,-92.40
530.36,-88.02
530.37,-86.22
530.38,-87.74
530.40,-90.66
530.41,-93.48
530.42,-91.01
530.43,-91.18
530.44,-87.32
530.45,-86.12
530.46,-90.46
530.47,-91.61
530.48,-95.10
530.49,-92.78
530.50,-96.50
530.51,-91.87
530.53,-91.61
530.54,-95.56
530.55,-97.07
530.56,-97.78
530.57,-96.49
530.58,-98.26
530.59,-96.57
530.60,-94.63
530.61,-99.30
530.62,-100.01
530.63,-100.42
530.65,-101.83
530.66,-100.14
530.67,-95.58
530.68,-96.03
530.69,-98.59
530.70,-101.28
530.71,-101.47
530.72,-100.83
530.73,-100.60
530.74,-98.78
530.75,-98.75
530.76,-100.01
530.78,-103.34
530.79,-101.72
530.80,-99.55
530.81,-99.38
530.82,-99.08
530.83,-99.29
530.84,-102.54
530.85,-101.46
530.86,-101.47
530.87,-102.16
530.88,-101.42
530.89,-100.80
530.91,-99.10
530.92,-98.75
530.93,-101.18
530.94,-103.45
530.95,-102.17
530.96,-100.55
530.97,-100.34
530.98,-103.54
530.99,-103.35
531.00,-103.49
531.01,-103.28
531.02,-102.93
531.04,-99.94
531.05,-100.86
531.06,-103.35
531.07,-102.90
531.08,-102.47
531.09,-103.13
531.10,-101.81
531.11,-101.45
531.12,-102.22
531.13,-103.28
531.14,-103.00
531.15,-103.31
531.17,-102.02
531.18,-99.78
531.19,-98.55
531.20,-96.20
531.21,-94.15
531.22,-93.03
531.23,-94.10
531.24,-93.26
531.25,-93.23
531.26,-95.09
531.27,-90.70
531.29,-86.79
531.30,-85.95
531.31,-89.84
531.32,-91.33
531.33,-94.04
531.34,-93.05
531.35,-93.07
531.36,-92.99
531.37,-94.34
531.38,-97.80
531.39,-98.95
531.40,-99.63
531.42,-99.29
531.43,-100.16
531.44,-100.17
531.45,-99.47
531.46,-99.37
531.47,-101.76
531.48,-100.62
531.49,-101.49
531.50,-103.20
531.51,-100.84
531.52,-101.46
531.53,-103.70
531.55,-103.01
531.56,-102.14
531.57,-103.40
531.58,-103.92
531.59,-103.98
531.60,-104.49
531.61,-105.32
531.62,-102.97
531.63,-101.19
531.64,-101.27
531.65,-104.06
531.66,-104.09
531.68,-104.54
531.69,-102.61
531.70,-100.18
531.71,-98.66
531.72,-98.74
531.73,-98.95
531.74,-98.45
531.75,-98.31
531.76,-99.10
531.77,-94.93
531.78,-94.80
531.79,-98.71
531.81,-100.11
531.82,-100.23
531.83,-99.83
531.84,-101.19
531.85,-100.36
531.86,-101.02
531.87,-101.24
531.88,-104.55
531.89,-105.62
531.90,-104.47
531.91,-104.27
531.93,-102.98
531.94,-102.96
531.95,-102.66
531.96,-103.75
531.97,-103.82
531.98,-104.01
531.99,-104.00
532.00,-102.10
532.01,-103.98
532.02,-104.62
532.03,-103.24
532.04,-103.95
532.06,-104.24
532.07,-104.85
532.08,-105.57
532.09,-106.28
532.10,-105.13
532.11,-106.66
532.12,-106.21
532.13,-104.06
532.14,-104.58
532.15,-102.93
532.16,-102.54
532.17,-102.07
532.19,-104.44
532.20,-102.27
532.21,-102.84
532.22,-103.16
532.23,-103.60
532.24,-105.36
532.25,-103.53
532.26,-99.10
532.27,-99.21
532.28,-102.74
532.29,-102.99
532.30,-102.10
532.32,-103.30
532.33,-104.91
532.34,-105.26
532.35,-105.80
532.36,-104.45
532.37,-101.88
532.38,-102.37
532.39,-102.56
532.40,-102.65
532.41,-104.46
532.42,-103.75
532.43,-103.67
532.45,-106.21
532.46,-104.98
532.47,-105.70
532.48,-104.22
532.49,-104.35
532.50,-102.27
532.51,-102.05
532.52,-99.98
532.53,-100.90
532.54,-102.30
532.55,-102.33
532.57,-103.29
532.58,-102.92
532.59,-103.07
532.60,-102.45
532.61,-102.76
532.62,-102.45
532.63,-101.67
532.64,-100.49
532.65,-103.58
532.66,-99.07
532.67,-98.36
532.68,-101.76
532.70,-102.83
532.71,-100.78
532.72,-100.40
532.73,-99.49
532.74,-101.20
532.75,-99.63
532.76,-99.92
532.77,-101.99
532.78,-102.51
532.79,-100.35
532.80,-102.46
532.81,-104.36
532.83,-101.20
532.84,-100.67
532.85,-100.79
532.86,-101.70
532.87,-102.87
532.88,-102.88
532.89,-100.98
532.90,-103.12
532.91,-103.77
532.92,-102.67
532.93,-102.94
532.94,-104.30
532.96,-104.21
532.97,-102.61
532.98,-101.93
532.99,-102.96
533.00,-102.14
533.01,-101.35
533.02,-101.47
533.03,-102.11
533.04,-102.62
533.05,-103.74
533.06,-100.89
533.08,-101.01
533.09,-104.86
533.10,-101.79
533.11,-101.52
533.12,-105.51
533.13,-104.62
533.14,-103.76
533.15,-103.09
533.16,-104.11
533.17,-105.54
533.18,-103.07
533.19,-102.62
533.21,-105.41
533.22,-103.12
533.23,-102.14
533.24,-102.81
533.25,-101.33
533.26,-102.44
533.27,-100.85
533.28,-100.54
533.29,-103.45
533.30,-103.71
533.31,-101.78
533.32,-100.44
533.34,-99.95
533.35,-102.66
533.36,-103.85
533.37,-102.61
533.38,-103.28
533.39,-102.98
533.40,-102.79
533.41,-100.53
533.42,-100.81
533.43,-103.22
533.44,-103.60
533.45,-102.73
533.47,-102.73
533.48,-102.62
533.49,-102.26
533.50,-101.39
533.51,-101.63
533.52,-100.55
533.53,-101.03
533.54,-102.78
533.55,-102.58
533.56,-102.65
533.57,-103.43
533.58,-102.71
533.60,-102.17
533.61,-102.08
533.62,-103.88
533.63,-102.07
533.64,-102.82
533.65,-102.43
533.66,-102.35
533.67,-99.52
533.68,-100.53
533.69,-101.12
533.70,-100.83
533.72,-102.31
533.73,-101.32
533.74,-101.79
533.75,-99.50
533.76,-100.19
533.77,-100.13
533.78,-101.92
533.79,-100.70
533.80,-102.57
533.81,-102.36
533.82,-102.89
533.83,-102.82
533.85,-99.20
533.86,-98.35
533.87,-100.77
533.88,-101.58
533.89,-102.89
533.90,-103.70
533.91,-101.19
533.92,-101.80
533.93,-99.92
533.94,-99.94
533.95,-102.50
533.96,-103.39
533.98,-101.94
533.99,-102.09
534.00,-100.45
534.01,-101.62
534.02,-101.17
534.03,-99.60
534.04,-97.79
534.05,-96.04
534.06,-97.69
534.07,-99.69
534.08,-96.07
534.09,-93.91
534.11,-92.45
534.12,-91.55
534.13,-95.11
534.14,-96.51
534.15,-96.53
534.16,-98.73
534.17,-100.93
534.18,-97.79
534.19,-97.66
534.20,-98.73
534.21,-98.42
534.22,-100.44
534.24,-101.63
534.25,-100.08
534.26,-101.57
534.27,-102.40
534.28,-103.75
534.29,-102.59
534.30,-103.01
534.31,-100.69
534.32,-100.25
534.33,-102.44
534.34,-100.48
534.36,-100.18
534.37,-101.12
534.38,-100.63
534.39,-101.50
534.40,-101.43
534.41,-103.06
534.42,-101.63
534.43,-101.60
534.44,-103.17
534.45,-101.78
534.46,-101.86
534.47,-102.10
534.49,-101.63
534.50,-101.86
534.51,-101.55
534.52,-98.31
534.53,-98.36
534.54,-103.04
534.55,-101.77
534.56,-100.01
534.57,-102.47
534.58,-99.74
534.59,-98.93
534.60,-98.68
534.62,-101.43
534.63,-101.38
534.64,-102.38
534.65,-102.94
534.66,-102.52
534.67,-101.66
534.68,-99.88
534.69,-100.21
534.70,-102.67
534.71,-103.64
534.72,-100.74
534.73,-101.88
534.75,-102.76
534.76,-103.06
534.77,-103.78
534.78,-102.75
534.79,-102.74
534.80,-105.00
534.81,-102.36
534.82,-101.54
534.83,-105.22
534.84,-103.05
534.85,-103.28
534.86,-103.26
534.88,-104.71
534.89,-102.80
534.90,-101.95
534.91,-101.06
534.92,-101.09
534.93,-100.80
534.93,-104.61
534.94,-106.75
534.95,-104.30
534.96,-101.65
534.97,-101.84
534.98,-103.73
535.00,-100.06
535.01,-102.15
535.02,-104.81
535.03,-103.79
535.04,-102.45
535.05,-101.41
535.06,-101.53
535.07,-101.15
535.08,-100.65
535.09,-101.06
535.10,-102.29
535.11,-100.78
535.13,-103.10
535.14,-103.25
535.15,-101.95
535.16,-102.02
535.17,-103.13
535.18,-102.42
535.19,-101.33
535.20,-102.89
535.21,-103.37
535.22,-103.60
535.23,-105.64
535.24,-103.74
535.26,-103.28
535.27,-103.36
535.28,-103.13
535.29,-101.22
535.30,-101.42
535.31,-101.98
535.32,-103.75
535.33,-103.72
535.34,-102.57
535.35,-102.88
535.36,-104.52
535.37,-101.63
535.39,-101.47
535.40,-101.48
535.41,-101.03
535.42,-102.34
535.43,-101.04
535.44,-101.26
535.45,-102.95
535.46,-102.98
535.47,-101.65
535.48,-100.02
535.49,-102.03
535.50,-102.83
535.52,-100.52
535.53,-100.62
535.54,-103.65
535.55,-103.08
535.56,-102.05
535.57,-102.48
535.58,-103.74
535.59,-104.38
535.60,-101.58
535.61,-100.39
535.62,-101.32
535.64,-104.60
535.65,-105.40
535.66,-103.64
535.67,-104.13
535.68,-104.06
535.69,-101.17
535.70,-100.47
535.71,-102.86
535.72,-103.67
535.73,-104.67
535.74,-101.95
535.75,-103.79
535.77,-103.92
535.78,-102.06
535.79,-102.62
535.80,-104.68
535.81,-107.61
535.82,-105.22
535.83,-103.49
535.84,-102.63
535.85,-102.96
535.86,-103.32
535.87,-104.08
535.88,-104.26
535.90,-100.93
535.91,-100.30
535.92,-102.57
535.93,-101.02
535.94,-100.91
535.95,-100.26
535.96,-100.79
535.97,-101.23
535.98,-100.15
535.99,-102.05
536.00,-103.25
536.01,-100.94
536.03,-101.24
536.04,-102.49
536.05,-101.21
536.06,-100.88
536.07,-102.23
536.08,-102.66
536.09,-104.26
536.10,-104.54
536.11,-102.38
536.12,-102.18
536.13,-100.76
536.14,-101.64
536.16,-103.90
536.17,-102.74
536.18,-102.35
536.19,-103.67
536.20,-102.78
536.21,-102.51
536.22,-102.42
536.23,-102.59
536.24,-101.82
536.25,-103.19
536.26,-103.60
536.28,-104.61
536.29,-104.05
536.30,-101.22
536.31,-95.94
536.32,-97.02
536.33,-104.28
536.34,-103.07
536.35,-103.56
536.36,-103.33
536.37,-102.55
536.38,-103.28
536.39,-100.66
536.41,-100.42
536.42,-102.02
536.43,-101.48
536.44,-101.29
536.45,-97.29
536.46,-98.07
536.47,-102.04
536.48,-102.16
536.49,-102.27
536.50,-102.63
536.51,-101.26
536.52,-101.21
536.54,-103.04
536.55,-101.81
536.56,-103.44
536.57,-102.89
536.58,-102.42
536.59,-105.76
536.60,-105.92
536.61,-101.27
536.62,-99.40
536.63,-101.42
536.64,-102.04
536.65,-102.83
536.67,-103.25
536.68,-105.05
536.69,-104.65
536.70,-104.18
536.71,-104.27
536.72,-104.42
536.73,-103.68
536.74,-101.32
536.75,-101.42
536.76,-104.12
536.77,-104.65
536.78,-102.61
536.80,-102.41
536.81,-102.16
536.82,-101.08
536.83,-100.92
536.84,-100.00
536.85,-96.59
536.86,-94.27
536.87,-93.74
536.88,-94.17
536.89,-96.05
536.90,-96.18
536.92,-92.24
536.93,-91.65
536.94,-87.97
536.95,-89.85
536.96,-95.66
536.97,-96.09
536.98,-95.89
536.99,-95.51
537.00,-97.11
537.01,-97.26
537.02,-96.76
537.03,-98.03
537.05,-99.96
537.06,-101.70
537.07,-102.17
537.08,-101.88
537.09,-102.37
537.10,-102.79
537.11,-102.60
537.12,-101.57
537.13,-101.83
537.14,-103.54
537.15,-102.58
537.16,-101.20
537.18,-100.13
537.19,-100.53
537.20,-100.50
537.21,-100.47
537.22,-103.04
537.23,-101.38
537.24,-101.29
537.25,-102.21
537.26,-101.85
537.27,-101.78
537.28,-101.22
537.29,-100.29
537.31,-102.24
537.32,-103.11
537.33,-101.51
537.34,-98.13
537.35,-97.34
537.36,-96.47
537.37,-97.66
537.38,-97.33
537.39,-97.48
537.40,-95.80
537.41,-92.80
537.42,-91.01
537.44,-92.54
537.45,-97.79
537.46,-97.98
537.47,-98.24
537.48,-99.19
537.49,-99.17
537.50,-98.60
537.51,-98.85
537.52,-100.06
537.53,-100.64
537.54,-102.30
537.56,-100.66
537.57,-101.25
537.58,-101.51
537.59,-99.87
537.60,-100.48
537.61,-103.05
537.62,-103.11
537.63,-101.58
537.64,-101.77
537.65,-102.52
537.66,-102.05
537.67,-103.47
537.69,-102.67
537.70,-100.67
537.71,-100.55
537.72,-101.62
537.73,-101.67
537.74,-101.39
537.75,-101.71
537.76,-100.81
537.77,-101.00
537.78,-104.09
537.79,-104.92
537.80,-103.72
537.82,-102.26
537.83,-101.71
537.84,-99.52
537.85,-98.97
537.86,-100.12
537.87,-100.49
537.88,-98.46
537.89,-96.62
537.90,-96.58
537.91,-95.51
537.92,-99.42
537.93,-100.21
537.95,-99.92
537.96,-102.18
537.97,-101.62
537.98,-100.64
537.99,-100.45
538.00,-101.14
538.01,-99.42
538.02,-100.18
538.03,-99.79
538.04,-99.49
538.05,-99.96
538.07,-101.58
538.08,-103.23
538.09,-103.25
538.10,-100.97
538.11,-98.56
538.12,-98.57
538.13,-101.81
538.14,-102.73
538.15,-102.74
538.16,-101.07
538.17,-101.45
538.18,-99.05
538.20,-99.27
538.21,-102.36
538.22,-101.69
538.23,-102.64
538.24,-102.20
538.25,-100.89
538.26,-100.90
538.27,-100.41
538.28,-100.14
538.29,-100.22
538.30,-99.19
538.31,-99.58
538.33,-101.49
538.34,-101.59
538.35,-100.32
538.36,-99.89
538.37,-100.17
538.38,-99.31
538.39,-100.30
538.40,-98.96
538.41,-100.91
538.42,-100.57
538.43,-100.31
538.44,-100.20
538.46,-101.65
538.47,-102.48
538.48,-101.11
538.49,-101.28
538.50,-102.38
538.51,-101.13
538.52,-101.05
538.53,-101.21
538.54,-103.81
538.55,-103.34
538.56,-103.22
538.57,-103.27
538.59,-104.01
538.60,-103.51
538.61,-102.84
538.62,-102.90
538.63,-103.45
538.64,-102.04
538.65,-102.94
538.66,-102.76
538.67,-102.05
538.68,-103.24
538.69,-102.73
538.71,-103.09
538.72,-101.93
538.73,-101.78
538.74,-101.33
538.75,-102.32
538.76,-102.28
538.77,-99.64
538.78,-99.83
538.79,-102.22
538.80,-103.72
538.81,-100.75
538.82,-101.12
538.84,-100.35
538.85,-101.61
538.86,-100.90
538.87,-100.11
538.88,-100.31
538.89,-100.50
538.90,-95.13
538.91,-94.09
538.92,-92.74
538.93,-92.01
538.94,-94.57
538.95,-99.46
538.97,-95.73
538.98,-95.39
538.99,-91.93
539.00,-92.33
539.01,-92.29
539.02,-97.57
539.03,-100.30
539.04,-96.82
539.05,-96.84
539.06,-95.30
539.07,-94.81
539.08,-94.87
539.10,-101.29
539.11,-100.81
539.12,-100.07
539.13,-98.98
539.14,-98.75
539.15,-99.35
539.16,-100.03
539.17,-103.79
539.18,-105.05
539.19,-103.32
539.20,-103.33
539.21,-102.78
539.23,-101.98
539.24,-101.96
539.25,-100.15
539.26,-99.52
539.27,-99.81
539.28,-99.11
539.29,-100.50
539.30,-101.70
539.31,-99.45
539.32,-99.30
539.33,-99.80
539.35,-102.55
539.36,-98.47
539.37,-98.78
539.38,-100.99
539.39,-101.14
539.40,-101.30
539.41,-101.80
539.42,-104.93
539.43,-103.06
539.44,-99.60
539.45,-99.60
539.46,-100.86
539.48,-101.05
539.49,-101.12
539.50,-98.95
539.51,-102.47
539.52,-101.99
539.53,-102.39
539.54,-100.96
539.55,-100.69
539.56,-100.61
539.57,-100.72
539.58,-99.13
539.59,-99.34
539.61,-100.57
539.62,-101.61
539.63,-100.88
539.64,-101.34
539.65,-101.50
539.66,-101.64
539.67,-101.45
539.68,-99.54
539.69,-99.61
539.70,-100.70
539.71,-100.41
539.72,-100.09
539.74,-102.20
539.75,-99.15
539.76,-94.42
539.77,-96.35
539.78,-99.19
539.79,-100.21
539.80,-99.38
539.81,-100.75
539.82,-99.71
539.83,-98.94
539.84,-98.86
539.85,-98.89
539.87,-99.26
539.88,-101.05
539.89,-100.49
539.90,-102.31
539.91,-103.42
539.92,-103.11
539.92,-100.54
539.93,-100.41
539.94,-100.10
539.95,-101.10
539.96,-101.32
539.97,-99.59
539.99,-99.49
540.00,-96.53
540.01,-97.03
540.02,-98.48
540.03,-98.50
540.04,-101.34
540.05,-98.92
540.06,-98.01
540.07,-98.19
540.08,-99.31
540.09,-102.35
540.10,-98.65
540.12,-97.23
540.13,-98.10
540.14,-97.11
540.15,-98.01
540.16,-99.51
540.17,-99.26
540.18,-97.00
540.19,-96.12
540.20,-97.34
540.21,-97.48
540.22,-101.80
540.23,-96.55
540.25,-92.35
540.26,-93.95
540.27,-101.39
540.28,-100.65
540.29,-99.71
540.30,-98.32
540.31,-98.57
540.32,-99.53
540.33,-100.39
540.34,-100.24
540.35,-101.90
540.36,-101.64
540.38,-100.82
540.39,-100.84
540.40,-100.50
540.41,-100.69
540.42,-100.59
540.43,-100.32
540.44,-97.60
540.45,-98.44
540.46,-100.20
540.47,-102.39
540.48,-102.13
540.49,-101.81
540.51,-99.80
540.52,-99.40
540.53,-98.83
540.54,-99.94
540.55,-102.15
540.56,-100.97
540.57,-99.57
540.58,-101.18
540.59,-96.84
540.60,-96.85
540.61,-99.47
540.63,-97.98
540.64,-94.34
540.65,-90.00
540.66,-88.06
540.67,-86.63
540.68,-84.12
540.69,-84.93
540.70,-88.43
540.71,-90.99
540.72,-91.09
540.73,-95.94
540.74,-96.98
540.76,-99.51
540.77,-100.43
540.78,-100.38
540.79,-100.09
540.80,-98.92
540.81,-98.03
540.82,-98.28
540.83,-100.20
540.84,-100.66
540.85,-100.52
540.86,-101.18
540.87,-102.37
540.89,-100.83
540.90,-100.82
540.91,-103.55
540.92,-103.38
540.93,-102.87
540.94,-101.75
540.95,-102.50
540.96,-102.37
540.97,-102.48
540.98,-101.14
540.99,-101.59
541.00,-102.51
541.02,-101.98
541.03,-102.39
541.04,-102.06
541.05,-101.97
541.06,-100.20
541.07,-102.33
541.08,-99.95
541.09,-100.25
541.10,-99.98
541.11,-99.99
541.12,-99.23
541.13,-100.47
541.15,-101.01
541.16,-101.25
541.17,-102.05
541.18,-101.21
541.19,-103.76
541.20,-102.64
541.21,-99.26
541.22,-98.87
541.23,-102.36
541.24,-103.57
541.25,-100.71
541.27,-101.12
541.28,-102.45
541.29,-101.21
541.30,-101.13
541.31,-101.97
541.32,-102.44
541.33,-102.04
541.34,-100.79
541.35,-103.20
541.36,-100.35
541.37,-101.05
541.38,-100.82
541.40,-100.65
541.41,-102.36
541.42,-104.07
541.43,-102.94
541.44,-102.92
541.45,-102.97
541.46,-103.66
541.47,-103.80
541.48,-101.38
541.49,-101.56
541.50,-102.29
541.51,-102.24
541.53,-103.82
541.54,-103.07
541.55,-101.19
541.56,-101.58
541.57,-100.17
541.58,-100.80
541.59,-101.13
541.60,-101.32
541.61,-99.62
541.62,-101.95
541.63,-101.69
541.64,-101.26
541.66,-99.69
541.67,-100.24
541.68,-101.37
541.69,-99.58
541.70,-98.52
541.71,-99.71
541.72,-101.76
541.73,-103.85
541.74,-103.64
541.75,-103.69
541.76,-102.76
541.77,-102.97
541.79,-103.15
541.80,-103.82
541.81,-102.30
541.82,-102.22
541.83,-103.44
541.84,-100.36
541.85,-101.23
541.86,-104.13
541.87,-103.86
541.88,-104.01
541.89,-103.75
541.91,-97.65
541.92,-97.84
541.93,-99.25
541.94,-97.84
541.95,-93.48
541.96,-93.59
541.97,-95.80
541.98,-94.31
541.99,-94.90
542.00,-96.37
542.01,-100.24
542.02,-98.48
542.04,-98.75
542.05,-101.06
542.06,-101.21
542.07,-100.81
542.08,-100.72
542.09,-95.89
542.10,-95.63
542.11,-101.71
542.12,-101.54
542.13,-101.34
542.14,-102.24
542.15,-100.11
542.17,-101.50
542.18,-101.28
542.19,-102.09
542.20,-99.36
542.21,-99.27
542.22,-99.96
542.23,-101.62
542.24,-103.59
542.25,-99.83
542.26,-100.04
542.27,-102.14
542.28,-102.10
542.30,-101.67
542.31,-99.02
542.32,-99.13
542.33,-100.18
542.34,-103.34
542.35,-102.93
542.36,-103.16
542.37,-102.88
542.38,-101.04
542.39,-102.00
542.40,-103.60
542.41,-103.25
542.43,-101.94
542.44,-102.38
542.45,-103.98
542.46,-103.73
542.47,-103.57
542.48,-102.78
542.49,-96.88
542.50,-96.71
542.51,-95.00
542.52,-95.33
542.53,-98.24
542.55,-96.30
542.56,-95.78
542.57,-92.67
542.58,-90.45
542.59,-90.98
542.60,-96.32
542.61,-94.38
542.62,-93.91
542.63,-98.46
542.64,-97.63
542.65,-98.60
542.66,-97.26
542.68,-97.53
542.69,-100.71
542.70,-100.10
542.71,-102.52
542.72,-100.92
542.73,-100.87
542.74,-102.19
542.75,-102.19
542.76,-102.79
542.77,-102.62
542.78,-102.64
542.79,-101.38
542.81,-101.46
542.82,-101.65
542.83,-102.61
542.84,-101.49
542.85,-99.95
542.86,-104.57
542.87,-103.11
542.88,-102.65
542.89,-103.00
542.90,-104.70
542.91,-102.49
542.92,-101.68
542.94,-100.39
542.95,-100.79
542.96,-99.39
542.97,-98.17
542.98,-97.28
542.99,-94.09
543.00,-93.13
543.01,-93.53
543.02,-95.73
543.03,-94.29
543.04,-92.80
543.06,-89.84
543.07,-87.07
543.08,-88.45
543.09,-94.11
543.10,-93.52
543.11,-93.52
543.12,-96.77
543.13,-95.06
543.14,-94.41
543.15,-96.17
543.16,-96.41
543.17,-100.17
543.19,-99.95
543.20,-101.10
543.21,-101.10
543.22,-102.48
543.23,-100.34
543.24,-102.04
543.25,-102.15
543.26,-102.52
543.27,-101.92
543.28,-102.27
543.29,-101.53
543.30,-102.56
543.32,-103.92
543.33,-101.13
543.34,-101.24
543.35,-103.50
543.36,-104.98
543.37,-103.54
543.38,-103.58
543.39,-103.91
543.40,-104.27
543.41,-103.44
543.42,-103.22
543.43,-103.55
543.45,-104.26
543.46,-104.93
543.47,-104.28
543.48,-102.53
543.49,-102.16
543.50,-102.02
543.51,-102.94
543.52,-101.43
543.53,-101.00
543.54,-98.04
543.55,-95.60
543.56,-98.34
543.58,-103.58
543.59,-101.25
543.60,-101.43
543.61,-102.12
543.62,-99.66
543.63,-99.80
543.64,-100.71
543.65,-102.62
543.66,-103.18
543.67,-102.97
543.68,-103.04
543.70,-103.03
543.71,-103.70
543.72,-102.78
543.73,-97.34
543.74,-97.69
543.75,-100.69
543.76,-103.76
543.77,-102.30
543.78,-100.67
543.79,-98.60
543.80,-95.08
543.81,-96.41
543.83,-101.31
543.84,-102.90
543.85,-102.77
543.86,-102.57
543.87,-103.90
543.88,-103.18
543.89,-103.04
543.90,-103.91
543.91,-102.94
543.92,-102.10
543.93,-102.44
543.94,-103.18
543.96,-103.83
543.97,-102.03
543.98,-100.65
543.99,-98.23
544.00,-97.46
544.01,-100.49
544.02,-101.59
544.03,-99.58
544.04,-98.45
544.05,-99.25
544.06,-101.82
544.07,-102.59
544.09,-99.46
544.10,-101.09
544.11,-101.18
544.12,-101.03
544.13,-100.45
544.14,-101.72
544.15,-100.57
544.16,-102.76
544.17,-101.58
544.18,-101.57
544.19,-102.71
544.20,-102.13
544.22,-101.91
544.23,-101.10
544.24,-102.53
544.25,-103.93
544.26,-103.84
544.27,-102.20
544.28,-101.81
544.29,-102.88
544.30,-102.58
544.31,-104.35
544.32,-103.76
544.34,-102.55
544.35,-102.48
544.36,-101.96
544.37,-99.58
544.38,-101.30
544.39,-103.08
544.40,-103.41
544.41,-103.61
544.42,-100.41
544.43,-99.12
544.44,-100.81
544.45,-102.91
544.47,-103.51
544.48,-100.35
544.49,-99.90
544.50,-100.78
544.51,-100.05
544.52,-101.45
544.53,-99.54
544.54,-100.31
544.55,-102.37
544.56,-99.31
544.57,-99.62
544.58,-100.58
544.60,-100.78
544.61,-100.84
544.62,-101.17
544.63,-101.47
544.64,-100.18
544.65,-100.06
544.66,-100.27
544.67,-100.87
544.68,-101.44
544.69,-103.21
544.70,-102.61
544.71,-102.55
544.73,-102.04
544.74,-100.84
544.75,-100.16
544.76,-103.33
544.77,-104.12
544.78,-102.39
544.79,-100.54
544.80,-102.98
544.81,-103.18
544.82,-101.79
544.83,-101.47
544.84,-101.75
544.86,-103.65
544.87,-100.92
544.88,-101.08
544.89,-101.10
544.90,-101.63
544.91,-102.11
544.91,-101.59
544.92,-100.19
544.93,-98.11
544.94,-95.66
544.95,-95.60
544.96,-95.44
544.98,-98.11
544.99,-98.87
545.00,-99.65
545.01,-95.36
545.02,-95.30
545.03,-96.12
545.04,-98.12
545.05,-101.72
545.06,-101.71
545.07,-102.48
545.08,-99.22
545.09,-98.18
545.11,-100.92
545.12,-100.99
545.13,-98.17
545.14,-98.24
545.15,-101.32
545.16,-102.69
545.17,-102.54
545.18,-101.86
545.19,-100.25
545.20,-100.34
545.21,-102.81
545.22,-100.44
545.24,-100.30
545.25,-101.14
545.26,-99.92
545.27,-99.86
545.28,-101.21
545.29,-101.22
545.30,-100.45
545.31,-100.38
545.32,-101.11
545.33,-100.25
545.34,-98.97
545.35,-98.68
545.37,-99.33
545.38,-98.71
545.39,-98.53
545.40,-97.84
545.41,-97.07
545.42,-100.37
545.43,-100.83
545.44,-100.80
545.45,-98.26
545.46,-100.96
545.47,-100.37
545.48,-100.89
545.50,-99.03
545.51,-100.50
545.52,-100.03
545.53,-95.65
545.54,-95.44
545.55,-97.59
545.56,-99.15
545.57,-100.44
545.58,-101.60
545.59,-101.10
545.60,-100.73
545.62,-101.16
545.63,-101.08
545.64,-101.77
545.65,-99.22
545.66,-100.01
545.67,-98.62
545.68,-99.13
545.69,-99.03
545.70,-97.60
545.71,-98.18
545.72,-100.80
545.73,-100.46
545.75,-99.57
545.76,-100.69
545.77,-100.83
545.78,-100.70
545.79,-101.35
545.80,-100.84
545.81,-99.12
545.82,-96.06
545.83,-96.54
545.84,-99.65
545.85,-99.19
545.86,-96.47
545.88,-95.50
545.89,-91.60
545.90,-91.52
545.91,-94.39
545.92,-96.55
545.93,-96.18
545.94,-96.40
545.95,-98.61
545.96,-99.12
545.97,-99.72
545.98,-99.13
545.99,-98.95
546.01,-98.71
546.02,-101.54
546.03,-101.57
546.04,-100.08
546.05,-99.63
546.06,-97.79
546.07,-97.11
546.08,-100.16
546.09,-99.87
546.10,-99.52
546.11,-99.34
546.12,-102.76
546.14,-98.06
546.15,-98.56
546.16,-99.11
546.17,-100.82
546.18,-100.71
546.19,-102.08
546.20,-101.29
546.21,-102.34
546.22,-101.69
546.23,-100.61
546.24,-100.87
546.26,-100.83
546.27,-98.70
546.28,-99.68
546.29,-99.07
546.30,-99.06
546.31,-99.28
546.32,-99.32
546.33,-99.85
546.34,-98.44
546.35,-99.57
546.36,-100.22
546.37,-97.88
546.39,-98.01
546.40,-100.70
546.41,-100.85
546.42,-100.10
546.43,-99.95
546.44,-98.07
546.45,-100.12
546.46,-101.37
546.47,-101.63
546.48,-103.93
546.49,-102.25
546.50,-100.55
546.52,-100.41
546.53,-98.27
546.54,-100.39
546.55,-101.14
546.56,-102.56
546.57,-101.43
546.58,-99.55
546.59,-100.85
546.60,-102.19
546.61,-102.40
546.62,-100.14
546.63,-100.25
546.65,-100.79
546.66,-100.35
546.67,-99.39
546.68,-99.82
546.69,-101.40
546.70,-102.50
546.71,-102.56
546.72,-97.65
546.73,-97.41
546.74,-102.29
546.75,-101.62
546.76,-99.90
546.78,-99.82
546.79,-99.94
546.80,-100.76
546.81,-99.46
546.82,-100.23
546.83,-103.01
546.84,-102.14
546.85,-101.99
546.86,-101.28
546.87,-102.59
546.88,-100.52
546.90,-101.10
546.91,-101.28
546.92,-101.19
546.93,-101.23
546.94,-99.26
546.95,-97.40
546.96,-97.62
546.97,-102.25
546.98,-101.30
546.99,-98.92
547.00,-100.08
547.01,-99.40
547.03,-97.15
547.04,-97.10
547.05,-101.33
547.06,-101.78
547.07,-101.18
547.08,-100.80
547.09,-98.55
547.10,-95.92
547.11,-96.28
547.12,-98.38
547.13,-98.36
547.14,-99.71
547.16,-98.39
547.17,-97.46
547.18,-93.46
547.19,-93.66
547.20,-99.02
547.21,-97.16
547.22,-96.24
547.23,-97.05
547.24,-94.94
547.25,-91.68
547.26,-93.78
547.27,-99.59
547.29,-98.19
547.30,-95.73
547.31,-95.80
547.32,-94.60
547.33,-94.59
547.34,-97.33
547.35,-96.48
547.36,-97.08
547.37,-95.62
547.38,-95.80
547.39,-88.21
547.40,-87.72
547.42,-92.17
547.43,-93.75
547.44,-91.78
547.45,-90.77
547.46,-89.94
547.47,-81.82
547.48,-81.76
547.49,-86.80
547.50,-90.85
547.51,-89.60
547.52,-89.10
547.54,-87.24
547.55,-82.12
547.56,-82.01
547.57,-88.24
547.58,-89.91
547.59,-93.12
547.60,-92.58
547.61,-89.83
547.62,-86.95
547.63,-88.41
547.64,-94.56
547.65,-96.42
547.67,-94.68
547.68,-92.88
547.69,-93.64
547.70,-94.00
547.71,-97.67
547.72,-97.76
547.73,-99.65
547.74,-96.56
547.75,-96.64
547.76,-94.28
547.77,-94.14
547.78,-99.44
547.80,-100.15
547.81,-100.18
547.82,-100.43
547.83,-101.50
547.84,-100.11
547.85,-100.05
547.86,-100.89
547.87,-99.47
547.88,-99.49
547.89,-101.95
547.90,-100.47
547.91,-96.00
547.93,-96.02
547.94,-99.73
547.95,-102.97
547.96,-102.39
547.97,-101.45
547.98,-100.46
547.99,-96.90
548.00,-97.57
548.01,-101.92
548.02,-101.00
548.03,-99.74
548.05,-100.27
548.06,-101.85
548.07,-99.15
548.08,-99.12
548.09,-100.68
548.10,-97.21
548.11,-96.96
548.12,-100.62
548.13,-99.75
548.14,-98.07
548.15,-98.28
548.16,-98.30
548.18,-98.80
548.19,-96.07
548.20,-94.29
548.21,-98.27
548.22,-93.77
548.23,-92.81
548.24,-94.85
548.25,-101.20
548.26,-100.27
548.27,-100.70
548.28,-97.43
548.29,-97.64
548.31,-100.79
548.32,-100.50
548.33,-101.35
548.34,-101.52
548.35,-99.74
548.36,-100.69
548.37,-101.90
548.38,-101.03
548.39,-101.15
548.40,-101.91
548.41,-101.58
548.42,-100.74
548.44,-101.17
548.45,-102.21
548.46,-103.74
548.47,-103.57
548.48,-105.44
548.49,-103.34
548.50,-98.80
548.51,-98.88
548.52,-101.36
548.53,-101.33
548.54,-101.34
548.55,-99.07
548.57,-97.08
548.58,-98.70
548.59,-100.00
548.60,-98.89
548.61,-99.31
548.62,-93.93
548.63,-92.10
548.64,-92.09
548.65,-92.37
548.66,-93.19
548.67,-96.11
548.69,-93.67
548.70,-90.58
548.71,-88.24
548.72,-87.35
548.73,-92.14
548.74,-93.75
548.75,-93.48
548.76,-94.66
548.77,-94.00
548.78,-94.08
548.79,-94.26
548.80,-94.99
548.82,-98.53
548.83,-100.63
548.84,-100.23
548.85,-100.58
548.86,-101.68
548.87,-100.73
548.88,-101.60
548.89,-101.94
548.90,-100.88
548.91,-100.83
548.92,-101.79
548.93,-103.46
548.95,-103.91
548.96,-101.93
548.97,-101.82
548.98,-100.97
548.99,-102.39
549.00,-102.38
549.01,-105.43
549.02,-100.77
549.03,-100.43
549.04,-103.12
549.05,-102.75
549.06,-104.44
549.08,-105.21
549.09,-105.09
549.10,-100.01
549.11,-99.38
549.12,-102.78
549.13,-101.00
549.14,-101.03
549.15,-103.70
549.16,-103.51
549.17,-101.38
549.18,-99.26
549.19,-98.84
549.21,-98.88
549.22,-102.21
549.23,-101.71
549.24,-104.70
549.25,-102.71
549.26,-102.29
549.27,-102.44
549.28,-102.90
549.29,-103.01
549.30,-104.31
549.31,-103.33
549.33,-100.55
549.34,-100.26
549.35,-102.56
549.36,-100.49
549.37,-101.44
549.38,-101.96
549.39,-104.23
549.40,-103.24
549.41,-105.45
549.42,-104.41
549.43,-104.79
549.44,-103.35
549.46,-102.95
549.47,-100.46
549.48,-99.37
549.49,-105.71
549.50,-103.19
549.51,-102.12
549.52,-101.20
549.53,-102.60
549.54,-102.02
549.55,-102.53
549.56,-102.62
549.57,-102.76
549.59,-103.40
549.60,-104.79
549.61,-100.10
549.62,-99.84
549.63,-100.17
549.64,-100.73
549.65,-100.62
549.66,-101.57
549.67,-100.89
549.68,-99.97
549.69,-99.11
549.70,-100.36
549.72,-98.55
549.73,-97.98
549.74,-99.52
549.75,-99.71
549.76,-99.10
549.77,-98.01
549.78,-100.31
549.79,-101.26
549.80,-102.28
549.81,-101.28
549.82,-101.52
549.83,-99.46
549.85,-97.81
549.86,-98.62
549.87,-98.24
549.88,-97.55
549.89,-97.49
549.90,-101.18
549.90,-99.48
549.91,-95.32
549.92,-95.35
549.93,-99.48
549.94,-98.59
549.95,-99.20
549.97,-99.31
549.98,-99.63
549.99,-95.94
550.00,-93.27
550.01,-96.72
550.02,-101.14
550.03,-101.29
550.04,-100.46
550.05,-96.78
550.06,-95.70
550.07,-95.68
550.08,-100.32
550.10,-100.67
550.11,-100.79
550.12,-100.59
550.13,-100.51
550.14,-96.78
550.15,-97.57
550.16,-99.91
550.17,-100.06
550.18,-100.79
550.19,-99.67
550.20,-99.87
550.21,-97.45
550.23,-100.03
550.24,-98.98
550.25,-98.80
550.26,-100.81
550.27,-99.52
550.28,-99.56
550.29,-99.26
550.30,-100.45
550.31,-101.34
550.32,-101.28
550.33,-101.30
550.34,-100.25
550.36,-100.64
550.37,-101.91
550.38,-101.13
550.39,-100.85
550.40,-99.65
550.41,-99.50
550.42,-101.65
550.43,-101.90
550.44,-102.31
550.45,-102.30
550.46,-101.45
550.47,-99.87
550.49,-100.46
550.50,-101.87
550.51,-100.28
550.52,-100.43
550.53,-101.85
550.54,-101.54
550.55,-101.96
550.56,-99.91
550.57,-100.76
550.58,-100.56
550.59,-101.42
550.61,-101.71
550.62,-103.09
550.63,-103.02
550.64,-103.01
550.65,-102.24
550.66,-101.61
550.67,-101.61
550.68,-102.35
550.69,-101.74
550.70,-103.46
550.71,-104.38
550.72,-101.53
550.74,-99.77
550.75,-103.34
550.76,-102.16
550.77,-101.89
550.78,-102.50
550.79,-102.57
550.80,-98.59
550.81,-98.08
550.82,-100.37
550.83,-100.78
550.84,-101.98
550.85,-101.56
550.87,-102.52
550.88,-99.10
550.89,-99.14
550.90,-102.97
550.91,-101.63
550.92,-101.74
550.93,-101.52
550.94,-101.50
550.95,-103.35
550.96,-102.58
550.97,-102.02
550.98,-100.23
551.00,-100.41
551.01,-100.42
551.02,-101.05
551.03,-99.41
551.04,-99.56
551.05,-100.15
551.06,-100.33
551.07,-102.90
551.08,-100.39
551.09,-100.31
551.10,-100.81
551.11,-100.78
551.13,-99.27
551.14,-101.75
551.15,-103.34
551.16,-103.31
551.17,-102.71
551.18,-102.49
551.19,-102.69
551.20,-103.27
551.21,-101.87
551.22,-101.75
551.23,-102.12
551.25,-102.28
551.26,-103.25
551.27,-102.08
551.28,-101.44
551.29,-101.88
551.30,-101.81
551.31,-101.41
551.32,-102.65
551.33,-103.10
551.34,-101.84
551.35,-101.57
551.36,-100.41
551.38,-103.21
551.39,-103.65
551.40,-101.43
551.41,-101.27
551.42,-102.33
551.43,-101.24
551.44,-100.78
551.45,-98.13
551.46,-96.59
551.47,-96.22
551.48,-99.51
551.49,-100.13
551.51,-100.55
551.52,-99.81
551.53,-95.99
551.54,-94.36
551.55,-97.03
551.56,-99.68
551.57,-99.90
551.58,-99.18
551.59,-97.73
551.60,-95.21
551.61,-95.29
551.62,-97.06
551.64,-99.83
551.65,-100.37
551.66,-100.38
551.67,-100.28
551.68,-100.72
551.69,-100.38
551.70,-99.99
551.71,-101.30
551.72,-102.18
551.73,-101.86
551.74,-99.81
551.75,-99.88
551.77,-101.00
551.78,-101.95
551.79,-101.72
551.80,-101.46
551.81,-101.14
551.82,-100.89
551.83,-101.13
551.84,-101.97
551.85,-101.20
551.86,-100.06
551.87,-99.44
551.89,-100.57
551.90,-101.71
551.91,-98.91
551.92,-100.37
551.93,-101.20
551.94,-101.86
551.95,-101.64
551.96,-101.25
551.97,-99.52
551.98,-99.50
551.99,-99.88
552.00,-100.68
552.02,-101.76
552.03,-103.41
552.04,-103.50
552.05,-103.91
552.06,-101.94
552.07,-102.26
552.08,-104.39
552.09,-103.05
552.10,-103.07
552.11,-102.72
552.12,-100.78
552.13,-101.04
552.15,-99.25
552.16,-98.82
552.17,-101.06
552.18,-96.88
552.19,-96.78
552.20,-97.94
552.21,-99.40
552.22,-99.17
552.23,-99.78
552.24,-103.63
552.25,-103.93
552.26,-103.86
552.28,-103.39
552.29,-100.96
552.30,-101.63
552.31,-102.96
552.32,-103.42
552.33,-102.58
552.34,-102.32
552.35,-99.47
552.36,-98.99
552.37,-101.37
552.38,-102.92
552.39,-103.33
552.41,-103.19
552.42,-101.67
552.43,-102.10
552.44,-102.15
552.45,-103.70
552.46,-103.17
552.47,-103.30
552.48,-103.24
552.49,-103.03
552.50,-99.32
552.51,-99.49
552.53,-104.84
552.54,-104.98
552.55,-101.24
552.56,-101.72
552.57,-102.37
552.58,-99.38
552.59,-99.34
552.60,-101.57
552.61,-99.97
552.62,-101.72
552.63,-102.23
552.64,-101.32
552.66,-99.36
552.67,-102.11
552.68,-100.70
552.69,-100.77
552.70,-102.29
552.71,-101.05
552.72,-98.14
552.73,-97.32
552.74,-98.80
552.75,-101.24
552.76,-101.84
552.77,-101.98
552.79,-100.74
552.80,-100.77
552.81,-100.41
552.82,-100.66
552.83,-102.39
552.84,-100.89
552.85,-100.32
552.86,-99.30
552.87,-100.04
552.88,-98.80
552.89,-100.85
552.90,-100.90
552.92,-99.86
552.93,-99.33
552.94,-97.21
552.95,-94.76
552.96,-94.40
552.97,-94.88
552.98,-94.60
552.99,-95.56
553.00,-97.07
553.01,-97.44
553.02,-96.26
553.04,-97.03
553.05,-100.02
553.06,-102.19
553.07,-101.72
553.08,-98.20
553.09,-99.86
553.10,-99.66
553.11,-99.95
553.12,-99.84
553.13,-101.27
553.14,-99.19
553.15,-101.55
553.17,-98.85
553.18,-99.16
553.19,-101.44
553.20,-101.60
553.21,-104.22
553.22,-103.44
553.23,-102.58
553.24,-98.32
553.25,-97.03
553.26,-100.48
553.27,-101.16
553.28,-101.54
553.30,-102.83
553.31,-100.42
553.32,-98.96
553.33,-98.71
553.34,-102.10
553.35,-103.95
553.36,-101.14
553.37,-101.09
553.38,-97.81
553.39,-97.96
553.40,-98.53
553.41,-100.21
553.43,-100.96
553.44,-100.47
553.45,-101.07
553.46,-100.02
553.47,-95.16
553.48,-96.57
553.49,-99.86
553.50,-100.30
553.51,-100.81
553.52,-101.59
553.53,-97.90
553.54,-95.68
553.56,-97.35
553.57,-96.76
553.58,-96.86
553.59,-98.41
553.60,-98.30
553.61,-93.80
553.62,-92.38
553.63,-98.38
553.64,-97.89
553.65,-98.00
553.66,-98.54
553.68,-101.85
553.69,-98.03
553.70,-95.74
553.71,-99.58
553.72,-100.15
553.73,-101.64
553.74,-101.73
553.75,-98.33
553.76,-93.59
553.77,-92.70
553.78,-101.14
553.79,-99.69
553.81,-98.59
553.82,-96.25
553.83,-96.04
553.84,-91.39
553.85,-91.70
553.86,-98.32
553.87,-99.09
553.88,-100.87
553.89,-100.48
553.90,-101.24
553.91,-93.71
553.92,-94.86
553.94,-98.13
553.95,-96.89
553.96,-96.88
553.97,-99.53
553.98,-93.55
553.99,-89.94
554.00,-94.16
554.01,-95.72
554.02,-93.95
554.03,-94.09
554.04,-96.59
554.05,-90.73
554.07,-89.00
554.08,-91.98
554.09,-96.31
554.10,-94.14
554.11,-96.14
554.12,-96.99
554.13,-87.74
554.14,-86.70
554.15,-90.33
554.16,-93.30
554.17,-94.37
554.18,-97.23
554.20,-94.84
554.21,-81.72
554.22,-81.31
554.23,-92.02
554.24,-91.06
554.25,-88.78
554.26,-91.06
554.27,-86.55
554.28,-78.00
554.29,-77.98
554.30,-87.34
554.32,-82.17
554.33,-81.51
554.34,-83.26
554.35,-81.86
554.36,-74.12
554.37,-74.54
554.38,-83.75
554.39,-82.28
554.40,-82.27
554.41,-87.03
554.42,-81.90
554.43,-77.67
554.45,-79.44
554.46,-92.15
554.47,-89.87
554.48,-90.59
554.49,-90.83
554.50,-84.81
554.51,-82.75
554.52,-88.18
554.53,-93.14
554.54,-92.76
554.55,-92.83
554.56,-93.08
554.58,-90.71
554.59,-90.50
554.60,-96.74
554.61,-96.24
554.62,-96.75
554.63,-98.98
554.64,-96.55
554.65,-89.29
554.66,-89.17
554.67,-93.29
554.68,-93.37
554.69,-95.16
554.71,-97.12
554.72,-97.34
554.73,-90.64
554.74,-91.27
554.75,-94.15
554.76,-96.92
554.77,-99.33
554.78,-96.88
554.79,-96.73
554.80,-91.91
554.81,-93.43
554.82,-98.93
554.84,-99.15
554.85,-101.71
554.86,-102.46
554.87,-97.88
554.88,-96.00
554.89,-96.06
554.89,-96.26
554.90,-98.86
554.91,-98.76
554.92,-98.65
554.93,-99.07
554.94,-95.34
554.96,-94.42
554.97,-99.18
554.98,-98.69
554.99,-99.56
555.00,-99.73
555.01,-102.24
555.02,-94.40
555.03,-94.14
555.04,-99.60
555.05,-100.08
555.06,-100.27
555.07,-99.67
555.09,-98.25
555.10,-95.30
555.11,-95.01
555.12,-102.51
555.13,-101.98
555.14,-99.07
555.15,-100.13
555.16,-101.03
555.17,-94.92
555.18,-95.07
555.19,-100.89
555.20,-101.90
555.22,-100.53
555.23,-100.25
555.24,-100.76
555.25,-95.57
555.26,-95.96
555.27,-101.44
555.28,-101.30
555.29,-100.85
555.30,-101.33
555.31,-96.42
555.32,-95.66
555.33,-99.60
555.35,-101.17
555.36,-102.15
555.37,-102.08
555.38,-101.81
555.39,-99.31
555.40,-99.41
555.41,-102.75
555.42,-102.68
555.43,-103.32
555.44,-102.63
555.45,-99.75
555.46,-97.13
555.48,-97.14
555.49,-101.94
555.50,-100.93
555.51,-102.01
555.52,-100.76
555.53,-100.87
555.54,-97.36
555.55,-99.38
555.56,-103.30
555.57,-103.26
555.58,-103.87
555.60,-102.90
555.61,-101.53
555.62,-98.60
555.63,-100.88
555.64,-103.07
555.65,-103.58
555.66,-104.76
555.67,-101.27
555.68,-100.06
555.69,-102.01
555.70,-99.77
555.71,-99.91
555.73,-101.26
555.74,-102.12
555.75,-104.32
555.76,-101.81
555.77,-100.13
555.78,-102.47
555.79,-102.48
555.80,-102.26
555.81,-101.56
555.82,-102.64
555.83,-102.98
555.84,-101.76
555.86,-100.64
555.87,-100.58
555.88,-103.19
555.89,-102.99
555.90,-103.94
555.91,-97.35
555.92,-97.47
555.93,-100.87
555.94,-101.31
555.95,-102.79
555.96,-103.58
555.97,-103.38
555.99,-99.44
556.00,-100.91
556.01,-103.76
556.02,-103.58
556.03,-102.97
556.04,-103.08
556.05,-102.16
556.06,-98.94
556.07,-99.12
556.08,-103.85
556.09,-103.84
556.10,-103.74
556.12,-103.61
556.13,-99.82
556.14,-97.57
556.15,-100.57
556.16,-105.06
556.17,-104.44
556.18,-103.63
556.19,-104.00
556.20,-101.64
556.21,-100.91
556.22,-101.98
556.24,-103.21
556.25,-104.88
556.26,-104.34
556.27,-104.25
556.28,-97.72
556.29,-97.43
556.30,-103.00
556.31,-103.89
556.32,-105.07
556.33,-100.77
556.34,-101.27
556.35,-101.05
556.37,-100.81
556.38,-104.67
556.39,-104.35
556.40,-105.35
556.41,-104.43
556.42,-102.94
556.43,-100.33
556.44,-100.83
556.45,-103.15
556.46,-102.70
556.47,-103.31
556.48,-103.24
556.50,-105.22
556.51,-101.57
556.52,-101.97
556.53,-103.09
556.54,-102.70
556.55,-102.08
556.56,-104.86
556.57,-105.02
556.58,-104.08
556.59,-103.05
556.60,-104.96
556.61,-104.91
556.63,-106.32
556.64,-105.31
556.65,-101.58
556.66,-100.59
556.67,-102.64
556.68,-102.71
556.69,-103.38
556.70,-103.09
556.71,-103.20
556.72,-101.68
556.73,-100.46
556.74,-104.89
556.76,-106.23
556.77,-107.15
556.78,-104.87
556.79,-105.16
556.80,-98.38
556.81,-97.56
556.82,-100.86
556.83,-102.27
556.84,-103.03
556.85,-102.92
556.86,-103.42
556.88,-102.29
556.89,-102.84
556.90,-104.47
556.91,-104.20
556.92,-103.05
556.93,-103.63
556.94,-102.80
556.95,-98.95
556.96,-101.34
556.97,-102.62
556.98,-104.27
556.99,-101.81
557.01,-99.19
557.02,-101.17
557.03,-102.35
557.04,-102.04
557.05,-102.32
557.06,-103.38
557.07,-104.43
557.08,-101.76
557.09,-99.02
557.10,-97.96
557.11,-99.82
557.12,-99.85
557.14,-103.39
557.15,-100.53
557.16,-99.46
557.17,-97.22
557.18,-95.03
557.19,-96.32
557.20,-99.05
557.21,-102.30
557.22,-100.86
557.23,-101.08
557.24,-96.55
557.25,-96.70
557.27,-100.92
557.28,-101.00
557.29,-103.14
557.30,-102.27
557.31,-100.22
557.32,-100.17
557.33,-101.57
557.34,-105.05
557.35,-103.50
557.36,-103.10
557.37,-103.76
557.38,-101.84
557.40,-101.59
557.41,-104.61
557.42,-103.87
557.43,-105.47
557.44,-102.95
557.45,-103.12
557.46,-101.27
557.47,-99.91
557.48,-102.77
557.49,-106.30
557.50,-106.52
557.52,-104.41
557.53,-104.90
557.54,-101.32
557.55,-100.06
557.56,-99.76
557.57,-99.81
557.58,-102.43
557.59,-102.75
557.60,-101.94
557.61,-102.88
557.62,-100.72
557.63,-98.54
557.65,-99.20
557.66,-101.01
557.67,-102.41
557.68,-103.22
557.69,-99.82
557.70,-100.65
557.71,-104.38
557.72,-104.30
557.73,-105.26
557.74,-104.68
557.75,-104.58
557.76,-105.44
557.78,-105.88
557.79,-105.97
557.80,-104.68
557.81,-105.98
557.82,-102.44
557.83,-102.46
557.84,-102.72
557.85,-104.81
557.86,-100.02
557.87,-100.64
557.88,-103.57
557.89,-104.50
557.91,-104.10
557.92,-103.85
557.93,-103.18
557.94,-105.64
557.95,-106.41
557.96,-106.02
557.97,-105.65
557.98,-104.08
557.99,-103.92
558.00,-104.16
558.01,-103.42
558.03,-106.98
558.04,-103.91
558.05,-104.11
558.06,-102.08
558.07,-102.08
558.08,-103.43
558.09,-105.66
558.10,-105.05
558.11,-105.99
558.12,-104.88
558.13,-102.24
558.14,-102.57
558.16,-102.57
558.17,-103.36
558.18,-102.38
558.19,-103.25
558.20,-104.29
558.21,-103.10
558.22,-105.94
558.23,-105.77
558.24,-103.42
558.25,-102.92
558.26,-101.96
558.27,-101.58
558.29,-101.76
558.30,-102.26
558.31,-104.98
558.32,-105.02
558.33,-103.93
558.34,-102.91
558.35,-100.37
558.36,-99.36
558.37,-104.15
558.38,-106.40
558.39,-105.63
558.40,-105.93
558.42,-103.44
558.43,-102.59
558.44,-103.56
558.45,-105.61
558.46,-105.10
558.47,-104.06
558.48,-104.07
558.49,-102.35
558.50,-102.45
558.51,-103.08
558.52,-102.44
558.53,-105.38
558.55,-105.11
558.56,-105.31
558.57,-105.11
558.58,-104.16
558.59,-102.39
558.60,-104.04
558.61,-103.26
558.62,-102.18
558.63,-104.78
558.64,-108.78
558.65,-106.32
558.67,-104.25
558.68,-104.04
558.69,-105.42
558.70,-107.09
558.71,-106.12
558.72,-104.27
558.73,-104.48
558.74,-104.67
558.75,-104.62
558.76,-103.93
558.77,-103.93
558.78,-103.02
558.80,-103.18
558.81,-103.81
558.82,-105.66
558.83,-106.22
558.84,-106.26
558.85,-105.80
558.86,-105.95
558.87,-101.96
558.88,-102.13
558.89,-104.29
558.90,-104.38
558.91,-106.55
558.93,-107.36
558.94,-107.62
558.95,-107.51
558.96,-105.86
558.97,-106.50
558.98,-105.43
558.99,-104.93
559.00,-106.67
559.01,-106.80
559.02,-103.55
559.03,-103.54
559.04,-104.15
559.06,-104.40
559.07,-105.73
559.08,-107.07
559.09,-101.98
559.10,-101.94
559.11,-103.49
559.12,-105.18
559.13,-107.48
559.14,-106.67
559.15,-103.93
559.16,-104.06
559.17,-105.00
559.19,-106.48
559.20,-106.45
559.21,-105.23
559.22,-104.95
559.23,-106.03
559.24,-105.63
559.25,-103.86
559.26,-106.75
559.27,-106.78
559.28,-108.34
559.29,-105.76
559.31,-104.90
559.32,-105.83
559.33,-106.03
559.34,-107.83
559.35,-108.56
559.36,-106.46
559.37,-106.11
559.38,-105.30
559.39,-103.64
559.40,-104.32
559.41,-104.22
559.42,-105.03
559.44,-105.77
559.45,-104.37
559.46,-104.45
559.47,-104.28
559.48,-105.47
559.49,-106.19
559.50,-106.31
559.51,-106.79
559.52,-106.33
559.53,-104.63
559.54,-103.85
559.55,-105.75
559.57,-104.97
559.58,-104.98
559.59,-105.08
559.60,-106.50
559.61,-104.09
559.62,-102.79
559.63,-107.28
559.64,-107.59
559.65,-104.76
559.66,-105.96
559.67,-104.12
559.68,-102.95
559.70,-104.43
559.71,-105.33
559.72,-105.55
559.73,-107.34
559.74,-107.20
559.75,-107.21
559.76,-104.91
559.77,-105.69
559.78,-105.75
559.79,-105.77
559.80,-106.18
559.81,-106.71
559.83,-106.57
559.84,-104.11
559.85,-104.61
559.86,-105.02
559.87,-105.22
559.88,-104.98
559.88,-102.84
559.89,-103.18
559.90,-102.50
559.91,-100.21
559.92,-98.86
559.93,-97.54
559.95,-97.45
559.96,-99.57
559.97,-99.25
559.98,-98.29
559.99,-95.17
560.00,-88.57
560.01,-89.42
560.02,-99.61
560.03,-98.40
560.04,-98.12
560.05,-98.30
560.06,-98.72
560.08,-98.51
560.09,-99.73
560.10,-102.34
560.11,-103.22
560.12,-103.65
560.13,-103.57
560.14,-103.11
560.15,-103.24
560.16,-104.50
560.17,-105.32
560.18,-105.52
560.19,-105.58
560.21,-105.71
560.22,-107.36
560.23,-108.33
560.24,-105.66
560.25,-106.02
560.26,-106.44
560.27,-105.15
560.28,-104.01
560.29,-106.08
560.30,-105.00
560.31,-105.04
560.32,-105.86
560.34,-105.72
560.35,-105.37
560.36,-104.76
560.37,-104.68
560.38,-105.88
560.39,-106.51
560.40,-106.05
560.41,-105.90
560.42,-107.47
560.43,-105.74
560.44,-106.79
560.45,-108.53
560.47,-107.21
560.48,-106.58
560.49,-105.56
560.50,-103.56
560.51,-102.82
560.52,-105.38
560.53,-106.93
560.54,-107.85
560.55,-107.88
560.56,-106.37
560.57,-103.12
560.59,-103.32
560.60,-106.14
560.61,-105.31
560.62,-105.13
560.63,-106.75
560.64,-106.59
560.65,-105.10
560.66,-104.97
560.67,-106.47
560.68,-106.37
560.69,-106.62
560.70,-106.57
560.72,-107.31
560.73,-102.59
560.74,-103.58
560.75,-105.22
560.76,-106.63
560.77,-106.53
560.78,-105.94
560.79,-105.75
560.80,-106.03
560.81,-107.73
560.82,-106.52
560.83,-106.84
560.85,-105.07
560.86,-105.01
560.87,-105.45
560.88,-102.73
560.89,-101.47
560.90,-103.30
560.91,-106.57
560.92,-107.25
560.93,-107.37
560.94,-105.48
560.95,-105.66
560.96,-107.18
560.98,-105.73
560.99,-106.37
561.00,-101.23
561.01,-101.94
561.02,-101.30
561.03,-101.25
561.04,-105.10
561.05,-107.10
561.06,-106.39
561.07,-107.02
561.08,-106.54
561.09,-105.03
561.11,-105.45
561.12,-105.82
561.13,-107.17
561.14,-106.70
561.15,-106.76
561.16,-105.29
561.17,-101.73
561.18,-102.56
561.19,-107.72
561.20,-106.56
561.21,-106.11
561.23,-104.18
561.24,-104.89
561.25,-104.13
561.26,-104.71
561.27,-107.01
561.28,-107.48
561.29,-106.53
561.30,-106.93
561.31,-105.75
561.32,-105.60
561.33,-104.66
561.34,-104.53
561.36,-106.52
561.37,-104.85
561.38,-104.72
561.39,-100.09
561.40,-99.73
561.41,-101.94
561.42,-101.94
561.43,-105.52
561.44,-103.45
561.45,-104.87
561.46,-102.49
561.47,-103.67
561.49,-105.93
561.50,-105.56
561.51,-103.73
561.52,-105.57
561.53,-106.84
561.54,-102.87
561.55,-103.41
561.56,-106.19
561.57,-105.77
561.58,-105.68
561.59,-103.56
561.60,-102.72
561.62,-102.90
561.63,-105.95
561.64,-104.79
561.65,-105.74
561.66,-106.06
561.67,-104.35
561.68,-101.93
561.69,-101.41
561.70,-104.09
561.71,-105.06
561.72,-103.35
561.73,-105.08
561.75,-105.41
561.76,-104.74
561.77,-104.12
561.78,-104.53
561.79,-105.14
561.80,-104.87
561.81,-104.47
561.82,-104.02
561.83,-104.31
561.84,-105.43
561.85,-105.57
561.87,-103.50
561.88,-106.92
561.89,-105.35
561.90,-104.80
561.91,-105.17
561.92,-102.62
561.93,-102.53
561.94,-103.78
561.95,-104.30
561.96,-104.38
561.97,-103.39
561.98,-104.59
562.00,-104.94
562.01,-104.43
562.02,-105.35
562.03,-105.06
562.04,-104.71
562.05,-104.46
562.06,-102.53
562.07,-103.77
562.08,-104.69
562.09,-104.97
562.10,-106.44
562.11,-105.81
562.13,-104.36
562.14,-102.44
562.15,-104.80
562.16,-102.24
562.17,-102.38
562.18,-105.79
562.19,-102.91
562.20,-104.15
562.21,-104.94
562.22,-104.79
562.23,-104.19
562.24,-105.67
562.26,-105.23
562.27,-104.48
562.28,-103.86
562.29,-104.91
562.30,-107.28
562.31,-107.06
562.32,-105.89
562.33,-104.29
562.34,-103.63
562.35,-102.35
562.36,-102.64
562.38,-105.60
562.39,-105.79
562.40,-103.96
562.41,-103.08
562.42,-104.58
562.43,-104.73
562.44,-104.94
562.45,-104.82
562.46,-105.14
562.47,-105.08
562.48,-104.04
562.49,-99.73
562.51,-99.82
562.52,-104.96
562.53,-103.99
562.54,-105.44
562.55,-105.53
562.56,-102.80
562.57,-102.87
562.58,-105.58
562.59,-105.38
562.60,-106.74
562.61,-105.17
562.62,-105.12
562.64,-106.52
562.65,-102.29
562.66,-102.89
562.67,-104.65
562.68,-105.45
562.69,-105.03
562.70,-103.93
562.71,-103.33
562.72,-104.26
562.73,-103.37
562.74,-104.56
562.75,-105.16
562.77,-106.92
562.78,-105.29
562.79,-104.58
562.80,-103.26
562.81,-104.09
562.82,-103.72
562.83,-102.64
562.84,-104.55
562.85,-106.17
562.86,-105.04
562.87,-103.01
562.88,-104.32
562.90,-105.04
562.91,-104.59
562.92,-100.39
562.93,-101.38
562.94,-102.07
562.95,-102.00
562.96,-106.32
562.97,-103.56
562.98,-103.85
562.99,-103.21
563.00,-103.53
563.02,-104.95
563.03,-105.16
563.04,-105.73
563.05,-105.84
563.06,-106.94
563.07,-106.23
563.08,-106.31
563.09,-103.11
563.10,-102.69
563.11,-106.39
563.12,-105.79
563.13,-104.48
563.15,-104.09
563.16,-104.01
563.17,-103.49
563.18,-105.56
563.19,-106.44
563.20,-105.90
563.21,-105.60
563.22,-105.39
563.23,-104.84
563.24,-101.75
563.25,-102.64
563.26,-106.98
563.28,-106.43
563.29,-105.46
563.30,-104.68
563.31,-102.90
563.32,-100.22
563.33,-104.41
563.34,-107.71
563.35,-106.83
563.36,-105.73
563.37,-104.77
563.38,-103.28
563.39,-102.32
563.41,-103.64
563.42,-103.20
563.43,-105.75
563.44,-106.18
563.45,-106.20
563.46,-102.33
563.47,-101.63
563.48,-106.37
563.49,-105.53
563.50,-105.63
563.51,-106.86
563.52,-105.67
563.54,-102.51
563.55,-101.74
563.56,-106.28
563.57,-105.74
563.58,-106.06
563.59,-106.71
563.60,-104.40
563.61,-104.53
563.62,-104.82
563.63,-106.67
563.64,-106.06
563.66,-105.98
563.67,-105.66
563.68,-105.82
563.69,-100.78
563.70,-101.55
563.71,-105.02
563.72,-107.58
563.73,-107.68
563.74,-106.30
563.75,-104.24
563.76,-101.52
563.77,-103.14
563.79,-106.17
563.80,-106.70
563.81,-108.16
563.82,-106.87
563.83,-102.87
563.84,-101.68
563.85,-102.37
563.86,-105.20
563.87,-105.17
563.88,-103.77
563.89,-101.70
563.90,-99.02
563.92,-99.02
563.93,-103.03
563.94,-104.50
563.95,-102.39
563.96,-103.19
563.97,-102.57
563.98,-100.46
563.99,-101.18
564.00,-102.27
564.01,-102.49
564.02,-102.10
564.03,-103.49
564.05,-101.84
564.06,-99.56
564.07,-99.88
564.08,-101.54
564.09,-102.02
564.10,-105.32
564.11,-103.54
564.12,-99.03
564.13,-96.52
564.14,-99.51
564.15,-101.88
564.16,-103.68
564.18,-103.49
564.19,-104.13
564.20,-98.25
564.21,-96.53
564.22,-98.96
564.23,-101.82
564.24,-101.73
564.25,-103.35
564.26,-101.58
564.27,-94.47
564.28,-94.42
564.30,-99.68
564.31,-101.76
564.32,-104.40
564.33,-105.26
564.34,-103.96
564.35,-97.44
564.36,-96.43
564.37,-98.96
564.38,-100.79
564.39,-102.26
564.40,-102.26
564.41,-98.16
564.43,-93.01
564.44,-93.74
564.45,-101.27
564.46,-101.76
564.47,-100.23
564.48,-96.18
564.49,-91.65
564.50,-87.00
564.51,-89.41
564.52,-98.45
564.53,-97.56
564.54,-97.63
564.56,-97.17
564.57,-88.74
564.58,-84.23
564.59,-85.96
564.60,-94.13
564.61,-95.20
564.62,-95.99
564.63,-96.18
564.64,-85.25
564.65,-83.07
564.66,-87.66
564.67,-94.54
564.69,-94.56
564.70,-97.77
564.71,-97.07
564.72,-87.87
564.73,-87.32
564.74,-96.10
564.75,-96.28
564.76,-99.83
564.77,-101.62
564.78,-99.87
564.79,-91.88
564.80,-91.95
564.82,-101.68
564.83,-101.86
564.84,-101.75
564.85,-102.39
564.86,-101.30
564.87,-95.26
564.87,-95.75
564.88,-96.43
564.89,-105.29
564.90,-103.94
564.91,-103.80
564.92,-106.17
564.94,-102.68
564.95,-100.72
564.96,-101.57
564.97,-106.73
564.98,-105.90
564.99,-105.37
565.00,-105.30
565.01,-99.76
565.02,-97.42
565.03,-101.01
565.04,-105.26
565.05,-105.26
565.07,-105.37
565.08,-105.70
565.09,-100.24
565.10,-99.06
565.11,-104.90
565.12,-106.59
565.13,-105.20
565.14,-105.93
565.15,-103.63
565.16,-99.80
565.17,-99.96
565.18,-105.08
565.20,-104.17
565.21,-107.27
565.22,-105.83
565.23,-104.20
565.24,-98.84
565.25,-98.73
565.26,-100.64
565.27,-100.68
565.28,-101.66
565.29,-99.87
565.30,-101.19
565.31,-102.09
565.33,-102.10
565.34,-105.88
565.35,-106.52
565.36,-107.13
565.37,-107.36
565.38,-104.18
565.39,-101.88
565.40,-102.96
565.41,-106.54
565.42,-104.77
565.43,-106.93
565.44,-108.10
565.46,-105.77
565.47,-104.46
565.48,-104.69
565.49,-104.94
565.50,-104.40
565.51,-104.93
565.52,-105.13
565.53,-106.07
565.54,-104.15
565.55,-103.80
565.56,-102.17
565.58,-103.06
565.59,-101.67
565.60,-101.58
565.61,-101.74
565.62,-100.25
565.63,-99.40
565.64,-96.77
565.65,-95.32
565.66,-98.74
565.67,-101.64
565.68,-101.87
565.69,-101.92
565.71,-102.14
565.72,-102.36
565.73,-103.34
565.74,-105.63
565.75,-105.58
565.76,-103.88
565.77,-104.36
565.78,-104.26
565.79,-106.13
565.80,-106.18
565.81,-106.32
565.82,-106.41
565.84,-102.63
565.85,-105.69
565.86,-103.77
565.87,-104.58
565.88,-105.54
565.89,-105.64
565.90,-105.14
565.91,-104.60
565.92,-104.63
565.93,-105.94
565.94,-104.47
565.95,-105.30
565.97,-106.71
565.98,-103.35
565.99,-102.48
566.00,-104.35
566.01,-104.04
566.02,-103.45
566.03,-106.89
566.04,-105.81
566.05,-103.05
566.06,-102.85
566.07,-103.18
566.08,-105.19
566.10,-105.09
566.11,-105.69
566.12,-105.35
566.13,-105.58
566.14,-105.75
566.15,-106.71
566.16,-107.76
566.17,-106.50
566.18,-104.48
566.19,-106.13
566.20,-107.80
566.22,-107.28
566.23,-107.15
566.24,-106.09
566.25,-105.71
566.26,-104.77
566.27,-104.75
566.28,-104.28
566.29,-105.57
566.30,-105.14
566.31,-104.21
566.32,-106.48
566.33,-107.54
566.35,-106.03
566.36,-105.81
566.37,-105.20
566.38,-105.01
566.39,-106.34
566.40,-106.32
566.41,-106.16
566.42,-104.01
566.43,-104.13
566.44,-108.55
566.45,-107.42
566.46,-105.23
566.48,-105.89
566.49,-107.50
566.50,-105.52
566.51,-105.17
566.52,-105.73
566.53,-106.10
566.54,-109.31
566.55,-105.38
566.56,-104.72
566.57,-103.17
566.58,-104.10
566.59,-105.66
566.61,-105.30
566.62,-106.99
566.63,-103.58
566.64,-103.62
566.65,-104.34
566.66,-106.03
566.67,-106.83
566.68,-104.62
566.69,-104.40
566.70,-106.56
566.71,-104.23
566.72,-103.62
566.74,-105.94
566.75,-105.83
566.76,-105.03
566.77,-105.15
566.78,-103.85
566.79,-105.17
566.80,-103.60
566.81,-103.68
566.82,-108.88
566.83,-108.34
566.84,-107.88
566.86,-108.90
566.87,-104.99
566.88,-106.14
566.89,-106.45
566.90,-106.32
566.91,-106.86
566.92,-106.38
566.93,-107.90
566.94,-103.52
566.95,-103.32
566.96,-105.26
566.97,-105.12
566.99,-105.65
567.00,-105.62
567.01,-106.21
567.02,-102.89
567.03,-104.57
567.04,-106.12
567.05,-105.33
567.06,-106.75
567.07,-106.69
567.08,-105.38
567.09,-104.81
567.10,-106.08
567.12,-105.91
567.13,-106.72
567.14,-104.56
567.15,-104.69
567.16,-105.68
567.17,-104.37
567.18,-106.93
567.19,-108.42
567.20,-106.49
567.21,-102.94
567.22,-102.79
567.23,-105.74
567.25,-103.39
567.26,-103.94
567.27,-104.21
567.28,-106.05
567.29,-107.01
567.30,-106.24
567.31,-106.83
567.32,-106.78
567.33,-104.31
567.34,-103.87
567.35,-108.06
567.37,-106.52
567.38,-108.88
567.39,-106.59
567.40,-106.54
567.41,-105.56
567.42,-105.62
567.43,-107.34
567.44,-107.16
567.45,-107.20
567.46,-107.50
567.47,-108.57
567.48,-107.69
567.50,-104.13
567.51,-104.18
567.52,-105.37
567.53,-107.65
567.54,-107.17
567.55,-106.85
567.56,-106.25
567.57,-103.35
567.58,-103.89
567.59,-108.35
567.60,-105.81
567.61,-105.28
567.63,-105.08
567.64,-105.84
567.65,-105.76
567.66,-105.67
567.67,-107.27
567.68,-106.51
567.69,-106.11
567.70,-105.70
567.71,-105.89
567.72,-105.90
567.73,-106.80
567.74,-105.29
567.76,-105.30
567.77,-106.95
567.78,-105.44
567.79,-104.78
567.80,-107.83
567.81,-105.97
567.82,-105.58
567.83,-105.45
567.84,-105.62
567.85,-106.84
567.86,-108.75
567.87,-107.43
567.89,-107.47
567.90,-105.87
567.91,-105.48
567.92,-106.24
567.93,-107.58
567.94,-106.83
567.95,-104.87
567.96,-103.82
567.97,-105.21
567.98,-104.68
567.99,-104.94
568.01,-106.78
568.02,-105.35
568.03,-104.93
568.04,-105.42
568.05,-104.70
568.06,-105.85
568.07,-105.71
568.08,-105.66
568.09,-104.63
568.10,-105.26
568.11,-106.41
568.12,-105.59
568.14,-106.07
568.15,-106.09
568.16,-106.64
568.17,-106.60
568.18,-106.85
568.19,-106.83
568.20,-106.10
568.21,-105.14
568.22,-104.98
568.23,-105.79
568.24,-107.52
568.25,-106.63
568.27,-106.52
568.28,-105.10
568.29,-105.18
568.30,-106.50
568.31,-105.48
568.32,-105.65
568.33,-105.44
568.34,-105.42
568.35,-103.94
568.36,-104.32
568.37,-107.19
568.38,-104.74
568.40,-104.27
568.41,-103.50
568.42,-104.49
568.43,-105.46
568.44,-105.64
568.45,-103.67
568.46,-102.89
568.47,-101.00
568.48,-104.85
568.49,-104.69
568.50,-104.70
568.51,-107.03
568.53,-104.79
568.54,-105.42
568.55,-104.30
568.56,-105.07
568.57,-105.61
568.58,-104.91
568.59,-106.44
568.60,-106.94
568.61,-107.11
568.62,-104.38
568.63,-105.78
568.65,-105.58
568.66,-105.54
568.67,-106.73
568.68,-104.89
568.69,-105.60
568.70,-104.34
568.71,-104.28
568.72,-105.87
568.73,-106.28
568.74,-105.96
568.75,-105.78
568.76,-106.85
568.78,-105.17
568.79,-104.03
568.80,-104.53
568.81,-104.26
568.82,-104.16
568.83,-105.60
568.84,-107.21
568.85,-107.95
568.86,-105.07
568.87,-104.67
568.88,-106.39
568.89,-104.79
568.91,-106.05
568.92,-106.28
568.93,-107.28
568.94,-106.39
568.95,-105.77
568.96,-106.89
568.97,-106.55
568.98,-103.86
568.99,-104.17
569.00,-105.60
569.01,-106.33
569.02,-103.63
569.04,-103.95
569.05,-105.49
569.06,-105.18
569.07,-105.34
569.08,-105.79
569.09,-106.44
569.10,-105.83
569.11,-105.57
569.12,-104.47
569.13,-104.90
569.14,-106.70
569.15,-105.79
569.17,-107.14
569.18,-109.24
569.19,-107.57
569.20,-107.98
569.21,-108.30
569.22,-105.45
569.23,-104.06
569.24,-104.69
569.25,-104.64
569.26,-104.79
569.27,-105.69
569.29,-104.95
569.30,-108.17
569.31,-108.03
569.32,-107.12
569.33,-107.10
569.34,-108.42
569.35,-106.09
569.36,-106.21
569.37,-104.79
569.38,-106.31
569.39,-107.33
569.40,-104.97
569.42,-105.14
569.43,-107.18
569.44,-107.01
569.45,-107.48
569.46,-103.95
569.47,-103.96
569.48,-105.97
569.49,-107.64
569.50,-106.15
569.51,-106.19
569.52,-106.41
569.53,-107.29
569.55,-106.13
569.56,-106.73
569.57,-105.19
569.58,-106.65
569.59,-106.38
569.60,-106.82
569.61,-103.98
569.62,-104.26
569.63,-104.21
569.64,-105.72
569.65,-106.66
569.66,-106.93
569.68,-106.57
569.69,-105.16
569.70,-105.64
569.71,-105.33
569.72,-104.31
569.73,-104.87
569.74,-104.44
569.75,-103.36
569.76,-103.40
569.77,-105.98
569.78,-106.82
569.79,-105.91
569.81,-106.88
569.82,-106.02
569.83,-106.35
569.84,-104.16
569.85,-105.41
569.86,-102.30
569.86,-104.24
569.87,-105.00
569.88,-102.82
569.89,-103.94
569.90,-105.61
569.91,-104.06
569.93,-104.82
569.94,-104.51
569.95,-104.39
569.96,-105.92
569.97,-106.11
569.98,-103.51
569.99,-98.47
570.00,-96.95
570.01,-103.39
570.02,-105.70
570.03,-105.23
570.04,-105.88
570.06,-104.97
570.07,-104.30
570.08,-106.55
570.09,-104.08
570.10,-107.91
570.11,-105.21
570.12,-106.07
570.13,-105.37
570.14,-106.70
570.15,-105.03
570.16,-104.95
570.17,-106.08
570.19,-106.13
570.20,-104.64
570.21,-104.09
570.22,-104.51
570.23,-106.45
570.24,-106.48
570.25,-107.13
570.26,-103.65
570.27,-103.56
570.28,-106.79
570.29,-108.17
570.30,-108.89
570.32,-107.84
570.33,-106.54
570.34,-107.19
570.35,-106.07
570.36,-106.32
570.37,-104.54
570.38,-105.30
570.39,-106.70
570.40,-105.39
570.41,-105.47
570.42,-106.86
570.43,-108.23
570.45,-106.30
570.46,-107.93
570.47,-107.42
570.48,-105.09
570.49,-106.15
570.50,-106.57
570.51,-106.67
570.52,-105.73
570.53,-105.38
570.54,-104.97
570.55,-105.76
570.57,-106.84
570.58,-106.68
570.59,-105.08
570.60,-106.77
570.61,-106.25
570.62,-106.34
570.63,-106.38
570.64,-106.35
570.65,-105.79
570.66,-108.39
570.67,-105.75
570.68,-105.86
570.70,-106.94
570.71,-106.02
570.72,-106.40
570.73,-107.00
570.74,-105.71
570.75,-104.59
570.76,-105.37
570.77,-105.47
570.78,-105.29
570.79,-105.49
570.80,-105.64
570.81,-105.04
570.83,-108.26
570.84,-107.81
570.85,-105.72
570.86,-104.82
570.87,-107.63
570.88,-105.77
570.89,-105.57
570.90,-107.89
570.91,-105.97
570.92,-107.81
570.93,-107.88
570.94,-105.78
570.96,-104.29
570.97,-104.48
570.98,-106.01
570.99,-105.55
571.00,-108.59
571.01,-106.49
571.02,-106.14
571.03,-105.59
571.04,-105.91
571.05,-105.92
571.06,-107.22
571.07,-106.67
571.09,-109.49
571.10,-107.16
571.11,-107.30
571.12,-105.78
571.13,-105.75
571.14,-107.43
571.15,-107.12
571.16,-106.36
571.17,-106.02
571.18,-108.43
571.19,-104.29
571.21,-104.31
571.22,-106.08
571.23,-105.22
571.24,-107.42
571.25,-107.03
571.26,-105.53
571.27,-105.90
571.28,-106.33
571.29,-102.75
571.30,-104.07
571.31,-105.80
571.32,-107.69
571.34,-105.20
571.35,-105.12
571.36,-106.15
571.37,-106.38
571.38,-104.12
571.39,-102.61
571.40,-105.37
571.41,-104.48
571.42,-107.09
571.43,-107.11
571.44,-105.20
571.45,-101.10
571.47,-101.64
571.48,-105.08
571.49,-106.07
571.50,-106.49
571.51,-106.90
571.52,-106.06
571.53,-108.11
571.54,-106.92
571.55,-104.74
571.56,-104.86
571.57,-107.26
571.58,-106.87
571.60,-108.19
571.61,-106.53
571.62,-106.49
571.63,-106.25
571.64,-108.13
571.65,-108.26
571.66,-106.47
571.67,-106.55
571.68,-105.14
571.69,-106.75
571.70,-110.39
571.71,-101.63
571.73,-102.05
571.74,-107.51
571.75,-108.65
571.76,-106.00
571.77,-106.02
571.78,-103.77
571.79,-105.45
571.80,-107.46
571.81,-107.63
571.82,-105.61
571.83,-105.25
571.85,-104.93
571.86,-106.34
571.87,-105.80
571.88,-104.44
571.89,-104.41
571.90,-104.90
571.91,-105.06
571.92,-106.79
571.93,-107.94
571.94,-106.80
571.95,-107.10
571.96,-105.25
571.98,-105.23
571.99,-104.51
572.00,-105.22
572.01,-106.96
572.02,-107.19
572.03,-108.38
572.04,-107.80
572.05,-105.34
572.06,-105.00
572.07,-105.33
572.08,-105.41
572.09,-106.86
572.11,-107.18
572.12,-105.12
572.13,-105.31
572.14,-106.86
572.15,-105.52
572.16,-105.55
572.17,-107.29
572.18,-104.72
572.19,-104.59
572.20,-106.28
572.21,-106.68
572.22,-106.26
572.24,-106.14
572.25,-105.95
572.26,-105.90
572.27,-106.62
572.28,-106.16
572.29,-107.56
572.30,-99.40
572.31,-96.30
572.32,-100.48
572.33,-104.50
572.34,-102.83
572.36,-103.23
572.37,-105.27
572.38,-106.05
572.39,-107.55
572.40,-105.02
572.41,-106.88
572.42,-106.12
572.43,-106.17
572.44,-106.22
572.45,-106.20
572.46,-107.19
572.47,-106.74
572.49,-106.66
572.50,-103.30
572.51,-103.67
572.52,-105.74
572.53,-104.61
572.54,-106.01
572.55,-106.09
572.56,-106.77
572.57,-106.18
572.58,-103.85
572.59,-103.87
572.60,-104.95
572.62,-105.92
572.63,-104.62
572.64,-103.99
572.65,-104.20
572.66,-104.12
572.67,-106.75
572.68,-105.10
572.69,-103.80
572.70,-104.93
572.71,-103.92
572.72,-103.35
572.73,-105.69
572.75,-104.26
572.76,-104.18
572.77,-104.40
572.78,-104.42
572.79,-104.59
572.80,-104.67
572.81,-105.14
572.82,-103.15
572.83,-103.13
572.84,-104.00
572.85,-104.92
572.86,-105.54
572.88,-107.79
572.89,-107.25
572.90,-106.85
572.91,-105.52
572.92,-104.99
572.93,-103.86
572.94,-104.32
572.95,-105.71
572.96,-105.34
572.97,-105.49
572.98,-105.58
573.00,-104.23
573.01,-105.35
573.02,-104.73
573.03,-105.73
573.04,-107.11
573.05,-105.01
573.06,-103.38
573.07,-105.48
573.08,-104.89
573.09,-105.45
573.10,-104.99
573.11,-104.42
573.13,-105.38
573.14,-105.85
573.15,-105.10
573.16,-106.04
573.17,-105.36
573.18,-105.19
573.19,-108.38
573.20,-104.64
573.21,-102.38
573.22,-102.45
573.23,-105.18
573.24,-105.62
573.26,-105.90
573.27,-105.81
573.28,-105.29
573.29,-107.22
573.30,-105.50
573.31,-105.74
573.32,-103.56
573.33,-106.28
573.34,-105.34
573.35,-105.43
573.36,-104.20
573.37,-104.07
573.39,-106.34
573.40,-105.06
573.41,-105.51
573.42,-106.22
573.43,-104.13
573.44,-106.29
573.45,-105.14
573.46,-104.78
573.47,-102.86
573.48,-104.88
573.49,-107.52
573.50,-107.08
573.52,-106.78
573.53,-105.68
573.54,-106.46
573.55,-104.31
573.56,-104.14
573.57,-104.62
573.58,-103.66
573.59,-104.21
573.60,-105.88
573.61,-105.10
573.62,-104.90
573.64,-104.00
573.65,-103.86
573.66,-104.19
573.67,-105.57
573.68,-102.14
573.69,-103.49
573.70,-105.93
573.71,-105.33
573.72,-104.61
573.73,-102.94
573.74,-103.39
573.75,-104.46
573.77,-104.28
573.78,-104.38
573.79,-107.31
573.80,-103.45
573.81,-103.39
573.82,-104.43
573.83,-102.04
573.84,-104.30
573.85,-105.21
573.86,-103.93
573.87,-104.75
573.88,-104.69
573.90,-103.80
573.91,-102.69
573.92,-102.71
573.93,-104.38
573.94,-101.42
573.95,-101.51
573.96,-103.64
573.97,-102.46
573.98,-102.73
573.99,-103.71
574.00,-102.89
574.01,-104.04
574.03,-104.83
574.04,-102.51
574.05,-101.87
574.06,-103.51
574.07,-104.03
574.08,-104.44
574.09,-101.41
574.10,-101.14
574.11,-103.12
574.12,-102.72
574.13,-102.81
574.14,-102.46
574.16,-102.72
574.17,-102.35
574.18,-101.64
574.19,-102.72
574.20,-102.36
574.21,-103.19
574.22,-103.05
574.23,-102.68
574.24,-102.84
574.25,-102.50
574.26,-102.96
574.28,-103.24
574.29,-102.01
574.30,-102.34
574.31,-101.58
574.32,-104.85
574.33,-105.42
574.34,-104.33
574.35,-102.69
574.36,-102.67
574.37,-105.16
574.38,-104.24
574.39,-102.66
574.41,-104.63
574.42,-104.52
574.43,-106.10
574.44,-104.59
574.45,-102.81
574.46,-102.73
574.47,-106.09
574.48,-104.63
574.49,-101.90
574.50,-100.19
574.51,-104.44
574.52,-105.97
574.54,-106.13
574.55,-103.76
574.56,-105.22
574.57,-106.81
574.58,-105.57
574.59,-105.04
574.60,-104.32
574.61,-103.58
574.62,-104.42
574.63,-104.80
574.64,-104.36
574.65,-104.63
574.67,-104.44
574.68,-105.91
574.69,-103.20
574.70,-104.34
574.71,-105.60
574.72,-104.66
574.73,-105.15
574.74,-104.87
574.75,-104.44
574.76,-104.64
574.77,-107.15
574.78,-104.37
574.80,-104.72
574.81,-104.98
574.82,-105.22
574.83,-104.34
574.84,-105.40
574.85,-104.35
574.85,-103.97
574.86,-103.80
574.87,-104.45
574.88,-105.57
574.89,-103.34
574.90,-103.41
574.92,-105.67
574.93,-105.20
574.94,-105.39
574.95,-103.38
574.96,-103.35
574.97,-106.03
574.98,-105.64
574.99,-105.93
575.00,-105.57
575.01,-104.64
575.02,-104.24
575.03,-105.79
575.05,-104.24
575.06,-104.95
575.07,-105.48
575.08,-104.19
575.09,-103.83
575.10,-105.17
575.11,-104.32
575.12,-105.56
575.13,-106.79
575.14,-106.80
575.15,-107.24
575.16,-102.89
575.18,-104.66
575.19,-105.67
575.20,-104.70
575.21,-104.20
575.22,-105.43
575.23,-105.51
575.24,-103.99
575.25,-103.62
575.26,-103.81
575.27,-104.78
575.28,-106.76
575.29,-104.70
575.31,-107.09
575.32,-105.71
575.33,-105.92
575.34,-106.10
575.35,-105.25
575.36,-103.17
575.37,-104.72
575.38,-105.23
575.39,-105.23
575.40,-104.00
575.41,-104.86
575.42,-104.83
575.44,-105.46
575.45,-105.68
575.46,-106.75
575.47,-105.80
575.48,-104.93
575.49,-105.86
575.50,-105.48
575.51,-104.76
575.52,-103.68
575.53,-103.35
575.54,-105.44
575.56,-105.72
575.57,-103.04
575.58,-103.02
575.59,-104.75
575.60,-106.88
575.61,-102.87
575.62,-103.77
575.63,-103.93
575.64,-105.50
575.65,-104.63
575.66,-103.01
575.67,-102.92
575.69,-104.35
575.70,-105.34
575.71,-105.19
575.72,-104.90
575.73,-104.38
575.74,-103.35
575.75,-103.02
575.76,-104.71
575.77,-103.68
575.78,-105.68
575.79,-105.57
575.80,-106.25
575.82,-105.62
575.83,-106.56
575.84,-105.27
575.85,-105.00
575.86,-105.18
575.87,-104.88
575.88,-103.70
575.89,-104.87
575.90,-104.15
575.91,-103.46
575.92,-102.76
575.93,-103.96
575.95,-104.83
575.96,-106.12
575.97,-104.45
575.98,-101.74
575.99,-100.13
576.00,-99.18
576.01,-102.76
576.02,-103.36
576.03,-103.91
576.04,-104.85
576.05,-104.74
576.06,-104.81
576.08,-105.52
576.09,-103.30
576.10,-105.55
576.11,-104.92
576.12,-104.13
576.13,-103.26
576.14,-104.89
576.15,-106.10
576.16,-106.60
576.17,-104.86
576.18,-105.20
576.20,-104.50
576.21,-104.56
576.22,-102.50
576.23,-102.96
576.24,-104.45
576.25,-103.75
576.26,-103.94
576.27,-103.00
576.28,-103.28
576.29,-104.69
576.30,-104.04
576.31,-102.83
576.33,-102.80
576.34,-103.34
576.35,-103.45
576.36,-106.05
576.37,-103.97
576.38,-105.18
576.39,-105.28
576.40,-106.44
576.41,-105.18
576.42,-104.98
576.43,-102.82
576.44,-104.86
576.46,-103.78
576.47,-103.43
576.48,-102.97
576.49,-103.54
576.50,-102.49
576.51,-104.56
576.52,-103.73
576.53,-104.53
576.54,-103.31
576.55,-103.98
576.56,-104.44
576.57,-102.44
576.59,-105.15
576.60,-105.12
576.61,-105.51
576.62,-104.38
576.63,-102.11
576.64,-103.78
576.65,-104.15
576.66,-104.47
576.67,-105.09
576.68,-104.39
576.69,-104.15
576.70,-104.88
576.72,-104.59
576.73,-103.78
576.74,-101.53
576.75,-102.98
576.76,-104.65
576.77,-102.69
576.78,-101.90
576.79,-101.74
576.80,-102.18
576.81,-104.12
576.82,-103.74
576.84,-100.48
576.85,-100.50
576.86,-99.79
576.87,-100.02
576.88,-101.93
576.89,-101.92
576.90,-103.28
576.91,-100.04
576.92,-100.92
576.93,-102.11
576.94,-101.50
576.95,-103.41
576.97,-102.89
576.98,-102.88
576.99,-102.69
577.00,-101.69
577.01,-100.92
577.02,-101.60
577.03,-101.73
577.04,-102.13
577.05,-101.18
577.06,-101.04
577.07,-101.49
577.08,-101.61
577.10,-101.66
577.11,-100.29
577.12,-102.25
577.13,-101.58
577.14,-100.39
577.15,-101.68
577.16,-101.57
577.17,-101.34
577.18,-101.20
577.19,-102.49
577.20,-100.75
577.21,-100.76
577.23,-101.33
577.24,-99.55
577.25,-99.73
577.26,-99.79
577.27,-100.50
577.28,-99.69
577.29,-99.76
577.30,-99.06
577.31,-99.73
577.32,-100.93
577.33,-99.39
577.35,-99.14
577.36,-100.25
577.37,-100.39
577.38,-98.78
577.39,-98.71
577.40,-100.09
577.41,-97.50
577.42,-97.49
577.43,-96.69
577.44,-98.10
577.45,-95.41
577.46,-95.71
577.48,-98.05
577.49,-99.08
577.50,-98.25
577.51,-96.95
577.52,-95.83
577.53,-92.69
577.54,-92.96
577.55,-94.41
577.56,-93.08
577.57,-94.61
577.58,-95.04
577.59,-96.69
577.61,-96.12
577.62,-97.38
577.63,-97.39
577.64,-97.48
577.65,-98.61
577.66,-99.61
577.67,-99.38
577.68,-99.79
577.69,-97.34
577.70,-97.45
577.71,-99.39
577.72,-101.68
577.74,-98.59
577.75,-98.60
577.76,-99.06
577.77,-98.97
577.78,-99.01
577.79,-99.10
577.80,-96.27
577.81,-97.43
577.82,-97.34
577.83,-99.81
577.84,-99.45
577.85,-98.42
577.87,-97.73
577.88,-97.10
577.89,-98.98
577.90,-100.64
577.91,-97.07
577.92,-97.28
577.93,-100.08
577.94,-99.91
577.95,-100.71
577.96,-101.53
577.97,-101.68
577.99,-99.71
578.00,-100.66
578.01,-102.79
578.02,-100.96
578.03,-101.36
578.04,-103.08
578.05,-103.28
578.06,-101.86
578.07,-101.55
578.08,-100.61
578.09,-100.54
578.10,-101.71
578.12,-103.45
578.13,-104.36
578.14,-102.32
578.15,-102.41
578.16,-102.36
578.17,-102.69
578.18,-104.91
578.19,-104.01
578.20,-103.14
578.21,-104.52
578.22,-102.59
578.23,-102.37
578.25,-103.09
578.26,-100.82
578.27,-100.87
578.28,-104.66
578.29,-104.64
578.30,-97.77
578.31,-93.53
578.32,-96.78
578.33,-104.50
578.34,-101.90
578.35,-101.96
578.36,-101.96
578.38,-103.46
578.39,-103.25
578.40,-103.66
578.41,-103.49
578.42,-102.47
578.43,-101.92
578.44,-103.42
578.45,-102.84
578.46,-102.04
578.47,-102.10
578.48,-104.38
578.49,-103.67
578.51,-103.71
578.52,-103.79
578.53,-103.00
578.54,-102.23
578.55,-102.55
578.56,-101.32
578.57,-101.78
578.58,-100.80
578.59,-103.12
578.60,-102.23
578.61,-101.61
578.63,-103.53
578.64,-102.66
578.65,-101.52
578.66,-100.10
578.67,-103.05
578.68,-103.33
578.69,-101.98
578.70,-103.34
578.71,-102.20
578.72,-101.64
578.73,-103.24
578.74,-103.98
578.76,-104.24
578.77,-102.39
578.78,-102.97
578.79,-102.67
578.80,-104.41
578.81,-102.36
578.82,-101.00
578.83,-104.11
578.84,-104.16
578.85,-103.19
578.86,-103.00
578.87,-103.86
578.89,-101.91
578.90,-101.67
578.91,-99.37
578.92,-99.44
578.93,-100.65
578.94,-102.26
578.95,-102.20
578.96,-100.90
578.97,-100.78
578.98,-102.47
578.99,-102.00
579.00,-101.91
579.02,-103.46
579.03,-103.38
579.04,-104.47
579.05,-104.19
579.06,-103.05
579.07,-102.39
579.08,-102.30
579.09,-102.56
579.10,-102.38
579.11,-100.23
579.12,-102.89
579.13,-102.54
579.15,-102.45
579.16,-102.11
579.17,-102.11
579.18,-102.33
579.19,-103.99
579.20,-103.81
579.21,-103.77
579.22,-104.10
579.23,-103.69
579.24,-103.66
579.25,-104.53
579.27,-101.54
579.28,-101.70
579.29,-102.17
579.30,-101.91
579.31,-102.80
579.32,-102.42
579.33,-104.31
579.34,-103.74
579.35,-102.45
579.36,-102.23
579.37,-103.72
579.38,-103.57
579.40,-103.54
579.41,-103.85
579.42,-103.69
579.43,-103.04
579.44,-103.17
579.45,-104.24
579.46,-104.26
579.47,-103.79
579.48,-102.34
579.49,-101.69
579.50,-101.96
579.51,-102.70
579.53,-101.08
579.54,-101.21
579.55,-101.92
579.56,-102.27
579.57,-102.18
579.58,-102.37
579.59,-102.49
579.60,-100.75
579.61,-103.54
579.62,-103.14
579.63,-104.41
579.64,-104.73
579.66,-105.04
579.67,-102.22
579.68,-100.15
579.69,-101.53
579.70,-104.21
579.71,-104.45
579.72,-103.76
579.73,-102.62
579.74,-103.34
579.75,-105.26
579.76,-104.02
579.77,-103.99
579.79,-106.41
579.80,-103.56
579.81,-103.71
579.82,-103.44
579.83,-103.38
579.84,-105.59
579.84,-104.40
579.85,-103.91
579.86,-102.99
579.87,-104.55
579.88,-103.57
579.89,-101.31
579.91,-101.42
579.92,-101.24
579.93,-101.35
579.94,-103.81
579.95,-103.06
579.96,-103.79
579.97,-103.98
579.98,-104.05
579.99,-102.26
580.00,-102.04
580.01,-103.68
580.02,-103.88
580.04,-103.43
580.05,-105.05
580.06,-102.36
580.07,-102.07
580.08,-103.77
580.09,-106.22
580.10,-105.23
580.11,-105.56
580.12,-104.52
580.13,-102.99
580.14,-104.87
580.15,-105.70
580.17,-102.07
580.18,-102.36
580.19,-103.29
580.20,-102.66
580.21,-105.24
580.22,-104.77
580.23,-104.62
580.24,-104.85
580.25,-105.01
580.26,-102.51
580.27,-102.52
580.28,-105.15
580.30,-105.43
580.31,-105.00
580.32,-106.42
580.33,-104.24
580.34,-104.17
580.35,-103.89
580.36,-105.74
580.37,-106.45
580.38,-105.34
580.39,-105.00
580.40,-102.89
580.41,-103.41
580.43,-103.95
580.44,-104.40
580.45,-104.31
580.46,-104.70
580.47,-104.78
580.48,-103.96
580.49,-102.68
580.50,-103.35
580.51,-104.27
580.52,-105.56
580.53,-105.78
580.55,-103.71
580.56,-103.67
580.57,-102.95
580.58,-102.66
580.59,-103.10
580.60,-105.30
580.61,-106.58
580.62,-106.20
580.63,-105.35
580.64,-103.90
580.65,-102.33
580.66,-102.69
580.68,-104.09
580.69,-105.24
580.70,-104.48
580.71,-103.39
580.72,-106.21
580.73,-106.69
580.74,-104.13
580.75,-105.23
580.76,-105.46
580.77,-103.56
580.78,-105.38
580.79,-104.20
580.81,-102.81
580.82,-102.73
580.83,-104.92
580.84,-103.06
580.85,-102.07
580.86,-101.62
580.87,-101.76
580.88,-103.43
580.89,-102.90
580.90,-102.86
580.91,-102.99
580.92,-103.04
580.94,-103.36
580.95,-103.57
580.96,-102.66
580.97,-102.24
580.98,-101.19
580.99,-101.60
581.00,-101.59
581.01,-100.80
581.02,-100.65
581.03,-102.27
581.04,-103.55
581.05,-102.49
581.07,-101.64
581.08,-102.70
581.09,-102.75
581.10,-104.12
581.11,-103.86
581.12,-103.02
581.13,-102.55
581.14,-100.71
581.15,-102.55
581.16,-101.08
581.17,-101.72
581.19,-101.77
581.20,-101.25
581.21,-100.41
581.22,-102.01
581.23,-100.74
581.24,-99.71
581.25,-99.18
581.26,-99.59
581.27,-100.31
581.28,-101.06
581.29,-100.81
581.30,-100.93
581.32,-100.56
581.33,-101.87
581.34,-100.17
581.35,-100.89
581.36,-101.15
581.37,-101.93
581.38,-100.03
581.39,-102.01
581.40,-99.97
581.41,-100.61
581.42,-99.37
581.43,-99.42
581.45,-99.04
581.46,-98.91
581.47,-100.05
581.48,-99.89
581.49,-98.58
581.50,-97.21
581.51,-98.86
581.52,-100.51
581.53,-100.44
581.54,-100.77
581.55,-99.91
581.56,-98.27
581.58,-98.39
581.59,-99.54
581.60,-97.61
581.61,-97.75
581.62,-98.23
581.63,-98.73
581.64,-96.44
581.65,-96.72
581.66,-100.55
581.67,-97.82
581.68,-97.96
581.69,-99.55
581.71,-98.43
581.72,-99.75
581.73,-99.63
581.74,-99.60
581.75,-97.82
581.76,-98.75
581.77,-98.11
581.78,-98.30
581.79,-99.19
581.80,-101.18
581.81,-99.06
581.83,-97.40
581.84,-97.94
581.85,-99.28
581.86,-95.85
581.87,-96.55
581.88,-98.98
581.89,-97.55
581.90,-99.39
581.91,-98.09
581.92,-97.80
581.93,-97.97
581.94,-96.66
581.96,-97.13
581.97,-99.21
581.98,-101.29
581.99,-97.12
582.00,-96.71
582.01,-97.97
582.02,-97.58
582.03,-101.15
582.04,-100.86
582.05,-96.80
582.06,-96.66
582.07,-97.81
582.09,-101.51
582.10,-98.45
582.11,-98.25
582.12,-100.33
582.13,-99.74
582.14,-100.93
582.15,-98.35
582.16,-98.40
582.17,-98.46
582.18,-99.19
582.19,-99.11
582.20,-99.54
582.22,-98.70
582.23,-99.71
582.24,-99.48
582.25,-101.32
582.26,-101.09
582.27,-98.92
582.28,-99.83
582.29,-101.00
582.30,-100.31
582.31,-99.39
582.32,-99.27
582.34,-99.91
582.35,-100.23
582.36,-99.70
582.37,-100.40
582.38,-99.82
582.39,-100.31
582.40,-101.62
582.41,-98.92
582.42,-98.55
582.43,-98.18
582.44,-99.25
582.45,-100.12
582.47,-101.60
582.48,-102.08
582.49,-102.00
582.50,-100.00
582.51,-97.65
582.52,-97.59
582.53,-100.13
582.54,-99.20
582.55,-99.35
582.56,-100.87
582.57,-98.27
582.58,-98.80
582.60,-97.24
582.61,-98.81
582.62,-97.90
582.63,-98.06
582.64,-99.36
582.65,-99.46
582.66,-100.03
582.67,-100.03
582.68,-100.54
582.69,-100.13
582.70,-100.47
582.71,-99.15
582.73,-100.47
582.74,-98.90
582.75,-98.90
582.76,-98.55
582.77,-99.50
582.78,-100.79
582.79,-100.64
582.80,-97.69
582.81,-98.70
582.82,-99.63
582.83,-99.76
582.84,-99.52
582.86,-100.22
582.87,-99.98
582.88,-99.78
582.89,-101.27
582.90,-100.37
582.91,-98.84
582.92,-98.95
582.93,-99.54
582.94,-100.08
582.95,-99.88
582.96,-101.15
582.98,-100.21
582.99,-98.34
583.00,-98.50
583.01,-97.79
583.02,-98.59
583.03,-98.24
583.04,-97.76
583.05,-98.02
583.06,-98.70
583.07,-98.71
583.08,-97.87
583.09,-99.23
583.11,-99.04
583.12,-100.11
583.13,-99.72
583.14,-97.76
583.15,-97.71
583.16,-97.41
583.17,-98.67
583.18,-100.77
583.19,-97.70
583.20,-97.13
583.21,-98.78
583.22,-99.91
583.24,-100.51
583.25,-100.08
583.26,-100.14
583.27,-98.61
583.28,-99.34
583.29,-99.03
583.30,-96.78
583.31,-98.70
583.32,-98.66
583.33,-99.52
583.34,-99.59
583.35,-99.16
583.37,-98.94
583.38,-98.94
583.39,-99.19
583.40,-100.37
583.41,-100.91
583.42,-102.57
583.43,-102.90
583.44,-101.51
583.45,-100.39
583.46,-97.20
583.47,-97.60
583.48,-99.99
583.50,-99.33
583.51,-100.97
583.52,-100.10
583.53,-102.79
583.54,-102.00
583.55,-100.22
583.56,-100.59
583.57,-104.13
583.58,-102.52
583.59,-103.12
583.60,-102.43
583.62,-102.64
583.63,-102.87
583.64,-104.27
583.65,-102.56
583.66,-101.37
583.67,-101.47
583.68,-101.37
583.69,-102.91
583.70,-103.05
583.71,-102.98
583.72,-102.01
583.73,-101.93
583.75,-101.90
583.76,-103.13
583.77,-104.91
583.78,-104.04
583.79,-104.42
583.80,-104.74
583.81,-102.93
583.82,-103.01
583.83,-102.97
583.84,-105.54
583.85,-103.22
583.86,-102.57
583.88,-102.37
583.89,-102.79
583.90,-103.36
583.91,-103.44
583.92,-103.99
583.93,-105.99
583.94,-105.28
583.95,-104.74
583.96,-104.31
583.97,-105.16
583.98,-106.11
583.99,-105.92
584.01,-105.53
584.02,-106.33
584.03,-104.60
584.04,-104.94
584.05,-104.98
584.06,-106.07
584.07,-105.83
584.08,-104.08
584.09,-104.56
584.10,-107.31
584.11,-105.01
584.12,-103.99
584.14,-105.19
584.15,-105.16
584.16,-105.51
584.17,-106.24
584.18,-104.95
584.19,-104.54
584.20,-103.90
584.21,-104.20
584.22,-104.66
584.23,-106.31
584.24,-103.55
584.26,-104.18
584.27,-99.99
584.28,-100.68
584.29,-103.86
584.30,-104.02
584.31,-100.62
584.32,-102.70
584.33,-104.56
584.34,-103.40
584.35,-103.84
584.36,-105.48
584.37,-106.95
584.39,-106.74
584.40,-104.66
584.41,-102.55
584.42,-102.39
584.43,-105.69
584.44,-105.17
584.45,-104.67
584.46,-103.96
584.47,-106.41
584.48,-100.23
584.49,-99.29
584.50,-102.42
584.52,-100.92
584.53,-103.58
584.54,-102.96
584.55,-102.56
584.56,-99.95
584.57,-97.43
584.58,-103.52
584.59,-104.57
584.60,-104.46
584.61,-102.45
584.62,-103.13
584.63,-102.96
584.65,-101.27
584.66,-101.46
584.67,-105.03
584.68,-102.82
584.69,-103.22
584.70,-102.35
584.71,-99.66
584.72,-99.53
584.73,-101.97
584.74,-103.03
584.75,-100.95
584.76,-101.22
584.78,-101.23
584.79,-98.90
584.80,-99.90
584.81,-99.52
584.82,-100.07
584.83,-101.04
584.83,-102.56
584.84,-104.47
584.85,-98.54
584.86,-94.43
584.87,-97.28
584.88,-101.80
584.90,-101.42
584.91,-98.57
584.92,-98.89
584.93,-98.68
584.94,-98.55
584.95,-101.19
584.96,-100.67
584.97,-100.90
584.98,-100.94
584.99,-99.20
585.00,-91.10
585.01,-90.23
585.03,-96.95
585.04,-96.75
585.05,-96.17
585.06,-94.11
585.07,-95.33
585.08,-85.52
585.09,-85.58
585.10,-90.52
585.11,-90.61
585.12,-90.31
585.13,-88.51
585.14,-87.96
585.16,-81.58
585.17,-82.68
585.18,-86.68
585.19,-89.70
585.20,-92.52
585.21,-89.57
585.22,-86.80
585.23,-84.87
585.24,-89.13
585.25,-94.47
585.26,-94.33
585.27,-97.42
585.29,-97.47
585.30,-92.71
585.31,-89.82
585.32,-94.19
585.33,-101.11
585.34,-102.09
585.35,-101.37
585.36,-102.28
585.37,-97.25
585.38,-96.28
585.39,-100.46
585.40,-99.49
585.42,-101.14
585.43,-102.92
585.44,-102.66
585.45,-95.14
585.46,-95.02
585.47,-101.61
585.48,-103.41
585.49,-103.08
585.50,-102.12
585.51,-98.30
585.52,-96.13
585.54,-97.83
585.55,-102.34
585.56,-103.66
585.57,-103.04
585.58,-102.45
585.59,-102.49
585.60,-99.38
585.61,-98.97
585.62,-101.32
585.63,-101.88
585.64,-103.98
585.65,-104.51
585.67,-102.77
585.68,-101.57
585.69,-101.45
585.70,-100.98
585.71,-101.92
585.72,-101.92
585.73,-102.35
585.74,-100.71
585.75,-97.90
585.76,-100.15
585.77,-101.49
585.78,-102.75
585.80,-102.26
585.81,-101.72
585.82,-99.12
585.83,-98.89
585.84,-96.50
585.85,-96.77
585.86,-102.07
585.87,-102.31
585.88,-98.66
585.89,-95.36
585.90,-97.69
585.91,-98.48
585.93,-101.44
585.94,-102.11
585.95,-101.92
585.96,-100.37
585.97,-100.83
585.98,-100.77
585.99,-100.48
586.00,-101.54
586.01,-103.07
586.02,-103.56
586.03,-104.67
586.04,-99.66
586.06,-100.61
586.07,-105.02
586.08,-104.03
586.09,-102.54
586.10,-103.14
586.11,-103.23
586.12,-100.34
586.13,-101.86
586.14,-102.22
586.15,-105.41
586.16,-105.08
586.18,-101.92
586.19,-101.62
586.20,-102.57
586.21,-105.24
586.22,-103.99
586.23,-105.32
586.24,-104.34
586.25,-104.42
586.26,-102.78
586.27,-102.45
586.28,-103.16
586.29,-101.79
586.31,-102.87
586.32,-104.19
586.33,-104.46
586.34,-102.32
586.35,-102.42
586.36,-104.78
586.37,-106.56
586.38,-106.08
586.39,-103.97
586.40,-103.56
586.41,-105.32
586.42,-104.54
586.44,-105.47
586.45,-104.36
586.46,-104.66
586.47,-104.01
586.48,-103.23
586.49,-99.90
586.50,-102.59
586.51,-104.57
586.52,-106.73
586.53,-105.11
586.54,-103.43
586.55,-102.04
586.57,-101.92
586.58,-103.81
586.59,-105.10
586.60,-104.65
586.61,-101.51
586.62,-101.62
586.63,-102.81
586.64,-101.52
586.65,-102.51
586.66,-101.18
586.67,-104.33
586.68,-105.20
586.70,-104.86
586.71,-102.72
586.72,-102.08
586.73,-102.94
586.74,-105.07
586.75,-104.34
586.76,-105.66
586.77,-105.68
586.78,-103.41
586.79,-103.23
586.80,-103.54
586.82,-103.14
586.83,-104.47
586.84,-105.24
586.85,-106.48
586.86,-100.87
586.87,-101.52
586.88,-106.79
586.89,-106.03
586.90,-105.06
586.91,-104.60
586.92,-105.12
586.93,-104.38
586.95,-104.46
586.96,-106.68
586.97,-106.51
586.98,-104.50
586.99,-104.42
587.00,-103.07
587.01,-101.12
587.02,-103.59
587.03,-105.09
587.04,-104.69
587.05,-104.56
587.06,-105.09
587.08,-102.37
587.09,-101.94
587.10,-106.29
587.11,-105.71
587.12,-104.48
587.13,-104.15
587.14,-104.78
587.15,-101.13
587.16,-100.96
587.17,-104.06
587.18,-105.11
587.19,-105.15
587.21,-106.12
587.22,-104.83
587.23,-103.20
587.24,-103.33
587.25,-103.74
587.26,-106.15
587.27,-107.02
587.28,-106.58
587.29,-105.16
587.30,-103.64
587.31,-103.98
587.33,-105.01
587.34,-106.02
587.35,-105.84
587.36,-107.31
587.37,-104.70
587.38,-101.37
587.39,-101.65
587.40,-105.56
587.41,-106.70
587.42,-106.13
587.43,-104.49
587.44,-105.29
587.46,-103.41
587.47,-102.82
587.48,-106.85
587.49,-99.84
587.50,-97.70
587.51,-101.20
587.52,-104.03
587.53,-102.37
587.54,-103.69
587.55,-104.53
587.56,-106.82
587.57,-104.64
587.59,-104.45
587.60,-102.21
587.61,-102.35
587.62,-104.25
587.63,-103.68
587.64,-103.44
587.65,-103.15
587.66,-105.24
587.67,-102.21
587.68,-102.32
587.69,-100.66
587.70,-99.74
587.72,-100.48
587.73,-100.77
587.74,-105.89
587.75,-102.31
587.76,-102.44
587.77,-106.45
587.78,-103.79
587.79,-104.91
587.80,-105.34
587.81,-105.28
587.82,-103.18
587.83,-104.72
587.85,-106.39
587.86,-104.82
587.87,-105.57
587.88,-106.38
587.89,-105.73
587.90,-104.70
587.91,-103.97
587.92,-105.32
587.93,-105.12
587.94,-107.36
587.95,-104.36
587.97,-103.88
587.98,-102.98
587.99,-99.74
588.00,-98.17
588.01,-103.18
588.02,-106.11
588.03,-103.04
588.04,-101.36
588.05,-101.39
588.06,-103.77
588.07,-105.88
588.08,-105.80
588.10,-105.20
588.11,-106.52
588.12,-103.98
588.13,-104.25
588.14,-106.01
588.15,-103.35
588.16,-103.74
588.17,-107.34
588.18,-104.32
588.19,-101.66
588.20,-103.11
588.21,-102.53
588.23,-101.67
588.24,-101.76
588.25,-105.36
588.26,-105.08
588.27,-105.36
588.28,-105.25
588.29,-105.02
588.30,-106.16
588.31,-106.39
588.32,-106.42
588.33,-104.29
588.34,-103.73
588.36,-105.68
588.37,-107.54
588.38,-105.55
588.39,-107.23
588.40,-107.31
588.41,-103.13
588.42,-103.12
588.43,-105.57
588.44,-105.81
588.45,-106.61
588.46,-107.74
588.47,-106.19
588.49,-104.01
588.50,-104.87
588.51,-106.23
588.52,-106.12
588.53,-104.93
588.54,-104.64
588.55,-108.40
588.56,-105.23
588.57,-106.22
588.58,-108.61
588.59,-109.32
588.61,-108.07
588.62,-106.70
588.63,-102.62
588.64,-101.87
588.65,-101.43
588.66,-104.25
588.67,-102.76
588.68,-102.34
588.69,-100.64
588.70,-100.63
588.71,-101.60
588.72,-102.85
588.74,-102.86
588.75,-105.57
588.76,-106.65
588.77,-104.49
588.78,-103.87
588.79,-104.71
588.80,-100.91
588.81,-103.20
588.82,-104.15
588.83,-105.21
588.84,-104.99
588.85,-102.33
588.87,-100.23
588.88,-101.25
588.89,-106.73
588.90,-97.47
588.91,-98.39
588.92,-103.45
588.93,-102.34
588.94,-102.20
588.95,-101.99
588.96,-102.98
588.97,-102.65
588.98,-103.36
589.00,-104.09
589.01,-102.47
589.02,-103.37
589.03,-106.63
589.04,-106.33
589.05,-104.53
589.06,-103.97
589.07,-104.52
589.08,-104.30
589.09,-106.56
589.10,-107.92
589.11,-107.51
589.13,-105.46
589.14,-105.94
589.15,-102.27
589.16,-99.67
589.17,-101.37
589.18,-105.87
589.19,-104.21
589.20,-104.22
589.21,-105.22
589.22,-103.29
589.23,-103.29
589.25,-106.65
589.26,-106.25
589.27,-104.67
589.28,-106.40
589.29,-105.71
589.30,-103.04
589.31,-102.80
589.32,-107.66
589.33,-107.26
589.34,-106.91
589.35,-106.14
589.36,-106.00
589.38,-103.71
589.39,-103.64
589.40,-105.47
589.41,-105.45
589.42,-107.14
589.43,-103.17
589.44,-100.48
589.45,-96.95
589.46,-103.94
589.47,-106.34
589.48,-105.80
589.49,-103.30
589.51,-103.29
589.52,-103.43
589.53,-102.77
589.54,-105.10
589.55,-105.91
589.56,-106.00
589.57,-105.79
589.58,-104.45
589.59,-104.92
589.60,-104.04
589.61,-104.61
589.62,-104.81
589.64,-105.46
589.65,-104.90
589.66,-104.12
589.67,-103.65
589.68,-102.96
589.69,-104.16
589.70,-104.57
589.71,-104.78
589.72,-106.42
589.73,-103.73
589.74,-103.39
589.75,-102.90
589.77,-102.11
589.78,-101.77
589.79,-102.54
589.80,-101.35
589.81,-99.08
589.82,-98.36
589.82,-98.22
589.83,-98.45
589.84,-98.72
589.85,-98.89
589.86,-97.86
589.87,-98.52
589.89,-99.40
589.90,-98.93
589.91,-101.63
589.92,-104.99
589.93,-103.67
589.94,-103.46
589.95,-103.41
589.96,-99.18
589.97,-98.98
589.98,-102.48
589.99,-99.12
590.00,-99.07
590.02,-103.71
590.03,-103.16
590.04,-100.33
590.05,-100.35
590.06,-105.72
590.07,-99.43
590.08,-98.53
590.09,-102.36
590.10,-103.56
590.11,-101.95
590.12,-101.25
590.13,-99.94
590.15,-99.77
590.16,-104.22
590.17,-102.39
590.18,-101.30
590.19,-103.12
590.20,-103.06
590.21,-102.62
590.22,-104.33
590.23,-105.89
590.24,-106.27
590.25,-105.78
590.26,-104.54
590.28,-105.88
590.29,-104.60
590.30,-105.38
590.31,-106.23
590.32,-105.17
590.33,-104.07
590.34,-103.62
590.35,-104.60
590.36,-107.11
590.37,-107.90
590.38,-107.82
590.39,-104.02
590.41,-104.15
590.42,-103.59
590.43,-108.96
590.44,-105.24
590.45,-105.67
590.46,-107.64
590.47,-107.07
590.48,-105.76
590.49,-105.55
590.50,-105.68
590.51,-107.27
590.53,-105.51
590.54,-105.25
590.55,-102.24
590.56,-102.30
590.57,-101.95
590.58,-101.84
590.59,-106.52
590.60,-104.25
590.61,-106.82
590.62,-104.38
590.63,-103.93
590.64,-104.90
590.66,-101.52
590.67,-101.50
590.68,-104.76
590.69,-104.12
590.70,-104.19
590.71,-99.84
590.72,-100.15
590.73,-102.02
590.74,-101.74
590.75,-103.88
590.76,-104.42
590.77,-103.63
590.79,-105.03
590.80,-105.30
590.81,-107.66
590.82,-105.69
590.83,-108.70
590.84,-105.77
590.85,-105.41
590.86,-103.77
590.87,-103.94
590.88,-106.94
590.89,-107.84
590.90,-106.27
590.92,-105.97
590.93,-104.22
590.94,-103.52
590.95,-107.17
590.96,-107.39
590.97,-106.62
590.98,-106.19
590.99,-105.99
591.00,-105.89
591.01,-106.25
591.02,-108.32
591.03,-108.84
591.05,-107.68
591.06,-107.16
591.07,-105.50
591.08,-103.20
591.09,-106.84
591.10,-106.91
591.11,-107.09
591.12,-104.04
591.13,-104.01
591.14,-107.45
591.15,-103.44
591.17,-104.49
591.18,-105.35
591.19,-106.66
591.20,-106.85
591.21,-107.13
591.22,-105.60
591.23,-105.27
591.24,-105.99
591.25,-105.81
591.26,-106.43
591.27,-106.75
591.28,-106.16
591.30,-106.31
591.31,-105.02
591.32,-105.22
591.33,-106.64
591.34,-105.69
591.35,-105.25
591.36,-105.26
591.37,-103.64
591.38,-103.53
591.39,-106.39
591.40,-107.27
591.41,-107.58
591.43,-103.65
591.44,-103.60
591.45,-104.24
591.46,-102.58
591.47,-102.62
591.48,-106.67
591.49,-107.04
591.50,-106.23
591.51,-106.39
591.52,-101.64
591.53,-101.72
591.54,-104.20
591.56,-105.50
591.57,-106.40
591.58,-105.57
591.59,-102.67
591.60,-101.95
591.61,-102.50
591.62,-103.88
591.63,-101.70
591.64,-103.34
591.65,-106.45
591.66,-104.82
591.67,-103.58
591.69,-105.42
591.70,-105.77
591.71,-105.88
591.72,-106.12
591.73,-104.70
591.74,-103.63
591.75,-103.66
591.76,-104.94
591.77,-107.09
591.78,-104.94
591.79,-105.08
591.81,-104.84
591.82,-103.94
591.83,-103.72
591.84,-103.38
591.85,-106.67
591.86,-104.90
591.87,-103.31
591.88,-105.55
591.89,-105.98
591.90,-106.06
591.91,-109.15
591.92,-105.77
591.94,-105.53
591.95,-108.01
591.96,-103.47
591.97,-102.49
591.98,-103.16
591.99,-105.00
592.00,-105.26
592.01,-106.98
592.02,-103.00
592.03,-100.90
592.04,-103.18
592.05,-103.76
592.07,-104.84
592.08,-101.80
592.09,-101.60
592.10,-103.15
592.11,-100.49
592.12,-100.99
592.13,-104.42
592.14,-105.22
592.15,-108.12
592.16,-105.66
592.17,-105.77
592.18,-103.70
592.20,-103.38
592.21,-104.10
592.22,-106.47
592.23,-106.15
592.24,-105.85
592.25,-104.13
592.26,-102.43
592.27,-103.43
592.28,-105.81
592.29,-106.60
592.30,-104.37
592.32,-106.36
592.33,-104.18
592.34,-100.46
592.35,-101.94
592.36,-107.38
592.37,-105.97
592.38,-106.11
592.39,-106.23
592.40,-105.37
592.41,-104.14
592.42,-105.09
592.43,-103.90
592.45,-103.50
592.46,-106.82
592.47,-102.97
592.48,-102.44
592.49,-102.39
592.50,-99.42
592.51,-101.01
592.52,-106.29
592.53,-105.43
592.54,-105.07
592.55,-105.44
592.56,-104.82
592.58,-104.97
592.59,-105.68
592.60,-107.59
592.61,-106.57
592.62,-105.53
592.63,-104.82
592.64,-104.03
592.65,-104.49
592.66,-106.70
592.67,-103.45
592.68,-103.59
592.69,-105.42
592.71,-100.12
592.72,-100.44
592.73,-106.97
592.74,-101.89
592.75,-101.72
592.76,-104.62
592.77,-103.08
592.78,-102.74
592.79,-106.01
592.80,-104.50
592.81,-103.49
592.82,-105.78
592.84,-104.41
592.85,-101.87
592.86,-104.45
592.87,-105.15
592.88,-104.34
592.89,-105.60
592.90,-104.21
592.91,-104.27
592.92,-104.75
592.93,-103.97
592.94,-106.18
592.96,-106.45
592.97,-106.39
592.98,-103.68
592.99,-104.32
593.00,-103.95
593.01,-103.93
593.02,-106.38
593.03,-106.63
593.04,-104.10
593.05,-103.93
593.06,-106.24
593.07,-104.71
593.09,-104.27
593.10,-105.16
593.11,-105.40
593.12,-105.31
593.13,-104.72
593.14,-104.53
593.15,-102.05
593.16,-104.36
593.17,-103.74
593.18,-102.14
593.19,-107.05
593.20,-106.67
593.22,-102.31
593.23,-102.83
593.24,-104.18
593.25,-103.28
593.26,-104.43
593.27,-106.36
593.28,-102.79
593.29,-103.35
593.30,-103.96
593.31,-101.73
593.32,-101.72
593.33,-107.84
593.35,-103.69
593.36,-103.73
593.37,-104.58
593.38,-101.69
593.39,-102.81
593.40,-106.35
593.41,-101.40
593.42,-101.32
593.43,-106.72
593.44,-100.86
593.45,-100.75
593.46,-105.07
593.48,-103.84
593.49,-100.36
593.50,-102.64
593.51,-103.23
593.52,-99.13
593.53,-100.35
593.54,-101.47
593.55,-97.16
593.56,-99.61
593.57,-104.05
593.58,-98.70
593.60,-99.81
593.61,-102.99
593.62,-98.65
593.63,-98.71
593.64,-105.46
593.65,-99.31
593.66,-99.39
593.67,-105.34
593.68,-102.73
593.69,-102.41
593.70,-104.60
593.71,-104.54
593.73,-104.83
593.74,-105.55
593.75,-103.99
593.76,-102.92
593.77,-104.16
593.78,-100.16
593.79,-98.32
593.80,-101.89
593.81,-98.90
593.82,-95.13
593.83,-98.31
593.84,-99.21
593.86,-93.66
593.87,-94.66
593.88,-100.02
593.89,-92.22
593.90,-92.93
593.91,-98.74
593.92,-91.32
593.93,-91.69
593.94,-95.00
593.95,-77.98
593.96,-77.86
593.97,-90.87
593.99,-90.83
594.00,-90.54
594.01,-97.63
594.02,-92.49
594.03,-91.36
594.04,-97.83
594.05,-94.59
594.06,-92.65
594.07,-97.73
594.08,-95.92
594.09,-93.56
594.10,-98.48
594.12,-100.34
594.13,-95.96
594.14,-98.12
594.15,-100.12
594.16,-96.98
594.17,-99.23
594.18,-102.66
594.19,-98.77
594.20,-101.43
594.21,-103.69
594.22,-102.89
594.24,-104.09
594.25,-102.20
594.26,-101.76
594.27,-101.00
594.28,-99.32
594.29,-99.63
594.30,-99.94
594.31,-103.53
594.32,-101.72
594.33,-100.53
594.34,-100.78
594.35,-97.26
594.37,-96.89
594.38,-101.78
594.39,-103.39
594.40,-101.99
594.41,-102.64
594.42,-101.05
594.43,-100.49
594.44,-101.27
594.45,-104.12
594.46,-104.55
594.47,-104.54
594.48,-105.83
594.50,-105.42
594.51,-102.84
594.52,-105.27
594.53,-105.26
594.54,-103.96
594.55,-102.51
594.56,-105.10
594.57,-106.21
594.58,-104.56
594.59,-105.69
594.60,-104.21
594.61,-105.94
594.63,-105.87
594.64,-105.71
594.65,-106.49
594.66,-105.98
594.67,-105.05
594.68,-106.48
594.69,-106.28
594.70,-105.99
594.71,-105.00
594.72,-104.31
594.73,-102.58
594.74,-102.68
594.76,-106.68
594.77,-102.52
594.78,-102.74
594.79,-102.97
594.80,-102.52
594.81,-104.34
594.81,-103.81
594.82,-106.46
594.83,-103.31
594.84,-103.27
594.85,-104.22
594.86,-100.37
594.88,-100.45
594.89,-106.83
594.90,-102.11
594.91,-100.89
594.92,-106.40
594.93,-102.15
594.94,-101.38
594.95,-106.04
594.96,-103.69
594.97,-103.02
594.98,-103.64
594.99,-100.99
595.01,-99.35
595.02,-104.62
595.03,-104.12
595.04,-101.89
595.05,-105.59
595.06,-107.20
595.07,-102.76
595.08,-102.80
595.09,-105.75
595.10,-100.85
595.11,-102.51
595.12,-104.95
595.14,-100.77
595.15,-100.50
595.16,-103.05
595.17,-102.64
595.18,-102.89
595.19,-106.16
595.20,-101.28
595.21,-101.26
595.22,-103.33
595.23,-100.45
595.24,-100.34
595.25,-104.93
595.27,-104.09
595.28,-102.98
595.29,-104.25
595.30,-103.43
595.31,-101.58
595.32,-105.13
595.33,-105.54
595.34,-103.59
595.35,-104.57
595.36,-104.53
595.37,-102.73
595.38,-103.54
595.40,-102.06
595.41,-100.05
595.42,-103.58
595.43,-107.84
595.44,-102.52
595.45,-100.79
595.46,-104.73
595.47,-103.18
595.48,-103.04
595.49,-106.80
595.50,-106.25
595.52,-105.17
595.53,-105.14
595.54,-104.54
595.55,-105.33
595.56,-107.22
595.57,-107.08
595.58,-104.22
595.59,-105.00
595.60,-107.00
595.61,-104.67
595.62,-105.55
595.63,-106.99
595.65,-105.37
595.66,-106.00
595.67,-105.96
595.68,-105.17
595.69,-105.03
595.70,-102.50
595.71,-105.08
595.72,-104.97
595.73,-105.00
595.74,-106.87
595.75,-106.07
595.76,-106.77
595.78,-104.66
595.79,-104.95
595.80,-107.65
595.81,-105.39
595.82,-105.88
595.83,-104.81
595.84,-105.28
595.85,-104.94
595.86,-105.67
595.87,-104.58
595.88,-102.48
595.89,-102.49
595.91,-105.28
595.92,-103.93
595.93,-104.24
595.94,-105.41
595.95,-103.49
595.96,-103.54
595.97,-104.25
595.98,-102.48
595.99,-101.58
596.00,-102.74
596.01,-104.51
596.02,-104.70
596.04,-104.94
596.05,-105.22
596.06,-104.46
596.07,-103.63
596.08,-103.92
596.09,-105.46
596.10,-106.26
596.11,-106.22
596.12,-105.63
596.13,-105.40
596.14,-103.97
596.16,-104.54
596.17,-104.11
596.18,-106.22
596.19,-105.06
596.20,-106.60
596.21,-102.42
596.22,-99.84
596.23,-104.15
596.24,-107.12
596.25,-106.10
596.26,-102.97
596.27,-102.33
596.29,-101.21
596.30,-100.67
596.31,-105.46
596.32,-105.43
596.33,-104.91
596.34,-104.38
596.35,-105.77
596.36,-105.83
596.37,-105.39
596.38,-105.39
596.39,-105.95
596.40,-106.96
596.42,-106.07
596.43,-106.08
596.44,-108.12
596.45,-108.06
596.46,-106.05
596.47,-106.18
596.48,-105.53
596.49,-105.63
596.50,-104.35
596.51,-104.43
596.52,-104.46
596.53,-106.31
596.55,-106.40
596.56,-106.91
596.57,-107.13
596.58,-101.22
596.59,-97.09
596.60,-99.67
596.61,-102.74
596.62,-105.99
596.63,-103.58
596.64,-106.24
596.65,-106.39
596.66,-102.28
596.68,-102.68
596.69,-103.53
596.70,-102.58
596.71,-103.17
596.72,-103.33
596.73,-103.21
596.74,-103.81
596.75,-103.67
596.76,-103.32
596.77,-104.69
596.78,-104.36
596.80,-104.42
596.81,-103.89
596.82,-103.24
596.83,-107.09
596.84,-107.88
596.85,-102.87
596.86,-102.58
596.87,-105.71
596.88,-100.65
596.89,-101.22
596.90,-106.75
596.91,-102.18
596.93,-102.95
596.94,-105.04
596.95,-105.04
596.96,-103.66
596.97,-104.89
596.98,-107.35
596.99,-104.08
597.00,-101.18
597.01,-104.66
597.02,-104.76
597.03,-103.61
597.04,-105.84
597.06,-105.29
597.07,-105.52
597.08,-101.70
597.09,-101.62
597.10,-106.13
597.11,-104.32
597.12,-105.51
597.13,-105.56
597.14,-106.80
597.15,-106.49
597.16,-107.00
597.17,-103.12
597.19,-102.49
597.20,-106.58
597.21,-106.39
597.22,-106.22
597.23,-104.44
597.24,-104.13
597.25,-104.19
597.26,-104.18
597.27,-106.58
597.28,-107.42
597.29,-105.25
597.30,-104.73
597.32,-106.28
597.33,-103.43
597.34,-103.53
597.35,-105.94
597.36,-105.30
597.37,-105.58
597.38,-105.43
597.39,-107.27
597.40,-106.25
597.41,-107.15
597.42,-107.08
597.44,-105.90
597.45,-103.76
597.46,-107.35
597.47,-105.06
597.48,-103.29
597.49,-106.65
597.50,-104.75
597.51,-103.53
597.52,-103.03
597.53,-103.70
597.54,-106.19
597.55,-105.77
597.57,-106.10
597.58,-106.89
597.59,-102.59
597.60,-101.71
597.61,-102.86
597.62,-106.67
597.63,-104.90
597.64,-104.63
597.65,-105.12
597.66,-103.71
597.67,-102.26
597.68,-104.74
597.70,-105.51
597.71,-104.66
597.72,-105.06
597.73,-103.35
597.74,-101.16
597.75,-100.33
597.76,-104.56
597.77,-102.91
597.78,-104.93
597.79,-105.65
597.80,-102.40
597.81,-102.25
597.83,-102.40
597.84,-104.20
597.85,-102.54
597.86,-103.35
597.87,-104.24
597.88,-105.15
597.89,-104.92
597.90,-105.12
597.91,-103.47
597.92,-103.50
597.93,-105.22
597.95,-104.04
597.96,-104.12
597.97,-102.85
597.98,-102.89
597.99,-104.63
598.00,-103.88
598.01,-103.93
598.02,-104.10
598.03,-104.09
598.04,-104.48
598.05,-104.67
598.06,-104.52
598.08,-104.76
598.09,-105.02
598.10,-102.65
598.11,-102.63
598.12,-103.43
598.13,-105.32
598.14,-103.47
598.15,-104.12
598.16,-105.66
598.17,-104.57
598.18,-104.85
598.19,-105.24
598.21,-106.48
598.22,-105.50
598.23,-104.88
598.24,-102.33
598.25,-103.18
598.26,-103.69
598.27,-105.88
598.28,-107.48
598.29,-105.94
598.30,-105.83
598.31,-106.55
598.32,-105.49
598.34,-100.29
598.35,-102.16
598.36,-107.36
598.37,-106.65
598.38,-107.12
598.39,-107.16
598.40,-104.96
598.41,-103.67
598.42,-106.97
598.43,-106.86
598.44,-107.76
598.45,-105.76
598.47,-106.53
598.48,-106.40
598.49,-104.66
598.50,-104.51
598.51,-106.89
598.52,-107.24
598.53,-106.44
598.54,-105.42
598.55,-105.36
598.56,-105.48
598.57,-108.67
598.59,-106.92
598.60,-106.37
598.61,-106.18
598.62,-107.51
598.63,-104.70
598.64,-105.33
598.65,-107.20
598.66,-106.81
598.67,-107.70
598.68,-106.20
598.69,-104.91
598.70,-104.72
598.72,-103.39
598.73,-103.99
598.74,-105.69
598.75,-106.40
598.76,-107.54
598.77,-106.25
598.78,-103.31
598.79,-103.91
598.80,-104.03
598.81,-107.15
598.82,-107.53
598.83,-107.33
598.85,-101.71
598.86,-100.48
598.87,-106.20
598.88,-106.97
598.89,-106.35
598.90,-104.80
598.91,-103.31
598.92,-103.28
598.93,-105.02
598.94,-106.73
598.95,-106.59
598.96,-108.10
598.98,-107.34
598.99,-105.04
599.00,-103.66
599.01,-104.29
599.02,-105.96
599.03,-106.41
599.04,-107.62
599.05,-105.14
599.06,-105.75
599.07,-104.44
599.08,-104.96
599.09,-105.50
599.11,-108.33
599.12,-106.97
599.13,-107.84
599.14,-106.70
599.15,-106.23
599.16,-107.26
599.17,-105.37
599.18,-105.02
599.19,-105.78
599.20,-105.60
599.21,-106.59
599.23,-105.69
599.24,-106.18
599.25,-106.47
599.26,-104.75
599.27,-105.43
599.28,-106.84
599.29,-107.32
599.30,-105.29
599.31,-108.43
599.32,-108.67
599.33,-106.81
599.34,-106.61
599.36,-103.22
599.37,-101.62
599.38,-102.47
599.39,-109.01
599.40,-108.41
599.41,-107.06
599.42,-108.78
599.43,-108.38
599.44,-105.07
599.45,-106.17
599.46,-106.88
599.47,-108.83
599.49,-109.65
599.50,-106.35
599.51,-104.24
599.52,-103.02
599.53,-105.40
599.54,-107.19
599.55,-105.46
599.56,-106.27
599.57,-108.01
599.58,-105.03
599.59,-102.56
599.60,-104.04
599.62,-105.55
599.63,-105.44
599.64,-108.62
599.65,-108.80
599.66,-107.55
599.67,-106.57
599.68,-106.12
599.69,-106.88
599.70,-106.34
599.71,-106.50
599.72,-103.44
599.73,-102.98
599.75,-104.53
599.76,-105.52
599.77,-107.06
599.78,-106.11
599.79,-105.32
599.80,-106.94
599.80,-106.67
599.80,-106.50
599.80,-106.34
599.80,-106.21
599.80,-106.08
599.80,-105.97
599.80,-105.88
599.80,-105.82
599.80,-105.77
599.80,-105.74
599.80,-105.74
599.80,-105.75
599.81,-105.78
599.81,-105.83
599.81,-105.90
599.81,-105.99
599.81,-106.09
599.81,-106.22
599.81,-106.36
599.81,-106.54
599.81,-106.73
599.81,-106.96
599.81,-107.22
599.81,-107.45
599.81,-107.31
599.81,-107.12
599.81,-106.95
599.81,-106.81
599.81,-106.69
599.81,-106.60
599.81,-106.53
599.81,-106.48
599.81,-106.45
599.81,-106.45
599.81,-106.46
599.82,-106.51
599.82,-106.57
599.82,-106.67
599.82,-106.78
599.82,-106.93
599.82,-107.10
599.82,-107.29
599.82,-107.52
599.82,-107.78
599.82,-108.06
599.82,-108.38
599.82,-108.64
599.82,-108.63
599.82,-108.39
599.82,-108.07
599.82,-107.78
599.82,-107.53
599.82,-107.32
599.82,-107.14
599.82,-106.99
599.82,-106.88
599.82,-106.81
599.82,-106.76
599.83,-106.76
599.83,-106.78
599.83,-106.84
599.83,-106.94
599.83,-107.07
599.83,-107.21
599.83,-107.26
599.83,-107.19
599.83,-107.13
599.83,-107.09
599.83,-107.06
599.83,-107.05
599.83,-107.04
599.83,-107.05
599.83,-107.07
599.83,-107.10
599.83,-107.14
599.83,-107.20
599.83,-107.28
599.83,-107.37
599.83,-107.49
599.83,-107.62
599.83,-107.77
599.84,-107.65
599.84,-107.57
599.84,-107.51
599.84,-107.49
599.84,-107.50
599.84,-107.47
599.84,-107.39
599.84,-107.33
599.84,-107.18
599.84,-107.02
599.84,-106.88
599.84,-106.74
599.84,-106.62
599.84,-106.49
599.84,-106.38
599.84,-106.28
599.84,-106.18
599.84,-106.09
599.84,-106.02
599.84,-105.95
599.84,-105.90
599.84,-105.87
599.84,-105.84
599.85,-105.83
599.85,-105.83
599.85,-105.83
599.85,-105.78
599.85,-105.75
599.85,-105.73
599.85,-105.74
599.85,-105.77
599.85,-105.82
599.85,-105.89
599.85,-105.99
599.85,-106.10
599.85,-106.23
599.85,-106.39
599.85,-106.57
599.85,-106.78
599.85,-107.01
599.85,-107.06
599.85,-107.10
599.85,-107.21
599.85,-107.19
599.85,-107.03
599.85,-106.90
599.86,-106.75
599.86,-106.62
599.86,-106.52
599.86,-106.43
599.86,-106.35
599.86,-106.29
599.86,-106.24
599.86,-106.21
599.86,-106.19
599.86,-106.19
599.86,-106.22
599.86,-106.26
599.86,-106.32
599.86,-106.40
599.86,-106.51
599.86,-106.63
599.86,-106.73
599.86,-106.57
599.86,-106.43
599.86,-106.32
599.86,-106.25
599.86,-106.20
599.86,-106.13
599.87,-106.07
599.87,-106.05
599.87,-106.06
599.87,-106.10
599.87,-106.16
599.87,-106.25
599.87,-106.37
599.87,-106.40
599.87,-106.19
599.87,-106.01
599.87,-105.85
599.87,-105.71
599.87,-105.60
599.87,-105.52
599.87,-105.45
599.87,-105.41
599.87,-105.39
599.87,-105.40
599.87,-105.42
599.87,-105.46
599.87,-105.53
599.87,-105.61
599.87,-105.71
599.88,-105.83
599.88,-105.97
599.88,-106.13
599.88,-106.30
599.88,-106.49
599.88,-106.70
599.88,-106.93
599.88,-107.18
599.88,-107.45
599.88,-107.35
599.88,-107.22
599.88,-107.11
599.88,-107.02
599.88,-106.98
599.88,-106.89
599.88,-106.78
599.88,-106.68
599.88,-106.58
599.88,-106.51
599.88,-106.47
599.88,-106.46
599.88,-106.46
599.88,-106.48
599.89,-106.52
599.89,-106.58
599.89,-106.65
599.89,-106.73
599.89,-106.82
599.89,-106.92
599.89,-106.97
599.89,-106.88
599.89,-106.78
599.89,-106.71
599.89,-106.58
599.89,-106.44
599.89,-106.32
599.89,-106.21
599.89,-106.11
599.89,-106.03
599.89,-105.94
599.89,-105.87
599.89,-105.80
599.89,-105.73
599.89,-105.66
599.89,-105.60
599.89,-105.53
599.90,-105.47
599.90,-105.42
599.90,-105.36
599.90,-105.31
599.90,-105.27
599.90,-105.23
599.90,-105.20
599.90,-105.18
599.90,-105.17
599.90,-105.18
599.90,-105.21
599.90,-105.25
599.90,-105.32
599.90,-105.41
599.90,-105.52
599.90,-105.66
599.90,-105.59
599.90,-105.48
599.90,-105.38
599.90,-105.31
599.90,-105.26
599.90,-105.24
599.90,-105.23
599.91,-105.25
599.91,-105.28
599.91,-105.33
599.91,-105.40
599.91,-105.48
599.91,-105.58
599.91,-105.68
599.91,-105.80
599.91,-105.80
599.91,-105.80
599.91,-105.83
599.91,-105.88
599.91,-105.95
599.91,-106.04
599.91,-106.16
599.91,-106.31
599.91,-106.48
599.91,-106.67
599.91,-106.90
599.91,-106.76
599.91,-106.44
599.91,-106.14
599.91,-105.85
599.92,-105.59
599.92,-105.35
599.92,-105.14
599.92,-104.95
599.92,-104.78
599.92,-104.64
599.92,-104.52
599.92,-104.43
599.92,-104.36
599.92,-104.32
599.92,-104.30
599.92,-104.30
599.92,-104.33
599.92,-104.38
599.92,-104.45
599.92,-104.54
599.92,-104.65
599.92,-104.78
599.92,-104.93
599.92,-105.10
599.92,-105.28
599.92,-105.48
599.92,-105.69
599.93,-105.91
599.93,-106.15
599.93,-106.39
599.93,-106.64
599.93,-106.89
599.93,-107.05
599.93,-106.94
599.93,-106.89
599.93,-106.90
599.93,-106.97
599.93,-107.09
599.93,-106.97
599.93,-106.66
599.93,-106.37
599.93,-106.08
599.93,-105.77
599.93,-105.52
599.93,-105.33
599.93,-105.16
599.93,-105.04
599.93,-104.96
599.93,-104.90
599.93,-104.88
599.94,-104.89
599.94,-104.93
599.94,-105.00
599.94,-105.09
599.94,-105.17
599.94,-105.11
599.94,-105.10
599.94,-105.13
599.94,-105.22
599.94,-105.37
599.94,-105.37
599.94,-105.30
599.94,-105.26
599.94,-105.24
599.94,-105.25
599.94,-105.28
599.94,-105.33
599.94,-105.41
599.94,-105.52
599.94,-105.62
599.94,-105.69
599.94,-105.79
599.94,-105.93
599.95,-106.11
599.95,-106.32
599.95,-106.56
599.95,-106.83
599.95,-107.13
599.95,-107.47
599.95,-107.47
599.95,-107.13
599.95,-106.83
599.95,-106.57
599.95,-106.35
599.95,-106.16
599.95,-106.02
599.95,-105.92
599.95,-105.86
599.95,-105.84
599.95,-105.86
599.95,-105.93
599.95,-106.05
599.95,-106.21
599.95,-106.41
599.95,-106.67
599.95,-106.97
599.96,-107.31
599.96,-107.14
599.96,-106.96
599.96,-106.81
599.96,-106.70
599.96,-106.61
599.96,-106.56
599.96,-106.55
599.96,-106.32
599.96,-105.96
599.96,-105.63
599.96,-105.33
599.96,-105.07
599.96,-104.84
599.96,-104.64
599.96,-104.46
599.96,-104.32
599.96,-104.20
599.96,-104.12
599.96,-104.06
599.96,-104.03
599.96,-104.03
599.96,-104.07
599.97,-104.13
599.97,-104.23
599.97,-104.37
599.97,-104.54
599.97,-104.47
599.97,-104.31
599.97,-104.19
599.97,-104.08
599.97,-103.97
599.97,-103.90
599.97,-103.86
599.97,-103.87
599.97,-103.90
599.97,-103.98
599.97,-104.04
599.97,-104.10
599.97,-104.17
599.97,-104.24
599.97,-104.30
599.97,-104.34
599.97,-104.37
599.97,-104.39
599.97,-104.40
599.98,-104.21
599.98,-104.00
599.98,-103.82
599.98,-103.67
599.98,-103.56
599.98,-103.49
599.98,-103.44
599.98,-103.44
599.98,-103.46
599.98,-103.51
599.98,-103.59
599.98,-103.70
599.98,-103.83
599.98,-103.98
599.98,-104.16
599.98,-104.34
599.98,-104.53
599.98,-104.53
599.98,-104.30
599.98,-104.10
599.98,-103.85
599.98,-103.49
599.98,-102.85
599.99,-102.11
599.99,-101.34
599.99,-100.59
599.99,-99.85
599.99,-99.13
599.99,-98.40
599.99,-97.62
599.99,-96.85
599.99,-96.09
599.99,-95.34
599.99,-94.62
599.99,-93.91
599.99,-93.23
599.99,-92.58
599.99,-91.95
599.99,-91.36
599.99,-90.80
599.99,-90.27
599.99,-89.77
599.99,-89.31
599.99,-88.88
599.99,-88.50
599.99,-88.15
600.00,-87.83
600.00,-87.56
600.00,-87.32
600.00,-87.12
600.00,-86.97
600.00,-86.85
600.00,-86.77
600.00,-86.73
600.00,-86.73
600.00,-86.77
600.00,-86.84
600.00,-86.96
