Frequency (Hz),Level (dBm)
50.00,-81.86
50.11,-83.01
50.22,-81.84
50.33,-81.90
50.43,-84.00
50.54,-83.40
50.65,-79.83
50.76,-82.20
50.87,-83.41
50.98,-84.42
51.08,-85.15
51.19,-83.06
51.30,-80.75
51.41,-84.46
51.52,-85.81
51.63,-83.57
51.74,-84.68
51.84,-85.95
51.95,-83.89
52.06,-83.57
52.17,-80.61
52.28,-82.53
52.39,-82.92
52.49,-84.13
52.60,-81.65
52.71,-81.51
52.82,-80.83
52.93,-84.19
53.04,-83.13
53.15,-82.86
53.25,-82.24
53.36,-82.28
53.47,-84.04
53.58,-80.39
53.69,-79.37
53.80,-77.81
53.91,-81.31
54.01,-84.23
54.12,-82.28
54.23,-84.05
54.34,-84.51
54.45,-84.37
54.56,-84.81
54.66,-85.33
54.77,-85.26
54.88,-84.78
54.99,-84.31
55.10,-84.86
55.21,-83.14
55.32,-82.75
55.42,-84.43
55.53,-86.04
55.64,-83.99
55.75,-86.58
55.86,-86.11
55.97,-86.83
56.07,-86.23
56.18,-86.17
56.29,-86.48
56.40,-85.90
56.51,-82.99
56.62,-87.14
56.73,-82.05
56.83,-78.81
56.94,-81.17
57.05,-86.01
57.16,-85.78
57.27,-85.80
57.38,-85.26
57.48,-84.91
57.59,-85.12
57.70,-85.45
57.81,-86.40
57.92,-84.98
58.03,-86.58
58.14,-83.93
58.24,-81.56
58.35,-78.12
58.46,-80.90
58.57,-83.44
58.68,-85.50
58.79,-84.67
58.90,-84.64
59.00,-86.24
59.11,-85.07
59.22,-81.27
59.33,-84.86
59.44,-85.37
59.55,-83.27
59.65,-82.49
59.76,-81.98
59.87,-78.06
59.98,-80.36
60.09,-84.33
60.20,-83.10
60.31,-82.45
60.41,-83.28
60.52,-84.00
60.63,-84.41
60.74,-82.68
60.85,-82.95
60.96,-83.14
61.06,-83.51
61.17,-81.37
61.28,-83.05
61.39,-79.56
61.50,-79.98
61.61,-81.93
61.72,-81.08
61.82,-81.66
61.93,-82.28
62.04,-82.89
62.15,-81.44
62.26,-81.42
62.37,-81.21
62.48,-81.03
62.58,-81.43
62.69,-81.60
62.80,-81.69
62.91,-78.95
63.02,-79.08
63.13,-83.22
63.23,-84.19
63.34,-82.87
63.45,-83.70
63.56,-84.76
63.67,-83.85
63.78,-83.92
63.89,-84.97
63.99,-85.39
64.10,-85.45
64.21,-84.08
64.32,-85.75
64.43,-84.50
64.54,-83.17
64.64,-84.73
64.75,-85.19
64.86,-87.14
64.97,-83.87
65.08,-86.75
65.19,-86.76
65.30,-84.41
65.40,-85.68
65.51,-85.13
65.62,-85.42
65.73,-83.95
65.84,-82.80
65.95,-81.53
66.05,-80.75
66.16,-83.29
66.27,-86.16
66.38,-86.37
66.49,-84.21
66.60,-84.45
66.71,-85.22
66.81,-83.58
66.92,-84.18
67.03,-86.14
67.14,-83.99
67.25,-83.63
67.36,-84.77
67.47,-82.72
67.57,-83.20
67.68,-83.40
67.79,-82.04
67.90,-83.47
68.01,-82.11
68.12,-83.70
68.22,-83.11
68.33,-81.16
68.44,-83.75
68.55,-81.71
68.66,-82.90
68.77,-82.72
68.88,-83.46
68.98,-83.39
69.09,-81.78
69.20,-82.43
69.31,-81.50
69.42,-80.99
69.53,-83.93
69.63,-83.23
69.74,-82.73
69.85,-82.10
69.96,-83.92
70.07,-83.00
70.18,-83.13
70.29,-83.25
70.39,-84.39
70.50,-84.44
70.61,-83.11
70.72,-83.07
70.83,-84.24
70.94,-84.80
71.04,-83.95
71.15,-84.71
71.26,-83.35
71.37,-84.67
71.48,-83.05
71.59,-84.66
71.70,-83.97
71.80,-84.24
71.91,-83.66
72.02,-82.51
72.13,-82.81
72.24,-80.62
72.35,-85.82
72.45,-82.14
72.56,-85.02
72.67,-84.53
72.78,-83.22
72.89,-84.02
73.00,-83.01
73.11,-82.93
73.21,-83.98
73.32,-83.51
73.43,-85.38
73.54,-86.02
73.65,-82.12
73.76,-82.00
73.87,-84.03
73.97,-84.28
74.08,-79.03
74.19,-66.17
74.30,-66.68
74.41,-80.00
74.52,-84.44
74.62,-85.00
74.73,-86.59
74.84,-82.27
74.95,-84.89
75.06,-83.31
75.17,-80.50
75.28,-77.48
75.38,-81.27
75.49,-82.83
75.60,-80.73
75.71,-78.14
75.82,-78.02
75.93,-79.48
76.03,-80.24
76.14,-80.00
76.25,-79.91
76.36,-81.86
76.47,-81.16
76.58,-78.49
76.69,-78.20
76.79,-77.82
76.90,-78.77
77.01,-77.40
77.12,-79.42
77.23,-78.39
77.34,-78.35
77.44,-80.49
77.55,-79.50
77.66,-81.26
77.77,-82.72
77.88,-81.70
77.99,-82.06
78.10,-83.63
78.20,-82.84
78.31,-78.53
78.42,-80.08
78.53,-81.42
78.64,-80.41
78.75,-84.24
78.86,-85.63
78.96,-84.48
79.07,-84.91
79.18,-86.10
79.29,-84.51
79.40,-84.87
79.51,-84.58
79.61,-86.66
79.72,-83.33
79.83,-81.62
79.94,-84.03
80.05,-84.41
80.16,-86.40
80.27,-85.05
80.37,-84.85
80.48,-86.39
80.59,-85.00
80.70,-86.79
80.81,-84.96
80.92,-85.51
81.02,-85.10
81.13,-84.41
81.24,-85.29
81.35,-82.28
81.46,-84.41
81.57,-85.61
81.68,-85.51
81.78,-84.63
81.89,-83.06
82.00,-85.63
82.11,-84.83
82.22,-84.61
82.33,-84.32
82.44,-85.54
82.54,-86.12
82.65,-85.16
82.76,-83.10
82.87,-82.76
82.98,-82.62
83.09,-85.56
83.19,-85.79
83.30,-85.96
83.41,-84.24
83.52,-84.80
83.63,-83.78
83.74,-85.10
83.85,-84.91
83.95,-81.52
84.06,-81.63
84.17,-83.97
84.28,-81.87
84.39,-85.23
84.50,-83.27
84.60,-86.29
84.71,-84.79
84.82,-85.26
84.93,-87.00
85.04,-86.74
85.15,-82.80
85.26,-85.28
85.36,-82.31
85.47,-82.62
85.58,-77.35
85.69,-76.25
85.80,-85.04
85.91,-84.70
86.01,-82.72
86.12,-83.08
86.23,-84.64
86.34,-84.51
86.45,-82.53
86.56,-83.96
86.67,-83.61
86.77,-82.71
86.88,-83.91
86.99,-82.72
87.10,-80.32
87.21,-80.60
87.32,-82.47
87.42,-84.08
87.53,-79.34
87.64,-82.10
87.75,-82.34
87.86,-82.46
87.97,-81.54
88.08,-79.92
88.18,-80.66
88.29,-81.04
88.40,-79.26
88.51,-79.31
88.62,-81.47
88.73,-81.19
88.84,-80.41
88.94,-81.51
89.05,-80.31
89.16,-82.40
89.27,-83.36
89.38,-83.38
89.49,-81.56
89.59,-82.37
89.70,-83.59
89.81,-82.26
89.92,-83.51
90.03,-84.27
90.14,-85.78
90.25,-83.49
90.35,-85.23
90.46,-84.59
90.57,-82.61
90.68,-83.96
90.79,-84.05
90.90,-86.58
91.00,-80.87
91.11,-80.19
91.22,-79.79
91.33,-79.05
91.44,-85.68
91.55,-82.50
91.66,-84.24
91.76,-82.47
91.87,-84.35
91.98,-83.75
92.09,-81.79
92.20,-80.13
92.31,-83.93
92.42,-82.35
92.52,-82.89
92.63,-81.90
92.74,-83.26
92.85,-84.13
92.96,-80.86
93.07,-81.78
93.17,-82.54
93.28,-83.34
93.39,-80.63
93.50,-82.61
93.61,-79.42
93.72,-81.56
93.83,-81.58
93.93,-81.34
94.04,-79.57
94.15,-78.70
94.26,-79.93
94.37,-83.58
94.48,-80.98
94.58,-81.47
94.69,-81.57
94.80,-79.92
94.91,-74.76
95.02,-78.16
95.13,-79.63
95.24,-80.59
95.34,-81.21
95.45,-82.13
95.56,-79.86
95.67,-82.46
95.78,-78.64
95.89,-77.28
95.99,-78.55
96.10,-82.29
96.21,-83.59
96.32,-83.35
96.43,-83.06
96.54,-82.72
96.65,-82.97
96.75,-82.23
96.86,-80.07
96.97,-80.56
97.08,-81.97
97.19,-83.03
97.30,-80.29
97.41,-82.47
97.51,-85.22
97.62,-85.06
97.73,-84.64
97.84,-84.54
97.95,-84.06
98.06,-83.45
98.16,-82.73
98.27,-83.69
98.38,-83.64
98.49,-85.14
98.60,-86.32
98.71,-85.94
98.82,-85.22
98.92,-85.49
99.03,-86.05
99.14,-82.44
99.25,-84.74
99.36,-86.58
99.47,-86.86
99.57,-84.78
99.68,-84.78
99.79,-83.34
99.90,-80.51
99.90,-83.03
99.92,-81.43
99.94,-82.71
99.97,-83.93
99.99,-85.12
100.01,-84.01
100.03,-87.08
100.05,-85.93
100.08,-86.71
100.10,-84.33
100.12,-86.54
100.14,-87.29
100.16,-87.28
100.19,-88.90
100.21,-87.11
100.23,-86.88
100.25,-86.91
100.27,-87.85
100.30,-86.20
100.32,-85.44
100.34,-86.46
100.36,-86.84
100.38,-85.99
100.41,-87.40
100.43,-86.86
100.45,-86.28
100.47,-86.61
100.49,-87.27
100.51,-88.87
100.54,-85.56
100.56,-86.83
100.58,-86.96
100.60,-87.71
100.62,-84.87
100.65,-85.07
100.67,-84.06
100.69,-84.51
100.71,-83.13
100.73,-83.58
100.76,-83.83
100.78,-86.58
100.80,-88.98
100.82,-85.12
100.84,-86.22
100.87,-85.69
100.89,-87.66
100.91,-87.75
100.93,-87.24
100.95,-86.98
100.98,-83.63
101.00,-86.79
101.02,-87.18
101.04,-87.10
101.06,-87.24
101.09,-85.51
101.11,-85.90
101.13,-84.69
101.15,-86.71
101.17,-85.70
101.20,-85.50
101.22,-86.69
101.24,-85.55
101.26,-85.13
101.28,-87.26
101.31,-86.14
101.33,-85.45
101.35,-85.03
101.37,-85.50
101.39,-85.34
101.42,-86.59
101.44,-85.61
101.46,-87.48
101.48,-86.79
101.50,-85.19
101.52,-85.08
101.55,-86.94
101.57,-86.03
101.59,-85.54
101.61,-85.18
101.63,-86.04
101.66,-87.15
101.68,-87.52
101.70,-87.90
101.72,-87.42
101.74,-86.86
101.77,-87.25
101.79,-85.67
101.81,-86.28
101.83,-87.62
101.85,-86.14
101.88,-88.42
101.90,-88.74
101.92,-86.72
101.94,-88.24
101.96,-86.11
101.99,-86.55
102.01,-84.57
102.03,-81.24
102.05,-84.20
102.07,-82.88
102.10,-80.68
102.12,-83.46
102.14,-83.28
102.16,-84.92
102.18,-85.01
102.21,-86.39
102.23,-86.89
102.25,-86.18
102.27,-87.46
102.29,-87.41
102.32,-86.54
102.34,-87.14
102.36,-88.45
102.38,-85.89
102.40,-88.56
102.42,-84.79
102.45,-90.20
102.47,-88.06
102.49,-86.94
102.51,-87.36
102.53,-88.37
102.56,-86.74
102.58,-84.49
102.60,-86.30
102.62,-85.16
102.64,-83.85
102.67,-86.69
102.69,-86.67
102.71,-85.71
102.73,-87.36
102.75,-87.39
102.78,-85.25
102.80,-86.60
102.82,-86.82
102.84,-87.84
102.86,-87.44
102.89,-85.26
102.91,-86.56
102.93,-85.60
102.95,-87.13
102.97,-87.37
103.00,-85.78
103.02,-85.63
103.04,-83.63
103.06,-82.80
103.08,-85.33
103.11,-84.14
103.13,-85.18
103.15,-88.35
103.17,-88.33
103.19,-85.97
103.22,-86.40
103.24,-85.03
103.26,-87.87
103.28,-84.83
103.30,-86.29
103.33,-84.84
103.35,-87.04
103.37,-85.20
103.39,-85.31
103.41,-85.65
103.44,-85.95
103.46,-84.20
103.48,-89.24
103.50,-86.92
103.52,-86.25
103.54,-88.25
103.57,-87.65
103.59,-86.54
103.61,-84.77
103.63,-83.82
103.65,-87.06
103.68,-86.21
103.70,-87.75
103.72,-87.34
103.74,-84.83
103.76,-85.38
103.79,-86.73
103.81,-86.50
103.83,-87.50
103.85,-84.89
103.87,-86.12
103.90,-87.02
103.92,-83.36
103.94,-87.77
103.96,-85.03
103.98,-86.57
104.01,-84.96
104.03,-84.24
104.05,-82.93
104.07,-83.55
104.09,-82.29
104.12,-83.66
104.14,-86.37
104.16,-83.93
104.18,-86.03
104.20,-86.54
104.23,-84.02
104.25,-83.34
104.27,-85.39
104.29,-84.58
104.31,-86.08
104.34,-86.17
104.36,-83.57
104.38,-81.45
104.40,-80.68
104.42,-79.51
104.44,-79.95
104.47,-79.18
104.49,-79.07
104.51,-80.24
104.53,-83.48
104.55,-78.98
104.58,-79.71
104.60,-83.97
104.62,-82.29
104.64,-82.33
104.66,-82.42
104.69,-83.77
104.71,-83.64
104.73,-83.09
104.75,-81.29
104.77,-84.77
104.80,-81.58
104.82,-84.60
104.84,-86.01
104.86,-82.98
104.88,-82.43
104.91,-83.63
104.93,-82.06
104.95,-83.55
104.97,-83.89
104.99,-83.67
105.02,-83.59
105.04,-82.57
105.06,-81.67
105.08,-84.98
105.10,-82.13
105.13,-83.54
105.15,-83.34
105.17,-81.37
105.19,-82.59
105.21,-83.49
105.24,-82.71
105.26,-82.31
105.28,-83.13
105.30,-83.67
105.32,-82.95
105.35,-84.01
105.37,-82.87
105.39,-83.31
105.41,-81.95
105.43,-84.91
105.45,-81.23
105.48,-80.37
105.50,-83.76
105.52,-81.19
105.54,-81.44
105.56,-81.80
105.59,-78.39
105.61,-81.95
105.63,-82.04
105.65,-80.39
105.67,-83.27
105.70,-81.92
105.72,-82.85
105.74,-80.51
105.76,-79.09
105.78,-78.99
105.81,-82.33
105.83,-82.05
105.85,-80.70
105.87,-83.62
105.89,-83.60
105.92,-82.38
105.94,-79.20
105.96,-79.56
105.98,-79.45
106.00,-81.06
106.03,-82.72
106.05,-80.85
106.07,-77.61
106.09,-79.75
106.11,-81.86
106.14,-83.53
106.16,-82.24
106.18,-80.16
106.20,-84.45
106.22,-81.79
106.25,-82.47
106.27,-83.60
106.29,-79.40
106.31,-82.73
106.33,-81.99
106.36,-81.77
106.38,-81.37
106.40,-83.00
106.42,-80.64
106.44,-85.12
106.47,-82.71
106.49,-82.73
106.51,-82.93
106.53,-84.29
106.55,-82.60
106.57,-82.27
106.60,-81.63
106.62,-79.85
106.64,-82.74
106.66,-79.94
106.68,-83.57
106.71,-83.03
106.73,-81.97
106.75,-82.06
106.77,-80.84
106.79,-81.27
106.82,-81.13
106.84,-81.66
106.86,-80.88
106.88,-79.41
106.90,-84.25
106.93,-81.51
106.95,-83.15
106.97,-82.46
106.99,-82.33
107.01,-79.85
107.04,-81.36
107.06,-82.16
107.08,-80.16
107.10,-80.27
107.12,-82.06
107.15,-82.39
107.17,-81.04
107.19,-78.90
107.21,-78.80
107.23,-80.46
107.26,-80.04
107.28,-79.10
107.30,-78.78
107.32,-79.82
107.34,-81.31
107.37,-78.31
107.39,-82.21
107.41,-82.30
107.43,-81.92
107.45,-81.26
107.47,-79.84
107.50,-79.44
107.52,-80.20
107.54,-79.06
107.56,-82.40
107.58,-82.40
107.61,-81.93
107.63,-81.73
107.65,-82.84
107.67,-82.87
107.69,-84.13
107.72,-83.84
107.74,-81.73
107.76,-83.65
107.78,-82.45
107.80,-83.34
107.83,-84.58
107.85,-85.26
107.87,-84.11
107.89,-88.48
107.91,-83.55
107.94,-87.22
107.96,-85.71
107.98,-85.26
108.00,-84.01
108.02,-86.17
108.05,-82.55
108.07,-87.06
108.09,-86.47
108.11,-85.48
108.13,-83.40
108.16,-86.23
108.18,-83.81
108.20,-83.24
108.22,-84.35
108.24,-82.18
108.27,-83.82
108.29,-82.90
108.31,-84.67
108.33,-88.52
108.35,-85.83
108.38,-85.52
108.40,-87.12
108.42,-86.54
108.44,-85.70
108.46,-83.58
108.48,-86.70
108.51,-86.59
108.53,-86.66
108.55,-87.21
108.57,-89.00
108.59,-84.93
108.62,-84.64
108.64,-83.33
108.66,-80.32
108.68,-80.87
108.70,-79.90
108.73,-79.09
108.75,-81.41
108.77,-82.59
108.79,-85.06
108.81,-84.56
108.84,-85.63
108.86,-84.53
108.88,-87.32
108.90,-84.17
108.92,-85.99
108.95,-86.65
108.97,-86.46
108.99,-86.33
109.01,-84.53
109.03,-84.37
109.06,-84.53
109.08,-86.33
109.10,-84.22
109.12,-86.06
109.14,-85.34
109.17,-83.31
109.19,-85.22
109.21,-83.94
109.23,-84.74
109.25,-86.69
109.28,-85.34
109.30,-83.98
109.32,-83.12
109.34,-84.62
109.36,-85.30
109.39,-83.73
109.41,-86.15
109.43,-84.92
109.45,-85.71
109.47,-86.34
109.50,-83.96
109.52,-81.90
109.54,-86.11
109.56,-81.28
109.58,-81.73
109.60,-80.92
109.63,-81.65
109.65,-83.48
109.67,-81.92
109.69,-81.30
109.71,-82.72
109.74,-80.93
109.76,-80.59
109.78,-81.67
109.80,-80.00
109.82,-82.93
109.85,-80.46
109.87,-82.36
109.89,-83.32
109.91,-81.54
109.93,-81.05
109.96,-79.64
109.98,-79.93
110.00,-81.93
170.00,-79.14
170.11,-80.78
170.22,-81.13
170.33,-80.64
170.43,-78.89
170.54,-78.61
170.65,-78.58
170.76,-81.85
170.87,-81.06
170.98,-80.13
171.08,-81.40
171.19,-80.80
171.30,-81.40
171.41,-81.50
171.52,-81.02
171.63,-82.83
171.74,-79.89
171.84,-80.26
171.95,-78.45
172.06,-77.66
172.17,-79.68
172.28,-78.74
172.39,-81.60
172.50,-81.13
172.60,-81.11
172.71,-79.18
172.82,-79.75
172.93,-79.05
173.04,-80.94
173.15,-79.93
173.25,-80.60
173.36,-79.93
173.47,-79.44
173.58,-78.46
173.69,-80.12
173.80,-81.10
173.91,-79.23
174.01,-80.46
174.12,-79.62
174.23,-79.45
174.34,-80.93
174.45,-80.87
174.56,-80.68
174.66,-79.84
174.77,-79.60
174.88,-80.56
174.99,-80.36
175.10,-79.39
175.21,-80.66
175.32,-81.90
175.42,-81.12
175.53,-80.02
175.64,-79.20
175.75,-79.98
175.86,-81.42
175.97,-79.81
176.07,-79.95
176.18,-81.24
176.29,-80.55
176.40,-80.33
176.51,-79.12
176.62,-77.22
176.73,-79.35
176.83,-81.59
176.94,-80.88
177.05,-81.32
177.16,-81.46
177.27,-80.91
177.38,-80.94
177.49,-79.99
177.59,-81.71
177.70,-82.10
177.81,-80.71
177.92,-80.05
178.03,-81.31
178.14,-77.37
178.24,-80.36
178.35,-77.75
178.46,-77.96
178.57,-82.57
178.68,-79.52
178.79,-81.60
178.90,-79.17
179.00,-81.11
179.11,-80.19
179.22,-78.70
179.33,-79.22
179.44,-78.78
179.55,-78.86
179.65,-74.78
179.76,-73.40
179.87,-79.71
179.98,-74.32
180.09,-79.72
180.20,-78.72
180.31,-78.40
180.41,-78.02
180.52,-79.34
180.63,-78.88
180.74,-77.77
180.85,-78.51
180.96,-79.32
181.06,-78.10
181.17,-78.05
181.28,-77.83
181.39,-81.36
181.50,-77.31
181.61,-77.64
181.72,-79.36
181.82,-77.99
181.93,-79.66
182.04,-78.35
182.15,-79.79
182.26,-81.37
182.37,-82.91
182.47,-80.58
182.58,-79.26
182.69,-75.29
182.80,-74.90
182.91,-80.11
183.02,-80.68
183.13,-81.68
183.23,-81.79
183.34,-81.48
183.45,-80.54
183.56,-81.05
183.67,-82.67
183.78,-80.72
183.89,-80.99
183.99,-79.09
184.10,-80.99
184.21,-76.94
184.32,-76.42
184.43,-77.61
184.54,-76.87
184.64,-75.77
184.75,-77.94
184.86,-76.97
184.97,-77.18
185.08,-77.27
185.19,-77.66
185.30,-76.85
185.40,-77.04
185.51,-74.70
185.62,-73.38
185.73,-74.51
185.84,-72.37
185.95,-75.30
186.05,-76.65
186.16,-75.91
186.27,-73.24
186.38,-76.64
186.49,-77.65
186.60,-76.65
186.71,-76.82
186.81,-77.19
186.92,-78.75
187.03,-78.03
187.14,-75.76
187.25,-74.75
187.36,-75.59
187.47,-76.98
187.57,-77.93
187.68,-79.25
187.79,-80.62
187.90,-81.42
188.01,-82.60
188.12,-83.66
188.22,-81.56
188.33,-82.75
188.44,-83.12
188.55,-83.71
188.66,-76.61
188.77,-77.73
188.88,-77.37
188.98,-78.48
189.09,-82.82
189.20,-83.30
189.31,-82.14
189.42,-84.03
189.53,-83.57
189.63,-80.37
189.74,-79.72
189.85,-80.36
189.96,-79.25
190.07,-76.95
190.18,-75.63
190.29,-75.95
190.39,-78.79
190.50,-77.68
190.61,-78.14
190.72,-79.02
190.83,-78.56
190.94,-76.91
191.04,-77.94
191.15,-77.04
191.26,-75.71
191.37,-76.91
191.48,-76.91
191.59,-76.36
191.70,-76.18
191.80,-77.91
191.91,-74.43
192.02,-74.82
192.13,-78.87
192.24,-79.13
192.35,-77.71
192.46,-79.72
192.56,-80.37
192.67,-79.97
192.78,-79.58
192.89,-76.05
193.00,-78.40
193.11,-81.94
193.21,-82.55
193.32,-83.64
193.43,-83.09
193.54,-83.03
193.65,-83.86
193.76,-86.04
193.87,-83.29
193.97,-84.79
194.08,-84.46
194.19,-83.89
194.30,-80.85
194.41,-81.08
194.52,-86.63
194.62,-84.70
194.73,-85.83
194.84,-82.51
194.95,-84.93
195.06,-80.98
195.17,-83.38
195.28,-83.31
195.38,-80.50
195.49,-83.10
195.60,-81.05
195.71,-78.85
195.82,-78.37
195.93,-78.12
196.03,-80.50
196.14,-79.53
196.25,-81.64
196.36,-82.52
196.47,-79.65
196.58,-79.53
196.69,-79.06
196.79,-78.86
196.90,-80.24
197.01,-81.09
197.12,-78.93
197.23,-78.60
197.34,-79.43
197.44,-78.03
197.55,-79.93
197.66,-80.05
197.77,-81.30
197.88,-79.38
197.99,-81.16
198.10,-81.61
198.20,-79.28
198.31,-81.07
198.42,-80.29
198.53,-79.51
198.64,-78.61
198.75,-80.84
198.86,-84.03
198.96,-84.02
199.07,-84.33
199.18,-83.64
199.29,-84.83
199.40,-86.04
199.51,-85.82
199.61,-81.24
199.72,-82.36
199.83,-84.78
199.94,-80.72
200.05,-80.71
200.16,-82.56
200.27,-85.88
200.37,-79.83
200.48,-81.98
200.59,-84.59
200.70,-84.16
200.81,-84.74
200.92,-84.63
201.02,-80.52
201.13,-81.79
201.24,-79.81
201.35,-80.48
201.46,-79.64
201.57,-81.57
201.68,-82.12
201.78,-79.26
201.89,-81.85
202.00,-81.45
202.11,-82.77
202.22,-80.83
202.33,-80.03
202.44,-78.72
202.54,-79.47
202.65,-78.77
202.76,-78.86
202.87,-79.17
202.98,-79.19
203.09,-78.53
203.19,-80.50
203.30,-81.83
203.41,-80.89
203.52,-80.38
203.63,-80.95
203.74,-81.66
203.85,-82.06
203.95,-78.88
204.06,-80.11
204.17,-78.79
204.28,-77.58
204.39,-81.18
204.50,-82.29
204.60,-84.10
204.71,-85.67
204.82,-78.21
204.93,-83.34
205.04,-85.61
205.15,-82.07
205.26,-76.47
205.36,-76.63
205.47,-80.94
205.58,-81.17
205.69,-82.19
205.80,-81.11
205.91,-83.10
206.01,-83.47
206.12,-86.30
206.23,-80.14
206.34,-83.88
206.45,-85.43
206.56,-84.69
206.67,-83.22
206.77,-82.00
206.88,-83.81
206.99,-80.71
207.10,-80.52
207.21,-80.19
207.32,-77.61
207.43,-78.65
207.53,-82.77
207.64,-82.63
207.75,-81.65
207.86,-80.33
207.97,-81.65
208.08,-80.78
208.18,-78.77
208.29,-78.99
208.40,-79.89
208.51,-80.73
208.62,-79.16
208.73,-79.01
208.84,-81.31
208.94,-79.34
209.05,-80.79
209.16,-82.11
209.27,-82.45
209.38,-77.12
209.49,-83.72
209.59,-80.76
209.70,-81.64
209.81,-80.93
209.92,-81.65
210.03,-80.78
210.14,-82.07
210.25,-82.83
210.35,-78.06
210.46,-80.88
210.57,-83.82
210.68,-85.31
210.79,-84.66
210.90,-84.65
211.00,-83.86
211.11,-86.15
211.22,-84.51
211.33,-82.70
211.44,-83.22
211.55,-85.80
211.66,-84.61
211.76,-83.28
211.87,-81.66
211.98,-83.29
212.09,-85.29
212.20,-84.99
212.31,-85.13
212.41,-85.00
212.52,-86.41
212.63,-84.27
212.74,-82.37
212.85,-83.52
212.96,-84.15
213.07,-84.40
213.17,-83.83
213.28,-84.43
213.39,-83.63
213.50,-79.77
213.61,-81.29
213.72,-85.41
213.83,-83.16
213.93,-84.90
214.04,-85.02
214.15,-84.05
214.26,-84.29
214.37,-83.60
214.48,-84.62
214.58,-82.84
214.69,-81.77
214.80,-82.79
214.91,-84.30
215.02,-82.97
215.13,-84.04
215.24,-84.73
215.34,-85.25
215.45,-83.68
215.56,-80.80
215.67,-78.91
215.78,-85.45
215.89,-84.16
215.99,-80.43
216.10,-85.43
216.21,-86.15
216.32,-85.98
216.43,-84.41
216.54,-81.54
216.65,-83.27
216.75,-83.17
216.86,-84.42
216.97,-84.54
217.08,-88.11
217.19,-86.49
217.30,-85.40
217.41,-85.16
217.51,-85.15
217.62,-85.53
217.73,-86.19
217.84,-85.89
217.95,-85.11
218.06,-85.95
218.16,-82.83
218.27,-83.92
218.38,-84.13
218.49,-83.27
218.60,-84.35
218.71,-82.88
218.82,-84.06
218.92,-81.59
219.03,-83.63
219.14,-85.25
219.25,-84.21
219.36,-85.53
219.47,-83.14
219.57,-82.79
219.68,-80.82
219.79,-84.94
219.90,-84.88
219.90,-85.35
219.90,-83.88
219.90,-84.29
219.90,-85.10
219.90,-83.27
219.90,-85.94
219.90,-87.86
219.90,-86.50
219.90,-84.89
219.90,-86.64
219.90,-83.22
219.90,-87.84
219.90,-81.77
219.90,-83.85
219.90,-85.63
219.90,-85.38
219.90,-85.05
219.90,-85.45
219.90,-84.36
219.90,-87.62
219.90,-87.80
219.90,-84.29
219.90,-86.26
219.91,-85.38
219.91,-86.51
219.91,-86.34
219.91,-83.40
219.91,-84.34
219.91,-84.35
219.91,-86.48
219.91,-85.51
219.91,-85.74
219.91,-86.58
219.91,-85.62
219.91,-85.84
219.91,-86.88
219.91,-84.20
219.91,-82.67
219.91,-86.05
219.91,-85.34
219.91,-87.32
219.91,-86.16
219.91,-83.68
219.91,-86.50
219.91,-84.66
219.91,-85.63
219.91,-84.38
219.91,-87.66
219.91,-85.82
219.91,-83.82
219.91,-85.36
219.91,-85.18
219.91,-85.02
219.91,-86.01
219.91,-83.49
219.91,-84.49
219.91,-85.29
219.91,-85.12
219.91,-86.12
219.91,-85.48
219.91,-85.71
219.91,-86.36
219.91,-86.04
219.91,-84.92
219.91,-87.76
219.91,-82.79
219.91,-85.01
219.91,-85.31
219.91,-84.68
219.91,-84.39
219.92,-86.15
219.92,-82.20
219.92,-86.17
219.92,-84.36
219.92,-84.95
219.92,-83.25
219.92,-86.89
219.92,-85.16
219.92,-86.69
219.92,-84.14
219.92,-85.88
219.92,-87.26
219.92,-86.49
219.92,-85.69
219.92,-84.65
219.92,-84.57
219.92,-86.14
219.92,-84.81
219.92,-85.13
219.92,-85.97
219.92,-83.69
219.92,-85.06
219.92,-82.11
219.92,-84.76
219.92,-84.67
219.92,-86.11
219.92,-86.53
219.92,-84.46
219.92,-85.10
219.92,-84.66
219.92,-85.52
219.92,-82.67
219.92,-84.67
219.92,-85.12
219.92,-84.31
219.92,-85.07
219.92,-85.60
219.92,-87.06
219.92,-83.27
219.92,-85.56
219.92,-82.61
219.92,-85.59
219.92,-85.73
219.92,-84.43
219.92,-86.33
219.93,-83.20
219.93,-83.74
219.93,-85.71
219.93,-85.90
219.93,-82.51
219.93,-81.37
219.93,-82.85
219.93,-84.99
219.93,-86.16
219.93,-83.94
219.93,-84.24
219.93,-86.02
219.93,-86.06
219.93,-84.70
219.93,-86.94
219.93,-85.02
219.93,-85.25
219.93,-82.90
219.93,-84.15
219.93,-85.70
219.93,-84.94
219.93,-83.67
219.93,-84.30
219.93,-86.56
219.93,-85.85
219.93,-82.60
219.93,-85.62
219.93,-86.35
219.93,-83.42
219.93,-83.76
219.93,-83.00
219.93,-84.12
219.93,-87.47
219.93,-82.44
219.93,-83.48
219.93,-84.83
219.93,-84.30
219.93,-81.74
219.93,-85.46
219.93,-85.65
219.93,-85.49
219.93,-84.96
219.93,-86.26
219.93,-85.14
219.93,-85.58
219.93,-86.01
219.94,-85.29
219.94,-85.72
219.94,-81.22
219.94,-86.61
219.94,-86.24
219.94,-85.88
219.94,-84.96
219.94,-85.07
219.94,-84.42
219.94,-86.37
219.94,-85.38
219.94,-85.30
219.94,-88.27
219.94,-83.39
219.94,-86.13
219.94,-84.51
219.94,-82.00
219.94,-82.56
219.94,-86.47
219.94,-85.31
219.94,-85.13
219.94,-86.25
219.94,-84.73
219.94,-85.15
219.94,-86.88
219.94,-83.91
219.94,-84.95
219.94,-85.89
219.94,-85.61
219.94,-82.94
219.94,-85.81
219.94,-83.06
219.94,-82.81
219.94,-86.77
219.94,-84.87
219.94,-84.40
219.94,-85.14
219.94,-83.43
219.94,-85.48
219.94,-83.42
219.94,-84.28
219.94,-85.29
219.94,-84.76
219.94,-85.85
219.94,-82.21
219.94,-82.49
219.94,-86.00
219.95,-84.56
219.95,-84.09
219.95,-84.35
219.95,-85.40
219.95,-86.04
219.95,-84.64
219.95,-85.74
219.95,-84.91
219.95,-86.22
219.95,-85.13
219.95,-84.75
219.95,-86.34
219.95,-87.66
219.95,-86.03
219.95,-83.68
219.95,-83.95
219.95,-83.41
219.95,-85.88
219.95,-85.63
219.95,-83.41
219.95,-83.80
219.95,-83.92
219.95,-88.28
219.95,-83.46
219.95,-84.48
219.95,-82.60
219.95,-85.42
219.95,-83.80
219.95,-85.15
219.95,-84.74
219.95,-85.35
219.95,-82.45
219.95,-82.54
219.95,-84.93
219.95,-83.22
219.95,-86.88
219.95,-81.08
219.95,-83.83
219.95,-84.76
219.95,-84.33
219.95,-83.36
219.95,-84.63
219.95,-84.18
219.95,-84.38
219.95,-81.61
219.96,-86.92
219.96,-84.77
219.96,-86.11
219.96,-85.18
219.96,-82.71
219.96,-85.65
219.96,-82.57
219.96,-85.38
219.96,-83.10
219.96,-80.85
219.96,-82.31
219.96,-79.55
219.96,-84.99
219.96,-83.95
219.96,-83.22
219.96,-82.56
219.96,-82.07
219.96,-82.29
219.96,-84.16
219.96,-84.11
219.96,-84.83
219.96,-80.92
219.96,-86.16
219.96,-86.96
219.96,-81.22
219.96,-80.71
219.96,-86.55
219.96,-84.71
219.96,-84.27
219.96,-86.59
219.96,-84.03
219.96,-83.90
219.96,-81.95
219.96,-83.67
219.96,-80.80
219.96,-84.94
219.96,-83.38
219.96,-86.22
219.96,-84.55
219.96,-85.70
219.96,-84.97
219.96,-84.29
219.96,-83.97
219.96,-84.96
219.96,-80.52
219.96,-80.49
219.97,-83.64
219.97,-86.86
219.97,-82.54
219.97,-83.22
219.97,-81.40
219.97,-83.94
219.97,-83.05
219.97,-83.49
219.97,-83.86
219.97,-85.25
219.97,-85.43
219.97,-84.71
219.97,-82.24
219.97,-85.02
219.97,-81.20
219.97,-83.30
219.97,-84.51
219.97,-83.79
219.97,-85.77
219.97,-84.68
219.97,-82.30
219.97,-81.30
219.97,-85.33
219.97,-81.37
219.97,-83.62
219.97,-85.57
219.97,-82.40
219.97,-83.69
219.97,-81.24
219.97,-83.05
219.97,-81.97
219.97,-84.53
219.97,-82.93
219.97,-84.13
219.97,-84.48
219.97,-84.82
219.97,-87.02
219.97,-83.72
219.97,-82.60
219.97,-83.81
219.97,-82.78
219.97,-85.08
219.97,-84.67
219.97,-81.55
219.97,-84.53
219.97,-85.18
219.97,-84.75
219.98,-82.13
219.98,-83.85
219.98,-85.71
219.98,-81.55
219.98,-84.71
219.98,-82.34
219.98,-82.12
219.98,-81.94
219.98,-83.57
219.98,-84.47
219.98,-84.05
219.98,-85.49
219.98,-80.33
219.98,-83.78
219.98,-83.95
219.98,-83.49
219.98,-86.99
219.98,-83.70
219.98,-86.48
219.98,-82.05
219.98,-86.38
219.98,-84.86
219.98,-80.71
219.98,-82.62
219.98,-84.42
219.98,-83.27
219.98,-86.40
219.98,-82.33
219.98,-83.40
219.98,-78.76
219.98,-82.08
219.98,-84.65
219.98,-84.93
219.98,-85.32
219.98,-84.41
219.98,-82.82
219.98,-82.51
219.98,-84.66
219.98,-81.46
219.98,-84.75
219.98,-85.46
219.98,-85.16
219.98,-81.66
219.98,-82.80
219.98,-82.41
219.99,-82.26
219.99,-84.80
219.99,-84.76
219.99,-82.13
219.99,-85.60
219.99,-82.87
219.99,-84.74
219.99,-83.27
219.99,-84.31
219.99,-85.23
219.99,-86.45
219.99,-83.57
219.99,-84.00
219.99,-85.97
219.99,-86.43
219.99,-85.64
219.99,-84.74
219.99,-85.48
219.99,-86.06
219.99,-81.95
219.99,-85.61
219.99,-84.44
219.99,-86.80
219.99,-87.48
219.99,-84.43
219.99,-83.62
219.99,-82.04
219.99,-80.72
219.99,-83.62
219.99,-84.69
219.99,-83.26
219.99,-83.58
219.99,-84.57
219.99,-83.00
219.99,-82.21
219.99,-81.65
219.99,-83.38
219.99,-79.49
219.99,-83.27
219.99,-86.10
219.99,-81.12
219.99,-85.81
219.99,-83.48
219.99,-84.93
219.99,-84.29
219.99,-84.63
220.00,-84.18
220.00,-83.31
220.00,-86.00
220.00,-82.09
220.00,-84.90
220.00,-83.84
220.00,-83.86
220.00,-82.27
220.00,-84.32
220.00,-83.46
220.00,-85.01
220.00,-80.40
220.00,-80.84
220.00,-83.28
220.00,-83.48
220.00,-84.38
220.00,-81.53
220.00,-84.77
220.00,-81.83
220.00,-79.84
220.00,-85.41
220.00,-85.21
220.00,-81.90
220.00,-85.73
400.00,-78.66
400.11,-82.64
400.22,-83.23
400.33,-81.99
400.43,-78.44
400.54,-85.97
400.65,-86.74
400.76,-85.85
400.87,-85.49
400.98,-85.31
401.08,-86.34
401.19,-83.00
401.30,-85.14
401.41,-84.01
401.52,-83.67
401.63,-85.33
401.74,-85.19
401.84,-86.18
401.95,-84.86
402.06,-86.74
402.17,-87.12
402.28,-86.50
402.39,-86.02
402.50,-85.99
402.60,-84.79
402.71,-86.69
402.82,-84.52
402.93,-85.90
403.04,-86.80
403.15,-86.91
403.25,-86.33
403.36,-85.75
403.47,-85.48
403.58,-86.21
403.69,-83.01
403.80,-88.46
403.91,-83.40
404.01,-84.28
404.12,-85.47
404.23,-87.53
404.34,-86.56
404.45,-85.98
404.56,-85.12
404.66,-87.37
404.77,-85.60
404.88,-88.16
404.99,-86.43
405.10,-87.00
405.21,-87.34
405.32,-86.09
405.42,-86.10
405.53,-80.56
405.64,-83.87
405.75,-81.28
405.86,-87.05
405.97,-87.08
406.07,-85.45
406.18,-86.94
406.29,-88.16
406.40,-87.96
406.51,-87.89
406.62,-86.14
406.73,-85.10
406.83,-84.97
406.94,-85.36
407.05,-85.73
407.16,-85.12
407.27,-86.60
407.38,-86.27
407.49,-83.15
407.59,-87.51
407.70,-84.99
407.81,-85.86
407.92,-87.34
408.03,-84.69
408.14,-86.44
408.24,-85.42
408.35,-88.27
408.46,-85.59
408.57,-86.40
408.68,-87.71
408.79,-88.02
408.90,-87.86
409.00,-86.11
409.11,-86.40
409.22,-87.50
409.33,-81.46
409.44,-86.83
409.55,-82.98
409.65,-86.01
409.76,-85.40
409.87,-86.57
409.98,-84.93
410.09,-83.48
410.20,-81.26
410.31,-81.31
410.41,-80.65
410.52,-75.07
410.63,-63.84
410.74,-67.43
410.85,-75.87
410.96,-78.49
411.06,-81.83
411.17,-83.54
411.28,-82.77
411.39,-82.94
411.50,-84.61
411.61,-87.70
411.72,-83.51
411.82,-85.80
411.93,-85.91
412.04,-84.34
412.15,-87.33
412.26,-86.94
412.37,-84.90
412.48,-86.44
412.58,-84.99
412.69,-85.63
412.80,-86.82
412.91,-84.14
413.02,-86.60
413.13,-83.48
413.23,-85.33
413.34,-86.32
413.45,-82.65
413.56,-85.20
413.67,-84.90
413.78,-84.90
413.89,-88.24
413.99,-85.26
414.10,-85.50
414.21,-86.76
414.32,-87.87
414.43,-84.39
414.54,-86.45
414.64,-86.53
414.75,-83.59
414.86,-87.82
414.97,-87.37
415.08,-87.00
415.19,-87.52
415.30,-85.53
415.40,-85.04
415.51,-83.46
415.62,-87.76
415.73,-88.38
415.84,-87.05
415.95,-85.78
416.05,-87.56
416.16,-84.08
416.27,-85.66
416.38,-85.86
416.49,-86.83
416.60,-85.26
416.71,-86.05
416.81,-84.74
416.92,-84.21
417.03,-85.30
417.14,-87.39
417.25,-87.48
417.36,-85.37
417.46,-84.64
417.57,-85.70
417.68,-85.54
417.79,-85.44
417.90,-85.52
418.01,-87.73
418.12,-86.29
418.22,-85.43
418.33,-88.88
418.44,-87.48
418.55,-85.94
418.66,-87.77
418.77,-87.30
418.88,-85.93
418.98,-86.21
419.09,-85.86
419.20,-88.66
419.31,-85.77
419.42,-87.26
419.53,-87.77
419.63,-87.66
419.74,-85.95
419.85,-87.57
419.96,-85.39
420.07,-86.00
420.18,-86.27
420.29,-86.10
420.39,-86.90
420.50,-85.17
420.61,-86.14
420.72,-85.86
420.83,-87.58
420.94,-86.08
421.04,-86.51
421.15,-86.85
421.26,-76.43
421.37,-75.62
421.48,-82.83
421.59,-86.16
421.70,-86.84
421.80,-86.12
421.91,-88.32
422.02,-85.62
422.13,-86.03
422.24,-87.37
422.35,-86.44
422.45,-85.45
422.56,-85.47
422.67,-85.31
422.78,-88.49
422.89,-88.00
423.00,-84.96
423.11,-84.12
423.21,-85.25
423.32,-89.06
423.43,-86.35
423.54,-87.23
423.65,-87.93
423.76,-86.72
423.87,-86.81
423.97,-86.52
424.08,-85.50
424.19,-87.86
424.30,-87.48
424.41,-86.65
424.52,-86.55
424.62,-86.56
424.73,-87.17
424.84,-87.40
424.95,-87.01
425.06,-86.51
425.17,-86.81
425.28,-87.52
425.38,-85.86
425.49,-87.80
425.60,-87.51
425.71,-86.97
425.82,-86.47
425.93,-86.57
426.03,-87.96
426.14,-85.67
426.25,-86.33
426.36,-85.79
426.47,-88.34
426.58,-86.42
426.69,-86.51
426.79,-85.23
426.90,-86.82
427.01,-87.83
427.12,-86.93
427.23,-87.16
427.34,-85.96
427.44,-86.78
427.55,-86.74
427.66,-84.04
427.77,-87.96
427.88,-87.79
427.99,-86.94
428.10,-86.16
428.20,-86.48
428.31,-87.71
428.42,-87.31
428.53,-86.89
428.64,-82.15
428.75,-81.28
428.86,-85.17
428.96,-86.45
429.07,-86.02
429.18,-86.88
429.29,-83.97
429.40,-87.22
429.51,-87.92
429.61,-86.34
429.72,-85.30
429.83,-86.51
429.94,-87.22
430.05,-85.80
430.16,-86.26
430.27,-86.94
430.37,-86.27
430.48,-86.99
430.59,-88.55
430.70,-87.11
430.81,-86.36
430.92,-88.33
431.02,-85.61
431.13,-86.07
431.24,-87.03
431.35,-86.86
431.46,-85.32
431.57,-85.24
431.68,-88.17
431.78,-86.72
431.89,-86.71
432.00,-85.49
432.11,-87.12
432.22,-86.64
432.33,-88.35
432.44,-87.67
432.54,-87.50
432.65,-87.96
432.76,-87.08
432.87,-87.10
432.98,-86.43
433.09,-87.97
433.19,-86.55
433.30,-85.71
433.41,-87.79
433.52,-87.44
433.63,-87.12
433.74,-86.97
433.85,-87.11
433.95,-87.01
434.06,-87.61
434.17,-87.08
434.28,-83.49
434.39,-84.21
434.50,-85.93
434.60,-85.13
434.71,-87.41
434.82,-86.61
434.93,-85.40
435.04,-86.71
435.15,-85.70
435.26,-84.70
435.36,-85.86
435.47,-86.78
435.58,-85.56
435.69,-87.52
435.80,-87.76
435.91,-87.38
436.01,-85.86
436.12,-86.72
436.23,-88.26
436.34,-86.08
436.45,-86.27
436.56,-85.34
436.67,-87.45
436.77,-87.02
436.88,-86.85
436.99,-86.38
437.10,-84.74
437.21,-85.49
437.32,-86.50
437.43,-87.50
437.53,-87.73
437.64,-87.26
437.75,-88.86
437.86,-88.46
437.97,-87.03
438.08,-86.85
438.18,-86.03
438.29,-86.60
438.40,-86.01
438.51,-86.10
438.62,-88.49
438.73,-85.74
438.84,-86.06
438.94,-86.57
439.05,-86.96
439.16,-87.99
439.27,-86.07
439.38,-88.28
439.49,-85.83
439.59,-87.43
439.70,-85.78
439.81,-85.53
439.92,-81.24
440.03,-79.68
440.14,-82.27
440.25,-83.97
440.35,-85.06
440.46,-86.22
440.57,-86.70
440.68,-87.38
440.79,-86.88
440.90,-87.37
441.00,-86.40
441.11,-86.11
441.22,-84.80
441.33,-85.84
441.44,-85.72
441.55,-87.10
441.66,-86.52
441.76,-83.95
441.87,-87.05
441.98,-83.68
442.09,-84.52
442.20,-87.21
442.31,-83.10
442.42,-84.83
442.52,-86.29
442.63,-84.71
442.74,-83.56
442.85,-83.31
442.96,-82.92
443.07,-84.51
443.17,-85.81
443.28,-84.69
443.39,-85.39
443.50,-84.05
443.61,-85.48
443.72,-84.30
443.83,-84.41
443.93,-85.21
444.04,-83.62
444.15,-83.39
444.26,-80.82
444.37,-82.34
444.48,-81.84
444.58,-80.51
444.69,-83.12
444.80,-80.55
444.91,-81.28
445.02,-82.75
445.13,-81.34
445.24,-77.14
445.34,-71.44
445.45,-66.20
445.56,-73.18
445.67,-76.50
445.78,-79.04
445.89,-79.22
445.99,-82.97
446.10,-83.53
446.21,-83.45
446.32,-83.02
446.43,-83.73
446.54,-85.35
446.65,-86.59
446.75,-86.06
446.86,-84.38
446.97,-81.76
447.08,-84.06
447.19,-84.44
447.30,-83.90
447.40,-84.95
447.51,-85.48
447.62,-86.26
447.73,-84.06
447.84,-85.67
447.95,-84.23
448.06,-85.54
448.16,-82.33
448.27,-84.42
448.38,-81.78
448.49,-81.64
448.60,-83.37
448.71,-83.37
448.82,-85.63
448.92,-85.07
449.03,-84.15
449.14,-83.81
449.25,-83.16
449.36,-85.28
449.47,-84.23
449.57,-83.48
449.68,-83.37
449.79,-81.45
449.90,-82.10
449.90,-82.43
450.01,-84.53
450.12,-84.31
450.23,-86.46
450.33,-85.55
450.44,-87.22
450.55,-85.06
450.66,-84.66
450.77,-84.74
450.88,-84.98
450.98,-84.67
451.09,-87.39
451.20,-79.91
451.31,-77.47
451.42,-82.64
451.53,-86.80
451.64,-85.53
451.74,-83.56
451.85,-83.10
451.96,-84.48
452.07,-82.92
452.18,-85.41
452.29,-83.95
452.39,-85.26
452.50,-85.27
452.61,-83.39
452.72,-81.62
452.83,-82.35
452.94,-83.35
453.05,-84.21
453.15,-80.29
453.26,-82.83
453.37,-81.29
453.48,-81.39
453.59,-80.37
453.70,-81.16
453.81,-82.64
453.91,-78.65
454.02,-80.12
454.13,-80.89
454.24,-80.97
454.35,-79.83
454.46,-80.16
454.56,-81.75
454.67,-79.24
454.78,-81.87
454.89,-82.37
455.00,-83.56
455.11,-83.15
455.22,-82.92
455.32,-82.52
455.43,-81.54
455.54,-81.09
455.65,-81.60
455.76,-83.27
455.87,-83.28
455.97,-83.31
456.08,-83.90
456.19,-83.35
456.30,-84.35
456.41,-83.45
456.52,-84.77
456.63,-84.81
456.73,-84.06
456.84,-80.68
456.95,-78.96
457.06,-82.98
457.17,-86.32
457.28,-83.46
457.38,-80.97
457.49,-79.95
457.60,-84.36
457.71,-84.14
457.82,-85.06
457.93,-81.63
458.04,-81.77
458.14,-83.86
458.25,-82.49
458.36,-81.65
458.47,-82.71
458.58,-82.26
458.69,-81.44
458.80,-80.65
458.90,-82.67
459.01,-82.49
459.12,-82.99
459.23,-82.08
459.34,-81.50
459.45,-81.07
459.55,-81.22
459.66,-81.61
459.77,-80.35
459.88,-80.29
459.99,-81.88
460.10,-80.50
460.21,-81.78
460.31,-81.74
460.42,-82.30
460.53,-83.33
460.64,-80.39
460.75,-83.51
460.86,-81.84
460.96,-81.77
461.07,-80.08
461.18,-81.28
461.29,-83.14
461.40,-83.98
461.51,-81.86
461.62,-81.58
461.72,-81.26
461.83,-74.67
461.94,-66.73
462.05,-70.07
462.16,-80.46
462.27,-82.26
462.38,-82.27
462.48,-81.79
462.59,-79.91
462.70,-83.07
462.81,-85.67
462.92,-80.19
463.03,-80.55
463.13,-81.09
463.24,-86.54
463.35,-86.70
463.46,-85.45
463.57,-84.19
463.68,-82.73
463.79,-84.06
463.89,-84.78
464.00,-83.03
464.11,-83.42
464.22,-84.42
464.33,-84.22
464.44,-83.85
464.54,-82.39
464.65,-83.51
464.76,-84.54
464.87,-83.28
464.98,-83.26
465.09,-82.99
465.20,-84.67
465.30,-82.70
465.41,-84.18
465.52,-82.62
465.63,-84.37
465.74,-83.97
465.85,-80.53
465.95,-83.67
466.06,-83.12
466.17,-84.44
466.28,-86.10
466.39,-85.72
466.50,-84.38
466.61,-83.20
466.71,-85.41
466.82,-83.38
466.93,-82.96
467.04,-83.21
467.15,-83.71
467.26,-82.13
467.37,-83.95
467.47,-86.37
467.58,-85.90
467.69,-84.91
467.80,-86.21
467.91,-86.37
468.02,-84.34
468.12,-84.60
468.23,-83.95
468.34,-83.39
468.45,-87.47
468.56,-83.47
468.67,-78.76
468.78,-80.68
468.88,-82.42
468.99,-86.20
469.10,-86.85
469.21,-85.63
469.32,-87.13
469.43,-87.05
469.53,-85.08
469.64,-85.25
469.75,-86.35
469.86,-84.43
469.97,-83.26
470.08,-82.81
470.19,-84.01
470.29,-84.09
470.40,-85.55
470.51,-85.18
470.62,-85.00
470.73,-82.88
470.84,-85.88
470.94,-85.01
471.05,-84.31
471.16,-84.91
471.27,-84.17
471.38,-83.87
471.49,-83.40
471.60,-82.59
471.70,-82.56
471.81,-82.77
471.92,-85.26
472.03,-84.55
472.14,-84.24
472.25,-85.79
472.36,-86.61
472.46,-84.23
472.57,-87.84
472.68,-85.79
472.79,-83.94
472.90,-84.69
473.01,-85.53
473.11,-85.10
473.22,-86.85
473.33,-85.65
473.44,-87.35
473.55,-87.21
473.66,-87.70
473.77,-85.59
473.87,-86.28
473.98,-84.65
474.09,-86.85
474.20,-82.63
474.31,-80.85
474.42,-81.38
474.52,-85.72
474.63,-87.26
474.74,-85.76
474.85,-84.50
474.96,-88.10
475.07,-87.76
475.18,-86.59
475.28,-86.53
475.39,-87.00
475.50,-86.64
475.61,-86.39
475.72,-85.84
475.83,-84.41
475.93,-86.16
476.04,-85.10
476.15,-86.57
476.26,-86.87
476.37,-86.75
476.48,-86.84
476.59,-87.17
476.69,-86.18
476.80,-86.23
476.91,-83.72
477.02,-84.28
477.13,-84.10
477.24,-84.69
477.35,-86.46
477.45,-86.25
477.56,-86.55
477.67,-87.29
477.78,-86.39
477.89,-84.88
478.00,-87.14
478.10,-85.50
478.21,-85.71
478.32,-87.64
478.43,-85.63
478.54,-86.26
478.65,-85.19
478.76,-88.07
478.86,-86.73
478.97,-87.78
479.08,-87.62
479.19,-87.40
479.30,-86.75
479.41,-86.91
479.51,-87.71
479.62,-87.80
479.73,-87.66
479.84,-85.15
479.95,-75.00
480.06,-76.15
480.17,-84.65
480.27,-84.35
480.38,-88.03
480.49,-87.35
480.60,-87.99
480.71,-88.08
480.82,-86.68
480.92,-85.08
481.03,-87.96
481.14,-87.01
481.25,-87.26
481.36,-84.00
481.47,-86.12
481.58,-84.97
481.68,-85.45
481.79,-87.13
481.90,-86.61
482.01,-86.37
482.12,-85.03
482.23,-87.48
482.33,-86.33
482.44,-83.66
482.55,-83.68
482.66,-84.77
482.77,-87.09
482.88,-84.82
482.99,-87.76
483.09,-87.05
483.20,-86.76
483.31,-87.67
483.42,-86.89
483.53,-85.65
483.64,-86.84
483.75,-85.88
483.85,-87.91
483.96,-85.91
484.07,-85.52
484.18,-87.34
484.29,-85.00
484.40,-88.41
484.50,-88.13
484.61,-87.96
484.72,-87.43
484.83,-85.66
484.94,-87.68
485.05,-87.09
485.16,-85.60
485.26,-87.88
485.37,-85.30
485.48,-84.06
485.59,-83.57
485.70,-83.56
485.81,-83.73
485.91,-86.46
486.02,-86.96
486.13,-85.31
486.24,-83.57
486.35,-87.46
486.46,-86.10
486.57,-86.85
486.67,-87.12
486.78,-84.96
486.89,-87.35
487.00,-86.70
487.11,-85.13
487.22,-88.07
487.32,-87.77
487.43,-87.38
487.54,-88.26
487.65,-85.97
487.76,-86.71
487.87,-87.04
487.98,-88.09
488.08,-85.14
488.19,-87.04
488.30,-83.52
488.41,-85.44
488.52,-87.10
488.63,-86.37
488.74,-85.00
488.84,-88.51
488.95,-86.64
489.06,-87.65
489.17,-86.43
489.28,-86.51
489.39,-87.49
489.49,-86.04
489.60,-86.32
489.71,-87.45
489.82,-85.54
489.93,-83.14
490.04,-85.47
490.15,-83.05
490.25,-86.21
490.36,-84.19
490.47,-87.22
490.58,-86.74
490.69,-85.69
490.80,-86.63
490.90,-85.48
491.01,-84.78
491.12,-86.63
491.23,-83.20
491.34,-83.82
491.45,-86.29
491.56,-83.84
491.66,-87.01
491.77,-84.72
491.88,-86.80
491.99,-84.59
492.10,-86.42
492.21,-86.46
492.31,-86.37
492.42,-86.25
492.53,-85.09
492.64,-86.84
492.75,-86.50
492.86,-86.15
492.97,-86.27
493.07,-87.43
493.18,-86.20
493.29,-85.91
493.40,-87.46
493.51,-86.91
493.62,-84.79
493.73,-87.29
493.83,-87.86
493.94,-85.41
494.05,-85.12
494.16,-84.50
494.27,-84.24
494.38,-84.95
494.48,-84.71
494.59,-87.75
494.70,-85.66
494.81,-85.35
494.92,-83.18
495.03,-81.86
495.14,-85.29
495.24,-84.68
495.35,-86.52
495.46,-85.55
495.57,-85.90
495.68,-87.26
495.79,-86.82
495.89,-87.51
496.00,-85.72
496.11,-86.12
496.22,-86.40
496.33,-87.21
496.44,-85.66
496.55,-87.04
496.65,-88.93
496.76,-86.45
496.87,-85.63
496.98,-84.57
497.09,-88.13
497.20,-87.68
497.31,-86.85
497.41,-85.64
497.52,-83.45
497.63,-86.18
497.74,-86.66
497.85,-87.36
497.96,-86.21
498.06,-85.85
498.17,-84.09
498.28,-85.96
498.39,-84.08
498.50,-85.38
498.61,-86.72
498.72,-86.02
498.82,-86.91
498.93,-87.07
499.04,-86.59
499.15,-86.55
499.26,-87.69
499.37,-87.96
499.47,-87.63
499.58,-86.90
499.69,-87.29
499.80,-88.58
499.80,-87.37
499.91,-86.70
500.02,-82.42
500.13,-84.90
500.23,-83.06
500.34,-84.79
500.45,-85.42
500.56,-86.34
500.67,-87.08
500.78,-86.64
500.88,-86.95
500.99,-85.21
501.10,-87.07
501.21,-86.69
501.32,-84.53
501.43,-87.67
501.54,-85.53
501.64,-86.53
501.75,-87.26
501.86,-86.22
501.97,-85.98
502.08,-85.52
502.19,-86.54
502.30,-87.38
502.40,-85.87
502.51,-86.49
502.62,-83.90
502.73,-85.95
502.84,-85.68
502.95,-85.92
503.05,-83.91
503.16,-84.75
503.27,-86.06
503.38,-87.30
503.49,-86.70
503.60,-86.65
503.71,-84.76
503.81,-83.86
503.92,-85.50
504.03,-84.61
504.14,-85.65
504.25,-86.94
504.36,-85.42
504.46,-87.97
504.57,-85.38
504.68,-84.84
504.79,-86.37
504.90,-85.02
505.01,-86.63
505.12,-86.84
505.22,-84.82
505.33,-87.33
505.44,-84.79
505.55,-86.07
505.66,-86.26
505.77,-86.53
505.87,-85.48
505.98,-87.51
506.09,-83.22
506.20,-86.30
506.31,-82.99
506.42,-84.75
506.53,-86.14
506.63,-84.77
506.74,-84.44
506.85,-86.44
506.96,-85.87
507.07,-86.09
507.18,-84.61
507.29,-86.67
507.39,-86.09
507.50,-86.61
507.61,-85.94
507.72,-87.35
507.83,-87.96
507.94,-86.98
508.04,-87.10
508.15,-87.07
508.26,-86.11
508.37,-87.23
508.48,-86.36
508.59,-85.91
508.70,-84.61
508.80,-86.46
508.91,-88.13
509.02,-88.72
509.13,-83.75
509.24,-89.22
509.35,-86.94
509.45,-86.18
509.56,-86.42
509.67,-86.25
509.78,-87.46
509.89,-85.03
510.00,-84.51
510.11,-85.58
510.21,-85.42
510.32,-83.67
510.43,-86.03
510.54,-85.55
510.65,-87.30
510.76,-87.22
510.86,-86.15
510.97,-85.56
511.08,-87.13
511.19,-86.46
511.30,-85.78
511.41,-88.15
511.52,-86.68
511.62,-86.83
511.73,-86.79
511.84,-84.94
511.95,-86.81
512.06,-87.47
512.17,-87.18
512.27,-85.94
512.38,-87.92
512.49,-87.50
512.60,-85.44
512.71,-84.46
512.82,-84.83
512.93,-83.90
513.03,-82.50
513.14,-79.56
513.25,-74.25
513.36,-76.19
513.47,-78.97
513.58,-84.32
513.69,-85.35
513.79,-87.00
513.90,-87.10
514.01,-85.82
514.12,-87.01
514.23,-84.34
514.34,-84.80
514.44,-83.49
514.55,-86.07
514.66,-85.57
514.77,-88.07
514.88,-88.00
514.99,-87.94
515.10,-87.54
515.20,-88.54
515.31,-85.79
515.42,-86.73
515.53,-87.63
515.64,-86.56
515.75,-86.24
515.85,-86.43
515.96,-85.18
516.07,-84.27
516.18,-85.28
516.29,-86.81
516.40,-86.12
516.51,-86.18
516.61,-85.59
516.72,-86.92
516.83,-87.90
516.94,-88.12
517.05,-88.23
517.16,-86.84
517.26,-87.57
517.37,-86.50
517.48,-86.71
517.59,-86.12
517.70,-85.76
517.81,-88.10
517.92,-85.31
518.02,-86.58
518.13,-85.42
518.24,-84.13
518.35,-85.00
518.46,-82.33
518.57,-81.47
518.68,-84.53
518.78,-85.71
518.89,-82.90
519.00,-85.56
519.11,-83.44
519.22,-85.51
519.33,-86.30
519.43,-82.21
519.54,-75.60
519.65,-71.37
519.76,-71.78
519.87,-79.76
519.98,-79.41
520.09,-79.22
520.19,-80.20
520.30,-81.35
520.41,-80.40
520.52,-83.00
520.63,-87.86
520.74,-86.74
520.84,-82.68
520.95,-86.99
521.06,-84.94
521.17,-86.18
521.28,-85.35
521.39,-87.42
521.50,-85.92
521.60,-87.00
521.71,-84.90
521.82,-85.80
521.93,-86.37
522.04,-84.58
522.15,-83.60
522.25,-85.69
522.36,-87.43
522.47,-86.57
522.58,-86.85
522.69,-86.96
522.80,-86.00
522.91,-86.89
523.01,-88.12
523.12,-88.75
523.23,-88.34
523.34,-85.88
523.45,-79.35
523.56,-73.96
523.67,-79.24
523.77,-87.64
523.88,-87.72
523.99,-88.90
524.10,-86.38
524.21,-86.80
524.32,-86.25
524.42,-86.17
524.53,-88.11
524.64,-88.15
524.75,-85.80
524.86,-86.25
524.97,-85.56
525.08,-88.70
525.18,-86.59
525.29,-86.95
525.40,-87.66
525.51,-86.55
525.62,-84.71
525.73,-86.01
525.83,-87.18
525.94,-87.98
526.05,-86.16
526.16,-87.29
526.27,-86.87
526.38,-83.93
526.49,-85.10
526.59,-87.10
526.70,-85.07
526.81,-88.18
526.92,-85.91
527.03,-88.40
527.14,-87.15
527.25,-86.31
527.35,-86.83
527.46,-86.28
527.57,-87.92
527.68,-84.06
527.79,-86.15
527.90,-82.53
528.00,-86.38
528.11,-85.47
528.22,-86.73
528.33,-83.19
528.44,-81.90
528.55,-85.68
528.66,-86.84
528.76,-86.09
528.87,-85.49
528.98,-85.78
529.09,-86.68
529.20,-86.87
529.31,-85.52
529.41,-86.19
529.52,-83.85
529.63,-88.32
529.74,-85.63
529.85,-86.18
529.96,-86.91
530.07,-86.08
530.17,-81.45
530.28,-78.44
530.39,-74.63
530.50,-77.09
530.61,-82.21
530.72,-81.65
530.82,-84.53
530.93,-84.74
531.04,-87.49
531.15,-86.28
531.26,-83.60
531.37,-84.66
531.48,-87.53
531.58,-88.07
531.69,-85.93
531.80,-86.71
531.91,-87.16
532.02,-87.34
532.13,-87.91
532.24,-87.81
532.34,-86.13
532.45,-86.33
532.56,-86.86
532.67,-86.33
532.78,-87.49
532.89,-86.88
532.99,-87.88
533.10,-87.17
533.21,-86.91
533.32,-86.78
533.43,-87.78
533.54,-87.04
533.65,-87.09
533.75,-87.16
533.86,-87.96
533.97,-85.55
534.08,-85.81
534.19,-86.36
534.30,-85.93
534.40,-85.34
534.51,-88.57
534.62,-86.33
534.73,-86.51
534.84,-86.58
534.95,-88.52
535.06,-87.09
535.16,-87.60
535.27,-87.76
535.38,-85.87
535.49,-86.52
535.60,-86.54
535.71,-87.62
535.81,-86.43
535.92,-87.62
536.03,-86.57
536.14,-88.21
536.25,-85.94
536.36,-85.93
536.47,-83.75
536.57,-84.61
536.68,-84.13
536.79,-85.36
536.90,-83.68
537.01,-84.23
537.12,-86.10
537.23,-85.88
537.33,-85.68
537.44,-84.97
537.55,-85.75
537.66,-86.87
537.77,-85.93
537.88,-86.00
537.98,-86.19
538.09,-84.77
538.20,-85.14
538.31,-86.16
538.42,-85.21
538.53,-86.69
538.64,-85.20
538.74,-86.58
538.85,-86.13
538.96,-86.73
539.07,-86.43
539.18,-87.64
539.29,-85.88
539.39,-87.78
539.50,-86.04
539.61,-87.07
539.72,-86.01
539.83,-87.32
539.94,-85.75
540.05,-84.23
540.15,-84.47
540.26,-85.81
540.37,-85.88
540.48,-83.52
540.59,-81.25
540.70,-81.21
540.80,-85.13
540.91,-87.31
541.02,-85.56
541.13,-87.21
541.24,-85.39
541.35,-86.42
541.46,-86.90
541.56,-85.78
541.67,-87.50
541.78,-85.36
541.89,-86.81
542.00,-85.80
542.11,-84.42
542.22,-86.60
542.32,-85.41
542.43,-87.90
542.54,-86.05
542.65,-84.64
542.76,-88.42
542.87,-85.28
542.97,-84.20
543.08,-82.39
543.19,-83.35
543.30,-86.74
543.41,-85.56
543.52,-87.25
543.63,-85.93
543.73,-85.39
543.84,-87.83
543.95,-86.79
544.06,-88.52
544.17,-86.86
544.28,-88.88
544.38,-87.21
544.49,-86.71
544.60,-88.20
544.71,-86.00
544.82,-86.98
544.93,-84.63
545.04,-85.38
545.14,-86.99
545.25,-86.11
545.36,-86.87
545.47,-88.09
545.58,-83.25
545.69,-84.04
545.79,-86.48
545.90,-86.45
546.01,-86.80
546.12,-86.38
546.23,-87.06
546.34,-85.19
546.45,-87.19
546.55,-87.39
546.66,-85.95
546.77,-85.72
546.88,-86.80
546.99,-86.66
547.10,-82.71
547.21,-82.45
547.31,-80.28
547.42,-75.78
547.53,-70.17
547.64,-76.08
547.75,-83.97
547.86,-84.47
547.96,-83.48
548.07,-86.67
548.18,-84.00
548.29,-85.64
548.40,-85.33
548.51,-86.67
548.62,-82.75
548.72,-83.77
548.83,-83.22
548.94,-86.44
549.05,-87.12
549.16,-87.16
549.27,-84.46
549.37,-86.84
549.48,-87.76
549.59,-85.55
549.70,-84.39
549.70,-86.61
549.81,-86.06
549.92,-79.31
550.03,-82.71
550.13,-84.24
550.24,-86.88
550.35,-84.54
550.46,-85.86
550.57,-88.23
550.68,-84.75
550.78,-85.58
550.89,-86.48
551.00,-85.47
551.11,-86.17
551.22,-87.79
551.33,-87.72
551.44,-84.85
551.54,-85.68
551.65,-87.28
551.76,-85.34
551.87,-87.62
551.98,-86.90
552.09,-87.82
552.20,-85.92
552.30,-87.65
552.41,-86.12
552.52,-86.46
552.63,-85.05
552.74,-87.83
552.85,-86.31
552.95,-82.94
553.06,-85.45
553.17,-87.09
553.28,-85.68
553.39,-87.24
553.50,-87.20
553.61,-87.05
553.71,-88.19
553.82,-86.16
553.93,-82.85
554.04,-78.34
554.15,-71.82
554.26,-73.30
554.36,-68.31
554.47,-72.86
554.58,-73.46
554.69,-75.09
554.80,-83.33
554.91,-87.01
555.02,-85.15
555.12,-85.07
555.23,-83.48
555.34,-87.73
555.45,-88.11
555.56,-88.36
555.67,-88.60
555.77,-82.92
555.88,-86.74
555.99,-88.01
556.10,-82.27
556.21,-87.46
556.32,-87.50
556.43,-87.39
556.53,-86.35
556.64,-87.23
556.75,-87.99
556.86,-86.34
556.97,-87.42
557.08,-86.74
557.18,-85.88
557.29,-87.63
557.40,-86.17
557.51,-86.16
557.62,-85.85
557.73,-86.78
557.84,-86.83
557.94,-85.53
558.05,-87.44
558.16,-88.01
558.27,-85.74
558.38,-86.80
558.49,-88.38
558.60,-86.99
558.70,-85.56
558.81,-86.78
558.92,-85.99
559.03,-88.07
559.14,-86.92
559.25,-85.67
559.35,-88.15
559.46,-87.19
559.57,-87.25
559.68,-89.09
559.79,-87.23
559.90,-82.54
560.01,-82.48
560.11,-83.23
560.22,-87.01
560.33,-86.55
560.44,-87.13
560.55,-87.41
560.66,-87.45
560.76,-87.77
560.87,-86.73
560.98,-87.56
561.09,-87.54
561.20,-83.49
561.31,-86.90
561.42,-87.43
561.52,-84.32
561.63,-88.04
561.74,-86.53
561.85,-87.99
561.96,-86.58
562.07,-85.94
562.17,-85.89
562.28,-87.33
562.39,-86.36
562.50,-83.79
562.61,-86.61
562.72,-87.13
562.83,-86.40
562.93,-86.39
563.04,-86.91
563.15,-88.72
563.26,-86.67
563.37,-85.75
563.48,-87.73
563.59,-87.47
563.69,-86.24
563.80,-87.57
563.91,-86.49
564.02,-87.40
564.13,-87.36
564.24,-86.60
564.34,-86.60
564.45,-85.91
564.56,-80.03
564.67,-79.24
564.78,-84.87
564.89,-86.36
565.00,-86.94
565.10,-85.56
565.21,-85.91
565.32,-87.15
565.43,-86.30
565.54,-84.32
565.65,-81.01
565.75,-83.73
565.86,-86.93
565.97,-88.09
566.08,-87.19
566.19,-87.04
566.30,-88.67
566.41,-87.66
566.51,-85.63
566.62,-86.75
566.73,-86.59
566.84,-86.13
566.95,-85.93
567.06,-86.34
567.16,-87.08
567.27,-87.21
567.38,-87.40
567.49,-86.72
567.60,-85.34
567.71,-85.08
567.82,-86.61
567.92,-85.53
568.03,-85.25
568.14,-85.79
568.25,-86.61
568.36,-87.15
568.47,-84.96
568.58,-86.86
568.68,-87.65
568.79,-88.98
568.90,-87.86
569.01,-89.12
569.12,-87.99
569.23,-86.58
569.33,-86.76
569.44,-85.87
569.55,-86.75
569.66,-86.66
569.77,-85.51
569.88,-86.61
569.99,-83.20
570.09,-87.63
570.20,-86.58
570.31,-87.51
570.42,-88.59
570.53,-87.02
570.64,-88.73
570.74,-86.62
570.85,-85.12
570.96,-86.77
571.07,-87.57
571.18,-85.56
571.29,-82.85
571.40,-86.50
571.50,-88.35
571.61,-88.03
571.72,-86.93
571.83,-85.52
571.94,-86.83
572.05,-86.18
572.15,-85.69
572.26,-85.79
572.37,-86.36
572.48,-87.37
572.59,-86.26
572.70,-87.85
572.81,-87.62
572.91,-85.13
573.02,-85.85
573.13,-84.05
573.24,-87.41
573.35,-85.61
573.46,-86.12
573.57,-86.11
573.67,-86.55
573.78,-87.56
573.89,-85.52
574.00,-86.93
574.11,-86.89
574.22,-86.33
574.32,-86.61
574.43,-86.62
574.54,-87.44
574.65,-87.64
574.76,-86.47
574.87,-87.33
574.98,-86.04
575.08,-87.08
575.19,-87.56
575.30,-87.31
575.41,-86.48
575.52,-87.23
575.63,-88.38
575.73,-85.96
575.84,-86.83
575.95,-84.80
576.06,-86.18
576.17,-87.25
576.28,-87.40
576.39,-87.95
576.49,-85.33
576.60,-84.65
576.71,-88.29
576.82,-85.75
576.93,-83.85
577.04,-85.15
577.14,-87.56
577.25,-85.07
577.36,-83.57
577.47,-84.08
577.58,-82.43
577.69,-86.73
577.80,-85.03
577.90,-84.03
578.01,-86.68
578.12,-87.35
578.23,-84.50
578.34,-88.09
578.45,-86.93
578.56,-86.21
578.66,-87.18
578.77,-87.93
578.88,-84.60
578.99,-86.23
579.10,-85.77
579.21,-86.12
579.31,-87.76
579.42,-83.59
579.53,-86.56
579.64,-85.55
579.75,-85.00
579.86,-85.89
579.97,-84.77
580.07,-85.73
580.18,-85.07
580.29,-84.80
580.40,-84.60
580.51,-86.72
580.62,-86.18
580.72,-88.19
580.83,-86.86
580.94,-86.20
581.05,-87.66
581.16,-86.10
581.27,-83.95
581.38,-86.51
581.48,-85.12
581.59,-83.73
581.70,-85.53
581.81,-86.10
581.92,-85.93
582.03,-85.92
582.13,-84.86
582.24,-83.22
582.35,-87.70
582.46,-86.13
582.57,-86.19
582.68,-87.65
582.79,-87.21
582.89,-85.09
583.00,-84.99
583.11,-84.59
583.22,-87.41
583.33,-86.17
583.44,-85.56
583.55,-87.00
583.65,-88.56
583.76,-88.89
583.87,-87.21
583.98,-89.83
584.09,-84.95
584.20,-86.20
584.30,-87.25
584.41,-86.95
584.52,-89.34
584.63,-85.50
584.74,-88.01
584.85,-88.06
584.96,-86.67
585.06,-87.28
585.17,-83.32
585.28,-87.32
585.39,-86.30
585.50,-88.06
585.61,-85.79
585.71,-86.36
585.82,-85.01
585.93,-84.46
586.04,-85.83
586.15,-87.03
586.26,-87.46
586.37,-89.35
586.47,-87.99
586.58,-88.26
586.69,-85.90
586.80,-87.48
586.91,-88.78
587.02,-85.95
587.12,-85.14
587.23,-86.57
587.34,-87.94
587.45,-87.04
587.56,-87.66
587.67,-86.95
587.78,-86.81
587.88,-87.42
587.99,-86.99
588.10,-89.45
588.21,-88.10
588.32,-86.63
588.43,-87.23
588.54,-85.65
588.64,-87.32
588.75,-85.55
588.86,-86.95
588.97,-88.21
589.08,-86.68
589.19,-85.47
589.29,-89.71
589.40,-86.86
589.51,-84.19
589.62,-85.97
589.73,-86.38
589.84,-84.03
589.95,-84.97
590.05,-84.86
590.16,-85.61
590.27,-87.64
590.38,-87.98
590.49,-88.53
590.60,-88.63
590.70,-85.38
590.81,-84.59
590.92,-89.85
591.03,-89.37
591.14,-87.62
591.25,-86.65
591.36,-86.51
591.46,-86.41
591.57,-85.85
591.68,-86.80
591.79,-87.50
591.90,-85.14
592.01,-86.52
592.12,-85.78
592.22,-86.56
592.33,-86.08
592.44,-87.11
592.55,-86.09
592.66,-86.25
592.77,-86.41
592.87,-85.80
592.98,-85.42
593.09,-86.55
593.20,-88.76
593.31,-87.06
593.42,-87.04
593.53,-84.89
593.63,-88.03
593.74,-87.92
593.85,-87.34
593.96,-83.88
594.07,-86.29
594.18,-86.19
594.28,-83.54
594.39,-83.33
594.50,-87.15
594.61,-87.87
594.72,-86.58
594.83,-87.96
594.94,-87.54
595.04,-87.82
595.15,-86.77
595.26,-86.17
595.37,-86.88
595.48,-87.87
595.59,-88.66
595.69,-86.36
595.80,-85.64
595.91,-86.18
596.02,-87.10
596.13,-87.57
596.24,-85.77
596.35,-87.97
596.45,-88.37
596.56,-85.84
596.67,-86.90
596.78,-88.17
596.89,-85.55
597.00,-85.00
597.11,-86.44
597.21,-86.18
597.32,-85.93
597.43,-87.26
597.54,-88.28
597.65,-88.12
597.76,-86.89
597.86,-87.01
597.97,-88.76
598.08,-86.43
598.19,-86.87
598.30,-87.53
598.41,-85.20
598.52,-86.40
598.62,-86.66
598.73,-86.23
598.84,-84.15
598.95,-87.52
599.06,-87.33
599.17,-86.27
599.27,-87.30
599.38,-86.15
599.49,-86.31
599.60,-87.47
599.60,-85.66
599.71,-86.94
599.82,-88.35
599.93,-81.39
600.03,-82.33
600.14,-87.13
600.25,-87.27
600.36,-86.50
600.47,-85.01
600.58,-88.50
600.68,-85.64
600.79,-86.41
600.90,-88.92
601.01,-84.89
601.12,-87.64
601.23,-87.86
601.34,-86.23
601.44,-87.17
601.55,-87.32
601.66,-87.46
601.77,-86.98
601.88,-86.23
601.99,-85.02
602.10,-81.78
602.20,-82.11
602.31,-84.91
602.42,-85.78
602.53,-86.15
602.64,-86.21
602.75,-85.76
602.85,-88.01
602.96,-86.52
603.07,-86.39
603.18,-86.52
603.29,-86.18
603.40,-87.78
603.51,-86.90
603.61,-88.06
603.72,-87.70
603.83,-86.92
603.94,-87.79
604.05,-85.78
604.16,-86.39
604.26,-85.18
604.37,-87.39
604.48,-84.95
604.59,-88.15
604.70,-87.62
604.81,-85.03
604.92,-85.87
605.02,-86.73
605.13,-88.71
605.24,-85.86
605.35,-86.36
605.46,-83.78
605.57,-85.71
605.67,-84.39
605.78,-86.07
605.89,-86.70
606.00,-86.34
606.11,-84.67
606.22,-85.59
606.33,-86.85
606.43,-87.13
606.54,-87.40
606.65,-85.96
606.76,-85.88
606.87,-87.43
606.98,-86.84
607.09,-87.65
607.19,-85.44
607.30,-87.60
607.41,-87.45
607.52,-86.29
607.63,-84.69
607.74,-86.53
607.84,-86.92
607.95,-85.54
608.06,-87.13
608.17,-87.05
608.28,-88.31
608.39,-86.34
608.50,-85.27
608.60,-86.74
608.71,-86.51
608.82,-88.93
608.93,-85.43
609.04,-88.71
609.15,-87.70
609.25,-88.52
609.36,-85.37
609.47,-86.85
609.58,-88.27
609.69,-86.76
609.80,-86.86
609.91,-86.02
610.01,-86.78
610.12,-85.04
610.23,-85.17
610.34,-86.65
610.45,-87.43
610.56,-87.14
610.66,-85.96
610.77,-85.05
610.88,-88.73
610.99,-86.53
611.10,-85.44
611.21,-86.59
611.32,-86.61
611.42,-84.31
611.53,-87.48
611.64,-88.38
611.75,-86.75
611.86,-86.56
611.97,-87.31
612.08,-85.92
612.18,-85.91
612.29,-87.93
612.40,-87.31
612.51,-87.36
612.62,-87.56
612.73,-87.07
612.83,-87.08
612.94,-86.01
613.05,-86.04
613.16,-87.26
613.27,-86.44
613.38,-87.19
613.49,-86.90
613.59,-86.54
613.70,-87.27
613.81,-83.90
613.92,-87.12
614.03,-85.58
614.14,-85.26
614.24,-86.35
614.35,-84.33
614.46,-83.09
614.57,-83.90
614.68,-82.78
614.79,-83.47
614.90,-85.00
615.00,-84.94
615.11,-85.02
615.22,-86.24
615.33,-83.11
615.44,-81.29
615.55,-78.98
615.65,-76.59
615.76,-77.24
615.87,-66.03
615.98,-64.26
616.09,-73.24
616.20,-76.34
616.31,-76.51
616.41,-77.41
616.52,-81.61
616.63,-82.82
616.74,-84.68
616.85,-85.92
616.96,-85.97
617.07,-85.36
617.17,-84.85
617.28,-83.52
617.39,-84.50
617.50,-85.35
617.61,-85.93
617.72,-86.64
617.82,-86.22
617.93,-86.70
618.04,-86.97
618.15,-86.51
618.26,-84.55
618.37,-82.88
618.48,-85.57
618.58,-85.12
618.69,-84.79
618.80,-87.66
618.91,-86.60
619.02,-85.51
619.13,-85.55
619.23,-85.21
619.34,-87.75
619.45,-86.17
619.56,-88.52
619.67,-87.07
619.78,-88.39
619.89,-87.63
619.99,-85.31
620.10,-87.73
620.21,-87.65
620.32,-85.47
620.43,-86.98
620.54,-86.27
620.64,-86.18
620.75,-87.84
620.86,-88.07
620.97,-85.96
621.08,-88.57
621.19,-87.08
621.30,-86.28
621.40,-86.74
621.51,-84.86
621.62,-87.80
621.73,-86.81
621.84,-85.01
621.95,-85.80
622.05,-85.87
622.16,-86.87
622.27,-85.63
622.38,-87.04
622.49,-86.24
622.60,-86.87
622.71,-86.73
622.81,-86.40
622.92,-87.49
623.03,-87.52
623.14,-86.14
623.25,-86.04
623.36,-88.08
623.47,-86.89
623.57,-88.08
623.68,-85.86
623.79,-86.82
623.90,-88.46
624.01,-87.97
624.12,-86.26
624.22,-87.33
624.33,-87.53
624.44,-85.48
624.55,-86.56
624.66,-87.69
624.77,-86.74
624.88,-86.34
624.98,-86.02
625.09,-87.23
625.20,-86.31
625.31,-87.33
625.42,-87.13
625.53,-87.92
625.63,-86.38
625.74,-85.90
625.85,-86.53
625.96,-87.98
626.07,-87.81
626.18,-86.77
626.29,-85.23
626.39,-87.80
626.50,-86.90
626.61,-85.38
626.72,-82.46
626.83,-87.00
626.94,-87.12
627.04,-88.14
627.15,-86.34
627.26,-87.83
627.37,-88.45
627.48,-86.98
627.59,-88.57
627.70,-84.65
627.80,-84.51
627.91,-86.73
628.02,-87.13
628.13,-87.65
628.24,-87.23
628.35,-87.43
628.46,-86.83
628.56,-86.15
628.67,-83.87
628.78,-86.44
628.89,-86.85
629.00,-86.23
629.11,-87.03
629.21,-87.25
629.32,-86.75
629.43,-86.91
629.54,-85.92
629.65,-85.12
629.76,-86.62
629.87,-86.05
629.97,-86.02
630.08,-88.64
630.19,-85.50
630.30,-88.02
630.41,-86.86
630.52,-87.57
630.62,-87.21
630.73,-85.94
630.84,-86.19
630.95,-84.99
631.06,-88.09
631.17,-89.01
631.28,-86.39
631.38,-87.29
631.49,-87.67
631.60,-83.68
631.71,-87.61
631.82,-83.60
631.93,-85.82
632.03,-85.52
632.14,-87.55
632.25,-86.42
632.36,-86.02
632.47,-85.82
632.58,-86.69
632.69,-86.18
632.79,-85.29
632.90,-85.31
633.01,-85.25
633.12,-86.75
633.23,-85.40
633.34,-86.75
633.45,-87.85
633.55,-87.40
633.66,-87.77
633.77,-86.70
633.88,-85.51
633.99,-85.03
634.10,-87.47
634.20,-88.09
634.31,-86.97
634.42,-86.36
634.53,-85.12
634.64,-88.29
634.75,-86.92
634.86,-87.77
634.96,-86.27
635.07,-87.29
635.18,-86.72
635.29,-87.52
635.40,-84.88
635.51,-88.17
635.61,-88.79
635.72,-85.47
635.83,-87.17
635.94,-85.76
636.05,-87.20
636.16,-85.55
636.27,-88.34
636.37,-85.93
636.48,-86.90
636.59,-85.63
636.70,-87.03
636.81,-87.10
636.92,-87.04
637.02,-85.33
637.13,-86.47
637.24,-87.73
637.35,-86.50
637.46,-81.65
637.57,-82.88
637.68,-84.50
637.78,-82.86
637.89,-81.83
638.00,-81.52
638.11,-83.02
638.22,-84.48
638.33,-82.86
638.44,-83.33
638.54,-81.11
638.65,-80.04
638.76,-82.12
638.87,-82.24
638.98,-84.00
639.09,-84.99
639.19,-80.78
639.30,-82.75
639.41,-83.04
639.52,-83.36
639.63,-84.42
639.74,-82.23
639.85,-82.87
639.95,-83.50
640.06,-82.15
640.17,-82.43
640.28,-82.83
640.39,-84.97
640.50,-86.22
640.60,-82.76
640.71,-82.56
640.82,-83.65
640.93,-82.64
641.04,-81.37
641.15,-82.54
641.26,-82.28
641.36,-81.53
641.47,-83.50
641.58,-82.65
641.69,-82.94
641.80,-84.99
641.91,-82.87
642.01,-83.38
642.12,-84.67
642.23,-84.50
642.34,-84.51
642.45,-84.52
642.56,-85.66
642.67,-83.88
642.77,-84.92
642.88,-83.36
642.99,-84.41
643.10,-84.33
643.21,-84.76
643.32,-83.42
643.43,-85.94
643.53,-84.36
643.64,-86.41
643.75,-86.03
643.86,-83.43
643.97,-82.35
644.08,-81.77
644.18,-84.04
644.29,-83.10
644.40,-82.53
644.51,-82.94
644.62,-82.97
644.73,-83.45
644.84,-81.82
644.94,-81.50
645.05,-80.93
645.16,-80.84
645.27,-81.21
645.38,-82.42
645.49,-83.70
645.59,-82.14
645.70,-81.88
645.81,-80.98
645.92,-83.04
646.03,-81.03
646.14,-81.84
646.25,-80.91
646.35,-82.58
646.46,-81.41
646.57,-80.50
646.68,-79.26
646.79,-81.71
646.90,-81.37
647.00,-79.98
647.11,-83.07
647.22,-82.34
647.33,-81.01
647.44,-78.84
647.55,-78.68
647.66,-80.09
647.76,-80.37
647.87,-79.64
647.98,-80.53
648.09,-79.99
648.20,-78.77
648.31,-80.56
648.42,-80.13
648.52,-80.53
648.63,-78.99
648.74,-79.77
648.85,-78.28
648.96,-79.52
649.07,-78.17
649.17,-80.49
649.28,-79.19
649.39,-78.43
649.50,-80.38
649.50,-81.14
649.61,-79.43
649.72,-83.46
649.83,-82.10
649.93,-82.69
650.04,-78.09
650.15,-79.76
650.26,-81.06
650.37,-81.59
650.48,-82.87
650.58,-80.17
650.69,-76.42
650.80,-80.39
650.91,-81.73
651.02,-80.11
651.13,-81.78
651.24,-82.70
651.34,-80.29
651.45,-79.75
651.56,-84.09
651.67,-87.39
651.78,-86.75
651.89,-86.05
652.00,-88.86
652.10,-90.08
652.21,-88.14
652.32,-86.90
652.43,-87.67
652.54,-87.35
652.65,-88.54
652.75,-87.60
652.86,-88.57
652.97,-88.11
653.08,-84.38
653.19,-88.20
653.30,-88.28
653.41,-88.39
653.51,-88.19
653.62,-86.83
653.73,-87.59
653.84,-86.20
653.95,-87.54
654.06,-87.42
654.16,-88.69
654.27,-86.81
654.38,-88.76
654.49,-87.92
654.60,-87.81
654.71,-87.46
654.82,-85.08
654.92,-87.18
655.03,-86.69
655.14,-85.55
655.25,-87.42
655.36,-85.36
655.47,-88.10
655.57,-85.05
655.68,-86.56
655.79,-88.81
655.90,-86.38
656.01,-85.14
656.12,-86.40
656.23,-85.03
656.33,-87.97
656.44,-87.96
656.55,-87.79
656.66,-88.65
656.77,-87.41
656.88,-87.35
656.99,-85.31
657.09,-87.22
657.20,-88.86
657.31,-88.00
657.42,-87.44
657.53,-86.60
657.64,-88.69
657.74,-87.76
657.85,-87.04
657.96,-87.14
658.07,-87.67
658.18,-87.62
658.29,-87.19
658.40,-88.01
658.50,-87.27
658.61,-85.94
658.72,-87.54
658.83,-86.00
658.94,-86.85
659.05,-85.21
659.15,-87.18
659.26,-87.93
659.37,-87.80
659.48,-86.74
659.59,-85.93
659.70,-84.94
659.81,-85.91
659.91,-83.87
660.02,-84.48
660.13,-84.34
660.24,-85.46
660.35,-85.70
660.46,-85.29
660.56,-86.44
660.67,-86.89
660.78,-86.57
660.89,-87.83
661.00,-86.77
661.11,-88.20
661.22,-86.62
661.32,-85.99
661.43,-85.94
661.54,-87.30
661.65,-87.65
661.76,-85.43
661.87,-87.15
661.98,-85.18
662.08,-88.56
662.19,-86.34
662.30,-87.99
662.41,-88.51
662.52,-85.79
662.63,-86.39
662.73,-87.46
662.84,-87.89
662.95,-85.98
663.06,-85.82
663.17,-86.02
663.28,-85.73
663.39,-86.22
663.49,-87.82
663.60,-85.49
663.71,-85.51
663.82,-86.76
663.93,-87.28
664.04,-86.61
664.14,-86.14
664.25,-86.65
664.36,-88.16
664.47,-87.38
664.58,-86.02
664.69,-85.16
664.80,-87.19
664.90,-86.58
665.01,-87.48
665.12,-86.69
665.23,-85.24
665.34,-85.12
665.45,-86.58
665.55,-87.30
665.66,-86.11
665.77,-85.04
665.88,-84.37
665.99,-82.74
666.10,-81.91
666.21,-85.52
666.31,-86.00
666.42,-82.22
666.53,-83.75
666.64,-82.07
666.75,-83.30
666.86,-83.33
666.97,-78.97
667.07,-76.56
667.18,-69.52
667.29,-66.19
667.40,-70.23
667.51,-75.17
667.62,-80.26
667.72,-81.48
667.83,-80.43
667.94,-83.09
668.05,-79.26
668.16,-70.78
668.27,-71.65
668.38,-80.87
668.48,-81.19
668.59,-82.12
668.70,-86.11
668.81,-85.70
668.92,-84.29
669.03,-82.68
669.13,-86.40
669.24,-86.28
669.35,-86.80
669.46,-86.33
669.57,-85.72
669.68,-85.74
669.79,-86.96
669.89,-87.60
670.00,-86.27
670.11,-87.69
670.22,-88.01
670.33,-85.73
670.44,-88.54
670.54,-86.69
670.65,-86.15
670.76,-88.96
670.87,-86.48
670.98,-86.43
671.09,-87.12
671.20,-86.87
671.30,-86.70
671.41,-87.51
671.52,-86.43
671.63,-85.99
671.74,-87.00
671.85,-85.05
671.96,-85.28
672.06,-87.32
672.17,-86.26
672.28,-86.53
672.39,-89.57
672.50,-85.39
672.61,-86.53
672.71,-86.11
672.82,-86.67
672.93,-85.12
673.04,-85.97
673.15,-88.29
673.26,-88.08
673.37,-86.04
673.47,-86.70
673.58,-87.61
673.69,-87.69
673.80,-85.03
673.91,-87.48
674.02,-86.97
674.12,-86.92
674.23,-87.51
674.34,-83.35
674.45,-86.21
674.56,-86.43
674.67,-88.35
674.78,-87.80
674.88,-87.04
674.99,-87.24
675.10,-88.64
675.21,-86.00
675.32,-85.65
675.43,-86.77
675.53,-86.44
675.64,-86.30
675.75,-84.37
675.86,-84.07
675.97,-85.11
676.08,-87.55
676.19,-87.91
676.29,-85.34
676.40,-87.48
676.51,-87.92
676.62,-86.83
676.73,-86.76
676.84,-87.00
676.95,-85.23
677.05,-86.16
677.16,-89.87
677.27,-87.55
677.38,-87.64
677.49,-86.09
677.60,-84.88
677.70,-86.23
677.81,-88.50
677.92,-86.63
678.03,-87.06
678.14,-86.03
678.25,-86.80
678.36,-86.88
678.46,-87.80
678.57,-87.70
678.68,-87.13
678.79,-86.82
678.90,-84.05
679.01,-86.34
679.11,-86.36
679.22,-88.26
679.33,-87.90
679.44,-86.34
679.55,-87.40
679.66,-86.03
679.77,-86.62
679.87,-85.78
679.98,-86.50
680.09,-86.49
680.20,-87.31
680.31,-86.18
680.42,-85.15
680.52,-87.69
680.63,-87.35
680.74,-87.24
680.85,-86.71
680.96,-87.68
681.07,-85.96
681.18,-87.57
681.28,-86.55
681.39,-86.76
681.50,-86.33
681.61,-87.27
681.72,-86.58
681.83,-87.21
681.93,-83.48
682.04,-86.73
682.15,-87.04
682.26,-86.41
682.37,-86.83
682.48,-87.92
682.59,-86.62
682.69,-87.20
682.80,-86.58
682.91,-86.23
683.02,-87.08
683.13,-86.21
683.24,-85.99
683.35,-87.84
683.45,-85.48
683.56,-84.27
683.67,-87.42
683.78,-86.99
683.89,-85.27
684.00,-85.41
684.10,-83.21
684.21,-81.70
684.32,-77.23
684.43,-74.98
684.54,-80.53
684.65,-86.22
684.76,-83.48
684.86,-86.40
684.97,-85.96
685.08,-86.60
685.19,-87.85
685.30,-85.57
685.41,-86.47
685.51,-85.71
685.62,-86.29
685.73,-85.97
685.84,-86.42
685.95,-87.51
686.06,-87.80
686.17,-84.50
686.27,-86.88
686.38,-85.46
686.49,-85.79
686.60,-85.99
686.71,-87.77
686.82,-86.02
686.92,-86.65
687.03,-88.18
687.14,-87.41
687.25,-87.22
687.36,-85.91
687.47,-85.49
687.58,-85.97
687.68,-84.98
687.79,-85.88
687.90,-85.42
688.01,-85.75
688.12,-86.39
688.23,-86.34
688.34,-86.53
688.44,-85.56
688.55,-85.57
688.66,-87.59
688.77,-87.07
688.88,-84.06
688.99,-87.79
689.09,-85.11
689.20,-87.44
689.31,-86.25
689.42,-88.10
689.53,-87.22
689.64,-86.54
689.75,-87.39
689.85,-86.90
689.96,-86.58
690.07,-87.38
690.18,-86.91
690.29,-87.50
690.40,-84.78
690.50,-86.22
690.61,-86.36
690.72,-88.78
690.83,-88.05
690.94,-87.17
691.05,-88.03
691.16,-88.08
691.26,-87.62
691.37,-87.04
691.48,-87.39
691.59,-87.38
691.70,-87.13
691.81,-87.50
691.91,-86.80
692.02,-87.81
692.13,-86.79
692.24,-86.06
692.35,-87.80
692.46,-86.81
692.57,-85.79
692.67,-87.92
692.78,-87.24
692.89,-87.88
693.00,-87.97
693.11,-86.26
693.22,-85.76
693.33,-87.11
693.43,-86.96
693.54,-86.62
693.65,-88.01
693.76,-86.11
693.87,-87.40
693.98,-87.45
694.08,-87.52
694.19,-87.20
694.30,-88.60
694.41,-87.94
694.52,-87.77
694.63,-87.50
694.74,-86.74
694.84,-88.27
694.95,-87.70
695.06,-86.89
695.17,-86.41
695.28,-87.55
695.39,-87.22
695.49,-88.41
695.60,-88.34
695.71,-87.50
695.82,-86.29
695.93,-86.01
696.04,-87.65
696.15,-85.66
696.25,-88.07
696.36,-87.70
696.47,-86.35
696.58,-86.75
696.69,-87.62
696.80,-86.36
696.90,-86.91
697.01,-87.79
697.12,-87.27
697.23,-86.82
697.34,-87.46
697.45,-87.16
697.56,-87.52
697.66,-86.19
697.77,-88.00
697.88,-87.41
697.99,-87.20
698.10,-86.45
698.21,-87.09
698.32,-84.62
698.42,-87.78
698.53,-87.06
698.64,-88.94
698.75,-85.49
698.86,-85.53
698.97,-88.97
699.07,-87.26
699.18,-88.01
699.29,-88.02
699.40,-87.41
699.40,-88.02
699.40,-89.14
699.40,-87.54
699.40,-88.69
699.41,-88.81
699.41,-85.71
699.41,-88.66
699.41,-88.72
699.41,-85.56
699.41,-88.93
699.41,-85.45
699.41,-88.42
699.42,-89.05
699.42,-88.91
699.42,-85.53
699.42,-87.87
699.42,-87.00
699.42,-88.98
699.42,-88.72
699.42,-87.01
699.43,-88.83
699.43,-86.97
699.43,-85.63
699.43,-86.16
699.43,-88.64
699.43,-87.61
699.43,-86.86
699.44,-89.14
699.44,-85.17
699.44,-86.72
699.44,-89.46
699.44,-89.20
699.44,-86.88
699.44,-88.12
699.44,-89.79
699.45,-89.49
699.45,-89.26
699.45,-87.78
699.45,-88.38
699.45,-89.43
699.45,-91.73
699.45,-86.21
699.45,-90.61
699.46,-88.45
699.46,-86.96
699.46,-88.97
699.46,-86.09
699.46,-88.91
699.46,-88.14
699.46,-87.75
699.47,-89.39
699.47,-87.26
699.47,-86.43
699.47,-88.44
699.47,-88.02
699.47,-88.79
699.47,-88.38
699.47,-91.05
699.48,-90.03
699.48,-89.48
699.48,-86.60
699.48,-88.16
699.48,-89.43
699.48,-88.28
699.48,-87.94
699.48,-86.59
699.49,-90.36
699.49,-89.27
699.49,-89.85
699.49,-88.64
699.49,-87.61
699.49,-87.26
699.49,-88.09
699.50,-89.05
699.50,-90.50
699.50,-86.53
699.50,-89.35
699.50,-87.24
699.50,-88.90
699.50,-85.59
699.50,-86.17
699.51,-88.58
699.51,-89.17
699.51,-88.71
699.51,-88.86
699.51,-88.84
699.51,-90.44
699.51,-90.35
699.51,-85.85
699.52,-87.67
699.52,-89.93
699.52,-88.55
699.52,-88.41
699.52,-91.07
699.52,-88.78
699.52,-89.29
699.53,-86.32
699.53,-89.04
699.53,-86.27
699.53,-88.96
699.53,-88.46
699.53,-86.57
699.53,-86.31
699.53,-88.77
699.54,-90.25
699.54,-87.94
699.54,-86.63
699.54,-87.13
699.54,-89.48
699.54,-89.70
699.54,-88.37
699.54,-86.38
699.55,-86.53
699.55,-89.25
699.55,-89.93
699.55,-86.01
699.55,-89.16
699.55,-91.29
699.55,-87.25
699.56,-87.36
699.56,-88.94
699.56,-87.16
699.56,-88.51
699.56,-88.34
699.56,-85.07
699.56,-89.67
699.56,-88.17
699.57,-85.48
699.57,-90.67
699.57,-87.19
699.57,-89.57
699.57,-88.81
699.57,-91.71
699.57,-88.43
699.57,-88.79
699.58,-91.19
699.58,-86.74
699.58,-88.11
699.58,-91.56
699.58,-86.70
699.58,-90.61
699.58,-88.42
699.59,-87.94
699.59,-88.38
699.59,-85.91
699.59,-88.14
699.59,-87.18
699.59,-88.88
699.59,-86.15
699.59,-90.14
699.60,-87.45
699.60,-88.53
699.60,-88.95
699.60,-89.31
699.60,-87.53
699.60,-89.40
699.60,-89.40
699.60,-89.63
699.61,-89.42
699.61,-86.60
699.61,-88.78
699.61,-88.36
699.61,-86.52
699.61,-87.47
699.61,-88.91
699.62,-89.25
699.62,-87.51
699.62,-89.23
699.62,-88.47
699.62,-85.55
699.62,-86.45
699.62,-88.25
699.62,-89.07
699.63,-88.48
699.63,-89.91
699.63,-87.67
699.63,-88.31
699.63,-89.07
699.63,-86.47
699.63,-89.00
699.63,-88.57
699.64,-88.35
699.64,-89.60
699.64,-88.18
699.64,-91.30
699.64,-89.31
699.64,-89.27
699.64,-87.26
699.65,-87.04
699.65,-89.87
699.65,-90.45
699.65,-88.82
699.65,-88.11
699.65,-88.50
699.65,-84.69
699.65,-87.88
699.66,-87.78
699.66,-88.08
699.66,-86.27
699.66,-86.89
699.66,-88.60
699.66,-87.84
699.66,-88.33
699.66,-89.20
699.67,-86.13
699.67,-89.26
699.67,-89.08
699.67,-91.73
699.67,-86.61
699.67,-87.82
699.67,-86.59
699.68,-88.05
699.68,-86.85
699.68,-88.36
699.68,-87.60
699.68,-88.60
699.68,-87.05
699.68,-88.87
699.68,-87.36
699.69,-88.14
699.69,-90.06
699.69,-88.44
699.69,-89.75
699.69,-85.91
699.69,-87.87
699.69,-88.51
699.69,-86.29
699.70,-88.61
699.70,-87.52
699.70,-87.74
699.70,-89.35
699.70,-88.59
699.70,-85.89
699.70,-86.46
699.71,-88.48
699.71,-86.84
699.71,-88.16
699.71,-87.18
699.71,-87.07
699.71,-88.50
699.71,-89.21
699.71,-86.30
699.72,-87.54
699.72,-90.49
699.72,-86.89
699.72,-88.89
699.72,-88.62
699.72,-89.66
699.72,-89.14
699.72,-86.78
699.73,-89.90
699.73,-88.12
699.73,-88.54
699.73,-87.77
699.73,-87.16
699.73,-88.49
699.73,-86.48
699.74,-90.04
699.74,-87.52
699.74,-86.91
699.74,-87.55
699.74,-89.26
699.74,-87.86
699.74,-88.68
699.74,-87.07
699.75,-88.76
699.75,-90.31
699.75,-88.76
699.75,-86.74
699.75,-87.89
699.75,-87.39
699.75,-87.48
699.75,-87.29
699.76,-87.94
699.76,-87.36
699.76,-88.80
699.76,-89.29
699.76,-90.95
699.76,-89.21
699.76,-89.58
699.77,-87.74
699.77,-87.73
699.77,-88.24
699.77,-90.37
699.77,-90.24
699.77,-86.92
699.77,-90.86
699.77,-87.05
699.78,-89.62
699.78,-88.44
699.78,-88.45
699.78,-88.21
699.78,-88.40
699.78,-88.75
699.78,-86.58
699.78,-88.53
699.79,-87.98
699.79,-86.58
699.79,-85.16
699.79,-86.92
699.79,-87.85
699.79,-88.93
699.79,-89.88
699.80,-88.19
699.80,-89.10
699.80,-88.02
699.80,-87.36
699.80,-88.68
699.80,-87.40
699.80,-88.27
699.80,-89.98
699.81,-88.30
699.81,-87.26
699.81,-88.09
699.81,-87.31
699.81,-90.80
699.81,-88.65
699.81,-89.13
699.81,-88.06
699.82,-89.27
699.82,-88.22
699.82,-88.05
699.82,-88.17
699.82,-88.44
699.82,-86.24
699.82,-88.73
699.83,-89.66
699.83,-90.01
699.83,-85.09
699.83,-88.16
699.83,-85.86
699.83,-88.79
699.83,-86.75
699.83,-88.03
699.84,-87.42
699.84,-88.41
699.84,-85.61
699.84,-85.19
699.84,-88.73
699.84,-88.24
699.84,-90.40
699.84,-87.34
699.85,-88.51
699.85,-88.60
699.85,-90.18
699.85,-88.13
699.85,-86.61
699.85,-89.28
699.85,-86.87
699.86,-91.18
699.86,-89.76
699.86,-88.24
699.86,-89.11
699.86,-86.42
699.86,-87.70
699.86,-87.24
699.86,-86.38
699.87,-87.36
699.87,-90.48
699.87,-89.24
699.87,-91.19
699.87,-87.23
699.87,-86.81
699.87,-87.90
699.87,-86.90
699.88,-89.67
699.88,-86.60
699.88,-86.89
699.88,-87.96
699.88,-89.53
699.88,-89.11
699.88,-86.18
699.89,-87.77
699.89,-89.64
699.89,-88.78
699.89,-89.10
699.89,-89.94
699.89,-90.33
699.89,-87.30
699.89,-85.62
699.90,-87.84
699.90,-87.04
699.90,-88.81
699.90,-90.08
699.90,-89.49
699.90,-90.44
699.90,-91.00
699.90,-90.41
699.91,-88.32
699.91,-87.30
699.91,-88.23
699.91,-87.25
699.91,-89.54
699.91,-86.77
699.91,-87.17
699.92,-87.65
699.92,-89.07
699.92,-88.45
699.92,-87.93
699.92,-89.29
699.92,-87.16
699.92,-85.69
699.92,-87.20
699.93,-86.98
699.93,-87.92
699.93,-87.60
699.93,-88.25
699.93,-87.75
699.93,-87.89
699.93,-89.30
699.93,-87.03
699.94,-87.80
699.94,-87.57
699.94,-89.64
699.94,-86.79
699.94,-86.94
699.94,-88.75
699.94,-88.32
699.95,-88.07
699.95,-87.00
699.95,-90.02
699.95,-88.28
699.95,-86.81
699.95,-88.75
699.95,-87.98
699.95,-89.12
699.96,-89.67
699.96,-88.03
699.96,-89.00
699.96,-88.90
699.96,-87.82
699.96,-87.93
699.96,-84.35
699.96,-86.17
699.97,-86.48
699.97,-86.92
699.97,-84.65
699.97,-88.20
699.97,-85.28
699.97,-88.23
699.97,-90.08
699.98,-88.72
699.98,-89.65
699.98,-88.87
699.98,-89.04
699.98,-86.52
699.98,-87.69
699.98,-87.91
699.98,-86.04
699.99,-87.78
699.99,-87.45
699.99,-87.00
699.99,-89.10
699.99,-87.00
699.99,-86.89
699.99,-89.89
699.99,-89.61
700.00,-86.69
700.00,-86.85
700.00,-86.30
700.00,-89.48
700.00,-85.41
700.11,-86.81
700.22,-88.40
700.33,-85.88
700.43,-85.62
700.54,-86.11
700.65,-87.44
700.76,-85.34
700.87,-86.12
700.98,-87.30
701.08,-86.39
701.19,-86.14
701.30,-85.03
701.41,-80.41
701.52,-78.41
701.63,-83.01
701.74,-83.55
701.84,-86.99
701.95,-86.09
702.06,-87.33
702.17,-84.75
702.28,-87.03
702.39,-86.04
702.50,-86.12
702.60,-85.92
702.71,-85.82
702.82,-86.59
702.93,-88.96
703.04,-86.45
703.15,-87.77
703.25,-86.52
703.36,-84.96
703.47,-87.38
703.58,-87.53
703.69,-87.21
703.80,-86.88
703.91,-86.15
704.01,-86.49
704.12,-87.93
704.23,-87.33
704.34,-87.59
704.45,-87.69
704.56,-87.40
704.66,-88.22
704.77,-85.08
704.88,-86.99
704.99,-86.64
705.10,-87.43
705.21,-85.38
705.32,-86.67
705.42,-85.12
705.53,-86.36
705.64,-85.19
705.75,-87.26
705.86,-86.13
705.97,-87.26
706.07,-87.21
706.18,-85.81
706.29,-87.59
706.40,-86.45
706.51,-85.27
706.62,-87.50
706.73,-86.18
706.83,-88.42
706.94,-86.72
707.05,-84.94
707.16,-86.39
707.27,-88.03
707.38,-85.52
707.49,-86.82
707.59,-87.23
707.70,-87.23
707.81,-86.82
707.92,-87.40
708.03,-85.36
708.14,-87.06
708.24,-85.22
708.35,-88.27
708.46,-85.96
708.57,-87.01
708.68,-84.08
708.79,-86.61
708.90,-87.45
709.00,-88.60
709.11,-87.45
709.22,-88.96
709.33,-87.35
709.44,-87.39
709.55,-87.22
709.65,-87.37
709.76,-87.61
709.87,-86.97
709.98,-85.52
710.09,-86.89
710.20,-86.90
710.31,-86.30
710.41,-86.80
710.52,-86.05
710.63,-87.87
710.74,-87.47
710.85,-87.55
710.96,-87.28
711.06,-87.71
711.17,-86.49
711.28,-84.82
711.39,-88.98
711.50,-86.38
711.61,-86.73
711.72,-87.56
711.82,-85.91
711.93,-88.55
712.04,-87.25
712.15,-86.76
712.26,-84.41
712.37,-87.04
712.48,-86.88
712.58,-86.50
712.69,-84.76
712.80,-86.46
712.91,-88.48
713.02,-86.59
713.13,-85.12
713.23,-87.84
713.34,-86.71
713.45,-87.50
713.56,-87.03
713.67,-88.28
713.78,-85.78
713.89,-88.36
713.99,-86.57
714.10,-85.76
714.21,-86.79
714.32,-86.46
714.43,-86.02
714.54,-86.36
714.64,-86.54
714.75,-87.28
714.86,-87.17
714.97,-86.73
715.08,-86.39
715.19,-87.09
715.30,-89.06
715.40,-87.89
715.51,-85.39
715.62,-86.73
715.73,-87.71
715.84,-87.84
715.95,-86.02
716.05,-87.74
716.16,-86.22
716.27,-87.55
716.38,-84.51
716.49,-86.04
716.60,-85.11
716.71,-86.93
716.81,-89.03
716.92,-86.21
717.03,-87.39
717.14,-86.99
717.25,-85.40
717.36,-87.92
717.47,-87.39
717.57,-87.03
717.68,-86.18
717.79,-86.46
717.90,-84.88
718.01,-87.30
718.12,-88.30
718.22,-85.82
718.33,-85.66
718.44,-84.29
718.55,-82.14
718.66,-81.01
718.77,-85.46
718.88,-87.64
718.98,-84.07
719.09,-87.49
719.20,-87.03
719.31,-85.17
719.42,-87.18
719.53,-86.47
719.63,-87.71
719.74,-85.58
719.85,-86.85
719.96,-85.62
720.07,-85.84
720.18,-87.00
720.29,-87.17
720.39,-87.01
720.50,-87.19
720.61,-86.65
720.72,-87.42
720.83,-87.83
720.94,-87.82
721.04,-88.31
721.15,-89.59
721.26,-85.14
721.37,-88.32
721.48,-88.17
721.59,-85.57
721.70,-88.13
721.80,-87.43
721.91,-87.21
722.02,-86.74
722.13,-86.86
722.24,-87.13
722.35,-87.87
722.46,-85.31
722.56,-85.85
722.67,-86.24
722.78,-87.03
722.89,-89.06
723.00,-87.19
723.11,-85.14
723.21,-87.52
723.32,-86.82
723.43,-87.29
723.54,-85.89
723.65,-85.10
723.76,-85.86
723.87,-85.91
723.97,-87.75
724.08,-87.70
724.19,-84.47
724.30,-86.49
724.41,-84.89
724.52,-86.58
724.62,-87.13
724.73,-86.08
724.84,-87.70
724.95,-86.85
725.06,-86.86
725.17,-87.33
725.28,-86.39
725.38,-84.34
725.49,-86.93
725.60,-86.33
725.71,-87.84
725.82,-87.37
725.93,-85.26
726.03,-87.54
726.14,-86.51
726.25,-88.08
726.36,-86.73
726.47,-86.62
726.58,-84.73
726.69,-87.37
726.79,-86.99
726.90,-87.19
727.01,-86.46
727.12,-85.57
727.23,-88.28
727.34,-87.29
727.45,-86.97
727.55,-87.86
727.66,-86.13
727.77,-85.90
727.88,-87.24
727.99,-86.37
728.10,-86.53
728.20,-85.73
728.31,-87.09
728.42,-85.54
728.53,-85.13
728.64,-86.91
728.75,-88.27
728.86,-86.65
728.96,-86.75
729.07,-86.76
729.18,-87.85
729.29,-85.15
729.40,-85.77
729.51,-86.40
729.61,-86.77
729.72,-85.53
729.83,-86.22
729.94,-87.55
730.05,-86.26
730.16,-86.94
730.27,-86.46
730.37,-87.20
730.48,-87.04
730.59,-85.88
730.70,-87.62
730.81,-88.44
730.92,-85.30
731.02,-86.09
731.13,-86.38
731.24,-87.17
731.35,-85.63
731.46,-88.21
731.57,-86.80
731.68,-85.53
731.78,-86.55
731.89,-86.87
732.00,-87.93
732.11,-87.53
732.22,-86.44
732.33,-85.04
732.43,-87.13
732.54,-86.80
732.65,-86.42
732.76,-87.50
732.87,-85.95
732.98,-87.76
733.09,-85.39
733.19,-84.54
733.30,-86.60
733.41,-88.05
733.52,-86.09
733.63,-85.71
733.74,-87.02
733.85,-86.83
733.95,-86.72
734.06,-86.16
734.17,-87.20
734.28,-85.50
734.39,-86.42
734.50,-87.44
734.60,-85.18
734.71,-86.07
734.82,-86.06
734.93,-87.38
735.04,-87.36
735.15,-86.12
735.26,-86.84
735.36,-86.83
735.47,-87.02
735.58,-86.77
735.69,-88.36
735.80,-86.09
735.91,-86.81
736.01,-84.15
736.12,-87.06
736.23,-86.30
736.34,-85.88
736.45,-86.35
736.56,-85.96
736.67,-86.42
736.77,-86.32
736.88,-87.00
736.99,-86.68
737.10,-86.68
737.21,-85.52
737.32,-85.94
737.42,-86.14
737.53,-88.18
737.64,-86.17
737.75,-87.72
737.86,-86.49
737.97,-86.25
738.08,-86.04
738.18,-87.30
738.29,-86.80
738.40,-85.46
738.51,-86.98
738.62,-87.19
738.73,-87.19
738.84,-85.40
738.94,-85.19
739.05,-87.63
739.16,-86.61
739.27,-86.20
739.38,-86.98
739.49,-84.16
739.59,-87.06
739.70,-86.67
739.81,-88.28
739.92,-86.58
740.03,-86.48
740.14,-88.92
740.25,-86.19
740.35,-85.70
740.46,-83.90
740.57,-85.48
740.68,-84.12
740.79,-85.21
740.90,-83.57
741.00,-83.10
741.11,-85.44
741.22,-85.24
741.33,-85.92
741.44,-86.24
741.55,-87.90
741.66,-84.86
741.76,-85.84
741.87,-84.61
741.98,-87.40
742.09,-85.69
742.20,-85.54
742.31,-86.40
742.41,-83.30
742.52,-84.19
742.63,-85.24
742.74,-85.19
742.85,-84.97
742.96,-85.98
743.07,-85.41
743.17,-85.70
743.28,-84.16
743.39,-87.58
743.50,-86.00
743.61,-86.16
743.72,-86.34
743.83,-85.50
743.93,-82.37
744.04,-85.52
744.15,-86.76
744.26,-86.08
744.37,-86.74
744.48,-84.34
744.58,-86.90
744.69,-85.23
744.80,-85.53
744.91,-89.51
745.02,-87.28
745.13,-88.45
745.24,-88.19
745.34,-86.18
745.45,-87.80
745.56,-87.82
745.67,-85.07
745.78,-86.26
745.89,-85.50
745.99,-86.78
746.10,-87.48
746.21,-83.73
746.32,-85.92
746.43,-84.93
746.54,-83.44
746.65,-86.39
746.75,-86.00
746.86,-85.98
746.97,-85.17
747.08,-85.14
747.19,-84.54
747.30,-87.49
747.40,-85.45
747.51,-86.05
747.62,-84.18
747.73,-85.66
747.84,-85.70
747.95,-85.62
748.06,-84.13
748.16,-84.53
748.27,-83.93
748.38,-80.95
748.49,-83.48
748.60,-83.71
748.71,-81.52
748.82,-82.70
748.92,-84.90
749.03,-83.91
749.14,-83.99
749.25,-86.02
749.36,-84.11
749.47,-84.46
749.57,-83.00
749.68,-81.71
749.79,-87.01
749.90,-84.69
749.90,-83.15
750.01,-84.15
750.12,-86.12
750.23,-84.83
750.33,-83.28
750.44,-84.01
750.55,-85.51
750.66,-86.95
750.77,-86.97
750.88,-87.98
750.98,-87.19
751.09,-85.96
751.20,-84.90
751.31,-87.31
751.42,-81.93
751.53,-83.45
751.64,-86.04
751.74,-86.12
751.85,-86.50
751.96,-86.16
752.07,-87.02
752.18,-88.01
752.29,-86.91
752.39,-85.50
752.50,-87.44
752.61,-85.29
752.72,-85.31
752.83,-85.06
752.94,-84.90
753.05,-85.44
753.15,-84.03
753.26,-83.45
753.37,-83.38
753.48,-81.26
753.59,-84.17
753.70,-84.93
753.81,-86.17
753.91,-85.56
754.02,-83.50
754.13,-83.53
754.24,-83.40
754.35,-85.07
754.46,-83.97
754.56,-82.79
754.67,-84.31
754.78,-86.17
754.89,-85.54
755.00,-85.35
755.11,-85.82
755.22,-84.47
755.32,-85.72
755.43,-84.62
755.54,-85.83
755.65,-84.25
755.76,-84.15
755.87,-86.20
755.97,-87.05
756.08,-86.19
756.19,-86.30
756.30,-87.73
756.41,-86.32
756.52,-85.62
756.63,-85.32
756.73,-85.35
756.84,-86.71
756.95,-86.13
757.06,-87.20
757.17,-85.76
757.28,-85.80
757.38,-88.51
757.49,-86.37
757.60,-84.45
757.71,-84.72
757.82,-87.44
757.93,-85.56
758.04,-86.91
758.14,-88.37
758.25,-86.31
758.36,-84.61
758.47,-86.80
758.58,-87.14
758.69,-85.13
758.80,-84.91
758.90,-87.48
759.01,-87.33
759.12,-85.93
759.23,-88.12
759.34,-86.41
759.45,-86.87
759.55,-87.25
759.66,-85.19
759.77,-87.54
759.88,-87.26
759.99,-85.87
760.10,-86.82
760.21,-88.03
760.31,-86.90
760.42,-86.79
760.53,-86.63
760.64,-87.33
760.75,-85.88
760.86,-85.90
760.96,-88.14
761.07,-86.52
761.18,-87.11
761.29,-85.01
761.40,-85.78
761.51,-86.50
761.62,-86.66
761.72,-85.71
761.83,-86.18
761.94,-85.94
762.05,-85.64
762.16,-86.70
762.27,-84.48
762.38,-86.81
762.48,-85.91
762.59,-86.46
762.70,-85.76
762.81,-85.98
762.92,-86.51
763.03,-85.64
763.13,-86.13
763.24,-87.11
763.35,-85.97
763.46,-86.43
763.57,-86.11
763.68,-86.80
763.79,-85.35
763.89,-88.65
764.00,-85.91
764.11,-87.70
764.22,-86.70
764.33,-85.61
764.44,-86.18
764.54,-87.38
764.65,-84.94
764.76,-86.32
764.87,-85.49
764.98,-87.91
765.09,-84.80
765.20,-84.88
765.30,-85.30
765.41,-86.65
765.52,-85.37
765.63,-85.76
765.74,-86.32
765.85,-86.63
765.95,-86.39
766.06,-86.98
766.17,-87.42
766.28,-88.35
766.39,-87.73
766.50,-87.23
766.61,-86.64
766.71,-87.09
766.82,-86.40
766.93,-87.58
767.04,-87.17
767.15,-86.80
767.26,-83.51
767.37,-85.76
767.47,-84.37
767.58,-85.95
767.69,-84.16
767.80,-87.17
767.91,-85.89
768.02,-85.40
768.12,-84.77
768.23,-85.09
768.34,-83.92
768.45,-84.09
768.56,-84.68
768.67,-85.54
768.78,-84.90
768.88,-83.24
768.99,-85.58
769.10,-84.20
769.21,-83.09
769.32,-85.81
769.43,-84.63
769.53,-81.52
769.64,-78.36
769.75,-79.60
769.86,-69.20
769.97,-67.31
770.08,-79.75
770.19,-81.12
770.29,-81.73
770.40,-82.14
770.51,-83.76
770.62,-83.15
770.73,-83.92
770.84,-86.59
770.94,-84.63
771.05,-86.97
771.16,-82.22
771.27,-82.54
771.38,-82.60
771.49,-86.26
771.60,-83.45
771.70,-85.16
771.81,-86.05
771.92,-84.11
772.03,-86.09
772.14,-84.45
772.25,-84.54
772.36,-86.53
772.46,-86.55
772.57,-87.34
772.68,-85.87
772.79,-87.23
772.90,-85.22
773.01,-86.32
773.11,-87.25
773.22,-87.97
773.33,-86.89
773.44,-87.25
773.55,-85.56
773.66,-87.69
773.77,-87.22
773.87,-86.52
773.98,-86.09
774.09,-84.48
774.20,-84.85
774.31,-85.85
774.42,-86.70
774.52,-87.81
774.63,-85.80
774.74,-87.76
774.85,-86.48
774.96,-86.50
775.07,-86.07
775.18,-84.97
775.28,-86.88
775.39,-86.17
775.50,-86.84
775.61,-86.25
775.72,-87.10
775.83,-86.97
775.93,-87.09
776.04,-88.03
776.15,-87.81
776.26,-86.26
776.37,-88.24
776.48,-85.80
776.59,-88.90
776.69,-87.39
776.80,-86.68
776.91,-85.11
777.02,-85.70
777.13,-85.97
777.24,-87.98
777.35,-86.71
777.45,-85.45
777.56,-86.20
777.67,-87.90
777.78,-85.16
777.89,-86.87
778.00,-86.34
778.10,-88.14
778.21,-87.71
778.32,-86.07
778.43,-87.04
778.54,-86.57
778.65,-88.20
778.76,-86.61
778.86,-86.15
778.97,-87.88
779.08,-86.52
779.19,-86.04
779.30,-86.58
779.41,-87.31
779.51,-85.77
779.62,-86.46
779.73,-87.14
779.84,-87.88
779.95,-85.77
780.06,-85.32
780.17,-84.30
780.27,-87.09
780.38,-88.99
780.49,-86.86
780.60,-85.83
780.71,-86.84
780.82,-86.05
780.92,-86.75
781.03,-86.62
781.14,-84.72
781.25,-87.81
781.36,-85.84
781.47,-88.55
781.58,-86.22
781.68,-88.55
781.79,-87.14
781.90,-86.38
782.01,-87.16
782.12,-85.89
782.23,-86.16
782.34,-87.71
782.44,-86.90
782.55,-86.69
782.66,-86.71
782.77,-87.54
782.88,-85.08
782.99,-86.75
783.09,-85.57
783.20,-86.40
783.31,-87.90
783.42,-86.61
783.53,-88.30
783.64,-87.62
783.75,-85.95
783.85,-87.46
783.96,-87.67
784.07,-86.85
784.18,-86.71
784.29,-85.59
784.40,-85.90
784.50,-86.35
784.61,-86.96
784.72,-87.10
784.83,-88.59
784.94,-86.52
785.05,-87.34
785.16,-86.39
785.26,-86.26
785.37,-87.02
785.48,-85.35
785.59,-86.54
785.70,-84.36
785.81,-86.40
785.91,-87.84
786.02,-87.99
786.13,-87.86
786.24,-87.01
786.35,-86.62
786.46,-88.08
786.57,-86.92
786.67,-84.99
786.78,-86.23
786.89,-87.40
787.00,-86.74
787.11,-86.76
787.22,-86.32
787.33,-87.25
787.43,-87.66
787.54,-86.15
787.65,-85.21
787.76,-88.44
787.87,-86.25
787.98,-88.24
788.08,-85.16
788.19,-85.93
788.30,-87.28
788.41,-88.05
788.52,-87.25
788.63,-87.08
788.74,-86.06
788.84,-86.68
788.95,-87.04
789.06,-87.54
789.17,-85.91
789.28,-87.95
789.39,-85.33
789.49,-86.16
789.60,-86.82
789.71,-87.59
789.82,-86.89
789.93,-86.47
790.04,-85.79
790.15,-87.17
790.25,-87.10
790.36,-85.83
790.47,-88.67
790.58,-88.81
790.69,-88.04
790.80,-86.57
790.90,-87.06
791.01,-85.98
791.12,-87.75
791.23,-87.83
791.34,-85.94
791.45,-87.11
791.56,-86.65
791.66,-88.96
791.77,-86.50
791.88,-85.39
791.99,-87.68
792.10,-88.69
792.21,-85.21
792.32,-86.46
792.42,-87.91
792.53,-87.44
792.64,-84.98
792.75,-87.89
792.86,-87.32
792.97,-85.58
793.07,-88.42
793.18,-87.72
793.29,-88.34
793.40,-86.91
793.51,-86.59
793.62,-87.94
793.73,-88.75
793.83,-87.87
793.94,-86.68
794.05,-85.32
794.16,-88.51
794.27,-85.64
794.38,-88.46
794.48,-86.16
794.59,-86.86
794.70,-89.37
794.81,-86.62
794.92,-84.82
795.03,-86.04
795.14,-86.57
795.24,-86.67
795.35,-85.99
795.46,-86.83
795.57,-85.40
795.68,-85.99
795.79,-86.43
795.89,-86.05
796.00,-85.74
796.11,-88.53
796.22,-87.99
796.33,-88.08
796.44,-87.68
796.55,-87.07
796.65,-86.76
796.76,-87.23
796.87,-88.53
796.98,-85.82
797.09,-86.50
797.20,-87.00
797.30,-88.31
797.41,-86.59
797.52,-86.53
797.63,-83.15
797.74,-84.87
797.85,-87.28
797.96,-88.27
798.06,-86.42
798.17,-86.65
798.28,-85.75
798.39,-88.75
798.50,-85.21
798.61,-87.05
798.72,-84.53
798.82,-84.78
798.93,-87.40
799.04,-87.40
799.15,-86.61
799.26,-87.88
799.37,-87.07
799.47,-87.93
799.58,-87.53
799.69,-86.78
799.80,-87.10
799.80,-86.74
799.91,-84.38
800.02,-83.79
800.13,-82.77
800.23,-88.49
800.34,-85.87
800.45,-87.32
800.56,-88.26
800.67,-87.18
800.78,-86.31
800.88,-86.96
800.99,-87.23
801.10,-86.91
801.21,-85.78
801.32,-84.33
801.43,-88.30
801.54,-88.21
801.64,-86.32
801.75,-87.56
801.86,-86.42
801.97,-85.45
802.08,-86.68
802.19,-86.97
802.29,-87.45
802.40,-87.83
802.51,-86.03
802.62,-85.98
802.73,-87.53
802.84,-86.25
802.95,-86.02
803.05,-87.50
803.16,-86.94
803.27,-87.72
803.38,-86.99
803.49,-85.31
803.60,-86.89
803.71,-85.94
803.81,-87.43
803.92,-86.79
804.03,-87.27
804.14,-85.18
804.25,-86.98
804.36,-86.88
804.46,-86.06
804.57,-86.95
804.68,-85.65
804.79,-87.03
804.90,-88.28
805.01,-89.15
805.12,-86.97
805.22,-87.03
805.33,-88.45
805.44,-86.53
805.55,-85.02
805.66,-86.86
805.77,-88.51
805.87,-84.90
805.98,-86.72
806.09,-85.08
806.20,-87.66
806.31,-88.25
806.42,-86.79
806.53,-86.99
806.63,-87.46
806.74,-87.40
806.85,-85.59
806.96,-86.66
807.07,-86.11
807.18,-87.68
807.28,-86.50
807.39,-86.71
807.50,-86.76
807.61,-87.94
807.72,-87.00
807.83,-87.65
807.94,-84.61
808.04,-87.61
808.15,-88.53
808.26,-88.06
808.37,-86.53
808.48,-88.06
808.59,-88.92
808.70,-86.19
808.80,-86.54
808.91,-85.69
809.02,-85.75
809.13,-86.44
809.24,-84.49
809.35,-88.60
809.45,-87.42
809.56,-86.32
809.67,-87.50
809.78,-86.80
809.89,-87.38
810.00,-88.14
810.11,-86.94
810.21,-84.54
810.32,-88.68
810.43,-86.58
810.54,-84.92
810.65,-85.79
810.76,-87.00
810.86,-87.95
810.97,-86.25
811.08,-85.16
811.19,-86.39
811.30,-85.46
811.41,-86.38
811.52,-86.67
811.62,-87.34
811.73,-86.96
811.84,-86.66
811.95,-86.02
812.06,-85.96
812.17,-87.75
812.27,-86.53
812.38,-87.89
812.49,-87.16
812.60,-86.85
812.71,-86.61
812.82,-85.69
812.93,-85.77
813.03,-86.07
813.14,-87.62
813.25,-86.60
813.36,-88.03
813.47,-84.26
813.58,-86.04
813.69,-86.26
813.79,-86.16
813.90,-87.99
814.01,-87.11
814.12,-84.87
814.23,-86.57
814.34,-86.40
814.44,-85.82
814.55,-87.46
814.66,-86.16
814.77,-87.72
814.88,-85.60
814.99,-84.93
815.10,-87.56
815.20,-85.34
815.31,-87.30
815.42,-86.95
815.53,-86.36
815.64,-87.28
815.75,-88.18
815.85,-85.06
815.96,-87.60
816.07,-85.74
816.18,-86.08
816.29,-86.16
816.40,-86.31
816.51,-85.92
816.61,-84.81
816.72,-81.09
816.83,-86.04
816.94,-86.33
817.05,-84.59
817.16,-86.50
817.26,-87.68
817.37,-86.87
817.48,-86.35
817.59,-86.58
817.70,-88.01
817.81,-86.21
817.92,-86.46
818.02,-85.01
818.13,-86.32
818.24,-86.40
818.35,-88.80
818.46,-86.84
818.57,-85.80
818.68,-86.75
818.78,-88.13
818.89,-86.35
819.00,-85.06
819.11,-85.72
819.22,-87.07
819.33,-84.97
819.43,-86.75
819.54,-85.60
819.65,-84.68
819.76,-87.64
819.87,-88.65
819.98,-85.59
820.09,-86.51
820.19,-86.32
820.30,-87.23
820.41,-85.18
820.52,-86.48
820.63,-86.97
820.74,-86.83
820.84,-86.08
820.95,-85.13
821.06,-83.61
821.17,-80.37
821.28,-79.18
821.39,-79.59
821.50,-84.03
821.60,-88.18
821.71,-84.04
821.82,-87.67
821.93,-86.89
822.04,-86.46
822.15,-86.34
822.25,-85.50
822.36,-88.61
822.47,-86.69
822.58,-83.69
822.69,-85.94
822.80,-87.14
822.91,-87.77
823.01,-86.01
823.12,-87.40
823.23,-84.69
823.34,-85.99
823.45,-86.19
823.56,-87.28
823.67,-88.00
823.77,-88.07
823.88,-87.63
823.99,-85.21
824.10,-87.63
824.21,-86.34
824.32,-87.29
824.42,-85.31
824.53,-85.94
824.64,-88.03
824.75,-87.76
824.86,-86.09
824.97,-86.06
825.08,-85.17
825.18,-86.62
825.29,-87.29
825.40,-87.79
825.51,-87.46
825.62,-87.03
825.73,-87.25
825.83,-88.09
825.94,-87.22
826.05,-87.36
826.16,-87.52
826.27,-87.56
826.38,-86.53
826.49,-85.68
826.59,-87.24
826.70,-85.47
826.81,-88.38
826.92,-87.44
827.03,-87.65
827.14,-88.13
827.25,-88.16
827.35,-84.71
827.46,-85.96
827.57,-86.45
827.68,-85.78
827.79,-85.37
827.90,-88.50
828.00,-86.23
828.11,-86.19
828.22,-87.43
828.33,-85.78
828.44,-88.09
828.55,-87.40
828.66,-85.09
828.76,-85.85
828.87,-87.01
828.98,-85.83
829.09,-87.58
829.20,-87.91
829.31,-87.52
829.41,-87.48
829.52,-86.85
829.63,-86.67
829.74,-87.36
829.85,-85.80
829.96,-86.34
830.07,-87.94
830.17,-85.91
830.28,-87.02
830.39,-85.92
830.50,-84.77
830.61,-86.18
830.72,-87.38
830.82,-86.11
830.93,-87.62
831.04,-85.76
831.15,-87.00
831.26,-87.03
831.37,-87.79
831.48,-83.65
831.58,-85.71
831.69,-86.78
831.80,-86.93
831.91,-86.83
832.02,-85.78
832.13,-86.99
832.24,-87.25
832.34,-87.08
832.45,-87.41
832.56,-84.84
832.67,-85.25
832.78,-87.35
832.89,-85.20
832.99,-88.14
833.10,-88.10
833.21,-86.15
833.32,-87.77
833.43,-86.91
833.54,-86.90
833.65,-88.68
833.75,-88.24
833.86,-87.05
833.97,-86.76
834.08,-88.03
834.19,-86.56
834.30,-84.68
834.40,-87.27
834.51,-86.42
834.62,-87.44
834.73,-85.34
834.84,-86.67
834.95,-86.72
835.06,-87.62
835.16,-86.58
835.27,-85.61
835.38,-87.70
835.49,-86.56
835.60,-84.87
835.71,-86.06
835.81,-87.35
835.92,-85.71
836.03,-85.31
836.14,-86.90
836.25,-86.86
836.36,-85.54
836.47,-87.30
836.57,-87.08
836.68,-85.84
836.79,-86.39
836.90,-86.10
837.01,-86.22
837.12,-87.67
837.23,-87.62
837.33,-86.94
837.44,-87.67
837.55,-84.87
837.66,-85.66
837.77,-85.91
837.88,-86.29
837.98,-85.66
838.09,-88.96
838.20,-87.14
838.31,-85.76
838.42,-86.72
838.53,-86.87
838.64,-85.64
838.74,-87.12
838.85,-87.18
838.96,-87.59
839.07,-88.06
839.18,-85.95
839.29,-86.13
839.39,-87.58
839.50,-84.39
839.61,-87.34
839.72,-86.03
839.83,-85.92
839.94,-84.75
840.05,-85.80
840.15,-87.91
840.26,-87.72
840.37,-88.06
840.48,-87.47
840.59,-85.97
840.70,-86.42
840.80,-86.03
840.91,-86.86
841.02,-87.16
841.13,-86.33
841.24,-86.76
841.35,-86.33
841.46,-86.94
841.56,-87.46
841.67,-87.21
841.78,-86.56
841.89,-86.38
842.00,-87.96
842.11,-86.00
842.22,-86.42
842.32,-87.06
842.43,-87.02
842.54,-85.79
842.65,-86.21
842.76,-83.93
842.87,-85.61
842.97,-85.01
843.08,-87.53
843.19,-87.23
843.30,-85.95
843.41,-85.90
843.52,-86.03
843.63,-86.37
843.73,-86.58
843.84,-86.53
843.95,-88.75
844.06,-87.37
844.17,-86.63
844.28,-85.41
844.38,-86.86
844.49,-87.91
844.60,-87.01
844.71,-86.92
844.82,-86.80
844.93,-88.19
845.04,-87.28
845.14,-86.00
845.25,-86.66
845.36,-88.30
845.47,-86.86
845.58,-87.71
845.69,-87.01
845.79,-87.80
845.90,-87.83
846.01,-87.86
846.12,-85.92
846.23,-83.74
846.34,-85.90
846.45,-85.69
846.55,-87.88
846.66,-87.49
846.77,-87.06
846.88,-86.79
846.99,-86.57
847.10,-88.32
847.21,-83.92
847.31,-85.32
847.42,-87.76
847.53,-86.84
847.64,-85.34
847.75,-87.49
847.86,-85.93
847.96,-86.23
848.07,-86.67
848.18,-86.84
848.29,-87.80
848.40,-85.25
848.51,-86.42
848.62,-86.96
848.72,-86.21
848.83,-86.08
848.94,-86.89
849.05,-86.55
849.16,-88.06
849.27,-87.35
849.37,-86.85
849.48,-87.23
849.59,-86.05
849.70,-88.03
849.70,-88.10
849.81,-85.60
849.92,-87.43
850.03,-86.28
850.13,-86.72
850.24,-86.09
850.35,-87.34
850.46,-86.79
850.57,-86.74
850.68,-87.01
850.78,-87.30
850.89,-88.79
851.00,-86.22
851.11,-86.83
851.22,-85.97
851.33,-86.55
851.44,-87.34
851.54,-86.87
851.65,-85.64
851.76,-86.96
851.87,-87.64
851.98,-86.00
852.09,-85.75
852.20,-86.67
852.30,-87.62
852.41,-84.51
852.52,-85.77
852.63,-86.95
852.74,-85.58
852.85,-85.50
852.95,-87.71
853.06,-86.70
853.17,-86.63
853.28,-86.98
853.39,-85.77
853.50,-86.71
853.61,-84.48
853.71,-86.63
853.82,-86.58
853.93,-87.76
854.04,-85.55
854.15,-87.13
854.26,-86.96
854.36,-87.45
854.47,-87.02
854.58,-85.94
854.69,-87.46
854.80,-86.77
854.91,-83.41
855.02,-86.73
855.12,-86.91
855.23,-84.78
855.34,-83.74
855.45,-82.03
855.56,-82.71
855.67,-84.35
855.77,-85.58
855.88,-87.36
855.99,-87.96
856.10,-86.99
856.21,-87.06
856.32,-85.76
856.43,-87.66
856.53,-87.89
856.64,-86.71
856.75,-84.96
856.86,-88.01
856.97,-84.74
857.08,-86.84
857.18,-86.01
857.29,-87.48
857.40,-86.37
857.51,-86.49
857.62,-85.45
857.73,-87.70
857.84,-86.14
857.94,-87.53
858.05,-85.56
858.16,-87.77
858.27,-86.54
858.38,-87.51
858.49,-86.34
858.60,-87.97
858.70,-85.51
858.81,-86.98
858.92,-88.05
859.03,-86.03
859.14,-87.72
859.25,-85.89
859.35,-85.12
859.46,-87.02
859.57,-86.48
859.68,-85.78
859.79,-85.48
859.90,-85.45
860.01,-87.67
860.11,-84.76
860.22,-87.06
860.33,-86.46
860.44,-86.56
860.55,-87.47
860.66,-85.89
860.76,-86.80
860.87,-86.12
860.98,-86.94
861.09,-86.35
861.20,-87.45
861.31,-85.32
861.42,-87.02
861.52,-86.66
861.63,-87.43
861.74,-84.42
861.85,-87.99
861.96,-86.66
862.07,-88.76
862.17,-87.25
862.28,-85.61
862.39,-86.87
862.50,-85.66
862.61,-87.46
862.72,-85.21
862.83,-84.96
862.93,-87.80
863.04,-87.22
863.15,-87.35
863.26,-88.06
863.37,-85.83
863.48,-86.42
863.59,-86.55
863.69,-86.77
863.80,-87.92
863.91,-87.69
864.02,-86.63
864.13,-85.15
864.24,-86.04
864.34,-85.82
864.45,-86.05
864.56,-87.52
864.67,-86.87
864.78,-86.08
864.89,-87.35
865.00,-86.61
865.10,-85.73
865.21,-85.84
865.32,-88.59
865.43,-87.28
865.54,-86.14
865.65,-86.94
865.75,-87.21
865.86,-87.77
865.97,-87.57
866.08,-87.21
866.19,-86.94
866.30,-87.20
866.41,-87.31
866.51,-85.40
866.62,-85.12
866.73,-87.64
866.84,-86.78
866.95,-85.15
867.06,-86.29
867.16,-85.87
867.27,-84.97
867.38,-86.16
867.49,-86.46
867.60,-87.03
867.71,-85.91
867.82,-86.85
867.92,-87.55
868.03,-85.46
868.14,-86.59
868.25,-86.27
868.36,-85.93
868.47,-84.80
868.58,-87.28
868.68,-84.56
868.79,-86.13
868.90,-86.05
869.01,-86.57
869.12,-86.06
869.23,-87.10
869.33,-86.47
869.44,-87.14
869.55,-85.54
869.66,-87.72
869.77,-86.33
869.88,-85.94
869.99,-84.93
870.09,-87.25
870.20,-86.27
870.31,-86.05
870.42,-87.82
870.53,-85.50
870.64,-84.92
870.74,-86.71
870.85,-83.78
870.96,-85.31
871.07,-85.61
871.18,-86.29
871.29,-85.67
871.40,-85.44
871.50,-86.21
871.61,-83.78
871.72,-85.35
871.83,-85.44
871.94,-82.33
872.05,-84.47
872.15,-83.99
872.26,-83.57
872.37,-82.30
872.48,-79.89
872.59,-76.71
872.70,-77.84
872.81,-83.33
872.91,-83.91
873.02,-84.63
873.13,-82.79
873.24,-84.67
873.35,-84.99
873.46,-86.05
873.57,-83.74
873.67,-85.31
873.78,-84.38
873.89,-83.46
874.00,-84.36
874.11,-83.92
874.22,-84.96
874.32,-84.10
874.43,-85.34
874.54,-85.63
874.65,-87.07
874.76,-85.23
874.87,-85.34
874.98,-88.11
875.08,-84.12
875.19,-85.32
875.30,-86.54
875.41,-86.17
875.52,-87.65
875.63,-87.52
875.73,-85.71
875.84,-87.28
875.95,-86.92
876.06,-86.38
876.17,-86.53
876.28,-85.18
876.39,-85.83
876.49,-86.24
876.60,-85.28
876.71,-85.92
876.82,-87.48
876.93,-85.26
877.04,-84.79
877.14,-83.85
877.25,-87.72
877.36,-85.67
877.47,-87.43
877.58,-87.88
877.69,-86.37
877.80,-84.35
877.90,-87.68
878.01,-86.52
878.12,-85.20
878.23,-86.87
878.34,-85.72
878.45,-86.87
878.56,-86.83
878.66,-84.59
878.77,-85.97
878.88,-85.25
878.99,-87.00
879.10,-85.81
879.21,-87.58
879.31,-85.99
879.42,-87.95
879.53,-85.23
879.64,-87.45
879.75,-85.73
879.86,-83.17
879.97,-85.75
880.07,-84.21
880.18,-86.95
880.29,-81.81
880.40,-85.20
880.51,-85.98
880.62,-82.43
880.72,-85.53
880.83,-85.82
880.94,-82.89
881.05,-83.94
881.16,-84.87
881.27,-85.14
881.38,-84.99
881.48,-81.74
881.59,-84.49
881.70,-84.90
881.81,-84.90
881.92,-83.64
882.03,-83.58
882.13,-85.06
882.24,-85.02
882.35,-80.88
882.46,-84.31
882.57,-83.11
882.68,-81.85
882.79,-83.42
882.89,-84.81
883.00,-85.91
883.11,-80.32
883.22,-84.54
883.33,-84.11
883.44,-83.12
883.55,-84.15
883.65,-84.06
883.76,-82.94
883.87,-81.90
883.98,-83.01
884.09,-82.62
884.20,-85.51
884.30,-83.54
884.41,-83.11
884.52,-84.21
884.63,-82.96
884.74,-83.58
884.85,-86.73
884.96,-84.65
885.06,-85.70
885.17,-87.77
885.28,-87.31
885.39,-86.73
885.50,-84.28
885.61,-84.63
885.71,-84.04
885.82,-86.52
885.93,-87.41
886.04,-85.40
886.15,-83.29
886.26,-85.25
886.37,-85.14
886.47,-87.91
886.58,-86.57
886.69,-86.82
886.80,-85.13
886.91,-85.12
887.02,-86.05
887.12,-85.86
887.23,-86.44
887.34,-85.08
887.45,-85.67
887.56,-86.17
887.67,-87.05
887.78,-87.58
887.88,-83.87
887.99,-85.63
888.10,-87.32
888.21,-86.37
888.32,-83.71
888.43,-84.02
888.54,-84.28
888.64,-85.41
888.75,-86.99
888.86,-85.95
888.97,-86.70
889.08,-86.91
889.19,-86.22
889.29,-87.18
889.40,-84.33
889.51,-85.96
889.62,-87.52
889.73,-85.65
889.84,-85.65
889.95,-85.50
890.05,-84.58
890.16,-85.72
890.27,-86.90
890.38,-85.33
890.49,-85.46
890.60,-87.05
890.70,-86.72
890.81,-85.25
890.92,-84.71
891.03,-84.93
891.14,-85.71
891.25,-85.11
891.36,-86.27
891.46,-86.14
891.57,-86.54
891.68,-87.36
891.79,-86.97
891.90,-85.15
892.01,-84.73
892.12,-85.76
892.22,-87.63
892.33,-85.15
892.44,-86.12
892.55,-87.61
892.66,-86.68
892.77,-84.79
892.87,-86.33
892.98,-86.03
893.09,-85.22
893.20,-85.59
893.31,-86.69
893.42,-85.86
893.53,-84.59
893.63,-85.24
893.74,-83.58
893.85,-85.90
893.96,-86.68
894.07,-85.80
894.18,-85.60
894.28,-87.35
894.39,-86.41
894.50,-83.65
894.61,-87.52
894.72,-86.87
894.83,-87.84
894.94,-87.13
895.04,-85.68
895.15,-87.30
895.26,-85.00
895.37,-85.19
895.48,-85.21
895.59,-85.45
895.69,-87.19
895.80,-86.33
895.91,-86.35
896.02,-84.67
896.13,-86.51
896.24,-86.54
896.35,-86.04
896.45,-86.16
896.56,-87.61
896.67,-88.39
896.78,-86.78
896.89,-85.42
897.00,-84.03
897.11,-86.94
897.21,-84.91
897.32,-85.05
897.43,-87.43
897.54,-84.83
897.65,-85.03
897.76,-86.36
897.86,-85.64
897.97,-85.90
898.08,-86.55
898.19,-87.87
898.30,-86.12
898.41,-88.43
898.52,-85.98
898.62,-87.84
898.73,-86.52
898.84,-87.43
898.95,-87.27
899.06,-86.72
899.17,-84.23
899.27,-85.20
899.38,-86.35
899.49,-86.39
899.60,-86.94
899.60,-89.01
899.60,-88.89
899.60,-88.65
899.60,-86.81
899.60,-87.82
899.60,-85.32
899.61,-87.82
899.61,-88.61
899.61,-85.72
899.61,-87.41
899.61,-88.70
899.61,-88.63
899.61,-86.54
899.61,-87.82
899.61,-90.46
899.61,-86.34
899.61,-86.68
899.61,-88.42
899.62,-86.19
899.62,-85.90
899.62,-87.09
899.62,-88.37
899.62,-89.04
899.62,-88.23
899.62,-88.12
899.62,-87.70
899.62,-85.93
899.62,-85.10
899.62,-87.19
899.63,-85.79
899.63,-87.01
899.63,-87.56
899.63,-87.46
899.63,-86.89
899.63,-89.84
899.63,-89.00
899.63,-85.41
899.63,-90.17
899.63,-88.45
899.63,-85.52
899.63,-87.30
899.64,-87.93
899.64,-89.90
899.64,-88.10
899.64,-85.98
899.64,-88.37
899.64,-89.72
899.64,-87.06
899.64,-87.12
899.64,-88.78
899.64,-88.99
899.64,-88.69
899.65,-85.24
899.65,-87.83
899.65,-86.56
899.65,-86.58
899.65,-86.26
899.65,-86.28
899.65,-86.47
899.65,-88.21
899.65,-86.61
899.65,-84.38
899.65,-88.32
899.65,-88.31
899.66,-85.14
899.66,-88.70
899.66,-88.37
899.66,-86.94
899.66,-86.97
899.66,-87.74
899.66,-86.13
899.66,-89.35
899.66,-88.35
899.66,-87.48
899.66,-89.03
899.67,-86.93
899.67,-85.91
899.67,-88.15
899.67,-88.90
899.67,-86.86
899.67,-86.90
899.67,-86.32
899.67,-89.35
899.67,-87.12
899.67,-86.89
899.67,-86.31
899.67,-89.09
899.68,-87.48
899.68,-89.80
899.68,-89.33
899.68,-87.57
899.68,-87.97
899.68,-89.00
899.68,-88.99
899.68,-88.26
899.68,-87.04
899.68,-87.98
899.68,-89.09
899.69,-89.89
899.69,-86.49
899.69,-86.79
899.69,-86.44
899.69,-87.84
899.69,-85.85
899.69,-88.40
899.69,-88.11
899.69,-87.86
899.69,-88.90
899.69,-88.52
899.69,-89.08
899.70,-86.77
899.70,-88.33
899.70,-87.28
899.70,-86.28
899.70,-88.48
899.70,-88.96
899.70,-89.10
899.70,-86.45
899.70,-87.37
899.70,-86.11
899.70,-87.72
899.71,-88.68
899.71,-87.82
899.71,-87.52
899.71,-89.14
899.71,-85.97
899.71,-87.98
899.71,-88.75
899.71,-88.59
899.71,-88.59
899.71,-88.49
899.71,-88.07
899.71,-88.06
899.72,-86.37
899.72,-85.93
899.72,-83.32
899.72,-86.27
899.72,-86.06
899.72,-87.84
899.72,-87.78
899.72,-87.17
899.72,-86.28
899.72,-85.25
899.72,-87.83
899.73,-88.30
899.73,-87.29
899.73,-87.58
899.73,-89.13
899.73,-88.11
899.73,-87.09
899.73,-88.63
899.73,-86.76
899.73,-87.74
899.73,-85.91
899.73,-87.85
899.73,-85.03
899.74,-89.21
899.74,-87.28
899.74,-86.96
899.74,-88.50
899.74,-89.87
899.74,-88.06
899.74,-86.38
899.74,-86.65
899.74,-87.60
899.74,-88.84
899.74,-87.51
899.75,-85.76
899.75,-84.35
899.75,-86.10
899.75,-88.98
899.75,-87.78
899.75,-86.23
899.75,-88.22
899.75,-87.50
899.75,-87.61
899.75,-87.54
899.75,-86.04
899.75,-87.26
899.76,-86.75
899.76,-86.06
899.76,-85.90
899.76,-87.52
899.76,-85.86
899.76,-85.03
899.76,-88.71
899.76,-86.83
899.76,-90.09
899.76,-87.08
899.76,-84.32
899.77,-89.04
899.77,-85.67
899.77,-87.82
899.77,-85.66
899.77,-85.46
899.77,-86.95
899.77,-85.16
899.77,-86.38
899.77,-86.41
899.77,-85.91
899.77,-86.71
899.77,-88.45
899.78,-85.08
899.78,-89.37
899.78,-88.90
899.78,-85.51
899.78,-87.56
899.78,-87.88
899.78,-87.28
899.78,-87.84
899.78,-86.87
899.78,-88.82
899.78,-85.64
899.79,-87.15
899.79,-89.65
899.79,-86.29
899.79,-86.32
899.79,-88.36
899.79,-89.16
899.79,-86.04
899.79,-85.33
899.79,-86.33
899.79,-86.08
899.79,-83.77
899.79,-84.77
899.80,-88.99
899.80,-86.69
899.80,-86.22
899.80,-87.62
899.80,-83.99
899.80,-85.85
899.80,-86.07
899.80,-88.46
899.80,-85.41
899.80,-87.39
899.80,-87.07
899.81,-85.87
899.81,-86.35
899.81,-87.05
899.81,-88.01
899.81,-87.77
899.81,-90.62
899.81,-84.30
899.81,-86.44
899.81,-86.86
899.81,-86.72
899.81,-85.20
899.81,-86.25
899.82,-84.28
899.82,-87.25
899.82,-87.68
899.82,-88.18
899.82,-87.54
899.82,-85.35
899.82,-85.92
899.82,-86.74
899.82,-86.78
899.82,-84.39
899.82,-86.91
899.83,-86.09
899.83,-86.06
899.83,-85.88
899.83,-85.92
899.83,-83.59
899.83,-86.27
899.83,-88.02
899.83,-87.90
899.83,-88.19
899.83,-87.71
899.83,-87.52
899.83,-83.16
899.84,-86.41
899.84,-88.23
899.84,-85.46
899.84,-87.00
899.84,-86.80
899.84,-88.61
899.84,-86.41
899.84,-88.70
899.84,-85.96
899.84,-86.98
899.84,-85.11
899.85,-86.39
899.85,-87.08
899.85,-86.58
899.85,-86.31
899.85,-84.55
899.85,-84.45
899.85,-87.92
899.85,-86.13
899.85,-87.09
899.85,-87.49
899.85,-85.59
899.85,-85.39
899.86,-86.54
899.86,-86.68
899.86,-88.09
899.86,-86.21
899.86,-86.00
899.86,-87.55
899.86,-89.00
899.86,-87.09
899.86,-85.02
899.86,-86.95
899.86,-86.68
899.87,-86.13
899.87,-85.31
899.87,-86.03
899.87,-87.33
899.87,-85.17
899.87,-87.29
899.87,-88.38
899.87,-85.03
899.87,-86.13
899.87,-87.83
899.87,-87.16
899.87,-88.25
899.88,-87.91
899.88,-88.31
899.88,-86.96
899.88,-88.77
899.88,-87.17
899.88,-86.22
899.88,-86.62
899.88,-87.89
899.88,-85.40
899.88,-84.48
899.88,-86.33
899.89,-86.92
899.89,-86.01
899.89,-87.45
899.89,-86.20
899.89,-90.25
899.89,-86.24
899.89,-86.63
899.89,-88.85
899.89,-87.74
899.89,-86.32
899.89,-87.51
899.89,-86.37
899.90,-86.64
899.90,-86.82
899.90,-87.71
899.90,-86.25
899.90,-86.36
899.90,-87.34
899.90,-84.80
899.90,-88.22
899.90,-88.67
899.90,-84.10
899.90,-88.88
899.91,-85.88
899.91,-87.10
899.91,-84.75
899.91,-87.75
899.91,-86.78
899.91,-87.07
899.91,-84.28
899.91,-87.03
899.91,-88.67
899.91,-87.13
899.91,-88.07
899.91,-89.21
899.92,-87.28
899.92,-87.71
899.92,-89.17
899.92,-86.30
899.92,-86.56
899.92,-86.05
899.92,-87.42
899.92,-87.48
899.92,-86.35
899.92,-88.51
899.92,-87.85
899.93,-88.88
899.93,-87.99
899.93,-88.60
899.93,-87.21
899.93,-88.03
899.93,-86.82
899.93,-88.57
899.93,-86.47
899.93,-86.10
899.93,-86.68
899.93,-87.13
899.93,-86.41
899.94,-87.34
899.94,-87.68
899.94,-86.23
899.94,-86.94
899.94,-85.82
899.94,-86.48
899.94,-85.56
899.94,-83.69
899.94,-85.45
899.94,-87.24
899.94,-85.23
899.95,-86.80
899.95,-89.25
899.95,-87.38
899.95,-86.96
899.95,-87.57
899.95,-83.19
899.95,-84.66
899.95,-86.46
899.95,-86.83
899.95,-87.01
899.95,-85.47
899.95,-86.82
899.96,-85.45
899.96,-86.60
899.96,-88.03
899.96,-83.42
899.96,-86.36
899.96,-86.78
899.96,-87.65
899.96,-87.07
899.96,-87.60
899.96,-88.16
899.96,-83.84
899.97,-88.66
899.97,-86.80
899.97,-85.28
899.97,-86.23
899.97,-87.10
899.97,-87.42
899.97,-87.99
899.97,-83.86
899.97,-84.45
899.97,-83.43
899.97,-86.72
899.97,-87.93
899.98,-84.76
899.98,-86.79
899.98,-84.36
899.98,-87.11
899.98,-86.17
899.98,-87.44
899.98,-84.80
899.98,-86.66
899.98,-85.91
899.98,-87.26
899.98,-85.57
899.99,-84.78
899.99,-87.31
899.99,-83.79
899.99,-84.53
899.99,-83.47
899.99,-85.16
899.99,-87.16
899.99,-85.25
899.99,-84.98
899.99,-87.26
899.99,-83.65
899.99,-83.46
900.00,-86.10
900.00,-85.75
900.00,-86.12
900.00,-83.98
900.00,-84.25
900.00,-85.26
900.00,-81.00
900.11,-77.69
900.22,-84.18
900.33,-87.80
900.43,-87.79
900.54,-85.26
900.65,-87.39
900.76,-86.44
900.87,-86.83
900.98,-87.78
901.08,-85.65
901.19,-85.31
901.30,-87.11
901.41,-86.66
901.52,-86.10
901.63,-83.86
901.74,-87.86
901.84,-87.32
901.95,-84.69
902.06,-87.17
902.17,-84.93
902.28,-87.72
902.39,-85.11
902.50,-85.99
902.60,-86.09
902.71,-86.54
902.82,-84.07
902.93,-87.43
903.04,-86.40
903.15,-84.70
903.25,-85.28
903.36,-88.27
903.47,-85.44
903.58,-85.35
903.69,-84.90
903.80,-83.17
903.91,-85.14
904.01,-81.58
904.12,-82.88
904.23,-83.69
904.34,-84.12
904.45,-87.31
904.56,-85.84
904.66,-86.30
904.77,-86.91
904.88,-87.42
904.99,-86.74
905.10,-87.46
905.21,-87.42
905.32,-85.85
905.42,-86.37
905.53,-86.92
905.64,-86.27
905.75,-87.37
905.86,-86.36
905.97,-86.48
906.07,-86.22
906.18,-88.21
906.29,-86.66
906.40,-85.82
906.51,-86.40
906.62,-87.22
906.73,-87.11
906.83,-86.74
906.94,-84.37
907.05,-85.73
907.16,-83.99
907.27,-85.87
907.38,-84.66
907.49,-86.23
907.59,-87.72
907.70,-87.30
907.81,-85.15
907.92,-85.97
908.03,-85.51
908.14,-86.75
908.24,-86.10
908.35,-86.25
908.46,-86.94
908.57,-84.50
908.68,-84.26
908.79,-84.69
908.90,-86.65
909.00,-86.41
909.11,-84.64
909.22,-85.88
909.33,-87.21
909.44,-86.52
909.55,-85.84
909.65,-87.65
909.76,-86.75
909.87,-85.09
909.98,-87.13
910.09,-86.68
910.20,-86.59
910.31,-87.74
910.41,-86.12
910.52,-85.82
910.63,-84.12
910.74,-87.36
910.85,-85.97
910.96,-86.98
911.06,-85.04
911.17,-85.91
911.28,-87.14
911.39,-85.40
911.50,-87.11
911.61,-86.39
911.72,-87.90
911.82,-86.61
911.93,-86.31
912.04,-86.73
912.15,-85.65
912.26,-85.54
912.37,-86.00
912.48,-88.11
912.58,-87.33
912.69,-86.01
912.80,-86.11
912.91,-87.98
913.02,-85.60
913.13,-88.04
913.23,-86.85
913.34,-85.46
913.45,-87.66
913.56,-86.63
913.67,-85.78
913.78,-85.71
913.89,-85.86
913.99,-86.95
914.10,-87.54
914.21,-86.09
914.32,-83.66
914.43,-85.06
914.54,-86.21
914.64,-88.02
914.75,-87.33
914.86,-87.96
914.97,-87.81
915.08,-85.74
915.19,-88.37
915.30,-87.14
915.40,-84.68
915.51,-87.40
915.62,-82.69
915.73,-85.66
915.84,-86.62
915.95,-86.05
916.05,-86.84
916.16,-85.72
916.27,-88.56
916.38,-86.68
916.49,-86.41
916.60,-87.57
916.71,-86.65
916.81,-85.97
916.92,-83.26
917.03,-84.43
917.14,-85.03
917.25,-85.50
917.36,-86.31
917.47,-87.17
917.57,-86.88
917.68,-86.52
917.79,-85.06
917.90,-86.21
918.01,-85.76
918.12,-86.30
918.22,-85.14
918.33,-86.70
918.44,-83.60
918.55,-86.36
918.66,-86.69
918.77,-86.12
918.88,-85.87
918.98,-86.66
919.09,-86.44
919.20,-87.11
919.31,-87.35
919.42,-87.07
919.53,-87.71
919.63,-85.51
919.74,-87.29
919.85,-85.94
919.96,-85.33
920.07,-84.80
920.18,-85.59
920.29,-87.59
920.39,-87.05
920.50,-86.83
920.61,-85.87
920.72,-86.66
920.83,-88.16
920.94,-87.53
921.04,-87.81
921.15,-85.04
921.26,-86.30
921.37,-86.65
921.48,-86.66
921.59,-87.11
921.70,-86.85
921.80,-86.45
921.91,-85.24
922.02,-85.67
922.13,-85.33
922.24,-84.92
922.35,-87.41
922.46,-86.60
922.56,-86.34
922.67,-85.15
922.78,-85.21
922.89,-86.23
923.00,-84.36
923.11,-85.46
923.21,-85.72
923.32,-83.38
923.43,-82.02
923.54,-82.98
923.65,-80.89
923.76,-81.93
923.87,-79.74
923.97,-76.15
924.08,-78.62
924.19,-83.44
924.30,-83.86
924.41,-84.89
924.52,-85.48
924.62,-84.30
924.73,-86.06
924.84,-84.81
924.95,-87.13
925.06,-83.66
925.17,-82.10
925.28,-86.14
925.38,-83.67
925.49,-86.94
925.60,-86.31
925.71,-85.65
925.82,-86.88
925.93,-87.94
926.03,-87.55
926.14,-86.14
926.25,-86.82
926.36,-87.69
926.47,-85.78
926.58,-87.15
926.69,-87.04
926.79,-85.97
926.90,-87.03
927.01,-85.54
927.12,-87.39
927.23,-87.17
927.34,-85.68
927.45,-87.85
927.55,-87.20
927.66,-87.89
927.77,-86.39
927.88,-87.55
927.99,-85.81
928.10,-87.41
928.20,-86.14
928.31,-85.62
928.42,-86.56
928.53,-87.06
928.64,-85.58
928.75,-86.78
928.86,-87.61
928.96,-86.49
929.07,-86.98
929.18,-86.13
929.29,-87.20
929.40,-87.46
929.51,-87.23
929.61,-86.35
929.72,-86.72
929.83,-85.13
929.94,-86.45
930.05,-86.68
930.16,-87.05
930.27,-88.23
930.37,-86.37
930.48,-85.74
930.59,-86.80
930.70,-86.25
930.81,-87.81
930.92,-86.46
931.02,-85.88
931.13,-87.66
931.24,-86.04
931.35,-87.83
931.46,-86.24
931.57,-86.05
931.68,-85.64
931.78,-87.80
931.89,-87.75
932.00,-87.50
932.11,-85.42
932.22,-86.22
932.33,-87.22
932.43,-87.23
932.54,-87.41
932.65,-87.36
932.76,-86.21
932.87,-85.00
932.98,-86.61
933.09,-88.52
933.19,-86.34
933.30,-87.39
933.41,-87.67
933.52,-86.82
933.63,-87.23
933.74,-86.50
933.85,-87.57
933.95,-86.05
934.06,-86.65
934.17,-87.75
934.28,-87.25
934.39,-85.58
934.50,-87.64
934.60,-85.73
934.71,-88.49
934.82,-86.93
934.93,-86.26
935.04,-85.45
935.15,-86.51
935.26,-86.65
935.36,-85.81
935.47,-87.30
935.58,-85.24
935.69,-86.39
935.80,-84.99
935.91,-87.01
936.01,-85.22
936.12,-87.59
936.23,-86.03
936.34,-86.33
936.45,-85.84
936.56,-87.01
936.67,-86.20
936.77,-85.22
936.88,-87.61
936.99,-86.65
937.10,-87.77
937.21,-87.16
937.32,-86.46
937.42,-86.25
937.53,-85.77
937.64,-83.38
937.75,-86.10
937.86,-85.02
937.97,-86.86
938.08,-86.20
938.18,-87.53
938.29,-87.67
938.40,-87.60
938.51,-85.98
938.62,-88.18
938.73,-86.10
938.84,-86.49
938.94,-87.45
939.05,-87.14
939.16,-85.58
939.27,-86.68
939.38,-88.49
939.49,-87.71
939.59,-86.46
939.70,-87.53
939.81,-88.33
939.92,-87.92
940.03,-86.08
940.14,-86.54
940.25,-87.23
940.35,-85.28
940.46,-88.10
940.57,-85.48
940.68,-85.86
940.79,-87.26
940.90,-86.04
941.00,-87.22
941.11,-86.14
941.22,-86.58
941.33,-87.10
941.44,-87.51
941.55,-88.15
941.66,-86.77
941.76,-87.97
941.87,-88.04
941.98,-86.53
942.09,-86.91
942.20,-86.65
942.31,-87.23
942.41,-86.59
942.52,-84.84
942.63,-87.63
942.74,-86.99
942.85,-86.23
942.96,-85.37
943.07,-86.57
943.17,-86.88
943.28,-85.55
943.39,-86.03
943.50,-85.11
943.61,-87.33
943.72,-85.65
943.83,-85.97
943.93,-86.93
944.04,-87.36
944.15,-85.27
944.26,-86.21
944.37,-86.42
944.48,-87.29
944.58,-85.51
944.69,-85.57
944.80,-87.02
944.91,-86.83
945.02,-87.43
945.13,-86.96
945.24,-87.17
945.34,-86.67
945.45,-87.77
945.56,-89.06
945.67,-86.88
945.78,-87.42
945.89,-86.32
945.99,-86.97
946.10,-86.72
946.21,-87.53
946.32,-87.74
946.43,-87.36
946.54,-87.10
946.65,-85.02
946.75,-87.27
946.86,-86.21
946.97,-85.61
947.08,-87.95
947.19,-87.00
947.30,-86.89
947.40,-86.30
947.51,-86.01
947.62,-86.82
947.73,-86.12
947.84,-84.51
947.95,-88.07
948.06,-87.18
948.16,-85.74
948.27,-85.46
948.38,-86.86
948.49,-86.45
948.60,-86.61
948.71,-86.29
948.82,-86.48
948.92,-88.16
949.03,-86.64
949.14,-87.71
949.25,-87.98
949.36,-88.50
949.47,-86.91
949.57,-85.24
949.68,-87.31
949.79,-86.22
949.90,-87.06
949.90,-87.78
950.01,-87.26
950.12,-87.00
950.23,-87.90
950.33,-86.14
950.44,-85.76
950.55,-85.55
950.66,-87.99
950.77,-86.55
950.88,-87.26
950.98,-85.10
951.09,-86.90
951.20,-88.07
951.31,-85.43
951.42,-85.81
951.53,-84.76
951.64,-86.78
951.74,-86.45
951.85,-86.02
951.96,-87.23
952.07,-87.72
952.18,-86.35
952.29,-87.40
952.39,-87.00
952.50,-87.66
952.61,-87.93
952.72,-86.75
952.83,-86.81
952.94,-85.43
953.05,-87.50
953.15,-85.85
953.26,-86.52
953.37,-86.37
953.48,-86.95
953.59,-86.10
953.70,-87.40
953.81,-87.89
953.91,-87.05
954.02,-85.69
954.13,-86.47
954.24,-86.56
954.35,-87.50
954.46,-86.76
954.56,-85.44
954.67,-89.46
954.78,-86.62
954.89,-87.74
955.00,-84.89
955.11,-85.91
955.22,-87.33
955.32,-87.76
955.43,-85.66
955.54,-83.85
955.65,-86.73
955.76,-86.13
955.87,-85.59
955.97,-87.53
956.08,-85.80
956.19,-88.24
956.30,-87.86
956.41,-87.29
956.52,-88.72
956.63,-85.66
956.73,-86.09
956.84,-87.30
956.95,-87.36
957.06,-86.44
957.17,-86.62
957.28,-86.68
957.38,-87.14
957.49,-86.47
957.60,-87.75
957.71,-88.55
957.82,-86.89
957.93,-87.83
958.04,-88.75
958.14,-87.08
958.25,-87.89
958.36,-88.85
958.47,-86.42
958.58,-86.55
958.69,-87.40
958.80,-86.21
958.90,-85.88
959.01,-87.94
959.12,-88.63
959.23,-88.75
959.34,-85.92
959.45,-87.81
959.55,-85.23
959.66,-85.12
959.77,-87.37
959.88,-86.00
959.99,-85.97
960.10,-86.37
960.21,-87.72
960.31,-86.91
960.42,-86.51
960.53,-86.53
960.64,-84.22
960.75,-86.03
960.86,-88.35
960.96,-85.37
961.07,-87.69
961.18,-86.89
961.29,-85.98
961.40,-88.45
961.51,-87.87
961.62,-84.70
961.72,-86.54
961.83,-85.63
961.94,-87.60
962.05,-87.17
962.16,-87.32
962.27,-85.88
962.38,-87.01
962.48,-87.01
962.59,-87.70
962.70,-87.76
962.81,-85.61
962.92,-87.36
963.03,-87.21
963.13,-86.02
963.24,-87.49
963.35,-87.16
963.46,-86.63
963.57,-86.54
963.68,-88.13
963.79,-85.74
963.89,-88.15
964.00,-85.92
964.11,-87.44
964.22,-84.88
964.33,-86.30
964.44,-85.51
964.54,-86.99
964.65,-87.24
964.76,-85.21
964.87,-87.23
964.98,-85.04
965.09,-83.77
965.20,-83.96
965.30,-87.29
965.41,-87.05
965.52,-87.19
965.63,-84.85
965.74,-84.89
965.85,-87.38
965.95,-85.65
966.06,-87.49
966.17,-88.57
966.28,-86.66
966.39,-88.32
966.50,-87.02
966.61,-84.63
966.71,-87.63
966.82,-86.38
966.93,-87.69
967.04,-87.18
967.15,-87.59
967.26,-85.51
967.37,-87.67
967.47,-86.36
967.58,-87.55
967.69,-86.63
967.80,-85.77
967.91,-86.68
968.02,-87.14
968.12,-86.19
968.23,-86.24
968.34,-88.20
968.45,-86.63
968.56,-88.36
968.67,-86.45
968.78,-86.65
968.88,-86.84
968.99,-88.17
969.10,-86.54
969.21,-87.20
969.32,-86.84
969.43,-87.15
969.53,-85.58
969.64,-87.56
969.75,-84.33
969.86,-85.87
969.97,-86.60
970.08,-86.20
970.19,-85.61
970.29,-87.01
970.40,-86.87
970.51,-86.32
970.62,-87.05
970.73,-87.50
970.84,-88.56
970.94,-83.75
971.05,-87.15
971.16,-84.72
971.27,-84.78
971.38,-87.41
971.49,-86.23
971.60,-85.96
971.70,-85.87
971.81,-85.69
971.92,-87.60
972.03,-87.31
972.14,-87.05
972.25,-86.89
972.36,-88.61
972.46,-84.64
972.57,-85.78
972.68,-85.04
972.79,-87.98
972.90,-87.51
973.01,-87.15
973.11,-86.64
973.22,-85.71
973.33,-86.43
973.44,-87.01
973.55,-86.84
973.66,-87.86
973.77,-88.39
973.87,-86.75
973.98,-86.23
974.09,-88.45
974.20,-86.39
974.31,-86.72
974.42,-85.88
974.52,-86.95
974.63,-86.31
974.74,-88.04
974.85,-88.06
974.96,-86.94
975.07,-85.83
975.18,-82.78
975.28,-80.79
975.39,-84.74
975.50,-85.62
975.61,-86.48
975.72,-88.00
975.83,-87.80
975.93,-86.45
976.04,-86.72
976.15,-85.53
976.26,-86.94
976.37,-87.70
976.48,-84.83
976.59,-85.52
976.69,-86.23
976.80,-87.65
976.91,-86.00
977.02,-85.09
977.13,-87.43
977.24,-87.73
977.35,-84.86
977.45,-88.59
977.56,-87.90
977.67,-84.60
977.78,-86.09
977.89,-86.86
978.00,-86.91
978.10,-85.90
978.21,-85.31
978.32,-86.30
978.43,-87.67
978.54,-86.87
978.65,-88.07
978.76,-85.34
978.86,-87.28
978.97,-86.42
979.08,-86.95
979.19,-88.74
979.30,-87.28
979.41,-85.91
979.51,-86.30
979.62,-87.27
979.73,-88.02
979.84,-86.91
979.95,-88.63
980.06,-88.14
980.17,-86.97
980.27,-87.13
980.38,-88.53
980.49,-88.21
980.60,-87.74
980.71,-88.26
980.82,-87.60
980.92,-88.33
981.03,-86.43
981.14,-88.88
981.25,-88.29
981.36,-87.16
981.47,-85.42
981.58,-86.77
981.68,-86.62
981.79,-85.80
981.90,-86.92
982.01,-87.50
982.12,-88.81
982.23,-86.35
982.34,-84.79
982.44,-86.71
982.55,-85.06
982.66,-86.33
982.77,-87.39
982.88,-87.64
982.99,-87.38
983.09,-87.18
983.20,-88.02
983.31,-87.74
983.42,-86.81
983.53,-87.62
983.64,-87.41
983.75,-87.32
983.85,-87.15
983.96,-86.60
984.07,-87.02
984.18,-85.00
984.29,-86.40
984.40,-85.89
984.50,-87.35
984.61,-85.73
984.72,-85.57
984.83,-85.49
984.94,-87.33
985.05,-84.91
985.16,-87.07
985.26,-87.33
985.37,-85.22
985.48,-88.78
985.59,-83.21
985.70,-88.18
985.81,-87.49
985.91,-86.31
986.02,-88.57
986.13,-86.29
986.24,-88.18
986.35,-87.22
986.46,-86.74
986.57,-88.46
986.67,-85.00
986.78,-86.86
986.89,-87.54
987.00,-86.64
987.11,-84.66
987.22,-86.17
987.33,-86.45
987.43,-87.17
987.54,-86.33
987.65,-88.09
987.76,-87.83
987.87,-88.39
987.98,-88.00
988.08,-87.79
988.19,-88.72
988.30,-86.73
988.41,-87.51
988.52,-87.63
988.63,-86.81
988.74,-87.56
988.84,-87.54
988.95,-86.17
989.06,-87.57
989.17,-89.63
989.28,-86.07
989.39,-85.59
989.49,-87.27
989.60,-85.58
989.71,-89.03
989.82,-86.97
989.93,-86.23
990.04,-86.46
990.15,-86.81
990.25,-86.69
990.36,-87.13
990.47,-86.81
990.58,-85.51
990.69,-87.10
990.80,-86.12
990.90,-82.79
991.01,-86.49
991.12,-87.76
991.23,-87.75
991.34,-87.32
991.45,-85.28
991.56,-87.53
991.66,-87.70
991.77,-86.74
991.88,-86.13
991.99,-87.03
992.10,-86.17
992.21,-85.80
992.32,-79.21
992.42,-79.26
992.53,-85.86
992.64,-85.22
992.75,-85.92
992.86,-86.13
992.97,-85.44
993.07,-86.25
993.18,-85.23
993.29,-86.50
993.40,-86.24
993.51,-86.99
993.62,-88.06
993.73,-86.88
993.83,-87.81
993.94,-88.13
994.05,-87.68
994.16,-86.42
994.27,-87.61
994.38,-86.20
994.48,-87.64
994.59,-87.52
994.70,-86.90
994.81,-88.19
994.92,-86.78
995.03,-87.23
995.14,-86.65
995.24,-88.23
995.35,-87.26
995.46,-87.57
995.57,-87.32
995.68,-85.35
995.79,-86.87
995.89,-87.56
996.00,-85.40
996.11,-87.40
996.22,-86.36
996.33,-86.67
996.44,-85.37
996.55,-86.80
996.65,-85.48
996.76,-87.38
996.87,-85.95
996.98,-87.52
997.09,-86.86
997.20,-85.24
997.30,-86.26
997.41,-86.46
997.52,-88.14
997.63,-87.92
997.74,-86.11
997.85,-88.30
997.96,-84.38
998.06,-87.16
998.17,-87.68
998.28,-87.69
998.39,-86.96
998.50,-87.47
998.61,-86.01
998.72,-87.09
998.82,-87.41
998.93,-87.10
999.04,-86.06
999.15,-86.43
999.26,-87.65
999.37,-87.50
999.47,-87.89
999.58,-85.03
999.69,-85.24
999.80,-86.69
999.80,-98.84
999.91,-97.00
1000.02,-89.10
1000.13,-86.49
1000.23,-90.74
1000.34,-100.37
1000.45,-99.85
1000.56,-102.09
1000.67,-101.59
1000.78,-103.42
1000.88,-105.29
1000.99,-103.44
1001.10,-101.88
1001.21,-99.32
1001.32,-101.48
1001.43,-102.63
1001.54,-101.12
1001.64,-102.14
1001.75,-103.29
1001.86,-100.14
1001.97,-99.20
1002.08,-99.47
1002.19,-100.62
1002.29,-103.99
1002.40,-98.81
1002.51,-99.75
1002.62,-100.95
1002.73,-102.07
1002.84,-101.01
1002.95,-98.59
1003.05,-100.34
1003.16,-99.68
1003.27,-98.16
1003.38,-98.68
1003.49,-99.03
1003.60,-97.66
1003.71,-95.90
1003.81,-92.31
1003.92,-92.94
1004.03,-93.69
1004.14,-94.00
1004.25,-96.59
1004.36,-96.65
1004.46,-97.92
1004.57,-98.61
1004.68,-98.90
1004.79,-101.48
1004.90,-95.12
1005.01,-98.99
1005.12,-95.71
1005.22,-98.48
1005.33,-100.37
1005.44,-101.83
1005.55,-101.47
1005.66,-99.14
1005.77,-99.05
1005.87,-101.15
1005.98,-99.04
1006.09,-101.37
1006.20,-98.20
1006.31,-104.36
1006.42,-101.68
1006.53,-102.05
1006.63,-100.48
1006.74,-99.86
1006.85,-101.73
1006.96,-106.10
1007.07,-101.88
1007.18,-99.10
1007.28,-98.95
1007.39,-101.24
1007.50,-100.19
1007.61,-96.63
1007.72,-103.02
1007.83,-99.15
1007.94,-100.15
1008.04,-96.82
1008.15,-102.00
1008.26,-98.15
1008.37,-98.81
1008.48,-99.44
1008.59,-99.35
1008.70,-96.71
1008.80,-97.64
1008.91,-97.80
1009.02,-98.07
1009.13,-92.22
1009.24,-90.14
1009.35,-85.18
1009.45,-83.64
1009.56,-83.27
1009.67,-89.99
1009.78,-92.55
1009.89,-97.89
1010.00,-94.59
1010.11,-95.78
1010.21,-97.02
1010.32,-101.73
1010.43,-100.90
1010.54,-96.75
1010.65,-101.55
1010.76,-97.26
1010.86,-101.94
1010.97,-101.71
1011.08,-99.93
1011.19,-99.91
1011.30,-99.16
1011.41,-99.41
1011.52,-98.20
1011.62,-96.71
1011.73,-100.28
1011.84,-95.91
1011.95,-96.22
1012.06,-96.43
1012.17,-98.07
1012.27,-96.67
1012.38,-98.31
1012.49,-97.34
1012.60,-103.55
1012.71,-99.67
1012.82,-100.86
1012.93,-96.24
1013.03,-102.50
1013.14,-101.19
1013.25,-101.03
1013.36,-99.63
1013.47,-98.61
1013.58,-101.02
1013.69,-100.58
1013.79,-99.64
1013.90,-97.48
1014.01,-100.95
1014.12,-101.61
1014.23,-100.77
1014.34,-101.14
1014.44,-98.82
1014.55,-99.26
1014.66,-98.09
1014.77,-95.44
1014.88,-100.61
1014.99,-99.64
1015.10,-102.09
1015.20,-99.96
1015.31,-98.34
1015.42,-101.11
1015.53,-100.71
1015.64,-100.24
1015.75,-99.56
1015.85,-100.97
1015.96,-100.46
1016.07,-95.94
1016.18,-84.31
1016.29,-94.28
1016.40,-96.27
1016.51,-99.39
1016.61,-99.40
1016.72,-99.64
1016.83,-94.28
1016.94,-100.00
1017.05,-94.60
1017.16,-95.77
1017.26,-98.98
1017.37,-99.01
1017.48,-98.01
1017.59,-98.64
1017.70,-97.96
1017.81,-96.13
1017.92,-98.01
1018.02,-97.37
1018.13,-97.60
1018.24,-97.15
1018.35,-99.73
1018.46,-98.98
1018.57,-98.62
1018.68,-97.57
1018.78,-101.06
1018.89,-99.67
1019.00,-93.38
1019.11,-101.56
1019.22,-98.40
1019.33,-100.82
1019.43,-102.49
1019.54,-101.18
1019.65,-101.00
1019.76,-100.61
1019.87,-98.77
1019.98,-98.03
1020.09,-100.84
1020.19,-101.80
1020.30,-101.49
1020.41,-100.47
1020.52,-100.30
1020.63,-100.89
1020.74,-102.98
1020.84,-101.37
1020.95,-102.00
1021.06,-101.68
1021.17,-101.63
1021.28,-98.76
1021.39,-93.59
1021.50,-100.15
1021.60,-95.48
1021.71,-99.66
1021.82,-99.87
1021.93,-102.68
1022.04,-99.91
1022.15,-100.13
1022.25,-102.00
1022.36,-102.36
1022.47,-99.24
1022.58,-97.98
1022.69,-102.05
1022.80,-101.67
1022.91,-96.52
1023.01,-99.52
1023.12,-99.04
1023.23,-102.50
1023.34,-100.38
1023.45,-101.65
1023.56,-98.55
1023.67,-99.07
1023.77,-100.59
1023.88,-100.18
1023.99,-99.13
1024.10,-99.05
1024.21,-101.73
1024.32,-102.06
1024.42,-96.72
1024.53,-102.04
1024.64,-99.08
1024.75,-101.13
1024.86,-99.74
1024.97,-100.36
1025.08,-96.39
1025.18,-97.20
1025.29,-97.84
1025.40,-97.44
1025.51,-99.49
1025.62,-99.05
1025.73,-97.94
1025.83,-98.05
1025.94,-98.93
1026.05,-93.97
1026.16,-94.52
1026.27,-90.27
1026.38,-91.58
1026.49,-81.23
1026.59,-81.29
1026.70,-83.45
1026.81,-91.20
1026.92,-95.31
1027.03,-94.38
1027.14,-97.95
1027.24,-93.69
1027.35,-98.38
1027.46,-97.20
1027.57,-98.13
1027.68,-100.73
1027.79,-101.47
1027.90,-100.13
1028.00,-99.76
1028.11,-98.94
1028.22,-100.45
1028.33,-99.08
1028.44,-100.00
1028.55,-100.00
1028.66,-100.89
1028.76,-101.36
1028.87,-99.97
1028.98,-103.33
1029.09,-103.08
1029.20,-101.20
1029.31,-101.02
1029.41,-104.56
1029.52,-100.73
1029.63,-100.96
1029.74,-103.22
1029.85,-100.47
1029.96,-104.60
1030.07,-100.80
1030.17,-99.87
1030.28,-97.71
1030.39,-97.56
1030.50,-101.38
1030.61,-103.69
1030.72,-101.99
1030.82,-101.12
1030.93,-102.14
1031.04,-103.25
1031.15,-103.20
1031.26,-100.78
1031.37,-101.60
1031.48,-98.79
1031.58,-100.55
1031.69,-98.97
1031.80,-100.05
1031.91,-101.32
1032.02,-101.50
1032.13,-102.69
1032.23,-101.13
1032.34,-102.01
1032.45,-100.36
1032.56,-104.58
1032.67,-99.57
1032.78,-100.88
1032.89,-99.54
1032.99,-99.71
1033.10,-102.40
1033.21,-102.62
1033.32,-101.97
1033.43,-100.94
1033.54,-100.26
1033.65,-104.68
1033.75,-103.19
1033.86,-100.28
1033.97,-97.74
1034.08,-100.84
1034.19,-99.83
1034.30,-99.49
1034.40,-99.04
1034.51,-100.21
1034.62,-102.23
1034.73,-105.88
1034.84,-100.98
1034.95,-102.91
1035.06,-104.23
1035.16,-102.84
1035.27,-103.95
1035.38,-102.44
1035.49,-104.07
1035.60,-100.85
1035.71,-102.33
1035.81,-101.23
1035.92,-99.77
1036.03,-104.38
1036.14,-103.72
1036.25,-102.26
1036.36,-100.82
1036.47,-99.90
1036.57,-102.12
1036.68,-101.87
1036.79,-100.42
1036.90,-99.55
1037.01,-100.78
1037.12,-99.32
1037.22,-102.52
1037.33,-101.33
1037.44,-101.25
1037.55,-100.80
1037.66,-100.62
1037.77,-101.20
1037.88,-101.43
1037.98,-103.08
1038.09,-99.63
1038.20,-102.84
1038.31,-103.45
1038.42,-101.59
1038.53,-101.11
1038.64,-101.91
1038.74,-101.63
1038.85,-101.62
1038.96,-101.46
1039.07,-103.36
1039.18,-103.13
1039.29,-101.22
1039.39,-99.48
1039.50,-99.53
1039.61,-102.83
1039.72,-103.09
1039.83,-101.87
1039.94,-100.15
1040.05,-100.34
1040.15,-102.47
1040.26,-101.35
1040.37,-104.03
1040.48,-105.53
1040.59,-99.75
1040.70,-103.41
1040.80,-106.90
1040.91,-104.94
1041.02,-103.04
1041.13,-102.86
1041.24,-102.47
1041.35,-100.53
1041.46,-101.00
1041.56,-101.08
1041.67,-99.67
1041.78,-103.05
1041.89,-103.31
1042.00,-104.62
1042.11,-103.26
1042.21,-99.56
1042.32,-101.78
1042.43,-100.16
1042.54,-101.43
1042.65,-101.42
1042.76,-103.09
1042.87,-102.98
1042.97,-101.80
1043.08,-101.93
1043.19,-100.88
1043.30,-102.51
1043.41,-101.56
1043.52,-103.12
1043.63,-102.56
1043.73,-100.29
1043.84,-103.60
1043.95,-105.57
1044.06,-102.94
1044.17,-99.50
1044.28,-99.48
1044.38,-101.95
1044.49,-100.92
1044.60,-100.71
1044.71,-102.17
1044.82,-102.87
1044.93,-102.34
1045.04,-100.19
1045.14,-99.47
1045.25,-102.52
1045.36,-101.71
1045.47,-101.83
1045.58,-102.11
1045.69,-100.18
1045.79,-100.78
1045.90,-100.04
1046.01,-100.62
1046.12,-100.97
1046.23,-102.72
1046.34,-101.01
1046.45,-103.72
1046.55,-103.57
1046.66,-101.75
1046.77,-101.78
1046.88,-102.03
1046.99,-98.55
1047.10,-95.94
1047.20,-98.10
1047.31,-96.32
1047.42,-102.17
1047.53,-102.15
1047.64,-102.15
1047.75,-103.18
1047.86,-101.28
1047.96,-102.21
1048.07,-102.16
1048.18,-101.05
1048.29,-101.30
1048.40,-103.36
1048.51,-102.42
1048.62,-105.90
1048.72,-102.50
1048.83,-102.12
1048.94,-101.98
1049.05,-104.03
1049.16,-103.24
1049.27,-102.22
1049.37,-102.68
1049.48,-101.32
1049.59,-105.94
1049.70,-103.02
1049.70,-101.40
1049.81,-102.45
1049.92,-102.34
1050.03,-99.75
1050.13,-99.74
1050.24,-99.07
1050.35,-100.04
1050.46,-99.89
1050.57,-101.73
1050.68,-102.58
1050.78,-101.32
1050.89,-101.39
1051.00,-100.56
1051.11,-100.74
1051.22,-100.88
1051.33,-100.29
1051.44,-97.55
1051.54,-101.30
1051.65,-102.50
1051.76,-102.93
1051.87,-100.87
1051.98,-101.02
1052.09,-100.71
1052.19,-99.97
1052.30,-103.36
1052.41,-102.04
1052.52,-101.90
1052.63,-101.09
1052.74,-100.76
1052.85,-100.47
1052.95,-101.96
1053.06,-101.88
1053.17,-100.50
1053.28,-99.59
1053.39,-101.11
1053.50,-101.37
1053.61,-102.32
1053.71,-99.63
1053.82,-101.39
1053.93,-101.57
1054.04,-101.04
1054.15,-101.97
1054.26,-100.72
1054.36,-99.46
1054.47,-99.44
1054.58,-101.03
1054.69,-100.89
1054.80,-101.12
1054.91,-101.07
1055.02,-99.89
1055.12,-100.75
1055.23,-101.35
1055.34,-99.87
1055.45,-102.64
1055.56,-102.19
1055.67,-101.96
1055.77,-100.88
1055.88,-98.45
1055.99,-100.43
1056.10,-102.60
1056.21,-99.20
1056.32,-101.48
1056.43,-101.78
1056.53,-100.81
1056.64,-101.75
1056.75,-102.10
1056.86,-101.10
1056.97,-102.67
1057.08,-102.77
1057.18,-101.33
1057.29,-102.25
1057.40,-101.78
1057.51,-102.10
1057.62,-101.12
1057.73,-99.81
1057.84,-100.28
1057.94,-101.13
1058.05,-100.35
1058.16,-99.45
1058.27,-98.96
1058.38,-99.02
1058.49,-96.17
1058.60,-97.86
1058.70,-95.10
1058.81,-97.93
1058.92,-97.88
1059.03,-96.91
1059.14,-97.34
1059.25,-99.83
1059.35,-97.67
1059.46,-99.59
1059.57,-99.13
1059.68,-100.69
1059.79,-98.43
1059.90,-99.71
1060.01,-98.66
1060.11,-96.12
1060.22,-96.67
1060.33,-96.99
1060.44,-98.53
1060.55,-98.46
1060.66,-99.50
1060.76,-97.51
1060.87,-99.81
1060.98,-98.43
1061.09,-98.33
1061.20,-99.20
1061.31,-97.68
1061.42,-97.16
1061.52,-99.88
1061.63,-101.38
1061.74,-101.03
1061.85,-97.63
1061.96,-98.21
1062.07,-97.27
1062.17,-96.88
1062.28,-98.52
1062.39,-100.27
1062.50,-99.44
1062.61,-96.99
1062.72,-97.36
1062.83,-97.86
1062.93,-99.11
1063.04,-101.14
1063.15,-100.08
1063.26,-97.16
1063.37,-96.93
1063.48,-97.50
1063.59,-97.18
1063.69,-99.78
1063.80,-98.09
1063.91,-97.45
1064.02,-97.42
1064.13,-99.31
1064.24,-99.07
1064.34,-97.88
1064.45,-95.22
1064.56,-95.73
1064.67,-101.16
1064.78,-96.27
1064.89,-95.89
1065.00,-98.46
1065.10,-98.45
1065.21,-98.54
1065.32,-97.01
1065.43,-97.88
1065.54,-96.21
1065.65,-98.96
1065.75,-94.90
1065.86,-96.79
1065.97,-98.50
1066.08,-96.15
1066.19,-95.30
1066.30,-94.75
1066.41,-97.20
1066.51,-97.85
1066.62,-96.33
1066.73,-98.03
1066.84,-98.70
1066.95,-96.46
1067.06,-96.66
1067.16,-97.72
1067.27,-97.34
1067.38,-96.56
1067.49,-98.91
1067.60,-96.33
1067.71,-96.48
1067.82,-95.34
1067.92,-97.68
1068.03,-95.69
1068.14,-95.22
1068.25,-97.74
1068.36,-96.99
1068.47,-96.14
1068.58,-97.95
1068.68,-97.91
1068.79,-95.39
1068.90,-96.29
1069.01,-97.55
1069.12,-95.30
1069.23,-98.45
1069.33,-95.53
1069.44,-97.45
1069.55,-97.94
1069.66,-97.07
1069.77,-99.15
1069.88,-96.61
1069.99,-96.57
1070.09,-97.22
1070.20,-96.52
1070.31,-98.32
1070.42,-96.11
1070.53,-96.36
1070.64,-98.23
1070.74,-96.65
1070.85,-95.73
1070.96,-96.91
1071.07,-94.73
1071.18,-94.37
1071.29,-94.62
1071.40,-96.67
1071.50,-95.52
1071.61,-93.69
1071.72,-93.44
1071.83,-94.51
1071.94,-92.00
1072.05,-95.34
1072.15,-91.40
1072.26,-93.24
1072.37,-94.77
1072.48,-93.33
1072.59,-91.14
1072.70,-92.53
1072.81,-94.56
1072.91,-93.79
1073.02,-89.22
1073.13,-93.78
1073.24,-92.47
1073.35,-94.26
1073.46,-91.25
1073.57,-94.90
1073.67,-94.46
1073.78,-95.23
1073.89,-92.97
1074.00,-95.51
1074.11,-96.04
1074.22,-97.57
1074.32,-97.05
1074.43,-97.52
1074.54,-96.83
1074.65,-97.36
1074.76,-95.70
1074.87,-95.37
1074.98,-95.82
1075.08,-97.34
1075.19,-96.61
1075.30,-97.41
1075.41,-97.16
1075.52,-96.24
1075.63,-97.37
1075.73,-97.08
1075.84,-93.88
1075.95,-96.16
1076.06,-96.17
1076.17,-95.51
1076.28,-96.99
1076.39,-95.84
1076.49,-94.02
1076.60,-94.32
1076.71,-91.99
1076.82,-95.74
1076.93,-95.99
1077.04,-94.27
1077.14,-93.16
1077.25,-91.60
1077.36,-89.94
1077.47,-88.76
1077.58,-87.50
1077.69,-87.51
1077.80,-83.19
1077.90,-80.97
1078.01,-83.08
1078.12,-85.84
1078.23,-86.98
1078.34,-86.97
1078.45,-90.00
1078.56,-93.03
1078.66,-92.78
1078.77,-97.00
1078.88,-96.18
1078.99,-95.71
1079.10,-94.61
1079.21,-93.70
1079.31,-94.90
1079.42,-96.11
1079.53,-95.50
1079.64,-96.44
1079.75,-97.56
1079.86,-95.65
1079.97,-93.09
1080.07,-95.50
1080.18,-94.63
1080.29,-97.10
1080.40,-97.89
1080.51,-96.17
1080.62,-97.17
1080.72,-98.25
1080.83,-95.04
1080.94,-96.39
1081.05,-96.65
1081.16,-96.17
1081.27,-97.80
1081.38,-96.52
1081.48,-96.08
1081.59,-96.86
1081.70,-98.24
1081.81,-96.96
1081.92,-97.58
1082.03,-97.08
1082.13,-97.44
1082.24,-96.37
1082.35,-96.58
1082.46,-95.39
1082.57,-95.54
1082.68,-96.49
1082.79,-96.83
1082.89,-97.82
1083.00,-97.37
1083.11,-95.93
1083.22,-97.97
1083.33,-95.94
1083.44,-97.19
1083.55,-98.01
1083.65,-94.91
1083.76,-96.39
1083.87,-96.13
1083.98,-97.32
1084.09,-96.02
1084.20,-95.94
1084.30,-94.98
1084.41,-96.75
1084.52,-95.71
1084.63,-98.03
1084.74,-95.99
1084.85,-97.59
1084.96,-96.69
1085.06,-96.84
1085.17,-95.62
1085.28,-97.73
1085.39,-96.60
1085.50,-97.06
1085.61,-95.22
1085.71,-98.97
1085.82,-96.99
1085.93,-96.29
1086.04,-96.17
1086.15,-95.18
1086.26,-96.04
1086.37,-96.98
1086.47,-96.98
1086.58,-96.58
1086.69,-94.53
1086.80,-95.21
1086.91,-94.29
1087.02,-97.09
1087.12,-96.25
1087.23,-96.83
1087.34,-96.58
1087.45,-96.22
1087.56,-96.38
1087.67,-98.40
1087.78,-98.11
1087.88,-96.60
1087.99,-96.49
1088.10,-96.89
1088.21,-96.00
1088.32,-97.68
1088.43,-95.19
1088.54,-97.26
1088.64,-95.15
1088.75,-97.88
1088.86,-96.63
1088.97,-96.06
1089.08,-97.62
1089.19,-95.30
1089.29,-97.56
1089.40,-95.63
1089.51,-96.19
1089.62,-99.05
1089.73,-95.86
1089.84,-96.03
1089.95,-97.74
1090.05,-95.78
1090.16,-95.98
1090.27,-97.02
1090.38,-95.98
1090.49,-99.88
1090.60,-95.19
1090.70,-96.99
1090.81,-97.91
1090.92,-96.22
1091.03,-95.71
1091.14,-98.86
1091.25,-98.14
1091.36,-96.69
1091.46,-96.72
1091.57,-96.72
1091.68,-97.09
1091.79,-97.28
1091.90,-96.03
1092.01,-96.01
1092.12,-98.09
1092.22,-94.66
1092.33,-94.38
1092.44,-97.25
1092.55,-96.61
1092.66,-93.95
1092.77,-95.84
1092.87,-95.95
1092.98,-95.50
1093.09,-95.46
1093.20,-96.08
1093.31,-95.56
1093.42,-93.00
1093.53,-97.05
1093.63,-94.76
1093.74,-94.88
1093.85,-95.55
1093.96,-97.52
1094.07,-95.72
1094.18,-93.82
1094.28,-95.40
1094.39,-97.48
1094.50,-95.19
1094.61,-95.09
1094.72,-96.59
1094.83,-97.79
1094.94,-95.84
1095.04,-95.73
1095.15,-96.60
1095.26,-97.81
1095.37,-99.17
1095.48,-95.91
1095.59,-96.89
1095.69,-96.64
1095.80,-97.23
1095.91,-94.97
1096.02,-95.66
1096.13,-95.23
1096.24,-93.80
1096.35,-97.19
1096.45,-95.39
1096.56,-94.50
1096.67,-91.71
1096.78,-96.47
1096.89,-97.69
1097.00,-96.48
1097.11,-94.28
1097.21,-95.65
1097.32,-94.09
1097.43,-96.36
1097.54,-97.27
1097.65,-96.78
1097.76,-95.06
1097.86,-95.19
1097.97,-91.22
1098.08,-96.29
1098.19,-98.00
1098.30,-96.11
1098.41,-96.18
1098.52,-93.90
1098.62,-93.47
1098.73,-94.46
1098.84,-93.30
1098.95,-96.29
1099.06,-94.93
1099.17,-93.05
1099.27,-91.47
1099.38,-91.74
1099.49,-92.58
1099.60,-92.66
1099.60,-90.60
1099.71,-92.21
1099.82,-87.83
1099.93,-86.56
1100.03,-79.77
1100.14,-78.13
1100.25,-82.97
1100.36,-87.90
1100.47,-89.48
1100.58,-91.09
1100.68,-90.19
1100.79,-90.57
1100.90,-91.43
1101.01,-91.76
1101.12,-92.75
1101.23,-93.20
1101.34,-93.92
1101.44,-94.73
1101.55,-93.55
1101.66,-93.36
1101.77,-93.97
1101.88,-94.12
1101.99,-95.25
1102.10,-93.59
1102.20,-94.04
1102.31,-95.33
1102.42,-96.30
1102.53,-93.47
1102.64,-95.30
1102.75,-96.35
1102.85,-96.86
1102.96,-95.55
1103.07,-94.89
1103.18,-94.17
1103.29,-94.92
1103.40,-95.05
1103.51,-96.80
1103.61,-93.60
1103.72,-92.80
1103.83,-90.94
1103.94,-90.91
1104.05,-91.04
1104.16,-92.46
1104.26,-93.01
1104.37,-91.55
1104.48,-95.55
1104.59,-97.21
1104.70,-96.37
1104.81,-97.37
1104.92,-97.18
1105.02,-96.75
1105.13,-100.11
1105.24,-96.96
1105.35,-98.13
1105.46,-97.33
1105.57,-99.12
1105.67,-99.21
1105.78,-98.25
1105.89,-100.85
1106.00,-99.50
1106.11,-99.30
1106.22,-100.02
1106.33,-98.08
1106.43,-97.33
1106.54,-99.84
1106.65,-98.22
1106.76,-99.23
1106.87,-96.86
1106.98,-98.69
1107.09,-99.60
1107.19,-101.01
1107.30,-98.23
1107.41,-99.67
1107.52,-100.81
1107.63,-99.98
1107.74,-99.89
1107.84,-100.87
1107.95,-98.38
1108.06,-100.12
1108.17,-98.17
1108.28,-100.69
1108.39,-101.43
1108.50,-99.85
1108.60,-96.92
1108.71,-95.62
1108.82,-97.24
1108.93,-99.97
1109.04,-100.91
1109.15,-101.71
1109.25,-99.93
1109.36,-99.51
1109.47,-98.95
1109.58,-100.30
1109.69,-100.44
1109.80,-101.20
1109.91,-100.29
1110.01,-98.03
1110.12,-96.78
1110.23,-98.58
1110.34,-98.80
1110.45,-98.92
1110.56,-100.57
1110.66,-99.15
1110.77,-100.26
1110.88,-98.06
1110.99,-100.20
1111.10,-99.93
1111.21,-98.74
1111.32,-99.51
1111.42,-99.67
1111.53,-100.06
1111.64,-100.00
1111.75,-101.80
1111.86,-98.89
1111.97,-100.02
1112.08,-100.16
1112.18,-99.63
1112.29,-98.88
1112.40,-99.42
1112.51,-99.18
1112.62,-99.64
1112.73,-98.59
1112.83,-98.50
1112.94,-99.02
1113.05,-97.22
1113.16,-98.95
1113.27,-95.97
1113.38,-98.63
1113.49,-98.43
1113.59,-88.57
1113.70,-85.20
1113.81,-95.82
1113.92,-96.91
1114.03,-96.41
1114.14,-98.35
1114.24,-97.78
1114.35,-97.51
1114.46,-98.51
1114.57,-98.62
1114.68,-98.60
1114.79,-98.73
1114.90,-96.40
1115.00,-98.42
1115.11,-96.78
1115.22,-97.43
1115.33,-96.68
1115.44,-96.71
1115.55,-97.27
1115.65,-97.94
1115.76,-98.40
1115.87,-98.19
1115.98,-96.31
1116.09,-98.81
1116.20,-96.93
1116.31,-97.17
1116.41,-96.71
1116.52,-95.86
1116.63,-98.10
1116.74,-97.41
1116.85,-97.38
1116.96,-98.63
1117.07,-98.02
1117.17,-96.66
1117.28,-96.89
1117.39,-97.45
1117.50,-96.47
1117.61,-96.59
1117.72,-93.71
1117.82,-96.55
1117.93,-96.97
1118.04,-97.99
1118.15,-97.37
1118.26,-96.10
1118.37,-97.23
1118.48,-97.40
1118.58,-97.32
1118.69,-97.69
1118.80,-98.15
1118.91,-95.50
1119.02,-99.02
1119.13,-99.87
1119.23,-99.47
1119.34,-100.19
1119.45,-99.46
1119.56,-100.19
1119.67,-100.91
1119.78,-98.60
1119.89,-96.62
1119.99,-95.02
1120.10,-98.17
1120.21,-99.67
1120.32,-99.65
1120.43,-99.93
1120.54,-100.81
1120.64,-99.58
1120.75,-101.06
1120.86,-100.41
1120.97,-99.52
1121.08,-98.80
1121.19,-99.42
1121.30,-99.78
1121.40,-99.06
1121.51,-99.07
1121.62,-99.00
1121.73,-100.00
1121.84,-99.66
1121.95,-94.73
1122.06,-100.02
1122.16,-98.24
1122.27,-100.19
1122.38,-99.65
1122.49,-99.32
1122.60,-98.01
1122.71,-98.30
1122.81,-99.05
1122.92,-99.60
1123.03,-99.33
1123.14,-99.39
1123.25,-99.92
1123.36,-98.03
1123.47,-100.77
1123.57,-99.32
1123.68,-98.05
1123.79,-100.32
1123.90,-102.17
1124.01,-99.06
1124.12,-99.36
1124.22,-98.89
1124.33,-99.64
1124.44,-100.05
1124.55,-101.95
1124.66,-99.46
1124.77,-100.73
1124.88,-99.42
1124.98,-98.99
1125.09,-99.50
1125.20,-98.56
1125.31,-100.50
1125.42,-100.19
1125.53,-98.34
1125.63,-99.95
1125.74,-99.32
1125.85,-98.81
1125.96,-97.71
1126.07,-98.15
1126.18,-96.02
1126.29,-95.31
1126.39,-94.21
1126.50,-97.78
1126.61,-95.19
1126.72,-93.35
1126.83,-94.88
1126.94,-93.52
1127.05,-93.45
1127.15,-95.08
1127.26,-93.80
1127.37,-93.86
1127.48,-94.05
1127.59,-91.94
1127.70,-93.49
1127.80,-94.20
1127.91,-92.90
1128.02,-93.99
1128.13,-95.46
1128.24,-94.19
1128.35,-96.40
1128.46,-95.31
1128.56,-93.95
1128.67,-96.65
1128.78,-95.48
1128.89,-96.49
1129.00,-96.73
1129.11,-95.20
1129.21,-82.39
1129.32,-83.24
1129.43,-93.62
1129.54,-96.06
1129.65,-93.01
1129.76,-98.08
1129.87,-98.57
1129.97,-98.23
1130.08,-98.66
1130.19,-96.48
1130.30,-100.08
1130.41,-100.35
1130.52,-99.49
1130.62,-99.12
1130.73,-100.11
1130.84,-99.50
1130.95,-99.88
1131.06,-99.14
1131.17,-98.09
1131.28,-99.18
1131.38,-100.61
1131.49,-101.19
1131.60,-99.58
1131.71,-100.81
1131.82,-101.66
1131.93,-101.02
1132.04,-101.18
1132.14,-100.97
1132.25,-100.63
1132.36,-101.36
1132.47,-101.37
1132.58,-101.17
1132.69,-98.32
1132.79,-99.63
1132.90,-100.88
1133.01,-101.39
1133.12,-102.03
1133.23,-100.99
1133.34,-101.44
1133.45,-100.86
1133.55,-100.77
1133.66,-100.46
1133.77,-99.09
1133.88,-100.06
1133.99,-100.38
1134.10,-99.07
1134.20,-101.32
1134.31,-99.70
1134.42,-100.19
1134.53,-101.22
1134.64,-99.24
1134.75,-99.65
1134.86,-100.67
1134.96,-101.41
1135.07,-100.72
1135.18,-98.75
1135.29,-99.60
1135.40,-101.88
1135.51,-98.63
1135.61,-99.55
1135.72,-100.57
1135.83,-99.29
1135.94,-99.36
1136.05,-98.77
1136.16,-99.17
1136.27,-101.35
1136.37,-100.48
1136.48,-100.27
1136.59,-100.87
1136.70,-98.03
1136.81,-102.06
1136.92,-102.08
1137.03,-101.23
1137.13,-100.30
1137.24,-100.42
1137.35,-101.07
1137.46,-101.47
1137.57,-101.45
1137.68,-102.19
1137.78,-101.72
1137.89,-101.51
1138.00,-100.21
1138.11,-103.24
1138.22,-102.35
1138.33,-101.29
1138.44,-100.63
1138.54,-101.31
1138.65,-102.10
1138.76,-99.94
1138.87,-100.78
1138.98,-101.27
1139.09,-101.57
1139.19,-102.30
1139.30,-102.92
1139.41,-98.50
1139.52,-100.09
1139.63,-98.62
1139.74,-100.90
1139.85,-100.06
1139.95,-103.59
1140.06,-100.08
1140.17,-100.41
1140.28,-102.05
1140.39,-102.51
1140.50,-101.57
1140.60,-100.50
1140.71,-100.90
1140.82,-101.36
1140.93,-101.21
1141.04,-102.16
1141.15,-100.37
1141.26,-101.59
1141.36,-102.58
1141.47,-102.40
1141.58,-101.32
1141.69,-100.00
1141.80,-102.50
1141.91,-100.12
1142.02,-99.64
1142.12,-99.86
1142.23,-97.85
1142.34,-101.06
1142.45,-100.93
1142.56,-99.19
1142.67,-101.12
1142.77,-99.65
1142.88,-100.30
1142.99,-99.49
1143.10,-102.07
1143.21,-99.37
1143.32,-101.15
1143.43,-99.39
1143.53,-99.46
1143.64,-100.70
1143.75,-97.37
1143.86,-95.45
1143.97,-94.98
1144.08,-100.26
1144.18,-97.29
1144.29,-99.90
1144.40,-100.73
1144.51,-100.09
1144.62,-100.62
1144.73,-100.11
1144.84,-100.27
1144.94,-99.38
1145.05,-100.08
1145.16,-99.97
1145.27,-99.97
1145.38,-100.68
1145.49,-100.60
1145.59,-102.43
1145.70,-100.21
1145.81,-99.93
1145.92,-100.13
1146.03,-101.70
1146.14,-101.21
1146.25,-100.49
1146.35,-96.95
1146.46,-100.71
1146.57,-99.21
1146.68,-101.26
1146.79,-101.54
1146.90,-100.78
1147.01,-101.35
1147.11,-98.78
1147.22,-99.85
1147.33,-101.96
1147.44,-102.29
1147.55,-101.73
1147.66,-101.97
1147.76,-101.36
1147.87,-102.95
1147.98,-103.04
1148.09,-102.27
1148.20,-99.82
1148.31,-101.88
1148.42,-102.53
1148.52,-100.72
1148.63,-100.89
1148.74,-99.13
1148.85,-99.84
1148.96,-101.66
1149.07,-103.05
1149.17,-100.80
1149.28,-101.92
1149.39,-99.62
1149.50,-99.80
1149.50,-101.83
1149.61,-100.45
1149.72,-101.98
1149.83,-99.98
1149.93,-101.94
1150.04,-101.47
1150.15,-98.74
1150.26,-100.57
1150.37,-101.04
1150.48,-101.69
1150.58,-101.01
1150.69,-100.47
1150.80,-102.98
1150.91,-100.26
1151.02,-100.94
1151.13,-100.73
1151.24,-99.38
1151.34,-102.20
1151.45,-99.17
1151.56,-99.83
1151.67,-102.36
1151.78,-102.03
1151.89,-101.57
1151.99,-101.45
1152.10,-100.11
1152.21,-99.55
1152.32,-102.29
1152.43,-100.70
1152.54,-100.39
1152.65,-100.78
1152.75,-100.59
1152.86,-101.46
1152.97,-99.95
1153.08,-100.88
1153.19,-99.79
1153.30,-100.25
1153.41,-96.76
1153.51,-97.43
1153.62,-97.78
1153.73,-95.07
1153.84,-96.40
1153.95,-93.62
1154.06,-96.77
1154.16,-92.74
1154.27,-93.56
1154.38,-91.95
1154.49,-91.78
1154.60,-94.10
1154.71,-93.18
1154.82,-92.75
1154.92,-94.05
1155.03,-91.56
1155.14,-88.55
1155.25,-92.07
1155.36,-92.56
1155.47,-90.24
1155.57,-91.07
1155.68,-94.16
1155.79,-94.33
1155.90,-93.02
1156.01,-95.62
1156.12,-93.03
1156.23,-93.67
1156.33,-98.39
1156.44,-95.63
1156.55,-97.38
1156.66,-99.69
1156.77,-99.39
1156.88,-96.03
1156.98,-101.21
1157.09,-102.22
1157.20,-101.54
1157.31,-101.65
1157.42,-100.97
1157.53,-102.15
1157.64,-104.36
1157.74,-101.52
1157.85,-101.61
1157.96,-101.29
1158.07,-102.63
1158.18,-102.75
1158.29,-101.60
1158.40,-103.04
1158.50,-102.10
1158.61,-103.39
1158.72,-101.90
1158.83,-102.70
1158.94,-104.47
1159.05,-102.50
1159.15,-102.05
1159.26,-104.17
1159.37,-104.26
1159.48,-103.58
1159.59,-101.65
1159.70,-103.35
1159.81,-101.72
1159.91,-96.92
1160.02,-97.82
1160.13,-100.07
1160.24,-101.08
1160.35,-103.51
1160.46,-104.07
1160.56,-102.84
1160.67,-103.53
1160.78,-105.23
1160.89,-102.82
1161.00,-103.52
1161.11,-100.86
1161.22,-102.33
1161.32,-103.57
1161.43,-102.71
1161.54,-103.17
1161.65,-103.07
1161.76,-102.55
1161.87,-103.10
1161.97,-102.00
1162.08,-100.09
1162.19,-102.29
1162.30,-103.03
1162.41,-101.66
1162.52,-99.76
1162.63,-100.83
1162.73,-101.60
1162.84,-100.88
1162.95,-101.04
1163.06,-100.21
1163.17,-102.41
1163.28,-103.85
1163.39,-100.47
1163.49,-98.46
1163.60,-101.26
1163.71,-99.56
1163.82,-99.13
1163.93,-97.48
1164.04,-101.34
1164.14,-100.33
1164.25,-99.37
1164.36,-99.10
1164.47,-96.73
1164.58,-99.86
1164.69,-100.25
1164.80,-100.63
1164.90,-102.45
1165.01,-99.30
1165.12,-98.25
1165.23,-100.72
1165.34,-99.70
1165.45,-101.24
1165.55,-98.08
1165.66,-98.99
1165.77,-99.66
1165.88,-99.25
1165.99,-98.00
1166.10,-101.07
1166.21,-100.66
1166.31,-99.27
1166.42,-100.02
1166.53,-101.16
1166.64,-98.97
1166.75,-101.99
1166.86,-101.01
1166.96,-100.20
1167.07,-99.62
1167.18,-98.48
1167.29,-98.65
1167.40,-101.05
1167.51,-101.62
1167.62,-100.81
1167.72,-100.42
1167.83,-101.75
1167.94,-100.10
1168.05,-100.94
1168.16,-97.00
1168.27,-98.93
1168.38,-99.24
1168.48,-99.39
1168.59,-99.76
1168.70,-101.11
1168.81,-101.40
1168.92,-99.75
1169.03,-99.89
1169.13,-100.15
1169.24,-98.58
1169.35,-98.73
1169.46,-99.58
1169.57,-98.91
1169.68,-101.23
1169.79,-100.58
1169.89,-98.59
1170.00,-99.67
1170.11,-99.10
1170.22,-100.60
1170.33,-101.28
1170.44,-100.72
1170.54,-99.37
1170.65,-97.37
1170.76,-99.86
1170.87,-99.77
1170.98,-99.45
1171.09,-98.26
1171.20,-99.76
1171.30,-100.42
1171.41,-100.99
1171.52,-99.21
1171.63,-100.42
1171.74,-98.49
1171.85,-99.21
1171.95,-99.19
1172.06,-101.03
1172.17,-101.94
1172.28,-100.67
1172.39,-101.46
1172.50,-98.82
1172.61,-100.90
1172.71,-100.18
1172.82,-99.44
1172.93,-101.47
1173.04,-100.70
1173.15,-98.45
1173.26,-98.40
1173.37,-100.18
1173.47,-101.37
1173.58,-99.76
1173.69,-99.22
1173.80,-99.35
1173.91,-100.91
1174.02,-100.21
1174.12,-99.19
1174.23,-101.81
1174.34,-101.34
1174.45,-100.05
1174.56,-101.31
1174.67,-101.78
1174.78,-102.14
1174.88,-104.03
1174.99,-101.60
1175.10,-101.20
1175.21,-100.31
1175.32,-102.71
1175.43,-102.46
1175.53,-104.03
1175.64,-103.36
1175.75,-99.69
1175.86,-102.86
1175.97,-102.37
1176.08,-98.07
1176.19,-100.54
1176.29,-99.26
1176.40,-97.30
1176.51,-98.90
1176.62,-100.66
1176.73,-100.22
1176.84,-100.91
1176.94,-98.01
1177.05,-99.88
1177.16,-99.13
1177.27,-99.51
1177.38,-99.86
1177.49,-100.00
1177.60,-99.89
1177.70,-99.13
1177.81,-98.77
1177.92,-98.39
1178.03,-98.91
1178.14,-100.56
1178.25,-99.21
1178.36,-100.86
1178.46,-99.15
1178.57,-99.99
1178.68,-100.47
1178.79,-98.27
1178.90,-99.31
1179.01,-98.51
1179.11,-98.29
1179.22,-100.67
1179.33,-99.70
1179.44,-98.95
1179.55,-99.88
1179.66,-100.49
1179.77,-97.69
1179.87,-98.93
1179.98,-98.09
1180.09,-98.10
1180.20,-98.21
1180.31,-98.06
1180.42,-97.67
1180.52,-94.11
1180.63,-94.64
1180.74,-99.02
1180.85,-96.95
1180.96,-98.09
1181.07,-99.72
1181.18,-97.38
1181.28,-94.62
1181.39,-96.11
1181.50,-94.44
1181.61,-95.88
1181.72,-91.79
1181.83,-95.98
1181.93,-95.03
1182.04,-95.75
1182.15,-96.24
1182.26,-97.26
1182.37,-88.27
1182.48,-95.84
1182.59,-94.94
1182.69,-95.14
1182.80,-91.59
1182.91,-91.91
1183.02,-91.86
1183.13,-94.77
1183.24,-92.08
1183.35,-96.30
1183.45,-95.00
1183.56,-94.60
1183.67,-95.67
1183.78,-99.77
1183.89,-98.31
1184.00,-95.21
1184.10,-99.61
1184.21,-95.27
1184.32,-99.80
1184.43,-100.61
1184.54,-99.56
1184.65,-100.30
1184.76,-100.74
1184.86,-98.41
1184.97,-99.33
1185.08,-99.76
1185.19,-96.54
1185.30,-98.70
1185.41,-101.13
1185.51,-100.35
1185.62,-99.17
1185.73,-101.34
1185.84,-98.59
1185.95,-99.58
1186.06,-99.56
1186.17,-99.35
1186.27,-97.29
1186.38,-102.50
1186.49,-102.74
1186.60,-97.80
1186.71,-102.54
1186.82,-101.42
1186.92,-102.50
1187.03,-103.02
1187.14,-102.46
1187.25,-101.30
1187.36,-100.51
1187.47,-101.80
1187.58,-99.86
1187.68,-99.53
1187.79,-96.95
1187.90,-90.84
1188.01,-94.15
1188.12,-100.53
1188.23,-100.18
1188.34,-101.25
1188.44,-99.05
1188.55,-96.83
1188.66,-100.64
1188.77,-100.45
1188.88,-101.78
1188.99,-103.91
1189.09,-98.30
1189.20,-99.97
1189.31,-101.64
1189.42,-103.07
1189.53,-101.68
1189.64,-102.37
1189.75,-98.50
1189.85,-100.78
1189.96,-100.82
1190.07,-98.78
1190.18,-98.73
1190.29,-98.10
1190.40,-99.61
1190.50,-100.89
1190.61,-99.20
1190.72,-97.89
1190.83,-98.00
1190.94,-99.53
1191.05,-99.09
1191.16,-99.15
1191.26,-96.58
1191.37,-95.56
1191.48,-96.65
1191.59,-93.83
1191.70,-94.76
1191.81,-93.58
1191.91,-90.65
1192.02,-92.68
1192.13,-94.25
1192.24,-93.43
1192.35,-94.59
1192.46,-92.50
1192.57,-92.68
1192.67,-96.04
1192.78,-95.05
1192.89,-95.53
1193.00,-96.49
1193.11,-92.94
1193.22,-94.06
1193.33,-96.28
1193.43,-96.17
1193.54,-95.44
1193.65,-96.44
1193.76,-94.66
1193.87,-98.71
1193.98,-95.44
1194.08,-95.89
1194.19,-98.29
1194.30,-96.06
1194.41,-95.85
1194.52,-95.43
1194.63,-95.78
1194.74,-95.80
1194.84,-95.03
1194.95,-96.86
1195.06,-95.77
1195.17,-94.57
1195.28,-95.31
1195.39,-95.19
1195.49,-93.39
1195.60,-91.31
1195.71,-91.80
1195.82,-89.46
1195.93,-88.90
1196.04,-88.51
1196.15,-85.22
1196.25,-87.25
1196.36,-87.76
1196.47,-86.04
1196.58,-89.98
1196.69,-91.54
1196.80,-93.08
1196.90,-92.89
1197.01,-92.73
1197.12,-93.45
1197.23,-95.09
1197.34,-94.17
1197.45,-95.80
1197.56,-94.68
1197.66,-96.27
1197.77,-97.98
1197.88,-97.47
1197.99,-96.03
1198.10,-98.30
1198.21,-97.14
1198.32,-98.64
1198.42,-97.19
1198.53,-97.27
1198.64,-94.75
1198.75,-93.96
1198.86,-99.16
1198.97,-96.32
1199.07,-98.26
1199.18,-97.58
1199.29,-99.27
1199.40,-97.08
1199.40,-100.36
1199.40,-100.27
1199.40,-100.35
1199.40,-102.66
1199.41,-105.07
1199.41,-103.13
1199.41,-101.57
1199.41,-100.38
1199.41,-99.13
1199.41,-100.21
1199.41,-99.82
1199.41,-100.36
1199.42,-100.30
1199.42,-103.44
1199.42,-102.85
1199.42,-102.34
1199.42,-100.17
1199.42,-99.41
1199.42,-100.03
1199.42,-101.15
1199.43,-99.94
1199.43,-99.14
1199.43,-99.67
1199.43,-100.88
1199.43,-100.87
1199.43,-100.85
1199.43,-100.44
1199.44,-103.34
1199.44,-103.25
1199.44,-100.06
1199.44,-101.45
1199.44,-98.98
1199.44,-101.32
1199.44,-99.99
1199.44,-100.26
1199.45,-99.40
1199.45,-99.29
1199.45,-101.59
1199.45,-99.13
1199.45,-102.93
1199.45,-102.55
1199.45,-102.68
1199.45,-100.06
1199.46,-99.16
1199.46,-102.80
1199.46,-97.31
1199.46,-100.37
1199.46,-99.48
1199.46,-99.42
1199.46,-98.80
1199.47,-99.09
1199.47,-100.03
1199.47,-100.28
1199.47,-100.22
1199.47,-99.96
1199.47,-103.19
1199.47,-99.52
1199.47,-101.95
1199.48,-99.92
1199.48,-99.73
1199.48,-100.60
1199.48,-103.16
1199.48,-99.29
1199.48,-98.88
1199.48,-99.09
1199.48,-101.23
1199.49,-99.79
1199.49,-100.70
1199.49,-99.57
1199.49,-103.33
1199.49,-98.84
1199.49,-97.20
1199.49,-101.90
1199.50,-97.85
1199.50,-99.99
1199.50,-101.41
1199.50,-102.91
1199.50,-98.63
1199.50,-99.77
1199.50,-101.08
1199.50,-101.13
1199.51,-102.36
1199.51,-99.03
1199.51,-99.52
1199.51,-101.29
1199.51,-102.75
1199.51,-103.82
1199.51,-100.09
1199.51,-99.98
1199.52,-101.11
1199.52,-99.97
1199.52,-99.31
1199.52,-101.59
1199.52,-101.07
1199.52,-100.21
1199.52,-99.96
1199.53,-99.87
1199.53,-97.87
1199.53,-99.67
1199.53,-102.48
1199.53,-99.83
1199.53,-101.09
1199.53,-101.17
1199.53,-102.86
1199.54,-99.81
1199.54,-96.84
1199.54,-101.65
1199.54,-102.83
1199.54,-98.45
1199.54,-104.19
1199.54,-100.86
1199.54,-99.49
1199.55,-99.75
1199.55,-100.66
1199.55,-99.95
1199.55,-99.66
1199.55,-99.88
1199.55,-100.58
1199.55,-98.56
1199.56,-100.19
1199.56,-102.66
1199.56,-100.25
1199.56,-101.01
1199.56,-103.08
1199.56,-100.27
1199.56,-99.77
1199.56,-100.16
1199.57,-97.98
1199.57,-99.35
1199.57,-99.94
1199.57,-98.22
1199.57,-100.02
1199.57,-97.83
1199.57,-98.45
1199.57,-101.22
1199.58,-99.83
1199.58,-98.01
1199.58,-97.82
1199.58,-98.42
1199.58,-100.25
1199.58,-101.24
1199.58,-101.97
1199.59,-95.95
1199.59,-100.08
1199.59,-100.34
1199.59,-101.71
1199.59,-98.81
1199.59,-103.27
1199.59,-101.70
1199.59,-103.57
1199.60,-101.38
1199.60,-99.98
1199.60,-100.79
1199.60,-100.52
1199.60,-100.60
1199.60,-100.22
1199.60,-101.10
1199.60,-100.09
1199.61,-103.12
1199.61,-98.87
1199.61,-99.17
1199.61,-96.81
1199.61,-103.47
1199.61,-98.06
1199.61,-98.43
1199.62,-97.58
1199.62,-98.87
1199.62,-100.79
1199.62,-101.37
1199.62,-100.32
1199.62,-98.11
1199.62,-100.61
1199.62,-98.35
1199.63,-100.31
1199.63,-100.02
1199.63,-97.13
1199.63,-98.98
1199.63,-97.58
1199.63,-100.22
1199.63,-101.37
1199.63,-98.59
1199.64,-99.46
1199.64,-100.22
1199.64,-100.88
1199.64,-100.37
1199.64,-99.58
1199.64,-102.31
1199.64,-102.83
1199.65,-100.97
1199.65,-99.30
1199.65,-101.06
1199.65,-102.88
1199.65,-99.50
1199.65,-100.16
1199.65,-100.82
1199.65,-102.54
1199.66,-98.42
1199.66,-98.61
1199.66,-102.34
1199.66,-100.73
1199.66,-101.25
1199.66,-99.31
1199.66,-102.83
1199.66,-102.31
1199.67,-100.84
1199.67,-96.19
1199.67,-99.50
1199.67,-102.65
1199.67,-102.75
1199.67,-97.76
1199.67,-99.87
1199.68,-96.98
1199.68,-100.46
1199.68,-101.20
1199.68,-99.55
1199.68,-99.97
1199.68,-99.76
1199.68,-97.95
1199.68,-97.36
1199.69,-100.77
1199.69,-100.29
1199.69,-100.44
1199.69,-98.10
1199.69,-100.34
1199.69,-98.50
1199.69,-99.30
1199.69,-100.56
1199.70,-98.95
1199.70,-95.99
1199.70,-97.00
1199.70,-98.34
1199.70,-101.42
1199.70,-97.42
1199.70,-96.83
1199.71,-98.31
1199.71,-101.40
1199.71,-98.40
1199.71,-99.07
1199.71,-99.97
1199.71,-97.22
1199.71,-99.23
1199.71,-98.53
1199.72,-97.65
1199.72,-101.82
1199.72,-98.72
1199.72,-97.31
1199.72,-98.88
1199.72,-99.68
1199.72,-99.81
1199.72,-99.08
1199.73,-96.41
1199.73,-98.52
1199.73,-99.85
1199.73,-100.70
1199.73,-98.54
1199.73,-101.98
1199.73,-96.20
1199.74,-98.63
1199.74,-100.97
1199.74,-101.08
1199.74,-101.61
1199.74,-99.80
1199.74,-100.56
1199.74,-101.52
1199.74,-101.11
1199.75,-99.23
1199.75,-97.59
1199.75,-99.91
1199.75,-98.17
1199.75,-97.33
1199.75,-101.27
1199.75,-98.88
1199.75,-97.56
1199.76,-98.64
1199.76,-98.03
1199.76,-96.68
1199.76,-97.52
1199.76,-100.17
1199.76,-99.08
1199.76,-100.19
1199.77,-97.77
1199.77,-97.69
1199.77,-99.75
1199.77,-100.24
1199.77,-97.75
1199.77,-101.60
1199.77,-97.24
1199.77,-100.99
1199.78,-100.95
1199.78,-98.69
1199.78,-99.29
1199.78,-98.98
1199.78,-99.50
1199.78,-100.71
1199.78,-97.77
1199.78,-99.38
1199.79,-99.65
1199.79,-99.51
1199.79,-96.79
1199.79,-98.39
1199.79,-98.18
1199.79,-97.83
1199.79,-95.58
1199.80,-100.17
1199.80,-99.71
1199.80,-97.88
1199.80,-99.07
1199.80,-99.11
1199.80,-98.57
1199.80,-98.42
1199.80,-96.53
1199.81,-99.29
1199.81,-96.66
1199.81,-97.98
1199.81,-98.23
1199.81,-99.11
1199.81,-94.88
1199.81,-96.78
1199.81,-96.59
1199.82,-97.42
1199.82,-98.12
1199.82,-99.46
1199.82,-100.06
1199.82,-97.26
1199.82,-96.30
1199.82,-97.93
1199.83,-97.95
1199.83,-97.91
1199.83,-97.36
1199.83,-98.83
1199.83,-96.66
1199.83,-97.21
1199.83,-98.47
1199.83,-96.03
1199.84,-95.84
1199.84,-96.57
1199.84,-97.73
1199.84,-97.33
1199.84,-97.93
1199.84,-95.72
1199.84,-96.27
1199.84,-98.94
1199.85,-96.37
1199.85,-100.88
1199.85,-97.52
1199.85,-95.95
1199.85,-95.92
1199.85,-96.51
1199.85,-94.84
1199.86,-95.98
1199.86,-96.88
1199.86,-97.44
1199.86,-95.57
1199.86,-94.63
1199.86,-96.89
1199.86,-95.51
1199.86,-97.53
1199.87,-95.28
1199.87,-96.92
1199.87,-97.47
1199.87,-95.37
1199.87,-93.48
1199.87,-93.76
1199.87,-95.67
1199.87,-94.09
1199.88,-94.89
1199.88,-94.35
1199.88,-96.12
1199.88,-95.20
1199.88,-93.30
1199.88,-94.49
1199.88,-96.69
1199.89,-94.29
1199.89,-96.27
1199.89,-96.72
1199.89,-99.06
1199.89,-94.74
1199.89,-94.29
1199.89,-96.24
1199.89,-95.66
1199.90,-93.96
1199.90,-95.88
1199.90,-92.37
1199.90,-94.55
1199.90,-94.51
1199.90,-91.61
1199.90,-96.66
1199.90,-96.68
1199.91,-90.82
1199.91,-95.84
1199.91,-95.80
1199.91,-93.30
1199.91,-95.15
1199.91,-98.67
1199.91,-94.17
1199.92,-93.16
1199.92,-92.20
1199.92,-93.32
1199.92,-96.71
1199.92,-93.80
1199.92,-94.32
1199.92,-93.93
1199.92,-91.86
1199.93,-92.46
1199.93,-92.75
1199.93,-94.10
1199.93,-94.62
1199.93,-93.15
1199.93,-95.13
1199.93,-95.18
1199.93,-94.09
1199.94,-94.25
1199.94,-91.95
1199.94,-92.55
1199.94,-92.56
1199.94,-93.91
1199.94,-91.89
1199.94,-94.84
1199.95,-93.29
1199.95,-92.93
1199.95,-92.71
1199.95,-90.84
1199.95,-93.89
1199.95,-93.89
1199.95,-93.26
1199.95,-92.50
1199.96,-91.77
1199.96,-93.29
1199.96,-92.39
1199.96,-91.86
1199.96,-90.51
1199.96,-91.53
1199.96,-93.16
1199.96,-92.49
1199.97,-93.44
1199.97,-92.97
1199.97,-93.96
1199.97,-92.79
1199.97,-93.02
1199.97,-93.17
1199.97,-93.10
1199.98,-92.48
1199.98,-91.48
1199.98,-92.25
1199.98,-92.76
1199.98,-91.83
1199.98,-91.50
1199.98,-94.45
1199.98,-92.02
1199.99,-91.33
1199.99,-93.44
1199.99,-90.50
1199.99,-91.26
1199.99,-90.05
1199.99,-89.44
1199.99,-88.39
1199.99,-92.53
1200.00,-92.39
1200.00,-93.38
1200.00,-91.61
1200.00,-91.88
1800.00,-99.95
1800.11,-98.02
1800.22,-95.94
1800.33,-102.40
1800.43,-102.84
1800.54,-101.76
1800.65,-104.67
1800.76,-104.62
1800.87,-104.66
1800.98,-104.67
1801.08,-104.47
1801.19,-103.34
1801.30,-103.44
1801.41,-104.26
1801.52,-104.88
1801.63,-102.95
1801.74,-104.60
1801.84,-102.87
1801.95,-104.51
1802.06,-103.89
1802.17,-103.18
1802.28,-102.62
1802.39,-105.63
1802.49,-104.88
1802.60,-104.19
1802.71,-104.38
1802.82,-104.75
1802.93,-105.42
1803.04,-104.00
1803.15,-103.88
1803.25,-104.08
1803.36,-104.76
1803.47,-102.19
1803.58,-103.17
1803.69,-103.11
1803.80,-98.97
1803.91,-101.84
1804.01,-99.92
1804.12,-100.07
1804.23,-101.32
1804.34,-100.88
1804.45,-103.71
1804.56,-101.36
1804.66,-103.48
1804.77,-103.28
1804.88,-103.31
1804.99,-103.50
1805.10,-104.72
1805.21,-102.81
1805.32,-104.64
1805.42,-103.95
1805.53,-102.35
1805.64,-103.82
1805.75,-103.62
1805.86,-103.69
1805.97,-103.77
1806.07,-106.41
1806.18,-104.94
1806.29,-104.97
1806.40,-105.14
1806.51,-104.35
1806.62,-104.37
1806.73,-105.77
1806.83,-105.82
1806.94,-104.49
1807.05,-104.21
1807.16,-105.14
1807.27,-104.54
1807.38,-103.06
1807.48,-106.04
1807.59,-105.48
1807.70,-105.92
1807.81,-105.91
1807.92,-105.87
1808.03,-106.26
1808.14,-105.56
1808.24,-104.46
1808.35,-104.81
1808.46,-106.85
1808.57,-104.38
1808.68,-104.17
1808.79,-104.02
1808.90,-104.96
1809.00,-105.73
1809.11,-106.22
1809.22,-104.67
1809.33,-104.72
1809.44,-104.23
1809.55,-106.22
1809.65,-103.60
1809.76,-104.21
1809.87,-105.48
1809.98,-102.42
1810.09,-105.64
1810.20,-103.09
1810.31,-105.37
1810.41,-105.54
1810.52,-103.32
1810.63,-105.90
1810.74,-104.85
1810.85,-103.54
1810.96,-104.77
1811.06,-105.26
1811.17,-104.60
1811.28,-104.64
1811.39,-104.74
1811.50,-105.19
1811.61,-104.59
1811.72,-104.60
1811.82,-105.01
1811.93,-105.06
1812.04,-105.00
1812.15,-103.98
1812.26,-104.79
1812.37,-106.19
1812.47,-105.05
1812.58,-104.85
1812.69,-104.48
1812.80,-105.38
1812.91,-103.25
1813.02,-102.80
1813.13,-104.62
1813.23,-103.10
1813.34,-104.54
1813.45,-102.60
1813.56,-103.02
1813.67,-102.09
1813.78,-105.97
1813.89,-104.17
1813.99,-103.33
1814.10,-101.43
1814.21,-103.24
1814.32,-104.15
1814.43,-100.91
1814.54,-101.12
1814.64,-100.99
1814.75,-101.54
1814.86,-102.25
1814.97,-102.59
1815.08,-102.54
1815.19,-98.86
1815.30,-100.46
1815.40,-102.01
1815.51,-100.37
1815.62,-103.36
1815.73,-102.20
1815.84,-100.41
1815.95,-103.99
1816.05,-102.16
1816.16,-100.51
1816.27,-101.96
1816.38,-104.13
1816.49,-100.63
1816.60,-103.68
1816.71,-101.86
1816.81,-103.06
1816.92,-100.43
1817.03,-98.24
1817.14,-99.75
1817.25,-103.84
1817.36,-101.13
1817.46,-105.32
1817.57,-104.06
1817.68,-104.45
1817.79,-105.03
1817.90,-105.17
1818.01,-104.61
1818.12,-105.84
1818.22,-104.94
1818.33,-105.61
1818.44,-105.36
1818.55,-104.18
1818.66,-102.60
1818.77,-104.76
1818.88,-104.65
1818.98,-104.41
1819.09,-104.94
1819.20,-105.33
1819.31,-105.08
1819.42,-102.27
1819.53,-104.82
1819.63,-104.32
1819.74,-104.57
1819.85,-103.85
1819.96,-103.94
1820.07,-104.17
1820.18,-104.63
1820.29,-105.88
1820.39,-105.40
1820.50,-105.19
1820.61,-105.13
1820.72,-105.73
1820.83,-103.83
1820.94,-104.43
1821.04,-105.89
1821.15,-104.02
1821.26,-105.61
1821.37,-103.64
1821.48,-104.82
1821.59,-103.96
1821.70,-104.99
1821.80,-104.96
1821.91,-105.31
1822.02,-104.03
1822.13,-104.68
1822.24,-102.92
1822.35,-105.45
1822.45,-104.84
1822.56,-105.01
1822.67,-104.48
1822.78,-105.68
1822.89,-102.38
1823.00,-104.76
1823.11,-105.33
1823.21,-105.31
1823.32,-104.20
1823.43,-105.17
1823.54,-103.94
1823.65,-103.59
1823.76,-106.12
1823.87,-103.08
1823.97,-107.06
1824.08,-104.51
1824.19,-104.67
1824.30,-104.85
1824.41,-105.30
1824.52,-104.73
1824.62,-105.53
1824.73,-102.42
1824.84,-103.40
1824.95,-103.82
1825.06,-105.83
1825.17,-104.75
1825.28,-103.81
1825.38,-104.66
1825.49,-101.71
1825.60,-103.46
1825.71,-103.94
1825.82,-100.22
1825.93,-101.34
1826.03,-103.28
1826.14,-104.96
1826.25,-104.09
1826.36,-103.57
1826.47,-102.11
1826.58,-105.79
1826.69,-105.77
1826.79,-105.52
1826.90,-104.30
1827.01,-102.93
1827.12,-105.04
1827.23,-104.89
1827.34,-104.47
1827.44,-103.57
1827.55,-104.20
1827.66,-105.09
1827.77,-104.85
1827.88,-104.33
1827.99,-105.05
1828.10,-104.82
1828.20,-102.65
1828.31,-103.94
1828.42,-103.57
1828.53,-104.89
1828.64,-104.58
1828.75,-103.90
1828.86,-104.46
1828.96,-104.50
1829.07,-104.06
1829.18,-103.77
1829.29,-103.53
1829.40,-104.19
1829.51,-106.62
1829.61,-103.11
1829.72,-104.72
1829.83,-105.26
1829.94,-105.05
1830.05,-105.73
1830.16,-103.79
1830.27,-104.32
1830.37,-104.86
1830.48,-103.76
1830.59,-102.92
1830.70,-104.20
1830.81,-104.89
1830.92,-104.12
1831.02,-104.80
1831.13,-103.97
1831.24,-103.91
1831.35,-104.49
1831.46,-104.13
1831.57,-104.94
1831.68,-105.26
1831.78,-105.88
1831.89,-105.79
1832.00,-104.73
1832.11,-106.11
1832.22,-105.34
1832.33,-103.39
1832.43,-105.17
1832.54,-105.40
1832.65,-104.06
1832.76,-104.12
1832.87,-104.86
1832.98,-106.03
1833.09,-104.04
1833.19,-105.02
1833.30,-103.38
1833.41,-104.40
1833.52,-104.96
1833.63,-104.77
1833.74,-104.58
1833.85,-104.81
1833.95,-103.77
1834.06,-103.54
1834.17,-105.34
1834.28,-103.96
1834.39,-104.11
1834.50,-103.74
1834.60,-104.46
1834.71,-103.51
1834.82,-104.29
1834.93,-101.55
1835.04,-104.94
1835.15,-103.73
1835.26,-104.71
1835.36,-103.90
1835.47,-103.99
1835.58,-102.30
1835.69,-104.57
1835.80,-104.08
1835.91,-105.29
1836.01,-104.90
1836.12,-105.19
1836.23,-105.26
1836.34,-105.29
1836.45,-105.11
1836.56,-103.22
1836.67,-105.23
1836.77,-104.17
1836.88,-104.26
1836.99,-104.14
1837.10,-102.24
1837.21,-106.28
1837.32,-102.98
1837.42,-102.87
1837.53,-104.87
1837.64,-105.03
1837.75,-104.03
1837.86,-106.83
1837.97,-104.60
1838.08,-102.39
1838.18,-102.99
1838.29,-104.38
1838.40,-105.57
1838.51,-103.43
1838.62,-102.40
1838.73,-105.53
1838.84,-103.00
1838.94,-105.02
1839.05,-103.41
1839.16,-105.20
1839.27,-101.54
1839.38,-105.24
1839.49,-103.51
1839.59,-102.69
1839.70,-105.12
1839.81,-105.31
1839.92,-104.01
1840.03,-103.11
1840.14,-104.06
1840.25,-105.87
1840.35,-104.55
1840.46,-104.91
1840.57,-104.55
1840.68,-102.36
1840.79,-99.59
1840.90,-103.68
1841.00,-103.58
1841.11,-103.65
1841.22,-103.17
1841.33,-103.32
1841.44,-102.97
1841.55,-102.18
1841.66,-103.30
1841.76,-102.87
1841.87,-102.30
1841.98,-102.72
1842.09,-102.93
1842.20,-103.68
1842.31,-100.91
1842.41,-104.70
1842.52,-102.18
1842.63,-101.54
1842.74,-103.01
1842.85,-103.65
1842.96,-104.32
1843.07,-105.10
1843.17,-102.95
1843.28,-104.47
1843.39,-102.99
1843.50,-102.96
1843.61,-103.87
1843.72,-104.24
1843.83,-103.15
1843.93,-102.83
1844.04,-104.12
1844.15,-101.76
1844.26,-102.52
1844.37,-103.51
1844.48,-101.65
1844.58,-102.44
1844.69,-102.43
1844.80,-103.43
1844.91,-102.77
1845.02,-102.12
1845.13,-103.99
1845.24,-102.95
1845.34,-102.89
1845.45,-102.05
1845.56,-102.26
1845.67,-102.55
1845.78,-104.50
1845.89,-103.73
1845.99,-102.01
1846.10,-103.63
1846.21,-101.09
1846.32,-100.48
1846.43,-99.16
1846.54,-100.60
1846.65,-101.34
1846.75,-100.71
1846.86,-102.99
1846.97,-101.43
1847.08,-100.44
1847.19,-99.27
1847.30,-97.56
1847.40,-96.57
1847.51,-94.81
1847.62,-94.77
1847.73,-93.32
1847.84,-88.05
1847.95,-91.74
1848.06,-94.85
1848.16,-96.78
1848.27,-98.85
1848.38,-97.86
1848.49,-99.92
1848.60,-97.35
1848.71,-100.15
1848.82,-102.16
1848.92,-102.46
1849.03,-103.49
1849.14,-101.51
1849.25,-103.25
1849.36,-103.49
1849.47,-104.70
1849.57,-103.31
1849.68,-102.45
1849.79,-100.74
1849.90,-102.56
1849.90,-101.59
1850.01,-102.08
1850.12,-103.15
1850.23,-102.49
1850.33,-101.88
1850.44,-102.77
1850.55,-102.64
1850.66,-101.86
1850.77,-100.84
1850.88,-103.78
1850.98,-102.92
1851.09,-101.01
1851.20,-101.63
1851.31,-104.18
1851.42,-102.25
1851.53,-102.35
1851.64,-103.63
1851.74,-103.48
1851.85,-101.47
1851.96,-102.91
1852.07,-102.67
1852.18,-103.56
1852.29,-102.68
1852.39,-101.86
1852.50,-101.49
1852.61,-103.30
1852.72,-101.96
1852.83,-102.95
1852.94,-103.37
1853.05,-103.53
1853.15,-101.96
1853.26,-103.52
1853.37,-102.25
1853.48,-102.47
1853.59,-102.36
1853.70,-103.56
1853.81,-102.49
1853.91,-102.23
1854.02,-101.33
1854.13,-103.10
1854.24,-103.06
1854.35,-101.84
1854.46,-104.15
1854.56,-103.44
1854.67,-102.29
1854.78,-102.81
1854.89,-101.99
1855.00,-102.82
1855.11,-100.07
1855.22,-100.41
1855.32,-100.59
1855.43,-101.39
1855.54,-99.61
1855.65,-101.57
1855.76,-99.75
1855.87,-101.76
1855.97,-98.38
1856.08,-91.18
1856.19,-92.45
1856.30,-102.18
1856.41,-99.19
1856.52,-100.05
1856.63,-101.27
1856.73,-101.01
1856.84,-101.77
1856.95,-102.71
1857.06,-102.38
1857.17,-102.77
1857.28,-105.04
1857.38,-101.95
1857.49,-102.83
1857.60,-102.71
1857.71,-103.12
1857.82,-101.47
1857.93,-100.02
1858.04,-103.38
1858.14,-101.01
1858.25,-102.93
1858.36,-100.84
1858.47,-101.46
1858.58,-103.41
1858.69,-103.06
1858.80,-102.38
1858.90,-103.81
1859.01,-102.66
1859.12,-103.59
1859.23,-101.79
1859.34,-102.80
1859.45,-101.83
1859.55,-103.22
1859.66,-103.18
1859.77,-103.02
1859.88,-104.25
1859.99,-101.76
1860.10,-102.53
1860.21,-102.75
1860.31,-102.72
1860.42,-103.52
1860.53,-103.93
1860.64,-101.72
1860.75,-103.69
1860.86,-102.37
1860.96,-103.31
1861.07,-102.86
1861.18,-102.04
1861.29,-102.05
1861.40,-100.84
1861.51,-102.49
1861.62,-102.65
1861.72,-101.83
1861.83,-101.05
1861.94,-101.68
1862.05,-101.94
1862.16,-101.45
1862.27,-100.19
1862.38,-104.09
1862.48,-100.08
1862.59,-103.33
1862.70,-100.93
1862.81,-101.52
1862.92,-102.28
1863.03,-102.78
1863.13,-102.47
1863.24,-103.38
1863.35,-101.25
1863.46,-100.30
1863.57,-102.27
1863.68,-102.12
1863.79,-101.68
1863.89,-102.19
1864.00,-101.64
1864.11,-104.32
1864.22,-99.56
1864.33,-102.06
1864.44,-101.28
1864.54,-101.85
1864.65,-102.44
1864.76,-102.50
1864.87,-102.66
1864.98,-102.05
1865.09,-100.74
1865.20,-103.19
1865.30,-102.09
1865.41,-102.80
1865.52,-103.02
1865.63,-102.10
1865.74,-99.77
1865.85,-102.01
1865.95,-103.58
1866.06,-100.79
1866.17,-100.71
1866.28,-101.18
1866.39,-103.49
1866.50,-102.61
1866.61,-101.76
1866.71,-101.25
1866.82,-102.40
1866.93,-101.12
1867.04,-103.54
1867.15,-99.74
1867.26,-99.70
1867.37,-99.55
1867.47,-100.86
1867.58,-100.94
1867.69,-102.33
1867.80,-100.94
1867.91,-101.18
1868.02,-102.03
1868.12,-100.47
1868.23,-100.80
1868.34,-102.23
1868.45,-101.10
1868.56,-99.96
1868.67,-98.62
1868.78,-100.41
1868.88,-100.94
1868.99,-98.91
1869.10,-99.80
1869.21,-99.81
1869.32,-100.70
1869.43,-98.94
1869.53,-101.30
1869.64,-100.02
1869.75,-101.18
1869.86,-98.83
1869.97,-99.79
1870.08,-100.62
1870.19,-99.32
1870.29,-100.86
1870.40,-99.55
1870.51,-99.10
1870.62,-99.20
1870.73,-101.12
1870.84,-100.80
1870.94,-98.93
1871.05,-100.89
1871.16,-100.95
1871.27,-100.01
1871.38,-99.11
1871.49,-100.27
1871.60,-99.00
1871.70,-98.22
1871.81,-102.42
1871.92,-100.20
1872.03,-100.42
1872.14,-100.38
1872.25,-101.03
1872.36,-100.78
1872.46,-100.85
1872.57,-100.75
1872.68,-99.26
1872.79,-99.48
1872.90,-101.90
1873.01,-100.50
1873.11,-98.23
1873.22,-99.20
1873.33,-99.45
1873.44,-100.44
1873.55,-100.35
1873.66,-100.75
1873.77,-99.42
1873.87,-100.37
1873.98,-98.49
1874.09,-101.86
1874.20,-99.61
1874.31,-100.63
1874.42,-102.25
1874.52,-100.75
1874.63,-100.24
1874.74,-101.43
1874.85,-100.05
1874.96,-101.14
1875.07,-102.00
1875.18,-101.25
1875.28,-101.08
1875.39,-100.71
1875.50,-99.64
1875.61,-101.33
1875.72,-100.19
1875.83,-100.51
1875.93,-101.25
1876.04,-99.00
1876.15,-101.24
1876.26,-100.17
1876.37,-101.66
1876.48,-101.80
1876.59,-99.93
1876.69,-100.08
1876.80,-100.30
1876.91,-101.32
1877.02,-100.69
1877.13,-98.90
1877.24,-101.00
1877.35,-100.38
1877.45,-99.96
1877.56,-100.12
1877.67,-100.11
1877.78,-100.77
1877.89,-102.30
1878.00,-99.37
1878.10,-99.91
1878.21,-101.16
1878.32,-101.60
1878.43,-100.15
1878.54,-100.07
1878.65,-99.44
1878.76,-100.33
1878.86,-100.81
1878.97,-99.43
1879.08,-100.69
1879.19,-101.02
1879.30,-99.99
1879.41,-100.37
1879.51,-101.10
1879.62,-99.28
1879.73,-100.21
1879.84,-101.66
1879.95,-99.23
1880.06,-99.20
1880.17,-98.28
1880.27,-100.23
1880.38,-101.08
1880.49,-99.95
1880.60,-101.12
1880.71,-100.54
1880.82,-98.82
1880.92,-101.17
1881.03,-101.09
1881.14,-101.11
1881.25,-100.86
1881.36,-99.19
1881.47,-100.48
1881.58,-103.13
1881.68,-100.06
1881.79,-98.60
1881.90,-99.42
1882.01,-99.32
1882.12,-98.48
1882.23,-101.95
1882.34,-101.04
1882.44,-101.00
1882.55,-99.85
1882.66,-100.05
1882.77,-100.87
1882.88,-102.04
1882.99,-100.37
1883.09,-103.28
1883.20,-100.30
1883.31,-101.28
1883.42,-100.78
1883.53,-100.37
1883.64,-101.06
1883.75,-102.66
1883.85,-101.75
1883.96,-100.70
1884.07,-100.11
1884.18,-100.78
1884.29,-99.13
1884.40,-98.34
1884.50,-101.05
1884.61,-102.10
1884.72,-100.35
1884.83,-101.22
1884.94,-100.46
1885.05,-100.09
1885.16,-99.64
1885.26,-100.45
1885.37,-100.10
1885.48,-101.43
1885.59,-99.31
1885.70,-100.33
1885.81,-98.71
1885.91,-100.86
1886.02,-100.31
1886.13,-98.54
1886.24,-99.78
1886.35,-100.82
1886.46,-100.71
1886.57,-100.96
1886.67,-103.01
1886.78,-101.03
1886.89,-102.52
1887.00,-101.99
1887.11,-104.23
1887.22,-101.98
1887.33,-98.21
1887.43,-100.44
1887.54,-100.15
1887.65,-100.63
1887.76,-98.80
1887.87,-99.99
1887.98,-101.64
1888.08,-101.14
1888.19,-101.47
1888.30,-97.30
1888.41,-101.20
1888.52,-100.75
1888.63,-99.86
1888.74,-101.82
1888.84,-100.44
1888.95,-98.44
1889.06,-101.07
1889.17,-99.38
1889.28,-101.21
1889.39,-98.65
1889.49,-98.89
1889.60,-97.14
1889.71,-98.88
1889.82,-99.02
1889.93,-98.10
1890.04,-99.15
1890.15,-97.40
1890.25,-98.84
1890.36,-99.05
1890.47,-98.76
1890.58,-101.85
1890.69,-99.80
1890.80,-98.91
1890.90,-98.63
1891.01,-99.58
1891.12,-100.99
1891.23,-100.90
1891.34,-101.65
1891.45,-104.46
1891.56,-103.01
1891.66,-100.09
1891.77,-100.91
1891.88,-100.90
1891.99,-101.72
1892.10,-102.52
1892.21,-100.43
1892.32,-100.07
1892.42,-100.47
1892.53,-102.40
1892.64,-100.93
1892.75,-103.00
1892.86,-103.64
1892.97,-102.13
1893.07,-103.17
1893.18,-102.87
1893.29,-103.65
1893.40,-103.02
1893.51,-100.03
1893.62,-103.32
1893.73,-101.01
1893.83,-103.17
1893.94,-103.17
1894.05,-103.53
1894.16,-100.35
1894.27,-103.84
1894.38,-102.76
1894.48,-101.75
1894.59,-101.15
1894.70,-101.87
1894.81,-102.40
1894.92,-104.92
1895.03,-101.78
1895.14,-101.09
1895.24,-101.33
1895.35,-103.80
1895.46,-101.18
1895.57,-102.16
1895.68,-102.24
1895.79,-102.13
1895.89,-101.31
1896.00,-102.60
1896.11,-103.10
1896.22,-102.44
1896.33,-102.29
1896.44,-101.32
1896.55,-101.61
1896.65,-103.08
1896.76,-104.35
1896.87,-102.90
1896.98,-102.53
1897.09,-104.24
1897.20,-103.54
1897.31,-103.72
1897.41,-100.84
1897.52,-103.52
1897.63,-102.80
1897.74,-100.90
1897.85,-100.42
1897.96,-101.86
1898.06,-101.87
1898.17,-102.52
1898.28,-103.05
1898.39,-100.76
1898.50,-102.36
1898.61,-100.77
1898.72,-103.34
1898.82,-100.05
1898.93,-102.59
1899.04,-101.00
1899.15,-93.02
1899.26,-101.36
1899.37,-101.49
1899.47,-101.29
1899.58,-103.10
1899.69,-102.41
1899.80,-103.00
1899.80,-102.87
1899.91,-102.97
1900.02,-102.33
1900.13,-102.55
1900.23,-100.16
1900.34,-103.38
1900.45,-102.22
1900.56,-101.47
1900.67,-104.61
1900.78,-102.19
1900.88,-103.08
1900.99,-102.80
1901.10,-104.91
1901.21,-104.45
1901.32,-101.74
1901.43,-104.99
1901.54,-104.53
1901.64,-102.86
1901.75,-103.44
1901.86,-103.88
1901.97,-101.46
1902.08,-103.34
1902.19,-104.51
1902.30,-103.28
1902.40,-102.96
1902.51,-104.11
1902.62,-103.50
1902.73,-101.67
1902.84,-102.97
1902.95,-103.49
1903.05,-103.83
1903.16,-101.71
1903.27,-104.45
1903.38,-104.00
1903.49,-104.20
1903.60,-102.67
1903.71,-102.91
1903.81,-104.35
1903.92,-105.51
1904.03,-102.11
1904.14,-103.65
1904.25,-99.83
1904.36,-103.49
1904.46,-101.72
1904.57,-102.28
1904.68,-104.21
1904.79,-104.09
1904.90,-102.72
1905.01,-102.75
1905.12,-101.33
1905.22,-102.65
1905.33,-104.79
1905.44,-103.43
1905.55,-102.63
1905.66,-100.90
1905.77,-103.29
1905.87,-104.32
1905.98,-104.54
1906.09,-103.64
1906.20,-103.56
1906.31,-103.33
1906.42,-104.16
1906.53,-104.94
1906.63,-104.18
1906.74,-104.46
1906.85,-104.20
1906.96,-103.15
1907.07,-102.96
1907.18,-104.14
1907.29,-104.01
1907.39,-103.24
1907.50,-101.86
1907.61,-104.42
1907.72,-101.76
1907.83,-102.86
1907.94,-101.81
1908.04,-102.44
1908.15,-104.62
1908.26,-104.04
1908.37,-102.83
1908.48,-105.01
1908.59,-102.18
1908.70,-101.98
1908.80,-102.86
1908.91,-104.82
1909.02,-100.78
1909.13,-103.04
1909.24,-102.39
1909.35,-103.23
1909.45,-100.94
1909.56,-99.87
1909.67,-102.45
1909.78,-103.01
1909.89,-102.07
1910.00,-103.47
1910.11,-103.42
1910.21,-102.03
1910.32,-103.87
1910.43,-101.94
1910.54,-101.92
1910.65,-103.61
1910.76,-103.80
1910.86,-103.58
1910.97,-103.84
1911.08,-102.10
1911.19,-102.41
1911.30,-103.98
1911.41,-102.73
1911.52,-102.78
1911.62,-103.10
1911.73,-102.99
1911.84,-103.66
1911.95,-103.28
1912.06,-104.43
1912.17,-101.13
1912.28,-102.20
1912.38,-101.83
1912.49,-102.54
1912.60,-104.34
1912.71,-103.61
1912.82,-102.89
1912.93,-103.07
1913.03,-101.39
1913.14,-103.64
1913.25,-101.88
1913.36,-102.09
1913.47,-102.95
1913.58,-100.99
1913.69,-101.18
1913.79,-102.73
1913.90,-100.83
1914.01,-102.04
1914.12,-101.24
1914.23,-101.52
1914.34,-103.35
1914.44,-102.70
1914.55,-102.44
1914.66,-101.99
1914.77,-103.61
1914.88,-104.07
1914.99,-101.16
1915.10,-101.96
1915.20,-101.78
1915.31,-101.85
1915.42,-102.94
1915.53,-104.13
1915.64,-103.07
1915.75,-102.76
1915.85,-101.99
1915.96,-102.59
1916.07,-102.73
1916.18,-103.87
1916.29,-100.62
1916.40,-101.70
1916.51,-103.31
1916.61,-102.92
1916.72,-102.69
1916.83,-102.30
1916.94,-103.38
1917.05,-101.12
1917.16,-103.73
1917.27,-103.13
1917.37,-101.80
1917.48,-101.98
1917.59,-102.24
1917.70,-101.76
1917.81,-103.44
1917.92,-102.31
1918.02,-101.09
1918.13,-103.13
1918.24,-102.96
1918.35,-102.86
1918.46,-103.96
1918.57,-103.46
1918.68,-102.45
1918.78,-102.70
1918.89,-100.67
1919.00,-102.71
1919.11,-102.69
1919.22,-103.04
1919.33,-104.58
1919.43,-102.70
1919.54,-103.68
1919.65,-101.75
1919.76,-104.00
1919.87,-103.71
1919.98,-97.13
1920.09,-101.60
1920.19,-102.45
1920.30,-101.94
1920.41,-102.51
1920.52,-101.54
1920.63,-101.78
1920.74,-101.02
1920.84,-100.68
1920.95,-101.57
1921.06,-103.03
1921.17,-102.31
1921.28,-102.14
1921.39,-103.25
1921.50,-103.52
1921.60,-101.85
1921.71,-102.54
1921.82,-102.71
1921.93,-100.92
1922.04,-101.99
1922.15,-102.29
1922.26,-103.56
1922.36,-102.35
1922.47,-100.83
1922.58,-102.25
1922.69,-102.41
1922.80,-100.80
1922.91,-100.28
1923.01,-101.68
1923.12,-101.62
1923.23,-102.24
1923.34,-101.50
1923.45,-102.06
1923.56,-100.13
1923.67,-99.39
1923.77,-101.53
1923.88,-100.77
1923.99,-100.47
1924.10,-102.24
1924.21,-101.10
1924.32,-99.11
1924.42,-100.89
1924.53,-99.85
1924.64,-100.41
1924.75,-99.89
1924.86,-100.32
1924.97,-97.92
1925.08,-100.76
1925.18,-99.98
1925.29,-100.40
1925.40,-98.51
1925.51,-99.69
1925.62,-98.21
1925.73,-98.70
1925.83,-99.62
1925.94,-100.29
1926.05,-101.32
1926.16,-102.44
1926.27,-101.91
1926.38,-101.51
1926.49,-100.67
1926.59,-99.72
1926.70,-99.78
1926.81,-101.71
1926.92,-101.41
1927.03,-102.57
1927.14,-101.13
1927.24,-101.06
1927.35,-102.25
1927.46,-102.31
1927.57,-103.68
1927.68,-102.18
1927.79,-102.14
1927.90,-103.02
1928.00,-100.95
1928.11,-103.01
1928.22,-103.60
1928.33,-103.50
1928.44,-102.73
1928.55,-101.92
1928.66,-104.00
1928.76,-103.07
1928.87,-101.97
1928.98,-103.68
1929.09,-102.31
1929.20,-100.60
1929.31,-103.33
1929.41,-102.13
1929.52,-102.15
1929.63,-103.92
1929.74,-102.67
1929.85,-103.14
1929.96,-104.73
1930.07,-102.92
1930.17,-101.95
1930.28,-101.69
1930.39,-100.03
1930.50,-102.43
1930.61,-103.13
1930.72,-102.56
1930.82,-103.96
1930.93,-102.63
1931.04,-102.03
1931.15,-103.11
1931.26,-101.87
1931.37,-102.69
1931.48,-101.67
1931.58,-101.38
1931.69,-102.12
1931.80,-102.34
1931.91,-101.94
1932.02,-101.77
1932.13,-102.20
1932.23,-102.23
1932.34,-99.52
1932.45,-102.69
1932.56,-101.18
1932.67,-100.10
1932.78,-102.98
1932.89,-95.30
1932.99,-97.43
1933.10,-100.43
1933.21,-100.55
1933.32,-98.25
1933.43,-96.90
1933.54,-100.35
1933.65,-102.83
1933.75,-102.88
1933.86,-102.10
1933.97,-101.19
1934.08,-101.89
1934.19,-101.57
1934.30,-101.23
1934.40,-100.41
1934.51,-100.44
1934.62,-101.72
1934.73,-102.21
1934.84,-100.64
1934.95,-100.87
1935.06,-101.63
1935.16,-100.13
1935.27,-100.93
1935.38,-100.98
1935.49,-102.00
1935.60,-101.30
1935.71,-99.27
1935.81,-97.89
1935.92,-96.09
1936.03,-97.75
1936.14,-101.06
1936.25,-100.50
1936.36,-99.13
1936.47,-100.71
1936.57,-101.50
1936.68,-97.66
1936.79,-103.31
1936.90,-100.23
1937.01,-101.58
1937.12,-100.12
1937.22,-102.38
1937.33,-100.81
1937.44,-100.54
1937.55,-100.40
1937.66,-100.92
1937.77,-101.90
1937.88,-102.09
1937.98,-101.22
1938.09,-103.79
1938.20,-100.48
1938.31,-102.45
1938.42,-101.18
1938.53,-102.05
1938.64,-100.34
1938.74,-102.76
1938.85,-101.95
1938.96,-98.73
1939.07,-100.28
1939.18,-101.90
1939.29,-101.87
1939.39,-101.29
1939.50,-102.24
1939.61,-103.03
1939.72,-99.52
1939.83,-100.58
1939.94,-100.91
1940.05,-98.74
1940.15,-97.74
1940.26,-97.10
1940.37,-99.17
1940.48,-96.57
1940.59,-100.35
1940.70,-100.93
1940.80,-103.35
1940.91,-101.59
1941.02,-101.15
1941.13,-101.42
1941.24,-100.48
1941.35,-101.86
1941.46,-101.54
1941.56,-100.23
1941.67,-101.39
1941.78,-101.19
1941.89,-100.89
1942.00,-102.45
1942.11,-102.00
1942.21,-102.95
1942.32,-103.01
1942.43,-99.79
1942.54,-102.83
1942.65,-101.89
1942.76,-102.63
1942.87,-100.07
1942.97,-101.66
1943.08,-102.80
1943.19,-103.18
1943.30,-102.73
1943.41,-103.72
1943.52,-103.33
1943.63,-100.64
1943.73,-102.78
1943.84,-100.15
1943.95,-100.40
1944.06,-102.15
1944.17,-102.35
1944.28,-101.49
1944.38,-102.19
1944.49,-102.12
1944.60,-103.71
1944.71,-100.53
1944.82,-104.39
1944.93,-102.53
1945.04,-101.95
1945.14,-103.56
1945.25,-102.91
1945.36,-101.76
1945.47,-103.64
1945.58,-101.38
1945.69,-103.12
1945.79,-101.46
1945.90,-101.33
1946.01,-100.40
1946.12,-102.33
1946.23,-98.75
1946.34,-101.20
1946.45,-100.85
1946.55,-100.95
1946.66,-100.34
1946.77,-101.65
1946.88,-98.34
1946.99,-99.13
1947.10,-102.53
1947.20,-101.68
1947.31,-99.34
1947.42,-100.75
1947.53,-99.61
1947.64,-100.49
1947.75,-99.98
1947.86,-100.39
1947.96,-99.62
1948.07,-100.21
1948.18,-98.07
1948.29,-98.75
1948.40,-100.73
1948.51,-98.13
1948.62,-96.06
1948.72,-98.12
1948.83,-100.57
1948.94,-99.70
1949.05,-98.88
1949.16,-99.65
1949.27,-98.28
1949.37,-100.28
1949.48,-100.22
1949.59,-102.61
1949.70,-100.99
1949.70,-103.52
1949.81,-103.21
1949.92,-103.46
1950.03,-103.67
1950.13,-99.23
1950.24,-100.64
1950.35,-97.91
1950.46,-100.50
1950.57,-88.73
1950.68,-101.87
1950.78,-100.80
1950.89,-100.58
1951.00,-101.12
1951.11,-99.32
1951.22,-96.89
1951.33,-98.34
1951.44,-103.17
1951.54,-95.83
1951.65,-102.24
1951.76,-102.24
1951.87,-99.71
1951.98,-97.89
1952.09,-99.32
1952.19,-99.35
1952.30,-97.94
1952.41,-99.98
1952.52,-97.45
1952.63,-96.42
1952.74,-97.23
1952.85,-96.30
1952.95,-99.77
1953.06,-99.69
1953.17,-95.80
1953.28,-99.64
1953.39,-98.78
1953.50,-98.16
1953.61,-97.83
1953.71,-100.04
1953.82,-102.08
1953.93,-99.07
1954.04,-99.79
1954.15,-95.14
1954.26,-98.41
1954.36,-98.22
1954.47,-96.30
1954.58,-96.13
1954.69,-99.57
1954.80,-97.37
1954.91,-98.02
1955.02,-98.60
1955.12,-101.19
1955.23,-99.81
1955.34,-96.62
1955.45,-97.81
1955.56,-99.06
1955.67,-98.13
1955.77,-99.68
1955.88,-99.18
1955.99,-99.06
1956.10,-98.89
1956.21,-99.26
1956.32,-98.31
1956.43,-95.15
1956.53,-96.62
1956.64,-96.36
1956.75,-98.43
1956.86,-94.45
1956.97,-97.12
1957.08,-101.00
1957.18,-98.88
1957.29,-98.95
1957.40,-97.86
1957.51,-99.68
1957.62,-99.81
1957.73,-96.99
1957.84,-98.39
1957.94,-97.35
1958.05,-97.58
1958.16,-94.31
1958.27,-94.72
1958.38,-96.48
1958.49,-97.38
1958.60,-101.48
1958.70,-103.40
1958.81,-98.25
1958.92,-98.53
1959.03,-101.52
1959.14,-101.90
1959.25,-98.21
1959.35,-101.07
1959.46,-95.54
1959.57,-98.53
1959.68,-96.29
1959.79,-94.66
1959.90,-97.03
1960.01,-93.26
1960.11,-97.17
1960.22,-95.65
1960.33,-98.51
1960.44,-96.46
1960.55,-96.38
1960.66,-94.07
1960.76,-97.10
1960.87,-94.86
1960.98,-92.86
1961.09,-95.20
1961.20,-96.45
1961.31,-97.13
1961.42,-98.88
1961.52,-99.27
1961.63,-99.32
1961.74,-98.34
1961.85,-96.62
1961.96,-96.96
1962.07,-97.52
1962.17,-97.30
1962.28,-98.19
1962.39,-99.57
1962.50,-99.08
1962.61,-98.57
1962.72,-99.35
1962.83,-93.76
1962.93,-101.05
1963.04,-96.43
1963.15,-99.44
1963.26,-94.03
1963.37,-94.84
1963.48,-95.62
1963.59,-97.49
1963.69,-96.09
1963.80,-96.64
1963.91,-97.98
1964.02,-98.27
1964.13,-98.49
1964.24,-95.34
1964.34,-97.66
1964.45,-99.98
1964.56,-100.45
1964.67,-99.16
1964.78,-98.45
1964.89,-98.46
1965.00,-100.93
1965.10,-98.92
1965.21,-98.75
1965.32,-98.94
1965.43,-96.57
1965.54,-98.44
1965.65,-98.03
1965.75,-96.31
1965.86,-97.47
1965.97,-97.10
1966.08,-98.59
1966.19,-97.37
1966.30,-98.47
1966.41,-97.38
1966.51,-98.38
1966.62,-98.15
1966.73,-99.19
1966.84,-97.84
1966.95,-100.86
1967.06,-100.16
1967.16,-99.82
1967.27,-102.13
1967.38,-99.73
1967.49,-101.94
1967.60,-98.43
1967.71,-101.60
1967.82,-100.75
1967.92,-101.03
1968.03,-97.70
1968.14,-100.23
1968.25,-100.51
1968.36,-99.34
1968.47,-100.24
1968.58,-99.49
1968.68,-97.92
1968.79,-100.67
1968.90,-98.66
1969.01,-100.87
1969.12,-101.86
1969.23,-102.31
1969.33,-102.70
1969.44,-102.27
1969.55,-103.88
1969.66,-101.82
1969.77,-101.80
1969.88,-103.31
1969.99,-99.54
1970.09,-103.82
1970.20,-103.68
1970.31,-102.10
1970.42,-101.02
1970.53,-102.41
1970.64,-102.78
1970.74,-102.75
1970.85,-101.00
1970.96,-100.24
1971.07,-101.00
1971.18,-101.21
1971.29,-103.58
1971.40,-102.64
1971.50,-103.10
1971.61,-103.96
1971.72,-101.01
1971.83,-102.58
1971.94,-101.62
1972.05,-100.16
1972.15,-103.36
1972.26,-101.15
1972.37,-102.33
1972.48,-101.73
1972.59,-101.92
1972.70,-102.00
1972.81,-101.93
1972.91,-100.86
1973.02,-100.62
1973.13,-101.57
1973.24,-100.78
1973.35,-102.73
1973.46,-99.60
1973.57,-101.03
1973.67,-102.82
1973.78,-102.61
1973.89,-101.81
1974.00,-101.62
1974.11,-101.70
1974.22,-104.84
1974.32,-102.83
1974.43,-102.53
1974.54,-103.71
1974.65,-102.04
1974.76,-101.52
1974.87,-103.19
1974.98,-102.68
1975.08,-103.57
1975.19,-102.58
1975.30,-101.19
1975.41,-103.07
1975.52,-102.87
1975.63,-102.38
1975.73,-102.16
1975.84,-100.83
1975.95,-103.64
1976.06,-103.10
1976.17,-101.92
1976.28,-102.95
1976.39,-103.29
1976.49,-103.21
1976.60,-103.93
1976.71,-101.96
1976.82,-102.80
1976.93,-102.62
1977.04,-102.25
1977.14,-101.54
1977.25,-102.09
1977.36,-100.04
1977.47,-101.06
1977.58,-100.88
1977.69,-101.44
1977.80,-100.42
1977.90,-100.85
1978.01,-102.58
1978.12,-101.48
1978.23,-101.28
1978.34,-102.16
1978.45,-101.73
1978.56,-100.57
1978.66,-100.74
1978.77,-99.71
1978.88,-100.75
1978.99,-100.51
1979.10,-99.06
1979.21,-100.60
1979.31,-101.70
1979.42,-100.53
1979.53,-99.38
1979.64,-100.46
1979.75,-101.02
1979.86,-100.65
1979.97,-99.04
1980.07,-98.42
1980.18,-100.20
1980.29,-98.05
1980.40,-97.08
1980.51,-95.13
1980.62,-95.35
1980.72,-99.54
1980.83,-99.49
1980.94,-98.81
1981.05,-99.75
1981.16,-97.88
1981.27,-101.98
1981.38,-97.63
1981.48,-99.13
1981.59,-98.89
1981.70,-100.66
1981.81,-99.73
1981.92,-99.58
1982.03,-97.65
1982.13,-101.76
1982.24,-101.66
1982.35,-95.55
1982.46,-101.45
1982.57,-103.20
1982.68,-98.83
1982.79,-100.92
1982.89,-102.36
1983.00,-98.85
1983.11,-101.45
1983.22,-100.32
1983.33,-97.67
1983.44,-98.47
1983.55,-100.92
1983.65,-103.49
1983.76,-104.22
1983.87,-101.48
1983.98,-102.64
1984.09,-105.38
1984.20,-103.34
1984.30,-99.43
1984.41,-103.79
1984.52,-102.40
1984.63,-103.27
1984.74,-103.86
1984.85,-104.77
1984.96,-100.22
1985.06,-104.29
1985.17,-99.26
1985.28,-93.57
1985.39,-98.45
1985.50,-95.93
1985.61,-99.11
1985.71,-98.28
1985.82,-98.47
1985.93,-104.39
1986.04,-104.19
1986.15,-100.51
1986.26,-103.17
1986.37,-101.89
1986.47,-102.05
1986.58,-100.35
1986.69,-97.50
1986.80,-100.64
1986.91,-102.80
1987.02,-96.27
1987.12,-104.43
1987.23,-104.47
1987.34,-103.86
1987.45,-100.20
1987.56,-103.04
1987.67,-103.56
1987.78,-103.21
1987.88,-104.49
1987.99,-102.51
1988.10,-106.05
1988.21,-102.13
1988.32,-101.27
1988.43,-100.79
1988.54,-102.15
1988.64,-102.52
1988.75,-103.10
1988.86,-103.30
1988.97,-99.70
1989.08,-100.12
1989.19,-102.63
1989.29,-99.03
1989.40,-96.80
1989.51,-95.66
1989.62,-94.19
1989.73,-98.04
1989.84,-103.08
1989.95,-103.93
1990.05,-101.41
1990.16,-102.47
1990.27,-101.92
1990.38,-102.61
1990.49,-105.38
1990.60,-102.23
1990.70,-102.24
1990.81,-103.96
1990.92,-103.20
1991.03,-102.35
1991.14,-104.54
1991.25,-101.04
1991.36,-98.73
1991.46,-102.25
1991.57,-101.18
1991.68,-102.68
1991.79,-103.63
1991.90,-98.35
1992.01,-102.02
1992.12,-102.79
1992.22,-99.75
1992.33,-104.89
1992.44,-102.14
1992.55,-102.59
1992.66,-102.51
1992.77,-104.07
1992.87,-104.18
1992.98,-101.78
1993.09,-102.49
1993.20,-102.49
1993.31,-102.69
1993.42,-100.49
1993.53,-102.25
1993.63,-100.56
1993.74,-103.75
1993.85,-102.10
1993.96,-103.52
1994.07,-103.75
1994.18,-103.54
1994.28,-102.30
1994.39,-103.70
1994.50,-101.94
1994.61,-103.30
1994.72,-102.62
1994.83,-104.44
1994.94,-104.56
1995.04,-102.62
1995.15,-101.72
1995.26,-103.75
1995.37,-103.00
1995.48,-103.17
1995.59,-103.02
1995.69,-105.08
1995.80,-101.51
1995.91,-103.09
1996.02,-104.36
1996.13,-103.08
1996.24,-103.19
1996.35,-103.40
1996.45,-102.68
1996.56,-104.80
1996.67,-103.61
1996.78,-102.86
1996.89,-102.31
1997.00,-102.37
1997.11,-104.46
1997.21,-100.89
1997.32,-103.35
1997.43,-103.22
1997.54,-103.88
1997.65,-101.10
1997.76,-103.79
1997.86,-102.45
1997.97,-102.90
1998.08,-103.81
1998.19,-101.78
1998.30,-104.17
1998.41,-100.17
1998.52,-102.16
1998.62,-103.30
1998.73,-102.65
1998.84,-101.98
1998.95,-103.09
1999.06,-103.79
1999.17,-103.53
1999.27,-102.85
1999.38,-102.78
1999.49,-103.76
1999.60,-101.75
1999.60,-101.32
1999.60,-103.10
1999.60,-103.12
1999.60,-101.60
1999.60,-105.63
1999.60,-104.35
1999.61,-105.32
1999.61,-103.99
1999.61,-103.08
1999.61,-103.32
1999.61,-101.76
1999.61,-104.31
1999.61,-104.11
1999.61,-103.49
1999.61,-103.13
1999.61,-104.40
1999.61,-104.50
1999.61,-105.35
1999.62,-101.48
1999.62,-105.67
1999.62,-103.34
1999.62,-102.71
1999.62,-105.24
1999.62,-105.11
1999.62,-101.37
1999.62,-104.72
1999.62,-103.55
1999.62,-105.18
1999.62,-103.79
1999.63,-102.15
1999.63,-105.20
1999.63,-102.59
1999.63,-104.84
1999.63,-101.71
1999.63,-103.00
1999.63,-102.61
1999.63,-103.96
1999.63,-103.46
1999.63,-104.27
1999.63,-102.24
1999.63,-103.54
1999.64,-104.17
1999.64,-105.48
1999.64,-102.62
1999.64,-104.17
1999.64,-106.89
1999.64,-104.27
1999.64,-105.12
1999.64,-105.47
1999.64,-103.68
1999.64,-104.53
1999.64,-104.13
1999.65,-106.36
1999.65,-105.99
1999.65,-104.77
1999.65,-105.23
1999.65,-104.37
1999.65,-102.79
1999.65,-103.72
1999.65,-105.58
1999.65,-104.98
1999.65,-104.63
1999.65,-104.53
1999.65,-103.61
1999.66,-104.68
1999.66,-105.01
1999.66,-104.57
1999.66,-103.58
1999.66,-105.90
1999.66,-106.27
1999.66,-103.28
1999.66,-100.75
1999.66,-101.10
1999.66,-104.33
1999.66,-102.15
1999.67,-101.19
1999.67,-103.20
1999.67,-103.37
1999.67,-102.52
1999.67,-104.55
1999.67,-104.73
1999.67,-105.29
1999.67,-103.71
1999.67,-105.60
1999.67,-104.66
1999.67,-104.48
1999.67,-105.50
1999.68,-103.26
1999.68,-102.52
1999.68,-103.02
1999.68,-101.49
1999.68,-104.50
1999.68,-103.81
1999.68,-104.03
1999.68,-102.51
1999.68,-104.83
1999.68,-103.09
1999.68,-102.95
1999.69,-102.35
1999.69,-104.28
1999.69,-103.65
1999.69,-106.17
1999.69,-103.82
1999.69,-103.03
1999.69,-102.82
1999.69,-102.83
1999.69,-103.66
1999.69,-102.74
1999.69,-105.44
1999.69,-101.65
1999.70,-103.39
1999.70,-102.52
1999.70,-104.24
1999.70,-101.68
1999.70,-102.95
1999.70,-101.90
1999.70,-103.29
1999.70,-105.62
1999.70,-104.29
1999.70,-103.63
1999.70,-103.26
1999.71,-101.93
1999.71,-106.56
1999.71,-102.57
1999.71,-100.75
1999.71,-103.27
1999.71,-102.15
1999.71,-102.42
1999.71,-104.16
1999.71,-102.24
1999.71,-102.82
1999.71,-103.68
1999.71,-105.05
1999.72,-103.68
1999.72,-102.07
1999.72,-105.42
1999.72,-104.77
1999.72,-102.54
1999.72,-104.97
1999.72,-102.86
1999.72,-105.60
1999.72,-102.18
1999.72,-104.72
1999.72,-104.48
1999.73,-105.68
1999.73,-103.88
1999.73,-103.97
1999.73,-103.18
1999.73,-103.71
1999.73,-102.52
1999.73,-104.58
1999.73,-103.50
1999.73,-101.88
1999.73,-105.48
1999.73,-104.64
1999.73,-103.30
1999.74,-103.74
1999.74,-101.77
1999.74,-104.84
1999.74,-101.33
1999.74,-103.27
1999.74,-102.41
1999.74,-103.02
1999.74,-106.95
1999.74,-104.90
1999.74,-104.53
1999.74,-104.07
1999.75,-101.88
1999.75,-105.98
1999.75,-103.59
1999.75,-102.88
1999.75,-103.26
1999.75,-103.50
1999.75,-103.70
1999.75,-100.44
1999.75,-102.87
1999.75,-105.20
1999.75,-104.80
1999.75,-103.51
1999.76,-105.48
1999.76,-103.04
1999.76,-103.02
1999.76,-104.01
1999.76,-102.61
1999.76,-106.14
1999.76,-104.78
1999.76,-101.79
1999.76,-101.95
1999.76,-105.60
1999.76,-104.71
1999.77,-103.10
1999.77,-103.71
1999.77,-102.85
1999.77,-102.71
1999.77,-104.86
1999.77,-104.89
1999.77,-104.06
1999.77,-102.87
1999.77,-104.15
1999.77,-103.41
1999.77,-104.68
1999.77,-103.98
1999.78,-103.50
1999.78,-102.45
1999.78,-100.71
1999.78,-102.29
1999.78,-100.49
1999.78,-104.62
1999.78,-103.13
1999.78,-102.68
1999.78,-104.36
1999.78,-104.80
1999.78,-103.38
1999.79,-104.27
1999.79,-104.22
1999.79,-106.19
1999.79,-104.86
1999.79,-103.68
1999.79,-103.37
1999.79,-105.00
1999.79,-104.97
1999.79,-102.51
1999.79,-104.50
1999.79,-103.06
1999.79,-106.01
1999.80,-101.95
1999.80,-105.51
1999.80,-103.50
1999.80,-102.71
1999.80,-103.97
1999.80,-103.33
1999.80,-103.06
1999.80,-105.04
1999.80,-106.57
1999.80,-102.32
1999.80,-102.86
1999.81,-103.83
1999.81,-103.56
1999.81,-105.59
1999.81,-103.66
1999.81,-104.01
1999.81,-103.69
1999.81,-104.18
1999.81,-102.43
1999.81,-104.92
1999.81,-106.80
1999.81,-102.65
1999.81,-104.14
1999.82,-107.41
1999.82,-105.13
1999.82,-102.80
1999.82,-105.40
1999.82,-103.08
1999.82,-105.30
1999.82,-105.02
1999.82,-103.20
1999.82,-104.87
1999.82,-103.91
1999.82,-106.25
1999.83,-103.53
1999.83,-101.29
1999.83,-104.55
1999.83,-105.11
1999.83,-103.86
1999.83,-104.62
1999.83,-104.51
1999.83,-104.36
1999.83,-104.38
1999.83,-102.42
1999.83,-103.76
1999.83,-105.36
1999.84,-103.25
1999.84,-103.01
1999.84,-104.05
1999.84,-103.22
1999.84,-103.20
1999.84,-99.73
1999.84,-103.99
1999.84,-103.96
1999.84,-103.62
1999.84,-103.77
1999.84,-103.13
1999.85,-102.31
1999.85,-104.61
1999.85,-101.79
1999.85,-105.34
1999.85,-104.43
1999.85,-104.75
1999.85,-102.29
1999.85,-104.43
1999.85,-103.56
1999.85,-103.57
1999.85,-103.89
1999.85,-103.63
1999.86,-103.64
1999.86,-104.00
1999.86,-104.08
1999.86,-104.32
1999.86,-102.69
1999.86,-103.11
1999.86,-102.32
1999.86,-102.89
1999.86,-102.56
1999.86,-103.46
1999.86,-102.67
1999.87,-103.58
1999.87,-105.23
1999.87,-103.21
1999.87,-101.24
1999.87,-103.36
1999.87,-102.57
1999.87,-103.55
1999.87,-100.90
1999.87,-103.50
1999.87,-103.87
1999.87,-103.26
1999.87,-100.97
1999.88,-104.01
1999.88,-103.43
1999.88,-105.25
1999.88,-103.82
1999.88,-102.81
1999.88,-104.13
1999.88,-105.69
1999.88,-104.01
1999.88,-103.33
1999.88,-103.93
1999.88,-104.21
1999.89,-103.92
1999.89,-101.78
1999.89,-103.82
1999.89,-101.82
1999.89,-103.13
1999.89,-104.63
1999.89,-103.74
1999.89,-102.58
1999.89,-101.75
1999.89,-101.39
1999.89,-104.47
1999.89,-104.06
1999.90,-103.44
1999.90,-103.29
1999.90,-103.73
1999.90,-103.71
1999.90,-104.49
1999.90,-102.40
1999.90,-102.01
1999.90,-102.38
1999.90,-103.10
1999.90,-102.40
1999.90,-101.00
1999.91,-102.76
1999.91,-102.36
1999.91,-101.91
1999.91,-102.66
1999.91,-101.81
1999.91,-102.07
1999.91,-103.34
1999.91,-103.64
1999.91,-104.06
1999.91,-102.10
1999.91,-101.96
1999.91,-101.79
1999.92,-102.43
1999.92,-100.75
1999.92,-102.20
1999.92,-104.04
1999.92,-100.67
1999.92,-103.85
1999.92,-103.42
1999.92,-99.76
1999.92,-104.35
1999.92,-102.77
1999.92,-101.91
1999.93,-102.19
1999.93,-102.11
1999.93,-102.21
1999.93,-101.64
1999.93,-102.63
1999.93,-103.00
1999.93,-101.60
1999.93,-100.90
1999.93,-103.49
1999.93,-101.00
1999.93,-102.76
1999.93,-102.35
1999.94,-100.48
1999.94,-102.19
1999.94,-101.85
1999.94,-102.23
1999.94,-100.33
1999.94,-100.92
1999.94,-100.82
1999.94,-100.35
1999.94,-101.44
1999.94,-100.62
1999.94,-102.21
1999.95,-100.63
1999.95,-98.88
1999.95,-102.36
1999.95,-102.04
1999.95,-100.28
1999.95,-99.74
1999.95,-101.78
1999.95,-100.70
1999.95,-100.74
1999.95,-100.09
1999.95,-100.97
1999.95,-101.92
1999.96,-100.60
1999.96,-100.34
1999.96,-102.21
1999.96,-99.61
1999.96,-101.30
1999.96,-100.19
1999.96,-101.19
1999.96,-98.62
1999.96,-100.67
1999.96,-100.39
1999.96,-100.76
1999.97,-100.81
1999.97,-99.21
1999.97,-99.96
1999.97,-98.90
1999.97,-97.92
1999.97,-101.25
1999.97,-97.03
1999.97,-100.65
1999.97,-102.06
1999.97,-101.13
1999.97,-100.72
1999.97,-100.69
1999.98,-98.83
1999.98,-100.71
1999.98,-97.59
1999.98,-99.70
1999.98,-99.37
1999.98,-100.80
1999.98,-101.39
1999.98,-100.42
1999.98,-99.48
1999.98,-101.30
1999.98,-100.54
1999.99,-99.65
1999.99,-100.50
1999.99,-101.47
1999.99,-99.90
1999.99,-100.51
1999.99,-100.51
1999.99,-101.15
1999.99,-99.76
1999.99,-100.69
1999.99,-100.08
1999.99,-100.15
1999.99,-99.42
2000.00,-100.42
2000.00,-95.37
2000.00,-97.32
2000.00,-99.47
2000.00,-100.52
2000.00,-98.58
2400.00,-90.89
2400.11,-95.11
2400.22,-104.08
2400.33,-104.02
2400.43,-104.94
2400.54,-102.52
2400.65,-105.99
2400.76,-105.88
2400.87,-105.33
2400.98,-106.08
2401.08,-103.91
2401.19,-95.57
2401.30,-101.53
2401.41,-78.90
2401.52,-77.21
2401.63,-99.23
2401.74,-99.46
2401.84,-85.89
2401.95,-90.12
2402.06,-105.01
2402.17,-100.13
2402.28,-91.45
2402.39,-99.09
2402.49,-98.91
2402.60,-72.49
2402.71,-81.83
2402.82,-99.65
2402.93,-98.96
2403.04,-96.97
2403.15,-95.89
2403.25,-98.05
2403.36,-96.13
2403.47,-95.01
2403.58,-98.55
2403.69,-99.05
2403.80,-95.76
2403.91,-94.77
2404.01,-94.08
2404.12,-93.18
2404.23,-91.15
2404.34,-92.31
2404.45,-91.70
2404.56,-90.69
2404.66,-95.20
2404.77,-106.11
2404.88,-103.44
2404.99,-104.80
2405.10,-103.28
2405.21,-104.62
2405.32,-106.20
2405.42,-103.60
2405.53,-103.96
2405.64,-101.82
2405.75,-97.14
2405.86,-92.70
2405.97,-86.78
2406.07,-91.44
2406.18,-90.91
2406.29,-90.47
2406.40,-94.65
2406.51,-94.53
2406.62,-89.40
2406.73,-92.03
2406.83,-86.30
2406.94,-83.89
2407.05,-84.99
2407.16,-83.47
2407.27,-84.25
2407.38,-86.84
2407.49,-85.77
2407.59,-82.30
2407.70,-82.94
2407.81,-84.55
2407.92,-86.26
2408.03,-83.35
2408.14,-86.96
2408.24,-84.89
2408.35,-83.34
2408.46,-81.75
2408.57,-82.96
2408.68,-84.90
2408.79,-87.90
2408.90,-84.95
2409.00,-85.75
2409.11,-80.89
2409.22,-86.58
2409.33,-84.23
2409.44,-79.36
2409.55,-82.00
2409.65,-85.02
2409.76,-83.84
2409.87,-81.22
2409.98,-79.18
2410.09,-81.30
2410.20,-82.01
2410.31,-80.38
2410.41,-82.21
2410.52,-82.74
2410.63,-83.33
2410.74,-83.13
2410.85,-83.53
2410.96,-78.91
2411.06,-80.07
2411.17,-80.68
2411.28,-83.62
2411.39,-82.17
2411.50,-80.83
2411.61,-84.34
2411.72,-87.65
2411.82,-91.32
2411.93,-93.79
2412.04,-95.37
2412.15,-92.84
2412.26,-92.24
2412.37,-88.48
2412.47,-83.72
2412.58,-86.30
2412.69,-86.06
2412.80,-85.95
2412.91,-86.07
2413.02,-88.34
2413.13,-89.16
2413.23,-88.54
2413.34,-87.90
2413.45,-91.95
2413.56,-93.75
2413.67,-88.46
2413.78,-90.25
2413.89,-90.26
2413.99,-91.92
2414.10,-90.72
2414.21,-94.52
2414.32,-88.44
2414.43,-87.89
2414.54,-93.50
2414.64,-91.90
2414.75,-88.52
2414.86,-89.80
2414.97,-90.91
2415.08,-92.53
2415.19,-89.93
2415.30,-88.87
2415.40,-89.96
2415.51,-96.06
2415.62,-89.17
2415.73,-88.86
2415.84,-90.37
2415.95,-94.33
2416.05,-87.40
2416.16,-94.64
2416.27,-90.56
2416.38,-95.52
2416.49,-98.89
2416.60,-100.78
2416.71,-99.91
2416.81,-102.79
2416.92,-99.43
2417.03,-98.71
2417.14,-98.97
2417.25,-101.11
2417.36,-104.83
2417.47,-104.42
2417.57,-100.94
2417.68,-103.99
2417.79,-103.13
2417.90,-75.51
2418.01,-103.37
2418.12,-102.79
2418.22,-98.74
2418.33,-102.13
2418.44,-96.71
2418.55,-101.42
2418.66,-97.39
2418.77,-96.16
2418.88,-93.71
2418.98,-93.83
2419.09,-93.73
2419.20,-99.63
2419.31,-97.29
2419.42,-98.93
2419.53,-96.00
2419.63,-95.57
2419.74,-99.86
2419.85,-97.08
2419.96,-96.62
2420.07,-98.58
2420.18,-99.00
2420.29,-100.47
2420.39,-99.99
2420.50,-96.02
2420.61,-98.64
2420.72,-99.81
2420.83,-98.17
2420.94,-95.96
2421.04,-98.25
2421.15,-98.93
2421.26,-102.32
2421.37,-98.65
2421.48,-97.06
2421.59,-99.67
2421.70,-99.94
2421.80,-101.01
2421.91,-96.40
2422.02,-102.99
2422.13,-101.80
2422.24,-100.60
2422.35,-103.23
2422.45,-104.68
2422.56,-100.61
2422.67,-102.41
2422.78,-103.62
2422.89,-100.60
2423.00,-103.71
2423.11,-103.89
2423.21,-105.13
2423.32,-104.81
2423.43,-104.06
2423.54,-104.84
2423.65,-105.25
2423.76,-104.18
2423.87,-104.09
2423.97,-105.97
2424.08,-101.17
2424.19,-101.03
2424.30,-101.95
2424.41,-98.03
2424.52,-100.89
2424.62,-104.32
2424.73,-105.19
2424.84,-102.51
2424.95,-101.18
2425.06,-102.73
2425.17,-100.76
2425.28,-100.61
2425.38,-97.63
2425.49,-104.64
2425.60,-104.74
2425.71,-82.46
2425.82,-97.85
2425.93,-102.39
2426.03,-105.09
2426.14,-103.45
2426.25,-102.00
2426.36,-89.07
2426.47,-91.90
2426.58,-93.90
2426.69,-101.64
2426.79,-103.85
2426.90,-104.39
2427.01,-104.77
2427.12,-104.41
2427.23,-104.41
2427.34,-104.17
2427.45,-104.25
2427.55,-105.79
2427.66,-104.92
2427.77,-104.75
2427.88,-105.65
2427.99,-104.00
2428.10,-103.89
2428.20,-104.59
2428.31,-103.93
2428.42,-104.71
2428.53,-92.56
2428.64,-89.30
2428.75,-104.84
2428.86,-106.23
2428.96,-105.51
2429.07,-104.74
2429.18,-83.25
2429.29,-86.71
2429.40,-106.53
2429.51,-105.38
2429.61,-105.23
2429.72,-94.54
2429.83,-83.90
2429.94,-83.38
2430.05,-85.23
2430.16,-85.78
2430.27,-86.16
2430.37,-84.22
2430.48,-89.03
2430.59,-86.78
2430.70,-77.17
2430.81,-83.37
2430.92,-85.02
2431.02,-84.02
2431.13,-87.38
2431.24,-89.52
2431.35,-85.18
2431.46,-91.39
2431.57,-90.45
2431.68,-87.79
2431.78,-104.91
2431.89,-103.96
2432.00,-104.21
2432.11,-99.10
2432.22,-91.40
2432.33,-90.67
2432.43,-101.68
2432.54,-92.51
2432.65,-90.86
2432.76,-89.83
2432.87,-89.94
2432.98,-92.05
2433.09,-93.19
2433.19,-103.59
2433.30,-104.66
2433.41,-97.18
2433.52,-89.04
2433.63,-101.77
2433.74,-93.12
2433.85,-96.25
2433.95,-99.86
2434.06,-105.98
2434.17,-101.89
2434.28,-93.80
2434.39,-94.68
2434.50,-105.48
2434.60,-102.00
2434.71,-103.36
2434.82,-88.02
2434.93,-91.23
2435.04,-90.12
2435.15,-102.15
2435.26,-103.03
2435.36,-92.33
2435.47,-92.48
2435.58,-88.38
2435.69,-88.35
2435.80,-90.39
2435.91,-91.64
2436.01,-103.97
2436.12,-101.73
2436.23,-103.61
2436.34,-104.97
2436.45,-104.51
2436.56,-104.77
2436.67,-90.08
2436.77,-90.83
2436.88,-97.09
2436.99,-96.19
2437.10,-105.45
2437.21,-104.72
2437.32,-102.98
2437.43,-104.73
2437.53,-104.48
2437.64,-102.50
2437.75,-101.16
2437.86,-104.80
2437.97,-105.39
2438.08,-104.64
2438.18,-103.10
2438.29,-101.52
2438.40,-101.96
2438.51,-104.58
2438.62,-100.62
2438.73,-97.61
2438.84,-103.21
2438.94,-103.65
2439.05,-102.27
2439.16,-98.54
2439.27,-103.69
2439.38,-106.02
2439.49,-104.75
2439.59,-104.48
2439.70,-104.91
2439.81,-92.73
2439.92,-94.86
2440.03,-88.95
2440.14,-91.06
2440.25,-96.20
2440.35,-90.95
2440.46,-105.03
2440.57,-95.45
2440.68,-87.65
2440.79,-89.73
2440.90,-105.00
2441.00,-103.79
2441.11,-92.19
2441.22,-89.64
2441.33,-90.52
2441.44,-102.92
2441.55,-102.52
2441.66,-101.50
2441.76,-104.03
2441.87,-93.42
2441.98,-94.50
2442.09,-95.42
2442.20,-93.21
2442.31,-93.88
2442.41,-103.21
2442.52,-102.68
2442.63,-104.53
2442.74,-101.34
2442.85,-98.92
2442.96,-98.53
2443.07,-102.64
2443.17,-102.36
2443.28,-102.39
2443.39,-101.00
2443.50,-99.13
2443.61,-104.22
2443.72,-98.05
2443.83,-98.67
2443.93,-104.46
2444.04,-102.59
2444.15,-104.61
2444.26,-105.49
2444.37,-91.06
2444.48,-86.98
2444.58,-90.07
2444.69,-91.75
2444.80,-87.08
2444.91,-103.06
2445.02,-96.75
2445.13,-95.55
2445.24,-98.53
2445.34,-104.46
2445.45,-104.31
2445.56,-101.64
2445.67,-102.65
2445.78,-98.87
2445.89,-103.05
2445.99,-101.08
2446.10,-103.60
2446.21,-100.71
2446.32,-102.41
2446.43,-103.96
2446.54,-100.62
2446.65,-99.62
2446.75,-99.42
2446.86,-96.64
2446.97,-98.35
2447.08,-101.38
2447.19,-103.22
2447.30,-104.47
2447.41,-100.83
2447.51,-103.47
2447.62,-100.50
2447.73,-101.07
2447.84,-98.71
2447.95,-97.25
2448.06,-100.55
2448.16,-103.33
2448.27,-100.30
2448.38,-102.31
2448.49,-101.96
2448.60,-100.68
2448.71,-104.11
2448.82,-102.53
2448.92,-102.59
2449.03,-91.14
2449.14,-95.00
2449.25,-97.11
2449.36,-99.41
2449.47,-104.07
2449.57,-102.46
2449.68,-93.58
2449.79,-103.77
2449.90,-102.62
2449.90,-86.46
2450.01,-89.26
2450.12,-88.92
2450.23,-97.71
2450.33,-104.15
2450.44,-105.21
2450.55,-103.64
2450.66,-86.05
2450.77,-88.63
2450.88,-91.19
2450.98,-97.94
2451.09,-85.64
2451.20,-89.46
2451.31,-84.95
2451.42,-103.76
2451.53,-102.84
2451.64,-99.80
2451.74,-99.28
2451.85,-100.80
2451.96,-99.64
2452.07,-84.20
2452.18,-83.99
2452.29,-95.19
2452.39,-95.77
2452.50,-87.30
2452.61,-80.33
2452.72,-80.24
2452.83,-79.15
2452.94,-81.76
2453.05,-90.67
2453.15,-92.71
2453.26,-63.97
2453.37,-67.52
2453.48,-67.87
2453.59,-60.81
2453.70,-83.68
2453.81,-87.72
2453.91,-69.60
2454.02,-64.91
2454.13,-82.66
2454.24,-83.73
2454.35,-67.98
2454.46,-63.58
2454.56,-63.20
2454.67,-68.85
2454.78,-64.92
2454.89,-65.78
2455.00,-66.91
2455.11,-76.42
2455.22,-74.75
2455.32,-66.05
2455.43,-66.75
2455.54,-66.30
2455.65,-66.22
2455.76,-62.86
2455.87,-71.39
2455.97,-64.16
2456.08,-65.66
2456.19,-66.96
2456.30,-63.63
2456.41,-78.00
2456.52,-78.38
2456.63,-82.73
2456.73,-66.96
2456.84,-69.28
2456.95,-65.43
2457.06,-67.38
2457.17,-66.86
2457.28,-67.08
2457.39,-72.96
2457.49,-71.37
2457.60,-63.92
2457.71,-68.26
2457.82,-68.24
2457.93,-64.00
2458.04,-65.17
2458.14,-66.00
2458.25,-66.24
2458.36,-64.55
2458.47,-65.83
2458.58,-65.31
2458.69,-65.63
2458.80,-66.74
2458.90,-63.51
2459.01,-66.32
2459.12,-70.62
2459.23,-68.91
2459.34,-67.97
2459.45,-69.39
2459.55,-64.10
2459.66,-66.17
2459.77,-69.05
2459.88,-66.29
2459.99,-64.21
2460.10,-64.94
2460.21,-64.72
2460.31,-65.43
2460.42,-63.70
2460.53,-66.95
2460.64,-69.49
2460.75,-70.63
2460.86,-69.77
2460.96,-72.63
2461.07,-68.64
2461.18,-69.90
2461.29,-75.75
2461.40,-69.44
2461.51,-69.65
2461.62,-72.11
2461.72,-79.33
2461.83,-78.85
2461.94,-79.67
2462.05,-81.16
2462.16,-79.94
2462.27,-76.31
2462.38,-74.79
2462.48,-72.89
2462.59,-73.66
2462.70,-84.76
2462.81,-73.48
2462.92,-104.22
2463.03,-102.99
2463.13,-103.52
2463.24,-71.55
2463.35,-75.76
2463.46,-100.58
2463.57,-69.35
2463.68,-74.01
2463.79,-90.56
2463.89,-93.85
2464.00,-94.19
2464.11,-75.54
2464.22,-69.76
2464.33,-67.70
2464.44,-73.60
2464.54,-64.24
2464.65,-69.52
2464.76,-66.61
2464.87,-70.44
2464.98,-66.94
2465.09,-66.93
2465.20,-61.49
2465.30,-61.56
2465.41,-63.99
2465.52,-66.13
2465.63,-65.66
2465.74,-61.40
2465.85,-63.02
2465.95,-64.24
2466.06,-61.05
2466.17,-67.39
2466.28,-73.39
2466.39,-61.67
2466.50,-64.22
2466.61,-63.30
2466.71,-61.52
2466.82,-61.32
2466.93,-69.58
2467.04,-63.29
2467.15,-67.31
2467.26,-63.55
2467.36,-62.28
2467.47,-63.80
2467.58,-66.41
2467.69,-64.09
2467.80,-63.30
2467.91,-60.14
2468.02,-64.26
2468.12,-62.47
2468.23,-59.65
2468.34,-60.20
2468.45,-63.67
2468.56,-63.78
2468.67,-63.91
2468.78,-65.75
2468.88,-64.64
2468.99,-96.16
2469.10,-72.17
2469.21,-61.51
2469.32,-65.45
2469.43,-60.21
2469.53,-62.28
2469.64,-65.54
2469.75,-65.52
2469.86,-63.79
2469.97,-64.26
2470.08,-65.03
2470.19,-64.03
2470.29,-64.35
2470.40,-68.63
2470.51,-86.94
2470.62,-89.21
2470.73,-67.85
2470.84,-66.67
2470.94,-73.61
2471.05,-75.51
2471.16,-79.35
2471.27,-85.30
2471.38,-79.54
2471.49,-81.66
2471.60,-80.66
2471.70,-86.38
2471.81,-91.01
2471.92,-96.08
2472.03,-83.83
2472.14,-86.81
2472.25,-100.12
2472.36,-101.11
2472.46,-86.49
2472.57,-88.59
2472.68,-102.49
2472.79,-104.68
2472.90,-91.37
2473.01,-88.60
2473.11,-90.66
2473.22,-89.96
2473.33,-88.30
2473.44,-90.32
2473.55,-103.03
2473.66,-94.09
2473.77,-95.77
2473.87,-96.16
2473.98,-103.92
2474.09,-104.16
2474.20,-95.72
2474.31,-95.93
2474.42,-93.81
2474.52,-100.45
2474.63,-98.40
2474.74,-104.41
2474.85,-102.13
2474.96,-103.96
2475.07,-106.09
2475.18,-101.05
2475.28,-103.99
2475.39,-97.69
2475.50,-88.42
2475.61,-102.50
2475.72,-97.97
2475.83,-95.49
2475.93,-100.40
2476.04,-96.45
2476.15,-103.33
2476.26,-104.20
2476.37,-90.26
2476.48,-94.16
2476.59,-97.71
2476.69,-100.90
2476.80,-101.51
2476.91,-103.74
2477.02,-104.03
2477.13,-95.15
2477.24,-97.24
2477.34,-100.56
2477.45,-103.49
2477.56,-102.09
2477.67,-101.55
2477.78,-102.13
2477.89,-103.94
2478.00,-105.48
2478.10,-104.21
2478.21,-102.88
2478.32,-103.07
2478.43,-96.57
2478.54,-97.65
2478.65,-102.46
2478.76,-103.88
2478.86,-105.96
2478.97,-82.49
2479.08,-83.62
2479.19,-105.17
2479.30,-95.54
2479.41,-86.17
2479.51,-93.28
2479.62,-101.27
2479.73,-71.20
2479.84,-75.54
2479.95,-80.36
2480.06,-80.46
2480.17,-96.71
2480.27,-105.16
2480.38,-104.69
2480.49,-91.87
2480.60,-105.05
2480.71,-103.15
2480.82,-104.76
2480.92,-103.46
2481.03,-105.69
2481.14,-104.96
2481.25,-105.18
2481.36,-103.53
2481.47,-104.58
2481.58,-106.21
2481.68,-104.14
2481.79,-105.85
2481.90,-105.69
2482.01,-105.12
2482.12,-104.24
2482.23,-103.34
2482.34,-104.51
2482.44,-102.66
2482.55,-103.62
2482.66,-106.20
2482.77,-104.41
2482.88,-105.45
2482.99,-106.47
2483.09,-105.05
2483.20,-104.69
2483.31,-103.19
2483.42,-104.56
2483.53,-103.60
2483.64,-106.04
2483.75,-104.59
2483.85,-104.15
2483.96,-104.63
2484.07,-104.94
2484.18,-105.46
2484.29,-103.46
2484.40,-103.71
2484.50,-105.73
2484.61,-105.65
2484.72,-104.24
2484.83,-106.01
2484.94,-104.63
2485.05,-106.12
2485.16,-103.57
2485.26,-104.75
2485.37,-105.16
2485.48,-106.42
2485.59,-106.56
2485.70,-105.46
2485.81,-103.53
2485.91,-105.79
2486.02,-102.71
2486.13,-103.42
2486.24,-105.08
2486.35,-106.09
2486.46,-104.66
2486.57,-104.65
2486.67,-106.13
2486.78,-103.23
2486.89,-106.47
2487.00,-104.29
2487.11,-105.95
2487.22,-105.24
2487.32,-106.10
2487.43,-106.94
2487.54,-106.56
2487.65,-104.65
2487.76,-106.23
2487.87,-104.67
2487.98,-105.59
2488.08,-105.86
2488.19,-103.71
2488.30,-103.74
2488.41,-105.96
2488.52,-105.28
2488.63,-106.48
2488.74,-105.30
2488.84,-104.73
2488.95,-104.11
2489.06,-104.00
2489.17,-106.79
2489.28,-105.04
2489.39,-104.14
2489.49,-105.65
2489.60,-103.69
2489.71,-105.07
2489.82,-104.44
2489.93,-106.89
2490.04,-102.96
2490.15,-106.47
2490.25,-105.34
2490.36,-104.24
2490.47,-104.92
2490.58,-103.86
2490.69,-107.84
2490.80,-105.48
2490.90,-103.75
2491.01,-105.73
2491.12,-106.58
2491.23,-105.82
2491.34,-106.32
2491.45,-106.15
2491.56,-103.93
2491.66,-106.16
2491.77,-103.74
2491.88,-106.89
2491.99,-106.66
2492.10,-105.96
2492.21,-104.93
2492.32,-105.51
2492.42,-103.37
2492.53,-105.20
2492.64,-105.11
2492.75,-107.34
2492.86,-106.31
2492.97,-105.80
2493.07,-103.45
2493.18,-104.35
2493.29,-105.39
2493.40,-104.41
2493.51,-106.61
2493.62,-103.12
2493.73,-104.06
2493.83,-105.99
2493.94,-105.78
2494.05,-106.30
2494.16,-105.36
2494.27,-104.39
2494.38,-104.27
2494.48,-103.78
2494.59,-104.32
2494.70,-106.01
2494.81,-104.80
2494.92,-104.37
2495.03,-102.67
2495.14,-103.95
2495.24,-105.27
2495.35,-105.19
2495.46,-104.73
2495.57,-105.38
2495.68,-105.35
2495.79,-103.97
2495.89,-104.72
2496.00,-105.73
2496.11,-105.20
2496.22,-105.43
2496.33,-105.25
2496.44,-105.23
2496.55,-100.97
2496.65,-103.19
2496.76,-105.92
2496.87,-104.97
2496.98,-102.85
2497.09,-107.67
2497.20,-105.28
2497.30,-103.90
2497.41,-103.17
2497.52,-104.75
2497.63,-104.82
2497.74,-105.43
2497.85,-104.70
2497.96,-105.34
2498.06,-103.02
2498.17,-105.63
2498.28,-106.29
2498.39,-105.04
2498.50,-104.70
2498.61,-104.53
2498.72,-104.58
2498.82,-104.47
2498.93,-104.34
2499.04,-105.11
2499.15,-104.99
2499.26,-104.05
2499.37,-103.06
2499.47,-105.24
2499.58,-104.02
2499.69,-104.60
2499.80,-103.52
2499.80,-106.66
2499.80,-105.98
2499.80,-105.31
2499.80,-107.49
2499.80,-106.03
2499.80,-107.46
2499.80,-107.06
2499.80,-108.58
2499.80,-108.95
2499.80,-105.23
2499.80,-107.76
2499.80,-107.25
2499.81,-107.74
2499.81,-106.33
2499.81,-106.28
2499.81,-106.05
2499.81,-106.27
2499.81,-106.07
2499.81,-104.74
2499.81,-105.84
2499.81,-107.47
2499.81,-106.09
2499.81,-107.35
2499.81,-107.64
2499.81,-106.98
2499.81,-106.78
2499.81,-106.17
2499.81,-106.40
2499.81,-105.13
2499.81,-107.38
2499.81,-109.59
2499.81,-106.63
2499.81,-104.29
2499.81,-105.84
2499.81,-108.10
2499.82,-107.67
2499.82,-105.38
2499.82,-108.80
2499.82,-104.20
2499.82,-105.00
2499.82,-106.45
2499.82,-108.10
2499.82,-107.87
2499.82,-106.84
2499.82,-104.57
2499.82,-105.91
2499.82,-104.49
2499.82,-105.95
2499.82,-104.48
2499.82,-105.53
2499.82,-108.59
2499.82,-104.96
2499.82,-105.43
2499.82,-105.61
2499.82,-105.32
2499.82,-106.74
2499.82,-105.92
2499.82,-107.32
2499.83,-106.80
2499.83,-105.27
2499.83,-107.64
2499.83,-107.41
2499.83,-105.66
2499.83,-108.42
2499.83,-106.16
2499.83,-107.08
2499.83,-104.67
2499.83,-106.82
2499.83,-105.96
2499.83,-107.99
2499.83,-107.26
2499.83,-105.85
2499.83,-105.88
2499.83,-106.47
2499.83,-107.35
2499.83,-105.96
2499.83,-105.54
2499.83,-107.46
2499.83,-106.64
2499.83,-104.53
2499.83,-108.42
2499.84,-105.88
2499.84,-106.44
2499.84,-106.71
2499.84,-108.53
2499.84,-107.17
2499.84,-105.14
2499.84,-105.94
2499.84,-105.84
2499.84,-106.79
2499.84,-106.19
2499.84,-104.40
2499.84,-104.77
2499.84,-106.35
2499.84,-103.65
2499.84,-103.82
2499.84,-107.17
2499.84,-104.81
2499.84,-105.18
2499.84,-104.80
2499.84,-105.03
2499.84,-107.64
2499.84,-103.75
2499.84,-106.80
2499.85,-103.29
2499.85,-108.10
2499.85,-106.01
2499.85,-106.04
2499.85,-106.58
2499.85,-105.85
2499.85,-106.69
2499.85,-103.45
2499.85,-104.38
2499.85,-104.50
2499.85,-108.36
2499.85,-107.79
2499.85,-104.94
2499.85,-104.85
2499.85,-105.85
2499.85,-106.82
2499.85,-105.23
2499.85,-106.12
2499.85,-107.56
2499.85,-106.45
2499.85,-106.90
2499.85,-106.24
2499.85,-107.48
2499.86,-106.65
2499.86,-107.24
2499.86,-109.86
2499.86,-105.40
2499.86,-106.03
2499.86,-105.19
2499.86,-107.54
2499.86,-105.67
2499.86,-102.88
2499.86,-106.43
2499.86,-104.81
2499.86,-106.37
2499.86,-105.80
2499.86,-106.94
2499.86,-108.01
2499.86,-107.39
2499.86,-106.93
2499.86,-105.73
2499.86,-106.81
2499.86,-107.78
2499.86,-106.45
2499.86,-109.43
2499.86,-105.69
2499.87,-105.68
2499.87,-106.17
2499.87,-107.65
2499.87,-106.92
2499.87,-108.08
2499.87,-106.08
2499.87,-107.75
2499.87,-106.94
2499.87,-104.81
2499.87,-104.73
2499.87,-104.36
2499.87,-106.69
2499.87,-104.91
2499.87,-106.77
2499.87,-104.36
2499.87,-105.11
2499.87,-103.43
2499.87,-105.55
2499.87,-106.66
2499.87,-104.77
2499.87,-105.95
2499.87,-106.30
2499.87,-106.08
2499.88,-104.88
2499.88,-106.47
2499.88,-108.33
2499.88,-105.78
2499.88,-105.43
2499.88,-106.62
2499.88,-104.81
2499.88,-106.91
2499.88,-105.00
2499.88,-106.41
2499.88,-105.33
2499.88,-106.46
2499.88,-105.09
2499.88,-105.40
2499.88,-106.84
2499.88,-104.37
2499.88,-107.02
2499.88,-104.58
2499.88,-106.94
2499.88,-104.27
2499.88,-106.58
2499.88,-105.93
2499.88,-106.51
2499.89,-106.03
2499.89,-104.26
2499.89,-105.81
2499.89,-105.51
2499.89,-107.37
2499.89,-106.22
2499.89,-104.96
2499.89,-105.35
2499.89,-107.54
2499.89,-105.46
2499.89,-104.98
2499.89,-105.49
2499.89,-106.18
2499.89,-105.84
2499.89,-104.92
2499.89,-105.43
2499.89,-104.54
2499.89,-106.59
2499.89,-105.82
2499.89,-107.08
2499.89,-103.73
2499.89,-107.50
2499.89,-104.83
2499.90,-106.26
2499.90,-104.56
2499.90,-108.00
2499.90,-109.11
2499.90,-103.07
2499.90,-105.18
2499.90,-105.25
2499.90,-106.70
2499.90,-103.98
2499.90,-105.54
2499.90,-105.16
2499.90,-105.37
2499.90,-103.84
2499.90,-105.00
2499.90,-105.51
2499.90,-106.71
2499.90,-105.11
2499.90,-105.64
2499.90,-107.10
2499.90,-104.59
2499.90,-106.14
2499.90,-104.60
2499.90,-104.84
2499.91,-106.80
2499.91,-105.36
2499.91,-107.72
2499.91,-105.00
2499.91,-104.94
2499.91,-105.25
2499.91,-107.41
2499.91,-105.91
2499.91,-106.60
2499.91,-106.73
2499.91,-105.85
2499.91,-103.62
2499.91,-106.43
2499.91,-104.89
2499.91,-104.53
2499.91,-107.02
2499.91,-106.54
2499.91,-106.32
2499.91,-106.51
2499.91,-105.14
2499.91,-103.73
2499.91,-106.14
2499.91,-104.57
2499.92,-105.12
2499.92,-102.81
2499.92,-105.39
2499.92,-107.12
2499.92,-105.62
2499.92,-103.09
2499.92,-106.10
2499.92,-105.82
2499.92,-102.82
2499.92,-104.33
2499.92,-105.55
2499.92,-103.91
2499.92,-103.93
2499.92,-104.85
2499.92,-106.22
2499.92,-105.51
2499.92,-104.61
2499.92,-105.70
2499.92,-105.06
2499.92,-106.57
2499.92,-105.64
2499.92,-105.61
2499.92,-106.66
2499.93,-104.44
2499.93,-105.40
2499.93,-106.41
2499.93,-106.30
2499.93,-106.54
2499.93,-106.19
2499.93,-105.45
2499.93,-107.02
2499.93,-104.30
2499.93,-106.53
2499.93,-103.89
2499.93,-103.94
2499.93,-104.67
2499.93,-104.39
2499.93,-104.57
2499.93,-106.50
2499.93,-105.16
2499.93,-102.90
2499.93,-105.53
2499.93,-107.13
2499.93,-102.76
2499.93,-104.28
2499.93,-105.81
2499.94,-103.75
2499.94,-106.45
2499.94,-104.42
2499.94,-104.83
2499.94,-105.72
2499.94,-107.22
2499.94,-103.72
2499.94,-102.78
2499.94,-105.74
2499.94,-104.07
2499.94,-105.60
2499.94,-104.97
2499.94,-103.97
2499.94,-105.58
2499.94,-105.33
2499.94,-104.76
2499.94,-105.20
2499.94,-104.11
2499.94,-104.96
2499.94,-105.41
2499.94,-105.68
2499.94,-106.15
2499.94,-105.18
2499.95,-105.50
2499.95,-105.18
2499.95,-106.30
2499.95,-104.64
2499.95,-104.09
2499.95,-106.09
2499.95,-105.62
2499.95,-102.89
2499.95,-104.83
2499.95,-104.28
2499.95,-106.39
2499.95,-105.55
2499.95,-104.92
2499.95,-104.05
2499.95,-103.48
2499.95,-104.42
2499.95,-104.99
2499.95,-100.76
2499.95,-103.62
2499.95,-104.80
2499.95,-107.00
2499.95,-104.43
2499.95,-103.14
2499.96,-103.37
2499.96,-103.25
2499.96,-102.84
2499.96,-103.94
2499.96,-103.12
2499.96,-105.95
2499.96,-102.04
2499.96,-104.70
2499.96,-105.21
2499.96,-104.47
2499.96,-103.04
2499.96,-103.88
2499.96,-102.38
2499.96,-105.49
2499.96,-104.55
2499.96,-102.67
2499.96,-104.10
2499.96,-104.26
2499.96,-105.01
2499.96,-103.45
2499.96,-103.48
2499.96,-103.32
2499.96,-103.81
2499.97,-105.10
2499.97,-104.84
2499.97,-102.33
2499.97,-102.27
2499.97,-103.28
2499.97,-101.78
2499.97,-103.42
2499.97,-104.88
2499.97,-104.10
2499.97,-104.13
2499.97,-106.50
2499.97,-103.70
2499.97,-103.90
2499.97,-100.42
2499.97,-104.28
2499.97,-103.66
2499.97,-103.69
2499.97,-104.10
2499.97,-102.49
2499.97,-103.81
2499.97,-105.69
2499.97,-103.60
2499.97,-104.49
2499.98,-102.70
2499.98,-105.74
2499.98,-103.26
2499.98,-105.26
2499.98,-105.32
2499.98,-103.47
2499.98,-104.26
2499.98,-103.48
2499.98,-104.39
2499.98,-103.67
2499.98,-104.05
2499.98,-105.63
2499.98,-105.66
2499.98,-104.27
2499.98,-106.93
2499.98,-104.07
2499.98,-105.85
2499.98,-104.91
2499.98,-104.95
2499.98,-103.78
2499.98,-105.42
2499.98,-104.06
2499.98,-105.08
2499.99,-102.60
2499.99,-103.72
2499.99,-103.48
2499.99,-104.54
2499.99,-104.19
2499.99,-103.07
2499.99,-105.09
2499.99,-106.97
2499.99,-103.01
2499.99,-106.48
2499.99,-104.43
2499.99,-104.60
2499.99,-103.49
2499.99,-103.10
2499.99,-104.99
2499.99,-105.13
2499.99,-103.52
2499.99,-105.81
2499.99,-104.43
2499.99,-103.62
2499.99,-104.65
2499.99,-104.80
2499.99,-104.75
2500.00,-103.73
2500.00,-104.50
2500.00,-106.34
2500.00,-103.69
2500.00,-105.12
2500.00,-105.01
2500.00,-102.42
2500.00,-103.94
2500.00,-102.26
2500.00,-102.77
2500.00,-103.83
2500.00,-104.77
