50.000,-93.979
50.009,-96.789
50.019,-91.128
50.028,-95.168
50.037,-93.230
50.047,-93.571
50.056,-97.358
50.065,-97.796
50.075,-95.128
50.084,-95.202
50.093,-95.232
50.102,-95.556
50.112,-92.047
50.121,-93.534
50.130,-96.806
50.140,-95.575
50.149,-94.637
50.158,-88.441
50.168,-92.347
50.177,-93.160
50.186,-91.054
50.196,-96.638
50.205,-92.219
50.214,-92.858
50.224,-98.750
50.233,-95.093
50.242,-91.868
50.252,-95.743
50.261,-91.265
50.270,-89.254
50.280,-95.073
50.289,-87.115
50.298,-94.348
50.307,-98.266
50.317,-95.601
50.326,-95.778
50.335,-96.077
50.345,-91.519
50.354,-97.330
50.363,-97.085
50.373,-90.174
50.382,-95.534
50.391,-89.969
50.401,-95.482
50.410,-95.579
50.419,-94.233
50.429,-97.729
50.438,-96.058
50.447,-95.284
50.457,-93.434
50.466,-95.299
50.475,-92.621
50.484,-94.669
50.494,-97.967
50.503,-94.539
50.512,-94.020
50.522,-95.496
50.531,-94.713
50.540,-95.679
50.550,-96.898
50.559,-97.618
50.568,-97.034
50.578,-92.888
50.587,-93.903
50.596,-96.094
50.606,-94.110
50.615,-96.103
50.624,-95.005
50.634,-92.130
50.643,-93.561
50.652,-94.149
50.661,-92.585
50.671,-93.343
50.680,-96.226
50.689,-93.082
50.699,-94.993
50.708,-97.054
50.717,-89.625
50.727,-96.099
50.736,-97.548
50.745,-94.151
50.755,-92.379
50.764,-92.039
50.773,-95.699
50.783,-93.632
50.792,-94.339
50.801,-92.872
50.811,-98.439
50.820,-91.621
50.829,-91.148
50.839,-90.768
50.848,-92.689
50.857,-92.383
50.866,-94.926
50.876,-92.036
50.885,-97.469
50.894,-89.145
50.904,-93.615
50.913,-94.087
50.922,-92.784
50.932,-90.978
50.941,-93.416
50.950,-94.427
50.960,-95.290
50.969,-92.988
50.978,-93.474
50.988,-90.911
50.997,-94.244
51.006,-94.113
51.016,-91.471
51.025,-93.032
51.034,-93.775
51.043,-95.167
51.053,-92.797
51.062,-92.720
51.071,-93.014
51.081,-93.883
51.090,-91.808
51.099,-92.123
51.109,-90.672
51.118,-95.153
51.127,-97.833
51.137,-93.984
51.146,-88.152
51.155,-94.691
51.165,-88.240
51.174,-86.789
51.183,-88.044
51.193,-87.605
51.202,-87.972
51.211,-95.963
51.220,-87.206
51.230,-89.450
51.239,-90.676
51.248,-90.619
51.258,-90.300
51.267,-88.653
51.276,-88.624
51.286,-93.425
51.295,-92.042
51.304,-90.332
51.314,-93.475
51.323,-90.020
51.332,-88.213
51.342,-93.206
51.351,-86.888
51.360,-88.628
51.370,-95.256
51.379,-91.195
51.388,-84.701
51.398,-94.666
51.407,-84.671
51.416,-84.055
51.425,-90.953
51.435,-92.980
51.444,-91.330
51.453,-89.038
51.463,-92.669
51.472,-85.827
51.481,-91.876
51.491,-93.081
51.500,-90.470
51.509,-93.836
51.519,-92.952
51.528,-92.773
51.537,-94.109
51.547,-88.635
51.556,-90.350
51.565,-95.419
51.575,-87.879
51.584,-92.621
51.593,-92.140
51.602,-87.911
51.612,-93.642
51.621,-89.982
51.630,-91.392
51.640,-92.905
51.649,-88.640
51.658,-91.452
51.668,-91.155
51.677,-92.229
51.686,-90.061
51.696,-92.367
51.705,-91.232
51.714,-94.668
51.724,-92.924
51.733,-91.403
51.742,-91.881
51.752,-92.080
51.761,-90.554
51.770,-92.419
51.780,-93.116
51.789,-92.941
51.798,-93.193
51.807,-91.824
51.817,-90.433
51.826,-95.824
51.835,-94.027
51.845,-92.648
51.854,-89.102
51.863,-94.367
51.873,-89.786
51.882,-92.838
51.891,-90.945
51.901,-93.080
51.910,-92.323
51.919,-91.879
51.929,-90.298
51.938,-91.158
51.947,-91.370
51.957,-91.852
51.966,-94.026
51.975,-90.427
51.984,-93.847
51.994,-90.805
52.003,-92.377
52.012,-92.259
52.022,-91.963
52.031,-90.031
52.040,-91.969
52.050,-95.167
52.059,-92.807
52.068,-90.682
52.078,-87.641
52.087,-86.984
52.096,-89.248
52.106,-89.875
52.115,-90.434
52.124,-89.739
52.134,-91.516
52.143,-91.044
52.152,-91.611
52.161,-94.571
52.171,-90.636
52.180,-92.161
52.189,-94.463
52.199,-93.943
52.208,-92.395
52.217,-96.119
52.227,-93.121
52.236,-95.171
52.245,-91.289
52.255,-91.392
52.264,-91.011
52.273,-89.148
52.283,-87.743
52.292,-90.884
52.301,-85.058
52.311,-92.257
52.320,-88.888
52.329,-88.995
52.339,-89.697
52.348,-87.422
52.357,-92.108
52.366,-88.087
52.376,-90.981
52.385,-89.340
52.394,-91.374
52.404,-91.219
52.413,-92.082
52.422,-91.253
52.432,-88.992
52.441,-91.134
52.450,-87.093
52.460,-88.401
52.469,-88.622
52.478,-89.007
52.488,-88.793
52.497,-83.937
52.506,-92.038
52.516,-87.031
52.525,-87.695
52.534,-92.058
52.543,-84.637
52.553,-90.216
52.562,-91.738
52.571,-91.194
52.581,-88.428
52.590,-88.960
52.599,-90.105
52.609,-89.904
52.618,-89.703
52.627,-90.289
52.637,-88.853
52.646,-88.918
52.655,-89.086
52.665,-87.895
52.674,-88.376
52.683,-89.627
52.693,-88.749
52.702,-90.899
52.711,-88.666
52.720,-88.677
52.730,-89.385
52.739,-88.589
52.748,-89.552
52.758,-89.928
52.767,-87.673
52.776,-87.581
52.786,-90.550
52.795,-91.068
52.804,-87.163
52.814,-90.571
52.823,-88.147
52.832,-89.217
52.842,-89.363
52.851,-87.744
52.860,-92.051
52.870,-91.678
52.879,-92.189
52.888,-89.964
52.898,-89.615
52.907,-87.715
52.916,-90.269
52.925,-91.895
52.935,-86.216
52.944,-92.792
52.953,-89.952
52.963,-90.586
52.972,-90.616
52.981,-92.095
52.991,-88.231
53.000,-88.553
53.009,-88.500
53.019,-88.367
53.028,-88.678
53.037,-91.470
53.047,-88.311
53.056,-90.563
53.065,-92.793
53.075,-90.002
53.084,-93.700
53.093,-91.537
53.102,-87.063
53.112,-90.491
53.121,-90.344
53.130,-90.708
53.140,-88.669
53.149,-88.203
53.158,-88.800
53.168,-89.460
53.177,-90.406
53.186,-89.541
53.196,-93.826
53.205,-88.238
53.214,-88.559
53.224,-90.201
53.233,-93.605
53.242,-88.099
53.252,-92.393
53.261,-89.443
53.270,-93.622
53.280,-91.193
53.289,-91.561
53.298,-89.291
53.307,-90.149
53.317,-89.633
53.326,-90.834
53.335,-87.447
53.345,-88.732
53.354,-92.137
53.363,-89.103
53.373,-88.913
53.382,-93.063
53.391,-86.720
53.401,-91.730
53.410,-91.024
53.419,-92.019
53.429,-87.001
53.438,-87.856
53.447,-87.825
53.457,-91.260
53.466,-90.606
53.475,-89.089
53.484,-89.872
53.494,-90.014
53.503,-87.811
53.512,-91.701
53.522,-87.340
53.531,-90.691
53.540,-92.594
53.550,-88.738
53.559,-94.027
53.568,-91.668
53.578,-90.879
53.587,-87.379
53.596,-86.700
53.606,-91.209
53.615,-88.619
53.624,-88.051
53.634,-84.133
53.643,-86.472
53.652,-88.473
53.661,-87.563
53.671,-87.677
53.680,-85.766
53.689,-85.581
53.699,-85.322
53.708,-84.117
53.717,-86.271
53.727,-84.852
53.736,-86.992
53.745,-84.694
53.755,-89.220
53.764,-84.842
53.773,-85.522
53.783,-86.451
53.792,-86.079
53.801,-85.763
53.811,-86.073
53.820,-84.537
53.829,-85.723
53.839,-86.582
53.848,-85.276
53.857,-88.280
53.866,-85.645
53.876,-86.761
53.885,-89.134
53.894,-86.632
53.904,-86.024
53.913,-87.661
53.922,-87.475
53.932,-86.585
53.941,-85.973
53.950,-86.185
53.960,-88.076
53.969,-85.937
53.978,-85.870
53.988,-88.229
53.997,-87.329
54.006,-86.142
54.016,-84.771
54.025,-90.751
54.034,-87.344
54.043,-88.586
54.053,-88.429
54.062,-89.151
54.071,-86.939
54.081,-87.260
54.090,-85.849
54.099,-88.041
54.109,-88.904
54.118,-85.124
54.127,-87.475
54.137,-86.006
54.146,-86.613
54.155,-91.233
54.165,-89.347
54.174,-89.581
54.183,-88.614
54.193,-89.855
54.202,-92.686
54.211,-89.081
54.220,-90.839
54.230,-85.383
54.239,-86.850
54.248,-88.298
54.258,-91.373
54.267,-85.443
54.276,-91.880
54.286,-88.663
54.286,-86.421
54.295,-88.606
54.304,-89.079
54.314,-89.334
54.323,-86.018
54.332,-87.338
54.342,-90.279
54.351,-87.830
54.360,-88.919
54.370,-84.645
54.379,-89.509
54.388,-89.558
54.398,-87.627
54.407,-85.341
54.416,-88.219
54.425,-87.730
54.435,-85.983
54.444,-87.990
54.453,-88.990
54.463,-84.620
54.472,-87.055
54.481,-85.036
54.491,-88.945
54.500,-85.392
54.509,-87.810
54.519,-88.988
54.528,-86.016
54.537,-86.062
54.547,-89.118
54.556,-84.434
54.565,-85.597
54.575,-87.486
54.584,-85.389
54.593,-90.010
54.602,-86.804
54.612,-89.509
54.621,-90.440
54.630,-89.063
54.640,-86.903
54.649,-86.939
54.658,-88.162
54.668,-87.567
54.677,-88.983
54.686,-88.674
54.696,-87.152
54.705,-87.415
54.714,-85.588
54.724,-86.912
54.733,-87.319
54.742,-88.048
54.752,-84.983
54.761,-87.312
54.770,-86.469
54.780,-86.366
54.789,-88.023
54.798,-86.176
54.807,-89.324
54.817,-86.002
54.826,-86.491
54.835,-87.351
54.845,-87.434
54.854,-86.720
54.863,-84.388
54.873,-86.679
54.882,-85.658
54.891,-87.437
54.901,-86.563
54.910,-84.714
54.919,-87.430
54.929,-85.738
54.938,-87.237
54.947,-87.990
54.957,-86.300
54.966,-87.176
54.975,-88.248
54.984,-84.622
54.994,-84.881
55.003,-88.155
55.012,-85.597
55.022,-88.482
55.031,-84.586
55.040,-83.130
55.050,-88.061
55.059,-87.500
55.068,-87.901
55.078,-85.710
55.087,-84.942
55.096,-84.405
55.106,-85.984
55.115,-87.277
55.124,-89.036
55.134,-85.736
55.143,-85.466
55.152,-87.614
55.161,-85.204
55.171,-80.911
55.180,-84.628
55.189,-86.247
55.199,-87.517
55.208,-84.162
55.217,-85.208
55.227,-85.322
55.236,-84.832
55.245,-88.550
55.255,-85.321
55.264,-87.580
55.273,-86.459
55.283,-86.959
55.292,-85.602
55.301,-85.643
55.311,-83.199
55.320,-87.428
55.329,-86.627
55.339,-87.514
55.348,-86.523
55.357,-86.224
55.366,-88.920
55.376,-87.175
55.385,-85.043
55.394,-82.917
55.404,-83.713
55.413,-82.876
55.422,-86.698
55.432,-84.548
55.441,-86.632
55.450,-86.958
55.460,-87.061
55.469,-86.653
55.478,-85.574
55.488,-87.465
55.497,-83.863
55.506,-86.089
55.516,-84.744
55.525,-88.625
55.534,-87.500
55.543,-86.445
55.553,-87.051
55.562,-87.317
55.571,-84.474
55.581,-90.100
55.590,-86.807
55.599,-84.564
55.609,-86.449
55.618,-88.909
55.627,-87.675
55.637,-84.954
55.646,-81.950
55.655,-87.245
55.665,-85.142
55.674,-84.352
55.683,-87.503
55.693,-81.301
55.702,-87.351
55.711,-84.031
55.720,-83.596
55.730,-85.061
55.739,-83.616
55.748,-83.967
55.758,-84.820
55.767,-85.205
55.776,-85.491
55.786,-85.812
55.795,-83.812
55.804,-87.585
55.814,-86.295
55.823,-87.128
55.832,-86.651
55.842,-87.179
55.851,-84.774
55.860,-86.964
55.870,-84.108
55.879,-84.342
55.888,-85.525
55.898,-84.789
55.907,-85.220
55.916,-85.648
55.925,-85.669
55.935,-86.128
55.944,-86.567
55.953,-85.293
55.963,-85.781
55.972,-85.344
55.981,-86.976
55.991,-86.973
56.000,-86.134
56.009,-86.865
56.019,-84.298
56.028,-86.506
56.037,-85.512
56.047,-85.899
56.056,-86.883
56.065,-85.651
56.075,-86.552
56.084,-85.981
56.093,-85.215
56.102,-83.943
56.112,-86.741
56.121,-84.764
56.130,-85.346
56.140,-84.673
56.149,-84.669
56.158,-86.712
56.168,-85.508
56.177,-85.448
56.186,-83.878
56.196,-83.955
56.205,-82.856
56.214,-84.534
56.224,-84.614
56.233,-85.263
56.242,-83.986
56.252,-83.032
56.261,-84.022
56.270,-83.173
56.280,-83.638
56.289,-83.204
56.298,-85.145
56.307,-85.605
56.317,-85.694
56.326,-86.723
56.335,-86.555
56.345,-82.678
56.354,-87.459
56.363,-86.042
56.373,-87.456
56.382,-84.594
56.391,-84.615
56.401,-85.034
56.410,-85.862
56.419,-86.900
56.429,-83.073
56.438,-82.085
56.447,-85.786
56.457,-85.297
56.466,-84.434
56.475,-84.409
56.484,-83.669
56.494,-86.989
56.503,-85.988
56.512,-83.972
56.522,-83.952
56.531,-84.167
56.540,-85.453
56.550,-83.944
56.559,-85.799
56.568,-85.938
56.578,-82.795
56.587,-87.300
56.596,-82.450
56.606,-85.541
56.615,-84.297
56.624,-82.305
56.634,-83.753
56.643,-82.803
56.652,-86.631
56.661,-81.922
56.671,-84.139
56.680,-82.717
56.689,-85.957
56.699,-85.277
56.708,-87.018
56.717,-85.298
56.727,-84.092
56.736,-81.775
56.745,-83.918
56.755,-82.411
56.764,-81.487
56.773,-82.972
56.783,-85.660
56.792,-81.387
56.801,-83.753
56.811,-85.136
56.820,-86.896
56.829,-79.930
56.839,-84.058
56.848,-84.829
56.857,-82.944
56.866,-83.670
56.876,-80.813
56.885,-82.335
56.894,-82.897
56.904,-81.175
56.913,-80.485
56.922,-82.727
56.932,-80.611
56.941,-81.135
56.950,-81.230
56.960,-83.298
56.969,-80.500
56.978,-81.127
56.988,-81.228
56.997,-79.704
57.006,-79.655
57.016,-81.736
57.025,-79.865
57.034,-80.895
57.043,-83.049
57.053,-83.185
57.062,-81.046
57.071,-82.268
57.081,-80.807
57.090,-80.487
57.099,-79.972
57.109,-82.140
57.118,-81.168
57.127,-81.316
57.137,-82.045
57.146,-81.947
57.155,-82.397
57.165,-82.023
57.174,-82.574
57.183,-82.464
57.193,-81.347
57.202,-82.247
57.211,-81.623
57.220,-82.727
57.230,-82.706
57.239,-83.871
57.248,-82.625
57.258,-80.682
57.267,-82.650
57.276,-81.972
57.286,-83.907
57.295,-84.819
57.304,-84.756
57.314,-82.449
57.323,-82.992
57.332,-84.978
57.342,-83.204
57.351,-82.709
57.360,-85.096
57.370,-84.424
57.379,-83.226
57.388,-84.830
57.398,-85.112
57.407,-85.277
57.416,-86.755
57.425,-86.329
57.435,-86.800
57.444,-85.514
57.453,-84.622
57.463,-85.921
57.472,-85.697
57.481,-86.519
57.491,-87.819
57.500,-87.308
57.509,-87.562
57.519,-87.419
57.528,-85.492
57.537,-86.765
57.547,-83.898
57.556,-87.066
57.565,-85.507
57.575,-87.053
57.584,-88.497
57.593,-86.045
57.602,-88.163
57.612,-88.590
57.621,-85.764
57.630,-88.072
57.640,-89.492
57.649,-87.867
57.658,-87.754
57.668,-86.148
57.677,-84.302
57.686,-89.947
57.696,-88.932
57.705,-86.650
57.714,-85.067
57.724,-88.941
57.733,-86.441
57.742,-85.333
57.752,-86.314
57.761,-88.606
57.770,-84.322
57.780,-88.032
57.789,-85.625
57.798,-87.077
57.807,-87.554
57.817,-88.733
57.826,-86.264
57.835,-86.448
57.845,-87.435
57.854,-89.082
57.863,-85.588
57.873,-87.318
57.882,-89.757
57.891,-90.748
57.901,-89.343
57.910,-85.256
57.919,-86.688
57.929,-84.698
57.938,-93.019
57.947,-88.012
57.957,-88.517
57.966,-86.472
57.975,-89.005
57.984,-84.602
57.994,-88.543
58.003,-86.430
58.012,-88.301
58.022,-87.124
58.031,-89.635
58.040,-87.661
58.050,-88.686
58.059,-86.893
58.068,-87.940
58.078,-89.761
58.087,-87.776
58.096,-87.771
58.106,-87.495
58.115,-86.417
58.124,-90.962
58.134,-87.320
58.143,-86.193
58.152,-87.528
58.161,-89.355
58.171,-87.309
58.180,-86.803
58.189,-83.565
58.199,-85.587
58.208,-87.164
58.217,-88.425
58.227,-92.013
58.236,-86.197
58.245,-88.405
58.255,-86.347
58.264,-87.948
58.273,-86.693
58.283,-86.337
58.292,-87.981
58.301,-89.025
58.311,-88.236
58.320,-86.150
58.329,-89.304
58.339,-90.930
58.348,-86.972
58.357,-88.587
58.366,-88.584
58.376,-88.506
58.385,-87.709
58.394,-85.695
58.404,-91.421
58.413,-89.000
58.422,-87.677
58.432,-86.174
58.441,-88.615
58.450,-89.124
58.460,-88.831
58.469,-88.447
58.478,-86.453
58.488,-88.961
58.497,-87.356
58.506,-86.926
58.516,-88.982
58.525,-88.973
58.534,-88.498
58.543,-89.625
58.553,-89.228
58.562,-88.117
58.571,-90.200
58.571,-89.334
58.581,-88.423
58.590,-88.003
58.599,-88.623
58.609,-84.986
58.618,-90.227
58.627,-90.724
58.637,-91.854
58.646,-90.605
58.655,-89.703
58.665,-91.366
58.674,-90.686
58.683,-89.504
58.693,-89.610
58.702,-88.385
58.711,-87.530
58.720,-85.405
58.730,-88.725
58.739,-89.551
58.748,-90.138
58.758,-91.246
58.767,-90.802
58.776,-89.711
58.786,-86.604
58.795,-89.273
58.804,-91.176
58.814,-86.457
58.823,-89.438
58.832,-88.403
58.842,-90.946
58.851,-83.745
58.860,-89.101
58.870,-87.842
58.879,-89.883
58.888,-87.180
58.898,-88.849
58.907,-90.333
58.916,-86.653
58.925,-86.559
58.935,-87.708
58.944,-87.174
58.953,-88.999
58.963,-92.269
58.972,-91.676
58.981,-87.683
58.991,-88.360
59.000,-88.145
59.009,-90.539
59.019,-94.501
59.028,-85.201
59.037,-94.673
59.047,-90.826
59.056,-88.506
59.065,-87.043
59.075,-91.350
59.084,-88.996
59.093,-90.033
59.102,-85.304
59.112,-90.066
59.121,-86.778
59.130,-90.319
59.140,-87.471
59.149,-86.951
59.158,-88.307
59.168,-87.601
59.177,-88.535
59.186,-87.550
59.196,-87.646
59.205,-88.321
59.214,-90.103
59.224,-91.632
59.233,-90.418
59.242,-91.137
59.252,-87.818
59.261,-86.571
59.270,-87.779
59.280,-90.974
59.289,-90.448
59.298,-90.333
59.307,-86.553
59.317,-90.717
59.326,-90.943
59.335,-84.674
59.345,-92.503
59.354,-88.911
59.363,-86.275
59.373,-86.452
59.382,-87.279
59.391,-88.843
59.401,-87.586
59.410,-89.052
59.419,-88.798
59.429,-89.036
59.438,-87.087
59.447,-86.366
59.457,-88.440
59.466,-91.890
59.475,-88.890
59.484,-87.740
59.494,-85.016
59.503,-89.563
59.512,-88.369
59.522,-90.311
59.531,-89.222
59.540,-86.703
59.550,-90.109
59.559,-91.696
59.568,-90.851
59.578,-87.862
59.587,-87.602
59.596,-87.578
59.606,-88.826
59.615,-91.735
59.624,-90.807
59.634,-86.845
59.643,-88.733
59.652,-88.414
59.661,-90.454
59.671,-87.388
59.680,-87.081
59.689,-89.950
59.699,-87.897
59.708,-88.716
59.717,-88.190
59.727,-89.628
59.736,-89.934
59.745,-88.678
59.755,-87.622
59.764,-87.412
59.773,-90.674
59.783,-87.142
59.792,-87.058
59.801,-85.440
59.811,-90.169
59.820,-87.756
59.829,-89.981
59.839,-85.606
59.848,-87.223
59.857,-87.961
59.866,-88.121
59.876,-86.880
59.885,-88.008
59.894,-87.861
59.904,-85.064
59.913,-85.946
59.922,-84.410
59.932,-85.685
59.941,-89.827
59.950,-85.025
59.960,-89.391
59.969,-88.768
59.978,-88.734
59.988,-90.577
59.997,-87.291
60.006,-86.771
60.016,-87.747
60.025,-90.136
60.034,-89.378
60.043,-85.595
60.053,-87.522
60.062,-87.493
60.071,-89.985
60.081,-84.439
60.090,-85.937
60.099,-88.018
60.109,-88.374
60.118,-87.832
60.127,-89.895
60.137,-88.495
60.146,-83.167
60.155,-87.159
60.165,-88.021
60.174,-85.103
60.183,-85.309
60.193,-87.709
60.202,-88.457
60.211,-89.203
60.220,-87.732
60.230,-87.165
60.239,-86.967
60.248,-85.829
60.258,-84.348
60.267,-89.769
60.276,-87.828
60.286,-85.521
60.295,-89.687
60.304,-89.298
60.314,-85.591
60.323,-89.744
60.332,-87.896
60.342,-88.042
60.351,-87.455
60.360,-89.221
60.370,-91.904
60.379,-89.014
60.388,-88.576
60.398,-86.903
60.407,-84.079
60.416,-87.110
60.425,-86.918
60.435,-88.660
60.444,-87.599
60.453,-89.744
60.463,-87.392
60.472,-88.829
60.481,-89.911
60.491,-89.683
60.500,-89.858
60.509,-87.166
60.519,-89.353
60.528,-89.237
60.537,-88.848
60.547,-87.166
60.556,-87.626
60.565,-87.435
60.575,-88.332
60.584,-88.920
60.593,-88.830
60.602,-89.758
60.612,-86.882
60.621,-89.819
60.630,-87.361
60.640,-89.308
60.649,-90.360
60.658,-86.592
60.668,-91.263
60.677,-88.391
60.686,-87.869
60.696,-89.214
60.705,-87.834
60.714,-88.299
60.724,-88.625
60.733,-85.715
60.742,-84.405
60.752,-88.742
60.761,-87.816
60.770,-88.703
60.780,-84.423
60.789,-88.077
60.798,-88.530
60.807,-87.640
60.817,-88.689
60.826,-90.511
60.835,-87.642
60.845,-84.483
60.854,-89.243
60.863,-89.312
60.873,-82.235
60.882,-88.403
60.891,-83.086
60.901,-90.656
60.910,-84.595
60.919,-83.389
60.929,-86.153
60.938,-83.023
60.947,-87.250
60.957,-81.916
60.966,-81.540
60.975,-85.593
60.984,-81.995
60.994,-84.481
61.003,-80.654
61.012,-81.541
61.022,-80.915
61.031,-86.575
61.040,-87.155
61.050,-84.898
61.059,-86.025
61.068,-85.274
61.078,-80.533
61.087,-85.568
61.096,-80.816
61.106,-85.482
61.115,-86.340
61.124,-84.581
61.134,-85.889
61.143,-82.614
61.152,-84.639
61.161,-84.424
61.171,-83.053
61.180,-79.340
61.189,-87.253
61.199,-80.713
61.208,-84.684
61.217,-81.134
61.227,-83.001
61.236,-80.517
61.245,-86.125
61.255,-82.682
61.264,-83.414
61.273,-82.438
61.283,-84.775
61.292,-87.032
61.301,-82.286
61.311,-89.654
61.320,-82.559
61.329,-87.123
61.339,-88.551
61.348,-88.763
61.357,-87.089
61.366,-87.913
61.376,-85.644
61.385,-87.750
61.394,-87.556
61.404,-87.836
61.413,-87.052
61.422,-84.186
61.432,-81.121
61.441,-87.636
61.450,-86.558
61.460,-85.109
61.469,-90.662
61.478,-88.158
61.488,-86.857
61.497,-84.521
61.506,-86.175
61.516,-91.624
61.525,-87.941
61.534,-88.235
61.543,-89.606
61.553,-85.876
61.562,-84.917
61.571,-88.763
61.581,-84.873
61.590,-89.710
61.599,-90.689
61.609,-88.758
61.618,-84.276
61.627,-90.063
61.637,-83.471
61.646,-86.113
61.655,-85.093
61.665,-84.975
61.674,-90.642
61.683,-88.668
61.693,-90.057
61.702,-88.210
61.711,-91.291
61.720,-85.379
61.730,-90.774
61.739,-84.881
61.748,-87.570
61.758,-86.136
61.767,-86.028
61.776,-87.785
61.786,-87.863
61.795,-85.956
61.804,-85.460
61.814,-89.642
61.823,-87.611
61.832,-82.902
61.842,-89.725
61.851,-88.300
61.860,-92.322
61.870,-90.445
61.879,-90.986
61.888,-85.799
61.898,-89.164
61.907,-89.050
61.916,-86.079
61.925,-92.810
61.935,-87.889
61.944,-88.662
61.953,-83.773
61.963,-84.648
61.972,-84.178
61.981,-82.634
61.991,-88.172
62.000,-89.223
62.009,-86.542
62.019,-81.761
62.028,-85.783
62.037,-80.821
62.047,-83.748
62.056,-88.843
62.065,-84.414
62.075,-87.169
62.084,-90.631
62.093,-85.959
62.102,-86.089
62.112,-91.904
62.121,-81.868
62.130,-90.727
62.140,-81.168
62.149,-79.704
62.158,-83.002
62.168,-82.242
62.177,-81.864
62.186,-83.981
62.196,-82.205
62.205,-77.713
62.214,-87.897
62.224,-78.019
62.233,-85.359
62.242,-87.717
62.252,-82.936
62.261,-85.348
62.270,-89.777
62.280,-85.194
62.289,-89.475
62.298,-84.797
62.307,-80.893
62.317,-92.107
62.326,-80.574
62.335,-87.561
62.345,-92.044
62.354,-79.994
62.363,-78.961
62.373,-80.657
62.382,-77.404
62.391,-83.670
62.401,-83.972
62.410,-82.755
62.419,-84.791
62.429,-87.818
62.438,-88.255
62.447,-79.941
62.457,-91.529
62.466,-83.027
62.475,-90.979
62.484,-80.451
62.494,-85.728
62.503,-89.277
62.512,-90.490
62.522,-86.096
62.531,-85.305
62.540,-84.646
62.550,-82.597
62.559,-82.281
62.568,-81.461
62.578,-91.742
62.587,-90.228
62.596,-77.970
62.606,-83.416
62.615,-88.700
62.624,-84.877
62.634,-90.691
62.643,-84.839
62.652,-87.966
62.661,-89.516
62.671,-88.467
62.680,-90.212
62.689,-87.177
62.699,-83.586
62.708,-81.469
62.717,-84.885
62.727,-83.194
62.736,-84.572
62.745,-86.232
62.755,-83.733
62.764,-88.953
62.773,-84.796
62.783,-86.878
62.792,-89.079
62.801,-85.322
62.811,-86.193
62.820,-89.568
62.829,-82.777
62.839,-84.365
62.848,-88.669
62.857,-82.400
62.857,-84.862
62.866,-89.804
62.876,-83.905
62.885,-84.970
62.894,-84.888
62.904,-83.849
62.913,-83.490
62.922,-80.792
62.932,-87.788
62.941,-80.160
62.950,-79.526
62.960,-84.174
62.969,-80.363
62.978,-83.326
62.988,-86.823
62.997,-84.163
63.006,-80.398
63.016,-81.226
63.025,-77.850
63.034,-84.523
63.043,-82.234
63.053,-83.221
63.062,-82.617
63.071,-78.598
63.081,-84.371
63.090,-79.659
63.099,-82.810
63.109,-77.963
63.118,-79.345
63.127,-78.617
63.137,-85.552
63.146,-86.808
63.155,-80.745
63.165,-80.644
63.174,-85.033
63.183,-83.739
63.193,-80.830
63.202,-87.343
63.211,-82.349
63.220,-79.933
63.230,-86.341
63.239,-80.107
63.248,-86.253
63.258,-81.860
63.267,-78.538
63.276,-83.156
63.286,-79.526
63.295,-81.881
63.304,-78.929
63.314,-80.415
63.323,-83.948
63.332,-80.138
63.342,-84.597
63.351,-85.257
63.360,-84.371
63.370,-87.308
63.379,-76.651
63.388,-83.496
63.398,-79.485
63.407,-81.998
63.416,-82.676
63.425,-83.287
63.435,-90.954
63.444,-80.190
63.453,-89.481
63.463,-87.306
63.472,-86.529
63.481,-87.346
63.491,-89.639
63.500,-84.583
63.509,-89.193
63.519,-85.947
63.528,-82.139
63.537,-91.766
63.547,-80.731
63.556,-88.417
63.565,-80.774
63.575,-85.439
63.584,-84.527
63.593,-84.252
63.602,-86.543
63.612,-80.907
63.621,-87.453
63.630,-83.257
63.640,-86.845
63.649,-88.279
63.658,-81.140
63.668,-88.499
63.677,-87.317
63.686,-89.258
63.696,-96.078
63.705,-85.178
63.714,-86.644
63.724,-89.692
63.733,-87.776
63.742,-90.399
63.752,-85.649
63.761,-90.382
63.770,-86.335
63.780,-85.421
63.789,-88.677
63.798,-83.409
63.807,-89.839
63.817,-80.179
63.826,-88.899
63.835,-89.826
63.845,-81.413
63.854,-86.904
63.863,-86.914
63.873,-87.616
63.882,-89.955
63.891,-88.739
63.901,-83.323
63.910,-84.991
63.919,-80.654
63.929,-85.811
63.938,-81.533
63.947,-81.520
63.957,-90.005
63.966,-84.632
63.975,-81.731
63.984,-81.867
63.994,-87.633
64.003,-87.099
64.012,-88.528
64.022,-91.500
64.031,-83.976
64.040,-89.589
64.050,-82.731
64.059,-82.047
64.068,-89.964
64.078,-80.497
64.087,-85.639
64.096,-92.423
64.106,-89.357
64.115,-81.388
64.124,-79.022
64.134,-79.732
64.143,-80.673
64.152,-86.132
64.161,-86.862
64.171,-86.201
64.180,-80.339
64.189,-86.566
64.199,-80.063
64.208,-88.318
64.217,-80.524
64.227,-87.926
64.236,-85.339
64.245,-83.095
64.255,-86.716
64.264,-82.093
64.273,-86.455
64.283,-85.119
64.292,-80.759
64.301,-82.540
64.311,-76.987
64.320,-87.739
64.329,-90.154
64.339,-82.582
64.348,-86.429
64.357,-89.228
64.366,-82.828
64.376,-81.874
64.385,-79.979
64.394,-80.603
64.404,-81.940
64.413,-81.410
64.422,-80.387
64.432,-80.775
64.441,-79.641
64.450,-80.443
64.460,-82.293
64.469,-83.493
64.478,-85.293
64.488,-85.992
64.497,-86.180
64.506,-85.357
64.516,-91.777
64.525,-91.417
64.534,-89.082
64.543,-82.681
64.553,-80.953
64.562,-87.737
64.571,-81.382
64.581,-83.041
64.590,-84.783
64.599,-86.885
64.609,-83.709
64.618,-85.470
64.627,-84.106
64.637,-86.777
64.646,-80.679
64.655,-91.772
64.665,-90.372
64.674,-90.901
64.683,-89.596
64.693,-93.141
64.702,-84.212
64.711,-89.260
64.720,-90.819
64.730,-94.507
64.739,-89.086
64.748,-84.478
64.758,-84.729
64.767,-85.027
64.776,-84.640
64.786,-88.894
64.795,-84.730
64.804,-84.577
64.814,-87.872
64.823,-84.656
64.832,-88.860
64.842,-79.484
64.851,-88.900
64.860,-92.573
64.870,-86.570
64.879,-90.053
64.888,-92.407
64.898,-91.690
64.907,-91.030
64.916,-81.947
64.925,-88.945
64.935,-85.577
64.944,-85.627
64.953,-86.134
64.963,-86.917
64.972,-82.286
64.981,-91.197
64.991,-87.561
65.000,-85.710
65.009,-84.601
65.019,-87.057
65.028,-86.075
65.037,-86.407
65.047,-93.288
65.056,-91.086
65.065,-94.307
65.075,-82.707
65.084,-80.413
65.093,-86.214
65.102,-82.806
65.112,-86.723
65.121,-85.239
65.130,-94.544
65.140,-87.844
65.149,-82.782
65.158,-84.695
65.168,-89.724
65.177,-83.239
65.186,-88.181
65.196,-84.379
65.205,-89.441
65.214,-90.791
65.224,-85.151
65.233,-89.024
65.242,-81.385
65.252,-91.227
65.261,-91.576
65.270,-86.458
65.280,-86.837
65.289,-86.642
65.298,-89.601
65.307,-82.768
65.317,-87.231
65.326,-83.907
65.335,-83.529
65.345,-84.340
65.354,-77.403
65.363,-85.725
65.373,-78.187
65.382,-86.359
65.391,-85.538
65.401,-92.280
65.410,-86.286
65.419,-89.764
65.429,-89.547
65.438,-84.215
65.447,-86.868
65.457,-83.610
65.466,-82.696
65.475,-93.604
65.484,-89.108
65.494,-90.267
65.503,-87.384
65.512,-89.177
65.522,-87.824
65.531,-84.045
65.540,-86.309
65.550,-83.646
65.559,-90.099
65.568,-82.410
65.578,-89.424
65.587,-82.693
65.596,-88.623
65.606,-88.572
65.615,-82.755
65.624,-90.659
65.634,-87.161
65.643,-90.141
65.652,-85.985
65.661,-89.776
65.671,-86.306
65.680,-84.252
65.689,-83.201
65.699,-89.793
65.708,-81.674
65.717,-87.521
65.727,-86.480
65.736,-91.328
65.745,-85.966
65.755,-92.964
65.764,-90.548
65.773,-90.253
65.783,-88.996
65.792,-92.183
65.801,-87.851
65.811,-92.438
65.820,-83.842
65.829,-91.047
65.839,-88.844
65.848,-84.035
65.857,-88.633
65.866,-83.303
65.876,-92.272
65.885,-90.508
65.894,-88.645
65.904,-83.565
65.913,-92.959
65.922,-90.850
65.932,-91.510
65.941,-90.392
65.950,-90.159
65.960,-86.627
65.969,-92.384
65.978,-89.728
65.988,-91.864
65.997,-83.019
66.006,-90.420
66.016,-91.144
66.025,-84.343
66.034,-90.375
66.043,-90.273
66.053,-88.371
66.062,-88.419
66.071,-91.886
66.081,-87.694
66.090,-90.135
66.099,-91.803
66.109,-82.763
66.118,-87.096
66.127,-86.257
66.137,-85.835
66.146,-92.319
66.155,-90.190
66.165,-90.392
66.174,-83.300
66.183,-91.338
66.193,-90.851
66.202,-83.426
66.211,-89.971
66.220,-90.745
66.230,-87.730
66.239,-89.244
66.248,-89.397
66.258,-91.823
66.267,-89.442
66.276,-92.250
66.286,-92.358
66.295,-89.016
66.304,-90.411
66.314,-86.545
66.323,-90.956
66.332,-87.183
66.342,-92.903
66.351,-85.923
66.360,-84.827
66.370,-93.682
66.379,-93.005
66.388,-90.812
66.398,-82.762
66.407,-90.083
66.416,-92.567
66.425,-93.046
66.435,-86.910
66.444,-89.493
66.453,-90.824
66.463,-88.991
66.472,-90.935
66.481,-92.410
66.491,-88.499
66.500,-90.971
66.509,-94.486
66.519,-91.854
66.528,-87.638
66.537,-92.643
66.547,-87.487
66.556,-84.457
66.565,-90.639
66.575,-88.058
66.584,-94.235
66.593,-91.626
66.602,-92.996
66.612,-91.380
66.621,-91.105
66.630,-92.575
66.640,-84.091
66.649,-90.171
66.658,-85.863
66.668,-89.027
66.677,-88.857
66.686,-93.936
66.696,-86.348
66.705,-86.560
66.714,-92.285
66.724,-91.163
66.733,-87.021
66.742,-94.478
66.752,-92.405
66.761,-88.351
66.770,-94.905
66.780,-90.765
66.789,-92.156
66.798,-94.653
66.807,-91.996
66.817,-90.964
66.826,-89.647
66.835,-91.230
66.845,-89.020
66.854,-94.715
66.863,-93.479
66.873,-93.177
66.882,-96.322
66.891,-90.836
66.901,-94.574
66.910,-87.837
66.919,-89.225
66.929,-87.429
66.938,-92.377
66.947,-96.812
66.957,-88.110
66.966,-89.093
66.975,-93.920
66.984,-95.585
66.994,-91.812
67.003,-94.904
67.012,-97.266
67.022,-94.366
67.031,-96.011
67.040,-93.736
67.050,-97.718
67.059,-97.073
67.068,-97.544
67.078,-96.234
67.087,-87.342
67.096,-92.575
67.106,-89.886
67.115,-92.402
67.124,-92.972
67.134,-93.611
67.143,-88.880
67.143,-95.288
67.152,-101.236
67.161,-90.872
67.171,-98.661
67.180,-99.233
67.189,-96.480
67.199,-97.372
67.208,-99.807
67.217,-94.508
67.227,-93.405
67.236,-94.715
67.245,-96.310
67.255,-94.392
67.264,-95.617
67.273,-93.293
67.283,-94.901
67.292,-95.715
67.301,-95.183
67.311,-92.444
67.320,-96.251
67.329,-92.703
67.339,-99.797
67.348,-96.612
67.357,-98.306
67.366,-105.506
67.376,-98.320
67.385,-95.145
67.394,-95.649
67.404,-97.009
67.413,-93.449
67.422,-92.396
67.432,-97.558
67.441,-95.268
67.450,-95.308
67.460,-94.135
67.469,-100.849
67.478,-95.824
67.488,-88.206
67.497,-93.267
67.506,-97.379
67.516,-97.402
67.525,-99.404
67.534,-97.363
67.543,-95.979
67.553,-101.271
67.562,-102.585
67.571,-98.955
67.581,-98.044
67.590,-95.823
67.599,-94.986
67.609,-99.354
67.618,-91.954
67.627,-103.085
67.637,-96.342
67.646,-100.123
67.655,-95.133
67.665,-99.515
67.674,-94.875
67.683,-100.768
67.693,-97.293
67.702,-99.782
67.711,-101.208
67.720,-91.647
67.730,-99.856
67.739,-99.153
67.748,-101.300
67.758,-93.461
67.767,-96.345
67.776,-93.498
67.786,-98.348
67.795,-96.314
67.804,-95.838
67.814,-93.376
67.823,-97.926
67.832,-98.598
67.842,-98.238
67.851,-100.402
67.860,-99.955
67.870,-99.289
67.879,-97.169
67.888,-98.914
67.898,-101.586
67.907,-96.124
67.916,-99.587
67.925,-91.590
67.935,-97.921
67.944,-93.951
67.953,-100.029
67.963,-97.423
67.972,-97.912
67.981,-104.955
67.991,-89.556
68.000,-98.706
68.009,-101.821
68.019,-93.319
68.028,-99.046
68.037,-104.283
68.047,-97.143
68.056,-100.352
68.065,-98.617
68.075,-99.244
68.084,-100.321
68.093,-98.421
68.102,-99.901
68.112,-100.400
68.121,-96.308
68.130,-100.654
68.140,-100.154
68.149,-101.528
68.158,-94.558
68.168,-98.124
68.177,-92.987
68.186,-98.145
68.196,-96.176
68.205,-99.356
68.214,-91.660
68.224,-99.609
68.233,-94.791
68.242,-100.146
68.252,-93.398
68.261,-96.703
68.270,-102.582
68.280,-101.602
68.289,-97.127
68.298,-103.995
68.307,-98.142
68.317,-96.001
68.326,-93.625
68.335,-93.828
68.345,-97.806
68.354,-101.275
68.363,-96.938
68.373,-102.167
68.382,-98.274
68.391,-96.546
68.401,-97.397
68.410,-93.639
68.419,-96.574
68.429,-101.994
68.438,-97.288
68.447,-103.199
68.457,-100.281
68.466,-96.502
68.475,-97.101
68.484,-95.868
68.494,-98.425
68.503,-95.307
68.512,-101.405
68.522,-91.804
68.531,-96.600
68.540,-94.290
68.550,-97.766
68.559,-98.263
68.568,-91.427
68.578,-97.012
68.587,-94.692
68.596,-99.086
68.606,-95.084
68.615,-103.098
68.624,-93.779
68.634,-95.706
68.643,-96.775
68.652,-94.805
68.661,-95.733
68.671,-97.423
68.680,-94.165
68.689,-95.471
68.699,-93.829
68.708,-91.812
68.717,-93.141
68.727,-89.224
68.736,-91.162
68.745,-90.894
68.755,-92.249
68.764,-91.585
68.773,-93.015
68.783,-92.677
68.792,-91.537
68.801,-97.835
68.811,-97.782
68.820,-93.244
68.829,-95.594
68.839,-97.812
68.848,-94.775
68.857,-94.283
68.866,-93.848
68.876,-94.140
68.885,-94.783
68.894,-96.793
68.904,-90.604
68.913,-96.577
68.922,-96.530
68.932,-95.316
68.941,-92.508
68.950,-92.174
68.960,-95.329
68.969,-95.894
68.978,-93.965
68.988,-91.624
68.997,-94.899
69.006,-94.200
69.016,-93.056
69.025,-94.495
69.034,-95.494
69.043,-91.513
69.053,-97.631
69.062,-93.921
69.071,-92.335
69.081,-94.392
69.090,-95.218
69.099,-97.278
69.109,-98.321
69.118,-92.013
69.127,-98.685
69.137,-92.609
69.146,-92.718
69.155,-93.842
69.165,-96.385
69.174,-95.999
69.183,-94.868
69.193,-90.928
69.202,-96.164
69.211,-94.623
69.220,-97.169
69.230,-91.393
69.239,-95.920
69.248,-96.794
69.258,-91.718
69.267,-95.782
69.276,-95.218
69.286,-102.377
69.295,-91.464
69.304,-91.351
69.314,-98.093
69.323,-95.238
69.332,-93.359
69.342,-95.857
69.351,-94.972
69.360,-92.039
69.370,-99.584
69.379,-94.425
69.388,-98.348
69.398,-91.041
69.407,-94.726
69.416,-87.656
69.425,-94.816
69.435,-97.962
69.444,-93.379
69.453,-97.825
69.463,-95.422
69.472,-94.530
69.481,-91.934
69.491,-97.072
69.500,-92.661
69.509,-96.738
69.519,-93.835
69.528,-97.140
69.537,-95.076
69.547,-92.223
69.556,-99.655
69.565,-98.864
69.575,-95.479
69.584,-94.227
69.593,-94.951
69.602,-93.697
69.612,-92.125
69.621,-96.490
69.630,-95.731
69.640,-94.404
69.649,-93.827
69.658,-93.915
69.668,-93.454
69.677,-91.096
69.686,-94.296
69.696,-95.657
69.705,-95.273
69.714,-94.232
69.724,-98.489
69.733,-92.934
69.742,-98.907
69.752,-92.142
69.761,-93.369
69.770,-96.071
69.780,-94.252
69.789,-94.860
69.798,-91.992
69.807,-97.594
69.817,-96.255
69.826,-94.729
69.835,-96.044
69.845,-91.996
69.854,-93.835
69.863,-94.326
69.873,-92.923
69.882,-96.370
69.891,-99.274
69.901,-97.020
69.910,-96.346
69.919,-97.159
69.929,-94.455
69.938,-93.929
69.947,-94.046
69.957,-94.836
69.966,-92.396
69.975,-93.405
69.984,-95.140
69.994,-92.151
70.003,-96.167
70.012,-94.167
70.022,-94.415
70.031,-92.993
70.040,-91.635
70.050,-96.226
70.059,-96.966
70.068,-99.949
70.078,-101.950
70.087,-94.776
70.096,-95.057
70.106,-95.250
70.115,-98.279
70.124,-95.380
70.134,-94.897
70.143,-105.364
70.152,-92.763
70.161,-102.670
70.171,-95.301
70.180,-95.970
70.189,-93.939
70.199,-94.837
70.208,-98.118
70.217,-97.933
70.227,-90.476
70.236,-96.184
70.245,-90.930
70.255,-99.921
70.264,-95.879
70.273,-96.896
70.283,-101.979
70.292,-93.896
70.301,-94.609
70.311,-98.868
70.320,-100.714
70.329,-96.553
70.339,-96.095
70.348,-96.727
70.357,-93.966
70.366,-95.252
70.376,-98.912
70.385,-99.829
70.394,-99.796
70.404,-96.103
70.413,-97.163
70.422,-98.977
70.432,-92.008
70.441,-92.019
70.450,-93.080
70.460,-91.355
70.469,-93.843
70.478,-99.724
70.488,-93.994
70.497,-93.499
70.506,-99.019
70.516,-93.195
70.525,-96.669
70.534,-96.531
70.543,-93.265
70.553,-95.887
70.562,-98.051
70.571,-98.414
70.581,-94.159
70.590,-96.233
70.599,-97.460
70.609,-96.170
70.618,-95.879
70.627,-89.830
70.637,-96.842
70.646,-94.131
70.655,-93.024
70.665,-93.917
70.674,-93.105
70.683,-94.169
70.693,-94.967
70.702,-90.468
70.711,-94.689
70.720,-89.688
70.730,-89.547
70.739,-97.491
70.748,-96.067
70.758,-90.837
70.767,-91.869
70.776,-93.367
70.786,-94.406
70.795,-92.975
70.804,-94.313
70.814,-89.903
70.823,-93.408
70.832,-89.844
70.842,-93.026
70.851,-95.204
70.860,-91.661
70.870,-87.336
70.879,-90.768
70.888,-93.216
70.898,-94.408
70.907,-93.581
70.916,-89.646
70.925,-91.536
70.935,-103.205
70.944,-92.615
70.953,-98.854
70.963,-96.466
70.972,-91.318
70.981,-91.648
70.991,-98.520
71.000,-98.532
71.009,-93.292
71.019,-92.265
71.028,-94.176
71.037,-96.834
71.047,-98.457
71.056,-91.243
71.065,-92.223
71.075,-89.509
71.084,-95.139
71.093,-94.910
71.102,-96.876
71.112,-92.367
71.121,-93.396
71.130,-90.984
71.140,-95.685
71.149,-92.803
71.158,-91.820
71.168,-96.168
71.177,-96.186
71.186,-97.806
71.196,-100.553
71.205,-97.528
71.214,-96.647
71.224,-96.245
71.233,-97.439
71.242,-95.666
71.252,-96.711
71.261,-95.220
71.270,-97.070
71.280,-103.376
71.289,-98.927
71.298,-98.259
71.307,-98.909
71.317,-103.353
71.326,-101.598
71.335,-99.438
71.345,-98.120
71.354,-96.626
71.363,-93.487
71.373,-95.717
71.382,-98.437
71.391,-94.401
71.401,-101.084
71.410,-95.535
71.419,-98.836
71.429,-93.825
71.429,-90.628
71.438,-88.253
71.447,-88.898
71.457,-89.400
71.466,-94.200
71.475,-91.611
71.484,-97.370
71.494,-95.296
71.503,-98.364
71.512,-95.189
71.522,-94.012
71.531,-95.719
71.540,-94.060
71.550,-95.620
71.559,-95.251
71.568,-96.501
71.578,-93.569
71.587,-96.628
71.596,-94.990
71.606,-95.697
71.615,-97.877
71.624,-92.143
71.634,-95.340
71.643,-97.038
71.652,-94.028
71.661,-93.387
71.671,-93.462
71.680,-94.178
71.689,-95.220
71.699,-94.444
71.708,-93.174
71.717,-95.323
71.727,-92.833
71.736,-96.137
71.745,-92.454
71.755,-91.668
71.764,-94.224
71.773,-94.824
71.783,-94.314
71.792,-94.794
71.801,-95.614
71.811,-92.791
71.820,-92.614
71.829,-94.051
71.839,-91.484
71.848,-91.023
71.857,-88.137
71.866,-90.145
71.876,-93.495
71.885,-90.213
71.894,-91.278
71.904,-90.108
71.913,-87.979
71.922,-92.014
71.932,-88.816
71.941,-88.969
71.950,-91.148
71.960,-89.414
71.969,-89.751
71.978,-89.019
71.988,-89.400
71.997,-89.365
72.006,-90.857
72.016,-90.572
72.025,-92.001
72.034,-88.831
72.043,-88.594
72.053,-91.485
72.062,-88.438
72.071,-90.569
72.081,-87.455
72.090,-87.403
72.099,-90.108
72.109,-89.467
72.118,-89.213
72.127,-89.348
72.137,-86.539
72.146,-88.566
72.155,-89.373
72.165,-87.949
72.174,-87.743
72.183,-86.440
72.193,-89.952
72.202,-87.624
72.211,-88.312
72.220,-89.482
72.230,-90.523
72.239,-89.423
72.248,-87.734
72.258,-87.656
72.267,-90.623
72.276,-87.962
72.286,-90.650
72.295,-88.432
72.304,-87.392
72.314,-90.782
72.323,-86.615
72.332,-88.311
72.342,-89.050
72.351,-87.128
72.360,-87.970
72.370,-89.577
72.379,-87.429
72.388,-86.429
72.398,-88.774
72.407,-88.447
72.416,-88.522
72.425,-89.913
72.435,-88.933
72.444,-89.092
72.453,-89.320
72.463,-90.334
72.472,-89.543
72.481,-87.520
72.491,-89.614
72.500,-88.689
72.509,-89.970
72.519,-87.507
72.528,-90.929
72.537,-88.937
72.547,-86.952
72.556,-90.745
72.565,-92.528
72.575,-92.195
72.584,-93.524
72.593,-94.848
72.602,-96.046
72.612,-93.898
72.621,-94.957
72.630,-92.473
72.640,-97.794
72.649,-96.367
72.658,-96.151
72.668,-94.688
72.677,-95.556
72.686,-93.239
72.696,-91.242
72.705,-94.359
72.714,-95.077
72.724,-93.763
72.733,-93.022
72.742,-94.614
72.752,-91.113
72.761,-92.297
72.770,-91.733
72.780,-91.093
72.789,-95.607
72.798,-90.953
72.807,-95.814
72.817,-94.283
72.826,-92.798
72.835,-93.325
72.845,-91.520
72.854,-91.628
72.863,-93.989
72.873,-93.973
72.882,-93.821
72.891,-94.618
72.901,-92.199
72.910,-92.590
72.919,-92.647
72.929,-94.393
72.938,-95.356
72.947,-93.106
72.957,-92.543
72.966,-94.939
72.975,-90.678
72.984,-94.984
72.994,-91.127
73.003,-91.220
73.012,-91.503
73.022,-93.005
73.031,-92.223
73.040,-93.985
73.050,-91.520
73.059,-88.319
73.068,-93.295
73.078,-91.546
73.087,-91.652
73.096,-93.197
73.106,-90.440
73.115,-90.432
73.124,-89.031
73.134,-91.434
73.143,-90.219
73.152,-94.402
73.161,-92.254
73.171,-93.327
73.180,-93.123
73.189,-92.359
73.199,-93.168
73.208,-90.358
73.217,-90.100
73.227,-91.069
73.236,-89.599
73.245,-90.643
73.255,-91.370
73.264,-92.668
73.273,-88.233
73.283,-90.519
73.292,-87.827
73.301,-91.054
73.311,-90.837
73.320,-88.600
73.329,-88.525
73.339,-89.801
73.348,-87.968
73.357,-89.614
73.366,-89.973
73.376,-86.017
73.385,-89.471
73.394,-88.701
73.404,-87.300
73.413,-87.326
73.422,-87.144
73.432,-87.823
73.441,-87.117
73.450,-87.018
73.460,-85.644
73.469,-86.753
73.478,-86.086
73.488,-86.242
73.497,-85.821
73.506,-86.150
73.516,-86.129
73.525,-85.355
73.534,-85.907
73.543,-85.477
73.553,-85.079
73.562,-84.534
73.571,-85.202
73.581,-85.059
73.590,-83.813
73.599,-84.502
73.609,-84.515
73.618,-83.812
73.627,-83.236
73.637,-83.785
73.646,-84.095
73.655,-83.465
73.665,-83.973
73.674,-83.965
73.683,-83.032
73.693,-82.720
73.702,-82.230
73.711,-82.121
73.720,-82.508
73.730,-82.580
73.739,-82.159
73.748,-82.097
73.758,-81.857
73.767,-80.646
73.776,-82.411
73.786,-81.372
73.795,-82.276
73.804,-81.110
73.814,-81.624
73.823,-81.326
73.832,-81.116
73.842,-81.530
73.851,-81.282
73.860,-80.234
73.870,-81.521
73.879,-80.774
73.888,-80.856
73.898,-80.277
73.907,-80.946
73.916,-80.579
73.925,-80.344
73.935,-79.135
73.944,-80.070
73.953,-81.059
73.963,-80.387
73.972,-79.833
73.981,-80.309
73.991,-79.461
74.000,-79.399
74.009,-79.998
74.019,-79.345
74.028,-79.716
74.037,-79.654
74.047,-80.287
74.056,-78.656
74.065,-78.858
74.075,-79.094
74.084,-79.879
74.093,-78.904
74.102,-79.195
74.112,-78.956
74.121,-79.285
74.130,-78.854
74.140,-79.358
74.149,-78.109
74.158,-78.910
74.168,-78.093
74.177,-78.653
74.186,-78.371
74.196,-79.461
74.205,-78.742
74.214,-78.984
74.224,-79.882
74.233,-79.534
74.242,-79.173
74.252,-79.606
74.261,-79.327
74.270,-79.990
74.280,-79.411
74.289,-80.136
74.298,-78.512
74.307,-79.765
74.317,-80.385
74.326,-79.773
74.335,-79.845
74.345,-80.338
74.354,-80.216
74.363,-79.962
74.373,-79.233
74.382,-79.223
74.391,-79.901
74.401,-79.104
74.410,-79.657
74.419,-79.996
74.429,-79.807
74.438,-79.938
74.447,-80.068
74.457,-79.744
74.466,-80.127
74.475,-79.874
74.484,-79.607
74.494,-80.315
74.503,-80.708
74.512,-80.441
74.522,-80.377
74.531,-79.319
74.540,-79.929
74.550,-80.138
74.559,-80.581
74.568,-80.522
74.578,-80.116
74.587,-80.272
74.596,-80.585
74.606,-81.093
74.615,-80.474
74.624,-80.810
74.634,-81.198
74.643,-81.643
74.652,-79.939
74.661,-80.377
74.671,-81.370
74.680,-81.273
74.689,-80.624
74.699,-81.336
74.708,-81.421
74.717,-81.832
74.727,-82.045
74.736,-81.545
74.745,-82.037
74.755,-82.348
74.764,-82.185
74.773,-82.300
74.783,-82.636
74.792,-82.150
74.801,-83.495
74.811,-82.358
74.820,-81.871
74.829,-81.377
74.839,-82.463
74.848,-83.080
74.857,-83.104
74.866,-83.265
74.876,-83.167
74.885,-82.438
74.894,-82.759
74.904,-82.822
74.913,-83.204
74.922,-82.749
74.932,-83.555
74.941,-82.734
74.950,-82.724
74.960,-83.296
74.969,-83.162
74.978,-83.654
74.988,-84.486
74.997,-83.528
75.006,-83.895
75.016,-84.490
75.025,-83.949
75.034,-84.867
75.043,-83.229
75.053,-83.682
75.062,-85.183
75.071,-83.806
75.081,-84.715
75.090,-84.428
75.099,-85.434
75.109,-85.888
75.118,-84.158
75.127,-84.093
75.137,-85.320
75.146,-86.619
75.155,-86.821
75.165,-86.213
75.174,-85.463
75.183,-85.408
75.193,-86.495
75.202,-86.408
75.211,-85.185
75.220,-85.257
75.230,-87.666
75.239,-85.169
75.248,-86.245
75.258,-87.505
75.267,-87.769
75.276,-87.465
75.286,-85.300
75.295,-86.499
75.304,-88.876
75.314,-85.160
75.323,-85.617
75.332,-88.604
75.342,-85.542
75.351,-88.176
75.360,-86.304
75.370,-86.721
75.379,-85.152
75.388,-88.245
75.398,-88.870
75.407,-87.570
75.416,-87.788
75.425,-86.149
75.435,-87.120
75.444,-85.279
75.453,-88.699
75.463,-88.790
75.472,-86.159
75.481,-88.531
75.491,-89.141
75.500,-88.644
75.509,-88.289
75.519,-89.712
75.528,-87.732
75.537,-87.453
75.547,-88.321
75.556,-88.016
75.565,-88.144
75.575,-87.053
75.584,-87.395
75.593,-88.422
75.602,-90.239
75.612,-86.719
75.621,-86.656
75.630,-88.693
75.640,-87.777
75.649,-87.788
75.658,-88.414
75.668,-87.773
75.677,-87.959
75.686,-87.007
75.696,-86.979
75.705,-87.509
75.714,-87.970
75.714,-85.596
75.724,-87.929
75.733,-88.482
75.742,-87.671
75.752,-88.314
75.761,-87.464
75.770,-88.021
75.780,-89.053
75.789,-87.686
75.798,-87.910
75.807,-86.738
75.817,-87.893
75.826,-86.967
75.835,-88.474
75.845,-88.206
75.854,-87.308
75.863,-87.678
75.873,-87.113
75.882,-89.513
75.891,-87.477
75.901,-87.370
75.910,-87.142
75.919,-86.924
75.929,-85.072
75.938,-88.391
75.947,-86.153
75.957,-86.987
75.966,-86.255
75.975,-85.861
75.984,-87.784
75.994,-87.663
76.003,-87.603
76.012,-86.972
76.022,-88.764
76.031,-88.890
76.040,-88.418
76.050,-87.377
76.059,-85.743
76.068,-88.822
76.078,-88.673
76.087,-84.722
76.096,-88.876
76.106,-86.336
76.115,-86.616
76.124,-86.934
76.134,-87.307
76.143,-86.931
76.152,-87.501
76.161,-88.146
76.171,-85.177
76.180,-88.029
76.189,-86.730
76.199,-87.621
76.208,-85.670
76.217,-87.221
76.227,-87.702
76.236,-89.488
76.245,-88.733
76.255,-88.303
76.264,-87.564
76.273,-87.764
76.283,-87.738
76.292,-87.498
76.301,-87.097
76.311,-88.427
76.320,-87.513
76.329,-84.593
76.339,-86.906
76.348,-87.752
76.357,-88.042
76.366,-85.480
76.376,-88.549
76.385,-87.311
76.394,-87.846
76.404,-89.132
76.413,-87.730
76.422,-86.973
76.432,-88.344
76.441,-86.337
76.450,-89.714
76.460,-87.954
76.469,-86.065
76.478,-86.580
76.488,-88.578
76.497,-88.679
76.506,-85.667
76.516,-84.521
76.525,-87.920
76.534,-87.361
76.543,-89.816
76.553,-87.440
76.562,-87.516
76.571,-85.835
76.581,-87.319
76.590,-89.663
76.599,-87.043
76.609,-86.591
76.618,-86.499
76.627,-86.755
76.637,-89.764
76.646,-86.557
76.655,-86.767
76.665,-85.891
76.674,-86.365
76.683,-86.804
76.693,-91.631
76.702,-86.436
76.711,-86.845
76.720,-87.229
76.730,-86.597
76.739,-89.901
76.748,-86.438
76.758,-86.860
76.767,-85.934
76.776,-86.598
76.786,-89.114
76.795,-87.076
76.804,-86.573
76.814,-86.001
76.823,-87.622
76.832,-89.685
76.842,-86.592
76.851,-87.547
76.860,-87.224
76.870,-84.268
76.879,-89.865
76.888,-92.288
76.898,-87.525
76.907,-83.522
76.916,-85.416
76.925,-90.087
76.935,-88.129
76.944,-85.579
76.953,-84.274
76.963,-86.496
76.972,-88.959
76.981,-90.984
76.991,-86.204
77.000,-86.341
77.009,-84.660
77.019,-88.154
77.028,-90.977
77.037,-90.630
77.047,-85.742
77.056,-86.492
77.065,-86.059
77.075,-90.324
77.084,-88.620
77.093,-87.806
77.102,-84.898
77.112,-85.399
77.121,-89.511
77.130,-91.187
77.140,-85.490
77.149,-86.736
77.158,-87.747
77.168,-90.458
77.177,-87.534
77.186,-85.000
77.196,-84.992
77.205,-86.084
77.214,-89.755
77.224,-89.681
77.233,-86.012
77.242,-86.791
77.252,-85.313
77.261,-92.247
77.270,-88.106
77.280,-84.946
77.289,-82.929
77.298,-87.618
77.307,-88.946
77.317,-88.036
77.326,-86.555
77.335,-85.791
77.345,-84.795
77.354,-87.330
77.363,-89.269
77.373,-87.087
77.382,-85.141
77.391,-87.228
77.401,-87.010
77.410,-91.421
77.419,-89.517
77.429,-86.215
77.438,-87.491
77.447,-86.880
77.457,-89.481
77.466,-88.093
77.475,-87.397
77.484,-87.355
77.494,-85.558
77.503,-90.970
77.512,-87.133
77.522,-86.921
77.531,-86.963
77.540,-85.657
77.550,-90.705
77.559,-89.461
77.568,-86.330
77.578,-86.913
77.587,-87.553
77.596,-90.379
77.606,-90.792
77.615,-85.427
77.624,-86.022
77.634,-87.217
77.643,-86.471
77.652,-88.758
77.661,-87.567
77.671,-86.476
77.680,-86.081
77.689,-88.020
77.699,-90.515
77.708,-88.419
77.717,-87.186
77.727,-87.371
77.736,-89.679
77.745,-91.833
77.755,-89.138
77.764,-88.286
77.773,-86.805
77.783,-87.831
77.792,-90.421
77.801,-88.978
77.811,-86.129
77.820,-88.401
77.829,-86.547
77.839,-87.452
77.848,-89.306
77.857,-87.614
77.866,-86.307
77.876,-88.990
77.885,-90.639
77.894,-90.381
77.904,-87.946
77.913,-87.491
77.922,-87.674
77.932,-88.560
77.941,-90.419
77.950,-88.232
77.960,-87.543
77.969,-87.071
77.978,-89.097
77.988,-90.321
77.997,-89.763
78.006,-88.934
78.016,-88.640
78.025,-89.849
78.034,-90.141
78.043,-91.907
78.053,-87.711
78.062,-90.368
78.071,-90.599
78.081,-89.911
78.090,-89.266
78.099,-89.880
78.109,-88.260
78.118,-89.859
78.127,-89.420
78.137,-91.353
78.146,-88.384
78.155,-87.656
78.165,-88.942
78.174,-88.235
78.183,-87.456
78.193,-88.493
78.202,-88.681
78.211,-89.547
78.220,-87.124
78.230,-90.649
78.239,-89.628
78.248,-87.069
78.258,-88.467
78.267,-89.483
78.276,-88.774
78.286,-88.361
78.295,-88.139
78.304,-88.670
78.314,-89.584
78.323,-86.079
78.332,-88.351
78.342,-88.606
78.351,-89.178
78.360,-87.670
78.370,-89.141
78.379,-88.276
78.388,-86.274
78.398,-89.893
78.407,-88.583
78.416,-86.207
78.425,-89.654
78.435,-89.440
78.444,-86.630
78.453,-90.341
78.463,-87.978
78.472,-88.765
78.481,-87.912
78.491,-88.687
78.500,-89.518
78.509,-90.885
78.519,-88.342
78.528,-86.009
78.537,-88.585
78.547,-90.317
78.556,-90.706
78.565,-89.404
78.575,-90.095
78.584,-90.930
78.593,-90.851
78.602,-88.499
78.612,-89.397
78.621,-88.423
78.630,-89.159
78.640,-90.921
78.649,-89.052
78.658,-88.075
78.668,-89.369
78.677,-86.640
78.686,-89.483
78.696,-89.415
78.705,-90.533
78.714,-89.440
78.724,-87.530
78.733,-91.199
78.742,-89.337
78.752,-88.108
78.761,-89.198
78.770,-89.459
78.780,-89.126
78.789,-89.207
78.798,-89.340
78.807,-89.603
78.817,-87.930
78.826,-91.179
78.835,-91.443
78.845,-89.886
78.854,-88.991
78.863,-90.567
78.873,-89.855
78.882,-91.141
78.891,-90.645
78.901,-90.491
78.910,-89.342
78.919,-90.999
78.929,-93.305
78.938,-91.258
78.947,-89.697
78.957,-90.748
78.966,-91.088
78.975,-93.751
78.984,-92.366
78.994,-90.341
79.003,-90.245
79.012,-90.610
79.022,-89.510
79.031,-91.741
79.040,-90.489
79.050,-89.867
79.059,-91.095
79.068,-92.254
79.078,-93.644
79.087,-88.496
79.096,-92.245
79.106,-91.466
79.115,-92.249
79.124,-91.802
79.134,-91.689
79.143,-92.252
79.152,-91.384
79.161,-91.857
79.171,-91.463
79.180,-89.872
79.189,-91.521
79.199,-90.486
79.208,-90.745
79.217,-91.961
79.227,-92.691
79.236,-92.079
79.245,-90.339
79.255,-92.928
79.264,-91.212
79.273,-89.375
79.283,-92.146
79.292,-92.137
79.301,-90.772
79.311,-92.835
79.320,-92.991
79.329,-93.221
79.339,-89.317
79.348,-91.867
79.357,-92.054
79.366,-92.344
79.376,-92.758
79.385,-92.649
79.394,-92.108
79.404,-93.477
79.413,-90.838
79.422,-90.876
79.432,-89.535
79.441,-88.046
79.450,-91.296
79.460,-93.571
79.469,-92.349
79.478,-93.671
79.488,-91.032
79.497,-92.669
79.506,-91.196
79.516,-89.889
79.525,-91.181
79.534,-89.732
79.543,-92.119
79.553,-89.297
79.562,-89.948
79.571,-92.533
79.581,-92.823
79.590,-90.729
79.599,-87.673
79.609,-89.594
79.618,-87.395
79.627,-92.101
79.637,-87.851
79.646,-92.370
79.655,-89.331
79.665,-94.274
79.674,-90.214
79.683,-92.629
79.693,-92.356
79.702,-93.386
79.711,-91.855
79.720,-87.553
79.730,-88.761
79.739,-93.232
79.748,-90.562
79.758,-90.182
79.767,-91.222
79.776,-93.177
79.786,-91.323
79.795,-90.001
79.804,-88.500
79.814,-91.153
79.823,-91.453
79.832,-91.150
79.842,-89.742
79.851,-91.428
79.860,-87.044
79.870,-90.729
79.879,-88.478
79.888,-88.747
79.898,-91.215
79.907,-92.064
79.916,-91.793
79.925,-90.469
79.935,-90.735
79.944,-91.986
79.953,-89.759
79.963,-90.783
79.972,-91.274
79.981,-92.678
79.991,-92.557
80.000,-90.259
80.000,-89.627
80.009,-89.685
80.019,-89.775
80.028,-91.252
80.037,-89.346
80.047,-90.610
80.056,-88.823
80.065,-88.526
80.075,-90.854
80.084,-90.969
80.093,-89.336
80.102,-91.764
80.112,-92.236
80.121,-91.763
80.130,-91.375
80.140,-92.836
80.149,-91.285
80.158,-90.035
80.168,-90.583
80.177,-91.133
80.186,-92.236
80.196,-90.846
80.205,-91.426
80.214,-91.202
80.224,-89.918
80.233,-89.065
80.242,-92.720
80.252,-88.796
80.261,-92.851
80.270,-90.078
80.280,-92.056
80.289,-91.939
80.298,-87.876
80.307,-91.362
80.317,-89.137
80.326,-91.836
80.335,-88.298
80.345,-92.366
80.354,-91.469
80.363,-90.914
80.373,-89.703
80.382,-91.610
80.391,-91.660
80.401,-92.112
80.410,-91.080
80.419,-92.654
80.429,-91.296
80.438,-89.399
80.447,-91.061
80.457,-91.181
80.466,-91.435
80.475,-92.341
80.484,-89.143
80.494,-89.882
80.503,-90.884
80.512,-90.760
80.522,-90.333
80.531,-91.288
80.540,-89.945
80.550,-91.090
80.559,-90.597
80.568,-90.316
80.578,-89.810
80.587,-91.437
80.596,-88.976
80.606,-91.178
80.615,-93.115
80.624,-89.355
80.634,-92.559
80.643,-90.549
80.652,-91.630
80.661,-92.963
80.671,-90.693
80.680,-91.995
80.689,-91.753
80.699,-91.923
80.708,-87.000
80.717,-89.031
80.727,-89.666
80.736,-91.503
80.745,-92.215
80.755,-89.887
80.764,-92.148
80.773,-91.535
80.783,-92.235
80.792,-88.953
80.801,-90.444
80.811,-89.740
80.820,-89.165
80.829,-90.721
80.839,-89.518
80.848,-90.008
80.857,-90.265
80.866,-91.731
80.876,-85.439
80.885,-92.193
80.894,-89.569
80.904,-91.754
80.913,-89.502
80.922,-87.670
80.932,-90.928
80.941,-92.657
80.950,-91.205
80.960,-89.185
80.969,-92.813
80.978,-91.299
80.988,-90.716
80.997,-88.946
81.006,-90.065
81.016,-90.699
81.025,-89.787
81.034,-87.102
81.043,-88.115
81.053,-89.886
81.062,-89.606
81.071,-89.528
81.081,-88.632
81.090,-90.819
81.099,-90.296
81.109,-90.358
81.118,-90.260
81.127,-90.455
81.137,-87.699
81.146,-88.729
81.155,-91.039
81.165,-86.105
81.174,-90.272
81.183,-90.200
81.193,-86.242
81.202,-90.381
81.211,-90.573
81.220,-87.753
81.230,-89.266
81.239,-90.199
81.248,-89.294
81.258,-88.147
81.267,-88.452
81.276,-89.965
81.286,-88.588
81.295,-88.608
81.304,-89.070
81.314,-88.629
81.323,-88.233
81.332,-89.259
81.342,-87.957
81.351,-89.631
81.360,-88.664
81.370,-87.368
81.379,-88.082
81.388,-90.628
81.398,-88.576
81.407,-87.619
81.416,-87.962
81.425,-90.653
81.435,-86.975
81.444,-89.329
81.453,-85.823
81.463,-87.013
81.472,-90.556
81.481,-88.680
81.491,-90.140
81.500,-88.909
81.509,-88.530
81.519,-88.152
81.528,-88.838
81.537,-88.942
81.547,-89.138
81.556,-90.589
81.565,-88.319
81.575,-88.891
81.584,-88.387
81.593,-86.546
81.602,-84.879
81.612,-87.211
81.621,-89.441
81.630,-85.125
81.640,-88.480
81.649,-86.607
81.658,-88.455
81.668,-88.096
81.677,-88.892
81.686,-85.893
81.696,-87.555
81.705,-89.207
81.714,-84.701
81.724,-87.216
81.733,-88.598
81.742,-86.105
81.752,-89.452
81.761,-88.845
81.770,-86.297
81.780,-88.843
81.789,-87.996
81.798,-85.801
81.807,-88.566
81.817,-87.367
81.826,-88.264
81.835,-88.952
81.845,-85.658
81.854,-90.823
81.863,-86.041
81.873,-87.674
81.882,-86.856
81.891,-86.960
81.901,-86.789
81.910,-84.652
81.919,-86.500
81.929,-89.801
81.938,-90.262
81.947,-86.418
81.957,-88.512
81.966,-87.371
81.975,-87.108
81.984,-88.362
81.994,-86.494
82.003,-87.102
82.012,-89.130
82.022,-88.486
82.031,-88.222
82.040,-88.573
82.050,-88.698
82.059,-86.697
82.068,-86.936
82.078,-85.752
82.087,-87.797
82.096,-89.039
82.106,-89.546
82.115,-88.039
82.124,-88.926
82.134,-89.987
82.143,-91.564
82.152,-89.884
82.161,-90.136
82.171,-88.732
82.180,-89.729
82.189,-87.812
82.199,-87.433
82.208,-88.038
82.217,-86.841
82.227,-88.904
82.236,-89.566
82.245,-86.252
82.255,-87.464
82.264,-86.591
82.273,-87.300
82.283,-88.791
82.292,-87.824
82.301,-86.989
82.311,-88.598
82.320,-87.968
82.329,-86.603
82.339,-87.777
82.348,-85.636
82.357,-85.153
82.366,-87.020
82.376,-87.512
82.385,-88.303
82.394,-88.786
82.404,-88.561
82.413,-89.771
82.422,-87.515
82.432,-86.414
82.441,-84.819
82.450,-87.635
82.460,-83.763
82.469,-88.557
82.478,-87.138
82.488,-85.003
82.497,-87.256
82.506,-81.976
82.516,-89.019
82.525,-86.258
82.534,-87.427
82.543,-84.213
82.553,-87.894
82.562,-87.232
82.571,-87.387
82.581,-86.969
82.590,-88.195
82.599,-85.420
82.609,-87.764
82.618,-82.789
82.627,-85.424
82.637,-86.355
82.646,-86.202
82.655,-85.886
82.665,-86.338
82.674,-86.469
82.683,-87.019
82.693,-86.356
82.702,-87.232
82.711,-85.716
82.720,-84.970
82.730,-83.618
82.739,-87.332
82.748,-87.993
82.758,-85.109
82.767,-87.160
82.776,-86.821
82.786,-85.759
82.795,-85.753
82.804,-86.870
82.814,-83.777
82.823,-86.473
82.832,-84.242
82.842,-88.214
82.851,-86.132
82.860,-88.239
82.870,-86.793
82.879,-89.698
82.888,-85.624
82.898,-86.845
82.907,-85.868
82.916,-83.366
82.925,-84.270
82.935,-88.893
82.944,-86.279
82.953,-86.854
82.963,-88.018
82.972,-85.351
82.981,-87.822
82.991,-89.749
83.000,-86.642
83.009,-86.684
83.019,-86.927
83.028,-88.023
83.037,-86.525
83.047,-85.837
83.056,-83.943
83.065,-86.441
83.075,-85.546
83.084,-88.701
83.093,-83.001
83.102,-87.603
83.112,-86.996
83.121,-87.862
83.130,-85.417
83.140,-86.786
83.149,-87.300
83.158,-89.924
83.168,-85.883
83.177,-87.363
83.186,-86.557
83.196,-89.947
83.205,-86.011
83.214,-86.388
83.224,-88.010
83.233,-88.680
83.242,-86.949
83.252,-87.813
83.261,-86.573
83.270,-87.780
83.280,-87.029
83.289,-89.146
83.298,-88.719
83.307,-84.101
83.317,-84.506
83.326,-88.105
83.335,-86.000
83.345,-84.564
83.354,-88.520
83.363,-88.817
83.373,-86.582
83.382,-88.465
83.391,-88.251
83.401,-89.487
83.410,-86.142
83.419,-87.953
83.429,-88.138
83.438,-87.805
83.447,-87.081
83.457,-86.143
83.466,-86.921
83.475,-88.911
83.484,-88.491
83.494,-87.870
83.503,-87.835
83.512,-86.802
83.522,-85.723
83.531,-87.137
83.540,-87.544
83.550,-86.705
83.559,-88.814
83.568,-89.580
83.578,-88.167
83.587,-85.092
83.596,-87.480
83.606,-84.060
83.615,-89.571
83.624,-86.851
83.634,-86.165
83.643,-89.031
83.652,-85.826
83.661,-88.230
83.671,-89.121
83.680,-86.852
83.689,-87.024
83.699,-90.396
83.708,-87.254
83.717,-89.715
83.727,-89.397
83.736,-85.771
83.745,-89.985
83.755,-87.725
83.764,-87.341
83.773,-89.635
83.783,-86.762
83.792,-85.991
83.801,-89.769
83.811,-87.984
83.820,-87.313
83.829,-85.637
83.839,-88.485
83.848,-85.976
83.857,-87.406
83.866,-88.825
83.876,-90.008
83.885,-87.079
83.894,-88.084
83.904,-85.791
83.913,-87.804
83.922,-88.205
83.932,-90.205
83.941,-91.587
83.950,-87.698
83.960,-86.375
83.969,-87.014
83.978,-90.720
83.988,-87.271
83.997,-88.470
84.006,-89.174
84.016,-86.743
84.025,-87.998
84.034,-88.465
84.043,-86.903
84.053,-90.447
84.062,-90.185
84.071,-90.081
84.081,-88.541
84.090,-88.045
84.099,-88.017
84.109,-91.369
84.118,-88.661
84.127,-87.981
84.137,-87.822
84.146,-85.029
84.155,-86.352
84.165,-90.740
84.174,-92.336
84.183,-89.555
84.193,-89.575
84.202,-88.423
84.211,-85.473
84.220,-90.310
84.230,-85.919
84.239,-89.976
84.248,-88.136
84.258,-90.171
84.267,-87.871
84.276,-88.441
84.286,-90.654
84.286,-88.599
84.295,-88.476
84.304,-87.792
84.314,-90.525
84.323,-89.248
84.332,-88.663
84.342,-90.930
84.351,-89.098
84.360,-90.486
84.370,-89.931
84.379,-86.982
84.388,-89.338
84.398,-88.034
84.407,-90.521
84.416,-89.679
84.425,-90.733
84.435,-90.643
84.444,-89.336
84.453,-88.928
84.463,-89.756
84.472,-90.553
84.481,-88.310
84.491,-90.469
84.500,-90.130
84.509,-88.518
84.519,-89.051
84.528,-88.412
84.537,-89.468
84.547,-90.533
84.556,-89.860
84.565,-90.518
84.575,-87.010
84.584,-85.227
84.593,-92.060
84.602,-88.600
84.612,-88.885
84.621,-90.783
84.630,-91.105
84.640,-91.787
84.649,-89.726
84.658,-90.499
84.668,-88.779
84.677,-87.924
84.686,-89.601
84.696,-90.323
84.705,-90.420
84.714,-89.493
84.724,-87.957
84.733,-87.787
84.742,-88.745
84.752,-92.307
84.761,-90.169
84.770,-90.169
84.780,-85.216
84.789,-88.002
84.798,-87.046
84.807,-90.478
84.817,-90.067
84.826,-91.059
84.835,-87.616
84.845,-87.848
84.854,-89.118
84.863,-87.511
84.873,-92.092
84.882,-90.067
84.891,-90.033
84.901,-88.488
84.910,-89.278
84.919,-89.507
84.929,-88.821
84.938,-88.728
84.947,-87.562
84.957,-90.362
84.966,-89.732
84.975,-90.491
84.984,-88.906
84.994,-90.966
85.003,-88.337
85.012,-91.505
85.022,-89.481
85.031,-91.963
85.040,-90.076
85.050,-92.029
85.059,-91.114
85.068,-90.806
85.078,-88.884
85.087,-88.664
85.096,-88.194
85.106,-88.489
85.115,-89.169
85.124,-89.721
85.134,-90.770
85.143,-85.503
85.152,-90.662
85.161,-88.791
85.171,-88.010
85.180,-87.881
85.189,-89.023
85.199,-87.719
85.208,-88.041
85.217,-90.930
85.227,-87.427
85.236,-87.615
85.245,-91.001
85.255,-90.529
85.264,-92.387
85.273,-92.114
85.283,-89.495
85.292,-89.721
85.301,-88.886
85.311,-90.395
85.320,-89.132
85.329,-88.408
85.339,-92.207
85.348,-91.652
85.357,-90.040
85.366,-91.103
85.376,-90.839
85.385,-91.252
85.394,-89.371
85.404,-88.767
85.413,-88.877
85.422,-88.787
85.432,-88.496
85.441,-88.850
85.450,-90.334
85.460,-88.793
85.469,-87.161
85.478,-90.716
85.488,-87.152
85.497,-86.408
85.506,-89.443
85.516,-89.768
85.525,-90.600
85.534,-90.808
85.543,-90.837
85.553,-86.180
85.562,-88.709
85.571,-89.512
85.581,-89.165
85.590,-91.727
85.599,-90.272
85.609,-88.597
85.618,-90.108
85.627,-89.411
85.637,-89.477
85.646,-90.657
85.655,-90.642
85.665,-88.574
85.674,-90.165
85.683,-88.748
85.693,-88.370
85.702,-87.639
85.711,-89.635
85.720,-88.995
85.730,-88.909
85.739,-89.905
85.748,-88.020
85.758,-86.957
85.767,-89.544
85.776,-86.002
85.786,-87.165
85.795,-87.627
85.804,-88.396
85.814,-90.946
85.823,-88.405
85.832,-91.857
85.842,-90.552
85.851,-89.641
85.860,-88.004
85.870,-89.997
85.879,-88.566
85.888,-90.521
85.898,-90.517
85.907,-88.449
85.916,-90.305
85.925,-89.499
85.935,-90.535
85.944,-87.904
85.953,-90.730
85.963,-88.639
85.972,-89.277
85.981,-87.632
85.991,-87.344
86.000,-86.518
86.009,-90.476
86.019,-86.753
86.028,-87.600
86.037,-87.807
86.047,-87.111
86.056,-88.226
86.065,-89.012
86.075,-86.891
86.084,-86.599
86.093,-87.687
86.102,-87.447
86.112,-89.196
86.121,-87.783
86.130,-89.734
86.140,-90.571
86.149,-90.566
86.158,-89.615
86.168,-89.574
86.177,-88.981
86.186,-89.233
86.196,-89.484
86.205,-89.172
86.214,-91.140
86.224,-90.245
86.233,-91.908
86.242,-91.806
86.252,-92.347
86.261,-91.294
86.270,-89.430
86.280,-89.865
86.289,-93.076
86.298,-90.559
86.307,-90.124
86.317,-93.321
86.326,-91.989
86.335,-90.199
86.345,-90.700
86.354,-91.641
86.363,-92.020
86.373,-93.040
86.382,-92.249
86.391,-90.583
86.401,-95.316
86.410,-91.783
86.419,-92.680
86.429,-93.001
86.438,-92.380
86.447,-93.147
86.457,-90.163
86.466,-93.017
86.475,-91.983
86.484,-93.697
86.494,-92.055
86.503,-93.665
86.512,-94.455
86.522,-92.711
86.531,-93.567
86.540,-93.635
86.550,-94.657
86.559,-94.975
86.568,-93.265
86.578,-91.164
86.587,-94.086
86.596,-93.800
86.606,-94.244
86.615,-93.938
86.624,-91.466
86.634,-93.654
86.643,-90.930
86.652,-93.444
86.661,-93.410
86.671,-96.326
86.680,-93.584
86.689,-92.166
86.699,-94.600
86.708,-93.500
86.717,-91.682
86.727,-92.632
86.736,-92.303
86.745,-92.137
86.755,-96.480
86.764,-95.054
86.773,-91.373
86.783,-92.946
86.792,-93.193
86.801,-93.815
86.811,-93.997
86.820,-91.225
86.829,-93.123
86.839,-92.952
86.848,-92.063
86.857,-89.520
86.866,-92.958
86.876,-90.953
86.885,-91.776
86.894,-91.842
86.904,-94.848
86.913,-92.551
86.922,-92.680
86.932,-94.525
86.941,-96.778
86.950,-92.202
86.960,-94.725
86.969,-93.407
86.978,-90.907
86.988,-94.856
86.997,-91.740
87.006,-93.553
87.016,-90.497
87.025,-92.527
87.034,-90.951
87.043,-94.372
87.053,-90.830
87.062,-92.234
87.071,-93.641
87.081,-93.338
87.090,-93.540
87.099,-90.799
87.109,-90.891
87.118,-94.019
87.127,-92.671
87.137,-92.661
87.146,-91.148
87.155,-93.257
87.165,-94.445
87.174,-91.271
87.183,-92.810
87.193,-91.473
87.202,-90.650
87.211,-94.841
87.220,-91.799
87.230,-92.646
87.239,-94.827
87.248,-91.950
87.258,-94.255
87.267,-93.019
87.276,-94.224
87.286,-94.589
87.295,-93.566
87.304,-93.914
87.314,-92.524
87.323,-93.190
87.332,-94.365
87.342,-96.299
87.351,-94.478
87.360,-94.785
87.370,-95.763
87.379,-93.574
87.388,-94.241
87.398,-94.351
87.407,-95.003
87.416,-92.505
87.425,-93.363
87.435,-92.679
87.444,-96.577
87.453,-94.753
87.463,-94.808
87.472,-94.999
87.481,-96.485
87.491,-94.817
87.500,-94.195
87.509,-92.883
87.519,-93.131
87.528,-93.314
87.537,-91.633
87.547,-92.718
87.556,-94.583
87.565,-93.068
87.575,-93.698
87.584,-95.520
87.593,-94.295
87.602,-93.101
87.612,-94.760
87.621,-93.510
87.630,-93.516
87.640,-92.071
87.649,-90.778
87.658,-92.781
87.668,-93.650
87.677,-93.887
87.686,-88.225
87.696,-91.495
87.705,-94.049
87.714,-93.092
87.724,-94.756
87.733,-91.510
87.742,-92.013
87.752,-91.617
87.761,-93.103
87.770,-91.561
87.780,-93.870
87.789,-92.806
87.798,-92.841
87.807,-93.614
87.817,-93.739
87.826,-91.885
87.835,-91.964
87.845,-89.858
87.854,-92.261
87.863,-91.421
87.873,-90.280
87.882,-93.836
87.891,-93.273
87.901,-92.096
87.910,-93.955
87.919,-91.545
87.929,-92.830
87.938,-92.330
87.947,-90.665
87.957,-94.687
87.966,-92.625
87.975,-90.310
87.984,-92.352
87.994,-93.717
88.003,-94.172
88.012,-92.429
88.022,-91.017
88.031,-92.278
88.040,-91.364
88.050,-93.350
88.059,-95.457
88.068,-91.367
88.078,-91.012
88.087,-92.300
88.096,-90.158
88.106,-89.554
88.115,-87.312
88.124,-87.537
88.134,-88.310
88.143,-91.465
88.152,-91.932
88.161,-92.217
88.171,-91.777
88.180,-90.406
88.189,-92.641
88.199,-93.964
88.208,-93.579
88.217,-91.384
88.227,-92.390
88.236,-90.409
88.245,-90.307
88.255,-91.040
88.264,-91.201
88.273,-90.758
88.283,-89.955
88.292,-89.814
88.301,-92.324
88.311,-91.092
88.320,-92.014
88.329,-91.227
88.339,-91.657
88.348,-92.764
88.357,-91.245
88.366,-90.455
88.376,-90.584
88.385,-91.773
88.394,-91.752
88.404,-91.221
88.413,-92.134
88.422,-91.894
88.432,-92.481
88.441,-93.629
88.450,-91.343
88.460,-90.961
88.469,-90.506
88.478,-92.073
88.488,-91.286
88.497,-91.357
88.506,-91.622
88.516,-93.108
88.525,-93.990
88.534,-91.447
88.543,-92.700
88.553,-91.260
88.562,-91.414
88.571,-92.673
88.571,-95.778
88.581,-91.472
88.590,-95.775
88.599,-93.619
88.609,-91.746
88.618,-93.110
88.627,-97.154
88.637,-92.540
88.646,-96.152
88.655,-90.716
88.665,-93.883
88.674,-93.626
88.683,-95.022
88.693,-90.452
88.702,-93.541
88.711,-93.969
88.720,-95.865
88.730,-93.533
88.739,-95.286
88.748,-92.695
88.758,-95.421
88.767,-95.472
88.776,-95.755
88.786,-93.854
88.795,-91.453
88.804,-92.668
88.814,-96.894
88.823,-93.087
88.832,-94.684
88.842,-96.221
88.851,-91.207
88.860,-93.986
88.870,-97.665
88.879,-93.260
88.888,-94.796
88.898,-92.169
88.907,-93.247
88.916,-102.388
88.925,-94.522
88.935,-93.041
88.944,-92.034
88.953,-93.514
88.963,-96.541
88.972,-94.922
88.981,-91.876
88.991,-91.591
89.000,-93.127
89.009,-94.326
89.019,-95.579
89.028,-91.039
89.037,-92.339
89.047,-90.889
89.056,-100.377
89.065,-92.642
89.075,-94.458
89.084,-93.536
89.093,-93.649
89.102,-97.571
89.112,-94.040
89.121,-97.283
89.130,-94.057
89.140,-92.082
89.149,-95.847
89.158,-96.445
89.168,-96.264
89.177,-93.504
89.186,-95.306
89.196,-94.183
89.205,-95.737
89.214,-97.010
89.224,-92.314
89.233,-99.584
89.242,-92.924
89.252,-93.105
89.261,-95.303
89.270,-95.327
89.280,-95.423
89.289,-93.775
89.298,-101.028
89.307,-97.124
89.317,-93.515
89.326,-93.674
89.335,-96.139
89.345,-95.560
89.354,-96.368
89.363,-96.812
89.373,-93.483
89.382,-94.609
89.391,-97.426
89.401,-94.786
89.410,-96.036
89.419,-95.726
89.429,-90.434
89.438,-95.571
89.447,-96.642
89.457,-96.436
89.466,-94.035
89.475,-92.141
89.484,-96.543
89.494,-95.667
89.503,-91.982
89.512,-94.116
89.522,-95.308
89.531,-93.809
89.540,-93.019
89.550,-95.745
89.559,-96.166
89.568,-95.995
89.578,-99.564
89.587,-92.067
89.596,-93.135
89.606,-91.752
89.615,-96.695
89.624,-94.442
89.634,-95.971
89.643,-97.085
89.652,-93.355
89.661,-94.726
89.671,-97.996
89.680,-91.103
89.689,-94.035
89.699,-93.322
89.708,-97.190
89.717,-93.825
89.727,-96.160
89.736,-98.450
89.745,-94.094
89.755,-94.485
89.764,-92.571
89.773,-94.085
89.783,-93.177
89.792,-93.502
89.801,-95.381
89.811,-95.612
89.820,-97.588
89.829,-95.575
89.839,-93.150
89.848,-93.292
89.857,-93.769
89.866,-93.867
89.876,-91.307
89.885,-93.653
89.894,-92.148
89.904,-97.240
89.913,-95.609
89.922,-92.698
89.932,-92.726
89.941,-93.770
89.950,-95.675
89.960,-94.906
89.969,-94.724
89.978,-94.061
89.988,-94.991
89.997,-95.895
90.006,-94.325
90.016,-97.881
90.025,-95.021
90.034,-91.841
90.043,-95.563
90.053,-91.524
90.062,-96.130
90.071,-94.413
90.081,-97.794
90.090,-94.938
90.099,-94.253
90.109,-94.133
90.118,-89.698
90.127,-98.094
90.137,-96.098
90.146,-98.061
90.155,-95.279
90.165,-94.420
90.174,-92.730
90.183,-94.927
90.193,-95.627
90.202,-92.952
90.211,-96.330
90.220,-96.744
90.230,-96.565
90.239,-100.523
90.248,-97.366
90.258,-92.105
90.267,-93.395
90.276,-94.345
90.286,-95.524
90.295,-91.904
90.304,-96.069
90.314,-95.531
90.323,-99.872
90.332,-95.401
90.342,-96.443
90.351,-97.059
90.360,-97.675
90.370,-96.858
90.379,-95.153
90.388,-95.126
90.398,-93.946
90.407,-95.244
90.416,-96.315
90.425,-93.147
90.435,-95.821
90.444,-94.282
90.453,-94.637
90.463,-93.676
90.472,-99.638
90.481,-94.249
90.491,-96.172
90.500,-97.685
90.509,-95.530
90.519,-95.859
90.528,-93.413
90.537,-94.639
90.547,-96.175
90.556,-96.080
90.565,-94.700
90.575,-95.584
90.584,-92.003
90.593,-94.299
90.602,-92.009
90.612,-98.700
90.621,-95.358
90.630,-94.837
90.640,-95.401
90.649,-95.163
90.658,-94.382
90.668,-93.806
90.677,-95.392
90.686,-96.435
90.696,-95.166
90.705,-95.690
90.714,-95.781
90.724,-91.906
90.733,-95.674
90.742,-94.772
90.752,-99.284
90.761,-96.486
90.770,-92.785
90.780,-94.823
90.789,-92.957
90.798,-92.230
90.807,-93.960
90.817,-92.972
90.826,-93.927
90.835,-92.051
90.845,-95.384
90.854,-94.690
90.863,-91.640
90.873,-94.483
90.882,-94.114
90.891,-98.224
90.901,-96.334
90.910,-94.525
90.919,-92.764
90.929,-92.697
90.938,-93.762
90.947,-94.401
90.957,-92.348
90.966,-89.525
90.975,-95.505
90.984,-92.641
90.994,-94.523
91.003,-92.774
91.012,-92.417
91.022,-92.328
91.031,-91.981
91.040,-95.462
91.050,-92.476
91.059,-91.544
91.068,-91.248
91.078,-91.754
91.087,-97.018
91.096,-93.900
91.106,-92.180
91.115,-92.478
91.124,-91.649
91.134,-94.193
91.143,-90.683
91.152,-91.190
91.161,-88.008
91.171,-91.757
91.180,-91.049
91.189,-92.000
91.199,-94.502
91.208,-93.995
91.217,-91.242
91.227,-90.444
91.236,-93.674
91.245,-93.092
91.255,-90.951
91.264,-92.129
91.273,-91.527
91.283,-93.217
91.292,-100.730
91.301,-97.821
91.311,-91.971
91.320,-89.447
91.329,-92.906
91.339,-96.259
91.348,-93.339
91.357,-95.637
91.366,-88.836
91.376,-90.573
91.385,-92.412
91.394,-88.883
91.404,-93.046
91.413,-92.934
91.422,-93.056
91.432,-92.571
91.441,-89.749
91.450,-93.019
91.460,-92.747
91.469,-95.475
91.478,-97.457
91.488,-91.616
91.497,-93.832
91.506,-97.201
91.516,-95.304
91.525,-97.604
91.534,-95.451
91.543,-93.566
91.553,-90.186
91.562,-91.989
91.571,-93.637
91.581,-96.534
91.590,-91.310
91.599,-96.226
91.609,-94.706
91.618,-93.398
91.627,-96.704
91.637,-92.081
91.646,-93.217
91.655,-89.507
91.665,-92.985
91.674,-92.989
91.683,-91.631
91.693,-95.756
91.702,-94.011
91.711,-92.410
91.720,-93.794
91.730,-94.326
91.739,-90.595
91.748,-88.507
91.758,-92.089
91.767,-93.824
91.776,-91.664
91.786,-90.523
91.795,-89.355
91.804,-92.379
91.814,-93.079
91.823,-95.154
91.832,-96.620
91.842,-92.413
91.851,-95.880
91.860,-93.638
91.870,-94.355
91.879,-92.505
91.888,-92.620
91.898,-92.644
91.907,-96.785
91.916,-95.525
91.925,-95.583
91.935,-96.740
91.944,-93.327
91.953,-93.411
91.963,-95.645
91.972,-97.340
91.981,-97.490
91.991,-94.446
92.000,-93.951
92.009,-95.153
92.019,-98.354
92.028,-92.073
92.037,-91.740
92.047,-95.974
92.056,-96.262
92.065,-95.032
92.075,-96.951
92.084,-93.488
92.093,-98.367
92.102,-96.412
92.112,-101.615
92.121,-98.883
92.130,-92.639
92.140,-93.773
92.149,-91.023
92.158,-96.329
92.168,-95.138
92.177,-92.487
92.186,-91.171
92.196,-93.781
92.205,-96.543
92.214,-94.653
92.224,-94.222
92.233,-93.700
92.242,-94.310
92.252,-92.583
92.261,-94.563
92.270,-96.345
92.280,-93.775
92.289,-94.620
92.298,-93.311
92.307,-93.513
92.317,-93.336
92.326,-91.158
92.335,-93.413
92.345,-95.754
92.354,-93.145
92.363,-91.027
92.373,-96.908
92.382,-95.016
92.391,-98.139
92.401,-93.035
92.410,-95.514
92.419,-102.206
92.429,-97.203
92.438,-97.899
92.447,-98.061
92.457,-99.204
92.466,-95.136
92.475,-99.799
92.484,-97.597
92.494,-97.670
92.503,-96.755
92.512,-95.480
92.522,-95.319
92.531,-96.174
92.540,-100.299
92.550,-93.593
92.559,-95.041
92.568,-95.387
92.578,-97.151
92.587,-96.561
92.596,-91.435
92.606,-94.795
92.615,-101.822
92.624,-97.556
92.634,-96.349
92.643,-95.410
92.652,-94.277
92.661,-94.083
92.671,-96.699
92.680,-93.667
92.689,-93.003
92.699,-93.296
92.708,-93.795
92.717,-96.089
92.727,-92.173
92.736,-93.977
92.745,-95.879
92.755,-92.784
92.764,-94.496
92.773,-97.696
92.783,-92.156
92.792,-93.877
92.801,-95.650
92.811,-96.080
92.820,-96.027
92.829,-95.180
92.839,-94.913
92.848,-95.647
92.857,-92.673
92.857,-93.283
92.866,-93.391
92.876,-91.835
92.885,-92.628
92.894,-92.695
92.904,-94.017
92.913,-94.728
92.922,-95.708
92.932,-93.659
92.941,-95.008
92.950,-92.737
92.960,-91.999
92.969,-92.990
92.978,-92.144
92.988,-93.575
92.997,-93.367
93.006,-92.432
93.016,-94.416
93.025,-93.896
93.034,-93.009
93.043,-94.537
93.053,-92.859
93.062,-94.260
93.071,-94.530
93.081,-93.679
93.090,-92.940
93.099,-93.213
93.109,-91.975
93.118,-93.869
93.127,-93.157
93.137,-92.066
93.146,-92.635
93.155,-93.469
93.165,-94.399
93.174,-93.124
93.183,-94.397
93.193,-94.818
93.202,-93.535
93.211,-92.660
93.220,-93.814
93.230,-93.267
93.239,-93.134
93.248,-92.430
93.258,-93.257
93.267,-93.625
93.276,-92.909
93.286,-92.673
93.295,-93.637
93.304,-92.038
93.314,-93.548
93.323,-92.031
93.332,-92.364
93.342,-94.624
93.351,-94.689
93.360,-93.332
93.370,-93.977
93.379,-92.736
93.388,-93.747
93.398,-92.095
93.407,-92.121
93.416,-94.011
93.425,-91.649
93.435,-93.702
93.444,-94.624
93.453,-92.552
93.463,-92.392
93.472,-93.941
93.481,-94.361
93.491,-95.476
93.500,-92.363
93.509,-93.167
93.519,-92.637
93.528,-91.889
93.537,-93.605
93.547,-93.992
93.556,-91.952
93.565,-92.437
93.575,-93.181
93.584,-93.683
93.593,-93.783
93.602,-91.998
93.612,-90.169
93.621,-92.978
93.630,-90.781
93.640,-91.358
93.649,-94.217
93.658,-92.228
93.668,-90.162
93.677,-91.864
93.686,-90.681
93.696,-91.967
93.705,-91.018
93.714,-93.613
93.724,-91.410
93.733,-94.649
93.742,-92.901
93.752,-90.018
93.761,-93.148
93.770,-92.147
93.780,-89.499
93.789,-91.369
93.798,-93.141
93.807,-92.263
93.817,-89.484
93.826,-93.280
93.835,-92.771
93.845,-92.232
93.854,-90.499
93.863,-92.174
93.873,-92.287
93.882,-91.185
93.891,-91.446
93.901,-91.614
93.910,-90.357
93.919,-93.030
93.929,-89.455
93.938,-92.424
93.947,-90.625
93.957,-89.783
93.966,-89.835
93.975,-92.183
93.984,-91.015
93.994,-90.451
94.003,-90.838
94.012,-89.113
94.022,-89.376
94.031,-90.622
94.040,-90.357
94.050,-89.595
94.059,-89.843
94.068,-90.529
94.078,-90.664
94.087,-89.067
94.096,-89.054
94.106,-89.776
94.115,-91.329
94.124,-89.558
94.134,-88.364
94.143,-89.422
94.152,-87.957
94.161,-89.812
94.171,-88.518
94.180,-89.241
94.189,-88.728
94.199,-87.983
94.208,-89.345
94.217,-87.689
94.227,-86.607
94.236,-87.388
94.245,-87.662
94.255,-89.299
94.264,-87.563
94.273,-85.710
94.283,-89.036
94.292,-88.003
94.301,-87.551
94.311,-85.625
94.320,-86.522
94.329,-87.058
94.339,-87.388
94.348,-85.998
94.357,-85.700
94.366,-86.096
94.376,-87.064
94.385,-86.810
94.394,-86.085
94.404,-85.561
94.413,-86.384
94.422,-85.104
94.432,-85.299
94.441,-86.534
94.450,-86.768
94.460,-84.375
94.469,-85.359
94.478,-84.913
94.488,-85.347
94.497,-85.279
94.506,-85.320
94.516,-86.338
94.525,-86.068
94.534,-84.304
94.543,-85.054
94.553,-84.628
94.562,-85.328
94.571,-86.445
94.581,-85.510
94.590,-85.417
94.599,-84.039
94.609,-84.611
94.618,-84.353
94.627,-84.277
94.637,-84.723
94.646,-84.689
94.655,-84.948
94.665,-84.284
94.674,-83.854
94.683,-83.993
94.693,-83.632
94.702,-83.383
94.711,-84.246
94.720,-83.329
94.730,-83.998
94.739,-84.089
94.748,-84.169
94.758,-84.123
94.767,-83.392
94.776,-83.880
94.786,-83.679
94.795,-83.112
94.804,-83.470
94.814,-82.923
94.823,-84.290
94.832,-83.928
94.842,-83.277
94.851,-83.234
94.860,-82.783
94.870,-84.107
94.879,-83.894
94.888,-83.179
94.898,-83.592
94.907,-83.001
94.916,-83.623
94.925,-83.423
94.935,-83.861
94.944,-83.328
94.953,-82.877
94.963,-83.481
94.972,-82.754
94.981,-84.229
94.991,-84.239
95.000,-83.155
95.009,-83.432
95.019,-83.684
95.028,-83.572
95.037,-83.933
95.047,-83.863
95.056,-83.186
95.065,-84.395
95.075,-83.760
95.084,-83.888
95.093,-83.877
95.102,-83.827
95.112,-85.314
95.121,-84.154
95.130,-82.735
95.140,-83.587
95.149,-83.333
95.158,-82.957
95.168,-83.087
95.177,-84.081
95.186,-84.825
95.196,-84.099
95.205,-84.664
95.214,-83.390
95.224,-84.631
95.233,-83.933
95.242,-83.820
95.252,-84.007
95.261,-84.335
95.270,-83.149
95.280,-84.083
95.289,-83.416
95.298,-83.341
95.307,-84.384
95.317,-82.124
95.326,-84.224
95.335,-84.480
95.345,-84.575
95.354,-83.699
95.363,-83.719
95.373,-84.679
95.382,-84.154
95.391,-85.892
95.401,-84.958
95.410,-84.093
95.419,-85.756
95.429,-84.621
95.438,-84.848
95.447,-84.900
95.457,-84.133
95.466,-84.079
95.475,-84.071
95.484,-86.467
95.494,-84.698
95.503,-83.845
95.512,-84.955
95.522,-84.226
95.531,-86.149
95.540,-84.570
95.550,-83.494
95.559,-84.693
95.568,-84.840
95.578,-84.807
95.587,-85.899
95.596,-85.081
95.606,-86.287
95.615,-84.689
95.624,-84.737
95.634,-84.088
95.643,-85.138
95.652,-86.157
95.661,-86.140
95.671,-84.432
95.680,-85.218
95.689,-84.467
95.699,-84.735
95.708,-84.226
95.717,-83.935
95.727,-84.233
95.736,-84.912
95.745,-85.050
95.755,-85.317
95.764,-85.511
95.773,-85.830
95.783,-84.451
95.792,-84.836
95.801,-85.456
95.811,-85.514
95.820,-85.139
95.829,-85.341
95.839,-86.043
95.848,-84.911
95.857,-85.188
95.866,-86.254
95.876,-86.199
95.885,-85.516
95.894,-84.663
95.904,-85.864
95.913,-86.111
95.922,-85.095
95.932,-85.095
95.941,-84.438
95.950,-86.423
95.960,-86.000
95.969,-85.834
95.978,-86.008
95.988,-85.304
95.997,-87.105
96.006,-86.360
96.016,-86.375
96.025,-86.861
96.034,-86.080
96.043,-87.493
96.053,-85.615
96.062,-86.786
96.071,-86.559
96.081,-85.252
96.090,-87.027
96.099,-87.610
96.109,-86.617
96.118,-86.363
96.127,-86.720
96.137,-86.326
96.146,-86.318
96.155,-86.827
96.165,-88.500
96.174,-87.700
96.183,-87.324
96.193,-87.373
96.202,-86.362
96.211,-87.584
96.220,-86.991
96.230,-87.649
96.239,-88.111
96.248,-86.862
96.258,-86.957
96.267,-87.038
96.276,-87.926
96.286,-87.925
96.295,-88.046
96.304,-88.608
96.314,-88.526
96.323,-87.486
96.332,-88.852
96.342,-87.512
96.351,-89.744
96.360,-89.529
96.370,-88.598
96.379,-87.555
96.388,-87.456
96.398,-86.959
96.407,-88.660
96.416,-89.842
96.425,-89.367
96.435,-91.009
96.444,-87.989
96.453,-90.192
96.463,-89.814
96.472,-88.988
96.481,-90.440
96.491,-88.702
96.500,-90.497
96.509,-89.577
96.519,-90.168
96.528,-89.807
96.537,-91.099
96.547,-91.448
96.556,-89.695
96.565,-91.148
96.575,-91.400
96.584,-91.980
96.593,-89.412
96.602,-91.092
96.612,-92.329
96.621,-91.198
96.630,-90.563
96.640,-91.037
96.649,-93.104
96.658,-91.883
96.668,-93.175
96.677,-92.516
96.686,-91.497
96.696,-90.410
96.705,-91.208
96.714,-93.894
96.724,-94.165
96.733,-91.859
96.742,-92.700
96.752,-93.153
96.761,-93.086
96.770,-91.780
96.780,-92.510
96.789,-93.642
96.798,-93.123
96.807,-93.216
96.817,-94.524
96.826,-91.959
96.835,-93.339
96.845,-94.819
96.854,-94.812
96.863,-96.495
96.873,-94.135
96.882,-94.508
96.891,-93.900
96.901,-93.752
96.910,-94.751
96.919,-93.210
96.929,-93.997
96.938,-94.324
96.947,-95.945
96.957,-95.597
96.966,-95.069
96.975,-93.727
96.984,-97.440
96.994,-97.101
97.003,-94.395
97.012,-96.155
97.022,-95.416
97.031,-94.647
97.040,-95.191
97.050,-97.321
97.059,-95.484
97.068,-93.287
97.078,-94.313
97.087,-93.851
97.096,-96.010
97.106,-97.480
97.115,-94.257
97.124,-94.799
97.134,-93.618
97.143,-95.245
97.143,-94.402
97.152,-97.412
97.161,-95.696
97.171,-96.360
97.180,-94.361
97.189,-94.906
97.199,-95.769
97.208,-96.104
97.217,-97.518
97.227,-94.623
97.236,-95.668
97.245,-98.756
97.255,-96.282
97.264,-97.309
97.273,-96.167
97.283,-96.573
97.292,-97.808
97.301,-94.857
97.311,-96.427
97.320,-97.444
97.329,-96.717
97.339,-95.979
97.348,-94.521
97.357,-96.020
97.366,-96.061
97.376,-97.064
97.385,-97.495
97.394,-98.243
97.404,-95.352
97.413,-97.862
97.422,-95.519
97.432,-96.366
97.441,-95.741
97.450,-95.176
97.460,-98.192
97.469,-97.079
97.478,-97.265
97.488,-97.002
97.497,-95.729
97.506,-97.324
97.516,-95.903
97.525,-96.724
97.534,-95.867
97.543,-97.027
97.553,-98.119
97.562,-95.626
97.571,-97.460
97.581,-96.952
97.590,-95.434
97.599,-97.148
97.609,-98.657
97.618,-95.600
97.627,-98.165
97.637,-99.395
97.646,-95.795
97.655,-97.490
97.665,-96.916
97.674,-96.722
97.683,-95.382
97.693,-97.163
97.702,-95.325
97.711,-95.504
97.720,-97.376
97.730,-97.228
97.739,-97.644
97.748,-97.090
97.758,-97.681
97.767,-98.909
97.776,-98.569
97.786,-97.990
97.795,-97.969
97.804,-96.956
97.814,-96.854
97.823,-96.616
97.832,-96.563
97.842,-95.714
97.851,-96.371
97.860,-97.278
97.870,-96.451
97.879,-95.995
97.888,-97.759
97.898,-97.759
97.907,-96.918
97.916,-94.548
97.925,-95.796
97.935,-98.220
97.944,-96.285
97.953,-97.564
97.963,-96.695
97.972,-97.332
97.981,-96.241
97.991,-99.030
98.000,-94.275
98.009,-98.885
98.019,-96.660
98.028,-96.931
98.037,-98.788
98.047,-95.602
98.056,-98.835
98.065,-95.616
98.075,-94.896
98.084,-96.298
98.093,-97.652
98.102,-97.847
98.112,-96.283
98.121,-96.851
98.130,-95.793
98.140,-97.314
98.149,-96.057
98.158,-94.458
98.168,-96.307
98.177,-97.947
98.186,-96.852
98.196,-94.912
98.205,-96.719
98.214,-94.757
98.224,-95.481
98.233,-97.021
98.242,-99.040
98.252,-97.607
98.261,-96.545
98.270,-96.568
98.280,-95.950
98.289,-96.073
98.298,-94.078
98.307,-96.958
98.317,-95.967
98.326,-97.806
98.335,-99.268
98.345,-95.420
98.354,-96.651
98.363,-96.975
98.373,-97.372
98.382,-97.087
98.391,-97.369
98.401,-94.837
98.410,-97.697
98.419,-96.723
98.429,-96.243
98.438,-97.698
98.447,-98.460
98.457,-96.652
98.466,-96.487
98.475,-96.918
98.484,-96.271
98.494,-96.329
98.503,-97.214
98.512,-96.764
98.522,-98.936
98.531,-96.293
98.540,-95.630
98.550,-96.119
98.559,-98.658
98.568,-97.802
98.578,-98.957
98.587,-95.498
98.596,-96.954
98.606,-98.822
98.615,-97.447
98.624,-98.733
98.634,-98.254
98.643,-98.234
98.652,-95.824
98.661,-95.285
98.671,-97.681
98.680,-96.791
98.689,-98.585
98.699,-96.433
98.708,-98.225
98.717,-97.081
98.727,-98.702
98.736,-96.890
98.745,-96.191
98.755,-95.391
98.764,-96.786
98.773,-95.628
98.783,-98.298
98.792,-98.306
98.801,-96.220
98.811,-98.841
98.820,-96.414
98.829,-98.178
98.839,-97.253
98.848,-99.054
98.857,-97.489
98.866,-96.546
98.876,-97.396
98.885,-96.771
98.894,-99.392
98.904,-100.046
98.913,-99.317
98.922,-96.918
98.932,-97.168
98.941,-97.919
98.950,-99.211
98.960,-97.882
98.969,-97.924
98.978,-96.313
98.988,-97.621
98.997,-96.875
99.006,-96.114
99.016,-96.803
99.025,-98.292
99.034,-99.078
99.043,-98.720
99.053,-99.210
99.062,-96.455
99.071,-97.431
99.081,-95.385
99.090,-96.781
99.099,-97.745
99.109,-95.641
99.118,-96.116
99.127,-96.727
99.137,-97.094
99.146,-95.834
99.155,-94.713
99.165,-96.262
99.174,-95.133
99.183,-97.814
99.193,-96.564
99.202,-96.542
99.211,-95.923
99.220,-98.126
99.230,-99.194
99.239,-95.443
99.248,-97.392
99.258,-96.043
99.267,-95.763
99.276,-95.886
99.286,-94.918
99.295,-96.986
99.304,-96.721
99.314,-96.718
99.323,-100.232
99.332,-96.497
99.342,-95.226
99.351,-98.395
99.360,-96.147
99.370,-97.203
99.379,-96.795
99.388,-97.326
99.398,-96.496
99.407,-95.074
99.416,-96.481
99.425,-98.608
99.435,-96.798
99.444,-96.176
99.453,-94.872
99.463,-97.214
99.472,-98.109
99.481,-96.960
99.491,-97.762
99.500,-95.014
99.509,-97.109
99.519,-96.739
99.528,-94.236
99.537,-97.377
99.547,-96.362
99.556,-95.673
99.565,-95.066
99.575,-94.382
99.584,-94.117
99.593,-94.781
99.602,-98.330
99.612,-93.208
99.621,-94.137
99.630,-97.140
99.640,-96.538
99.649,-96.256
99.658,-97.442
99.668,-93.570
99.677,-94.988
99.686,-96.341
99.696,-93.591
99.705,-95.141
99.714,-93.649
99.724,-96.312
99.733,-94.765
99.742,-96.377
99.752,-93.884
99.761,-94.435
99.770,-95.201
99.780,-97.272
99.789,-97.170
99.798,-97.687
99.807,-94.459
99.817,-96.530
99.826,-97.323
99.835,-93.355
99.845,-94.055
99.854,-95.156
99.863,-95.789
99.873,-95.771
99.882,-98.159
99.891,-96.659
99.901,-96.797
99.910,-96.159
99.919,-92.809
99.929,-96.164
99.938,-92.624
99.947,-94.940
99.957,-94.098
99.966,-96.329
99.975,-98.546
99.984,-95.364
99.994,-95.400
100.003,-91.522
100.012,-97.081
100.022,-95.690
100.031,-94.679
100.040,-95.314
100.050,-94.794
100.059,-96.959
100.068,-95.713
100.078,-97.570
100.087,-94.435
100.096,-92.672
100.106,-95.196
100.115,-99.265
100.124,-95.752
100.134,-96.467
100.143,-95.374
100.152,-96.601
100.161,-96.597
100.171,-98.050
100.180,-97.363
100.189,-94.658
100.199,-94.810
100.208,-97.597
100.217,-93.619
100.227,-96.564
100.236,-96.102
100.245,-96.753
100.255,-96.165
100.264,-95.923
100.273,-96.762
100.283,-96.052
100.292,-94.536
100.301,-96.807
100.311,-93.766
100.320,-95.052
100.329,-94.637
100.339,-97.079
100.348,-97.353
100.357,-94.727
100.366,-96.628
100.376,-94.728
100.385,-95.699
100.394,-98.163
100.404,-96.097
100.413,-95.601
100.422,-94.796
100.432,-96.730
100.441,-96.108
100.450,-96.138
100.460,-97.597
100.469,-96.848
100.478,-97.085
100.488,-95.263
100.497,-95.688
100.506,-97.927
100.516,-96.337
100.525,-96.543
100.534,-98.769
100.543,-97.280
100.553,-97.153
100.562,-97.619
100.571,-94.934
100.581,-94.636
100.590,-94.994
100.599,-95.492
100.609,-95.276
100.618,-94.663
100.627,-97.592
100.637,-97.576
100.646,-98.645
100.655,-96.442
100.665,-95.748
100.674,-96.251
100.683,-96.235
100.693,-96.959
100.702,-98.930
100.711,-97.383
100.720,-96.941
100.730,-95.951
100.739,-95.754
100.748,-96.787
100.758,-99.836
100.767,-93.957
100.776,-98.491
100.786,-96.044
100.795,-94.643
100.804,-96.881
100.814,-96.774
100.823,-96.081
100.832,-95.967
100.842,-94.202
100.851,-98.702
100.860,-96.873
100.870,-97.910
100.879,-92.612
100.888,-95.828
100.898,-97.105
100.907,-96.726
100.916,-98.142
100.925,-96.770
100.935,-96.989
100.944,-96.732
100.953,-95.535
100.963,-98.482
100.972,-98.241
100.981,-97.370
100.991,-97.428
101.000,-96.332
101.009,-96.556
101.019,-96.194
101.028,-96.123
101.037,-95.822
101.047,-96.424
101.056,-96.356
101.065,-94.594
101.075,-96.047
101.084,-96.384
101.093,-98.640
101.102,-96.645
101.112,-98.250
101.121,-98.387
101.130,-96.467
101.140,-97.168
101.149,-97.217
101.158,-97.494
101.168,-97.460
101.177,-95.960
101.186,-96.024
101.196,-97.129
101.205,-95.895
101.214,-97.795
101.224,-96.820
101.233,-97.218
101.242,-97.299
101.252,-95.808
101.261,-94.885
101.270,-97.330
101.280,-97.321
101.289,-97.279
101.298,-94.930
101.307,-97.702
101.317,-97.025
101.326,-95.771
101.335,-96.189
101.345,-96.400
101.354,-96.307
101.363,-93.947
101.373,-98.682
101.382,-96.485
101.391,-95.069
101.401,-97.989
101.410,-96.987
101.419,-97.304
101.429,-96.668
101.429,-97.457
101.438,-94.990
101.447,-97.205
101.457,-96.932
101.466,-96.693
101.475,-96.899
101.484,-94.766
101.494,-97.123
101.503,-97.397
101.512,-97.714
101.522,-95.267
101.531,-97.162
101.540,-97.744
101.550,-96.463
101.559,-95.020
101.568,-97.517
101.578,-97.108
101.587,-98.997
101.596,-95.900
101.606,-98.478
101.615,-97.775
101.624,-98.259
101.634,-98.163
101.643,-97.853
101.652,-94.930
101.661,-97.312
101.671,-96.895
101.680,-98.469
101.689,-97.856
101.699,-99.092
101.708,-97.467
101.717,-97.078
101.727,-97.514
101.736,-97.544
101.745,-97.258
101.755,-98.302
101.764,-98.513
101.773,-99.543
101.783,-98.429
101.792,-94.273
101.801,-97.118
101.811,-97.195
101.820,-97.570
101.829,-98.924
101.839,-98.850
101.848,-97.269
101.857,-95.394
101.866,-98.610
101.876,-97.551
101.885,-96.196
101.894,-97.286
101.904,-99.766
101.913,-99.516
101.922,-98.014
101.932,-98.658
101.941,-97.985
101.950,-99.345
101.960,-97.296
101.969,-97.727
101.978,-99.263
101.988,-97.050
101.997,-97.631
102.006,-97.882
102.016,-96.667
102.025,-98.171
102.034,-97.361
102.043,-97.797
102.053,-98.462
102.062,-100.479
102.071,-97.309
102.081,-98.308
102.090,-96.622
102.099,-97.022
102.109,-98.085
102.118,-97.802
102.127,-98.570
102.137,-97.690
102.146,-99.257
102.155,-99.825
102.165,-98.472
102.174,-98.211
102.183,-98.390
102.193,-98.229
102.202,-100.208
102.211,-100.380
102.220,-97.519
102.230,-97.401
102.239,-97.160
102.248,-96.107
102.258,-95.590
102.267,-97.985
102.276,-98.048
102.286,-98.038
102.295,-100.630
102.304,-98.427
102.314,-98.640
102.323,-99.111
102.332,-99.416
102.342,-98.466
102.351,-98.362
102.360,-96.923
102.370,-98.987
102.379,-98.675
102.388,-98.486
102.398,-100.766
102.407,-97.519
102.416,-95.406
102.425,-99.126
102.435,-97.237
102.444,-100.558
102.453,-97.919
102.463,-97.932
102.472,-99.147
102.481,-96.344
102.491,-97.115
102.500,-97.398
102.509,-97.570
102.519,-98.703
102.528,-96.791
102.537,-99.066
102.547,-95.881
102.556,-97.130
102.565,-97.198
102.575,-98.790
102.584,-96.628
102.593,-98.896
102.602,-98.862
102.612,-95.355
102.621,-98.499
102.630,-94.801
102.640,-96.396
102.649,-98.433
102.658,-97.468
102.668,-98.870
102.677,-98.375
102.686,-96.475
102.696,-96.868
102.705,-97.828
102.714,-96.506
102.724,-96.087
102.733,-99.923
102.742,-96.227
102.752,-98.078
102.761,-96.247
102.770,-95.877
102.780,-97.569
102.789,-96.946
102.798,-97.075
102.807,-97.152
102.817,-98.152
102.826,-97.689
102.835,-95.624
102.845,-97.026
102.854,-95.579
102.863,-96.675
102.873,-97.690
102.882,-97.762
102.891,-97.909
102.901,-97.518
102.910,-97.225
102.919,-97.206
102.929,-97.781
102.938,-96.329
102.947,-95.838
102.957,-93.954
102.966,-96.396
102.975,-98.278
102.984,-97.348
102.994,-97.538
103.003,-98.422
103.012,-99.100
103.022,-97.993
103.031,-98.071
103.040,-96.363
103.050,-98.979
103.059,-98.434
103.068,-98.747
103.078,-96.819
103.087,-98.061
103.096,-97.642
103.106,-95.945
103.115,-95.218
103.124,-96.169
103.134,-94.938
103.143,-95.324
103.152,-97.562
103.161,-98.113
103.171,-96.664
103.180,-96.581
103.189,-95.444
103.199,-98.475
103.208,-97.971
103.217,-97.430
103.227,-96.149
103.236,-97.631
103.245,-98.625
103.255,-96.807
103.264,-98.116
103.273,-99.503
103.283,-98.942
103.292,-96.058
103.301,-97.653
103.311,-97.958
103.320,-96.705
103.329,-98.700
103.339,-95.474
103.348,-98.947
103.357,-98.449
103.366,-96.706
103.376,-98.946
103.385,-97.263
103.394,-98.120
103.404,-96.519
103.413,-95.765
103.422,-96.596
103.432,-97.118
103.441,-97.860
103.450,-98.550
103.460,-98.192
103.469,-96.618
103.478,-95.267
103.488,-97.705
103.497,-97.117
103.506,-98.118
103.516,-98.038
103.525,-98.231
103.534,-97.100
103.543,-98.787
103.553,-96.775
103.562,-96.724
103.571,-97.071
103.581,-97.951
103.590,-94.896
103.599,-97.170
103.609,-98.012
103.618,-95.627
103.627,-97.613
103.637,-97.263
103.646,-97.053
103.655,-96.901
103.665,-97.289
103.674,-99.692
103.683,-99.353
103.693,-96.693
103.702,-97.171
103.711,-96.785
103.720,-98.599
103.730,-97.080
103.739,-96.803
103.748,-97.502
103.758,-97.064
103.767,-99.256
103.776,-95.630
103.786,-98.301
103.795,-96.874
103.804,-96.819
103.814,-97.077
103.823,-96.080
103.832,-96.778
103.842,-96.920
103.851,-97.257
103.860,-97.553
103.870,-96.752
103.879,-97.878
103.888,-96.990
103.898,-95.648
103.907,-96.001
103.916,-97.719
103.925,-95.981
103.935,-95.811
103.944,-97.634
103.953,-95.782
103.963,-95.365
103.972,-94.315
103.981,-95.552
103.991,-95.597
104.000,-95.020
104.009,-96.504
104.019,-93.394
104.028,-92.789
104.037,-95.934
104.047,-95.722
104.056,-93.943
104.065,-95.032
104.075,-93.759
104.084,-94.606
104.093,-94.699
104.102,-94.761
104.112,-96.501
104.121,-94.639
104.130,-93.795
104.140,-94.838
104.149,-96.718
104.158,-93.345
104.168,-94.697
104.177,-94.645
104.186,-96.014
104.196,-94.345
104.205,-94.964
104.214,-94.468
104.224,-93.967
104.233,-94.221
104.242,-93.097
104.252,-95.627
104.261,-94.660
104.270,-94.157
104.280,-95.189
104.289,-95.348
104.298,-95.666
104.307,-93.967
104.317,-94.763
104.326,-94.809
104.335,-94.918
104.345,-92.152
104.354,-93.479
104.363,-94.531
104.373,-93.739
104.382,-95.302
104.391,-94.013
104.401,-94.003
104.410,-93.014
104.419,-93.732
104.429,-94.896
104.438,-93.245
104.447,-92.219
104.457,-93.186
104.466,-92.586
104.475,-92.834
104.484,-93.944
104.494,-93.679
104.503,-91.929
104.512,-94.132
104.522,-95.661
104.531,-92.836
104.540,-93.120
104.550,-94.106
104.559,-91.640
104.568,-93.423
104.578,-94.576
104.587,-92.861
104.596,-93.168
104.606,-92.437
104.615,-94.843
104.624,-94.568
104.634,-93.916
104.643,-94.869
104.652,-94.702
104.661,-93.991
104.671,-92.300
104.680,-93.467
104.689,-94.473
104.699,-94.704
104.708,-93.137
104.717,-94.471
104.727,-93.347
104.736,-93.131
104.745,-92.867
104.755,-92.736
104.764,-93.934
104.773,-92.992
104.783,-92.525
104.792,-93.667
104.801,-94.083
104.811,-93.118
104.820,-92.738
104.829,-93.809
104.839,-95.328
104.848,-93.148
104.857,-93.735
104.866,-93.484
104.876,-91.573
104.885,-92.433
104.894,-93.460
104.904,-94.708
104.913,-92.804
104.922,-94.028
104.932,-93.106
104.941,-93.164
104.950,-92.209
104.960,-93.457
104.969,-92.554
104.978,-93.326
104.988,-92.994
104.997,-93.150
105.006,-93.499
105.016,-93.310
105.025,-93.667
105.034,-94.509
105.043,-93.541
105.053,-93.942
105.062,-92.059
105.071,-95.623
105.081,-92.048
105.090,-92.487
105.099,-93.578
105.109,-91.782
105.118,-93.471
105.127,-94.337
105.137,-94.012
105.146,-93.526
105.155,-93.169
105.165,-92.717
105.174,-92.689
105.183,-93.574
105.193,-94.374
105.202,-93.381
105.211,-94.510
105.220,-93.522
105.230,-93.944
105.239,-93.664
105.248,-92.775
105.258,-92.670
105.267,-93.110
105.276,-94.168
105.286,-92.878
105.295,-91.859
105.304,-90.833
105.314,-94.530
105.323,-93.515
105.332,-92.084
105.342,-92.357
105.351,-91.606
105.360,-91.876
105.370,-93.138
105.379,-92.652
105.388,-90.104
105.398,-95.026
105.407,-93.029
105.416,-94.374
105.425,-93.433
105.435,-93.489
105.444,-91.823
105.453,-91.299
105.463,-93.022
105.472,-95.102
105.481,-93.528
105.491,-92.153
105.500,-93.840
105.509,-93.689
105.519,-95.785
105.528,-91.846
105.537,-89.914
105.547,-92.040
105.556,-94.173
105.565,-92.567
105.575,-92.842
105.584,-92.720
105.593,-92.726
105.602,-91.453
105.612,-91.401
105.621,-92.795
105.630,-91.986
105.640,-91.491
105.649,-92.263
105.658,-93.330
105.668,-96.138
105.677,-93.942
105.686,-91.082
105.696,-94.963
105.705,-92.043
105.714,-90.942
105.714,-90.919
105.724,-95.197
105.733,-91.237
105.742,-94.169
105.752,-91.612
105.761,-89.853
105.770,-92.704
105.780,-92.240
105.789,-91.608
105.798,-91.070
105.807,-91.332
105.817,-90.613
105.826,-91.312
105.835,-92.511
105.845,-89.498
105.854,-90.249
105.863,-91.234
105.873,-92.021
105.882,-90.118
105.891,-91.299
105.901,-90.437
105.910,-90.523
105.919,-95.152
105.929,-94.089
105.938,-91.874
105.947,-91.732
105.957,-93.154
105.966,-94.931
105.975,-91.946
105.984,-92.234
105.994,-87.894
106.003,-90.838
106.012,-91.669
106.022,-90.208
106.031,-91.638
106.040,-92.448
106.050,-92.294
106.059,-91.144
106.068,-90.804
106.078,-92.951
106.087,-92.316
106.096,-91.785
106.106,-93.267
106.115,-92.049
106.124,-93.469
106.134,-91.772
106.143,-92.136
106.152,-91.582
106.161,-94.594
106.171,-94.038
106.180,-90.461
106.189,-90.949
106.199,-92.973
106.208,-92.537
106.217,-94.984
106.227,-93.449
106.236,-92.230
106.245,-92.206
106.255,-93.181
106.264,-94.410
106.273,-91.717
106.283,-91.116
106.292,-92.611
106.301,-90.799
106.311,-93.529
106.320,-91.780
106.329,-92.885
106.339,-90.939
106.348,-91.389
106.357,-93.050
106.366,-92.405
106.376,-93.070
106.385,-92.401
106.394,-92.112
106.404,-96.575
106.413,-92.833
106.422,-92.793
106.432,-92.638
106.441,-94.452
106.450,-93.661
106.460,-91.964
106.469,-91.498
106.478,-94.296
106.488,-94.238
106.497,-91.706
106.506,-93.602
106.516,-91.383
106.525,-94.416
106.534,-92.419
106.543,-93.727
106.553,-92.120
106.562,-92.205
106.571,-93.974
106.581,-94.365
106.590,-93.036
106.599,-93.786
106.609,-93.587
106.618,-92.925
106.627,-93.582
106.637,-92.726
106.646,-93.259
106.655,-93.083
106.665,-94.350
106.674,-94.744
106.683,-93.352
106.693,-91.328
106.702,-92.561
106.711,-93.007
106.720,-91.843
106.730,-93.703
106.739,-94.104
106.748,-94.839
106.758,-93.100
106.767,-92.572
106.776,-92.491
106.786,-95.259
106.795,-91.996
106.804,-91.779
106.814,-92.273
106.823,-92.447
106.832,-93.811
106.842,-94.504
106.851,-94.620
106.860,-93.465
106.870,-92.949
106.879,-92.526
106.888,-90.638
106.898,-93.119
106.907,-92.082
106.916,-94.744
106.925,-93.511
106.935,-93.038
106.944,-93.493
106.953,-94.369
106.963,-93.483
106.972,-94.604
106.981,-93.356
106.991,-92.766
107.000,-92.329
107.009,-93.240
107.019,-93.732
107.028,-91.976
107.037,-91.925
107.047,-91.632
107.056,-93.318
107.065,-92.318
107.075,-93.672
107.084,-92.940
107.093,-91.777
107.102,-92.059
107.112,-93.708
107.121,-94.729
107.130,-92.156
107.140,-93.019
107.149,-92.989
107.158,-92.044
107.168,-94.227
107.177,-93.184
107.186,-91.055
107.196,-92.361
107.205,-93.110
107.214,-93.129
107.224,-91.090
107.233,-93.133
107.242,-93.925
107.252,-91.801
107.261,-93.143
107.270,-92.096
107.280,-93.337
107.289,-92.711
107.298,-92.269
107.307,-92.747
107.317,-93.174
107.326,-91.776
107.335,-92.615
107.345,-92.864
107.354,-93.438
107.363,-94.487
107.373,-94.021
107.382,-93.486
107.391,-94.361
107.401,-91.319
107.410,-93.997
107.419,-92.993
107.429,-92.315
107.438,-93.423
107.447,-94.337
107.457,-92.107
107.466,-93.926
107.475,-93.505
107.484,-92.801
107.494,-93.477
107.503,-91.200
107.512,-92.749
107.522,-94.015
107.531,-91.611
107.540,-93.795
107.550,-92.421
107.559,-90.541
107.568,-94.883
107.578,-94.532
107.587,-94.186
107.596,-93.967
107.606,-92.049
107.615,-94.767
107.624,-94.608
107.634,-93.068
107.643,-92.752
107.652,-93.850
107.661,-93.345
107.671,-95.549
107.680,-94.401
107.689,-92.815
107.699,-91.779
107.708,-93.549
107.717,-94.340
107.727,-95.499
107.736,-93.572
107.745,-95.845
107.755,-94.390
107.764,-92.675
107.773,-93.315
107.783,-92.505
107.792,-92.065
107.801,-93.923
107.811,-93.306
107.820,-93.621
107.829,-96.064
107.839,-92.186
107.848,-94.740
107.857,-96.691
107.866,-93.764
107.876,-92.241
107.885,-93.187
107.894,-93.816
107.904,-95.131
107.913,-96.750
107.922,-94.788
107.932,-93.223
107.941,-94.462
107.950,-94.951
107.960,-95.718
107.969,-95.101
107.978,-94.058
107.988,-94.298
107.997,-97.036
108.006,-94.846
108.016,-95.076
108.025,-95.662
108.034,-93.102
108.043,-93.607
108.053,-95.655
108.062,-95.305
108.071,-96.310
108.081,-94.705
108.090,-96.996
108.099,-94.798
108.109,-96.147
108.118,-96.016
108.127,-94.289
108.137,-95.765
108.146,-97.287
108.155,-96.816
108.165,-94.454
108.174,-95.161
108.183,-95.365
108.193,-94.646
108.202,-97.132
108.211,-93.598
108.220,-96.924
108.230,-96.328
108.239,-95.425
108.248,-97.265
108.258,-95.998
108.267,-93.681
108.276,-95.081
108.286,-95.229
108.295,-96.218
108.304,-95.068
108.314,-95.362
108.323,-96.351
108.332,-96.113
108.342,-96.538
108.351,-96.427
108.360,-94.492
108.370,-96.566
108.379,-98.328
108.388,-95.771
108.398,-96.608
108.407,-97.179
108.416,-96.727
108.425,-95.104
108.435,-97.232
108.444,-97.658
108.453,-96.017
108.463,-96.787
108.472,-96.663
108.481,-96.290
108.491,-96.207
108.500,-97.177
108.509,-97.175
108.519,-95.252
108.528,-98.450
108.537,-98.518
108.547,-97.436
108.556,-96.710
108.565,-93.714
108.575,-96.267
108.584,-96.770
108.593,-94.153
108.602,-95.759
108.612,-96.304
108.621,-94.454
108.630,-96.954
108.640,-96.570
108.649,-96.583
108.658,-94.259
108.668,-95.375
108.677,-98.050
108.686,-95.810
108.696,-96.553
108.705,-93.738
108.714,-95.358
108.724,-95.311
108.733,-96.456
108.742,-97.151
108.752,-96.139
108.761,-97.913
108.770,-97.076
108.780,-96.011
108.789,-95.042
108.798,-94.020
108.807,-94.812
108.817,-96.886
108.826,-96.485
108.835,-94.543
108.845,-94.472
108.854,-97.163
108.863,-95.404
108.873,-95.238
108.882,-95.733
108.891,-97.178
108.901,-95.944
108.910,-95.238
108.919,-94.885
108.929,-95.203
108.938,-95.467
108.947,-95.783
108.957,-96.418
108.966,-96.533
108.975,-96.040
108.984,-93.993
108.994,-96.200
109.003,-96.211
109.012,-98.505
109.022,-97.536
109.031,-96.744
109.040,-94.733
109.050,-96.285
109.059,-95.187
109.068,-96.257
109.078,-95.206
109.087,-95.223
109.096,-96.176
109.106,-97.495
109.115,-94.244
109.124,-95.070
109.134,-95.119
109.143,-95.174
109.152,-94.907
109.161,-96.187
109.171,-95.940
109.180,-94.696
109.189,-96.110
109.199,-97.191
109.208,-95.693
109.217,-97.004
109.227,-96.704
109.236,-98.583
109.245,-95.841
109.255,-98.273
109.264,-95.239
109.273,-96.295
109.283,-95.035
109.292,-96.269
109.301,-96.474
109.311,-93.639
109.320,-92.893
109.329,-97.188
109.339,-97.065
109.348,-93.645
109.357,-95.730
109.366,-95.680
109.376,-95.414
109.385,-95.357
109.394,-96.216
109.404,-95.008
109.413,-94.373
109.422,-96.501
109.432,-93.625
109.441,-94.366
109.450,-95.069
109.460,-95.521
109.469,-95.920
109.478,-97.941
109.488,-95.177
109.497,-94.604
109.506,-95.644
109.516,-95.149
109.525,-94.884
109.534,-95.378
109.543,-93.998
109.553,-93.571
109.562,-94.170
109.571,-96.863
109.581,-94.754
109.590,-93.795
109.599,-93.796
109.609,-93.068
109.618,-94.114
109.627,-94.673
109.637,-93.425
109.646,-93.650
109.655,-94.025
109.665,-93.031
109.674,-94.419
109.683,-92.701
109.693,-92.376
109.702,-94.516
109.711,-94.379
109.720,-92.547
109.730,-92.635
109.739,-94.217
109.748,-91.883
109.758,-93.225
109.767,-93.408
109.776,-93.805
109.786,-92.346
109.795,-94.329
109.804,-93.585
109.814,-93.004
109.823,-93.012
109.832,-92.777
109.842,-92.437
109.851,-93.098
109.860,-92.390
109.870,-93.206
109.879,-94.761
109.888,-92.495
109.898,-92.932
109.907,-92.369
109.916,-92.584
109.925,-92.878
109.935,-92.919
109.944,-92.584
109.953,-92.702
109.963,-92.282
109.972,-91.922
109.981,-91.034
109.991,-92.377
110.000,-91.448
110.000,-92.556
170.000,-91.700
170.010,-91.203
170.020,-90.287
170.030,-89.350
170.040,-89.802
170.049,-90.485
170.059,-94.106
170.069,-91.496
170.079,-88.256
170.089,-89.539
170.099,-89.677
170.109,-88.957
170.119,-93.306
170.128,-90.994
170.138,-88.418
170.148,-89.181
170.158,-92.677
170.168,-93.865
170.178,-93.504
170.188,-92.141
170.198,-91.998
170.208,-90.629
170.217,-90.992
170.227,-92.241
170.237,-94.372
170.247,-93.833
170.257,-93.204
170.267,-94.216
170.277,-94.761
170.287,-95.495
170.296,-96.296
170.306,-99.083
170.316,-97.790
170.326,-95.445
170.336,-98.414
170.346,-96.205
170.356,-97.501
170.366,-97.045
170.375,-94.762
170.385,-93.829
170.395,-94.941
170.405,-94.363
170.415,-91.481
170.425,-92.344
170.435,-92.715
170.445,-93.064
170.455,-90.649
170.464,-94.405
170.474,-93.516
170.484,-89.175
170.494,-91.915
170.504,-92.020
170.514,-89.974
170.524,-93.845
170.534,-92.920
170.543,-91.958
170.553,-92.764
170.563,-94.629
170.573,-95.914
170.583,-92.510
170.593,-95.294
170.603,-95.379
170.613,-95.855
170.623,-94.497
170.632,-95.238
170.642,-96.959
170.652,-97.129
170.662,-97.985
170.672,-95.669
170.682,-97.322
170.692,-94.693
170.702,-98.231
170.711,-97.346
170.721,-98.143
170.731,-99.152
170.741,-100.641
170.751,-97.977
170.761,-99.415
170.771,-99.825
170.781,-98.481
170.791,-97.595
170.800,-98.531
170.810,-96.446
170.820,-97.311
170.830,-95.171
170.840,-93.210
170.850,-94.074
170.860,-95.031
170.870,-94.350
170.879,-94.239
170.889,-93.940
170.899,-95.584
170.909,-93.353
170.919,-94.015
170.929,-92.557
170.939,-95.632
170.949,-93.264
170.958,-98.192
170.968,-92.095
170.978,-97.112
170.988,-91.185
170.998,-99.155
171.008,-89.913
171.018,-89.206
171.028,-89.691
171.038,-87.528
171.047,-89.089
171.057,-88.493
171.067,-87.737
171.077,-94.960
171.087,-86.898
171.097,-90.414
171.107,-92.567
171.117,-88.271
171.126,-90.140
171.136,-89.794
171.146,-90.176
171.156,-88.462
171.166,-91.406
171.176,-93.609
171.186,-87.338
171.196,-92.762
171.206,-88.455
171.215,-90.314
171.225,-85.332
171.235,-87.917
171.245,-90.248
171.255,-86.523
171.265,-86.190
171.275,-89.823
171.285,-88.223
171.294,-92.614
171.304,-87.208
171.314,-91.377
171.324,-86.572
171.334,-93.439
171.344,-91.184
171.354,-90.782
171.364,-90.932
171.374,-86.516
171.383,-88.531
171.393,-85.926
171.403,-85.572
171.413,-84.230
171.423,-91.325
171.433,-86.886
171.443,-92.341
171.453,-88.086
171.462,-91.744
171.472,-89.780
171.482,-93.092
171.492,-92.144
171.502,-92.214
171.512,-93.392
171.522,-95.554
171.532,-91.943
171.542,-91.322
171.551,-93.557
171.561,-93.496
171.571,-92.473
171.581,-91.335
171.591,-94.829
171.601,-92.297
171.611,-92.493
171.621,-92.610
171.630,-91.796
171.640,-97.274
171.650,-94.572
171.660,-92.908
171.670,-88.537
171.680,-90.398
171.690,-90.464
171.700,-92.015
171.709,-92.970
171.719,-92.922
171.729,-89.590
171.739,-89.898
171.749,-88.421
171.759,-89.910
171.769,-86.113
171.779,-90.870
171.789,-89.374
171.798,-89.683
171.808,-90.459
171.818,-91.368
171.828,-92.881
171.838,-93.145
171.848,-92.360
171.858,-94.555
171.868,-92.603
171.877,-90.624
171.887,-94.083
171.897,-96.640
171.907,-90.450
171.917,-96.558
171.927,-93.006
171.937,-93.914
171.947,-91.661
171.957,-91.562
171.966,-92.380
171.976,-90.326
171.986,-91.588
171.996,-90.735
172.006,-92.777
172.016,-91.659
172.026,-91.289
172.036,-94.258
172.045,-94.529
172.055,-92.767
172.065,-96.441
172.075,-95.105
172.085,-93.906
172.095,-91.387
172.105,-94.177
172.115,-94.796
172.125,-94.508
172.134,-94.214
172.144,-97.100
172.154,-94.125
172.164,-97.198
172.174,-94.402
172.184,-93.967
172.194,-95.668
172.204,-95.691
172.213,-94.248
172.223,-93.338
172.233,-95.310
172.243,-95.436
172.253,-93.511
172.263,-98.294
172.273,-95.342
172.283,-94.495
172.292,-95.307
172.302,-94.650
172.312,-95.282
172.322,-96.379
172.332,-98.007
172.342,-96.383
172.352,-97.150
172.362,-96.145
172.372,-94.597
172.381,-96.089
172.391,-95.890
172.401,-95.965
172.411,-96.407
172.421,-92.361
172.431,-95.293
172.441,-97.344
172.451,-96.777
172.460,-97.703
172.470,-96.932
172.480,-99.834
172.490,-98.969
172.500,-100.133
172.510,-98.608
172.520,-100.573
172.530,-101.765
172.540,-99.031
172.549,-99.886
172.559,-98.084
172.569,-97.419
172.579,-96.340
172.589,-98.750
172.599,-94.739
172.609,-97.965
172.619,-96.017
172.628,-96.797
172.638,-96.838
172.648,-97.298
172.658,-96.007
172.668,-93.596
172.678,-92.908
172.688,-95.115
172.698,-91.106
172.708,-94.181
172.717,-93.782
172.727,-92.988
172.737,-94.033
172.747,-94.509
172.757,-96.391
172.767,-94.715
172.777,-95.231
172.787,-96.610
172.796,-95.855
172.806,-97.457
172.816,-93.957
172.826,-93.166
172.836,-93.670
172.846,-95.779
172.856,-88.311
172.866,-91.750
172.875,-94.517
172.885,-93.713
172.895,-94.983
172.905,-93.131
172.915,-93.909
172.925,-93.826
172.935,-90.974
172.945,-92.583
172.955,-88.852
172.964,-92.620
172.974,-92.308
172.984,-91.428
172.994,-92.273
173.004,-91.537
173.014,-92.740
173.024,-93.030
173.034,-90.380
173.043,-92.000
173.053,-95.141
173.063,-91.992
173.073,-91.563
173.083,-91.549
173.093,-93.095
173.103,-91.078
173.113,-94.741
173.123,-90.731
173.132,-93.646
173.142,-94.710
173.152,-93.951
173.162,-92.247
173.172,-93.868
173.182,-91.194
173.192,-94.005
173.202,-90.004
173.211,-91.403
173.221,-94.642
173.231,-91.520
173.241,-94.267
173.251,-92.830
173.261,-92.327
173.271,-96.259
173.281,-91.894
173.291,-91.800
173.300,-90.666
173.310,-93.101
173.320,-91.227
173.330,-89.973
173.340,-92.459
173.350,-93.936
173.360,-94.744
173.370,-93.987
173.379,-91.257
173.389,-93.986
173.399,-93.400
173.409,-89.052
173.419,-95.330
173.429,-93.904
173.439,-93.721
173.449,-93.267
173.458,-93.156
173.468,-92.859
173.478,-96.619
173.488,-96.376
173.498,-96.705
173.508,-96.036
173.518,-95.208
173.528,-98.549
173.538,-95.434
173.547,-95.738
173.557,-90.119
173.567,-95.041
173.577,-95.343
173.587,-93.835
173.597,-95.362
173.607,-91.701
173.617,-92.987
173.626,-91.841
173.636,-93.052
173.646,-92.644
173.656,-93.456
173.666,-91.976
173.676,-90.665
173.686,-92.067
173.696,-93.136
173.706,-94.217
173.715,-91.098
173.725,-90.119
173.735,-90.163
173.745,-92.463
173.755,-89.967
173.765,-89.871
173.775,-90.766
173.785,-93.051
173.794,-87.970
173.804,-90.629
173.814,-90.709
173.824,-90.934
173.834,-94.096
173.844,-90.179
173.854,-91.786
173.864,-93.757
173.874,-96.317
173.883,-95.953
173.893,-97.218
173.903,-96.551
173.913,-96.465
173.923,-92.671
173.933,-93.153
173.943,-93.215
173.953,-94.828
173.962,-93.309
173.972,-93.825
173.982,-92.888
173.992,-91.603
174.002,-89.613
174.012,-89.186
174.022,-89.724
174.032,-87.156
174.042,-89.739
174.051,-87.919
174.061,-90.126
174.071,-91.318
174.081,-86.519
174.091,-90.238
174.101,-87.758
174.111,-93.886
174.121,-92.152
174.130,-85.144
174.140,-90.685
174.150,-88.426
174.160,-89.358
174.170,-89.669
174.180,-91.640
174.190,-90.145
174.200,-91.211
174.209,-91.077
174.219,-90.475
174.229,-91.814
174.239,-92.915
174.249,-92.256
174.259,-93.502
174.269,-92.037
174.279,-94.603
174.289,-95.568
174.298,-95.070
174.308,-95.570
174.318,-97.274
174.328,-94.023
174.338,-97.989
174.348,-98.888
174.358,-96.827
174.368,-97.714
174.377,-96.635
174.387,-95.242
174.397,-93.831
174.407,-93.903
174.417,-91.800
174.427,-92.251
174.437,-92.891
174.447,-93.150
174.457,-91.678
174.466,-94.867
174.476,-93.954
174.486,-93.363
174.496,-91.717
174.506,-91.384
174.516,-92.625
174.526,-91.764
174.536,-92.715
174.545,-93.568
174.545,-90.229
174.555,-90.759
174.565,-90.899
174.575,-92.324
174.585,-90.011
174.595,-87.086
174.605,-90.945
174.615,-93.000
174.625,-93.266
174.634,-89.738
174.644,-88.979
174.654,-90.994
174.664,-87.623
174.674,-88.067
174.684,-89.900
174.694,-89.397
174.704,-89.888
174.713,-88.739
174.723,-93.332
174.733,-95.736
174.743,-92.867
174.753,-93.901
174.763,-93.259
174.773,-92.778
174.783,-94.394
174.792,-91.768
174.802,-93.005
174.812,-91.864
174.822,-93.911
174.832,-98.729
174.842,-93.089
174.852,-93.416
174.862,-93.092
174.872,-97.119
174.881,-91.013
174.891,-95.055
174.901,-95.459
174.911,-94.044
174.921,-93.841
174.931,-93.555
174.941,-94.547
174.951,-93.860
174.960,-93.699
174.970,-94.287
174.980,-94.413
174.990,-93.829
175.000,-93.574
175.010,-96.494
175.020,-93.156
175.030,-94.332
175.040,-94.448
175.049,-93.222
175.059,-94.468
175.069,-94.074
175.079,-95.236
175.089,-95.612
175.099,-96.451
175.109,-94.831
175.119,-95.120
175.128,-95.273
175.138,-97.632
175.148,-94.444
175.158,-94.559
175.168,-94.572
175.178,-96.068
175.188,-95.800
175.198,-94.253
175.208,-95.513
175.217,-94.306
175.227,-95.455
175.237,-97.889
175.247,-94.532
175.257,-94.198
175.267,-95.190
175.277,-94.735
175.287,-95.309
175.296,-95.024
175.306,-96.039
175.316,-93.509
175.326,-95.189
175.336,-92.882
175.346,-96.637
175.356,-95.676
175.366,-92.871
175.375,-94.941
175.385,-95.877
175.395,-96.881
175.405,-94.911
175.415,-94.805
175.425,-94.276
175.435,-92.136
175.445,-93.067
175.455,-95.003
175.464,-94.225
175.474,-95.473
175.484,-94.116
175.494,-94.442
175.504,-93.982
175.514,-95.111
175.524,-95.271
175.534,-93.726
175.543,-93.108
175.553,-93.280
175.563,-91.000
175.573,-93.048
175.583,-91.451
175.593,-95.094
175.603,-92.405
175.613,-92.831
175.623,-92.511
175.632,-93.761
175.642,-92.096
175.652,-92.524
175.662,-90.652
175.672,-91.799
175.682,-94.820
175.692,-93.391
175.702,-94.140
175.711,-92.205
175.721,-93.791
175.731,-89.710
175.741,-91.581
175.751,-93.530
175.761,-92.116
175.771,-89.060
175.781,-91.172
175.791,-92.650
175.800,-91.042
175.810,-92.244
175.820,-96.644
175.830,-94.205
175.840,-93.460
175.850,-95.170
175.860,-94.283
175.870,-93.220
175.879,-94.108
175.889,-96.721
175.899,-92.877
175.909,-93.745
175.919,-95.039
175.929,-96.477
175.939,-92.486
175.949,-92.960
175.958,-93.842
175.968,-93.707
175.978,-95.493
175.988,-96.035
175.998,-94.816
176.008,-97.117
176.018,-93.939
176.028,-95.807
176.038,-96.628
176.047,-96.403
176.057,-96.539
176.067,-95.774
176.077,-96.240
176.087,-95.049
176.097,-97.790
176.107,-97.117
176.117,-95.530
176.126,-93.888
176.136,-98.864
176.146,-97.166
176.156,-96.137
176.166,-96.709
176.176,-94.900
176.186,-96.626
176.196,-96.744
176.206,-94.161
176.215,-95.581
176.225,-95.993
176.235,-96.981
176.245,-95.733
176.255,-97.208
176.265,-96.395
176.275,-97.751
176.285,-95.606
176.294,-97.200
176.304,-97.845
176.314,-97.431
176.324,-95.926
176.334,-96.768
176.344,-97.645
176.354,-97.265
176.364,-95.074
176.374,-95.437
176.383,-96.073
176.393,-95.069
176.403,-94.185
176.413,-96.041
176.423,-95.167
176.433,-94.332
176.443,-95.748
176.453,-96.011
176.462,-96.021
176.472,-95.507
176.482,-96.011
176.492,-95.184
176.502,-96.987
176.512,-95.842
176.522,-97.455
176.532,-94.924
176.542,-95.462
176.551,-93.921
176.561,-94.846
176.571,-94.841
176.581,-93.463
176.591,-95.845
176.601,-96.948
176.611,-95.219
176.621,-96.679
176.630,-98.429
176.640,-93.406
176.650,-95.487
176.660,-92.204
176.670,-95.505
176.680,-98.971
176.690,-95.461
176.700,-97.896
176.709,-96.954
176.719,-97.850
176.729,-93.088
176.739,-96.437
176.749,-95.645
176.759,-95.381
176.769,-94.246
176.779,-93.604
176.789,-95.257
176.798,-95.622
176.808,-93.023
176.818,-98.073
176.828,-96.893
176.838,-94.257
176.848,-98.148
176.858,-99.393
176.868,-96.502
176.877,-99.229
176.887,-97.175
176.897,-96.894
176.907,-97.346
176.917,-96.090
176.927,-96.341
176.937,-94.382
176.947,-99.682
176.957,-95.945
176.966,-95.454
176.976,-99.340
176.986,-96.765
176.996,-98.352
177.006,-96.949
177.016,-98.525
177.026,-98.702
177.036,-98.653
177.045,-98.017
177.055,-97.241
177.065,-99.089
177.075,-97.950
177.085,-97.571
177.095,-96.303
177.105,-98.229
177.115,-98.323
177.125,-99.451
177.134,-99.885
177.144,-99.564
177.154,-98.215
177.164,-98.245
177.174,-99.535
177.184,-98.762
177.194,-98.729
177.204,-98.119
177.213,-97.655
177.223,-98.314
177.233,-99.098
177.243,-100.992
177.253,-96.394
177.263,-98.023
177.273,-97.792
177.283,-97.374
177.292,-100.563
177.302,-99.142
177.312,-100.382
177.322,-94.614
177.332,-97.220
177.342,-98.203
177.352,-98.279
177.362,-97.779
177.372,-99.119
177.381,-98.436
177.391,-98.558
177.401,-100.877
177.411,-96.025
177.421,-100.334
177.431,-98.581
177.441,-99.861
177.451,-94.203
177.460,-94.964
177.470,-96.678
177.480,-97.463
177.490,-97.401
177.500,-98.652
177.510,-98.983
177.520,-95.460
177.530,-96.896
177.540,-98.797
177.549,-99.435
177.559,-96.848
177.569,-96.945
177.579,-99.065
177.589,-95.912
177.599,-97.969
177.609,-95.278
177.619,-98.240
177.628,-97.144
177.638,-98.262
177.648,-97.327
177.658,-96.704
177.668,-93.388
177.678,-94.705
177.688,-92.407
177.698,-93.838
177.708,-91.884
177.717,-91.951
177.727,-93.855
177.737,-92.451
177.747,-95.852
177.757,-92.653
177.767,-91.224
177.777,-92.276
177.787,-93.101
177.796,-93.893
177.806,-93.884
177.816,-92.938
177.826,-93.851
177.836,-96.072
177.846,-91.747
177.856,-96.335
177.866,-93.754
177.875,-94.967
177.885,-97.697
177.895,-95.893
177.905,-98.265
177.915,-96.683
177.925,-95.441
177.935,-97.121
177.945,-94.654
177.955,-94.297
177.964,-96.424
177.974,-97.451
177.984,-97.402
177.994,-98.104
178.004,-95.495
178.014,-96.783
178.024,-98.019
178.034,-99.360
178.043,-100.413
178.053,-99.047
178.063,-98.543
178.073,-98.511
178.083,-95.878
178.093,-93.152
178.103,-92.294
178.113,-92.503
178.123,-90.034
178.132,-91.496
178.142,-91.460
178.152,-92.148
178.162,-92.382
178.172,-92.140
178.182,-96.273
178.192,-98.292
178.202,-96.014
178.211,-97.068
178.221,-95.388
178.231,-95.650
178.241,-97.133
178.251,-96.658
178.261,-96.182
178.271,-95.277
178.281,-95.189
178.291,-98.999
178.300,-97.856
178.310,-95.582
178.320,-93.853
178.330,-95.626
178.340,-96.406
178.350,-94.340
178.360,-95.118
178.370,-97.877
178.379,-97.506
178.389,-95.162
178.399,-94.399
178.409,-96.041
178.419,-95.337
178.429,-94.921
178.439,-96.264
178.449,-95.587
178.458,-95.901
178.468,-95.440
178.478,-95.315
178.488,-93.767
178.498,-96.381
178.508,-95.436
178.518,-97.441
178.528,-95.255
178.538,-95.826
178.547,-95.740
178.557,-95.517
178.567,-91.717
178.577,-91.663
178.587,-92.616
178.597,-90.219
178.607,-92.036
178.617,-91.808
178.626,-91.309
178.636,-92.772
178.646,-89.510
178.656,-93.216
178.666,-95.830
178.676,-94.927
178.686,-94.958
178.696,-94.813
178.706,-95.082
178.715,-93.221
178.725,-95.714
178.735,-93.691
178.745,-95.372
178.755,-93.928
178.765,-94.217
178.775,-94.406
178.785,-94.651
178.794,-92.887
178.804,-94.764
178.814,-95.343
178.824,-95.557
178.834,-95.395
178.844,-94.022
178.854,-95.416
178.864,-96.452
178.874,-93.815
178.883,-95.402
178.893,-95.097
178.903,-93.875
178.913,-95.069
178.923,-95.167
178.933,-95.669
178.943,-94.317
178.953,-95.667
178.962,-94.777
178.972,-95.382
178.982,-94.327
178.992,-97.928
179.002,-97.097
179.012,-93.634
179.022,-95.308
179.032,-95.573
179.042,-95.907
179.051,-94.039
179.061,-93.928
179.071,-94.937
179.081,-91.674
179.091,-94.524
179.091,-95.524
179.101,-95.048
179.111,-95.563
179.121,-95.367
179.130,-95.994
179.140,-95.299
179.150,-95.543
179.160,-95.362
179.170,-93.696
179.180,-94.532
179.190,-97.013
179.200,-95.743
179.209,-94.549
179.219,-94.694
179.229,-94.622
179.239,-94.565
179.249,-94.482
179.259,-94.182
179.269,-95.588
179.279,-93.904
179.289,-95.168
179.298,-94.014
179.308,-94.092
179.318,-96.009
179.328,-96.722
179.338,-96.694
179.348,-95.601
179.358,-95.244
179.368,-95.211
179.377,-94.756
179.387,-96.116
179.397,-96.834
179.407,-96.323
179.417,-93.937
179.427,-94.287
179.437,-96.646
179.447,-96.405
179.457,-94.600
179.466,-94.025
179.476,-93.986
179.486,-93.995
179.496,-94.255
179.506,-94.648
179.516,-91.547
179.526,-93.976
179.536,-93.640
179.545,-93.761
179.555,-92.950
179.565,-92.575
179.575,-91.887
179.585,-92.922
179.595,-90.946
179.605,-93.007
179.615,-93.362
179.625,-92.511
179.634,-91.603
179.644,-91.449
179.654,-93.778
179.664,-94.280
179.674,-95.171
179.684,-91.164
179.694,-94.386
179.704,-89.509
179.713,-92.235
179.723,-92.961
179.733,-95.489
179.743,-91.088
179.753,-93.679
179.763,-93.484
179.773,-95.956
179.783,-89.639
179.792,-93.220
179.802,-89.734
179.812,-95.502
179.822,-94.645
179.832,-93.742
179.842,-91.160
179.852,-92.696
179.862,-91.290
179.872,-96.045
179.881,-91.384
179.891,-93.888
179.901,-94.107
179.911,-91.201
179.921,-92.195
179.931,-93.249
179.941,-95.663
179.951,-91.634
179.960,-92.543
179.970,-93.518
179.980,-90.806
179.990,-95.168
180.000,-91.838
180.010,-94.494
180.020,-95.596
180.030,-93.507
180.040,-91.678
180.049,-89.918
180.059,-93.700
180.069,-94.227
180.079,-97.185
180.089,-92.837
180.099,-95.586
180.109,-91.906
180.119,-93.781
180.128,-92.520
180.138,-92.003
180.148,-90.451
180.158,-90.985
180.168,-94.958
180.178,-91.959
180.188,-93.368
180.198,-93.457
180.208,-91.507
180.217,-91.909
180.227,-94.732
180.237,-93.136
180.247,-92.475
180.257,-92.359
180.267,-96.060
180.277,-92.441
180.287,-92.397
180.296,-94.735
180.306,-92.581
180.316,-93.903
180.326,-95.220
180.336,-93.795
180.346,-95.199
180.356,-93.498
180.366,-93.111
180.375,-94.778
180.385,-93.537
180.395,-92.419
180.405,-93.140
180.415,-93.229
180.425,-92.890
180.435,-93.327
180.445,-93.330
180.455,-91.328
180.464,-94.268
180.474,-93.790
180.484,-95.569
180.494,-94.606
180.504,-94.633
180.514,-95.143
180.524,-94.147
180.534,-94.572
180.543,-94.331
180.553,-94.041
180.563,-93.932
180.573,-96.192
180.583,-94.074
180.593,-93.949
180.603,-93.833
180.613,-95.564
180.623,-95.612
180.632,-92.964
180.642,-95.089
180.652,-94.401
180.662,-93.165
180.672,-94.802
180.682,-94.107
180.692,-92.663
180.702,-94.277
180.711,-93.273
180.721,-96.379
180.731,-93.986
180.741,-94.301
180.751,-91.964
180.761,-94.315
180.771,-94.684
180.781,-95.139
180.791,-92.791
180.800,-92.861
180.810,-91.933
180.820,-95.128
180.830,-94.370
180.840,-93.713
180.850,-94.760
180.860,-94.254
180.870,-94.955
180.879,-93.834
180.889,-92.307
180.899,-93.677
180.909,-92.768
180.919,-94.575
180.929,-95.660
180.939,-93.987
180.949,-94.193
180.958,-93.567
180.968,-93.634
180.978,-95.273
180.988,-92.927
180.998,-91.847
181.008,-94.348
181.018,-94.095
181.028,-93.797
181.038,-94.660
181.047,-94.799
181.057,-92.696
181.067,-94.511
181.077,-95.145
181.087,-92.709
181.097,-94.001
181.107,-94.695
181.117,-93.217
181.126,-93.145
181.136,-94.604
181.146,-95.841
181.156,-93.824
181.166,-93.859
181.176,-91.940
181.186,-94.221
181.196,-95.318
181.206,-92.374
181.215,-94.505
181.225,-92.805
181.235,-93.203
181.245,-93.771
181.255,-95.150
181.265,-92.771
181.275,-93.851
181.285,-94.178
181.294,-93.031
181.304,-92.512
181.314,-93.079
181.324,-94.035
181.334,-97.082
181.344,-94.455
181.354,-95.397
181.364,-94.529
181.374,-94.863
181.383,-94.342
181.393,-94.517
181.403,-96.457
181.413,-94.266
181.423,-94.847
181.433,-94.339
181.443,-93.562
181.453,-93.488
181.462,-95.183
181.472,-94.176
181.482,-95.214
181.492,-95.547
181.502,-95.202
181.512,-95.624
181.522,-95.687
181.532,-95.001
181.542,-95.889
181.551,-95.076
181.561,-94.867
181.571,-94.505
181.581,-94.164
181.591,-94.603
181.601,-95.611
181.611,-93.900
181.621,-94.700
181.630,-95.879
181.640,-96.470
181.650,-96.076
181.660,-94.608
181.670,-97.986
181.680,-95.262
181.690,-97.409
181.700,-96.269
181.709,-97.289
181.719,-96.637
181.729,-96.786
181.739,-97.595
181.749,-95.829
181.759,-95.447
181.769,-98.219
181.779,-97.020
181.789,-97.263
181.798,-94.978
181.808,-95.632
181.818,-95.979
181.828,-94.078
181.838,-97.600
181.848,-96.394
181.858,-95.591
181.868,-96.886
181.877,-96.152
181.887,-95.524
181.897,-95.820
181.907,-96.106
181.917,-96.396
181.927,-96.743
181.937,-95.759
181.947,-95.895
181.957,-97.506
181.966,-96.831
181.976,-95.883
181.986,-97.362
181.996,-98.098
182.006,-96.645
182.016,-95.934
182.026,-96.525
182.036,-96.166
182.045,-96.087
182.055,-96.111
182.065,-96.203
182.075,-99.640
182.085,-97.916
182.095,-96.998
182.105,-97.527
182.115,-94.842
182.125,-96.489
182.134,-95.432
182.144,-98.358
182.154,-99.704
182.164,-97.051
182.174,-96.911
182.184,-96.779
182.194,-96.650
182.204,-96.475
182.213,-97.278
182.223,-96.988
182.233,-98.634
182.243,-96.412
182.253,-97.259
182.263,-97.032
182.273,-96.041
182.283,-96.073
182.292,-96.098
182.302,-98.988
182.312,-94.925
182.322,-95.049
182.332,-97.030
182.342,-95.840
182.352,-96.360
182.362,-95.791
182.372,-96.393
182.381,-96.587
182.391,-97.138
182.401,-96.962
182.411,-95.073
182.421,-96.415
182.431,-97.994
182.441,-96.659
182.451,-96.349
182.460,-96.421
182.470,-97.087
182.480,-95.811
182.490,-96.041
182.500,-95.359
182.510,-97.789
182.520,-97.174
182.530,-98.108
182.540,-98.796
182.549,-95.149
182.559,-97.221
182.569,-98.446
182.579,-97.624
182.589,-96.138
182.599,-93.850
182.609,-96.283
182.619,-96.234
182.628,-97.543
182.638,-100.311
182.648,-96.742
182.658,-93.936
182.668,-97.224
182.678,-96.997
182.688,-96.510
182.698,-97.436
182.708,-95.739
182.717,-97.505
182.727,-96.815
182.737,-97.632
182.747,-96.841
182.757,-96.174
182.767,-97.268
182.777,-97.509
182.787,-97.559
182.796,-100.153
182.806,-95.760
182.816,-96.635
182.826,-98.463
182.836,-96.958
182.846,-95.100
182.856,-95.960
182.866,-97.437
182.875,-98.489
182.885,-94.664
182.895,-96.886
182.905,-94.933
182.915,-94.918
182.925,-95.674
182.935,-97.564
182.945,-96.647
182.955,-96.442
182.964,-97.258
182.974,-98.659
182.984,-97.560
182.994,-95.488
183.004,-97.943
183.014,-98.211
183.024,-96.352
183.034,-95.759
183.043,-96.980
183.053,-98.398
183.063,-98.862
183.073,-97.062
183.083,-96.288
183.093,-98.068
183.103,-98.375
183.113,-99.167
183.123,-97.475
183.132,-97.668
183.142,-95.502
183.152,-95.917
183.162,-97.702
183.172,-97.921
183.182,-97.982
183.192,-98.343
183.202,-96.419
183.211,-95.712
183.221,-96.767
183.231,-99.718
183.241,-99.032
183.251,-98.316
183.261,-95.560
183.271,-96.832
183.281,-98.786
183.291,-98.036
183.300,-98.995
183.310,-97.595
183.320,-94.311
183.330,-96.359
183.340,-98.522
183.350,-100.317
183.360,-96.144
183.370,-99.276
183.379,-98.001
183.389,-99.454
183.399,-96.403
183.409,-97.943
183.419,-97.188
183.429,-96.941
183.439,-98.149
183.449,-97.101
183.458,-97.388
183.468,-97.930
183.478,-96.592
183.488,-98.208
183.498,-98.544
183.508,-97.197
183.518,-97.055
183.528,-96.466
183.538,-96.463
183.547,-98.417
183.557,-97.401
183.567,-98.360
183.577,-99.227
183.587,-95.331
183.597,-97.316
183.607,-96.376
183.617,-94.702
183.626,-96.688
183.636,-97.071
183.636,-96.512
183.646,-97.391
183.656,-97.439
183.666,-96.391
183.676,-97.507
183.686,-98.611
183.696,-98.980
183.706,-96.722
183.715,-97.850
183.725,-96.369
183.735,-97.937
183.745,-96.909
183.755,-101.171
183.765,-95.954
183.775,-96.463
183.785,-98.156
183.794,-100.036
183.804,-102.296
183.814,-95.616
183.824,-96.479
183.834,-97.627
183.844,-96.891
183.854,-97.789
183.864,-96.735
183.874,-99.769
183.883,-97.762
183.893,-96.561
183.903,-98.897
183.913,-98.670
183.923,-95.560
183.933,-99.122
183.943,-96.853
183.953,-96.754
183.962,-96.805
183.972,-98.387
183.982,-95.729
183.992,-97.507
184.002,-100.268
184.012,-95.236
184.022,-96.419
184.032,-97.414
184.042,-97.375
184.051,-94.814
184.061,-98.228
184.071,-97.787
184.081,-99.387
184.091,-96.258
184.101,-96.361
184.111,-97.528
184.121,-94.857
184.130,-95.671
184.140,-95.652
184.150,-97.360
184.160,-94.884
184.170,-98.190
184.180,-96.149
184.190,-96.261
184.200,-98.637
184.209,-94.494
184.219,-97.957
184.229,-93.894
184.239,-95.254
184.249,-96.539
184.259,-93.904
184.269,-95.109
184.279,-95.886
184.289,-95.273
184.298,-94.761
184.308,-98.687
184.318,-96.812
184.328,-94.665
184.338,-95.749
184.348,-97.172
184.358,-94.498
184.368,-94.294
184.377,-96.346
184.387,-97.295
184.397,-98.486
184.407,-95.872
184.417,-97.777
184.427,-95.933
184.437,-94.320
184.447,-93.416
184.457,-96.561
184.466,-95.184
184.476,-97.167
184.486,-95.855
184.496,-98.047
184.506,-93.388
184.516,-94.901
184.526,-96.923
184.536,-95.217
184.545,-95.410
184.555,-95.514
184.565,-98.795
184.575,-96.036
184.585,-95.210
184.595,-93.197
184.605,-94.981
184.615,-96.090
184.625,-94.210
184.634,-96.247
184.644,-94.842
184.654,-96.434
184.664,-95.652
184.674,-95.253
184.684,-97.979
184.694,-94.472
184.704,-96.853
184.713,-95.732
184.723,-96.174
184.733,-95.745
184.743,-95.438
184.753,-95.812
184.763,-95.991
184.773,-97.408
184.783,-93.905
184.792,-94.272
184.802,-99.221
184.812,-95.805
184.822,-94.610
184.832,-96.470
184.842,-94.290
184.852,-97.619
184.862,-94.234
184.872,-95.978
184.881,-97.094
184.891,-97.738
184.901,-96.086
184.911,-93.447
184.921,-96.872
184.931,-92.509
184.941,-97.238
184.951,-96.590
184.960,-96.467
184.970,-93.865
184.980,-97.573
184.990,-95.633
185.000,-97.169
185.010,-95.895
185.020,-95.852
185.030,-94.530
185.040,-94.064
185.049,-94.822
185.059,-96.608
185.069,-95.097
185.079,-93.158
185.089,-94.891
185.099,-94.282
185.109,-93.478
185.119,-93.187
185.128,-93.700
185.138,-96.561
185.148,-93.622
185.158,-93.991
185.168,-95.880
185.178,-95.504
185.188,-95.683
185.198,-97.697
185.208,-94.055
185.217,-93.171
185.227,-92.820
185.237,-93.258
185.247,-97.972
185.257,-92.411
185.267,-95.959
185.277,-94.686
185.287,-93.975
185.296,-94.782
185.306,-99.679
185.316,-93.940
185.326,-93.689
185.336,-93.643
185.346,-94.579
185.356,-94.795
185.366,-95.527
185.375,-93.432
185.385,-94.477
185.395,-96.040
185.405,-93.474
185.415,-95.023
185.425,-93.895
185.435,-97.438
185.445,-94.353
185.455,-96.803
185.464,-93.117
185.474,-96.189
185.484,-93.781
185.494,-92.219
185.504,-92.849
185.514,-95.143
185.524,-93.444
185.534,-91.760
185.543,-89.811
185.553,-95.847
185.563,-94.380
185.573,-90.819
185.583,-94.120
185.593,-95.004
185.603,-95.800
185.613,-94.265
185.623,-93.788
185.632,-92.271
185.642,-88.823
185.652,-92.011
185.662,-94.527
185.672,-94.684
185.682,-94.601
185.692,-95.360
185.702,-94.335
185.711,-93.707
185.721,-92.823
185.731,-94.233
185.741,-91.399
185.751,-94.769
185.761,-90.818
185.771,-94.642
185.781,-93.108
185.791,-93.130
185.800,-95.276
185.810,-90.852
185.820,-94.863
185.830,-94.703
185.840,-94.327
185.850,-94.792
185.860,-90.774
185.870,-96.038
185.879,-92.641
185.889,-91.194
185.899,-90.452
185.909,-94.392
185.919,-93.167
185.929,-95.846
185.939,-94.816
185.949,-91.772
185.958,-92.492
185.968,-95.492
185.978,-94.604
185.988,-92.929
185.998,-91.258
186.008,-92.494
186.018,-91.846
186.028,-96.372
186.038,-90.833
186.047,-96.147
186.057,-96.622
186.067,-91.044
186.077,-94.618
186.087,-94.004
186.097,-93.508
186.107,-93.368
186.117,-91.921
186.126,-93.512
186.136,-92.316
186.146,-89.856
186.156,-91.893
186.166,-93.713
186.176,-91.764
186.186,-92.393
186.196,-94.734
186.206,-91.699
186.215,-94.688
186.225,-94.256
186.235,-94.345
186.245,-92.799
186.255,-91.868
186.265,-91.392
186.275,-93.777
186.285,-92.279
186.294,-91.652
186.304,-95.375
186.314,-97.446
186.324,-95.325
186.334,-97.254
186.344,-95.461
186.354,-96.289
186.364,-94.027
186.374,-94.604
186.383,-95.161
186.393,-97.612
186.403,-97.174
186.413,-94.830
186.423,-95.854
186.433,-97.069
186.443,-97.876
186.453,-95.592
186.462,-93.611
186.472,-94.337
186.482,-96.228
186.492,-101.077
186.502,-95.166
186.512,-94.497
186.522,-94.988
186.532,-93.515
186.542,-96.321
186.551,-94.651
186.561,-97.274
186.571,-93.377
186.581,-96.238
186.591,-99.639
186.601,-98.808
186.611,-96.711
186.621,-99.977
186.630,-94.255
186.640,-98.810
186.650,-94.649
186.660,-96.473
186.670,-97.239
186.680,-96.750
186.690,-94.598
186.700,-95.625
186.709,-97.294
186.719,-95.100
186.729,-98.035
186.739,-94.142
186.749,-96.079
186.759,-94.521
186.769,-96.019
186.779,-97.138
186.789,-97.156
186.798,-96.706
186.808,-95.087
186.818,-94.678
186.828,-91.813
186.838,-95.666
186.848,-94.481
186.858,-95.432
186.868,-97.642
186.877,-98.527
186.887,-95.217
186.897,-96.286
186.907,-96.137
186.917,-97.287
186.927,-95.715
186.937,-96.281
186.947,-95.121
186.957,-95.097
186.966,-98.384
186.976,-92.927
186.986,-94.956
186.996,-95.686
187.006,-96.264
187.016,-96.558
187.026,-93.454
187.036,-97.925
187.045,-95.005
187.055,-94.259
187.065,-94.892
187.075,-95.363
187.085,-95.402
187.095,-97.855
187.105,-97.022
187.115,-96.251
187.125,-94.126
187.134,-95.676
187.144,-97.543
187.154,-92.578
187.164,-93.422
187.174,-96.551
187.184,-95.605
187.194,-94.432
187.204,-92.920
187.213,-97.039
187.223,-96.102
187.233,-95.277
187.243,-98.086
187.253,-93.372
187.263,-96.983
187.273,-98.488
187.283,-96.974
187.292,-94.899
187.302,-92.105
187.312,-96.726
187.322,-94.471
187.332,-98.046
187.342,-94.142
187.352,-94.909
187.362,-91.393
187.372,-92.361
187.381,-94.783
187.391,-96.382
187.401,-93.751
187.411,-93.111
187.421,-93.846
187.431,-95.522
187.441,-93.539
187.451,-96.496
187.460,-97.848
187.470,-98.527
187.480,-92.802
187.490,-96.631
187.500,-94.115
187.510,-95.568
187.520,-98.992
187.530,-95.066
187.540,-100.716
187.549,-99.232
187.559,-96.141
187.569,-94.210
187.579,-95.021
187.589,-94.064
187.599,-95.644
187.609,-93.450
187.619,-98.520
187.628,-98.940
187.638,-93.262
187.648,-99.370
187.658,-96.858
187.668,-96.244
187.678,-96.230
187.688,-98.308
187.698,-96.239
187.708,-97.170
187.717,-97.997
187.727,-94.500
187.737,-96.602
187.747,-97.449
187.757,-96.543
187.767,-97.716
187.777,-95.174
187.787,-97.926
187.796,-104.473
187.806,-96.761
187.816,-95.683
187.826,-101.588
187.836,-105.058
187.846,-96.600
187.856,-95.424
187.866,-99.983
187.875,-99.482
187.885,-94.859
187.895,-99.371
187.905,-97.928
187.915,-100.390
187.925,-99.732
187.935,-105.001
187.945,-102.252
187.955,-98.380
187.964,-101.105
187.974,-104.237
187.984,-100.680
187.994,-98.167
188.004,-98.729
188.014,-99.823
188.024,-99.255
188.034,-97.176
188.043,-97.768
188.053,-98.902
188.063,-97.503
188.073,-98.637
188.083,-95.848
188.093,-100.932
188.103,-94.524
188.113,-99.035
188.123,-105.619
188.132,-98.158
188.142,-102.161
188.152,-100.513
188.162,-99.360
188.172,-98.733
188.182,-98.598
188.182,-94.546
188.192,-96.701
188.202,-97.447
188.211,-94.658
188.221,-96.653
188.231,-97.153
188.241,-96.524
188.251,-94.461
188.261,-97.166
188.271,-96.750
188.281,-95.454
188.291,-96.702
188.300,-96.069
188.310,-97.204
188.320,-95.996
188.330,-97.362
188.340,-99.502
188.350,-94.873
188.360,-96.515
188.370,-95.721
188.379,-94.420
188.389,-93.307
188.399,-95.668
188.409,-93.854
188.419,-95.792
188.429,-96.460
188.439,-95.524
188.449,-94.448
188.458,-95.028
188.468,-94.912
188.478,-95.648
188.488,-94.936
188.498,-94.394
188.508,-93.470
188.518,-95.043
188.528,-96.805
188.538,-93.136
188.547,-93.905
188.557,-93.470
188.567,-94.178
188.577,-95.032
188.587,-93.236
188.597,-93.907
188.607,-95.695
188.617,-95.709
188.626,-94.386
188.636,-94.814
188.646,-94.562
188.656,-94.058
188.666,-94.368
188.676,-93.778
188.686,-92.900
188.696,-95.512
188.706,-94.901
188.715,-92.055
188.725,-93.532
188.735,-93.775
188.745,-94.157
188.755,-93.844
188.765,-93.503
188.775,-94.790
188.785,-91.932
188.794,-94.745
188.804,-92.885
188.814,-93.352
188.824,-93.376
188.834,-93.736
188.844,-94.792
188.854,-92.887
188.864,-89.035
188.874,-93.649
188.883,-93.858
188.893,-94.381
188.903,-93.615
188.913,-95.016
188.923,-93.933
188.933,-93.213
188.943,-93.031
188.953,-92.489
188.962,-93.324
188.972,-91.985
188.982,-92.918
188.992,-93.607
189.002,-93.068
189.012,-92.258
189.022,-93.217
189.032,-93.908
189.042,-92.756
189.051,-93.387
189.061,-92.860
189.071,-94.548
189.081,-93.423
189.091,-91.864
189.101,-93.479
189.111,-93.971
189.121,-93.976
189.130,-94.835
189.140,-93.972
189.150,-91.818
189.160,-93.620
189.170,-94.830
189.180,-95.599
189.190,-94.670
189.200,-92.190
189.209,-93.570
189.219,-94.261
189.229,-94.099
189.239,-93.874
189.249,-96.111
189.259,-94.535
189.269,-94.668
189.279,-93.466
189.289,-93.162
189.298,-95.510
189.308,-94.836
189.318,-94.387
189.328,-93.547
189.338,-94.897
189.348,-95.427
189.358,-92.890
189.368,-95.599
189.377,-96.410
189.387,-94.559
189.397,-96.382
189.407,-95.916
189.417,-95.372
189.427,-95.227
189.437,-94.320
189.447,-95.946
189.457,-98.562
189.466,-94.620
189.476,-96.834
189.486,-97.466
189.496,-93.959
189.506,-95.632
189.516,-92.323
189.526,-97.860
189.536,-94.682
189.545,-98.085
189.555,-96.372
189.565,-97.464
189.575,-96.084
189.585,-97.259
189.595,-97.229
189.605,-97.243
189.615,-96.969
189.625,-92.973
189.634,-95.907
189.644,-95.301
189.654,-97.168
189.664,-96.093
189.674,-96.113
189.684,-97.692
189.694,-97.818
189.704,-94.434
189.713,-95.998
189.723,-97.344
189.733,-96.897
189.743,-96.968
189.753,-99.845
189.763,-99.865
189.773,-97.387
189.783,-97.919
189.792,-99.550
189.802,-97.821
189.812,-98.653
189.822,-100.055
189.832,-100.215
189.842,-99.329
189.852,-100.201
189.862,-99.652
189.872,-98.998
189.881,-98.633
189.891,-98.889
189.901,-99.310
189.911,-98.368
189.921,-96.234
189.931,-99.168
189.941,-96.221
189.951,-98.745
189.960,-99.321
189.970,-97.865
189.980,-93.348
189.990,-97.519
190.000,-97.271
190.010,-96.397
190.020,-97.654
190.030,-97.525
190.040,-98.200
190.049,-98.804
190.059,-98.689
190.069,-96.214
190.079,-99.815
190.089,-97.106
190.099,-100.222
190.109,-99.294
190.119,-99.639
190.128,-100.159
190.138,-96.882
190.148,-101.651
190.158,-99.371
190.168,-98.371
190.178,-99.416
190.188,-98.858
190.198,-98.214
190.208,-98.188
190.217,-98.852
190.227,-99.466
190.237,-97.922
190.247,-96.699
190.257,-98.126
190.267,-97.968
190.277,-97.566
190.287,-94.728
190.296,-97.099
190.306,-98.476
190.316,-97.270
190.326,-96.524
190.336,-99.075
190.346,-97.237
190.356,-96.678
190.366,-98.034
190.375,-96.022
190.385,-97.081
190.395,-96.913
190.405,-95.723
190.415,-96.290
190.425,-99.512
190.435,-98.030
190.445,-97.157
190.455,-97.189
190.464,-94.796
190.474,-98.439
190.484,-95.861
190.494,-97.954
190.504,-98.536
190.514,-99.259
190.524,-99.372
190.534,-96.988
190.543,-95.917
190.553,-97.166
190.563,-98.542
190.573,-99.629
190.583,-96.892
190.593,-98.918
190.603,-96.968
190.613,-98.334
190.623,-95.388
190.632,-99.623
190.642,-98.849
190.652,-98.334
190.662,-101.201
190.672,-99.265
190.682,-95.686
190.692,-99.770
190.702,-99.558
190.711,-98.768
190.721,-96.461
190.731,-99.576
190.741,-97.890
190.751,-99.138
190.761,-97.733
190.771,-97.785
190.781,-96.935
190.791,-99.690
190.800,-98.364
190.810,-98.177
190.820,-97.434
190.830,-97.256
190.840,-96.709
190.850,-95.117
190.860,-97.436
190.870,-97.072
190.879,-97.344
190.889,-95.568
190.899,-97.631
190.909,-98.394
190.919,-95.655
190.929,-98.384
190.939,-97.186
190.949,-98.407
190.958,-96.208
190.968,-96.542
190.978,-95.295
190.988,-96.575
190.998,-95.761
191.008,-98.795
191.018,-95.884
191.028,-95.880
191.038,-97.467
191.047,-98.625
191.057,-97.485
191.067,-97.984
191.077,-96.627
191.087,-95.776
191.097,-95.923
191.107,-96.491
191.117,-93.777
191.126,-95.570
191.136,-97.143
191.146,-92.763
191.156,-99.046
191.166,-96.132
191.176,-97.228
191.186,-96.785
191.196,-97.926
191.206,-95.389
191.215,-94.994
191.225,-96.787
191.235,-94.055
191.245,-99.263
191.255,-97.951
191.265,-96.822
191.275,-94.398
191.285,-95.482
191.294,-94.229
191.304,-94.865
191.314,-95.495
191.324,-95.418
191.334,-96.029
191.344,-94.526
191.354,-93.670
191.364,-92.044
191.374,-95.203
191.383,-93.921
191.393,-94.451
191.403,-96.347
191.413,-93.805
191.423,-92.969
191.433,-95.205
191.443,-95.375
191.453,-93.634
191.462,-92.899
191.472,-93.541
191.482,-91.491
191.492,-93.414
191.502,-93.696
191.512,-95.447
191.522,-93.797
191.532,-93.355
191.542,-91.299
191.551,-93.581
191.561,-92.545
191.571,-95.507
191.581,-93.896
191.591,-91.194
191.601,-92.215
191.611,-93.767
191.621,-95.812
191.630,-95.770
191.640,-93.278
191.650,-94.576
191.660,-93.792
191.670,-90.225
191.680,-94.323
191.690,-93.941
191.700,-94.269
191.709,-94.798
191.719,-91.855
191.729,-93.009
191.739,-92.484
191.749,-92.556
191.759,-93.954
191.769,-94.631
191.779,-95.065
191.789,-91.964
191.798,-93.136
191.808,-92.015
191.818,-92.086
191.828,-92.211
191.838,-91.830
191.848,-90.717
191.858,-92.382
191.868,-93.488
191.877,-91.813
191.887,-95.773
191.897,-95.418
191.907,-93.463
191.917,-93.831
191.927,-91.598
191.937,-92.144
191.947,-93.059
191.957,-91.288
191.966,-93.419
191.976,-92.272
191.986,-92.825
191.996,-93.270
192.006,-95.096
192.016,-91.297
192.026,-94.575
192.036,-94.168
192.045,-91.613
192.055,-91.998
192.065,-93.645
192.075,-94.289
192.085,-94.141
192.095,-92.647
192.105,-92.071
192.115,-90.132
192.125,-93.801
192.134,-92.359
192.144,-93.541
192.154,-91.165
192.164,-93.142
192.174,-91.909
192.184,-91.338
192.194,-92.743
192.204,-91.829
192.213,-93.632
192.223,-91.504
192.233,-92.765
192.243,-90.438
192.253,-93.470
192.263,-93.470
192.273,-93.732
192.283,-94.336
192.292,-91.149
192.302,-90.759
192.312,-92.505
192.322,-94.555
192.332,-93.522
192.342,-92.301
192.352,-91.757
192.362,-91.641
192.372,-93.337
192.381,-95.919
192.391,-93.889
192.401,-90.099
192.411,-94.729
192.421,-90.816
192.431,-90.671
192.441,-91.903
192.451,-94.521
192.460,-94.101
192.470,-93.228
192.480,-92.766
192.490,-90.877
192.500,-92.455
192.510,-94.758
192.520,-92.728
192.530,-90.357
192.540,-93.305
192.549,-93.490
192.559,-88.530
192.569,-87.927
192.579,-88.374
192.589,-89.969
192.599,-88.169
192.609,-87.342
192.619,-92.425
192.628,-94.752
192.638,-95.283
192.648,-94.993
192.658,-94.001
192.668,-93.011
192.678,-95.052
192.688,-93.154
192.698,-94.656
192.708,-94.686
192.717,-94.926
192.727,-94.724
192.727,-96.234
192.737,-93.921
192.747,-95.690
192.757,-94.852
192.767,-94.233
192.777,-94.807
192.787,-93.663
192.796,-94.564
192.806,-94.510
192.816,-96.969
192.826,-94.221
192.836,-95.929
192.846,-94.553
192.856,-95.331
192.866,-94.109
192.875,-95.748
192.885,-95.622
192.895,-94.714
192.905,-94.222
192.915,-95.923
192.925,-96.591
192.935,-97.299
192.945,-95.022
192.955,-96.582
192.964,-94.247
192.974,-96.305
192.984,-97.208
192.994,-95.941
193.004,-94.507
193.014,-94.247
193.024,-94.930
193.034,-91.331
193.043,-97.552
193.053,-94.762
193.063,-95.640
193.073,-96.112
193.083,-92.358
193.093,-96.804
193.103,-94.506
193.113,-94.750
193.123,-95.397
193.132,-97.289
193.142,-94.324
193.152,-95.343
193.162,-100.903
193.172,-96.701
193.182,-98.421
193.192,-98.459
193.202,-93.468
193.211,-96.775
193.221,-94.193
193.231,-93.598
193.241,-95.374
193.251,-96.242
193.261,-94.006
193.271,-96.349
193.281,-98.114
193.291,-96.812
193.300,-96.585
193.310,-96.834
193.320,-94.810
193.330,-96.099
193.340,-94.837
193.350,-94.483
193.360,-95.160
193.370,-92.033
193.379,-91.683
193.389,-95.930
193.399,-96.078
193.409,-93.003
193.419,-96.457
193.429,-91.424
193.439,-90.997
193.449,-95.762
193.458,-95.979
193.468,-96.913
193.478,-99.354
193.488,-94.473
193.498,-92.716
193.508,-97.004
193.518,-96.780
193.528,-96.255
193.538,-97.602
193.547,-95.323
193.557,-96.725
193.567,-95.388
193.577,-97.736
193.587,-95.746
193.597,-95.165
193.607,-97.905
193.617,-94.881
193.626,-96.156
193.636,-95.545
193.646,-96.563
193.656,-100.666
193.666,-97.752
193.676,-94.425
193.686,-97.335
193.696,-97.384
193.706,-93.632
193.715,-93.593
193.725,-95.591
193.735,-98.665
193.745,-97.038
193.755,-97.108
193.765,-93.838
193.775,-95.037
193.785,-97.303
193.794,-93.140
193.804,-95.790
193.814,-96.848
193.824,-94.187
193.834,-93.945
193.844,-97.114
193.854,-95.229
193.864,-90.656
193.874,-95.928
193.883,-92.137
193.893,-94.334
193.903,-93.355
193.913,-92.916
193.923,-96.694
193.933,-95.073
193.943,-94.973
193.953,-93.595
193.962,-94.343
193.972,-96.300
193.982,-97.213
193.992,-93.041
194.002,-92.941
194.012,-96.305
194.022,-93.918
194.032,-96.267
194.042,-94.224
194.051,-93.621
194.061,-96.839
194.071,-99.775
194.081,-97.343
194.091,-98.969
194.101,-96.682
194.111,-97.731
194.121,-97.646
194.130,-94.653
194.140,-96.709
194.150,-96.650
194.160,-96.018
194.170,-93.005
194.180,-100.237
194.190,-93.970
194.200,-95.883
194.209,-95.139
194.219,-95.573
194.229,-97.277
194.239,-96.956
194.249,-95.006
194.259,-96.626
194.269,-93.753
194.279,-93.743
194.289,-95.286
194.298,-95.505
194.308,-95.161
194.318,-97.457
194.328,-91.976
194.338,-94.833
194.348,-96.872
194.358,-93.762
194.368,-95.626
194.377,-97.688
194.387,-99.276
194.397,-94.536
194.407,-95.074
194.417,-95.836
194.427,-95.047
194.437,-95.049
194.447,-98.491
194.457,-95.404
194.466,-96.076
194.476,-96.752
194.486,-96.044
194.496,-97.004
194.506,-97.069
194.516,-95.055
194.526,-97.677
194.536,-97.037
194.545,-97.268
194.555,-94.979
194.565,-94.885
194.575,-95.418
194.585,-95.546
194.595,-96.195
194.605,-96.693
194.615,-97.494
194.625,-96.015
194.634,-95.084
194.644,-97.240
194.654,-94.006
194.664,-95.951
194.674,-92.249
194.684,-95.552
194.694,-93.086
194.704,-97.954
194.713,-97.628
194.723,-96.476
194.733,-95.672
194.743,-92.462
194.753,-95.824
194.763,-94.756
194.773,-95.611
194.783,-93.551
194.792,-97.750
194.802,-95.624
194.812,-96.688
194.822,-95.295
194.832,-96.482
194.842,-94.052
194.852,-93.660
194.862,-97.649
194.872,-95.317
194.881,-95.972
194.891,-96.846
194.901,-94.067
194.911,-96.160
194.921,-95.000
194.931,-94.144
194.941,-95.930
194.951,-96.234
194.960,-91.542
194.970,-94.967
194.980,-96.554
194.990,-91.788
195.000,-96.955
195.010,-95.350
195.020,-96.290
195.030,-93.899
195.040,-96.090
195.049,-95.489
195.059,-92.720
195.069,-95.516
195.079,-94.798
195.089,-92.583
195.099,-94.915
195.109,-92.590
195.119,-93.629
195.128,-96.161
195.138,-95.079
195.148,-96.653
195.158,-94.082
195.168,-96.277
195.178,-95.560
195.188,-93.622
195.198,-93.199
195.208,-94.481
195.217,-96.931
195.227,-94.669
195.237,-95.408
195.247,-93.789
195.257,-96.000
195.267,-95.149
195.277,-95.486
195.287,-96.901
195.296,-95.665
195.306,-95.628
195.316,-95.865
195.326,-95.192
195.336,-93.717
195.346,-94.407
195.356,-94.659
195.366,-94.605
195.375,-95.376
195.385,-91.707
195.395,-93.892
195.405,-95.189
195.415,-94.021
195.425,-94.164
195.435,-94.487
195.445,-95.778
195.455,-96.116
195.464,-95.255
195.474,-95.432
195.484,-97.781
195.494,-98.143
195.504,-96.340
195.514,-95.582
195.524,-93.299
195.534,-95.506
195.543,-95.279
195.553,-96.265
195.563,-94.811
195.573,-95.844
195.583,-94.067
195.593,-94.748
195.603,-94.565
195.613,-93.298
195.623,-95.503
195.632,-94.122
195.642,-95.799
195.652,-94.202
195.662,-93.533
195.672,-91.751
195.682,-94.426
195.692,-95.517
195.702,-94.524
195.711,-95.934
195.721,-90.839
195.731,-95.623
195.741,-96.012
195.751,-96.026
195.761,-95.016
195.771,-94.928
195.781,-93.825
195.791,-94.820
195.800,-95.094
195.810,-93.984
195.820,-93.596
195.830,-92.867
195.840,-96.819
195.850,-92.828
195.860,-95.786
195.870,-94.276
195.879,-92.630
195.889,-94.638
195.899,-92.489
195.909,-94.072
195.919,-93.710
195.929,-96.010
195.939,-95.090
195.949,-95.354
195.958,-94.555
195.968,-94.024
195.978,-93.543
195.988,-93.956
195.998,-92.341
196.008,-95.326
196.018,-95.770
196.028,-92.762
196.038,-93.397
196.047,-94.750
196.057,-95.617
196.067,-91.767
196.077,-95.305
196.087,-94.335
196.097,-95.606
196.107,-95.910
196.117,-93.160
196.126,-88.148
196.136,-94.642
196.146,-93.975
196.156,-91.773
196.166,-95.227
196.176,-93.352
196.186,-88.618
196.196,-95.115
196.206,-91.991
196.215,-90.486
196.225,-94.304
196.235,-89.796
196.245,-94.944
196.255,-94.321
196.265,-92.499
196.275,-94.656
196.285,-94.686
196.294,-93.953
196.304,-94.723
196.314,-93.793
196.324,-94.214
196.334,-93.494
196.344,-94.914
196.354,-95.205
196.364,-96.204
196.374,-96.077
196.383,-94.818
196.393,-94.707
196.403,-91.873
196.413,-95.133
196.423,-96.026
196.433,-96.442
196.443,-95.446
196.453,-95.623
196.462,-96.292
196.472,-96.609
196.482,-94.399
196.492,-93.434
196.502,-93.826
196.512,-95.889
196.522,-91.317
196.532,-90.970
196.542,-95.321
196.551,-93.457
196.561,-93.851
196.571,-92.987
196.581,-95.354
196.591,-94.870
196.601,-94.304
196.611,-89.583
196.621,-93.483
196.630,-96.615
196.640,-91.650
196.650,-97.076
196.660,-95.443
196.670,-95.939
196.680,-95.069
196.690,-96.182
196.700,-94.118
196.709,-93.223
196.719,-94.927
196.729,-95.096
196.739,-93.535
196.749,-96.165
196.759,-94.676
196.769,-93.617
196.779,-95.520
196.789,-94.863
196.798,-95.342
196.808,-92.791
196.818,-92.618
196.828,-94.423
196.838,-93.173
196.848,-94.557
196.858,-96.015
196.868,-93.088
196.877,-93.691
196.887,-92.690
196.897,-94.887
196.907,-94.150
196.917,-93.692
196.927,-93.421
196.937,-94.685
196.947,-92.440
196.957,-88.301
196.966,-90.950
196.976,-91.978
196.986,-92.646
196.996,-90.616
197.006,-94.211
197.016,-91.086
197.026,-91.702
197.036,-92.824
197.045,-94.203
197.055,-94.802
197.065,-92.815
197.075,-92.640
197.085,-90.361
197.095,-94.676
197.105,-96.936
197.115,-93.663
197.125,-93.913
197.134,-91.613
197.144,-94.654
197.154,-95.708
197.164,-96.383
197.174,-91.799
197.184,-91.107
197.194,-95.800
197.204,-94.431
197.213,-93.594
197.223,-95.241
197.233,-92.792
197.243,-93.835
197.253,-97.532
197.263,-94.000
197.273,-91.593
197.273,-94.142
197.283,-93.094
197.292,-89.201
197.302,-94.600
197.312,-93.655
197.322,-92.939
197.332,-96.127
197.342,-93.285
197.352,-92.379
197.362,-88.421
197.372,-93.813
197.381,-90.876
197.391,-93.645
197.401,-94.286
197.411,-94.740
197.421,-96.636
197.431,-95.271
197.441,-94.013
197.451,-94.299
197.460,-92.145
197.470,-92.502
197.480,-92.799
197.490,-94.706
197.500,-94.135
197.510,-95.757
197.520,-95.583
197.530,-94.554
197.540,-93.864
197.549,-93.285
197.559,-94.195
197.569,-95.580
197.579,-95.288
197.589,-97.642
197.599,-94.683
197.609,-96.184
197.619,-94.921
197.628,-91.738
197.638,-95.273
197.648,-93.836
197.658,-95.740
197.668,-95.394
197.678,-97.050
197.688,-95.237
197.698,-96.512
197.708,-87.434
197.717,-87.800
197.727,-96.318
197.737,-93.672
197.747,-91.442
197.757,-94.342
197.767,-93.059
197.777,-91.415
197.787,-94.536
197.796,-86.446
197.806,-95.338
197.816,-94.310
197.826,-95.620
197.836,-94.481
197.846,-96.802
197.856,-94.663
197.866,-95.896
197.875,-93.664
197.885,-96.419
197.895,-94.862
197.905,-95.136
197.915,-94.939
197.925,-95.705
197.935,-97.218
197.945,-97.519
197.955,-95.464
197.964,-95.499
197.974,-95.402
197.984,-93.453
197.994,-96.068
198.004,-97.485
198.014,-93.869
198.024,-95.326
198.034,-98.116
198.043,-96.873
198.053,-96.566
198.063,-90.972
198.073,-91.253
198.083,-95.484
198.093,-95.636
198.103,-93.930
198.113,-95.618
198.123,-95.867
198.132,-93.113
198.142,-96.957
198.152,-95.551
198.162,-95.656
198.172,-95.989
198.182,-97.109
198.192,-95.707
198.202,-96.027
198.211,-96.647
198.221,-92.516
198.231,-96.063
198.241,-96.033
198.251,-95.529
198.261,-94.924
198.271,-95.292
198.281,-96.382
198.291,-95.548
198.300,-96.289
198.310,-95.279
198.320,-96.075
198.330,-94.954
198.340,-95.595
198.350,-96.456
198.360,-94.364
198.370,-94.430
198.379,-94.185
198.389,-98.238
198.399,-94.071
198.409,-94.206
198.419,-97.470
198.429,-93.401
198.439,-95.779
198.449,-95.512
198.458,-93.088
198.468,-88.635
198.478,-90.243
198.488,-88.385
198.498,-90.572
198.508,-95.947
198.518,-91.837
198.528,-87.398
198.538,-93.321
198.547,-90.695
198.557,-94.494
198.567,-91.298
198.577,-95.694
198.587,-94.021
198.597,-92.649
198.607,-96.914
198.617,-96.418
198.626,-95.547
198.636,-96.239
198.646,-96.672
198.656,-94.161
198.666,-96.685
198.676,-96.894
198.686,-96.198
198.696,-97.172
198.706,-96.045
198.715,-96.877
198.725,-95.482
198.735,-96.036
198.745,-96.539
198.755,-96.637
198.765,-96.264
198.775,-96.589
198.785,-95.387
198.794,-96.712
198.804,-98.266
198.814,-95.642
198.824,-97.650
198.834,-95.339
198.844,-91.620
198.854,-97.619
198.864,-91.944
198.874,-95.765
198.883,-98.875
198.893,-89.735
198.903,-93.153
198.913,-96.646
198.923,-94.032
198.933,-95.299
198.943,-98.952
198.953,-97.866
198.962,-98.510
198.972,-97.607
198.982,-98.941
198.992,-98.179
199.002,-98.847
199.012,-97.291
199.022,-96.664
199.032,-99.701
199.042,-101.584
199.051,-98.564
199.061,-99.378
199.071,-96.400
199.081,-99.574
199.091,-100.308
199.101,-98.232
199.111,-99.599
199.121,-96.831
199.130,-99.374
199.140,-99.396
199.150,-96.961
199.160,-97.607
199.170,-97.259
199.180,-95.327
199.190,-98.065
199.200,-100.361
199.209,-96.487
199.219,-97.519
199.229,-98.624
199.239,-96.525
199.249,-91.659
199.259,-98.777
199.269,-95.104
199.279,-91.391
199.289,-100.821
199.298,-90.396
199.308,-94.167
199.318,-99.146
199.328,-91.907
199.338,-92.420
199.348,-96.326
199.358,-101.381
199.368,-100.127
199.377,-96.683
199.387,-99.232
199.397,-98.621
199.407,-96.276
199.417,-99.060
199.427,-98.143
199.437,-99.357
199.447,-99.386
199.457,-99.714
199.466,-96.825
199.476,-97.023
199.486,-99.117
199.496,-99.909
199.506,-98.923
199.516,-103.093
199.526,-100.953
199.536,-102.235
199.545,-99.606
199.555,-99.335
199.565,-99.558
199.575,-99.698
199.585,-99.054
199.595,-99.448
199.605,-100.375
199.615,-101.524
199.625,-98.866
199.634,-94.256
199.644,-100.429
199.654,-92.674
199.664,-94.926
199.674,-97.618
199.684,-95.396
199.694,-95.403
199.704,-97.516
199.713,-94.853
199.723,-92.141
199.733,-101.165
199.743,-92.534
199.753,-92.503
199.763,-97.696
199.773,-100.030
199.783,-99.774
199.792,-100.311
199.802,-100.160
199.812,-99.478
199.822,-100.692
199.832,-98.085
199.842,-100.388
199.852,-100.114
199.862,-98.553
199.872,-102.937
199.881,-100.641
199.891,-97.223
199.901,-101.793
199.911,-101.639
199.921,-99.871
199.931,-98.803
199.941,-101.355
199.951,-100.996
199.960,-101.115
199.970,-97.308
199.980,-100.332
199.990,-100.466
200.000,-102.004
200.010,-98.760
200.020,-98.967
200.030,-100.951
200.040,-97.373
200.049,-95.100
200.059,-103.619
200.069,-95.396
200.079,-93.195
200.089,-101.536
200.099,-93.807
200.109,-93.438
200.119,-100.753
200.128,-92.585
200.138,-94.259
200.148,-98.837
200.158,-100.380
200.168,-99.229
200.178,-99.474
200.188,-96.882
200.198,-97.909
200.208,-99.964
200.217,-98.969
200.227,-100.156
200.237,-97.650
200.247,-100.604
200.257,-97.056
200.267,-98.008
200.277,-98.659
200.287,-101.330
200.296,-101.752
200.306,-99.534
200.316,-93.330
200.326,-93.390
200.336,-100.101
200.346,-98.626
200.356,-99.613
200.366,-97.406
200.375,-97.718
200.385,-94.941
200.395,-98.963
200.405,-91.244
200.415,-96.458
200.425,-100.515
200.435,-90.117
200.445,-91.373
200.455,-101.225
200.464,-97.843
200.474,-97.104
200.484,-101.288
200.494,-95.920
200.504,-91.833
200.514,-100.706
200.524,-97.699
200.534,-102.420
200.543,-98.109
200.553,-99.684
200.563,-101.715
200.573,-101.271
200.583,-99.843
200.593,-100.766
200.603,-99.347
200.613,-98.251
200.623,-100.066
200.632,-100.013
200.642,-99.987
200.652,-98.368
200.662,-99.218
200.672,-95.947
200.682,-101.216
200.692,-100.772
200.702,-98.744
200.711,-100.421
200.721,-98.820
200.731,-100.521
200.741,-101.465
200.751,-101.586
200.761,-99.498
200.771,-99.681
200.781,-89.928
200.791,-100.526
200.800,-93.355
200.810,-91.873
200.820,-98.922
200.830,-98.073
200.840,-94.189
200.850,-102.419
200.860,-99.479
200.870,-98.958
200.879,-100.300
200.889,-98.947
200.899,-96.574
200.909,-99.477
200.919,-98.873
200.929,-99.243
200.939,-100.772
200.949,-99.322
200.958,-99.478
200.968,-100.287
200.978,-97.575
200.988,-102.512
200.998,-98.036
201.008,-99.134
201.018,-96.838
201.028,-100.333
201.038,-100.083
201.047,-100.091
201.057,-99.908
201.067,-100.738
201.077,-98.749
201.087,-97.420
201.097,-100.050
201.107,-95.785
201.117,-99.298
201.126,-99.854
201.136,-99.594
201.146,-97.894
201.156,-95.721
201.166,-91.997
201.176,-97.709
201.186,-86.759
201.196,-87.642
201.206,-99.506
201.215,-90.397
201.225,-95.241
201.235,-98.863
201.245,-93.193
201.255,-89.920
201.265,-96.911
201.275,-92.803
201.285,-89.928
201.294,-97.307
201.304,-96.721
201.314,-98.684
201.324,-98.236
201.334,-97.012
201.344,-99.223
201.354,-99.349
201.364,-98.669
201.374,-97.485
201.383,-98.553
201.393,-96.460
201.403,-97.022
201.413,-95.903
201.423,-98.076
201.433,-96.327
201.443,-96.323
201.453,-98.626
201.462,-96.039
201.472,-96.534
201.482,-98.641
201.492,-96.713
201.502,-98.466
201.512,-98.216
201.522,-98.002
201.532,-99.015
201.542,-95.989
201.551,-97.311
201.561,-96.613
201.571,-98.932
201.581,-94.546
201.591,-96.918
201.601,-94.928
201.611,-92.300
201.621,-97.430
201.630,-90.220
201.640,-93.552
201.650,-98.165
201.660,-91.831
201.670,-94.248
201.680,-97.292
201.690,-96.099
201.700,-92.032
201.709,-97.524
201.719,-97.185
201.729,-96.174
201.739,-97.403
201.749,-97.598
201.759,-97.033
201.769,-96.950
201.779,-97.809
201.789,-98.716
201.798,-96.771
201.808,-99.153
201.818,-97.245
201.818,-97.567
201.828,-97.583
201.838,-97.857
201.848,-96.234
201.858,-99.628
201.868,-97.324
201.877,-97.720
201.887,-98.953
201.897,-95.456
201.907,-98.552
201.917,-95.467
201.927,-98.700
201.937,-99.379
201.947,-96.249
201.957,-97.912
201.966,-98.530
201.976,-96.414
201.986,-92.273
201.996,-96.758
202.006,-92.753
202.016,-93.933
202.026,-97.350
202.036,-95.586
202.045,-93.093
202.055,-98.126
202.065,-96.752
202.075,-98.141
202.085,-97.186
202.095,-96.096
202.105,-99.587
202.115,-98.504
202.125,-97.290
202.134,-97.113
202.144,-96.940
202.154,-98.483
202.164,-98.270
202.174,-96.533
202.184,-99.477
202.194,-97.471
202.204,-97.493
202.213,-99.416
202.223,-100.388
202.233,-98.417
202.243,-97.542
202.253,-93.440
202.263,-98.564
202.273,-96.583
202.283,-95.756
202.292,-96.597
202.302,-99.154
202.312,-95.415
202.322,-93.668
202.332,-99.216
202.342,-96.323
202.352,-96.356
202.362,-97.309
202.372,-95.691
202.381,-96.560
202.391,-95.527
202.401,-96.587
202.411,-96.203
202.421,-94.705
202.431,-96.394
202.441,-95.760
202.451,-94.555
202.460,-96.840
202.470,-96.851
202.480,-94.867
202.490,-95.991
202.500,-94.970
202.510,-94.126
202.520,-95.010
202.530,-94.013
202.540,-94.630
202.549,-93.514
202.559,-94.652
202.569,-92.793
202.579,-92.379
202.589,-95.149
202.599,-93.945
202.609,-94.491
202.619,-93.528
202.628,-95.170
202.638,-93.554
202.648,-95.304
202.658,-96.214
202.668,-93.813
202.678,-96.054
202.688,-91.980
202.698,-91.976
202.708,-93.701
202.717,-92.920
202.727,-94.600
202.737,-93.258
202.747,-92.980
202.757,-93.689
202.767,-94.488
202.777,-92.543
202.787,-94.669
202.796,-89.798
202.806,-91.478
202.816,-91.542
202.826,-92.563
202.836,-91.164
202.846,-92.822
202.856,-92.002
202.866,-89.869
202.875,-92.493
202.885,-91.861
202.895,-92.500
202.905,-89.922
202.915,-92.188
202.925,-92.350
202.935,-90.331
202.945,-90.318
202.955,-91.806
202.964,-90.038
202.974,-91.182
202.984,-92.932
202.994,-92.784
203.004,-90.926
203.014,-92.069
203.024,-91.312
203.034,-90.835
203.043,-91.202
203.053,-92.190
203.063,-89.620
203.073,-90.158
203.083,-92.990
203.093,-89.737
203.103,-90.831
203.113,-90.965
203.123,-89.103
203.132,-90.254
203.142,-89.467
203.152,-90.944
203.162,-90.703
203.172,-89.997
203.182,-90.085
203.192,-91.302
203.202,-89.833
203.211,-90.512
203.221,-91.463
203.231,-90.029
203.241,-90.404
203.251,-90.188
203.261,-91.418
203.271,-90.162
203.281,-90.543
203.291,-91.181
203.300,-90.875
203.310,-90.932
203.320,-90.777
203.330,-91.000
203.340,-90.712
203.350,-90.229
203.360,-89.924
203.370,-90.842
203.379,-90.884
203.389,-89.871
203.399,-90.726
203.409,-89.819
203.419,-91.750
203.429,-91.290
203.439,-91.010
203.449,-90.984
203.458,-89.033
203.468,-91.627
203.478,-91.007
203.488,-91.420
203.498,-91.483
203.508,-90.381
203.518,-90.074
203.528,-89.945
203.538,-90.257
203.547,-91.100
203.557,-89.803
203.567,-90.138
203.577,-90.414
203.587,-88.959
203.597,-90.528
203.607,-90.995
203.617,-91.167
203.626,-90.587
203.636,-90.330
203.646,-93.217
203.656,-88.639
203.666,-90.908
203.676,-91.315
203.686,-92.067
203.696,-90.889
203.706,-91.198
203.715,-91.258
203.725,-90.953
203.735,-92.211
203.745,-93.941
203.755,-91.650
203.765,-91.534
203.775,-91.662
203.785,-91.982
203.794,-92.209
203.804,-91.835
203.814,-91.743
203.824,-91.319
203.834,-92.330
203.844,-93.426
203.854,-92.650
203.864,-90.824
203.874,-92.200
203.883,-92.127
203.893,-92.937
203.903,-93.188
203.913,-92.396
203.923,-90.976
203.933,-91.317
203.943,-92.794
203.953,-93.063
203.962,-92.253
203.972,-94.856
203.982,-93.991
203.992,-95.593
204.002,-94.027
204.012,-93.398
204.022,-95.891
204.032,-92.577
204.042,-95.208
204.051,-92.224
204.061,-94.939
204.071,-94.380
204.081,-95.985
204.091,-94.729
204.101,-95.347
204.111,-94.562
204.121,-94.084
204.130,-95.038
204.140,-94.602
204.150,-95.576
204.160,-95.715
204.170,-95.508
204.180,-97.095
204.190,-95.466
204.200,-97.291
204.209,-96.410
204.219,-96.587
204.229,-97.409
204.239,-97.530
204.249,-95.445
204.259,-98.795
204.269,-97.144
204.279,-95.792
204.289,-96.322
204.298,-98.788
204.308,-93.312
204.318,-97.290
204.328,-96.929
204.338,-96.843
204.348,-97.755
204.358,-96.426
204.368,-97.021
204.377,-97.452
204.387,-99.509
204.397,-99.976
204.407,-97.252
204.417,-95.799
204.427,-97.091
204.437,-96.869
204.447,-97.435
204.457,-97.444
204.466,-95.934
204.476,-95.699
204.486,-97.040
204.496,-97.984
204.506,-99.206
204.516,-98.032
204.526,-97.919
204.536,-95.601
204.545,-97.588
204.555,-99.043
204.565,-98.373
204.575,-97.686
204.585,-98.304
204.595,-99.355
204.605,-97.986
204.615,-99.238
204.625,-100.412
204.634,-94.150
204.644,-98.528
204.654,-98.972
204.664,-98.535
204.674,-98.658
204.684,-100.093
204.694,-98.478
204.704,-99.676
204.713,-95.618
204.723,-97.544
204.733,-98.800
204.743,-98.399
204.753,-98.595
204.763,-98.575
204.773,-98.543
204.783,-98.572
204.792,-97.897
204.802,-101.663
204.812,-98.019
204.822,-101.257
204.832,-99.239
204.842,-99.642
204.852,-98.967
204.862,-101.988
204.872,-100.445
204.881,-98.494
204.891,-99.869
204.901,-100.866
204.911,-100.020
204.921,-100.560
204.931,-100.999
204.941,-103.500
204.951,-102.254
204.960,-101.839
204.970,-102.094
204.980,-99.886
204.990,-100.795
205.000,-98.182
205.010,-99.966
205.020,-100.932
205.030,-100.041
205.040,-102.698
205.049,-101.268
205.059,-99.758
205.069,-99.261
205.079,-97.451
205.089,-96.018
205.099,-101.528
205.109,-100.208
205.119,-101.831
205.128,-98.727
205.138,-101.076
205.148,-101.708
205.158,-100.788
205.168,-103.296
205.178,-100.772
205.188,-101.042
205.198,-102.474
205.208,-102.861
205.217,-99.659
205.227,-103.466
205.237,-102.269
205.247,-102.289
205.257,-99.462
205.267,-103.064
205.277,-98.026
205.287,-101.290
205.296,-101.256
205.306,-101.654
205.316,-100.295
205.326,-99.138
205.336,-100.676
205.346,-103.479
205.356,-102.976
205.366,-103.165
205.375,-96.272
205.385,-102.674
205.395,-101.250
205.405,-96.785
205.415,-100.014
205.425,-101.765
205.435,-101.565
205.445,-100.677
205.455,-99.832
205.464,-102.640
205.474,-101.631
205.484,-99.666
205.494,-97.239
205.504,-100.421
205.514,-100.257
205.524,-102.166
205.534,-102.821
205.543,-101.052
205.553,-101.757
205.563,-99.783
205.573,-100.816
205.583,-101.223
205.593,-101.040
205.603,-103.245
205.613,-101.340
205.623,-100.643
205.632,-100.653
205.642,-103.190
205.652,-100.737
205.662,-100.383
205.672,-102.167
205.682,-99.786
205.692,-100.700
205.702,-101.098
205.711,-101.147
205.721,-99.857
205.731,-101.348
205.741,-100.309
205.751,-98.864
205.761,-101.213
205.771,-99.536
205.781,-101.985
205.791,-99.434
205.800,-98.250
205.810,-100.862
205.820,-99.110
205.830,-100.873
205.840,-97.733
205.850,-102.116
205.860,-97.296
205.870,-97.652
205.879,-100.086
205.889,-95.446
205.899,-96.581
205.909,-102.967
205.919,-100.121
205.929,-100.633
205.939,-102.549
205.949,-98.000
205.958,-100.075
205.968,-100.188
205.978,-101.132
205.988,-101.263
205.998,-99.958
206.008,-99.650
206.018,-100.082
206.028,-102.706
206.038,-101.453
206.047,-101.663
206.057,-101.468
206.067,-99.393
206.077,-102.385
206.087,-100.945
206.097,-102.896
206.107,-103.264
206.117,-99.226
206.126,-101.342
206.136,-100.939
206.146,-99.976
206.156,-94.407
206.166,-92.398
206.176,-102.617
206.186,-103.224
206.196,-96.604
206.206,-100.748
206.215,-100.167
206.225,-101.911
206.235,-102.840
206.245,-99.448
206.255,-98.552
206.265,-98.577
206.275,-102.256
206.285,-101.369
206.294,-102.532
206.304,-101.311
206.314,-102.829
206.324,-102.210
206.334,-102.502
206.344,-102.835
206.354,-103.766
206.364,-102.422
206.364,-97.567
206.374,-97.583
206.383,-96.644
206.393,-96.234
206.403,-99.628
206.413,-97.324
206.423,-97.720
206.433,-98.953
206.443,-95.456
206.453,-98.552
206.462,-95.467
206.472,-98.700
206.482,-99.379
206.492,-96.249
206.502,-97.912
206.512,-98.456
206.522,-96.414
206.532,-92.273
206.542,-96.758
206.551,-92.753
206.561,-93.933
206.571,-97.350
206.581,-95.586
206.591,-93.093
206.601,-98.126
206.611,-96.752
206.621,-98.141
206.630,-97.186
206.640,-96.096
206.650,-99.587
206.660,-98.212
206.670,-97.290
206.680,-97.113
206.690,-96.940
206.700,-98.483
206.709,-98.270
206.719,-96.533
206.729,-99.477
206.739,-97.471
206.749,-97.493
206.759,-98.298
206.769,-99.476
206.779,-98.417
206.789,-97.542
206.798,-93.440
206.808,-98.564
206.818,-96.583
206.828,-95.756
206.838,-96.597
206.848,-98.959
206.858,-95.415
206.868,-93.668
206.877,-97.661
206.887,-94.952
206.897,-96.356
206.907,-97.228
206.917,-94.579
206.927,-96.560
206.937,-95.527
206.947,-96.587
206.957,-96.203
206.966,-94.705
206.976,-92.948
206.986,-94.977
206.996,-94.555
207.006,-96.840
207.016,-96.851
207.026,-94.867
207.036,-95.503
207.045,-94.970
207.055,-94.126
207.065,-95.010
207.075,-94.013
207.085,-94.630
207.095,-93.514
207.105,-94.652
207.115,-92.793
207.125,-92.379
207.134,-94.572
207.144,-92.548
207.154,-94.063
207.164,-93.528
207.174,-94.916
207.184,-93.554
207.194,-95.304
207.204,-96.214
207.213,-93.813
207.223,-96.054
207.233,-91.980
207.243,-91.976
207.253,-93.701
207.263,-92.920
207.273,-94.600
207.283,-93.258
207.292,-92.980
207.302,-93.689
207.312,-94.311
207.322,-92.543
207.332,-94.669
207.342,-89.798
207.352,-91.478
207.362,-91.542
207.372,-92.563
207.381,-91.164
207.391,-92.822
207.401,-92.002
207.411,-89.869
207.421,-92.493
207.431,-91.861
207.441,-92.500
207.451,-89.922
207.460,-92.188
207.470,-92.350
207.480,-90.331
207.490,-90.318
207.500,-90.650
207.510,-90.038
207.520,-91.182
207.530,-92.932
207.540,-92.610
207.549,-90.926
207.559,-90.741
207.569,-90.833
207.579,-90.835
207.589,-91.202
207.599,-92.190
207.609,-89.620
207.619,-90.158
207.628,-91.932
207.638,-89.737
207.648,-90.831
207.658,-90.965
207.668,-89.103
207.678,-90.254
207.688,-89.467
207.698,-90.944
207.708,-90.703
207.717,-89.997
207.727,-90.085
207.737,-90.466
207.747,-89.833
207.757,-90.512
207.767,-91.463
207.777,-90.029
207.787,-90.404
207.796,-90.188
207.806,-91.418
207.816,-90.162
207.826,-90.543
207.836,-91.181
207.846,-90.875
207.856,-90.932
207.866,-90.777
207.875,-91.000
207.885,-90.712
207.895,-90.229
207.905,-89.924
207.915,-90.842
207.925,-90.884
207.935,-89.871
207.945,-90.726
207.955,-89.819
207.964,-91.750
207.974,-91.290
207.984,-90.729
207.994,-90.984
208.004,-89.033
208.014,-91.627
208.024,-91.007
208.034,-91.298
208.043,-91.483
208.053,-90.381
208.063,-90.074
208.073,-89.945
208.083,-90.257
208.093,-91.100
208.103,-89.803
208.113,-90.138
208.123,-90.414
208.132,-88.959
208.142,-90.528
208.152,-90.995
208.162,-91.167
208.172,-90.587
208.182,-90.330
208.192,-92.230
208.202,-88.639
208.211,-90.908
208.221,-91.315
208.231,-92.067
208.241,-90.889
208.251,-90.442
208.261,-91.258
208.271,-90.953
208.281,-92.211
208.291,-92.798
208.300,-91.650
208.310,-91.534
208.320,-91.662
208.330,-91.982
208.340,-92.209
208.350,-91.835
208.360,-91.743
208.370,-91.319
208.379,-92.330
208.389,-90.817
208.399,-92.650
208.409,-90.824
208.419,-92.200
208.429,-92.127
208.439,-92.937
208.449,-93.188
208.458,-92.396
208.468,-90.976
208.478,-91.317
208.488,-92.794
208.498,-93.063
208.508,-92.253
208.518,-94.742
208.528,-93.991
208.538,-95.159
208.547,-94.027
208.557,-93.398
208.567,-95.891
208.577,-92.577
208.587,-95.208
208.597,-92.224
208.607,-94.939
208.617,-94.380
208.626,-95.985
208.636,-94.729
208.646,-95.347
208.656,-94.562
208.666,-94.084
208.676,-95.038
208.686,-94.602
208.696,-95.576
208.706,-95.715
208.715,-95.508
208.725,-97.095
208.735,-95.466
208.745,-96.767
208.755,-96.410
208.765,-96.587
208.775,-97.409
208.785,-97.530
208.794,-95.445
208.804,-95.472
208.814,-97.144
208.824,-95.792
208.834,-96.322
208.844,-98.788
208.854,-93.312
208.864,-97.290
208.874,-96.929
208.883,-96.843
208.893,-97.755
208.903,-96.426
208.913,-97.021
208.923,-97.452
208.933,-99.509
208.943,-97.214
208.953,-97.252
208.962,-95.799
208.972,-97.091
208.982,-96.869
208.992,-97.435
209.002,-97.444
209.012,-95.934
209.022,-95.699
209.032,-97.040
209.042,-97.646
209.051,-98.285
209.061,-98.032
209.071,-97.919
209.081,-95.601
209.091,-97.588
209.101,-98.576
209.111,-96.900
209.121,-97.686
209.130,-98.304
209.140,-99.355
209.150,-97.986
209.160,-99.238
209.170,-100.412
209.180,-94.150
209.190,-98.528
209.200,-98.972
209.209,-98.535
209.219,-98.658
209.229,-100.093
209.239,-98.478
209.249,-99.676
209.259,-95.618
209.269,-97.544
209.279,-98.800
209.289,-98.399
209.298,-98.595
209.308,-98.575
209.318,-97.644
209.328,-98.572
209.338,-97.897
209.348,-100.764
209.358,-98.019
209.368,-101.257
209.377,-99.239
209.387,-99.642
209.397,-98.967
209.407,-101.988
209.417,-100.445
209.427,-98.494
209.437,-99.869
209.447,-100.653
209.457,-100.020
209.466,-100.560
209.476,-100.999
209.486,-103.500
209.496,-102.254
209.506,-101.839
209.516,-102.094
209.526,-99.886
209.536,-100.795
209.545,-98.182
209.555,-99.966
209.565,-100.932
209.575,-100.041
209.585,-102.698
209.595,-100.554
209.605,-99.758
209.615,-99.261
209.625,-97.451
209.634,-96.018
209.644,-101.528
209.654,-100.208
209.664,-101.831
209.674,-98.727
209.684,-101.076
209.694,-101.708
209.704,-100.788
209.713,-100.827
209.723,-98.967
209.733,-100.274
209.743,-101.389
209.753,-102.861
209.763,-99.659
209.773,-103.430
209.783,-102.269
209.792,-102.289
209.802,-99.462
209.812,-103.064
209.822,-98.026
209.832,-101.290
209.842,-101.256
209.852,-101.654
209.862,-100.295
209.872,-99.138
209.881,-100.676
209.891,-103.479
209.901,-101.334
209.911,-100.669
209.921,-96.272
209.931,-102.674
209.941,-101.250
209.951,-96.785
209.960,-100.014
209.970,-101.765
209.980,-101.565
209.990,-100.677
210.000,-99.832
210.010,-102.640
210.020,-101.631
210.030,-99.666
210.040,-97.239
210.049,-100.421
210.059,-100.257
210.069,-102.166
210.079,-97.909
210.089,-101.052
210.099,-101.757
210.109,-99.783
210.119,-100.816
210.128,-101.223
210.138,-101.040
210.148,-103.245
210.158,-101.340
210.168,-100.643
210.178,-100.653
210.188,-103.190
210.198,-99.714
210.208,-100.383
210.217,-102.167
210.227,-99.786
210.237,-100.700
210.247,-101.098
210.257,-99.202
210.267,-99.857
210.277,-101.348
210.287,-100.309
210.296,-98.864
210.306,-101.213
210.316,-99.536
210.326,-101.985
210.336,-99.434
210.346,-98.250
210.356,-100.862
210.366,-99.110
210.375,-100.873
210.385,-97.733
210.395,-98.678
210.405,-97.296
210.415,-97.652
210.425,-100.086
210.435,-95.446
210.445,-96.581
210.455,-102.967
210.464,-100.121
210.474,-100.633
210.484,-101.283
210.494,-98.000
210.504,-100.075
210.514,-100.188
210.524,-101.132
210.534,-101.263
210.543,-99.958
210.553,-99.650
210.563,-99.561
210.573,-102.706
210.583,-101.453
210.593,-101.663
210.603,-101.468
210.613,-99.393
210.623,-102.385
210.632,-100.945
210.642,-102.896
210.652,-102.322
210.662,-99.226
210.672,-101.342
210.682,-100.939
210.692,-99.976
210.702,-94.407
210.711,-92.398
210.721,-102.617
210.731,-101.661
210.741,-103.523
210.751,-108.247
210.761,-107.029
210.771,-107.028
210.781,-103.473
210.791,-110.706
210.800,-103.049
210.810,-101.166
210.820,-100.866
210.830,-104.722
210.840,-107.281
210.850,-103.841
210.860,-99.592
210.870,-105.267
210.879,-104.662
210.889,-103.238
210.899,-103.141
210.909,-102.422
210.909,-101.635
210.919,-102.622
210.929,-105.007
210.939,-103.168
210.949,-103.104
210.958,-98.682
210.968,-104.126
210.978,-100.988
210.988,-101.916
210.998,-99.620
211.008,-100.320
211.018,-102.560
211.028,-104.053
211.038,-99.997
211.047,-101.574
211.057,-102.435
211.067,-104.201
211.077,-98.665
211.087,-102.564
211.097,-101.123
211.107,-102.658
211.117,-102.197
211.126,-102.638
211.136,-101.783
211.146,-102.038
211.156,-102.012
211.166,-105.261
211.176,-102.795
211.186,-102.442
211.196,-104.762
211.206,-104.055
211.215,-102.355
211.225,-103.311
211.235,-101.286
211.245,-104.148
211.255,-101.225
211.265,-100.726
211.275,-99.571
211.285,-104.370
211.294,-100.803
211.304,-103.174
211.314,-104.555
211.324,-102.509
211.334,-99.929
211.344,-103.538
211.354,-101.843
211.364,-103.705
211.374,-103.611
211.383,-101.978
211.393,-103.918
211.403,-102.843
211.413,-101.963
211.423,-103.615
211.433,-103.733
211.443,-102.774
211.453,-104.063
211.462,-103.974
211.472,-104.456
211.482,-102.088
211.492,-105.230
211.502,-103.246
211.512,-102.955
211.522,-103.559
211.532,-100.973
211.542,-104.214
211.551,-104.197
211.561,-102.570
211.571,-105.254
211.581,-106.011
211.591,-105.049
211.601,-103.664
211.611,-101.630
211.621,-102.244
211.630,-104.699
211.640,-103.026
211.650,-103.356
211.660,-101.813
211.670,-102.382
211.680,-104.316
211.690,-103.656
211.700,-100.959
211.709,-102.041
211.719,-104.356
211.729,-101.007
211.739,-102.254
211.749,-103.329
211.759,-104.274
211.769,-102.146
211.779,-103.185
211.789,-99.974
211.798,-102.713
211.808,-100.019
211.818,-103.611
211.828,-102.285
211.838,-102.994
211.848,-104.096
211.858,-103.314
211.868,-104.711
211.877,-100.916
211.887,-102.090
211.897,-100.824
211.907,-101.927
211.917,-103.834
211.927,-103.292
211.937,-104.226
211.947,-103.008
211.957,-99.002
211.966,-102.565
211.976,-101.299
211.986,-102.833
211.996,-103.757
212.006,-103.311
212.016,-105.608
212.026,-102.424
212.036,-102.270
212.045,-102.666
212.055,-101.618
212.065,-101.994
212.075,-103.613
212.085,-104.135
212.095,-102.997
212.105,-102.928
212.115,-102.061
212.125,-102.445
212.134,-101.998
212.144,-103.536
212.154,-102.595
212.164,-102.034
212.174,-101.274
212.184,-102.709
212.194,-102.062
212.204,-103.783
212.213,-103.570
212.223,-102.687
212.233,-101.825
212.243,-103.502
212.253,-101.876
212.263,-102.851
212.273,-102.666
212.283,-101.881
212.292,-101.333
212.302,-102.447
212.312,-101.580
212.322,-104.359
212.332,-102.550
212.342,-101.167
212.352,-101.587
212.362,-101.932
212.372,-101.897
212.381,-100.732
212.391,-103.604
212.401,-102.304
212.411,-102.754
212.421,-105.264
212.431,-103.098
212.441,-104.252
212.451,-102.343
212.460,-102.808
212.470,-101.395
212.480,-100.354
212.490,-101.345
212.500,-104.295
212.510,-102.818
212.520,-101.329
212.530,-100.632
212.540,-102.482
212.549,-103.640
212.559,-102.208
212.569,-103.264
212.579,-99.419
212.589,-102.721
212.599,-103.075
212.609,-100.566
212.619,-102.683
212.628,-101.147
212.638,-101.990
212.648,-101.463
212.658,-99.237
212.668,-102.839
212.678,-102.318
212.688,-102.044
212.698,-101.967
212.708,-103.525
212.717,-104.753
212.727,-102.076
212.737,-99.017
212.747,-102.465
212.757,-102.998
212.767,-105.087
212.777,-99.327
212.787,-102.950
212.796,-100.983
212.806,-99.527
212.816,-101.469
212.826,-100.328
212.836,-101.982
212.846,-100.217
212.856,-102.278
212.866,-101.897
212.875,-102.861
212.885,-104.470
212.895,-102.929
212.905,-100.854
212.915,-104.035
212.925,-101.996
212.935,-101.449
212.945,-100.889
212.955,-102.287
212.964,-101.819
212.974,-102.081
212.984,-102.288
212.994,-102.040
213.004,-101.225
213.014,-101.670
213.024,-100.453
213.034,-99.938
213.043,-102.572
213.053,-100.406
213.063,-103.346
213.073,-101.003
213.083,-104.110
213.093,-102.504
213.103,-98.531
213.113,-101.957
213.123,-101.357
213.132,-103.591
213.142,-102.156
213.152,-101.734
213.162,-101.927
213.172,-102.319
213.182,-103.197
213.192,-101.236
213.202,-102.694
213.211,-102.278
213.221,-102.103
213.231,-101.285
213.241,-100.875
213.251,-101.896
213.261,-100.683
213.271,-101.276
213.281,-100.520
213.291,-101.475
213.300,-100.189
213.310,-101.034
213.320,-102.775
213.330,-103.059
213.340,-101.139
213.350,-100.793
213.360,-102.489
213.370,-100.283
213.379,-99.212
213.389,-102.270
213.399,-103.475
213.409,-100.027
213.419,-104.121
213.429,-101.716
213.439,-100.904
213.449,-101.504
213.458,-101.837
213.468,-103.433
213.478,-102.470
213.488,-102.080
213.498,-102.279
213.508,-102.259
213.518,-101.740
213.528,-102.560
213.538,-103.600
213.547,-102.383
213.557,-102.514
213.567,-103.831
213.577,-99.226
213.587,-94.565
213.597,-101.465
213.607,-100.257
213.617,-101.296
213.626,-102.758
213.636,-102.220
213.646,-102.338
213.656,-102.610
213.666,-102.562
213.676,-100.412
213.686,-103.408
213.696,-104.469
213.706,-101.994
213.715,-103.122
213.725,-102.211
213.735,-102.489
213.745,-101.954
213.755,-100.611
213.765,-101.563
213.775,-102.427
213.785,-101.845
213.794,-102.313
213.804,-103.023
213.814,-94.670
213.824,-103.937
213.834,-101.421
213.844,-101.444
213.854,-102.449
213.864,-103.460
213.874,-95.200
213.883,-102.549
213.893,-101.291
213.903,-100.300
213.913,-105.567
213.923,-103.832
213.933,-103.100
213.943,-101.098
213.953,-102.638
213.962,-101.892
213.972,-101.783
213.982,-100.003
213.992,-93.200
214.002,-103.186
214.012,-102.509
214.022,-104.543
214.032,-100.822
214.042,-101.165
214.051,-103.105
214.061,-101.188
214.071,-101.625
214.081,-100.228
214.091,-100.158
214.101,-103.997
214.111,-101.925
214.121,-104.925
214.130,-103.193
214.140,-102.622
214.150,-100.520
214.160,-102.087
214.170,-103.697
214.180,-101.464
214.190,-101.053
214.200,-102.591
214.209,-104.104
214.219,-103.224
214.229,-104.488
214.239,-101.517
214.249,-102.575
214.259,-103.651
214.269,-101.666
214.279,-101.593
214.289,-99.528
214.298,-100.702
214.308,-101.759
214.318,-103.394
214.328,-98.750
214.338,-102.667
214.348,-100.440
214.358,-105.896
214.368,-104.198
214.377,-104.532
214.387,-101.019
214.397,-99.038
214.407,-101.075
214.417,-102.232
214.427,-104.953
214.437,-101.608
214.447,-98.812
214.457,-102.339
214.466,-104.205
214.476,-102.898
214.486,-103.740
214.496,-102.333
214.506,-104.468
214.516,-101.579
214.526,-99.213
214.536,-102.038
214.545,-102.741
214.555,-97.282
214.565,-100.181
214.575,-99.200
214.585,-103.001
214.595,-102.190
214.605,-103.321
214.615,-102.586
214.625,-103.269
214.634,-102.547
214.644,-101.652
214.654,-102.286
214.664,-101.532
214.674,-103.225
214.684,-102.771
214.694,-104.663
214.704,-101.003
214.713,-103.164
214.723,-102.118
214.733,-103.807
214.743,-97.118
214.753,-102.622
214.763,-102.578
214.773,-101.959
214.783,-102.698
214.792,-102.369
214.802,-93.655
214.812,-99.077
214.822,-105.784
214.832,-100.521
214.842,-100.789
214.852,-101.727
214.862,-100.842
214.872,-102.336
214.881,-104.141
214.891,-103.000
214.901,-101.299
214.911,-102.177
214.921,-102.748
214.931,-102.436
214.941,-100.675
214.951,-101.646
214.960,-102.760
214.970,-99.959
214.980,-102.385
214.990,-104.054
215.000,-103.392
215.010,-103.657
215.020,-104.827
215.030,-104.095
215.040,-102.713
215.049,-105.426
215.059,-104.826
215.069,-98.940
215.079,-99.787
215.089,-99.393
215.099,-100.234
215.109,-98.913
215.119,-100.629
215.128,-98.467
215.138,-99.079
215.148,-99.834
215.158,-100.060
215.168,-99.291
215.178,-100.100
215.188,-101.578
215.198,-104.690
215.208,-102.529
215.217,-100.100
215.227,-103.775
215.237,-102.734
215.247,-100.037
215.257,-103.351
215.267,-98.552
215.277,-103.561
215.287,-102.432
215.296,-102.788
215.306,-101.410
215.316,-102.731
215.326,-101.948
215.336,-103.948
215.346,-102.008
215.356,-102.545
215.366,-101.041
215.375,-103.173
215.385,-102.251
215.395,-103.651
215.405,-102.322
215.415,-104.385
215.425,-103.570
215.435,-103.590
215.445,-104.426
215.455,-99.558
215.455,-99.928
215.464,-102.989
215.474,-102.712
215.484,-104.193
215.494,-102.038
215.504,-100.901
215.514,-103.024
215.524,-100.968
215.534,-103.695
215.543,-102.354
215.553,-103.391
215.563,-100.687
215.573,-102.992
215.583,-102.750
215.593,-102.559
215.603,-99.864
215.613,-98.964
215.623,-98.605
215.632,-98.219
215.642,-102.508
215.652,-101.225
215.662,-102.037
215.672,-102.434
215.682,-101.618
215.692,-101.209
215.702,-100.338
215.711,-103.165
215.721,-102.214
215.731,-100.625
215.741,-101.567
215.751,-101.333
215.761,-102.725
215.771,-101.226
215.781,-104.675
215.791,-102.751
215.800,-100.138
215.810,-102.055
215.820,-104.874
215.830,-101.194
215.840,-105.036
215.850,-98.694
215.860,-101.572
215.870,-102.717
215.879,-100.945
215.889,-102.055
215.899,-99.899
215.909,-98.233
215.919,-103.604
215.929,-100.304
215.939,-102.264
215.949,-101.788
215.958,-100.297
215.968,-103.826
215.978,-101.824
215.988,-101.474
215.998,-100.931
216.008,-96.783
216.018,-103.174
216.028,-100.921
216.038,-99.519
216.047,-101.018
216.057,-102.293
216.067,-102.612
216.077,-103.610
216.087,-104.224
216.097,-102.310
216.107,-102.099
216.117,-104.771
216.126,-101.503
216.136,-104.376
216.146,-101.042
216.156,-102.574
216.166,-103.507
216.176,-100.001
216.186,-101.373
216.196,-101.496
216.206,-102.736
216.215,-103.863
216.225,-100.977
216.235,-100.183
216.245,-102.457
216.255,-101.946
216.265,-100.912
216.275,-102.681
216.285,-104.478
216.294,-103.083
216.304,-102.762
216.314,-102.418
216.324,-104.070
216.334,-101.863
216.344,-102.222
216.354,-100.667
216.364,-102.817
216.374,-99.959
216.383,-102.858
216.393,-100.962
216.403,-103.634
216.413,-100.106
216.423,-102.830
216.433,-103.931
216.443,-102.674
216.453,-102.637
216.462,-103.863
216.472,-96.782
216.482,-103.963
216.492,-102.377
216.502,-100.089
216.512,-104.178
216.522,-102.201
216.532,-102.438
216.542,-102.166
216.551,-103.339
216.561,-102.959
216.571,-102.922
216.581,-101.724
216.591,-102.519
216.601,-102.718
216.611,-102.786
216.621,-102.613
216.630,-102.429
216.640,-103.731
216.650,-104.179
216.660,-104.597
216.670,-101.274
216.680,-103.699
216.690,-102.593
216.700,-102.004
216.709,-99.094
216.719,-102.199
216.729,-103.816
216.739,-104.207
216.749,-105.424
216.759,-97.276
216.769,-104.429
216.779,-103.298
216.789,-101.430
216.798,-102.136
216.808,-100.097
216.818,-102.065
216.828,-104.338
216.838,-102.647
216.848,-106.423
216.858,-102.603
216.868,-101.944
216.877,-103.445
216.887,-104.360
216.897,-102.186
216.907,-102.474
216.917,-104.758
216.927,-104.076
216.937,-102.653
216.947,-105.850
216.957,-101.409
216.966,-101.940
216.976,-103.399
216.986,-106.519
216.996,-103.813
217.006,-102.508
217.016,-102.125
217.026,-103.417
217.036,-104.296
217.045,-104.254
217.055,-103.793
217.065,-101.127
217.075,-102.137
217.085,-102.637
217.095,-103.299
217.105,-105.155
217.115,-103.094
217.125,-101.936
217.134,-103.675
217.144,-103.071
217.154,-104.242
217.164,-104.164
217.174,-103.804
217.184,-104.601
217.194,-102.899
217.204,-102.645
217.213,-103.390
217.223,-104.086
217.233,-103.161
217.243,-102.356
217.253,-104.686
217.263,-103.722
217.273,-104.300
217.283,-100.454
217.292,-103.345
217.302,-106.356
217.312,-101.792
217.322,-104.027
217.332,-103.691
217.342,-102.926
217.352,-103.079
217.362,-102.864
217.372,-104.345
217.381,-105.081
217.391,-104.331
217.401,-104.083
217.411,-102.713
217.421,-104.515
217.431,-102.260
217.441,-104.331
217.451,-104.347
217.460,-103.283
217.470,-102.018
217.480,-103.574
217.490,-102.361
217.500,-102.433
217.510,-104.216
217.520,-105.375
217.530,-104.897
217.540,-104.198
217.549,-103.221
217.559,-101.989
217.569,-104.108
217.579,-102.914
217.589,-104.322
217.599,-106.778
217.609,-105.411
217.619,-103.028
217.628,-103.467
217.638,-105.537
217.648,-102.090
217.658,-105.507
217.668,-104.980
217.678,-104.279
217.688,-100.763
217.698,-105.189
217.708,-105.264
217.717,-105.162
217.727,-103.785
217.737,-106.667
217.747,-103.719
217.757,-104.558
217.767,-104.023
217.777,-102.900
217.787,-103.837
217.796,-103.939
217.806,-103.931
217.816,-103.694
217.826,-104.341
217.836,-105.445
217.846,-104.846
217.856,-104.381
217.866,-104.278
217.875,-103.974
217.885,-105.321
217.895,-103.409
217.905,-101.875
217.915,-103.058
217.925,-101.889
217.935,-104.893
217.945,-106.766
217.955,-105.522
217.964,-102.569
217.974,-96.810
217.984,-104.809
217.994,-103.121
218.004,-106.240
218.014,-102.750
218.024,-105.678
218.034,-102.162
218.043,-103.473
218.053,-101.660
218.063,-103.090
218.073,-104.812
218.083,-103.637
218.093,-104.887
218.103,-102.798
218.113,-103.114
218.123,-104.932
218.132,-104.815
218.142,-105.342
218.152,-104.301
218.162,-105.234
218.172,-103.190
218.182,-105.280
218.192,-100.990
218.202,-105.164
218.211,-104.102
218.221,-101.944
218.231,-103.787
218.241,-104.624
218.251,-97.442
218.261,-102.416
218.271,-102.543
218.281,-102.643
218.291,-104.660
218.300,-101.877
218.310,-103.233
218.320,-102.772
218.330,-103.944
218.340,-102.886
218.350,-103.816
218.360,-103.911
218.370,-103.651
218.379,-103.500
218.389,-103.568
218.399,-102.943
218.409,-104.039
218.419,-104.116
218.429,-102.523
218.439,-103.043
218.449,-103.208
218.458,-103.578
218.468,-102.884
218.478,-104.203
218.488,-104.084
218.498,-102.949
218.508,-99.636
218.518,-102.933
218.528,-99.592
218.538,-100.521
218.547,-102.780
218.557,-103.870
218.567,-101.272
218.577,-103.621
218.587,-103.571
218.597,-103.787
218.607,-102.787
218.617,-104.980
218.626,-103.988
218.636,-104.997
218.646,-105.221
218.656,-102.234
218.666,-102.633
218.676,-106.493
218.686,-102.185
218.696,-105.267
218.706,-102.523
218.715,-104.426
218.725,-101.656
218.735,-103.611
218.745,-104.777
218.755,-101.703
218.765,-104.924
218.775,-104.352
218.785,-102.086
218.794,-104.460
218.804,-102.159
218.814,-103.932
218.824,-104.276
218.834,-101.770
218.844,-101.968
218.854,-101.062
218.864,-104.014
218.874,-105.321
218.883,-103.576
218.893,-103.001
218.903,-103.106
218.913,-102.975
218.923,-102.137
218.933,-102.457
218.943,-103.252
218.953,-102.091
218.962,-104.473
218.972,-101.889
218.982,-104.375
218.992,-103.715
219.002,-103.734
219.012,-104.801
219.022,-104.885
219.032,-102.296
219.042,-101.647
219.051,-101.940
219.061,-101.029
219.071,-104.369
219.081,-103.000
219.091,-105.535
219.101,-103.541
219.111,-103.488
219.121,-101.721
219.130,-104.287
219.140,-102.523
219.150,-101.825
219.160,-103.889
219.170,-102.679
219.180,-103.879
219.190,-104.835
219.200,-102.399
219.209,-104.013
219.219,-103.394
219.229,-101.497
219.239,-102.740
219.249,-103.438
219.259,-103.533
219.269,-102.881
219.279,-101.974
219.289,-100.785
219.298,-103.424
219.308,-99.769
219.318,-101.127
219.328,-96.947
219.338,-104.178
219.348,-101.096
219.358,-103.742
219.368,-102.802
219.377,-101.482
219.387,-100.839
219.397,-101.526
219.407,-102.160
219.417,-100.210
219.427,-101.998
219.437,-101.937
219.447,-103.527
219.457,-101.086
219.466,-100.793
219.476,-99.836
219.486,-100.914
219.496,-100.148
219.506,-101.984
219.516,-103.853
219.526,-103.868
219.536,-103.084
219.545,-101.513
219.555,-102.676
219.565,-102.764
219.575,-101.161
219.585,-103.409
219.595,-103.142
219.605,-102.306
219.615,-104.022
219.625,-104.004
219.634,-102.407
219.644,-102.805
219.654,-100.594
219.664,-104.332
219.674,-101.635
219.684,-103.616
219.694,-99.716
219.704,-100.120
219.713,-98.227
219.723,-101.137
219.733,-100.912
219.743,-101.345
219.753,-98.796
219.763,-100.009
219.773,-101.591
219.783,-103.337
219.792,-103.335
219.802,-100.920
219.812,-99.342
219.822,-104.311
219.832,-104.586
219.842,-101.551
219.852,-102.297
219.862,-105.051
219.872,-99.841
219.881,-100.742
219.891,-102.244
219.901,-103.248
219.911,-100.280
219.921,-105.296
219.931,-101.542
219.941,-103.230
219.951,-104.253
219.960,-104.209
219.970,-103.776
219.980,-104.184
219.990,-103.531
220.000,-103.283
220.000,-102.300
400.000,-99.805
400.010,-100.332
400.020,-101.405
400.030,-102.277
400.040,-99.014
400.049,-94.150
400.059,-90.805
400.069,-89.890
400.079,-90.604
400.089,-96.443
400.099,-97.912
400.109,-101.789
400.119,-101.518
400.128,-101.107
400.138,-99.387
400.148,-100.124
400.158,-101.554
400.168,-100.277
400.178,-101.217
400.188,-100.576
400.198,-100.792
400.208,-102.184
400.217,-99.953
400.227,-101.891
400.237,-101.146
400.247,-100.859
400.257,-98.525
400.267,-97.884
400.277,-100.451
400.287,-97.433
400.296,-100.245
400.306,-101.196
400.316,-100.181
400.326,-100.693
400.336,-101.904
400.346,-99.632
400.356,-101.047
400.366,-100.415
400.375,-101.618
400.385,-100.817
400.395,-101.646
400.405,-103.043
400.415,-101.370
400.425,-101.627
400.435,-103.412
400.445,-102.847
400.455,-99.163
400.464,-98.503
400.474,-101.014
400.484,-101.535
400.494,-101.972
400.504,-100.173
400.514,-98.467
400.524,-102.886
400.534,-100.372
400.543,-102.182
400.553,-101.823
400.563,-102.377
400.573,-93.523
400.583,-101.425
400.593,-100.552
400.603,-101.646
400.613,-101.482
400.623,-97.250
400.632,-102.424
400.642,-97.709
400.652,-100.313
400.662,-100.054
400.672,-100.475
400.682,-95.424
400.692,-101.865
400.702,-102.886
400.711,-100.319
400.721,-100.938
400.731,-101.365
400.741,-97.392
400.751,-102.302
400.761,-99.296
400.771,-102.764
400.781,-102.512
400.791,-100.007
400.800,-99.549
400.810,-98.650
400.820,-98.162
400.830,-99.466
400.840,-100.307
400.850,-100.090
400.860,-98.760
400.870,-98.950
400.879,-98.106
400.889,-98.183
400.899,-101.152
400.909,-101.098
400.919,-101.265
400.929,-100.668
400.939,-100.384
400.949,-98.927
400.958,-97.798
400.968,-97.852
400.978,-100.590
400.988,-99.691
400.998,-100.383
401.008,-99.776
401.018,-102.021
401.028,-100.866
401.038,-102.239
401.047,-102.079
401.057,-97.498
401.067,-99.620
401.077,-99.999
401.087,-96.741
401.097,-96.998
401.107,-95.765
401.117,-93.375
401.126,-91.942
401.136,-93.545
401.146,-95.804
401.156,-94.493
401.166,-95.762
401.176,-97.319
401.186,-96.927
401.196,-94.627
401.206,-96.905
401.215,-94.701
401.225,-95.802
401.235,-95.190
401.245,-95.284
401.255,-92.847
401.265,-96.398
401.275,-95.135
401.285,-96.950
401.294,-94.615
401.304,-95.732
401.314,-96.090
401.324,-97.675
401.334,-94.989
401.344,-95.063
401.354,-98.568
401.364,-97.693
401.374,-95.790
401.383,-97.626
401.393,-94.585
401.403,-95.114
401.413,-95.296
401.423,-96.704
401.433,-96.907
401.443,-97.140
401.453,-100.072
401.462,-97.917
401.472,-94.792
401.482,-94.943
401.492,-99.584
401.502,-99.401
401.512,-98.501
401.522,-98.521
401.532,-97.265
401.542,-96.901
401.551,-99.412
401.561,-98.546
401.571,-98.069
401.581,-98.446
401.591,-100.230
401.601,-100.722
401.611,-96.709
401.621,-97.381
401.630,-99.853
401.640,-101.033
401.650,-101.848
401.660,-99.085
401.670,-99.909
401.680,-100.821
401.690,-99.452
401.700,-102.870
401.709,-101.954
401.719,-100.793
401.729,-100.190
401.739,-102.810
401.749,-98.293
401.759,-98.663
401.769,-97.947
401.779,-98.483
401.789,-96.876
401.798,-96.471
401.808,-101.177
401.818,-98.645
401.828,-100.076
401.838,-99.116
401.848,-100.420
401.858,-99.580
401.868,-97.366
401.877,-89.354
401.887,-87.865
401.897,-86.029
401.907,-88.599
401.917,-92.962
401.927,-99.923
401.937,-93.985
401.947,-100.285
401.957,-99.463
401.966,-97.536
401.976,-98.287
401.986,-98.986
401.996,-98.482
402.006,-99.469
402.016,-97.241
402.026,-97.205
402.036,-100.091
402.045,-96.350
402.055,-100.121
402.065,-99.564
402.075,-99.141
402.085,-99.464
402.095,-98.117
402.105,-99.393
402.115,-99.487
402.125,-100.247
402.134,-98.344
402.144,-98.669
402.154,-97.114
402.164,-96.014
402.174,-95.385
402.184,-99.324
402.194,-101.897
402.204,-102.547
402.213,-102.162
402.223,-103.478
402.233,-101.749
402.243,-103.536
402.253,-102.427
402.263,-104.011
402.273,-103.514
402.283,-101.691
402.292,-101.738
402.302,-102.717
402.312,-99.339
402.322,-102.185
402.332,-100.435
402.342,-102.969
402.352,-102.326
402.362,-102.424
402.372,-102.344
402.381,-101.802
402.391,-101.736
402.401,-100.893
402.411,-102.348
402.421,-99.743
402.431,-104.226
402.441,-101.600
402.451,-102.022
402.460,-101.053
402.470,-100.288
402.480,-101.114
402.490,-101.961
402.500,-100.702
402.510,-102.596
402.520,-100.725
402.530,-103.019
402.540,-103.548
402.549,-103.385
402.559,-103.322
402.569,-102.636
402.579,-102.650
402.589,-102.378
402.599,-103.036
402.609,-100.495
402.619,-97.230
402.628,-103.820
402.638,-101.017
402.648,-103.114
402.658,-102.039
402.668,-102.118
402.678,-100.360
402.688,-103.402
402.698,-100.087
402.708,-100.260
402.717,-104.020
402.727,-102.182
402.737,-103.144
402.747,-102.610
402.757,-103.633
402.767,-101.774
402.777,-100.691
402.787,-101.596
402.796,-101.943
402.806,-101.755
402.816,-99.858
402.826,-102.047
402.836,-101.407
402.846,-102.068
402.856,-101.153
402.866,-103.261
402.875,-101.827
402.885,-100.252
402.895,-100.952
402.905,-101.153
402.915,-101.510
402.925,-100.485
402.935,-100.910
402.945,-100.894
402.955,-101.706
402.964,-102.243
402.974,-102.292
402.984,-100.864
402.994,-101.934
403.004,-102.393
403.014,-100.118
403.024,-98.902
403.034,-102.585
403.043,-102.378
403.053,-104.876
403.063,-102.880
403.073,-103.910
403.083,-101.875
403.093,-102.952
403.103,-100.549
403.113,-104.306
403.123,-103.113
403.132,-103.932
403.142,-102.699
403.152,-103.620
403.162,-100.707
403.172,-102.023
403.182,-102.103
403.192,-101.769
403.202,-104.683
403.211,-104.322
403.221,-102.791
403.231,-100.958
403.241,-102.003
403.251,-101.790
403.261,-102.869
403.271,-102.901
403.281,-102.778
403.291,-102.749
403.300,-102.169
403.310,-97.978
403.320,-100.176
403.330,-103.619
403.340,-103.463
403.350,-103.717
403.360,-99.256
403.370,-98.114
403.379,-103.581
403.389,-100.753
403.399,-101.110
403.409,-102.981
403.419,-99.018
403.429,-100.419
403.439,-98.613
403.449,-100.139
403.458,-99.635
403.468,-102.388
403.478,-103.090
403.488,-101.906
403.498,-99.824
403.508,-102.621
403.518,-97.909
403.528,-101.379
403.538,-102.834
403.547,-102.354
403.557,-103.870
403.567,-101.813
403.577,-99.632
403.587,-98.324
403.597,-99.291
403.607,-101.205
403.617,-102.139
403.626,-101.306
403.636,-101.707
403.646,-99.133
403.656,-104.132
403.666,-102.960
403.676,-96.312
403.686,-100.696
403.696,-95.540
403.706,-94.367
403.715,-90.371
403.725,-90.260
403.735,-92.036
403.745,-96.098
403.755,-101.496
403.765,-101.054
403.775,-101.314
403.785,-101.675
403.794,-99.760
403.804,-100.691
403.814,-101.801
403.824,-101.896
403.834,-101.264
403.844,-100.949
403.854,-101.341
403.864,-100.360
403.874,-98.230
403.883,-99.241
403.893,-99.566
403.903,-101.020
403.913,-100.855
403.923,-100.758
403.933,-99.556
403.943,-100.050
403.953,-100.743
403.962,-102.806
403.972,-101.418
403.982,-102.528
403.992,-100.878
404.002,-100.825
404.012,-99.455
404.022,-99.798
404.032,-99.434
404.042,-102.199
404.051,-102.534
404.061,-101.227
404.071,-99.662
404.081,-101.800
404.091,-101.713
404.101,-101.176
404.111,-101.183
404.121,-101.316
404.130,-102.000
404.140,-102.665
404.150,-98.689
404.160,-100.774
404.170,-100.970
404.180,-100.025
404.190,-104.559
404.200,-102.037
404.209,-103.610
404.219,-104.415
404.229,-101.354
404.239,-103.131
404.249,-103.781
404.259,-103.126
404.269,-102.637
404.279,-102.345
404.289,-100.859
404.298,-104.123
404.308,-102.558
404.318,-102.994
404.328,-99.963
404.338,-102.903
404.348,-101.778
404.358,-103.125
404.368,-102.426
404.377,-101.749
404.387,-100.738
404.397,-101.664
404.407,-101.728
404.417,-104.923
404.427,-102.485
404.437,-100.014
404.447,-100.607
404.457,-98.018
404.466,-90.660
404.476,-94.415
404.486,-100.729
404.496,-102.436
404.506,-101.761
404.516,-102.890
404.526,-102.932
404.536,-103.620
404.545,-99.821
404.545,-99.805
404.555,-100.332
404.565,-101.405
404.575,-102.277
404.585,-99.014
404.595,-94.150
404.605,-90.805
404.615,-89.890
404.625,-90.604
404.634,-96.443
404.644,-97.912
404.654,-101.789
404.664,-101.518
404.674,-101.107
404.684,-99.387
404.694,-100.124
404.704,-101.554
404.713,-100.277
404.723,-101.217
404.733,-100.576
404.743,-100.792
404.753,-102.184
404.763,-99.953
404.773,-101.891
404.783,-101.146
404.792,-100.859
404.802,-98.525
404.812,-97.884
404.822,-100.451
404.832,-97.433
404.842,-100.245
404.852,-101.196
404.862,-100.181
404.872,-100.693
404.881,-101.904
404.891,-99.632
404.901,-101.047
404.911,-100.415
404.921,-101.618
404.931,-100.817
404.941,-101.646
404.951,-103.043
404.960,-101.370
404.970,-101.627
404.980,-103.412
404.990,-102.847
405.000,-99.163
405.010,-98.503
405.020,-101.014
405.030,-101.535
405.040,-101.972
405.049,-100.173
405.059,-98.467
405.069,-102.886
405.079,-100.372
405.089,-102.182
405.099,-101.823
405.109,-102.377
405.119,-93.523
405.128,-101.425
405.138,-100.552
405.148,-101.646
405.158,-101.482
405.168,-97.250
405.178,-102.424
405.188,-97.709
405.198,-100.313
405.208,-100.054
405.217,-100.475
405.227,-95.424
405.237,-101.865
405.247,-102.886
405.257,-100.319
405.267,-100.938
405.277,-101.365
405.287,-97.392
405.296,-102.302
405.306,-99.296
405.316,-102.764
405.326,-102.512
405.336,-100.007
405.346,-99.549
405.356,-98.650
405.366,-98.162
405.375,-99.466
405.385,-100.307
405.395,-100.090
405.405,-98.760
405.415,-98.950
405.425,-98.106
405.435,-98.183
405.445,-101.152
405.455,-101.098
405.464,-101.265
405.474,-100.668
405.484,-100.384
405.494,-98.927
405.504,-97.798
405.514,-97.852
405.524,-100.590
405.534,-99.691
405.543,-100.383
405.553,-99.776
405.563,-102.021
405.573,-100.866
405.583,-102.239
405.593,-102.079
405.603,-97.498
405.613,-99.620
405.623,-99.999
405.632,-96.741
405.642,-96.998
405.652,-95.765
405.662,-93.375
405.672,-91.942
405.682,-93.545
405.692,-95.804
405.702,-94.493
405.711,-95.762
405.721,-97.319
405.731,-96.927
405.741,-94.627
405.751,-96.905
405.761,-94.701
405.771,-95.802
405.781,-95.190
405.791,-95.284
405.800,-92.847
405.810,-96.398
405.820,-95.135
405.830,-96.950
405.840,-94.615
405.850,-95.732
405.860,-96.090
405.870,-97.675
405.879,-94.989
405.889,-95.063
405.899,-98.568
405.909,-97.693
405.919,-95.790
405.929,-97.626
405.939,-94.585
405.949,-95.114
405.958,-95.296
405.968,-96.704
405.978,-96.907
405.988,-97.140
405.998,-100.072
406.008,-97.917
406.018,-94.792
406.028,-94.943
406.038,-99.584
406.047,-99.401
406.057,-98.501
406.067,-98.521
406.077,-97.265
406.087,-96.901
406.097,-99.412
406.107,-98.546
406.117,-98.069
406.126,-98.446
406.136,-100.230
406.146,-100.722
406.156,-96.709
406.166,-97.381
406.176,-99.853
406.186,-101.033
406.196,-101.848
406.206,-99.085
406.215,-99.909
406.225,-100.821
406.235,-99.452
406.245,-102.870
406.255,-101.954
406.265,-100.793
406.275,-100.190
406.285,-102.810
406.294,-98.293
406.304,-98.663
406.314,-97.947
406.324,-98.483
406.334,-96.876
406.344,-96.471
406.354,-101.177
406.364,-98.645
406.374,-100.076
406.383,-99.116
406.393,-100.420
406.403,-99.580
406.413,-97.366
406.423,-89.354
406.433,-87.865
406.443,-86.029
406.453,-88.599
406.462,-92.962
406.472,-99.923
406.482,-93.985
406.492,-100.285
406.502,-99.463
406.512,-97.536
406.522,-98.287
406.532,-98.986
406.542,-98.482
406.551,-99.469
406.561,-97.241
406.571,-97.205
406.581,-100.091
406.591,-96.350
406.601,-100.121
406.611,-99.564
406.621,-99.141
406.630,-99.464
406.640,-98.117
406.650,-99.393
406.660,-99.487
406.670,-100.247
406.680,-98.344
406.690,-98.669
406.700,-97.114
406.709,-96.014
406.719,-95.385
406.729,-99.324
406.739,-101.897
406.749,-102.547
406.759,-102.162
406.769,-103.478
406.779,-101.749
406.789,-103.536
406.798,-102.427
406.808,-104.011
406.818,-103.514
406.828,-101.691
406.838,-101.738
406.848,-102.717
406.858,-99.339
406.868,-102.185
406.877,-100.435
406.887,-102.969
406.897,-102.326
406.907,-102.424
406.917,-102.344
406.927,-101.802
406.937,-101.736
406.947,-100.893
406.957,-102.348
406.966,-99.743
406.976,-104.226
406.986,-101.600
406.996,-102.022
407.006,-101.053
407.016,-100.288
407.026,-101.114
407.036,-101.961
407.045,-100.702
407.055,-102.596
407.065,-100.725
407.075,-103.019
407.085,-103.548
407.095,-103.385
407.105,-103.322
407.115,-102.636
407.125,-102.650
407.134,-102.378
407.144,-103.036
407.154,-100.495
407.164,-97.230
407.174,-103.820
407.184,-101.017
407.194,-103.114
407.204,-102.039
407.213,-102.118
407.223,-100.360
407.233,-103.402
407.243,-100.087
407.253,-100.260
407.263,-104.020
407.273,-102.182
407.283,-103.144
407.292,-102.610
407.302,-103.633
407.312,-101.774
407.322,-100.691
407.332,-101.596
407.342,-101.943
407.352,-101.755
407.362,-99.858
407.372,-102.047
407.381,-101.407
407.391,-102.068
407.401,-101.153
407.411,-103.261
407.421,-101.827
407.431,-100.252
407.441,-100.952
407.451,-101.153
407.460,-101.510
407.470,-100.485
407.480,-100.910
407.490,-100.894
407.500,-101.706
407.510,-102.243
407.520,-102.292
407.530,-100.864
407.540,-101.934
407.549,-102.393
407.559,-100.118
407.569,-98.902
407.579,-102.585
407.589,-102.378
407.599,-104.876
407.609,-102.880
407.619,-103.910
407.628,-101.875
407.638,-102.952
407.648,-100.549
407.658,-104.306
407.668,-103.113
407.678,-103.932
407.688,-102.699
407.698,-103.620
407.708,-100.707
407.717,-102.023
407.727,-102.103
407.737,-101.769
407.747,-104.683
407.757,-104.322
407.767,-102.791
407.777,-100.958
407.787,-102.003
407.796,-101.790
407.806,-102.869
407.816,-102.901
407.826,-102.778
407.836,-102.749
407.846,-102.169
407.856,-97.978
407.866,-100.176
407.875,-103.619
407.885,-103.463
407.895,-103.717
407.905,-99.256
407.915,-98.114
407.925,-103.581
407.935,-100.753
407.945,-101.110
407.955,-102.981
407.964,-99.018
407.974,-100.419
407.984,-98.613
407.994,-100.139
408.004,-99.635
408.014,-102.388
408.024,-103.090
408.034,-101.906
408.043,-99.824
408.053,-102.621
408.063,-97.909
408.073,-101.379
408.083,-102.834
408.093,-102.354
408.103,-103.870
408.113,-101.813
408.123,-99.632
408.132,-98.324
408.142,-99.291
408.152,-101.205
408.162,-102.139
408.172,-101.306
408.182,-101.707
408.192,-99.133
408.202,-104.132
408.211,-102.960
408.221,-96.312
408.231,-100.696
408.241,-95.540
408.251,-94.367
408.261,-90.371
408.271,-90.260
408.281,-92.036
408.291,-96.098
408.300,-101.496
408.310,-101.054
408.320,-101.314
408.330,-101.675
408.340,-99.760
408.350,-100.691
408.360,-101.801
408.370,-101.896
408.379,-101.264
408.389,-100.949
408.399,-101.341
408.409,-100.360
408.419,-98.230
408.429,-99.241
408.439,-99.566
408.449,-101.020
408.458,-100.855
408.468,-100.758
408.478,-99.556
408.488,-100.050
408.498,-100.743
408.508,-102.806
408.518,-101.418
408.528,-102.528
408.538,-100.878
408.547,-100.825
408.557,-99.455
408.567,-99.798
408.577,-99.434
408.587,-102.199
408.597,-102.534
408.607,-101.227
408.617,-99.662
408.626,-101.800
408.636,-101.713
408.646,-101.176
408.656,-101.183
408.666,-101.316
408.676,-102.000
408.686,-102.665
408.696,-98.689
408.706,-100.774
408.715,-100.970
408.725,-100.025
408.735,-104.559
408.745,-102.037
408.755,-103.610
408.765,-104.415
408.775,-101.354
408.785,-103.131
408.794,-103.781
408.804,-103.126
408.814,-102.637
408.824,-102.345
408.834,-100.859
408.844,-104.123
408.854,-102.558
408.864,-102.994
408.874,-99.963
408.883,-102.903
408.893,-101.778
408.903,-103.125
408.913,-102.426
408.923,-101.749
408.933,-100.738
408.943,-101.664
408.953,-101.728
408.962,-104.923
408.972,-102.485
408.982,-100.014
408.992,-100.607
409.002,-98.018
409.012,-90.660
409.022,-94.415
409.032,-100.729
409.042,-102.436
409.051,-101.761
409.061,-102.890
409.071,-102.932
409.081,-103.620
409.091,-99.821
409.091,-100.232
409.101,-101.038
409.111,-99.887
409.121,-100.440
409.130,-97.195
409.140,-101.028
409.150,-101.667
409.160,-99.393
409.170,-100.584
409.180,-102.887
409.190,-103.557
409.200,-100.925
409.209,-100.458
409.219,-104.208
409.229,-101.353
409.239,-101.751
409.249,-97.289
409.259,-98.231
409.269,-100.600
409.279,-98.342
409.289,-101.730
409.298,-100.719
409.308,-98.319
409.318,-100.876
409.328,-102.325
409.338,-99.410
409.348,-98.946
409.358,-100.394
409.368,-97.529
409.377,-101.705
409.387,-99.447
409.397,-95.943
409.407,-102.127
409.417,-97.799
409.427,-96.774
409.437,-98.671
409.447,-93.820
409.457,-100.402
409.466,-99.964
409.476,-96.615
409.486,-98.022
409.496,-97.236
409.506,-96.017
409.516,-97.236
409.526,-92.584
409.536,-95.563
409.545,-91.039
409.555,-88.552
409.565,-94.763
409.575,-90.612
409.585,-93.175
409.595,-89.957
409.605,-95.526
409.615,-87.854
409.625,-94.476
409.634,-93.229
409.644,-90.702
409.654,-91.149
409.664,-93.767
409.674,-90.688
409.684,-92.812
409.694,-89.794
409.704,-91.960
409.713,-93.440
409.723,-91.155
409.733,-99.055
409.743,-101.964
409.753,-100.631
409.763,-101.161
409.773,-100.484
409.783,-102.279
409.792,-101.048
409.802,-99.652
409.812,-102.143
409.822,-99.167
409.832,-97.890
409.842,-101.774
409.852,-100.935
409.862,-100.513
409.872,-97.366
409.881,-98.486
409.891,-99.737
409.901,-99.303
409.911,-99.313
409.921,-99.330
409.931,-100.195
409.941,-100.177
409.951,-100.233
409.960,-98.632
409.970,-98.426
409.980,-97.851
409.990,-96.498
410.000,-98.102
410.010,-98.779
410.020,-97.505
410.030,-100.321
410.040,-97.593
410.049,-98.806
410.059,-99.160
410.069,-96.639
410.079,-99.965
410.089,-96.721
410.099,-95.592
410.109,-98.701
410.119,-93.219
410.128,-94.570
410.138,-99.794
410.148,-96.468
410.158,-96.836
410.168,-95.872
410.178,-97.913
410.188,-98.364
410.198,-97.809
410.208,-96.812
410.217,-96.543
410.227,-93.922
410.237,-95.989
410.247,-98.209
410.257,-96.291
410.267,-97.154
410.277,-91.850
410.287,-92.924
410.296,-80.153
410.306,-79.905
410.316,-88.492
410.326,-94.271
410.336,-93.299
410.346,-89.183
410.356,-89.854
410.366,-83.912
410.375,-79.259
410.385,-78.868
410.395,-80.689
410.405,-88.716
410.415,-85.674
410.425,-79.143
410.435,-78.629
410.445,-79.337
410.455,-98.656
410.464,-98.168
410.474,-97.783
410.484,-98.061
410.494,-97.645
410.504,-96.748
410.514,-99.877
410.524,-96.583
410.534,-96.791
410.543,-95.646
410.553,-99.082
410.563,-96.479
410.573,-96.427
410.583,-97.483
410.593,-97.043
410.603,-98.840
410.613,-97.929
410.623,-98.239
410.632,-98.570
410.642,-97.675
410.652,-98.968
410.662,-96.002
410.672,-98.656
410.682,-95.769
410.692,-97.461
410.702,-98.036
410.711,-97.589
410.721,-98.196
410.731,-97.590
410.741,-97.191
410.751,-100.540
410.761,-96.429
410.771,-98.837
410.781,-100.346
410.791,-97.464
410.800,-98.818
410.810,-97.088
410.820,-99.488
410.830,-99.259
410.840,-96.397
410.850,-100.448
410.860,-97.142
410.870,-100.773
410.879,-98.129
410.889,-99.384
410.899,-98.364
410.909,-96.900
410.919,-97.542
410.929,-99.745
410.939,-97.258
410.949,-97.513
410.958,-98.855
410.968,-100.122
410.978,-97.414
410.988,-98.386
410.998,-97.954
411.008,-96.953
411.018,-98.361
411.028,-101.929
411.038,-99.677
411.047,-96.164
411.057,-98.616
411.067,-100.292
411.077,-97.900
411.087,-98.445
411.097,-97.447
411.107,-98.376
411.117,-98.139
411.126,-97.090
411.136,-97.220
411.146,-98.163
411.156,-97.805
411.166,-100.838
411.176,-98.454
411.186,-98.434
411.196,-96.891
411.206,-100.664
411.215,-97.042
411.225,-97.798
411.235,-98.466
411.245,-98.905
411.255,-100.164
411.265,-100.894
411.275,-98.524
411.285,-97.576
411.294,-99.681
411.304,-97.509
411.314,-95.861
411.324,-98.705
411.334,-96.275
411.344,-98.562
411.354,-95.914
411.364,-101.338
411.374,-97.222
411.383,-97.056
411.393,-97.522
411.403,-98.808
411.413,-97.949
411.423,-99.804
411.433,-98.602
411.443,-98.557
411.453,-98.138
411.462,-100.481
411.472,-99.731
411.482,-99.000
411.492,-101.109
411.502,-101.236
411.512,-96.367
411.522,-97.778
411.532,-99.099
411.542,-102.411
411.551,-101.037
411.561,-103.347
411.571,-99.151
411.581,-101.004
411.591,-100.209
411.601,-97.013
411.611,-97.164
411.621,-97.892
411.630,-97.901
411.640,-98.660
411.650,-94.567
411.660,-97.833
411.670,-95.638
411.680,-100.719
411.690,-99.236
411.700,-102.200
411.709,-98.567
411.719,-97.500
411.729,-102.741
411.739,-92.171
411.749,-99.519
411.759,-100.384
411.769,-95.383
411.779,-101.046
411.789,-97.114
411.798,-94.265
411.808,-97.760
411.818,-91.552
411.828,-94.898
411.838,-92.465
411.848,-87.867
411.858,-96.182
411.868,-94.060
411.877,-88.314
411.887,-92.131
411.897,-93.301
411.907,-95.395
411.917,-90.139
411.927,-95.147
411.937,-95.247
411.947,-87.599
411.957,-96.225
411.966,-91.227
411.976,-92.661
411.986,-91.738
411.996,-96.451
412.006,-89.414
412.016,-90.368
412.026,-92.503
412.036,-95.471
412.045,-101.978
412.055,-102.462
412.065,-101.519
412.075,-102.888
412.085,-99.281
412.095,-97.863
412.105,-102.667
412.115,-101.886
412.125,-99.819
412.134,-99.180
412.144,-101.614
412.154,-102.379
412.164,-100.593
412.174,-102.614
412.184,-102.033
412.194,-100.989
412.204,-100.878
412.213,-100.974
412.223,-98.760
412.233,-99.341
412.243,-101.018
412.253,-100.586
412.263,-96.768
412.273,-99.140
412.283,-100.880
412.292,-99.158
412.302,-97.779
412.312,-102.337
412.322,-100.216
412.332,-101.273
412.342,-98.866
412.352,-101.500
412.362,-100.406
412.372,-101.523
412.381,-100.554
412.391,-100.274
412.401,-96.630
412.411,-100.871
412.421,-99.761
412.431,-97.590
412.441,-98.599
412.451,-99.058
412.460,-99.082
412.470,-100.047
412.480,-98.595
412.490,-101.566
412.500,-100.665
412.510,-100.517
412.520,-99.594
412.530,-102.580
412.540,-97.675
412.549,-102.641
412.559,-99.106
412.569,-98.318
412.579,-98.157
412.589,-102.437
412.599,-98.678
412.609,-103.836
412.619,-98.617
412.628,-104.548
412.638,-102.817
412.648,-100.757
412.658,-101.124
412.668,-100.953
412.678,-93.353
412.688,-99.024
412.698,-99.482
412.708,-99.263
412.717,-100.537
412.727,-99.726
412.737,-96.644
412.747,-95.752
412.757,-97.276
412.767,-101.476
412.777,-99.796
412.787,-100.065
412.796,-97.512
412.806,-101.352
412.816,-100.511
412.826,-99.766
412.836,-101.729
412.846,-96.993
412.856,-100.771
412.866,-100.954
412.875,-99.872
412.885,-98.480
412.895,-100.276
412.905,-97.979
412.915,-96.433
412.925,-96.342
412.935,-102.095
412.945,-100.502
412.955,-99.845
412.964,-100.094
412.974,-97.433
412.984,-103.346
412.994,-99.624
413.004,-95.347
413.014,-95.239
413.024,-101.909
413.034,-98.226
413.043,-101.084
413.053,-97.247
413.063,-99.079
413.073,-95.197
413.083,-101.079
413.093,-101.639
413.103,-100.189
413.113,-98.446
413.123,-101.434
413.132,-98.738
413.142,-97.941
413.152,-101.329
413.162,-100.893
413.172,-101.431
413.182,-97.121
413.192,-100.335
413.202,-102.674
413.211,-98.102
413.221,-101.604
413.231,-100.578
413.241,-102.507
413.251,-100.891
413.261,-101.733
413.271,-99.558
413.281,-101.786
413.291,-100.417
413.300,-101.131
413.310,-98.585
413.320,-98.898
413.330,-99.982
413.340,-98.632
413.350,-100.429
413.360,-99.923
413.370,-100.778
413.379,-102.748
413.389,-99.860
413.399,-98.726
413.409,-99.522
413.419,-98.577
413.429,-101.138
413.439,-97.382
413.449,-97.876
413.458,-97.995
413.468,-98.643
413.478,-99.731
413.488,-97.561
413.498,-101.149
413.508,-99.983
413.518,-98.570
413.528,-99.977
413.538,-99.811
413.547,-98.847
413.557,-101.300
413.567,-99.330
413.577,-97.205
413.587,-99.037
413.597,-98.586
413.607,-97.735
413.617,-99.474
413.626,-98.769
413.636,-97.221
413.636,-99.855
413.646,-99.147
413.656,-98.676
413.666,-100.036
413.676,-99.523
413.686,-98.820
413.696,-98.764
413.706,-101.418
413.715,-101.752
413.725,-100.311
413.735,-103.130
413.745,-100.394
413.755,-100.203
413.765,-98.500
413.775,-100.771
413.785,-97.067
413.794,-96.589
413.804,-94.324
413.814,-100.574
413.824,-98.700
413.834,-99.129
413.844,-96.085
413.854,-96.416
413.864,-97.634
413.874,-96.997
413.883,-100.326
413.893,-98.627
413.903,-100.305
413.913,-100.966
413.923,-99.841
413.933,-102.560
413.943,-101.349
413.953,-102.386
413.962,-101.841
413.972,-101.053
413.982,-101.604
413.992,-100.934
414.002,-101.621
414.012,-99.974
414.022,-101.710
414.032,-102.467
414.042,-100.074
414.051,-102.045
414.061,-100.344
414.071,-96.342
414.081,-98.935
414.091,-98.675
414.101,-102.094
414.111,-98.348
414.121,-99.229
414.130,-100.864
414.140,-101.274
414.150,-100.749
414.160,-99.210
414.170,-99.834
414.180,-99.943
414.190,-101.044
414.200,-100.480
414.209,-99.330
414.219,-97.684
414.229,-101.908
414.239,-101.680
414.249,-99.716
414.259,-96.529
414.269,-97.359
414.279,-100.259
414.289,-101.081
414.298,-100.847
414.308,-99.838
414.318,-97.583
414.328,-97.501
414.338,-92.868
414.348,-94.480
414.358,-93.397
414.368,-97.249
414.377,-100.386
414.387,-97.278
414.397,-95.000
414.407,-93.567
414.417,-92.435
414.427,-95.176
414.437,-95.823
414.447,-99.800
414.457,-103.332
414.466,-98.657
414.476,-99.340
414.486,-102.857
414.496,-101.854
414.506,-101.294
414.516,-103.343
414.526,-101.808
414.536,-103.714
414.545,-101.190
414.555,-102.886
414.565,-100.392
414.575,-102.315
414.585,-102.483
414.595,-101.523
414.605,-101.813
414.615,-101.210
414.625,-99.756
414.634,-100.599
414.644,-101.308
414.654,-99.189
414.664,-101.405
414.674,-101.564
414.684,-103.268
414.694,-100.527
414.704,-99.032
414.713,-100.846
414.723,-99.021
414.733,-102.873
414.743,-99.054
414.753,-103.590
414.763,-101.678
414.773,-99.671
414.783,-101.910
414.792,-102.187
414.802,-104.246
414.812,-100.864
414.822,-98.978
414.832,-101.944
414.842,-100.076
414.852,-101.562
414.862,-102.210
414.872,-102.449
414.881,-101.705
414.891,-99.575
414.901,-99.557
414.911,-101.110
414.921,-100.422
414.931,-102.968
414.941,-100.614
414.951,-99.601
414.960,-99.276
414.970,-102.780
414.980,-100.512
414.990,-102.339
415.000,-102.541
415.010,-99.957
415.020,-99.488
415.030,-102.467
415.040,-100.747
415.049,-100.225
415.059,-102.866
415.069,-103.051
415.079,-100.093
415.089,-98.329
415.099,-100.914
415.109,-99.626
415.119,-99.479
415.128,-100.389
415.138,-100.202
415.148,-101.513
415.158,-95.145
415.168,-95.075
415.178,-94.060
415.188,-96.514
415.198,-93.926
415.208,-93.856
415.217,-93.956
415.227,-93.262
415.237,-92.748
415.247,-94.002
415.257,-92.494
415.267,-92.356
415.277,-93.786
415.287,-93.460
415.296,-93.086
415.306,-91.876
415.316,-91.473
415.326,-92.738
415.336,-100.267
415.346,-91.955
415.356,-96.677
415.366,-101.231
415.375,-102.733
415.385,-103.270
415.395,-102.302
415.405,-102.424
415.415,-102.088
415.425,-102.248
415.435,-104.294
415.445,-105.062
415.455,-103.219
415.464,-100.747
415.474,-103.497
415.484,-102.060
415.494,-103.254
415.504,-100.109
415.514,-100.520
415.524,-99.620
415.534,-100.177
415.543,-101.500
415.553,-101.325
415.563,-101.812
415.573,-100.725
415.583,-102.271
415.593,-100.799
415.603,-102.392
415.613,-101.461
415.623,-100.526
415.632,-102.528
415.642,-101.675
415.652,-102.558
415.662,-101.623
415.672,-99.922
415.682,-99.365
415.692,-101.634
415.702,-100.979
415.711,-102.003
415.721,-101.064
415.731,-101.519
415.741,-101.108
415.751,-100.048
415.761,-102.362
415.771,-101.540
415.781,-99.142
415.791,-98.596
415.800,-101.256
415.810,-102.164
415.820,-102.304
415.830,-100.708
415.840,-103.759
415.850,-100.556
415.860,-102.188
415.870,-99.739
415.879,-100.618
415.889,-100.676
415.899,-89.771
415.909,-90.772
415.919,-90.257
415.929,-90.313
415.939,-91.752
415.949,-90.594
415.958,-88.919
415.968,-101.877
415.978,-101.472
415.988,-102.578
415.998,-100.879
416.008,-100.363
416.018,-102.891
416.028,-98.668
416.038,-101.748
416.047,-101.350
416.057,-102.681
416.067,-100.122
416.077,-99.156
416.087,-99.207
416.097,-100.622
416.107,-99.045
416.117,-103.086
416.126,-100.461
416.136,-100.732
416.146,-97.514
416.156,-99.333
416.166,-100.976
416.176,-103.523
416.186,-101.969
416.196,-101.182
416.206,-101.343
416.215,-99.905
416.225,-101.666
416.235,-101.500
416.245,-100.928
416.255,-101.473
416.265,-101.186
416.275,-101.928
416.285,-101.341
416.294,-98.930
416.304,-101.097
416.314,-97.793
416.324,-95.596
416.334,-97.903
416.344,-102.420
416.354,-101.597
416.364,-101.418
416.374,-98.320
416.383,-102.365
416.393,-102.811
416.403,-103.881
416.413,-100.285
416.423,-102.559
416.433,-104.349
416.443,-103.623
416.453,-102.630
416.462,-99.559
416.472,-102.551
416.482,-101.404
416.492,-103.006
416.502,-101.649
416.512,-102.511
416.522,-100.270
416.532,-103.032
416.542,-102.273
416.551,-104.074
416.561,-101.291
416.571,-102.121
416.581,-100.886
416.591,-102.463
416.601,-103.124
416.611,-102.132
416.621,-103.028
416.630,-100.747
416.640,-98.955
416.650,-100.016
416.660,-102.059
416.670,-98.950
416.680,-101.034
416.690,-101.715
416.700,-101.691
416.709,-102.908
416.719,-99.627
416.729,-96.938
416.739,-100.682
416.749,-104.052
416.759,-102.202
416.769,-101.409
416.779,-102.341
416.789,-99.551
416.798,-101.653
416.808,-100.808
416.818,-101.195
416.828,-102.875
416.838,-100.455
416.848,-100.705
416.858,-101.928
416.868,-99.150
416.877,-100.668
416.887,-100.063
416.897,-101.885
416.907,-99.964
416.917,-99.729
416.927,-102.639
416.937,-98.596
416.947,-101.504
416.957,-99.361
416.966,-102.979
416.976,-103.242
416.986,-102.309
416.996,-100.285
417.006,-101.922
417.016,-100.815
417.026,-100.197
417.036,-102.326
417.045,-101.464
417.055,-98.712
417.065,-102.011
417.075,-102.184
417.085,-100.700
417.095,-101.324
417.105,-99.711
417.115,-99.889
417.125,-100.785
417.134,-98.318
417.144,-102.741
417.154,-100.199
417.164,-100.521
417.174,-103.934
417.184,-102.680
417.194,-100.256
417.204,-100.732
417.213,-99.012
417.223,-102.459
417.233,-99.031
417.243,-102.471
417.253,-102.313
417.263,-98.360
417.273,-101.985
417.283,-99.711
417.292,-101.132
417.302,-103.638
417.312,-99.719
417.322,-102.143
417.332,-94.007
417.342,-102.084
417.352,-101.346
417.362,-100.289
417.372,-102.980
417.381,-100.962
417.391,-101.347
417.401,-104.845
417.411,-98.996
417.421,-102.334
417.431,-98.965
417.441,-97.954
417.451,-100.238
417.460,-99.675
417.470,-101.631
417.480,-101.445
417.490,-102.246
417.500,-101.281
417.510,-102.628
417.520,-101.944
417.530,-102.211
417.540,-103.123
417.549,-102.818
417.559,-101.241
417.569,-101.195
417.579,-100.260
417.589,-100.721
417.599,-101.130
417.609,-102.743
417.619,-98.163
417.628,-100.310
417.638,-99.548
417.648,-100.250
417.658,-102.686
417.668,-101.144
417.678,-100.160
417.688,-101.226
417.698,-100.582
417.708,-100.357
417.717,-101.600
417.727,-102.731
417.737,-97.877
417.747,-101.329
417.757,-102.176
417.767,-101.506
417.777,-99.699
417.787,-99.218
417.796,-101.950
417.806,-102.894
417.816,-101.787
417.826,-102.581
417.836,-101.806
417.846,-103.257
417.856,-100.917
417.866,-102.525
417.875,-99.856
417.885,-100.690
417.895,-100.626
417.905,-100.663
417.915,-101.197
417.925,-102.119
417.935,-98.780
417.945,-102.194
417.955,-101.713
417.964,-99.749
417.974,-102.412
417.984,-101.581
417.994,-101.066
418.004,-102.014
418.014,-103.535
418.024,-101.393
418.034,-101.407
418.043,-100.637
418.053,-98.609
418.063,-100.301
418.073,-99.492
418.083,-100.572
418.093,-97.097
418.103,-99.559
418.113,-98.344
418.123,-99.541
418.132,-101.239
418.142,-100.150
418.152,-100.010
418.162,-99.931
418.172,-102.349
418.182,-101.641
418.182,-99.466
418.192,-101.786
418.202,-101.412
418.211,-98.537
418.221,-103.584
418.231,-100.980
418.241,-100.930
418.251,-100.347
418.261,-99.216
418.271,-103.638
418.281,-100.927
418.291,-101.938
418.300,-103.110
418.310,-100.945
418.320,-102.037
418.330,-103.548
418.340,-102.026
418.350,-103.560
418.360,-99.517
418.370,-99.192
418.379,-100.733
418.389,-102.584
418.399,-101.700
418.409,-100.364
418.419,-102.070
418.429,-99.890
418.439,-97.722
418.449,-100.883
418.458,-99.287
418.468,-99.419
418.478,-101.035
418.488,-102.563
418.498,-102.526
418.508,-102.349
418.518,-100.714
418.528,-100.967
418.538,-102.581
418.547,-100.119
418.557,-100.514
418.567,-101.530
418.577,-99.920
418.587,-100.087
418.597,-102.573
418.607,-101.096
418.617,-100.908
418.626,-102.814
418.636,-99.344
418.646,-103.438
418.656,-102.785
418.666,-99.868
418.676,-100.236
418.686,-101.069
418.696,-98.518
418.706,-101.600
418.715,-101.776
418.725,-100.694
418.735,-104.010
418.745,-104.262
418.755,-99.383
418.765,-100.015
418.775,-98.289
418.785,-100.928
418.794,-99.937
418.804,-101.804
418.814,-100.440
418.824,-102.097
418.834,-100.674
418.844,-100.866
418.854,-99.146
418.864,-97.119
418.874,-99.119
418.883,-99.883
418.893,-98.086
418.903,-101.078
418.913,-101.233
418.923,-102.463
418.933,-100.168
418.943,-101.971
418.953,-104.090
418.962,-101.003
418.972,-102.531
418.982,-102.057
418.992,-101.970
419.002,-99.693
419.012,-102.239
419.022,-99.461
419.032,-100.380
419.042,-100.564
419.051,-102.764
419.061,-101.815
419.071,-102.075
419.081,-103.442
419.091,-102.198
419.101,-96.172
419.111,-99.995
419.121,-100.352
419.130,-102.009
419.140,-99.803
419.150,-97.005
419.160,-100.019
419.170,-101.512
419.180,-97.855
419.190,-100.369
419.200,-99.140
419.209,-100.284
419.219,-101.640
419.229,-100.230
419.239,-101.279
419.249,-100.641
419.259,-102.975
419.269,-101.536
419.279,-101.104
419.289,-103.336
419.298,-101.970
419.308,-103.727
419.318,-104.873
419.328,-101.960
419.338,-101.535
419.348,-101.091
419.358,-100.756
419.368,-103.564
419.377,-102.249
419.387,-100.200
419.397,-103.939
419.407,-103.355
419.417,-102.011
419.427,-99.283
419.437,-100.680
419.447,-102.238
419.457,-101.723
419.466,-99.970
419.476,-100.617
419.486,-101.159
419.496,-101.359
419.506,-102.306
419.516,-99.480
419.526,-102.302
419.536,-103.055
419.545,-97.849
419.555,-101.743
419.565,-103.002
419.575,-100.822
419.585,-96.874
419.595,-102.050
419.605,-101.155
419.615,-103.110
419.625,-99.306
419.634,-102.674
419.644,-100.121
419.654,-102.225
419.664,-101.656
419.674,-99.539
419.684,-102.486
419.694,-99.816
419.704,-102.567
419.713,-104.059
419.723,-101.630
419.733,-97.633
419.743,-102.830
419.753,-101.061
419.763,-100.990
419.773,-104.474
419.783,-101.203
419.792,-103.007
419.802,-100.681
419.812,-102.872
419.822,-103.329
419.832,-101.431
419.842,-103.716
419.852,-103.756
419.862,-102.943
419.872,-104.070
419.881,-102.726
419.891,-99.760
419.901,-101.930
419.911,-98.993
419.921,-100.607
419.931,-98.715
419.941,-103.296
419.951,-99.192
419.960,-98.997
419.970,-96.560
419.980,-99.063
419.990,-101.858
420.000,-100.812
420.010,-100.982
420.020,-102.497
420.030,-103.224
420.040,-104.605
420.049,-103.882
420.059,-104.048
420.069,-106.518
420.079,-102.711
420.089,-101.706
420.099,-103.506
420.109,-98.361
420.119,-97.215
420.128,-100.148
420.138,-97.468
420.148,-98.761
420.158,-100.936
420.168,-100.831
420.178,-98.998
420.188,-101.865
420.198,-98.404
420.208,-96.724
420.217,-100.277
420.227,-102.274
420.237,-102.919
420.247,-101.364
420.257,-102.580
420.267,-101.737
420.277,-102.058
420.287,-101.865
420.296,-102.224
420.306,-102.099
420.316,-102.184
420.326,-101.780
420.336,-101.346
420.346,-105.425
420.356,-100.015
420.366,-103.523
420.375,-103.827
420.385,-102.539
420.395,-101.882
420.405,-102.738
420.415,-103.603
420.425,-103.630
420.435,-103.913
420.445,-101.574
420.455,-102.440
420.464,-101.890
420.474,-100.449
420.484,-102.387
420.494,-101.400
420.504,-102.656
420.514,-102.703
420.524,-103.532
420.534,-101.319
420.543,-102.283
420.553,-101.756
420.563,-101.098
420.573,-102.373
420.583,-99.529
420.593,-101.809
420.603,-102.070
420.613,-101.936
420.623,-101.792
420.632,-100.793
420.642,-102.287
420.652,-103.432
420.662,-103.402
420.672,-104.048
420.682,-102.896
420.692,-102.673
420.702,-96.316
420.711,-99.377
420.721,-100.304
420.731,-101.478
420.741,-100.809
420.751,-102.753
420.761,-102.589
420.771,-99.306
420.781,-99.410
420.791,-101.640
420.800,-96.728
420.810,-100.176
420.820,-99.635
420.830,-102.053
420.840,-99.996
420.850,-102.221
420.860,-103.293
420.870,-99.663
420.879,-101.700
420.889,-101.320
420.899,-102.709
420.909,-100.234
420.919,-100.977
420.929,-103.348
420.939,-100.854
420.949,-100.903
420.958,-99.688
420.968,-101.706
420.978,-101.668
420.988,-102.187
420.998,-103.535
421.008,-101.893
421.018,-101.892
421.028,-100.082
421.038,-102.839
421.047,-103.689
421.057,-102.726
421.067,-101.686
421.077,-99.600
421.087,-101.367
421.097,-99.793
421.107,-100.767
421.117,-103.789
421.126,-100.853
421.136,-102.578
421.146,-101.687
421.156,-102.195
421.166,-102.405
421.176,-99.295
421.186,-99.499
421.196,-103.092
421.206,-99.116
421.215,-100.055
421.225,-99.402
421.235,-101.237
421.245,-102.755
421.255,-101.250
421.265,-101.629
421.275,-100.569
421.285,-103.037
421.294,-100.103
421.304,-101.087
421.314,-103.759
421.324,-102.926
421.334,-99.902
421.344,-102.155
421.354,-99.818
421.364,-98.901
421.374,-102.823
421.383,-100.450
421.393,-101.957
421.403,-100.184
421.413,-101.901
421.423,-100.605
421.433,-100.658
421.443,-97.378
421.453,-99.663
421.462,-101.920
421.472,-100.952
421.482,-100.252
421.492,-101.657
421.502,-99.648
421.512,-98.150
421.522,-101.934
421.532,-103.424
421.542,-101.129
421.551,-101.836
421.561,-102.235
421.571,-101.643
421.581,-100.258
421.591,-99.668
421.601,-103.079
421.611,-99.347
421.621,-100.581
421.630,-100.243
421.640,-103.034
421.650,-100.176
421.660,-102.634
421.670,-101.874
421.680,-103.086
421.690,-101.583
421.700,-103.212
421.709,-99.272
421.719,-103.097
421.729,-100.426
421.739,-103.142
421.749,-101.769
421.759,-100.256
421.769,-100.678
421.779,-102.659
421.789,-101.168
421.798,-100.818
421.808,-100.123
421.818,-103.009
421.828,-103.938
421.838,-101.799
421.848,-101.237
421.858,-100.706
421.868,-99.678
421.877,-100.672
421.887,-100.144
421.897,-101.780
421.907,-101.448
421.917,-100.080
421.927,-102.072
421.937,-101.842
421.947,-100.251
421.957,-100.206
421.966,-99.519
421.976,-99.368
421.986,-103.182
421.996,-101.880
422.006,-102.205
422.016,-100.550
422.026,-104.118
422.036,-100.862
422.045,-99.905
422.055,-101.823
422.065,-103.499
422.075,-101.074
422.085,-103.055
422.095,-102.097
422.105,-103.492
422.115,-100.976
422.125,-103.516
422.134,-102.641
422.144,-99.657
422.154,-102.059
422.164,-101.672
422.174,-99.125
422.184,-98.193
422.194,-101.802
422.204,-102.563
422.213,-102.135
422.223,-100.198
422.233,-101.687
422.243,-100.405
422.253,-101.488
422.263,-98.999
422.273,-102.002
422.283,-101.761
422.292,-100.457
422.302,-100.766
422.312,-99.570
422.322,-102.190
422.332,-99.399
422.342,-105.792
422.352,-102.853
422.362,-104.039
422.372,-100.920
422.381,-102.693
422.391,-102.289
422.401,-103.771
422.411,-102.102
422.421,-102.901
422.431,-102.769
422.441,-102.324
422.451,-99.444
422.460,-100.010
422.470,-97.716
422.480,-102.216
422.490,-99.216
422.500,-97.439
422.510,-102.290
422.520,-101.541
422.530,-101.766
422.540,-101.002
422.549,-101.206
422.559,-99.792
422.569,-100.493
422.579,-101.073
422.589,-98.631
422.599,-99.566
422.609,-100.907
422.619,-100.228
422.628,-99.504
422.638,-102.344
422.648,-99.556
422.658,-98.262
422.668,-98.896
422.678,-98.543
422.688,-100.111
422.698,-100.163
422.708,-100.497
422.717,-100.440
422.727,-102.273
422.727,-101.007
422.737,-101.656
422.747,-99.615
422.757,-100.431
422.767,-101.982
422.777,-98.686
422.787,-101.541
422.796,-98.643
422.806,-100.383
422.816,-99.486
422.826,-101.582
422.836,-101.364
422.846,-99.147
422.856,-98.601
422.866,-101.631
422.875,-101.346
422.885,-102.159
422.895,-101.554
422.905,-104.310
422.915,-101.574
422.925,-102.962
422.935,-101.423
422.945,-103.847
422.955,-100.055
422.964,-99.395
422.974,-98.122
422.984,-98.185
422.994,-97.733
423.004,-100.219
423.014,-101.771
423.024,-102.181
423.034,-102.710
423.043,-98.097
423.053,-99.271
423.063,-99.695
423.073,-100.086
423.083,-100.646
423.093,-98.082
423.103,-100.959
423.113,-99.766
423.123,-101.116
423.132,-101.445
423.142,-99.306
423.152,-102.834
423.162,-100.519
423.172,-98.723
423.182,-100.225
423.192,-101.793
423.202,-102.554
423.211,-99.545
423.221,-100.150
423.231,-100.887
423.241,-99.830
423.251,-99.338
423.261,-99.263
423.271,-97.601
423.281,-100.167
423.291,-96.821
423.300,-100.528
423.310,-100.824
423.320,-100.499
423.330,-99.769
423.340,-102.258
423.350,-100.981
423.360,-98.607
423.370,-97.439
423.379,-102.526
423.389,-102.166
423.399,-101.490
423.409,-99.723
423.419,-101.543
423.429,-100.204
423.439,-99.950
423.449,-104.083
423.458,-103.395
423.468,-100.858
423.478,-99.735
423.488,-101.170
423.498,-102.338
423.508,-102.755
423.518,-100.204
423.528,-102.870
423.538,-99.946
423.547,-100.639
423.557,-102.801
423.567,-101.312
423.577,-100.988
423.587,-98.805
423.597,-101.738
423.607,-97.247
423.617,-101.766
423.626,-100.968
423.636,-98.645
423.646,-100.391
423.656,-101.461
423.666,-101.101
423.676,-103.047
423.686,-104.592
423.696,-100.095
423.706,-97.387
423.715,-101.978
423.725,-101.992
423.735,-101.567
423.745,-103.391
423.755,-100.509
423.765,-102.246
423.775,-103.139
423.785,-100.336
423.794,-101.345
423.804,-102.215
423.814,-99.639
423.824,-99.271
423.834,-102.481
423.844,-99.944
423.854,-102.414
423.864,-101.326
423.874,-102.385
423.883,-103.567
423.893,-98.490
423.903,-101.086
423.913,-99.103
423.923,-100.821
423.933,-102.458
423.943,-101.822
423.953,-102.415
423.962,-100.490
423.972,-101.268
423.982,-98.961
423.992,-100.981
424.002,-102.824
424.012,-101.794
424.022,-100.353
424.032,-102.397
424.042,-102.551
424.051,-101.891
424.061,-103.789
424.071,-102.124
424.081,-100.235
424.091,-101.484
424.101,-102.239
424.111,-101.129
424.121,-99.560
424.130,-102.923
424.140,-102.737
424.150,-102.692
424.160,-99.963
424.170,-101.037
424.180,-98.307
424.190,-103.071
424.200,-99.949
424.209,-101.502
424.219,-102.010
424.229,-104.085
424.239,-100.476
424.249,-103.189
424.259,-101.877
424.269,-99.790
424.279,-102.329
424.289,-101.941
424.298,-103.295
424.308,-103.244
424.318,-99.337
424.328,-101.297
424.338,-104.412
424.348,-105.304
424.358,-100.867
424.368,-103.170
424.377,-104.902
424.387,-100.330
424.397,-104.879
424.407,-98.596
424.417,-102.921
424.427,-102.820
424.437,-105.055
424.447,-99.082
424.457,-101.758
424.466,-104.365
424.476,-103.055
424.486,-102.080
424.496,-101.349
424.506,-100.779
424.516,-105.093
424.526,-103.387
424.536,-102.683
424.545,-101.257
424.555,-100.848
424.565,-102.154
424.575,-102.435
424.585,-100.397
424.595,-104.283
424.605,-102.760
424.615,-99.034
424.625,-105.453
424.634,-105.541
424.644,-107.121
424.654,-105.290
424.664,-105.011
424.674,-102.977
424.684,-104.910
424.694,-103.746
424.704,-103.504
424.713,-102.574
424.723,-102.500
424.733,-101.352
424.743,-102.629
424.753,-104.219
424.763,-103.861
424.773,-104.756
424.783,-104.254
424.792,-103.201
424.802,-105.498
424.812,-102.462
424.822,-103.218
424.832,-102.513
424.842,-101.143
424.852,-103.579
424.862,-104.151
424.872,-102.179
424.881,-100.682
424.891,-100.576
424.901,-105.742
424.911,-102.915
424.921,-103.803
424.931,-102.291
424.941,-106.971
424.951,-100.893
424.960,-101.852
424.970,-105.782
424.980,-100.969
424.990,-101.320
425.000,-103.239
425.010,-101.552
425.020,-101.973
425.030,-102.119
425.040,-103.626
425.049,-101.648
425.059,-102.369
425.069,-101.863
425.079,-102.691
425.089,-103.175
425.099,-100.700
425.109,-102.186
425.119,-101.145
425.128,-103.862
425.138,-104.096
425.148,-102.113
425.158,-101.377
425.168,-106.542
425.178,-104.069
425.188,-101.749
425.198,-103.864
425.208,-101.933
425.217,-104.354
425.227,-99.296
425.237,-105.801
425.247,-102.515
425.257,-105.422
425.267,-102.549
425.277,-101.719
425.287,-104.213
425.296,-104.322
425.306,-102.317
425.316,-103.022
425.326,-104.637
425.336,-103.720
425.346,-101.327
425.356,-101.579
425.366,-102.094
425.375,-100.989
425.385,-102.434
425.395,-103.769
425.405,-102.745
425.415,-104.212
425.425,-102.968
425.435,-102.241
425.445,-101.485
425.455,-103.511
425.464,-99.276
425.474,-100.582
425.484,-104.019
425.494,-103.638
425.504,-101.727
425.514,-102.477
425.524,-102.077
425.534,-103.806
425.543,-104.808
425.553,-100.521
425.563,-103.851
425.573,-102.557
425.583,-104.716
425.593,-102.020
425.603,-102.194
425.613,-102.210
425.623,-101.476
425.632,-104.545
425.642,-101.096
425.652,-103.297
425.662,-101.313
425.672,-101.077
425.682,-104.353
425.692,-99.171
425.702,-101.880
425.711,-101.448
425.721,-102.136
425.731,-100.935
425.741,-102.025
425.751,-102.427
425.761,-102.784
425.771,-101.978
425.781,-102.439
425.791,-103.491
425.800,-102.665
425.810,-102.058
425.820,-102.747
425.830,-105.983
425.840,-102.747
425.850,-103.913
425.860,-102.559
425.870,-101.411
425.879,-102.314
425.889,-102.411
425.899,-103.050
425.909,-102.297
425.919,-101.966
425.929,-100.382
425.939,-104.353
425.949,-103.163
425.958,-99.967
425.968,-103.549
425.978,-103.523
425.988,-102.218
425.998,-101.386
426.008,-102.964
426.018,-103.610
426.028,-102.050
426.038,-100.794
426.047,-102.045
426.057,-101.724
426.067,-101.882
426.077,-104.927
426.087,-102.252
426.097,-102.496
426.107,-102.302
426.117,-102.728
426.126,-103.443
426.136,-103.867
426.146,-103.198
426.156,-99.930
426.166,-100.692
426.176,-100.390
426.186,-103.305
426.196,-104.067
426.206,-100.222
426.215,-101.918
426.225,-103.361
426.235,-102.330
426.245,-101.473
426.255,-102.856
426.265,-105.392
426.275,-102.605
426.285,-102.807
426.294,-102.384
426.304,-102.100
426.314,-102.975
426.324,-101.321
426.334,-103.804
426.344,-103.326
426.354,-101.833
426.364,-103.998
426.374,-101.735
426.383,-102.160
426.393,-103.889
426.403,-101.702
426.413,-103.683
426.423,-102.764
426.433,-104.667
426.443,-103.710
426.453,-104.075
426.462,-101.054
426.472,-101.921
426.482,-102.070
426.492,-102.194
426.502,-104.663
426.512,-100.577
426.522,-100.151
426.532,-101.427
426.542,-102.414
426.551,-105.519
426.561,-102.519
426.571,-100.630
426.581,-103.629
426.591,-102.847
426.601,-105.265
426.611,-105.088
426.621,-104.425
426.630,-102.424
426.640,-100.262
426.650,-105.338
426.660,-103.875
426.670,-103.968
426.680,-102.305
426.690,-103.147
426.700,-104.285
426.709,-104.116
426.719,-102.722
426.729,-105.045
426.739,-106.844
426.749,-105.723
426.759,-105.229
426.769,-103.543
426.779,-102.649
426.789,-103.093
426.798,-104.473
426.808,-102.480
426.818,-102.404
426.828,-102.535
426.838,-101.418
426.848,-103.358
426.858,-102.005
426.868,-103.401
426.877,-104.730
426.887,-103.141
426.897,-104.035
426.907,-102.079
426.917,-105.508
426.927,-105.227
426.937,-106.034
426.947,-100.160
426.957,-102.378
426.966,-104.820
426.976,-104.239
426.986,-103.453
426.996,-106.741
427.006,-106.491
427.016,-106.060
427.026,-104.074
427.036,-105.070
427.045,-102.145
427.055,-104.312
427.065,-102.815
427.075,-100.778
427.085,-103.262
427.095,-103.060
427.105,-103.180
427.115,-103.186
427.125,-105.337
427.134,-103.304
427.144,-98.929
427.154,-102.507
427.164,-103.173
427.174,-103.979
427.184,-101.410
427.194,-102.845
427.204,-101.292
427.213,-100.959
427.223,-103.609
427.233,-101.410
427.243,-100.982
427.253,-103.176
427.263,-103.032
427.273,-104.063
427.273,-101.368
427.283,-101.418
427.292,-104.613
427.302,-101.952
427.312,-103.896
427.322,-100.945
427.332,-103.728
427.342,-104.028
427.352,-100.038
427.362,-99.433
427.372,-103.401
427.381,-101.291
427.391,-100.913
427.401,-102.021
427.411,-99.884
427.421,-101.043
427.431,-103.490
427.441,-100.882
427.451,-105.038
427.460,-101.666
427.470,-101.315
427.480,-102.223
427.490,-102.168
427.500,-101.467
427.510,-101.403
427.520,-103.881
427.530,-105.855
427.540,-105.712
427.549,-104.431
427.559,-101.323
427.569,-102.867
427.579,-103.107
427.589,-100.002
427.599,-100.259
427.609,-100.734
427.619,-101.615
427.628,-103.577
427.638,-95.138
427.648,-104.490
427.658,-98.834
427.668,-102.269
427.678,-101.793
427.688,-101.370
427.698,-101.562
427.708,-101.449
427.717,-99.890
427.727,-100.320
427.737,-100.600
427.747,-101.778
427.757,-103.528
427.767,-100.187
427.777,-100.802
427.787,-100.554
427.796,-102.710
427.806,-103.532
427.816,-98.573
427.826,-99.996
427.836,-101.184
427.846,-103.900
427.856,-102.368
427.866,-101.160
427.875,-100.479
427.885,-102.805
427.895,-104.014
427.905,-101.403
427.915,-102.257
427.925,-100.636
427.935,-101.930
427.945,-99.327
427.955,-101.775
427.964,-101.175
427.974,-99.516
427.984,-103.342
427.994,-103.102
428.004,-101.122
428.014,-102.818
428.024,-101.833
428.034,-100.939
428.043,-102.243
428.053,-102.309
428.063,-98.254
428.073,-101.906
428.083,-99.057
428.093,-100.256
428.103,-98.963
428.113,-99.682
428.123,-101.347
428.132,-100.261
428.142,-99.748
428.152,-100.168
428.162,-100.318
428.172,-101.483
428.182,-103.665
428.192,-102.448
428.202,-100.968
428.211,-101.568
428.221,-102.001
428.231,-100.757
428.241,-101.000
428.251,-99.164
428.261,-96.543
428.271,-101.534
428.281,-102.536
428.291,-99.583
428.300,-102.075
428.310,-101.819
428.320,-100.909
428.330,-98.612
428.340,-101.387
428.350,-102.370
428.360,-98.939
428.370,-100.257
428.379,-100.042
428.389,-102.768
428.399,-101.227
428.409,-100.598
428.419,-101.028
428.429,-101.566
428.439,-101.448
428.449,-101.635
428.458,-101.102
428.468,-99.235
428.478,-98.931
428.488,-101.331
428.498,-98.879
428.508,-100.235
428.518,-101.611
428.528,-99.435
428.538,-98.323
428.547,-99.674
428.557,-102.336
428.567,-99.086
428.577,-100.040
428.587,-100.721
428.597,-98.657
428.607,-104.334
428.617,-99.364
428.626,-98.065
428.636,-99.458
428.646,-102.059
428.656,-98.815
428.666,-100.122
428.676,-97.197
428.686,-98.179
428.696,-101.107
428.706,-101.191
428.715,-100.011
428.725,-100.906
428.735,-100.521
428.745,-104.089
428.755,-101.838
428.765,-99.408
428.775,-101.361
428.785,-99.558
428.794,-99.065
428.804,-101.598
428.814,-100.375
428.824,-100.562
428.834,-101.015
428.844,-100.398
428.854,-98.423
428.864,-97.311
428.874,-99.968
428.883,-98.963
428.893,-100.181
428.903,-102.539
428.913,-98.807
428.923,-102.016
428.933,-99.064
428.943,-102.489
428.953,-98.464
428.962,-99.540
428.972,-100.326
428.982,-100.011
428.992,-101.312
429.002,-99.738
429.012,-99.827
429.022,-99.567
429.032,-101.164
429.042,-101.793
429.051,-99.732
429.061,-99.590
429.071,-101.072
429.081,-100.317
429.091,-96.458
429.101,-98.643
429.111,-99.828
429.121,-98.211
429.130,-102.033
429.140,-99.797
429.150,-100.292
429.160,-98.450
429.170,-101.182
429.180,-98.672
429.190,-102.921
429.200,-101.499
429.209,-102.210
429.219,-100.034
429.229,-103.718
429.239,-103.220
429.249,-101.708
429.259,-101.588
429.269,-103.010
429.279,-96.554
429.289,-102.038
429.298,-99.609
429.308,-101.108
429.318,-103.332
429.328,-102.164
429.338,-101.412
429.348,-102.469
429.358,-100.687
429.368,-102.969
429.377,-102.158
429.387,-101.458
429.397,-103.610
429.407,-100.746
429.417,-100.840
429.427,-103.448
429.437,-100.214
429.447,-101.652
429.457,-97.819
429.466,-98.676
429.476,-102.907
429.486,-102.588
429.496,-101.499
429.506,-102.722
429.516,-103.381
429.526,-101.489
429.536,-100.824
429.545,-102.234
429.555,-100.180
429.565,-101.925
429.575,-101.669
429.585,-98.360
429.595,-101.710
429.605,-102.858
429.615,-103.032
429.625,-102.672
429.634,-103.826
429.644,-100.313
429.654,-102.895
429.664,-101.394
429.674,-100.218
429.684,-101.911
429.694,-100.766
429.704,-99.215
429.713,-102.854
429.723,-101.091
429.733,-100.429
429.743,-102.007
429.753,-104.150
429.763,-99.912
429.773,-101.836
429.783,-100.540
429.792,-101.082
429.802,-101.996
429.812,-103.490
429.822,-102.296
429.832,-101.407
429.842,-103.451
429.852,-104.314
429.862,-102.767
429.872,-100.646
429.881,-100.832
429.891,-101.509
429.901,-104.557
429.911,-102.048
429.921,-100.405
429.931,-100.608
429.941,-102.785
429.951,-98.501
429.960,-104.575
429.970,-104.711
429.980,-102.260
429.990,-105.040
430.000,-100.453
430.010,-100.804
430.020,-101.468
430.030,-101.197
430.040,-101.649
430.049,-102.238
430.059,-101.649
430.069,-101.333
430.079,-101.114
430.089,-105.329
430.099,-100.417
430.109,-100.878
430.119,-102.378
430.128,-102.398
430.138,-104.969
430.148,-103.085
430.158,-104.448
430.168,-102.859
430.178,-102.374
430.188,-102.828
430.198,-103.023
430.208,-100.970
430.217,-100.461
430.227,-100.986
430.237,-103.078
430.247,-101.774
430.257,-100.326
430.267,-100.015
430.277,-100.751
430.287,-100.529
430.296,-100.457
430.306,-102.675
430.316,-100.609
430.326,-100.802
430.336,-100.662
430.346,-103.669
430.356,-100.735
430.366,-102.873
430.375,-102.161
430.385,-101.091
430.395,-103.221
430.405,-99.581
430.415,-104.743
430.425,-105.173
430.435,-99.136
430.445,-102.455
430.455,-101.411
430.464,-102.989
430.474,-104.579
430.484,-101.031
430.494,-100.488
430.504,-100.266
430.514,-103.857
430.524,-102.529
430.534,-105.130
430.543,-102.998
430.553,-102.562
430.563,-103.583
430.573,-101.597
430.583,-102.630
430.593,-100.722
430.603,-101.922
430.613,-102.748
430.623,-102.492
430.632,-102.309
430.642,-100.625
430.652,-101.941
430.662,-103.512
430.672,-102.534
430.682,-101.548
430.692,-99.714
430.702,-100.764
430.711,-100.449
430.721,-101.124
430.731,-103.179
430.741,-103.251
430.751,-104.044
430.761,-102.966
430.771,-103.770
430.781,-103.226
430.791,-99.531
430.800,-101.905
430.810,-103.061
430.820,-102.983
430.830,-103.449
430.840,-100.261
430.850,-101.091
430.860,-104.492
430.870,-103.647
430.879,-101.707
430.889,-99.529
430.899,-103.493
430.909,-103.198
430.919,-102.781
430.929,-101.578
430.939,-101.525
430.949,-101.214
430.958,-99.477
430.968,-101.476
430.978,-99.104
430.988,-101.145
430.998,-99.287
431.008,-103.755
431.018,-100.567
431.028,-104.371
431.038,-101.023
431.047,-102.835
431.057,-103.710
431.067,-97.942
431.077,-98.626
431.087,-104.627
431.097,-102.570
431.107,-101.071
431.117,-103.363
431.126,-102.367
431.136,-102.774
431.146,-101.096
431.156,-99.834
431.166,-100.905
431.176,-100.384
431.186,-100.895
431.196,-100.256
431.206,-105.188
431.215,-100.113
431.225,-99.190
431.235,-102.991
431.245,-99.617
431.255,-100.405
431.265,-103.291
431.275,-102.536
431.285,-102.525
431.294,-101.497
431.304,-104.998
431.314,-103.670
431.324,-102.967
431.334,-101.399
431.344,-98.936
431.354,-100.389
431.364,-104.674
431.374,-102.277
431.383,-99.072
431.393,-103.565
431.403,-99.387
431.413,-102.127
431.423,-104.841
431.433,-100.638
431.443,-102.871
431.453,-101.212
431.462,-100.397
431.472,-101.845
431.482,-106.397
431.492,-99.888
431.502,-102.252
431.512,-103.112
431.522,-102.275
431.532,-100.995
431.542,-102.474
431.551,-102.419
431.561,-102.239
431.571,-101.321
431.581,-102.839
431.591,-101.847
431.601,-101.072
431.611,-101.489
431.621,-102.767
431.630,-102.735
431.640,-101.639
431.650,-100.789
431.660,-104.092
431.670,-104.585
431.680,-101.734
431.690,-101.683
431.700,-102.813
431.709,-98.966
431.719,-99.137
431.729,-103.059
431.739,-102.593
431.749,-100.151
431.759,-100.371
431.769,-101.797
431.779,-101.950
431.789,-105.001
431.798,-100.525
431.808,-97.667
431.818,-101.660
431.818,-97.548
431.828,-98.465
431.838,-100.276
431.848,-100.082
431.858,-97.878
431.868,-98.620
431.877,-100.700
431.887,-97.853
431.897,-100.171
431.907,-99.035
431.917,-100.164
431.927,-100.832
431.937,-99.331
431.947,-101.305
431.957,-97.344
431.966,-100.695
431.976,-99.503
431.986,-99.910
431.996,-101.214
432.006,-99.326
432.016,-100.255
432.026,-100.675
432.036,-97.434
432.045,-99.725
432.055,-101.918
432.065,-98.657
432.075,-102.497
432.085,-98.898
432.095,-101.261
432.105,-99.684
432.115,-103.085
432.125,-100.171
432.134,-100.651
432.144,-100.646
432.154,-102.088
432.164,-99.177
432.174,-98.439
432.184,-102.127
432.194,-101.433
432.204,-100.430
432.213,-99.195
432.223,-98.670
432.233,-100.262
432.243,-100.181
432.253,-100.684
432.263,-98.486
432.273,-102.717
432.283,-100.963
432.292,-100.477
432.302,-100.342
432.312,-100.074
432.322,-100.890
432.332,-98.553
432.342,-99.151
432.352,-101.018
432.362,-98.807
432.372,-98.914
432.381,-101.267
432.391,-101.651
432.401,-101.944
432.411,-99.502
432.421,-101.969
432.431,-101.794
432.441,-99.685
432.451,-100.226
432.460,-98.493
432.470,-100.410
432.480,-100.979
432.490,-98.432
432.500,-98.633
432.510,-100.452
432.520,-100.168
432.530,-99.623
432.540,-100.890
432.549,-101.239
432.559,-101.581
432.569,-99.812
432.579,-100.250
432.589,-102.716
432.599,-98.605
432.609,-100.833
432.619,-102.514
432.628,-100.369
432.638,-97.314
432.648,-100.170
432.658,-101.739
432.668,-100.544
432.678,-99.278
432.688,-100.618
432.698,-98.276
432.708,-99.298
432.717,-100.416
432.727,-99.600
432.737,-102.592
432.747,-100.121
432.757,-100.223
432.767,-98.845
432.777,-100.427
432.787,-98.619
432.796,-99.355
432.806,-99.884
432.816,-99.712
432.826,-101.829
432.836,-100.226
432.846,-98.889
432.856,-101.142
432.866,-100.383
432.875,-97.301
432.885,-103.165
432.895,-101.674
432.905,-101.750
432.915,-99.305
432.925,-99.622
432.935,-99.301
432.945,-102.245
432.955,-101.801
432.964,-100.788
432.974,-97.308
432.984,-100.569
432.994,-101.541
433.004,-98.431
433.014,-100.438
433.024,-100.465
433.034,-102.443
433.043,-100.772
433.053,-101.381
433.063,-102.258
433.073,-102.153
433.083,-101.365
433.093,-103.130
433.103,-102.686
433.113,-100.474
433.123,-101.178
433.132,-101.400
433.142,-99.480
433.152,-101.993
433.162,-100.468
433.172,-101.137
433.182,-100.902
433.192,-101.138
433.202,-102.431
433.211,-98.646
433.221,-100.978
433.231,-99.179
433.241,-101.163
433.251,-97.718
433.261,-101.823
433.271,-100.933
433.281,-101.841
433.291,-99.110
433.300,-100.141
433.310,-99.439
433.320,-101.421
433.330,-100.831
433.340,-100.802
433.350,-100.004
433.360,-100.579
433.370,-101.643
433.379,-98.637
433.389,-102.544
433.399,-100.152
433.409,-102.744
433.419,-102.346
433.429,-101.595
433.439,-101.346
433.449,-101.007
433.458,-102.797
433.468,-101.434
433.478,-103.269
433.488,-100.968
433.498,-101.527
433.508,-103.101
433.518,-103.150
433.528,-102.335
433.538,-100.874
433.547,-100.254
433.557,-102.557
433.567,-102.629
433.577,-102.030
433.587,-102.772
433.597,-100.098
433.607,-103.513
433.617,-102.225
433.626,-101.183
433.636,-101.926
433.646,-102.604
433.656,-101.926
433.666,-102.265
433.676,-99.750
433.686,-102.599
433.696,-103.029
433.706,-99.850
433.715,-99.247
433.725,-100.148
433.735,-101.657
433.745,-102.791
433.755,-102.409
433.765,-101.476
433.775,-101.150
433.785,-99.747
433.794,-103.185
433.804,-101.790
433.814,-102.732
433.824,-102.396
433.834,-101.889
433.844,-99.429
433.854,-99.390
433.864,-99.369
433.874,-103.154
433.883,-98.614
433.893,-100.312
433.903,-101.472
433.913,-100.243
433.923,-100.410
433.933,-102.634
433.943,-99.116
433.953,-99.472
433.962,-99.572
433.972,-99.191
433.982,-99.289
433.992,-98.846
434.002,-98.339
434.012,-100.413
434.022,-100.602
434.032,-99.581
434.042,-99.539
434.051,-100.790
434.061,-97.523
434.071,-100.578
434.081,-99.481
434.091,-97.918
434.101,-100.640
434.111,-100.887
434.121,-97.837
434.130,-102.105
434.140,-100.672
434.150,-100.456
434.160,-99.409
434.170,-99.799
434.180,-99.449
434.190,-97.963
434.200,-98.152
434.209,-99.151
434.219,-98.300
434.229,-98.280
434.239,-99.191
434.249,-98.580
434.259,-98.875
434.269,-98.085
434.279,-98.623
434.289,-100.295
434.298,-100.215
434.308,-98.957
434.318,-97.777
434.328,-98.047
434.338,-99.688
434.348,-98.296
434.358,-100.253
434.368,-97.687
434.377,-99.671
434.387,-101.133
434.397,-101.315
434.407,-98.973
434.417,-100.590
434.427,-100.840
434.437,-98.815
434.447,-99.919
434.457,-99.400
434.466,-99.809
434.476,-100.816
434.486,-101.712
434.496,-100.376
434.506,-98.183
434.516,-100.071
434.526,-99.931
434.536,-100.244
434.545,-100.389
434.555,-98.707
434.565,-99.124
434.575,-99.595
434.585,-97.725
434.595,-98.053
434.605,-98.704
434.615,-97.674
434.625,-98.722
434.634,-97.719
434.644,-99.522
434.654,-98.196
434.664,-98.569
434.674,-99.790
434.684,-97.784
434.694,-100.659
434.704,-97.178
434.713,-99.756
434.723,-98.364
434.733,-97.384
434.743,-96.101
434.753,-96.491
434.763,-96.882
434.773,-100.021
434.783,-97.418
434.792,-99.940
434.802,-100.201
434.812,-98.822
434.822,-100.942
434.832,-99.661
434.842,-97.104
434.852,-99.171
434.862,-100.368
434.872,-97.509
434.881,-99.903
434.891,-98.745
434.901,-99.062
434.911,-100.779
434.921,-97.591
434.931,-99.258
434.941,-101.053
434.951,-99.628
434.960,-97.777
434.970,-98.705
434.980,-97.538
434.990,-100.625
435.000,-97.339
435.010,-99.663
435.020,-96.220
435.030,-100.011
435.040,-98.312
435.049,-99.869
435.059,-96.457
435.069,-99.979
435.079,-100.285
435.089,-98.218
435.099,-100.845
435.109,-95.680
435.119,-97.535
435.128,-94.827
435.138,-97.816
435.148,-99.014
435.158,-98.078
435.168,-97.292
435.178,-100.365
435.188,-98.016
435.198,-99.628
435.208,-100.052
435.217,-98.894
435.227,-99.378
435.237,-97.711
435.247,-97.445
435.257,-100.651
435.267,-98.486
435.277,-98.511
435.287,-99.568
435.296,-97.544
435.306,-100.040
435.316,-100.375
435.326,-98.503
435.336,-96.964
435.346,-98.859
435.356,-96.871
435.366,-100.077
435.375,-98.570
435.385,-101.279
435.395,-99.345
435.405,-98.407
435.415,-98.371
435.425,-99.306
435.435,-98.236
435.445,-100.543
435.455,-98.251
435.464,-97.455
435.474,-97.937
435.484,-95.861
435.494,-101.703
435.504,-94.851
435.514,-98.721
435.524,-100.050
435.534,-96.659
435.543,-96.563
435.553,-97.780
435.563,-99.279
435.573,-99.743
435.583,-99.782
435.593,-97.817
435.603,-99.567
435.613,-99.329
435.623,-98.641
435.632,-97.701
435.642,-98.598
435.652,-98.757
435.662,-99.798
435.672,-97.925
435.682,-98.245
435.692,-98.608
435.702,-95.020
435.711,-99.820
435.721,-94.993
435.731,-97.400
435.741,-100.571
435.751,-97.342
435.761,-98.628
435.771,-98.393
435.781,-96.185
435.791,-99.910
435.800,-97.395
435.810,-99.489
435.820,-98.427
435.830,-98.698
435.840,-98.973
435.850,-105.851
435.860,-103.878
435.870,-103.542
435.879,-104.039
435.889,-100.747
435.899,-102.974
435.909,-103.887
435.919,-99.714
435.929,-100.620
435.939,-100.650
435.949,-102.440
435.958,-102.801
435.968,-101.271
435.978,-101.214
435.988,-103.204
435.998,-100.599
436.008,-103.992
436.018,-102.907
436.028,-96.791
436.038,-103.133
436.047,-99.035
436.057,-101.439
436.067,-101.231
436.077,-100.809
436.087,-100.942
436.097,-101.761
436.107,-101.304
436.117,-102.328
436.126,-103.926
436.136,-101.292
436.146,-103.026
436.156,-102.030
436.166,-101.295
436.176,-101.739
436.186,-99.187
436.196,-102.388
436.206,-100.814
436.215,-99.915
436.225,-99.605
436.235,-99.174
436.245,-99.792
436.255,-102.766
436.265,-104.488
436.275,-101.264
436.285,-103.014
436.294,-100.188
436.304,-99.079
436.314,-97.589
436.324,-99.201
436.334,-100.681
436.344,-99.019
436.354,-99.833
436.364,-96.988
436.364,-97.643
436.374,-97.588
436.383,-100.071
436.393,-97.743
436.403,-99.366
436.413,-98.337
436.423,-98.583
436.433,-97.679
436.443,-97.108
436.453,-97.504
436.462,-99.491
436.472,-99.094
436.482,-98.080
436.492,-95.991
436.502,-97.059
436.512,-97.405
436.522,-95.748
436.532,-97.574
436.542,-97.260
436.551,-99.566
436.561,-97.258
436.571,-99.002
436.581,-95.200
436.591,-98.849
436.601,-97.824
436.611,-98.810
436.621,-97.283
436.630,-96.778
436.640,-98.852
436.650,-99.016
436.660,-99.892
436.670,-100.771
436.680,-99.787
436.690,-100.045
436.700,-100.888
436.709,-95.894
436.719,-97.737
436.729,-101.216
436.739,-98.759
436.749,-98.814
436.759,-100.314
436.769,-101.599
436.779,-102.078
436.789,-99.380
436.798,-96.975
436.808,-99.755
436.818,-96.350
436.828,-100.530
436.838,-98.184
436.848,-100.059
436.858,-98.507
436.868,-97.058
436.877,-96.307
436.887,-100.122
436.897,-101.614
436.907,-95.401
436.917,-97.667
436.927,-98.647
436.937,-97.654
436.947,-97.718
436.957,-97.488
436.966,-97.128
436.976,-99.985
436.986,-97.973
436.996,-98.607
437.006,-97.540
437.016,-99.226
437.026,-98.791
437.036,-96.720
437.045,-97.338
437.055,-98.471
437.065,-99.392
437.075,-97.794
437.085,-98.434
437.095,-95.236
437.105,-94.675
437.115,-98.829
437.125,-95.750
437.134,-99.990
437.144,-99.432
437.154,-98.311
437.164,-97.270
437.174,-97.713
437.184,-96.154
437.194,-100.036
437.204,-95.773
437.213,-99.678
437.223,-95.308
437.233,-95.317
437.243,-100.383
437.253,-97.540
437.263,-98.220
437.273,-98.398
437.283,-99.265
437.292,-98.798
437.302,-96.455
437.312,-96.268
437.322,-97.032
437.332,-97.049
437.342,-100.130
437.352,-98.585
437.362,-97.053
437.372,-98.836
437.381,-97.318
437.391,-98.099
437.401,-100.016
437.411,-100.005
437.421,-98.924
437.431,-96.674
437.441,-96.519
437.451,-95.527
437.460,-98.856
437.470,-96.653
437.480,-96.050
437.490,-96.952
437.500,-96.725
437.510,-95.950
437.520,-96.811
437.530,-98.622
437.540,-99.332
437.549,-98.769
437.559,-100.737
437.569,-97.778
437.579,-95.938
437.589,-99.049
437.599,-100.614
437.609,-97.762
437.619,-94.680
437.628,-99.575
437.638,-98.986
437.648,-95.401
437.658,-100.007
437.668,-97.691
437.678,-98.928
437.688,-96.749
437.698,-99.025
437.708,-95.657
437.717,-98.049
437.727,-98.174
437.737,-100.394
437.747,-98.887
437.757,-99.153
437.767,-101.058
437.777,-100.857
437.787,-97.338
437.796,-100.105
437.806,-97.976
437.816,-95.452
437.826,-97.309
437.836,-98.246
437.846,-99.923
437.856,-99.384
437.866,-97.910
437.875,-98.195
437.885,-99.209
437.895,-99.864
437.905,-98.046
437.915,-97.053
437.925,-100.119
437.935,-98.625
437.945,-100.386
437.955,-98.526
437.964,-99.978
437.974,-98.014
437.984,-98.733
437.994,-99.779
438.004,-97.364
438.014,-98.017
438.024,-100.520
438.034,-97.602
438.043,-98.982
438.053,-100.885
438.063,-97.774
438.073,-98.461
438.083,-100.638
438.093,-102.298
438.103,-101.964
438.113,-102.300
438.123,-102.938
438.132,-99.457
438.142,-102.302
438.152,-97.156
438.162,-100.416
438.172,-100.688
438.182,-100.793
438.192,-99.311
438.202,-100.572
438.211,-101.810
438.221,-101.834
438.231,-103.084
438.241,-99.909
438.251,-101.261
438.261,-100.740
438.271,-101.438
438.281,-101.483
438.291,-100.090
438.300,-101.384
438.310,-99.666
438.320,-99.331
438.330,-99.527
438.340,-100.809
438.350,-102.219
438.360,-98.883
438.370,-101.950
438.379,-103.414
438.389,-101.410
438.399,-101.795
438.409,-102.320
438.419,-98.962
438.429,-98.533
438.439,-99.611
438.449,-101.298
438.458,-95.056
438.468,-99.724
438.478,-100.074
438.488,-101.507
438.498,-100.516
438.508,-102.624
438.518,-97.522
438.528,-101.776
438.538,-101.027
438.547,-99.154
438.557,-101.288
438.567,-97.560
438.577,-99.600
438.587,-99.384
438.597,-99.662
438.607,-100.015
438.617,-95.970
438.626,-98.441
438.636,-99.756
438.646,-100.669
438.656,-100.936
438.666,-98.358
438.676,-100.627
438.686,-98.930
438.696,-100.076
438.706,-102.714
438.715,-98.464
438.725,-99.876
438.735,-98.180
438.745,-99.910
438.755,-101.721
438.765,-100.119
438.775,-102.435
438.785,-99.353
438.794,-101.354
438.804,-98.891
438.814,-101.801
438.824,-101.900
438.834,-99.598
438.844,-96.746
438.854,-100.209
438.864,-99.523
438.874,-96.934
438.883,-97.156
438.893,-100.342
438.903,-99.597
438.913,-101.775
438.923,-101.389
438.933,-100.046
438.943,-95.586
438.953,-95.001
438.962,-98.742
438.972,-101.233
438.982,-102.169
438.992,-100.602
439.002,-101.301
439.012,-102.795
439.022,-99.505
439.032,-99.771
439.042,-101.733
439.051,-101.878
439.061,-102.901
439.071,-99.943
439.081,-97.260
439.091,-101.604
439.101,-100.811
439.111,-101.945
439.121,-100.131
439.130,-101.534
439.140,-100.071
439.150,-100.785
439.160,-99.559
439.170,-99.357
439.180,-100.648
439.190,-99.433
439.200,-96.028
439.209,-93.743
439.219,-98.089
439.229,-98.980
439.239,-98.239
439.249,-97.487
439.259,-96.130
439.269,-98.964
439.279,-96.523
439.289,-97.394
439.298,-99.682
439.308,-96.739
439.318,-98.798
439.328,-99.767
439.338,-98.824
439.348,-98.169
439.358,-96.899
439.368,-94.826
439.377,-99.157
439.387,-99.993
439.397,-98.470
439.407,-96.803
439.417,-99.101
439.427,-99.293
439.437,-97.036
439.447,-99.060
439.457,-98.559
439.466,-96.376
439.476,-97.668
439.486,-99.111
439.496,-97.092
439.506,-96.283
439.516,-95.848
439.526,-95.638
439.536,-98.020
439.545,-95.281
439.555,-97.593
439.565,-96.796
439.575,-95.193
439.585,-98.966
439.595,-96.711
439.605,-94.256
439.615,-96.056
439.625,-96.416
439.634,-97.966
439.644,-97.336
439.654,-96.989
439.664,-96.310
439.674,-99.074
439.684,-96.413
439.694,-97.827
439.704,-96.834
439.713,-93.080
439.723,-95.204
439.733,-96.670
439.743,-96.931
439.753,-95.478
439.763,-98.480
439.773,-98.276
439.783,-95.714
439.792,-94.693
439.802,-96.715
439.812,-95.917
439.822,-94.490
439.832,-98.280
439.842,-94.112
439.852,-94.604
439.862,-94.475
439.872,-97.024
439.881,-96.030
439.891,-95.835
439.901,-97.036
439.911,-92.993
439.921,-97.051
439.931,-94.426
439.941,-91.495
439.951,-98.156
439.960,-96.249
439.970,-96.431
439.980,-95.393
439.990,-94.466
440.000,-95.616
440.010,-95.897
440.020,-96.944
440.030,-94.159
440.040,-94.398
440.049,-96.039
440.059,-94.529
440.069,-98.359
440.079,-94.393
440.089,-92.865
440.099,-94.044
440.109,-92.133
440.119,-94.733
440.128,-95.243
440.138,-93.254
440.148,-94.619
440.158,-94.818
440.168,-96.827
440.178,-96.714
440.188,-97.649
440.198,-97.422
440.208,-95.285
440.217,-95.983
440.227,-95.634
440.237,-94.940
440.247,-95.225
440.257,-94.561
440.267,-92.695
440.277,-97.729
440.287,-96.441
440.296,-95.336
440.306,-94.799
440.316,-96.130
440.326,-97.423
440.336,-95.097
440.346,-96.648
440.356,-101.221
440.366,-94.909
440.375,-94.509
440.385,-96.043
440.395,-94.184
440.405,-93.016
440.415,-95.907
440.425,-96.393
440.435,-98.996
440.445,-96.554
440.455,-100.877
440.464,-97.277
440.474,-100.204
440.484,-97.036
440.494,-96.706
440.504,-97.007
440.514,-98.942
440.524,-97.575
440.534,-95.835
440.543,-95.270
440.553,-98.721
440.563,-98.260
440.573,-97.282
440.583,-94.166
440.593,-99.789
440.603,-99.185
440.613,-97.480
440.623,-96.960
440.632,-94.814
440.642,-99.072
440.652,-96.417
440.662,-101.691
440.672,-96.739
440.682,-96.905
440.692,-102.808
440.702,-100.881
440.711,-98.802
440.721,-95.515
440.731,-97.696
440.741,-100.379
440.751,-98.402
440.761,-97.097
440.771,-97.583
440.781,-96.902
440.791,-99.724
440.800,-98.232
440.810,-95.270
440.820,-97.335
440.830,-97.926
440.840,-95.648
440.850,-99.391
440.860,-100.402
440.870,-98.507
440.879,-99.492
440.889,-96.865
440.899,-98.341
440.909,-96.309
440.909,-96.741
440.919,-96.614
440.929,-96.495
440.939,-97.774
440.949,-96.344
440.958,-96.670
440.968,-95.407
440.978,-95.508
440.988,-96.766
440.998,-98.281
441.008,-96.867
441.018,-96.747
441.028,-96.645
441.038,-95.972
441.047,-97.112
441.057,-96.943
441.067,-95.245
441.077,-97.996
441.087,-98.040
441.097,-97.807
441.107,-97.348
441.117,-97.318
441.126,-99.568
441.136,-93.588
441.146,-98.876
441.156,-96.681
441.166,-96.278
441.176,-97.952
441.186,-98.085
441.196,-99.745
441.206,-96.886
441.215,-94.984
441.225,-100.747
441.235,-100.303
441.245,-104.294
441.255,-100.167
441.265,-98.432
441.275,-101.358
441.285,-100.362
441.294,-99.248
441.304,-103.094
441.314,-99.791
441.324,-98.276
441.334,-101.560
441.344,-99.356
441.354,-99.361
441.364,-96.900
441.374,-97.044
441.383,-97.886
441.393,-96.144
441.403,-97.866
441.413,-98.629
441.423,-96.668
441.433,-95.991
441.443,-94.949
441.453,-96.121
441.462,-95.425
441.472,-95.636
441.482,-98.361
441.492,-98.623
441.502,-96.265
441.512,-96.560
441.522,-95.988
441.532,-99.050
441.542,-98.557
441.551,-97.541
441.561,-96.555
441.571,-95.014
441.581,-97.349
441.591,-96.890
441.601,-96.599
441.611,-95.481
441.621,-99.984
441.630,-96.811
441.640,-95.094
441.650,-96.599
441.660,-97.867
441.670,-95.988
441.680,-95.319
441.690,-94.680
441.700,-96.819
441.709,-93.144
441.719,-99.117
441.729,-98.841
441.739,-95.914
441.749,-95.451
441.759,-96.296
441.769,-96.342
441.779,-97.026
441.789,-95.615
441.798,-94.997
441.808,-97.855
441.818,-98.077
441.828,-96.140
441.838,-95.278
441.848,-97.012
441.858,-97.381
441.868,-99.520
441.877,-96.012
441.887,-95.245
441.897,-93.987
441.907,-95.807
441.917,-97.731
441.927,-95.139
441.937,-98.546
441.947,-95.105
441.957,-93.811
441.966,-96.468
441.976,-95.539
441.986,-94.293
441.996,-96.971
442.006,-94.514
442.016,-97.236
442.026,-98.285
442.036,-96.151
442.045,-96.196
442.055,-98.304
442.065,-94.513
442.075,-99.294
442.085,-95.936
442.095,-94.106
442.105,-97.667
442.115,-96.673
442.125,-92.527
442.134,-93.403
442.144,-96.175
442.154,-95.338
442.164,-94.816
442.174,-96.036
442.184,-98.132
442.194,-93.891
442.204,-93.898
442.213,-98.341
442.223,-92.284
442.233,-97.146
442.243,-95.148
442.253,-96.968
442.263,-92.142
442.273,-96.102
442.283,-93.150
442.292,-93.025
442.302,-96.407
442.312,-99.588
442.322,-94.702
442.332,-97.592
442.342,-99.069
442.352,-97.194
442.362,-95.684
442.372,-94.657
442.381,-97.884
442.391,-96.243
442.401,-99.335
442.411,-94.481
442.421,-92.762
442.431,-94.857
442.441,-97.620
442.451,-97.380
442.460,-93.269
442.470,-98.495
442.480,-97.704
442.490,-98.651
442.500,-95.959
442.510,-96.807
442.520,-96.963
442.530,-96.931
442.540,-93.572
442.549,-93.641
442.559,-96.990
442.569,-100.320
442.579,-100.586
442.589,-92.469
442.599,-101.157
442.609,-99.138
442.619,-102.052
442.628,-96.946
442.638,-95.899
442.648,-96.298
442.658,-95.253
442.668,-101.213
442.678,-91.613
442.688,-94.402
442.698,-100.877
442.708,-98.787
442.717,-96.363
442.727,-97.388
442.737,-95.879
442.747,-99.838
442.757,-96.259
442.767,-101.477
442.777,-98.294
442.787,-102.863
442.796,-99.989
442.806,-99.171
442.816,-102.598
442.826,-103.029
442.836,-100.766
442.846,-96.826
442.856,-94.811
442.866,-96.994
442.875,-91.031
442.885,-98.711
442.895,-96.611
442.905,-95.306
442.915,-97.839
442.925,-98.533
442.935,-100.891
442.945,-97.473
442.955,-100.603
442.964,-96.182
442.974,-98.476
442.984,-97.948
442.994,-97.561
443.004,-99.553
443.014,-96.419
443.024,-97.415
443.034,-98.624
443.043,-94.817
443.053,-96.309
443.063,-98.866
443.073,-97.587
443.083,-98.092
443.093,-95.946
443.103,-97.000
443.113,-97.782
443.123,-97.590
443.132,-97.799
443.142,-91.109
443.152,-94.866
443.162,-95.784
443.172,-96.237
443.182,-97.035
443.192,-98.269
443.202,-94.209
443.211,-92.254
443.221,-94.653
443.231,-96.641
443.241,-98.955
443.251,-99.143
443.261,-96.257
443.271,-96.600
443.281,-93.625
443.291,-96.685
443.300,-97.116
443.310,-96.317
443.320,-97.411
443.330,-92.553
443.340,-91.461
443.350,-93.819
443.360,-97.017
443.370,-97.093
443.379,-97.216
443.389,-97.026
443.399,-96.338
443.409,-96.703
443.419,-94.824
443.429,-102.019
443.439,-100.012
443.449,-97.600
443.458,-98.701
443.468,-90.228
443.478,-96.928
443.488,-98.370
443.498,-91.578
443.508,-98.929
443.518,-93.048
443.528,-91.357
443.538,-91.951
443.547,-94.368
443.557,-94.716
443.567,-95.287
443.577,-95.771
443.587,-96.229
443.597,-93.075
443.607,-92.567
443.617,-93.309
443.626,-96.335
443.636,-95.429
443.646,-94.414
443.656,-90.771
443.666,-95.418
443.676,-92.599
443.686,-90.660
443.696,-94.845
443.706,-93.758
443.715,-94.634
443.725,-93.292
443.735,-93.081
443.745,-93.549
443.755,-96.694
443.765,-92.469
443.775,-94.992
443.785,-94.914
443.794,-88.265
443.804,-91.922
443.814,-93.026
443.824,-88.966
443.834,-96.960
443.844,-89.583
443.854,-90.212
443.864,-93.739
443.874,-90.351
443.883,-93.289
443.893,-92.008
443.903,-93.436
443.913,-94.207
443.923,-90.859
443.933,-96.068
443.943,-95.427
443.953,-90.373
443.962,-91.102
443.972,-87.595
443.982,-86.991
443.992,-95.821
444.002,-90.939
444.012,-94.689
444.022,-97.724
444.032,-89.619
444.042,-94.475
444.051,-87.536
444.061,-91.540
444.071,-92.710
444.081,-92.568
444.091,-93.136
444.101,-87.540
444.111,-85.463
444.121,-85.932
444.130,-91.618
444.140,-90.635
444.150,-91.052
444.160,-89.960
444.170,-88.041
444.180,-89.091
444.190,-89.791
444.200,-91.505
444.209,-93.659
444.219,-88.461
444.229,-93.797
444.239,-85.439
444.249,-86.776
444.259,-90.641
444.269,-84.786
444.279,-91.970
444.289,-88.386
444.298,-85.736
444.308,-85.700
444.318,-88.111
444.328,-89.991
444.338,-90.594
444.348,-87.499
444.358,-90.019
444.368,-84.895
444.377,-86.743
444.387,-89.983
444.397,-89.118
444.407,-86.220
444.417,-89.833
444.427,-84.934
444.437,-85.697
444.447,-93.574
444.457,-84.504
444.466,-87.259
444.476,-87.884
444.486,-85.232
444.496,-89.955
444.506,-83.309
444.516,-84.717
444.526,-89.916
444.536,-84.348
444.545,-84.822
444.555,-85.646
444.565,-83.550
444.575,-83.368
444.585,-85.713
444.595,-84.678
444.605,-87.880
444.615,-84.709
444.625,-88.230
444.634,-87.064
444.644,-86.124
444.654,-85.603
444.664,-82.412
444.674,-83.204
444.684,-83.729
444.694,-82.261
444.704,-83.044
444.713,-86.735
444.723,-81.467
444.733,-81.333
444.743,-83.767
444.753,-81.603
444.763,-82.921
444.773,-84.544
444.783,-81.716
444.792,-81.776
444.802,-80.174
444.812,-80.245
444.822,-88.467
444.832,-80.650
444.842,-83.404
444.852,-79.603
444.862,-79.068
444.872,-78.393
444.881,-81.619
444.891,-80.160
444.901,-87.725
444.911,-80.170
444.921,-80.587
444.931,-79.587
444.941,-80.535
444.951,-81.344
444.960,-82.825
444.970,-80.485
444.980,-84.324
444.990,-77.012
445.000,-76.604
445.010,-76.475
445.020,-75.839
445.030,-75.702
445.040,-75.467
445.049,-75.115
445.059,-75.309
445.069,-75.115
445.079,-74.915
445.089,-74.735
445.099,-74.557
445.109,-74.752
445.119,-74.457
445.128,-74.580
445.138,-74.339
445.148,-74.525
445.158,-76.588
445.168,-84.701
445.178,-76.437
445.188,-77.486
445.198,-81.925
445.208,-75.977
445.217,-79.441
445.227,-76.718
445.237,-75.374
445.247,-76.259
445.257,-76.023
445.267,-77.312
445.277,-78.570
445.287,-75.971
445.296,-76.445
445.306,-75.155
445.316,-74.520
445.326,-76.818
445.336,-77.063
445.346,-74.147
445.356,-78.916
445.366,-74.096
445.375,-74.160
445.385,-76.581
445.395,-74.825
445.405,-77.105
445.415,-76.542
445.425,-75.038
445.435,-74.947
445.445,-75.445
445.455,-75.825
445.455,-78.934
445.464,-74.037
445.474,-79.254
445.484,-77.403
445.494,-78.625
445.504,-79.185
445.514,-74.768
445.524,-79.067
445.534,-78.790
445.543,-75.138
445.553,-78.978
445.563,-78.825
445.573,-78.418
445.583,-79.613
445.593,-77.052
445.603,-78.839
445.613,-78.861
445.623,-77.882
445.632,-79.478
445.642,-79.533
445.652,-74.981
445.662,-79.170
445.672,-77.878
445.682,-78.753
445.692,-79.447
445.702,-75.400
445.711,-79.843
445.721,-79.913
445.731,-78.599
445.741,-80.342
445.751,-80.009
445.761,-79.951
445.771,-80.817
445.781,-76.016
445.791,-83.899
445.800,-84.092
445.810,-81.184
445.820,-84.298
445.830,-84.647
445.840,-76.757
445.850,-84.792
445.860,-77.553
445.870,-82.761
445.879,-83.059
445.889,-78.933
445.899,-82.906
445.909,-83.387
445.919,-78.494
445.929,-83.097
445.939,-81.546
445.949,-82.237
445.958,-80.854
445.968,-76.333
445.978,-83.987
445.988,-82.453
445.998,-80.871
446.008,-82.401
446.018,-87.050
446.028,-78.240
446.038,-82.790
446.047,-77.649
446.057,-82.535
446.067,-92.848
446.077,-81.859
446.087,-83.020
446.097,-82.995
446.107,-79.094
446.117,-92.827
446.126,-84.856
446.136,-82.611
446.146,-87.631
446.156,-79.692
446.166,-84.799
446.176,-87.402
446.186,-79.960
446.196,-84.993
446.206,-84.978
446.215,-82.448
446.225,-86.171
446.235,-82.595
446.245,-86.514
446.255,-84.456
446.265,-84.398
446.275,-89.995
446.285,-85.413
446.294,-81.115
446.304,-87.607
446.314,-88.599
446.324,-88.661
446.334,-88.175
446.344,-83.671
446.354,-88.919
446.364,-87.544
446.374,-81.594
446.383,-88.345
446.393,-93.754
446.403,-86.827
446.413,-87.733
446.423,-85.622
446.433,-89.450
446.443,-91.822
446.453,-85.371
446.462,-87.777
446.472,-88.461
446.482,-86.188
446.492,-91.949
446.502,-83.981
446.512,-89.005
446.522,-91.805
446.532,-85.237
446.542,-88.127
446.551,-94.245
446.561,-87.115
446.571,-92.129
446.581,-92.920
446.591,-90.829
446.601,-95.149
446.611,-85.887
446.621,-91.874
446.630,-92.018
446.640,-86.640
446.650,-95.645
446.660,-90.850
446.670,-91.726
446.680,-93.456
446.690,-88.287
446.700,-94.017
446.709,-92.574
446.719,-92.145
446.729,-98.587
446.739,-92.429
446.749,-89.473
446.759,-93.798
446.769,-91.372
446.779,-94.842
446.789,-92.285
446.798,-92.119
446.808,-90.420
446.818,-91.577
446.828,-89.352
446.838,-98.097
446.848,-94.387
446.858,-92.943
446.868,-95.884
446.877,-89.849
446.887,-93.810
446.897,-91.275
446.907,-91.066
446.917,-93.351
446.927,-95.574
446.937,-92.271
446.947,-95.777
446.957,-93.993
446.966,-98.267
446.976,-95.724
446.986,-93.017
446.996,-99.938
447.006,-92.190
447.016,-95.954
447.026,-96.745
447.036,-100.964
447.045,-97.542
447.055,-98.609
447.065,-97.207
447.075,-97.072
447.085,-90.004
447.095,-99.207
447.105,-95.940
447.115,-97.493
447.125,-98.062
447.134,-96.503
447.144,-92.377
447.154,-99.658
447.164,-92.559
447.174,-93.918
447.184,-97.055
447.194,-93.727
447.204,-97.204
447.213,-100.472
447.223,-88.962
447.233,-102.133
447.243,-102.225
447.253,-104.712
447.263,-102.369
447.273,-97.819
447.283,-95.492
447.292,-103.566
447.302,-101.784
447.312,-101.129
447.322,-103.834
447.332,-99.490
447.342,-100.633
447.352,-96.180
447.362,-105.027
447.372,-101.201
447.381,-98.922
447.391,-98.676
447.401,-102.992
447.411,-94.385
447.421,-103.456
447.431,-96.575
447.441,-95.132
447.451,-99.891
447.460,-91.034
447.470,-101.062
447.480,-99.972
447.490,-91.896
447.500,-103.527
447.510,-102.039
447.520,-99.600
447.530,-101.521
447.540,-102.144
447.549,-103.188
447.559,-100.041
447.569,-105.707
447.579,-108.296
447.589,-100.128
447.599,-94.783
447.609,-98.998
447.619,-97.536
447.628,-97.711
447.638,-101.773
447.648,-93.719
447.658,-110.394
447.668,-100.297
447.678,-99.628
447.688,-105.205
447.698,-107.381
447.708,-105.712
447.717,-97.936
447.727,-93.237
447.737,-107.061
447.747,-104.833
447.757,-102.713
447.767,-100.506
447.777,-104.145
447.787,-93.468
447.796,-96.797
447.806,-102.668
447.816,-99.208
447.826,-98.777
447.836,-94.141
447.846,-101.113
447.856,-101.230
447.866,-99.167
447.875,-98.183
447.885,-99.955
447.895,-101.823
447.905,-96.301
447.915,-94.248
447.925,-106.637
447.935,-105.174
447.945,-97.316
447.955,-100.732
447.964,-92.900
447.974,-102.326
447.984,-100.536
447.994,-99.751
448.004,-95.341
448.014,-93.227
448.024,-101.289
448.034,-99.224
448.043,-100.271
448.053,-93.339
448.063,-95.549
448.073,-104.885
448.083,-98.161
448.093,-98.327
448.103,-97.818
448.113,-98.697
448.123,-98.699
448.132,-97.276
448.142,-101.358
448.152,-91.634
448.162,-99.345
448.172,-101.723
448.182,-101.983
448.192,-96.963
448.202,-96.520
448.211,-100.212
448.221,-99.705
448.231,-98.131
448.241,-102.985
448.251,-102.144
448.261,-99.928
448.271,-92.250
448.281,-95.896
448.291,-101.739
448.300,-100.889
448.310,-98.419
448.320,-99.597
448.330,-101.229
448.340,-99.717
448.350,-100.886
448.360,-99.912
448.370,-100.392
448.379,-100.819
448.389,-98.476
448.399,-99.953
448.409,-97.858
448.419,-96.238
448.429,-97.782
448.439,-99.651
448.449,-98.778
448.458,-92.536
448.468,-96.684
448.478,-98.043
448.488,-102.232
448.498,-99.177
448.508,-100.282
448.518,-98.933
448.528,-101.306
448.538,-96.715
448.547,-96.107
448.557,-97.103
448.567,-99.571
448.577,-96.654
448.587,-100.516
448.597,-95.869
448.607,-100.589
448.617,-97.311
448.626,-97.989
448.636,-98.968
448.646,-96.500
448.656,-99.883
448.666,-99.369
448.676,-92.043
448.686,-100.706
448.696,-107.000
448.706,-99.274
448.715,-99.509
448.725,-96.130
448.735,-99.170
448.745,-97.527
448.755,-96.748
448.765,-94.538
448.775,-99.515
448.785,-96.740
448.794,-101.117
448.804,-103.201
448.814,-98.932
448.824,-99.377
448.834,-96.530
448.844,-96.581
448.854,-103.143
448.864,-95.135
448.874,-94.935
448.883,-96.022
448.893,-96.227
448.903,-100.859
448.913,-96.684
448.923,-93.396
448.933,-92.514
448.943,-95.477
448.953,-101.012
448.962,-95.793
448.972,-94.060
448.982,-97.440
448.992,-94.880
449.002,-91.667
449.012,-99.116
449.022,-100.017
449.032,-98.621
449.042,-97.469
449.051,-95.043
449.061,-100.467
449.071,-100.132
449.081,-99.669
449.091,-97.563
449.101,-98.990
449.111,-98.214
449.121,-95.865
449.130,-97.357
449.140,-94.359
449.150,-99.810
449.160,-97.119
449.170,-98.663
449.180,-100.087
449.190,-96.115
449.200,-91.657
449.209,-96.705
449.219,-101.206
449.229,-101.955
449.239,-98.364
449.249,-102.394
449.259,-102.137
449.269,-102.434
449.279,-104.734
449.289,-101.012
449.298,-95.701
449.308,-107.604
449.318,-103.518
449.328,-104.181
449.338,-97.808
449.348,-99.642
449.358,-103.728
449.368,-103.137
449.377,-97.984
449.387,-105.239
449.397,-105.338
449.407,-99.830
449.417,-101.540
449.427,-95.604
449.437,-105.297
449.447,-107.582
449.457,-102.190
449.466,-102.017
449.476,-95.297
449.486,-99.387
449.496,-104.486
449.506,-102.361
449.516,-101.976
449.526,-103.113
449.536,-108.640
449.545,-102.785
449.555,-105.137
449.565,-97.863
449.575,-102.196
449.585,-99.878
449.595,-98.440
449.605,-101.214
449.615,-93.225
449.625,-98.705
449.634,-100.473
449.644,-96.985
449.654,-104.274
449.664,-103.350
449.674,-106.088
449.684,-105.160
449.694,-99.615
449.704,-97.420
449.713,-93.857
449.723,-101.668
449.733,-98.040
449.743,-100.419
449.753,-93.714
449.763,-96.041
449.773,-96.284
449.783,-94.671
449.792,-97.857
449.802,-96.554
449.812,-94.829
449.822,-99.693
449.832,-96.398
449.842,-95.857
449.852,-100.853
449.862,-102.657
449.872,-94.459
449.881,-93.648
449.891,-104.352
449.901,-96.964
449.911,-100.619
449.921,-95.734
449.931,-97.239
449.941,-92.225
449.951,-95.093
449.960,-96.033
449.970,-100.361
449.980,-95.175
449.990,-96.994
450.000,-97.676
450.000,-93.693
450.010,-95.304
450.020,-93.935
450.030,-94.193
450.040,-91.830
450.049,-92.454
450.059,-91.686
450.069,-94.737
450.079,-95.909
450.089,-96.904
450.099,-95.820
450.109,-95.119
450.119,-93.058
450.128,-92.433
450.138,-96.650
450.148,-93.620
450.158,-95.006
450.168,-97.296
450.178,-94.836
450.188,-94.409
450.198,-94.846
450.208,-92.548
450.217,-95.322
450.227,-92.778
450.237,-93.371
450.247,-93.296
450.257,-94.561
450.267,-94.312
450.277,-93.123
450.287,-93.880
450.296,-95.327
450.306,-95.030
450.316,-94.961
450.326,-95.106
450.336,-95.540
450.346,-95.840
450.356,-92.572
450.366,-96.081
450.375,-96.439
450.385,-92.400
450.395,-96.986
450.405,-96.160
450.415,-99.179
450.425,-100.076
450.435,-97.592
450.445,-96.584
450.455,-95.637
450.464,-95.582
450.474,-95.909
450.484,-96.842
450.494,-95.874
450.504,-96.437
450.514,-98.118
450.524,-95.693
450.534,-93.396
450.543,-95.551
450.553,-92.550
450.563,-91.999
450.573,-94.006
450.583,-91.841
450.593,-94.508
450.603,-92.631
450.613,-94.194
450.623,-96.325
450.632,-95.186
450.642,-92.482
450.652,-92.856
450.662,-94.283
450.672,-98.356
450.682,-95.671
450.692,-93.067
450.702,-94.726
450.711,-94.289
450.721,-95.393
450.731,-96.170
450.741,-98.813
450.751,-94.348
450.761,-94.934
450.771,-94.569
450.781,-94.488
450.791,-94.984
450.800,-94.968
450.810,-95.087
450.820,-92.441
450.830,-93.726
450.840,-96.193
450.850,-94.843
450.860,-94.541
450.870,-93.835
450.879,-94.609
450.889,-94.046
450.899,-91.851
450.909,-94.414
450.919,-95.969
450.929,-92.782
450.939,-94.655
450.949,-94.609
450.958,-94.342
450.968,-95.603
450.978,-92.056
450.988,-93.297
450.998,-92.825
451.008,-96.351
451.018,-95.482
451.028,-93.532
451.038,-94.458
451.047,-93.665
451.057,-93.713
451.067,-94.989
451.077,-93.575
451.087,-96.609
451.097,-94.090
451.107,-96.543
451.117,-95.167
451.126,-93.238
451.136,-94.015
451.146,-94.812
451.156,-95.130
451.166,-93.148
451.176,-94.100
451.186,-95.634
451.196,-93.457
451.206,-94.045
451.215,-96.627
451.225,-95.143
451.235,-94.798
451.245,-96.863
451.255,-94.088
451.265,-96.117
451.275,-92.765
451.285,-94.143
451.294,-97.532
451.304,-93.317
451.314,-92.365
451.324,-97.004
451.334,-95.003
451.344,-93.881
451.354,-95.158
451.364,-97.087
451.374,-96.215
451.383,-95.580
451.393,-96.377
451.403,-95.528
451.413,-93.334
451.423,-95.795
451.433,-96.337
451.443,-95.433
451.453,-96.816
451.462,-97.161
451.472,-95.227
451.482,-97.270
451.492,-95.684
451.502,-94.297
451.512,-95.138
451.522,-93.551
451.532,-96.971
451.542,-94.783
451.551,-96.897
451.561,-98.121
451.571,-96.246
451.581,-95.344
451.591,-96.480
451.601,-97.588
451.611,-96.810
451.621,-98.652
451.630,-97.100
451.640,-94.652
451.650,-96.338
451.660,-93.575
451.670,-97.962
451.680,-96.357
451.690,-96.264
451.700,-95.830
451.709,-97.331
451.719,-95.253
451.729,-96.548
451.739,-97.037
451.749,-98.368
451.759,-94.528
451.769,-96.392
451.779,-96.878
451.789,-94.466
451.798,-93.215
451.808,-95.063
451.818,-99.318
451.828,-98.692
451.838,-99.036
451.848,-98.335
451.858,-100.496
451.868,-99.374
451.877,-100.363
451.887,-101.753
451.897,-99.425
451.907,-99.523
451.917,-98.208
451.927,-97.849
451.937,-100.137
451.947,-98.265
451.957,-98.447
451.966,-101.325
451.976,-101.357
451.986,-101.976
451.996,-99.086
452.006,-100.512
452.016,-97.548
452.026,-97.888
452.036,-98.087
452.045,-101.776
452.055,-99.621
452.065,-101.833
452.075,-91.475
452.085,-98.547
452.095,-99.730
452.105,-96.231
452.115,-97.397
452.125,-101.758
452.134,-98.906
452.144,-100.815
452.154,-98.307
452.164,-98.356
452.174,-98.839
452.184,-98.477
452.194,-97.631
452.204,-94.928
452.213,-98.206
452.223,-98.681
452.233,-99.422
452.243,-97.219
452.253,-96.094
452.263,-99.272
452.273,-96.847
452.283,-100.991
452.292,-97.283
452.302,-97.664
452.312,-99.531
452.322,-100.201
452.332,-99.232
452.342,-97.769
452.352,-98.567
452.362,-97.682
452.372,-96.947
452.381,-96.204
452.391,-99.256
452.401,-100.989
452.411,-98.719
452.421,-99.481
452.431,-97.506
452.441,-100.826
452.451,-98.724
452.460,-95.564
452.470,-98.690
452.480,-97.346
452.490,-98.219
452.500,-97.906
452.510,-96.024
452.520,-98.934
452.530,-97.046
452.540,-98.707
452.549,-99.390
452.559,-97.540
452.569,-97.219
452.579,-100.287
452.589,-98.624
452.599,-98.134
452.609,-95.923
452.619,-97.611
452.628,-100.429
452.638,-97.579
452.648,-96.417
452.658,-95.523
452.668,-97.323
452.678,-96.714
452.688,-96.936
452.698,-99.087
452.708,-97.709
452.717,-98.317
452.727,-99.331
452.737,-100.557
452.747,-103.472
452.757,-102.026
452.767,-99.832
452.777,-98.432
452.787,-98.236
452.796,-95.317
452.806,-99.071
452.816,-99.011
452.826,-99.568
452.836,-99.143
452.846,-96.408
452.856,-96.933
452.866,-94.863
452.875,-94.589
452.885,-97.275
452.895,-96.961
452.905,-93.154
452.915,-95.125
452.925,-96.791
452.935,-96.027
452.945,-94.540
452.955,-93.005
452.964,-93.961
452.974,-96.283
452.984,-97.134
452.994,-95.629
453.004,-93.579
453.014,-93.480
453.024,-97.732
453.034,-96.386
453.043,-95.919
453.053,-95.965
453.063,-96.164
453.073,-95.102
453.083,-96.494
453.093,-97.339
453.103,-95.086
453.113,-93.711
453.123,-92.619
453.132,-94.384
453.142,-95.818
453.152,-93.503
453.162,-94.103
453.172,-94.613
453.182,-95.458
453.192,-94.228
453.202,-95.281
453.211,-95.442
453.221,-96.320
453.231,-94.451
453.241,-95.033
453.251,-95.157
453.261,-92.723
453.271,-93.223
453.281,-94.633
453.291,-94.354
453.300,-95.043
453.310,-97.785
453.320,-95.090
453.330,-94.369
453.340,-95.503
453.350,-94.870
453.360,-94.752
453.370,-95.149
453.379,-94.693
453.389,-92.843
453.399,-96.371
453.409,-91.631
453.419,-90.776
453.429,-95.145
453.439,-92.259
453.449,-94.708
453.458,-93.715
453.468,-93.854
453.478,-93.729
453.488,-91.443
453.498,-94.301
453.508,-94.420
453.518,-95.819
453.528,-94.102
453.538,-95.176
453.547,-94.525
453.557,-93.775
453.567,-95.315
453.577,-92.653
453.587,-95.673
453.597,-95.546
453.607,-93.548
453.617,-96.134
453.626,-94.193
453.636,-93.519
453.646,-92.692
453.656,-94.842
453.666,-93.661
453.676,-95.216
453.686,-94.019
453.696,-95.863
453.706,-93.200
453.715,-95.108
453.725,-93.491
453.735,-95.425
453.745,-95.841
453.755,-95.518
453.765,-93.799
453.775,-93.957
453.785,-94.051
453.794,-93.829
453.804,-93.692
453.814,-93.580
453.824,-92.073
453.834,-93.922
453.844,-94.485
453.854,-94.381
453.864,-94.360
453.874,-94.460
453.883,-95.015
453.893,-95.308
453.903,-93.744
453.913,-94.915
453.923,-97.325
453.933,-95.894
453.943,-94.934
453.953,-94.136
453.962,-95.911
453.972,-94.763
453.982,-94.523
453.992,-96.110
454.002,-93.995
454.012,-96.039
454.022,-94.265
454.032,-95.470
454.042,-94.155
454.051,-94.099
454.061,-94.140
454.071,-92.630
454.081,-94.992
454.091,-96.282
454.101,-93.262
454.111,-93.214
454.121,-95.292
454.130,-91.214
454.140,-96.546
454.150,-96.104
454.160,-93.653
454.170,-95.847
454.180,-100.992
454.190,-99.221
454.200,-99.317
454.209,-99.433
454.219,-100.902
454.229,-96.082
454.239,-93.010
454.249,-97.117
454.259,-101.356
454.269,-97.945
454.279,-99.590
454.289,-98.092
454.298,-99.321
454.308,-101.350
454.318,-100.728
454.328,-98.483
454.338,-98.231
454.348,-96.568
454.358,-96.750
454.368,-96.219
454.377,-99.429
454.387,-94.719
454.397,-96.993
454.407,-94.471
454.417,-91.997
454.427,-97.666
454.437,-96.656
454.447,-100.139
454.457,-99.663
454.466,-99.304
454.476,-97.739
454.486,-96.015
454.496,-94.522
454.506,-98.647
454.516,-99.428
454.526,-96.738
454.536,-94.148
454.545,-97.751
454.545,-92.175
454.555,-94.533
454.565,-96.165
454.575,-92.687
454.585,-94.318
454.595,-96.628
454.605,-94.607
454.615,-92.726
454.625,-93.714
454.634,-95.146
454.644,-96.256
454.654,-97.125
454.664,-98.900
454.674,-95.739
454.684,-93.084
454.694,-95.717
454.704,-95.166
454.713,-98.245
454.723,-94.489
454.733,-97.530
454.743,-96.407
454.753,-96.199
454.763,-96.007
454.773,-94.744
454.783,-94.276
454.792,-94.862
454.802,-95.456
454.812,-96.358
454.822,-94.740
454.832,-95.822
454.842,-94.932
454.852,-97.785
454.862,-97.542
454.872,-95.583
454.881,-96.132
454.891,-94.512
454.901,-97.607
454.911,-95.117
454.921,-96.406
454.931,-93.730
454.941,-97.034
454.951,-100.137
454.960,-98.092
454.970,-97.222
454.980,-98.522
454.990,-99.519
455.000,-95.605
455.010,-99.290
455.020,-98.111
455.030,-94.592
455.040,-97.960
455.049,-100.904
455.059,-98.775
455.069,-98.023
455.079,-98.058
455.089,-97.141
455.099,-96.428
455.109,-94.836
455.119,-97.206
455.128,-97.947
455.138,-97.981
455.148,-97.221
455.158,-95.810
455.168,-97.273
455.178,-98.304
455.188,-97.388
455.198,-97.212
455.208,-97.399
455.217,-98.325
455.227,-98.017
455.237,-94.419
455.247,-95.874
455.257,-95.997
455.267,-91.216
455.277,-97.027
455.287,-95.110
455.296,-96.284
455.306,-97.177
455.316,-95.766
455.326,-95.641
455.336,-97.423
455.346,-94.409
455.356,-96.042
455.366,-97.209
455.375,-94.598
455.385,-98.838
455.395,-95.999
455.405,-95.810
455.415,-96.991
455.425,-92.246
455.435,-94.202
455.445,-96.221
455.455,-96.872
455.464,-98.763
455.474,-91.785
455.484,-96.117
455.494,-97.397
455.504,-95.790
455.514,-97.594
455.524,-98.767
455.534,-97.172
455.543,-96.996
455.553,-95.192
455.563,-95.959
455.573,-97.679
455.583,-97.681
455.593,-95.342
455.603,-96.122
455.613,-97.157
455.623,-94.035
455.632,-97.060
455.642,-93.757
455.652,-91.907
455.662,-97.351
455.672,-96.890
455.682,-96.322
455.692,-97.229
455.702,-92.630
455.711,-95.451
455.721,-97.699
455.731,-95.913
455.741,-97.088
455.751,-98.423
455.761,-99.599
455.771,-97.387
455.781,-97.957
455.791,-95.948
455.800,-99.077
455.810,-96.836
455.820,-97.946
455.830,-99.115
455.840,-96.441
455.850,-98.946
455.860,-95.970
455.870,-95.072
455.879,-93.613
455.889,-99.018
455.899,-95.034
455.909,-97.132
455.919,-97.315
455.929,-96.844
455.939,-98.357
455.949,-96.617
455.958,-99.854
455.968,-99.026
455.978,-98.849
455.988,-98.901
455.998,-98.367
456.008,-96.588
456.018,-99.580
456.028,-95.678
456.038,-98.210
456.047,-97.133
456.057,-95.655
456.067,-93.372
456.077,-98.202
456.087,-97.854
456.097,-95.401
456.107,-98.590
456.117,-96.927
456.126,-99.394
456.136,-100.895
456.146,-93.447
456.156,-96.593
456.166,-99.989
456.176,-98.842
456.186,-100.023
456.196,-97.640
456.206,-97.864
456.215,-96.229
456.225,-100.866
456.235,-97.115
456.245,-99.007
456.255,-99.050
456.265,-96.959
456.275,-94.410
456.285,-97.648
456.294,-99.137
456.304,-101.217
456.314,-99.415
456.324,-98.037
456.334,-99.492
456.344,-94.960
456.354,-97.497
456.364,-94.828
456.374,-96.812
456.383,-98.095
456.393,-100.305
456.403,-99.540
456.413,-100.542
456.423,-99.074
456.433,-98.310
456.443,-100.756
456.453,-98.795
456.462,-102.069
456.472,-98.251
456.482,-97.504
456.492,-99.123
456.502,-97.890
456.512,-99.798
456.522,-98.083
456.532,-98.848
456.542,-95.017
456.551,-99.648
456.561,-100.205
456.571,-98.775
456.581,-101.184
456.591,-96.335
456.601,-100.349
456.611,-98.960
456.621,-99.770
456.630,-99.954
456.640,-97.744
456.650,-100.679
456.660,-100.146
456.670,-99.947
456.680,-99.262
456.690,-96.862
456.700,-100.682
456.709,-99.995
456.719,-98.975
456.729,-96.518
456.739,-93.713
456.749,-95.373
456.759,-99.862
456.769,-98.454
456.779,-97.077
456.789,-98.474
456.798,-99.256
456.808,-99.702
456.818,-99.805
456.828,-100.175
456.838,-100.130
456.848,-98.813
456.858,-95.156
456.868,-96.809
456.877,-99.434
456.887,-100.249
456.897,-98.707
456.907,-97.502
456.917,-97.309
456.927,-97.349
456.937,-99.304
456.947,-96.848
456.957,-100.585
456.966,-98.589
456.976,-97.930
456.986,-95.524
456.996,-97.534
457.006,-97.599
457.016,-97.968
457.026,-96.553
457.036,-97.847
457.045,-97.890
457.055,-98.827
457.065,-99.274
457.075,-99.145
457.085,-98.675
457.095,-100.417
457.105,-98.580
457.115,-99.773
457.125,-97.214
457.134,-102.047
457.144,-95.676
457.154,-99.133
457.164,-99.208
457.174,-98.095
457.184,-99.791
457.194,-99.353
457.204,-99.307
457.213,-97.965
457.223,-96.860
457.233,-97.278
457.243,-98.622
457.253,-99.190
457.263,-99.420
457.273,-98.661
457.283,-97.410
457.292,-99.790
457.302,-101.396
457.312,-100.908
457.322,-100.847
457.332,-98.049
457.342,-97.690
457.352,-98.481
457.362,-98.373
457.372,-99.223
457.381,-100.126
457.391,-99.124
457.401,-99.787
457.411,-98.849
457.421,-98.574
457.431,-99.564
457.441,-100.303
457.451,-100.596
457.460,-99.643
457.470,-98.864
457.480,-98.780
457.490,-97.205
457.500,-100.544
457.510,-101.188
457.520,-99.087
457.530,-98.882
457.540,-96.787
457.549,-101.646
457.559,-97.769
457.569,-97.941
457.579,-99.194
457.589,-96.281
457.599,-99.188
457.609,-98.608
457.619,-97.807
457.628,-97.037
457.638,-97.946
457.648,-100.386
457.658,-99.417
457.668,-98.407
457.678,-98.891
457.688,-99.460
457.698,-98.575
457.708,-100.520
457.717,-100.291
457.727,-99.127
457.737,-96.414
457.747,-94.025
457.757,-99.141
457.767,-98.752
457.777,-98.094
457.787,-98.417
457.796,-96.340
457.806,-99.076
457.816,-96.813
457.826,-98.911
457.836,-98.021
457.846,-98.060
457.856,-99.127
457.866,-100.004
457.875,-98.915
457.885,-95.243
457.895,-97.794
457.905,-96.663
457.915,-95.343
457.925,-98.455
457.935,-95.412
457.945,-100.140
457.955,-100.156
457.964,-99.054
457.974,-96.247
457.984,-96.945
457.994,-99.234
458.004,-96.762
458.014,-102.276
458.024,-96.921
458.034,-97.121
458.043,-96.904
458.053,-98.210
458.063,-99.684
458.073,-100.144
458.083,-95.753
458.093,-96.984
458.103,-98.276
458.113,-99.990
458.123,-98.083
458.132,-98.929
458.142,-96.614
458.152,-96.699
458.162,-98.773
458.172,-98.926
458.182,-97.943
458.192,-95.569
458.202,-95.713
458.211,-98.791
458.221,-98.126
458.231,-96.741
458.241,-98.027
458.251,-98.279
458.261,-99.570
458.271,-98.972
458.281,-96.993
458.291,-99.092
458.300,-98.627
458.310,-98.011
458.320,-98.835
458.330,-97.636
458.340,-97.375
458.350,-99.575
458.360,-98.332
458.370,-98.008
458.379,-96.238
458.389,-98.452
458.399,-100.256
458.409,-99.739
458.419,-98.172
458.429,-99.629
458.439,-98.225
458.449,-97.032
458.458,-99.904
458.468,-98.326
458.478,-99.266
458.488,-96.407
458.498,-96.346
458.508,-96.456
458.518,-99.279
458.528,-97.878
458.538,-97.228
458.547,-97.580
458.557,-99.021
458.567,-97.485
458.577,-99.874
458.587,-98.077
458.597,-96.183
458.607,-99.020
458.617,-94.899
458.626,-95.996
458.636,-96.952
458.646,-97.329
458.656,-94.315
458.666,-98.780
458.676,-99.133
458.686,-98.188
458.696,-97.438
458.706,-99.194
458.715,-93.739
458.725,-99.895
458.735,-97.548
458.745,-99.749
458.755,-98.706
458.765,-100.568
458.775,-98.772
458.785,-100.332
458.794,-98.997
458.804,-97.693
458.814,-99.247
458.824,-99.775
458.834,-97.010
458.844,-98.152
458.854,-98.967
458.864,-100.402
458.874,-97.054
458.883,-98.971
458.893,-98.969
458.903,-97.967
458.913,-97.881
458.923,-99.091
458.933,-99.124
458.943,-96.674
458.953,-95.394
458.962,-99.504
458.972,-97.296
458.982,-100.060
458.992,-100.671
459.002,-95.516
459.012,-98.348
459.022,-96.255
459.032,-98.853
459.042,-99.054
459.051,-98.306
459.061,-98.992
459.071,-99.765
459.081,-98.224
459.091,-95.771
459.091,-99.515
459.101,-95.527
459.111,-99.035
459.121,-96.953
459.130,-97.232
459.140,-96.763
459.150,-96.842
459.160,-97.824
459.170,-98.918
459.180,-95.634
459.190,-101.018
459.200,-94.782
459.209,-95.309
459.219,-97.295
459.229,-97.180
459.239,-96.111
459.249,-94.960
459.259,-97.250
459.269,-96.557
459.279,-98.141
459.289,-97.153
459.298,-96.079
459.308,-95.448
459.318,-97.084
459.328,-96.119
459.338,-96.933
459.348,-96.623
459.358,-94.322
459.368,-96.966
459.377,-95.626
459.387,-98.836
459.397,-95.369
459.407,-96.324
459.417,-98.647
459.427,-97.404
459.437,-98.286
459.447,-96.900
459.457,-94.608
459.466,-95.485
459.476,-96.297
459.486,-93.216
459.496,-98.392
459.506,-99.149
459.516,-101.853
459.526,-98.420
459.536,-95.837
459.545,-95.383
459.555,-98.020
459.565,-98.429
459.575,-98.560
459.585,-98.506
459.595,-99.433
459.605,-99.569
459.615,-98.466
459.625,-96.506
459.634,-99.035
459.644,-95.007
459.654,-100.038
459.664,-98.976
459.674,-98.829
459.684,-98.873
459.694,-98.557
459.704,-97.145
459.713,-99.060
459.723,-98.399
459.733,-98.278
459.743,-94.839
459.753,-98.900
459.763,-96.792
459.773,-96.958
459.783,-96.894
459.792,-95.907
459.802,-96.277
459.812,-98.305
459.822,-94.073
459.832,-97.075
459.842,-98.736
459.852,-98.028
459.862,-96.677
459.872,-96.868
459.881,-98.015
459.891,-95.449
459.901,-95.689
459.911,-97.114
459.921,-95.031
459.931,-97.424
459.941,-98.764
459.951,-96.945
459.960,-96.896
459.970,-96.061
459.980,-98.054
459.990,-98.327
460.000,-95.792
460.010,-97.940
460.020,-97.716
460.030,-98.548
460.040,-96.789
460.049,-95.257
460.059,-96.788
460.069,-96.926
460.079,-96.658
460.089,-97.551
460.099,-97.788
460.109,-97.085
460.119,-96.530
460.128,-95.073
460.138,-99.610
460.148,-95.711
460.158,-97.013
460.168,-95.358
460.178,-95.773
460.188,-97.677
460.198,-96.368
460.208,-96.219
460.217,-98.288
460.227,-96.136
460.237,-97.225
460.247,-93.986
460.257,-95.376
460.267,-97.859
460.277,-96.297
460.287,-97.169
460.296,-97.902
460.306,-95.847
460.316,-98.182
460.326,-92.904
460.336,-96.610
460.346,-99.692
460.356,-96.672
460.366,-99.184
460.375,-96.291
460.385,-96.115
460.395,-97.331
460.405,-95.372
460.415,-98.798
460.425,-98.847
460.435,-97.494
460.445,-98.765
460.455,-96.224
460.464,-97.275
460.474,-95.282
460.484,-95.414
460.494,-99.701
460.504,-96.662
460.514,-96.937
460.524,-98.792
460.534,-94.924
460.543,-98.567
460.553,-98.236
460.563,-99.873
460.573,-96.311
460.583,-93.900
460.593,-97.591
460.603,-97.162
460.613,-97.372
460.623,-96.388
460.632,-97.194
460.642,-97.332
460.652,-97.177
460.662,-97.985
460.672,-94.333
460.682,-96.176
460.692,-98.241
460.702,-100.313
460.711,-98.607
460.721,-95.008
460.731,-98.170
460.741,-98.140
460.751,-96.637
460.761,-100.015
460.771,-97.166
460.781,-99.719
460.791,-98.625
460.800,-98.082
460.810,-97.519
460.820,-97.043
460.830,-97.792
460.840,-97.062
460.850,-98.140
460.860,-96.888
460.870,-97.899
460.879,-95.931
460.889,-97.194
460.899,-99.038
460.909,-99.061
460.919,-96.124
460.929,-95.781
460.939,-96.255
460.949,-95.174
460.958,-96.137
460.968,-97.081
460.978,-96.802
460.988,-97.684
460.998,-95.913
461.008,-98.554
461.018,-98.952
461.028,-99.186
461.038,-97.928
461.047,-93.625
461.057,-95.871
461.067,-96.376
461.077,-96.189
461.087,-97.723
461.097,-94.755
461.107,-97.036
461.117,-95.580
461.126,-94.263
461.136,-98.191
461.146,-96.569
461.156,-95.498
461.166,-96.028
461.176,-93.866
461.186,-98.450
461.196,-93.366
461.206,-93.875
461.215,-90.062
461.225,-96.663
461.235,-96.094
461.245,-88.547
461.255,-94.791
461.265,-93.000
461.275,-92.610
461.285,-96.372
461.294,-90.877
461.304,-94.189
461.314,-90.214
461.324,-94.712
461.334,-93.744
461.344,-91.979
461.354,-93.271
461.364,-96.918
461.374,-93.421
461.383,-97.173
461.393,-93.778
461.403,-92.446
461.413,-93.988
461.423,-92.403
461.433,-98.738
461.443,-95.565
461.453,-92.627
461.462,-96.296
461.472,-92.712
461.482,-97.473
461.492,-93.340
461.502,-91.775
461.512,-95.783
461.522,-95.328
461.532,-97.058
461.542,-94.638
461.551,-92.963
461.561,-89.926
461.571,-90.099
461.581,-95.984
461.591,-91.396
461.601,-89.721
461.611,-94.598
461.621,-91.203
461.630,-85.534
461.640,-83.555
461.650,-84.123
461.660,-84.747
461.670,-82.718
461.680,-82.689
461.690,-84.812
461.700,-84.548
461.709,-82.523
461.719,-83.987
461.729,-84.475
461.739,-83.848
461.749,-82.315
461.759,-81.913
461.769,-84.217
461.779,-84.042
461.789,-83.736
461.798,-83.966
461.808,-83.951
461.818,-90.260
461.828,-88.819
461.838,-93.295
461.848,-88.090
461.858,-87.831
461.868,-88.934
461.877,-88.891
461.887,-91.904
461.897,-90.524
461.907,-87.220
461.917,-91.400
461.927,-87.240
461.937,-90.543
461.947,-90.546
461.957,-88.514
461.966,-89.111
461.976,-89.844
461.986,-91.728
461.996,-92.127
462.006,-86.341
462.016,-90.786
462.026,-90.521
462.036,-93.779
462.045,-88.200
462.055,-89.544
462.065,-92.290
462.075,-91.600
462.085,-94.756
462.095,-90.417
462.105,-91.143
462.115,-90.848
462.125,-90.111
462.134,-91.413
462.144,-87.805
462.154,-95.018
462.164,-89.659
462.174,-87.748
462.184,-90.276
462.194,-89.757
462.204,-93.560
462.213,-89.842
462.223,-89.450
462.233,-92.595
462.243,-91.320
462.253,-94.038
462.263,-89.878
462.273,-89.252
462.283,-93.571
462.292,-89.765
462.302,-95.824
462.312,-92.818
462.322,-89.840
462.332,-93.341
462.342,-90.661
462.352,-93.649
462.362,-92.040
462.372,-90.454
462.381,-93.269
462.391,-91.826
462.401,-96.356
462.411,-89.800
462.421,-90.958
462.431,-94.023
462.441,-93.400
462.451,-94.344
462.460,-91.469
462.470,-92.076
462.480,-94.710
462.490,-91.502
462.500,-95.419
462.510,-94.807
462.520,-94.788
462.530,-96.606
462.540,-87.888
462.549,-95.146
462.559,-94.539
462.569,-92.080
462.579,-96.825
462.589,-91.496
462.599,-94.797
462.609,-96.300
462.619,-90.174
462.628,-97.063
462.638,-91.952
462.648,-94.073
462.658,-97.698
462.668,-92.777
462.678,-97.075
462.688,-93.899
462.698,-90.974
462.708,-95.950
462.717,-93.510
462.727,-94.424
462.737,-92.652
462.747,-91.002
462.757,-96.383
462.767,-92.976
462.777,-94.642
462.787,-96.818
462.796,-91.630
462.806,-99.781
462.816,-92.605
462.826,-93.133
462.836,-95.198
462.846,-93.804
462.856,-96.776
462.866,-91.965
462.875,-94.015
462.885,-93.963
462.895,-97.382
462.905,-100.189
462.915,-92.408
462.925,-95.606
462.935,-96.418
462.945,-93.162
462.955,-96.793
462.964,-95.874
462.974,-97.623
462.984,-98.723
462.994,-94.756
463.004,-101.963
463.014,-97.834
463.024,-95.265
463.034,-96.923
463.043,-93.366
463.053,-98.261
463.063,-98.840
463.073,-98.320
463.083,-96.838
463.093,-94.998
463.103,-97.712
463.113,-93.203
463.123,-98.057
463.132,-96.831
463.142,-95.615
463.152,-99.152
463.162,-96.323
463.172,-97.825
463.182,-98.181
463.192,-96.775
463.202,-98.219
463.211,-97.849
463.221,-98.986
463.231,-99.766
463.241,-97.149
463.251,-98.536
463.261,-99.430
463.271,-95.887
463.281,-97.498
463.291,-98.136
463.300,-97.631
463.310,-98.281
463.320,-98.122
463.330,-99.307
463.340,-98.196
463.350,-97.511
463.360,-100.701
463.370,-96.606
463.379,-100.348
463.389,-98.541
463.399,-97.595
463.409,-98.622
463.419,-97.715
463.429,-99.892
463.439,-97.807
463.449,-99.702
463.458,-99.355
463.468,-99.320
463.478,-98.936
463.488,-98.766
463.498,-99.028
463.508,-100.573
463.518,-96.381
463.528,-97.234
463.538,-99.311
463.547,-100.147
463.557,-97.771
463.567,-96.353
463.577,-99.394
463.587,-100.064
463.597,-95.337
463.607,-102.161
463.617,-98.105
463.626,-98.199
463.636,-100.442
463.636,-101.519
463.646,-99.030
463.656,-99.604
463.666,-96.919
463.676,-100.708
463.686,-99.626
463.696,-101.737
463.706,-97.914
463.715,-101.327
463.725,-98.280
463.735,-101.669
463.745,-98.748
463.755,-97.431
463.765,-99.526
463.775,-100.145
463.785,-96.807
463.794,-97.281
463.804,-100.631
463.814,-100.694
463.824,-100.014
463.834,-100.124
463.844,-100.291
463.854,-99.849
463.864,-102.254
463.874,-99.639
463.883,-98.679
463.893,-98.577
463.903,-99.638
463.913,-98.712
463.923,-98.693
463.933,-97.904
463.943,-100.631
463.953,-100.371
463.962,-101.996
463.972,-100.025
463.982,-98.884
463.992,-98.999
464.002,-101.001
464.012,-99.247
464.022,-100.613
464.032,-97.936
464.042,-98.329
464.051,-100.433
464.061,-99.549
464.071,-101.158
464.081,-100.468
464.091,-100.519
464.101,-101.062
464.111,-102.093
464.121,-101.931
464.130,-99.162
464.140,-101.333
464.150,-97.428
464.160,-101.983
464.170,-97.965
464.180,-99.562
464.190,-99.348
464.200,-96.326
464.209,-99.957
464.219,-98.102
464.229,-98.507
464.239,-99.610
464.249,-100.464
464.259,-100.642
464.269,-97.695
464.279,-98.119
464.289,-99.288
464.298,-97.925
464.308,-98.699
464.318,-98.465
464.328,-96.453
464.338,-96.646
464.348,-99.923
464.358,-100.732
464.368,-97.995
464.377,-98.480
464.387,-98.535
464.397,-97.906
464.407,-99.802
464.417,-99.771
464.427,-101.118
464.437,-99.520
464.447,-98.216
464.457,-98.799
464.466,-99.638
464.476,-98.397
464.486,-99.064
464.496,-97.200
464.506,-98.093
464.516,-101.162
464.526,-101.380
464.536,-98.366
464.545,-98.036
464.555,-99.961
464.565,-99.583
464.575,-98.363
464.585,-98.394
464.595,-100.515
464.605,-98.587
464.615,-97.481
464.625,-98.993
464.634,-99.130
464.644,-101.949
464.654,-100.200
464.664,-100.763
464.674,-98.026
464.684,-100.346
464.694,-100.436
464.704,-100.038
464.713,-101.014
464.723,-99.801
464.733,-98.839
464.743,-98.906
464.753,-99.992
464.763,-98.289
464.773,-99.599
464.783,-99.842
464.792,-99.655
464.802,-99.255
464.812,-99.310
464.822,-100.814
464.832,-101.059
464.842,-96.381
464.852,-98.642
464.862,-100.922
464.872,-99.440
464.881,-99.619
464.891,-100.114
464.901,-98.589
464.911,-100.188
464.921,-100.284
464.931,-99.666
464.941,-101.094
464.951,-101.691
464.960,-99.764
464.970,-99.670
464.980,-100.627
464.990,-102.317
465.000,-100.810
465.010,-98.425
465.020,-100.937
465.030,-99.866
465.040,-100.181
465.049,-100.002
465.059,-99.603
465.069,-100.371
465.079,-98.036
465.089,-97.835
465.099,-101.420
465.109,-100.026
465.119,-99.617
465.128,-101.658
465.138,-100.541
465.148,-100.810
465.158,-101.348
465.168,-100.499
465.178,-100.060
465.188,-99.823
465.198,-99.202
465.208,-99.036
465.217,-101.718
465.227,-99.552
465.237,-100.670
465.247,-99.662
465.257,-99.520
465.267,-97.823
465.277,-99.010
465.287,-100.918
465.296,-99.365
465.306,-98.000
465.316,-99.871
465.326,-98.690
465.336,-99.656
465.346,-97.682
465.356,-100.464
465.366,-98.339
465.375,-99.660
465.385,-98.603
465.395,-98.255
465.405,-98.525
465.415,-101.101
465.425,-101.090
465.435,-100.993
465.445,-99.653
465.455,-100.070
465.464,-99.593
465.474,-97.373
465.484,-101.468
465.494,-98.054
465.504,-97.158
465.514,-99.821
465.524,-98.958
465.534,-101.216
465.543,-101.862
465.553,-97.898
465.563,-98.365
465.573,-98.893
465.583,-101.156
465.593,-100.222
465.603,-99.621
465.613,-98.911
465.623,-99.075
465.632,-100.107
465.642,-100.436
465.652,-99.969
465.662,-96.622
465.672,-100.853
465.682,-98.250
465.692,-98.676
465.702,-99.607
465.711,-102.102
465.721,-98.284
465.731,-101.822
465.741,-98.853
465.751,-97.203
465.761,-98.760
465.771,-99.529
465.781,-97.521
465.791,-98.244
465.800,-98.372
465.810,-99.446
465.820,-100.658
465.830,-100.059
465.840,-99.391
465.850,-99.677
465.860,-98.435
465.870,-100.635
465.879,-97.428
465.889,-101.233
465.899,-98.869
465.909,-98.547
465.919,-98.096
465.929,-100.684
465.939,-98.648
465.949,-97.758
465.958,-96.093
465.968,-96.678
465.978,-101.243
465.988,-100.032
465.998,-99.214
466.008,-99.450
466.018,-99.574
466.028,-96.432
466.038,-99.167
466.047,-99.559
466.057,-98.770
466.067,-98.775
466.077,-98.797
466.087,-99.307
466.097,-97.938
466.107,-99.624
466.117,-98.560
466.126,-99.177
466.136,-95.470
466.146,-99.939
466.156,-100.722
466.166,-100.547
466.176,-98.145
466.186,-99.742
466.196,-98.053
466.206,-98.155
466.215,-98.112
466.225,-97.832
466.235,-99.368
466.245,-98.432
466.255,-100.791
466.265,-100.234
466.275,-100.950
466.285,-99.587
466.294,-99.369
466.304,-98.252
466.314,-99.387
466.324,-100.491
466.334,-100.747
466.344,-101.328
466.354,-101.829
466.364,-99.678
466.374,-98.030
466.383,-100.479
466.393,-95.730
466.403,-99.981
466.413,-99.956
466.423,-100.131
466.433,-97.661
466.443,-99.153
466.453,-101.206
466.462,-101.330
466.472,-98.732
466.482,-100.031
466.492,-100.434
466.502,-98.790
466.512,-101.793
466.522,-97.240
466.532,-101.877
466.542,-99.962
466.551,-98.599
466.561,-98.815
466.571,-98.593
466.581,-97.629
466.591,-100.676
466.601,-99.299
466.611,-99.335
466.621,-101.694
466.630,-101.230
466.640,-100.272
466.650,-99.143
466.660,-99.311
466.670,-99.194
466.680,-99.004
466.690,-100.095
466.700,-99.166
466.709,-98.506
466.719,-98.584
466.729,-99.724
466.739,-99.937
466.749,-99.234
466.759,-99.135
466.769,-100.852
466.779,-100.597
466.789,-101.749
466.798,-98.927
466.808,-101.779
466.818,-101.070
466.828,-103.142
466.838,-101.055
466.848,-99.971
466.858,-101.879
466.868,-101.321
466.877,-98.344
466.887,-97.418
466.897,-100.225
466.907,-101.794
466.917,-102.224
466.927,-99.109
466.937,-99.138
466.947,-101.024
466.957,-100.856
466.966,-98.726
466.976,-99.973
466.986,-101.768
466.996,-100.472
467.006,-99.579
467.016,-102.046
467.026,-100.511
467.036,-100.386
467.045,-101.125
467.055,-99.419
467.065,-99.522
467.075,-100.568
467.085,-100.462
467.095,-100.327
467.105,-101.191
467.115,-98.904
467.125,-101.157
467.134,-99.336
467.144,-98.998
467.154,-98.805
467.164,-99.833
467.174,-96.933
467.184,-97.429
467.194,-99.741
467.204,-99.713
467.213,-98.993
467.223,-101.146
467.233,-99.527
467.243,-100.371
467.253,-100.572
467.263,-99.919
467.273,-100.269
467.283,-103.294
467.292,-98.536
467.302,-99.815
467.312,-99.810
467.322,-98.011
467.332,-98.779
467.342,-100.175
467.352,-100.279
467.362,-100.533
467.372,-99.679
467.381,-101.503
467.391,-99.899
467.401,-101.071
467.411,-101.427
467.421,-100.711
467.431,-101.299
467.441,-99.773
467.451,-99.740
467.460,-100.609
467.470,-99.884
467.480,-100.741
467.490,-99.691
467.500,-102.038
467.510,-101.221
467.520,-100.051
467.530,-99.870
467.540,-99.561
467.549,-98.907
467.559,-98.656
467.569,-100.151
467.579,-97.643
467.589,-101.518
467.599,-99.691
467.609,-98.650
467.619,-99.563
467.628,-101.220
467.638,-99.958
467.648,-100.221
467.658,-100.454
467.668,-99.181
467.678,-101.561
467.688,-99.378
467.698,-98.862
467.708,-101.134
467.717,-101.468
467.727,-101.828
467.737,-100.452
467.747,-100.383
467.757,-99.278
467.767,-98.243
467.777,-99.921
467.787,-100.356
467.796,-100.005
467.806,-100.991
467.816,-103.560
467.826,-99.761
467.836,-99.968
467.846,-99.122
467.856,-99.427
467.866,-101.055
467.875,-100.017
467.885,-100.563
467.895,-100.865
467.905,-101.174
467.915,-101.518
467.925,-101.555
467.935,-102.682
467.945,-101.458
467.955,-100.069
467.964,-100.348
467.974,-98.567
467.984,-103.107
467.994,-98.353
468.004,-102.626
468.014,-98.140
468.024,-100.009
468.034,-99.356
468.043,-98.516
468.053,-100.840
468.063,-100.103
468.073,-100.092
468.083,-99.229
468.093,-100.435
468.103,-99.974
468.113,-97.041
468.123,-98.216
468.132,-100.402
468.142,-98.385
468.152,-100.611
468.162,-100.089
468.172,-99.195
468.182,-98.383
468.182,-99.747
468.192,-102.824
468.202,-97.967
468.211,-99.537
468.221,-102.731
468.231,-101.598
468.241,-100.633
468.251,-101.337
468.261,-103.666
468.271,-101.753
468.281,-100.317
468.291,-98.640
468.300,-102.103
468.310,-100.090
468.320,-101.026
468.330,-99.073
468.340,-99.941
468.350,-99.885
468.360,-99.028
468.370,-97.065
468.379,-99.145
468.389,-100.194
468.399,-101.610
468.409,-101.733
468.419,-104.810
468.429,-102.442
468.439,-97.133
468.449,-99.259
468.458,-99.320
468.468,-102.750
468.478,-106.011
468.488,-97.080
468.498,-98.330
468.508,-96.695
468.518,-99.042
468.528,-105.715
468.538,-99.171
468.547,-101.167
468.557,-96.903
468.567,-99.223
468.577,-100.416
468.587,-98.748
468.597,-98.230
468.607,-96.807
468.617,-101.437
468.626,-99.744
468.636,-100.935
468.646,-100.068
468.656,-99.539
468.666,-103.804
468.676,-100.399
468.686,-98.967
468.696,-100.501
468.706,-95.887
468.715,-96.299
468.725,-100.208
468.735,-105.319
468.745,-101.166
468.755,-98.131
468.765,-99.370
468.775,-101.043
468.785,-104.170
468.794,-100.035
468.804,-98.450
468.814,-96.448
468.824,-103.233
468.834,-99.738
468.844,-100.109
468.854,-98.762
468.864,-99.679
468.874,-101.510
468.883,-101.056
468.893,-97.587
468.903,-97.820
468.913,-100.517
468.923,-96.457
468.933,-101.506
468.943,-99.398
468.953,-100.126
468.962,-97.139
468.972,-99.724
468.982,-97.010
468.992,-99.619
469.002,-99.712
469.012,-98.533
469.022,-98.665
469.032,-100.589
469.042,-99.718
469.051,-103.161
469.061,-99.162
469.071,-101.671
469.081,-102.600
469.091,-106.540
469.101,-103.044
469.111,-102.583
469.121,-100.898
469.130,-96.752
469.140,-101.172
469.150,-97.172
469.160,-100.966
469.170,-104.865
469.180,-97.374
469.190,-98.934
469.200,-100.357
469.209,-103.385
469.219,-104.344
469.229,-109.268
469.239,-100.794
469.249,-101.837
469.259,-99.389
469.269,-99.905
469.279,-104.424
469.289,-100.218
469.298,-101.424
469.308,-100.191
469.318,-103.018
469.328,-105.094
469.338,-100.515
469.348,-100.641
469.358,-102.765
469.368,-105.336
469.377,-99.513
469.387,-98.269
469.397,-103.932
469.407,-104.081
469.417,-105.319
469.427,-98.121
469.437,-100.673
469.447,-98.545
469.457,-101.257
469.466,-104.719
469.476,-101.123
469.486,-103.898
469.496,-104.065
469.506,-102.595
469.516,-104.618
469.526,-103.659
469.536,-99.482
469.545,-102.151
469.555,-105.377
469.565,-99.189
469.575,-108.140
469.585,-103.035
469.595,-99.843
469.605,-100.100
469.615,-103.306
469.625,-105.835
469.634,-98.850
469.644,-103.380
469.654,-105.574
469.664,-101.781
469.674,-100.911
469.684,-104.340
469.694,-107.878
469.704,-106.665
469.713,-103.776
469.723,-107.101
469.733,-101.450
469.743,-102.193
469.753,-105.134
469.763,-99.718
469.773,-105.355
469.783,-101.749
469.792,-100.524
469.802,-100.669
469.812,-102.690
469.822,-99.973
469.832,-99.443
469.842,-104.593
469.852,-99.808
469.862,-104.243
469.872,-107.456
469.881,-104.043
469.891,-104.675
469.901,-101.350
469.911,-101.374
469.921,-104.063
469.931,-105.489
469.941,-100.228
469.951,-100.127
469.960,-96.498
469.970,-101.753
469.980,-102.875
469.990,-92.439
470.000,-103.772
470.010,-101.379
470.020,-102.535
470.030,-102.501
470.040,-106.692
470.049,-102.424
470.059,-104.310
470.069,-96.677
470.079,-98.911
470.089,-109.540
470.099,-100.868
470.109,-103.808
470.119,-104.222
470.128,-97.089
470.138,-100.368
470.148,-107.627
470.158,-102.990
470.168,-104.425
470.178,-101.559
470.188,-104.874
470.198,-102.552
470.208,-100.246
470.217,-103.910
470.227,-100.842
470.237,-101.364
470.247,-107.539
470.257,-101.596
470.267,-102.663
470.277,-104.391
470.287,-98.451
470.296,-103.144
470.306,-98.927
470.316,-103.083
470.326,-101.055
470.336,-102.779
470.346,-105.198
470.356,-99.913
470.366,-105.107
470.375,-102.096
470.385,-100.717
470.395,-100.226
470.405,-103.333
470.415,-106.693
470.425,-104.889
470.435,-103.394
470.445,-100.269
470.455,-101.084
470.464,-103.738
470.474,-98.796
470.484,-103.972
470.494,-102.897
470.504,-102.064
470.514,-103.249
470.524,-104.180
470.534,-98.099
470.543,-98.659
470.553,-101.693
470.563,-104.971
470.573,-105.091
470.583,-105.155
470.593,-102.394
470.603,-102.039
470.613,-101.700
470.623,-103.615
470.632,-100.202
470.642,-102.745
470.652,-102.602
470.662,-100.106
470.672,-100.936
470.682,-101.310
470.692,-97.586
470.702,-101.629
470.711,-101.190
470.721,-102.162
470.731,-102.840
470.741,-102.830
470.751,-101.788
470.761,-100.835
470.771,-102.130
470.781,-105.195
470.791,-107.109
470.800,-99.440
470.810,-102.045
470.820,-103.741
470.830,-101.763
470.840,-101.953
470.850,-101.257
470.860,-99.191
470.870,-100.242
470.879,-101.886
470.889,-97.566
470.899,-101.372
470.909,-98.387
470.919,-103.466
470.929,-104.795
470.939,-105.186
470.949,-104.948
470.958,-99.207
470.968,-104.080
470.978,-104.269
470.988,-104.258
470.998,-103.598
471.008,-104.522
471.018,-100.998
471.028,-102.191
471.038,-104.518
471.047,-103.573
471.057,-102.227
471.067,-102.390
471.077,-101.144
471.087,-98.186
471.097,-105.705
471.107,-102.039
471.117,-100.849
471.126,-101.289
471.136,-99.754
471.146,-101.998
471.156,-99.799
471.166,-101.426
471.176,-100.614
471.186,-100.725
471.196,-102.578
471.206,-102.640
471.215,-104.963
471.225,-100.378
471.235,-101.839
471.245,-103.339
471.255,-99.904
471.265,-101.678
471.275,-99.367
471.285,-101.175
471.294,-103.459
471.304,-101.590
471.314,-101.311
471.324,-97.381
471.334,-103.884
471.344,-101.536
471.354,-106.109
471.364,-108.720
471.374,-99.234
471.383,-97.252
471.393,-100.545
471.403,-100.625
471.413,-105.644
471.423,-98.613
471.433,-105.563
471.443,-101.294
471.453,-100.944
471.462,-99.112
471.472,-97.916
471.482,-96.799
471.492,-104.255
471.502,-99.410
471.512,-98.723
471.522,-105.593
471.532,-96.473
471.542,-105.757
471.551,-106.354
471.561,-101.643
471.571,-97.513
471.581,-102.275
471.591,-100.184
471.601,-101.473
471.611,-99.838
471.621,-102.083
471.630,-103.218
471.640,-102.419
471.650,-102.375
471.660,-98.919
471.670,-100.616
471.680,-100.970
471.690,-102.460
471.700,-105.360
471.709,-100.801
471.719,-104.895
471.729,-100.200
471.739,-100.447
471.749,-101.177
471.759,-100.932
471.769,-100.799
471.779,-101.305
471.789,-102.493
471.798,-102.582
471.808,-104.037
471.818,-101.230
471.828,-101.013
471.838,-102.582
471.848,-100.700
471.858,-106.343
471.868,-99.387
471.877,-100.485
471.887,-101.073
471.897,-107.190
471.907,-103.906
471.917,-100.419
471.927,-98.751
471.937,-107.977
471.947,-105.118
471.957,-101.393
471.966,-101.408
471.976,-102.608
471.986,-101.144
471.996,-99.934
472.006,-102.870
472.016,-101.322
472.026,-108.149
472.036,-101.312
472.045,-98.715
472.055,-100.918
472.065,-103.645
472.075,-102.290
472.085,-98.431
472.095,-103.609
472.105,-103.255
472.115,-104.157
472.125,-107.831
472.134,-101.709
472.144,-101.236
472.154,-100.662
472.164,-96.958
472.174,-98.617
472.184,-102.343
472.194,-101.193
472.204,-105.363
472.213,-103.065
472.223,-103.023
472.233,-102.871
472.243,-102.586
472.253,-100.599
472.263,-104.004
472.273,-106.114
472.283,-100.221
472.292,-101.430
472.302,-100.364
472.312,-100.626
472.322,-102.859
472.332,-98.552
472.342,-104.788
472.352,-102.112
472.362,-101.256
472.372,-104.582
472.381,-102.949
472.391,-104.420
472.401,-98.770
472.411,-104.263
472.421,-106.827
472.431,-102.799
472.441,-104.173
472.451,-102.647
472.460,-99.874
472.470,-101.055
472.480,-108.236
472.490,-102.036
472.500,-100.160
472.510,-102.841
472.520,-99.376
472.530,-100.226
472.540,-108.822
472.549,-102.950
472.559,-105.227
472.569,-100.952
472.579,-102.136
472.589,-105.520
472.599,-101.842
472.609,-102.025
472.619,-102.909
472.628,-101.395
472.638,-102.766
472.648,-103.717
472.658,-102.971
472.668,-102.138
472.678,-103.479
472.688,-101.852
472.698,-102.700
472.708,-101.047
472.717,-101.923
472.727,-98.383
472.727,-99.132
472.737,-98.904
472.747,-98.917
472.757,-101.289
472.767,-98.934
472.777,-96.930
472.787,-97.464
472.796,-99.837
472.806,-97.229
472.816,-101.000
472.826,-98.822
472.836,-98.251
472.846,-101.767
472.856,-98.924
472.866,-99.072
472.875,-100.094
472.885,-98.933
472.895,-95.566
472.905,-99.246
472.915,-98.776
472.925,-99.120
472.935,-99.617
472.945,-99.118
472.955,-97.546
472.964,-99.000
472.974,-101.023
472.984,-99.514
472.994,-100.201
473.004,-100.693
473.014,-101.141
473.024,-99.520
473.034,-98.759
473.043,-99.222
473.053,-99.922
473.063,-98.585
473.073,-100.853
473.083,-97.222
473.093,-99.291
473.103,-98.291
473.113,-98.448
473.123,-100.173
473.132,-101.585
473.142,-100.792
473.152,-99.994
473.162,-98.734
473.172,-99.423
473.182,-96.830
473.192,-100.100
473.202,-100.925
473.211,-100.824
473.221,-99.394
473.231,-100.245
473.241,-99.072
473.251,-97.494
473.261,-99.750
473.271,-100.656
473.281,-101.084
473.291,-100.192
473.300,-99.959
473.310,-100.695
473.320,-101.722
473.330,-100.734
473.340,-99.355
473.350,-99.190
473.360,-101.358
473.370,-99.720
473.379,-100.152
473.389,-96.616
473.399,-98.385
473.409,-101.637
473.419,-97.740
473.429,-101.625
473.439,-100.290
473.449,-103.172
473.458,-101.334
473.468,-101.550
473.478,-99.418
473.488,-99.548
473.498,-101.166
473.508,-97.731
473.518,-99.239
473.528,-98.951
473.538,-97.257
473.547,-97.745
473.557,-99.223
473.567,-100.540
473.577,-98.770
473.587,-99.952
473.597,-100.282
473.607,-96.755
473.617,-99.993
473.626,-98.344
473.636,-98.368
473.646,-99.799
473.656,-99.941
473.666,-97.683
473.676,-100.404
473.686,-99.432
473.696,-99.353
473.706,-97.858
473.715,-96.690
473.725,-98.337
473.735,-97.517
473.745,-98.171
473.755,-96.692
473.765,-97.963
473.775,-97.016
473.785,-99.437
473.794,-99.226
473.804,-99.023
473.814,-99.232
473.824,-93.713
473.834,-97.561
473.844,-99.125
473.854,-97.786
473.864,-98.543
473.874,-98.065
473.883,-96.202
473.893,-96.418
473.903,-96.504
473.913,-98.829
473.923,-98.052
473.933,-96.552
473.943,-100.083
473.953,-97.688
473.962,-96.947
473.972,-96.775
473.982,-96.420
473.992,-96.312
474.002,-97.281
474.012,-96.567
474.022,-94.876
474.032,-94.777
474.042,-97.007
474.051,-98.260
474.061,-96.030
474.071,-96.032
474.081,-95.729
474.091,-95.484
474.101,-95.830
474.111,-95.669
474.121,-95.477
474.130,-97.459
474.140,-94.563
474.150,-95.993
474.160,-94.903
474.170,-94.396
474.180,-96.113
474.190,-96.009
474.200,-96.959
474.209,-96.262
474.219,-97.125
474.229,-95.580
474.239,-94.118
474.249,-95.240
474.259,-96.572
474.269,-95.996
474.279,-96.365
474.289,-94.815
474.298,-95.676
474.308,-97.235
474.318,-95.889
474.328,-95.124
474.338,-93.874
474.348,-95.490
474.358,-94.864
474.368,-96.100
474.377,-93.682
474.387,-94.485
474.397,-94.917
474.407,-95.187
474.417,-96.393
474.427,-94.017
474.437,-95.379
474.447,-96.899
474.457,-97.516
474.466,-93.734
474.476,-96.529
474.486,-95.564
474.496,-95.214
474.506,-96.792
474.516,-95.105
474.526,-97.606
474.536,-96.295
474.545,-95.501
474.555,-96.983
474.565,-95.820
474.575,-97.794
474.585,-95.516
474.595,-95.050
474.605,-95.572
474.615,-95.977
474.625,-98.008
474.634,-95.762
474.644,-95.886
474.654,-96.364
474.664,-95.724
474.674,-94.803
474.684,-96.182
474.694,-95.029
474.704,-94.638
474.713,-95.614
474.723,-97.053
474.733,-95.875
474.743,-96.983
474.753,-97.846
474.763,-96.769
474.773,-97.637
474.783,-96.724
474.792,-95.624
474.802,-97.023
474.812,-95.850
474.822,-97.870
474.832,-96.443
474.842,-94.946
474.852,-95.601
474.862,-96.015
474.872,-96.241
474.881,-96.391
474.891,-98.010
474.901,-96.240
474.911,-99.605
474.921,-96.708
474.931,-96.451
474.941,-97.959
474.951,-101.004
474.960,-99.405
474.970,-98.353
474.980,-100.055
474.990,-97.627
475.000,-98.465
475.010,-98.549
475.020,-101.408
475.030,-99.552
475.040,-99.134
475.049,-99.807
475.059,-97.377
475.069,-98.416
475.079,-96.649
475.089,-99.188
475.099,-97.837
475.109,-98.006
475.119,-99.855
475.128,-99.713
475.138,-95.216
475.148,-95.453
475.158,-96.842
475.168,-97.178
475.178,-97.288
475.188,-95.620
475.198,-99.038
475.208,-97.790
475.217,-99.459
475.227,-96.063
475.237,-98.569
475.247,-98.803
475.257,-99.954
475.267,-99.860
475.277,-98.021
475.287,-100.583
475.296,-99.559
475.306,-100.443
475.316,-98.570
475.326,-100.106
475.336,-100.189
475.346,-98.881
475.356,-97.656
475.366,-98.560
475.375,-96.679
475.385,-100.598
475.395,-101.145
475.405,-99.788
475.415,-100.758
475.425,-101.767
475.435,-98.290
475.445,-100.494
475.455,-97.368
475.464,-99.645
475.474,-99.514
475.484,-102.166
475.494,-98.299
475.504,-98.518
475.514,-99.619
475.524,-100.096
475.534,-99.967
475.543,-98.345
475.553,-99.064
475.563,-98.728
475.573,-99.697
475.583,-99.147
475.593,-99.597
475.603,-98.412
475.613,-94.085
475.623,-99.003
475.632,-100.282
475.642,-98.496
475.652,-98.832
475.662,-99.761
475.672,-96.342
475.682,-97.136
475.692,-100.039
475.702,-101.381
475.711,-96.896
475.721,-98.293
475.731,-99.650
475.741,-100.357
475.751,-97.135
475.761,-98.599
475.771,-95.520
475.781,-99.174
475.791,-99.284
475.800,-98.243
475.810,-99.845
475.820,-98.772
475.830,-100.333
475.840,-99.944
475.850,-99.120
475.860,-99.023
475.870,-95.177
475.879,-96.411
475.889,-97.277
475.899,-99.498
475.909,-100.511
475.919,-102.442
475.929,-100.372
475.939,-102.012
475.949,-100.704
475.958,-99.722
475.968,-100.203
475.978,-100.150
475.988,-101.457
475.998,-99.316
476.008,-99.153
476.018,-99.718
476.028,-99.522
476.038,-100.739
476.047,-98.939
476.057,-97.409
476.067,-98.652
476.077,-100.331
476.087,-98.985
476.097,-98.487
476.107,-98.340
476.117,-97.626
476.126,-100.203
476.136,-101.201
476.146,-98.622
476.156,-100.033
476.166,-100.564
476.176,-98.536
476.186,-100.432
476.196,-99.737
476.206,-98.966
476.215,-100.072
476.225,-98.569
476.235,-99.016
476.245,-100.990
476.255,-101.187
476.265,-99.994
476.275,-98.864
476.285,-101.246
476.294,-98.589
476.304,-101.003
476.314,-102.089
476.324,-101.989
476.334,-98.954
476.344,-99.911
476.354,-101.134
476.364,-98.427
476.374,-103.737
476.383,-100.320
476.393,-100.115
476.403,-98.434
476.413,-98.518
476.423,-101.029
476.433,-102.792
476.443,-99.772
476.453,-98.409
476.462,-99.314
476.472,-98.418
476.482,-95.721
476.492,-99.706
476.502,-99.011
476.512,-97.455
476.522,-102.092
476.532,-98.076
476.542,-97.548
476.551,-99.951
476.561,-99.311
476.571,-99.273
476.581,-100.678
476.591,-98.121
476.601,-98.443
476.611,-99.309
476.621,-99.185
476.630,-97.992
476.640,-98.830
476.650,-99.498
476.660,-99.031
476.670,-99.457
476.680,-99.992
476.690,-99.188
476.700,-98.482
476.709,-99.198
476.719,-99.316
476.729,-99.378
476.739,-102.017
476.749,-99.448
476.759,-100.067
476.769,-99.267
476.779,-96.309
476.789,-100.178
476.798,-98.783
476.808,-99.306
476.818,-98.606
476.828,-99.111
476.838,-97.069
476.848,-100.168
476.858,-97.793
476.868,-98.465
476.877,-99.673
476.887,-98.786
476.897,-98.731
476.907,-97.511
476.917,-98.940
476.927,-98.447
476.937,-98.996
476.947,-99.503
476.957,-99.044
476.966,-98.922
476.976,-97.565
476.986,-98.696
476.996,-99.014
477.006,-98.062
477.016,-98.318
477.026,-97.952
477.036,-95.886
477.045,-99.237
477.055,-98.985
477.065,-101.074
477.075,-97.217
477.085,-99.015
477.095,-98.156
477.105,-98.091
477.115,-95.625
477.125,-97.803
477.134,-98.796
477.144,-97.459
477.154,-98.292
477.164,-97.833
477.174,-98.177
477.184,-98.509
477.194,-95.215
477.204,-99.507
477.213,-99.141
477.223,-98.573
477.233,-98.988
477.243,-96.807
477.253,-96.565
477.263,-97.875
477.273,-99.779
477.273,-97.992
477.283,-97.320
477.292,-97.037
477.302,-98.275
477.312,-98.280
477.322,-95.726
477.332,-98.285
477.342,-98.421
477.352,-96.949
477.362,-97.534
477.372,-97.686
477.381,-97.732
477.391,-97.199
477.401,-97.802
477.411,-96.913
477.421,-98.992
477.431,-97.721
477.441,-99.215
477.451,-99.352
477.460,-100.279
477.470,-96.661
477.480,-97.265
477.490,-97.985
477.500,-97.880
477.510,-95.660
477.520,-98.889
477.530,-98.983
477.540,-98.467
477.549,-98.562
477.559,-98.508
477.569,-98.912
477.579,-99.861
477.589,-101.942
477.599,-99.462
477.609,-98.141
477.619,-100.177
477.628,-97.770
477.638,-98.715
477.648,-98.038
477.658,-99.709
477.668,-99.143
477.678,-99.102
477.688,-97.613
477.698,-100.238
477.708,-99.291
477.717,-96.783
477.727,-98.021
477.737,-98.870
477.747,-100.116
477.757,-100.418
477.767,-100.965
477.777,-100.174
477.787,-97.088
477.796,-98.141
477.806,-99.856
477.816,-99.576
477.826,-98.907
477.836,-99.541
477.846,-98.755
477.856,-99.789
477.866,-101.235
477.875,-101.294
477.885,-99.579
477.895,-98.687
477.905,-99.890
477.915,-98.380
477.925,-99.369
477.935,-98.398
477.945,-97.123
477.955,-97.122
477.964,-97.095
477.974,-97.330
477.984,-99.987
477.994,-98.959
478.004,-99.477
478.014,-99.014
478.024,-99.986
478.034,-101.616
478.043,-96.277
478.053,-100.425
478.063,-97.530
478.073,-98.602
478.083,-98.564
478.093,-99.273
478.103,-99.699
478.113,-100.308
478.123,-98.863
478.132,-98.539
478.142,-99.801
478.152,-99.213
478.162,-98.791
478.172,-101.094
478.182,-98.545
478.192,-100.971
478.202,-98.846
478.211,-99.087
478.221,-97.383
478.231,-97.320
478.241,-101.341
478.251,-99.773
478.261,-97.628
478.271,-98.307
478.281,-96.588
478.291,-100.706
478.300,-99.068
478.310,-100.476
478.320,-97.369
478.330,-99.812
478.340,-101.028
478.350,-99.219
478.360,-100.517
478.370,-99.842
478.379,-97.816
478.389,-98.599
478.399,-99.470
478.409,-101.288
478.419,-101.015
478.429,-96.010
478.439,-99.798
478.449,-96.500
478.458,-100.804
478.468,-99.560
478.478,-101.032
478.488,-99.809
478.498,-99.517
478.508,-101.448
478.518,-98.505
478.528,-101.411
478.538,-98.557
478.547,-99.433
478.557,-99.155
478.567,-101.343
478.577,-98.420
478.587,-99.942
478.597,-96.759
478.607,-100.252
478.617,-103.887
478.626,-98.728
478.636,-100.847
478.646,-100.115
478.656,-98.416
478.666,-99.699
478.676,-98.703
478.686,-99.412
478.696,-100.651
478.706,-98.406
478.715,-100.767
478.725,-97.849
478.735,-97.813
478.745,-99.897
478.755,-99.099
478.765,-99.237
478.775,-97.993
478.785,-98.201
478.794,-98.578
478.804,-96.415
478.814,-99.308
478.824,-100.495
478.834,-99.691
478.844,-98.521
478.854,-98.684
478.864,-100.755
478.874,-102.305
478.883,-100.756
478.893,-98.507
478.903,-100.885
478.913,-97.300
478.923,-98.533
478.933,-102.257
478.943,-98.972
478.953,-99.078
478.962,-100.803
478.972,-99.775
478.982,-101.745
478.992,-100.989
479.002,-99.048
479.012,-95.331
479.022,-100.861
479.032,-99.569
479.042,-97.640
479.051,-98.210
479.061,-99.396
479.071,-102.286
479.081,-98.371
479.091,-97.929
479.101,-99.639
479.111,-98.018
479.121,-97.693
479.130,-99.435
479.140,-96.774
479.150,-99.523
479.160,-98.430
479.170,-97.008
479.180,-98.202
479.190,-101.311
479.200,-97.604
479.209,-98.039
479.219,-97.931
479.229,-99.042
479.239,-96.974
479.249,-97.666
479.259,-99.287
479.269,-96.237
479.279,-95.758
479.289,-97.380
479.298,-99.578
479.308,-96.984
479.318,-99.252
479.328,-97.189
479.338,-95.625
479.348,-98.195
479.358,-97.153
479.368,-98.475
479.377,-96.449
479.387,-98.070
479.397,-96.746
479.407,-97.115
479.417,-97.933
479.427,-95.379
479.437,-98.025
479.447,-98.395
479.457,-93.916
479.466,-96.529
479.476,-96.384
479.486,-95.371
479.496,-95.757
479.506,-95.428
479.516,-96.583
479.526,-95.655
479.536,-97.196
479.545,-95.045
479.555,-94.833
479.565,-96.205
479.575,-94.510
479.585,-95.472
479.595,-96.302
479.605,-93.890
479.615,-94.845
479.625,-97.490
479.634,-93.606
479.644,-94.210
479.654,-94.189
479.664,-90.690
479.674,-93.283
479.684,-94.558
479.694,-95.241
479.704,-94.935
479.713,-94.710
479.723,-95.256
479.733,-93.875
479.743,-94.687
479.753,-94.279
479.763,-92.496
479.773,-94.301
479.783,-93.528
479.792,-92.387
479.802,-93.847
479.812,-94.588
479.822,-94.656
479.832,-93.097
479.842,-92.312
479.852,-92.732
479.862,-94.765
479.872,-92.068
479.881,-94.221
479.891,-93.614
479.901,-93.069
479.911,-95.866
479.921,-92.923
479.931,-94.232
479.941,-93.796
479.951,-93.153
479.960,-94.712
479.970,-94.413
479.980,-93.187
479.990,-93.477
480.000,-91.357
480.010,-93.509
480.020,-92.452
480.030,-93.519
480.040,-93.865
480.049,-93.469
480.059,-92.406
480.069,-93.743
480.079,-93.111
480.089,-94.798
480.099,-92.325
480.109,-91.743
480.119,-93.986
480.128,-91.121
480.138,-94.343
480.148,-96.151
480.158,-91.841
480.168,-93.215
480.178,-94.192
480.188,-93.862
480.198,-91.571
480.208,-92.578
480.217,-92.539
480.227,-94.777
480.237,-94.756
480.247,-92.623
480.257,-93.463
480.267,-93.070
480.277,-93.050
480.287,-92.902
480.296,-94.100
480.306,-93.080
480.316,-93.615
480.326,-95.572
480.336,-96.029
480.346,-94.980
480.356,-94.057
480.366,-94.138
480.375,-97.245
480.385,-95.408
480.395,-94.682
480.405,-94.327
480.415,-94.934
480.425,-95.072
480.435,-96.153
480.445,-97.488
480.455,-95.242
480.464,-93.306
480.474,-96.960
480.484,-97.238
480.494,-94.442
480.504,-95.746
480.514,-96.436
480.524,-97.265
480.534,-96.516
480.543,-97.835
480.553,-97.701
480.563,-97.482
480.573,-97.386
480.583,-95.405
480.593,-94.917
480.603,-95.972
480.613,-96.037
480.623,-97.207
480.632,-98.030
480.642,-98.278
480.652,-94.815
480.662,-97.866
480.672,-97.726
480.682,-96.886
480.692,-97.205
480.702,-99.506
480.711,-97.375
480.721,-98.669
480.731,-97.939
480.741,-99.509
480.751,-97.925
480.761,-98.276
480.771,-96.766
480.781,-98.292
480.791,-99.036
480.800,-98.828
480.810,-100.862
480.820,-99.997
480.830,-98.704
480.840,-98.102
480.850,-96.149
480.860,-96.873
480.870,-97.755
480.879,-98.215
480.889,-97.019
480.899,-98.218
480.909,-98.920
480.919,-99.461
480.929,-98.006
480.939,-99.863
480.949,-98.700
480.958,-98.628
480.968,-99.008
480.978,-101.777
480.988,-98.779
480.998,-101.807
481.008,-101.619
481.018,-99.364
481.028,-100.925
481.038,-98.606
481.047,-100.032
481.057,-100.084
481.067,-98.294
481.077,-100.653
481.087,-103.700
481.097,-102.167
481.107,-103.077
481.117,-100.544
481.126,-99.826
481.136,-100.693
481.146,-99.273
481.156,-97.563
481.166,-99.588
481.176,-102.449
481.186,-99.868
481.196,-100.516
481.206,-98.458
481.215,-99.362
481.225,-102.430
481.235,-100.246
481.245,-101.326
481.255,-98.466
481.265,-100.130
481.275,-101.596
481.285,-98.707
481.294,-101.480
481.304,-99.926
481.314,-99.774
481.324,-103.100
481.334,-98.325
481.344,-101.021
481.354,-97.194
481.364,-102.004
481.374,-100.929
481.383,-103.334
481.393,-97.229
481.403,-100.677
481.413,-101.824
481.423,-98.360
481.433,-98.750
481.443,-102.177
481.453,-100.901
481.462,-100.875
481.472,-100.857
481.482,-101.057
481.492,-98.942
481.502,-101.400
481.512,-99.208
481.522,-98.277
481.532,-100.432
481.542,-102.590
481.551,-101.261
481.561,-99.340
481.571,-99.989
481.581,-99.433
481.591,-99.270
481.601,-101.368
481.611,-100.646
481.621,-100.207
481.630,-99.916
481.640,-102.534
481.650,-101.988
481.660,-99.428
481.670,-100.584
481.680,-98.489
481.690,-99.170
481.700,-103.625
481.709,-102.736
481.719,-99.462
481.729,-99.177
481.739,-100.800
481.749,-99.882
481.759,-100.544
481.769,-100.964
481.779,-101.220
481.789,-102.738
481.798,-99.425
481.808,-102.177
481.818,-99.587
481.818,-98.516
481.828,-101.462
481.838,-101.355
481.848,-98.385
481.858,-98.777
481.868,-101.000
481.877,-99.948
481.887,-99.650
481.897,-98.285
481.907,-100.181
481.917,-98.122
481.927,-98.582
481.937,-97.735
481.947,-99.961
481.957,-100.018
481.966,-99.448
481.976,-100.397
481.986,-101.384
481.996,-100.452
482.006,-103.683
482.016,-101.226
482.026,-98.242
482.036,-100.019
482.045,-98.169
482.055,-101.498
482.065,-100.577
482.075,-100.893
482.085,-99.738
482.095,-100.257
482.105,-98.315
482.115,-101.324
482.125,-100.661
482.134,-97.480
482.144,-99.630
482.154,-99.653
482.164,-100.698
482.174,-100.114
482.184,-103.450
482.194,-98.176
482.204,-99.717
482.213,-100.365
482.223,-99.447
482.233,-100.280
482.243,-99.524
482.253,-100.148
482.263,-99.061
482.273,-99.250
482.283,-99.782
482.292,-99.575
482.302,-98.019
482.312,-99.813
482.322,-97.973
482.332,-100.083
482.342,-99.613
482.352,-98.404
482.362,-98.313
482.372,-101.184
482.381,-99.036
482.391,-100.312
482.401,-99.280
482.411,-99.413
482.421,-99.535
482.431,-99.960
482.441,-97.966
482.451,-97.722
482.460,-99.215
482.470,-98.823
482.480,-98.970
482.490,-97.979
482.500,-100.259
482.510,-99.938
482.520,-100.687
482.530,-100.116
482.540,-99.029
482.549,-98.667
482.559,-97.222
482.569,-97.089
482.579,-98.470
482.589,-96.680
482.599,-99.391
482.609,-94.691
482.619,-97.546
482.628,-101.357
482.638,-98.419
482.648,-99.100
482.658,-100.017
482.668,-99.347
482.678,-97.506
482.688,-97.860
482.698,-98.144
482.708,-98.800
482.717,-99.834
482.727,-97.314
482.737,-97.110
482.747,-97.918
482.757,-99.425
482.767,-98.663
482.777,-97.499
482.787,-100.711
482.796,-99.683
482.806,-98.473
482.816,-97.607
482.826,-99.501
482.836,-99.012
482.846,-99.417
482.856,-97.983
482.866,-98.234
482.875,-97.585
482.885,-98.418
482.895,-98.608
482.905,-98.889
482.915,-97.917
482.925,-98.630
482.935,-98.242
482.945,-99.701
482.955,-98.168
482.964,-98.143
482.974,-99.127
482.984,-97.551
482.994,-101.117
483.004,-97.553
483.014,-98.400
483.024,-99.468
483.034,-95.398
483.043,-99.193
483.053,-97.508
483.063,-97.678
483.073,-99.881
483.083,-96.994
483.093,-98.674
483.103,-97.873
483.113,-96.690
483.123,-99.226
483.132,-98.064
483.142,-100.855
483.152,-100.302
483.162,-99.820
483.172,-98.296
483.182,-101.089
483.192,-97.830
483.202,-99.983
483.211,-97.177
483.221,-96.599
483.231,-100.394
483.241,-98.464
483.251,-98.466
483.261,-100.091
483.271,-102.097
483.281,-99.567
483.291,-98.151
483.300,-98.392
483.310,-99.818
483.320,-99.300
483.330,-100.109
483.340,-101.143
483.350,-99.164
483.360,-98.172
483.370,-96.421
483.379,-98.651
483.389,-102.932
483.399,-100.685
483.409,-98.451
483.419,-98.501
483.429,-100.188
483.439,-97.248
483.449,-98.747
483.458,-101.604
483.468,-100.890
483.478,-99.588
483.488,-101.490
483.498,-100.944
483.508,-100.006
483.518,-101.132
483.528,-99.718
483.538,-99.462
483.547,-100.655
483.557,-100.257
483.567,-99.026
483.577,-100.124
483.587,-101.246
483.597,-100.405
483.607,-98.843
483.617,-102.521
483.626,-100.292
483.636,-100.044
483.646,-101.674
483.656,-100.901
483.666,-98.041
483.676,-100.436
483.686,-101.260
483.696,-98.206
483.706,-101.162
483.715,-100.183
483.725,-99.930
483.735,-100.748
483.745,-101.107
483.755,-100.182
483.765,-99.747
483.775,-99.635
483.785,-99.248
483.794,-101.473
483.804,-97.176
483.814,-98.319
483.824,-100.920
483.834,-101.873
483.844,-99.615
483.854,-97.488
483.864,-100.551
483.874,-99.070
483.883,-100.327
483.893,-101.774
483.903,-102.103
483.913,-100.231
483.923,-98.876
483.933,-100.369
483.943,-99.291
483.953,-102.566
483.962,-99.991
483.972,-99.247
483.982,-100.805
483.992,-102.139
484.002,-101.294
484.012,-98.305
484.022,-104.472
484.032,-100.900
484.042,-101.786
484.051,-102.332
484.061,-99.623
484.071,-98.076
484.081,-99.219
484.091,-101.813
484.101,-99.635
484.111,-101.506
484.121,-100.085
484.130,-100.471
484.140,-101.783
484.150,-101.071
484.160,-101.108
484.170,-101.241
484.180,-99.741
484.190,-99.440
484.200,-99.087
484.209,-99.403
484.219,-102.050
484.229,-100.593
484.239,-100.898
484.249,-101.150
484.259,-101.044
484.269,-99.764
484.279,-99.521
484.289,-99.047
484.298,-99.369
484.308,-101.883
484.318,-100.750
484.328,-97.722
484.338,-101.446
484.348,-102.315
484.358,-101.821
484.368,-103.226
484.377,-100.595
484.387,-98.803
484.397,-101.589
484.407,-102.546
484.417,-100.823
484.427,-100.779
484.437,-100.547
484.447,-102.868
484.457,-103.527
484.466,-100.716
484.476,-99.494
484.486,-102.410
484.496,-99.440
484.506,-100.325
484.516,-100.049
484.526,-101.155
484.536,-101.187
484.545,-100.738
484.555,-100.076
484.565,-102.003
484.575,-100.030
484.585,-102.680
484.595,-99.816
484.605,-103.769
484.615,-101.418
484.625,-99.069
484.634,-102.210
484.644,-99.906
484.654,-100.605
484.664,-99.411
484.674,-103.126
484.684,-100.398
484.694,-101.603
484.704,-100.577
484.713,-100.683
484.723,-99.509
484.733,-104.182
484.743,-99.955
484.753,-101.232
484.763,-101.455
484.773,-98.437
484.783,-100.851
484.792,-100.308
484.802,-100.373
484.812,-101.659
484.822,-100.963
484.832,-101.247
484.842,-97.858
484.852,-100.938
484.862,-102.263
484.872,-100.773
484.881,-100.866
484.891,-100.081
484.901,-98.162
484.911,-100.670
484.921,-102.865
484.931,-101.241
484.941,-100.348
484.951,-98.878
484.960,-98.693
484.970,-98.320
484.980,-99.785
484.990,-99.160
485.000,-101.812
485.010,-99.728
485.020,-98.134
485.030,-97.511
485.040,-100.600
485.049,-99.221
485.059,-100.624
485.069,-97.228
485.079,-100.471
485.089,-98.253
485.099,-98.978
485.109,-99.014
485.119,-97.648
485.128,-98.433
485.138,-99.124
485.148,-98.407
485.158,-98.832
485.168,-98.751
485.178,-97.103
485.188,-99.800
485.198,-97.905
485.208,-97.571
485.217,-96.969
485.227,-96.935
485.237,-95.961
485.247,-95.967
485.257,-96.925
485.267,-99.058
485.277,-95.937
485.287,-98.517
485.296,-98.688
485.306,-97.084
485.316,-97.091
485.326,-95.289
485.336,-96.450
485.346,-97.222
485.356,-95.432
485.366,-96.938
485.375,-94.094
485.385,-98.113
485.395,-96.988
485.405,-96.209
485.415,-98.411
485.425,-96.536
485.435,-96.446
485.445,-95.513
485.455,-97.366
485.464,-96.547
485.474,-95.880
485.484,-97.235
485.494,-96.846
485.504,-97.250
485.514,-95.437
485.524,-96.961
485.534,-95.449
485.543,-94.565
485.553,-94.405
485.563,-96.809
485.573,-96.195
485.583,-95.992
485.593,-95.513
485.603,-94.869
485.613,-96.735
485.623,-94.426
485.632,-96.549
485.642,-95.441
485.652,-94.586
485.662,-93.230
485.672,-95.635
485.682,-96.054
485.692,-95.200
485.702,-95.524
485.711,-93.117
485.721,-95.499
485.731,-95.303
485.741,-95.373
485.751,-94.988
485.761,-98.300
485.771,-96.202
485.781,-95.752
485.791,-94.912
485.800,-95.232
485.810,-96.101
485.820,-95.995
485.830,-95.938
485.840,-96.580
485.850,-95.350
485.860,-95.327
485.870,-96.526
485.879,-97.090
485.889,-94.113
485.899,-95.342
485.909,-97.582
485.919,-96.429
485.929,-96.051
485.939,-96.281
485.949,-97.371
485.958,-95.678
485.968,-97.174
485.978,-96.125
485.988,-96.090
485.998,-96.335
486.008,-95.451
486.018,-96.435
486.028,-96.708
486.038,-95.847
486.047,-95.111
486.057,-97.769
486.067,-96.755
486.077,-97.394
486.087,-97.136
486.097,-96.979
486.107,-98.054
486.117,-96.030
486.126,-99.182
486.136,-99.204
486.146,-99.035
486.156,-95.534
486.166,-97.110
486.176,-97.957
486.186,-100.282
486.196,-97.795
486.206,-98.575
486.215,-98.762
486.225,-96.767
486.235,-96.312
486.245,-98.801
486.255,-97.408
486.265,-97.111
486.275,-97.587
486.285,-99.476
486.294,-98.870
486.304,-99.356
486.314,-97.092
486.324,-98.458
486.334,-98.880
486.344,-97.674
486.354,-99.080
486.364,-99.450
486.364,-98.837
486.374,-98.834
486.383,-99.923
486.393,-100.763
486.403,-100.055
486.413,-99.761
486.423,-98.506
486.433,-97.799
486.443,-99.719
486.453,-98.410
486.462,-99.335
486.472,-98.297
486.482,-101.097
486.492,-99.464
486.502,-100.199
486.512,-99.353
486.522,-99.818
486.532,-101.106
486.542,-101.135
486.551,-100.245
486.561,-99.854
486.571,-101.493
486.581,-98.845
486.591,-101.999
486.601,-101.452
486.611,-100.593
486.621,-97.584
486.630,-99.540
486.640,-98.581
486.650,-100.103
486.660,-100.167
486.670,-98.454
486.680,-100.391
486.690,-99.170
486.700,-99.986
486.709,-101.362
486.719,-101.564
486.729,-101.181
486.739,-100.038
486.749,-98.739
486.759,-96.684
486.769,-100.432
486.779,-100.930
486.789,-101.454
486.798,-101.054
486.808,-99.553
486.818,-102.446
486.828,-100.214
486.838,-100.607
486.848,-102.577
486.858,-98.816
486.868,-100.911
486.877,-99.182
486.887,-101.443
486.897,-99.916
486.907,-98.071
486.917,-102.043
486.927,-99.861
486.937,-100.638
486.947,-100.989
486.957,-99.024
486.966,-100.257
486.976,-101.903
486.986,-100.258
486.996,-101.713
487.006,-100.231
487.016,-100.917
487.026,-100.913
487.036,-100.348
487.045,-101.208
487.055,-100.095
487.065,-101.917
487.075,-100.790
487.085,-99.020
487.095,-100.631
487.105,-100.360
487.115,-98.878
487.125,-97.139
487.134,-99.015
487.144,-98.845
487.154,-100.291
487.164,-99.400
487.174,-101.430
487.184,-99.578
487.194,-100.957
487.204,-100.376
487.213,-99.938
487.223,-98.919
487.233,-101.440
487.243,-99.574
487.253,-101.973
487.263,-100.952
487.273,-98.405
487.283,-100.631
487.292,-100.484
487.302,-99.405
487.312,-100.876
487.322,-101.489
487.332,-103.131
487.342,-100.412
487.352,-99.926
487.362,-100.802
487.372,-99.103
487.381,-100.702
487.391,-102.696
487.401,-100.772
487.411,-102.584
487.421,-99.115
487.431,-102.781
487.441,-99.342
487.451,-100.812
487.460,-99.258
487.470,-98.550
487.480,-98.421
487.490,-103.283
487.500,-100.660
487.510,-102.536
487.520,-101.524
487.530,-100.541
487.540,-99.468
487.549,-103.795
487.559,-100.010
487.569,-100.818
487.579,-98.769
487.589,-101.501
487.599,-101.462
487.609,-100.534
487.619,-98.925
487.628,-100.334
487.638,-102.100
487.648,-100.817
487.658,-100.477
487.668,-99.890
487.678,-102.218
487.688,-100.235
487.698,-101.840
487.708,-102.785
487.717,-101.275
487.727,-100.918
487.737,-99.841
487.747,-101.487
487.757,-99.672
487.767,-99.793
487.777,-101.338
487.787,-98.242
487.796,-99.244
487.806,-100.449
487.816,-104.049
487.826,-101.462
487.836,-101.267
487.846,-101.329
487.856,-101.797
487.866,-102.768
487.875,-99.448
487.885,-99.737
487.895,-100.308
487.905,-101.719
487.915,-99.959
487.925,-102.197
487.935,-100.447
487.945,-101.897
487.955,-101.370
487.964,-102.208
487.974,-100.237
487.984,-98.988
487.994,-98.450
488.004,-100.587
488.014,-100.198
488.024,-100.260
488.034,-101.299
488.043,-97.873
488.053,-101.173
488.063,-99.979
488.073,-99.737
488.083,-100.569
488.093,-99.238
488.103,-99.438
488.113,-100.929
488.123,-98.596
488.132,-98.813
488.142,-100.853
488.152,-100.965
488.162,-99.475
488.172,-102.283
488.182,-98.105
488.192,-101.168
488.202,-99.018
488.211,-99.571
488.221,-100.577
488.231,-101.349
488.241,-100.661
488.251,-100.171
488.261,-100.550
488.271,-98.397
488.281,-99.569
488.291,-99.692
488.300,-99.929
488.310,-99.877
488.320,-98.889
488.330,-99.792
488.340,-100.673
488.350,-99.262
488.360,-98.685
488.370,-99.335
488.379,-100.337
488.389,-99.299
488.399,-100.607
488.409,-98.385
488.419,-97.812
488.429,-100.915
488.439,-99.915
488.449,-97.807
488.458,-100.731
488.468,-99.694
488.478,-100.148
488.488,-101.677
488.498,-100.510
488.508,-101.452
488.518,-99.280
488.528,-100.274
488.538,-102.156
488.547,-99.486
488.557,-99.891
488.567,-98.869
488.577,-103.117
488.587,-101.431
488.597,-99.920
488.607,-100.689
488.617,-100.026
488.626,-100.650
488.636,-99.475
488.646,-101.315
488.656,-100.142
488.666,-101.342
488.676,-100.670
488.686,-99.772
488.696,-99.490
488.706,-100.404
488.715,-100.379
488.725,-99.861
488.735,-101.628
488.745,-99.864
488.755,-100.865
488.765,-99.193
488.775,-102.009
488.785,-101.110
488.794,-101.414
488.804,-102.929
488.814,-99.848
488.824,-99.639
488.834,-101.925
488.844,-100.269
488.854,-100.102
488.864,-99.150
488.874,-97.171
488.883,-98.633
488.893,-101.402
488.903,-102.117
488.913,-97.853
488.923,-99.995
488.933,-102.198
488.943,-101.392
488.953,-100.054
488.962,-98.866
488.972,-100.453
488.982,-101.713
488.992,-100.136
489.002,-99.231
489.012,-101.538
489.022,-100.998
489.032,-100.549
489.042,-100.171
489.051,-99.622
489.061,-99.626
489.071,-102.785
489.081,-98.936
489.091,-101.830
489.101,-98.607
489.111,-102.035
489.121,-100.962
489.130,-98.956
489.140,-100.395
489.150,-100.241
489.160,-101.855
489.170,-100.227
489.180,-100.300
489.190,-101.247
489.200,-100.105
489.209,-101.291
489.219,-103.403
489.229,-99.214
489.239,-99.964
489.249,-101.814
489.259,-99.894
489.269,-102.560
489.279,-101.396
489.289,-100.418
489.298,-102.134
489.308,-100.158
489.318,-99.891
489.328,-101.057
489.338,-100.264
489.348,-101.564
489.358,-101.737
489.368,-102.598
489.377,-101.228
489.387,-103.076
489.397,-100.429
489.407,-99.318
489.417,-100.451
489.427,-98.698
489.437,-101.115
489.447,-100.986
489.457,-99.299
489.466,-97.253
489.476,-102.012
489.486,-102.094
489.496,-100.321
489.506,-99.372
489.516,-101.180
489.526,-101.462
489.536,-101.263
489.545,-101.111
489.555,-99.965
489.565,-100.835
489.575,-99.864
489.585,-99.804
489.595,-102.373
489.605,-101.557
489.615,-103.273
489.625,-103.751
489.634,-100.273
489.644,-101.092
489.654,-101.625
489.664,-101.969
489.674,-98.463
489.684,-101.590
489.694,-100.442
489.704,-102.406
489.713,-100.178
489.723,-101.399
489.733,-99.681
489.743,-99.996
489.753,-98.877
489.763,-102.312
489.773,-100.709
489.783,-101.078
489.792,-101.028
489.802,-100.583
489.812,-99.366
489.822,-99.925
489.832,-100.474
489.842,-101.851
489.852,-101.867
489.862,-102.017
489.872,-100.648
489.881,-100.076
489.891,-101.111
489.901,-103.409
489.911,-102.383
489.921,-99.323
489.931,-102.244
489.941,-99.235
489.951,-101.884
489.960,-97.916
489.970,-102.392
489.980,-102.197
489.990,-102.153
490.000,-101.289
490.010,-99.244
490.020,-99.792
490.030,-100.773
490.040,-101.266
490.049,-100.803
490.059,-97.813
490.069,-102.082
490.079,-100.023
490.089,-100.291
490.099,-99.799
490.109,-103.192
490.119,-100.601
490.128,-102.708
490.138,-99.975
490.148,-101.831
490.158,-101.212
490.168,-97.089
490.178,-102.439
490.188,-100.772
490.198,-100.262
490.208,-100.856
490.217,-99.783
490.227,-102.918
490.237,-100.874
490.247,-99.690
490.257,-99.679
490.267,-100.622
490.277,-100.409
490.287,-98.791
490.296,-98.454
490.306,-101.839
490.316,-99.756
490.326,-101.124
490.336,-100.498
490.346,-99.540
490.356,-101.671
490.366,-101.686
490.375,-100.648
490.385,-100.557
490.395,-101.131
490.405,-101.544
490.415,-98.986
490.425,-100.606
490.435,-101.981
490.445,-101.838
490.455,-101.463
490.464,-103.188
490.474,-101.401
490.484,-99.176
490.494,-100.246
490.504,-101.056
490.514,-102.812
490.524,-99.194
490.534,-97.938
490.543,-98.301
490.553,-99.111
490.563,-99.834
490.573,-99.736
490.583,-102.127
490.593,-100.432
490.603,-100.384
490.613,-101.110
490.623,-99.514
490.632,-100.395
490.642,-97.066
490.652,-99.753
490.662,-101.552
490.672,-99.221
490.682,-100.845
490.692,-99.270
490.702,-99.653
490.711,-100.029
490.721,-98.821
490.731,-98.936
490.741,-98.506
490.751,-98.431
490.761,-99.585
490.771,-96.787
490.781,-99.237
490.791,-100.872
490.800,-100.428
490.810,-100.734
490.820,-97.680
490.830,-96.227
490.840,-100.252
490.850,-99.288
490.860,-101.496
490.870,-100.025
490.879,-98.465
490.889,-98.040
490.899,-97.269
490.909,-96.051
