50.000,-86.650
50.108,-87.916
50.217,-86.828
50.325,-87.686
50.434,-88.010
50.542,-88.402
50.651,-84.830
50.759,-89.746
50.868,-89.132
50.976,-89.559
51.085,-88.632
51.193,-87.266
51.302,-83.246
51.410,-89.012
51.519,-88.164
51.627,-88.653
51.736,-88.904
51.844,-89.276
51.953,-89.519
52.061,-88.330
52.170,-83.126
52.278,-83.165
52.387,-88.560
52.495,-91.016
52.603,-88.802
52.712,-85.706
52.820,-83.926
52.929,-87.095
53.037,-89.673
53.146,-86.746
53.254,-87.971
53.363,-88.765
53.471,-89.092
53.580,-89.125
53.688,-86.341
53.797,-76.939
53.905,-86.852
54.014,-87.470
54.122,-89.519
54.231,-87.978
54.339,-88.801
54.448,-90.707
54.556,-88.810
54.665,-90.819
54.773,-92.292
54.882,-91.122
54.990,-91.289
55.098,-90.837
55.207,-90.324
55.315,-80.859
55.424,-89.169
55.532,-88.989
55.641,-92.663
55.749,-92.743
55.858,-93.948
55.966,-91.088
56.075,-94.231
56.183,-90.536
56.292,-92.644
56.400,-87.931
56.509,-90.638
56.617,-89.952
56.726,-89.891
56.834,-73.375
56.943,-84.642
57.051,-90.968
57.160,-91.503
57.268,-91.860
57.377,-91.451
57.485,-92.166
57.593,-92.471
57.702,-92.362
57.810,-95.442
57.919,-93.377
58.027,-92.878
58.136,-93.232
58.244,-94.463
58.353,-82.104
58.461,-92.404
58.570,-92.750
58.678,-90.427
58.787,-92.605
58.895,-94.159
59.004,-90.461
59.112,-93.128
59.221,-94.018
59.329,-90.319
59.438,-84.011
59.546,-92.076
59.655,-90.723
59.763,-88.707
59.872,-79.781
59.980,-89.232
60.088,-89.592
60.197,-88.648
60.305,-86.537
60.414,-87.498
60.522,-88.698
60.631,-87.205
60.739,-86.983
60.848,-86.408
60.956,-86.456
61.065,-87.684
61.173,-86.041
61.282,-86.462
61.390,-79.987
61.499,-80.926
61.607,-85.285
61.716,-85.069
61.824,-85.797
61.933,-85.252
62.041,-85.808
62.150,-85.518
62.258,-85.347
62.367,-86.690
62.475,-86.298
62.583,-87.172
62.692,-88.222
62.800,-87.168
62.909,-88.144
63.017,-79.573
63.126,-88.951
63.234,-89.771
63.343,-89.916
63.451,-90.347
63.560,-91.799
63.668,-91.052
63.777,-91.343
63.885,-94.067
63.994,-95.389
64.102,-94.469
64.211,-95.780
64.319,-95.032
64.428,-94.662
64.536,-86.524
64.645,-94.544
64.753,-92.173
64.862,-94.359
64.970,-91.832
65.078,-91.588
65.187,-90.498
65.295,-90.219
65.404,-90.157
65.512,-90.635
65.621,-89.427
65.729,-89.113
65.838,-89.269
65.946,-88.048
66.055,-78.548
66.163,-88.492
66.272,-88.067
66.380,-88.525
66.489,-89.731
66.597,-89.531
66.706,-88.646
66.814,-90.753
66.923,-89.098
67.031,-90.647
67.140,-90.849
67.248,-91.243
67.357,-89.595
67.465,-91.123
67.573,-91.759
67.682,-92.980
67.790,-93.552
67.899,-91.440
68.007,-91.684
68.116,-92.324
68.224,-90.016
68.333,-89.992
68.441,-90.245
68.550,-89.003
68.658,-89.783
68.767,-88.819
68.875,-88.064
68.984,-88.210
69.092,-84.685
69.201,-88.970
69.309,-89.187
69.418,-88.554
69.526,-89.773
69.635,-88.920
69.743,-90.384
69.852,-90.418
69.960,-89.604
70.068,-90.102
70.177,-89.342
70.285,-88.713
70.394,-89.607
70.502,-89.534
70.611,-90.029
70.719,-88.879
70.828,-88.249
70.936,-88.097
71.045,-88.668
71.153,-89.181
71.262,-89.061
71.370,-90.293
71.479,-88.617
71.587,-90.188
71.696,-90.926
71.804,-89.603
71.913,-90.127
72.021,-85.157
72.130,-87.841
72.238,-80.798
72.347,-89.258
72.455,-88.119
72.563,-90.450
72.672,-87.133
72.780,-87.388
72.889,-85.457
72.997,-85.152
73.106,-90.551
73.214,-90.401
73.323,-89.521
73.431,-87.732
73.540,-89.559
73.648,-90.328
73.757,-85.633
73.865,-89.793
73.974,-90.960
74.082,-91.326
74.191,-61.121
74.299,-61.189
74.408,-83.173
74.516,-89.910
74.625,-90.609
74.733,-89.709
74.842,-90.470
74.950,-89.814
75.058,-88.545
75.167,-89.003
75.275,-76.201
75.384,-88.136
75.492,-86.984
75.601,-87.188
75.709,-79.689
75.818,-78.932
75.926,-83.360
76.035,-84.621
76.143,-86.288
76.252,-85.319
76.360,-87.914
76.469,-86.007
76.577,-85.288
76.686,-84.577
76.794,-80.440
76.903,-83.569
77.011,-85.359
77.120,-84.560
77.228,-84.076
77.337,-83.441
77.445,-86.804
77.553,-86.037
77.662,-88.138
77.770,-88.804
77.879,-89.625
77.987,-88.373
78.096,-88.709
78.204,-90.460
78.313,-78.708
78.421,-84.303
78.530,-82.280
78.638,-83.219
78.747,-90.862
78.855,-89.321
78.964,-92.053
79.072,-91.077
79.181,-92.144
79.289,-92.494
79.398,-92.185
79.506,-92.131
79.615,-92.031
79.723,-94.225
79.832,-86.490
79.940,-90.457
80.048,-86.785
80.157,-95.458
80.265,-94.970
80.374,-94.174
80.482,-95.543
80.591,-96.615
80.699,-94.925
80.808,-92.330
80.916,-95.766
81.025,-94.550
81.133,-94.625
81.242,-93.541
81.350,-88.260
81.459,-86.526
81.567,-92.178
81.676,-94.569
81.784,-93.991
81.893,-93.648
82.001,-92.869
82.110,-92.495
82.218,-90.957
82.327,-92.209
82.435,-90.614
82.543,-91.536
82.652,-90.432
82.760,-90.288
82.869,-85.922
82.977,-86.415
83.086,-90.573
83.194,-92.614
83.303,-93.106
83.411,-92.928
83.520,-93.845
83.628,-95.288
83.737,-93.060
83.845,-93.566
83.954,-80.818
84.062,-87.024
84.171,-92.257
84.279,-93.480
84.388,-93.712
84.496,-86.699
84.605,-93.632
84.713,-94.388
84.822,-95.398
84.930,-92.928
85.038,-94.901
85.147,-92.539
85.255,-95.482
85.364,-93.706
85.472,-87.459
85.581,-87.269
85.689,-79.797
85.798,-95.125
85.906,-96.489
86.015,-91.355
86.123,-92.653
86.232,-94.915
86.340,-94.816
86.449,-94.652
86.557,-94.012
86.666,-93.004
86.774,-92.847
86.883,-91.463
86.991,-91.522
87.100,-91.017
87.208,-92.303
87.317,-92.736
87.425,-94.213
87.533,-85.550
87.642,-92.171
87.750,-90.425
87.859,-93.710
87.967,-93.506
88.076,-93.178
88.184,-93.568
88.293,-94.040
88.401,-94.507
88.510,-91.529
88.618,-95.411
88.727,-96.517
88.835,-94.061
88.944,-94.417
89.052,-86.788
89.161,-95.810
89.269,-96.158
89.378,-97.667
89.486,-95.239
89.595,-95.675
89.703,-95.195
89.812,-95.337
89.920,-95.921
90.028,-95.536
90.137,-96.181
90.245,-96.426
90.354,-95.698
90.462,-96.322
90.571,-93.670
90.679,-93.818
90.788,-96.020
90.896,-96.478
91.005,-93.097
91.113,-86.435
91.222,-95.964
91.330,-85.101
91.439,-98.822
91.547,-96.333
91.656,-97.319
91.764,-91.679
91.873,-96.622
91.981,-99.038
92.090,-95.443
92.198,-85.920
92.307,-94.196
92.415,-95.879
92.523,-98.273
92.632,-96.890
92.740,-94.135
92.849,-95.111
92.957,-95.177
93.066,-94.838
93.174,-95.725
93.283,-97.107
93.391,-96.452
93.500,-98.302
93.608,-93.793
93.717,-94.725
93.825,-95.689
93.934,-96.217
94.042,-92.034
94.151,-87.123
94.259,-97.645
94.368,-96.234
94.476,-95.284
94.585,-93.615
94.693,-98.166
94.802,-88.248
94.910,-82.884
95.018,-86.428
95.127,-97.987
95.235,-91.747
95.344,-96.208
95.452,-99.153
95.561,-96.060
95.669,-97.762
95.778,-96.819
95.886,-83.962
95.995,-85.898
96.103,-96.788
96.212,-100.493
96.320,-96.592
96.429,-97.426
96.537,-99.677
96.646,-100.652
96.754,-96.791
96.863,-98.787
96.971,-90.170
97.080,-100.542
97.188,-93.317
97.297,-90.235
97.405,-92.095
97.513,-100.191
97.622,-100.003
97.730,-98.357
97.839,-98.491
97.947,-95.364
98.056,-87.070
98.164,-86.905
98.273,-88.720
98.381,-97.388
98.490,-96.950
98.598,-99.678
98.707,-98.349
98.815,-97.023
98.924,-97.585
99.032,-86.800
99.141,-86.071
99.249,-98.222
99.358,-98.806
99.466,-99.707
99.575,-100.475
99.683,-97.469
99.792,-82.617
99.900,-82.477
99.900,-82.089
100.008,-84.004
100.117,-97.627
100.225,-94.678
100.334,-98.356
100.442,-95.183
100.551,-97.393
100.659,-88.354
100.768,-89.483
100.876,-97.845
100.985,-97.783
101.093,-97.203
101.202,-97.067
101.310,-96.564
101.419,-90.335
101.527,-96.399
101.636,-97.099
101.744,-98.697
101.853,-97.136
101.961,-98.691
102.070,-84.010
102.178,-85.377
102.287,-99.258
102.395,-100.703
102.503,-98.976
102.612,-93.476
102.720,-98.143
102.829,-99.590
102.937,-94.985
103.046,-90.899
103.154,-97.803
103.263,-99.948
103.371,-99.902
103.480,-96.380
103.588,-98.488
103.697,-99.729
103.805,-96.889
103.914,-94.522
104.022,-94.462
104.131,-93.097
104.239,-96.905
104.348,-95.232
104.456,-87.703
104.565,-88.919
104.673,-91.648
104.782,-93.535
104.890,-92.674
104.998,-93.687
105.107,-90.577
105.215,-91.928
105.324,-90.066
105.432,-90.301
105.541,-91.045
105.649,-88.847
105.758,-90.129
105.866,-89.966
105.975,-88.155
106.083,-89.928
106.192,-90.201
106.300,-88.862
106.409,-90.916
106.517,-90.077
106.626,-88.880
106.734,-89.067
106.843,-90.119
106.951,-89.823
107.060,-91.270
107.168,-84.400
107.277,-83.654
107.385,-88.427
107.493,-81.979
107.602,-92.120
107.710,-91.416
107.819,-91.889
107.927,-93.637
108.036,-91.931
108.144,-92.772
108.253,-89.122
108.361,-95.258
108.470,-94.607
108.578,-93.572
108.687,-82.300
108.795,-94.113
108.904,-95.546
109.012,-90.944
109.121,-93.653
109.229,-91.143
109.338,-92.479
109.446,-92.595
109.555,-91.328
109.663,-89.836
109.772,-88.178
109.880,-90.474
109.988,-84.193
170.000,-83.954
170.108,-85.844
170.217,-85.361
170.325,-83.952
170.434,-84.646
170.542,-79.490
170.651,-85.831
170.759,-85.989
170.868,-87.241
170.976,-86.583
171.085,-86.065
171.193,-84.880
171.302,-83.224
171.410,-85.002
171.519,-85.930
171.627,-86.811
171.736,-84.333
171.844,-82.769
171.953,-85.908
172.061,-80.250
172.170,-85.721
172.278,-83.741
172.387,-85.469
172.495,-83.640
172.603,-84.861
172.712,-82.243
172.820,-82.565
172.929,-83.446
173.037,-85.307
173.146,-83.243
173.254,-84.458
173.363,-84.388
173.471,-85.279
173.580,-83.362
173.688,-85.786
173.797,-84.436
173.905,-84.013
174.014,-84.035
174.122,-83.680
174.231,-83.559
174.339,-84.309
174.448,-83.269
174.556,-84.474
174.665,-84.642
174.773,-85.634
174.882,-83.863
174.990,-84.582
175.098,-83.901
175.207,-83.336
175.315,-83.622
175.424,-83.670
175.532,-81.218
175.641,-82.539
175.749,-84.051
175.858,-84.895
175.966,-82.836
176.075,-83.137
176.183,-82.908
176.292,-84.258
176.400,-82.411
176.509,-84.672
176.617,-82.801
176.726,-84.207
176.834,-83.966
176.943,-84.565
177.051,-83.957
177.160,-84.290
177.268,-82.984
177.377,-79.761
177.485,-83.592
177.593,-84.612
177.702,-83.176
177.810,-83.649
177.919,-82.401
178.027,-84.794
178.136,-71.385
178.244,-72.759
178.353,-84.652
178.461,-82.594
178.570,-82.397
178.678,-83.387
178.787,-82.891
178.895,-82.260
179.004,-83.134
179.112,-84.677
179.221,-81.420
179.329,-84.026
179.438,-81.117
179.546,-83.805
179.655,-81.160
179.763,-80.338
179.872,-81.868
179.980,-82.030
180.088,-82.326
180.197,-82.654
180.305,-83.555
180.414,-82.448
180.522,-81.990
180.631,-82.832
180.739,-83.317
180.848,-83.886
180.956,-84.747
181.065,-84.262
181.173,-84.953
181.282,-82.766
181.390,-86.135
181.499,-84.849
181.607,-83.988
181.716,-83.706
181.824,-83.953
181.933,-86.788
182.041,-86.240
182.150,-86.128
182.258,-85.967
182.367,-87.657
182.475,-86.866
182.583,-86.058
182.692,-87.303
182.800,-77.678
182.909,-84.687
183.017,-83.834
183.126,-85.683
183.234,-89.688
183.343,-86.750
183.451,-88.189
183.560,-88.163
183.668,-88.907
183.777,-89.205
183.885,-88.852
183.994,-86.879
184.102,-85.286
184.211,-88.523
184.319,-83.006
184.428,-84.122
184.536,-84.181
184.645,-86.332
184.753,-88.881
184.862,-87.978
184.970,-87.320
185.078,-86.747
185.187,-88.078
185.295,-85.632
185.404,-86.745
185.512,-86.524
185.621,-84.508
185.729,-85.229
185.838,-75.000
185.946,-86.138
186.055,-85.810
186.163,-86.250
186.272,-86.896
186.380,-86.652
186.489,-86.993
186.597,-85.017
186.706,-84.006
186.814,-85.486
186.923,-89.010
187.031,-88.132
187.140,-86.230
187.248,-81.094
187.357,-79.881
187.465,-89.524
187.573,-91.034
187.682,-90.655
187.790,-89.235
187.899,-90.770
188.007,-89.810
188.116,-92.359
188.224,-89.281
188.333,-91.776
188.441,-90.966
188.550,-90.897
188.658,-80.756
188.767,-80.857
188.875,-76.730
188.984,-77.337
189.092,-90.762
189.201,-91.947
189.309,-91.754
189.418,-89.195
189.526,-90.227
189.635,-89.047
189.743,-90.844
189.852,-88.717
189.960,-87.536
190.068,-81.211
190.177,-81.742
190.285,-86.205
190.394,-89.250
190.502,-82.313
190.611,-87.353
190.719,-88.353
190.828,-85.922
190.936,-87.822
191.045,-86.655
191.153,-86.273
191.262,-86.923
191.370,-86.523
191.479,-88.285
191.587,-87.918
191.696,-84.874
191.804,-88.237
191.913,-87.575
192.021,-76.804
192.130,-87.740
192.238,-88.024
192.347,-88.369
192.455,-89.409
192.563,-88.188
192.672,-88.650
192.780,-80.850
192.889,-80.566
192.997,-66.525
193.106,-68.879
193.214,-81.913
193.323,-84.112
193.431,-86.817
193.540,-85.294
193.648,-93.293
193.757,-91.921
193.865,-91.398
193.974,-91.053
194.082,-94.221
194.191,-92.619
194.299,-86.995
194.408,-86.316
194.516,-91.421
194.625,-93.807
194.733,-91.970
194.842,-93.037
194.950,-92.049
195.058,-80.048
195.167,-92.253
195.275,-90.905
195.384,-93.898
195.492,-91.656
195.601,-94.101
195.709,-87.914
195.818,-86.359
195.926,-87.284
196.035,-90.135
196.143,-92.205
196.252,-89.092
196.360,-92.194
196.469,-88.645
196.577,-83.051
196.686,-90.389
196.794,-89.565
196.903,-88.590
197.011,-89.935
197.120,-89.909
197.228,-89.952
197.337,-89.487
197.445,-89.552
197.553,-91.084
197.662,-90.795
197.770,-90.184
197.879,-91.007
197.987,-90.343
198.096,-78.762
198.204,-84.895
198.313,-92.427
198.421,-89.080
198.530,-85.698
198.638,-84.792
198.747,-92.807
198.855,-93.264
198.964,-94.819
199.072,-94.475
199.181,-93.719
199.289,-95.113
199.398,-94.295
199.506,-94.316
199.615,-91.926
199.723,-83.071
199.832,-94.018
199.940,-88.388
200.048,-85.145
200.157,-94.239
200.265,-94.899
200.374,-93.187
200.482,-92.980
200.591,-91.584
200.699,-94.511
200.808,-92.774
200.916,-91.361
201.025,-90.069
201.133,-91.181
201.242,-78.098
201.350,-86.683
201.459,-82.763
201.567,-85.537
201.676,-89.403
201.784,-90.796
201.893,-88.566
202.001,-89.326
202.110,-88.597
202.218,-89.542
202.327,-90.327
202.435,-87.201
202.543,-87.401
202.652,-87.336
202.760,-80.610
202.869,-87.129
202.977,-87.237
203.086,-84.141
203.194,-88.164
203.303,-87.837
203.411,-89.493
203.520,-86.818
203.628,-89.718
203.737,-90.146
203.845,-90.138
203.954,-88.958
204.062,-86.721
204.171,-82.226
204.279,-78.023
204.388,-90.344
204.496,-90.994
204.605,-93.067
204.713,-91.316
204.822,-92.793
204.930,-94.559
205.038,-93.908
205.147,-92.169
205.255,-80.029
205.364,-80.756
205.472,-87.009
205.581,-92.125
205.689,-83.017
205.798,-83.255
205.906,-92.503
206.015,-92.388
206.123,-94.837
206.232,-94.748
206.340,-92.475
206.449,-94.939
206.557,-92.773
206.666,-89.912
206.774,-92.527
206.883,-89.423
206.991,-87.178
207.100,-83.270
207.208,-87.715
207.317,-79.603
207.425,-89.678
207.533,-88.488
207.642,-88.794
207.750,-88.019
207.859,-78.980
207.967,-86.214
208.076,-87.776
208.184,-88.787
208.293,-86.061
208.401,-90.181
208.510,-88.727
208.618,-87.160
208.727,-87.575
208.835,-86.013
208.944,-83.498
209.052,-88.805
209.161,-89.986
209.269,-89.246
209.378,-89.442
209.486,-90.151
209.595,-90.596
209.703,-85.785
209.812,-82.418
209.920,-85.983
210.028,-90.464
210.137,-90.956
210.245,-91.475
210.354,-91.523
210.462,-81.647
210.571,-94.724
210.679,-94.778
210.788,-94.515
210.896,-96.415
211.005,-97.016
211.113,-95.136
211.222,-92.806
211.330,-85.623
211.439,-93.128
211.547,-97.573
211.656,-95.114
211.764,-89.526
211.873,-93.162
211.981,-84.853
212.090,-94.134
212.198,-91.949
212.307,-90.596
212.415,-91.292
212.523,-89.409
212.632,-88.238
212.740,-85.425
212.849,-87.156
212.957,-89.772
213.066,-91.684
213.174,-89.053
213.283,-88.512
213.391,-88.177
213.500,-82.138
213.608,-88.040
213.717,-89.323
213.825,-87.862
213.934,-87.635
214.042,-87.805
214.151,-87.219
214.259,-89.815
214.368,-88.549
214.476,-89.115
214.585,-89.404
214.693,-89.682
214.802,-81.946
214.910,-89.691
215.018,-83.883
215.127,-90.877
215.235,-91.830
215.344,-89.214
215.452,-87.418
215.561,-87.394
215.669,-91.737
215.778,-90.597
215.886,-90.432
215.995,-89.206
216.103,-92.634
216.212,-93.690
216.320,-96.245
216.429,-93.092
216.537,-83.253
216.646,-95.654
216.754,-96.512
216.863,-95.292
216.971,-86.449
217.080,-94.909
217.188,-96.665
217.297,-96.394
217.405,-91.884
217.513,-88.236
217.622,-96.594
217.730,-95.069
217.839,-94.200
217.947,-95.083
218.056,-87.531
218.164,-87.180
218.273,-92.851
218.381,-90.712
218.490,-90.700
218.598,-94.561
218.707,-92.386
218.815,-91.369
218.924,-90.219
219.032,-93.487
219.141,-94.865
219.249,-93.117
219.358,-94.349
219.466,-93.481
219.575,-94.367
219.683,-83.677
219.792,-91.955
219.900,-91.474
219.900,-84.282
400.000,-77.279
400.108,-87.324
400.217,-91.648
400.325,-88.249
400.434,-89.693
400.542,-90.001
400.651,-88.492
400.759,-84.509
400.868,-67.440
400.976,-67.621
401.085,-81.724
401.193,-88.001
401.302,-89.157
401.410,-88.510
401.519,-85.963
401.627,-85.089
401.736,-90.123
401.844,-87.241
401.953,-88.383
402.061,-86.850
402.170,-87.073
402.278,-85.858
402.387,-86.634
402.495,-85.161
402.603,-84.606
402.712,-88.464
402.820,-84.830
402.929,-87.992
403.037,-86.104
403.146,-85.223
403.254,-86.868
403.363,-86.643
403.471,-87.457
403.580,-85.978
403.688,-88.497
403.797,-85.699
403.905,-88.757
404.014,-87.685
404.122,-88.315
404.231,-88.239
404.339,-88.157
404.448,-88.091
404.556,-90.462
404.665,-94.244
404.773,-92.129
404.882,-92.673
404.990,-93.537
405.098,-94.260
405.207,-93.354
405.315,-94.326
405.424,-95.750
405.532,-90.175
405.641,-82.538
405.749,-90.199
405.858,-95.223
405.966,-93.834
406.075,-94.282
406.183,-93.006
406.292,-94.385
406.400,-95.007
406.509,-92.818
406.617,-94.083
406.726,-92.452
406.834,-90.605
406.943,-90.814
407.051,-89.681
407.160,-89.480
407.268,-91.478
407.377,-92.310
407.485,-93.635
407.593,-92.316
407.702,-92.572
407.810,-92.683
407.919,-94.020
408.027,-91.050
408.136,-93.492
408.244,-91.019
408.353,-93.583
408.461,-91.680
408.570,-91.255
408.678,-90.860
408.787,-92.066
408.895,-95.638
409.004,-94.244
409.112,-92.161
409.221,-93.374
409.329,-94.778
409.438,-92.031
409.546,-94.354
409.655,-94.361
409.763,-91.178
409.872,-91.035
409.980,-89.203
410.088,-86.318
410.197,-85.199
410.305,-87.741
410.414,-88.151
410.522,-86.229
410.631,-78.258
410.739,-83.481
410.848,-87.459
410.956,-92.315
411.065,-85.947
411.173,-89.573
411.282,-86.890
411.390,-92.648
411.499,-91.967
411.607,-93.479
411.716,-92.231
411.824,-91.070
411.933,-94.386
412.041,-92.411
412.150,-92.488
412.258,-90.114
412.367,-94.233
412.475,-95.088
412.583,-93.214
412.692,-93.165
412.800,-93.149
412.909,-94.516
413.017,-93.947
413.126,-94.642
413.234,-95.420
413.343,-96.863
413.451,-91.214
413.560,-93.144
413.668,-93.387
413.777,-96.720
413.885,-96.398
413.994,-97.425
414.102,-95.136
414.211,-98.580
414.319,-95.686
414.428,-91.882
414.536,-98.667
414.645,-98.532
414.753,-95.860
414.862,-96.284
414.970,-96.404
415.078,-96.454
415.187,-96.235
415.295,-97.754
415.404,-98.031
415.512,-96.518
415.621,-96.845
415.729,-81.343
415.838,-85.579
415.946,-94.958
416.055,-95.995
416.163,-96.858
416.272,-97.244
416.380,-97.684
416.489,-97.624
416.597,-98.319
416.706,-100.016
416.814,-97.408
416.923,-92.414
417.031,-98.188
417.140,-99.049
417.248,-98.815
417.357,-98.401
417.465,-91.008
417.573,-96.002
417.682,-94.826
417.790,-91.824
417.899,-84.170
418.007,-82.892
418.116,-90.416
418.224,-95.195
418.333,-98.220
418.441,-95.643
418.550,-99.537
418.658,-96.655
418.767,-98.282
418.875,-99.306
418.984,-98.156
419.092,-98.491
419.201,-95.526
419.309,-96.760
419.418,-97.486
419.526,-98.212
419.635,-97.924
419.743,-95.168
419.852,-95.132
419.960,-92.637
420.068,-97.248
420.177,-97.731
420.285,-94.642
420.394,-98.261
420.502,-96.776
420.611,-95.102
420.719,-92.727
420.828,-95.639
420.936,-95.829
421.045,-95.990
421.153,-96.903
421.262,-97.788
421.370,-78.577
421.479,-94.794
421.587,-93.548
421.696,-96.984
421.804,-96.252
421.913,-98.344
422.021,-96.132
422.130,-95.886
422.238,-97.981
422.347,-94.907
422.455,-93.616
422.563,-88.482
422.672,-95.538
422.780,-97.194
422.889,-97.415
422.997,-93.796
423.106,-87.498
423.214,-96.465
423.323,-97.554
423.431,-96.877
423.540,-94.038
423.648,-95.242
423.757,-96.321
423.865,-96.629
423.974,-96.635
424.082,-98.027
424.191,-96.856
424.299,-96.971
424.408,-96.933
424.516,-93.428
424.625,-98.026
424.733,-96.725
424.842,-98.121
424.950,-98.481
425.058,-97.603
425.167,-98.947
425.275,-99.491
425.384,-93.701
425.492,-97.758
425.601,-96.055
425.709,-95.507
425.818,-98.128
425.926,-92.384
426.035,-97.701
426.143,-96.080
426.252,-95.534
426.360,-96.678
426.469,-96.403
426.577,-96.118
426.686,-97.906
426.794,-96.093
426.903,-97.278
427.011,-96.387
427.120,-98.014
427.228,-96.729
427.337,-93.649
427.445,-97.647
427.553,-96.383
427.662,-97.949
427.770,-96.202
427.879,-97.691
427.987,-96.369
428.096,-96.035
428.204,-92.866
428.313,-96.747
428.421,-96.296
428.530,-96.582
428.638,-91.320
428.747,-84.694
428.855,-95.391
428.964,-97.550
429.072,-97.420
429.181,-96.894
429.289,-99.065
429.398,-99.303
429.506,-94.201
429.615,-96.411
429.723,-98.679
429.832,-98.136
429.940,-97.117
430.048,-92.627
430.157,-97.879
430.265,-99.050
430.374,-99.501
430.482,-99.490
430.591,-97.249
430.699,-96.254
430.808,-98.448
430.916,-98.165
431.025,-94.872
431.133,-95.988
431.242,-96.508
431.350,-97.983
431.459,-95.394
431.567,-92.664
431.676,-96.824
431.784,-96.423
431.893,-96.238
432.001,-94.878
432.110,-96.077
432.218,-96.670
432.327,-96.971
432.435,-97.457
432.543,-95.792
432.652,-97.118
432.760,-96.279
432.869,-96.003
432.977,-96.279
433.086,-96.818
433.194,-97.205
433.303,-94.576
433.411,-95.057
433.520,-96.885
433.628,-96.623
433.737,-97.896
433.845,-96.394
433.954,-91.201
434.062,-96.582
434.171,-97.233
434.279,-91.822
434.388,-85.971
434.496,-95.728
434.605,-98.134
434.713,-97.784
434.822,-97.786
434.930,-97.210
435.038,-99.436
435.147,-98.647
435.255,-99.958
435.364,-98.225
435.472,-97.968
435.581,-99.064
435.689,-99.129
435.798,-98.630
435.906,-97.768
436.015,-98.899
436.123,-99.380
436.232,-99.301
436.340,-98.950
436.449,-98.154
436.557,-98.400
436.666,-98.586
436.774,-96.561
436.883,-98.861
436.991,-98.102
437.100,-96.348
437.208,-92.228
437.317,-96.598
437.425,-96.692
437.533,-96.456
437.642,-98.460
437.750,-97.758
437.859,-98.409
437.967,-97.577
438.076,-97.153
438.184,-96.360
438.293,-96.337
438.401,-96.004
438.510,-95.647
438.618,-94.511
438.727,-98.574
438.835,-97.198
438.944,-98.667
439.052,-98.781
439.161,-97.936
439.269,-97.168
439.378,-97.174
439.486,-95.356
439.595,-97.390
439.703,-96.357
439.812,-92.333
439.920,-90.828
440.028,-82.633
440.137,-93.198
440.245,-92.275
440.354,-97.019
440.462,-94.429
440.571,-95.647
440.679,-95.071
440.788,-98.715
440.896,-96.453
441.005,-96.042
441.113,-96.239
441.222,-97.664
441.330,-95.796
441.439,-95.330
441.547,-95.545
441.656,-95.878
441.764,-95.839
441.873,-95.520
441.981,-94.534
442.090,-93.508
442.198,-95.442
442.307,-93.449
442.415,-92.392
442.523,-94.449
442.632,-94.413
442.740,-94.085
442.849,-94.248
442.957,-94.480
443.066,-94.910
443.174,-96.199
443.283,-95.643
443.391,-93.371
443.500,-96.059
443.608,-96.598
443.717,-95.471
443.825,-94.806
443.934,-95.746
444.042,-94.159
444.151,-93.557
444.259,-92.408
444.368,-92.241
444.476,-90.224
444.585,-92.092
444.693,-93.981
444.802,-90.290
444.910,-90.415
445.018,-87.769
445.127,-85.357
445.235,-90.437
445.344,-86.695
445.452,-70.153
445.561,-84.356
445.669,-88.203
445.778,-87.339
445.886,-87.754
445.995,-89.250
446.103,-89.440
446.212,-89.978
446.320,-92.288
446.429,-94.597
446.537,-94.543
446.646,-95.287
446.754,-96.656
446.863,-94.397
446.971,-92.199
447.080,-96.727
447.188,-95.077
447.297,-95.685
447.405,-97.977
447.513,-96.147
447.622,-97.222
447.730,-95.694
447.839,-97.219
447.947,-95.859
448.056,-97.029
448.164,-97.285
448.273,-94.443
448.381,-94.586
448.490,-93.696
448.598,-96.137
448.707,-95.267
448.815,-95.886
448.924,-96.703
449.032,-92.172
449.141,-96.647
449.249,-98.248
449.358,-97.397
449.466,-97.752
449.575,-97.526
449.683,-97.684
449.792,-97.004
449.900,-96.277
449.900,-96.080
450.008,-95.478
450.117,-96.850
450.225,-97.557
450.334,-98.364
450.442,-98.354
450.551,-97.502
450.659,-98.369
450.768,-97.822
450.876,-99.688
450.985,-99.085
451.093,-95.357
451.202,-95.986
451.310,-90.101
451.419,-97.921
451.527,-98.788
451.636,-101.290
451.744,-94.605
451.853,-100.306
451.961,-100.099
452.070,-100.265
452.178,-99.418
452.287,-98.965
452.395,-102.470
452.503,-98.347
452.612,-97.834
452.720,-97.757
452.829,-97.287
452.937,-98.411
453.046,-98.992
453.154,-97.164
453.263,-96.867
453.371,-96.628
453.480,-98.460
453.588,-97.816
453.697,-97.929
453.805,-95.379
453.914,-95.370
454.022,-96.305
454.131,-96.902
454.239,-95.138
454.348,-97.608
454.456,-96.320
454.565,-97.964
454.673,-93.834
454.782,-99.774
454.890,-98.355
454.998,-96.626
455.107,-96.906
455.215,-98.699
455.324,-100.270
455.432,-98.558
455.541,-97.462
455.649,-98.436
455.758,-96.802
455.866,-96.693
455.975,-96.582
456.083,-99.752
456.192,-98.012
456.300,-96.863
456.409,-97.377
456.517,-96.627
456.626,-100.125
456.734,-99.000
456.843,-95.639
456.951,-91.033
457.060,-98.224
457.168,-97.752
457.277,-100.167
457.385,-93.791
457.493,-97.016
457.602,-96.197
457.710,-98.315
457.819,-96.825
457.927,-94.136
458.036,-98.340
458.144,-97.575
458.253,-98.432
458.361,-97.231
458.470,-95.945
458.578,-98.077
458.687,-96.776
458.795,-94.153
458.904,-95.872
459.012,-96.835
459.121,-97.034
459.229,-93.061
459.338,-94.802
459.446,-96.175
459.555,-97.919
459.663,-94.849
459.772,-94.984
459.880,-95.575
459.988,-95.378
460.097,-95.550
460.205,-98.151
460.314,-96.516
460.422,-96.572
460.531,-97.566
460.639,-94.192
460.748,-94.012
460.856,-95.580
460.965,-96.618
461.073,-95.924
461.182,-94.390
461.290,-95.827
461.399,-93.270
461.507,-90.411
461.616,-88.480
461.724,-88.437
461.833,-86.669
461.941,-70.620
462.050,-80.342
462.158,-85.028
462.267,-90.596
462.375,-91.227
462.483,-94.403
462.592,-93.113
462.700,-95.414
462.809,-95.157
462.917,-92.343
463.026,-91.852
463.134,-94.530
463.243,-94.719
463.351,-96.808
463.460,-94.644
463.568,-95.923
463.677,-94.227
463.785,-95.155
463.894,-97.178
464.002,-96.416
464.111,-95.384
464.219,-96.610
464.328,-96.462
464.436,-97.350
464.545,-95.991
464.653,-95.397
464.762,-96.952
464.870,-94.929
464.978,-94.916
465.087,-95.297
465.195,-98.089
465.304,-94.337
465.412,-92.517
465.521,-94.871
465.629,-94.599
465.738,-95.741
465.846,-95.549
465.955,-96.139
466.063,-95.875
466.172,-96.407
466.280,-95.272
466.389,-95.508
466.497,-94.514
466.606,-96.720
466.714,-95.750
466.823,-94.038
466.931,-87.023
467.040,-92.442
467.148,-94.178
467.257,-93.032
467.365,-93.771
467.473,-92.887
467.582,-93.174
467.690,-91.004
467.799,-92.828
467.907,-93.192
468.016,-94.735
468.124,-94.605
468.233,-93.110
468.341,-94.348
468.450,-95.097
468.558,-95.997
468.667,-89.351
468.775,-91.937
468.884,-97.461
468.992,-96.547
469.101,-94.259
469.209,-94.793
469.318,-96.301
469.426,-97.199
469.535,-97.924
469.643,-96.155
469.752,-96.063
469.860,-99.284
469.968,-97.391
470.077,-97.218
470.185,-94.828
470.294,-95.968
470.402,-98.282
470.511,-93.795
470.619,-93.864
470.728,-96.817
470.836,-93.777
470.945,-94.518
471.053,-96.628
471.162,-95.600
471.270,-98.424
471.379,-97.843
471.487,-94.623
471.596,-95.503
471.704,-96.845
471.813,-94.384
471.921,-94.488
472.030,-96.223
472.138,-95.222
472.247,-98.154
472.355,-96.994
472.463,-95.323
472.572,-96.847
472.680,-98.347
472.789,-96.898
472.897,-97.677
473.006,-97.537
473.114,-99.543
473.223,-99.679
473.331,-99.671
473.440,-100.448
473.548,-96.184
473.657,-98.049
473.765,-98.050
473.874,-98.748
473.982,-98.519
474.091,-98.425
474.199,-98.815
474.308,-87.181
474.416,-89.559
474.525,-100.656
474.633,-97.828
474.742,-99.438
474.850,-100.121
474.958,-100.379
475.067,-97.244
475.175,-100.740
475.284,-98.740
475.392,-99.195
475.501,-98.058
475.609,-99.679
475.718,-99.775
475.826,-97.514
475.935,-99.854
476.043,-100.464
476.152,-100.493
476.260,-100.808
476.369,-97.742
476.477,-101.787
476.586,-98.616
476.694,-97.115
476.803,-99.577
476.911,-96.940
477.020,-97.372
477.128,-91.708
477.237,-92.799
477.345,-98.211
477.453,-98.142
477.562,-97.448
477.670,-96.645
477.779,-100.593
477.887,-99.517
477.996,-98.373
478.104,-98.672
478.213,-99.444
478.321,-100.717
478.430,-99.574
478.538,-97.550
478.647,-98.440
478.755,-102.011
478.864,-100.210
478.972,-99.919
479.081,-89.616
479.189,-91.154
479.298,-92.881
479.406,-99.912
479.515,-100.171
479.623,-100.687
479.732,-103.085
479.840,-99.357
479.948,-73.008
480.057,-71.792
480.165,-94.118
480.274,-102.811
480.382,-103.396
480.491,-102.269
480.599,-102.008
480.708,-100.521
480.816,-99.408
480.925,-102.047
481.033,-103.630
481.142,-102.739
481.250,-103.388
481.359,-100.204
481.467,-99.376
481.576,-100.019
481.684,-99.444
481.793,-98.978
481.901,-98.493
482.010,-97.500
482.118,-97.376
482.227,-99.534
482.335,-101.418
482.443,-101.077
482.552,-100.844
482.660,-99.485
482.769,-92.237
482.877,-92.081
482.986,-98.711
483.094,-99.742
483.203,-101.506
483.311,-102.363
483.420,-101.304
483.528,-104.004
483.637,-102.413
483.745,-100.719
483.854,-96.532
483.962,-101.005
484.071,-100.455
484.179,-99.927
484.288,-103.058
484.396,-102.764
484.505,-102.370
484.613,-103.739
484.722,-104.679
484.830,-102.905
484.938,-104.570
485.047,-102.805
485.155,-98.593
485.264,-102.577
485.372,-100.639
485.481,-101.842
485.589,-86.577
485.698,-86.379
485.806,-97.917
485.915,-98.009
486.023,-96.844
486.132,-96.638
486.240,-98.626
486.349,-100.073
486.457,-103.550
486.566,-100.076
486.674,-100.211
486.783,-102.508
486.891,-95.637
487.000,-102.294
487.108,-100.295
487.217,-101.125
487.325,-102.744
487.433,-103.512
487.542,-102.821
487.650,-104.497
487.759,-100.151
487.867,-101.799
487.976,-99.157
488.084,-100.516
488.193,-100.536
488.301,-94.947
488.410,-96.514
488.518,-95.079
488.627,-99.577
488.735,-99.931
488.844,-99.862
488.952,-99.744
489.061,-100.780
489.169,-100.649
489.278,-100.513
489.386,-100.306
489.495,-100.924
489.603,-99.227
489.712,-98.983
489.820,-96.915
489.928,-93.773
490.037,-85.867
490.145,-97.516
490.254,-97.022
490.362,-100.043
490.471,-99.965
490.579,-100.531
490.688,-100.824
490.796,-97.759
490.905,-102.115
491.013,-102.621
491.122,-100.543
491.230,-88.511
491.339,-86.635
491.447,-97.302
491.556,-95.583
491.664,-98.432
491.773,-95.143
491.881,-98.206
491.990,-100.880
492.098,-100.751
492.207,-99.557
492.315,-98.379
492.423,-101.646
492.532,-101.705
492.640,-99.954
492.749,-103.189
492.857,-103.822
492.966,-103.525
493.074,-97.140
493.183,-101.058
493.291,-101.318
493.400,-103.307
493.508,-102.296
493.617,-101.487
493.725,-101.025
493.834,-99.280
493.942,-96.699
494.051,-96.842
494.159,-92.364
494.268,-94.791
494.376,-99.773
494.485,-99.999
494.593,-95.555
494.702,-94.237
494.810,-93.056
494.918,-93.964
495.027,-94.552
495.135,-94.484
495.244,-93.663
495.352,-96.814
495.461,-98.304
495.569,-98.951
495.678,-100.250
495.786,-100.239
495.895,-100.739
496.003,-99.775
496.112,-95.091
496.220,-94.175
496.329,-102.728
496.437,-98.488
496.546,-102.329
496.654,-101.418
496.763,-100.671
496.871,-96.702
496.980,-93.184
497.088,-101.514
497.197,-102.358
497.305,-98.685
497.413,-92.744
497.522,-98.373
497.630,-102.031
497.739,-100.683
497.847,-99.333
497.956,-97.562
498.064,-99.501
498.173,-100.533
498.281,-99.198
498.390,-101.132
498.498,-103.439
498.607,-103.277
498.715,-102.263
498.824,-102.433
498.932,-103.323
499.041,-102.868
499.149,-102.340
499.258,-101.234
499.366,-101.391
499.475,-102.014
499.583,-103.834
499.692,-100.654
499.800,-100.996
499.800,-99.353
499.908,-102.708
500.000,-88.691
500.108,-87.515
500.217,-96.132
500.325,-94.177
500.434,-100.920
500.542,-103.423
500.651,-100.889
500.759,-103.541
500.868,-103.439
500.976,-102.696
501.085,-102.003
501.193,-100.425
501.302,-102.274
501.410,-103.064
501.519,-101.998
501.627,-100.344
501.736,-102.984
501.844,-101.470
501.953,-100.391
502.061,-100.397
502.170,-100.836
502.278,-98.606
502.387,-102.411
502.495,-96.587
502.603,-91.561
502.712,-99.447
502.820,-102.024
502.929,-99.741
503.037,-92.049
503.146,-97.463
503.254,-103.219
503.363,-101.539
503.471,-102.118
503.580,-98.133
503.688,-100.644
503.797,-94.063
503.905,-99.447
504.014,-100.613
504.122,-99.647
504.231,-100.244
504.339,-101.393
504.448,-100.520
504.556,-101.709
504.665,-101.766
504.773,-97.131
504.882,-96.871
504.990,-99.669
505.098,-98.412
505.207,-101.196
505.315,-98.785
505.424,-98.023
505.532,-101.354
505.641,-100.968
505.749,-102.378
505.858,-100.172
505.966,-99.154
506.075,-101.249
506.183,-101.317
506.292,-95.428
506.400,-102.433
506.509,-103.919
506.617,-104.680
506.726,-101.072
506.834,-102.401
506.943,-105.001
507.051,-106.274
507.160,-102.604
507.268,-102.557
507.377,-103.817
507.485,-105.331
507.593,-103.962
507.702,-101.908
507.810,-103.987
507.919,-102.866
508.027,-101.806
508.136,-100.857
508.244,-96.259
508.353,-103.131
508.461,-101.790
508.570,-94.284
508.678,-87.137
508.787,-94.575
508.895,-101.758
509.004,-103.984
509.112,-103.073
509.221,-101.191
509.329,-102.891
509.438,-102.511
509.546,-103.766
509.655,-101.032
509.763,-100.698
509.872,-103.907
509.980,-102.143
510.088,-100.598
510.197,-100.557
510.305,-101.245
510.414,-103.796
510.522,-102.930
510.631,-104.005
510.739,-103.287
510.848,-103.989
510.956,-104.275
511.065,-102.943
511.173,-105.584
511.282,-99.634
511.390,-101.761
511.499,-93.715
511.607,-98.166
511.716,-100.393
511.824,-103.042
511.933,-99.525
512.041,-101.909
512.150,-102.374
512.258,-101.765
512.367,-99.630
512.475,-100.913
512.583,-99.410
512.692,-97.327
512.800,-94.647
512.909,-94.699
513.017,-94.726
513.126,-90.067
513.234,-85.369
513.343,-87.310
513.451,-87.980
513.560,-95.813
513.668,-95.298
513.777,-97.607
513.885,-97.725
513.994,-100.451
514.102,-101.571
514.211,-99.485
514.319,-89.446
514.428,-95.703
514.536,-100.980
514.645,-102.808
514.753,-103.772
514.862,-101.242
514.970,-103.415
515.078,-102.411
515.187,-103.680
515.295,-104.275
515.404,-102.218
515.512,-102.070
515.621,-104.341
515.729,-103.137
515.838,-100.616
515.946,-99.275
516.055,-91.968
516.163,-91.696
516.272,-102.649
516.380,-101.188
516.489,-101.313
516.597,-103.681
516.706,-100.449
516.814,-102.889
516.923,-99.469
517.031,-100.672
517.140,-97.807
517.248,-101.685
517.357,-102.316
517.465,-101.035
517.573,-98.879
517.682,-99.710
517.790,-101.278
517.899,-99.159
518.007,-99.070
518.116,-99.397
518.224,-99.341
518.333,-98.074
518.441,-96.663
518.550,-96.521
518.658,-95.677
518.767,-95.221
518.875,-96.263
518.984,-95.684
519.092,-94.647
519.201,-95.962
519.309,-94.088
519.418,-92.294
519.526,-88.251
519.635,-86.124
519.743,-71.765
519.852,-87.150
519.960,-84.746
520.068,-87.735
520.177,-92.128
520.285,-91.156
520.394,-92.869
520.502,-93.489
520.611,-95.457
520.719,-98.351
520.828,-99.558
520.936,-100.271
521.045,-101.526
521.153,-98.050
521.262,-98.440
521.370,-101.493
521.479,-97.260
521.587,-96.276
521.696,-102.194
521.804,-98.280
521.913,-101.402
522.021,-98.131
522.130,-98.470
522.238,-99.733
522.347,-99.229
522.455,-98.453
522.563,-98.454
522.672,-98.058
522.780,-92.415
522.889,-96.734
522.997,-94.919
523.106,-94.860
523.214,-97.430
523.323,-97.184
523.431,-99.522
523.540,-98.192
523.648,-100.647
523.757,-98.526
523.865,-100.771
523.974,-102.919
524.082,-99.393
524.191,-96.637
524.299,-99.364
524.408,-101.366
524.516,-98.043
524.625,-101.589
524.733,-102.523
524.842,-101.564
524.950,-100.375
525.058,-102.795
525.167,-100.965
525.275,-102.329
525.384,-101.859
525.492,-97.427
525.601,-88.178
525.709,-90.856
525.818,-97.981
525.926,-103.082
526.035,-99.505
526.143,-97.402
526.252,-100.798
526.360,-96.614
526.469,-103.692
526.577,-101.623
526.686,-103.034
526.794,-101.685
526.903,-99.533
527.011,-99.269
527.120,-99.076
527.228,-100.312
527.337,-100.913
527.445,-97.181
527.553,-94.812
527.662,-97.388
527.770,-95.108
527.879,-92.894
527.987,-93.631
528.096,-94.861
528.204,-94.593
528.313,-95.069
528.421,-91.584
528.530,-95.318
528.638,-98.310
528.747,-97.620
528.855,-97.981
528.964,-98.221
529.072,-100.560
529.181,-101.508
529.289,-101.070
529.398,-100.920
529.506,-100.064
529.615,-98.543
529.723,-99.437
529.832,-97.117
529.940,-97.481
530.048,-97.686
530.157,-97.237
530.265,-88.370
530.374,-78.415
530.482,-80.292
530.591,-92.572
530.699,-96.759
530.808,-97.985
530.916,-99.618
531.025,-102.421
531.133,-99.481
531.242,-88.006
531.350,-90.532
531.459,-100.518
531.567,-100.176
531.676,-99.775
531.784,-94.214
531.893,-101.073
532.001,-101.917
532.110,-101.721
532.218,-97.703
532.327,-98.789
532.435,-101.615
532.543,-100.020
532.652,-99.673
532.760,-96.857
532.869,-98.617
532.977,-101.338
533.086,-99.376
533.194,-99.869
533.303,-98.753
533.411,-99.286
533.520,-101.786
533.628,-99.952
533.737,-98.341
533.845,-98.901
533.954,-98.576
534.062,-95.441
534.171,-95.708
534.279,-98.762
534.388,-100.187
534.496,-91.826
534.605,-87.620
534.713,-100.288
534.822,-101.249
534.930,-102.002
535.038,-99.982
535.147,-100.598
535.255,-100.888
535.364,-101.703
535.472,-100.498
535.581,-101.164
535.689,-103.009
535.798,-101.474
535.906,-101.189
536.015,-100.664
536.123,-103.902
536.232,-103.450
536.340,-102.988
536.449,-99.217
536.557,-96.989
536.666,-102.477
536.774,-103.030
536.883,-92.000
536.991,-91.948
537.100,-104.615
537.208,-104.510
537.317,-99.761
537.425,-95.661
537.533,-100.302
537.642,-105.958
537.750,-98.809
537.859,-100.228
537.967,-100.985
538.076,-103.711
538.184,-103.416
538.293,-99.122
538.401,-101.027
538.510,-102.399
538.618,-103.439
538.727,-103.718
538.835,-101.779
538.944,-100.013
539.052,-101.597
539.161,-102.973
539.269,-101.972
539.378,-101.277
539.486,-102.885
539.595,-103.110
539.703,-99.276
539.812,-99.198
539.920,-101.209
540.028,-96.321
540.137,-101.296
540.245,-100.693
540.354,-102.921
540.462,-101.747
540.571,-96.829
540.679,-90.605
540.788,-96.626
540.896,-101.596
541.005,-102.683
541.113,-100.773
541.222,-100.666
541.330,-103.655
541.439,-103.018
541.547,-103.314
541.656,-102.245
541.764,-101.978
541.873,-104.219
541.981,-101.440
542.090,-101.877
542.198,-104.580
542.307,-105.388
542.415,-104.872
542.523,-98.961
542.632,-97.099
542.740,-105.600
542.849,-105.698
542.957,-100.026
543.066,-94.212
543.174,-94.968
543.283,-103.482
543.391,-102.922
543.500,-102.082
543.608,-105.080
543.717,-104.412
543.825,-105.542
543.934,-103.584
544.042,-102.788
544.151,-104.684
544.259,-104.094
544.368,-101.434
544.476,-100.988
544.585,-101.369
544.693,-102.665
544.802,-101.925
544.910,-101.091
545.018,-101.040
545.127,-102.939
545.235,-100.723
545.344,-101.026
545.452,-99.805
545.561,-100.986
545.669,-100.543
545.778,-100.874
545.886,-98.666
545.995,-100.489
546.103,-101.752
546.212,-96.469
546.320,-101.850
546.429,-103.107
546.537,-100.673
546.646,-101.267
546.754,-95.481
546.863,-102.405
546.971,-102.328
547.080,-99.822
547.188,-99.257
547.297,-92.767
547.405,-88.865
547.513,-78.503
547.622,-88.834
547.730,-92.686
547.839,-101.329
547.947,-100.218
548.056,-102.493
548.164,-101.082
548.273,-99.308
548.381,-102.569
548.490,-100.098
548.598,-95.384
548.707,-94.196
548.815,-98.631
548.924,-102.355
549.032,-102.325
549.141,-97.886
549.249,-98.183
549.358,-80.765
549.466,-75.146
549.575,-100.552
549.683,-97.547
549.792,-98.952
549.900,-97.619
549.900,-98.169
550.008,-91.574
550.117,-97.866
550.225,-99.641
550.334,-101.325
550.442,-105.044
550.551,-103.508
550.659,-102.934
550.768,-104.743
550.876,-104.214
550.985,-100.785
551.093,-104.321
551.202,-103.930
551.310,-103.608
551.419,-101.467
551.527,-101.599
551.636,-103.815
551.744,-105.412
551.853,-104.051
551.961,-104.810
552.070,-104.954
552.178,-105.703
552.287,-106.697
552.395,-106.264
552.503,-106.293
552.612,-106.228
552.720,-101.511
552.829,-103.258
552.937,-98.905
553.046,-102.014
553.154,-107.272
553.263,-106.638
553.371,-106.597
553.480,-108.673
553.588,-107.729
553.697,-107.835
553.805,-105.840
553.914,-100.953
554.022,-103.623
554.131,-102.456
554.239,-94.238
554.348,-90.355
554.456,-99.141
554.565,-101.358
554.673,-107.983
554.782,-108.789
554.890,-109.905
554.998,-105.493
555.107,-109.351
555.215,-108.893
555.324,-109.173
555.432,-110.059
555.541,-107.314
555.649,-106.297
555.758,-106.043
555.866,-104.066
555.975,-106.281
556.083,-106.695
556.192,-107.332
556.300,-106.183
556.409,-104.324
556.517,-105.162
556.626,-106.411
556.734,-106.746
556.843,-105.493
556.951,-101.661
557.060,-100.566
557.168,-99.202
557.277,-105.333
557.385,-106.084
557.493,-105.904
557.602,-106.489
557.710,-106.715
557.819,-105.427
557.927,-104.411
558.036,-105.784
558.144,-102.192
558.253,-103.364
558.361,-106.167
558.470,-105.100
558.578,-106.254
558.687,-107.635
558.795,-109.309
558.904,-109.345
559.012,-109.923
559.121,-107.232
559.229,-106.152
559.338,-108.365
559.446,-107.849
559.555,-109.427
559.663,-108.606
559.772,-107.626
559.880,-99.475
559.988,-92.510
560.097,-101.069
560.205,-107.029
560.314,-107.354
560.422,-107.953
560.531,-109.354
560.639,-108.885
560.748,-108.066
560.856,-108.572
560.965,-106.491
561.073,-108.125
561.182,-108.153
561.290,-107.639
561.399,-106.255
561.507,-106.901
561.616,-106.626
561.724,-106.449
561.833,-104.908
561.941,-104.976
562.050,-104.828
562.158,-106.124
562.267,-106.651
562.375,-100.677
562.483,-105.158
562.592,-106.399
562.700,-106.095
562.809,-105.247
562.917,-103.690
563.026,-104.627
563.134,-106.601
563.243,-106.990
563.351,-108.648
563.460,-108.692
563.568,-105.287
563.677,-100.773
563.785,-102.901
563.894,-103.437
564.002,-102.830
564.111,-96.810
564.219,-96.360
564.328,-96.140
564.436,-91.619
564.545,-88.324
564.653,-86.746
564.762,-89.260
564.870,-98.501
564.978,-100.338
565.087,-96.031
565.195,-99.718
565.304,-98.951
565.412,-103.208
565.521,-101.117
565.629,-95.678
565.738,-98.007
565.846,-103.596
565.955,-103.074
566.063,-105.616
566.172,-102.495
566.280,-103.757
566.389,-104.662
566.497,-106.143
566.606,-98.308
566.714,-104.739
566.823,-105.458
566.931,-106.668
567.040,-105.778
567.148,-104.436
567.257,-98.566
567.365,-104.381
567.473,-104.804
567.582,-103.796
567.690,-107.042
567.799,-103.921
567.907,-104.403
568.016,-106.418
568.124,-105.222
568.233,-106.370
568.341,-102.856
568.450,-98.946
568.558,-105.569
568.667,-105.247
568.775,-102.239
568.884,-105.166
568.992,-103.442
569.101,-101.492
569.209,-105.936
569.318,-103.509
569.426,-105.121
569.535,-105.755
569.643,-99.458
569.752,-102.965
569.860,-104.364
569.968,-103.194
570.077,-102.073
570.185,-96.727
570.294,-101.897
570.402,-104.729
570.511,-104.472
570.619,-102.757
570.728,-103.861
570.836,-106.308
570.945,-105.839
571.053,-106.234
571.162,-101.879
571.270,-96.774
571.379,-100.777
571.487,-103.260
571.596,-105.571
571.704,-102.604
571.813,-96.582
571.921,-96.612
572.030,-92.116
572.138,-99.800
572.247,-102.498
572.355,-105.741
572.463,-103.070
572.572,-107.033
572.680,-105.611
572.789,-104.794
572.897,-103.696
573.006,-105.518
573.114,-106.625
573.223,-104.626
573.331,-99.162
573.440,-106.132
573.548,-106.289
573.657,-104.905
573.765,-103.621
573.874,-101.154
573.982,-102.469
574.091,-102.394
574.199,-105.236
574.308,-105.393
574.416,-106.567
574.525,-104.504
574.633,-102.932
574.742,-105.877
574.850,-104.281
574.958,-104.445
575.067,-106.048
575.175,-105.014
575.284,-104.964
575.392,-105.900
575.501,-105.963
575.609,-94.789
575.718,-100.761
575.826,-106.001
575.935,-105.459
576.043,-104.665
576.152,-104.531
576.260,-106.241
576.369,-105.331
576.477,-104.178
576.586,-106.052
576.694,-105.751
576.803,-102.274
576.911,-97.773
577.020,-100.458
577.128,-103.943
577.237,-103.359
577.345,-100.816
577.453,-98.238
577.562,-91.952
577.670,-101.858
577.779,-103.274
577.887,-103.428
577.996,-102.922
578.104,-103.944
578.213,-104.396
578.321,-103.759
578.430,-105.672
578.538,-105.924
578.647,-106.084
578.755,-103.500
578.864,-101.185
578.972,-99.511
579.081,-84.189
579.189,-87.194
579.298,-99.254
579.406,-100.459
579.515,-103.659
579.623,-103.955
579.732,-103.347
579.840,-101.395
579.948,-102.355
580.057,-104.808
580.165,-103.782
580.274,-105.316
580.382,-103.545
580.491,-98.378
580.599,-104.407
580.708,-105.605
580.816,-105.513
580.925,-106.299
581.033,-96.482
581.142,-103.574
581.250,-107.091
581.359,-106.892
581.467,-105.623
581.576,-105.702
581.684,-99.126
581.793,-99.733
581.901,-103.499
582.010,-100.807
582.118,-103.607
582.227,-100.802
582.335,-104.208
582.443,-102.752
582.552,-101.969
582.660,-104.849
582.769,-102.719
582.877,-102.170
582.986,-102.087
583.094,-100.498
583.203,-104.923
583.311,-105.954
583.420,-102.856
583.528,-104.323
583.637,-103.951
583.745,-104.942
583.854,-104.905
583.962,-104.824
584.071,-103.046
584.179,-104.546
584.288,-104.379
584.396,-103.906
584.505,-102.038
584.613,-103.032
584.722,-101.563
584.830,-100.669
584.938,-100.256
585.047,-103.943
585.155,-103.521
585.264,-99.518
585.372,-100.373
585.481,-105.894
585.589,-105.768
585.698,-102.025
585.806,-96.647
585.915,-96.300
586.023,-103.939
586.132,-104.564
586.240,-105.371
586.349,-106.289
586.457,-105.346
586.566,-103.477
586.674,-105.871
586.783,-104.417
586.891,-104.939
587.000,-107.129
587.108,-106.198
587.217,-104.018
587.325,-103.984
587.433,-105.979
587.542,-105.771
587.650,-98.803
587.759,-98.195
587.867,-104.008
587.976,-106.392
588.084,-104.400
588.193,-102.557
588.301,-101.404
588.410,-105.108
588.518,-103.916
588.627,-103.460
588.735,-101.539
588.844,-103.410
588.952,-104.371
589.061,-105.576
589.169,-105.192
589.278,-103.882
589.386,-104.916
589.495,-102.225
589.603,-103.496
589.712,-104.715
589.820,-97.713
589.928,-103.149
590.037,-102.879
590.145,-101.836
590.254,-104.284
590.362,-106.621
590.471,-106.728
590.579,-105.871
590.688,-106.082
590.796,-106.998
590.905,-105.771
591.013,-107.039
591.122,-104.180
591.230,-105.614
591.339,-102.575
591.447,-103.944
591.556,-101.518
591.664,-104.846
591.773,-104.293
591.881,-106.478
591.990,-104.321
592.098,-104.848
592.207,-104.604
592.315,-104.623
592.423,-105.281
592.532,-101.975
592.640,-104.992
592.749,-101.714
592.857,-102.000
592.966,-103.381
593.074,-101.708
593.183,-102.296
593.291,-101.162
593.400,-101.401
593.508,-96.269
593.617,-97.009
593.725,-100.190
593.834,-89.421
593.942,-79.312
594.051,-90.017
594.159,-95.033
594.268,-98.815
594.376,-95.755
594.485,-100.934
594.593,-100.776
594.702,-102.871
594.810,-101.563
594.918,-102.221
595.027,-98.680
595.135,-101.734
595.244,-102.149
595.352,-101.326
595.461,-100.804
595.569,-105.788
595.678,-99.831
595.786,-103.635
595.895,-103.745
596.003,-100.878
596.112,-103.722
596.220,-103.776
596.329,-99.609
596.437,-104.705
596.546,-95.792
596.654,-106.326
596.763,-104.279
596.871,-100.033
596.980,-101.818
597.088,-101.890
597.197,-100.036
597.305,-102.868
597.413,-105.468
597.522,-101.133
597.630,-104.693
597.739,-101.612
597.847,-104.945
597.956,-104.626
598.064,-104.129
598.173,-104.115
598.281,-103.064
598.390,-105.793
598.498,-104.892
598.607,-104.948
598.715,-105.573
598.824,-101.203
598.932,-103.887
599.041,-105.236
599.149,-105.947
599.258,-105.557
599.366,-103.838
599.475,-105.589
599.583,-106.517
599.692,-98.118
599.800,-104.207
599.800,-105.875
599.908,-104.008
600.000,-87.460
600.108,-96.535
600.217,-107.545
600.325,-106.914
600.434,-106.972
600.542,-106.857
600.651,-108.019
600.759,-107.072
600.868,-104.225
600.976,-103.189
601.085,-106.393
601.193,-106.929
601.302,-102.932
601.410,-104.027
601.519,-104.761
601.627,-103.597
601.736,-104.330
601.844,-102.546
601.953,-101.436
602.061,-89.670
602.170,-88.728
602.278,-97.143
602.387,-101.064
602.495,-99.651
602.603,-101.679
602.712,-102.679
602.820,-99.130
602.929,-100.635
603.037,-102.496
603.146,-102.961
603.254,-102.184
603.363,-101.371
603.471,-103.314
603.580,-104.635
603.688,-103.003
603.797,-104.290
603.905,-103.188
604.014,-103.531
604.122,-105.689
604.231,-103.323
604.339,-105.855
604.448,-104.931
604.556,-101.971
604.665,-101.992
604.773,-104.309
604.882,-103.683
604.990,-102.066
605.098,-102.172
605.207,-102.923
605.315,-100.550
605.424,-102.365
605.532,-102.289
605.641,-100.914
605.749,-103.595
605.858,-103.889
605.966,-105.495
606.075,-103.992
606.183,-103.221
606.292,-101.015
606.400,-103.327
606.509,-99.833
606.617,-102.636
606.726,-102.016
606.834,-102.823
606.943,-101.347
607.051,-101.869
607.160,-102.471
607.268,-103.408
607.377,-103.446
607.485,-100.798
607.593,-103.312
607.702,-104.708
607.810,-102.115
607.919,-105.327
608.027,-104.788
608.136,-104.146
608.244,-105.000
608.353,-103.456
608.461,-104.776
608.570,-104.626
608.678,-102.571
608.787,-96.806
608.895,-103.117
609.004,-104.864
609.112,-104.460
609.221,-105.576
609.329,-102.292
609.438,-105.505
609.546,-104.382
609.655,-102.721
609.763,-100.412
609.872,-101.069
609.980,-101.841
610.088,-102.180
610.197,-102.722
610.305,-104.307
610.414,-102.664
610.522,-101.763
610.631,-101.954
610.739,-100.536
610.848,-102.838
610.956,-104.040
611.065,-103.828
611.173,-100.845
611.282,-97.546
611.390,-101.021
611.499,-103.270
611.607,-100.351
611.716,-100.465
611.824,-99.250
611.933,-100.862
612.041,-103.841
612.150,-102.950
612.258,-102.297
612.367,-99.766
612.475,-99.226
612.583,-98.678
612.692,-98.895
612.800,-101.560
612.909,-102.095
613.017,-100.476
613.126,-101.585
613.234,-99.182
613.343,-99.879
613.451,-97.672
613.560,-96.793
613.668,-95.724
613.777,-98.076
613.885,-98.264
613.994,-98.628
614.102,-95.993
614.211,-95.028
614.319,-93.320
614.428,-90.572
614.536,-92.340
614.645,-89.862
614.753,-91.272
614.862,-90.743
614.970,-92.526
615.078,-96.525
615.187,-90.055
615.295,-87.168
615.404,-85.021
615.512,-83.307
615.621,-81.425
615.729,-79.735
615.838,-73.273
615.946,-64.925
616.055,-77.725
616.163,-78.087
616.272,-81.782
616.380,-81.622
616.489,-84.245
616.597,-85.691
616.706,-90.053
616.814,-93.791
616.923,-94.800
617.031,-92.782
617.140,-93.741
617.248,-91.500
617.357,-89.114
617.465,-92.571
617.573,-94.639
617.682,-95.908
617.790,-95.035
617.899,-99.472
618.007,-96.086
618.116,-95.654
618.224,-94.382
618.333,-94.165
618.441,-94.033
618.550,-94.790
618.658,-96.043
618.767,-98.519
618.875,-100.304
618.984,-100.010
619.092,-100.845
619.201,-98.085
619.309,-99.261
619.418,-99.581
619.526,-97.917
619.635,-100.370
619.743,-102.699
619.852,-101.375
619.960,-99.905
620.068,-99.495
620.177,-99.455
620.285,-96.222
620.394,-98.651
620.502,-98.590
620.611,-101.601
620.719,-98.744
620.828,-101.953
620.936,-101.070
621.045,-100.413
621.153,-99.467
621.262,-99.492
621.370,-98.812
621.479,-100.404
621.587,-103.229
621.696,-102.371
621.804,-103.967
621.913,-105.242
622.021,-102.310
622.130,-101.072
622.238,-102.016
622.347,-101.659
622.455,-97.160
622.563,-99.827
622.672,-100.368
622.780,-102.424
622.889,-103.526
622.997,-98.385
623.106,-98.466
623.214,-101.112
623.323,-101.929
623.431,-103.896
623.540,-100.258
623.648,-85.970
623.757,-98.050
623.865,-101.483
623.974,-100.476
624.082,-100.607
624.191,-100.352
624.299,-100.155
624.408,-101.537
624.516,-100.355
624.625,-104.767
624.733,-104.078
624.842,-104.657
624.950,-100.296
625.058,-102.881
625.167,-102.398
625.275,-102.472
625.384,-100.696
625.492,-99.697
625.601,-99.770
625.709,-103.126
625.818,-101.445
625.926,-102.207
626.035,-102.462
626.143,-104.223
626.252,-103.438
626.360,-102.887
626.469,-106.144
626.577,-105.296
626.686,-98.657
626.794,-98.775
626.903,-102.685
627.011,-104.269
627.120,-105.053
627.228,-103.019
627.337,-101.021
627.445,-100.105
627.553,-101.292
627.662,-104.458
627.770,-101.105
627.879,-103.628
627.987,-97.500
628.096,-103.863
628.204,-101.416
628.313,-103.760
628.421,-104.053
628.530,-104.691
628.638,-99.219
628.747,-96.253
628.855,-102.513
628.964,-101.528
629.072,-103.177
629.181,-102.806
629.289,-100.704
629.398,-103.791
629.506,-102.682
629.615,-102.288
629.723,-100.991
629.832,-101.226
629.940,-98.133
630.048,-97.920
630.157,-102.407
630.265,-104.585
630.374,-104.454
630.482,-103.668
630.591,-103.325
630.699,-103.124
630.808,-102.766
630.916,-98.523
631.025,-99.931
631.133,-100.941
631.242,-99.938
631.350,-103.674
631.459,-100.212
631.567,-98.935
631.676,-100.401
631.784,-104.286
631.893,-101.495
632.001,-101.275
632.110,-102.500
632.218,-100.279
632.327,-104.651
632.435,-106.828
632.543,-103.478
632.652,-105.302
632.760,-102.140
632.869,-103.394
632.977,-99.540
633.086,-93.612
633.194,-102.286
633.303,-101.847
633.411,-103.152
633.520,-100.702
633.628,-99.959
633.737,-103.219
633.845,-102.967
633.954,-102.825
634.062,-96.966
634.171,-104.918
634.279,-98.314
634.388,-95.110
634.496,-101.707
634.605,-98.358
634.713,-102.127
634.822,-103.253
634.930,-104.432
635.038,-101.705
635.147,-101.840
635.255,-104.238
635.364,-102.304
635.472,-103.026
635.581,-104.250
635.689,-103.751
635.798,-101.946
635.906,-102.759
636.015,-104.479
636.123,-101.719
636.232,-104.155
636.340,-103.499
636.449,-101.845
636.557,-104.278
636.666,-102.839
636.774,-103.822
636.883,-101.973
636.991,-105.313
637.100,-103.014
637.208,-102.740
637.317,-104.942
637.425,-93.866
637.533,-94.567
637.642,-91.314
637.750,-92.211
637.859,-89.162
637.967,-90.031
638.076,-91.694
638.184,-91.860
638.293,-92.815
638.401,-94.017
638.510,-92.732
638.618,-91.913
638.727,-94.457
638.835,-91.744
638.944,-95.480
639.052,-94.020
639.161,-93.157
639.269,-94.653
639.378,-95.426
639.486,-95.538
639.595,-94.572
639.703,-97.082
639.812,-93.972
639.920,-95.311
640.028,-88.642
640.137,-95.072
640.245,-93.529
640.354,-95.271
640.462,-95.002
640.571,-94.904
640.679,-93.436
640.788,-96.738
640.896,-92.354
641.005,-92.989
641.113,-94.984
641.222,-94.687
641.330,-95.897
641.439,-97.154
641.547,-93.971
641.656,-96.259
641.764,-97.532
641.873,-97.202
641.981,-96.881
642.090,-96.908
642.198,-94.946
642.307,-94.908
642.415,-92.588
642.523,-92.031
642.632,-93.910
642.740,-95.270
642.849,-92.455
642.957,-96.758
643.066,-97.861
643.174,-99.060
643.283,-98.935
643.391,-96.081
643.500,-97.550
643.608,-94.901
643.717,-98.434
643.825,-97.937
643.934,-98.446
644.042,-99.723
644.151,-98.729
644.259,-93.685
644.368,-93.797
644.476,-96.349
644.585,-96.380
644.693,-96.835
644.802,-99.679
644.910,-95.534
645.018,-95.720
645.127,-96.808
645.235,-96.919
645.344,-97.796
645.452,-98.156
645.561,-93.450
645.669,-92.914
645.778,-96.254
645.886,-94.256
645.995,-96.460
646.103,-95.327
646.212,-96.215
646.320,-96.808
646.429,-96.884
646.537,-96.838
646.646,-95.151
646.754,-98.185
646.863,-99.515
646.971,-96.714
647.080,-98.338
647.188,-97.183
647.297,-94.645
647.405,-98.944
647.513,-94.509
647.622,-95.928
647.730,-95.154
647.839,-98.039
647.947,-97.910
648.056,-97.778
648.164,-97.849
648.273,-96.824
648.381,-96.723
648.490,-94.802
648.598,-99.403
648.707,-97.650
648.815,-98.087
648.924,-98.230
649.032,-99.432
649.141,-100.109
649.249,-98.107
649.358,-96.747
649.466,-96.599
649.575,-99.329
649.683,-98.792
649.792,-98.884
649.900,-99.507
649.900,-99.844
650.008,-96.573
650.117,-99.013
650.225,-99.051
650.334,-99.959
650.442,-99.097
650.551,-99.479
650.659,-96.561
650.768,-100.264
650.876,-98.248
650.985,-95.825
651.093,-95.213
651.202,-95.817
651.310,-93.043
651.419,-97.895
651.527,-98.849
651.636,-97.602
651.744,-103.122
651.853,-104.039
651.961,-104.736
652.070,-100.569
652.178,-105.041
652.287,-104.528
652.395,-105.119
652.503,-98.220
652.612,-106.034
652.720,-105.468
652.829,-105.938
652.937,-105.707
653.046,-103.965
653.154,-103.360
653.263,-104.124
653.371,-97.101
653.480,-105.655
653.588,-104.771
653.697,-105.015
653.805,-104.825
653.914,-103.330
654.022,-103.451
654.131,-103.043
654.239,-104.549
654.348,-103.242
654.456,-100.615
654.565,-104.522
654.673,-102.722
654.782,-101.602
654.890,-106.298
654.998,-100.752
655.107,-98.208
655.215,-102.149
655.324,-102.727
655.432,-102.356
655.541,-104.207
655.649,-102.547
655.758,-104.218
655.866,-105.660
655.975,-102.344
656.083,-104.794
656.192,-104.109
656.300,-101.671
656.409,-103.577
656.517,-102.318
656.626,-102.785
656.734,-104.772
656.843,-102.986
656.951,-102.047
657.060,-101.148
657.168,-102.574
657.277,-101.656
657.385,-100.763
657.493,-104.493
657.602,-103.033
657.710,-102.517
657.819,-103.394
657.927,-104.144
658.036,-101.424
658.144,-103.184
658.253,-103.856
658.361,-103.503
658.470,-104.116
658.578,-102.275
658.687,-104.169
658.795,-101.771
658.904,-100.538
659.012,-98.515
659.121,-97.888
659.229,-100.355
659.338,-100.204
659.446,-97.920
659.555,-95.029
659.663,-99.089
659.772,-91.418
659.880,-87.766
659.988,-84.813
660.097,-91.590
660.205,-96.933
660.314,-99.796
660.422,-100.044
660.531,-100.622
660.639,-102.567
660.748,-103.254
660.856,-103.103
660.965,-103.366
661.073,-102.390
661.182,-103.032
661.290,-102.933
661.399,-104.564
661.507,-101.825
661.616,-102.205
661.724,-102.484
661.833,-102.229
661.941,-104.275
662.050,-101.585
662.158,-100.948
662.267,-102.428
662.375,-99.720
662.483,-101.297
662.592,-103.715
662.700,-104.128
662.809,-100.966
662.917,-103.262
663.026,-100.342
663.134,-103.877
663.243,-101.986
663.351,-104.742
663.460,-102.518
663.568,-101.292
663.677,-101.963
663.785,-104.034
663.894,-102.042
664.002,-102.532
664.111,-100.562
664.219,-102.139
664.328,-100.592
664.436,-102.462
664.545,-103.859
664.653,-101.051
664.762,-100.336
664.870,-100.939
664.978,-101.652
665.087,-102.079
665.195,-98.089
665.304,-98.725
665.412,-97.879
665.521,-98.853
665.629,-99.735
665.738,-99.415
665.846,-100.054
665.955,-98.599
666.063,-98.490
666.172,-97.038
666.280,-97.339
666.389,-97.434
666.497,-95.588
666.606,-94.322
666.714,-93.931
666.823,-93.153
666.931,-94.264
667.040,-92.721
667.148,-85.172
667.257,-77.989
667.365,-79.766
667.473,-88.245
667.582,-89.078
667.690,-92.879
667.799,-94.085
667.907,-96.860
668.016,-97.648
668.124,-99.994
668.233,-80.481
668.341,-99.015
668.450,-100.566
668.558,-100.504
668.667,-103.165
668.775,-101.507
668.884,-101.213
668.992,-102.350
669.101,-102.907
669.209,-103.211
669.318,-103.324
669.426,-102.186
669.535,-101.246
669.643,-103.276
669.752,-102.942
669.860,-103.246
669.968,-98.607
670.077,-103.126
670.185,-103.580
670.294,-102.297
670.402,-103.565
670.511,-102.523
670.619,-103.823
670.728,-106.255
670.836,-104.655
670.945,-106.129
671.053,-103.684
671.162,-104.501
671.270,-105.437
671.379,-107.703
671.487,-105.990
671.596,-103.595
671.704,-105.553
671.813,-106.588
671.921,-106.566
672.030,-104.621
672.138,-106.121
672.247,-106.912
672.355,-106.301
672.463,-106.494
672.572,-107.130
672.680,-107.028
672.789,-105.081
672.897,-104.900
673.006,-107.158
673.114,-107.505
673.223,-104.944
673.331,-107.874
673.440,-105.376
673.548,-107.993
673.657,-105.528
673.765,-107.414
673.874,-105.807
673.982,-106.874
674.091,-107.401
674.199,-105.713
674.308,-102.114
674.416,-105.719
674.525,-108.065
674.633,-106.780
674.742,-106.857
674.850,-107.268
674.958,-99.438
675.067,-106.934
675.175,-108.700
675.284,-107.820
675.392,-109.329
675.501,-107.433
675.609,-107.886
675.718,-107.318
675.826,-100.379
675.935,-104.678
676.043,-105.941
676.152,-107.478
676.260,-106.542
676.369,-106.323
676.477,-107.992
676.586,-106.725
676.694,-106.796
676.803,-106.331
676.911,-107.958
677.020,-105.609
677.128,-104.177
677.237,-105.615
677.345,-104.152
677.453,-95.035
677.562,-95.453
677.670,-98.885
677.779,-106.154
677.887,-103.213
677.996,-105.916
678.104,-105.943
678.213,-106.514
678.321,-105.692
678.430,-107.064
678.538,-105.350
678.647,-105.592
678.755,-105.439
678.864,-108.275
678.972,-108.287
679.081,-105.757
679.189,-107.759
679.298,-105.290
679.406,-105.207
679.515,-104.575
679.623,-107.476
679.732,-103.620
679.840,-105.018
679.948,-93.667
680.057,-94.688
680.165,-103.574
680.274,-102.465
680.382,-103.066
680.491,-99.673
680.599,-104.147
680.708,-101.292
680.816,-99.063
680.925,-101.432
681.033,-100.270
681.142,-100.954
681.250,-103.658
681.359,-101.456
681.467,-99.429
681.576,-101.686
681.684,-96.742
681.793,-85.892
681.901,-81.304
682.010,-85.109
682.118,-89.077
682.227,-92.583
682.335,-94.973
682.443,-96.013
682.552,-98.182
682.660,-101.441
682.769,-101.418
682.877,-99.246
682.986,-101.994
683.094,-97.374
683.203,-101.379
683.311,-102.948
683.420,-102.567
683.528,-102.807
683.637,-102.914
683.745,-102.451
683.854,-103.495
683.962,-103.340
684.071,-103.388
684.179,-98.983
684.288,-96.475
684.396,-86.647
684.505,-96.494
684.613,-99.739
684.722,-103.235
684.830,-102.684
684.938,-104.285
685.047,-101.036
685.155,-101.733
685.264,-105.912
685.372,-102.481
685.481,-104.368
685.589,-104.092
685.698,-103.710
685.806,-104.009
685.915,-104.234
686.023,-103.644
686.132,-104.688
686.240,-106.966
686.349,-105.544
686.457,-104.830
686.566,-106.254
686.674,-104.347
686.783,-105.854
686.891,-103.193
687.000,-103.062
687.108,-106.111
687.217,-104.592
687.325,-103.297
687.433,-105.120
687.542,-104.954
687.650,-105.498
687.759,-104.475
687.867,-104.336
687.976,-105.850
688.084,-98.144
688.193,-104.039
688.301,-106.681
688.410,-105.800
688.518,-106.271
688.627,-105.421
688.735,-103.685
688.844,-106.433
688.952,-104.419
689.061,-106.937
689.169,-107.384
689.278,-107.494
689.386,-106.885
689.495,-106.344
689.603,-106.204
689.712,-107.084
689.820,-106.331
689.928,-105.744
690.037,-102.026
690.145,-107.016
690.254,-105.916
690.362,-107.648
690.471,-105.488
690.579,-107.747
690.688,-108.719
690.796,-104.964
690.905,-107.059
691.013,-105.342
691.122,-106.260
691.230,-105.341
691.339,-105.413
691.447,-106.725
691.556,-106.741
691.664,-108.508
691.773,-108.102
691.881,-107.610
691.990,-107.596
692.098,-107.132
692.207,-106.706
692.315,-106.905
692.423,-106.557
692.532,-106.351
692.640,-108.086
692.749,-106.009
692.857,-104.832
692.966,-102.858
693.074,-108.484
693.183,-106.894
693.291,-106.561
693.400,-109.444
693.508,-105.087
693.617,-105.315
693.725,-105.644
693.834,-106.496
693.942,-106.557
694.051,-104.907
694.159,-105.847
694.268,-104.302
694.376,-105.198
694.485,-107.171
694.593,-104.398
694.702,-107.703
694.810,-106.128
694.918,-106.728
695.027,-105.913
695.135,-106.960
695.244,-105.337
695.352,-105.742
695.461,-105.798
695.569,-106.352
695.678,-106.056
695.786,-106.059
695.895,-105.846
696.003,-105.036
696.112,-107.198
696.220,-104.751
696.329,-104.847
696.437,-106.127
696.546,-104.262
696.654,-107.043
696.763,-106.299
696.871,-104.754
696.980,-104.268
697.088,-105.633
697.197,-105.100
697.305,-105.717
697.413,-101.309
697.522,-101.740
697.630,-106.407
697.739,-103.959
697.847,-99.197
697.956,-98.382
698.064,-102.779
698.173,-103.305
698.281,-105.032
698.390,-102.347
698.498,-106.517
698.607,-105.891
698.715,-107.856
698.824,-105.481
698.932,-102.343
699.041,-102.439
699.149,-106.918
699.258,-105.055
699.366,-106.243
699.475,-106.153
699.583,-103.210
699.692,-105.560
699.800,-104.944
699.800,-102.454
699.908,-104.519
700.000,-101.815
700.108,-99.956
700.217,-105.408
700.325,-101.599
700.434,-96.072
700.542,-102.274
700.651,-100.666
700.759,-103.610
700.868,-105.362
700.976,-103.625
701.085,-103.373
701.193,-101.573
701.302,-97.326
701.410,-84.755
701.519,-82.902
701.627,-91.903
701.736,-96.876
701.844,-103.032
701.953,-100.142
702.061,-102.425
702.170,-102.918
702.278,-103.236
702.387,-103.680
702.495,-102.216
702.603,-99.776
702.712,-105.757
702.820,-100.279
702.929,-101.832
703.037,-98.927
703.146,-99.267
703.254,-101.724
703.363,-101.708
703.471,-100.052
703.580,-101.260
703.688,-98.985
703.797,-92.956
703.905,-92.278
704.014,-85.258
704.122,-93.253
704.231,-98.032
704.339,-101.748
704.448,-103.760
704.556,-104.682
704.665,-104.231
704.773,-103.816
704.882,-101.309
704.990,-102.710
705.098,-105.030
705.207,-105.577
705.315,-103.434
705.424,-104.973
705.532,-106.243
705.641,-105.764
705.749,-106.546
705.858,-102.131
705.966,-103.139
706.075,-104.284
706.183,-104.259
706.292,-105.836
706.400,-106.326
706.509,-103.999
706.617,-104.418
706.726,-102.996
706.834,-104.172
706.943,-102.945
707.051,-103.454
707.160,-105.886
707.268,-107.515
707.377,-101.514
707.485,-105.658
707.593,-108.035
707.702,-104.901
707.810,-105.887
707.919,-102.230
708.027,-103.060
708.136,-101.501
708.244,-101.374
708.353,-99.638
708.461,-101.926
708.570,-98.235
708.678,-96.271
708.787,-99.095
708.895,-104.616
709.004,-106.900
709.112,-105.015
709.221,-103.176
709.329,-109.095
709.438,-104.945
709.546,-107.646
709.655,-108.876
709.763,-108.033
709.872,-107.703
709.980,-106.254
710.088,-107.032
710.197,-108.259
710.305,-107.715
710.414,-108.375
710.522,-107.572
710.631,-107.979
710.739,-107.820
710.848,-107.064
710.956,-108.665
711.065,-106.052
711.173,-104.478
711.282,-103.998
711.390,-103.448
711.499,-103.434
711.607,-104.047
711.716,-107.363
711.824,-107.859
711.933,-105.760
712.041,-108.491
712.150,-108.814
712.258,-108.913
712.367,-108.282
712.475,-108.168
712.583,-107.069
712.692,-99.430
712.800,-99.810
712.909,-107.470
713.017,-108.160
713.126,-108.667
713.234,-109.790
713.343,-105.439
713.451,-109.967
713.560,-107.230
713.668,-109.815
713.777,-107.269
713.885,-106.856
713.994,-105.665
714.102,-106.047
714.211,-104.334
714.319,-96.864
714.428,-98.134
714.536,-103.854
714.645,-106.194
714.753,-106.773
714.862,-105.194
714.970,-105.385
715.078,-106.402
715.187,-104.100
715.295,-104.467
715.404,-104.293
715.512,-104.620
715.621,-106.874
715.729,-103.775
715.838,-106.659
715.946,-106.323
716.055,-106.454
716.163,-105.945
716.272,-108.058
716.380,-104.983
716.489,-105.573
716.597,-108.657
716.706,-105.442
716.814,-108.384
716.923,-103.181
717.031,-104.558
717.140,-101.364
717.248,-103.254
717.357,-103.661
717.465,-106.977
717.573,-103.485
717.682,-105.702
717.790,-101.973
717.899,-103.656
718.007,-99.326
718.116,-99.814
718.224,-91.252
718.333,-98.051
718.441,-87.823
718.550,-83.653
718.658,-83.173
718.767,-90.304
718.875,-94.632
718.984,-97.380
719.092,-100.721
719.201,-99.600
719.309,-100.210
719.418,-100.886
719.526,-101.114
719.635,-101.687
719.743,-101.153
719.852,-98.826
719.960,-90.931
720.068,-96.043
720.177,-102.810
720.285,-103.945
720.394,-104.254
720.502,-106.746
720.611,-105.971
720.719,-104.117
720.828,-105.402
720.936,-105.493
721.045,-105.211
721.153,-107.078
721.262,-106.207
721.370,-104.061
721.479,-105.973
721.587,-106.405
721.696,-104.907
721.804,-105.645
721.913,-107.011
722.021,-106.334
722.130,-105.132
722.238,-108.409
722.347,-107.647
722.455,-106.594
722.563,-106.216
722.672,-105.326
722.780,-101.738
722.889,-102.953
722.997,-105.651
723.106,-105.140
723.214,-103.308
723.323,-107.307
723.431,-106.024
723.540,-104.803
723.648,-106.938
723.757,-108.209
723.865,-106.396
723.974,-108.420
724.082,-107.532
724.191,-106.271
724.299,-104.344
724.408,-108.153
724.516,-108.883
724.625,-107.992
724.733,-108.126
724.842,-108.097
724.950,-100.065
725.058,-103.894
725.167,-107.497
725.275,-107.558
725.384,-107.940
725.492,-104.908
725.601,-96.095
725.709,-99.131
725.818,-99.864
725.926,-93.475
726.035,-99.776
726.143,-102.343
726.252,-107.249
726.360,-106.333
726.469,-108.215
726.577,-107.968
726.686,-106.152
726.794,-106.106
726.903,-108.090
727.011,-105.041
727.120,-106.892
727.228,-103.864
727.337,-106.628
727.445,-107.453
727.553,-103.603
727.662,-107.840
727.770,-105.451
727.879,-105.922
727.987,-106.803
728.096,-105.221
728.204,-107.010
728.313,-107.700
728.421,-102.745
728.530,-104.087
728.638,-105.164
728.747,-106.843
728.855,-105.604
728.964,-106.948
729.072,-107.559
729.181,-108.155
729.289,-96.718
729.398,-93.738
729.506,-96.956
729.615,-100.145
729.723,-99.006
729.832,-96.792
729.940,-96.335
730.048,-95.866
730.157,-96.754
730.265,-97.395
730.374,-96.727
730.482,-96.357
730.591,-97.648
730.699,-98.181
730.808,-98.182
730.916,-97.011
731.025,-96.622
731.133,-97.347
731.242,-94.555
731.350,-95.642
731.459,-99.694
731.567,-98.102
731.676,-98.152
731.784,-97.288
731.893,-98.407
732.001,-98.578
732.110,-97.816
732.218,-96.652
732.327,-96.500
732.435,-97.445
732.543,-97.693
732.652,-97.389
732.760,-97.238
732.869,-96.581
732.977,-96.885
733.086,-95.787
733.194,-98.064
733.303,-96.292
733.411,-97.912
733.520,-96.425
733.628,-96.055
733.737,-98.273
733.845,-96.956
733.954,-97.359
734.062,-94.768
734.171,-97.595
734.279,-96.442
734.388,-97.746
734.496,-97.875
734.605,-98.661
734.713,-97.087
734.822,-96.809
734.930,-96.607
735.038,-97.144
735.147,-96.728
735.255,-98.428
735.364,-97.982
735.472,-97.958
735.581,-98.117
735.689,-96.760
735.798,-97.569
735.906,-96.274
736.015,-97.067
736.123,-98.640
736.232,-98.645
736.340,-98.495
736.449,-98.370
736.557,-96.592
736.666,-97.696
736.774,-96.496
736.883,-97.699
736.991,-97.483
737.100,-98.248
737.208,-99.840
737.317,-97.729
737.425,-96.567
737.533,-96.685
737.642,-97.854
737.750,-100.179
737.859,-98.398
737.967,-100.763
738.076,-98.740
738.184,-99.672
738.293,-99.505
738.401,-99.195
738.510,-98.739
738.618,-107.539
738.727,-106.861
738.835,-105.755
738.944,-106.374
739.052,-105.673
739.161,-107.210
739.269,-103.731
739.378,-107.461
739.486,-105.278
739.595,-107.186
739.703,-105.421
739.812,-105.224
739.920,-106.321
740.028,-106.206
740.137,-102.850
740.245,-89.325
740.354,-90.948
740.462,-93.241
740.571,-89.599
740.679,-90.653
740.788,-90.943
740.896,-91.237
741.005,-88.526
741.113,-89.530
741.222,-89.608
741.330,-91.886
741.439,-91.411
741.547,-89.695
741.656,-93.282
741.764,-90.494
741.873,-90.563
741.981,-88.685
742.090,-90.864
742.198,-90.148
742.307,-90.322
742.415,-86.932
742.523,-91.451
742.632,-92.084
742.740,-91.083
742.849,-90.929
742.957,-87.407
743.066,-86.676
743.174,-88.748
743.283,-87.936
743.391,-88.765
743.500,-88.968
743.608,-89.726
743.717,-88.809
743.825,-90.585
743.934,-90.231
744.042,-89.484
744.151,-90.797
744.259,-88.524
744.368,-90.432
744.476,-89.927
744.585,-89.319
744.693,-91.796
744.802,-96.287
744.910,-106.586
745.018,-104.422
745.127,-107.074
745.235,-106.339
745.344,-106.523
745.452,-106.059
745.561,-105.837
745.669,-104.741
745.778,-104.073
745.886,-105.979
745.995,-104.675
746.103,-105.897
746.212,-94.720
746.320,-96.298
746.429,-93.037
746.537,-93.368
746.646,-93.240
746.754,-94.192
746.863,-95.218
746.971,-94.953
747.080,-93.689
747.188,-92.615
747.297,-93.780
747.405,-92.194
747.513,-93.081
747.622,-91.185
747.730,-90.864
747.839,-90.707
747.947,-90.436
748.056,-88.928
748.164,-90.790
748.273,-90.553
748.381,-90.992
748.490,-87.407
748.598,-92.405
748.707,-90.574
748.815,-94.202
748.924,-91.419
749.032,-92.083
749.141,-95.093
749.249,-93.034
749.358,-94.505
749.466,-91.208
749.575,-90.891
749.683,-91.637
749.792,-90.237
749.900,-93.254
749.900,-91.306
750.008,-91.955
750.117,-92.952
750.225,-92.033
750.334,-90.530
750.442,-91.848
750.551,-92.415
750.659,-94.242
750.768,-96.194
750.876,-105.601
750.985,-105.655
751.093,-105.626
751.202,-97.926
751.310,-92.532
751.419,-91.147
751.527,-91.743
751.636,-91.688
751.744,-93.308
751.853,-94.620
751.961,-94.280
752.070,-94.055
752.178,-96.365
752.287,-95.106
752.395,-95.019
752.503,-91.615
752.612,-97.452
752.720,-94.551
752.829,-98.800
752.937,-95.876
753.046,-91.560
753.154,-93.471
753.263,-93.846
753.371,-90.915
753.480,-91.129
753.588,-91.766
753.697,-91.045
753.805,-92.278
753.914,-92.562
754.022,-92.295
754.131,-98.215
754.239,-95.970
754.348,-95.714
754.456,-93.017
754.565,-90.322
754.673,-91.457
754.782,-90.803
754.890,-91.601
754.998,-96.257
755.107,-94.888
755.215,-92.163
755.324,-91.423
755.432,-91.228
755.541,-91.509
755.649,-96.720
755.758,-97.917
755.866,-108.017
755.975,-107.080
756.083,-107.337
756.192,-107.641
756.300,-107.283
756.409,-103.798
756.517,-104.360
756.626,-103.977
756.734,-106.899
756.843,-110.046
756.951,-107.072
757.060,-107.005
757.168,-107.455
757.277,-109.329
757.385,-106.348
757.493,-105.907
757.602,-106.824
757.710,-106.296
757.819,-106.732
757.927,-106.007
758.036,-108.113
758.144,-107.631
758.253,-108.871
758.361,-108.338
758.470,-106.813
758.578,-107.734
758.687,-106.377
758.795,-103.606
758.904,-106.483
759.012,-106.542
759.121,-108.332
759.229,-107.604
759.338,-108.201
759.446,-109.656
759.555,-108.988
759.663,-108.313
759.772,-107.665
759.880,-106.888
759.988,-95.819
760.097,-107.146
760.205,-108.592
760.314,-108.739
760.422,-107.966
760.531,-110.590
760.639,-107.509
760.748,-108.230
760.856,-106.871
760.965,-106.648
761.073,-108.155
761.182,-109.516
761.290,-109.315
761.399,-107.239
761.507,-107.007
761.616,-107.607
761.724,-107.699
761.833,-101.525
761.941,-108.317
762.050,-109.712
762.158,-108.057
762.267,-107.237
762.375,-109.135
762.483,-107.121
762.592,-108.463
762.700,-108.522
762.809,-104.906
762.917,-103.681
763.026,-106.629
763.134,-108.336
763.243,-108.234
763.351,-106.850
763.460,-108.242
763.568,-108.435
763.677,-108.842
763.785,-106.276
763.894,-107.113
764.002,-107.767
764.111,-107.068
764.219,-107.769
764.328,-108.028
764.436,-108.975
764.545,-108.211
764.653,-107.133
764.762,-108.088
764.870,-107.072
764.978,-106.010
765.087,-106.250
765.195,-107.467
765.304,-108.920
765.412,-108.512
765.521,-100.994
765.629,-100.058
765.738,-103.418
765.846,-105.535
765.955,-104.584
766.063,-105.236
766.172,-107.675
766.280,-106.955
766.389,-106.849
766.497,-105.429
766.606,-105.606
766.714,-104.410
766.823,-108.392
766.931,-103.873
767.040,-105.289
767.148,-100.799
767.257,-102.177
767.365,-102.563
767.473,-99.514
767.582,-99.213
767.690,-98.036
767.799,-100.242
767.907,-98.467
768.016,-102.369
768.124,-99.256
768.233,-98.318
768.341,-96.425
768.450,-96.969
768.558,-95.480
768.667,-97.071
768.775,-95.630
768.884,-96.594
768.992,-99.103
769.101,-97.503
769.209,-97.947
769.318,-96.243
769.426,-90.352
769.535,-90.441
769.643,-82.150
769.752,-85.463
769.860,-81.346
769.968,-68.191
770.077,-86.910
770.185,-88.235
770.294,-83.887
770.402,-86.505
770.511,-92.182
770.619,-97.123
770.728,-93.868
770.836,-97.423
770.945,-93.520
771.053,-94.951
771.162,-93.488
771.270,-92.589
771.379,-92.929
771.487,-90.547
771.596,-94.744
771.704,-98.070
771.813,-99.243
771.921,-100.035
772.030,-100.334
772.138,-99.874
772.247,-101.035
772.355,-100.966
772.463,-101.434
772.572,-99.722
772.680,-100.840
772.789,-100.688
772.897,-101.687
773.006,-101.808
773.114,-103.788
773.223,-96.868
773.331,-100.478
773.440,-101.797
773.548,-101.824
773.657,-103.787
773.765,-104.883
773.874,-105.639
773.982,-103.844
774.091,-100.450
774.199,-101.598
774.308,-102.865
774.416,-104.048
774.525,-104.636
774.633,-104.318
774.742,-105.793
774.850,-105.192
774.958,-104.588
775.067,-104.612
775.175,-105.149
775.284,-104.367
775.392,-105.260
775.501,-104.334
775.609,-103.713
775.718,-103.946
775.826,-107.034
775.935,-105.106
776.043,-104.586
776.152,-105.332
776.260,-105.611
776.369,-105.587
776.477,-102.479
776.586,-105.329
776.694,-105.150
776.803,-103.424
776.911,-99.529
777.020,-101.559
777.128,-104.749
777.237,-103.420
777.345,-100.359
777.453,-100.019
777.562,-104.031
777.670,-103.616
777.779,-105.816
777.887,-105.789
777.996,-104.900
778.104,-105.851
778.213,-105.085
778.321,-103.200
778.430,-105.016
778.538,-104.890
778.647,-104.160
778.755,-104.682
778.864,-104.297
778.972,-103.724
779.081,-105.755
779.189,-104.422
779.298,-104.841
779.406,-105.261
779.515,-105.413
779.623,-103.655
779.732,-102.875
779.840,-101.844
779.948,-104.155
780.057,-100.265
780.165,-103.306
780.274,-103.275
780.382,-105.282
780.491,-103.217
780.599,-104.211
780.708,-103.971
780.816,-105.252
780.925,-103.543
781.033,-103.567
781.142,-104.514
781.250,-103.239
781.359,-102.270
781.467,-102.530
781.576,-103.377
781.684,-105.349
781.793,-103.711
781.901,-105.909
782.010,-102.697
782.118,-105.109
782.227,-105.722
782.335,-103.492
782.443,-102.718
782.552,-101.167
782.660,-100.888
782.769,-104.087
782.877,-103.472
782.986,-101.604
783.094,-98.023
783.203,-101.982
783.311,-104.287
783.420,-103.758
783.528,-103.450
783.637,-104.714
783.745,-103.079
783.854,-104.869
783.962,-104.119
784.071,-104.547
784.179,-101.999
784.288,-104.895
784.396,-105.154
784.505,-104.477
784.613,-104.345
784.722,-103.079
784.830,-103.169
784.938,-104.719
785.047,-104.168
785.155,-104.957
785.264,-104.597
785.372,-103.816
785.481,-104.210
785.589,-103.604
785.698,-102.432
785.806,-102.392
785.915,-101.930
786.023,-101.348
786.132,-103.991
786.240,-105.416
786.349,-104.007
786.457,-103.902
786.566,-105.071
786.674,-102.766
786.783,-105.024
786.891,-103.592
787.000,-103.052
787.108,-102.442
787.217,-102.578
787.325,-100.860
787.433,-104.334
787.542,-104.321
787.650,-104.897
787.759,-105.365
787.867,-103.320
787.976,-104.681
788.084,-104.726
788.193,-104.202
788.301,-104.582
788.410,-104.764
788.518,-105.117
788.627,-97.943
788.735,-97.745
788.844,-103.271
788.952,-104.752
789.061,-106.281
789.169,-105.397
789.278,-105.800
789.386,-106.709
789.495,-105.481
789.603,-103.450
789.712,-104.672
789.820,-104.712
789.928,-106.011
790.037,-102.565
790.145,-102.634
790.254,-103.422
790.362,-104.261
790.471,-105.897
790.579,-104.682
790.688,-105.530
790.796,-103.240
790.905,-104.393
791.013,-103.087
791.122,-104.567
791.230,-105.147
791.339,-104.003
791.447,-103.220
791.556,-101.326
791.664,-104.843
791.773,-105.040
791.881,-104.769
791.990,-101.825
792.098,-105.731
792.207,-105.366
792.315,-105.829
792.423,-104.786
792.532,-105.710
792.640,-105.594
792.749,-104.936
792.857,-104.405
792.966,-103.359
793.074,-105.261
793.183,-105.302
793.291,-105.556
793.400,-105.863
793.508,-106.741
793.617,-105.663
793.725,-105.883
793.834,-105.645
793.942,-105.209
794.051,-104.335
794.159,-102.683
794.268,-99.668
794.376,-97.981
794.485,-102.747
794.593,-104.612
794.702,-104.450
794.810,-104.970
794.918,-104.436
795.027,-103.154
795.135,-105.464
795.244,-106.251
795.352,-106.260
795.461,-97.886
795.569,-103.649
795.678,-103.998
795.786,-102.777
795.895,-103.327
796.003,-99.659
796.112,-102.756
796.220,-102.271
796.329,-102.063
796.437,-101.445
796.546,-100.363
796.654,-103.098
796.763,-104.111
796.871,-103.523
796.980,-103.038
797.088,-100.964
797.197,-102.428
797.305,-103.636
797.413,-104.457
797.522,-103.265
797.630,-105.443
797.739,-103.395
797.847,-104.394
797.956,-102.128
798.064,-105.668
798.173,-105.470
798.281,-105.141
798.390,-104.204
798.498,-102.975
798.607,-103.859
798.715,-101.035
798.824,-103.047
798.932,-105.839
799.041,-100.225
799.149,-105.512
799.258,-104.733
799.366,-106.023
799.475,-106.251
799.583,-105.449
799.692,-104.029
799.800,-103.609
799.800,-102.573
799.908,-97.495
800.000,-91.083
800.108,-81.720
800.217,-100.934
800.325,-102.383
800.434,-105.496
800.542,-104.358
800.651,-105.465
800.759,-105.774
800.868,-103.244
800.976,-102.663
801.085,-105.425
801.193,-104.463
801.302,-104.186
801.410,-101.979
801.519,-102.570
801.627,-103.434
801.736,-104.445
801.844,-104.395
801.953,-100.960
802.061,-103.042
802.170,-104.823
802.278,-104.143
802.387,-104.681
802.495,-103.259
802.603,-103.778
802.712,-101.468
802.820,-99.522
802.929,-101.360
803.037,-100.526
803.146,-104.695
803.254,-103.545
803.363,-103.576
803.471,-103.858
803.580,-103.093
803.688,-103.982
803.797,-101.479
803.905,-101.942
804.014,-100.017
804.122,-103.731
804.231,-101.977
804.339,-104.833
804.448,-103.391
804.556,-107.159
804.665,-107.463
804.773,-107.774
804.882,-107.072
804.990,-106.051
805.098,-105.306
805.207,-108.713
805.315,-108.867
805.424,-109.650
805.532,-98.476
805.641,-98.154
805.749,-100.167
805.858,-103.937
805.966,-105.827
806.075,-105.939
806.183,-105.961
806.292,-106.665
806.400,-106.746
806.509,-106.645
806.617,-108.129
806.726,-108.805
806.834,-106.601
806.943,-105.514
807.051,-105.735
807.160,-106.165
807.268,-106.169
807.377,-106.294
807.485,-106.354
807.593,-106.365
807.702,-105.270
807.810,-105.694
807.919,-105.884
808.027,-101.190
808.136,-104.397
808.244,-102.913
808.353,-103.347
808.461,-104.386
808.570,-104.921
808.678,-105.122
808.787,-107.782
808.895,-107.278
809.004,-102.120
809.112,-108.232
809.221,-107.151
809.329,-107.186
809.438,-108.651
809.546,-108.176
809.655,-107.165
809.763,-105.486
809.872,-104.758
809.980,-102.296
810.088,-101.039
810.197,-107.400
810.305,-107.022
810.414,-107.889
810.522,-105.495
810.631,-107.878
810.739,-107.353
810.848,-106.615
810.956,-94.090
811.065,-102.127
811.173,-102.863
811.282,-101.235
811.390,-102.358
811.499,-107.080
811.607,-106.116
811.716,-103.525
811.824,-103.081
811.933,-107.999
812.041,-100.091
812.150,-108.802
812.258,-106.848
812.367,-108.761
812.475,-104.714
812.583,-105.150
812.692,-105.744
812.800,-106.184
812.909,-106.545
813.017,-102.248
813.126,-106.428
813.234,-107.533
813.343,-107.176
813.451,-106.605
813.560,-106.263
813.668,-106.112
813.777,-104.732
813.885,-99.458
813.994,-100.797
814.102,-103.435
814.211,-104.320
814.319,-104.490
814.428,-105.586
814.536,-106.152
814.645,-104.875
814.753,-105.664
814.862,-104.805
814.970,-99.023
815.078,-102.743
815.187,-101.464
815.295,-101.456
815.404,-101.553
815.512,-102.743
815.621,-105.341
815.729,-102.464
815.838,-104.233
815.946,-100.895
816.055,-100.873
816.163,-105.497
816.272,-102.338
816.380,-101.839
816.489,-104.246
816.597,-102.829
816.706,-92.801
816.814,-102.589
816.923,-99.953
817.031,-99.755
817.140,-102.453
817.248,-101.400
817.357,-99.791
817.465,-101.874
817.573,-103.226
817.682,-103.164
817.790,-102.125
817.899,-100.554
818.007,-102.941
818.116,-103.256
818.224,-103.509
818.333,-102.533
818.441,-103.860
818.550,-101.031
818.658,-101.228
818.767,-103.274
818.875,-100.136
818.984,-102.647
819.092,-102.294
819.201,-101.264
819.309,-101.560
819.418,-101.395
819.526,-101.811
819.635,-103.284
819.743,-102.048
819.852,-100.903
819.960,-101.713
820.068,-94.245
820.177,-97.796
820.285,-97.469
820.394,-97.942
820.502,-99.969
820.611,-97.267
820.719,-95.965
820.828,-94.724
820.936,-92.471
821.045,-89.274
821.153,-86.624
821.262,-79.169
821.370,-80.499
821.479,-90.811
821.587,-92.305
821.696,-98.735
821.804,-96.299
821.913,-98.256
822.021,-98.573
822.130,-98.310
822.238,-100.336
822.347,-102.575
822.455,-101.489
822.563,-101.413
822.672,-101.017
822.780,-103.483
822.889,-102.727
822.997,-99.564
823.106,-100.904
823.214,-98.593
823.323,-94.631
823.431,-101.037
823.540,-100.737
823.648,-102.253
823.757,-102.890
823.865,-101.598
823.974,-103.363
824.082,-101.450
824.191,-100.561
824.299,-103.047
824.408,-102.926
824.516,-101.889
824.625,-102.892
824.733,-101.853
824.842,-102.526
824.950,-100.465
825.058,-99.889
825.167,-101.739
825.275,-102.098
825.384,-102.708
825.492,-103.757
825.601,-100.141
825.709,-101.656
825.818,-102.905
825.926,-102.770
826.035,-102.384
826.143,-102.497
826.252,-101.742
826.360,-102.333
826.469,-102.677
826.577,-102.178
826.686,-102.775
826.794,-99.932
826.903,-102.801
827.011,-101.846
827.120,-103.408
827.228,-103.157
827.337,-102.008
827.445,-101.570
827.553,-103.886
827.662,-103.127
827.770,-104.802
827.879,-104.423
827.987,-102.813
828.096,-103.464
828.204,-102.737
828.313,-104.194
828.421,-103.454
828.530,-103.313
828.638,-103.374
828.747,-102.657
828.855,-102.869
828.964,-106.062
829.072,-103.573
829.181,-102.389
829.289,-102.228
829.398,-102.722
829.506,-103.714
829.615,-102.846
829.723,-103.018
829.832,-103.415
829.940,-103.078
830.048,-101.762
830.157,-103.417
830.265,-102.699
830.374,-104.610
830.482,-103.414
830.591,-103.156
830.699,-105.292
830.808,-104.757
830.916,-103.798
831.025,-102.428
831.133,-104.257
831.242,-103.894
831.350,-102.454
831.459,-99.992
831.567,-98.789
831.676,-101.787
831.784,-103.344
831.893,-101.648
832.001,-103.050
832.110,-102.600
832.218,-103.685
832.327,-104.074
832.435,-102.258
832.543,-102.006
832.652,-104.626
832.760,-104.210
832.869,-103.657
832.977,-102.149
833.086,-103.303
833.194,-99.827
833.303,-102.816
833.411,-101.751
833.520,-101.472
833.628,-100.963
833.737,-100.490
833.845,-103.009
833.954,-101.748
834.062,-102.864
834.171,-101.190
834.279,-102.351
834.388,-98.897
834.496,-100.251
834.605,-103.384
834.713,-100.945
834.822,-101.087
834.930,-100.321
835.038,-99.557
835.147,-98.835
835.255,-93.593
835.364,-95.238
835.472,-93.005
835.581,-85.877
835.689,-90.463
835.798,-87.787
835.906,-85.263
836.015,-87.600
836.123,-89.588
836.232,-94.900
836.340,-98.884
836.449,-92.114
836.557,-93.142
836.666,-96.722
836.774,-97.836
836.883,-98.951
836.991,-96.624
837.100,-101.188
837.208,-99.255
837.317,-101.750
837.425,-101.325
837.533,-100.528
837.642,-100.546
837.750,-103.362
837.859,-101.362
837.967,-100.211
838.076,-100.592
838.184,-100.469
838.293,-95.824
838.401,-94.707
838.510,-101.307
838.618,-102.830
838.727,-103.040
838.835,-103.542
838.944,-103.743
839.052,-104.045
839.161,-103.898
839.269,-103.103
839.378,-103.030
839.486,-103.137
839.595,-103.293
839.703,-102.726
839.812,-101.947
839.920,-102.977
840.028,-90.692
840.137,-102.189
840.245,-103.172
840.354,-102.199
840.462,-103.815
840.571,-104.185
840.679,-103.023
840.788,-104.173
840.896,-103.950
841.005,-100.007
841.113,-102.843
841.222,-103.252
841.330,-102.066
841.439,-104.109
841.547,-103.391
841.656,-105.803
841.764,-103.790
841.873,-105.454
841.981,-105.067
842.090,-101.311
842.198,-103.936
842.307,-105.190
842.415,-105.641
842.523,-105.126
842.632,-106.339
842.740,-104.763
842.849,-106.316
842.957,-101.856
843.066,-103.541
843.174,-103.772
843.283,-103.840
843.391,-105.327
843.500,-103.584
843.608,-104.064
843.717,-104.942
843.825,-104.772
843.934,-104.038
844.042,-104.353
844.151,-104.238
844.259,-104.059
844.368,-103.020
844.476,-102.370
844.585,-103.973
844.693,-103.450
844.802,-104.002
844.910,-102.965
845.018,-102.978
845.127,-101.378
845.235,-104.152
845.344,-103.201
845.452,-104.307
845.561,-102.384
845.669,-101.894
845.778,-101.894
845.886,-102.889
845.995,-102.688
846.103,-102.341
846.212,-102.545
846.320,-103.975
846.429,-104.249
846.537,-102.590
846.646,-103.142
846.754,-103.488
846.863,-103.368
846.971,-102.408
847.080,-103.081
847.188,-102.612
847.297,-103.660
847.405,-105.096
847.513,-101.935
847.622,-103.073
847.730,-101.826
847.839,-94.976
847.947,-102.731
848.056,-102.439
848.164,-103.367
848.273,-103.450
848.381,-101.594
848.490,-104.646
848.598,-102.776
848.707,-103.837
848.815,-104.266
848.924,-103.284
849.032,-104.059
849.141,-104.058
849.249,-102.824
849.358,-102.046
849.466,-102.554
849.575,-102.094
849.683,-103.188
849.792,-101.521
849.900,-103.658
849.900,-102.269
850.008,-103.924
850.117,-100.981
850.225,-104.500
850.334,-103.824
850.442,-103.207
850.551,-105.358
850.659,-103.341
850.768,-103.882
850.876,-102.313
850.985,-104.084
851.093,-104.758
851.202,-101.412
851.310,-102.120
851.419,-103.869
851.527,-103.974
851.636,-102.503
851.744,-104.061
851.853,-102.521
851.961,-101.532
852.070,-103.332
852.178,-103.159
852.287,-103.186
852.395,-102.749
852.503,-102.509
852.612,-102.972
852.720,-102.852
852.829,-103.526
852.937,-102.084
853.046,-103.059
853.154,-104.153
853.263,-104.248
853.371,-103.831
853.480,-102.806
853.588,-104.087
853.697,-102.391
853.805,-103.521
853.914,-103.931
854.022,-102.531
854.131,-104.559
854.239,-104.885
854.348,-101.037
854.456,-104.963
854.565,-105.341
854.673,-102.897
854.782,-101.512
854.890,-102.541
854.998,-103.530
855.107,-101.911
855.215,-102.806
855.324,-94.143
855.432,-86.793
855.541,-85.220
855.649,-94.907
855.758,-103.511
855.866,-102.493
855.975,-99.297
856.083,-102.495
856.192,-103.215
856.300,-101.428
856.409,-103.376
856.517,-101.020
856.626,-103.948
856.734,-102.413
856.843,-102.936
856.951,-100.579
857.060,-101.044
857.168,-101.550
857.277,-95.614
857.385,-100.706
857.493,-99.063
857.602,-99.150
857.710,-96.638
857.819,-89.544
857.927,-87.765
858.036,-93.777
858.144,-88.639
858.253,-96.648
858.361,-95.655
858.470,-97.612
858.578,-103.405
858.687,-104.284
858.795,-104.060
858.904,-104.709
859.012,-104.014
859.121,-94.205
859.229,-101.016
859.338,-104.269
859.446,-103.017
859.555,-105.128
859.663,-103.346
859.772,-102.792
859.880,-101.651
859.988,-103.044
860.097,-98.956
860.205,-101.990
860.314,-102.814
860.422,-100.672
860.531,-104.485
860.639,-105.778
860.748,-105.121
860.856,-105.000
860.965,-103.885
861.073,-105.044
861.182,-105.139
861.290,-103.505
861.399,-102.508
861.507,-101.384
861.616,-106.138
861.724,-104.677
861.833,-101.771
861.941,-100.874
862.050,-101.008
862.158,-103.932
862.267,-102.341
862.375,-101.721
862.483,-100.662
862.592,-103.043
862.700,-102.863
862.809,-104.119
862.917,-107.205
863.026,-102.968
863.134,-103.569
863.243,-103.725
863.351,-105.310
863.460,-104.537
863.568,-103.177
863.677,-103.754
863.785,-104.638
863.894,-105.995
864.002,-103.092
864.111,-101.915
864.219,-102.097
864.328,-103.702
864.436,-102.584
864.545,-103.873
864.653,-104.930
864.762,-106.422
864.870,-104.944
864.978,-103.818
865.087,-104.073
865.195,-103.729
865.304,-102.289
865.412,-102.826
865.521,-102.517
865.629,-102.494
865.738,-99.745
865.846,-101.120
865.955,-101.259
866.063,-102.111
866.172,-100.861
866.280,-101.519
866.389,-103.466
866.497,-102.700
866.606,-102.696
866.714,-104.646
866.823,-103.401
866.931,-104.458
867.040,-104.608
867.148,-101.258
867.257,-103.376
867.365,-103.677
867.473,-105.517
867.582,-104.189
867.690,-104.776
867.799,-103.733
867.907,-104.187
868.016,-105.709
868.124,-104.077
868.233,-103.755
868.341,-104.264
868.450,-104.360
868.558,-103.593
868.667,-100.391
868.775,-101.195
868.884,-104.486
868.992,-103.320
869.101,-103.668
869.209,-104.481
869.318,-103.201
869.426,-102.105
869.535,-103.333
869.643,-103.230
869.752,-101.382
869.860,-101.316
869.968,-100.050
870.077,-100.098
870.185,-102.461
870.294,-99.206
870.402,-98.862
870.511,-99.136
870.619,-98.838
870.728,-98.457
870.836,-98.814
870.945,-98.923
871.053,-99.722
871.162,-98.890
871.270,-97.203
871.379,-98.052
871.487,-97.709
871.596,-97.333
871.704,-97.821
871.813,-94.725
871.921,-91.934
872.030,-94.880
872.138,-94.199
872.247,-90.552
872.355,-89.865
872.463,-89.550
872.572,-77.568
872.680,-77.810
872.789,-85.751
872.897,-91.628
873.006,-91.462
873.114,-93.313
873.223,-96.130
873.331,-94.549
873.440,-97.580
873.548,-95.612
873.657,-96.110
873.765,-96.553
873.874,-97.772
873.982,-95.657
874.091,-97.302
874.199,-99.291
874.308,-97.723
874.416,-98.450
874.525,-97.641
874.633,-98.115
874.742,-97.114
874.850,-103.707
874.958,-99.102
875.067,-102.181
875.175,-100.086
875.284,-101.817
875.392,-102.995
875.501,-100.550
875.609,-99.255
875.718,-102.269
875.826,-99.276
875.935,-101.181
876.043,-100.467
876.152,-102.629
876.260,-103.369
876.369,-102.191
876.477,-99.401
876.586,-101.547
876.694,-102.122
876.803,-101.556
876.911,-102.278
877.020,-101.418
877.128,-103.298
877.237,-100.933
877.345,-100.996
877.453,-99.550
877.562,-101.753
877.670,-101.938
877.779,-101.883
877.887,-103.958
877.996,-102.449
878.104,-102.704
878.213,-102.058
878.321,-98.328
878.430,-101.910
878.538,-101.722
878.647,-103.289
878.755,-103.520
878.864,-100.749
878.972,-104.106
879.081,-102.781
879.189,-99.761
879.298,-101.183
879.406,-101.032
879.515,-100.980
879.623,-99.779
879.732,-93.045
879.840,-87.755
879.948,-85.447
880.057,-89.517
880.165,-95.043
880.274,-95.139
880.382,-95.904
880.491,-95.342
880.599,-97.808
880.708,-98.849
880.816,-96.606
880.925,-97.802
881.033,-98.345
881.142,-95.840
881.250,-97.996
881.359,-96.867
881.467,-96.392
881.576,-98.233
881.684,-98.527
881.793,-97.289
881.901,-96.550
882.010,-98.455
882.118,-98.569
882.227,-98.728
882.335,-99.138
882.443,-99.914
882.552,-97.495
882.660,-95.761
882.769,-97.214
882.877,-97.516
882.986,-98.272
883.094,-96.017
883.203,-94.774
883.311,-96.007
883.420,-98.292
883.528,-96.734
883.637,-96.967
883.745,-99.001
883.854,-98.376
883.962,-99.427
884.071,-99.456
884.179,-97.132
884.288,-97.222
884.396,-97.309
884.505,-95.668
884.613,-97.257
884.722,-94.975
884.830,-101.852
884.938,-105.014
885.047,-104.272
885.155,-105.371
885.264,-101.715
885.372,-100.627
885.481,-100.456
885.589,-99.619
885.698,-96.028
885.806,-97.730
885.915,-95.146
886.023,-96.245
886.132,-95.939
886.240,-97.906
886.349,-94.008
886.457,-95.058
886.566,-95.379
886.674,-93.893
886.783,-94.540
886.891,-96.690
887.000,-100.553
887.108,-100.377
887.217,-96.592
887.325,-98.203
887.433,-97.655
887.542,-98.733
887.650,-103.170
887.759,-101.498
887.867,-102.986
887.976,-103.531
888.084,-104.321
888.193,-102.583
888.301,-101.064
888.410,-96.502
888.518,-99.148
888.627,-103.103
888.735,-103.218
888.844,-104.389
888.952,-104.364
889.061,-99.961
889.169,-103.390
889.278,-105.906
889.386,-101.774
889.495,-104.566
889.603,-100.142
889.712,-93.717
889.820,-102.445
889.928,-102.449
890.037,-102.594
890.145,-102.775
890.254,-100.486
890.362,-101.056
890.471,-100.197
890.579,-104.425
890.688,-103.481
890.796,-101.708
890.905,-91.421
891.013,-94.589
891.122,-99.915
891.230,-99.261
891.339,-101.560
891.447,-101.958
891.556,-103.683
891.664,-105.328
891.773,-104.633
891.881,-103.559
891.990,-104.983
892.098,-104.216
892.207,-103.008
892.315,-103.436
892.423,-102.972
892.532,-103.308
892.640,-103.498
892.749,-102.814
892.857,-103.814
892.966,-101.517
893.074,-103.340
893.183,-100.880
893.291,-100.249
893.400,-102.170
893.508,-103.482
893.617,-102.415
893.725,-103.734
893.834,-98.976
893.942,-105.786
894.051,-103.708
894.159,-102.759
894.268,-102.706
894.376,-99.384
894.485,-96.086
894.593,-104.775
894.702,-103.744
894.810,-101.577
894.918,-103.729
895.027,-104.304
895.135,-104.418
895.244,-102.200
895.352,-103.775
895.461,-102.995
895.569,-103.054
895.678,-103.940
895.786,-103.060
895.895,-103.610
896.003,-99.602
896.112,-99.964
896.220,-100.307
896.329,-102.507
896.437,-99.802
896.546,-99.820
896.654,-102.418
896.763,-100.834
896.871,-100.014
896.980,-83.551
897.088,-104.080
897.197,-105.000
897.305,-102.862
897.413,-103.957
897.522,-103.267
897.630,-103.011
897.739,-104.879
897.847,-103.370
897.956,-105.170
898.064,-97.591
898.173,-102.132
898.281,-104.963
898.390,-104.910
898.498,-104.564
898.607,-98.199
898.715,-97.479
898.824,-104.180
898.932,-105.434
899.041,-104.915
899.149,-105.272
899.258,-98.466
899.366,-105.690
899.475,-103.553
899.583,-102.828
899.692,-102.461
899.800,-99.064
899.800,-99.607
899.908,-102.435
900.000,-95.925
900.108,-78.757
900.217,-97.211
900.325,-97.712
900.434,-97.330
900.542,-102.278
900.651,-101.957
900.759,-103.625
900.868,-103.912
900.976,-106.277
901.085,-102.397
901.193,-101.746
901.302,-103.591
901.410,-101.655
901.519,-100.857
901.627,-101.953
901.736,-98.065
901.844,-94.612
901.953,-92.916
902.061,-95.384
902.170,-95.884
902.278,-101.273
902.387,-100.542
902.495,-102.906
902.603,-102.406
902.712,-98.190
902.820,-98.352
902.929,-100.201
903.037,-99.380
903.146,-102.421
903.254,-101.256
903.363,-101.520
903.471,-100.200
903.580,-97.426
903.688,-98.466
903.797,-97.198
903.905,-98.646
904.014,-97.501
904.122,-98.124
904.231,-98.806
904.339,-100.217
904.448,-102.446
904.556,-107.276
904.665,-107.900
904.773,-105.358
904.882,-104.031
904.990,-106.766
905.098,-106.648
905.207,-108.598
905.315,-105.562
905.424,-106.933
905.532,-106.772
905.641,-106.841
905.749,-100.791
905.858,-104.902
905.966,-106.962
906.075,-106.114
906.183,-106.933
906.292,-107.025
906.400,-104.516
906.509,-104.902
906.617,-103.414
906.726,-103.806
906.834,-96.918
906.943,-105.460
907.051,-101.840
907.160,-99.367
907.268,-99.709
907.377,-98.300
907.485,-101.158
907.593,-99.908
907.702,-101.801
907.810,-100.711
907.919,-101.483
908.027,-101.922
908.136,-103.618
908.244,-105.048
908.353,-105.155
908.461,-106.978
908.570,-105.118
908.678,-102.016
908.787,-102.116
908.895,-101.106
909.004,-101.138
909.112,-101.614
909.221,-104.316
909.329,-101.780
909.438,-103.128
909.546,-107.564
909.655,-104.798
909.763,-104.210
909.872,-100.539
909.980,-100.612
910.088,-101.527
910.197,-107.303
910.305,-107.871
910.414,-106.411
910.522,-106.283
910.631,-101.823
910.739,-103.722
910.848,-103.590
910.956,-103.612
911.065,-105.471
911.173,-103.128
911.282,-103.284
911.390,-99.439
911.499,-103.295
911.607,-104.851
911.716,-108.040
911.824,-102.370
911.933,-103.793
912.041,-103.093
912.150,-104.624
912.258,-105.918
912.367,-101.874
912.475,-101.202
912.583,-105.870
912.692,-104.759
912.800,-104.124
912.909,-104.877
913.017,-100.231
913.126,-102.297
913.234,-104.707
913.343,-102.100
913.451,-103.207
913.560,-103.647
913.668,-105.272
913.777,-105.277
913.885,-102.772
913.994,-105.103
914.102,-104.430
914.211,-103.268
914.319,-105.431
914.428,-107.030
914.536,-100.532
914.645,-95.525
914.753,-94.593
914.862,-96.399
914.970,-102.076
915.078,-105.010
915.187,-104.858
915.295,-101.561
915.404,-103.582
915.512,-102.248
915.621,-102.089
915.729,-103.184
915.838,-102.969
915.946,-105.120
916.055,-102.530
916.163,-102.867
916.272,-101.607
916.380,-104.914
916.489,-105.785
916.597,-103.497
916.706,-105.224
916.814,-104.225
916.923,-103.751
917.031,-103.932
917.140,-101.533
917.248,-101.492
917.357,-104.573
917.465,-103.888
917.573,-105.568
917.682,-101.910
917.790,-102.358
917.899,-104.922
918.007,-102.596
918.116,-103.059
918.224,-102.542
918.333,-101.721
918.441,-102.226
918.550,-101.852
918.658,-104.878
918.767,-104.537
918.875,-103.407
918.984,-103.372
919.092,-104.137
919.201,-105.844
919.309,-103.096
919.418,-103.504
919.526,-103.538
919.635,-102.117
919.743,-105.018
919.852,-104.621
919.960,-95.601
920.068,-105.828
920.177,-101.625
920.285,-104.591
920.394,-101.518
920.502,-102.205
920.611,-92.176
920.719,-95.529
920.828,-102.387
920.936,-103.432
921.045,-104.239
921.153,-102.713
921.262,-102.810
921.370,-99.336
921.479,-98.770
921.587,-101.718
921.696,-102.670
921.804,-102.324
921.913,-101.216
922.021,-101.621
922.130,-102.134
922.238,-101.296
922.347,-99.123
922.455,-98.729
922.563,-96.203
922.672,-97.931
922.780,-100.012
922.889,-97.491
922.997,-98.974
923.106,-101.135
923.214,-94.651
923.323,-94.788
923.431,-89.170
923.540,-90.261
923.648,-86.420
923.757,-85.743
923.865,-82.005
923.974,-70.966
924.082,-86.389
924.191,-87.882
924.299,-91.856
924.408,-90.241
924.516,-95.488
924.625,-95.000
924.733,-101.875
924.842,-102.885
924.950,-100.595
925.058,-99.730
925.167,-98.286
925.275,-98.777
925.384,-98.809
925.492,-98.380
925.601,-99.593
925.709,-99.365
925.818,-103.385
925.926,-105.719
926.035,-101.683
926.143,-101.891
926.252,-103.759
926.360,-101.509
926.469,-105.289
926.577,-104.333
926.686,-101.560
926.794,-101.329
926.903,-104.440
927.011,-103.844
927.120,-103.928
927.228,-103.211
927.337,-100.882
927.445,-104.654
927.553,-104.612
927.662,-103.474
927.770,-105.535
927.879,-104.862
927.987,-104.170
928.096,-102.420
928.204,-102.287
928.313,-102.432
928.421,-104.094
928.530,-102.648
928.638,-102.033
928.747,-105.860
928.855,-101.810
928.964,-105.208
929.072,-101.699
929.181,-103.444
929.289,-100.488
929.398,-102.171
929.506,-102.751
929.615,-98.871
929.723,-103.882
929.832,-101.632
929.940,-103.173
930.048,-102.175
930.157,-104.426
930.265,-102.820
930.374,-103.235
930.482,-101.841
930.591,-104.092
930.699,-102.037
930.808,-102.438
930.916,-99.005
931.025,-100.403
931.133,-103.296
931.242,-101.946
931.350,-102.560
931.459,-103.004
931.567,-103.298
931.676,-104.358
931.784,-103.328
931.893,-102.669
932.001,-103.278
932.110,-100.325
932.218,-105.209
932.327,-102.528
932.435,-104.226
932.543,-102.504
932.652,-103.658
932.760,-100.023
932.869,-103.121
932.977,-102.213
933.086,-101.657
933.194,-103.182
933.303,-101.964
933.411,-101.808
933.520,-102.993
933.628,-102.288
933.737,-103.491
933.845,-103.192
933.954,-100.740
934.062,-104.387
934.171,-99.811
934.279,-99.697
934.388,-102.501
934.496,-100.270
934.605,-103.440
934.713,-102.425
934.822,-103.106
934.930,-104.821
935.038,-104.384
935.147,-101.144
935.255,-102.125
935.364,-100.382
935.472,-92.988
935.581,-99.903
935.689,-103.998
935.798,-102.138
935.906,-103.979
936.015,-101.578
936.123,-99.202
936.232,-101.666
936.340,-101.454
936.449,-101.541
936.557,-103.753
936.666,-103.716
936.774,-103.718
936.883,-103.626
936.991,-102.763
937.100,-104.363
937.208,-99.199
937.317,-103.195
937.425,-103.987
937.533,-102.285
937.642,-103.387
937.750,-104.440
937.859,-103.132
937.967,-104.424
938.076,-102.657
938.184,-104.139
938.293,-101.046
938.401,-101.660
938.510,-100.049
938.618,-102.372
938.727,-103.365
938.835,-104.517
938.944,-102.592
939.052,-102.376
939.161,-103.439
939.269,-103.927
939.378,-102.045
939.486,-101.876
939.595,-103.470
939.703,-102.999
939.812,-104.904
939.920,-101.996
940.028,-102.948
940.137,-100.535
940.245,-102.997
940.354,-103.028
940.462,-101.613
940.571,-101.410
940.679,-104.134
940.788,-100.229
940.896,-104.960
941.005,-103.148
941.113,-102.897
941.222,-102.005
941.330,-100.808
941.439,-101.708
941.547,-103.962
941.656,-103.849
941.764,-102.513
941.873,-104.749
941.981,-101.720
942.090,-104.097
942.198,-103.457
942.307,-104.083
942.415,-106.257
942.523,-105.660
942.632,-103.207
942.740,-103.448
942.849,-102.917
942.957,-100.799
943.066,-101.805
943.174,-100.946
943.283,-103.926
943.391,-105.257
943.500,-104.978
943.608,-106.084
943.717,-104.966
943.825,-104.036
943.934,-104.501
944.042,-102.295
944.151,-101.981
944.259,-102.507
944.368,-102.231
944.476,-101.020
944.585,-102.939
944.693,-102.783
944.802,-102.561
944.910,-102.128
945.018,-100.706
945.127,-103.701
945.235,-102.111
945.344,-101.343
945.452,-103.483
945.561,-100.097
945.669,-101.504
945.778,-100.751
945.886,-97.255
945.995,-97.462
946.103,-100.399
946.212,-104.312
946.320,-103.389
946.429,-106.213
946.537,-102.475
946.646,-102.659
946.754,-104.205
946.863,-104.171
946.971,-103.800
947.080,-105.367
947.188,-101.215
947.297,-104.160
947.405,-104.357
947.513,-104.868
947.622,-105.838
947.730,-104.157
947.839,-106.407
947.947,-105.518
948.056,-105.294
948.164,-105.243
948.273,-105.570
948.381,-106.207
948.490,-106.126
948.598,-103.624
948.707,-102.259
948.815,-103.236
948.924,-106.398
949.032,-104.143
949.141,-106.484
949.249,-105.184
949.358,-105.688
949.466,-105.806
949.575,-105.164
949.683,-104.833
949.792,-104.616
949.900,-103.718
949.900,-104.387
950.008,-102.769
950.117,-99.311
950.225,-103.688
950.334,-99.018
950.442,-104.341
950.551,-104.922
950.659,-104.686
950.768,-103.493
950.876,-104.625
950.985,-104.400
951.093,-105.374
951.202,-103.771
951.310,-103.031
951.419,-102.001
951.527,-101.352
951.636,-102.612
951.744,-103.293
951.853,-103.085
951.961,-104.122
952.070,-104.612
952.178,-106.229
952.287,-105.360
952.395,-103.698
952.503,-106.406
952.612,-103.835
952.720,-103.743
952.829,-101.669
952.937,-101.333
953.046,-103.333
953.154,-105.129
953.263,-105.928
953.371,-106.496
953.480,-106.766
953.588,-106.089
953.697,-105.839
953.805,-106.754
953.914,-106.729
954.022,-105.906
954.131,-105.185
954.239,-99.255
954.348,-99.319
954.456,-99.373
954.565,-103.156
954.673,-106.428
954.782,-104.821
954.890,-102.676
954.998,-104.978
955.107,-107.940
955.215,-107.078
955.324,-106.038
955.432,-107.486
955.541,-106.649
955.649,-103.082
955.758,-101.332
955.866,-102.701
955.975,-103.500
956.083,-104.570
956.192,-102.835
956.300,-105.975
956.409,-104.879
956.517,-104.047
956.626,-105.035
956.734,-103.637
956.843,-101.627
956.951,-103.000
957.060,-100.888
957.168,-101.650
957.277,-102.308
957.385,-103.523
957.493,-102.387
957.602,-103.640
957.710,-103.784
957.819,-105.628
957.927,-104.372
958.036,-105.306
958.144,-104.547
958.253,-104.229
958.361,-104.162
958.470,-101.208
958.578,-101.752
958.687,-103.061
958.795,-103.445
958.904,-106.653
959.012,-106.852
959.121,-108.223
959.229,-107.642
959.338,-108.253
959.446,-108.627
959.555,-106.923
959.663,-108.456
959.772,-107.851
959.880,-99.122
959.988,-97.040
960.097,-101.228
960.205,-104.727
960.314,-106.273
960.422,-107.907
960.531,-106.042
960.639,-107.100
960.748,-108.517
960.856,-105.584
960.965,-106.068
961.073,-103.018
961.182,-102.841
961.290,-101.528
961.399,-101.006
961.507,-101.604
961.616,-100.516
961.724,-101.142
961.833,-99.531
961.941,-99.570
962.050,-99.660
962.158,-99.288
962.267,-100.287
962.375,-97.126
962.483,-98.279
962.592,-100.080
962.700,-97.817
962.809,-96.431
962.917,-98.506
963.026,-99.048
963.134,-97.414
963.243,-99.263
963.351,-101.284
963.460,-101.490
963.568,-103.147
963.677,-103.544
963.785,-102.346
963.894,-105.446
964.002,-101.983
964.111,-100.508
964.219,-102.140
964.328,-101.364
964.436,-104.944
964.545,-103.697
964.653,-103.444
964.762,-104.145
964.870,-101.663
964.978,-103.013
965.087,-100.367
965.195,-83.471
965.304,-100.600
965.412,-105.717
965.521,-99.177
965.629,-98.436
965.738,-99.993
965.846,-103.486
965.955,-105.251
966.063,-105.688
966.172,-105.248
966.280,-105.414
966.389,-105.767
966.497,-105.025
966.606,-106.761
966.714,-107.369
966.823,-105.141
966.931,-104.678
967.040,-102.626
967.148,-102.460
967.257,-103.704
967.365,-105.160
967.473,-103.776
967.582,-104.043
967.690,-104.021
967.799,-103.759
967.907,-98.292
968.016,-100.168
968.124,-103.580
968.233,-103.385
968.341,-103.389
968.450,-100.862
968.558,-102.364
968.667,-103.522
968.775,-103.549
968.884,-106.010
968.992,-105.999
969.101,-104.196
969.209,-105.089
969.318,-105.327
969.426,-106.068
969.535,-105.597
969.643,-104.608
969.752,-104.642
969.860,-103.025
969.968,-103.128
1430.000,-99.105
1430.108,-98.112
1430.217,-99.755
1430.325,-98.926
1430.434,-98.847
1430.542,-99.371
1430.651,-99.427
1430.759,-100.696
1430.868,-98.760
1430.976,-100.421
1431.085,-99.786
1431.193,-100.865
1431.302,-101.152
1431.410,-101.889
1431.519,-101.902
1431.627,-103.894
1431.736,-103.146
1431.844,-105.882
1431.953,-104.572
1432.061,-106.382
1432.170,-106.943
1432.278,-106.722
1432.387,-108.126
1432.495,-108.861
1432.603,-109.264
1432.712,-111.083
1432.820,-108.594
1432.929,-111.022
1433.037,-110.061
1433.146,-110.857
1433.254,-109.769
1433.363,-110.792
1433.471,-105.051
1433.580,-110.146
1433.688,-110.939
1433.797,-110.717
1433.905,-112.574
1434.014,-111.509
1434.122,-111.954
1434.231,-112.298
1434.339,-112.153
1434.448,-109.678
1434.556,-111.705
1434.665,-109.197
1434.773,-114.381
1434.882,-113.257
1434.990,-111.028
1435.098,-113.173
1435.207,-112.721
1435.315,-112.039
1435.424,-112.328
1435.532,-111.265
1435.641,-110.619
1435.749,-111.626
1435.858,-112.541
1435.966,-110.852
1436.075,-109.566
1436.183,-111.696
1436.292,-110.785
1436.400,-111.662
1436.509,-111.382
1436.617,-107.616
1436.726,-109.847
1436.834,-109.032
1436.943,-108.563
1437.051,-111.049
1437.160,-100.612
1437.268,-103.973
1437.377,-109.947
1437.485,-111.186
1437.593,-109.981
1437.702,-112.034
1437.810,-111.029
1437.919,-111.298
1438.027,-111.607
1438.136,-110.098
1438.244,-111.831
1438.353,-109.749
1438.461,-111.171
1438.570,-111.460
1438.678,-111.819
1438.787,-110.912
1438.895,-111.097
1439.004,-111.770
1439.112,-110.861
1439.221,-112.651
1439.329,-110.949
1439.438,-111.343
1439.546,-109.763
1439.655,-109.874
1439.763,-107.916
1439.872,-109.142
1439.980,-92.550
1440.088,-111.209
1440.197,-110.761
1440.305,-111.016
1440.414,-112.005
1440.522,-110.591
1440.631,-112.823
1440.739,-112.536
1440.848,-112.728
1440.956,-109.143
1441.065,-111.209
1441.173,-109.570
1441.282,-111.519
1441.390,-109.869
1441.499,-112.887
1441.607,-110.786
1441.716,-111.193
1441.824,-110.943
1441.933,-109.990
1442.041,-109.939
1442.150,-113.369
1442.258,-110.389
1442.367,-113.048
1442.475,-110.779
1442.583,-109.626
1442.692,-109.981
1442.800,-111.031
1442.909,-112.941
1443.017,-108.188
1443.126,-112.324
1443.234,-112.484
1443.343,-112.144
1443.451,-113.095
1443.560,-112.674
1443.668,-111.157
1443.777,-108.081
1443.885,-111.164
1443.994,-110.472
1444.102,-111.278
1444.211,-112.726
1444.319,-110.863
1444.428,-110.226
1444.536,-113.012
1444.645,-112.170
1444.753,-110.114
1444.862,-111.797
1444.970,-110.563
1445.078,-109.877
1445.187,-111.691
1445.295,-109.501
1445.404,-111.778
1445.512,-112.323
1445.621,-112.180
1445.729,-109.978
1445.838,-108.561
1445.946,-109.736
1446.055,-108.242
1446.163,-111.658
1446.272,-108.728
1446.380,-112.470
1446.489,-111.835
1446.597,-111.057
1446.706,-109.414
1446.814,-109.212
1446.923,-110.426
1447.031,-108.060
1447.140,-107.157
1447.248,-111.878
1447.357,-110.599
1447.465,-110.127
1447.573,-112.171
1447.682,-108.951
1447.790,-110.676
1447.899,-109.108
1448.007,-111.950
1448.116,-113.100
1448.224,-111.593
1448.333,-110.723
1448.441,-111.649
1448.550,-110.511
1448.658,-110.958
1448.767,-110.719
1448.875,-109.878
1448.984,-108.274
1449.092,-112.113
1449.201,-111.649
1449.309,-108.858
1449.418,-111.709
1449.526,-111.891
1449.635,-108.716
1449.743,-109.618
1449.852,-109.971
1449.960,-108.215
1450.068,-110.368
1450.177,-104.979
1450.285,-108.283
1450.394,-110.028
1450.502,-111.659
1450.611,-110.485
1450.719,-110.823
1450.828,-110.570
1450.936,-109.198
1451.045,-109.508
1451.153,-112.040
1451.262,-109.045
1451.370,-110.755
1451.479,-110.317
1451.587,-109.531
1451.696,-110.084
1451.804,-107.010
1451.913,-106.849
1452.021,-108.653
1452.130,-109.293
1452.238,-110.163
1452.347,-109.964
1452.455,-110.442
1452.563,-110.832
1452.672,-108.770
1452.780,-110.001
1452.889,-110.325
1452.997,-108.389
1453.106,-110.995
1453.214,-110.835
1453.323,-109.209
1453.431,-109.847
1453.540,-110.757
1453.648,-108.950
1453.757,-109.106
1453.865,-109.522
1453.974,-107.116
1454.082,-111.247
1454.191,-109.578
1454.299,-105.692
1454.408,-105.637
1454.516,-108.927
1454.625,-109.545
1454.733,-110.186
1454.842,-109.263
1454.950,-109.897
1455.058,-109.183
1455.167,-108.914
1455.275,-109.751
1455.384,-109.133
1455.492,-104.912
1455.601,-107.261
1455.709,-104.828
1455.818,-104.662
1455.926,-103.602
1456.035,-102.341
1456.143,-102.386
1456.252,-102.194
1456.360,-101.090
1456.469,-101.256
1456.577,-99.889
1456.686,-100.046
1456.794,-99.638
1456.903,-100.847
1457.011,-100.713
1457.120,-98.123
1457.228,-98.073
1457.337,-100.079
1457.445,-101.633
1457.553,-99.396
1457.662,-98.209
1457.770,-99.067
1457.879,-98.663
1457.987,-97.264
1458.096,-98.347
1458.204,-100.816
1458.313,-100.610
1458.421,-100.712
1458.530,-98.303
1458.638,-102.127
1458.747,-101.061
1458.855,-101.638
1458.964,-99.961
1459.072,-101.010
1459.181,-101.550
1459.289,-104.096
1459.398,-106.568
1459.506,-106.649
1459.615,-107.209
1459.723,-106.691
1459.832,-107.331
1459.940,-107.555
1460.048,-106.806
1460.157,-108.479
1460.265,-107.908
1460.374,-109.290
1460.482,-109.516
1460.591,-108.346
1460.699,-110.286
1460.808,-109.330
1460.916,-111.262
1461.025,-108.003
1461.133,-110.355
1461.242,-111.224
1461.350,-110.330
1461.459,-109.430
1461.567,-110.850
1461.676,-109.195
1461.784,-111.483
1461.893,-110.143
1462.001,-109.767
1462.110,-109.260
1462.218,-110.760
1462.327,-111.428
1462.435,-110.687
1462.543,-110.357
1462.652,-109.777
1462.760,-110.188
1462.869,-108.736
1462.977,-107.039
1463.086,-109.386
1463.194,-110.552
1463.303,-109.695
1463.411,-108.495
1463.520,-108.332
1463.628,-110.830
1463.737,-109.718
1463.845,-110.834
1463.954,-109.390
1464.062,-111.319
1464.171,-110.064
1464.279,-110.456
1464.388,-109.151
1464.496,-109.466
1464.605,-109.670
1464.713,-108.293
1464.822,-108.201
1464.930,-110.770
1465.038,-109.870
1465.147,-110.256
1465.255,-108.922
1465.364,-112.002
1465.472,-109.818
1465.581,-110.395
1465.689,-111.368
1465.798,-111.649
1465.906,-110.188
1466.015,-109.025
1466.123,-109.947
1466.232,-110.129
1466.340,-111.187
1466.449,-109.574
1466.557,-109.740
1466.666,-110.775
1466.774,-106.176
1466.883,-108.855
1466.991,-111.164
1467.100,-110.192
1467.208,-110.892
1467.317,-112.119
1467.425,-111.543
1467.533,-108.820
1467.642,-110.455
1467.750,-109.129
1467.859,-110.282
1467.967,-107.956
1468.076,-109.389
1468.184,-111.231
1468.293,-110.369
1468.401,-110.434
1468.510,-107.991
1468.618,-108.247
1468.727,-111.230
1468.835,-110.223
1468.944,-108.778
1469.052,-108.806
1469.161,-110.067
1469.269,-109.846
1469.378,-109.577
1469.486,-109.447
1469.595,-109.358
1469.703,-111.190
1469.812,-111.651
1469.920,-112.783
1470.028,-108.841
1470.137,-107.952
1470.245,-111.532
1470.354,-109.016
1470.462,-109.530
1470.571,-109.804
1470.679,-111.348
1470.788,-111.341
1470.896,-110.655
1471.005,-109.517
1471.113,-110.117
1471.222,-110.918
1471.330,-110.529
1471.439,-106.538
1471.547,-111.196
1471.656,-111.240
1471.764,-112.477
1471.873,-112.223
1471.981,-111.234
1472.090,-112.622
1472.198,-110.495
1472.307,-109.872
1472.415,-111.148
1472.523,-111.208
1472.632,-112.547
1472.740,-109.254
1472.849,-111.492
1472.957,-110.427
1473.066,-110.585
1473.174,-110.831
1473.283,-112.584
1473.391,-110.086
1473.500,-110.919
1473.608,-109.346
1473.717,-109.535
1473.825,-107.666
1473.934,-104.513
1474.042,-106.504
1474.151,-110.834
1474.259,-109.540
1474.368,-106.562
1474.476,-108.862
1474.585,-109.907
1474.693,-109.895
1474.802,-110.146
1474.910,-111.149
1475.018,-108.404
1475.127,-109.648
1475.235,-109.502
1475.344,-111.594
1475.452,-111.763
1475.561,-110.550
1475.669,-110.459
1475.778,-109.988
1475.886,-110.040
1475.995,-107.799
1476.103,-111.179
1476.212,-111.688
1476.320,-111.418
1476.429,-110.565
1476.537,-110.246
1476.646,-110.300
1476.754,-110.162
1476.863,-111.434
1476.971,-110.036
1477.080,-110.318
1477.188,-109.737
1477.297,-110.090
1477.405,-112.401
1477.513,-110.015
1477.622,-110.009
1477.730,-110.899
1477.839,-110.124
1477.947,-110.789
1478.056,-111.257
1478.164,-110.215
1478.273,-108.436
1478.381,-109.438
1478.490,-110.102
1478.598,-111.239
1478.707,-111.128
1478.815,-110.427
1478.924,-110.921
1479.032,-108.614
1479.141,-111.104
1479.249,-110.920
1479.358,-109.746
1479.466,-110.008
1479.575,-111.295
1479.683,-110.078
1479.792,-108.984
1479.900,-110.837
1479.900,-110.150
1480.008,-103.605
1480.117,-109.447
1480.225,-108.113
1480.334,-111.003
1480.442,-109.650
1480.551,-111.158
1480.659,-111.230
1480.768,-110.924
1480.876,-109.492
1480.985,-107.935
1481.093,-110.860
1481.202,-110.225
1481.310,-109.577
1481.419,-109.439
1481.527,-109.139
1481.636,-108.978
1481.744,-110.599
1481.853,-110.999
1481.961,-109.853
1482.070,-107.272
1482.178,-110.345
1482.287,-109.210
1482.395,-108.278
1482.503,-108.396
1482.612,-105.585
1482.720,-104.349
1482.829,-104.190
1482.937,-105.360
1483.046,-104.778
1483.154,-105.300
1483.263,-103.675
1483.371,-102.742
1483.480,-101.757
1483.588,-101.402
1483.697,-101.276
1483.805,-99.555
1483.914,-100.873
1484.022,-99.393
1484.131,-99.768
1484.239,-100.385
1484.348,-99.724
1484.456,-100.703
1484.565,-99.398
1484.673,-99.779
1484.782,-99.668
1484.890,-99.713
1484.998,-99.811
1485.107,-98.854
1485.215,-98.461
1485.324,-98.689
1485.432,-99.792
1485.541,-98.361
1485.649,-97.552
1485.758,-99.450
1485.866,-99.672
1485.975,-99.519
1486.083,-98.264
1486.192,-99.795
1486.300,-99.243
1486.409,-100.117
1486.517,-101.374
1486.626,-101.127
1486.734,-102.484
1486.843,-103.218
1486.951,-105.120
1487.060,-104.989
1487.168,-105.256
1487.277,-105.198
1487.385,-106.366
1487.493,-106.621
1487.602,-107.773
1487.710,-107.803
1487.819,-109.442
1487.927,-109.738
1488.036,-107.260
1488.144,-110.658
1488.253,-108.856
1488.361,-109.100
1488.470,-107.974
1488.578,-109.728
1488.687,-109.517
1488.795,-110.202
1488.904,-110.275
1489.012,-109.293
1489.121,-111.249
1489.229,-110.310
1489.338,-110.570
1489.446,-110.936
1489.555,-108.859
1489.663,-106.630
1489.772,-108.999
1489.880,-108.490
1489.988,-107.362
1490.097,-109.494
1490.205,-110.874
1490.314,-110.628
1490.422,-107.858
1490.531,-106.900
1490.639,-108.549
1490.748,-108.862
1490.856,-110.180
1490.965,-108.415
1491.073,-106.620
1491.182,-109.539
1491.290,-109.830
1491.399,-110.722
1491.507,-109.973
1491.616,-111.169
1491.724,-109.514
1491.833,-110.362
1491.941,-108.471
1492.050,-108.877
1492.158,-111.601
1492.267,-111.417
1492.375,-111.681
1492.483,-111.044
1492.592,-111.478
1492.700,-110.175
1492.809,-108.161
1492.917,-110.314
1493.026,-108.424
1493.134,-112.050
1493.243,-112.178
1493.351,-110.610
1493.460,-111.634
1493.568,-111.450
1493.677,-109.474
1493.785,-110.813
1493.894,-111.264
1494.002,-110.264
1494.111,-110.901
1494.219,-111.211
1494.328,-110.843
1494.436,-112.190
1494.545,-110.128
1494.653,-111.843
1494.762,-111.954
1494.870,-110.837
1494.978,-108.387
1495.087,-109.358
1495.195,-109.452
1495.304,-109.241
1495.412,-106.896
1495.521,-108.545
1495.629,-109.130
1495.738,-108.676
1495.846,-106.579
1495.955,-108.295
1496.063,-107.593
1496.172,-106.699
1496.280,-105.752
1496.389,-107.159
1496.497,-107.825
1496.606,-109.219
1496.714,-108.139
1496.823,-109.057
1496.931,-109.780
1497.040,-107.467
1497.148,-111.344
1497.257,-110.583
1497.365,-111.254
1497.473,-110.880
1497.582,-112.261
1497.690,-112.209
1497.799,-112.286
1497.907,-109.933
1498.016,-111.044
1498.124,-111.698
1498.233,-110.985
1498.341,-112.172
1498.450,-112.858
1498.558,-112.096
1498.667,-113.211
1498.775,-111.087
1498.884,-112.269
1498.992,-108.983
1499.101,-112.394
1499.209,-112.082
1499.318,-112.166
1499.426,-112.659
1499.535,-111.532
1499.643,-112.084
1499.752,-112.883
1499.860,-111.406
1499.968,-105.857
1500.077,-106.435
1500.185,-95.614
1500.294,-107.446
1500.402,-111.115
1500.511,-110.450
1500.619,-112.820
1500.728,-111.042
1500.836,-112.636
1500.945,-111.736
1501.053,-110.429
1501.162,-111.767
1501.270,-111.043
1501.379,-111.404
1501.487,-108.591
1501.596,-112.230
1501.704,-112.369
1501.813,-112.642
1501.921,-111.428
1502.030,-111.449
1502.138,-111.828
1502.247,-112.420
1502.355,-112.995
1502.463,-113.291
1502.572,-113.160
1502.680,-112.512
1502.789,-110.829
1502.897,-111.770
1503.006,-110.496
1503.114,-110.139
1503.223,-111.826
1503.331,-111.332
1503.440,-107.163
1503.548,-109.568
1503.657,-108.693
1503.765,-108.550
1503.874,-105.791
1503.982,-104.571
1504.091,-106.262
1504.199,-106.260
1504.308,-108.391
1504.416,-108.121
1504.525,-111.314
1504.633,-108.588
1504.742,-112.607
1504.850,-110.997
1504.958,-112.455
1505.067,-112.824
1505.175,-112.543
1505.284,-111.167
1505.392,-112.053
1505.501,-111.741
1505.609,-112.652
1505.718,-112.468
1505.826,-113.469
1505.935,-114.093
1506.043,-111.994
1506.152,-113.022
1506.260,-113.538
1506.369,-113.888
1506.477,-112.186
1506.586,-111.856
1506.694,-113.508
1506.803,-113.085
1506.911,-112.270
1507.020,-111.757
1507.128,-111.276
1507.237,-112.916
1507.345,-112.143
1507.453,-112.160
1507.562,-111.876
1507.670,-113.492
1507.779,-113.621
1507.887,-112.531
1507.996,-110.211
1508.104,-113.819
1508.213,-111.296
1508.321,-113.149
1508.430,-113.683
1508.538,-111.876
1508.647,-113.606
1508.755,-113.858
1508.864,-112.880
1508.972,-109.147
1509.081,-111.733
1509.189,-111.903
1509.298,-112.882
1509.406,-110.075
1509.515,-111.699
1509.623,-113.088
1509.732,-112.252
1509.840,-112.375
1509.948,-110.876
1510.057,-112.081
1510.165,-109.607
1510.274,-111.878
1510.382,-110.582
1510.491,-110.962
1510.599,-110.665
1510.708,-110.847
1510.816,-108.786
1510.925,-109.899
1511.033,-108.559
1511.142,-107.419
1511.250,-106.343
1511.359,-105.875
1511.467,-105.734
1511.576,-105.814
1511.684,-107.512
1511.793,-107.348
1511.901,-105.909
1512.010,-105.137
1512.118,-106.249
1512.227,-105.786
1512.335,-106.026
1512.443,-103.620
1512.552,-106.155
1512.660,-107.029
1512.769,-104.948
1512.877,-104.149
1512.986,-104.316
1513.094,-105.521
1513.203,-104.583
1513.311,-106.126
1513.420,-105.475
1513.528,-105.437
1513.637,-106.231
1513.745,-106.487
1513.854,-108.175
1513.962,-108.054
1514.071,-108.278
1514.179,-109.525
1514.288,-108.146
1514.396,-109.180
1514.505,-109.944
1514.613,-111.591
1514.722,-111.157
1514.830,-111.346
1514.938,-108.623
1515.047,-111.352
1515.155,-112.701
1515.264,-111.845
1515.372,-113.804
1515.481,-112.490
1515.589,-113.103
1515.698,-111.697
1515.806,-113.109
1515.915,-112.022
1516.023,-111.476
1516.132,-110.868
1516.240,-113.198
1516.349,-113.818
1516.457,-111.764
1516.566,-111.973
1516.674,-113.378
1516.783,-111.647
1516.891,-110.760
1517.000,-111.315
1517.108,-111.817
1517.217,-110.696
1517.325,-112.452
1517.433,-112.302
1517.542,-112.438
1517.650,-113.255
1517.759,-112.341
1517.867,-114.892
1517.976,-111.475
1518.084,-112.618
1518.193,-112.666
1518.301,-112.299
1518.410,-112.552
1518.518,-113.556
1518.627,-113.537
1518.735,-110.314
1518.844,-113.426
1518.952,-110.164
1519.061,-112.497
1519.169,-111.442
1519.278,-113.044
1519.386,-112.573
1519.495,-110.753
1519.603,-112.137
1519.712,-113.409
1519.820,-112.603
1519.928,-112.696
1520.037,-98.767
1520.145,-113.873
1520.254,-113.558
1520.362,-111.073
1520.471,-113.201
1520.579,-114.600
1520.688,-112.052
1520.796,-112.040
1520.905,-113.114
1521.013,-110.314
1521.122,-112.447
1521.230,-114.230
1521.339,-114.785
1521.447,-114.209
1521.556,-112.499
1521.664,-111.544
1521.773,-113.848
1521.881,-112.455
1521.990,-109.126
1522.098,-113.164
1522.207,-113.478
1522.315,-112.634
1522.423,-114.813
1522.532,-112.581
1522.640,-113.688
1522.749,-112.337
1522.857,-112.581
1522.966,-111.469
1523.074,-114.510
1523.183,-112.385
1523.291,-113.695
1523.400,-110.462
1523.508,-113.254
1523.617,-113.237
1523.725,-112.694
1523.834,-112.061
1523.942,-112.668
1524.051,-112.528
1524.159,-113.871
1524.268,-113.537
1524.376,-113.088
1524.485,-113.235
1524.593,-112.502
1524.702,-113.547
1524.810,-113.301
1524.918,-113.274
1525.027,-111.102
1525.135,-113.724
1525.244,-113.152
1525.352,-113.116
1525.461,-113.308
1525.569,-113.646
1525.678,-113.243
1525.786,-111.526
1525.895,-113.597
1526.003,-109.282
1526.112,-113.492
1526.220,-113.829
1526.329,-113.239
1526.437,-112.036
1526.546,-112.886
1526.654,-113.098
1526.763,-113.281
1526.871,-113.555
1526.980,-109.043
1527.088,-113.026
1527.197,-113.632
1527.305,-113.568
1527.413,-112.436
1527.522,-113.392
1527.630,-111.540
1527.739,-113.598
1527.847,-111.078
1527.956,-109.891
1528.064,-114.075
1528.173,-113.134
1528.281,-113.852
1528.390,-111.708
1528.498,-111.685
1528.607,-114.437
1528.715,-111.990
1528.824,-111.621
1528.932,-114.653
1529.041,-106.556
1529.149,-114.056
1529.258,-112.226
1529.366,-113.268
1529.475,-112.533
1529.583,-112.805
1529.692,-113.015
1529.800,-113.242
1529.800,-112.461
1529.908,-111.993
1530.017,-109.157
1530.125,-111.511
1530.234,-112.319
1530.342,-111.673
1530.451,-114.147
1530.559,-111.272
1530.668,-111.239
1530.776,-111.259
1530.885,-112.716
1530.993,-108.867
1531.102,-111.152
1531.210,-111.173
1531.319,-112.598
1531.427,-112.229
1531.536,-113.480
1531.644,-111.895
1531.753,-114.223
1531.861,-112.725
1531.970,-109.646
1532.078,-111.756
1532.187,-113.595
1532.295,-111.534
1532.403,-110.986
1532.512,-112.321
1532.620,-114.025
1532.729,-113.189
1532.837,-113.486
1532.946,-110.198
1533.054,-111.477
1533.163,-113.241
1533.271,-112.660
1533.380,-112.998
1533.488,-111.615
1533.597,-112.583
1533.705,-112.468
1533.814,-111.446
1533.922,-113.687
1534.031,-113.904
1534.139,-112.259
1534.248,-115.712
1534.356,-113.474
1534.465,-113.906
1534.573,-111.316
1534.682,-114.061
1534.790,-114.516
1534.898,-115.191
1535.007,-112.748
1535.115,-114.266
1535.224,-113.446
1535.332,-113.343
1535.441,-115.541
1535.549,-114.954
1535.658,-112.559
1535.766,-114.142
1535.875,-113.456
1535.983,-113.166
1536.092,-115.080
1536.200,-112.399
1536.309,-114.744
1536.417,-113.146
1536.526,-114.215
1536.634,-113.680
1536.743,-113.653
1536.851,-113.831
1536.960,-113.671
1537.068,-113.001
1537.177,-110.258
1537.285,-112.449
1537.393,-110.405
1537.502,-112.861
1537.610,-111.571
1537.719,-113.871
1537.827,-111.028
1537.936,-113.070
1538.044,-111.598
1538.153,-112.114
1538.261,-110.897
1538.370,-109.501
1538.478,-109.216
1538.587,-109.061
1538.695,-109.587
1538.804,-108.870
1538.912,-110.012
1539.021,-110.403
1539.129,-108.617
1539.238,-108.810
1539.346,-107.118
1539.455,-107.220
1539.563,-107.980
1539.672,-108.539
1539.780,-109.090
1539.888,-107.719
1539.997,-109.009
1880.000,-107.969
1880.108,-112.221
1880.217,-114.515
1880.325,-113.938
1880.434,-113.828
1880.542,-113.108
1880.651,-112.805
1880.759,-114.149
1880.868,-112.647
1880.976,-112.084
1881.085,-112.344
1881.193,-114.542
1881.302,-113.902
1881.410,-114.100
1881.519,-114.432
1881.627,-113.164
1881.736,-114.186
1881.844,-113.501
1881.953,-112.814
1882.061,-112.707
1882.170,-112.227
1882.278,-111.210
1882.387,-113.066
1882.495,-113.409
1882.603,-111.834
1882.712,-112.737
1882.820,-112.493
1882.929,-113.483
1883.037,-112.948
1883.146,-111.485
1883.254,-111.828
1883.363,-110.721
1883.471,-113.962
1883.580,-113.516
1883.688,-112.941
1883.797,-114.404
1883.905,-112.999
1884.014,-113.027
1884.122,-114.115
1884.231,-114.035
1884.339,-112.735
1884.448,-113.463
1884.556,-113.989
1884.665,-113.292
1884.773,-111.958
1884.882,-112.152
1884.990,-112.305
1885.098,-113.740
1885.207,-111.231
1885.315,-112.523
1885.424,-114.100
1885.532,-114.330
1885.641,-113.511
1885.749,-108.909
1885.858,-112.114
1885.966,-113.104
1886.075,-111.952
1886.183,-111.735
1886.292,-114.028
1886.400,-112.290
1886.509,-113.744
1886.617,-113.257
1886.726,-113.927
1886.834,-113.737
1886.943,-112.707
1887.051,-111.663
1887.160,-112.146
1887.268,-114.464
1887.377,-113.245
1887.485,-111.814
1887.593,-111.497
1887.702,-112.947
1887.810,-113.429
1887.919,-113.073
1888.027,-112.825
1888.136,-112.494
1888.244,-114.181
1888.353,-112.625
1888.461,-113.084
1888.570,-113.487
1888.678,-112.463
1888.787,-112.949
1888.895,-111.817
1889.004,-110.680
1889.112,-112.656
1889.221,-112.751
1889.329,-112.714
1889.438,-110.256
1889.546,-109.992
1889.655,-109.512
1889.763,-111.667
1889.872,-112.056
1889.980,-113.271
1890.088,-112.295
1890.197,-111.637
1890.305,-111.413
1890.414,-113.234
1890.522,-110.632
1890.631,-108.988
1890.739,-112.862
1890.848,-112.093
1890.956,-112.220
1891.065,-112.570
1891.173,-112.787
1891.282,-113.350
1891.390,-113.000
1891.499,-112.541
1891.607,-111.729
1891.716,-112.883
1891.824,-109.558
1891.933,-110.937
1892.041,-112.872
1892.150,-113.139
1892.258,-111.543
1892.367,-112.491
1892.475,-111.361
1892.583,-110.756
1892.692,-113.656
1892.800,-113.767
1892.909,-112.375
1893.017,-112.876
1893.126,-113.793
1893.234,-113.032
1893.343,-113.242
1893.451,-110.696
1893.560,-113.010
1893.668,-112.438
1893.777,-113.161
1893.885,-112.986
1893.994,-113.012
1894.102,-114.290
1894.211,-114.376
1894.319,-113.963
1894.428,-113.175
1894.536,-112.853
1894.645,-110.325
1894.753,-114.417
1894.862,-114.194
1894.970,-111.493
1895.078,-112.926
1895.187,-113.483
1895.295,-114.073
1895.404,-114.130
1895.512,-113.935
1895.621,-114.116
1895.729,-113.071
1895.838,-113.206
1895.946,-113.052
1896.055,-111.758
1896.163,-111.903
1896.272,-113.102
1896.380,-111.490
1896.489,-112.493
1896.597,-111.731
1896.706,-113.214
1896.814,-111.818
1896.923,-113.116
1897.031,-112.217
1897.140,-112.889
1897.248,-113.521
1897.357,-112.613
1897.465,-112.448
1897.573,-112.077
1897.682,-112.173
1897.790,-110.966
1897.899,-111.698
1898.007,-112.798
1898.116,-112.932
1898.224,-113.131
1898.333,-113.268
1898.441,-111.303
1898.550,-111.908
1898.658,-112.675
1898.767,-109.095
1898.875,-110.592
1898.984,-109.682
1899.092,-100.534
1899.201,-98.371
1899.309,-98.255
1899.418,-107.926
1899.526,-106.352
1899.635,-111.804
1899.743,-111.116
1899.852,-110.885
1899.960,-112.089
1900.068,-112.421
1900.177,-110.364
1900.285,-112.623
1900.394,-112.358
1900.502,-111.765
1900.611,-113.940
1900.719,-112.313
1900.828,-112.142
1900.936,-112.294
1901.045,-114.588
1901.153,-114.485
1901.262,-114.062
1901.370,-114.402
1901.479,-113.014
1901.587,-114.218
1901.696,-112.290
1901.804,-113.920
1901.913,-113.103
1902.021,-112.939
1902.130,-113.602
1902.238,-113.130
1902.347,-111.520
1902.455,-112.263
1902.563,-114.548
1902.672,-113.623
1902.780,-113.701
1902.889,-111.683
1902.997,-112.130
1903.106,-114.774
1903.214,-114.055
1903.323,-113.921
1903.431,-113.874
1903.540,-113.073
1903.648,-112.794
1903.757,-113.348
1903.865,-113.880
1903.974,-112.020
1904.082,-112.179
1904.191,-111.562
1904.299,-112.195
1904.408,-112.760
1904.516,-113.705
1904.625,-113.698
1904.733,-112.714
1904.842,-113.403
1904.950,-111.995
1905.058,-113.779
1905.167,-112.253
1905.275,-112.360
1905.384,-114.246
1905.492,-113.925
1905.601,-112.720
1905.709,-113.876
1905.818,-114.934
1905.926,-113.022
1906.035,-112.198
1906.143,-113.941
1906.252,-113.649
1906.360,-113.336
1906.469,-113.895
1906.577,-112.428
1906.686,-112.034
1906.794,-111.236
1906.903,-113.806
1907.011,-113.923
1907.120,-112.838
1907.228,-113.758
1907.337,-113.786
1907.445,-114.523
1907.553,-113.398
1907.662,-113.209
1907.770,-113.765
1907.879,-113.761
1907.987,-112.167
1908.096,-111.943
1908.204,-114.319
1908.313,-112.484
1908.421,-111.539
1908.530,-113.872
1908.638,-112.204
1908.747,-113.473
1908.855,-113.237
1908.964,-112.153
1909.072,-110.581
1909.181,-114.795
1909.289,-112.076
1909.398,-114.063
1909.506,-113.483
1909.615,-112.520
1909.723,-113.553
1909.832,-112.944
1909.940,-111.585
1910.048,-111.249
1910.157,-112.965
1910.265,-112.785
1910.374,-113.924
1910.482,-110.868
1910.591,-113.819
1910.699,-112.740
1910.808,-113.395
1910.916,-112.693
1911.025,-113.770
1911.133,-113.036
1911.242,-114.134
1911.350,-113.647
1911.459,-111.651
1911.567,-114.230
1911.676,-113.538
1911.784,-112.683
1911.893,-114.348
1912.001,-111.900
1912.110,-111.264
1912.218,-111.290
1912.327,-113.824
1912.435,-113.168
1912.543,-112.650
1912.652,-114.195
1912.760,-111.924
1912.869,-112.957
1912.977,-110.544
1913.086,-111.599
1913.194,-109.798
1913.303,-112.047
1913.411,-112.585
1913.520,-110.034
1913.628,-108.033
1913.737,-103.707
1913.845,-104.954
1913.954,-104.293
1914.062,-107.008
1914.171,-111.004
1914.279,-109.144
1914.388,-110.559
1914.496,-113.433
1914.605,-111.936
1914.713,-111.859
1914.822,-112.259
1914.930,-113.123
1915.038,-109.563
1915.147,-111.091
1915.255,-109.631
1915.364,-113.152
1915.472,-111.737
1915.581,-112.412
1915.689,-112.877
1915.798,-111.866
1915.906,-112.790
1916.015,-111.820
1916.123,-113.782
1916.232,-106.450
1916.340,-107.403
1916.449,-110.494
1916.557,-112.372
1916.666,-113.570
1916.774,-113.793
1916.883,-112.651
1916.991,-112.904
1917.100,-113.487
1917.208,-112.452
1917.317,-113.401
1917.425,-114.182
1917.533,-111.873
1917.642,-113.278
1917.750,-112.526
1917.859,-112.329
1917.967,-113.588
1918.076,-113.718
1918.184,-112.774
1918.293,-114.350
1918.401,-114.344
1918.510,-114.760
1918.618,-113.311
1918.727,-111.827
1918.835,-113.313
1918.944,-112.197
1919.052,-113.630
1919.161,-113.612
1919.269,-113.657
1919.378,-113.192
1919.486,-114.040
1919.595,-112.760
1919.703,-112.691
1919.812,-111.993
1919.920,-109.360
1920.028,-102.581
1920.137,-112.628
1920.245,-111.313
1920.354,-114.569
1920.462,-113.420
1920.571,-112.612
1920.679,-114.247
1920.788,-113.262
1920.896,-113.032
1921.005,-112.857
1921.113,-114.086
1921.222,-113.889
1921.330,-112.906
1921.439,-113.969
1921.547,-113.375
1921.656,-113.125
1921.764,-112.986
1921.873,-113.696
1921.981,-112.335
1922.090,-113.805
1922.198,-113.020
1922.307,-113.206
1922.415,-114.256
1922.523,-113.761
1922.632,-112.485
1922.740,-110.869
1922.849,-111.118
1922.957,-110.578
1923.066,-112.784
1923.174,-112.263
1923.283,-111.508
1923.391,-112.543
1923.500,-112.733
1923.608,-111.733
1923.717,-112.255
1923.825,-112.199
1923.934,-112.352
1924.042,-111.137
1924.151,-111.212
1924.259,-111.630
1924.368,-111.250
1924.476,-110.978
1924.585,-111.555
1924.693,-111.976
1924.802,-111.979
1924.910,-111.435
1925.018,-110.822
1925.127,-109.716
1925.235,-111.885
1925.344,-111.641
1925.452,-109.613
1925.561,-109.284
1925.669,-109.684
1925.778,-111.666
1925.886,-109.908
1925.995,-111.947
1926.103,-111.475
1926.212,-110.218
1926.320,-111.288
1926.429,-110.251
1926.537,-111.837
1926.646,-111.759
1926.754,-110.507
1926.863,-111.106
1926.971,-112.319
1927.080,-110.739
1927.188,-111.075
1927.297,-112.011
1927.405,-112.612
1927.513,-112.877
1927.622,-111.748
1927.730,-112.542
1927.839,-113.316
1927.947,-111.720
1928.056,-111.401
1928.164,-111.561
1928.273,-111.863
1928.381,-113.844
1928.490,-112.067
1928.598,-112.854
1928.707,-113.037
1928.815,-110.995
1928.924,-111.817
1929.032,-113.884
1929.141,-113.175
1929.249,-113.569
1929.358,-112.866
1929.466,-113.222
1929.575,-113.263
1929.683,-113.471
1929.792,-112.316
1929.900,-111.086
1929.900,-111.771
1930.008,-111.302
1930.117,-113.106
1930.225,-111.704
1930.334,-104.289
1930.442,-111.790
1930.551,-114.460
1930.659,-111.415
1930.768,-112.011
1930.876,-113.270
1930.985,-110.547
1931.093,-111.150
1931.202,-110.626
1931.310,-112.147
1931.419,-111.853
1931.527,-112.189
1931.636,-111.854
1931.744,-111.137
1931.853,-110.185
1931.961,-111.692
1932.070,-112.382
1932.178,-112.099
1932.287,-110.174
1932.395,-111.359
1932.503,-111.700
1932.612,-111.783
1932.720,-111.105
1932.829,-110.759
1932.937,-105.979
1933.046,-110.187
1933.154,-110.484
1933.263,-110.799
1933.371,-107.539
1933.480,-105.658
1933.588,-112.062
1933.697,-112.273
1933.805,-112.314
1933.914,-111.836
1934.022,-112.439
1934.131,-110.859
1934.239,-110.680
1934.348,-110.950
1934.456,-112.797
1934.565,-111.257
1934.673,-111.770
1934.782,-111.152
1934.890,-110.604
1934.998,-112.729
1935.107,-112.172
1935.215,-111.743
1935.324,-111.065
1935.432,-112.300
1935.541,-111.171
1935.649,-111.577
1935.758,-108.953
1935.866,-104.991
1935.975,-110.121
1936.083,-107.736
1936.192,-111.227
1936.300,-109.988
1936.409,-110.290
1936.517,-110.815
1936.626,-109.925
1936.734,-109.874
1936.843,-110.319
1936.951,-109.615
1937.060,-109.040
1937.168,-109.165
1937.277,-111.766
1937.385,-111.131
1937.493,-111.206
1937.602,-111.704
1937.710,-110.177
1937.819,-109.056
1937.927,-112.789
1938.036,-111.834
1938.144,-110.057
1938.253,-111.925
1938.361,-112.081
1938.470,-110.683
1938.578,-111.076
1938.687,-109.568
1938.795,-110.046
1938.904,-110.922
1939.012,-112.047
1939.121,-112.557
1939.229,-112.144
1939.338,-110.583
1939.446,-112.220
1939.555,-109.600
1939.663,-110.393
1939.772,-110.971
1939.880,-112.169
1939.988,-110.827
1940.097,-111.736
1940.205,-110.463
1940.314,-109.418
1940.422,-110.624
1940.531,-108.875
1940.639,-109.596
1940.748,-109.656
1940.856,-109.836
1940.965,-109.525
1941.073,-110.562
1941.182,-108.768
1941.290,-110.291
1941.399,-111.135
1941.507,-110.135
1941.616,-110.724
1941.724,-109.659
1941.833,-109.679
1941.941,-111.204
1942.050,-109.507
1942.158,-110.080
1942.267,-110.132
1942.375,-111.639
1942.483,-111.172
1942.592,-109.999
1942.700,-110.860
1942.809,-110.921
1942.917,-110.303
1943.026,-110.227
1943.134,-109.057
1943.243,-111.167
1943.351,-111.586
1943.460,-110.780
1943.568,-111.693
1943.677,-112.189
1943.785,-111.325
1943.894,-111.147
1944.002,-111.713
1944.111,-110.774
1944.219,-111.338
1944.328,-111.758
1944.436,-112.605
1944.545,-113.940
1944.653,-111.523
1944.762,-112.751
1944.870,-111.225
1944.978,-113.743
1945.087,-114.814
1945.195,-111.950
1945.304,-113.020
1945.412,-112.354
1945.521,-110.438
1945.629,-108.791
1945.738,-107.417
1945.846,-107.663
1945.955,-105.923
1946.063,-106.549
1946.172,-107.273
1946.280,-107.654
1946.389,-107.543
1946.497,-105.077
1946.606,-104.838
1946.714,-106.711
1946.823,-107.436
1946.931,-107.764
1947.040,-107.707
1947.148,-105.628
1947.257,-108.954
1947.365,-107.841
1947.473,-107.651
1947.582,-107.640
1947.690,-108.909
1947.799,-108.056
1947.907,-106.850
1948.016,-108.834
1948.124,-108.953
1948.233,-111.554
1948.341,-110.553
1948.450,-113.189
1948.558,-110.801
1948.667,-110.561
1948.775,-111.448
1948.884,-110.614
1948.992,-110.600
1949.101,-111.260
1949.209,-110.792
1949.318,-110.627
1949.426,-111.765
1949.535,-111.516
1949.643,-112.510
1949.752,-112.503
1949.860,-113.751
1949.968,-108.875
1950.077,-111.929
1950.185,-111.482
1950.294,-111.511
1950.402,-105.782
1950.511,-102.706
1950.619,-108.183
1950.728,-110.262
1950.836,-110.757
1950.945,-108.168
1951.053,-104.078
1951.162,-103.133
1951.270,-102.062
1951.379,-101.286
1951.487,-101.287
1951.596,-100.426
1951.704,-102.960
1951.813,-101.078
1951.921,-103.162
1952.030,-102.681
1952.138,-101.949
1952.247,-103.353
1952.355,-102.672
1952.463,-104.583
1952.572,-105.346
1952.680,-104.225
1952.789,-101.986
1952.897,-100.505
1953.006,-102.996
1953.114,-103.218
1953.223,-103.692
1953.331,-103.889
1953.440,-105.382
1953.548,-99.333
1953.657,-104.762
1953.765,-101.890
1953.874,-105.384
1953.982,-100.852
1954.091,-103.587
1954.199,-102.710
1954.308,-105.712
1954.416,-102.741
1954.525,-105.858
1954.633,-102.099
1954.742,-106.232
1954.850,-102.857
1954.958,-101.956
1955.067,-104.512
1955.175,-104.049
1955.284,-104.749
1955.392,-104.323
1955.501,-106.933
1955.609,-106.172
1955.718,-107.284
1955.826,-105.669
1955.935,-104.371
1956.043,-108.077
1956.152,-104.841
1956.260,-105.722
1956.369,-105.061
1956.477,-105.285
1956.586,-105.693
1956.694,-106.132
1956.803,-105.118
1956.911,-105.419
1957.020,-103.587
1957.128,-104.887
1957.237,-105.822
1957.345,-103.628
1957.453,-98.793
1957.562,-101.610
1957.670,-102.822
1957.779,-102.519
1957.887,-103.673
1957.996,-101.883
1958.104,-100.117
1958.213,-103.133
1958.321,-102.532
1958.430,-103.316
1958.538,-103.454
1958.647,-102.004
1958.755,-102.951
1958.864,-101.264
1958.972,-102.786
1959.081,-104.252
1959.189,-101.944
1959.298,-103.957
1959.406,-103.408
1959.515,-105.356
1959.623,-104.406
1959.732,-106.596
1959.840,-103.363
1959.948,-106.196
1960.057,-106.502
1960.165,-109.314
1960.274,-108.568
1960.382,-108.471
1960.491,-105.120
1960.599,-107.128
1960.708,-104.515
1960.816,-105.603
1960.925,-103.754
1961.033,-102.226
1961.142,-104.299
1961.250,-102.374
1961.359,-104.412
1961.467,-104.112
1961.576,-104.186
1961.684,-105.496
1961.793,-103.713
1961.901,-104.813
1962.010,-103.790
1962.118,-104.941
1962.227,-104.692
1962.335,-103.142
1962.443,-104.532
1962.552,-102.642
1962.660,-105.023
1962.769,-105.504
1962.877,-106.930
1962.986,-103.640
1963.094,-104.217
1963.203,-103.562
1963.311,-105.123
1963.420,-103.581
1963.528,-103.052
1963.637,-104.101
1963.745,-101.846
1963.854,-101.078
1963.962,-102.094
1964.071,-102.588
1964.179,-101.343
1964.288,-103.160
1964.396,-104.409
1964.505,-104.069
1964.613,-103.096
1964.722,-104.456
1964.830,-104.331
1964.938,-105.659
1965.047,-103.144
1965.155,-103.184
1965.264,-101.900
1965.372,-103.709
1965.481,-107.555
1965.589,-106.401
1965.698,-103.103
1965.806,-103.595
1965.915,-103.696
1966.023,-104.422
1966.132,-103.757
1966.240,-105.007
1966.349,-103.603
1966.457,-104.174
1966.566,-103.916
1966.674,-105.072
1966.783,-103.726
1966.891,-104.590
1967.000,-101.508
1967.108,-103.521
1967.217,-105.067
1967.325,-104.152
1967.433,-106.828
1967.542,-104.870
1967.650,-106.720
1967.759,-106.250
1967.867,-107.432
1967.976,-105.424
1968.084,-105.442
1968.193,-107.040
1968.301,-104.150
1968.410,-104.479
1968.518,-104.534
1968.627,-102.487
1968.735,-107.392
1968.844,-104.892
1968.952,-105.070
1969.061,-109.725
1969.169,-114.638
1969.278,-113.725
1969.386,-112.830
1969.495,-113.154
1969.603,-114.431
1969.712,-113.445
1969.820,-113.591
1969.928,-112.403
1970.037,-111.451
1970.145,-113.066
1970.254,-111.282
1970.362,-111.812
1970.471,-112.132
1970.579,-112.680
1970.688,-113.126
1970.796,-113.433
1970.905,-110.948
1971.013,-112.248
1971.122,-112.603
1971.230,-112.853
1971.339,-111.840
1971.447,-114.083
1971.556,-112.012
1971.664,-113.005
1971.773,-112.140
1971.881,-113.495
1971.990,-108.491
1972.098,-109.694
1972.207,-113.684
1972.315,-114.252
1972.423,-113.087
1972.532,-111.706
1972.640,-112.916
1972.749,-114.040
1972.857,-112.022
1972.966,-110.438
1973.074,-110.885
1973.183,-109.392
1973.291,-109.400
1973.400,-110.203
1973.508,-110.481
1973.617,-112.837
1973.725,-111.511
1973.834,-112.615
1973.942,-111.055
1974.051,-112.846
1974.159,-113.046
1974.268,-113.721
1974.376,-109.942
1974.485,-112.123
1974.593,-111.076
1974.702,-112.364
1974.810,-110.410
1974.918,-110.921
1975.027,-107.950
1975.135,-110.721
1975.244,-109.593
1975.352,-108.260
1975.461,-110.976
1975.569,-109.064
1975.678,-110.455
1975.786,-108.569
1975.895,-109.917
1976.003,-108.837
1976.112,-109.818
1976.220,-109.861
1976.329,-108.552
1976.437,-110.013
1976.546,-109.586
1976.654,-109.632
1976.763,-107.468
1976.871,-108.731
1976.980,-108.042
1977.088,-109.844
1977.197,-108.443
1977.305,-108.492
1977.413,-106.378
1977.522,-109.392
1977.630,-111.610
1977.739,-109.640
1977.847,-109.677
1977.956,-109.962
1978.064,-107.815
1978.173,-109.424
1978.281,-109.557
1978.390,-108.935
1978.498,-109.940
1978.607,-108.732
1978.715,-109.429
1978.824,-108.599
1978.932,-107.955
1979.041,-107.383
1979.149,-107.378
1979.258,-107.417
1979.366,-109.835
1979.475,-108.173
1979.583,-107.325
1979.692,-110.342
1979.800,-109.160
1979.800,-109.064
1979.908,-108.608
1980.017,-107.427
1980.125,-107.667
1980.234,-107.180
1980.342,-107.622
1980.451,-105.044
1980.559,-105.351
1980.668,-103.668
1980.776,-102.443
1980.885,-105.801
1980.993,-105.503
1981.102,-102.603
1981.210,-101.928
1981.319,-103.426
1981.427,-102.820
1981.536,-103.982
1981.644,-102.812
1981.753,-103.124
1981.861,-102.302
1981.970,-101.345
1982.078,-102.781
1982.187,-102.037
1982.295,-100.428
1982.403,-100.701
1982.512,-101.622
1982.620,-101.415
1982.729,-98.850
1982.837,-102.610
1982.946,-100.105
1983.054,-103.405
1983.163,-102.880
1983.271,-101.874
1983.380,-106.734
1983.488,-104.715
1983.597,-104.457
1983.705,-106.908
1983.814,-105.146
1983.922,-107.153
1984.031,-106.529
1984.139,-105.261
1984.248,-106.631
1984.356,-109.514
1984.465,-109.175
1984.573,-112.588
1984.682,-110.510
1984.790,-113.520
1984.898,-111.876
1985.007,-108.684
1985.115,-106.551
1985.224,-108.473
1985.332,-109.327
1985.441,-107.201
1985.549,-105.535
1985.658,-111.263
1985.766,-110.817
1985.875,-112.355
1985.983,-109.291
1986.092,-109.316
1986.200,-112.732
1986.309,-109.900
1986.417,-107.997
1986.526,-107.105
1986.634,-105.813
1986.743,-105.333
1986.851,-105.472
1986.960,-110.171
1987.068,-108.643
1987.177,-109.133
1987.285,-109.426
1987.393,-108.304
1987.502,-110.643
1987.610,-108.450
1987.719,-109.732
1987.827,-110.547
1987.936,-109.503
1988.044,-108.927
1988.153,-108.869
1988.261,-112.039
1988.370,-109.365
1988.478,-109.097
1988.587,-105.413
1988.695,-107.683
1988.804,-109.356
1988.912,-111.457
1989.021,-108.299
1989.129,-112.968
1989.238,-110.091
1989.346,-113.152
1989.455,-113.960
1989.563,-108.058
1989.672,-110.461
1989.780,-108.683
1989.888,-111.504
1989.997,-109.819
1990.105,-110.628
1990.214,-110.867
1990.322,-111.165
1990.431,-111.423
1990.539,-111.970
1990.648,-112.562
1990.756,-112.700
1990.865,-113.260
1990.973,-112.480
1991.082,-113.855
1991.190,-113.689
1991.299,-113.842
1991.407,-113.621
1991.516,-114.314
1991.624,-112.144
1991.733,-115.404
1991.841,-112.735
1991.950,-112.549
1992.058,-112.877
1992.167,-112.761
1992.275,-111.229
1992.383,-112.382
1992.492,-112.552
1992.600,-111.329
1992.709,-111.563
1992.817,-113.765
1992.926,-111.534
1993.034,-107.924
1993.143,-111.517
1993.251,-111.166
1993.360,-113.815
1993.468,-109.388
1993.577,-110.577
1993.685,-109.806
1993.794,-110.101
1993.902,-110.834
1994.011,-110.302
1994.119,-112.976
1994.228,-113.633
1994.336,-115.399
1994.445,-114.799
1994.553,-113.269
1994.662,-113.240
1994.770,-112.648
1994.878,-114.617
1994.987,-111.029
1995.095,-111.946
1995.204,-113.380
1995.312,-114.022
1995.421,-114.104
1995.529,-114.217
1995.638,-113.231
1995.746,-112.946
1995.855,-113.105
1995.963,-110.320
1996.072,-110.542
1996.180,-111.746
1996.289,-110.817
1996.397,-112.248
1996.506,-113.388
1996.614,-110.951
1996.723,-113.113
1996.831,-112.645
1996.940,-112.178
1997.048,-111.985
1997.157,-114.133
1997.265,-113.671
1997.373,-109.736
1997.482,-110.088
1997.590,-113.334
1997.699,-112.471
1997.807,-113.560
1997.916,-111.993
1998.024,-109.814
1998.133,-113.589
1998.241,-111.724
1998.350,-112.676
1998.458,-112.213
1998.567,-112.976
1998.675,-111.733
1998.784,-113.942
1998.892,-113.785
1999.001,-112.713
1999.109,-111.903
1999.218,-111.760
1999.326,-112.149
1999.435,-110.750
1999.543,-109.207
1999.652,-113.449
1999.760,-112.506
1999.868,-110.337
1999.977,-101.575
2000.000,-102.231
2000.108,-110.069
2000.217,-100.909
2000.325,-110.348
2000.434,-110.984
2000.542,-111.559
2000.651,-110.470
2000.759,-112.501
2000.868,-111.742
2000.976,-112.246
2001.085,-112.125
2001.193,-109.171
2001.302,-104.662
2001.410,-104.799
2001.519,-105.514
2001.627,-106.518
2001.736,-101.686
2001.844,-88.447
2001.953,-100.859
2002.061,-102.087
2002.170,-105.639
2002.278,-106.281
2002.387,-102.169
2002.495,-109.278
2002.603,-108.320
2002.712,-111.102
2002.820,-111.727
2002.929,-113.434
2003.037,-110.353
2003.146,-112.255
2003.254,-111.044
2003.363,-111.885
2003.471,-109.915
2003.580,-111.575
2003.688,-111.284
2003.797,-109.390
2003.905,-111.906
2004.014,-110.703
2004.122,-109.939
2004.231,-111.025
2004.339,-111.002
2004.448,-111.154
2004.556,-96.286
2004.665,-98.523
2004.773,-111.485
2004.882,-110.078
2004.990,-109.933
2005.098,-108.288
2005.207,-107.481
2005.315,-110.211
2005.424,-108.777
2005.532,-109.673
2005.641,-109.484
2005.749,-109.409
2005.858,-110.600
2005.966,-109.460
2006.075,-109.397
2006.183,-107.014
2006.292,-108.273
2006.400,-109.781
2006.509,-109.230
2006.617,-108.486
2006.726,-108.256
2006.834,-108.639
2006.943,-107.643
2007.051,-106.510
2007.160,-108.968
2007.268,-108.068
2007.377,-108.568
2007.485,-107.520
2007.593,-108.781
2007.702,-108.017
2007.810,-108.053
2007.919,-106.164
2008.027,-106.882
2008.136,-107.250
2008.244,-106.678
2008.353,-108.135
2008.461,-107.685
2008.570,-107.729
2008.678,-107.071
2008.787,-106.458
2008.895,-108.909
2009.004,-108.854
2009.112,-108.921
2009.221,-107.836
2009.329,-108.456
2009.438,-108.883
2009.546,-107.299
2009.655,-109.180
2009.763,-110.055
2009.872,-110.811
2009.980,-109.645
2010.088,-110.998
2010.197,-110.106
2010.305,-111.533
2010.414,-110.276
2010.522,-111.916
2010.631,-114.204
2010.739,-114.096
2010.848,-113.597
2010.956,-110.298
2011.065,-112.256
2011.173,-112.965
2011.282,-113.923
2011.390,-113.908
2011.499,-112.134
2011.607,-113.757
2011.716,-113.785
2011.824,-113.543
2011.933,-112.521
2012.041,-111.733
2012.150,-112.883
2012.258,-113.935
2012.367,-112.623
2012.475,-113.948
2012.583,-112.918
2012.692,-112.545
2012.800,-114.102
2012.909,-113.083
2013.017,-112.787
2013.126,-112.793
2013.234,-112.982
2013.343,-114.586
2013.451,-109.772
2013.560,-112.840
2013.668,-110.733
2013.777,-113.388
2013.885,-113.095
2013.994,-113.421
2014.102,-112.123
2014.211,-112.510
2014.319,-112.479
2014.428,-113.349
2014.536,-111.962
2014.645,-114.487
2014.753,-113.963
2014.862,-112.075
2014.970,-111.827
2015.078,-110.706
2015.187,-111.649
2015.295,-112.553
2015.404,-113.512
2015.512,-110.060
2015.621,-111.546
2015.729,-111.809
2015.838,-112.101
2015.946,-111.617
2016.055,-111.791
2016.163,-112.853
2016.272,-110.908
2016.380,-113.601
2016.489,-111.990
2016.597,-111.770
2016.706,-112.323
2016.814,-113.734
2016.923,-113.903
2017.031,-112.494
2017.140,-111.926
2017.248,-111.746
2017.357,-112.373
2017.465,-113.513
2017.573,-112.891
2017.682,-112.895
2017.790,-113.297
2017.899,-113.990
2018.007,-112.984
2018.116,-113.318
2018.224,-114.062
2018.333,-110.838
2018.441,-112.842
2018.550,-111.020
2018.658,-113.028
2018.767,-113.666
2018.875,-112.366
2018.984,-110.544
2019.092,-112.097
2019.201,-114.823
2019.309,-112.302
2019.418,-112.142
2019.526,-112.791
2019.635,-112.151
2019.743,-112.859
2019.852,-113.782
2019.960,-110.544
2020.068,-111.478
2020.177,-113.164
2020.285,-112.842
2020.394,-111.437
2020.502,-112.745
2020.611,-111.143
2020.719,-113.647
2020.828,-111.974
2020.936,-111.678
2021.045,-113.624
2021.153,-114.252
2021.262,-111.267
2021.370,-112.880
2021.479,-113.175
2021.587,-112.913
2021.696,-112.582
2021.804,-110.672
2021.913,-113.499
2022.021,-112.641
2022.130,-113.355
2022.238,-112.901
2022.347,-112.841
2022.455,-114.032
2022.563,-113.742
2022.672,-113.366
2022.780,-112.927
2022.889,-113.803
2022.997,-110.896
2023.106,-112.174
2023.214,-112.609
2023.323,-112.695
2023.431,-113.640
2023.540,-110.984
2023.648,-111.693
2023.757,-112.702
2023.865,-113.022
2023.974,-113.171
2024.082,-112.756
2024.191,-113.191
2024.299,-112.235
2024.408,-112.765
2024.516,-113.991
2024.625,-110.889
2024.733,-112.755
2024.842,-113.356
2024.950,-111.510
2025.058,-113.631
2025.167,-111.340
2025.275,-113.197
2025.384,-113.109
2025.492,-113.043
2025.601,-113.115
2025.709,-113.191
2025.818,-114.202
2025.926,-114.632
2026.035,-112.592
2026.143,-112.581
2026.252,-113.438
2026.360,-113.146
2026.469,-111.751
2026.577,-113.584
2026.686,-113.446
2026.794,-113.492
2026.903,-111.133
2027.011,-113.832
2027.120,-113.014
2027.228,-114.284
2027.337,-112.387
2027.445,-112.959
2027.553,-111.242
2027.662,-112.966
2027.770,-113.793
2027.879,-112.811
2027.987,-112.340
2028.096,-114.824
2028.204,-113.516
2028.313,-114.633
2028.421,-113.109
2028.530,-113.275
2028.638,-114.197
2028.747,-113.607
2028.855,-113.578
2028.964,-112.136
2029.072,-113.138
2029.181,-112.231
2029.289,-111.930
2029.398,-114.564
2029.506,-113.122
2029.615,-113.034
2029.723,-112.211
2029.832,-114.821
2029.940,-112.615
2030.048,-114.245
2030.157,-111.645
2030.265,-112.433
2030.374,-112.969
2030.482,-113.610
2030.591,-113.564
2030.699,-111.894
2030.808,-113.149
2030.916,-111.527
2031.025,-112.033
2031.133,-113.400
2031.242,-110.448
2031.350,-113.068
2031.459,-113.009
2031.567,-112.335
2031.676,-111.900
2031.784,-112.789
2031.893,-110.507
2032.001,-111.957
2032.110,-111.135
2032.218,-110.415
2032.327,-109.804
2032.435,-109.495
2032.543,-108.019
2032.652,-107.778
2032.760,-107.603
2032.869,-108.240
2032.977,-106.067
2033.086,-107.846
2033.194,-108.502
2033.303,-107.377
2033.411,-105.151
2033.520,-106.350
2033.628,-106.854
2033.737,-108.049
2033.845,-108.414
2033.954,-107.376
2034.062,-107.014
2034.171,-107.126
2034.279,-105.141
2034.388,-106.084
2034.496,-101.128
2034.605,-104.227
2034.713,-103.122
2034.822,-106.419
2034.930,-104.029
2035.038,-102.390
2035.147,-103.186
2035.255,-104.781
2035.364,-105.686
2035.472,-104.201
2035.581,-106.122
2035.689,-105.436
2035.798,-103.023
2035.906,-104.720
2036.015,-105.165
2036.123,-103.552
2036.232,-103.857
2036.340,-103.432
2036.449,-109.126
2036.557,-109.481
2036.666,-106.000
2036.774,-107.547
2036.883,-107.586
2036.991,-108.036
2037.100,-110.084
2037.208,-109.611
2037.317,-107.639
2037.425,-108.270
2037.533,-108.791
2037.642,-108.907
2037.750,-110.228
2037.859,-109.838
2037.967,-110.827
2038.076,-110.584
2038.184,-112.582
2038.293,-112.115
2038.401,-111.074
2038.510,-109.680
2038.618,-110.654
2038.727,-110.578
2038.835,-113.370
2038.944,-111.728
2039.052,-111.952
2039.161,-112.038
2039.269,-111.465
2039.378,-111.767
2039.486,-110.673
2039.595,-113.133
2039.703,-111.049
2039.812,-110.419
2039.920,-110.437
2040.028,-103.550
2040.137,-110.215
2040.245,-110.374
2040.354,-111.788
2040.462,-112.416
2040.571,-112.632
2040.679,-108.576
2040.788,-111.631
2040.896,-108.942
2041.005,-110.039
2041.113,-110.314
2041.222,-112.359
2041.330,-110.572
2041.439,-110.614
2041.547,-110.972
2041.656,-110.046
2041.764,-111.828
2041.873,-110.872
2041.981,-112.228
2042.090,-112.890
2042.198,-113.825
2042.307,-112.390
2042.415,-111.076
2042.523,-110.516
2042.632,-110.007
2042.740,-110.522
2042.849,-109.678
2042.957,-112.137
2043.066,-112.474
2043.174,-112.915
2043.283,-111.229
2043.391,-109.722
2043.500,-110.189
2043.608,-108.458
2043.717,-108.007
2043.825,-108.583
2043.934,-109.186
2044.042,-109.720
2044.151,-111.599
2044.259,-112.665
2044.368,-112.438
2044.476,-112.583
2044.585,-112.427
2044.693,-112.115
2044.802,-110.992
2044.910,-107.771
2045.018,-107.870
2045.127,-108.750
2045.235,-108.356
2045.344,-110.105
2045.452,-108.343
2045.561,-111.775
2045.669,-112.775
2045.778,-111.938
2045.886,-112.630
2045.995,-110.485
2046.103,-111.385
2046.212,-109.991
2046.320,-112.019
2046.429,-110.939
2046.537,-109.002
2046.646,-109.517
2046.754,-108.750
2046.863,-106.944
2046.971,-107.124
2047.080,-108.505
2047.188,-108.512
2047.297,-108.668
2047.405,-107.635
2047.513,-109.474
2047.622,-109.352
2047.730,-107.947
2047.839,-109.687
2047.947,-110.596
2048.056,-110.848
2048.164,-109.005
2048.273,-111.573
2048.381,-111.619
2048.490,-110.923
2048.598,-110.766
2048.707,-112.227
2048.815,-112.230
2048.924,-113.040
2049.032,-111.046
2049.141,-107.400
2049.249,-113.176
2049.358,-111.875
2049.466,-112.085
2049.575,-113.103
2049.683,-112.509
2049.792,-111.829
2049.900,-111.274
2049.900,-111.144
2050.008,-109.539
2050.117,-114.377
2050.225,-111.376
2050.334,-112.587
2050.442,-113.269
2050.551,-111.584
2050.659,-112.947
2050.768,-111.958
2050.876,-113.543
2050.985,-109.104
2051.093,-112.044
2051.202,-113.119
2051.310,-113.378
2051.419,-113.818
2051.527,-112.365
2051.636,-112.456
2051.744,-113.781
2051.853,-113.520
2051.961,-110.834
2052.070,-113.021
2052.178,-111.514
2052.287,-111.837
2052.395,-111.623
2052.503,-111.768
2052.612,-112.129
2052.720,-111.192
2052.829,-111.791
2052.937,-110.638
2053.046,-105.652
2053.154,-103.785
2053.263,-106.183
2053.371,-111.188
2053.480,-109.823
2053.588,-110.707
2053.697,-113.064
2053.805,-112.276
2053.914,-113.534
2054.022,-113.563
2054.131,-115.143
2054.239,-114.009
2054.348,-113.635
2054.456,-112.226
2054.565,-110.729
2054.673,-113.854
2054.782,-113.022
2054.890,-111.851
2054.998,-112.772
2055.107,-112.846
2055.215,-113.742
2055.324,-112.175
2055.432,-112.508
2055.541,-113.996
2055.649,-113.791
2055.758,-113.235
2055.866,-114.140
2055.975,-113.716
2056.083,-112.857
2056.192,-114.232
2056.300,-112.513
2056.409,-113.109
2056.517,-114.203
2056.626,-112.341
2056.734,-113.872
2056.843,-113.653
2056.951,-113.099
2057.060,-112.924
2057.168,-113.008
2057.277,-112.415
2057.385,-112.738
2057.493,-110.756
2057.602,-113.258
2057.710,-113.514
2057.819,-112.778
2057.927,-113.997
2058.036,-114.113
2058.144,-113.879
2058.253,-113.665
2058.361,-112.169
2058.470,-112.714
2058.578,-112.199
2058.687,-111.436
2058.795,-112.335
2058.904,-113.701
2059.012,-113.639
2059.121,-111.882
2059.229,-113.268
2059.338,-113.566
2059.446,-113.588
2059.555,-111.375
2059.663,-111.841
2059.772,-112.999
2059.880,-112.124
2059.988,-110.337
2060.097,-110.770
2060.205,-109.244
2060.314,-108.695
2060.422,-108.125
2060.531,-106.603
2060.639,-108.148
2060.748,-108.030
2060.856,-106.295
2060.965,-107.310
2061.073,-106.545
2061.182,-105.347
2061.290,-106.460
2061.399,-104.552
2061.507,-105.460
2061.616,-107.594
2061.724,-107.100
2061.833,-106.303
2061.941,-106.172
2062.050,-106.718
2062.158,-107.019
2062.267,-104.992
2062.375,-106.507
2062.483,-104.033
2062.592,-106.293
2062.700,-105.808
2062.809,-105.363
2062.917,-106.254
2063.026,-105.639
2063.134,-103.308
2063.243,-104.972
2063.351,-104.372
2063.460,-105.644
2063.568,-104.150
2063.677,-106.433
2063.785,-105.912
2063.894,-106.683
2064.002,-106.386
2064.111,-106.750
2064.219,-106.862
2064.328,-106.013
2064.436,-107.800
2064.545,-107.979
2064.653,-106.195
2064.762,-107.392
2064.870,-107.302
2064.978,-106.811
2065.087,-105.917
2065.195,-106.068
2065.304,-105.630
2065.412,-105.979
2065.521,-108.894
2065.629,-108.967
2065.738,-110.626
2065.846,-111.407
2065.955,-111.238
2066.063,-112.375
2066.172,-113.509
2066.280,-110.225
2066.389,-112.416
2066.497,-113.632
2066.606,-113.512
2066.714,-111.666
2066.823,-110.492
2066.931,-111.150
2067.040,-111.805
2067.148,-112.534
2067.257,-110.118
2067.365,-112.680
2067.473,-114.220
2067.582,-113.150
2067.690,-112.995
2067.799,-109.828
2067.907,-111.144
2068.016,-113.802
2068.124,-113.132
2068.233,-111.302
2068.341,-109.657
2068.450,-113.398
2068.558,-112.658
2068.667,-111.898
2068.775,-111.526
2068.884,-112.451
2068.992,-112.921
2069.101,-111.427
2069.209,-112.577
2069.318,-113.747
2069.426,-111.291
2069.535,-112.339
2069.643,-111.478
2069.752,-111.846
2069.860,-111.727
2069.968,-111.113
2070.077,-111.855
2070.185,-106.445
2070.294,-99.178
2070.402,-107.808
2070.511,-110.726
2070.619,-113.285
2070.728,-111.962
2070.836,-111.366
2070.945,-110.526
2071.053,-111.631
2071.162,-112.815
2071.270,-112.502
2071.379,-112.154
2071.487,-113.563
2071.596,-112.607
2071.704,-113.227
2071.813,-112.997
2071.921,-114.012
2072.030,-111.357
2072.138,-112.167
2072.247,-112.896
2072.355,-113.875
2072.463,-112.533
2072.572,-113.378
2072.680,-112.620
2072.789,-112.705
2072.897,-113.226
2073.006,-112.686
2073.114,-111.515
2073.223,-113.129
2073.331,-113.063
2073.440,-111.990
2073.548,-113.743
2073.657,-113.182
2073.765,-113.626
2073.874,-111.787
2073.982,-111.290
2074.091,-111.974
2074.199,-113.360
2074.308,-112.693
2074.416,-113.670
2074.525,-113.319
2074.633,-114.003
2074.742,-112.907
2074.850,-112.911
2074.958,-109.798
2075.067,-114.232
2075.175,-113.292
2075.284,-113.713
2075.392,-113.883
2075.501,-113.054
2075.609,-112.441
2075.718,-114.044
2075.826,-115.044
2075.935,-112.791
2076.043,-111.564
2076.152,-114.451
2076.260,-113.838
2076.369,-114.305
2076.477,-112.190
2076.586,-112.444
2076.694,-111.455
2076.803,-112.486
2076.911,-113.036
2077.020,-111.834
2077.128,-112.608
2077.237,-113.591
2077.345,-113.758
2077.453,-113.649
2077.562,-114.181
2077.670,-112.677
2077.779,-114.275
2077.887,-112.117
2077.996,-111.084
2078.104,-113.956
2078.213,-114.087
2078.321,-110.641
2078.430,-114.373
2078.538,-112.876
2078.647,-113.612
2078.755,-112.664
2078.864,-108.662
2078.972,-111.965
2079.081,-112.631
2079.189,-112.496
2079.298,-111.423
2079.406,-113.137
2079.515,-113.193
2079.623,-114.158
2079.732,-113.798
2079.840,-111.937
2079.948,-111.092
2080.057,-111.817
2080.165,-112.132
2080.274,-113.569
2080.382,-114.327
2080.491,-113.275
2080.599,-111.715
2080.708,-112.542
2080.816,-113.660
2080.925,-113.643
2081.033,-111.485
2081.142,-112.675
2081.250,-113.506
2081.359,-114.060
2081.467,-112.626
2081.576,-114.603
2081.684,-111.903
2081.793,-111.170
2081.901,-111.930
2082.010,-111.415
2082.118,-112.561
2082.227,-113.472
2082.335,-111.424
2082.443,-112.447
2082.552,-112.403
2082.660,-112.754
2082.769,-113.321
2082.877,-113.114
2082.986,-111.038
2083.094,-113.157
2083.203,-113.290
2083.311,-112.853
2083.420,-111.553
2083.528,-114.084
2083.637,-113.758
2083.745,-113.559
2083.854,-111.742
2083.962,-112.756
2084.071,-113.430
2084.179,-112.515
2084.288,-111.464
2084.396,-111.872
2084.505,-112.612
2084.613,-111.490
2084.722,-113.453
2084.830,-112.869
2084.938,-112.631
2085.047,-111.343
2085.155,-113.993
2085.264,-111.654
2085.372,-110.073
2085.481,-112.458
2085.589,-112.408
2085.698,-113.177
2085.806,-113.633
2085.915,-113.434
2086.023,-111.854
2086.132,-112.882
2086.240,-113.055
2086.349,-113.370
2086.457,-111.748
2086.566,-112.073
2086.674,-111.388
2086.783,-111.633
2086.891,-112.323
2087.000,-110.897
2087.108,-109.545
2087.217,-111.340
2087.325,-106.532
2087.433,-110.501
2087.542,-109.474
2087.650,-111.112
2087.759,-110.453
2087.867,-110.396
2087.976,-109.851
2088.084,-110.118
2088.193,-110.615
2088.301,-108.334
2088.410,-108.680
2088.518,-108.706
2088.627,-108.532
2088.735,-109.440
2088.844,-109.696
2088.952,-108.900
2089.061,-110.329
2089.169,-108.867
2089.278,-110.957
2089.386,-110.346
2089.495,-109.684
2089.603,-108.832
2089.712,-108.386
2089.820,-107.764
2089.928,-107.599
2090.037,-107.631
2090.145,-108.241
2090.254,-110.443
2090.362,-109.407
2090.471,-108.304
2090.579,-108.223
2090.688,-108.595
2090.796,-109.019
2090.905,-106.968
2091.013,-108.531
2091.122,-108.173
2091.230,-107.606
2091.339,-110.335
2091.447,-110.191
2091.556,-110.578
2091.664,-111.703
2091.773,-109.507
2091.881,-110.897
2091.990,-109.066
2092.098,-110.040
2092.207,-109.860
2092.315,-109.733
2092.423,-110.058
2092.532,-107.958
2092.640,-110.177
2092.749,-110.582
2092.857,-109.717
2092.966,-112.147
2093.074,-111.567
2093.183,-113.266
2093.291,-112.357
2093.400,-112.748
2093.508,-111.078
2093.617,-113.061
2093.725,-111.372
2093.834,-113.856
2093.942,-110.835
2094.051,-111.941
2094.159,-112.845
2094.268,-113.658
2094.376,-111.997
2094.485,-113.056
2094.593,-113.606
2094.702,-111.161
2094.810,-110.909
2094.918,-111.005
2095.027,-112.917
2095.135,-114.395
2095.244,-112.254
2095.352,-112.739
2095.461,-110.470
2095.569,-112.216
2095.678,-113.291
2095.786,-111.569
2095.895,-111.990
2096.003,-111.554
2096.112,-108.871
2096.220,-110.189
2096.329,-110.590
2096.437,-109.833
2096.546,-111.403
2096.654,-113.005
2096.763,-110.724
2096.871,-110.880
2096.980,-111.374
2097.088,-111.741
2097.197,-111.928
2097.305,-112.036
2097.413,-111.997
2097.522,-113.022
2097.630,-112.537
2097.739,-113.754
2097.847,-111.813
2097.956,-113.283
2098.064,-111.492
2098.173,-113.451
2098.281,-111.581
2098.390,-113.654
2098.498,-113.843
2098.607,-112.293
2098.715,-113.414
2098.824,-113.378
2098.932,-113.314
2099.041,-111.577
2099.149,-113.789
2099.258,-113.033
2099.366,-114.383
2099.475,-113.709
2099.583,-113.847
2099.692,-112.694
2099.800,-113.117
2099.800,-114.200
2099.908,-114.056
2100.017,-111.678
2100.125,-111.245
2100.234,-107.814
2100.342,-113.055
2100.451,-113.077
2100.559,-111.292
2100.668,-113.195
2100.776,-114.100
2100.885,-112.538
2100.993,-111.556
2101.102,-113.809
2101.210,-112.310
2101.319,-112.871
2101.427,-112.615
2101.536,-113.314
2101.644,-112.135
2101.753,-113.159
2101.861,-112.800
2101.970,-112.939
2102.078,-113.631
2102.187,-113.912
2102.295,-111.044
2102.403,-113.873
2102.512,-112.915
2102.620,-112.419
2102.729,-113.772
2102.837,-112.547
2102.946,-113.671
2103.054,-113.353
2103.163,-113.956
2103.271,-113.060
2103.380,-112.763
2103.488,-111.757
2103.597,-113.687
2103.705,-113.532
2103.814,-112.518
2103.922,-111.052
2104.031,-110.597
2104.139,-109.816
2104.248,-111.584
2104.356,-106.453
2104.465,-104.704
2104.573,-103.322
2104.682,-107.491
2104.790,-111.370
2104.898,-114.674
2105.007,-112.620
2105.115,-113.130
2105.224,-114.132
2105.332,-112.587
2105.441,-114.841
2105.549,-113.241
2105.658,-115.162
2105.766,-114.969
2105.875,-113.437
2105.983,-112.671
2106.092,-114.081
2106.200,-114.762
2106.309,-110.387
2106.417,-113.737
2106.526,-113.641
2106.634,-113.210
2106.743,-114.766
2106.851,-114.047
2106.960,-114.493
2107.068,-114.625
2107.177,-113.503
2107.285,-114.221
2107.393,-115.014
2107.502,-114.113
2107.610,-113.685
2107.719,-113.825
2107.827,-115.365
2107.936,-112.867
2108.044,-113.883
2108.153,-113.390
2108.261,-113.749
2108.370,-112.027
2108.478,-113.975
2108.587,-110.712
2108.695,-114.236
2108.804,-112.865
2108.912,-114.726
2109.021,-115.179
2109.129,-113.249
2109.238,-113.924
2109.346,-115.183
2109.455,-113.516
2109.563,-114.075
2109.672,-114.127
2109.780,-113.812
2109.888,-113.747
2109.997,-112.972
2110.105,-113.260
2110.214,-109.879
2110.322,-113.291
2110.431,-111.248
2110.539,-115.096
2110.648,-114.609
2110.756,-114.391
2110.865,-112.067
2110.973,-113.488
2111.082,-112.682
2111.190,-111.720
2111.299,-111.858
2111.407,-112.094
2111.516,-111.322
2111.624,-111.425
2111.733,-112.231
2111.841,-110.579
2111.950,-112.563
2112.058,-112.091
2112.167,-110.346
2112.275,-112.257
2112.383,-109.636
2112.492,-111.860
2112.600,-109.138
2112.709,-109.530
2112.817,-111.329
2112.926,-108.684
2113.034,-110.724
2113.143,-109.557
2113.251,-110.861
2113.360,-107.984
2113.468,-110.628
2113.577,-105.284
2113.685,-109.946
2113.794,-110.887
2113.902,-110.562
2114.011,-108.130
2114.119,-111.854
2114.228,-110.971
2114.336,-112.427
2114.445,-109.101
2114.553,-109.579
2114.662,-108.122
2114.770,-110.777
2114.878,-110.466
2114.987,-111.451
2115.095,-110.387
2115.204,-110.486
2115.312,-111.054
2115.421,-109.834
2115.529,-110.032
2115.638,-109.465
2115.746,-109.473
2115.855,-109.112
2115.963,-109.262
2116.072,-108.033
2116.180,-108.370
2116.289,-107.668
2116.397,-108.552
2116.506,-107.396
2116.614,-110.711
2116.723,-107.613
2116.831,-108.322
2116.940,-107.207
2117.048,-107.996
2117.157,-109.477
2117.265,-109.024
2117.373,-108.145
2117.482,-109.737
2117.590,-108.905
2117.699,-108.576
2117.807,-108.472
2117.916,-108.305
2118.024,-108.858
2118.133,-108.170
2118.241,-109.128
2118.350,-107.185
2118.458,-107.158
2118.567,-109.641
2118.675,-108.551
2118.784,-107.108
2118.892,-109.233
2119.001,-108.835
2119.109,-106.096
2119.218,-107.577
2119.326,-107.605
2119.435,-107.243
2119.543,-107.884
2119.652,-108.268
2119.760,-107.220
2119.868,-108.939
2119.977,-99.509
2120.085,-111.248
2120.194,-109.457
2120.302,-109.043
2120.411,-110.780
2120.519,-110.744
2120.628,-110.859
2120.736,-110.980
2120.845,-111.098
2120.953,-110.398
2121.062,-111.567
2121.170,-112.412
2121.279,-109.910
2121.387,-111.680
2121.496,-110.884
2121.604,-112.015
2121.713,-109.936
2121.821,-111.119
2121.930,-110.039
2122.038,-112.745
2122.147,-112.059
2122.255,-111.875
2122.363,-111.808
2122.472,-112.899
2122.580,-112.432
2122.689,-110.363
2122.797,-110.587
2122.906,-109.916
2123.014,-111.086
2123.123,-111.409
2123.231,-111.221
2123.340,-110.345
2123.448,-108.828
2123.557,-112.437
2123.665,-109.818
2123.774,-110.834
2123.882,-110.931
2123.991,-111.409
2124.099,-109.211
2124.208,-110.775
2124.316,-111.641
2124.425,-110.953
2124.533,-110.891
2124.642,-111.380
2124.750,-111.553
2124.858,-111.656
2124.967,-110.327
2125.075,-111.425
2125.184,-110.632
2125.292,-111.998
2125.401,-111.226
2125.509,-111.272
2125.618,-110.762
2125.726,-110.256
2125.835,-109.856
2125.943,-111.645
2126.052,-109.930
2126.160,-110.339
2126.269,-110.464
2126.377,-111.470
2126.486,-110.978
2126.594,-111.625
2126.703,-110.350
2126.811,-110.619
2126.920,-110.862
2127.028,-112.291
2127.137,-111.978
2127.245,-111.504
2127.353,-112.263
2127.462,-111.540
2127.570,-111.723
2127.679,-113.088
2127.787,-111.611
2127.896,-113.320
2128.004,-110.905
2128.113,-109.720
2128.221,-112.463
2128.330,-112.455
2128.438,-111.372
2128.547,-109.918
2128.655,-110.886
2128.764,-110.473
2128.872,-111.356
2128.981,-112.329
2129.089,-112.954
2129.198,-113.088
2129.306,-111.213
2129.415,-112.069
2129.523,-112.741
2129.632,-111.010
2129.740,-112.665
2129.848,-111.611
2129.957,-112.730
2130.065,-112.180
2130.174,-112.310
2130.282,-104.197
2130.391,-105.463
2130.499,-106.095
2130.608,-104.771
2130.716,-104.543
2130.825,-105.014
2130.933,-106.016
2131.042,-103.591
2131.150,-105.912
2131.259,-107.338
2131.367,-109.121
2131.476,-107.902
2131.584,-110.343
2131.693,-105.335
2131.801,-103.889
2131.910,-104.782
2132.018,-105.887
2132.127,-105.657
2132.235,-105.875
2132.343,-106.364
2132.452,-104.855
2132.560,-103.005
2132.669,-102.846
2132.777,-104.264
2132.886,-105.857
2132.994,-105.655
2133.103,-105.919
2133.211,-106.709
2133.320,-109.483
2133.428,-109.615
2133.537,-109.534
2133.645,-108.889
2133.754,-110.196
2133.862,-108.223
2133.971,-105.814
2134.079,-107.719
2134.188,-107.901
2134.296,-106.617
2134.405,-107.164
2134.513,-106.351
2134.622,-105.570
2134.730,-106.815
2134.838,-113.610
2134.947,-112.592
2135.055,-111.467
2135.164,-112.215
2135.272,-109.242
2135.381,-111.973
2135.489,-111.353
2135.598,-110.718
2135.706,-110.509
2135.815,-109.388
2135.923,-110.027
2136.032,-108.320
2136.140,-107.229
2136.249,-108.418
2136.357,-107.184
2136.466,-107.420
2136.574,-107.031
2136.683,-107.823
2136.791,-107.073
2136.900,-106.486
2137.008,-107.229
2137.117,-107.474
2137.225,-106.037
2137.333,-105.587
2137.442,-109.316
2137.550,-109.779
2137.659,-110.418
2137.767,-109.029
2137.876,-111.568
2137.984,-110.281
2138.093,-109.781
2138.201,-108.332
2138.310,-109.092
2138.418,-108.983
2138.527,-108.426
2138.635,-106.467
2138.744,-105.309
2138.852,-104.266
2138.961,-106.576
2139.069,-104.146
2139.178,-104.841
2139.286,-104.791
2139.395,-105.725
2139.503,-106.377
2139.612,-109.447
2139.720,-110.251
2139.828,-112.642
2139.937,-113.115
2140.045,-111.964
2140.154,-111.397
2140.262,-111.131
2140.371,-114.487
2140.479,-113.725
2140.588,-112.971
2140.696,-112.895
2140.805,-108.723
2140.913,-107.151
2141.022,-107.906
2141.130,-108.833
2141.239,-109.815
2141.347,-110.573
2141.456,-107.547
2141.564,-108.802
2141.673,-109.417
2141.781,-108.677
2141.890,-108.491
2141.998,-108.948
2142.107,-109.002
2142.215,-108.594
2142.323,-105.946
2142.432,-106.975
2142.540,-106.143
2142.649,-107.833
2142.757,-105.838
2142.866,-108.329
2142.974,-108.624
2143.083,-107.905
2143.191,-109.462
2143.300,-109.407
2143.408,-106.791
2143.517,-106.439
2143.625,-103.855
2143.734,-110.152
2143.842,-109.887
2143.951,-107.243
2144.059,-108.629
2144.168,-109.722
2144.276,-109.378
2144.385,-109.265
2144.493,-109.824
2144.602,-108.695
2144.710,-108.162
2144.818,-108.890
2144.927,-108.177
2145.035,-106.999
2145.144,-108.833
2145.252,-109.123
2145.361,-108.688
2145.469,-106.269
2145.578,-104.447
2145.686,-106.107
2145.795,-106.087
2145.903,-106.060
2146.012,-105.857
2146.120,-105.115
2146.229,-104.316
2146.337,-103.469
2146.446,-105.204
2146.554,-102.601
2146.663,-103.119
2146.771,-100.862
2146.880,-101.244
2146.988,-103.923
2147.097,-103.446
2147.205,-104.671
2147.313,-103.665
2147.422,-101.605
2147.530,-102.322
2147.639,-103.780
2147.747,-103.912
2147.856,-104.302
2147.964,-104.335
2148.073,-104.691
2148.181,-106.046
2148.290,-107.659
2148.398,-105.832
2148.507,-108.104
2148.615,-106.069
2148.724,-107.195
2148.832,-108.111
2148.941,-105.103
2149.049,-107.513
2149.158,-107.334
2149.266,-111.908
2149.375,-107.279
2149.483,-106.626
2149.592,-108.676
2149.700,-107.748
2149.700,-107.605
2149.808,-109.205
2149.917,-111.956
2150.025,-108.734
2150.134,-108.453
2150.242,-107.325
2150.351,-106.182
2150.459,-105.455
2150.568,-107.463
2150.676,-106.114
2150.785,-105.166
2150.893,-107.301
2151.002,-105.169
2151.110,-104.736
2151.219,-102.656
2151.327,-104.968
2151.436,-106.245
2151.544,-105.949
2151.653,-108.130
2151.761,-109.007
2151.870,-109.847
2151.978,-108.843
2152.087,-111.534
2152.195,-109.725
2152.303,-109.147
2152.412,-108.145
2152.520,-107.312
2152.629,-107.493
2152.737,-108.027
2152.846,-109.094
2152.954,-111.992
2153.063,-105.162
2153.171,-110.624
2153.280,-110.718
2153.388,-109.077
2153.497,-111.320
2153.605,-110.741
2153.714,-111.498
2153.822,-107.760
2153.931,-107.363
2154.039,-110.763
2154.148,-110.502
2154.256,-110.833
2154.365,-112.352
2154.473,-111.506
2154.582,-113.169
2154.690,-111.765
2154.798,-113.770
2154.907,-111.396
2155.015,-111.710
2155.124,-110.890
2155.232,-107.913
2155.341,-109.763
2155.449,-107.768
2155.558,-107.661
2155.666,-103.903
2155.775,-104.209
2155.883,-92.999
2155.992,-101.833
2156.100,-106.892
2156.209,-106.419
2156.317,-106.454
2156.426,-108.926
2156.534,-108.538
2156.643,-109.114
2156.751,-109.696
2156.860,-109.273
2156.968,-110.108
2157.077,-108.561
2157.185,-110.962
2157.293,-105.733
2157.402,-108.198
2157.510,-110.286
2157.619,-109.959
2157.727,-110.855
2157.836,-110.306
2157.944,-108.655
2158.053,-108.470
2158.161,-110.802
2158.270,-109.690
2158.378,-109.460
2158.487,-110.313
2158.595,-109.482
2158.704,-106.931
2158.812,-108.737
2158.921,-111.495
2159.029,-110.251
2159.138,-111.093
2159.246,-110.181
2159.355,-111.987
2159.463,-111.649
2159.572,-110.868
2159.680,-109.572
2159.788,-109.283
2159.897,-110.378
2160.005,-102.138
2160.114,-107.047
2160.222,-110.249
2160.331,-109.351
2160.439,-109.559
2160.548,-109.732
2160.656,-110.314
2160.765,-109.494
2160.873,-110.850
2160.982,-106.995
2161.090,-111.015
2161.199,-109.689
2161.307,-107.055
2161.416,-110.329
2161.524,-107.674
2161.633,-108.681
2161.741,-109.716
2161.850,-106.930
2161.958,-107.192
2162.067,-109.582
2162.175,-108.507
2162.283,-107.194
2162.392,-108.299
2162.500,-106.905
2162.609,-110.455
2162.717,-108.214
2162.826,-109.870
2162.934,-108.719
2163.043,-109.028
2163.151,-107.409
2163.260,-106.854
2163.368,-108.769
2163.477,-109.034
2163.585,-106.340
2163.694,-107.338
2163.802,-109.019
2163.911,-108.335
2164.019,-106.096
2164.128,-108.212
2164.236,-108.029
2164.345,-107.998
2164.453,-107.836
2164.562,-107.739
2164.670,-110.629
2164.778,-109.039
2164.887,-109.699
2164.995,-109.217
2165.104,-107.744
2165.212,-111.146
2165.321,-108.647
2165.429,-109.352
2165.538,-107.139
2165.646,-108.574
2165.755,-107.075
2165.863,-109.198
2165.972,-108.757
2166.080,-107.165
2166.189,-106.872
2166.297,-107.924
2166.406,-105.925
2166.514,-108.793
2166.623,-107.344
2166.731,-108.434
2166.840,-106.846
2166.948,-108.208
2167.057,-106.585
2167.165,-107.648
2167.273,-110.396
2167.382,-109.281
2167.490,-109.320
2167.599,-105.353
2167.707,-107.145
2167.816,-110.018
2167.924,-110.362
2168.033,-109.348
2168.141,-109.881
2168.250,-109.561
2168.358,-108.214
2168.467,-108.260
2168.575,-108.466
2168.684,-109.662
2168.792,-110.209
2168.901,-108.192
2169.009,-107.656
2169.118,-109.376
2169.226,-110.132
2169.335,-112.376
2169.443,-110.653
2169.552,-111.078
2169.660,-112.585
2169.768,-112.308
2169.877,-112.735
2169.985,-110.830
2170.094,-111.297
2170.202,-111.319
2170.311,-111.402
2170.419,-111.297
2170.528,-112.329
2170.636,-110.972
2170.745,-109.080
2170.853,-108.658
2170.962,-110.133
2171.070,-110.035
2171.179,-108.382
2171.287,-109.451
2171.396,-108.550
2171.504,-106.677
2171.613,-108.267
2171.721,-109.650
2171.830,-108.447
2171.938,-107.403
2172.047,-106.118
2172.155,-106.950
2172.263,-107.204
2172.372,-106.574
2172.480,-108.676
2172.589,-108.891
2172.697,-109.910
2172.806,-107.908
2172.914,-109.281
2173.023,-109.726
2173.131,-105.730
2173.240,-108.171
2173.348,-108.785
2173.457,-109.940
2173.565,-110.019
2173.674,-107.636
2173.782,-108.175
2173.891,-107.786
2173.999,-106.971
2174.108,-107.327
2174.216,-108.309
2174.325,-107.513
2174.433,-107.813
2174.542,-106.071
2174.650,-109.171
2174.758,-109.017
2174.867,-108.046
2174.975,-107.181
2175.084,-108.092
2175.192,-110.760
2175.301,-109.485
2175.409,-110.328
2175.518,-109.412
2175.626,-110.392
2175.735,-108.957
2175.843,-109.392
2175.952,-110.632
2176.060,-107.739
2176.169,-110.502
2176.277,-110.775
2176.386,-111.211
2176.494,-111.073
2176.603,-112.016
2176.711,-112.521
2176.820,-110.332
2176.928,-110.507
2177.037,-110.815
2177.145,-113.575
2177.253,-113.539
2177.362,-111.612
2177.470,-113.171
2177.579,-111.153
2177.687,-106.631
2177.796,-106.567
2177.904,-107.000
2178.013,-107.045
2178.121,-108.223
2178.230,-108.684
2178.338,-110.307
2178.447,-109.608
2178.555,-111.771
2178.664,-109.000
2178.772,-109.566
2178.881,-109.131
2178.989,-109.973
2179.098,-111.605
2179.206,-111.737
2179.315,-112.855
2179.423,-111.530
2179.532,-112.743
2179.640,-109.151
2179.748,-108.723
2179.857,-107.186
2179.965,-109.820
2180.074,-107.443
2180.182,-106.609
2180.291,-109.601
2180.399,-107.319
2180.508,-107.144
2180.616,-105.366
2180.725,-105.698
2180.833,-104.968
2180.942,-105.764
2181.050,-106.991
2181.159,-107.799
2181.267,-105.789
2181.376,-106.630
2181.484,-108.677
2181.593,-110.044
2181.701,-110.214
2181.810,-111.367
2181.918,-110.717
2182.027,-112.377
2182.135,-112.576
2182.243,-105.599
2182.352,-104.360
2182.460,-102.017
2182.569,-103.125
2182.677,-104.230
2182.786,-103.354
2182.894,-103.307
2183.003,-102.777
2183.111,-104.828
2183.220,-104.118
2183.328,-102.070
2183.437,-102.549
2183.545,-112.180
2183.654,-110.986
2183.762,-111.550
2183.871,-111.359
2183.979,-112.162
2184.088,-111.985
2184.196,-103.554
2184.305,-104.424
2184.413,-104.503
2184.522,-106.052
2184.630,-106.415
2184.738,-106.898
2184.847,-106.079
2184.955,-111.407
2185.064,-112.709
2185.172,-113.394
2185.281,-113.065
2185.389,-111.248
2185.498,-108.417
2185.606,-108.360
2185.715,-106.207
2185.823,-110.536
2185.932,-110.221
2186.040,-108.192
2186.149,-110.651
2186.257,-110.514
2186.366,-112.751
2186.474,-112.589
2186.583,-112.779
2186.691,-112.130
2186.800,-104.590
2186.908,-103.255
2187.017,-102.377
2187.125,-103.697
2187.233,-103.275
2187.342,-105.026
2187.450,-109.223
2187.559,-108.748
2187.667,-112.811
2187.776,-111.554
2187.884,-111.712
2187.993,-110.682
2188.101,-110.014
2188.210,-108.927
2188.318,-110.436
2188.427,-111.312
2188.535,-107.959
2188.644,-110.809
2188.752,-107.077
2188.861,-102.987
2188.969,-104.811
2189.078,-104.887
2189.186,-107.016
2189.295,-103.955
2189.403,-104.308
2189.512,-104.165
2189.620,-104.020
2189.728,-103.588
2189.837,-102.581
2189.945,-104.848
2190.054,-109.861
2190.162,-109.620
2190.271,-108.332
2190.379,-108.029
2190.488,-110.927
2190.596,-111.969
2190.705,-105.465
2190.813,-109.569
2190.922,-107.327
2191.030,-105.766
2191.139,-107.264
2191.247,-106.483
2191.356,-108.942
2191.464,-109.415
2191.573,-109.331
2191.681,-111.557
2191.790,-110.533
2191.898,-110.866
2192.007,-107.215
2192.115,-105.392
2192.223,-105.673
2192.332,-107.338
2192.440,-107.141
2192.549,-105.411
2192.657,-106.702
2192.766,-105.604
2192.874,-107.366
2192.983,-102.940
2193.091,-105.938
2193.200,-105.336
2193.308,-104.476
2193.417,-108.345
2193.525,-105.676
2193.634,-104.726
2193.742,-105.867
2193.851,-107.794
2193.959,-112.708
2194.068,-111.266
2194.176,-111.293
2194.285,-111.582
2194.393,-112.919
2194.502,-111.175
2194.610,-109.289
2194.718,-108.639
2194.827,-109.184
2194.935,-107.083
2195.044,-108.585
2195.152,-107.903
2195.261,-111.800
2195.369,-111.816
2195.478,-108.479
2195.586,-108.379
2195.695,-108.039
2195.803,-111.136
2195.912,-110.807
2196.020,-109.986
2196.129,-109.757
2196.237,-105.233
2196.346,-106.474
2196.454,-106.866
2196.563,-108.111
2196.671,-110.611
2196.780,-109.935
2196.888,-111.034
2196.997,-110.802
2197.105,-110.502
2197.213,-108.643
2197.322,-111.158
2197.430,-109.383
2197.539,-110.029
2197.647,-109.539
2197.756,-110.051
2197.864,-113.218
2197.973,-110.924
2198.081,-110.536
2198.190,-112.800
2198.298,-112.841
2198.407,-112.627
2198.515,-111.766
2198.624,-112.401
2198.732,-111.647
2198.841,-111.639
2198.949,-110.451
2199.058,-110.483
2199.166,-111.042
2199.275,-111.577
2199.383,-111.465
2199.492,-110.218
2199.600,-110.586
2199.600,-110.306
2199.708,-110.106
2199.817,-111.089
2199.925,-108.977
2200.000,-100.017
2200.108,-109.665
2200.217,-103.892
2200.325,-107.031
2200.434,-110.942
2200.542,-110.110
2200.651,-111.231
2200.759,-109.890
2200.868,-111.099
2200.976,-109.998
2201.085,-111.037
2201.193,-109.229
2201.302,-110.679
2201.410,-108.909
2201.519,-112.581
2201.627,-111.368
2201.736,-111.308
2201.844,-108.316
2201.953,-111.082
2202.061,-110.502
2202.170,-112.378
2202.278,-112.238
2202.387,-112.670
2202.495,-112.396
2202.603,-112.653
2202.712,-112.468
2202.820,-112.985
2202.929,-112.300
2203.037,-112.241
2203.146,-112.823
2203.254,-112.368
2203.363,-112.835
2203.471,-114.061
2203.580,-112.314
2203.688,-112.293
2203.797,-110.205
2203.905,-114.251
2204.014,-111.595
2204.122,-113.384
2204.231,-112.588
2204.339,-111.412
2204.448,-112.968
2204.556,-112.893
2204.665,-113.482
2204.773,-113.649
2204.882,-112.269
2204.990,-112.686
2205.098,-112.989
2205.207,-113.753
2205.315,-113.244
2205.424,-113.482
2205.532,-112.612
2205.641,-113.841
2205.749,-113.019
2205.858,-113.598
2205.966,-112.211
2206.075,-113.600
2206.183,-113.102
2206.292,-111.780
2206.400,-112.336
2206.509,-110.759
2206.617,-107.804
2206.726,-109.089
2206.834,-107.947
2206.943,-107.331
2207.051,-101.935
2207.160,-93.856
2207.268,-95.935
2207.377,-105.601
2207.485,-107.765
2207.593,-108.533
2207.702,-108.705
2207.810,-111.219
2207.919,-112.578
2208.027,-114.201
2208.136,-112.278
2208.244,-113.552
2208.353,-113.158
2208.461,-113.615
2208.570,-112.812
2208.678,-112.302
2208.787,-114.592
2208.895,-113.565
2209.004,-113.312
2209.112,-112.998
2209.221,-113.275
2209.329,-114.354
2209.438,-114.135
2209.546,-114.049
2209.655,-114.286
2209.763,-112.458
2209.872,-113.122
2209.980,-113.034
2210.088,-113.928
2210.197,-112.253
2210.305,-111.950
2210.414,-114.371
2210.522,-113.833
2210.631,-114.026
2210.739,-113.281
2210.848,-115.046
2210.956,-113.252
2211.065,-114.257
2211.173,-112.794
2211.282,-112.151
2211.390,-112.961
2211.499,-114.055
2211.607,-113.549
2211.716,-112.325
2211.824,-113.944
2211.933,-111.889
2212.041,-111.585
2212.150,-114.335
2212.258,-113.664
2212.367,-113.167
2212.475,-112.852
2212.583,-115.722
2212.692,-115.096
2212.800,-114.072
2212.909,-114.369
2213.017,-112.989
2213.126,-114.174
2213.234,-113.586
2213.343,-112.288
2213.451,-114.518
2213.560,-114.708
2213.668,-112.314
2213.777,-110.851
2213.885,-114.117
2213.994,-114.343
2214.102,-114.838
2214.211,-114.256
2214.319,-114.203
2214.428,-112.875
2214.536,-113.554
2214.645,-111.437
2214.753,-114.310
2214.862,-113.142
2214.970,-112.832
2215.078,-114.649
2215.187,-113.951
2215.295,-112.847
2215.404,-109.772
2215.512,-113.671
2215.621,-114.778
2215.729,-114.570
2215.838,-113.527
2215.946,-111.992
2216.055,-112.217
2216.163,-113.391
2216.272,-112.673
2216.380,-114.638
2216.489,-112.278
2216.597,-112.128
2216.706,-115.143
2216.814,-113.501
2216.923,-113.498
2217.031,-114.173
2217.140,-113.392
2217.248,-113.940
2217.357,-113.675
2217.465,-112.089
2217.573,-111.272
2217.682,-114.032
2217.790,-111.271
2217.899,-113.294
2218.007,-112.837
2218.116,-113.715
2218.224,-112.063
2218.333,-111.810
2218.441,-113.674
2218.550,-112.159
2218.658,-113.515
2218.767,-113.001
2218.875,-112.543
2218.984,-111.306
2219.092,-115.202
2219.201,-114.161
2219.309,-113.486
2219.418,-114.526
2219.526,-113.048
2219.635,-113.642
2219.743,-113.403
2219.852,-112.454
2219.960,-111.538
2220.068,-113.218
2220.177,-113.654
2220.285,-112.787
2220.394,-111.971
2220.502,-113.334
2220.611,-113.329
2220.719,-113.610
2220.828,-110.726
2220.936,-112.527
2221.045,-111.558
2221.153,-111.049
2221.262,-113.005
2221.370,-112.532
2221.479,-112.824
2221.587,-111.862
2221.696,-106.416
2221.804,-104.543
2221.913,-105.163
2222.021,-108.632
2222.130,-111.875
2222.238,-113.055
2222.347,-112.273
2222.455,-110.917
2222.563,-113.178
2222.672,-112.844
2222.780,-111.356
2222.889,-112.280
2222.997,-112.956
2223.106,-112.256
2223.214,-112.820
2223.323,-113.254
2223.431,-113.702
2223.540,-112.022
2223.648,-112.112
2223.757,-112.721
2223.865,-111.781
2223.974,-113.020
2224.082,-111.026
2224.191,-111.836
2224.299,-108.782
2224.408,-112.778
2224.516,-113.500
2224.625,-113.995
2224.733,-111.629
2224.842,-112.072
2224.950,-112.675
2225.058,-112.245
2225.167,-111.902
2225.275,-111.675
2225.384,-112.863
2225.492,-111.646
2225.601,-112.895
2225.709,-110.938
2225.818,-111.787
2225.926,-112.426
2226.035,-112.383
2226.143,-111.755
2226.252,-112.203
2226.360,-110.415
2226.469,-111.516
2226.577,-110.914
2226.686,-109.843
2226.794,-112.535
2226.903,-110.310
2227.011,-110.185
2227.120,-112.253
2227.228,-110.626
2227.337,-110.763
2227.445,-110.550
2227.553,-109.684
2227.662,-110.838
2227.770,-109.996
2227.879,-110.733
2227.987,-109.122
2228.096,-109.898
2228.204,-110.620
2228.313,-110.535
2228.421,-108.218
2228.530,-108.170
2228.638,-110.517
2228.747,-110.351
2228.855,-110.406
2228.964,-108.915
2229.072,-109.638
2229.181,-109.828
2229.289,-111.631
2229.398,-110.099
2229.506,-110.797
2229.615,-111.181
2229.723,-111.464
2229.832,-111.715
2229.940,-111.091
2230.048,-111.386
2230.157,-112.606
2230.265,-111.761
2230.374,-110.975
2230.482,-111.138
2230.591,-113.539
2230.699,-113.450
2230.808,-113.358
2230.916,-111.538
2231.025,-111.724
2231.133,-111.648
2231.242,-111.024
2231.350,-113.138
2231.459,-111.798
2231.567,-113.761
2231.676,-114.086
2231.784,-113.305
2231.893,-114.055
2232.001,-112.431
2232.110,-113.531
2232.218,-114.124
2232.327,-112.782
2232.435,-114.243
2232.543,-114.001
2232.652,-114.368
2232.760,-111.998
2232.869,-112.130
2232.977,-112.322
2233.086,-112.726
2233.194,-111.376
2233.303,-110.866
2233.411,-111.784
2233.520,-112.223
2233.628,-112.755
2233.737,-113.765
2233.845,-114.260
2233.954,-113.130
2234.062,-112.608
2234.171,-113.550
2234.279,-112.945
2234.388,-114.317
2234.496,-112.701
2234.605,-112.008
2234.713,-112.763
2234.822,-111.586
2234.930,-113.048
2235.038,-112.149
2235.147,-113.807
2235.255,-113.168
2235.364,-114.684
2235.472,-112.529
2235.581,-111.464
2235.689,-113.445
2235.798,-112.680
2235.906,-112.009
2236.015,-113.994
2236.123,-112.775
2236.232,-113.221
2236.340,-113.641
2236.449,-113.389
2236.557,-113.987
2236.666,-113.000
2236.774,-113.017
2236.883,-114.181
2236.991,-112.883
2237.100,-111.919
2237.208,-114.270
2237.317,-114.624
2237.425,-112.111
2237.533,-114.660
2237.642,-112.980
2237.750,-111.908
2237.859,-112.756
2237.967,-112.827
2238.076,-114.218
2238.184,-113.946
2238.293,-112.392
2238.401,-113.065
2238.510,-114.201
2238.618,-113.938
2238.727,-113.335
2238.835,-113.910
2238.944,-113.881
2239.052,-112.883
2239.161,-115.058
2239.269,-112.197
2239.378,-111.051
2239.486,-112.850
2239.595,-114.648
2239.703,-113.230
2239.812,-113.049
2239.920,-112.049
2240.028,-107.861
2240.137,-112.995
2240.245,-113.596
2240.354,-111.493
2240.462,-115.027
2240.571,-112.660
2240.679,-113.152
2240.788,-114.114
2240.896,-113.791
2241.005,-110.415
2241.113,-109.965
2241.222,-109.552
2241.330,-101.647
2241.439,-101.266
2241.547,-109.230
2241.656,-112.051
2241.764,-112.229
2241.873,-111.224
2241.981,-112.792
2242.090,-114.031
2242.198,-112.311
2242.307,-113.875
2242.415,-111.696
2242.523,-111.594
2242.632,-112.945
2242.740,-112.831
2242.849,-114.143
2242.957,-113.068
2243.066,-114.213
2243.174,-110.931
2243.283,-110.808
2243.391,-111.987
2243.500,-113.764
2243.608,-111.780
2243.717,-110.561
2243.825,-105.752
2243.934,-108.058
2244.042,-110.179
2244.151,-113.441
2244.259,-108.785
2244.368,-110.569
2244.476,-112.196
2244.585,-112.765
2244.693,-113.697
2244.802,-114.250
2244.910,-112.345
2245.018,-113.350
2245.127,-112.613
2245.235,-114.941
2245.344,-111.930
2245.452,-114.627
2245.561,-113.551
2245.669,-115.184
2245.778,-112.571
2245.886,-112.659
2245.995,-114.114
2246.103,-114.154
2246.212,-113.642
2246.320,-114.038
2246.429,-113.811
2246.537,-113.864
2246.646,-113.334
2246.754,-113.937
2246.863,-114.753
2246.971,-113.625
2247.080,-112.847
2247.188,-113.712
2247.297,-113.310
2247.405,-114.886
2247.513,-113.961
2247.622,-114.121
2247.730,-113.942
2247.839,-113.925
2247.947,-114.723
2248.056,-114.554
2248.164,-112.822
2248.273,-112.322
2248.381,-114.053
2248.490,-113.666
2248.598,-115.050
2248.707,-113.928
2248.815,-114.499
2248.924,-113.886
2249.032,-113.861
2249.141,-114.362
2249.249,-114.741
2249.358,-114.756
2249.466,-113.988
2249.575,-114.719
2249.683,-114.358
2249.792,-114.227
2249.900,-113.416
2249.900,-114.948
2250.008,-113.436
2250.117,-114.902
2250.225,-109.661
2250.334,-112.799
2250.442,-113.703
2250.551,-114.195
2250.659,-113.236
2250.768,-114.100
2250.876,-113.526
2250.985,-114.059
2251.093,-114.395
2251.202,-112.793
2251.310,-114.401
2251.419,-113.888
2251.527,-114.083
2251.636,-113.769
2251.744,-113.757
2251.853,-113.536
2251.961,-113.362
2252.070,-113.185
2252.178,-113.321
2252.287,-113.729
2252.395,-112.719
2252.503,-113.944
2252.612,-113.254
2252.720,-114.329
2252.829,-114.012
2252.937,-113.857
2253.046,-112.389
2253.154,-114.097
2253.263,-114.333
2253.371,-113.703
2253.480,-113.318
2253.588,-113.947
2253.697,-113.482
2253.805,-112.407
2253.914,-113.990
2254.022,-113.919
2254.131,-113.158
2254.239,-113.439
2254.348,-112.754
2254.456,-113.725
2254.565,-113.954
2254.673,-111.902
2254.782,-112.706
2254.890,-113.686
2254.998,-112.818
2255.107,-112.646
2255.215,-113.516
2255.324,-112.398
2255.432,-111.863
2255.541,-112.201
2255.649,-112.861
2255.758,-114.278
2255.866,-113.397
2255.975,-113.372
2256.083,-113.158
2256.192,-111.463
2256.300,-113.563
2256.409,-111.022
2256.517,-112.463
2256.626,-113.522
2256.734,-112.708
2256.843,-113.010
2256.951,-112.633
2257.060,-113.693
2257.168,-114.857
2257.277,-113.139
2257.385,-111.802
2257.493,-113.856
2257.602,-111.042
2257.710,-112.330
2257.819,-111.543
2257.927,-111.624
2258.036,-111.688
2258.144,-110.932
2258.253,-109.873
2258.361,-106.177
2258.470,-99.587
2258.578,-100.424
2258.687,-109.139
2258.795,-109.578
2258.904,-112.192
2259.012,-111.596
2259.121,-113.215
2259.229,-113.753
2259.338,-113.644
2259.446,-114.596
2259.555,-114.147
2259.663,-113.013
2259.772,-113.478
2259.880,-114.340
2259.988,-112.121
2260.097,-113.932
2260.205,-114.174
2260.314,-113.283
2260.422,-113.438
2260.531,-115.414
2260.639,-113.703
2260.748,-114.674
2260.856,-115.918
2260.965,-113.374
2261.073,-113.093
2261.182,-115.302
2261.290,-114.800
2261.399,-114.778
2261.507,-114.658
2261.616,-114.220
2261.724,-112.168
2261.833,-114.548
2261.941,-113.554
2262.050,-112.803
2262.158,-113.688
2262.267,-113.105
2262.375,-114.564
2262.483,-114.119
2262.592,-113.769
2262.700,-113.910
2262.809,-115.117
2262.917,-113.555
2263.026,-112.586
2263.134,-109.697
2263.243,-112.688
2263.351,-112.488
2263.460,-114.625
2263.568,-113.989
2263.677,-114.560
2263.785,-112.861
2263.894,-115.012
2264.002,-114.709
2264.111,-112.671
2264.219,-113.948
2264.328,-114.299
2264.436,-115.284
2264.545,-113.534
2264.653,-113.993
2264.762,-113.926
2264.870,-114.186
2264.978,-114.561
2265.087,-114.878
2265.195,-115.049
2265.304,-114.392
2265.412,-114.258
2265.521,-114.748
2265.629,-114.656
2265.738,-111.528
2265.846,-111.112
2265.955,-114.823
2266.063,-115.186
2266.172,-115.252
2266.280,-112.787
2266.389,-113.398
2266.497,-114.249
2266.606,-114.883
2266.714,-113.285
2266.823,-114.480
2266.931,-114.173
2267.040,-113.155
2267.148,-113.503
2267.257,-113.453
2267.365,-112.051
2267.473,-113.948
2267.582,-113.940
2267.690,-114.029
2267.799,-112.311
2267.907,-112.123
2268.016,-110.698
2268.124,-113.262
2268.233,-113.607
2268.341,-113.325
2268.450,-112.224
2268.558,-113.579
2268.667,-113.097
2268.775,-112.807
2268.884,-112.534
2268.992,-114.196
2269.101,-112.558
2269.209,-113.679
2269.318,-112.588
2269.426,-113.651
2269.535,-113.486
2269.643,-113.051
2269.752,-113.799
2269.860,-114.370
2269.968,-114.207
2270.077,-111.188
2270.185,-111.595
2270.294,-113.577
2270.402,-111.293
2270.511,-112.964
2270.619,-113.232
2270.728,-112.252
2270.836,-113.192
2270.945,-112.917
2271.053,-113.209
2271.162,-114.086
2271.270,-114.368
2271.379,-114.572
2271.487,-112.728
2271.596,-113.433
2271.704,-112.827
2271.813,-112.932
2271.921,-113.638
2272.030,-112.027
2272.138,-112.421
2272.247,-114.445
2272.355,-113.832
2272.463,-113.992
2272.572,-113.961
2272.680,-112.966
2272.789,-112.570
2272.897,-113.215
2273.006,-113.035
2273.114,-113.217
2273.223,-114.477
2273.331,-114.261
2273.440,-113.599
2273.548,-114.034
2273.657,-113.878
2273.765,-113.401
2273.874,-115.175
2273.982,-114.765
2274.091,-111.328
2274.199,-114.497
2274.308,-111.953
2274.416,-113.797
2274.525,-113.882
2274.633,-113.875
2274.742,-112.889
2274.850,-112.221
2274.958,-114.472
2275.067,-114.368
2275.175,-112.316
2275.284,-113.342
2275.392,-111.796
2275.501,-113.852
2275.609,-113.907
2275.718,-114.208
2275.826,-113.911
2275.935,-113.504
2276.043,-114.190
2276.152,-111.850
2276.260,-112.231
2276.369,-114.043
2276.477,-113.587
2276.586,-112.270
2276.694,-112.615
2276.803,-114.019
2276.911,-105.789
2277.020,-110.380
2277.128,-114.122
2277.237,-111.389
2277.345,-111.861
2277.453,-113.515
2277.562,-112.648
2277.670,-112.943
2277.779,-113.661
2277.887,-111.107
2277.996,-110.772
2278.104,-112.954
2278.213,-111.820
2278.321,-113.043
2278.430,-113.419
2278.538,-114.152
2278.647,-112.802
2278.755,-112.514
2278.864,-114.492
2278.972,-112.873
2279.081,-113.171
2279.189,-111.882
2279.298,-114.364
2279.406,-111.081
2279.515,-113.429
2279.623,-112.448
2279.732,-112.000
2279.840,-112.487
2279.948,-103.868
2280.057,-106.519
2280.165,-112.371
2280.274,-111.915
2280.382,-111.874
2280.491,-110.909
2280.599,-111.148
2280.708,-110.840
2280.816,-111.124
2280.925,-110.296
2281.033,-110.055
2281.142,-111.856
2281.250,-110.721
2281.359,-110.880
2281.467,-111.045
2281.576,-111.549
2281.684,-111.377
2281.793,-108.480
2281.901,-110.502
2282.010,-111.195
2282.118,-110.584
2282.227,-109.755
2282.335,-110.061
2282.443,-109.461
2282.552,-108.786
2282.660,-109.524
2282.769,-108.771
2282.877,-107.892
2282.986,-108.709
2283.094,-110.678
2283.203,-109.906
2283.311,-110.922
2283.420,-109.649
2283.528,-109.689
2283.637,-108.414
2283.745,-109.925
2283.854,-110.266
2283.962,-110.615
2284.071,-109.743
2284.179,-110.098
2284.288,-109.965
2284.396,-110.947
2284.505,-109.696
2284.613,-111.314
2284.722,-111.070
2284.830,-110.970
2284.938,-109.590
2285.047,-111.875
2285.155,-111.176
2285.264,-110.423
2285.372,-111.005
2285.481,-112.503
2285.589,-110.239
2285.698,-112.681
2285.806,-112.640
2285.915,-112.937
2286.023,-113.620
2286.132,-113.705
2286.240,-112.902
2286.349,-111.759
2286.457,-113.107
2286.566,-112.978
2286.674,-112.958
2286.783,-113.467
2286.891,-113.860
2287.000,-113.585
2287.108,-112.989
2287.217,-112.314
2287.325,-112.921
2287.433,-111.156
2287.542,-112.536
2287.650,-112.148
2287.759,-113.331
2287.867,-113.033
2287.976,-110.746
2288.084,-113.216
2288.193,-113.504
2288.301,-112.314
2288.410,-112.013
2288.518,-113.565
2288.627,-114.004
2288.735,-113.183
2288.844,-113.016
2288.952,-113.918
2289.061,-113.785
2289.169,-113.213
2289.278,-113.081
2289.386,-112.569
2289.495,-114.632
2289.603,-114.378
2289.712,-112.434
2289.820,-114.405
2289.928,-114.394
2290.037,-113.664
2290.145,-112.311
2290.254,-112.755
2290.362,-112.067
2290.471,-113.961
2290.579,-114.021
2290.688,-113.921
2290.796,-114.220
2290.905,-113.504
2291.013,-111.787
2291.122,-113.547
2291.230,-112.503
2291.339,-113.493
2291.447,-112.541
2291.556,-111.969
2291.664,-111.947
2291.773,-113.667
2291.881,-112.682
2291.990,-113.342
2292.098,-113.335
2292.207,-112.759
2292.315,-112.774
2292.423,-114.756
2292.532,-112.556
2292.640,-111.728
2292.749,-112.961
2292.857,-113.507
2292.966,-112.804
2293.074,-112.439
2293.183,-114.168
2293.291,-113.435
2293.400,-112.249
2293.508,-113.186
2293.617,-113.575
2293.725,-113.952
2293.834,-113.901
2293.942,-113.814
2294.051,-113.244
2294.159,-114.811
2294.268,-114.490
2294.376,-112.072
2294.485,-113.607
2294.593,-112.123
2294.702,-113.736
2294.810,-114.697
2294.918,-113.690
2295.027,-114.077
2295.135,-113.028
2295.244,-113.144
2295.352,-113.514
2295.461,-113.361
2295.569,-113.412
2295.678,-112.034
2295.786,-113.457
2295.895,-113.556
2296.003,-112.997
2296.112,-114.072
2296.220,-114.040
2296.329,-111.475
2296.437,-112.086
2296.546,-114.328
2296.654,-113.019
2296.763,-112.062
2296.871,-113.525
2296.980,-114.361
2297.088,-114.596
2297.197,-112.875
2297.305,-113.269
2297.413,-113.843
2297.522,-112.112
2297.630,-113.426
2297.739,-112.163
2297.847,-111.717
2297.956,-113.776
2298.064,-113.062
2298.173,-114.139
2298.281,-113.138
2298.390,-112.438
2298.498,-114.676
2298.607,-114.414
2298.715,-113.144
2298.824,-115.000
2298.932,-114.426
2299.041,-113.234
2299.149,-112.999
2299.258,-112.253
2299.366,-113.919
2299.475,-113.338
2299.583,-114.798
2299.692,-113.499
2299.800,-112.198
2299.800,-112.448
2299.908,-110.389
2300.017,-112.757
2300.125,-114.010
2300.234,-111.317
2300.342,-115.332
2300.451,-113.448
2300.559,-113.722
2300.668,-113.937
2300.776,-113.266
2300.885,-114.106
2300.993,-114.036
2301.102,-112.491
2301.210,-113.964
2301.319,-113.044
2301.427,-113.433
2301.536,-103.704
2301.644,-106.975
2301.753,-113.348
2301.861,-112.255
2301.970,-112.359
2302.078,-112.474
2302.187,-112.725
2302.295,-113.158
2302.403,-114.182
2302.512,-113.120
2302.620,-111.818
2302.729,-114.140
2302.837,-113.707
2302.946,-113.539
2303.054,-112.270
2303.163,-113.347
2303.271,-113.537
2303.380,-113.350
2303.488,-113.780
2303.597,-113.649
2303.705,-113.553
2303.814,-112.410
2303.922,-113.687
2304.031,-110.814
2304.139,-113.379
2304.248,-112.795
2304.356,-114.983
2304.465,-112.929
2304.573,-112.035
2304.682,-111.899
2304.790,-112.624
2304.898,-114.283
2305.007,-113.093
2305.115,-113.567
2305.224,-114.496
2305.332,-113.105
2305.441,-112.751
2305.549,-113.293
2305.658,-113.092
2305.766,-113.643
2305.875,-112.069
2305.983,-111.859
2306.092,-113.657
2306.200,-110.012
2306.309,-111.911
2306.417,-112.509
2306.526,-111.307
2306.634,-111.612
2306.743,-111.219
2306.851,-112.463
2306.960,-111.577
2307.068,-110.336
2307.177,-110.921
2307.285,-108.772
2307.393,-110.017
2307.502,-110.784
2307.610,-109.984
2307.719,-109.515
2307.827,-110.495
2307.936,-111.709
2308.044,-109.065
2308.153,-108.476
2308.261,-105.470
2308.370,-105.426
2308.478,-107.809
2308.587,-107.905
2308.695,-106.672
2308.804,-106.760
2308.912,-108.850
2309.021,-106.597
2309.129,-105.466
2309.238,-103.951
2309.346,-102.268
2309.455,-99.883
2309.563,-97.946
2309.672,-97.076
2309.780,-87.912
2309.888,-88.444
2309.997,-95.313
2310.105,-98.166
2310.214,-99.231
2310.322,-93.535
2310.431,-93.206
2310.539,-104.859
2310.648,-107.165
2310.756,-107.841
2310.865,-107.467
2310.973,-104.455
2311.082,-104.864
2311.190,-105.661
2311.299,-106.735
2311.407,-106.465
2311.516,-106.360
2311.624,-110.263
2311.733,-110.496
2311.841,-108.816
2311.950,-109.962
2312.058,-110.028
2312.167,-109.730
2312.275,-109.452
2312.383,-109.791
2312.492,-111.227
2312.600,-112.729
2312.709,-113.080
2312.817,-111.343
2312.926,-112.040
2313.034,-110.520
2313.143,-112.316
2313.251,-111.120
2313.360,-111.054
2313.468,-111.700
2313.577,-113.161
2313.685,-113.097
2313.794,-112.798
2313.902,-112.168
2314.011,-112.297
2314.119,-114.411
2314.228,-111.800
2314.336,-115.186
2314.445,-111.872
2314.553,-113.127
2314.662,-115.037
2314.770,-114.255
2314.878,-112.360
2314.987,-111.571
2315.095,-114.192
2315.204,-113.932
2315.312,-113.274
2315.421,-113.474
2315.529,-114.568
2315.638,-113.677
2315.746,-112.648
2315.855,-114.836
2315.963,-112.868
2316.072,-113.352
2316.180,-111.232
2316.289,-111.771
2316.397,-113.043
2316.506,-111.757
2316.614,-112.779
2316.723,-110.694
2316.831,-110.284
2316.940,-113.849
2317.048,-112.523
2317.157,-111.544
2317.265,-112.472
2317.373,-112.367
2317.482,-114.354
2317.590,-112.865
2317.699,-111.090
2317.807,-111.063
2317.916,-113.298
2318.024,-112.214
2318.133,-113.070
2318.241,-112.472
2318.350,-114.019
2318.458,-113.529
2318.567,-112.371
2318.675,-114.046
2318.784,-110.309
2318.892,-112.183
2319.001,-113.669
2319.109,-113.963
2319.218,-113.070
2319.326,-113.312
2319.435,-113.740
2319.543,-111.864
2319.652,-113.160
2319.760,-113.437
2319.868,-111.989
2319.977,-108.715
2320.085,-112.848
2320.194,-112.813
2320.302,-111.950
2320.411,-114.089
2320.519,-111.973
2320.628,-112.566
2320.736,-112.974
2320.845,-112.996
2320.953,-114.487
2321.062,-112.599
2321.170,-112.153
2321.279,-112.686
2321.387,-112.195
2321.496,-113.871
2321.604,-112.395
2321.713,-113.243
2321.821,-111.709
2321.930,-114.436
2322.038,-113.443
2322.147,-112.672
2322.255,-111.345
2322.363,-111.637
2322.472,-112.672
2322.580,-113.802
2322.689,-112.228
2322.797,-111.321
2322.906,-112.943
2323.014,-114.810
2323.123,-112.557
2323.231,-114.273
2323.340,-114.265
2323.448,-113.510
2323.557,-111.894
2323.665,-110.767
2323.774,-113.331
2323.882,-111.946
2323.991,-114.450
2324.099,-113.940
2324.208,-111.995
2324.316,-113.906
2324.425,-113.931
2324.533,-113.820
2324.642,-113.022
2324.750,-113.251
2324.858,-112.000
2324.967,-112.909
2325.075,-114.054
2325.184,-111.550
2325.292,-111.577
2325.401,-112.190
2325.509,-114.016
2325.618,-113.258
2325.726,-112.873
2325.835,-112.549
2325.943,-111.585
2326.052,-113.731
2326.160,-112.673
2326.269,-113.255
2326.377,-113.897
2326.486,-113.841
2326.594,-114.078
2326.703,-110.579
2326.811,-114.469
2326.920,-113.164
2327.028,-111.753
2327.137,-112.857
2327.245,-113.801
2327.353,-113.936
2327.462,-113.655
2327.570,-112.590
2327.679,-112.736
2327.787,-112.361
2327.896,-113.890
2328.004,-113.317
2328.113,-114.698
2328.221,-114.616
2328.330,-114.153
2328.438,-113.324
2328.547,-113.269
2328.655,-112.663
2328.764,-113.383
2328.872,-112.961
2328.981,-113.388
2329.089,-112.949
2329.198,-112.921
2329.306,-111.494
2329.415,-113.571
2329.523,-113.664
2329.632,-113.464
2329.740,-113.851
2329.848,-113.913
2329.957,-113.854
2330.065,-111.882
2330.174,-111.484
2330.282,-113.431
2330.391,-112.340
2330.499,-111.129
2330.608,-112.494
2330.716,-113.002
2330.825,-113.430
2330.933,-113.319
2331.042,-112.647
2331.150,-113.888
2331.259,-113.382
2331.367,-112.934
2331.476,-113.150
2331.584,-113.113
2331.693,-112.144
2331.801,-112.456
2331.910,-113.335
2332.018,-111.605
2332.127,-112.212
2332.235,-113.774
2332.343,-111.302
2332.452,-113.104
2332.560,-113.210
2332.669,-113.969
2332.777,-112.376
2332.886,-111.278
2332.994,-111.627
2333.103,-113.078
2333.211,-112.964
2333.320,-113.512
2333.428,-112.790
2333.537,-112.822
2333.645,-111.062
2333.754,-111.368
2333.862,-113.737
2333.971,-111.939
2334.079,-112.957
2334.188,-113.089
2334.296,-112.979
2334.405,-111.890
2334.513,-111.875
2334.622,-112.477
2334.730,-112.583
2334.838,-112.529
2334.947,-111.773
2335.055,-114.037
2335.164,-111.104
2335.272,-112.114
2335.381,-111.900
2335.489,-111.510
2335.598,-112.086
2335.706,-111.629
2335.815,-111.665
2335.923,-113.614
2336.032,-111.242
2336.140,-113.451
2336.249,-112.844
2336.357,-111.187
2336.466,-112.247
2336.574,-112.308
2336.683,-108.437
2336.791,-110.260
2336.900,-111.868
2337.008,-112.236
2337.117,-112.203
2337.225,-111.763
2337.333,-111.402
2337.442,-111.540
2337.550,-110.911
2337.659,-111.511
2337.767,-112.199
2337.876,-111.561
2337.984,-110.321
2338.093,-111.968
2338.201,-110.233
2338.310,-111.423
2338.418,-107.947
2338.527,-112.065
2338.635,-112.709
2338.744,-111.808
2338.852,-112.344
2338.961,-111.729
2339.069,-111.193
2339.178,-112.879
2339.286,-110.421
2339.395,-110.909
2339.503,-111.112
2339.612,-111.270
2339.720,-112.217
2339.828,-111.306
2339.937,-112.523
2340.045,-111.205
2340.154,-111.824
2340.262,-111.982
2340.371,-113.013
2340.479,-110.818
2340.588,-113.200
2340.696,-111.045
2340.805,-109.904
2340.913,-112.789
2341.022,-114.108
2341.130,-110.804
2341.239,-113.091
2341.347,-114.791
2341.456,-112.858
2341.564,-110.903
2341.673,-112.669
2341.781,-113.078
2341.890,-111.602
2341.998,-111.868
2342.107,-113.423
2342.215,-111.875
2342.323,-110.546
2342.432,-113.432
2342.540,-111.894
2342.649,-109.790
2342.757,-111.027
2342.866,-112.568
2342.974,-112.283
2343.083,-110.826
2343.191,-110.409
2343.300,-108.122
2343.408,-112.250
2343.517,-110.032
2343.625,-112.874
2343.734,-108.090
2343.842,-109.227
2343.951,-109.224
2344.059,-110.984
2344.168,-109.979
2344.276,-112.149
2344.385,-112.626
2344.493,-112.392
2344.602,-110.300
2344.710,-111.023
2344.818,-114.944
2344.927,-113.180
2345.035,-112.492
2345.144,-112.707
2345.252,-114.466
2345.361,-111.885
2345.469,-110.899
2345.578,-110.407
2345.686,-112.489
2345.795,-111.913
2345.903,-109.924
2346.012,-110.249
2346.120,-113.362
2346.229,-110.992
2346.337,-112.550
2346.446,-112.742
2346.554,-110.621
2346.663,-111.555
2346.771,-111.788
2346.880,-111.367
2346.988,-111.826
2347.097,-110.575
2347.205,-111.615
2347.313,-111.500
2347.422,-110.781
2347.530,-110.225
2347.639,-110.790
2347.747,-112.438
2347.856,-113.074
2347.964,-113.240
2348.073,-110.913
2348.181,-110.569
2348.290,-110.513
2348.398,-110.059
2348.507,-111.426
2348.615,-112.636
2348.724,-112.925
2348.832,-110.729
2348.941,-111.543
2349.049,-111.065
2349.158,-112.715
2349.266,-112.701
2349.375,-109.519
2349.483,-112.781
2349.592,-111.123
2349.700,-110.696
2349.700,-112.038
2349.808,-112.432
2349.917,-112.927
2350.025,-112.329
2350.134,-111.944
2350.242,-110.580
2350.351,-113.864
2350.459,-112.506
2350.568,-111.929
2350.676,-113.635
2350.785,-112.946
2350.893,-114.173
2351.002,-108.730
2351.110,-108.788
2351.219,-109.770
2351.327,-108.256
2351.436,-113.192
2351.544,-111.894
2351.653,-111.532
2351.761,-112.790
2351.870,-110.590
2351.978,-110.248
2352.087,-111.699
2352.195,-113.245
2352.303,-110.047
2352.412,-111.531
2352.520,-109.082
2352.629,-110.316
2352.737,-112.281
2352.846,-112.068
2352.954,-111.463
2353.063,-111.785
2353.171,-110.541
2353.280,-112.552
2353.388,-112.177
2353.497,-111.101
2353.605,-109.713
2353.714,-110.686
2353.822,-111.656
2353.931,-110.624
2354.039,-111.451
2354.148,-112.013
2354.256,-110.410
2354.365,-109.040
2354.473,-110.705
2354.582,-107.668
2354.690,-111.028
2354.798,-112.937
2354.907,-108.259
2355.015,-112.925
2355.124,-111.529
2355.232,-112.081
2355.341,-110.467
2355.449,-109.660
2355.558,-110.713
2355.666,-112.885
2355.775,-110.259
2355.883,-112.757
2355.992,-110.853
2356.100,-110.235
2356.209,-111.018
2356.317,-110.953
2356.426,-112.112
2356.534,-110.774
2356.643,-110.888
2356.751,-112.122
2356.860,-111.852
2356.968,-111.611
2357.077,-111.642
2357.185,-111.674
2357.293,-111.438
2357.402,-112.255
2357.510,-109.200
2357.619,-111.636
2357.727,-114.184
2357.836,-111.537
2357.944,-110.884
2358.053,-110.469
2358.161,-111.045
2358.270,-109.467
2358.378,-112.809
2358.487,-110.318
2358.595,-110.584
2358.704,-110.905
2358.812,-111.461
2358.921,-108.519
2359.029,-110.562
2359.138,-112.550
2359.246,-108.651
2359.355,-111.707
2359.463,-113.089
2359.572,-110.949
2359.680,-111.541
2359.788,-111.475
2359.897,-111.127
2360.005,-111.516
2360.114,-110.650
2360.222,-108.874
2360.331,-110.925
2360.439,-110.551
2360.548,-109.850
2360.656,-111.907
2360.765,-110.239
2360.873,-113.444
2360.982,-112.225
2361.090,-103.231
2361.199,-107.473
2361.307,-110.996
2361.416,-112.514
2361.524,-110.933
2361.633,-110.937
2361.741,-110.955
2361.850,-109.449
2361.958,-111.037
2362.067,-109.614
2362.175,-110.464
2362.283,-111.285
2362.392,-110.092
2362.500,-106.010
2362.609,-110.042
2362.717,-110.075
2362.826,-111.483
2362.934,-110.135
2363.043,-111.261
2363.151,-110.930
2363.260,-111.370
2363.368,-112.511
2363.477,-112.800
2363.585,-111.429
2363.694,-110.479
2363.802,-113.555
2363.911,-108.878
2364.019,-112.675
2364.128,-110.603
2364.236,-112.011
2364.345,-112.990
2364.453,-112.238
2364.562,-112.754
2364.670,-111.952
2364.778,-111.433
2364.887,-111.228
2364.995,-111.640
2365.104,-109.237
2365.212,-110.269
2365.321,-112.778
2365.429,-106.809
2365.538,-111.551
2365.646,-111.032
2365.755,-108.104
2365.863,-111.434
2365.972,-109.495
2366.080,-111.965
2366.189,-111.394
2366.297,-106.629
2366.406,-110.862
2366.514,-110.053
2366.623,-112.519
2366.731,-113.047
2366.840,-108.405
2366.948,-109.051
2367.057,-113.457
2367.165,-108.852
2367.273,-112.091
2367.382,-113.177
2367.490,-112.570
2367.599,-112.942
2367.707,-111.707
2367.816,-111.925
2367.924,-111.389
2368.033,-110.924
2368.141,-113.035
2368.250,-114.383
2368.358,-108.325
2368.467,-115.169
2368.575,-109.600
2368.684,-108.217
2368.792,-113.822
2368.901,-112.397
2369.009,-112.298
2369.118,-113.527
2369.226,-109.525
2369.335,-113.656
2369.443,-114.175
2369.552,-108.199
2369.660,-113.308
2369.768,-112.308
2369.877,-114.185
2369.985,-114.675
2370.094,-113.426
2370.202,-113.304
2370.311,-114.251
2370.419,-113.220
2370.528,-112.295
2370.636,-112.586
2370.745,-113.944
2370.853,-114.200
2370.962,-113.434
2371.070,-112.657
2371.179,-111.665
2371.287,-109.660
2371.396,-113.394
2371.504,-111.735
2371.613,-112.288
2371.721,-113.904
2371.830,-111.839
2371.938,-113.928
2372.047,-113.692
2372.155,-113.212
2372.263,-113.054
2372.372,-112.788
2372.480,-111.391
2372.589,-111.166
2372.697,-110.660
2372.806,-112.954
2372.914,-113.535
2373.023,-108.005
2373.131,-113.893
2373.240,-113.548
2373.348,-109.623
2373.457,-113.274
2373.565,-112.553
2373.674,-112.958
2373.782,-113.552
2373.891,-112.421
2373.999,-113.636
2374.108,-113.073
2374.216,-112.479
2374.325,-114.497
2374.433,-113.576
2374.542,-111.777
2374.650,-113.463
2374.758,-111.364
2374.867,-113.587
2374.975,-112.552
2375.084,-112.123
2375.192,-109.200
2375.301,-113.399
2375.409,-113.171
2375.518,-113.017
2375.626,-113.073
2375.735,-112.085
2375.843,-111.133
2375.952,-111.847
2376.060,-114.063
2376.169,-112.450
2376.277,-113.688
2376.386,-114.449
2376.494,-113.478
2376.603,-113.850
2376.711,-113.038
2376.820,-113.223
2376.928,-112.986
2377.037,-113.587
2377.145,-109.642
2377.253,-113.857
2377.362,-113.040
2377.470,-112.218
2377.579,-113.959
2377.687,-110.434
2377.796,-114.165
2377.904,-114.035
2378.013,-110.359
2378.121,-112.933
2378.230,-113.611
2378.338,-111.633
2378.447,-112.660
2378.555,-111.815
2378.664,-112.799
2378.772,-114.107
2378.881,-112.041
2378.989,-114.440
2379.098,-112.913
2379.206,-111.799
2379.315,-113.728
2379.423,-111.861
2379.532,-111.639
2379.640,-112.721
2379.748,-112.996
2379.857,-113.987
2379.965,-113.855
2380.074,-112.735
2380.182,-113.826
2380.291,-113.794
2380.399,-113.247
2380.508,-113.329
2380.616,-113.704
2380.725,-114.212
2380.833,-113.997
2380.942,-112.898
2381.050,-113.111
2381.159,-113.734
2381.267,-109.315
2381.376,-114.304
2381.484,-113.918
2381.593,-112.748
2381.701,-113.609
2381.810,-114.822
2381.918,-112.108
2382.027,-114.426
2382.135,-112.064
2382.243,-113.309
2382.352,-112.243
2382.460,-112.280
2382.569,-114.384
2382.677,-111.340
2382.786,-114.996
2382.894,-113.506
2383.003,-111.832
2383.111,-113.517
2383.220,-111.779
2383.328,-110.601
2383.437,-113.933
2383.545,-113.814
2383.654,-112.573
2383.762,-113.318
2383.871,-114.201
2383.979,-112.891
2384.088,-113.210
2384.196,-111.616
2384.305,-111.873
2384.413,-113.089
2384.522,-113.988
2384.630,-113.263
2384.738,-114.502
2384.847,-114.346
2384.955,-113.939
2385.064,-112.452
2385.172,-114.063
2385.281,-113.649
2385.389,-112.410
2385.498,-111.407
2385.606,-113.075
2385.715,-112.660
2385.823,-112.004
2385.932,-111.931
2386.040,-111.736
2386.149,-114.110
2386.257,-112.275
2386.366,-103.303
2386.474,-113.634
2386.583,-112.842
2386.691,-110.669
2386.800,-111.057
2386.908,-112.686
2387.017,-112.035
2387.125,-108.843
2387.233,-111.955
2387.342,-113.073
2387.450,-114.000
2387.559,-112.149
2387.667,-112.343
2387.776,-112.337
2387.884,-113.693
2387.993,-112.304
2388.101,-113.388
2388.210,-112.269
2388.318,-112.946
2388.427,-113.135
2388.535,-112.966
2388.644,-112.003
2388.752,-112.701
2388.861,-112.286
2388.969,-113.168
2389.078,-113.797
2389.186,-113.153
2389.295,-113.909
2389.403,-112.970
2389.512,-113.919
2389.620,-112.823
2389.728,-111.932
2389.837,-113.510
2389.945,-113.428
2390.054,-110.711
2390.162,-113.383
2390.271,-111.751
2390.379,-113.349
2390.488,-112.785
2390.596,-111.727
2390.705,-112.723
2390.813,-114.280
2390.922,-113.813
2391.030,-112.670
2391.139,-113.063
2391.247,-113.234
2391.356,-112.407
2391.464,-111.143
2391.573,-112.891
2391.681,-111.340
2391.790,-112.202
2391.898,-112.736
2392.007,-113.771
2392.115,-111.638
2392.223,-111.679
2392.332,-112.817
2392.440,-113.298
2392.549,-112.098
2392.657,-111.670
2392.766,-112.207
2392.874,-112.715
2392.983,-113.079
2393.091,-113.273
2393.200,-112.883
2393.308,-112.344
2393.417,-114.296
2393.525,-111.706
2393.634,-114.214
2393.742,-111.202
2393.851,-113.140
2393.959,-113.917
2394.068,-112.564
2394.176,-110.822
2394.285,-112.875
2394.393,-112.350
2394.502,-112.794
2394.610,-113.283
2394.718,-111.222
2394.827,-110.528
2394.935,-112.987
2395.044,-113.345
2395.152,-113.478
2395.261,-113.642
2395.369,-106.683
2395.478,-111.779
2395.586,-112.998
2395.695,-113.156
2395.803,-112.068
2395.912,-111.376
2396.020,-112.975
2396.129,-113.782
2396.237,-112.983
2396.346,-114.301
2396.454,-112.499
2396.563,-112.847
2396.671,-113.390
2396.780,-112.550
2396.888,-112.822
2396.997,-113.683
2397.105,-113.444
2397.213,-114.030
2397.322,-112.897
2397.430,-113.158
2397.539,-113.436
2397.647,-111.707
2397.756,-111.100
2397.864,-111.604
2397.973,-112.863
2398.081,-113.291
2398.190,-110.207
2398.298,-113.819
2398.407,-114.419
2398.515,-112.011
2398.624,-113.515
2398.732,-113.103
2398.841,-112.193
2398.949,-113.345
2399.058,-113.673
2399.166,-109.112
2399.275,-110.086
2399.383,-113.032
2399.492,-113.087
2399.600,-112.591
2399.600,-111.965
2399.708,-111.815
2399.817,-112.239
2399.925,-109.474
