50.000,-88.265
50.108,-87.127
50.217,-88.480
50.325,-89.078
50.434,-86.591
50.542,-89.408
50.651,-84.407
50.759,-88.911
50.868,-88.223
50.976,-88.719
51.085,-88.762
51.193,-87.773
51.302,-83.576
51.410,-86.316
51.519,-89.418
51.627,-88.359
51.736,-88.586
51.844,-88.559
51.953,-90.472
52.061,-85.901
52.170,-84.526
52.278,-84.395
52.387,-90.686
52.495,-89.441
52.603,-89.455
52.712,-85.680
52.820,-84.377
52.929,-85.964
53.037,-88.276
53.146,-87.647
53.254,-88.181
53.363,-88.817
53.471,-88.988
53.580,-89.365
53.688,-87.762
53.797,-76.789
53.905,-87.098
54.014,-88.180
54.122,-89.061
54.231,-89.557
54.339,-88.217
54.448,-89.503
54.556,-90.307
54.665,-91.344
54.773,-91.373
54.882,-90.921
54.990,-92.714
55.098,-90.420
55.207,-93.586
55.315,-80.429
55.424,-87.006
55.532,-88.838
55.641,-92.702
55.749,-91.892
55.858,-93.033
55.966,-91.485
56.075,-91.446
56.183,-93.777
56.292,-94.012
56.400,-90.356
56.509,-91.854
56.617,-91.093
56.726,-90.688
56.834,-73.678
56.943,-85.552
57.051,-90.363
57.160,-90.336
57.268,-91.298
57.377,-90.275
57.485,-92.432
57.593,-93.984
57.702,-94.859
57.810,-94.089
57.919,-92.194
58.027,-94.299
58.136,-94.460
58.244,-94.123
58.353,-82.364
58.461,-93.096
58.570,-93.329
58.678,-93.778
58.787,-94.573
58.895,-94.519
59.004,-93.223
59.112,-93.060
59.221,-93.364
59.329,-90.743
59.438,-89.538
59.546,-93.192
59.655,-91.903
59.763,-90.059
59.872,-80.432
59.980,-88.265
60.088,-91.020
60.197,-90.999
60.305,-91.189
60.414,-89.914
60.522,-89.827
60.631,-90.495
60.739,-90.428
60.848,-90.292
60.956,-88.264
61.065,-88.344
61.173,-84.802
61.282,-86.911
61.390,-80.191
61.499,-82.159
61.607,-86.560
61.716,-87.449
61.824,-88.758
61.933,-87.937
62.041,-87.104
62.150,-88.104
62.258,-88.044
62.367,-87.276
62.475,-87.646
62.583,-87.946
62.692,-87.787
62.800,-88.256
62.909,-89.903
63.017,-80.393
63.126,-89.119
63.234,-90.249
63.343,-90.159
63.451,-90.834
63.560,-92.060
63.668,-93.374
63.777,-94.560
63.885,-95.174
63.994,-96.377
64.102,-96.930
64.211,-96.635
64.319,-95.511
64.428,-95.922
64.536,-86.036
64.645,-94.587
64.753,-94.401
64.862,-93.990
64.970,-93.066
65.078,-93.527
65.187,-91.227
65.295,-93.262
65.404,-91.007
65.512,-91.056
65.621,-91.712
65.729,-90.265
65.838,-88.979
65.946,-91.299
66.055,-79.434
66.163,-89.856
66.272,-89.992
66.380,-92.411
66.489,-91.287
66.597,-90.462
66.706,-89.989
66.814,-90.554
66.923,-91.518
67.031,-90.508
67.140,-91.754
67.248,-92.503
67.357,-94.179
67.465,-94.678
67.573,-89.920
67.682,-93.335
67.790,-91.100
67.899,-91.901
68.007,-91.735
68.116,-91.410
68.224,-89.517
68.333,-89.290
68.441,-88.991
68.550,-87.974
68.658,-89.554
68.767,-89.388
68.875,-88.093
68.984,-87.358
69.092,-83.847
69.201,-88.651
69.309,-89.763
69.418,-87.362
69.526,-89.105
69.635,-89.005
69.743,-90.156
69.852,-90.200
69.960,-90.404
70.068,-89.790
70.177,-89.433
70.285,-90.380
70.394,-89.359
70.502,-90.259
70.611,-89.262
70.719,-90.272
70.828,-87.817
70.936,-89.525
71.045,-90.541
71.153,-89.883
71.262,-89.535
71.370,-88.572
71.479,-90.652
71.587,-88.669
71.696,-89.384
71.804,-89.643
71.913,-87.309
72.021,-83.617
72.130,-87.322
72.238,-81.008
72.347,-89.931
72.455,-89.019
72.563,-90.260
72.672,-89.277
72.780,-86.186
72.889,-84.711
72.997,-84.541
73.106,-89.258
73.214,-90.821
73.323,-89.612
73.431,-89.830
73.540,-90.564
73.648,-89.794
73.757,-85.078
73.865,-89.690
73.974,-90.288
74.082,-87.962
74.191,-60.507
74.299,-60.578
74.408,-82.712
74.516,-90.480
74.625,-89.130
74.733,-88.217
74.842,-88.837
74.950,-88.705
75.058,-88.425
75.167,-88.287
75.275,-75.837
75.384,-87.276
75.492,-87.720
75.601,-86.779
75.709,-80.128
75.818,-78.622
75.926,-81.921
76.035,-85.443
76.143,-86.972
76.252,-83.951
76.360,-85.703
76.469,-84.430
76.577,-84.280
76.686,-84.577
76.794,-80.362
76.903,-85.149
77.011,-82.035
77.120,-84.018
77.228,-82.117
77.337,-85.319
77.445,-84.322
77.553,-86.387
77.662,-85.245
77.770,-86.988
77.879,-85.222
77.987,-85.621
78.096,-85.917
78.204,-88.489
78.313,-78.075
78.421,-85.467
78.530,-82.744
78.638,-80.980
78.747,-88.386
78.855,-89.638
78.964,-89.297
79.072,-91.846
79.181,-90.746
79.289,-91.677
79.398,-92.298
79.506,-92.519
79.615,-93.745
79.723,-91.163
79.832,-84.937
79.940,-89.803
80.048,-86.544
80.157,-93.150
80.265,-93.517
80.374,-93.342
80.482,-95.111
80.591,-94.567
80.699,-94.066
80.808,-94.243
80.916,-93.963
81.025,-94.526
81.133,-94.246
81.242,-92.849
81.350,-87.924
81.459,-85.734
81.567,-92.279
81.676,-92.496
81.784,-92.520
81.893,-92.079
82.001,-91.139
82.110,-90.899
82.218,-91.549
82.327,-91.969
82.435,-90.709
82.543,-93.079
82.652,-93.870
82.760,-91.065
82.869,-85.924
82.977,-87.683
83.086,-91.884
83.194,-91.754
83.303,-89.915
83.411,-92.755
83.520,-92.005
83.628,-94.629
83.737,-93.696
83.845,-91.203
83.954,-81.365
84.062,-88.418
84.171,-94.888
84.279,-94.281
84.388,-95.798
84.496,-86.610
84.605,-94.902
84.713,-93.612
84.822,-94.683
84.930,-93.256
85.038,-95.768
85.147,-93.147
85.255,-94.778
85.364,-94.426
85.472,-95.004
85.581,-90.371
85.689,-80.052
85.798,-94.974
85.906,-94.665
86.015,-89.067
86.123,-91.636
86.232,-93.883
86.340,-94.833
86.449,-96.320
86.557,-95.245
86.666,-94.346
86.774,-93.038
86.883,-94.394
86.991,-93.668
87.100,-90.553
87.208,-91.900
87.317,-92.731
87.425,-90.410
87.533,-83.922
87.642,-94.065
87.750,-92.630
87.859,-90.688
87.967,-92.942
88.076,-92.126
88.184,-93.145
88.293,-92.475
88.401,-94.433
88.510,-91.279
88.618,-94.100
88.727,-94.443
88.835,-93.725
88.944,-94.232
89.052,-86.452
89.161,-94.460
89.269,-94.634
89.378,-97.061
89.486,-91.191
89.595,-93.126
89.703,-94.993
89.812,-94.554
89.920,-95.573
90.028,-94.870
90.137,-94.987
90.245,-97.592
90.354,-95.923
90.462,-96.683
90.571,-93.169
90.679,-94.159
90.788,-95.577
90.896,-95.799
91.005,-88.195
91.113,-85.551
91.222,-95.391
91.330,-85.574
91.439,-98.419
91.547,-93.189
91.656,-97.027
91.764,-90.048
91.873,-97.267
91.981,-97.950
92.090,-95.826
92.198,-84.022
92.307,-96.502
92.415,-94.242
92.523,-94.193
92.632,-95.398
92.740,-94.100
92.849,-92.861
92.957,-95.775
93.066,-96.772
93.174,-96.336
93.283,-96.071
93.391,-96.213
93.500,-95.936
93.608,-96.187
93.717,-93.705
93.825,-96.717
93.934,-97.623
94.042,-88.236
94.151,-87.405
94.259,-93.892
94.368,-94.183
94.476,-96.174
94.585,-92.383
94.693,-97.149
94.802,-91.353
94.910,-81.049
95.018,-91.670
95.127,-96.009
95.235,-89.963
95.344,-93.616
95.452,-96.019
95.561,-95.043
95.669,-96.770
95.778,-94.328
95.886,-82.560
95.995,-85.742
96.103,-94.110
96.212,-97.491
96.320,-95.860
96.429,-97.522
96.537,-99.870
96.646,-98.277
96.754,-95.778
96.863,-99.114
96.971,-88.373
97.080,-99.522
97.188,-92.081
97.297,-85.010
97.405,-89.599
97.513,-99.232
97.622,-96.787
97.730,-97.441
97.839,-97.500
97.947,-95.748
98.056,-85.220
98.164,-85.268
98.273,-87.729
98.381,-96.482
98.490,-96.344
98.598,-97.681
98.707,-97.331
98.815,-96.477
98.924,-96.480
99.032,-84.305
99.141,-83.289
99.249,-95.501
99.358,-97.764
99.466,-98.216
99.575,-97.473
99.683,-96.546
99.792,-89.585
99.900,-80.717
99.900,-81.342
100.008,-87.613
100.117,-95.231
100.225,-93.718
100.334,-98.276
100.442,-96.876
100.551,-96.298
100.659,-86.209
100.768,-95.687
100.876,-97.451
100.985,-95.708
101.093,-95.501
101.202,-95.705
101.310,-95.848
101.419,-92.229
101.527,-93.846
101.636,-94.446
101.744,-98.264
101.853,-95.791
101.961,-98.069
102.070,-83.034
102.178,-84.564
102.287,-99.346
102.395,-99.607
102.503,-97.144
102.612,-93.984
102.720,-98.526
102.829,-98.458
102.937,-93.637
103.046,-90.748
103.154,-100.267
103.263,-99.518
103.371,-99.051
103.480,-100.037
103.588,-94.671
103.697,-99.706
103.805,-98.703
103.914,-96.666
104.022,-94.981
104.131,-94.399
104.239,-96.560
104.348,-95.330
104.456,-87.444
104.565,-88.150
104.673,-92.130
104.782,-91.481
104.890,-94.274
104.998,-93.234
105.107,-92.280
105.215,-93.806
105.324,-92.784
105.432,-92.200
105.541,-91.000
105.649,-89.215
105.758,-90.518
105.866,-90.234
105.975,-88.735
106.083,-89.974
106.192,-89.945
106.300,-89.593
106.409,-92.558
106.517,-90.091
106.626,-88.957
106.734,-88.136
106.843,-90.955
106.951,-91.023
107.060,-90.430
107.168,-85.375
107.277,-84.788
107.385,-88.051
107.493,-83.386
107.602,-92.177
107.710,-90.817
107.819,-91.048
107.927,-94.150
108.036,-91.510
108.144,-93.092
108.253,-90.719
108.361,-95.384
108.470,-96.276
108.578,-94.604
108.687,-83.241
108.795,-93.788
108.904,-94.166
109.012,-92.144
109.121,-92.849
109.229,-92.225
109.338,-93.351
109.446,-92.227
109.555,-90.298
109.663,-90.296
109.772,-89.235
109.880,-88.807
109.988,-85.966
170.000,-84.046
170.108,-84.792
170.217,-86.115
170.325,-86.186
170.434,-84.694
170.542,-81.840
170.651,-85.712
170.759,-86.329
170.868,-87.154
170.976,-85.125
171.085,-87.430
171.193,-84.619
171.302,-85.119
171.410,-84.107
171.519,-86.841
171.627,-87.535
171.736,-86.343
171.844,-82.972
171.953,-86.898
172.061,-80.965
172.170,-85.347
172.278,-84.564
172.387,-86.200
172.495,-85.395
172.603,-84.105
172.712,-83.070
172.820,-83.458
172.929,-83.799
173.037,-82.867
173.146,-85.620
173.254,-84.936
173.363,-83.067
173.471,-83.534
173.580,-83.435
173.688,-84.629
173.797,-84.392
173.905,-82.583
174.014,-83.435
174.122,-82.656
174.231,-83.037
174.339,-82.875
174.448,-84.771
174.556,-83.948
174.665,-84.357
174.773,-83.501
174.882,-84.681
174.990,-82.466
175.098,-83.601
175.207,-82.523
175.315,-83.966
175.424,-80.734
175.532,-83.886
175.641,-83.670
175.749,-84.364
175.858,-83.205
175.966,-83.892
176.075,-83.049
176.183,-84.409
176.292,-83.373
176.400,-83.274
176.509,-82.002
176.617,-82.238
176.726,-82.339
176.834,-83.488
176.943,-82.085
177.051,-82.866
177.160,-81.325
177.268,-84.699
177.377,-81.028
177.485,-83.979
177.593,-81.655
177.702,-85.826
177.810,-81.764
177.919,-81.106
178.027,-82.928
178.136,-78.315
178.244,-78.874
178.353,-81.038
178.461,-79.245
178.570,-83.819
178.678,-82.828
178.787,-81.493
178.895,-82.131
179.004,-80.691
179.112,-82.369
179.221,-83.409
179.329,-81.967
179.438,-82.588
179.546,-83.386
179.655,-78.957
179.763,-79.431
179.872,-82.598
179.980,-83.170
180.088,-83.011
180.197,-84.185
180.305,-83.110
180.414,-83.508
180.522,-84.389
180.631,-82.092
180.739,-83.863
180.848,-83.231
180.956,-84.602
181.065,-82.373
181.173,-83.040
181.282,-82.530
181.390,-84.540
181.499,-84.827
181.607,-82.274
181.716,-86.903
181.824,-87.547
181.933,-87.071
182.041,-87.712
182.150,-87.044
182.258,-87.762
182.367,-86.869
182.475,-85.933
182.583,-84.618
182.692,-88.377
182.800,-76.110
182.909,-89.148
183.017,-85.217
183.126,-87.949
183.234,-89.836
183.343,-87.305
183.451,-88.668
183.560,-90.258
183.668,-86.643
183.777,-90.011
183.885,-88.258
183.994,-86.659
184.102,-87.611
184.211,-89.332
184.319,-82.425
184.428,-85.848
184.536,-85.383
184.645,-85.683
184.753,-89.004
184.862,-89.299
184.970,-88.477
185.078,-87.667
185.187,-87.860
185.295,-87.863
185.404,-86.687
185.512,-87.419
185.621,-85.415
185.729,-84.825
185.838,-74.819
185.946,-86.028
186.055,-86.304
186.163,-86.543
186.272,-86.127
186.380,-87.835
186.489,-88.471
186.597,-86.397
186.706,-83.793
186.814,-86.983
186.923,-87.872
187.031,-88.687
187.140,-86.493
187.248,-81.770
187.357,-80.328
187.465,-90.007
187.573,-89.844
187.682,-88.891
187.790,-88.922
187.899,-91.520
188.007,-90.904
188.116,-91.072
188.224,-90.385
188.333,-91.260
188.441,-91.748
188.550,-91.272
188.658,-81.365
188.767,-82.650
188.875,-76.915
188.984,-77.818
189.092,-92.419
189.201,-91.492
189.309,-91.663
189.418,-92.568
189.526,-88.772
189.635,-89.506
189.743,-87.753
189.852,-90.038
189.960,-88.761
190.068,-83.026
190.177,-82.240
190.285,-87.079
190.394,-89.705
190.502,-83.281
190.611,-88.839
190.719,-88.959
190.828,-86.575
190.936,-84.810
191.045,-85.574
191.153,-87.308
191.262,-84.647
191.370,-86.930
191.479,-86.713
191.587,-87.300
191.696,-86.512
191.804,-85.675
191.913,-87.917
192.021,-77.202
192.130,-86.945
192.238,-89.198
192.347,-89.987
192.455,-88.591
192.563,-89.903
192.672,-91.389
192.780,-82.473
192.889,-79.672
192.997,-62.490
193.106,-69.486
193.214,-81.648
193.323,-86.268
193.431,-93.024
193.540,-84.658
193.648,-94.642
193.757,-95.483
193.865,-92.832
193.974,-93.499
194.082,-93.671
194.191,-94.094
194.299,-86.478
194.408,-85.888
194.516,-94.276
194.625,-92.899
194.733,-92.260
194.842,-90.854
194.950,-92.880
195.058,-79.781
195.167,-95.647
195.275,-92.437
195.384,-92.211
195.492,-92.918
195.601,-92.057
195.709,-88.569
195.818,-87.128
195.926,-89.593
196.035,-92.210
196.143,-92.538
196.252,-90.949
196.360,-91.354
196.469,-90.220
196.577,-83.252
196.686,-89.347
196.794,-89.494
196.903,-89.217
197.011,-89.728
197.120,-91.646
197.228,-92.319
197.337,-89.291
197.445,-89.120
197.553,-90.920
197.662,-91.065
197.770,-91.309
197.879,-92.388
197.987,-90.862
198.096,-79.069
198.204,-85.512
198.313,-92.108
198.421,-88.529
198.530,-86.072
198.638,-86.491
198.747,-93.503
198.855,-94.406
198.964,-93.414
199.072,-92.716
199.181,-93.953
199.289,-94.146
199.398,-94.154
199.506,-94.706
199.615,-93.367
199.723,-83.932
199.832,-94.764
199.940,-88.728
200.048,-85.127
200.157,-95.013
200.265,-94.709
200.374,-94.207
200.482,-95.171
200.591,-92.325
200.699,-92.662
200.808,-90.721
200.916,-89.935
201.025,-89.856
201.133,-91.205
201.242,-78.133
201.350,-88.344
201.459,-83.158
201.567,-87.448
201.676,-89.555
201.784,-91.156
201.893,-89.244
202.001,-92.010
202.110,-89.767
202.218,-91.015
202.327,-89.347
202.435,-88.745
202.543,-86.841
202.652,-87.440
202.760,-82.737
202.869,-88.220
202.977,-88.025
203.086,-86.014
203.194,-89.171
203.303,-90.304
203.411,-90.227
203.520,-88.488
203.628,-89.739
203.737,-91.162
203.845,-89.014
203.954,-89.623
204.062,-88.693
204.171,-84.186
204.279,-78.484
204.388,-90.612
204.496,-91.859
204.605,-94.678
204.713,-90.873
204.822,-94.030
204.930,-95.842
205.038,-93.197
205.147,-94.702
205.255,-85.900
205.364,-88.284
205.472,-93.728
205.581,-91.440
205.689,-85.298
205.798,-84.733
205.906,-94.185
206.015,-94.776
206.123,-94.627
206.232,-96.487
206.340,-96.114
206.449,-94.577
206.557,-94.437
206.666,-92.468
206.774,-90.824
206.883,-89.676
206.991,-90.305
207.100,-84.597
207.208,-90.260
207.317,-80.503
207.425,-91.818
207.533,-90.251
207.642,-91.236
207.750,-91.371
207.859,-84.899
207.967,-88.406
208.076,-90.323
208.184,-89.943
208.293,-89.322
208.401,-88.780
208.510,-88.305
208.618,-90.951
208.727,-90.398
208.835,-86.747
208.944,-84.410
209.052,-91.988
209.161,-91.702
209.269,-91.393
209.378,-91.497
209.486,-91.558
209.595,-91.808
209.703,-88.702
209.812,-86.306
209.920,-86.312
210.028,-92.185
210.137,-91.900
210.245,-92.257
210.354,-92.453
210.462,-82.796
210.571,-93.678
210.679,-94.421
210.788,-92.292
210.896,-95.190
211.005,-95.924
211.113,-96.873
211.222,-96.121
211.330,-88.367
211.439,-96.616
211.547,-96.430
211.656,-95.668
211.764,-89.780
211.873,-94.750
211.981,-85.219
212.090,-95.084
212.198,-93.071
212.307,-92.542
212.415,-92.856
212.523,-93.464
212.632,-91.219
212.740,-86.248
212.849,-87.804
212.957,-92.017
213.066,-91.475
213.174,-91.274
213.283,-87.876
213.391,-89.171
213.500,-83.560
213.608,-90.665
213.717,-88.551
213.825,-89.771
213.934,-89.605
214.042,-91.181
214.151,-90.073
214.259,-88.244
214.368,-89.713
214.476,-90.100
214.585,-90.144
214.693,-91.372
214.802,-82.714
214.910,-91.312
215.018,-85.153
215.127,-92.497
215.235,-92.458
215.344,-91.934
215.452,-88.848
215.561,-89.468
215.669,-91.955
215.778,-94.711
215.886,-91.491
215.995,-88.742
216.103,-94.977
216.212,-94.950
216.320,-96.644
216.429,-95.799
216.537,-83.183
216.646,-96.904
216.754,-97.768
216.863,-95.620
216.971,-87.979
217.080,-97.289
217.188,-98.240
217.297,-96.797
217.405,-93.281
217.513,-89.878
217.622,-97.786
217.730,-95.809
217.839,-96.326
217.947,-94.588
218.056,-89.592
218.164,-88.443
218.273,-96.237
218.381,-93.858
218.490,-93.797
218.598,-95.205
218.707,-95.446
218.815,-95.349
218.924,-92.137
219.032,-96.127
219.141,-96.401
219.249,-96.580
219.358,-94.837
219.466,-94.935
219.575,-96.407
219.683,-85.505
219.792,-95.063
219.900,-96.186
219.900,-94.882
400.000,-75.253
400.108,-85.562
400.217,-77.788
400.325,-69.769
400.434,-72.652
400.542,-85.776
400.651,-83.071
400.759,-83.338
400.868,-67.206
400.976,-67.377
401.085,-81.084
401.193,-85.088
401.302,-89.096
401.410,-89.124
401.519,-86.948
401.627,-88.724
401.736,-88.775
401.844,-88.565
401.953,-88.473
402.061,-85.223
402.170,-88.267
402.278,-88.198
402.387,-86.282
402.495,-88.533
402.603,-87.596
402.712,-89.349
402.820,-84.722
402.929,-87.375
403.037,-87.356
403.146,-89.644
403.254,-84.981
403.363,-86.495
403.471,-83.868
403.580,-84.452
403.688,-87.234
403.797,-85.680
403.905,-89.777
404.014,-89.022
404.122,-88.251
404.231,-88.100
404.339,-91.051
404.448,-91.889
404.556,-90.340
404.665,-89.192
404.773,-88.423
404.882,-92.120
404.990,-94.317
405.098,-91.580
405.207,-91.678
405.315,-93.557
405.424,-93.228
405.532,-88.771
405.641,-80.304
405.749,-90.008
405.858,-92.284
405.966,-92.760
406.075,-91.881
406.183,-88.454
406.292,-91.369
406.400,-92.446
406.509,-93.392
406.617,-91.630
406.726,-93.925
406.834,-91.270
406.943,-91.565
407.051,-91.450
407.160,-88.801
407.268,-89.469
407.377,-90.627
407.485,-90.897
407.593,-90.255
407.702,-92.691
407.810,-91.619
407.919,-90.774
408.027,-88.078
408.136,-91.874
408.244,-89.847
408.353,-92.890
408.461,-89.537
408.570,-90.995
408.678,-93.069
408.787,-92.162
408.895,-92.494
409.004,-93.131
409.112,-87.206
409.221,-90.597
409.329,-86.462
409.438,-89.379
409.546,-88.775
409.655,-84.041
409.763,-90.496
409.872,-89.335
409.980,-88.570
410.088,-86.679
410.197,-83.060
410.305,-83.968
410.414,-76.132
410.522,-71.758
410.631,-59.680
410.739,-74.017
410.848,-81.909
410.956,-86.016
411.065,-81.621
411.173,-82.559
411.282,-83.493
411.390,-88.121
411.499,-90.226
411.607,-91.649
411.716,-92.876
411.824,-90.783
411.933,-91.983
412.041,-94.492
412.150,-93.615
412.258,-90.384
412.367,-87.568
412.475,-88.435
412.583,-89.452
412.692,-85.803
412.800,-89.458
412.909,-89.237
413.017,-96.771
413.126,-94.859
413.234,-95.624
413.343,-95.100
413.451,-92.396
413.560,-92.952
413.668,-90.774
413.777,-94.591
413.885,-95.828
413.994,-93.906
414.102,-93.132
414.211,-95.935
414.319,-93.526
414.428,-92.921
414.536,-91.520
414.645,-90.568
414.753,-94.633
414.862,-93.589
414.970,-94.594
415.078,-95.561
415.187,-95.042
415.295,-96.885
415.404,-95.924
415.512,-92.352
415.621,-90.449
415.729,-75.854
415.838,-78.592
415.946,-90.782
416.055,-93.524
416.163,-95.403
416.272,-95.818
416.380,-96.257
416.489,-97.271
416.597,-97.050
416.706,-96.645
416.814,-96.470
416.923,-92.589
417.031,-97.168
417.140,-98.576
417.248,-97.393
417.357,-96.581
417.465,-93.463
417.573,-94.281
417.682,-96.903
417.790,-91.195
417.899,-95.902
418.007,-97.320
418.116,-95.697
418.224,-96.472
418.333,-97.884
418.441,-94.602
418.550,-95.931
418.658,-95.931
418.767,-97.382
418.875,-92.051
418.984,-93.985
419.092,-95.480
419.201,-97.577
419.309,-95.216
419.418,-95.526
419.526,-96.892
419.635,-96.262
419.743,-96.258
419.852,-96.010
419.960,-91.416
420.068,-92.977
420.177,-96.764
420.285,-92.361
420.394,-93.189
420.502,-92.931
420.611,-96.773
420.719,-93.085
420.828,-91.890
420.936,-94.715
421.045,-94.401
421.153,-94.496
421.262,-95.628
421.370,-77.857
421.479,-95.558
421.587,-95.882
421.696,-96.496
421.804,-95.764
421.913,-96.157
422.021,-96.442
422.130,-94.850
422.238,-96.298
422.347,-93.817
422.455,-95.784
422.563,-90.000
422.672,-95.705
422.780,-94.268
422.889,-97.379
422.997,-94.083
423.106,-90.024
423.214,-92.950
423.323,-96.886
423.431,-95.982
423.540,-95.589
423.648,-95.957
423.757,-94.836
423.865,-97.056
423.974,-93.394
424.082,-96.299
424.191,-96.512
424.299,-96.876
424.408,-97.464
424.516,-94.979
424.625,-95.013
424.733,-98.217
424.842,-98.123
424.950,-98.828
425.058,-97.237
425.167,-99.433
425.275,-97.216
425.384,-96.083
425.492,-96.154
425.601,-96.682
425.709,-96.945
425.818,-94.031
425.926,-93.716
426.035,-96.489
426.143,-95.688
426.252,-96.172
426.360,-96.252
426.469,-95.741
426.577,-95.533
426.686,-94.905
426.794,-96.838
426.903,-95.661
427.011,-96.587
427.120,-95.359
427.228,-97.052
427.337,-95.356
427.445,-95.900
427.553,-96.368
427.662,-95.085
427.770,-95.057
427.879,-97.578
427.987,-97.342
428.096,-97.423
428.204,-93.632
428.313,-96.621
428.421,-97.351
428.530,-95.836
428.638,-90.204
428.747,-86.000
428.855,-96.448
428.964,-95.882
429.072,-97.977
429.181,-96.153
429.289,-97.975
429.398,-98.882
429.506,-95.794
429.615,-97.953
429.723,-96.569
429.832,-96.062
429.940,-96.790
430.048,-93.912
430.157,-96.821
430.265,-98.176
430.374,-97.267
430.482,-96.956
430.591,-95.618
430.699,-95.437
430.808,-96.300
430.916,-96.035
431.025,-95.221
431.133,-84.423
431.242,-89.249
431.350,-95.257
431.459,-96.375
431.567,-93.901
431.676,-96.956
431.784,-98.385
431.893,-97.324
432.001,-95.591
432.110,-98.174
432.218,-98.021
432.327,-98.642
432.435,-98.745
432.543,-95.839
432.652,-97.436
432.760,-99.784
432.869,-97.528
432.977,-97.339
433.086,-97.019
433.194,-97.318
433.303,-97.834
433.411,-95.405
433.520,-97.460
433.628,-98.882
433.737,-98.704
433.845,-97.127
433.954,-86.318
434.062,-98.174
434.171,-96.765
434.279,-92.289
434.388,-88.152
434.496,-95.916
434.605,-99.107
434.713,-98.503
434.822,-96.943
434.930,-97.713
435.038,-98.881
435.147,-99.824
435.255,-98.870
435.364,-99.743
435.472,-101.082
435.581,-100.483
435.689,-100.439
435.798,-99.095
435.906,-100.540
436.015,-99.217
436.123,-99.260
436.232,-98.470
436.340,-100.717
436.449,-100.184
436.557,-100.280
436.666,-96.735
436.774,-96.955
436.883,-99.464
436.991,-97.739
437.100,-98.068
437.208,-91.683
437.317,-97.362
437.425,-98.627
437.533,-95.874
437.642,-98.854
437.750,-97.593
437.859,-95.497
437.967,-100.062
438.076,-96.918
438.184,-97.538
438.293,-96.985
438.401,-97.630
438.510,-95.201
438.618,-99.278
438.727,-98.796
438.835,-97.821
438.944,-99.688
439.052,-98.701
439.161,-98.516
439.269,-94.386
439.378,-97.889
439.486,-97.580
439.595,-97.416
439.703,-93.975
439.812,-94.272
439.920,-91.053
440.028,-83.711
440.137,-93.422
440.245,-91.888
440.354,-93.607
440.462,-88.940
440.571,-94.005
440.679,-96.618
440.788,-96.179
440.896,-94.580
441.005,-94.110
441.113,-94.326
441.222,-97.164
441.330,-94.013
441.439,-93.106
441.547,-94.793
441.656,-95.759
441.764,-93.819
441.873,-95.933
441.981,-95.060
442.090,-95.056
442.198,-95.229
442.307,-91.947
442.415,-91.588
442.523,-93.935
442.632,-94.466
442.740,-94.647
442.849,-93.189
442.957,-95.584
443.066,-93.847
443.174,-94.159
443.283,-94.811
443.391,-91.557
443.500,-91.920
443.608,-93.817
443.717,-91.155
443.825,-92.983
443.934,-92.545
444.042,-89.856
444.151,-89.495
444.259,-90.439
444.368,-89.802
444.476,-87.763
444.585,-87.663
444.693,-90.168
444.802,-87.063
444.910,-87.123
445.018,-84.204
445.127,-84.184
445.235,-86.961
445.344,-81.447
445.452,-60.755
445.561,-78.561
445.669,-84.257
445.778,-84.437
445.886,-84.547
445.995,-84.384
446.103,-86.143
446.212,-85.160
446.320,-90.891
446.429,-91.334
446.537,-92.221
446.646,-92.998
446.754,-91.481
446.863,-93.635
446.971,-92.428
447.080,-92.551
447.188,-95.819
447.297,-94.693
447.405,-93.872
447.513,-96.165
447.622,-94.007
447.730,-93.462
447.839,-95.263
447.947,-93.166
448.056,-94.980
448.164,-92.910
448.273,-94.945
448.381,-94.026
448.490,-92.229
448.598,-94.895
448.707,-94.946
448.815,-96.088
448.924,-94.994
449.032,-94.084
449.141,-94.245
449.249,-92.923
449.358,-97.236
449.466,-93.569
449.575,-94.902
449.683,-95.466
449.792,-95.535
449.900,-93.735
449.900,-93.647
450.008,-91.890
450.117,-94.022
450.225,-94.027
450.334,-92.909
450.442,-94.388
450.551,-92.111
450.659,-94.533
450.768,-94.797
450.876,-96.780
450.985,-95.835
451.093,-95.155
451.202,-93.938
451.310,-90.594
451.419,-95.069
451.527,-98.789
451.636,-97.384
451.744,-97.240
451.853,-96.418
451.961,-97.898
452.070,-98.164
452.178,-97.407
452.287,-98.632
452.395,-100.049
452.503,-99.897
452.612,-99.192
452.720,-98.855
452.829,-96.433
452.937,-98.032
453.046,-97.649
453.154,-97.906
453.263,-98.323
453.371,-98.104
453.480,-98.278
453.588,-98.143
453.697,-97.645
453.805,-97.457
453.914,-95.758
454.022,-95.720
454.131,-96.322
454.239,-97.035
454.348,-96.197
454.456,-98.324
454.565,-99.315
454.673,-91.786
454.782,-95.848
454.890,-97.142
454.998,-96.635
455.107,-96.897
455.215,-98.685
455.324,-99.970
455.432,-99.662
455.541,-95.872
455.649,-95.543
455.758,-99.142
455.866,-97.617
455.975,-96.934
456.083,-99.077
456.192,-96.780
456.300,-97.776
456.409,-99.887
456.517,-100.293
456.626,-98.013
456.734,-98.685
456.843,-95.397
456.951,-91.989
457.060,-97.856
457.168,-96.941
457.277,-97.812
457.385,-95.553
457.493,-97.159
457.602,-97.231
457.710,-99.104
457.819,-98.562
457.927,-95.637
458.036,-98.305
458.144,-98.897
458.253,-100.016
458.361,-96.813
458.470,-95.204
458.578,-99.513
458.687,-98.359
458.795,-98.636
458.904,-97.577
459.012,-98.567
459.121,-97.780
459.229,-96.606
459.338,-98.167
459.446,-98.624
459.555,-97.260
459.663,-98.538
459.772,-96.933
459.880,-96.149
459.988,-96.720
460.097,-96.330
460.205,-96.756
460.314,-93.251
460.422,-96.688
460.531,-96.037
460.639,-92.859
460.748,-94.169
460.856,-97.772
460.965,-97.843
461.073,-97.383
461.182,-95.936
461.290,-95.205
461.399,-92.433
461.507,-88.029
461.616,-88.799
461.724,-88.832
461.833,-89.830
461.941,-69.381
462.050,-87.758
462.158,-89.068
462.267,-90.742
462.375,-87.096
462.483,-89.337
462.592,-92.500
462.700,-98.576
462.809,-96.868
462.917,-95.524
463.026,-91.133
463.134,-95.265
463.243,-95.587
463.351,-97.264
463.460,-95.343
463.568,-95.424
463.677,-98.080
463.785,-98.280
463.894,-97.138
464.002,-95.730
464.111,-97.200
464.219,-95.314
464.328,-95.154
464.436,-95.126
464.545,-92.970
464.653,-95.030
464.762,-95.446
464.870,-96.156
464.978,-96.758
465.087,-97.449
465.195,-96.891
465.304,-96.555
465.412,-94.327
465.521,-93.295
465.629,-96.933
465.738,-95.416
465.846,-90.966
465.955,-95.654
466.063,-92.709
466.172,-95.894
466.280,-96.617
466.389,-95.399
466.497,-96.356
466.606,-95.906
466.714,-94.294
466.823,-92.823
466.931,-86.013
467.040,-90.156
467.148,-91.649
467.257,-93.320
467.365,-92.658
467.473,-93.688
467.582,-94.100
467.690,-94.152
467.799,-94.802
467.907,-95.430
468.016,-93.384
468.124,-95.407
468.233,-91.681
468.341,-94.914
468.450,-94.394
468.558,-95.304
468.667,-88.926
468.775,-92.710
468.884,-94.112
468.992,-93.468
469.101,-95.178
469.209,-93.556
469.318,-95.892
469.426,-94.002
469.535,-93.166
469.643,-95.647
469.752,-95.284
469.860,-95.218
469.968,-96.134
470.077,-95.019
470.185,-92.992
470.294,-95.548
470.402,-96.061
470.511,-98.630
470.619,-98.793
470.728,-97.100
470.836,-96.962
470.945,-94.147
471.053,-96.196
471.162,-95.537
471.270,-95.235
471.379,-96.266
471.487,-94.370
471.596,-96.223
471.704,-94.654
471.813,-97.114
471.921,-97.707
472.030,-96.578
472.138,-95.998
472.247,-97.809
472.355,-96.578
472.463,-93.887
472.572,-96.253
472.680,-98.295
472.789,-96.777
472.897,-95.910
473.006,-97.392
473.114,-99.724
473.223,-98.696
473.331,-100.050
473.440,-99.945
473.548,-98.329
473.657,-101.063
473.765,-100.236
473.874,-97.257
473.982,-99.218
474.091,-100.205
474.199,-98.624
474.308,-86.680
474.416,-88.632
474.525,-100.054
474.633,-99.694
474.742,-101.293
474.850,-100.535
474.958,-98.673
475.067,-100.980
475.175,-96.095
475.284,-100.843
475.392,-101.930
475.501,-102.281
475.609,-100.056
475.718,-96.421
475.826,-96.777
475.935,-100.205
476.043,-101.435
476.152,-100.241
476.260,-97.970
476.369,-99.533
476.477,-101.689
476.586,-101.197
476.694,-97.790
476.803,-99.479
476.911,-98.383
477.020,-98.681
477.128,-92.370
477.237,-92.886
477.345,-99.766
477.453,-98.072
477.562,-97.581
477.670,-97.688
477.779,-99.377
477.887,-99.442
477.996,-98.310
478.104,-99.802
478.213,-98.296
478.321,-100.537
478.430,-99.825
478.538,-99.010
478.647,-99.771
478.755,-101.013
478.864,-101.729
478.972,-101.373
479.081,-99.081
479.189,-90.528
479.298,-90.403
479.406,-102.475
479.515,-102.424
479.623,-101.723
479.732,-103.187
479.840,-99.174
479.948,-72.557
480.057,-71.386
480.165,-98.025
480.274,-101.346
480.382,-102.064
480.491,-103.916
480.599,-101.553
480.708,-98.202
480.816,-97.347
480.925,-103.848
481.033,-102.681
481.142,-104.261
481.250,-102.791
481.359,-100.975
481.467,-98.936
481.576,-101.723
481.684,-96.176
481.793,-100.496
481.901,-98.299
482.010,-98.617
482.118,-99.638
482.227,-99.063
482.335,-101.207
482.443,-99.314
482.552,-99.636
482.660,-100.805
482.769,-92.371
482.877,-92.315
482.986,-100.890
483.094,-100.460
483.203,-101.226
483.311,-100.051
483.420,-103.424
483.528,-101.212
483.637,-103.864
483.745,-99.293
483.854,-96.874
483.962,-99.928
484.071,-99.310
484.179,-100.409
484.288,-101.505
484.396,-103.317
484.505,-105.635
484.613,-105.135
484.722,-105.160
484.830,-104.499
484.938,-102.934
485.047,-102.878
485.155,-100.104
485.264,-102.341
485.372,-103.621
485.481,-101.154
485.589,-87.311
485.698,-86.249
485.806,-98.571
485.915,-97.355
486.023,-97.146
486.132,-94.838
486.240,-99.383
486.349,-99.180
486.457,-101.706
486.566,-102.233
486.674,-102.361
486.783,-100.734
486.891,-96.832
487.000,-102.983
487.108,-101.282
487.217,-102.209
487.325,-101.659
487.433,-102.524
487.542,-102.689
487.650,-103.175
487.759,-102.147
487.867,-102.580
487.976,-100.913
488.084,-100.396
488.193,-101.216
488.301,-94.569
488.410,-96.314
488.518,-95.611
488.627,-100.221
488.735,-98.381
488.844,-98.617
488.952,-99.031
489.061,-100.692
489.169,-99.029
489.278,-98.979
489.386,-100.841
489.495,-101.877
489.603,-100.713
489.712,-99.318
489.820,-97.745
489.928,-93.788
490.037,-94.074
490.145,-96.880
490.254,-97.560
490.362,-99.666
490.471,-100.617
490.579,-100.849
490.688,-101.704
490.796,-98.302
490.905,-100.765
491.013,-102.765
491.122,-101.231
491.230,-90.907
491.339,-87.452
491.447,-99.091
491.556,-94.456
491.664,-98.592
491.773,-95.386
491.881,-97.472
491.990,-103.275
492.098,-101.814
492.207,-102.258
492.315,-99.908
492.423,-104.822
492.532,-105.176
492.640,-99.896
492.749,-97.706
492.857,-103.470
492.966,-102.584
493.074,-97.357
493.183,-100.779
493.291,-103.875
493.400,-101.919
493.508,-102.200
493.617,-100.412
493.725,-100.678
493.834,-100.736
493.942,-97.658
494.051,-96.642
494.159,-93.593
494.268,-95.115
494.376,-97.452
494.485,-98.770
494.593,-97.731
494.702,-98.023
494.810,-97.032
494.918,-98.982
495.027,-97.829
495.135,-98.336
495.244,-98.040
495.352,-98.189
495.461,-99.350
495.569,-100.490
495.678,-101.856
495.786,-101.644
495.895,-103.118
496.003,-100.148
496.112,-100.978
496.220,-101.520
496.329,-101.425
496.437,-99.159
496.546,-102.146
496.654,-103.276
496.763,-102.082
496.871,-95.214
496.980,-93.738
497.088,-101.746
497.197,-101.709
497.305,-100.126
497.413,-93.532
497.522,-99.988
497.630,-103.066
497.739,-100.660
497.847,-99.621
497.956,-98.754
498.064,-98.539
498.173,-98.587
498.281,-99.916
498.390,-101.655
498.498,-101.156
498.607,-101.202
498.715,-101.976
498.824,-102.813
498.932,-101.725
499.041,-103.858
499.149,-101.879
499.258,-102.126
499.366,-101.026
499.475,-102.061
499.583,-102.074
499.692,-102.556
499.800,-99.648
499.800,-100.325
499.908,-101.634
500.000,-86.821
500.108,-86.060
500.217,-95.459
500.325,-95.255
500.434,-100.896
500.542,-102.519
500.651,-99.786
500.759,-102.090
500.868,-101.833
500.976,-103.012
501.085,-101.524
501.193,-100.186
501.302,-103.326
501.410,-103.528
501.519,-101.393
501.627,-100.670
501.736,-101.935
501.844,-101.019
501.953,-99.654
502.061,-98.711
502.170,-100.823
502.278,-99.305
502.387,-99.286
502.495,-96.541
502.603,-91.701
502.712,-98.117
502.820,-102.826
502.929,-98.484
503.037,-91.274
503.146,-97.830
503.254,-102.617
503.363,-102.662
503.471,-101.834
503.580,-99.018
503.688,-101.557
503.797,-93.276
503.905,-99.380
504.014,-98.926
504.122,-98.491
504.231,-100.325
504.339,-99.381
504.448,-100.067
504.556,-99.213
504.665,-96.025
504.773,-97.109
504.882,-93.357
504.990,-98.272
505.098,-97.419
505.207,-98.962
505.315,-97.312
505.424,-95.760
505.532,-98.675
505.641,-99.383
505.749,-101.180
505.858,-101.031
505.966,-101.698
506.075,-101.846
506.183,-101.427
506.292,-90.174
506.400,-99.019
506.509,-100.351
506.617,-101.565
506.726,-99.681
506.834,-98.082
506.943,-98.565
507.051,-98.649
507.160,-99.296
507.268,-99.331
507.377,-99.471
507.485,-101.437
507.593,-100.155
507.702,-98.926
507.810,-98.315
507.919,-100.046
508.027,-99.971
508.136,-99.175
508.244,-95.599
508.353,-99.211
508.461,-99.279
508.570,-96.678
508.678,-86.506
508.787,-92.352
508.895,-98.326
509.004,-100.234
509.112,-100.610
509.221,-98.743
509.329,-99.641
509.438,-100.268
509.546,-100.287
509.655,-98.505
509.763,-99.197
509.872,-99.778
509.980,-99.351
510.088,-99.270
510.197,-99.252
510.305,-98.993
510.414,-101.593
510.522,-100.736
510.631,-101.705
510.739,-101.290
510.848,-99.481
510.956,-101.480
511.065,-101.482
511.173,-100.173
511.282,-100.327
511.390,-101.212
511.499,-92.851
511.607,-99.043
511.716,-102.318
511.824,-100.671
511.933,-99.398
512.041,-103.329
512.150,-102.513
512.258,-102.235
512.367,-99.584
512.475,-101.971
512.583,-98.823
512.692,-98.484
512.800,-97.685
512.909,-95.851
513.017,-95.129
513.126,-95.685
513.234,-75.343
513.343,-80.383
513.451,-86.869
513.560,-92.989
513.668,-101.156
513.777,-100.782
513.885,-97.576
513.994,-100.522
514.102,-101.316
514.211,-99.349
514.319,-88.865
514.428,-93.066
514.536,-100.825
514.645,-101.551
514.753,-103.892
514.862,-100.887
514.970,-99.841
515.078,-103.563
515.187,-101.001
515.295,-104.147
515.404,-101.467
515.512,-101.751
515.621,-101.443
515.729,-98.068
515.838,-100.753
515.946,-101.277
516.055,-90.924
516.163,-90.345
516.272,-102.471
516.380,-101.499
516.489,-102.382
516.597,-102.465
516.706,-100.874
516.814,-99.374
516.923,-100.148
517.031,-99.888
517.140,-95.811
517.248,-99.702
517.357,-100.513
517.465,-101.035
517.573,-98.822
517.682,-99.101
517.790,-102.351
517.899,-100.233
518.007,-99.247
518.116,-101.368
518.224,-99.479
518.333,-98.569
518.441,-97.208
518.550,-96.027
518.658,-95.924
518.767,-94.846
518.875,-96.669
518.984,-94.556
519.092,-93.573
519.201,-96.489
519.309,-93.921
519.418,-94.119
519.526,-88.759
519.635,-88.245
519.743,-71.477
519.852,-86.951
519.960,-83.523
520.068,-86.742
520.177,-92.977
520.285,-91.455
520.394,-93.782
520.502,-93.051
520.611,-95.801
520.719,-97.772
520.828,-100.832
520.936,-103.335
521.045,-101.162
521.153,-100.266
521.262,-98.708
521.370,-101.818
521.479,-96.748
521.587,-100.216
521.696,-101.269
521.804,-101.352
521.913,-100.799
522.021,-100.149
522.130,-100.486
522.238,-99.869
522.347,-99.220
522.455,-98.850
522.563,-97.635
522.672,-99.192
522.780,-91.279
522.889,-94.683
522.997,-99.591
523.106,-98.424
523.214,-99.796
523.323,-99.652
523.431,-93.482
523.540,-89.061
523.648,-97.568
523.757,-99.479
523.865,-100.937
523.974,-102.526
524.082,-99.626
524.191,-96.877
524.299,-100.886
524.408,-100.871
524.516,-103.224
524.625,-102.036
524.733,-102.249
524.842,-100.988
524.950,-100.118
525.058,-101.658
525.167,-100.017
525.275,-103.781
525.384,-102.234
525.492,-98.521
525.601,-88.253
525.709,-92.384
525.818,-99.636
525.926,-102.581
526.035,-101.769
526.143,-96.932
526.252,-98.826
526.360,-100.908
526.469,-102.230
526.577,-103.168
526.686,-102.946
526.794,-100.417
526.903,-102.630
527.011,-100.050
527.120,-97.386
527.228,-98.342
527.337,-100.716
527.445,-98.622
527.553,-98.863
527.662,-98.251
527.770,-100.225
527.879,-98.367
527.987,-98.352
528.096,-98.554
528.204,-98.273
528.313,-94.059
528.421,-88.634
528.530,-95.481
528.638,-99.147
528.747,-96.355
528.855,-97.612
528.964,-99.071
529.072,-100.007
529.181,-103.444
529.289,-101.282
529.398,-101.685
529.506,-98.749
529.615,-101.510
529.723,-98.602
529.832,-98.377
529.940,-98.864
530.048,-98.363
530.157,-101.723
530.265,-100.635
530.374,-100.231
530.482,-99.384
530.591,-97.504
530.699,-100.450
530.808,-97.586
530.916,-100.669
531.025,-102.013
531.133,-98.255
531.242,-88.209
531.350,-90.585
531.459,-100.222
531.567,-101.334
531.676,-99.720
531.784,-96.361
531.893,-101.111
532.001,-101.170
532.110,-102.508
532.218,-99.470
532.327,-101.106
532.435,-101.740
532.543,-100.765
532.652,-98.145
532.760,-97.704
532.869,-97.728
532.977,-98.875
533.086,-99.304
533.194,-100.903
533.303,-101.516
533.411,-98.690
533.520,-101.332
533.628,-99.390
533.737,-100.077
533.845,-98.868
533.954,-99.142
534.062,-93.887
534.171,-95.073
534.279,-98.638
534.388,-99.268
534.496,-93.120
534.605,-91.269
534.713,-100.045
534.822,-100.690
534.930,-99.776
535.038,-101.705
535.147,-101.891
535.255,-103.371
535.364,-100.983
535.472,-98.692
535.581,-100.181
535.689,-101.866
535.798,-102.211
535.906,-100.209
536.015,-100.222
536.123,-102.428
536.232,-103.839
536.340,-98.341
536.449,-98.463
536.557,-102.546
536.666,-102.997
536.774,-102.184
536.883,-90.623
536.991,-90.624
537.100,-101.538
537.208,-102.723
537.317,-98.386
537.425,-94.691
537.533,-101.731
537.642,-104.130
537.750,-103.840
537.859,-99.748
537.967,-100.861
538.076,-102.816
538.184,-101.481
538.293,-100.305
538.401,-100.246
538.510,-100.072
538.618,-102.956
538.727,-101.327
538.835,-100.417
538.944,-101.578
539.052,-101.547
539.161,-102.434
539.269,-100.016
539.378,-101.041
539.486,-100.667
539.595,-102.417
539.703,-98.736
539.812,-98.490
539.920,-101.662
540.028,-98.894
540.137,-102.754
540.245,-98.064
540.354,-99.770
540.462,-99.631
540.571,-95.217
540.679,-88.853
540.788,-94.943
540.896,-101.408
541.005,-102.642
541.113,-101.833
541.222,-102.245
541.330,-102.952
541.439,-103.229
541.547,-98.728
541.656,-103.047
541.764,-104.162
541.873,-104.105
541.981,-99.889
542.090,-99.600
542.198,-102.769
542.307,-101.674
542.415,-103.245
542.523,-98.920
542.632,-97.659
542.740,-106.837
542.849,-104.568
542.957,-99.103
543.066,-93.349
543.174,-96.905
543.283,-104.455
543.391,-104.674
543.500,-102.973
543.608,-103.386
543.717,-103.422
543.825,-103.711
543.934,-104.851
544.042,-100.447
544.151,-99.805
544.259,-102.086
544.368,-100.749
544.476,-101.025
544.585,-101.016
544.693,-103.181
544.802,-104.346
544.910,-101.812
545.018,-101.009
545.127,-101.827
545.235,-101.227
545.344,-102.507
545.452,-101.965
545.561,-96.610
545.669,-98.947
545.778,-100.016
545.886,-97.120
545.995,-98.634
546.103,-97.339
546.212,-95.231
546.320,-99.622
546.429,-100.826
546.537,-103.959
546.646,-103.080
546.754,-96.508
546.863,-95.810
546.971,-100.450
547.080,-102.415
547.188,-97.957
547.297,-91.937
547.405,-95.710
547.513,-102.558
547.622,-102.772
547.730,-105.059
547.839,-106.611
547.947,-102.693
548.056,-98.946
548.164,-100.118
548.273,-98.202
548.381,-104.604
548.490,-104.605
548.598,-98.255
548.707,-93.329
548.815,-100.324
548.924,-103.773
549.032,-103.453
549.141,-97.807
549.249,-97.593
549.358,-82.880
549.466,-82.311
549.575,-94.630
549.683,-100.231
549.792,-99.827
549.900,-101.853
549.900,-101.592
550.008,-99.787
550.117,-101.685
550.225,-100.635
550.334,-102.295
550.442,-104.491
550.551,-101.817
550.659,-101.891
550.768,-103.336
550.876,-104.513
550.985,-102.903
551.093,-100.276
551.202,-103.960
551.310,-103.213
551.419,-102.978
551.527,-101.534
551.636,-103.912
551.744,-102.880
551.853,-100.348
551.961,-104.974
552.070,-103.824
552.178,-104.356
552.287,-104.724
552.395,-105.561
552.503,-103.167
552.612,-105.334
552.720,-104.915
552.829,-101.922
552.937,-95.747
553.046,-100.980
553.154,-104.748
553.263,-104.531
553.371,-101.927
553.480,-103.468
553.588,-100.356
553.697,-104.567
553.805,-99.590
553.914,-100.765
554.022,-94.207
554.131,-95.716
554.239,-84.935
554.348,-78.127
554.456,-85.410
554.565,-91.016
554.673,-98.469
554.782,-99.735
554.890,-101.653
554.998,-101.456
555.107,-104.384
555.215,-104.030
555.324,-107.123
555.432,-106.514
555.541,-107.496
555.649,-104.532
555.758,-105.531
555.866,-103.461
555.975,-105.001
556.083,-106.412
556.192,-106.138
556.300,-108.183
556.409,-102.728
556.517,-107.384
556.626,-108.006
556.734,-106.817
556.843,-106.328
556.951,-104.856
557.060,-103.273
557.168,-98.966
557.277,-103.565
557.385,-107.398
557.493,-104.734
557.602,-105.677
557.710,-106.339
557.819,-106.159
557.927,-106.929
558.036,-104.351
558.144,-105.644
558.253,-107.513
558.361,-106.353
558.470,-105.180
558.578,-103.603
558.687,-106.075
558.795,-103.639
558.904,-108.934
559.012,-108.569
559.121,-109.864
559.229,-108.106
559.338,-109.005
559.446,-109.654
559.555,-109.238
559.663,-110.261
559.772,-107.858
559.880,-101.317
559.988,-91.852
560.097,-102.316
560.205,-107.273
560.314,-108.968
560.422,-109.895
560.531,-108.971
560.639,-109.408
560.748,-110.151
560.856,-108.558
560.965,-108.416
561.073,-107.954
561.182,-109.372
561.290,-107.678
561.399,-106.773
561.507,-106.587
561.616,-107.937
561.724,-105.298
561.833,-99.959
561.941,-107.733
562.050,-105.208
562.158,-104.444
562.267,-105.481
562.375,-105.262
562.483,-103.934
562.592,-106.809
562.700,-106.593
562.809,-104.282
562.917,-106.461
563.026,-100.423
563.134,-103.463
563.243,-106.723
563.351,-105.327
563.460,-106.436
563.568,-104.647
563.677,-98.479
563.785,-106.262
563.894,-105.368
564.002,-102.239
564.111,-98.810
564.219,-94.415
564.328,-95.804
564.436,-100.347
564.545,-84.356
564.653,-83.211
564.762,-95.832
564.870,-96.911
564.978,-105.059
565.087,-107.062
565.195,-103.641
565.304,-103.016
565.412,-100.110
565.521,-99.877
565.629,-97.900
565.738,-101.412
565.846,-105.897
565.955,-105.336
566.063,-103.956
566.172,-104.975
566.280,-104.320
566.389,-104.802
566.497,-105.042
566.606,-100.195
566.714,-104.099
566.823,-105.179
566.931,-107.395
567.040,-105.962
567.148,-100.840
567.257,-106.747
567.365,-103.398
567.473,-104.381
567.582,-103.708
567.690,-102.897
567.799,-105.019
567.907,-105.583
568.016,-103.237
568.124,-104.647
568.233,-106.388
568.341,-106.833
568.450,-101.707
568.558,-104.494
568.667,-104.517
568.775,-104.523
568.884,-103.335
568.992,-103.388
569.101,-103.257
569.209,-105.514
569.318,-102.298
569.426,-103.885
569.535,-103.180
569.643,-101.298
569.752,-103.976
569.860,-104.052
569.968,-99.747
570.077,-102.875
570.185,-103.881
570.294,-101.989
570.402,-103.972
570.511,-105.476
570.619,-105.224
570.728,-101.696
570.836,-95.311
570.945,-102.341
571.053,-105.922
571.162,-105.470
571.270,-99.197
571.379,-102.490
571.487,-106.443
571.596,-102.911
571.704,-103.521
571.813,-103.916
571.921,-101.489
572.030,-104.461
572.138,-105.184
572.247,-105.469
572.355,-101.349
572.463,-104.328
572.572,-102.399
572.680,-94.338
572.789,-105.922
572.897,-97.565
573.006,-104.053
573.114,-105.555
573.223,-96.274
573.331,-100.882
573.440,-104.866
573.548,-104.922
573.657,-104.412
573.765,-105.141
573.874,-101.509
573.982,-103.807
574.091,-102.840
574.199,-102.016
574.308,-104.736
574.416,-104.695
574.525,-104.040
574.633,-103.984
574.742,-104.743
574.850,-105.285
574.958,-102.705
575.067,-106.499
575.175,-105.310
575.284,-105.094
575.392,-105.657
575.501,-103.977
575.609,-94.594
575.718,-99.576
575.826,-105.112
575.935,-102.816
576.043,-103.884
576.152,-103.622
576.260,-103.873
576.369,-103.650
576.477,-103.409
576.586,-103.526
576.694,-103.198
576.803,-101.172
576.911,-97.966
577.020,-103.323
577.128,-104.001
577.237,-102.397
577.345,-100.072
577.453,-93.799
577.562,-92.585
577.670,-99.996
577.779,-103.236
577.887,-99.360
577.996,-103.122
578.104,-101.396
578.213,-103.551
578.321,-99.919
578.430,-101.643
578.538,-104.084
578.647,-96.414
578.755,-99.772
578.864,-98.540
578.972,-100.162
579.081,-84.452
579.189,-86.736
579.298,-99.464
579.406,-103.496
579.515,-100.966
579.623,-103.822
579.732,-101.195
579.840,-97.734
579.948,-97.863
580.057,-98.478
580.165,-102.547
580.274,-102.180
580.382,-98.405
580.491,-101.786
580.599,-101.248
580.708,-102.977
580.816,-102.533
580.925,-103.176
581.033,-99.496
581.142,-97.040
581.250,-99.990
581.359,-99.891
581.467,-104.227
581.576,-103.049
581.684,-94.444
581.793,-98.629
581.901,-102.039
582.010,-102.865
582.118,-102.983
582.227,-101.696
582.335,-103.856
582.443,-102.607
582.552,-101.688
582.660,-103.904
582.769,-104.500
582.877,-103.298
582.986,-100.309
583.094,-100.546
583.203,-98.674
583.311,-104.475
583.420,-102.573
583.528,-102.900
583.637,-101.985
583.745,-100.014
583.854,-102.552
583.962,-100.392
584.071,-101.155
584.179,-101.535
584.288,-100.118
584.396,-100.884
584.505,-102.299
584.613,-102.342
584.722,-100.317
584.830,-100.941
584.938,-97.968
585.047,-97.634
585.155,-84.354
585.264,-95.850
585.372,-99.366
585.481,-99.415
585.589,-101.585
585.698,-101.434
585.806,-100.672
585.915,-99.474
586.023,-102.493
586.132,-103.095
586.240,-102.942
586.349,-104.645
586.457,-97.002
586.566,-103.817
586.674,-103.694
586.783,-103.938
586.891,-103.070
587.000,-103.908
587.108,-101.248
587.217,-102.552
587.325,-102.728
587.433,-103.308
587.542,-103.765
587.650,-102.039
587.759,-105.157
587.867,-103.301
587.976,-101.718
588.084,-102.623
588.193,-103.610
588.301,-101.114
588.410,-101.105
588.518,-100.495
588.627,-99.788
588.735,-98.084
588.844,-101.723
588.952,-101.051
589.061,-102.675
589.169,-101.209
589.278,-98.469
589.386,-101.429
589.495,-101.412
589.603,-99.931
589.712,-101.969
589.820,-98.025
589.928,-102.091
590.037,-95.762
590.145,-100.853
590.254,-102.917
590.362,-103.546
590.471,-104.350
590.579,-102.058
590.688,-99.920
590.796,-100.847
590.905,-102.556
591.013,-104.219
591.122,-103.664
591.230,-103.295
591.339,-103.218
591.447,-104.145
591.556,-100.614
591.664,-101.164
591.773,-98.806
591.881,-96.943
591.990,-101.328
592.098,-103.181
592.207,-102.579
592.315,-103.555
592.423,-99.313
592.532,-100.865
592.640,-102.011
592.749,-101.512
592.857,-100.315
592.966,-100.961
593.074,-100.593
593.183,-98.808
593.291,-97.971
593.400,-100.558
593.508,-96.036
593.617,-94.779
593.725,-96.764
593.834,-90.755
593.942,-77.061
594.051,-87.888
594.159,-95.183
594.268,-96.517
594.376,-90.217
594.485,-96.594
594.593,-99.260
594.702,-100.716
594.810,-101.358
594.918,-99.072
595.027,-99.917
595.135,-99.985
595.244,-100.492
595.352,-101.845
595.461,-101.548
595.569,-102.452
595.678,-100.805
595.786,-101.273
595.895,-100.134
596.003,-101.301
596.112,-100.996
596.220,-101.916
596.329,-99.951
596.437,-105.483
596.546,-95.940
596.654,-104.481
596.763,-102.531
596.871,-100.825
596.980,-100.828
597.088,-103.683
597.197,-98.827
597.305,-100.423
597.413,-102.641
597.522,-99.062
597.630,-103.548
597.739,-102.559
597.847,-102.474
597.956,-101.271
598.064,-101.983
598.173,-101.590
598.281,-102.392
598.390,-104.796
598.498,-100.715
598.607,-102.115
598.715,-103.964
598.824,-103.299
598.932,-102.971
599.041,-102.792
599.149,-100.581
599.258,-98.182
599.366,-101.846
599.475,-96.387
599.583,-99.449
599.692,-104.588
599.800,-105.091
599.800,-101.687
599.908,-102.201
600.000,-90.076
600.108,-98.328
600.217,-102.913
600.325,-105.041
600.434,-104.845
600.542,-104.577
600.651,-104.323
600.759,-102.462
600.868,-101.187
600.976,-103.487
601.085,-106.052
601.193,-102.158
601.302,-103.109
601.410,-103.851
601.519,-102.674
601.627,-99.573
601.736,-101.256
601.844,-100.148
601.953,-101.629
602.061,-92.236
602.170,-91.894
602.278,-99.753
602.387,-101.423
602.495,-103.218
602.603,-102.386
602.712,-100.763
602.820,-100.565
602.929,-101.359
603.037,-103.372
603.146,-102.480
603.254,-101.758
603.363,-102.042
603.471,-102.413
603.580,-101.738
603.688,-102.660
603.797,-103.385
603.905,-101.956
604.014,-102.696
604.122,-104.281
604.231,-103.571
604.339,-104.118
604.448,-103.157
604.556,-101.491
604.665,-103.113
604.773,-102.717
604.882,-102.916
604.990,-102.339
605.098,-101.520
605.207,-103.067
605.315,-101.604
605.424,-103.224
605.532,-101.186
605.641,-100.711
605.749,-100.721
605.858,-100.639
605.966,-103.388
606.075,-102.342
606.183,-103.791
606.292,-101.013
606.400,-102.960
606.509,-101.217
606.617,-100.494
606.726,-103.040
606.834,-102.440
606.943,-100.655
607.051,-102.636
607.160,-102.371
607.268,-102.188
607.377,-103.603
607.485,-100.053
607.593,-99.658
607.702,-101.211
607.810,-103.584
607.919,-104.325
608.027,-104.801
608.136,-102.440
608.244,-102.696
608.353,-102.858
608.461,-102.007
608.570,-103.952
608.678,-101.515
608.787,-96.248
608.895,-102.673
609.004,-103.402
609.112,-102.708
609.221,-105.656
609.329,-101.141
609.438,-101.945
609.546,-100.154
609.655,-102.770
609.763,-100.759
609.872,-98.242
609.980,-100.017
610.088,-104.690
610.197,-102.678
610.305,-102.823
610.414,-103.040
610.522,-100.941
610.631,-101.807
610.739,-94.675
610.848,-93.635
610.956,-96.704
611.065,-95.083
611.173,-95.900
611.282,-95.724
611.390,-100.107
611.499,-101.438
611.607,-100.381
611.716,-100.356
611.824,-102.692
611.933,-102.708
612.041,-102.641
612.150,-104.294
612.258,-102.614
612.367,-100.442
612.475,-102.809
612.583,-101.716
612.692,-100.743
612.800,-101.185
612.909,-103.024
613.017,-103.287
613.126,-102.254
613.234,-101.184
613.343,-98.493
613.451,-98.163
613.560,-95.055
613.668,-98.266
613.777,-99.156
613.885,-102.641
613.994,-100.207
614.102,-97.104
614.211,-95.575
614.319,-95.715
614.428,-93.970
614.536,-93.475
614.645,-92.714
614.753,-93.737
614.862,-94.448
614.970,-94.558
615.078,-99.095
615.187,-91.658
615.295,-88.232
615.404,-85.755
615.512,-83.817
615.621,-80.701
615.729,-80.373
615.838,-79.373
615.946,-65.722
616.055,-79.327
616.163,-80.279
616.272,-81.237
616.380,-81.779
616.489,-84.975
616.597,-86.837
616.706,-91.044
616.814,-92.869
616.923,-98.640
617.031,-93.998
617.140,-92.725
617.248,-91.597
617.357,-91.804
617.465,-91.270
617.573,-92.040
617.682,-94.425
617.790,-97.224
617.899,-98.232
618.007,-97.404
618.116,-94.470
618.224,-92.859
618.333,-92.147
618.441,-92.208
618.550,-92.970
618.658,-97.432
618.767,-100.986
618.875,-101.513
618.984,-99.909
619.092,-99.408
619.201,-98.293
619.309,-97.342
619.418,-98.546
619.526,-94.621
619.635,-94.050
619.743,-100.223
619.852,-95.984
619.960,-95.980
620.068,-98.115
620.177,-96.471
620.285,-97.148
620.394,-98.551
620.502,-100.458
620.611,-100.144
620.719,-92.007
620.828,-94.348
620.936,-95.247
621.045,-93.674
621.153,-94.233
621.262,-96.692
621.370,-98.261
621.479,-100.430
621.587,-103.506
621.696,-102.405
621.804,-102.849
621.913,-99.221
622.021,-97.849
622.130,-98.907
622.238,-99.624
622.347,-101.961
622.455,-96.867
622.563,-98.991
622.672,-102.084
622.780,-102.684
622.889,-103.528
622.997,-100.324
623.106,-98.075
623.214,-98.106
623.323,-100.806
623.431,-100.718
623.540,-100.754
623.648,-93.107
623.757,-102.534
623.865,-103.055
623.974,-101.954
624.082,-102.823
624.191,-101.499
624.299,-98.569
624.408,-98.965
624.516,-102.316
624.625,-102.954
624.733,-103.225
624.842,-102.982
624.950,-96.404
625.058,-102.589
625.167,-101.645
625.275,-103.757
625.384,-101.531
625.492,-100.374
625.601,-100.323
625.709,-100.688
625.818,-102.306
625.926,-101.492
626.035,-101.947
626.143,-99.567
626.252,-99.897
626.360,-101.021
626.469,-102.386
626.577,-103.929
626.686,-96.446
626.794,-96.063
626.903,-101.997
627.011,-102.024
627.120,-103.066
627.228,-104.073
627.337,-101.737
627.445,-97.830
627.553,-98.015
627.662,-104.427
627.770,-102.047
627.879,-101.996
627.987,-98.091
628.096,-102.087
628.204,-100.315
628.313,-100.315
628.421,-101.182
628.530,-102.513
628.638,-96.121
628.747,-95.010
628.855,-101.716
628.964,-102.153
629.072,-99.214
629.181,-99.389
629.289,-101.563
629.398,-102.573
629.506,-101.485
629.615,-102.392
629.723,-100.189
629.832,-99.468
629.940,-96.567
630.048,-94.403
630.157,-102.972
630.265,-103.112
630.374,-102.852
630.482,-103.620
630.591,-103.624
630.699,-102.212
630.808,-102.185
630.916,-103.038
631.025,-101.361
631.133,-101.091
631.242,-98.164
631.350,-102.321
631.459,-100.336
631.567,-97.313
631.676,-101.636
631.784,-103.357
631.893,-102.844
632.001,-102.797
632.110,-102.925
632.218,-99.414
632.327,-97.444
632.435,-95.790
632.543,-103.210
632.652,-96.587
632.760,-100.208
632.869,-98.768
632.977,-103.834
633.086,-101.369
633.194,-102.585
633.303,-102.144
633.411,-100.704
633.520,-101.402
633.628,-103.045
633.737,-103.403
633.845,-100.468
633.954,-102.773
634.062,-103.965
634.171,-102.217
634.279,-97.775
634.388,-94.425
634.496,-99.969
634.605,-103.333
634.713,-102.736
634.822,-102.811
634.930,-99.332
635.038,-99.415
635.147,-97.449
635.255,-96.759
635.364,-102.133
635.472,-104.166
635.581,-102.943
635.689,-102.629
635.798,-103.795
635.906,-103.740
636.015,-102.894
636.123,-104.352
636.232,-101.644
636.340,-100.652
636.449,-104.718
636.557,-104.319
636.666,-102.349
636.774,-104.677
636.883,-104.105
636.991,-101.365
637.100,-101.418
637.208,-100.252
637.317,-99.454
637.425,-91.287
637.533,-86.639
637.642,-91.460
637.750,-96.243
637.859,-95.707
637.967,-95.461
638.076,-94.953
638.184,-93.348
638.293,-93.874
638.401,-94.772
638.510,-91.594
638.618,-92.430
638.727,-91.391
638.835,-91.269
638.944,-92.345
639.052,-91.543
639.161,-92.117
639.269,-92.346
639.378,-91.290
639.486,-89.846
639.595,-93.637
639.703,-93.374
639.812,-94.235
639.920,-93.901
640.028,-85.722
640.137,-91.389
640.245,-94.292
640.354,-94.786
640.462,-94.494
640.571,-93.716
640.679,-92.288
640.788,-91.455
640.896,-94.732
641.005,-90.769
641.113,-93.059
641.222,-94.833
641.330,-93.670
641.439,-90.452
641.547,-92.906
641.656,-94.371
641.764,-94.790
641.873,-92.958
641.981,-94.299
642.090,-95.090
642.198,-95.030
642.307,-92.557
642.415,-95.134
642.523,-92.429
642.632,-92.679
642.740,-94.235
642.849,-94.443
642.957,-91.783
643.066,-92.678
643.174,-92.396
643.283,-94.767
643.391,-91.373
643.500,-94.562
643.608,-95.387
643.717,-96.572
643.825,-97.965
643.934,-95.866
644.042,-98.669
644.151,-96.250
644.259,-94.277
644.368,-93.507
644.476,-95.749
644.585,-94.136
644.693,-95.130
644.802,-95.861
644.910,-96.063
645.018,-93.558
645.127,-96.075
645.235,-96.448
645.344,-95.503
645.452,-95.239
645.561,-94.446
645.669,-93.780
645.778,-95.117
645.886,-95.449
645.995,-95.396
646.103,-96.129
646.212,-95.209
646.320,-95.095
646.429,-95.357
646.537,-92.810
646.646,-95.347
646.754,-90.934
646.863,-94.360
646.971,-93.323
647.080,-92.549
647.188,-95.589
647.297,-96.687
647.405,-95.463
647.513,-93.680
647.622,-95.208
647.730,-95.791
647.839,-93.268
647.947,-95.563
648.056,-93.436
648.164,-95.005
648.273,-96.056
648.381,-95.683
648.490,-95.194
648.598,-95.242
648.707,-96.974
648.815,-95.670
648.924,-94.788
649.032,-92.764
649.141,-95.403
649.249,-93.227
649.358,-94.565
649.466,-96.024
649.575,-94.103
649.683,-94.488
649.792,-95.659
649.900,-96.999
649.900,-96.977
650.008,-96.156
650.117,-96.798
650.225,-96.459
650.334,-100.684
650.442,-101.293
650.551,-98.094
650.659,-100.654
650.768,-97.350
650.876,-95.669
650.985,-99.503
651.093,-99.521
651.202,-92.764
651.310,-92.000
651.419,-96.906
651.527,-99.930
651.636,-98.523
651.744,-102.951
651.853,-102.102
651.961,-102.490
652.070,-104.463
652.178,-106.063
652.287,-103.992
652.395,-104.718
652.503,-97.762
652.612,-105.327
652.720,-104.168
652.829,-105.117
652.937,-101.223
653.046,-99.203
653.154,-102.980
653.263,-102.594
653.371,-102.364
653.480,-104.117
653.588,-101.873
653.697,-104.162
653.805,-103.577
653.914,-100.575
654.022,-101.935
654.131,-101.460
654.239,-100.394
654.348,-104.445
654.456,-102.604
654.565,-103.490
654.673,-102.352
654.782,-104.627
654.890,-103.474
654.998,-102.036
655.107,-103.134
655.215,-102.224
655.324,-104.769
655.432,-104.841
655.541,-102.820
655.649,-103.953
655.758,-104.675
655.866,-102.088
655.975,-102.328
656.083,-104.419
656.192,-103.528
656.300,-103.645
656.409,-102.966
656.517,-104.211
656.626,-103.910
656.734,-103.297
656.843,-100.273
656.951,-100.504
657.060,-101.042
657.168,-103.853
657.277,-103.708
657.385,-102.162
657.493,-97.981
657.602,-105.123
657.710,-103.234
657.819,-102.990
657.927,-103.172
658.036,-102.672
658.144,-103.445
658.253,-101.793
658.361,-101.309
658.470,-103.721
658.578,-104.449
658.687,-103.175
658.795,-103.280
658.904,-104.175
659.012,-93.028
659.121,-103.341
659.229,-101.463
659.338,-102.896
659.446,-102.027
659.555,-102.927
659.663,-103.015
659.772,-99.294
659.880,-100.653
659.988,-94.772
660.097,-99.464
660.205,-102.182
660.314,-101.471
660.422,-102.936
660.531,-100.067
660.639,-100.604
660.748,-100.896
660.856,-100.243
660.965,-101.550
661.073,-101.014
661.182,-102.817
661.290,-103.013
661.399,-103.071
661.507,-100.790
661.616,-99.179
661.724,-103.791
661.833,-101.378
661.941,-101.928
662.050,-101.701
662.158,-101.527
662.267,-101.268
662.375,-100.203
662.483,-102.996
662.592,-102.826
662.700,-101.874
662.809,-102.993
662.917,-103.173
663.026,-100.580
663.134,-102.308
663.243,-101.615
663.351,-102.324
663.460,-100.297
663.568,-100.747
663.677,-103.530
663.785,-101.797
663.894,-103.662
664.002,-102.416
664.111,-102.377
664.219,-101.213
664.328,-103.461
664.436,-103.476
664.545,-100.417
664.653,-100.720
664.762,-102.787
664.870,-103.241
664.978,-102.038
665.087,-99.354
665.195,-103.557
665.304,-101.863
665.412,-100.710
665.521,-101.161
665.629,-102.670
665.738,-102.234
665.846,-101.731
665.955,-102.038
666.063,-101.039
666.172,-99.666
666.280,-98.963
666.389,-100.051
666.497,-99.320
666.606,-97.132
666.714,-94.299
666.823,-93.320
666.931,-96.525
667.040,-96.025
667.148,-94.292
667.257,-80.668
667.365,-83.945
667.473,-91.707
667.582,-95.235
667.690,-95.193
667.799,-96.671
667.907,-94.966
668.016,-93.917
668.124,-98.113
668.233,-81.871
668.341,-97.423
668.450,-100.614
668.558,-100.159
668.667,-96.494
668.775,-100.838
668.884,-100.174
668.992,-101.540
669.101,-102.186
669.209,-100.709
669.318,-101.851
669.426,-101.161
669.535,-104.136
669.643,-103.821
669.752,-101.386
669.860,-103.150
669.968,-99.071
670.077,-103.676
670.185,-102.999
670.294,-104.252
670.402,-104.064
670.511,-104.759
670.619,-105.496
670.728,-103.198
670.836,-103.340
670.945,-102.497
671.053,-102.874
671.162,-104.709
671.270,-105.874
671.379,-103.742
671.487,-105.727
671.596,-102.125
671.704,-105.662
671.813,-105.108
671.921,-103.875
672.030,-104.817
672.138,-104.816
672.247,-104.818
672.355,-103.868
672.463,-104.250
672.572,-105.392
672.680,-102.926
672.789,-105.277
672.897,-105.221
673.006,-106.223
673.114,-106.376
673.223,-104.550
673.331,-104.845
673.440,-103.744
673.548,-104.794
673.657,-103.993
673.765,-103.528
673.874,-102.787
673.982,-107.221
674.091,-104.426
674.199,-105.514
674.308,-101.122
674.416,-105.013
674.525,-105.407
674.633,-103.969
674.742,-104.921
674.850,-106.280
674.958,-99.122
675.067,-105.685
675.175,-105.892
675.284,-107.719
675.392,-106.344
675.501,-105.699
675.609,-106.993
675.718,-102.123
675.826,-99.181
675.935,-102.661
676.043,-106.373
676.152,-106.120
676.260,-106.234
676.369,-106.796
676.477,-106.769
676.586,-105.585
676.694,-103.014
676.803,-107.329
676.911,-105.574
677.020,-106.619
677.128,-105.050
677.237,-105.752
677.345,-103.028
677.453,-95.836
677.562,-91.146
677.670,-99.446
677.779,-105.002
677.887,-102.615
677.996,-105.853
678.104,-106.489
678.213,-106.653
678.321,-108.684
678.430,-108.170
678.538,-107.630
678.647,-106.631
678.755,-106.810
678.864,-107.402
678.972,-108.177
679.081,-105.852
679.189,-106.814
679.298,-107.630
679.406,-107.421
679.515,-107.205
679.623,-107.181
679.732,-108.279
679.840,-106.841
679.948,-94.112
680.057,-95.116
680.165,-108.150
680.274,-107.031
680.382,-105.425
680.491,-104.828
680.599,-103.317
680.708,-105.541
680.816,-105.657
680.925,-107.329
681.033,-106.192
681.142,-106.069
681.250,-107.284
681.359,-106.141
681.467,-107.710
681.576,-106.422
681.684,-107.406
681.793,-106.415
681.901,-106.210
682.010,-103.488
682.118,-103.856
682.227,-105.812
682.335,-102.435
682.443,-98.388
682.552,-98.486
682.660,-105.419
682.769,-104.390
682.877,-105.782
682.986,-101.294
683.094,-100.735
683.203,-104.978
683.311,-104.905
683.420,-107.532
683.528,-106.099
683.637,-105.778
683.745,-105.702
683.854,-105.311
683.962,-102.926
684.071,-106.892
684.179,-105.821
684.288,-106.114
684.396,-84.310
684.505,-90.316
684.613,-98.719
684.722,-98.503
684.830,-102.550
684.938,-104.194
685.047,-98.970
685.155,-106.716
685.264,-106.677
685.372,-107.191
685.481,-108.072
685.589,-105.641
685.698,-105.552
685.806,-106.950
685.915,-106.347
686.023,-103.732
686.132,-105.265
686.240,-106.234
686.349,-105.451
686.457,-105.324
686.566,-105.182
686.674,-106.411
686.783,-104.930
686.891,-106.165
687.000,-104.254
687.108,-104.155
687.217,-104.610
687.325,-103.575
687.433,-107.394
687.542,-103.106
687.650,-105.949
687.759,-105.798
687.867,-103.821
687.976,-102.479
688.084,-97.206
688.193,-101.686
688.301,-107.019
688.410,-104.817
688.518,-106.685
688.627,-106.300
688.735,-105.087
688.844,-105.831
688.952,-104.423
689.061,-104.959
689.169,-105.530
689.278,-105.983
689.386,-105.104
689.495,-105.633
689.603,-106.254
689.712,-104.519
689.820,-104.402
689.928,-102.706
690.037,-97.021
690.145,-102.500
690.254,-103.197
690.362,-103.245
690.471,-105.346
690.579,-100.817
690.688,-105.425
690.796,-106.608
690.905,-106.752
691.013,-105.677
691.122,-105.005
691.230,-106.103
691.339,-103.852
691.447,-107.367
691.556,-105.269
691.664,-104.514
691.773,-99.677
691.881,-106.730
691.990,-106.059
692.098,-107.540
692.207,-107.616
692.315,-103.815
692.423,-105.188
692.532,-102.594
692.640,-105.320
692.749,-107.400
692.857,-105.542
692.966,-99.227
693.074,-106.260
693.183,-107.112
693.291,-104.853
693.400,-106.189
693.508,-106.187
693.617,-105.172
693.725,-106.254
693.834,-105.561
693.942,-106.275
694.051,-103.516
694.159,-103.206
694.268,-105.802
694.376,-106.413
694.485,-106.203
694.593,-105.346
694.702,-105.751
694.810,-100.662
694.918,-106.743
695.027,-99.116
695.135,-105.056
695.244,-105.787
695.352,-105.034
695.461,-105.802
695.569,-105.375
695.678,-103.081
695.786,-103.353
695.895,-104.649
696.003,-102.513
696.112,-103.370
696.220,-103.742
696.329,-104.069
696.437,-104.584
696.546,-106.204
696.654,-105.666
696.763,-103.448
696.871,-103.459
696.980,-102.577
697.088,-104.234
697.197,-102.026
697.305,-104.474
697.413,-104.537
697.522,-101.413
697.630,-106.127
697.739,-105.866
697.847,-92.130
697.956,-92.274
698.064,-102.882
698.173,-102.991
698.281,-106.048
698.390,-103.978
698.498,-106.912
698.607,-104.549
698.715,-105.779
698.824,-104.093
698.932,-102.450
699.041,-106.013
699.149,-105.429
699.258,-103.998
699.366,-107.024
699.475,-105.175
699.583,-103.517
699.692,-105.345
699.800,-103.204
699.800,-105.907
699.908,-105.386
700.000,-103.185
700.108,-98.734
700.217,-103.885
700.325,-105.636
700.434,-95.249
700.542,-106.187
700.651,-106.389
700.759,-104.421
700.868,-103.698
700.976,-103.391
701.085,-102.845
701.193,-103.050
701.302,-101.705
701.410,-91.635
701.519,-83.760
701.627,-97.814
701.736,-100.026
701.844,-102.173
701.953,-103.029
702.061,-103.578
702.170,-105.679
702.278,-107.601
702.387,-106.359
702.495,-103.461
702.603,-102.182
702.712,-104.575
702.820,-107.264
702.929,-105.080
703.037,-101.470
703.146,-101.846
703.254,-105.342
703.363,-105.266
703.471,-102.829
703.580,-103.917
703.688,-105.927
703.797,-102.171
703.905,-102.757
704.014,-105.045
704.122,-104.551
704.231,-104.116
704.339,-105.743
704.448,-106.192
704.556,-107.911
704.665,-104.783
704.773,-103.258
704.882,-105.117
704.990,-103.329
705.098,-108.035
705.207,-106.933
705.315,-104.283
705.424,-103.939
705.532,-104.576
705.641,-105.922
705.749,-107.131
705.858,-102.183
705.966,-99.765
706.075,-98.945
706.183,-100.964
706.292,-105.972
706.400,-107.224
706.509,-104.032
706.617,-104.499
706.726,-102.622
706.834,-101.776
706.943,-102.269
707.051,-100.821
707.160,-105.811
707.268,-105.061
707.377,-105.205
707.485,-105.619
707.593,-105.284
707.702,-101.878
707.810,-105.241
707.919,-103.210
708.027,-103.621
708.136,-101.772
708.244,-101.433
708.353,-93.460
708.461,-95.231
708.570,-103.978
708.678,-96.154
708.787,-99.302
708.895,-103.470
709.004,-102.250
709.112,-105.077
709.221,-105.112
709.329,-107.001
709.438,-106.143
709.546,-107.160
709.655,-106.332
709.763,-106.747
709.872,-105.246
709.980,-106.221
710.088,-106.967
710.197,-107.506
710.305,-105.766
710.414,-107.609
710.522,-107.556
710.631,-107.668
710.739,-107.727
710.848,-106.073
710.956,-106.630
711.065,-105.159
711.173,-105.794
711.282,-105.947
711.390,-105.636
711.499,-102.058
711.607,-103.879
711.716,-106.708
711.824,-104.410
711.933,-107.541
712.041,-107.215
712.150,-103.807
712.258,-105.644
712.367,-106.741
712.475,-107.504
712.583,-108.059
712.692,-99.082
712.800,-97.693
712.909,-104.962
713.017,-106.329
713.126,-107.356
713.234,-107.548
713.343,-103.910
713.451,-106.742
713.560,-108.633
713.668,-107.567
713.777,-106.240
713.885,-105.547
713.994,-105.113
714.102,-103.198
714.211,-104.297
714.319,-96.701
714.428,-99.333
714.536,-105.364
714.645,-106.389
714.753,-105.591
714.862,-104.924
714.970,-104.532
715.078,-104.553
715.187,-105.243
715.295,-104.329
715.404,-106.145
715.512,-105.938
715.621,-106.826
715.729,-106.400
715.838,-106.807
715.946,-105.801
716.055,-106.012
716.163,-104.879
716.272,-104.777
716.380,-105.259
716.489,-107.348
716.597,-105.188
716.706,-104.470
716.814,-104.944
716.923,-104.781
717.031,-104.226
717.140,-101.246
717.248,-102.689
717.357,-103.144
717.465,-103.381
717.573,-104.663
717.682,-105.574
717.790,-102.609
717.899,-103.867
718.007,-102.473
718.116,-101.507
718.224,-101.205
718.333,-100.038
718.441,-94.195
718.550,-86.175
718.658,-81.705
718.767,-94.240
718.875,-102.084
718.984,-104.723
719.092,-102.662
719.201,-101.003
719.309,-102.926
719.418,-104.228
719.526,-104.790
719.635,-103.666
719.743,-105.295
719.852,-102.995
719.960,-87.835
720.068,-96.633
720.177,-100.751
720.285,-105.158
720.394,-105.960
720.502,-106.368
720.611,-105.546
720.719,-104.225
720.828,-106.294
720.936,-106.165
721.045,-106.914
721.153,-105.374
721.262,-106.253
721.370,-106.943
721.479,-107.087
721.587,-106.241
721.696,-107.701
721.804,-107.268
721.913,-108.200
722.021,-105.664
722.130,-106.776
722.238,-105.337
722.347,-102.596
722.455,-102.751
722.563,-104.033
722.672,-104.897
722.780,-101.887
722.889,-102.879
722.997,-104.706
723.106,-104.515
723.214,-104.799
723.323,-106.254
723.431,-107.072
723.540,-105.868
723.648,-104.210
723.757,-107.921
723.865,-107.987
723.974,-107.683
724.082,-107.527
724.191,-105.343
724.299,-107.581
724.408,-106.213
724.516,-107.592
724.625,-108.523
724.733,-108.336
724.842,-106.592
724.950,-101.977
725.058,-106.388
725.167,-108.501
725.275,-107.223
725.384,-109.206
725.492,-106.056
725.601,-98.293
725.709,-99.215
725.818,-103.683
725.926,-104.623
726.035,-105.597
726.143,-105.757
726.252,-106.081
726.360,-105.137
726.469,-107.521
726.577,-106.454
726.686,-106.780
726.794,-103.926
726.903,-103.127
727.011,-107.088
727.120,-106.606
727.228,-107.231
727.337,-107.909
727.445,-105.616
727.553,-106.507
727.662,-107.114
727.770,-108.168
727.879,-107.877
727.987,-106.204
728.096,-105.792
728.204,-105.704
728.313,-106.518
728.421,-102.864
728.530,-105.977
728.638,-105.628
728.747,-106.510
728.855,-105.130
728.964,-103.896
729.072,-107.241
729.181,-106.288
729.289,-99.623
729.398,-97.048
729.506,-96.385
729.615,-101.497
729.723,-100.826
729.832,-99.727
729.940,-97.827
730.048,-99.423
730.157,-99.519
730.265,-99.198
730.374,-99.637
730.482,-100.826
730.591,-101.326
730.699,-98.619
730.808,-101.069
730.916,-98.816
731.025,-100.718
731.133,-101.808
731.242,-97.275
731.350,-97.570
731.459,-100.673
731.567,-98.211
731.676,-100.162
731.784,-100.849
731.893,-97.778
732.001,-100.798
732.110,-98.415
732.218,-98.442
732.327,-97.679
732.435,-98.725
732.543,-99.743
732.652,-99.358
732.760,-97.878
732.869,-97.876
732.977,-97.806
733.086,-97.895
733.194,-98.980
733.303,-99.303
733.411,-99.500
733.520,-99.378
733.628,-99.439
733.737,-101.053
733.845,-98.347
733.954,-98.394
734.062,-98.247
734.171,-99.354
734.279,-98.450
734.388,-99.877
734.496,-97.862
734.605,-98.580
734.713,-100.608
734.822,-99.505
734.930,-100.253
735.038,-99.140
735.147,-99.810
735.255,-101.527
735.364,-98.838
735.472,-99.456
735.581,-97.696
735.689,-96.265
735.798,-95.147
735.906,-99.198
736.015,-97.536
736.123,-98.604
736.232,-99.467
736.340,-98.044
736.449,-96.412
736.557,-98.719
736.666,-98.581
736.774,-98.712
736.883,-96.954
736.991,-96.827
737.100,-98.594
737.208,-99.120
737.317,-97.925
737.425,-96.732
737.533,-97.904
737.642,-98.476
737.750,-98.735
737.859,-96.774
737.967,-98.221
738.076,-97.979
738.184,-98.913
738.293,-97.499
738.401,-99.554
738.510,-98.598
738.618,-106.577
738.727,-106.719
738.835,-106.792
738.944,-107.722
739.052,-106.129
739.161,-104.939
739.269,-106.097
739.378,-107.418
739.486,-104.766
739.595,-105.352
739.703,-106.376
739.812,-103.938
739.920,-100.008
740.028,-104.292
740.137,-105.043
740.245,-95.027
740.354,-94.781
740.462,-93.401
740.571,-93.693
740.679,-93.857
740.788,-94.759
740.896,-93.811
741.005,-95.148
741.113,-94.206
741.222,-92.886
741.330,-93.328
741.439,-93.865
741.547,-92.795
741.656,-91.775
741.764,-92.616
741.873,-93.880
741.981,-93.050
742.090,-92.976
742.198,-93.030
742.307,-90.403
742.415,-89.755
742.523,-92.306
742.632,-91.362
742.740,-91.679
742.849,-92.010
742.957,-92.095
743.066,-89.897
743.174,-91.904
743.283,-89.491
743.391,-90.205
743.500,-91.316
743.608,-90.573
743.717,-89.965
743.825,-90.800
743.934,-90.147
744.042,-90.961
744.151,-90.408
744.259,-89.183
744.368,-91.705
744.476,-90.185
744.585,-89.075
744.693,-89.463
744.802,-96.004
744.910,-107.632
745.018,-106.517
745.127,-107.379
745.235,-105.669
745.344,-106.063
745.452,-106.334
745.561,-106.847
745.669,-107.515
745.778,-102.731
745.886,-104.601
745.995,-103.265
746.103,-108.782
746.212,-85.979
746.320,-85.936
746.429,-86.547
746.537,-90.499
746.646,-89.816
746.754,-89.671
746.863,-86.888
746.971,-88.868
747.080,-89.350
747.188,-89.767
747.297,-91.687
747.405,-91.357
747.513,-90.504
747.622,-89.920
747.730,-90.345
747.839,-90.193
747.947,-91.172
748.056,-89.901
748.164,-87.711
748.273,-89.668
748.381,-86.823
748.490,-88.787
748.598,-89.108
748.707,-91.267
748.815,-89.570
748.924,-87.348
749.032,-94.259
749.141,-93.501
749.249,-94.292
749.358,-93.980
749.466,-92.158
749.575,-91.873
749.683,-91.930
749.792,-93.451
749.900,-91.793
749.900,-92.289
750.008,-90.256
750.117,-91.608
750.225,-93.085
750.334,-92.213
750.442,-93.437
750.551,-92.420
750.659,-92.968
750.768,-94.413
750.876,-106.672
750.985,-103.668
751.093,-106.672
751.202,-95.024
751.310,-91.775
751.419,-91.421
751.527,-94.026
751.636,-92.721
751.744,-96.316
751.853,-88.039
751.961,-90.054
752.070,-90.628
752.178,-90.275
752.287,-91.325
752.395,-90.542
752.503,-89.566
752.612,-89.518
752.720,-87.650
752.829,-89.549
752.937,-87.520
753.046,-89.363
753.154,-88.557
753.263,-88.274
753.371,-89.758
753.480,-89.814
753.588,-89.979
753.697,-89.701
753.805,-90.342
753.914,-88.511
754.022,-89.820
754.131,-91.021
754.239,-90.855
754.348,-90.855
754.456,-94.512
754.565,-91.214
754.673,-92.314
754.782,-91.893
754.890,-94.799
754.998,-94.673
755.107,-90.740
755.215,-90.534
755.324,-90.848
755.432,-90.010
755.541,-90.391
755.649,-92.755
755.758,-94.743
755.866,-106.934
755.975,-104.538
756.083,-107.818
756.192,-107.899
756.300,-107.092
756.409,-107.235
756.517,-105.734
756.626,-106.642
756.734,-106.677
756.843,-107.131
756.951,-110.288
757.060,-107.383
757.168,-106.732
757.277,-105.223
757.385,-104.926
757.493,-108.856
757.602,-104.804
757.710,-106.067
757.819,-106.365
757.927,-105.279
758.036,-107.687
758.144,-106.246
758.253,-107.891
758.361,-107.662
758.470,-108.483
758.578,-105.905
758.687,-105.400
758.795,-106.690
758.904,-108.197
759.012,-105.767
759.121,-107.863
759.229,-107.982
759.338,-109.614
759.446,-106.104
759.555,-108.303
759.663,-109.087
759.772,-107.441
759.880,-106.488
759.988,-95.842
760.097,-105.275
760.205,-108.468
760.314,-108.160
760.422,-107.957
760.531,-107.255
760.639,-106.602
760.748,-109.193
760.856,-107.629
760.965,-105.361
761.073,-107.560
761.182,-107.440
761.290,-108.047
761.399,-105.971
761.507,-108.162
761.616,-104.910
761.724,-108.533
761.833,-102.050
761.941,-108.213
762.050,-108.444
762.158,-107.402
762.267,-105.497
762.375,-108.676
762.483,-106.399
762.592,-107.807
762.700,-106.435
762.809,-106.254
762.917,-106.449
763.026,-108.261
763.134,-108.511
763.243,-107.168
763.351,-106.416
763.460,-106.689
763.568,-104.479
763.677,-106.329
763.785,-107.156
763.894,-106.072
764.002,-106.600
764.111,-107.966
764.219,-107.310
764.328,-106.729
764.436,-106.131
764.545,-105.397
764.653,-107.209
764.762,-104.837
764.870,-101.124
764.978,-104.148
765.087,-103.721
765.195,-104.947
765.304,-105.385
765.412,-107.965
765.521,-101.180
765.629,-100.458
765.738,-104.278
765.846,-105.526
765.955,-106.615
766.063,-105.647
766.172,-107.074
766.280,-107.115
766.389,-108.519
766.497,-106.868
766.606,-106.838
766.714,-105.893
766.823,-107.175
766.931,-102.618
767.040,-104.053
767.148,-100.235
767.257,-99.839
767.365,-101.073
767.473,-98.980
767.582,-99.402
767.690,-99.819
767.799,-99.352
767.907,-101.878
768.016,-102.228
768.124,-100.090
768.233,-98.635
768.341,-97.518
768.450,-96.771
768.558,-95.386
768.667,-95.504
768.775,-96.949
768.884,-95.431
768.992,-97.579
769.101,-98.801
769.209,-98.338
769.318,-96.263
769.426,-93.462
769.535,-91.465
769.643,-85.668
769.752,-87.862
769.860,-87.490
769.968,-75.438
770.077,-88.621
770.185,-88.706
770.294,-86.122
770.402,-87.965
770.511,-90.791
770.619,-98.716
770.728,-99.606
770.836,-98.781
770.945,-94.764
771.053,-94.692
771.162,-85.237
771.270,-93.609
771.379,-93.863
771.487,-85.745
771.596,-97.174
771.704,-98.250
771.813,-97.978
771.921,-100.986
772.030,-100.006
772.138,-99.428
772.247,-100.092
772.355,-98.891
772.463,-100.602
772.572,-100.161
772.680,-102.804
772.789,-86.985
772.897,-102.409
773.006,-102.453
773.114,-103.645
773.223,-97.768
773.331,-103.970
773.440,-103.802
773.548,-103.814
773.657,-104.887
773.765,-103.289
773.874,-104.996
773.982,-103.662
774.091,-98.510
774.199,-102.230
774.308,-105.548
774.416,-101.655
774.525,-104.833
774.633,-100.484
774.742,-100.986
774.850,-101.519
774.958,-102.494
775.067,-99.819
775.175,-101.041
775.284,-104.829
775.392,-105.212
775.501,-103.919
775.609,-104.138
775.718,-105.443
775.826,-105.200
775.935,-102.032
776.043,-103.962
776.152,-105.556
776.260,-105.029
776.369,-104.858
776.477,-103.988
776.586,-106.404
776.694,-106.891
776.803,-103.220
776.911,-98.993
777.020,-101.092
777.128,-106.062
777.237,-102.505
777.345,-101.400
777.453,-99.832
777.562,-102.811
777.670,-101.469
777.779,-103.973
777.887,-105.001
777.996,-103.514
778.104,-105.537
778.213,-102.120
778.321,-102.218
778.430,-103.913
778.538,-103.665
778.647,-103.704
778.755,-105.468
778.864,-103.535
778.972,-104.257
779.081,-104.722
779.189,-104.016
779.298,-102.089
779.406,-105.462
779.515,-102.828
779.623,-103.565
779.732,-102.072
779.840,-102.981
779.948,-99.700
780.057,-101.213
780.165,-101.382
780.274,-101.139
780.382,-101.748
780.491,-104.143
780.599,-103.019
780.708,-104.329
780.816,-102.583
780.925,-103.765
781.033,-103.759
781.142,-102.552
781.250,-103.949
781.359,-102.627
781.467,-103.324
781.576,-102.882
781.684,-103.283
781.793,-103.528
781.901,-104.576
782.010,-101.867
782.118,-102.426
782.227,-102.496
782.335,-104.214
782.443,-102.071
782.552,-97.935
782.660,-102.094
782.769,-103.287
782.877,-104.252
782.986,-99.209
783.094,-97.485
783.203,-101.972
783.311,-105.256
783.420,-104.208
783.528,-101.353
783.637,-103.605
783.745,-103.748
783.854,-104.065
783.962,-102.926
784.071,-104.201
784.179,-104.195
784.288,-103.928
784.396,-103.410
784.505,-102.082
784.613,-101.340
784.722,-104.771
784.830,-101.900
784.938,-102.847
785.047,-103.216
785.155,-104.417
785.264,-102.852
785.372,-102.651
785.481,-102.691
785.589,-102.066
785.698,-102.832
785.806,-100.491
785.915,-100.941
786.023,-102.624
786.132,-100.860
786.240,-102.445
786.349,-101.982
786.457,-104.075
786.566,-102.980
786.674,-102.637
786.783,-101.913
786.891,-103.497
787.000,-100.319
787.108,-101.826
787.217,-101.623
787.325,-103.130
787.433,-100.212
787.542,-103.574
787.650,-104.236
787.759,-101.346
787.867,-103.785
787.976,-103.994
788.084,-103.241
788.193,-101.453
788.301,-101.787
788.410,-105.167
788.518,-103.293
788.627,-97.959
788.735,-96.790
788.844,-99.692
788.952,-104.040
789.061,-105.825
789.169,-104.074
789.278,-103.145
789.386,-106.590
789.495,-103.657
789.603,-104.611
789.712,-103.707
789.820,-103.650
789.928,-104.519
790.037,-101.964
790.145,-102.313
790.254,-104.760
790.362,-105.384
790.471,-104.058
790.579,-104.419
790.688,-106.054
790.796,-103.381
790.905,-103.117
791.013,-103.268
791.122,-104.808
791.230,-104.498
791.339,-104.198
791.447,-101.733
791.556,-102.275
791.664,-102.251
791.773,-103.799
791.881,-103.722
791.990,-100.051
792.098,-103.480
792.207,-104.559
792.315,-104.414
792.423,-103.917
792.532,-105.774
792.640,-103.519
792.749,-103.785
792.857,-104.961
792.966,-101.699
793.074,-104.753
793.183,-103.834
793.291,-105.133
793.400,-105.145
793.508,-103.816
793.617,-105.513
793.725,-104.823
793.834,-104.405
793.942,-105.684
794.051,-105.618
794.159,-104.778
794.268,-97.912
794.376,-96.216
794.485,-99.789
794.593,-104.864
794.702,-105.587
794.810,-105.397
794.918,-103.374
795.027,-102.903
795.135,-105.202
795.244,-104.649
795.352,-104.905
795.461,-100.174
795.569,-103.992
795.678,-102.268
795.786,-102.758
795.895,-102.433
796.003,-98.150
796.112,-100.948
796.220,-99.475
796.329,-101.576
796.437,-101.394
796.546,-100.057
796.654,-101.886
796.763,-101.516
796.871,-101.872
796.980,-100.567
797.088,-100.478
797.197,-100.475
797.305,-101.777
797.413,-102.787
797.522,-102.686
797.630,-102.687
797.739,-103.322
797.847,-101.751
797.956,-98.695
798.064,-102.506
798.173,-103.320
798.281,-104.083
798.390,-103.499
798.498,-103.020
798.607,-103.260
798.715,-99.960
798.824,-101.859
798.932,-104.189
799.041,-99.848
799.149,-104.796
799.258,-102.212
799.366,-105.648
799.475,-104.441
799.583,-103.187
799.692,-105.056
799.800,-102.455
799.800,-102.064
799.908,-96.162
800.000,-89.939
800.108,-81.283
800.217,-99.989
800.325,-101.312
800.434,-104.701
800.542,-105.514
800.651,-105.113
800.759,-103.288
800.868,-103.771
800.976,-102.095
801.085,-105.577
801.193,-105.479
801.302,-101.817
801.410,-101.339
801.519,-103.592
801.627,-103.423
801.736,-104.518
801.844,-103.305
801.953,-102.516
802.061,-103.786
802.170,-104.376
802.278,-104.223
802.387,-105.004
802.495,-101.950
802.603,-101.754
802.712,-103.317
802.820,-101.871
802.929,-102.361
803.037,-101.544
803.146,-103.778
803.254,-103.775
803.363,-104.154
803.471,-102.719
803.580,-103.298
803.688,-102.843
803.797,-102.441
803.905,-103.564
804.014,-102.541
804.122,-104.889
804.231,-102.760
804.339,-101.253
804.448,-105.615
804.556,-107.645
804.665,-105.914
804.773,-108.328
804.882,-107.508
804.990,-105.053
805.098,-106.343
805.207,-108.709
805.315,-108.377
805.424,-108.734
805.532,-101.028
805.641,-99.019
805.749,-102.912
805.858,-106.046
805.966,-106.012
806.075,-107.303
806.183,-108.136
806.292,-107.371
806.400,-107.320
806.509,-108.588
806.617,-107.366
806.726,-109.344
806.834,-108.190
806.943,-105.759
807.051,-104.739
807.160,-107.487
807.268,-107.252
807.377,-108.662
807.485,-107.903
807.593,-106.682
807.702,-107.893
807.810,-108.279
807.919,-106.796
808.027,-100.700
808.136,-107.720
808.244,-107.938
808.353,-105.188
808.461,-105.930
808.570,-105.475
808.678,-108.183
808.787,-107.827
808.895,-108.444
809.004,-101.464
809.112,-108.254
809.221,-107.613
809.329,-108.945
809.438,-107.075
809.546,-108.567
809.655,-109.124
809.763,-108.104
809.872,-106.146
809.980,-99.807
810.088,-99.898
810.197,-108.656
810.305,-107.993
810.414,-108.331
810.522,-108.699
810.631,-109.066
810.739,-107.548
810.848,-107.111
810.956,-94.791
811.065,-99.325
811.173,-104.109
811.282,-102.507
811.390,-105.158
811.499,-107.338
811.607,-107.276
811.716,-106.272
811.824,-108.191
811.933,-107.796
812.041,-99.359
812.150,-108.853
812.258,-106.288
812.367,-107.223
812.475,-109.108
812.583,-109.016
812.692,-106.750
812.800,-108.181
812.909,-106.668
813.017,-101.649
813.126,-106.986
813.234,-107.070
813.343,-108.177
813.451,-108.294
813.560,-106.818
813.668,-107.280
813.777,-107.697
813.885,-106.692
813.994,-103.619
814.102,-102.678
814.211,-105.381
814.319,-107.156
814.428,-108.487
814.536,-104.772
814.645,-107.660
814.753,-106.556
814.862,-106.636
814.970,-99.743
815.078,-101.645
815.187,-101.902
815.295,-102.895
815.404,-102.286
815.512,-102.878
815.621,-103.599
815.729,-105.056
815.838,-105.394
815.946,-99.879
816.055,-100.357
816.163,-105.036
816.272,-104.128
816.380,-103.800
816.489,-101.956
816.597,-104.232
816.706,-94.878
816.814,-102.017
816.923,-101.079
817.031,-100.146
817.140,-102.094
817.248,-100.975
817.357,-102.959
817.465,-101.323
817.573,-103.144
817.682,-102.526
817.790,-101.953
817.899,-102.525
818.007,-101.337
818.116,-102.588
818.224,-101.841
818.333,-102.344
818.441,-102.748
818.550,-104.012
818.658,-103.673
818.767,-104.005
818.875,-103.481
818.984,-103.656
819.092,-103.540
819.201,-101.778
819.309,-101.410
819.418,-103.030
819.526,-103.698
819.635,-102.994
819.743,-103.242
819.852,-103.552
819.960,-101.941
820.068,-95.274
820.177,-100.784
820.285,-102.669
820.394,-102.959
820.502,-102.266
820.611,-100.027
820.719,-100.541
820.828,-101.366
820.936,-100.083
821.045,-100.172
821.153,-99.960
821.262,-85.811
821.370,-89.185
821.479,-99.749
821.587,-99.922
821.696,-99.128
821.804,-99.473
821.913,-101.205
822.021,-101.433
822.130,-101.530
822.238,-101.463
822.347,-103.225
822.455,-101.179
822.563,-102.170
822.672,-102.015
822.780,-102.882
822.889,-102.906
822.997,-101.907
823.106,-100.835
823.214,-99.645
823.323,-95.967
823.431,-101.710
823.540,-102.321
823.648,-104.639
823.757,-102.537
823.865,-102.324
823.974,-102.153
824.082,-101.250
824.191,-101.740
824.299,-101.680
824.408,-101.939
824.516,-102.801
824.625,-102.595
824.733,-103.400
824.842,-102.845
824.950,-100.263
825.058,-101.768
825.167,-102.720
825.275,-102.204
825.384,-102.281
825.492,-101.587
825.601,-104.275
825.709,-103.586
825.818,-102.986
825.926,-98.706
826.035,-103.531
826.143,-101.425
826.252,-101.388
826.360,-101.964
826.469,-101.131
826.577,-101.709
826.686,-101.780
826.794,-101.315
826.903,-102.104
827.011,-102.076
827.120,-101.589
827.228,-102.197
827.337,-100.802
827.445,-101.647
827.553,-102.140
827.662,-100.394
827.770,-101.100
827.879,-103.008
827.987,-101.950
828.096,-101.154
828.204,-101.712
828.313,-102.323
828.421,-102.584
828.530,-100.723
828.638,-102.110
828.747,-103.377
828.855,-101.016
828.964,-104.386
829.072,-104.442
829.181,-104.973
829.289,-103.569
829.398,-103.584
829.506,-102.544
829.615,-103.812
829.723,-103.887
829.832,-103.658
829.940,-102.592
830.048,-98.394
830.157,-102.741
830.265,-101.818
830.374,-104.101
830.482,-101.079
830.591,-103.360
830.699,-103.358
830.808,-103.412
830.916,-100.587
831.025,-102.411
831.133,-101.876
831.242,-96.880
831.350,-97.686
831.459,-98.344
831.567,-96.700
831.676,-99.856
831.784,-99.090
831.893,-101.483
832.001,-98.771
832.110,-100.505
832.218,-101.703
832.327,-102.281
832.435,-101.139
832.543,-101.287
832.652,-102.647
832.760,-102.651
832.869,-102.992
832.977,-102.647
833.086,-101.369
833.194,-100.517
833.303,-102.321
833.411,-101.479
833.520,-101.596
833.628,-101.557
833.737,-104.446
833.845,-102.361
833.954,-101.145
834.062,-102.735
834.171,-101.443
834.279,-102.205
834.388,-103.481
834.496,-100.434
834.605,-98.981
834.713,-103.053
834.822,-102.155
834.930,-100.360
835.038,-100.957
835.147,-102.257
835.255,-101.814
835.364,-101.888
835.472,-102.450
835.581,-100.577
835.689,-100.284
835.798,-100.870
835.906,-102.300
836.015,-98.935
836.123,-101.136
836.232,-101.104
836.340,-102.065
836.449,-102.416
836.557,-101.193
836.666,-102.055
836.774,-103.015
836.883,-103.471
836.991,-100.803
837.100,-101.959
837.208,-100.578
837.317,-101.149
837.425,-102.924
837.533,-101.744
837.642,-102.665
837.750,-98.764
837.859,-101.626
837.967,-102.311
838.076,-102.264
838.184,-101.909
838.293,-101.531
838.401,-81.042
838.510,-94.104
838.618,-97.475
838.727,-100.173
838.835,-100.356
838.944,-98.092
839.052,-100.785
839.161,-102.534
839.269,-101.870
839.378,-102.019
839.486,-99.882
839.595,-102.130
839.703,-99.568
839.812,-99.800
839.920,-99.545
840.028,-89.389
840.137,-103.089
840.245,-102.450
840.354,-100.801
840.462,-104.131
840.571,-103.159
840.679,-103.867
840.788,-103.540
840.896,-103.725
841.005,-101.570
841.113,-100.862
841.222,-102.920
841.330,-101.258
841.439,-101.686
841.547,-101.785
841.656,-104.618
841.764,-103.715
841.873,-104.366
841.981,-102.011
842.090,-101.782
842.198,-102.707
842.307,-101.383
842.415,-104.237
842.523,-103.326
842.632,-102.176
842.740,-103.374
842.849,-99.785
842.957,-102.635
843.066,-102.513
843.174,-100.658
843.283,-101.256
843.391,-101.527
843.500,-101.418
843.608,-103.091
843.717,-99.951
843.825,-104.043
843.934,-101.637
844.042,-102.652
844.151,-101.770
844.259,-101.128
844.368,-103.105
844.476,-100.985
844.585,-100.362
844.693,-100.393
844.802,-101.016
844.910,-101.982
845.018,-103.181
845.127,-100.620
845.235,-102.849
845.344,-100.553
845.452,-103.190
845.561,-102.334
845.669,-100.771
845.778,-101.484
845.886,-103.290
845.995,-102.345
846.103,-104.154
846.212,-102.821
846.320,-101.836
846.429,-94.145
846.537,-102.700
846.646,-100.966
846.754,-102.273
846.863,-102.326
846.971,-102.740
847.080,-102.995
847.188,-102.846
847.297,-102.594
847.405,-101.912
847.513,-104.702
847.622,-103.374
847.730,-101.900
847.839,-99.663
847.947,-101.348
848.056,-100.034
848.164,-102.205
848.273,-102.000
848.381,-102.079
848.490,-101.122
848.598,-100.986
848.707,-102.234
848.815,-102.908
848.924,-100.903
849.032,-103.207
849.141,-102.588
849.249,-102.327
849.358,-102.381
849.466,-101.429
849.575,-102.799
849.683,-102.832
849.792,-102.760
849.900,-103.328
849.900,-104.627
850.008,-102.919
850.117,-98.534
850.225,-103.150
850.334,-104.045
850.442,-103.779
850.551,-103.388
850.659,-103.116
850.768,-102.475
850.876,-101.888
850.985,-101.970
851.093,-102.129
851.202,-102.968
851.310,-99.524
851.419,-101.430
851.527,-102.389
851.636,-100.817
851.744,-103.601
851.853,-101.909
851.961,-102.188
852.070,-103.075
852.178,-103.015
852.287,-103.394
852.395,-101.909
852.503,-99.291
852.612,-102.398
852.720,-102.903
852.829,-100.970
852.937,-101.937
853.046,-103.061
853.154,-100.974
853.263,-103.755
853.371,-102.674
853.480,-102.950
853.588,-100.977
853.697,-102.609
853.805,-100.896
853.914,-104.217
854.022,-102.870
854.131,-102.083
854.239,-101.897
854.348,-100.725
854.456,-101.379
854.565,-104.694
854.673,-101.516
854.782,-104.326
854.890,-103.193
854.998,-103.702
855.107,-105.640
855.215,-101.065
855.324,-99.255
855.432,-91.274
855.541,-87.520
855.649,-99.410
855.758,-103.450
855.866,-102.426
855.975,-104.408
856.083,-102.556
856.192,-106.201
856.300,-104.161
856.409,-104.240
856.517,-104.346
856.626,-103.992
856.734,-104.353
856.843,-104.808
856.951,-102.445
857.060,-103.559
857.168,-104.099
857.277,-104.339
857.385,-103.854
857.493,-102.430
857.602,-102.904
857.710,-103.199
857.819,-105.330
857.927,-104.943
858.036,-103.639
858.144,-104.731
858.253,-103.775
858.361,-103.108
858.470,-102.297
858.578,-106.895
858.687,-102.900
858.795,-105.268
858.904,-103.486
859.012,-105.120
859.121,-93.712
859.229,-105.545
859.338,-104.985
859.446,-102.096
859.555,-105.498
859.663,-104.297
859.772,-105.106
859.880,-104.508
859.988,-104.225
860.097,-97.709
860.205,-102.075
860.314,-101.632
860.422,-103.725
860.531,-105.172
860.639,-105.958
860.748,-104.990
860.856,-103.630
860.965,-102.135
861.073,-106.723
861.182,-95.737
861.290,-95.376
861.399,-103.465
861.507,-102.400
861.616,-104.055
861.724,-103.877
861.833,-102.153
861.941,-103.311
862.050,-103.695
862.158,-101.925
862.267,-100.317
862.375,-88.864
862.483,-100.028
862.592,-102.534
862.700,-103.291
862.809,-103.520
862.917,-104.772
863.026,-98.867
863.134,-101.006
863.243,-102.325
863.351,-103.351
863.460,-100.953
863.568,-103.035
863.677,-104.717
863.785,-104.934
863.894,-105.268
864.002,-101.182
864.111,-101.802
864.219,-100.890
864.328,-100.976
864.436,-99.801
864.545,-101.609
864.653,-105.936
864.762,-105.378
864.870,-103.286
864.978,-103.292
865.087,-101.664
865.195,-104.237
865.304,-100.482
865.412,-98.883
865.521,-100.843
865.629,-100.423
865.738,-100.173
865.846,-98.364
865.955,-100.260
866.063,-101.286
866.172,-101.977
866.280,-101.516
866.389,-101.953
866.497,-99.863
866.606,-102.869
866.714,-103.844
866.823,-100.879
866.931,-103.749
867.040,-102.139
867.148,-101.967
867.257,-101.870
867.365,-103.397
867.473,-103.560
867.582,-101.407
867.690,-101.464
867.799,-102.371
867.907,-103.481
868.016,-104.260
868.124,-102.500
868.233,-101.966
868.341,-101.093
868.450,-102.047
868.558,-101.800
868.667,-99.946
868.775,-100.321
868.884,-101.849
868.992,-101.080
869.101,-103.189
869.209,-102.530
869.318,-99.309
869.426,-102.334
869.535,-102.174
869.643,-101.577
869.752,-102.139
869.860,-101.878
869.968,-101.923
870.077,-99.653
870.185,-98.910
870.294,-98.925
870.402,-99.357
870.511,-96.827
870.619,-95.370
870.728,-96.742
870.836,-96.905
870.945,-98.014
871.053,-97.201
871.162,-98.628
871.270,-96.111
871.379,-97.462
871.487,-95.560
871.596,-95.991
871.704,-96.174
871.813,-95.545
871.921,-95.642
872.030,-95.235
872.138,-93.877
872.247,-92.665
872.355,-91.084
872.463,-89.684
872.572,-78.848
872.680,-79.330
872.789,-93.015
872.897,-93.432
873.006,-93.173
873.114,-93.500
873.223,-94.662
873.331,-91.929
873.440,-94.423
873.548,-94.688
873.657,-95.208
873.765,-97.290
873.874,-95.330
873.982,-95.777
874.091,-94.471
874.199,-95.956
874.308,-93.527
874.416,-96.716
874.525,-96.142
874.633,-95.720
874.742,-95.400
874.850,-98.302
874.958,-99.269
875.067,-100.640
875.175,-100.119
875.284,-100.353
875.392,-100.067
875.501,-101.682
875.609,-99.764
875.718,-99.756
875.826,-98.297
875.935,-100.359
876.043,-98.561
876.152,-100.310
876.260,-100.778
876.369,-99.825
876.477,-101.031
876.586,-101.172
876.694,-100.642
876.803,-100.760
876.911,-99.648
877.020,-99.312
877.128,-98.523
877.237,-99.956
877.345,-101.163
877.453,-99.745
877.562,-98.920
877.670,-100.428
877.779,-100.865
877.887,-101.898
877.996,-101.493
878.104,-102.514
878.213,-98.946
878.321,-100.102
878.430,-100.189
878.538,-100.584
878.647,-102.415
878.755,-101.727
878.864,-102.339
878.972,-101.145
879.081,-102.181
879.189,-100.668
879.298,-100.719
879.406,-99.948
879.515,-99.636
879.623,-99.285
879.732,-96.261
879.840,-92.884
879.948,-95.368
880.057,-96.717
880.165,-99.895
880.274,-97.281
880.382,-96.712
880.491,-98.656
880.599,-98.379
880.708,-99.998
880.816,-93.145
880.925,-99.807
881.033,-99.275
881.142,-97.813
881.250,-98.091
881.359,-97.779
881.467,-99.341
881.576,-99.625
881.684,-100.307
881.793,-100.698
881.901,-100.742
882.010,-99.101
882.118,-98.812
882.227,-96.860
882.335,-96.684
882.443,-97.622
882.552,-98.550
882.660,-98.806
882.769,-96.814
882.877,-97.884
882.986,-98.976
883.094,-97.568
883.203,-98.178
883.311,-97.670
883.420,-97.355
883.528,-98.212
883.637,-97.002
883.745,-95.907
883.854,-97.718
883.962,-97.949
884.071,-97.577
884.179,-97.377
884.288,-98.857
884.396,-96.961
884.505,-95.930
884.613,-95.600
884.722,-96.226
884.830,-99.892
884.938,-102.921
885.047,-103.939
885.155,-103.980
885.264,-103.901
885.372,-103.454
885.481,-103.112
885.589,-99.631
885.698,-95.888
885.806,-99.051
885.915,-97.119
886.023,-97.783
886.132,-95.756
886.240,-99.124
886.349,-100.539
886.457,-101.458
886.566,-102.130
886.674,-100.734
886.783,-97.383
886.891,-96.283
887.000,-97.554
887.108,-97.224
887.217,-97.327
887.325,-99.110
887.433,-98.196
887.542,-97.835
887.650,-103.603
887.759,-99.761
887.867,-102.720
887.976,-100.770
888.084,-99.710
888.193,-98.619
888.301,-93.027
888.410,-92.789
888.518,-92.904
888.627,-94.193
888.735,-93.768
888.844,-96.018
888.952,-101.792
889.061,-103.771
889.169,-104.459
889.278,-104.456
889.386,-101.852
889.495,-102.976
889.603,-102.757
889.712,-102.397
889.820,-103.393
889.928,-102.843
890.037,-99.214
890.145,-99.439
890.254,-102.431
890.362,-103.073
890.471,-102.538
890.579,-104.011
890.688,-104.320
890.796,-101.825
890.905,-90.247
891.013,-93.580
891.122,-94.239
891.230,-100.488
891.339,-101.182
891.447,-100.568
891.556,-100.927
891.664,-103.492
891.773,-102.943
891.881,-101.414
891.990,-101.557
892.098,-101.779
892.207,-101.859
892.315,-100.968
892.423,-101.330
892.532,-100.517
892.640,-102.036
892.749,-100.941
892.857,-100.724
892.966,-100.648
893.074,-93.437
893.183,-90.836
893.291,-100.946
893.400,-100.917
893.508,-100.250
893.617,-101.491
893.725,-102.032
893.834,-96.816
893.942,-101.789
894.051,-101.578
894.159,-102.287
894.268,-102.651
894.376,-102.599
894.485,-102.779
894.593,-103.920
894.702,-103.216
894.810,-103.157
894.918,-101.650
895.027,-102.966
895.135,-102.536
895.244,-100.475
895.352,-103.168
895.461,-102.260
895.569,-103.182
895.678,-100.700
895.786,-98.633
895.895,-99.644
896.003,-100.489
896.112,-96.943
896.220,-96.038
896.329,-97.989
896.437,-98.395
896.546,-99.074
896.654,-101.441
896.763,-100.159
896.871,-102.234
896.980,-101.246
897.088,-100.959
897.197,-103.241
897.305,-100.638
897.413,-101.875
897.522,-101.121
897.630,-103.376
897.739,-104.510
897.847,-104.048
897.956,-103.209
898.064,-103.442
898.173,-103.458
898.281,-100.578
898.390,-102.242
898.498,-100.839
898.607,-99.874
898.715,-100.411
898.824,-103.237
898.932,-103.876
899.041,-103.102
899.149,-100.553
899.258,-100.025
899.366,-101.603
899.475,-102.780
899.583,-102.164
899.692,-101.591
899.800,-96.284
899.800,-92.507
899.908,-98.076
900.000,-95.893
900.108,-75.157
900.217,-95.269
900.325,-91.555
900.434,-92.870
900.542,-102.188
900.651,-102.246
900.759,-102.755
900.868,-104.668
900.976,-101.080
901.085,-101.838
901.193,-102.286
901.302,-103.638
901.410,-102.813
901.519,-102.757
901.627,-101.921
901.736,-102.959
901.844,-102.944
901.953,-99.590
902.061,-102.666
902.170,-102.271
902.278,-100.581
902.387,-89.493
902.495,-100.389
902.603,-100.950
902.712,-101.399
902.820,-101.805
902.929,-99.431
903.037,-98.373
903.146,-100.063
903.254,-97.622
903.363,-96.002
903.471,-96.403
903.580,-93.318
903.688,-92.133
903.797,-92.980
903.905,-95.243
904.014,-92.535
904.122,-93.733
904.231,-96.414
904.339,-94.927
904.448,-97.870
904.556,-96.473
904.665,-95.073
904.773,-99.187
904.882,-101.127
904.990,-101.305
905.098,-97.501
905.207,-105.294
905.315,-104.957
905.424,-106.872
905.532,-106.245
905.641,-106.316
905.749,-105.974
905.858,-101.433
905.966,-103.522
906.075,-103.729
906.183,-104.585
906.292,-101.508
906.400,-103.670
906.509,-104.489
906.617,-104.508
906.726,-102.131
906.834,-102.335
906.943,-103.150
907.051,-100.783
907.160,-99.468
907.268,-97.707
907.377,-99.596
907.485,-98.301
907.593,-96.940
907.702,-98.084
907.810,-99.207
907.919,-99.200
908.027,-102.246
908.136,-102.527
908.244,-103.351
908.353,-106.299
908.461,-103.733
908.570,-103.527
908.678,-102.406
908.787,-99.913
908.895,-99.886
909.004,-97.831
909.112,-98.875
909.221,-99.546
909.329,-99.891
909.438,-103.217
909.546,-104.817
909.655,-102.693
909.763,-99.748
909.872,-99.013
909.980,-99.709
910.088,-97.797
910.197,-101.907
910.305,-105.006
910.414,-104.345
910.522,-101.582
910.631,-99.326
910.739,-100.021
910.848,-99.527
910.956,-104.026
911.065,-103.657
911.173,-99.745
911.282,-100.560
911.390,-101.642
911.499,-101.606
911.607,-104.181
911.716,-103.567
911.824,-102.383
911.933,-99.781
912.041,-102.390
912.150,-103.310
912.258,-105.216
912.367,-101.397
912.475,-101.112
912.583,-101.485
912.692,-103.564
912.800,-104.390
912.909,-99.578
913.017,-100.414
913.126,-103.256
913.234,-103.648
913.343,-101.075
913.451,-101.864
913.560,-103.115
913.668,-103.061
913.777,-101.340
913.885,-99.082
913.994,-104.085
914.102,-101.671
914.211,-99.406
914.319,-102.372
914.428,-101.825
914.536,-102.484
914.645,-99.461
914.753,-103.599
914.862,-103.911
914.970,-101.835
915.078,-99.941
915.187,-102.763
915.295,-102.559
915.404,-101.339
915.512,-104.173
915.621,-101.665
915.729,-99.852
915.838,-102.085
915.946,-99.748
916.055,-99.873
916.163,-104.537
916.272,-99.277
916.380,-99.194
916.489,-103.674
916.597,-101.271
916.706,-101.811
916.814,-103.231
916.923,-102.032
917.031,-102.320
917.140,-101.508
917.248,-100.469
917.357,-103.777
917.465,-102.042
917.573,-100.968
917.682,-102.296
917.790,-101.522
917.899,-98.106
918.007,-102.505
918.116,-102.035
918.224,-104.226
918.333,-101.242
918.441,-102.700
918.550,-102.631
918.658,-101.174
918.767,-101.251
918.875,-97.813
918.984,-100.586
919.092,-97.698
919.201,-102.130
919.309,-100.694
919.418,-100.603
919.526,-100.717
919.635,-101.231
919.743,-101.679
919.852,-99.647
919.960,-92.608
920.068,-101.356
920.177,-101.137
920.285,-102.307
920.394,-101.520
920.502,-101.656
920.611,-92.195
920.719,-94.852
920.828,-100.698
920.936,-103.859
921.045,-101.751
921.153,-100.113
921.262,-101.713
921.370,-99.047
921.479,-101.039
921.587,-100.931
921.696,-101.463
921.804,-101.855
921.913,-100.516
922.021,-102.944
922.130,-101.878
922.238,-101.774
922.347,-101.168
922.455,-99.269
922.563,-99.511
922.672,-94.337
922.780,-98.133
922.889,-100.464
922.997,-100.260
923.106,-99.459
923.214,-97.519
923.323,-96.859
923.431,-95.899
923.540,-93.645
923.648,-92.390
923.757,-92.027
923.865,-91.810
923.974,-77.551
924.082,-90.786
924.191,-90.436
924.299,-91.392
924.408,-92.865
924.516,-95.138
924.625,-96.089
924.733,-97.980
924.842,-101.901
924.950,-100.394
925.058,-98.334
925.167,-99.533
925.275,-100.275
925.384,-98.743
925.492,-99.338
925.601,-98.088
925.709,-100.674
925.818,-97.481
925.926,-100.032
926.035,-102.273
926.143,-99.795
926.252,-99.918
926.360,-98.511
926.469,-101.000
926.577,-102.362
926.686,-101.254
926.794,-99.494
926.903,-100.590
927.011,-100.904
927.120,-99.977
927.228,-99.619
927.337,-99.048
927.445,-101.330
927.553,-100.510
927.662,-100.321
927.770,-99.747
927.879,-99.173
927.987,-100.834
928.096,-100.310
928.204,-101.465
928.313,-101.635
928.421,-100.362
928.530,-100.403
928.638,-99.416
928.747,-95.669
928.855,-98.233
928.964,-98.173
929.072,-97.186
929.181,-100.106
929.289,-96.752
929.398,-100.202
929.506,-100.265
929.615,-99.170
929.723,-100.819
929.832,-101.225
929.940,-101.417
930.048,-96.662
930.157,-100.429
930.265,-101.068
930.374,-99.302
930.482,-100.239
930.591,-99.190
930.699,-99.975
930.808,-103.885
930.916,-98.826
931.025,-99.131
931.133,-100.047
931.242,-98.883
931.350,-99.706
931.459,-101.139
931.567,-99.835
931.676,-99.763
931.784,-99.833
931.893,-98.926
932.001,-98.598
932.110,-100.743
932.218,-100.830
932.327,-99.708
932.435,-100.646
932.543,-100.301
932.652,-101.408
932.760,-98.630
932.869,-100.813
932.977,-99.801
933.086,-98.636
933.194,-98.928
933.303,-98.653
933.411,-97.316
933.520,-97.543
933.628,-101.045
933.737,-100.933
933.845,-101.049
933.954,-99.802
934.062,-98.954
934.171,-97.552
934.279,-100.696
934.388,-101.927
934.496,-100.300
934.605,-99.547
934.713,-102.234
934.822,-99.941
934.930,-101.484
935.038,-98.363
935.147,-97.624
935.255,-99.036
935.364,-97.984
935.472,-91.781
935.581,-100.273
935.689,-99.794
935.798,-99.474
935.906,-99.718
936.015,-88.837
936.123,-99.836
936.232,-100.750
936.340,-100.649
936.449,-100.603
936.557,-98.887
936.666,-101.271
936.774,-96.907
936.883,-98.277
936.991,-99.618
937.100,-98.539
937.208,-98.932
937.317,-100.611
937.425,-100.422
937.533,-98.660
937.642,-100.816
937.750,-100.207
937.859,-100.577
937.967,-99.981
938.076,-98.279
938.184,-98.494
938.293,-101.817
938.401,-96.591
938.510,-101.229
938.618,-101.851
938.727,-98.899
938.835,-100.951
938.944,-98.558
939.052,-99.510
939.161,-101.699
939.269,-98.848
939.378,-98.506
939.486,-99.224
939.595,-101.102
939.703,-97.948
939.812,-100.233
939.920,-98.166
940.028,-97.777
940.137,-99.320
940.245,-99.895
940.354,-97.504
940.462,-99.398
940.571,-96.657
940.679,-100.479
940.788,-101.138
940.896,-101.554
941.005,-99.818
941.113,-98.924
941.222,-98.231
941.330,-97.774
941.439,-101.994
941.547,-101.679
941.656,-100.905
941.764,-101.885
941.873,-101.284
941.981,-99.950
942.090,-98.654
942.198,-102.924
942.307,-100.691
942.415,-101.662
942.523,-103.095
942.632,-101.595
942.740,-101.616
942.849,-100.615
942.957,-97.752
943.066,-96.368
943.174,-99.688
943.283,-101.098
943.391,-101.437
943.500,-105.830
943.608,-102.257
943.717,-103.369
943.825,-101.405
943.934,-101.585
944.042,-99.352
944.151,-98.861
944.259,-98.059
944.368,-100.340
944.476,-98.689
944.585,-100.115
944.693,-98.849
944.802,-100.358
944.910,-99.961
945.018,-98.641
945.127,-97.995
945.235,-100.874
945.344,-102.052
945.452,-95.538
945.561,-100.032
945.669,-103.062
945.778,-101.603
945.886,-101.731
945.995,-103.091
946.103,-102.227
946.212,-103.668
946.320,-101.273
946.429,-102.987
946.537,-102.880
946.646,-101.988
946.754,-102.390
946.863,-102.256
946.971,-103.726
947.080,-103.195
947.188,-102.982
947.297,-101.636
947.405,-104.814
947.513,-104.257
947.622,-104.453
947.730,-102.689
947.839,-102.514
947.947,-103.281
948.056,-104.665
948.164,-102.613
948.273,-105.164
948.381,-102.843
948.490,-103.188
948.598,-101.976
948.707,-102.066
948.815,-100.694
948.924,-103.992
949.032,-103.882
949.141,-103.219
949.249,-102.999
949.358,-103.282
949.466,-103.078
949.575,-105.019
949.683,-104.180
949.792,-102.970
949.900,-103.677
949.900,-103.418
950.008,-102.587
950.117,-98.222
950.225,-103.724
950.334,-98.521
950.442,-104.643
950.551,-101.834
950.659,-102.392
950.768,-102.325
950.876,-102.760
950.985,-102.454
951.093,-102.375
951.202,-102.511
951.310,-102.901
951.419,-102.928
951.527,-101.628
951.636,-101.639
951.744,-101.224
951.853,-103.744
951.961,-101.883
952.070,-103.061
952.178,-102.873
952.287,-103.502
952.395,-104.297
952.503,-102.185
952.612,-104.172
952.720,-102.064
952.829,-100.886
952.937,-102.134
953.046,-99.784
953.154,-104.388
953.263,-103.949
953.371,-103.822
953.480,-104.426
953.588,-105.906
953.697,-106.252
953.805,-105.011
953.914,-103.214
954.022,-104.347
954.131,-104.712
954.239,-98.784
954.348,-99.925
954.456,-102.247
954.565,-106.465
954.673,-103.067
954.782,-101.751
954.890,-108.567
954.998,-104.976
955.107,-109.331
955.215,-104.631
955.324,-106.198
955.432,-106.568
955.541,-106.548
955.649,-104.052
955.758,-102.155
955.866,-102.997
955.975,-102.709
956.083,-104.951
956.192,-105.110
956.300,-105.531
956.409,-106.428
956.517,-105.095
956.626,-104.718
956.734,-102.999
956.843,-102.137
956.951,-102.921
957.060,-101.540
957.168,-103.476
957.277,-102.596
957.385,-102.636
957.493,-104.959
957.602,-102.992
957.710,-104.163
957.819,-105.986
957.927,-105.050
958.036,-105.575
958.144,-103.677
958.253,-103.840
958.361,-104.820
958.470,-100.845
958.578,-102.690
958.687,-102.835
958.795,-107.571
958.904,-104.630
959.012,-107.704
959.121,-107.722
959.229,-107.969
959.338,-108.318
959.446,-109.060
959.555,-108.558
959.663,-107.369
959.772,-106.637
959.880,-100.057
959.988,-90.923
960.097,-102.462
960.205,-105.459
960.314,-106.883
960.422,-107.547
960.531,-108.176
960.639,-107.286
960.748,-107.653
960.856,-107.761
960.965,-106.659
961.073,-105.197
961.182,-104.427
961.290,-103.188
961.399,-100.136
961.507,-101.640
961.616,-99.748
961.724,-100.233
961.833,-99.780
961.941,-99.950
962.050,-97.572
962.158,-98.326
962.267,-97.257
962.375,-95.698
962.483,-98.819
962.592,-98.649
962.700,-98.053
962.809,-97.311
962.917,-97.218
963.026,-99.238
963.134,-97.747
963.243,-99.871
963.351,-96.864
963.460,-98.770
963.568,-100.726
963.677,-100.159
963.785,-103.604
963.894,-103.915
964.002,-102.367
964.111,-102.899
964.219,-103.061
964.328,-102.248
964.436,-102.908
964.545,-103.508
964.653,-102.593
964.762,-102.942
964.870,-103.719
964.978,-103.270
965.087,-99.171
965.195,-81.879
965.304,-100.404
965.412,-103.115
965.521,-99.682
965.629,-100.430
965.738,-100.638
965.846,-102.850
965.955,-106.305
966.063,-105.855
966.172,-103.579
966.280,-103.282
966.389,-104.810
966.497,-104.865
966.606,-104.317
966.714,-105.746
966.823,-106.025
966.931,-102.935
967.040,-103.186
967.148,-102.204
967.257,-102.537
967.365,-103.872
967.473,-105.080
967.582,-104.809
967.690,-103.503
967.799,-104.467
967.907,-102.490
968.016,-104.189
968.124,-103.442
968.233,-101.941
968.341,-103.395
968.450,-102.358
968.558,-102.729
968.667,-105.164
968.775,-103.640
968.884,-104.693
968.992,-105.346
969.101,-105.084
969.209,-104.918
969.318,-105.854
969.426,-105.192
969.535,-106.153
969.643,-105.781
969.752,-103.740
969.860,-104.926
969.968,-103.606
1430.000,-98.944
1430.108,-99.661
1430.217,-98.642
1430.325,-97.459
1430.434,-99.232
1430.542,-99.788
1430.651,-100.025
1430.759,-102.050
1430.868,-100.340
1430.976,-101.129
1431.085,-102.205
1431.193,-100.409
1431.302,-99.289
1431.410,-102.174
1431.519,-101.396
1431.627,-102.306
1431.736,-102.153
1431.844,-103.520
1431.953,-106.223
1432.061,-105.077
1432.170,-107.876
1432.278,-106.015
1432.387,-109.404
1432.495,-109.255
1432.603,-104.409
1432.712,-107.462
1432.820,-108.731
1432.929,-108.488
1433.037,-109.863
1433.146,-111.543
1433.254,-110.817
1433.363,-110.214
1433.471,-105.548
1433.580,-110.153
1433.688,-108.763
1433.797,-112.337
1433.905,-110.328
1434.014,-111.399
1434.122,-112.269
1434.231,-111.459
1434.339,-111.987
1434.448,-111.283
1434.556,-111.206
1434.665,-109.681
1434.773,-111.564
1434.882,-112.766
1434.990,-109.633
1435.098,-112.507
1435.207,-111.499
1435.315,-111.161
1435.424,-111.723
1435.532,-111.085
1435.641,-111.070
1435.749,-111.729
1435.858,-110.401
1435.966,-111.151
1436.075,-108.066
1436.183,-110.695
1436.292,-108.810
1436.400,-108.018
1436.509,-109.944
1436.617,-108.326
1436.726,-109.644
1436.834,-110.518
1436.943,-108.722
1437.051,-109.947
1437.160,-105.592
1437.268,-106.015
1437.377,-110.093
1437.485,-110.770
1437.593,-111.555
1437.702,-112.187
1437.810,-112.242
1437.919,-110.342
1438.027,-110.974
1438.136,-112.314
1438.244,-111.950
1438.353,-111.283
1438.461,-109.596
1438.570,-109.462
1438.678,-110.246
1438.787,-110.198
1438.895,-113.348
1439.004,-112.739
1439.112,-110.233
1439.221,-112.200
1439.329,-110.245
1439.438,-110.129
1439.546,-109.672
1439.655,-109.211
1439.763,-111.875
1439.872,-111.340
1439.980,-93.514
1440.088,-110.832
1440.197,-112.465
1440.305,-111.675
1440.414,-110.389
1440.522,-110.275
1440.631,-110.552
1440.739,-110.490
1440.848,-111.094
1440.956,-107.924
1441.065,-111.513
1441.173,-110.383
1441.282,-109.146
1441.390,-110.321
1441.499,-111.057
1441.607,-111.573
1441.716,-110.708
1441.824,-109.035
1441.933,-108.612
1442.041,-107.446
1442.150,-108.097
1442.258,-111.456
1442.367,-110.073
1442.475,-110.805
1442.583,-110.944
1442.692,-110.979
1442.800,-111.341
1442.909,-111.414
1443.017,-108.792
1443.126,-109.749
1443.234,-110.238
1443.343,-111.067
1443.451,-110.769
1443.560,-112.380
1443.668,-111.072
1443.777,-110.661
1443.885,-110.030
1443.994,-108.600
1444.102,-111.092
1444.211,-111.750
1444.319,-108.380
1444.428,-110.632
1444.536,-111.907
1444.645,-110.046
1444.753,-109.558
1444.862,-110.552
1444.970,-108.545
1445.078,-110.931
1445.187,-109.922
1445.295,-109.293
1445.404,-108.781
1445.512,-110.251
1445.621,-110.440
1445.729,-110.395
1445.838,-110.191
1445.946,-109.930
1446.055,-110.546
1446.163,-109.653
1446.272,-109.937
1446.380,-109.925
1446.489,-110.589
1446.597,-108.613
1446.706,-108.439
1446.814,-110.025
1446.923,-110.124
1447.031,-108.254
1447.140,-108.571
1447.248,-109.751
1447.357,-109.241
1447.465,-106.816
1447.573,-107.480
1447.682,-109.912
1447.790,-109.592
1447.899,-109.154
1448.007,-109.234
1448.116,-110.521
1448.224,-110.529
1448.333,-109.548
1448.441,-112.015
1448.550,-108.349
1448.658,-110.038
1448.767,-111.269
1448.875,-109.513
1448.984,-108.277
1449.092,-110.770
1449.201,-110.273
1449.309,-109.532
1449.418,-107.726
1449.526,-109.609
1449.635,-110.418
1449.743,-110.099
1449.852,-109.501
1449.960,-107.164
1450.068,-109.633
1450.177,-103.712
1450.285,-109.389
1450.394,-108.454
1450.502,-108.436
1450.611,-108.630
1450.719,-110.351
1450.828,-109.401
1450.936,-108.610
1451.045,-107.913
1451.153,-110.207
1451.262,-108.004
1451.370,-110.650
1451.479,-108.941
1451.587,-109.021
1451.696,-110.028
1451.804,-108.372
1451.913,-109.073
1452.021,-105.781
1452.130,-109.200
1452.238,-109.274
1452.347,-110.249
1452.455,-109.213
1452.563,-111.768
1452.672,-109.663
1452.780,-108.507
1452.889,-107.927
1452.997,-107.252
1453.106,-109.212
1453.214,-108.910
1453.323,-108.330
1453.431,-106.849
1453.540,-107.347
1453.648,-108.893
1453.757,-106.507
1453.865,-110.062
1453.974,-106.956
1454.082,-110.511
1454.191,-106.916
1454.299,-108.230
1454.408,-106.827
1454.516,-107.806
1454.625,-107.976
1454.733,-107.365
1454.842,-107.995
1454.950,-109.183
1455.058,-109.164
1455.167,-107.799
1455.275,-108.414
1455.384,-103.115
1455.492,-102.744
1455.601,-103.167
1455.709,-101.424
1455.818,-100.427
1455.926,-100.278
1456.035,-102.614
1456.143,-102.190
1456.252,-99.889
1456.360,-100.675
1456.469,-100.121
1456.577,-99.542
1456.686,-99.945
1456.794,-100.749
1456.903,-101.202
1457.011,-97.855
1457.120,-99.465
1457.228,-100.130
1457.337,-98.571
1457.445,-99.755
1457.553,-99.350
1457.662,-97.587
1457.770,-98.118
1457.879,-99.818
1457.987,-97.476
1458.096,-99.515
1458.204,-96.254
1458.313,-98.980
1458.421,-97.843
1458.530,-100.323
1458.638,-100.564
1458.747,-101.949
1458.855,-103.087
1458.964,-102.764
1459.072,-102.106
1459.181,-104.963
1459.289,-102.574
1459.398,-103.667
1459.506,-104.434
1459.615,-105.150
1459.723,-106.992
1459.832,-106.758
1459.940,-107.382
1460.048,-105.981
1460.157,-106.668
1460.265,-109.391
1460.374,-109.641
1460.482,-108.151
1460.591,-109.109
1460.699,-108.664
1460.808,-108.183
1460.916,-111.182
1461.025,-106.979
1461.133,-109.174
1461.242,-108.566
1461.350,-108.955
1461.459,-107.683
1461.567,-109.820
1461.676,-108.205
1461.784,-108.657
1461.893,-108.301
1462.001,-107.922
1462.110,-108.465
1462.218,-107.988
1462.327,-109.158
1462.435,-108.723
1462.543,-108.423
1462.652,-107.546
1462.760,-110.415
1462.869,-109.233
1462.977,-103.958
1463.086,-108.085
1463.194,-109.002
1463.303,-108.862
1463.411,-110.129
1463.520,-106.809
1463.628,-109.106
1463.737,-107.049
1463.845,-108.555
1463.954,-109.743
1464.062,-108.763
1464.171,-106.718
1464.279,-108.842
1464.388,-108.098
1464.496,-108.781
1464.605,-108.372
1464.713,-109.848
1464.822,-111.025
1464.930,-110.124
1465.038,-107.267
1465.147,-109.190
1465.255,-106.967
1465.364,-108.456
1465.472,-108.723
1465.581,-110.055
1465.689,-110.361
1465.798,-108.985
1465.906,-109.241
1466.015,-110.380
1466.123,-110.454
1466.232,-108.272
1466.340,-111.375
1466.449,-107.791
1466.557,-107.890
1466.666,-108.745
1466.774,-105.899
1466.883,-110.321
1466.991,-109.245
1467.100,-110.696
1467.208,-109.837
1467.317,-109.696
1467.425,-108.837
1467.533,-110.214
1467.642,-108.517
1467.750,-110.761
1467.859,-108.097
1467.967,-109.768
1468.076,-110.328
1468.184,-109.945
1468.293,-109.798
1468.401,-108.312
1468.510,-108.986
1468.618,-108.004
1468.727,-108.885
1468.835,-109.008
1468.944,-107.748
1469.052,-108.451
1469.161,-108.604
1469.269,-108.588
1469.378,-110.120
1469.486,-110.062
1469.595,-110.106
1469.703,-110.030
1469.812,-110.015
1469.920,-110.011
1470.028,-106.984
1470.137,-105.981
1470.245,-108.978
1470.354,-110.579
1470.462,-110.724
1470.571,-110.534
1470.679,-108.850
1470.788,-111.032
1470.896,-109.687
1471.005,-108.264
1471.113,-110.984
1471.222,-109.754
1471.330,-109.915
1471.439,-101.479
1471.547,-102.962
1471.656,-110.511
1471.764,-111.194
1471.873,-108.581
1471.981,-108.760
1472.090,-106.919
1472.198,-109.394
1472.307,-108.362
1472.415,-110.165
1472.523,-108.519
1472.632,-110.207
1472.740,-109.095
1472.849,-109.695
1472.957,-107.218
1473.066,-108.964
1473.174,-110.229
1473.283,-110.937
1473.391,-110.518
1473.500,-110.308
1473.608,-110.422
1473.717,-110.213
1473.825,-109.095
1473.934,-109.201
1474.042,-107.039
1474.151,-109.381
1474.259,-108.296
1474.368,-107.504
1474.476,-110.292
1474.585,-108.400
1474.693,-111.128
1474.802,-110.396
1474.910,-109.660
1475.018,-107.706
1475.127,-109.924
1475.235,-110.159
1475.344,-110.860
1475.452,-109.093
1475.561,-109.580
1475.669,-109.799
1475.778,-108.262
1475.886,-107.851
1475.995,-108.864
1476.103,-109.240
1476.212,-111.452
1476.320,-111.119
1476.429,-108.931
1476.537,-109.595
1476.646,-110.097
1476.754,-111.335
1476.863,-109.761
1476.971,-108.171
1477.080,-111.152
1477.188,-109.347
1477.297,-108.389
1477.405,-109.764
1477.513,-111.419
1477.622,-109.131
1477.730,-109.168
1477.839,-108.854
1477.947,-108.032
1478.056,-108.410
1478.164,-110.059
1478.273,-111.321
1478.381,-110.029
1478.490,-109.853
1478.598,-109.976
1478.707,-110.032
1478.815,-107.802
1478.924,-110.213
1479.032,-105.829
1479.141,-108.501
1479.249,-110.270
1479.358,-107.869
1479.466,-110.119
1479.575,-110.121
1479.683,-109.010
1479.792,-109.191
1479.900,-110.718
1479.900,-111.039
1480.008,-102.205
1480.117,-109.491
1480.225,-108.708
1480.334,-109.827
1480.442,-110.888
1480.551,-108.960
1480.659,-108.243
1480.768,-110.462
1480.876,-108.827
1480.985,-107.105
1481.093,-109.774
1481.202,-107.831
1481.310,-109.819
1481.419,-109.639
1481.527,-109.180
1481.636,-109.408
1481.744,-108.909
1481.853,-107.977
1481.961,-107.819
1482.070,-109.820
1482.178,-105.972
1482.287,-107.622
1482.395,-105.436
1482.503,-106.836
1482.612,-106.760
1482.720,-106.287
1482.829,-107.897
1482.937,-106.686
1483.046,-103.764
1483.154,-103.394
1483.263,-103.699
1483.371,-100.855
1483.480,-103.604
1483.588,-99.955
1483.697,-101.659
1483.805,-98.715
1483.914,-99.456
1484.022,-100.865
1484.131,-100.002
1484.239,-99.376
1484.348,-99.896
1484.456,-99.819
1484.565,-98.202
1484.673,-98.460
1484.782,-98.208
1484.890,-98.355
1484.998,-98.257
1485.107,-98.668
1485.215,-98.891
1485.324,-98.796
1485.432,-99.563
1485.541,-97.814
1485.649,-99.344
1485.758,-97.978
1485.866,-99.714
1485.975,-100.323
1486.083,-99.340
1486.192,-99.386
1486.300,-99.631
1486.409,-100.622
1486.517,-102.088
1486.626,-101.859
1486.734,-103.509
1486.843,-103.680
1486.951,-105.277
1487.060,-104.220
1487.168,-106.475
1487.277,-105.851
1487.385,-104.311
1487.493,-108.757
1487.602,-108.703
1487.710,-108.186
1487.819,-107.908
1487.927,-107.632
1488.036,-106.670
1488.144,-108.609
1488.253,-108.915
1488.361,-109.567
1488.470,-107.636
1488.578,-107.215
1488.687,-109.012
1488.795,-109.097
1488.904,-107.392
1489.012,-105.812
1489.121,-109.014
1489.229,-109.109
1489.338,-110.352
1489.446,-109.263
1489.555,-108.686
1489.663,-110.890
1489.772,-109.758
1489.880,-109.413
1489.988,-106.441
1490.097,-109.786
1490.205,-109.315
1490.314,-110.191
1490.422,-109.209
1490.531,-109.219
1490.639,-111.143
1490.748,-109.985
1490.856,-108.786
1490.965,-105.850
1491.073,-109.358
1491.182,-107.361
1491.290,-110.481
1491.399,-110.311
1491.507,-110.265
1491.616,-110.170
1491.724,-108.855
1491.833,-107.986
1491.941,-108.084
1492.050,-107.756
1492.158,-111.755
1492.267,-105.561
1492.375,-108.782
1492.483,-107.758
1492.592,-107.063
1492.700,-108.759
1492.809,-106.376
1492.917,-108.777
1493.026,-107.434
1493.134,-110.835
1493.243,-110.405
1493.351,-109.880
1493.460,-109.030
1493.568,-110.546
1493.677,-109.240
1493.785,-109.813
1493.894,-109.043
1494.002,-108.867
1494.111,-108.971
1494.219,-108.213
1494.328,-108.533
1494.436,-111.573
1494.545,-110.583
1494.653,-111.287
1494.762,-110.676
1494.870,-109.655
1494.978,-107.388
1495.087,-109.251
1495.195,-107.597
1495.304,-109.109
1495.412,-109.197
1495.521,-107.187
1495.629,-106.676
1495.738,-109.451
1495.846,-108.794
1495.955,-107.678
1496.063,-106.320
1496.172,-103.166
1496.280,-105.957
1496.389,-107.293
1496.497,-105.808
1496.606,-109.010
1496.714,-109.368
1496.823,-109.855
1496.931,-111.006
1497.040,-109.547
1497.148,-109.483
1497.257,-110.403
1497.365,-109.735
1497.473,-111.739
1497.582,-111.195
1497.690,-111.547
1497.799,-110.961
1497.907,-110.107
1498.016,-110.939
1498.124,-111.308
1498.233,-111.076
1498.341,-111.673
1498.450,-112.381
1498.558,-111.088
1498.667,-110.794
1498.775,-110.940
1498.884,-111.247
1498.992,-109.375
1499.101,-111.007
1499.209,-111.042
1499.318,-109.996
1499.426,-111.421
1499.535,-111.623
1499.643,-111.936
1499.752,-109.903
1499.860,-108.910
1499.968,-105.260
1500.077,-104.640
1500.185,-93.929
1500.294,-107.329
1500.402,-110.500
1500.511,-110.553
1500.619,-110.477
1500.728,-111.987
1500.836,-111.182
1500.945,-109.231
1501.053,-109.127
1501.162,-110.930
1501.270,-109.349
1501.379,-110.989
1501.487,-110.467
1501.596,-111.910
1501.704,-111.324
1501.813,-111.092
1501.921,-110.728
1502.030,-110.975
1502.138,-111.053
1502.247,-110.706
1502.355,-111.963
1502.463,-111.855
1502.572,-110.105
1502.680,-108.780
1502.789,-112.480
1502.897,-111.194
1503.006,-106.514
1503.114,-110.928
1503.223,-110.327
1503.331,-109.481
1503.440,-107.114
1503.548,-108.493
1503.657,-108.145
1503.765,-107.209
1503.874,-106.540
1503.982,-105.368
1504.091,-106.843
1504.199,-107.039
1504.308,-108.101
1504.416,-109.284
1504.525,-110.015
1504.633,-109.148
1504.742,-110.863
1504.850,-111.130
1504.958,-111.187
1505.067,-110.853
1505.175,-111.247
1505.284,-110.582
1505.392,-111.593
1505.501,-111.573
1505.609,-112.125
1505.718,-111.784
1505.826,-112.320
1505.935,-111.363
1506.043,-112.193
1506.152,-111.340
1506.260,-112.519
1506.369,-112.722
1506.477,-114.223
1506.586,-112.512
1506.694,-112.699
1506.803,-109.328
1506.911,-111.425
1507.020,-109.414
1507.128,-108.918
1507.237,-111.721
1507.345,-113.374
1507.453,-112.037
1507.562,-112.345
1507.670,-109.204
1507.779,-111.647
1507.887,-113.453
1507.996,-110.768
1508.104,-112.627
1508.213,-112.703
1508.321,-112.720
1508.430,-113.477
1508.538,-113.826
1508.647,-111.579
1508.755,-111.513
1508.864,-112.779
1508.972,-112.772
1509.081,-111.935
1509.189,-112.756
1509.298,-112.554
1509.406,-112.952
1509.515,-111.027
1509.623,-111.678
1509.732,-113.135
1509.840,-113.379
1509.948,-111.484
1510.057,-110.636
1510.165,-112.644
1510.274,-111.731
1510.382,-111.134
1510.491,-110.010
1510.599,-109.112
1510.708,-109.789
1510.816,-108.914
1510.925,-108.562
1511.033,-107.878
1511.142,-108.679
1511.250,-107.147
1511.359,-107.066
1511.467,-106.684
1511.576,-105.969
1511.684,-105.470
1511.793,-106.316
1511.901,-105.955
1512.010,-105.272
1512.118,-106.196
1512.227,-104.904
1512.335,-106.312
1512.443,-105.633
1512.552,-105.297
1512.660,-105.233
1512.769,-105.088
1512.877,-106.511
1512.986,-105.662
1513.094,-104.503
1513.203,-105.265
1513.311,-105.713
1513.420,-104.149
1513.528,-103.530
1513.637,-105.501
1513.745,-107.231
1513.854,-107.672
1513.962,-107.703
1514.071,-107.544
1514.179,-107.666
1514.288,-108.099
1514.396,-107.522
1514.505,-109.565
1514.613,-107.997
1514.722,-111.259
1514.830,-109.358
1514.938,-109.373
1515.047,-110.897
1515.155,-112.461
1515.264,-112.377
1515.372,-110.908
1515.481,-112.817
1515.589,-112.208
1515.698,-112.194
1515.806,-109.597
1515.915,-111.770
1516.023,-109.868
1516.132,-113.121
1516.240,-112.023
1516.349,-114.159
1516.457,-113.090
1516.566,-111.717
1516.674,-112.762
1516.783,-113.299
1516.891,-112.262
1517.000,-110.363
1517.108,-112.836
1517.217,-113.249
1517.325,-111.398
1517.433,-110.633
1517.542,-112.466
1517.650,-112.894
1517.759,-112.623
1517.867,-111.543
1517.976,-107.794
1518.084,-113.570
1518.193,-112.843
1518.301,-112.337
1518.410,-112.651
1518.518,-111.258
1518.627,-112.143
1518.735,-113.896
1518.844,-112.540
1518.952,-107.434
1519.061,-111.685
1519.169,-113.151
1519.278,-110.153
1519.386,-113.075
1519.495,-111.129
1519.603,-113.155
1519.712,-111.764
1519.820,-112.073
1519.928,-112.874
1520.037,-97.825
1520.145,-110.671
1520.254,-113.039
1520.362,-110.243
1520.471,-112.722
1520.579,-112.814
1520.688,-111.902
1520.796,-113.120
1520.905,-112.667
1521.013,-110.588
1521.122,-114.246
1521.230,-112.693
1521.339,-111.931
1521.447,-113.619
1521.556,-111.740
1521.664,-112.698
1521.773,-111.608
1521.881,-112.629
1521.990,-109.815
1522.098,-111.090
1522.207,-113.100
1522.315,-113.290
1522.423,-112.317
1522.532,-114.117
1522.640,-110.638
1522.749,-112.973
1522.857,-112.654
1522.966,-109.456
1523.074,-112.443
1523.183,-113.299
1523.291,-113.029
1523.400,-111.549
1523.508,-113.711
1523.617,-112.726
1523.725,-111.838
1523.834,-111.767
1523.942,-112.777
1524.051,-112.134
1524.159,-111.775
1524.268,-112.410
1524.376,-112.927
1524.485,-112.502
1524.593,-111.281
1524.702,-111.754
1524.810,-112.657
1524.918,-112.248
1525.027,-109.292
1525.135,-112.453
1525.244,-112.197
1525.352,-113.042
1525.461,-111.941
1525.569,-111.712
1525.678,-112.397
1525.786,-112.533
1525.895,-112.631
1526.003,-108.440
1526.112,-112.934
1526.220,-112.094
1526.329,-112.068
1526.437,-113.035
1526.546,-111.967
1526.654,-108.929
1526.763,-111.832
1526.871,-111.430
1526.980,-109.302
1527.088,-112.887
1527.197,-112.024
1527.305,-112.900
1527.413,-113.255
1527.522,-111.174
1527.630,-112.855
1527.739,-113.249
1527.847,-111.163
1527.956,-108.995
1528.064,-112.748
1528.173,-112.351
1528.281,-111.802
1528.390,-111.880
1528.498,-112.936
1528.607,-113.847
1528.715,-109.826
1528.824,-111.508
1528.932,-112.996
1529.041,-105.906
1529.149,-113.973
1529.258,-112.502
1529.366,-111.820
1529.475,-113.028
1529.583,-111.450
1529.692,-112.180
1529.800,-110.532
1529.800,-111.298
1529.908,-112.796
1530.017,-107.611
1530.125,-111.165
1530.234,-111.464
1530.342,-112.942
1530.451,-111.632
1530.559,-113.053
1530.668,-111.676
1530.776,-112.530
1530.885,-110.462
1530.993,-107.019
1531.102,-111.577
1531.210,-113.458
1531.319,-111.748
1531.427,-110.439
1531.536,-112.664
1531.644,-112.881
1531.753,-111.817
1531.861,-112.186
1531.970,-108.562
1532.078,-111.743
1532.187,-112.970
1532.295,-112.808
1532.403,-113.102
1532.512,-111.205
1532.620,-112.018
1532.729,-113.007
1532.837,-112.160
1532.946,-109.228
1533.054,-109.912
1533.163,-111.194
1533.271,-111.371
1533.380,-112.041
1533.488,-112.724
1533.597,-112.215
1533.705,-112.808
1533.814,-112.144
1533.922,-111.732
1534.031,-111.954
1534.139,-111.051
1534.248,-113.175
1534.356,-112.294
1534.465,-112.988
1534.573,-111.701
1534.682,-113.780
1534.790,-113.146
1534.898,-113.936
1535.007,-112.633
1535.115,-113.443
1535.224,-112.778
1535.332,-111.734
1535.441,-111.806
1535.549,-114.465
1535.658,-112.559
1535.766,-113.231
1535.875,-112.892
1535.983,-112.142
1536.092,-112.745
1536.200,-112.820
1536.309,-111.032
1536.417,-112.862
1536.526,-112.662
1536.634,-111.590
1536.743,-113.149
1536.851,-112.440
1536.960,-113.601
1537.068,-110.472
1537.177,-112.088
1537.285,-112.391
1537.393,-112.472
1537.502,-111.215
1537.610,-111.302
1537.719,-110.899
1537.827,-111.221
1537.936,-111.077
1538.044,-111.641
1538.153,-111.135
1538.261,-109.376
1538.370,-108.990
1538.478,-109.763
1538.587,-108.907
1538.695,-108.010
1538.804,-107.786
1538.912,-110.763
1539.021,-108.302
1539.129,-108.630
1539.238,-110.169
1539.346,-109.875
1539.455,-108.671
1539.563,-109.600
1539.672,-110.625
1539.780,-109.391
1539.888,-108.724
1539.997,-108.171
1880.000,-107.309
1880.108,-113.577
1880.217,-111.757
1880.325,-113.743
1880.434,-113.399
1880.542,-113.779
1880.651,-113.372
1880.759,-112.329
1880.868,-112.615
1880.976,-114.133
1881.085,-113.048
1881.193,-112.400
1881.302,-112.886
1881.410,-113.802
1881.519,-111.864
1881.627,-112.366
1881.736,-113.253
1881.844,-113.558
1881.953,-111.145
1882.061,-112.903
1882.170,-114.157
1882.278,-113.684
1882.387,-114.888
1882.495,-112.379
1882.603,-112.847
1882.712,-113.469
1882.820,-113.400
1882.929,-113.481
1883.037,-111.502
1883.146,-113.521
1883.254,-112.840
1883.363,-113.424
1883.471,-112.401
1883.580,-113.816
1883.688,-112.550
1883.797,-113.265
1883.905,-113.943
1884.014,-113.201
1884.122,-111.539
1884.231,-111.791
1884.339,-112.055
1884.448,-113.234
1884.556,-113.661
1884.665,-113.637
1884.773,-113.223
1884.882,-110.011
1884.990,-111.734
1885.098,-111.672
1885.207,-112.401
1885.315,-113.996
1885.424,-112.920
1885.532,-113.049
1885.641,-114.168
1885.749,-110.858
1885.858,-107.132
1885.966,-113.809
1886.075,-110.544
1886.183,-112.439
1886.292,-112.982
1886.400,-113.172
1886.509,-113.866
1886.617,-114.034
1886.726,-113.123
1886.834,-111.230
1886.943,-114.056
1887.051,-112.007
1887.160,-112.998
1887.268,-111.608
1887.377,-111.511
1887.485,-110.199
1887.593,-110.975
1887.702,-113.013
1887.810,-112.468
1887.919,-112.130
1888.027,-113.436
1888.136,-114.108
1888.244,-113.203
1888.353,-113.856
1888.461,-111.820
1888.570,-111.200
1888.678,-111.402
1888.787,-109.504
1888.895,-112.487
1889.004,-111.586
1889.112,-111.141
1889.221,-109.959
1889.329,-110.568
1889.438,-110.839
1889.546,-112.794
1889.655,-110.849
1889.763,-111.675
1889.872,-111.345
1889.980,-108.659
1890.088,-109.708
1890.197,-108.552
1890.305,-109.185
1890.414,-111.646
1890.522,-111.813
1890.631,-109.556
1890.739,-111.681
1890.848,-110.857
1890.956,-110.816
1891.065,-112.448
1891.173,-111.943
1891.282,-110.958
1891.390,-113.615
1891.499,-111.646
1891.607,-111.915
1891.716,-111.964
1891.824,-113.182
1891.933,-112.348
1892.041,-111.060
1892.150,-112.747
1892.258,-112.176
1892.367,-110.409
1892.475,-110.426
1892.583,-111.625
1892.692,-110.654
1892.800,-111.740
1892.909,-111.655
1893.017,-112.866
1893.126,-114.314
1893.234,-113.323
1893.343,-112.867
1893.451,-113.258
1893.560,-110.103
1893.668,-112.590
1893.777,-113.108
1893.885,-110.482
1893.994,-111.388
1894.102,-111.535
1894.211,-112.847
1894.319,-114.589
1894.428,-113.003
1894.536,-112.284
1894.645,-112.085
1894.753,-111.258
1894.862,-111.368
1894.970,-111.382
1895.078,-110.775
1895.187,-111.364
1895.295,-113.427
1895.404,-110.796
1895.512,-109.433
1895.621,-110.566
1895.729,-110.341
1895.838,-110.660
1895.946,-110.528
1896.055,-111.054
1896.163,-112.910
1896.272,-111.816
1896.380,-111.334
1896.489,-112.529
1896.597,-111.337
1896.706,-111.843
1896.814,-112.478
1896.923,-111.888
1897.031,-110.763
1897.140,-112.747
1897.248,-111.967
1897.357,-112.149
1897.465,-113.209
1897.573,-113.035
1897.682,-111.108
1897.790,-112.431
1897.899,-110.937
1898.007,-113.755
1898.116,-110.353
1898.224,-112.093
1898.333,-111.243
1898.441,-111.676
1898.550,-111.215
1898.658,-110.758
1898.767,-111.915
1898.875,-108.878
1898.984,-110.670
1899.092,-105.306
1899.201,-99.474
1899.309,-105.868
1899.418,-108.365
1899.526,-110.194
1899.635,-112.360
1899.743,-110.120
1899.852,-110.913
1899.960,-109.680
1900.068,-111.205
1900.177,-108.249
1900.285,-109.511
1900.394,-112.805
1900.502,-111.577
1900.611,-112.289
1900.719,-111.421
1900.828,-112.027
1900.936,-113.426
1901.045,-113.835
1901.153,-114.292
1901.262,-111.633
1901.370,-110.905
1901.479,-112.801
1901.587,-113.333
1901.696,-112.908
1901.804,-112.354
1901.913,-112.406
1902.021,-112.280
1902.130,-113.042
1902.238,-110.908
1902.347,-110.876
1902.455,-113.113
1902.563,-112.352
1902.672,-112.781
1902.780,-110.792
1902.889,-110.967
1902.997,-114.510
1903.106,-112.806
1903.214,-112.451
1903.323,-112.437
1903.431,-111.796
1903.540,-110.536
1903.648,-112.626
1903.757,-110.818
1903.865,-113.091
1903.974,-112.080
1904.082,-109.359
1904.191,-111.944
1904.299,-112.518
1904.408,-109.461
1904.516,-113.625
1904.625,-111.815
1904.733,-112.159
1904.842,-112.118
1904.950,-112.758
1905.058,-112.302
1905.167,-112.803
1905.275,-112.320
1905.384,-113.506
1905.492,-111.580
1905.601,-113.057
1905.709,-114.500
1905.818,-113.380
1905.926,-113.087
1906.035,-113.417
1906.143,-112.255
1906.252,-112.293
1906.360,-110.439
1906.469,-111.898
1906.577,-112.352
1906.686,-112.819
1906.794,-111.674
1906.903,-113.545
1907.011,-112.650
1907.120,-111.189
1907.228,-113.247
1907.337,-112.845
1907.445,-111.572
1907.553,-113.663
1907.662,-112.512
1907.770,-110.562
1907.879,-114.544
1907.987,-113.413
1908.096,-112.779
1908.204,-113.762
1908.313,-113.496
1908.421,-112.231
1908.530,-110.993
1908.638,-112.890
1908.747,-112.953
1908.855,-112.721
1908.964,-108.675
1909.072,-113.570
1909.181,-113.243
1909.289,-111.125
1909.398,-108.736
1909.506,-107.422
1909.615,-111.765
1909.723,-112.199
1909.832,-113.694
1909.940,-112.948
1910.048,-112.744
1910.157,-112.717
1910.265,-109.878
1910.374,-113.203
1910.482,-111.300
1910.591,-111.827
1910.699,-112.528
1910.808,-110.191
1910.916,-115.203
1911.025,-112.885
1911.133,-111.525
1911.242,-112.172
1911.350,-111.823
1911.459,-113.429
1911.567,-113.868
1911.676,-110.671
1911.784,-112.855
1911.893,-111.789
1912.001,-110.525
1912.110,-113.920
1912.218,-112.114
1912.327,-112.008
1912.435,-113.788
1912.543,-111.927
1912.652,-114.107
1912.760,-111.348
1912.869,-113.629
1912.977,-113.157
1913.086,-111.793
1913.194,-113.228
1913.303,-113.217
1913.411,-112.338
1913.520,-114.712
1913.628,-114.635
1913.737,-114.382
1913.845,-113.535
1913.954,-110.333
1914.062,-112.794
1914.171,-114.235
1914.279,-113.052
1914.388,-112.413
1914.496,-110.995
1914.605,-113.039
1914.713,-114.322
1914.822,-113.887
1914.930,-113.135
1915.038,-112.037
1915.147,-113.953
1915.255,-112.977
1915.364,-112.327
1915.472,-111.622
1915.581,-112.838
1915.689,-112.888
1915.798,-113.390
1915.906,-113.661
1916.015,-110.743
1916.123,-112.424
1916.232,-112.907
1916.340,-112.156
1916.449,-113.706
1916.557,-114.190
1916.666,-113.415
1916.774,-112.370
1916.883,-111.692
1916.991,-113.087
1917.100,-113.220
1917.208,-109.955
1917.317,-111.409
1917.425,-113.077
1917.533,-110.484
1917.642,-113.233
1917.750,-112.632
1917.859,-112.614
1917.967,-111.522
1918.076,-113.050
1918.184,-110.138
1918.293,-111.419
1918.401,-110.297
1918.510,-113.731
1918.618,-114.137
1918.727,-112.862
1918.835,-112.892
1918.944,-112.972
1919.052,-113.571
1919.161,-113.683
1919.269,-111.875
1919.378,-113.029
1919.486,-111.925
1919.595,-113.513
1919.703,-114.647
1919.812,-112.683
1919.920,-113.832
1920.028,-101.481
1920.137,-113.079
1920.245,-113.040
1920.354,-112.921
1920.462,-113.262
1920.571,-112.333
1920.679,-112.071
1920.788,-109.890
1920.896,-110.006
1921.005,-110.821
1921.113,-113.102
1921.222,-111.587
1921.330,-111.608
1921.439,-108.151
1921.547,-102.853
1921.656,-113.537
1921.764,-113.828
1921.873,-113.910
1921.981,-112.962
1922.090,-113.510
1922.198,-114.433
1922.307,-112.807
1922.415,-112.615
1922.523,-113.186
1922.632,-112.234
1922.740,-111.518
1922.849,-110.903
1922.957,-112.786
1923.066,-112.542
1923.174,-110.771
1923.283,-111.088
1923.391,-111.236
1923.500,-111.407
1923.608,-112.970
1923.717,-111.946
1923.825,-111.255
1923.934,-110.546
1924.042,-110.768
1924.151,-111.889
1924.259,-112.810
1924.368,-109.905
1924.476,-111.445
1924.585,-110.057
1924.693,-111.045
1924.802,-112.076
1924.910,-110.879
1925.018,-109.055
1925.127,-109.052
1925.235,-111.016
1925.344,-109.453
1925.452,-111.598
1925.561,-110.436
1925.669,-109.453
1925.778,-110.708
1925.886,-111.289
1925.995,-111.161
1926.103,-111.715
1926.212,-110.335
1926.320,-109.305
1926.429,-112.286
1926.537,-110.455
1926.646,-110.228
1926.754,-112.527
1926.863,-111.451
1926.971,-111.852
1927.080,-109.926
1927.188,-111.346
1927.297,-111.995
1927.405,-111.905
1927.513,-111.499
1927.622,-114.441
1927.730,-112.086
1927.839,-113.624
1927.947,-113.469
1928.056,-111.070
1928.164,-113.671
1928.273,-112.889
1928.381,-113.276
1928.490,-113.546
1928.598,-113.143
1928.707,-113.350
1928.815,-114.422
1928.924,-113.584
1929.032,-113.587
1929.141,-113.255
1929.249,-111.404
1929.358,-111.595
1929.466,-114.616
1929.575,-113.362
1929.683,-113.744
1929.792,-112.002
1929.900,-113.198
1929.900,-114.039
1930.008,-113.709
1930.117,-113.254
1930.225,-112.050
1930.334,-100.501
1930.442,-112.740
1930.551,-112.657
1930.659,-113.880
1930.768,-113.463
1930.876,-109.406
1930.985,-113.161
1931.093,-111.238
1931.202,-112.972
1931.310,-112.368
1931.419,-112.149
1931.527,-110.143
1931.636,-110.310
1931.744,-113.457
1931.853,-110.800
1931.961,-112.583
1932.070,-112.521
1932.178,-112.666
1932.287,-111.681
1932.395,-110.594
1932.503,-111.277
1932.612,-110.814
1932.720,-111.168
1932.829,-110.187
1932.937,-105.613
1933.046,-111.044
1933.154,-111.548
1933.263,-111.771
1933.371,-107.154
1933.480,-109.902
1933.588,-112.431
1933.697,-112.823
1933.805,-111.663
1933.914,-110.433
1934.022,-109.719
1934.131,-112.422
1934.239,-112.270
1934.348,-112.972
1934.456,-111.976
1934.565,-110.278
1934.673,-112.083
1934.782,-110.995
1934.890,-112.780
1934.998,-112.171
1935.107,-111.776
1935.215,-113.154
1935.324,-111.546
1935.432,-111.738
1935.541,-112.589
1935.649,-112.383
1935.758,-111.198
1935.866,-112.119
1935.975,-113.668
1936.083,-110.796
1936.192,-112.236
1936.300,-112.837
1936.409,-112.086
1936.517,-112.913
1936.626,-109.615
1936.734,-111.040
1936.843,-109.791
1936.951,-110.186
1937.060,-110.179
1937.168,-110.835
1937.277,-109.728
1937.385,-111.210
1937.493,-111.354
1937.602,-109.420
1937.710,-110.817
1937.819,-110.495
1937.927,-111.564
1938.036,-110.573
1938.144,-110.937
1938.253,-110.766
1938.361,-110.610
1938.470,-110.171
1938.578,-109.411
1938.687,-111.100
1938.795,-109.806
1938.904,-109.659
1939.012,-110.977
1939.121,-111.451
1939.229,-111.703
1939.338,-112.719
1939.446,-112.157
1939.555,-111.592
1939.663,-111.529
1939.772,-109.738
1939.880,-110.576
1939.988,-109.921
1940.097,-108.639
1940.205,-97.013
1940.314,-101.488
1940.422,-108.372
1940.531,-109.860
1940.639,-109.950
1940.748,-110.777
1940.856,-109.326
1940.965,-111.090
1941.073,-111.766
1941.182,-111.195
1941.290,-110.323
1941.399,-109.153
1941.507,-107.992
1941.616,-111.123
1941.724,-109.371
1941.833,-109.363
1941.941,-109.756
1942.050,-108.628
1942.158,-110.211
1942.267,-110.556
1942.375,-110.458
1942.483,-109.154
1942.592,-110.082
1942.700,-111.139
1942.809,-111.638
1942.917,-108.622
1943.026,-108.117
1943.134,-110.822
1943.243,-109.071
1943.351,-108.948
1943.460,-108.935
1943.568,-109.648
1943.677,-109.599
1943.785,-111.945
1943.894,-110.068
1944.002,-111.525
1944.111,-111.789
1944.219,-113.011
1944.328,-113.184
1944.436,-112.287
1944.545,-112.413
1944.653,-112.308
1944.762,-113.776
1944.870,-114.863
1944.978,-113.518
1945.087,-112.545
1945.195,-112.628
1945.304,-112.471
1945.412,-112.234
1945.521,-111.317
1945.629,-112.422
1945.738,-110.802
1945.846,-112.037
1945.955,-112.750
1946.063,-110.160
1946.172,-111.406
1946.280,-111.156
1946.389,-110.921
1946.497,-111.075
1946.606,-108.996
1946.714,-109.693
1946.823,-109.130
1946.931,-107.627
1947.040,-104.785
1947.148,-109.359
1947.257,-109.277
1947.365,-108.344
1947.473,-106.912
1947.582,-107.732
1947.690,-106.589
1947.799,-106.189
1947.907,-106.111
1948.016,-107.764
1948.124,-108.068
1948.233,-107.502
1948.341,-107.926
1948.450,-108.047
1948.558,-111.449
1948.667,-110.689
1948.775,-110.271
1948.884,-108.896
1948.992,-109.155
1949.101,-111.673
1949.209,-111.825
1949.318,-112.036
1949.426,-113.317
1949.535,-112.103
1949.643,-112.459
1949.752,-111.859
1949.860,-111.365
1949.968,-106.574
1950.077,-110.537
1950.185,-107.336
1950.294,-106.725
1950.402,-104.437
1950.511,-91.889
1950.619,-104.516
1950.728,-108.365
1950.836,-109.005
1950.945,-111.072
1951.053,-104.028
1951.162,-103.991
1951.270,-105.396
1951.379,-107.912
1951.487,-108.633
1951.596,-108.730
1951.704,-110.597
1951.813,-108.572
1951.921,-109.078
1952.030,-107.927
1952.138,-104.329
1952.247,-106.972
1952.355,-108.938
1952.463,-106.347
1952.572,-107.469
1952.680,-104.226
1952.789,-104.401
1952.897,-105.039
1953.006,-107.851
1953.114,-109.963
1953.223,-104.836
1953.331,-105.655
1953.440,-106.329
1953.548,-106.545
1953.657,-107.934
1953.765,-106.844
1953.874,-104.098
1953.982,-106.786
1954.091,-106.618
1954.199,-103.564
1954.308,-107.672
1954.416,-108.744
1954.525,-107.718
1954.633,-108.864
1954.742,-110.331
1954.850,-110.538
1954.958,-109.604
1955.067,-110.612
1955.175,-109.923
1955.284,-110.441
1955.392,-104.899
1955.501,-107.373
1955.609,-106.490
1955.718,-107.889
1955.826,-109.206
1955.935,-104.181
1956.043,-105.189
1956.152,-106.081
1956.260,-107.774
1956.369,-106.641
1956.477,-103.560
1956.586,-105.504
1956.694,-106.552
1956.803,-108.174
1956.911,-107.191
1957.020,-109.775
1957.128,-108.724
1957.237,-107.363
1957.345,-110.520
1957.453,-108.780
1957.562,-100.601
1957.670,-102.779
1957.779,-105.427
1957.887,-104.539
1957.996,-103.994
1958.104,-107.657
1958.213,-106.368
1958.321,-107.226
1958.430,-107.645
1958.538,-109.594
1958.647,-109.623
1958.755,-110.385
1958.864,-109.567
1958.972,-109.663
1959.081,-109.782
1959.189,-107.259
1959.298,-107.008
1959.406,-107.733
1959.515,-107.033
1959.623,-108.175
1959.732,-106.605
1959.840,-109.388
1959.948,-106.269
1960.057,-110.071
1960.165,-109.724
1960.274,-110.414
1960.382,-106.127
1960.491,-107.752
1960.599,-108.900
1960.708,-109.445
1960.816,-109.879
1960.925,-110.286
1961.033,-106.659
1961.142,-110.614
1961.250,-108.535
1961.359,-108.275
1961.467,-108.636
1961.576,-105.479
1961.684,-110.048
1961.793,-107.368
1961.901,-109.610
1962.010,-109.757
1962.118,-109.839
1962.227,-109.704
1962.335,-109.306
1962.443,-105.979
1962.552,-108.332
1962.660,-111.530
1962.769,-110.697
1962.877,-108.351
1962.986,-110.077
1963.094,-109.856
1963.203,-111.067
1963.311,-108.128
1963.420,-106.766
1963.528,-108.222
1963.637,-108.082
1963.745,-108.751
1963.854,-108.687
1963.962,-106.839
1964.071,-109.475
1964.179,-109.042
1964.288,-107.650
1964.396,-109.687
1964.505,-109.586
1964.613,-109.923
1964.722,-109.885
1964.830,-107.103
1964.938,-111.521
1965.047,-109.648
1965.155,-108.590
1965.264,-107.540
1965.372,-104.270
1965.481,-104.420
1965.589,-106.939
1965.698,-106.361
1965.806,-105.851
1965.915,-106.401
1966.023,-105.669
1966.132,-102.925
1966.240,-107.237
1966.349,-103.975
1966.457,-106.868
1966.566,-107.112
1966.674,-108.982
1966.783,-109.670
1966.891,-108.495
1967.000,-109.070
1967.108,-109.104
1967.217,-108.238
1967.325,-107.151
1967.433,-108.392
1967.542,-110.069
1967.650,-109.119
1967.759,-108.515
1967.867,-110.499
1967.976,-110.518
1968.084,-108.440
1968.193,-108.781
1968.301,-110.118
1968.410,-111.191
1968.518,-107.860
1968.627,-109.937
1968.735,-110.197
1968.844,-108.558
1968.952,-107.897
1969.061,-113.054
1969.169,-110.486
1969.278,-111.526
1969.386,-113.145
1969.495,-110.966
1969.603,-113.252
1969.712,-113.243
1969.820,-111.597
1969.928,-114.553
1970.037,-111.537
1970.145,-112.751
1970.254,-113.394
1970.362,-112.611
1970.471,-110.936
1970.579,-113.733
1970.688,-110.014
1970.796,-109.763
1970.905,-112.596
1971.013,-109.826
1971.122,-109.731
1971.230,-113.252
1971.339,-112.760
1971.447,-111.653
1971.556,-111.201
1971.664,-111.537
1971.773,-113.043
1971.881,-113.204
1971.990,-112.545
1972.098,-113.642
1972.207,-112.805
1972.315,-113.053
1972.423,-113.555
1972.532,-112.220
1972.640,-110.869
1972.749,-113.061
1972.857,-112.052
1972.966,-111.178
1973.074,-111.598
1973.183,-112.038
1973.291,-111.750
1973.400,-111.628
1973.508,-110.405
1973.617,-109.913
1973.725,-111.567
1973.834,-110.757
1973.942,-110.070
1974.051,-109.378
1974.159,-111.728
1974.268,-109.994
1974.376,-111.135
1974.485,-111.084
1974.593,-111.279
1974.702,-111.913
1974.810,-112.037
1974.918,-111.307
1975.027,-108.158
1975.135,-111.440
1975.244,-113.039
1975.352,-111.370
1975.461,-111.981
1975.569,-112.987
1975.678,-112.423
1975.786,-112.592
1975.895,-113.619
1976.003,-112.642
1976.112,-111.988
1976.220,-111.555
1976.329,-111.222
1976.437,-111.438
1976.546,-112.062
1976.654,-110.940
1976.763,-112.192
1976.871,-111.598
1976.980,-111.397
1977.088,-110.740
1977.197,-112.593
1977.305,-112.487
1977.413,-110.522
1977.522,-111.845
1977.630,-110.188
1977.739,-108.567
1977.847,-111.052
1977.956,-109.159
1978.064,-107.656
1978.173,-108.399
1978.281,-108.880
1978.390,-108.321
1978.498,-107.042
1978.607,-107.214
1978.715,-107.533
1978.824,-108.834
1978.932,-108.469
1979.041,-108.927
1979.149,-107.938
1979.258,-109.129
1979.366,-107.987
1979.475,-108.573
1979.583,-107.376
1979.692,-107.112
1979.800,-107.628
1979.800,-105.603
1979.908,-107.229
1980.017,-106.477
1980.125,-108.219
1980.234,-108.002
1980.342,-106.246
1980.451,-107.560
1980.559,-106.629
1980.668,-106.880
1980.776,-108.309
1980.885,-107.270
1980.993,-108.141
1981.102,-107.216
1981.210,-107.246
1981.319,-108.809
1981.427,-104.021
1981.536,-107.335
1981.644,-107.628
1981.753,-108.749
1981.861,-107.039
1981.970,-109.778
1982.078,-108.645
1982.187,-107.334
1982.295,-108.621
1982.403,-108.281
1982.512,-108.450
1982.620,-107.863
1982.729,-106.607
1982.837,-109.151
1982.946,-110.648
1983.054,-106.000
1983.163,-106.716
1983.271,-108.264
1983.380,-112.074
1983.488,-112.567
1983.597,-111.629
1983.705,-113.307
1983.814,-112.061
1983.922,-111.748
1984.031,-111.495
1984.139,-113.632
1984.248,-114.020
1984.356,-110.371
1984.465,-113.460
1984.573,-110.001
1984.682,-111.480
1984.790,-111.636
1984.898,-111.239
1985.007,-111.200
1985.115,-113.165
1985.224,-113.413
1985.332,-113.835
1985.441,-113.894
1985.549,-112.067
1985.658,-113.988
1985.766,-111.433
1985.875,-111.000
1985.983,-113.429
1986.092,-112.732
1986.200,-112.858
1986.309,-111.270
1986.417,-111.333
1986.526,-111.948
1986.634,-109.651
1986.743,-110.130
1986.851,-112.676
1986.960,-111.198
1987.068,-113.260
1987.177,-111.978
1987.285,-110.513
1987.393,-112.144
1987.502,-111.114
1987.610,-111.577
1987.719,-109.885
1987.827,-112.956
1987.936,-109.619
1988.044,-111.205
1988.153,-110.233
1988.261,-111.152
1988.370,-111.085
1988.478,-108.701
1988.587,-107.211
1988.695,-110.174
1988.804,-111.145
1988.912,-110.344
1989.021,-111.571
1989.129,-113.483
1989.238,-111.641
1989.346,-111.807
1989.455,-113.787
1989.563,-107.844
1989.672,-110.937
1989.780,-108.830
1989.888,-109.226
1989.997,-111.261
1990.105,-112.458
1990.214,-108.797
1990.322,-111.671
1990.431,-113.149
1990.539,-111.125
1990.648,-111.923
1990.756,-113.390
1990.865,-111.544
1990.973,-112.858
1991.082,-110.841
1991.190,-112.441
1991.299,-112.006
1991.407,-113.496
1991.516,-112.581
1991.624,-111.120
1991.733,-109.091
1991.841,-109.666
1991.950,-111.091
1992.058,-112.363
1992.167,-106.908
1992.275,-111.394
1992.383,-113.590
1992.492,-112.162
1992.600,-111.960
1992.709,-110.635
1992.817,-110.518
1992.926,-111.042
1993.034,-112.480
1993.143,-113.201
1993.251,-112.813
1993.360,-111.191
1993.468,-112.054
1993.577,-110.490
1993.685,-110.223
1993.794,-110.310
1993.902,-111.209
1994.011,-110.336
1994.119,-110.679
1994.228,-111.059
1994.336,-110.133
1994.445,-111.543
1994.553,-113.634
1994.662,-113.772
1994.770,-112.221
1994.878,-113.145
1994.987,-110.338
1995.095,-112.294
1995.204,-113.138
1995.312,-112.201
1995.421,-113.068
1995.529,-113.053
1995.638,-111.634
1995.746,-112.592
1995.855,-110.811
1995.963,-109.749
1996.072,-112.515
1996.180,-111.447
1996.289,-111.555
1996.397,-111.588
1996.506,-112.374
1996.614,-112.308
1996.723,-111.773
1996.831,-111.589
1996.940,-111.427
1997.048,-109.709
1997.157,-113.965
1997.265,-112.242
1997.373,-111.637
1997.482,-111.530
1997.590,-112.416
1997.699,-111.521
1997.807,-109.816
1997.916,-112.278
1998.024,-112.861
1998.133,-112.967
1998.241,-111.210
1998.350,-111.993
1998.458,-113.301
1998.567,-111.151
1998.675,-110.630
1998.784,-110.746
1998.892,-111.844
1999.001,-111.478
1999.109,-110.766
1999.218,-111.512
1999.326,-112.830
1999.435,-112.050
1999.543,-110.017
1999.652,-112.144
1999.760,-112.823
1999.868,-111.647
1999.977,-100.906
2000.000,-100.545
2000.108,-109.878
2000.217,-108.418
2000.325,-108.795
2000.434,-109.176
2000.542,-109.692
2000.651,-110.744
2000.759,-111.122
2000.868,-112.171
2000.976,-110.691
2001.085,-111.286
2001.193,-108.833
2001.302,-107.576
2001.410,-104.721
2001.519,-104.242
2001.627,-105.629
2001.736,-105.104
2001.844,-92.863
2001.953,-100.149
2002.061,-104.910
2002.170,-105.691
2002.278,-105.688
2002.387,-104.232
2002.495,-109.548
2002.603,-110.335
2002.712,-109.213
2002.820,-112.107
2002.929,-110.255
2003.037,-110.381
2003.146,-111.627
2003.254,-112.138
2003.363,-111.372
2003.471,-111.708
2003.580,-110.330
2003.688,-109.091
2003.797,-109.974
2003.905,-109.310
2004.014,-109.730
2004.122,-110.866
2004.231,-109.449
2004.339,-111.041
2004.448,-112.185
2004.556,-98.661
2004.665,-100.646
2004.773,-110.921
2004.882,-110.993
2004.990,-108.307
2005.098,-107.408
2005.207,-110.756
2005.315,-109.446
2005.424,-110.118
2005.532,-110.992
2005.641,-107.688
2005.749,-108.945
2005.858,-109.204
2005.966,-106.540
2006.075,-106.461
2006.183,-107.594
2006.292,-106.430
2006.400,-106.026
2006.509,-108.384
2006.617,-107.451
2006.726,-109.543
2006.834,-109.384
2006.943,-106.064
2007.051,-107.882
2007.160,-106.751
2007.268,-107.028
2007.377,-108.290
2007.485,-107.352
2007.593,-108.068
2007.702,-109.675
2007.810,-107.941
2007.919,-106.009
2008.027,-106.685
2008.136,-106.930
2008.244,-107.417
2008.353,-105.762
2008.461,-105.783
2008.570,-107.800
2008.678,-103.445
2008.787,-105.612
2008.895,-107.123
2009.004,-106.180
2009.112,-107.249
2009.221,-107.673
2009.329,-108.020
2009.438,-108.607
2009.546,-109.253
2009.655,-108.648
2009.763,-109.996
2009.872,-109.371
2009.980,-109.501
2010.088,-110.885
2010.197,-109.828
2010.305,-111.770
2010.414,-110.658
2010.522,-111.303
2010.631,-111.942
2010.739,-109.722
2010.848,-110.472
2010.956,-110.500
2011.065,-109.705
2011.173,-109.888
2011.282,-111.723
2011.390,-112.361
2011.499,-109.916
2011.607,-112.815
2011.716,-111.152
2011.824,-110.367
2011.933,-112.974
2012.041,-111.005
2012.150,-112.616
2012.258,-112.200
2012.367,-112.696
2012.475,-113.288
2012.583,-111.768
2012.692,-112.359
2012.800,-111.941
2012.909,-111.105
2013.017,-111.389
2013.126,-112.982
2013.234,-110.982
2013.343,-113.749
2013.451,-113.290
2013.560,-111.980
2013.668,-111.211
2013.777,-110.751
2013.885,-112.859
2013.994,-111.841
2014.102,-113.258
2014.211,-107.936
2014.319,-113.861
2014.428,-111.941
2014.536,-113.186
2014.645,-110.573
2014.753,-110.791
2014.862,-111.297
2014.970,-111.261
2015.078,-112.398
2015.187,-113.046
2015.295,-111.407
2015.404,-112.648
2015.512,-110.873
2015.621,-111.967
2015.729,-111.016
2015.838,-110.875
2015.946,-110.638
2016.055,-111.584
2016.163,-111.169
2016.272,-112.266
2016.380,-112.143
2016.489,-112.927
2016.597,-111.382
2016.706,-114.313
2016.814,-110.774
2016.923,-111.665
2017.031,-109.948
2017.140,-110.695
2017.248,-111.786
2017.357,-112.420
2017.465,-111.274
2017.573,-113.196
2017.682,-111.595
2017.790,-112.435
2017.899,-113.308
2018.007,-112.155
2018.116,-111.220
2018.224,-111.567
2018.333,-111.613
2018.441,-113.242
2018.550,-109.237
2018.658,-110.519
2018.767,-112.721
2018.875,-109.946
2018.984,-109.233
2019.092,-113.070
2019.201,-113.109
2019.309,-110.635
2019.418,-112.034
2019.526,-113.060
2019.635,-113.713
2019.743,-112.633
2019.852,-113.950
2019.960,-112.577
2020.068,-111.874
2020.177,-113.257
2020.285,-112.973
2020.394,-111.284
2020.502,-112.034
2020.611,-111.858
2020.719,-112.953
2020.828,-111.434
2020.936,-113.025
2021.045,-112.116
2021.153,-112.129
2021.262,-112.601
2021.370,-112.469
2021.479,-111.463
2021.587,-111.714
2021.696,-112.885
2021.804,-113.902
2021.913,-113.438
2022.021,-113.124
2022.130,-111.887
2022.238,-112.692
2022.347,-111.454
2022.455,-112.159
2022.563,-113.438
2022.672,-112.263
2022.780,-113.092
2022.889,-112.700
2022.997,-110.680
2023.106,-113.151
2023.214,-112.526
2023.323,-112.001
2023.431,-109.339
2023.540,-113.551
2023.648,-112.272
2023.757,-112.798
2023.865,-112.570
2023.974,-111.697
2024.082,-112.234
2024.191,-110.907
2024.299,-111.256
2024.408,-113.378
2024.516,-113.108
2024.625,-111.893
2024.733,-112.527
2024.842,-112.041
2024.950,-113.276
2025.058,-111.465
2025.167,-112.409
2025.275,-113.323
2025.384,-113.392
2025.492,-110.741
2025.601,-112.292
2025.709,-114.157
2025.818,-112.393
2025.926,-111.447
2026.035,-110.670
2026.143,-111.810
2026.252,-114.536
2026.360,-112.808
2026.469,-113.465
2026.577,-112.073
2026.686,-113.137
2026.794,-112.296
2026.903,-107.967
2027.011,-112.556
2027.120,-113.171
2027.228,-109.908
2027.337,-112.117
2027.445,-109.760
2027.553,-110.398
2027.662,-114.520
2027.770,-112.368
2027.879,-110.373
2027.987,-112.142
2028.096,-112.190
2028.204,-112.550
2028.313,-112.815
2028.421,-112.373
2028.530,-112.989
2028.638,-113.885
2028.747,-111.392
2028.855,-112.425
2028.964,-110.608
2029.072,-110.732
2029.181,-111.945
2029.289,-110.409
2029.398,-112.665
2029.506,-113.372
2029.615,-111.531
2029.723,-112.503
2029.832,-112.854
2029.940,-111.171
2030.048,-112.421
2030.157,-110.755
2030.265,-110.997
2030.374,-112.017
2030.482,-112.463
2030.591,-113.247
2030.699,-112.339
2030.808,-110.791
2030.916,-111.648
2031.025,-111.689
2031.133,-109.081
2031.242,-111.164
2031.350,-111.880
2031.459,-111.337
2031.567,-112.385
2031.676,-111.536
2031.784,-110.968
2031.893,-112.322
2032.001,-111.436
2032.110,-110.869
2032.218,-111.223
2032.327,-111.394
2032.435,-110.158
2032.543,-110.732
2032.652,-109.781
2032.760,-107.222
2032.869,-109.979
2032.977,-109.415
2033.086,-109.600
2033.194,-105.395
2033.303,-106.917
2033.411,-106.784
2033.520,-107.299
2033.628,-106.090
2033.737,-107.051
2033.845,-106.951
2033.954,-106.172
2034.062,-108.428
2034.171,-106.947
2034.279,-105.612
2034.388,-105.518
2034.496,-106.347
2034.605,-103.559
2034.713,-104.006
2034.822,-103.920
2034.930,-102.950
2035.038,-103.803
2035.147,-101.651
2035.255,-103.113
2035.364,-102.621
2035.472,-102.364
2035.581,-103.727
2035.689,-104.008
2035.798,-101.989
2035.906,-105.961
2036.015,-100.353
2036.123,-100.855
2036.232,-102.870
2036.340,-102.853
2036.449,-103.064
2036.557,-102.730
2036.666,-101.290
2036.774,-102.777
2036.883,-103.698
2036.991,-106.390
2037.100,-109.248
2037.208,-108.999
2037.317,-109.078
2037.425,-110.673
2037.533,-110.176
2037.642,-109.695
2037.750,-109.650
2037.859,-109.174
2037.967,-109.153
2038.076,-109.502
2038.184,-109.258
2038.293,-109.621
2038.401,-110.650
2038.510,-109.890
2038.618,-110.957
2038.727,-110.254
2038.835,-110.902
2038.944,-110.479
2039.052,-109.865
2039.161,-111.290
2039.269,-111.088
2039.378,-111.156
2039.486,-111.077
2039.595,-112.242
2039.703,-110.123
2039.812,-110.460
2039.920,-111.355
2040.028,-103.314
2040.137,-110.180
2040.245,-112.176
2040.354,-109.978
2040.462,-110.586
2040.571,-112.147
2040.679,-111.397
2040.788,-111.544
2040.896,-111.260
2041.005,-109.985
2041.113,-109.690
2041.222,-111.406
2041.330,-110.257
2041.439,-110.409
2041.547,-110.831
2041.656,-109.319
2041.764,-112.272
2041.873,-109.144
2041.981,-110.725
2042.090,-113.543
2042.198,-111.930
2042.307,-111.815
2042.415,-111.425
2042.523,-109.489
2042.632,-109.741
2042.740,-109.773
2042.849,-110.271
2042.957,-110.049
2043.066,-113.328
2043.174,-108.722
2043.283,-111.106
2043.391,-110.400
2043.500,-111.955
2043.608,-108.926
2043.717,-110.588
2043.825,-111.144
2043.934,-110.057
2044.042,-111.127
2044.151,-112.506
2044.259,-111.549
2044.368,-111.751
2044.476,-111.210
2044.585,-111.947
2044.693,-110.924
2044.802,-110.463
2044.910,-110.124
2045.018,-109.148
2045.127,-107.227
2045.235,-108.707
2045.344,-109.683
2045.452,-110.016
2045.561,-112.004
2045.669,-112.816
2045.778,-111.596
2045.886,-112.689
2045.995,-110.679
2046.103,-110.738
2046.212,-108.310
2046.320,-110.519
2046.429,-109.350
2046.537,-107.007
2046.646,-108.812
2046.754,-106.802
2046.863,-109.903
2046.971,-107.308
2047.080,-106.909
2047.188,-108.907
2047.297,-106.043
2047.405,-110.454
2047.513,-108.287
2047.622,-108.808
2047.730,-109.176
2047.839,-109.924
2047.947,-107.704
2048.056,-108.264
2048.164,-109.323
2048.273,-109.299
2048.381,-110.137
2048.490,-111.271
2048.598,-112.927
2048.707,-112.507
2048.815,-111.791
2048.924,-111.894
2049.032,-108.460
2049.141,-107.964
2049.249,-111.014
2049.358,-112.542
2049.466,-112.314
2049.575,-110.837
2049.683,-113.850
2049.792,-113.011
2049.900,-110.518
2049.900,-111.447
2050.008,-112.693
2050.117,-113.052
2050.225,-110.604
2050.334,-112.415
2050.442,-112.850
2050.551,-113.580
2050.659,-112.353
2050.768,-113.746
2050.876,-113.510
2050.985,-111.468
2051.093,-112.334
2051.202,-111.780
2051.310,-112.051
2051.419,-112.778
2051.527,-112.206
2051.636,-113.308
2051.744,-112.180
2051.853,-112.512
2051.961,-111.691
2052.070,-113.800
2052.178,-113.236
2052.287,-113.911
2052.395,-111.803
2052.503,-110.532
2052.612,-112.502
2052.720,-110.779
2052.829,-110.062
2052.937,-112.206
2053.046,-108.367
2053.154,-107.456
2053.263,-108.544
2053.371,-112.571
2053.480,-111.176
2053.588,-111.152
2053.697,-112.558
2053.805,-111.145
2053.914,-111.536
2054.022,-112.343
2054.131,-112.443
2054.239,-110.488
2054.348,-115.884
2054.456,-111.966
2054.565,-112.185
2054.673,-113.810
2054.782,-114.250
2054.890,-111.676
2054.998,-114.141
2055.107,-113.350
2055.215,-113.205
2055.324,-113.950
2055.432,-111.913
2055.541,-114.566
2055.649,-113.848
2055.758,-112.541
2055.866,-112.707
2055.975,-112.640
2056.083,-111.569
2056.192,-111.943
2056.300,-112.719
2056.409,-114.136
2056.517,-114.465
2056.626,-114.264
2056.734,-113.158
2056.843,-113.373
2056.951,-112.979
2057.060,-113.443
2057.168,-113.697
2057.277,-112.584
2057.385,-112.628
2057.493,-110.492
2057.602,-115.305
2057.710,-113.143
2057.819,-112.785
2057.927,-113.273
2058.036,-110.717
2058.144,-112.664
2058.253,-112.309
2058.361,-113.081
2058.470,-113.012
2058.578,-113.008
2058.687,-112.051
2058.795,-113.996
2058.904,-113.061
2059.012,-113.293
2059.121,-112.329
2059.229,-112.942
2059.338,-114.254
2059.446,-112.719
2059.555,-111.692
2059.663,-111.318
2059.772,-110.847
2059.880,-110.222
2059.988,-109.470
2060.097,-110.458
2060.205,-109.567
2060.314,-109.942
2060.422,-108.967
2060.531,-108.003
2060.639,-106.158
2060.748,-106.606
2060.856,-107.095
2060.965,-107.734
2061.073,-106.667
2061.182,-106.483
2061.290,-106.858
2061.399,-106.865
2061.507,-106.180
2061.616,-106.877
2061.724,-107.155
2061.833,-104.997
2061.941,-107.565
2062.050,-106.320
2062.158,-105.326
2062.267,-106.100
2062.375,-107.397
2062.483,-107.467
2062.592,-107.202
2062.700,-106.828
2062.809,-105.151
2062.917,-105.728
2063.026,-107.355
2063.134,-106.551
2063.243,-105.214
2063.351,-99.975
2063.460,-100.397
2063.568,-102.395
2063.677,-104.918
2063.785,-105.757
2063.894,-107.233
2064.002,-102.060
2064.111,-107.195
2064.219,-106.758
2064.328,-107.302
2064.436,-106.469
2064.545,-106.618
2064.653,-104.611
2064.762,-107.413
2064.870,-107.718
2064.978,-105.332
2065.087,-109.265
2065.195,-108.017
2065.304,-110.694
2065.412,-110.261
2065.521,-112.051
2065.629,-110.469
2065.738,-110.944
2065.846,-111.246
2065.955,-111.258
2066.063,-110.608
2066.172,-110.633
2066.280,-111.748
2066.389,-112.615
2066.497,-111.549
2066.606,-112.150
2066.714,-113.020
2066.823,-111.504
2066.931,-111.542
2067.040,-112.383
2067.148,-111.045
2067.257,-110.760
2067.365,-113.282
2067.473,-112.890
2067.582,-113.848
2067.690,-113.846
2067.799,-112.649
2067.907,-112.420
2068.016,-113.604
2068.124,-111.678
2068.233,-110.714
2068.341,-111.131
2068.450,-112.482
2068.558,-111.031
2068.667,-111.995
2068.775,-111.496
2068.884,-109.983
2068.992,-110.762
2069.101,-111.423
2069.209,-107.972
2069.318,-111.232
2069.426,-113.436
2069.535,-110.688
2069.643,-111.948
2069.752,-111.065
2069.860,-112.040
2069.968,-112.015
2070.077,-113.147
2070.185,-112.410
2070.294,-112.168
2070.402,-111.248
2070.511,-113.001
2070.619,-112.578
2070.728,-111.735
2070.836,-112.572
2070.945,-113.539
2071.053,-112.782
2071.162,-112.774
2071.270,-112.574
2071.379,-112.541
2071.487,-111.834
2071.596,-112.674
2071.704,-111.543
2071.813,-112.042
2071.921,-113.418
2072.030,-111.849
2072.138,-111.854
2072.247,-114.259
2072.355,-112.206
2072.463,-114.202
2072.572,-112.417
2072.680,-112.270
2072.789,-113.246
2072.897,-113.404
2073.006,-110.436
2073.114,-113.746
2073.223,-112.307
2073.331,-113.564
2073.440,-113.396
2073.548,-113.478
2073.657,-113.843
2073.765,-112.472
2073.874,-114.108
2073.982,-109.105
2074.091,-112.684
2074.199,-112.785
2074.308,-113.590
2074.416,-112.030
2074.525,-112.728
2074.633,-112.541
2074.742,-112.325
2074.850,-111.760
2074.958,-108.517
2075.067,-113.326
2075.175,-112.480
2075.284,-112.861
2075.392,-111.476
2075.501,-111.806
2075.609,-109.050
2075.718,-111.493
2075.826,-112.282
2075.935,-113.997
2076.043,-109.477
2076.152,-112.712
2076.260,-113.662
2076.369,-113.600
2076.477,-113.520
2076.586,-112.655
2076.694,-113.043
2076.803,-113.044
2076.911,-113.011
2077.020,-110.775
2077.128,-112.817
2077.237,-113.649
2077.345,-112.438
2077.453,-113.046
2077.562,-114.034
2077.670,-112.813
2077.779,-112.675
2077.887,-112.074
2077.996,-110.386
2078.104,-111.773
2078.213,-113.359
2078.321,-114.729
2078.430,-114.332
2078.538,-111.798
2078.647,-112.317
2078.755,-111.849
2078.864,-111.597
2078.972,-109.705
2079.081,-113.043
2079.189,-113.665
2079.298,-113.138
2079.406,-114.209
2079.515,-113.253
2079.623,-112.154
2079.732,-112.774
2079.840,-112.446
2079.948,-109.825
2080.057,-110.188
2080.165,-112.113
2080.274,-112.075
2080.382,-114.423
2080.491,-112.107
2080.599,-111.437
2080.708,-111.479
2080.816,-112.739
2080.925,-110.878
2081.033,-112.464
2081.142,-109.907
2081.250,-112.504
2081.359,-112.432
2081.467,-112.108
2081.576,-112.103
2081.684,-113.365
2081.793,-111.451
2081.901,-113.467
2082.010,-112.758
2082.118,-110.700
2082.227,-111.982
2082.335,-111.183
2082.443,-113.254
2082.552,-111.570
2082.660,-112.912
2082.769,-111.244
2082.877,-112.775
2082.986,-112.565
2083.094,-113.896
2083.203,-113.255
2083.311,-112.592
2083.420,-112.942
2083.528,-112.614
2083.637,-112.422
2083.745,-111.565
2083.854,-111.878
2083.962,-111.263
2084.071,-112.442
2084.179,-112.543
2084.288,-111.376
2084.396,-113.106
2084.505,-112.826
2084.613,-109.974
2084.722,-112.543
2084.830,-111.831
2084.938,-112.680
2085.047,-111.621
2085.155,-114.470
2085.264,-113.510
2085.372,-111.264
2085.481,-113.965
2085.589,-112.678
2085.698,-111.431
2085.806,-112.144
2085.915,-113.156
2086.023,-112.727
2086.132,-111.800
2086.240,-111.736
2086.349,-111.847
2086.457,-111.035
2086.566,-112.186
2086.674,-111.091
2086.783,-111.850
2086.891,-112.297
2087.000,-111.093
2087.108,-110.769
2087.217,-110.327
2087.325,-110.939
2087.433,-108.332
2087.542,-112.284
2087.650,-109.659
2087.759,-109.684
2087.867,-109.564
2087.976,-109.920
2088.084,-110.210
2088.193,-109.590
2088.301,-108.410
2088.410,-110.285
2088.518,-110.418
2088.627,-110.786
2088.735,-109.509
2088.844,-108.473
2088.952,-108.647
2089.061,-109.237
2089.169,-109.171
2089.278,-109.227
2089.386,-111.249
2089.495,-108.160
2089.603,-106.582
2089.712,-106.909
2089.820,-107.603
2089.928,-109.019
2090.037,-108.429
2090.145,-109.091
2090.254,-107.553
2090.362,-107.719
2090.471,-108.052
2090.579,-108.913
2090.688,-108.960
2090.796,-108.368
2090.905,-107.958
2091.013,-107.310
2091.122,-106.853
2091.230,-109.019
2091.339,-109.100
2091.447,-109.532
2091.556,-108.626
2091.664,-109.296
2091.773,-109.550
2091.881,-108.630
2091.990,-109.899
2092.098,-108.621
2092.207,-108.018
2092.315,-111.120
2092.423,-108.614
2092.532,-111.037
2092.640,-111.391
2092.749,-109.969
2092.857,-110.311
2092.966,-112.151
2093.074,-112.254
2093.183,-112.578
2093.291,-114.094
2093.400,-112.842
2093.508,-111.306
2093.617,-113.220
2093.725,-112.210
2093.834,-113.596
2093.942,-112.474
2094.051,-110.397
2094.159,-109.755
2094.268,-104.622
2094.376,-110.337
2094.485,-112.297
2094.593,-111.309
2094.702,-112.498
2094.810,-111.277
2094.918,-110.393
2095.027,-111.973
2095.135,-112.453
2095.244,-112.270
2095.352,-113.898
2095.461,-112.738
2095.569,-111.868
2095.678,-113.111
2095.786,-111.475
2095.895,-111.857
2096.003,-112.091
2096.112,-110.316
2096.220,-111.511
2096.329,-109.826
2096.437,-110.851
2096.546,-110.835
2096.654,-113.086
2096.763,-111.986
2096.871,-112.266
2096.980,-110.807
2097.088,-112.552
2097.197,-113.547
2097.305,-112.775
2097.413,-112.903
2097.522,-112.360
2097.630,-113.686
2097.739,-111.114
2097.847,-112.280
2097.956,-112.970
2098.064,-112.401
2098.173,-112.754
2098.281,-113.668
2098.390,-113.542
2098.498,-113.118
2098.607,-113.439
2098.715,-113.190
2098.824,-113.687
2098.932,-113.047
2099.041,-112.679
2099.149,-112.333
2099.258,-113.519
2099.366,-114.221
2099.475,-113.014
2099.583,-110.921
2099.692,-112.107
2099.800,-111.933
2099.800,-113.683
2099.908,-113.389
2100.017,-110.479
2100.125,-112.588
2100.234,-106.892
2100.342,-112.889
2100.451,-112.547
2100.559,-112.942
2100.668,-113.409
2100.776,-114.227
2100.885,-113.872
2100.993,-112.407
2101.102,-112.787
2101.210,-110.570
2101.319,-113.495
2101.427,-114.478
2101.536,-113.566
2101.644,-111.940
2101.753,-111.435
2101.861,-112.095
2101.970,-112.270
2102.078,-113.424
2102.187,-113.790
2102.295,-114.137
2102.403,-111.168
2102.512,-112.812
2102.620,-114.149
2102.729,-113.267
2102.837,-113.345
2102.946,-113.480
2103.054,-112.605
2103.163,-112.849
2103.271,-113.496
2103.380,-112.958
2103.488,-113.183
2103.597,-109.873
2103.705,-112.758
2103.814,-112.836
2103.922,-111.888
2104.031,-112.071
2104.139,-112.034
2104.248,-110.510
2104.356,-108.961
2104.465,-100.414
2104.573,-101.794
2104.682,-107.664
2104.790,-111.442
2104.898,-113.731
2105.007,-112.787
2105.115,-114.066
2105.224,-113.148
2105.332,-113.956
2105.441,-111.682
2105.549,-113.858
2105.658,-113.150
2105.766,-113.292
2105.875,-112.349
2105.983,-115.258
2106.092,-113.364
2106.200,-115.162
2106.309,-111.229
2106.417,-113.087
2106.526,-113.258
2106.634,-112.169
2106.743,-114.215
2106.851,-114.409
2106.960,-114.858
2107.068,-112.621
2107.177,-113.854
2107.285,-114.144
2107.393,-112.796
2107.502,-112.566
2107.610,-114.047
2107.719,-113.881
2107.827,-115.134
2107.936,-112.899
2108.044,-112.295
2108.153,-112.987
2108.261,-114.684
2108.370,-112.214
2108.478,-112.901
2108.587,-114.148
2108.695,-113.025
2108.804,-112.529
2108.912,-112.279
2109.021,-113.446
2109.129,-111.303
2109.238,-113.246
2109.346,-113.801
2109.455,-114.625
2109.563,-114.003
2109.672,-114.304
2109.780,-113.432
2109.888,-115.037
2109.997,-113.773
2110.105,-112.630
2110.214,-110.704
2110.322,-112.599
2110.431,-112.637
2110.539,-111.320
2110.648,-113.484
2110.756,-114.457
2110.865,-108.506
2110.973,-111.553
2111.082,-111.533
2111.190,-111.239
2111.299,-112.022
2111.407,-107.744
2111.516,-112.108
2111.624,-111.666
2111.733,-112.134
2111.841,-111.500
2111.950,-111.891
2112.058,-112.703
2112.167,-111.600
2112.275,-112.037
2112.383,-111.761
2112.492,-111.210
2112.600,-113.071
2112.709,-111.661
2112.817,-109.935
2112.926,-110.524
2113.034,-110.763
2113.143,-110.009
2113.251,-108.594
2113.360,-109.064
2113.468,-109.387
2113.577,-107.557
2113.685,-110.240
2113.794,-110.588
2113.902,-109.646
2114.011,-110.479
2114.119,-109.704
2114.228,-110.272
2114.336,-110.400
2114.445,-109.245
2114.553,-110.876
2114.662,-109.495
2114.770,-110.242
2114.878,-108.650
2114.987,-111.100
2115.095,-111.299
2115.204,-110.378
2115.312,-109.885
2115.421,-109.101
2115.529,-108.542
2115.638,-109.221
2115.746,-108.953
2115.855,-108.980
2115.963,-109.880
2116.072,-108.790
2116.180,-109.082
2116.289,-107.149
2116.397,-107.833
2116.506,-108.175
2116.614,-108.561
2116.723,-106.340
2116.831,-108.794
2116.940,-107.771
2117.048,-107.787
2117.157,-107.831
2117.265,-110.239
2117.373,-107.931
2117.482,-108.041
2117.590,-106.983
2117.699,-107.635
2117.807,-106.303
2117.916,-107.414
2118.024,-107.381
2118.133,-108.209
2118.241,-108.888
2118.350,-108.522
2118.458,-107.900
2118.567,-105.731
2118.675,-107.566
2118.784,-106.278
2118.892,-108.659
2119.001,-108.846
2119.109,-108.870
2119.218,-106.182
2119.326,-107.151
2119.435,-108.331
2119.543,-106.931
2119.652,-108.715
2119.760,-109.721
2119.868,-110.551
2119.977,-98.638
2120.085,-107.486
2120.194,-110.999
2120.302,-109.213
2120.411,-110.728
2120.519,-109.802
2120.628,-110.476
2120.736,-109.591
2120.845,-110.793
2120.953,-110.381
2121.062,-110.856
2121.170,-111.019
2121.279,-111.651
2121.387,-110.352
2121.496,-111.057
2121.604,-109.380
2121.713,-110.725
2121.821,-109.735
2121.930,-110.896
2122.038,-109.463
2122.147,-110.968
2122.255,-111.217
2122.363,-111.577
2122.472,-110.896
2122.580,-111.195
2122.689,-111.699
2122.797,-111.581
2122.906,-110.705
2123.014,-110.528
2123.123,-112.389
2123.231,-110.213
2123.340,-110.870
2123.448,-110.004
2123.557,-110.984
2123.665,-109.409
2123.774,-111.047
2123.882,-111.604
2123.991,-112.958
2124.099,-113.033
2124.208,-111.320
2124.316,-111.941
2124.425,-111.144
2124.533,-111.371
2124.642,-111.838
2124.750,-111.093
2124.858,-110.016
2124.967,-109.705
2125.075,-107.766
2125.184,-110.352
2125.292,-111.391
2125.401,-111.319
2125.509,-111.332
2125.618,-111.042
2125.726,-111.158
2125.835,-111.425
2125.943,-111.785
2126.052,-112.353
2126.160,-110.942
2126.269,-111.839
2126.377,-111.893
2126.486,-109.337
2126.594,-112.919
2126.703,-110.560
2126.811,-109.953
2126.920,-112.865
2127.028,-110.570
2127.137,-112.046
2127.245,-109.850
2127.353,-112.484
2127.462,-111.753
2127.570,-111.702
2127.679,-110.482
2127.787,-110.437
2127.896,-112.190
2128.004,-110.759
2128.113,-112.243
2128.221,-111.114
2128.330,-110.654
2128.438,-111.668
2128.547,-110.134
2128.655,-111.491
2128.764,-111.556
2128.872,-110.945
2128.981,-110.544
2129.089,-113.069
2129.198,-111.742
2129.306,-110.874
2129.415,-111.441
2129.523,-111.708
2129.632,-111.973
2129.740,-112.562
2129.848,-112.668
2129.957,-110.350
2130.065,-111.169
2130.174,-110.964
2130.282,-101.986
2130.391,-104.597
2130.499,-104.650
2130.608,-103.189
2130.716,-104.260
2130.825,-104.182
2130.933,-106.436
2131.042,-104.581
2131.150,-106.264
2131.259,-106.836
2131.367,-104.728
2131.476,-107.011
2131.584,-107.202
2131.693,-108.271
2131.801,-108.193
2131.910,-108.570
2132.018,-105.496
2132.127,-104.155
2132.235,-104.687
2132.343,-103.286
2132.452,-106.280
2132.560,-103.507
2132.669,-105.679
2132.777,-104.566
2132.886,-107.627
2132.994,-107.251
2133.103,-108.115
2133.211,-106.512
2133.320,-107.016
2133.428,-107.722
2133.537,-109.396
2133.645,-108.118
2133.754,-105.660
2133.862,-108.695
2133.971,-108.783
2134.079,-107.799
2134.188,-108.017
2134.296,-101.821
2134.405,-105.789
2134.513,-104.612
2134.622,-103.050
2134.730,-102.573
2134.838,-113.187
2134.947,-112.660
2135.055,-111.553
2135.164,-111.995
2135.272,-113.812
2135.381,-111.798
2135.489,-113.030
2135.598,-111.425
2135.706,-110.415
2135.815,-108.407
2135.923,-107.515
2136.032,-106.539
2136.140,-107.145
2136.249,-103.684
2136.357,-106.237
2136.466,-104.701
2136.574,-101.069
2136.683,-105.382
2136.791,-103.090
2136.900,-103.579
2137.008,-104.360
2137.117,-105.424
2137.225,-104.856
2137.333,-105.393
2137.442,-106.400
2137.550,-106.462
2137.659,-105.730
2137.767,-107.447
2137.876,-107.953
2137.984,-106.302
2138.093,-107.894
2138.201,-109.037
2138.310,-105.053
2138.418,-106.546
2138.527,-106.107
2138.635,-105.806
2138.744,-105.995
2138.852,-105.257
2138.961,-105.884
2139.069,-105.776
2139.178,-103.475
2139.286,-105.853
2139.395,-107.643
2139.503,-106.509
2139.612,-108.621
2139.720,-109.924
2139.828,-111.790
2139.937,-112.886
2140.045,-112.702
2140.154,-112.503
2140.262,-111.091
2140.371,-113.795
2140.479,-110.550
2140.588,-114.223
2140.696,-108.967
2140.805,-106.567
2140.913,-106.616
2141.022,-108.420
2141.130,-107.328
2141.239,-107.867
2141.347,-109.919
2141.456,-104.958
2141.564,-105.794
2141.673,-105.514
2141.781,-104.005
2141.890,-106.358
2141.998,-106.977
2142.107,-108.612
2142.215,-107.636
2142.323,-103.189
2142.432,-102.865
2142.540,-104.336
2142.649,-103.964
2142.757,-105.941
2142.866,-108.427
2142.974,-106.700
2143.083,-105.598
2143.191,-107.434
2143.300,-106.836
2143.408,-106.633
2143.517,-105.640
2143.625,-105.219
2143.734,-105.420
2143.842,-105.334
2143.951,-107.510
2144.059,-108.777
2144.168,-107.013
2144.276,-106.821
2144.385,-105.502
2144.493,-106.163
2144.602,-106.712
2144.710,-106.356
2144.818,-108.253
2144.927,-103.350
2145.035,-107.799
2145.144,-104.129
2145.252,-107.379
2145.361,-106.263
2145.469,-105.655
2145.578,-105.859
2145.686,-103.219
2145.795,-104.954
2145.903,-102.659
2146.012,-104.664
2146.120,-101.266
2146.229,-103.088
2146.337,-102.190
2146.446,-104.121
2146.554,-101.717
2146.663,-103.790
2146.771,-101.879
2146.880,-103.079
2146.988,-103.023
2147.097,-102.890
2147.205,-102.246
2147.313,-100.198
2147.422,-103.072
2147.530,-103.531
2147.639,-104.138
2147.747,-104.969
2147.856,-103.354
2147.964,-105.159
2148.073,-102.442
2148.181,-108.188
2148.290,-110.861
2148.398,-104.663
2148.507,-104.225
2148.615,-109.138
2148.724,-108.248
2148.832,-106.709
2148.941,-107.504
2149.049,-108.842
2149.158,-109.386
2149.266,-105.943
2149.375,-108.338
2149.483,-106.862
2149.592,-105.005
2149.700,-106.242
2149.700,-107.395
2149.808,-108.455
2149.917,-107.101
2150.025,-105.044
2150.134,-107.770
2150.242,-107.742
2150.351,-107.107
2150.459,-105.821
2150.568,-105.697
2150.676,-105.775
2150.785,-104.858
2150.893,-104.014
2151.002,-104.036
2151.110,-103.961
2151.219,-103.322
2151.327,-103.111
2151.436,-105.672
2151.544,-106.132
2151.653,-109.299
2151.761,-107.441
2151.870,-109.412
2151.978,-105.222
2152.087,-107.416
2152.195,-107.118
2152.303,-107.775
2152.412,-102.521
2152.520,-107.482
2152.629,-105.181
2152.737,-107.478
2152.846,-107.752
2152.954,-103.445
2153.063,-104.848
2153.171,-103.203
2153.280,-103.809
2153.388,-105.597
2153.497,-104.160
2153.605,-104.788
2153.714,-104.730
2153.822,-107.441
2153.931,-107.124
2154.039,-107.048
2154.148,-105.790
2154.256,-106.663
2154.365,-110.611
2154.473,-111.328
2154.582,-110.789
2154.690,-111.781
2154.798,-110.789
2154.907,-110.079
2155.015,-112.605
2155.124,-109.806
2155.232,-106.592
2155.341,-105.515
2155.449,-103.290
2155.558,-105.069
2155.666,-102.830
2155.775,-98.518
2155.883,-87.861
2155.992,-101.835
2156.100,-103.498
2156.209,-106.653
2156.317,-105.863
2156.426,-106.052
2156.534,-108.002
2156.643,-109.206
2156.751,-106.454
2156.860,-109.393
2156.968,-107.632
2157.077,-107.905
2157.185,-106.369
2157.293,-109.833
2157.402,-108.129
2157.510,-110.415
2157.619,-107.868
2157.727,-106.716
2157.836,-110.739
2157.944,-107.694
2158.053,-108.976
2158.161,-111.669
2158.270,-109.859
2158.378,-111.138
2158.487,-111.764
2158.595,-111.630
2158.704,-111.739
2158.812,-108.300
2158.921,-109.494
2159.029,-109.962
2159.138,-110.241
2159.246,-110.409
2159.355,-112.099
2159.463,-110.538
2159.572,-110.709
2159.680,-110.124
2159.788,-109.151
2159.897,-112.966
2160.005,-101.743
2160.114,-106.933
2160.222,-108.601
2160.331,-109.297
2160.439,-109.134
2160.548,-108.735
2160.656,-108.985
2160.765,-107.108
2160.873,-110.079
2160.982,-107.492
2161.090,-110.052
2161.199,-109.730
2161.307,-109.341
2161.416,-109.033
2161.524,-109.980
2161.633,-111.814
2161.741,-111.340
2161.850,-111.533
2161.958,-107.736
2162.067,-110.573
2162.175,-110.383
2162.283,-112.385
2162.392,-109.928
2162.500,-110.463
2162.609,-108.218
2162.717,-110.316
2162.826,-111.413
2162.934,-107.982
2163.043,-107.600
2163.151,-109.268
2163.260,-109.387
2163.368,-110.482
2163.477,-111.115
2163.585,-110.596
2163.694,-109.216
2163.802,-109.642
2163.911,-111.829
2164.019,-109.307
2164.128,-110.936
2164.236,-109.089
2164.345,-109.086
2164.453,-108.291
2164.562,-108.383
2164.670,-110.499
2164.778,-108.570
2164.887,-108.720
2164.995,-110.353
2165.104,-111.192
2165.212,-109.971
2165.321,-111.445
2165.429,-110.649
2165.538,-110.494
2165.646,-109.666
2165.755,-108.621
2165.863,-111.764
2165.972,-110.158
2166.080,-110.443
2166.189,-109.918
2166.297,-109.420
2166.406,-109.525
2166.514,-108.096
2166.623,-106.316
2166.731,-106.213
2166.840,-106.920
2166.948,-107.077
2167.057,-107.315
2167.165,-105.009
2167.273,-106.439
2167.382,-108.412
2167.490,-108.156
2167.599,-109.434
2167.707,-109.717
2167.816,-110.452
2167.924,-108.138
2168.033,-109.642
2168.141,-109.628
2168.250,-109.397
2168.358,-111.439
2168.467,-108.543
2168.575,-109.754
2168.684,-109.236
2168.792,-107.875
2168.901,-108.925
2169.009,-110.267
2169.118,-105.886
2169.226,-105.965
2169.335,-112.418
2169.443,-113.098
2169.552,-111.574
2169.660,-112.741
2169.768,-112.668
2169.877,-112.558
2169.985,-110.892
2170.094,-112.337
2170.202,-111.538
2170.311,-111.902
2170.419,-110.337
2170.528,-108.896
2170.636,-108.923
2170.745,-109.024
2170.853,-107.059
2170.962,-106.715
2171.070,-110.036
2171.179,-107.688
2171.287,-106.550
2171.396,-107.763
2171.504,-107.379
2171.613,-107.836
2171.721,-107.129
2171.830,-105.145
2171.938,-105.490
2172.047,-105.487
2172.155,-105.385
2172.263,-106.192
2172.372,-107.373
2172.480,-108.535
2172.589,-108.798
2172.697,-105.748
2172.806,-107.730
2172.914,-108.715
2173.023,-107.944
2173.131,-106.248
2173.240,-105.824
2173.348,-108.278
2173.457,-107.699
2173.565,-105.416
2173.674,-107.881
2173.782,-107.801
2173.891,-107.928
2173.999,-109.469
2174.108,-109.256
2174.216,-108.898
2174.325,-109.517
2174.433,-109.450
2174.542,-108.352
2174.650,-107.772
2174.758,-108.825
2174.867,-110.715
2174.975,-108.721
2175.084,-108.669
2175.192,-107.911
2175.301,-109.476
2175.409,-109.353
2175.518,-109.313
2175.626,-109.873
2175.735,-108.213
2175.843,-111.377
2175.952,-111.183
2176.060,-108.921
2176.169,-111.706
2176.277,-111.438
2176.386,-112.108
2176.494,-111.446
2176.603,-113.352
2176.711,-111.402
2176.820,-111.221
2176.928,-111.151
2177.037,-112.613
2177.145,-111.254
2177.253,-111.998
2177.362,-109.115
2177.470,-112.060
2177.579,-111.255
2177.687,-109.989
2177.796,-110.429
2177.904,-112.865
2178.013,-109.680
2178.121,-112.443
2178.230,-110.530
2178.338,-110.672
2178.447,-109.191
2178.555,-108.166
2178.664,-110.169
2178.772,-110.139
2178.881,-107.523
2178.989,-108.517
2179.098,-107.430
2179.206,-109.369
2179.315,-109.966
2179.423,-109.164
2179.532,-107.636
2179.640,-108.430
2179.748,-108.760
2179.857,-107.866
2179.965,-108.095
2180.074,-109.303
2180.182,-109.332
2180.291,-108.368
2180.399,-108.565
2180.508,-106.798
2180.616,-108.867
2180.725,-109.404
2180.833,-109.122
2180.942,-106.194
2181.050,-108.316
2181.159,-107.621
2181.267,-108.493
2181.376,-110.712
2181.484,-109.078
2181.593,-108.337
2181.701,-110.459
2181.810,-108.531
2181.918,-108.969
2182.027,-109.154
2182.135,-112.749
2182.243,-109.513
2182.352,-107.677
2182.460,-107.487
2182.569,-110.406
2182.677,-108.141
2182.786,-106.608
2182.894,-107.185
2183.003,-107.489
2183.111,-110.132
2183.220,-106.029
2183.328,-110.073
2183.437,-111.696
2183.545,-102.720
2183.654,-102.916
2183.762,-103.235
2183.871,-103.291
2183.979,-105.258
2184.088,-104.321
2184.196,-109.987
2184.305,-110.403
2184.413,-108.941
2184.522,-111.534
2184.630,-108.522
2184.738,-108.655
2184.847,-104.420
2184.955,-105.731
2185.064,-104.856
2185.172,-106.733
2185.281,-105.518
2185.389,-106.427
2185.498,-112.796
2185.606,-111.739
2185.715,-111.484
2185.823,-111.624
2185.932,-109.370
2186.040,-109.554
2186.149,-104.032
2186.257,-104.707
2186.366,-107.795
2186.474,-103.192
2186.583,-105.660
2186.691,-105.947
2186.800,-106.641
2186.908,-107.829
2187.017,-106.292
2187.125,-105.862
2187.233,-107.098
2187.342,-106.162
2187.450,-105.483
2187.559,-103.981
2187.667,-103.759
2187.776,-102.737
2187.884,-101.283
2187.993,-101.501
2188.101,-108.150
2188.210,-105.981
2188.318,-109.056
2188.427,-106.633
2188.535,-107.117
2188.644,-107.738
2188.752,-102.592
2188.861,-102.387
2188.969,-102.434
2189.078,-102.527
2189.186,-103.803
2189.295,-102.160
2189.403,-103.658
2189.512,-104.786
2189.620,-105.804
2189.728,-105.057
2189.837,-104.236
2189.945,-104.957
2190.054,-109.181
2190.162,-108.165
2190.271,-108.522
2190.379,-109.111
2190.488,-109.050
2190.596,-110.754
2190.705,-112.148
2190.813,-111.911
2190.922,-110.034
2191.030,-110.472
2191.139,-111.327
2191.247,-109.963
2191.356,-108.052
2191.464,-108.729
2191.573,-111.756
2191.681,-111.524
2191.790,-108.615
2191.898,-111.188
2192.007,-107.188
2192.115,-107.248
2192.223,-108.688
2192.332,-109.468
2192.440,-106.227
2192.549,-104.848
2192.657,-110.765
2192.766,-111.573
2192.874,-108.608
2192.983,-113.299
2193.091,-111.685
2193.200,-111.639
2193.308,-110.151
2193.417,-108.723
2193.525,-110.328
2193.634,-111.823
2193.742,-111.390
2193.851,-109.757
2193.959,-110.770
2194.068,-109.272
2194.176,-112.188
2194.285,-112.646
2194.393,-112.756
2194.502,-109.482
2194.610,-110.240
2194.718,-111.836
2194.827,-111.962
2194.935,-111.648
2195.044,-111.158
2195.152,-112.760
2195.261,-110.362
2195.369,-110.136
2195.478,-110.400
2195.586,-111.906
2195.695,-111.314
2195.803,-112.359
2195.912,-112.739
2196.020,-111.634
2196.129,-110.349
2196.237,-110.996
2196.346,-112.045
2196.454,-110.761
2196.563,-111.820
2196.671,-111.441
2196.780,-111.290
2196.888,-112.600
2196.997,-112.948
2197.105,-112.007
2197.213,-111.600
2197.322,-110.345
2197.430,-110.771
2197.539,-111.891
2197.647,-110.829
2197.756,-111.276
2197.864,-111.766
2197.973,-111.333
2198.081,-111.382
2198.190,-111.232
2198.298,-111.467
2198.407,-111.549
2198.515,-108.115
2198.624,-109.025
2198.732,-109.220
2198.841,-109.882
2198.949,-110.932
2199.058,-111.121
2199.166,-105.689
2199.275,-106.140
2199.383,-110.468
2199.492,-112.001
2199.600,-110.482
2199.600,-107.687
2199.708,-110.174
2199.817,-110.160
2199.925,-109.682
2200.000,-98.704
2200.108,-108.824
2200.217,-102.819
2200.325,-107.987
2200.434,-108.484
2200.542,-108.914
2200.651,-108.501
2200.759,-110.444
2200.868,-110.230
2200.976,-109.552
2201.085,-109.590
2201.193,-110.276
2201.302,-110.668
2201.410,-109.784
2201.519,-112.142
2201.627,-110.907
2201.736,-110.996
2201.844,-111.239
2201.953,-110.478
2202.061,-111.816
2202.170,-111.001
2202.278,-110.219
2202.387,-112.994
2202.495,-109.343
2202.603,-112.355
2202.712,-112.105
2202.820,-112.828
2202.929,-111.758
2203.037,-112.781
2203.146,-112.837
2203.254,-112.397
2203.363,-113.117
2203.471,-111.553
2203.580,-111.183
2203.688,-112.187
2203.797,-110.561
2203.905,-114.232
2204.014,-112.834
2204.122,-112.328
2204.231,-112.546
2204.339,-111.450
2204.448,-110.744
2204.556,-109.437
2204.665,-112.686
2204.773,-111.756
2204.882,-111.876
2204.990,-112.588
2205.098,-111.167
2205.207,-113.444
2205.315,-113.092
2205.424,-113.226
2205.532,-114.455
2205.641,-113.056
2205.749,-112.185
2205.858,-112.855
2205.966,-110.611
2206.075,-112.156
2206.183,-112.684
2206.292,-111.585
2206.400,-110.832
2206.509,-110.981
2206.617,-111.785
2206.726,-111.994
2206.834,-109.762
2206.943,-110.510
2207.051,-105.796
2207.160,-101.316
2207.268,-99.732
2207.377,-109.812
2207.485,-109.025
2207.593,-111.505
2207.702,-111.599
2207.810,-111.596
2207.919,-110.519
2208.027,-113.046
2208.136,-112.392
2208.244,-111.592
2208.353,-110.298
2208.461,-113.105
2208.570,-113.309
2208.678,-112.643
2208.787,-113.414
2208.895,-113.096
2209.004,-111.429
2209.112,-113.182
2209.221,-112.871
2209.329,-113.110
2209.438,-113.491
2209.546,-114.847
2209.655,-112.525
2209.763,-114.067
2209.872,-113.366
2209.980,-114.183
2210.088,-112.939
2210.197,-110.920
2210.305,-109.620
2210.414,-113.193
2210.522,-114.203
2210.631,-113.436
2210.739,-113.558
2210.848,-114.468
2210.956,-110.867
2211.065,-113.661
2211.173,-114.492
2211.282,-112.957
2211.390,-112.856
2211.499,-113.229
2211.607,-112.860
2211.716,-112.019
2211.824,-114.492
2211.933,-113.652
2212.041,-113.778
2212.150,-112.670
2212.258,-112.963
2212.367,-114.588
2212.475,-114.314
2212.583,-114.127
2212.692,-113.004
2212.800,-113.072
2212.909,-114.289
2213.017,-112.874
2213.126,-113.506
2213.234,-113.209
2213.343,-113.206
2213.451,-113.272
2213.560,-114.949
2213.668,-111.981
2213.777,-114.378
2213.885,-114.590
2213.994,-112.612
2214.102,-113.171
2214.211,-114.390
2214.319,-113.854
2214.428,-113.338
2214.536,-114.271
2214.645,-112.039
2214.753,-112.770
2214.862,-114.307
2214.970,-112.916
2215.078,-114.241
2215.187,-111.624
2215.295,-111.867
2215.404,-110.417
2215.512,-114.519
2215.621,-111.974
2215.729,-113.909
2215.838,-114.066
2215.946,-113.702
2216.055,-113.409
2216.163,-112.387
2216.272,-112.221
2216.380,-113.192
2216.489,-114.092
2216.597,-113.077
2216.706,-113.840
2216.814,-114.465
2216.923,-114.488
2217.031,-113.545
2217.140,-112.299
2217.248,-111.897
2217.357,-111.987
2217.465,-110.480
2217.573,-112.145
2217.682,-113.620
2217.790,-112.324
2217.899,-113.810
2218.007,-111.743
2218.116,-112.603
2218.224,-115.056
2218.333,-113.334
2218.441,-113.429
2218.550,-113.464
2218.658,-114.726
2218.767,-112.438
2218.875,-113.413
2218.984,-112.330
2219.092,-113.693
2219.201,-113.277
2219.309,-113.606
2219.418,-113.994
2219.526,-112.111
2219.635,-112.483
2219.743,-110.677
2219.852,-111.550
2219.960,-110.865
2220.068,-110.969
2220.177,-111.883
2220.285,-113.485
2220.394,-111.436
2220.502,-113.146
2220.611,-113.694
2220.719,-112.870
2220.828,-113.187
2220.936,-111.366
2221.045,-111.134
2221.153,-112.920
2221.262,-113.111
2221.370,-112.075
2221.479,-113.378
2221.587,-113.337
2221.696,-113.723
2221.804,-113.212
2221.913,-114.196
2222.021,-111.250
2222.130,-113.546
2222.238,-113.299
2222.347,-113.406
2222.455,-113.517
2222.563,-113.008
2222.672,-114.331
2222.780,-113.307
2222.889,-113.412
2222.997,-112.170
2223.106,-113.675
2223.214,-114.437
2223.323,-113.974
2223.431,-113.301
2223.540,-113.842
2223.648,-113.041
2223.757,-114.748
2223.865,-112.049
2223.974,-113.682
2224.082,-111.425
2224.191,-109.720
2224.299,-105.689
2224.408,-109.965
2224.516,-112.136
2224.625,-113.084
2224.733,-110.723
2224.842,-113.396
2224.950,-111.103
2225.058,-111.997
2225.167,-110.887
2225.275,-111.486
2225.384,-112.840
2225.492,-110.813
2225.601,-109.240
2225.709,-107.654
2225.818,-109.720
2225.926,-109.183
2226.035,-112.629
2226.143,-111.159
2226.252,-111.791
2226.360,-111.036
2226.469,-111.729
2226.577,-111.575
2226.686,-111.891
2226.794,-111.970
2226.903,-111.379
2227.011,-110.435
2227.120,-110.335
2227.228,-110.644
2227.337,-112.322
2227.445,-112.195
2227.553,-110.541
2227.662,-110.959
2227.770,-112.522
2227.879,-112.679
2227.987,-109.702
2228.096,-109.145
2228.204,-109.960
2228.313,-109.425
2228.421,-110.578
2228.530,-110.675
2228.638,-111.637
2228.747,-111.689
2228.855,-111.591
2228.964,-111.344
2229.072,-111.571
2229.181,-111.869
2229.289,-111.390
2229.398,-111.662
2229.506,-112.160
2229.615,-113.148
2229.723,-112.404
2229.832,-111.959
2229.940,-112.194
2230.048,-110.076
2230.157,-111.740
2230.265,-112.045
2230.374,-111.833
2230.482,-112.408
2230.591,-113.427
2230.699,-112.579
2230.808,-113.534
2230.916,-113.292
2231.025,-111.327
2231.133,-113.081
2231.242,-113.116
2231.350,-110.270
2231.459,-113.021
2231.567,-114.391
2231.676,-113.441
2231.784,-112.006
2231.893,-113.286
2232.001,-110.900
2232.110,-112.434
2232.218,-112.533
2232.327,-112.753
2232.435,-112.985
2232.543,-113.422
2232.652,-114.327
2232.760,-112.900
2232.869,-114.304
2232.977,-111.736
2233.086,-113.109
2233.194,-111.957
2233.303,-112.027
2233.411,-112.749
2233.520,-113.125
2233.628,-114.300
2233.737,-113.779
2233.845,-111.936
2233.954,-112.893
2234.062,-113.251
2234.171,-112.749
2234.279,-113.300
2234.388,-113.869
2234.496,-112.067
2234.605,-113.877
2234.713,-113.869
2234.822,-112.626
2234.930,-114.057
2235.038,-113.575
2235.147,-114.508
2235.255,-113.331
2235.364,-112.502
2235.472,-112.580
2235.581,-111.428
2235.689,-114.424
2235.798,-114.214
2235.906,-112.797
2236.015,-113.929
2236.123,-113.540
2236.232,-113.078
2236.340,-112.688
2236.449,-113.010
2236.557,-112.834
2236.666,-111.969
2236.774,-112.568
2236.883,-114.478
2236.991,-114.397
2237.100,-113.811
2237.208,-113.669
2237.317,-115.704
2237.425,-113.773
2237.533,-113.661
2237.642,-113.643
2237.750,-113.679
2237.859,-112.707
2237.967,-113.318
2238.076,-113.197
2238.184,-112.880
2238.293,-112.751
2238.401,-111.952
2238.510,-112.510
2238.618,-113.379
2238.727,-112.696
2238.835,-113.986
2238.944,-113.005
2239.052,-113.921
2239.161,-112.083
2239.269,-113.756
2239.378,-112.603
2239.486,-114.005
2239.595,-112.143
2239.703,-113.699
2239.812,-113.494
2239.920,-114.340
2240.028,-107.745
2240.137,-113.580
2240.245,-114.169
2240.354,-113.261
2240.462,-114.150
2240.571,-115.177
2240.679,-112.235
2240.788,-113.271
2240.896,-113.662
2241.005,-110.569
2241.113,-112.248
2241.222,-112.456
2241.330,-102.839
2241.439,-103.075
2241.547,-112.597
2241.656,-113.832
2241.764,-113.017
2241.873,-113.923
2241.981,-113.799
2242.090,-114.936
2242.198,-113.691
2242.307,-112.896
2242.415,-113.415
2242.523,-113.060
2242.632,-113.961
2242.740,-114.215
2242.849,-113.755
2242.957,-113.308
2243.066,-114.791
2243.174,-112.281
2243.283,-113.475
2243.391,-115.004
2243.500,-114.017
2243.608,-114.178
2243.717,-114.171
2243.825,-113.979
2243.934,-113.867
2244.042,-112.624
2244.151,-114.436
2244.259,-113.547
2244.368,-112.967
2244.476,-113.275
2244.585,-113.834
2244.693,-113.047
2244.802,-113.480
2244.910,-113.697
2245.018,-111.951
2245.127,-114.572
2245.235,-112.427
2245.344,-113.421
2245.452,-113.334
2245.561,-113.357
2245.669,-113.118
2245.778,-114.794
2245.886,-113.022
2245.995,-114.045
2246.103,-114.034
2246.212,-112.960
2246.320,-114.414
2246.429,-112.846
2246.537,-114.552
2246.646,-114.074
2246.754,-114.556
2246.863,-114.788
2246.971,-113.785
2247.080,-114.614
2247.188,-113.706
2247.297,-112.667
2247.405,-113.542
2247.513,-113.725
2247.622,-114.570
2247.730,-114.448
2247.839,-112.782
2247.947,-112.918
2248.056,-114.581
2248.164,-108.820
2248.273,-109.956
2248.381,-111.993
2248.490,-111.460
2248.598,-113.708
2248.707,-113.061
2248.815,-112.923
2248.924,-113.800
2249.032,-113.565
2249.141,-112.672
2249.249,-114.013
2249.358,-114.919
2249.466,-113.699
2249.575,-114.646
2249.683,-114.508
2249.792,-114.604
2249.900,-113.725
2249.900,-113.610
2250.008,-111.291
2250.117,-112.229
2250.225,-109.584
2250.334,-114.093
2250.442,-112.507
2250.551,-113.966
2250.659,-114.638
2250.768,-114.438
2250.876,-112.766
2250.985,-113.626
2251.093,-114.684
2251.202,-113.434
2251.310,-115.504
2251.419,-112.643
2251.527,-112.958
2251.636,-113.595
2251.744,-113.813
2251.853,-112.208
2251.961,-113.654
2252.070,-113.571
2252.178,-113.301
2252.287,-113.044
2252.395,-112.825
2252.503,-113.857
2252.612,-113.783
2252.720,-111.540
2252.829,-113.529
2252.937,-112.670
2253.046,-113.175
2253.154,-113.018
2253.263,-114.322
2253.371,-113.331
2253.480,-109.919
2253.588,-111.718
2253.697,-114.344
2253.805,-112.659
2253.914,-113.397
2254.022,-112.529
2254.131,-112.432
2254.239,-112.644
2254.348,-113.009
2254.456,-112.992
2254.565,-111.858
2254.673,-113.668
2254.782,-112.785
2254.890,-114.457
2254.998,-113.356
2255.107,-113.293
2255.215,-112.810
2255.324,-112.527
2255.432,-113.705
2255.541,-111.907
2255.649,-112.647
2255.758,-111.925
2255.866,-112.528
2255.975,-112.078
2256.083,-113.172
2256.192,-110.814
2256.300,-112.701
2256.409,-112.526
2256.517,-112.791
2256.626,-112.920
2256.734,-113.663
2256.843,-112.555
2256.951,-112.900
2257.060,-111.039
2257.168,-112.636
2257.277,-111.078
2257.385,-112.055
2257.493,-112.227
2257.602,-112.563
2257.710,-112.498
2257.819,-111.673
2257.927,-111.245
2258.036,-111.043
2258.144,-111.322
2258.253,-110.832
2258.361,-109.570
2258.470,-103.683
2258.578,-102.882
2258.687,-111.040
2258.795,-110.885
2258.904,-110.562
2259.012,-111.537
2259.121,-113.128
2259.229,-113.794
2259.338,-113.291
2259.446,-115.117
2259.555,-115.257
2259.663,-112.581
2259.772,-113.272
2259.880,-113.786
2259.988,-112.605
2260.097,-114.274
2260.205,-113.429
2260.314,-113.628
2260.422,-115.653
2260.531,-113.736
2260.639,-113.148
2260.748,-113.262
2260.856,-114.324
2260.965,-111.505
2261.073,-114.308
2261.182,-113.417
2261.290,-112.574
2261.399,-113.874
2261.507,-114.503
2261.616,-113.843
2261.724,-114.073
2261.833,-115.275
2261.941,-113.632
2262.050,-112.563
2262.158,-112.763
2262.267,-113.601
2262.375,-114.599
2262.483,-113.806
2262.592,-113.549
2262.700,-115.067
2262.809,-113.119
2262.917,-112.552
2263.026,-112.599
2263.134,-114.644
2263.243,-114.380
2263.351,-114.514
2263.460,-114.292
2263.568,-114.870
2263.677,-114.351
2263.785,-112.623
2263.894,-112.737
2264.002,-112.425
2264.111,-113.876
2264.219,-113.793
2264.328,-113.637
2264.436,-113.913
2264.545,-112.609
2264.653,-113.903
2264.762,-115.046
2264.870,-115.086
2264.978,-112.432
2265.087,-114.208
2265.195,-113.667
2265.304,-112.984
2265.412,-114.377
2265.521,-114.761
2265.629,-114.485
2265.738,-113.987
2265.846,-113.557
2265.955,-112.778
2266.063,-113.588
2266.172,-111.897
2266.280,-112.684
2266.389,-113.724
2266.497,-115.172
2266.606,-113.448
2266.714,-113.244
2266.823,-113.713
2266.931,-111.811
2267.040,-112.874
2267.148,-113.748
2267.257,-114.091
2267.365,-113.807
2267.473,-114.074
2267.582,-113.644
2267.690,-112.966
2267.799,-113.646
2267.907,-113.247
2268.016,-112.424
2268.124,-112.227
2268.233,-111.753
2268.341,-112.646
2268.450,-113.506
2268.558,-113.712
2268.667,-112.995
2268.775,-110.883
2268.884,-113.264
2268.992,-114.250
2269.101,-112.193
2269.209,-112.779
2269.318,-112.361
2269.426,-113.993
2269.535,-113.431
2269.643,-113.380
2269.752,-114.786
2269.860,-112.866
2269.968,-113.123
2270.077,-112.864
2270.185,-111.823
2270.294,-111.983
2270.402,-113.987
2270.511,-112.498
2270.619,-112.845
2270.728,-113.737
2270.836,-113.098
2270.945,-114.431
2271.053,-112.388
2271.162,-113.981
2271.270,-113.910
2271.379,-112.965
2271.487,-113.615
2271.596,-113.328
2271.704,-113.143
2271.813,-111.505
2271.921,-111.969
2272.030,-113.929
2272.138,-112.668
2272.247,-113.790
2272.355,-114.070
2272.463,-115.427
2272.572,-114.313
2272.680,-113.613
2272.789,-111.134
2272.897,-112.878
2273.006,-111.469
2273.114,-112.612
2273.223,-115.479
2273.331,-113.290
2273.440,-114.390
2273.548,-113.636
2273.657,-115.315
2273.765,-114.115
2273.874,-112.311
2273.982,-112.425
2274.091,-113.326
2274.199,-113.276
2274.308,-114.876
2274.416,-113.780
2274.525,-112.866
2274.633,-111.399
2274.742,-112.844
2274.850,-111.660
2274.958,-114.242
2275.067,-113.655
2275.175,-111.455
2275.284,-113.500
2275.392,-112.627
2275.501,-113.379
2275.609,-114.205
2275.718,-113.293
2275.826,-113.568
2275.935,-112.951
2276.043,-112.164
2276.152,-113.249
2276.260,-113.078
2276.369,-113.440
2276.477,-113.888
2276.586,-111.314
2276.694,-113.099
2276.803,-114.278
2276.911,-107.531
2277.020,-113.396
2277.128,-114.630
2277.237,-113.058
2277.345,-113.404
2277.453,-114.001
2277.562,-113.827
2277.670,-113.814
2277.779,-112.764
2277.887,-112.319
2277.996,-113.203
2278.104,-113.039
2278.213,-112.116
2278.321,-113.576
2278.430,-111.310
2278.538,-112.142
2278.647,-114.272
2278.755,-113.436
2278.864,-112.827
2278.972,-112.042
2279.081,-111.377
2279.189,-113.181
2279.298,-113.162
2279.406,-113.399
2279.515,-111.754
2279.623,-112.103
2279.732,-111.544
2279.840,-112.099
2279.948,-103.682
2280.057,-106.659
2280.165,-110.446
2280.274,-111.710
2280.382,-111.935
2280.491,-111.445
2280.599,-111.535
2280.708,-111.423
2280.816,-110.656
2280.925,-109.230
2281.033,-110.313
2281.142,-109.583
2281.250,-109.744
2281.359,-109.481
2281.467,-109.589
2281.576,-108.847
2281.684,-108.214
2281.793,-110.155
2281.901,-106.819
2282.010,-109.571
2282.118,-110.978
2282.227,-109.826
2282.335,-110.702
2282.443,-109.921
2282.552,-110.247
2282.660,-110.012
2282.769,-110.018
2282.877,-109.882
2282.986,-109.747
2283.094,-110.713
2283.203,-109.551
2283.311,-110.056
2283.420,-109.135
2283.528,-109.692
2283.637,-110.065
2283.745,-109.778
2283.854,-110.405
2283.962,-108.719
2284.071,-107.075
2284.179,-110.948
2284.288,-110.305
2284.396,-111.114
2284.505,-111.044
2284.613,-111.015
2284.722,-110.485
2284.830,-110.060
2284.938,-109.758
2285.047,-110.804
2285.155,-110.751
2285.264,-113.070
2285.372,-112.013
2285.481,-111.850
2285.589,-112.742
2285.698,-112.132
2285.806,-112.656
2285.915,-113.303
2286.023,-112.873
2286.132,-113.025
2286.240,-113.983
2286.349,-112.815
2286.457,-112.141
2286.566,-111.748
2286.674,-112.441
2286.783,-111.957
2286.891,-113.699
2287.000,-114.034
2287.108,-113.199
2287.217,-112.097
2287.325,-113.654
2287.433,-111.724
2287.542,-114.029
2287.650,-114.023
2287.759,-111.972
2287.867,-111.154
2287.976,-111.382
2288.084,-113.478
2288.193,-112.675
2288.301,-113.436
2288.410,-113.907
2288.518,-114.536
2288.627,-112.748
2288.735,-113.243
2288.844,-113.934
2288.952,-113.453
2289.061,-113.478
2289.169,-113.568
2289.278,-113.157
2289.386,-112.784
2289.495,-113.275
2289.603,-113.651
2289.712,-114.329
2289.820,-113.045
2289.928,-113.350
2290.037,-112.742
2290.145,-114.511
2290.254,-113.332
2290.362,-113.327
2290.471,-113.508
2290.579,-112.771
2290.688,-112.948
2290.796,-113.813
2290.905,-112.205
2291.013,-114.031
2291.122,-110.649
2291.230,-110.692
2291.339,-113.505
2291.447,-113.293
2291.556,-113.494
2291.664,-114.478
2291.773,-113.253
2291.881,-113.525
2291.990,-113.543
2292.098,-108.903
2292.207,-113.681
2292.315,-112.052
2292.423,-112.359
2292.532,-113.776
2292.640,-113.363
2292.749,-113.168
2292.857,-113.842
2292.966,-112.361
2293.074,-112.783
2293.183,-111.238
2293.291,-113.917
2293.400,-112.243
2293.508,-113.783
2293.617,-112.772
2293.725,-113.457
2293.834,-113.822
2293.942,-112.914
2294.051,-113.049
2294.159,-109.478
2294.268,-112.947
2294.376,-114.374
2294.485,-113.570
2294.593,-113.458
2294.702,-114.237
2294.810,-114.743
2294.918,-113.610
2295.027,-113.994
2295.135,-113.183
2295.244,-112.576
2295.352,-113.929
2295.461,-113.764
2295.569,-113.290
2295.678,-113.773
2295.786,-114.152
2295.895,-112.634
2296.003,-111.990
2296.112,-114.296
2296.220,-113.881
2296.329,-114.057
2296.437,-112.660
2296.546,-114.352
2296.654,-113.563
2296.763,-112.644
2296.871,-113.154
2296.980,-113.221
2297.088,-112.439
2297.197,-114.363
2297.305,-112.918
2297.413,-111.947
2297.522,-112.013
2297.630,-114.474
2297.739,-112.671
2297.847,-111.676
2297.956,-111.713
2298.064,-112.470
2298.173,-112.859
2298.281,-113.739
2298.390,-113.137
2298.498,-113.766
2298.607,-113.353
2298.715,-112.835
2298.824,-114.114
2298.932,-113.725
2299.041,-112.816
2299.149,-111.717
2299.258,-114.141
2299.366,-113.166
2299.475,-113.324
2299.583,-112.489
2299.692,-112.760
2299.800,-112.788
2299.800,-113.700
2299.908,-113.608
2300.017,-111.828
2300.125,-112.617
2300.234,-109.686
2300.342,-113.019
2300.451,-112.658
2300.559,-114.537
2300.668,-113.285
2300.776,-111.951
2300.885,-113.609
2300.993,-113.003
2301.102,-112.582
2301.210,-112.904
2301.319,-114.068
2301.427,-112.256
2301.536,-108.463
2301.644,-108.578
2301.753,-111.461
2301.861,-113.303
2301.970,-112.874
2302.078,-113.913
2302.187,-113.445
2302.295,-111.988
2302.403,-111.539
2302.512,-112.589
2302.620,-113.093
2302.729,-113.369
2302.837,-114.104
2302.946,-112.727
2303.054,-113.214
2303.163,-112.915
2303.271,-113.606
2303.380,-112.206
2303.488,-111.866
2303.597,-111.777
2303.705,-113.749
2303.814,-113.172
2303.922,-113.016
2304.031,-111.320
2304.139,-114.752
2304.248,-113.994
2304.356,-114.058
2304.465,-111.879
2304.573,-110.947
2304.682,-112.158
2304.790,-113.052
2304.898,-113.554
2305.007,-113.395
2305.115,-113.610
2305.224,-113.194
2305.332,-113.489
2305.441,-113.662
2305.549,-113.100
2305.658,-110.360
2305.766,-112.987
2305.875,-110.803
2305.983,-113.488
2306.092,-112.415
2306.200,-112.732
2306.309,-111.424
2306.417,-113.204
2306.526,-113.004
2306.634,-111.546
2306.743,-112.341
2306.851,-111.713
2306.960,-110.148
2307.068,-110.603
2307.177,-108.047
2307.285,-110.706
2307.393,-110.249
2307.502,-109.654
2307.610,-109.007
2307.719,-108.291
2307.827,-111.720
2307.936,-110.896
2308.044,-110.590
2308.153,-107.222
2308.261,-107.407
2308.370,-106.771
2308.478,-107.747
2308.587,-110.008
2308.695,-108.734
2308.804,-109.341
2308.912,-107.136
2309.021,-106.985
2309.129,-105.439
2309.238,-102.315
2309.346,-100.350
2309.455,-100.481
2309.563,-97.412
2309.672,-96.284
2309.780,-87.693
2309.888,-88.228
2309.997,-98.160
2310.105,-97.014
2310.214,-98.769
2310.322,-99.474
2310.431,-102.593
2310.539,-104.372
2310.648,-105.973
2310.756,-106.572
2310.865,-107.379
2310.973,-107.307
2311.082,-106.982
2311.190,-104.843
2311.299,-105.715
2311.407,-106.447
2311.516,-105.661
2311.624,-107.819
2311.733,-107.141
2311.841,-109.137
2311.950,-109.193
2312.058,-109.596
2312.167,-107.233
2312.275,-110.644
2312.383,-107.587
2312.492,-110.179
2312.600,-110.198
2312.709,-111.201
2312.817,-112.091
2312.926,-112.098
2313.034,-109.782
2313.143,-112.590
2313.251,-112.795
2313.360,-111.124
2313.468,-114.122
2313.577,-111.976
2313.685,-113.150
2313.794,-114.294
2313.902,-112.634
2314.011,-110.049
2314.119,-110.785
2314.228,-109.926
2314.336,-112.280
2314.445,-112.321
2314.553,-111.680
2314.662,-112.947
2314.770,-112.615
2314.878,-111.477
2314.987,-111.315
2315.095,-112.075
2315.204,-109.869
2315.312,-111.746
2315.421,-110.561
2315.529,-112.073
2315.638,-113.521
2315.746,-112.829
2315.855,-114.488
2315.963,-112.478
2316.072,-112.921
2316.180,-111.780
2316.289,-114.278
2316.397,-113.216
2316.506,-112.672
2316.614,-112.888
2316.723,-112.265
2316.831,-113.207
2316.940,-112.896
2317.048,-113.294
2317.157,-113.336
2317.265,-112.200
2317.373,-112.535
2317.482,-111.319
2317.590,-113.668
2317.699,-112.497
2317.807,-113.872
2317.916,-113.691
2318.024,-113.723
2318.133,-113.698
2318.241,-113.120
2318.350,-111.850
2318.458,-112.641
2318.567,-112.815
2318.675,-111.429
2318.784,-113.374
2318.892,-112.946
2319.001,-114.351
2319.109,-111.827
2319.218,-114.111
2319.326,-111.853
2319.435,-114.179
2319.543,-112.925
2319.652,-110.996
2319.760,-110.560
2319.868,-112.578
2319.977,-108.974
2320.085,-114.063
2320.194,-113.237
2320.302,-113.324
2320.411,-113.016
2320.519,-114.345
2320.628,-113.300
2320.736,-114.035
2320.845,-112.260
2320.953,-113.474
2321.062,-112.114
2321.170,-114.776
2321.279,-112.777
2321.387,-110.885
2321.496,-113.688
2321.604,-111.632
2321.713,-112.513
2321.821,-113.917
2321.930,-110.617
2322.038,-112.403
2322.147,-112.539
2322.255,-112.899
2322.363,-113.288
2322.472,-114.104
2322.580,-113.216
2322.689,-111.204
2322.797,-113.241
2322.906,-113.191
2323.014,-113.256
2323.123,-113.216
2323.231,-113.081
2323.340,-113.640
2323.448,-112.446
2323.557,-111.959
2323.665,-112.512
2323.774,-112.162
2323.882,-113.659
2323.991,-114.506
2324.099,-111.437
2324.208,-111.981
2324.316,-113.433
2324.425,-111.441
2324.533,-113.043
2324.642,-113.315
2324.750,-112.080
2324.858,-113.638
2324.967,-112.382
2325.075,-114.731
2325.184,-112.152
2325.292,-113.934
2325.401,-114.800
2325.509,-112.085
2325.618,-114.581
2325.726,-113.760
2325.835,-113.618
2325.943,-113.685
2326.052,-113.290
2326.160,-113.594
2326.269,-112.494
2326.377,-113.390
2326.486,-112.880
2326.594,-114.049
2326.703,-112.624
2326.811,-113.025
2326.920,-111.948
2327.028,-113.871
2327.137,-113.954
2327.245,-114.825
2327.353,-112.851
2327.462,-112.860
2327.570,-111.910
2327.679,-112.853
2327.787,-112.243
2327.896,-112.421
2328.004,-111.716
2328.113,-113.618
2328.221,-110.328
2328.330,-113.062
2328.438,-112.261
2328.547,-112.017
2328.655,-112.732
2328.764,-113.670
2328.872,-112.754
2328.981,-114.130
2329.089,-111.436
2329.198,-112.285
2329.306,-113.144
2329.415,-113.240
2329.523,-112.911
2329.632,-110.604
2329.740,-113.474
2329.848,-114.139
2329.957,-113.557
2330.065,-111.600
2330.174,-112.269
2330.282,-111.818
2330.391,-113.813
2330.499,-112.108
2330.608,-111.272
2330.716,-113.062
2330.825,-112.874
2330.933,-113.266
2331.042,-112.852
2331.150,-111.517
2331.259,-113.395
2331.367,-111.148
2331.476,-112.373
2331.584,-111.882
2331.693,-113.733
2331.801,-113.069
2331.910,-112.456
2332.018,-112.853
2332.127,-112.068
2332.235,-113.716
2332.343,-112.228
2332.452,-113.052
2332.560,-113.428
2332.669,-113.177
2332.777,-113.302
2332.886,-112.771
2332.994,-112.419
2333.103,-112.890
2333.211,-113.123
2333.320,-112.422
2333.428,-113.712
2333.537,-114.092
2333.645,-112.896
2333.754,-112.551
2333.862,-111.458
2333.971,-112.465
2334.079,-112.750
2334.188,-111.638
2334.296,-112.082
2334.405,-112.192
2334.513,-113.240
2334.622,-110.830
2334.730,-113.265
2334.838,-113.199
2334.947,-113.322
2335.055,-112.392
2335.164,-112.599
2335.272,-113.620
2335.381,-113.888
2335.489,-111.520
2335.598,-113.399
2335.706,-112.326
2335.815,-112.382
2335.923,-111.925
2336.032,-111.784
2336.140,-112.020
2336.249,-112.031
2336.357,-110.803
2336.466,-112.325
2336.574,-111.019
2336.683,-110.940
2336.791,-112.257
2336.900,-112.287
2337.008,-110.691
2337.117,-112.878
2337.225,-111.861
2337.333,-111.146
2337.442,-111.679
2337.550,-111.270
2337.659,-109.652
2337.767,-111.802
2337.876,-110.991
2337.984,-111.593
2338.093,-110.130
2338.201,-111.032
2338.310,-110.871
2338.418,-107.472
2338.527,-112.105
2338.635,-111.259
2338.744,-110.503
2338.852,-110.828
2338.961,-111.753
2339.069,-110.320
2339.178,-112.120
2339.286,-110.831
2339.395,-109.528
2339.503,-110.919
2339.612,-112.737
2339.720,-110.840
2339.828,-112.705
2339.937,-112.132
2340.045,-112.165
2340.154,-111.194
2340.262,-112.059
2340.371,-112.324
2340.479,-111.138
2340.588,-113.515
2340.696,-114.161
2340.805,-111.878
2340.913,-112.318
2341.022,-114.055
2341.130,-112.102
2341.239,-112.093
2341.347,-113.598
2341.456,-112.053
2341.564,-113.079
2341.673,-112.896
2341.781,-111.799
2341.890,-112.302
2341.998,-110.779
2342.107,-114.040
2342.215,-113.832
2342.323,-112.130
2342.432,-112.258
2342.540,-111.259
2342.649,-111.174
2342.757,-111.451
2342.866,-112.372
2342.974,-111.637
2343.083,-111.912
2343.191,-112.390
2343.300,-112.012
2343.408,-112.314
2343.517,-111.868
2343.625,-111.811
2343.734,-111.593
2343.842,-111.107
2343.951,-112.847
2344.059,-112.274
2344.168,-112.342
2344.276,-110.123
2344.385,-113.033
2344.493,-112.463
2344.602,-112.326
2344.710,-111.495
2344.818,-112.216
2344.927,-112.026
2345.035,-112.147
2345.144,-111.912
2345.252,-112.018
2345.361,-111.990
2345.469,-111.489
2345.578,-111.413
2345.686,-110.323
2345.795,-111.397
2345.903,-111.866
2346.012,-110.308
2346.120,-111.900
2346.229,-113.297
2346.337,-112.971
2346.446,-110.562
2346.554,-110.905
2346.663,-112.550
2346.771,-112.914
2346.880,-112.260
2346.988,-110.655
2347.097,-112.432
2347.205,-111.344
2347.313,-111.951
2347.422,-110.893
2347.530,-110.577
2347.639,-112.577
2347.747,-112.903
2347.856,-112.084
2347.964,-112.688
2348.073,-111.039
2348.181,-111.163
2348.290,-113.175
2348.398,-112.479
2348.507,-110.204
2348.615,-111.665
2348.724,-110.536
2348.832,-111.915
2348.941,-112.181
2349.049,-111.951
2349.158,-112.624
2349.266,-111.633
2349.375,-112.600
2349.483,-111.543
2349.592,-113.886
2349.700,-114.195
2349.700,-111.376
2349.808,-111.646
2349.917,-110.525
2350.025,-111.403
2350.134,-110.273
2350.242,-112.223
2350.351,-111.324
2350.459,-111.826
2350.568,-111.456
2350.676,-112.690
2350.785,-112.859
2350.893,-113.838
2351.002,-109.451
2351.110,-109.228
2351.219,-112.758
2351.327,-110.572
2351.436,-113.886
2351.544,-112.647
2351.653,-111.059
2351.761,-109.884
2351.870,-111.376
2351.978,-112.343
2352.087,-113.038
2352.195,-112.210
2352.303,-111.239
2352.412,-109.426
2352.520,-110.419
2352.629,-112.850
2352.737,-113.862
2352.846,-112.998
2352.954,-112.913
2353.063,-111.080
2353.171,-111.051
2353.280,-112.881
2353.388,-113.849
2353.497,-114.018
2353.605,-111.918
2353.714,-112.900
2353.822,-111.985
2353.931,-110.704
2354.039,-113.011
2354.148,-111.487
2354.256,-112.337
2354.365,-112.366
2354.473,-110.674
2354.582,-108.417
2354.690,-113.324
2354.798,-111.935
2354.907,-107.141
2355.015,-112.804
2355.124,-112.012
2355.232,-111.575
2355.341,-110.845
2355.449,-108.843
2355.558,-109.681
2355.666,-113.587
2355.775,-111.065
2355.883,-112.754
2355.992,-111.832
2356.100,-111.533
2356.209,-110.849
2356.317,-110.594
2356.426,-110.254
2356.534,-111.658
2356.643,-110.316
2356.751,-112.266
2356.860,-111.933
2356.968,-111.314
2357.077,-112.599
2357.185,-111.108
2357.293,-111.851
2357.402,-112.533
2357.510,-111.023
2357.619,-111.308
2357.727,-112.035
2357.836,-111.908
2357.944,-112.852
2358.053,-113.166
2358.161,-110.427
2358.270,-110.362
2358.378,-111.216
2358.487,-110.534
2358.595,-110.676
2358.704,-110.254
2358.812,-111.630
2358.921,-110.109
2359.029,-112.983
2359.138,-112.046
2359.246,-110.885
2359.355,-114.400
2359.463,-113.076
2359.572,-110.018
2359.680,-110.195
2359.788,-111.107
2359.897,-109.895
2360.005,-110.426
2360.114,-110.056
2360.222,-111.125
2360.331,-110.350
2360.439,-112.485
2360.548,-112.850
2360.656,-111.903
2360.765,-111.393
2360.873,-111.788
2360.982,-111.174
2361.090,-102.196
2361.199,-104.060
2361.307,-110.117
2361.416,-111.422
2361.524,-109.181
2361.633,-111.209
2361.741,-110.629
2361.850,-108.346
2361.958,-109.876
2362.067,-111.130
2362.175,-110.268
2362.283,-110.217
2362.392,-107.884
2362.500,-106.501
2362.609,-111.400
2362.717,-109.549
2362.826,-110.776
2362.934,-110.198
2363.043,-109.021
2363.151,-110.167
2363.260,-111.440
2363.368,-109.931
2363.477,-112.927
2363.585,-112.599
2363.694,-108.990
2363.802,-113.091
2363.911,-110.465
2364.019,-111.850
2364.128,-111.496
2364.236,-110.201
2364.345,-112.515
2364.453,-113.585
2364.562,-110.705
2364.670,-111.106
2364.778,-110.540
2364.887,-111.544
2364.995,-111.702
2365.104,-111.945
2365.212,-112.285
2365.321,-112.681
2365.429,-108.380
2365.538,-111.588
2365.646,-111.953
2365.755,-108.460
2365.863,-112.943
2365.972,-108.956
2366.080,-111.805
2366.189,-112.624
2366.297,-111.539
2366.406,-112.840
2366.514,-113.802
2366.623,-110.439
2366.731,-110.250
2366.840,-110.976
2366.948,-112.218
2367.057,-112.163
2367.165,-109.754
2367.273,-112.470
2367.382,-112.897
2367.490,-113.023
2367.599,-112.984
2367.707,-111.941
2367.816,-113.836
2367.924,-113.321
2368.033,-111.550
2368.141,-113.956
2368.250,-112.921
2368.358,-109.585
2368.467,-113.113
2368.575,-110.737
2368.684,-110.028
2368.792,-111.943
2368.901,-113.684
2369.009,-112.513
2369.118,-113.698
2369.226,-111.562
2369.335,-113.429
2369.443,-114.730
2369.552,-109.030
2369.660,-113.591
2369.768,-112.171
2369.877,-114.443
2369.985,-112.800
2370.094,-114.381
2370.202,-113.088
2370.311,-113.468
2370.419,-112.880
2370.528,-113.001
2370.636,-112.986
2370.745,-113.316
2370.853,-113.017
2370.962,-112.626
2371.070,-110.985
2371.179,-112.791
2371.287,-111.755
2371.396,-108.657
2371.504,-111.203
2371.613,-112.948
2371.721,-112.812
2371.830,-113.018
2371.938,-114.514
2372.047,-113.886
2372.155,-112.978
2372.263,-113.425
2372.372,-112.195
2372.480,-112.027
2372.589,-113.258
2372.697,-111.939
2372.806,-113.637
2372.914,-112.557
2373.023,-108.767
2373.131,-113.543
2373.240,-113.834
2373.348,-108.007
2373.457,-112.043
2373.565,-113.080
2373.674,-113.459
2373.782,-113.783
2373.891,-111.386
2373.999,-114.104
2374.108,-112.041
2374.216,-111.899
2374.325,-114.150
2374.433,-114.614
2374.542,-113.879
2374.650,-113.496
2374.758,-110.007
2374.867,-114.328
2374.975,-113.826
2375.084,-111.772
2375.192,-113.245
2375.301,-114.022
2375.409,-112.164
2375.518,-115.262
2375.626,-112.740
2375.735,-114.087
2375.843,-112.917
2375.952,-113.135
2376.060,-114.824
2376.169,-114.738
2376.277,-111.957
2376.386,-114.021
2376.494,-111.058
2376.603,-111.379
2376.711,-114.535
2376.820,-112.078
2376.928,-113.546
2377.037,-113.565
2377.145,-107.183
2377.253,-113.278
2377.362,-115.197
2377.470,-111.426
2377.579,-113.344
2377.687,-110.889
2377.796,-113.691
2377.904,-113.983
2378.013,-111.972
2378.121,-112.779
2378.230,-113.388
2378.338,-107.662
2378.447,-113.539
2378.555,-114.168
2378.664,-113.775
2378.772,-113.878
2378.881,-111.554
2378.989,-113.116
2379.098,-113.354
2379.206,-112.000
2379.315,-114.197
2379.423,-107.411
2379.532,-109.126
2379.640,-115.051
2379.748,-111.328
2379.857,-114.269
2379.965,-113.285
2380.074,-110.909
2380.182,-113.241
2380.291,-113.879
2380.399,-111.353
2380.508,-114.396
2380.616,-114.513
2380.725,-113.053
2380.833,-115.173
2380.942,-114.424
2381.050,-114.128
2381.159,-113.644
2381.267,-111.239
2381.376,-114.159
2381.484,-113.756
2381.593,-113.110
2381.701,-112.649
2381.810,-113.977
2381.918,-113.917
2382.027,-113.296
2382.135,-113.956
2382.243,-111.845
2382.352,-109.822
2382.460,-109.908
2382.569,-111.933
2382.677,-110.752
2382.786,-114.600
2382.894,-114.018
2383.003,-110.724
2383.111,-113.652
2383.220,-114.105
2383.328,-112.645
2383.437,-113.581
2383.545,-114.735
2383.654,-113.357
2383.762,-114.873
2383.871,-112.977
2383.979,-113.370
2384.088,-113.961
2384.196,-109.892
2384.305,-113.003
2384.413,-114.108
2384.522,-113.626
2384.630,-114.319
2384.738,-114.074
2384.847,-114.436
2384.955,-112.376
2385.064,-115.072
2385.172,-112.481
2385.281,-112.684
2385.389,-111.605
2385.498,-114.294
2385.606,-113.674
2385.715,-112.275
2385.823,-111.678
2385.932,-112.359
2386.040,-111.491
2386.149,-114.664
2386.257,-115.110
2386.366,-104.357
2386.474,-113.028
2386.583,-114.627
2386.691,-111.048
2386.800,-109.934
2386.908,-113.275
2387.017,-111.703
2387.125,-109.849
2387.233,-112.058
2387.342,-111.861
2387.450,-114.231
2387.559,-114.033
2387.667,-112.499
2387.776,-114.206
2387.884,-113.802
2387.993,-113.620
2388.101,-113.752
2388.210,-112.479
2388.318,-112.224
2388.427,-112.277
2388.535,-113.795
2388.644,-113.196
2388.752,-113.573
2388.861,-113.615
2388.969,-113.722
2389.078,-113.213
2389.186,-113.604
2389.295,-113.478
2389.403,-112.990
2389.512,-113.730
2389.620,-113.868
2389.728,-113.880
2389.837,-114.099
2389.945,-113.505
2390.054,-111.792
2390.162,-111.875
2390.271,-112.561
2390.379,-113.248
2390.488,-111.649
2390.596,-113.806
2390.705,-113.586
2390.813,-112.814
2390.922,-113.263
2391.030,-113.428
2391.139,-111.535
2391.247,-112.006
2391.356,-112.549
2391.464,-113.221
2391.573,-113.412
2391.681,-113.613
2391.790,-112.344
2391.898,-114.024
2392.007,-113.563
2392.115,-112.686
2392.223,-111.550
2392.332,-113.720
2392.440,-113.350
2392.549,-112.843
2392.657,-111.008
2392.766,-113.470
2392.874,-113.653
2392.983,-112.768
2393.091,-110.957
2393.200,-110.923
2393.308,-114.993
2393.417,-110.378
2393.525,-111.602
2393.634,-112.136
2393.742,-112.271
2393.851,-114.568
2393.959,-111.646
2394.068,-113.435
2394.176,-112.578
2394.285,-114.196
2394.393,-113.379
2394.502,-114.020
2394.610,-111.952
2394.718,-110.516
2394.827,-112.329
2394.935,-113.046
2395.044,-112.501
2395.152,-114.486
2395.261,-110.278
2395.369,-114.413
2395.478,-111.622
2395.586,-112.746
2395.695,-114.752
2395.803,-113.123
2395.912,-111.999
2396.020,-113.861
2396.129,-110.851
2396.237,-113.718
2396.346,-112.164
2396.454,-112.928
2396.563,-114.507
2396.671,-113.933
2396.780,-113.346
2396.888,-113.067
2396.997,-112.625
2397.105,-114.384
2397.213,-113.850
2397.322,-113.563
2397.430,-113.154
2397.539,-113.508
2397.647,-114.756
2397.756,-113.665
2397.864,-114.290
2397.973,-112.914
2398.081,-112.949
2398.190,-110.026
2398.298,-112.621
2398.407,-112.374
2398.515,-113.886
2398.624,-112.918
2398.732,-113.873
2398.841,-113.213
2398.949,-114.086
2399.058,-111.641
2399.166,-114.455
2399.275,-112.413
2399.383,-114.036
2399.492,-113.601
2399.600,-114.031
2399.600,-113.656
2399.708,-112.890
2399.817,-111.605
2399.925,-110.839
