50.00,-105.77
50.01,-103.90
50.02,-104.25
50.03,-105.13
50.04,-103.63
50.05,-102.47
50.06,-104.69
50.07,-106.90
50.08,-105.82
50.09,-104.55
50.10,-102.95
50.11,-106.89
50.12,-106.43
50.13,-104.22
50.14,-107.33
50.15,-105.95
50.16,-104.67
50.17,-107.49
50.18,-106.47
50.19,-103.58
50.20,-105.62
50.21,-104.20
50.22,-103.08
50.23,-102.78
50.24,-103.39
50.25,-105.22
50.26,-103.46
50.27,-105.69
50.28,-106.84
50.29,-104.35
50.30,-103.61
50.31,-105.11
50.32,-103.23
50.33,-106.49
50.34,-104.19
50.35,-104.36
50.36,-105.40
50.37,-105.14
50.38,-105.56
50.39,-104.86
50.40,-103.17
50.41,-105.14
50.42,-106.19
50.43,-102.28
50.44,-104.77
50.45,-105.81
50.46,-104.03
50.47,-103.46
50.48,-105.68
50.49,-104.61
50.50,-106.18
50.51,-102.10
50.52,-104.22
50.53,-104.13
50.54,-104.54
50.55,-105.75
50.56,-104.09
50.57,-105.04
50.58,-102.95
50.59,-103.28
50.60,-103.14
50.61,-105.00
50.62,-100.92
50.63,-105.86
50.64,-105.87
50.65,-106.05
50.66,-104.51
50.67,-103.97
50.68,-101.90
50.69,-100.61
50.70,-102.70
50.71,-102.47
50.72,-103.07
50.73,-103.69
50.74,-106.93
50.75,-105.47
50.76,-105.25
50.77,-104.95
50.78,-105.20
50.79,-104.78
50.80,-102.94
50.80,-102.94
50.81,-102.34
50.82,-106.11
50.83,-105.89
50.84,-106.61
50.85,-108.19
50.86,-104.45
50.87,-101.66
50.88,-103.03
50.89,-102.76
50.90,-102.27
50.91,-104.50
50.92,-107.79
50.93,-106.01
50.94,-105.31
50.95,-106.78
50.96,-105.41
50.97,-105.26
50.98,-103.93
50.99,-105.82
51.00,-105.77
51.01,-105.03
51.02,-105.86
51.03,-104.42
51.04,-106.21
51.05,-105.67
51.06,-105.72
51.07,-104.34
51.08,-103.28
51.09,-102.51
51.10,-106.79
51.11,-105.89
51.12,-106.61
51.13,-103.23
51.14,-104.72
51.15,-105.00
51.16,-106.65
51.17,-105.04
51.18,-104.34
51.19,-105.71
51.20,-105.91
51.21,-105.23
51.22,-106.67
51.23,-103.80
51.24,-106.68
51.25,-105.05
51.26,-103.09
51.27,-102.46
51.28,-103.01
51.29,-101.95
51.30,-104.53
51.31,-104.44
51.32,-104.29
51.33,-105.70
51.34,-103.67
51.35,-106.83
51.36,-103.57
51.37,-102.96
51.38,-104.65
51.39,-105.67
51.40,-105.37
51.41,-107.19
51.42,-106.25
51.43,-104.00
51.44,-106.56
51.45,-103.51
51.46,-102.94
51.47,-105.02
51.48,-107.10
51.49,-107.30
51.50,-107.01
51.51,-107.26
51.52,-105.99
51.53,-105.28
51.54,-104.55
51.55,-103.65
51.56,-102.19
51.57,-103.01
51.58,-103.99
51.59,-106.00
51.60,-103.89
51.60,-103.89
51.61,-107.12
51.62,-105.68
51.63,-106.26
51.64,-105.71
51.65,-105.31
51.66,-105.47
51.67,-105.31
51.68,-106.01
51.69,-106.35
51.70,-103.44
51.71,-105.69
51.72,-104.51
51.73,-106.47
51.74,-102.84
51.75,-103.37
51.76,-104.36
51.77,-105.71
51.78,-106.85
51.79,-104.57
51.80,-106.25
51.81,-107.92
51.82,-103.53
51.83,-104.21
51.84,-105.09
51.85,-104.44
51.86,-105.72
51.87,-106.21
51.88,-104.58
51.89,-105.83
51.90,-107.17
51.91,-105.86
51.92,-101.24
51.93,-103.24
51.94,-101.97
51.95,-104.93
51.96,-104.58
51.97,-106.49
51.98,-105.81
51.99,-104.70
52.00,-105.47
52.01,-104.45
52.02,-104.18
52.03,-104.70
52.04,-104.37
52.05,-104.41
52.06,-105.26
52.07,-103.33
52.08,-104.81
52.09,-106.26
52.10,-104.81
52.11,-103.82
52.12,-103.01
52.13,-103.72
52.14,-105.92
52.15,-106.20
52.16,-106.78
52.17,-103.24
52.18,-106.19
52.19,-105.42
52.20,-105.32
52.21,-104.22
52.22,-101.66
52.23,-102.35
52.24,-104.42
52.25,-105.57
52.26,-105.55
52.27,-106.02
52.28,-103.88
52.29,-102.50
52.30,-103.20
52.31,-103.44
52.32,-103.11
52.33,-106.19
52.34,-105.71
52.35,-104.46
52.36,-106.48
52.37,-105.26
52.38,-105.28
52.39,-105.61
52.40,-102.66
52.40,-102.66
52.41,-105.34
52.42,-106.22
52.43,-105.22
52.44,-105.99
52.45,-104.67
52.46,-106.20
52.47,-106.58
52.48,-107.38
52.49,-102.35
52.50,-104.94
52.51,-104.39
52.52,-105.08
52.53,-105.74
52.54,-103.24
52.55,-104.74
52.56,-105.78
52.57,-102.87
52.58,-106.00
52.59,-105.35
52.60,-103.86
52.61,-104.42
52.62,-102.64
52.63,-104.95
52.64,-105.83
52.65,-105.38
52.66,-104.77
52.67,-105.20
52.68,-102.58
52.69,-104.25
52.70,-105.74
52.71,-103.63
52.72,-106.22
52.73,-103.05
52.74,-104.97
52.75,-104.23
52.76,-103.94
52.77,-104.14
52.78,-103.63
52.79,-102.99
52.80,-102.72
52.81,-105.40
52.82,-106.86
52.83,-105.90
52.84,-104.37
52.85,-102.35
52.86,-104.25
52.87,-105.01
52.88,-102.05
52.89,-105.14
52.90,-102.30
52.91,-106.06
52.92,-105.50
52.93,-105.43
52.94,-104.66
52.95,-105.57
52.96,-104.38
52.97,-102.22
52.98,-103.17
52.99,-106.41
53.00,-106.18
53.01,-105.78
53.02,-106.03
53.03,-108.38
53.04,-101.37
53.05,-103.04
53.06,-101.84
53.07,-104.42
53.08,-104.10
53.09,-106.13
53.10,-103.74
53.11,-103.05
53.12,-106.03
53.13,-105.09
53.14,-105.53
53.15,-106.20
53.16,-102.58
53.17,-102.80
53.18,-104.55
53.19,-103.88
53.20,-107.38
53.20,-107.38
53.21,-105.69
53.22,-102.43
53.23,-105.58
53.24,-103.57
53.25,-105.65
53.26,-105.00
53.27,-103.94
53.28,-103.89
53.29,-105.14
53.30,-107.11
53.31,-105.50
53.32,-104.72
53.33,-105.42
53.34,-105.12
53.35,-105.43
53.36,-104.60
53.37,-105.06
53.38,-104.20
53.39,-102.99
53.40,-104.55
53.41,-106.46
53.42,-103.12
53.43,-104.92
53.44,-104.88
53.45,-102.27
53.46,-104.18
53.47,-105.61
53.48,-106.79
53.49,-107.70
53.50,-105.98
53.51,-105.89
53.52,-105.78
53.53,-104.05
53.54,-103.27
53.55,-105.15
53.56,-107.77
53.57,-104.27
53.58,-105.79
53.59,-105.17
53.60,-107.54
53.61,-104.59
53.62,-106.41
53.63,-104.89
53.64,-105.99
53.65,-106.28
53.66,-105.81
53.67,-103.63
53.68,-102.88
53.69,-104.44
53.70,-105.60
53.71,-104.28
53.72,-101.01
53.73,-103.95
53.74,-101.74
53.75,-104.13
53.76,-101.54
53.77,-102.95
53.78,-101.25
53.79,-104.66
53.80,-105.29
53.81,-105.01
53.82,-105.75
53.83,-102.81
53.84,-101.28
53.85,-105.87
53.86,-103.68
53.87,-105.05
53.88,-103.57
53.89,-105.01
53.90,-104.07
53.91,-104.48
53.92,-105.88
53.93,-105.12
53.94,-105.89
53.95,-105.08
53.96,-103.97
53.97,-104.14
53.98,-105.30
53.99,-105.52
54.00,-105.37
54.00,-106.09
54.01,-107.57
54.02,-105.08
54.03,-104.98
54.04,-104.07
54.05,-107.54
54.06,-105.36
54.07,-103.09
54.08,-104.91
54.09,-105.06
54.10,-104.54
54.11,-105.63
54.12,-104.76
54.13,-103.43
54.14,-104.12
54.15,-105.19
54.16,-102.79
54.17,-104.55
54.18,-105.07
54.19,-106.38
54.20,-103.93
54.21,-103.75
54.22,-104.28
54.23,-103.52
54.24,-106.50
54.25,-105.31
54.26,-104.60
54.27,-103.92
54.28,-103.99
54.29,-104.80
54.30,-105.26
54.31,-105.43
54.32,-106.39
54.33,-104.22
54.34,-105.86
54.35,-104.96
54.36,-105.67
54.37,-106.40
54.38,-104.67
54.39,-105.45
54.40,-103.72
54.41,-103.50
54.42,-106.05
54.43,-103.71
54.44,-105.60
54.45,-106.98
54.46,-104.43
54.47,-104.00
54.48,-100.05
54.49,-104.12
54.50,-104.50
54.51,-103.66
54.52,-104.29
54.53,-105.65
54.54,-105.74
54.55,-105.08
54.56,-108.33
54.57,-104.18
54.58,-105.47
54.59,-104.25
54.60,-104.61
54.61,-104.64
54.62,-106.24
54.63,-104.92
54.64,-108.42
54.65,-104.54
54.66,-104.51
54.67,-104.70
54.68,-104.85
54.69,-105.60
54.70,-104.27
54.71,-106.24
54.72,-106.45
54.73,-106.17
54.74,-105.77
54.75,-103.57
54.76,-104.84
54.77,-105.84
54.78,-103.35
54.79,-105.60
54.80,-105.40
54.80,-105.40
54.81,-105.78
54.82,-108.03
54.83,-108.16
54.84,-105.20
54.85,-105.65
54.86,-106.36
54.87,-102.55
54.88,-105.24
54.89,-104.61
54.90,-104.51
54.91,-106.26
54.92,-104.59
54.93,-103.48
54.94,-106.33
54.95,-102.45
54.96,-103.52
54.97,-105.31
54.98,-105.64
54.99,-104.08
55.00,-106.12
55.01,-106.20
55.02,-104.79
55.03,-104.27
55.04,-105.22
55.05,-107.60
55.06,-107.83
55.07,-104.44
55.08,-105.78
55.09,-105.38
55.10,-104.40
55.11,-106.89
55.12,-104.87
55.13,-103.52
55.14,-105.31
55.15,-105.75
55.16,-101.69
55.17,-102.73
55.18,-104.35
55.19,-106.65
55.20,-106.46
55.21,-104.46
55.22,-105.14
55.23,-106.06
55.24,-105.24
55.25,-106.18
55.26,-105.49
55.27,-105.48
55.28,-104.72
55.29,-106.40
55.30,-103.63
55.31,-104.06
55.32,-102.37
55.33,-104.95
55.34,-106.08
55.35,-104.51
55.36,-106.69
55.37,-100.45
55.38,-105.53
55.39,-105.58
55.40,-106.49
55.41,-104.37
55.42,-103.67
55.43,-104.58
55.44,-104.95
55.45,-105.52
55.46,-103.24
55.47,-104.56
55.48,-105.00
55.49,-101.73
55.50,-103.87
55.51,-105.56
55.52,-105.47
55.53,-104.94
55.54,-104.57
55.55,-104.14
55.56,-105.25
55.57,-105.36
55.58,-107.11
55.59,-104.88
55.60,-105.93
55.60,-105.93
55.61,-105.82
55.62,-103.31
55.63,-104.55
55.64,-104.30
55.65,-105.95
55.66,-104.06
55.67,-104.56
55.68,-105.25
55.69,-106.31
55.70,-106.11
55.71,-103.99
55.72,-104.04
55.73,-104.32
55.74,-106.25
55.75,-105.77
55.76,-103.76
55.77,-105.12
55.78,-106.57
55.79,-108.02
55.80,-104.68
55.81,-102.60
55.82,-104.08
55.83,-104.41
55.84,-103.80
55.85,-103.31
55.86,-104.68
55.87,-104.91
55.88,-105.73
55.89,-104.30
55.90,-104.21
55.91,-104.83
55.92,-105.55
55.93,-103.91
55.94,-104.53
55.95,-103.78
55.96,-106.81
55.97,-104.59
55.98,-104.29
55.99,-105.22
56.00,-105.31
56.01,-104.98
56.02,-106.15
56.03,-105.53
56.04,-106.40
56.05,-105.79
56.06,-106.79
56.07,-105.40
56.08,-105.86
56.09,-106.00
56.10,-106.46
56.11,-103.93
56.12,-106.33
56.13,-106.15
56.14,-102.51
56.15,-104.64
56.16,-107.22
56.17,-105.40
56.18,-104.82
56.19,-103.12
56.20,-103.08
56.21,-105.36
56.22,-104.66
56.23,-105.24
56.24,-107.38
56.25,-106.60
56.26,-106.80
56.27,-104.75
56.28,-106.89
56.29,-105.03
56.30,-106.19
56.31,-104.75
56.32,-104.49
56.33,-105.51
56.34,-105.37
56.35,-106.26
56.36,-103.30
56.37,-105.86
56.38,-102.21
56.39,-104.47
56.40,-106.87
56.40,-106.87
56.41,-107.08
56.42,-104.22
56.43,-105.63
56.44,-106.36
56.45,-103.56
56.46,-105.42
56.47,-103.70
56.48,-103.56
56.49,-104.76
56.50,-105.27
56.51,-105.85
56.52,-104.10
56.53,-105.68
56.54,-105.88
56.55,-104.74
56.56,-106.59
56.57,-104.09
56.58,-104.37
56.59,-105.79
56.60,-106.00
56.61,-103.72
56.62,-106.81
56.63,-105.51
56.64,-105.52
56.65,-105.48
56.66,-105.88
56.67,-104.86
56.68,-105.63
56.69,-103.65
56.70,-105.73
56.71,-104.37
56.72,-106.50
56.73,-105.27
56.74,-106.82
56.75,-103.48
56.76,-103.41
56.77,-108.16
56.78,-104.96
56.79,-102.96
56.80,-102.66
56.81,-101.39
56.82,-97.89
56.83,-97.07
56.84,-98.04
56.85,-98.74
56.86,-100.19
56.87,-105.06
56.88,-105.29
56.89,-103.82
56.90,-106.39
56.91,-104.88
56.92,-106.38
56.93,-102.38
56.94,-102.70
56.95,-106.24
56.96,-105.91
56.97,-105.50
56.98,-104.56
56.99,-103.95
57.00,-103.54
57.01,-104.81
57.02,-104.78
57.03,-106.02
57.04,-105.29
57.05,-102.80
57.06,-105.56
57.07,-106.93
57.08,-102.99
57.09,-105.28
57.10,-105.69
57.11,-106.10
57.12,-103.34
57.13,-105.62
57.14,-104.30
57.15,-106.25
57.16,-104.15
57.17,-103.80
57.18,-106.05
57.19,-105.37
57.20,-104.33
57.20,-104.33
57.21,-103.12
57.22,-102.51
57.23,-104.65
57.24,-104.54
57.25,-103.61
57.26,-104.10
57.27,-103.93
57.28,-105.08
57.29,-104.64
57.30,-105.71
57.31,-107.39
57.32,-104.34
57.33,-103.65
57.34,-105.41
57.35,-103.93
57.36,-104.84
57.37,-104.95
57.38,-102.59
57.39,-102.65
57.40,-104.33
57.41,-103.01
57.42,-104.14
57.43,-106.10
57.44,-106.13
57.45,-102.72
57.46,-104.09
57.47,-105.69
57.48,-104.72
57.49,-102.68
57.50,-104.32
57.51,-107.66
57.52,-105.47
57.53,-104.79
57.54,-104.53
57.55,-102.40
57.56,-104.86
57.57,-105.25
57.58,-106.42
57.59,-107.64
57.60,-105.69
57.61,-105.99
57.62,-105.18
57.63,-104.57
57.64,-104.75
57.65,-106.35
57.66,-105.03
57.67,-106.58
57.68,-106.98
57.69,-103.82
57.70,-106.35
57.71,-105.97
57.72,-105.66
57.73,-103.03
57.74,-104.50
57.75,-103.33
57.76,-106.88
57.77,-105.91
57.78,-104.54
57.79,-105.40
57.80,-105.12
57.81,-103.80
57.82,-104.51
57.83,-104.47
57.84,-105.75
57.85,-105.23
57.86,-106.98
57.87,-105.41
57.88,-105.10
57.89,-105.47
57.90,-105.57
57.91,-102.86
57.92,-104.60
57.93,-107.14
57.94,-105.23
57.95,-106.16
57.96,-107.01
57.97,-106.35
57.98,-105.00
57.99,-106.77
58.00,-104.16
58.00,-103.02
58.01,-106.82
58.02,-105.99
58.03,-105.82
58.04,-104.75
58.05,-106.57
58.06,-102.60
58.07,-103.63
58.08,-105.39
58.09,-105.64
58.10,-104.34
58.11,-104.72
58.12,-108.12
58.13,-102.26
58.14,-104.92
58.15,-108.56
58.16,-103.10
58.17,-104.33
58.18,-106.36
58.19,-104.62
58.20,-106.23
58.21,-106.48
58.22,-107.10
58.23,-105.49
58.24,-106.28
58.25,-106.82
58.26,-101.29
58.27,-105.61
58.28,-105.02
58.29,-105.53
58.30,-106.20
58.31,-107.19
58.32,-106.34
58.33,-104.33
58.34,-104.84
58.35,-104.17
58.36,-105.45
58.37,-104.05
58.38,-104.12
58.39,-104.08
58.40,-104.43
58.41,-106.86
58.42,-104.67
58.43,-103.17
58.44,-105.44
58.45,-104.48
58.46,-103.44
58.47,-104.98
58.48,-104.15
58.49,-105.21
58.50,-106.83
58.51,-104.19
58.52,-105.15
58.53,-105.16
58.54,-105.06
58.55,-104.64
58.56,-101.62
58.57,-103.34
58.58,-105.34
58.59,-106.91
58.60,-106.73
58.61,-106.57
58.62,-104.51
58.63,-106.73
58.64,-104.70
58.65,-105.35
58.66,-104.61
58.67,-105.31
58.68,-104.22
58.69,-104.29
58.70,-104.67
58.71,-103.19
58.72,-106.50
58.73,-106.67
58.74,-104.32
58.75,-102.08
58.76,-106.81
58.77,-105.21
58.78,-105.17
58.79,-102.59
58.80,-105.54
58.80,-105.54
58.81,-105.82
58.82,-104.69
58.83,-104.41
58.84,-105.25
58.85,-106.31
58.86,-103.77
58.87,-105.25
58.88,-106.45
58.89,-105.76
58.90,-106.98
58.91,-105.58
58.92,-104.89
58.93,-106.89
58.94,-104.47
58.95,-106.55
58.96,-106.35
58.97,-106.23
58.98,-106.44
58.99,-103.65
59.00,-103.60
59.01,-105.13
59.02,-104.88
59.03,-103.68
59.04,-105.45
59.05,-105.89
59.06,-107.21
59.07,-106.34
59.08,-104.72
59.09,-105.31
59.10,-105.18
59.11,-105.03
59.12,-103.44
59.13,-105.85
59.14,-104.29
59.15,-106.16
59.16,-105.31
59.17,-106.46
59.18,-106.14
59.19,-105.03
59.20,-104.47
59.21,-104.83
59.22,-103.33
59.23,-107.29
59.24,-104.40
59.25,-104.18
59.26,-106.87
59.27,-107.11
59.28,-105.52
59.29,-105.37
59.30,-105.09
59.31,-104.77
59.32,-105.45
59.33,-104.07
59.34,-105.96
59.35,-104.31
59.36,-106.06
59.37,-106.31
59.38,-105.86
59.39,-104.19
59.40,-104.79
59.41,-104.53
59.42,-106.21
59.43,-105.16
59.44,-104.90
59.45,-105.66
59.46,-104.68
59.47,-104.37
59.48,-106.50
59.49,-105.12
59.50,-106.03
59.51,-105.77
59.52,-105.24
59.53,-104.56
59.54,-103.92
59.55,-105.99
59.56,-103.69
59.57,-106.44
59.58,-105.32
59.59,-103.90
59.60,-106.96
59.60,-106.96
59.61,-105.43
59.62,-106.11
59.63,-106.09
59.64,-104.66
59.65,-105.05
59.66,-104.27
59.67,-105.08
59.68,-103.85
59.69,-105.16
59.70,-106.09
59.71,-104.00
59.72,-105.83
59.73,-103.28
59.74,-104.11
59.75,-105.33
59.76,-106.89
59.77,-105.36
59.78,-104.56
59.79,-107.57
59.80,-104.34
59.81,-106.94
59.82,-106.21
59.83,-105.75
59.84,-105.00
59.85,-106.51
59.86,-105.70
59.87,-104.39
59.88,-104.57
59.89,-100.05
59.90,-99.16
59.91,-98.02
59.92,-101.58
59.93,-105.11
59.94,-105.90
59.95,-106.59
59.96,-105.28
59.97,-101.32
59.98,-105.39
59.99,-104.61
60.00,-101.85
60.01,-101.57
60.02,-105.45
60.03,-102.73
60.04,-107.05
60.05,-105.50
60.06,-104.30
60.07,-101.64
60.08,-106.03
60.09,-103.84
60.10,-102.27
60.11,-104.99
60.12,-101.52
60.13,-105.70
60.14,-103.91
60.15,-101.84
60.16,-102.60
60.17,-101.15
60.18,-104.46
60.19,-104.85
60.20,-104.63
60.21,-105.07
60.22,-103.58
60.23,-104.92
60.24,-106.01
60.25,-103.14
60.26,-102.57
60.27,-104.82
60.28,-105.22
60.29,-105.18
60.30,-105.68
60.31,-104.76
60.32,-104.77
60.33,-106.09
60.34,-105.11
60.35,-102.92
60.36,-101.85
60.37,-103.86
60.38,-104.34
60.39,-105.30
60.40,-104.18
60.40,-104.18
60.41,-104.79
60.42,-106.50
60.43,-103.60
60.44,-102.05
60.45,-102.02
60.46,-103.35
60.47,-102.58
60.48,-104.19
60.49,-104.25
60.50,-102.04
60.51,-101.76
60.52,-100.98
60.53,-105.23
60.54,-103.66
60.55,-102.51
60.56,-101.18
60.57,-103.24
60.58,-105.53
60.59,-105.18
60.60,-104.69
60.61,-104.21
60.62,-104.53
60.63,-105.20
60.64,-104.46
60.65,-105.11
60.66,-103.95
60.67,-104.40
60.68,-107.61
60.69,-103.94
60.70,-103.49
60.71,-105.84
60.72,-104.73
60.73,-103.22
60.74,-101.04
60.75,-102.77
60.76,-102.54
60.77,-103.43
60.78,-101.74
60.79,-103.53
60.80,-105.08
60.81,-103.89
60.82,-103.86
60.83,-102.75
60.84,-102.83
60.85,-101.80
60.86,-105.55
60.87,-104.10
60.88,-104.80
60.89,-104.96
60.90,-104.58
60.91,-102.04
60.92,-103.92
60.93,-100.41
60.94,-102.59
60.95,-101.65
60.96,-101.94
60.97,-104.46
60.98,-104.34
60.99,-103.26
61.00,-104.50
61.01,-103.28
61.02,-104.10
61.03,-102.01
61.04,-101.58
61.05,-101.71
61.06,-104.25
61.07,-104.24
61.08,-102.89
61.09,-102.59
61.10,-103.53
61.11,-102.04
61.12,-100.23
61.13,-101.79
61.14,-103.61
61.15,-103.51
61.16,-104.10
61.17,-103.54
61.18,-103.21
61.19,-102.80
61.20,-104.10
61.20,-103.77
61.21,-101.57
61.22,-99.56
61.23,-102.72
61.24,-103.46
61.25,-106.50
61.26,-104.74
61.27,-102.51
61.28,-100.11
61.29,-101.50
61.30,-99.78
61.31,-100.03
61.32,-102.76
61.33,-102.45
61.34,-102.27
61.35,-99.82
61.36,-102.86
61.37,-99.59
61.38,-101.90
61.39,-102.73
61.40,-97.57
61.41,-101.17
61.42,-100.05
61.43,-100.28
61.44,-98.31
61.45,-99.87
61.46,-100.60
61.47,-101.30
61.48,-102.42
61.49,-100.22
61.50,-99.92
61.51,-103.29
61.52,-102.33
61.53,-102.75
61.54,-102.45
61.55,-101.69
61.56,-101.24
61.57,-102.97
61.58,-102.40
61.59,-99.49
61.60,-100.40
61.61,-102.29
61.62,-103.01
61.63,-105.11
61.64,-102.81
61.65,-100.70
61.66,-104.32
61.67,-102.57
61.68,-102.02
61.69,-101.90
61.70,-102.75
61.71,-101.80
61.72,-103.00
61.73,-103.98
61.74,-102.21
61.75,-101.81
61.76,-99.02
61.77,-97.12
61.78,-98.47
61.79,-97.67
61.80,-100.56
61.81,-102.85
61.82,-103.23
61.83,-104.70
61.84,-98.17
61.85,-100.72
61.86,-101.58
61.87,-101.24
61.88,-99.33
61.89,-102.39
61.90,-100.98
61.91,-105.00
61.92,-103.57
61.93,-104.60
61.94,-104.88
61.95,-100.75
61.96,-99.94
61.97,-97.63
61.98,-98.67
61.99,-99.01
62.00,-102.98
62.00,-103.34
62.01,-101.83
62.02,-105.36
62.03,-100.05
62.04,-99.76
62.05,-99.62
62.06,-96.88
62.07,-97.13
62.08,-98.88
62.09,-102.70
62.10,-100.48
62.11,-100.71
62.12,-100.63
62.13,-102.71
62.14,-100.33
62.15,-100.36
62.16,-97.89
62.17,-99.82
62.18,-100.12
62.19,-102.48
62.20,-104.78
62.21,-105.17
62.22,-102.57
62.23,-101.26
62.24,-95.94
62.25,-95.77
62.26,-100.88
62.27,-100.67
62.28,-101.66
62.29,-100.82
62.30,-101.48
62.31,-100.33
62.32,-100.58
62.33,-98.11
62.34,-97.24
62.35,-95.12
62.36,-96.90
62.37,-99.33
62.38,-101.00
62.39,-103.80
62.40,-102.80
62.41,-98.95
62.42,-98.48
62.43,-97.78
62.44,-99.32
62.45,-98.97
62.46,-99.77
62.47,-102.33
62.48,-104.06
62.49,-99.29
62.50,-99.48
62.51,-102.93
62.52,-100.65
62.53,-96.28
62.54,-95.73
62.55,-98.76
62.56,-99.50
62.57,-103.12
62.58,-102.76
62.59,-100.81
62.60,-100.89
62.61,-97.91
62.62,-97.87
62.63,-101.16
62.64,-99.52
62.65,-100.52
62.66,-102.69
62.67,-99.63
62.68,-103.55
62.69,-104.60
62.70,-101.04
62.71,-97.84
62.72,-95.27
62.73,-95.25
62.74,-98.09
62.75,-98.78
62.76,-102.98
62.77,-103.76
62.78,-98.72
62.79,-101.24
62.80,-100.05
62.80,-100.05
62.81,-99.77
62.82,-98.70
62.83,-98.39
62.84,-97.92
62.85,-100.46
62.86,-101.19
62.87,-102.57
62.88,-101.69
62.89,-95.92
62.90,-95.18
62.91,-95.77
62.92,-94.44
62.93,-97.87
62.94,-101.16
62.95,-101.15
62.96,-97.80
62.97,-96.30
62.98,-95.51
62.99,-96.56
63.00,-97.69
63.01,-98.09
63.02,-95.32
63.03,-96.57
63.04,-99.55
63.05,-102.64
63.06,-104.25
63.07,-97.95
63.08,-96.93
63.09,-94.98
63.10,-95.64
63.11,-94.91
63.12,-96.59
63.13,-100.62
63.14,-98.32
63.15,-100.02
63.16,-101.98
63.17,-100.43
63.18,-98.34
63.19,-99.73
63.20,-96.12
63.21,-95.98
63.22,-99.20
63.23,-102.53
63.24,-103.31
63.25,-101.01
63.26,-102.46
63.27,-98.50
63.28,-95.96
63.29,-97.19
63.30,-97.24
63.31,-98.93
63.32,-98.98
63.33,-101.15
63.34,-100.09
63.35,-100.84
63.36,-96.52
63.37,-98.85
63.38,-97.31
63.39,-93.98
63.40,-95.19
63.41,-96.67
63.42,-100.73
63.43,-103.43
63.44,-98.19
63.45,-98.79
63.46,-99.61
63.47,-96.13
63.48,-99.59
63.49,-98.17
63.50,-98.69
63.51,-98.78
63.52,-100.38
63.53,-101.11
63.54,-101.51
63.55,-99.54
63.56,-97.76
63.57,-96.08
63.58,-95.74
63.59,-95.58
63.60,-97.95
63.60,-97.95
63.61,-102.08
63.62,-102.40
63.63,-97.65
63.64,-99.79
63.65,-97.85
63.66,-98.96
63.67,-98.24
63.68,-97.14
63.69,-98.67
63.70,-100.13
63.71,-101.47
63.72,-100.53
63.73,-100.79
63.74,-95.20
63.75,-95.30
63.76,-94.49
63.77,-93.59
63.78,-94.26
63.79,-97.96
63.80,-98.31
63.81,-98.38
63.82,-98.57
63.83,-97.91
63.84,-99.74
63.85,-99.28
63.86,-100.63
63.87,-98.90
63.88,-97.68
63.89,-100.15
63.90,-101.31
63.91,-101.96
63.92,-100.22
63.93,-97.35
63.94,-95.75
63.95,-94.26
63.96,-95.23
63.97,-97.05
63.98,-102.44
63.99,-99.26
64.00,-99.03
64.01,-99.68
64.02,-97.66
64.03,-99.41
64.04,-97.16
64.05,-97.61
64.06,-95.67
64.07,-97.06
64.08,-100.88
64.09,-101.56
64.10,-102.02
64.11,-97.61
64.12,-96.15
64.13,-95.97
64.14,-94.83
64.15,-96.17
64.16,-97.12
64.17,-99.75
64.18,-99.16
64.19,-98.43
64.20,-103.68
64.21,-99.17
64.22,-99.83
64.23,-96.73
64.24,-95.91
64.25,-94.99
64.26,-96.40
64.27,-100.97
64.28,-100.37
64.29,-97.36
64.30,-97.17
64.31,-98.74
64.32,-97.30
64.33,-98.73
64.34,-97.73
64.35,-99.47
64.36,-101.81
64.37,-103.25
64.38,-103.52
64.39,-100.01
64.40,-102.20
64.40,-102.20
64.41,-99.18
64.42,-96.99
64.43,-94.31
64.44,-94.84
64.45,-97.66
64.46,-98.16
64.47,-97.83
64.48,-98.64
64.49,-99.39
64.50,-97.92
64.51,-96.32
64.52,-95.42
64.53,-97.35
64.54,-99.09
64.55,-101.40
64.56,-99.24
64.57,-101.07
64.58,-101.32
64.59,-98.52
64.60,-97.39
64.61,-95.96
64.62,-94.21
64.63,-95.10
64.64,-94.84
64.65,-99.42
64.66,-103.34
64.67,-100.97
64.68,-97.51
64.69,-99.29
64.70,-99.41
64.71,-101.05
64.72,-99.44
64.73,-96.28
64.74,-101.48
64.75,-100.94
64.76,-103.20
64.77,-103.18
64.78,-100.99
64.79,-96.46
64.80,-94.79
64.81,-95.27
64.82,-95.23
64.83,-99.21
64.84,-103.23
64.85,-100.34
64.86,-98.84
64.87,-99.16
64.88,-100.27
64.89,-99.86
64.90,-96.91
64.91,-98.14
64.92,-97.35
64.93,-99.35
64.94,-104.35
64.95,-102.50
64.96,-103.86
64.97,-101.46
64.98,-97.19
64.99,-96.09
65.00,-96.81
65.01,-98.35
65.02,-99.31
65.03,-100.39
65.04,-99.12
65.05,-100.16
65.06,-100.98
65.07,-99.48
65.08,-98.85
65.09,-97.01
65.10,-97.31
65.11,-97.34
65.12,-99.15
65.13,-100.26
65.14,-101.52
65.15,-97.18
65.16,-95.54
65.17,-97.81
65.18,-96.15
65.19,-97.44
65.20,-97.87
65.20,-97.87
65.21,-100.00
65.22,-102.18
65.23,-103.51
65.24,-102.57
65.25,-103.26
65.26,-98.30
65.27,-97.88
65.28,-97.60
65.29,-96.60
65.30,-97.31
65.31,-97.52
65.32,-102.51
65.33,-104.39
65.34,-100.65
65.35,-101.85
65.36,-101.90
65.37,-98.51
65.38,-98.25
65.39,-100.11
65.40,-100.89
65.41,-102.53
65.42,-102.60
65.43,-102.49
65.44,-102.36
65.45,-99.31
65.46,-99.18
65.47,-94.88
65.48,-96.19
65.49,-98.41
65.50,-99.02
65.51,-103.06
65.52,-101.34
65.53,-103.24
65.54,-100.45
65.55,-100.42
65.56,-100.74
65.57,-100.59
65.58,-101.59
65.59,-98.56
65.60,-103.37
65.61,-104.08
65.62,-103.42
65.63,-102.91
65.64,-98.60
65.65,-97.83
65.66,-97.06
65.67,-97.02
65.68,-97.22
65.69,-100.68
65.70,-102.62
65.71,-101.21
65.72,-101.41
65.73,-101.84
65.74,-101.49
65.75,-98.93
65.76,-97.08
65.77,-97.83
65.78,-99.76
65.79,-100.52
65.80,-105.36
65.81,-102.49
65.82,-98.54
65.83,-98.23
65.84,-97.04
65.85,-96.36
65.86,-96.14
65.87,-101.02
65.88,-102.13
65.89,-97.89
65.90,-101.70
65.91,-100.51
65.92,-100.35
65.93,-101.91
65.94,-97.35
65.95,-99.48
65.96,-98.67
65.97,-99.52
65.98,-102.13
65.99,-101.54
66.00,-97.62
66.00,-101.77
66.01,-102.86
66.02,-101.42
66.03,-99.33
66.04,-95.45
66.05,-95.41
66.06,-97.29
66.07,-98.91
66.08,-102.21
66.09,-102.14
66.10,-105.06
66.11,-103.81
66.12,-98.77
66.13,-97.36
66.14,-97.93
66.15,-100.65
66.16,-98.54
66.17,-105.55
66.18,-103.54
66.19,-102.73
66.20,-101.08
66.21,-103.23
66.22,-98.43
66.23,-97.01
66.24,-96.04
66.25,-97.10
66.26,-102.20
66.27,-103.94
66.28,-103.37
66.29,-105.28
66.30,-102.99
66.31,-101.77
66.32,-100.05
66.33,-99.25
66.34,-101.05
66.35,-102.32
66.36,-104.52
66.37,-103.66
66.38,-104.11
66.39,-98.94
66.40,-100.41
66.41,-97.72
66.42,-96.52
66.43,-96.45
66.44,-97.58
66.45,-99.81
66.46,-103.45
66.47,-104.52
66.48,-104.19
66.49,-102.47
66.50,-99.53
66.51,-100.33
66.52,-96.23
66.53,-100.06
66.54,-103.26
66.55,-101.09
66.56,-103.43
66.57,-104.52
66.58,-103.17
66.59,-97.80
66.60,-98.55
66.61,-97.43
66.62,-97.89
66.63,-100.45
66.64,-104.15
66.65,-104.19
66.66,-103.47
66.67,-100.93
66.68,-101.76
66.69,-101.76
66.70,-99.59
66.71,-98.17
66.72,-99.75
66.73,-101.50
66.74,-104.98
66.75,-102.57
66.76,-104.24
66.77,-102.69
66.78,-98.53
66.79,-97.46
66.80,-97.03
66.80,-97.03
66.81,-99.61
66.82,-100.87
66.83,-105.70
66.84,-102.56
66.85,-101.33
66.86,-100.27
66.87,-102.13
66.88,-100.99
66.89,-99.56
66.90,-98.24
66.91,-100.75
66.92,-100.75
66.93,-104.44
66.94,-102.81
66.95,-103.46
66.96,-101.86
66.97,-102.03
66.98,-102.03
66.99,-100.00
67.00,-102.00
67.01,-102.98
67.02,-103.03
67.03,-100.09
67.04,-98.78
67.05,-102.30
67.06,-103.25
67.07,-99.44
67.08,-96.55
67.09,-98.81
67.10,-99.72
67.11,-101.16
67.12,-103.05
67.13,-103.12
67.14,-102.86
67.15,-101.22
67.16,-99.44
67.17,-99.63
67.18,-99.33
67.19,-99.88
67.20,-102.64
67.21,-101.70
67.22,-101.93
67.23,-102.17
67.24,-101.00
67.25,-99.46
67.26,-100.28
67.27,-98.04
67.28,-98.42
67.29,-98.91
67.30,-101.59
67.31,-103.02
67.32,-102.87
67.33,-101.91
67.34,-101.13
67.35,-100.38
67.36,-100.72
67.37,-101.11
67.38,-101.07
67.39,-101.54
67.40,-101.29
67.41,-104.30
67.42,-103.17
67.43,-104.76
67.44,-101.69
67.45,-100.65
67.46,-99.96
67.47,-97.74
67.48,-99.59
67.49,-101.99
67.50,-100.44
67.51,-102.20
67.52,-102.18
67.53,-101.14
67.54,-99.37
67.55,-100.23
67.56,-100.46
67.57,-99.38
67.58,-99.06
67.59,-99.01
67.60,-102.94
67.60,-102.94
67.61,-103.95
67.62,-103.68
67.63,-101.31
67.64,-99.74
67.65,-98.81
67.66,-99.18
67.67,-100.16
67.68,-104.64
67.69,-104.02
67.70,-103.83
67.71,-100.78
67.72,-103.01
67.73,-101.13
67.74,-99.49
67.75,-99.09
67.76,-100.41
67.77,-102.51
67.78,-104.17
67.79,-103.97
67.80,-104.28
67.81,-101.69
67.82,-103.35
67.83,-100.42
67.84,-98.27
67.85,-99.80
67.86,-99.05
67.87,-104.18
67.88,-104.13
67.89,-103.86
67.90,-105.34
67.91,-102.18
67.92,-103.16
67.93,-99.50
67.94,-100.63
67.95,-98.97
67.96,-104.99
67.97,-104.38
67.98,-104.49
67.99,-102.08
68.00,-104.21
68.01,-101.08
68.02,-100.68
68.03,-100.14
68.04,-99.13
68.05,-103.15
68.06,-102.85
68.07,-103.04
68.08,-103.02
68.09,-106.73
68.10,-105.07
68.11,-102.14
68.12,-101.30
68.13,-100.94
68.14,-99.30
68.15,-99.89
68.16,-105.69
68.17,-103.79
68.18,-102.78
68.19,-101.01
68.20,-100.35
68.21,-101.24
68.22,-99.44
68.23,-103.26
68.24,-101.89
68.25,-101.38
68.26,-105.29
68.27,-104.17
68.28,-104.47
68.29,-103.52
68.30,-101.54
68.31,-99.89
68.32,-99.56
68.33,-98.26
68.34,-101.50
68.35,-103.82
68.36,-100.85
68.37,-100.37
68.38,-103.45
68.39,-101.86
68.40,-102.82
68.40,-102.82
68.41,-101.70
68.42,-98.45
68.43,-100.61
68.44,-103.37
68.45,-103.19
68.46,-107.58
68.47,-100.71
68.48,-101.83
68.49,-99.36
68.50,-99.22
68.51,-96.86
68.52,-98.54
68.53,-101.14
68.54,-105.20
68.55,-103.14
68.56,-100.73
68.57,-101.72
68.58,-104.36
68.59,-101.21
68.60,-100.42
68.61,-101.30
68.62,-103.50
68.63,-101.67
68.64,-105.20
68.65,-105.06
68.66,-106.51
68.67,-103.05
68.68,-99.83
68.69,-98.35
68.70,-97.72
68.71,-98.71
68.72,-101.65
68.73,-104.60
68.74,-105.03
68.75,-106.31
68.76,-104.77
68.77,-104.73
68.78,-99.25
68.79,-99.73
68.80,-100.57
68.81,-101.50
68.82,-103.17
68.83,-104.82
68.84,-104.57
68.85,-104.40
68.86,-104.29
68.87,-99.78
68.88,-97.65
68.89,-100.86
68.90,-101.71
68.91,-101.72
68.92,-105.02
68.93,-104.64
68.94,-104.02
68.95,-102.02
68.96,-101.71
68.97,-100.05
68.98,-99.36
68.99,-99.97
69.00,-101.70
69.01,-102.97
69.02,-104.40
69.03,-105.36
69.04,-104.86
69.05,-101.68
69.06,-100.77
69.07,-98.67
69.08,-103.94
69.09,-104.47
69.10,-104.66
69.11,-102.70
69.12,-101.59
69.13,-103.34
69.14,-101.95
69.15,-100.57
69.16,-98.17
69.17,-97.67
69.18,-97.39
69.19,-100.17
69.20,-105.03
69.20,-105.03
69.21,-103.94
69.22,-105.43
69.23,-102.54
69.24,-102.64
69.25,-103.31
69.26,-99.35
69.27,-99.77
69.28,-102.92
69.29,-102.72
69.30,-106.26
69.31,-106.94
69.32,-105.58
69.33,-105.57
69.34,-101.68
69.35,-99.82
69.36,-96.93
69.37,-96.37
69.38,-99.67
69.39,-105.14
69.40,-103.33
69.41,-104.38
69.42,-103.80
69.43,-104.15
69.44,-99.95
69.45,-98.34
69.46,-99.97
69.47,-101.74
69.48,-104.17
69.49,-105.55
69.50,-106.07
69.51,-103.04
69.52,-105.97
69.53,-101.54
69.54,-98.42
69.55,-98.91
69.56,-101.28
69.57,-102.50
69.58,-105.29
69.59,-106.69
69.60,-104.76
69.61,-105.42
69.62,-103.98
69.63,-102.60
69.64,-98.51
69.65,-99.94
69.66,-98.84
69.67,-103.18
69.68,-102.52
69.69,-103.98
69.70,-102.51
69.71,-105.16
69.72,-100.61
69.73,-101.07
69.74,-102.24
69.75,-103.73
69.76,-103.91
69.77,-106.07
69.78,-105.08
69.79,-104.63
69.80,-101.87
69.81,-102.16
69.82,-101.11
69.83,-100.05
69.84,-96.38
69.85,-97.77
69.86,-100.92
69.87,-103.77
69.88,-104.74
69.89,-103.52
69.90,-102.04
69.91,-99.42
69.92,-102.65
69.93,-101.50
69.94,-102.57
69.95,-104.59
69.96,-103.99
69.97,-105.56
69.98,-107.18
69.99,-100.19
70.00,-102.40
70.00,-100.29
70.01,-100.35
70.02,-99.14
70.03,-100.27
70.04,-99.34
70.05,-105.21
70.06,-105.65
70.07,-105.68
70.08,-104.54
70.09,-100.83
70.10,-98.94
70.11,-99.54
70.12,-99.31
70.13,-99.34
70.14,-100.08
70.15,-103.69
70.16,-104.83
70.17,-103.18
70.18,-101.31
70.19,-100.39
70.20,-99.68
70.21,-101.39
70.22,-102.06
70.23,-102.48
70.24,-105.15
70.25,-105.84
70.26,-99.99
70.27,-100.31
70.28,-103.82
70.29,-99.19
70.30,-97.57
70.31,-97.51
70.32,-98.56
70.33,-103.39
70.34,-102.83
70.35,-104.27
70.36,-104.86
70.37,-102.07
70.38,-103.33
70.39,-102.76
70.40,-105.38
70.41,-104.01
70.42,-104.40
70.43,-102.98
70.44,-103.05
70.45,-103.61
70.46,-99.11
70.47,-100.15
70.48,-98.78
70.49,-98.19
70.50,-98.31
70.51,-98.08
70.52,-98.92
70.53,-99.63
70.54,-101.22
70.55,-102.19
70.56,-102.53
70.57,-102.58
70.58,-103.82
70.59,-100.48
70.60,-100.74
70.61,-101.42
70.62,-104.26
70.63,-104.32
70.64,-103.23
70.65,-102.10
70.66,-100.68
70.67,-101.14
70.68,-99.27
70.69,-98.03
70.70,-97.74
70.71,-102.92
70.72,-103.58
70.73,-103.39
70.74,-105.54
70.75,-106.61
70.76,-102.16
70.77,-102.82
70.78,-99.36
70.79,-99.68
70.80,-101.97
70.80,-99.03
70.81,-102.48
70.82,-104.38
70.83,-105.95
70.84,-102.52
70.85,-103.33
70.86,-99.37
70.87,-97.16
70.88,-99.60
70.89,-99.68
70.90,-102.95
70.91,-101.78
70.92,-102.73
70.93,-104.11
70.94,-103.91
70.95,-99.50
70.96,-101.24
70.97,-100.04
70.98,-99.06
70.99,-97.86
71.00,-102.11
71.01,-100.05
71.02,-97.14
71.03,-102.55
71.04,-100.86
71.05,-99.36
71.06,-100.48
71.07,-101.17
71.08,-105.22
71.09,-104.50
71.10,-105.08
71.11,-104.68
71.12,-104.19
71.13,-101.72
71.14,-99.61
71.15,-99.74
71.16,-97.79
71.17,-99.00
71.18,-98.76
71.19,-100.55
71.20,-100.33
71.21,-97.81
71.22,-100.82
71.23,-102.30
71.24,-102.68
71.25,-99.91
71.26,-101.57
71.27,-101.68
71.28,-104.34
71.29,-104.57
71.30,-104.65
71.31,-102.34
71.32,-103.02
71.33,-99.17
71.34,-97.05
71.35,-97.68
71.36,-98.48
71.37,-97.61
71.38,-101.77
71.39,-99.07
71.40,-101.83
71.41,-102.52
71.42,-104.32
71.43,-101.56
71.44,-100.94
71.45,-99.23
71.46,-99.51
71.47,-103.90
71.48,-101.85
71.49,-104.37
71.50,-105.47
71.51,-101.05
71.52,-100.57
71.53,-99.35
71.54,-98.92
71.55,-96.93
71.56,-102.14
71.57,-102.87
71.58,-102.93
71.59,-102.70
71.60,-103.39
71.60,-103.39
71.61,-102.78
71.62,-100.54
71.63,-103.68
71.64,-99.77
71.65,-101.88
71.66,-102.13
71.67,-103.12
71.68,-102.46
71.69,-103.69
71.70,-103.65
71.71,-103.65
71.72,-101.28
71.73,-100.62
71.74,-100.58
71.75,-101.27
71.76,-104.28
71.77,-104.06
71.78,-103.06
71.79,-102.42
71.80,-102.13
71.81,-101.55
71.82,-100.02
71.83,-99.83
71.84,-100.65
71.85,-102.72
71.86,-102.34
71.87,-105.86
71.88,-104.30
71.89,-102.36
71.90,-100.45
71.91,-100.92
71.92,-101.51
71.93,-100.89
71.94,-103.31
71.95,-105.68
71.96,-105.19
71.97,-105.21
71.98,-103.38
71.99,-102.27
72.00,-98.22
72.01,-97.12
72.02,-96.86
72.03,-98.55
72.04,-102.27
72.05,-104.34
72.06,-106.95
72.07,-102.05
72.08,-103.03
72.09,-99.75
72.10,-101.10
72.11,-101.93
72.12,-100.90
72.13,-103.09
72.14,-105.94
72.15,-105.17
72.16,-102.41
72.17,-103.26
72.18,-99.80
72.19,-97.38
72.20,-97.28
72.21,-97.07
72.22,-99.39
72.23,-101.37
72.24,-100.73
72.25,-104.27
72.26,-101.95
72.27,-103.82
72.28,-103.25
72.29,-103.08
72.30,-102.89
72.31,-101.19
72.32,-102.60
72.33,-103.27
72.34,-102.19
72.35,-102.73
72.36,-101.49
72.37,-98.24
72.38,-100.93
72.39,-98.31
72.40,-101.40
72.40,-100.81
72.41,-100.98
72.42,-105.29
72.43,-104.30
72.44,-102.32
72.45,-102.31
72.46,-104.78
72.47,-103.97
72.48,-105.71
72.49,-102.85
72.50,-101.86
72.51,-104.88
72.52,-104.50
72.53,-104.46
72.54,-99.50
72.55,-101.95
72.56,-100.80
72.57,-102.49
72.58,-99.68
72.59,-100.37
72.60,-104.03
72.61,-105.56
72.62,-106.27
72.63,-106.55
72.64,-103.97
72.65,-106.03
72.66,-105.48
72.67,-102.80
72.68,-102.28
72.69,-102.92
72.70,-102.79
72.71,-100.92
72.72,-103.97
72.73,-104.88
72.74,-104.60
72.75,-102.97
72.76,-100.08
72.77,-100.02
72.78,-101.15
72.79,-101.71
72.80,-103.52
72.81,-104.64
72.82,-104.80
72.83,-104.62
72.84,-104.45
72.85,-103.97
72.86,-100.07
72.87,-100.59
72.88,-100.92
72.89,-102.45
72.90,-99.04
72.91,-102.20
72.92,-101.54
72.93,-102.79
72.94,-101.78
72.95,-100.89
72.96,-101.50
72.97,-102.79
72.98,-105.77
72.99,-100.82
73.00,-103.52
73.01,-105.32
73.02,-103.79
73.03,-103.49
73.04,-103.35
73.05,-101.25
73.06,-101.68
73.07,-100.69
73.08,-103.24
73.09,-104.27
73.10,-104.80
73.11,-103.37
73.12,-105.04
73.13,-105.77
73.14,-104.19
73.15,-101.81
73.16,-104.93
73.17,-103.74
73.18,-103.65
73.19,-103.96
73.20,-102.08
73.20,-102.08
73.21,-103.22
73.22,-103.74
73.23,-103.61
73.24,-101.14
73.25,-100.64
73.26,-101.24
73.27,-103.49
73.28,-105.35
73.29,-106.54
73.30,-102.96
73.31,-103.09
73.32,-105.94
73.33,-106.12
73.34,-105.78
73.35,-105.92
73.36,-104.64
73.37,-103.04
73.38,-105.98
73.39,-106.14
73.40,-105.17
73.41,-105.69
73.42,-102.40
73.43,-102.06
73.44,-101.96
73.45,-103.03
73.46,-101.58
73.47,-104.88
73.48,-104.70
73.49,-105.94
73.50,-104.26
73.51,-104.04
73.52,-104.27
73.53,-105.99
73.54,-104.30
73.55,-106.63
73.56,-105.00
73.57,-103.32
73.58,-104.07
73.59,-104.09
73.60,-103.67
73.61,-103.29
73.62,-101.00
73.63,-102.77
73.64,-105.01
73.65,-104.98
73.66,-106.00
73.67,-105.72
73.68,-105.99
73.69,-105.08
73.70,-104.38
73.71,-103.04
73.72,-100.07
73.73,-99.27
73.74,-100.49
73.75,-102.22
73.76,-105.72
73.77,-102.90
73.78,-102.38
73.79,-104.92
73.80,-104.34
73.81,-103.91
73.82,-105.65
73.83,-104.89
73.84,-103.50
73.85,-103.99
73.86,-106.14
73.87,-103.80
73.88,-105.03
73.89,-104.55
73.90,-104.56
73.91,-103.19
73.92,-103.18
73.93,-104.44
73.94,-105.31
73.95,-105.28
73.96,-106.36
73.97,-105.53
73.98,-104.67
73.99,-102.38
74.00,-102.95
74.00,-104.02
74.01,-102.46
74.02,-104.84
74.03,-105.16
74.04,-106.14
74.05,-105.12
74.06,-106.00
74.07,-104.66
74.08,-105.39
74.09,-104.51
74.10,-106.44
74.11,-105.58
74.12,-104.61
74.13,-105.45
74.14,-105.94
74.15,-106.94
74.16,-102.36
74.17,-104.35
74.18,-105.59
74.19,-103.98
74.20,-102.87
74.21,-100.60
74.22,-95.14
74.23,-90.96
74.24,-89.47
74.25,-88.86
74.26,-90.97
74.27,-93.91
74.28,-99.24
74.29,-103.26
74.30,-104.29
74.31,-105.94
74.32,-103.45
74.33,-105.10
74.34,-102.71
74.35,-102.40
74.36,-102.92
74.37,-100.06
74.38,-104.22
74.39,-104.49
74.40,-103.72
74.41,-105.84
74.42,-106.51
74.43,-107.27
74.44,-106.39
74.45,-104.65
74.46,-105.69
74.47,-105.77
74.48,-102.74
74.49,-104.65
74.50,-104.49
74.51,-105.14
74.52,-104.59
74.53,-106.42
74.54,-103.97
74.55,-105.31
74.56,-106.46
74.57,-104.16
74.58,-104.00
74.59,-105.48
74.60,-106.75
74.61,-104.27
74.62,-105.87
74.63,-106.23
74.64,-105.99
74.65,-104.93
74.66,-105.54
74.67,-104.42
74.68,-104.68
74.69,-103.72
74.70,-106.51
74.71,-105.44
74.72,-104.34
74.73,-105.12
74.74,-105.59
74.75,-104.65
74.76,-106.37
74.77,-103.95
74.78,-107.67
74.79,-104.53
74.80,-106.66
74.80,-106.66
74.81,-105.61
74.82,-106.30
74.83,-105.47
74.84,-105.08
74.85,-105.79
74.86,-104.00
74.87,-106.09
74.88,-101.26
74.89,-105.50
74.90,-106.02
74.91,-104.01
74.92,-104.35
74.93,-105.60
74.94,-102.55
74.95,-106.63
74.96,-106.08
74.97,-105.93
74.98,-102.67
74.99,-105.15
75.00,-106.60
75.01,-103.88
75.02,-105.54
75.03,-105.68
75.04,-106.19
75.05,-104.15
75.06,-104.20
75.07,-102.79
75.08,-106.10
75.09,-104.12
75.10,-104.70
75.11,-104.23
75.12,-106.02
75.13,-104.44
75.14,-106.33
75.15,-106.86
75.16,-106.38
75.17,-103.56
75.18,-104.53
75.19,-104.53
75.20,-104.28
75.21,-104.49
75.22,-107.16
75.23,-102.72
75.24,-101.88
75.25,-97.55
75.26,-97.06
75.27,-95.79
75.28,-98.88
75.29,-101.50
75.30,-103.74
75.31,-104.60
75.32,-104.70
75.33,-106.90
75.34,-107.16
75.35,-106.04
75.36,-104.51
75.37,-106.15
75.38,-104.41
75.39,-105.63
75.40,-103.08
75.41,-104.66
75.42,-102.52
75.43,-103.98
75.44,-104.08
75.45,-103.94
75.46,-104.33
75.47,-104.11
75.48,-105.41
75.49,-103.32
75.50,-104.87
75.51,-103.31
75.52,-104.14
75.53,-106.91
75.54,-104.95
75.55,-101.84
75.56,-102.57
75.57,-103.45
75.58,-104.90
75.59,-104.37
75.60,-103.94
75.60,-103.29
75.61,-103.89
75.62,-103.83
75.63,-104.00
75.64,-101.74
75.65,-106.14
75.66,-103.72
75.67,-103.66
75.68,-101.47
75.69,-103.53
75.70,-99.89
75.71,-103.35
75.72,-103.96
75.73,-104.02
75.74,-99.44
75.75,-99.47
75.76,-100.27
75.77,-98.97
75.78,-100.03
75.79,-101.49
75.80,-103.55
75.81,-104.73
75.82,-103.15
75.83,-104.65
75.84,-99.46
75.85,-101.40
75.86,-99.56
75.87,-99.91
75.88,-100.55
75.89,-105.58
75.90,-102.00
75.91,-103.73
75.92,-105.36
75.93,-100.88
75.94,-102.05
75.95,-100.43
75.96,-101.10
75.97,-102.74
75.98,-101.92
75.99,-104.41
76.00,-101.72
76.01,-102.71
76.02,-104.31
76.03,-104.11
76.04,-103.66
76.05,-103.88
76.06,-103.23
76.07,-104.53
76.08,-101.09
76.09,-104.25
76.10,-104.27
76.11,-102.68
76.12,-103.74
76.13,-102.28
76.14,-104.91
76.15,-104.38
76.16,-104.94
76.17,-103.32
76.18,-106.36
76.19,-105.20
76.20,-102.86
76.21,-101.04
76.22,-104.14
76.23,-105.88
76.24,-104.21
76.25,-103.96
76.26,-101.94
76.27,-102.74
76.28,-101.66
76.29,-103.34
76.30,-103.50
76.31,-105.36
76.32,-105.77
76.33,-103.05
76.34,-100.94
76.35,-101.85
76.36,-103.20
76.37,-104.34
76.38,-102.24
76.39,-104.37
76.40,-103.77
76.40,-103.77
76.41,-105.93
76.42,-102.30
76.43,-103.37
76.44,-103.19
76.45,-104.12
76.46,-103.44
76.47,-102.96
76.48,-102.86
76.49,-103.20
76.50,-102.28
76.51,-102.79
76.52,-104.94
76.53,-102.60
76.54,-105.19
76.55,-104.27
76.56,-104.42
76.57,-104.08
76.58,-103.15
76.59,-100.56
76.60,-101.95
76.61,-103.31
76.62,-102.19
76.63,-102.61
76.64,-104.13
76.65,-105.78
76.66,-102.05
76.67,-102.93
76.68,-104.95
76.69,-103.11
76.70,-104.45
76.71,-101.94
76.72,-104.93
76.73,-105.29
76.74,-103.87
76.75,-102.97
76.76,-103.60
76.77,-103.53
76.78,-101.32
76.79,-101.09
76.80,-99.23
76.81,-100.16
76.82,-100.53
76.83,-103.90
76.84,-103.00
76.85,-104.70
76.86,-104.55
76.87,-103.38
76.88,-102.54
76.89,-103.51
76.90,-100.59
76.91,-103.16
76.92,-102.43
76.93,-103.68
76.94,-103.00
76.95,-103.19
76.96,-103.54
76.97,-100.85
76.98,-103.61
76.99,-104.23
77.00,-101.28
77.01,-101.93
77.02,-100.54
77.03,-103.92
77.04,-105.23
77.05,-103.96
77.06,-101.41
77.07,-103.46
77.08,-102.68
77.09,-103.65
77.10,-103.12
77.11,-103.37
77.12,-102.15
77.13,-103.92
77.14,-100.59
77.15,-100.16
77.16,-105.11
77.17,-103.46
77.18,-101.70
77.19,-103.49
77.20,-104.35
77.20,-104.35
77.21,-104.33
77.22,-103.67
77.23,-103.76
77.24,-103.91
77.25,-104.20
77.26,-102.38
77.27,-101.71
77.28,-103.43
77.29,-102.35
77.30,-101.06
77.31,-102.72
77.32,-103.78
77.33,-103.14
77.34,-102.73
77.35,-102.27
77.36,-101.82
77.37,-103.31
77.38,-102.96
77.39,-104.78
77.40,-105.64
77.41,-102.54
77.42,-103.80
77.43,-102.68
77.44,-104.18
77.45,-103.34
77.46,-102.30
77.47,-104.59
77.48,-101.34
77.49,-103.07
77.50,-103.21
77.51,-103.20
77.52,-104.60
77.53,-103.45
77.54,-102.96
77.55,-106.12
77.56,-102.74
77.57,-103.59
77.58,-102.36
77.59,-106.18
77.60,-103.58
77.61,-104.04
77.62,-105.43
77.63,-102.32
77.64,-104.41
77.65,-103.06
77.66,-105.96
77.67,-105.41
77.68,-102.44
77.69,-103.64
77.70,-102.72
77.71,-103.30
77.72,-102.04
77.73,-105.74
77.74,-105.52
77.75,-105.11
77.76,-105.60
77.77,-103.46
77.78,-104.59
77.79,-102.78
77.80,-106.45
77.81,-106.73
77.82,-103.13
77.83,-104.71
77.84,-104.47
77.85,-104.82
77.86,-102.61
77.87,-105.54
77.88,-104.74
77.89,-104.14
77.90,-102.30
77.91,-105.28
77.92,-102.97
77.93,-105.80
77.94,-104.46
77.95,-105.77
77.96,-104.94
77.97,-104.23
77.98,-104.27
77.99,-104.16
78.00,-105.37
78.00,-103.46
78.01,-103.32
78.02,-104.75
78.03,-103.37
78.04,-104.73
78.05,-105.51
78.06,-106.29
78.07,-105.04
78.08,-104.32
78.09,-104.08
78.10,-102.68
78.11,-104.52
78.12,-104.20
78.13,-105.24
78.14,-105.54
78.15,-104.46
78.16,-104.02
78.17,-105.55
78.18,-104.61
78.19,-103.23
78.20,-105.44
78.21,-105.06
78.22,-104.48
78.23,-103.14
78.24,-105.49
78.25,-100.75
78.26,-104.74
78.27,-104.76
78.28,-104.08
78.29,-102.25
78.30,-104.00
78.31,-105.17
78.32,-102.99
78.33,-97.67
78.34,-98.99
78.35,-98.91
78.36,-101.03
78.37,-103.89
78.38,-105.95
78.39,-103.93
78.40,-103.44
78.41,-102.52
78.42,-104.07
78.43,-103.89
78.44,-105.30
78.45,-104.84
78.46,-104.03
78.47,-104.54
78.48,-104.53
78.49,-102.77
78.50,-101.45
78.51,-103.20
78.52,-100.11
78.53,-102.47
78.54,-105.02
78.55,-107.04
78.56,-103.54
78.57,-103.73
78.58,-100.69
78.59,-101.59
78.60,-103.31
78.61,-103.53
78.62,-103.16
78.63,-103.27
78.64,-105.13
78.65,-101.69
78.66,-104.19
78.67,-103.98
78.68,-105.56
78.69,-102.34
78.70,-105.98
78.71,-106.32
78.72,-103.96
78.73,-104.73
78.74,-106.15
78.75,-105.59
78.76,-105.09
78.77,-105.58
78.78,-106.92
78.79,-103.30
78.80,-105.09
78.80,-105.09
78.81,-105.62
78.82,-103.37
78.83,-106.39
78.84,-104.33
78.85,-104.32
78.86,-104.67
78.87,-105.30
78.88,-106.44
78.89,-106.41
78.90,-105.08
78.91,-104.92
78.92,-107.55
78.93,-103.83
78.94,-105.88
78.95,-105.40
78.96,-106.42
78.97,-106.58
78.98,-105.35
78.99,-106.42
79.00,-106.24
79.01,-106.43
79.02,-105.05
79.03,-104.83
79.04,-107.59
79.05,-105.92
79.06,-105.93
79.07,-107.05
79.08,-104.05
79.09,-104.51
79.10,-103.85
79.11,-105.46
79.12,-106.55
79.13,-103.77
79.14,-108.40
79.15,-105.07
79.16,-106.93
79.17,-107.37
79.18,-108.05
79.19,-103.47
79.20,-104.54
79.21,-105.67
79.22,-107.29
79.23,-107.94
79.24,-103.57
79.25,-104.23
79.26,-106.30
79.27,-104.22
79.28,-107.69
79.29,-104.44
79.30,-105.34
79.31,-105.89
79.32,-106.69
79.33,-105.49
79.34,-107.33
79.35,-104.82
79.36,-103.61
79.37,-106.50
79.38,-104.88
79.39,-105.26
79.40,-106.54
79.41,-105.50
79.42,-105.16
79.43,-106.83
79.44,-105.45
79.45,-106.54
79.46,-106.12
79.47,-107.75
79.48,-106.73
79.49,-106.19
79.50,-104.12
79.51,-106.47
79.52,-103.06
79.53,-104.73
79.54,-103.76
79.55,-106.09
79.56,-108.52
79.57,-106.73
79.58,-105.42
79.59,-104.63
79.60,-106.44
79.60,-106.44
79.61,-105.48
79.62,-104.17
79.63,-106.79
79.64,-107.29
79.65,-101.38
79.66,-106.59
79.67,-106.45
79.68,-106.27
79.69,-104.36
79.70,-106.33
79.71,-106.67
79.72,-106.10
79.73,-104.19
79.74,-107.09
79.75,-104.33
79.76,-107.31
79.77,-108.52
79.78,-106.90
79.79,-105.79
79.80,-106.38
79.81,-106.50
79.82,-107.26
79.83,-104.48
79.84,-104.82
79.85,-104.92
79.86,-104.62
79.87,-101.90
79.88,-103.68
79.89,-103.54
79.90,-105.54
79.91,-105.92
79.92,-105.62
79.93,-107.48
79.94,-105.88
79.95,-107.12
79.96,-106.14
79.97,-103.30
79.98,-107.18
79.99,-105.04
80.00,-103.75
80.01,-105.94
80.02,-105.60
80.03,-105.36
80.04,-106.02
80.05,-105.97
80.06,-105.59
80.07,-106.82
80.08,-105.28
80.09,-105.69
80.10,-103.51
80.11,-105.43
80.12,-106.18
80.13,-106.30
80.14,-105.98
80.15,-106.50
80.16,-106.21
80.17,-107.36
80.18,-107.22
80.19,-105.68
80.20,-106.25
80.21,-103.09
80.22,-106.44
80.23,-106.81
80.24,-106.96
80.25,-105.73
80.26,-105.29
80.27,-108.84
80.28,-105.97
80.29,-106.05
80.30,-105.69
80.31,-105.63
80.32,-106.91
80.33,-106.38
80.34,-105.28
80.35,-105.67
80.36,-105.28
80.37,-106.74
80.38,-106.53
80.39,-104.35
80.40,-105.88
80.40,-105.88
80.41,-106.79
80.42,-109.01
80.43,-107.62
80.44,-104.76
80.45,-105.54
80.46,-107.40
80.47,-106.25
80.48,-104.32
80.49,-107.10
80.50,-106.13
80.51,-105.93
80.52,-105.23
80.53,-105.82
80.54,-105.09
80.55,-105.20
80.56,-105.35
80.57,-103.81
80.58,-104.24
80.59,-107.70
80.60,-106.78
80.61,-107.15
80.62,-105.03
80.63,-105.52
80.64,-104.69
80.65,-104.66
80.66,-104.65
80.67,-105.89
80.68,-106.96
80.69,-106.42
80.70,-105.63
80.71,-106.38
80.72,-106.94
80.73,-105.42
80.74,-105.60
80.75,-106.10
80.76,-107.51
80.77,-104.89
80.78,-106.76
80.79,-104.98
80.80,-107.08
80.81,-106.73
80.82,-108.15
80.83,-106.20
80.84,-106.06
80.85,-107.22
80.86,-105.47
80.87,-105.50
80.88,-106.56
80.89,-107.04
80.90,-104.44
80.91,-104.67
80.92,-104.77
80.93,-103.93
80.94,-106.00
80.95,-105.93
80.96,-103.93
80.97,-105.20
80.98,-105.25
80.99,-106.04
81.00,-106.65
81.01,-108.63
81.02,-105.00
81.03,-105.79
81.04,-107.00
81.05,-106.07
81.06,-105.89
81.07,-107.37
81.08,-105.56
81.09,-107.61
81.10,-107.09
81.11,-105.04
81.12,-105.09
81.13,-106.36
81.14,-106.00
81.15,-105.96
81.16,-106.12
81.17,-104.83
81.18,-105.59
81.19,-106.61
81.20,-107.87
81.20,-107.87
81.21,-107.44
81.22,-105.85
81.23,-102.74
81.24,-106.82
81.25,-106.80
81.26,-105.74
81.27,-106.38
81.28,-105.53
81.29,-104.74
81.30,-105.72
81.31,-104.53
81.32,-106.66
81.33,-105.79
81.34,-107.60
81.35,-105.29
81.36,-106.97
81.37,-107.86
81.38,-105.81
81.39,-103.85
81.40,-104.11
81.41,-103.36
81.42,-103.43
81.43,-105.41
81.44,-104.08
81.45,-106.46
81.46,-105.91
81.47,-105.32
81.48,-105.89
81.49,-106.20
81.50,-104.68
81.51,-104.35
81.52,-104.43
81.53,-105.29
81.54,-105.73
81.55,-104.97
81.56,-106.83
81.57,-104.91
81.58,-105.59
81.59,-105.76
81.60,-105.75
81.61,-105.00
81.62,-107.72
81.63,-105.80
81.64,-106.33
81.65,-104.59
81.66,-107.07
81.67,-104.46
81.68,-104.71
81.69,-105.33
81.70,-105.65
81.71,-107.22
81.72,-108.38
81.73,-107.46
81.74,-104.44
81.75,-108.37
81.76,-106.76
81.77,-105.89
81.78,-106.34
81.79,-107.13
81.80,-105.83
81.81,-104.61
81.82,-107.00
81.83,-105.94
81.84,-105.89
81.85,-104.64
81.86,-106.04
81.87,-107.73
81.88,-105.47
81.89,-106.65
81.90,-106.50
81.91,-105.08
81.92,-105.93
81.93,-104.57
81.94,-107.18
81.95,-107.95
81.96,-104.88
81.97,-104.58
81.98,-106.32
81.99,-107.47
82.00,-107.74
82.00,-105.68
82.01,-104.63
82.02,-103.51
82.03,-106.27
82.04,-107.56
82.05,-102.80
82.06,-104.47
82.07,-105.00
82.08,-104.81
82.09,-105.72
82.10,-106.70
82.11,-107.81
82.12,-103.32
82.13,-104.87
82.14,-107.68
82.15,-105.81
82.16,-106.28
82.17,-106.77
82.18,-104.72
82.19,-106.05
82.20,-106.07
82.21,-103.82
82.22,-106.75
82.23,-106.20
82.24,-105.66
82.25,-103.92
82.26,-106.55
82.27,-107.68
82.28,-102.46
82.29,-105.57
82.30,-105.33
82.31,-105.29
82.32,-106.06
82.33,-105.13
82.34,-106.48
82.35,-104.04
82.36,-105.41
82.37,-105.02
82.38,-105.59
82.39,-105.72
82.40,-106.01
82.41,-105.23
82.42,-106.59
82.43,-104.59
82.44,-105.23
82.45,-104.35
82.46,-104.39
82.47,-105.68
82.48,-105.03
82.49,-103.49
82.50,-104.07
82.51,-105.32
82.52,-106.91
82.53,-106.09
82.54,-105.57
82.55,-107.04
82.56,-105.69
82.57,-104.47
82.58,-103.38
82.59,-105.91
82.60,-103.28
82.61,-105.98
82.62,-105.25
82.63,-105.90
82.64,-106.08
82.65,-104.95
82.66,-105.89
82.67,-108.63
82.68,-104.32
82.69,-102.24
82.70,-107.00
82.71,-107.35
82.72,-105.82
82.73,-103.34
82.74,-106.12
82.75,-105.83
82.76,-104.91
82.77,-103.81
82.78,-104.54
82.79,-105.69
82.80,-102.19
82.80,-102.19
82.81,-103.14
82.82,-102.47
82.83,-103.11
82.84,-101.59
82.85,-103.83
82.86,-107.01
82.87,-105.31
82.88,-104.98
82.89,-107.41
82.90,-104.09
82.91,-103.74
82.92,-102.27
82.93,-103.06
82.94,-104.59
82.95,-104.10
82.96,-105.30
82.97,-106.92
82.98,-104.41
82.99,-106.55
83.00,-107.04
83.01,-103.40
83.02,-105.98
83.03,-105.99
83.04,-105.90
83.05,-104.43
83.06,-105.71
83.07,-105.80
83.08,-106.89
83.09,-107.60
83.10,-104.68
83.11,-106.60
83.12,-107.04
83.13,-104.23
83.14,-103.46
83.15,-104.72
83.16,-105.37
83.17,-106.47
83.18,-108.14
83.19,-106.83
83.20,-107.45
83.21,-106.97
83.22,-103.02
83.23,-106.86
83.24,-106.83
83.25,-105.05
83.26,-104.64
83.27,-102.06
83.28,-105.94
83.29,-105.17
83.30,-107.95
83.31,-103.63
83.32,-103.25
83.33,-106.85
83.34,-105.02
83.35,-103.93
83.36,-105.47
83.37,-106.71
83.38,-104.99
83.39,-104.59
83.40,-105.41
83.41,-106.47
83.42,-105.87
83.43,-105.63
83.44,-106.34
83.45,-104.95
83.46,-105.00
83.47,-104.72
83.48,-105.53
83.49,-106.08
83.50,-104.23
83.51,-106.62
83.52,-106.59
83.53,-107.38
83.54,-106.11
83.55,-105.52
83.56,-104.10
83.57,-105.35
83.58,-107.31
83.59,-103.56
83.60,-106.90
83.60,-106.90
83.61,-106.10
83.62,-107.14
83.63,-106.38
83.64,-103.85
83.65,-107.12
83.66,-105.71
83.67,-104.73
83.68,-106.68
83.69,-105.65
83.70,-105.69
83.71,-106.66
83.72,-105.43
83.73,-105.23
83.74,-104.12
83.75,-104.74
83.76,-106.93
83.77,-105.55
83.78,-105.37
83.79,-105.33
83.80,-106.15
83.81,-105.99
83.82,-107.46
83.83,-106.58
83.84,-108.10
83.85,-106.36
83.86,-105.53
83.87,-106.63
83.88,-106.00
83.89,-105.65
83.90,-104.16
83.91,-105.89
83.92,-106.43
83.93,-106.44
83.94,-106.67
83.95,-105.30
83.96,-106.05
83.97,-104.04
83.98,-105.63
83.99,-102.58
84.00,-102.48
84.01,-103.21
84.02,-104.31
84.03,-103.47
84.04,-104.44
84.05,-105.15
84.06,-104.39
84.07,-106.98
84.08,-105.33
84.09,-106.14
84.10,-105.27
84.11,-107.44
84.12,-107.01
84.13,-106.14
84.14,-106.16
84.15,-105.36
84.16,-107.09
84.17,-105.01
84.18,-107.13
84.19,-105.19
84.20,-103.13
84.21,-106.47
84.22,-105.30
84.23,-105.78
84.24,-104.30
84.25,-106.95
84.26,-104.38
84.27,-104.84
84.28,-107.13
84.29,-105.52
84.30,-104.59
84.31,-105.60
84.32,-105.61
84.33,-105.21
84.34,-106.14
84.35,-105.56
84.36,-106.16
84.37,-105.27
84.38,-105.83
84.39,-106.85
84.40,-106.17
84.40,-106.17
84.41,-103.94
84.42,-105.25
84.43,-104.55
84.44,-105.69
84.45,-104.77
84.46,-105.65
84.47,-103.97
84.48,-104.10
84.49,-103.11
84.50,-104.56
84.51,-107.19
84.52,-106.07
84.53,-106.24
84.54,-107.54
84.55,-107.78
84.56,-105.78
84.57,-106.55
84.58,-105.94
84.59,-104.74
84.60,-103.86
84.61,-105.80
84.62,-105.17
84.63,-103.22
84.64,-105.60
84.65,-107.76
84.66,-103.80
84.67,-106.01
84.68,-104.92
84.69,-107.35
84.70,-107.43
84.71,-106.79
84.72,-106.53
84.73,-106.69
84.74,-105.23
84.75,-105.54
84.76,-102.28
84.77,-105.26
84.78,-105.92
84.79,-105.40
84.80,-105.78
84.81,-104.30
84.82,-105.58
84.83,-106.97
84.84,-106.28
84.85,-104.76
84.86,-103.44
84.87,-106.65
84.88,-106.55
84.89,-105.13
84.90,-103.80
84.91,-104.22
84.92,-106.77
84.93,-104.73
84.94,-104.34
84.95,-106.25
84.96,-105.73
84.97,-106.16
84.98,-106.25
84.99,-106.32
85.00,-105.26
85.01,-103.54
85.02,-105.44
85.03,-104.96
85.04,-107.27
85.05,-106.28
85.06,-104.69
85.07,-106.44
85.08,-104.32
85.09,-107.39
85.10,-102.83
85.11,-105.22
85.12,-104.79
85.13,-106.29
85.14,-104.37
85.15,-104.53
85.16,-105.29
85.17,-106.41
85.18,-105.81
85.19,-105.23
85.20,-105.29
85.20,-105.29
85.21,-104.93
85.22,-107.07
85.23,-106.01
85.24,-102.49
85.25,-107.53
85.26,-107.87
85.27,-106.34
85.28,-107.61
85.29,-105.10
85.30,-106.13
85.31,-104.56
85.32,-106.41
85.33,-105.47
85.34,-106.31
85.35,-108.77
85.36,-105.73
85.37,-105.22
85.38,-103.75
85.39,-106.58
85.40,-106.12
85.41,-104.18
85.42,-104.98
85.43,-104.43
85.44,-106.27
85.45,-106.38
85.46,-106.21
85.47,-105.22
85.48,-105.72
85.49,-105.14
85.50,-105.41
85.51,-106.15
85.52,-104.79
85.53,-105.22
85.54,-105.11
85.55,-105.67
85.56,-106.50
85.57,-105.75
85.58,-106.17
85.59,-107.00
85.60,-103.84
85.61,-104.98
85.62,-105.34
85.63,-103.75
85.64,-102.86
85.65,-103.77
85.66,-103.73
85.67,-103.29
85.68,-104.45
85.69,-106.29
85.70,-102.99
85.71,-104.78
85.72,-104.48
85.73,-105.81
85.74,-103.98
85.75,-104.74
85.76,-105.74
85.77,-104.12
85.78,-103.86
85.79,-105.03
85.80,-105.65
85.81,-103.90
85.82,-104.63
85.83,-104.54
85.84,-107.05
85.85,-105.93
85.86,-106.01
85.87,-102.73
85.88,-108.01
85.89,-104.70
85.90,-103.97
85.91,-104.73
85.92,-104.50
85.93,-103.85
85.94,-106.28
85.95,-105.76
85.96,-106.56
85.97,-105.82
85.98,-105.11
85.99,-106.15
86.00,-102.04
86.00,-103.72
86.01,-100.49
86.02,-101.80
86.03,-101.89
86.04,-103.94
86.05,-106.25
86.06,-106.53
86.07,-105.88
86.08,-106.60
86.09,-103.25
86.10,-104.93
86.11,-105.94
86.12,-106.60
86.13,-106.59
86.14,-105.86
86.15,-102.98
86.16,-103.37
86.17,-105.61
86.18,-106.29
86.19,-106.43
86.20,-104.46
86.21,-104.82
86.22,-105.38
86.23,-105.26
86.24,-105.25
86.25,-106.73
86.26,-102.22
86.27,-106.22
86.28,-106.40
86.29,-105.94
86.30,-105.96
86.31,-104.00
86.32,-105.85
86.33,-104.38
86.34,-106.31
86.35,-104.42
86.36,-105.92
86.37,-104.64
86.38,-106.88
86.39,-105.81
86.40,-107.05
86.41,-105.39
86.42,-105.96
86.43,-104.93
86.44,-102.18
86.45,-104.39
86.46,-104.83
86.47,-104.32
86.48,-105.94
86.49,-103.71
86.50,-103.36
86.51,-105.66
86.52,-106.59
86.53,-105.98
86.54,-105.23
86.55,-106.23
86.56,-103.25
86.57,-104.74
86.58,-105.47
86.59,-108.68
86.60,-103.82
86.61,-104.72
86.62,-106.56
86.63,-105.34
86.64,-106.44
86.65,-106.60
86.66,-104.89
86.67,-106.70
86.68,-105.47
86.69,-105.59
86.70,-106.04
86.71,-105.83
86.72,-104.93
86.73,-105.89
86.74,-105.55
86.75,-105.22
86.76,-104.76
86.77,-105.35
86.78,-104.33
86.79,-105.49
86.80,-104.46
86.80,-104.46
86.81,-105.19
86.82,-103.20
86.83,-105.77
86.84,-107.07
86.85,-105.19
86.86,-105.87
86.87,-104.55
86.88,-104.12
86.89,-104.64
86.90,-103.19
86.91,-104.60
86.92,-105.34
86.93,-105.42
86.94,-105.72
86.95,-104.08
86.96,-105.61
86.97,-106.80
86.98,-106.61
86.99,-103.99
87.00,-104.43
87.01,-103.51
87.02,-103.23
87.03,-105.43
87.04,-104.51
87.05,-105.27
87.06,-102.91
87.07,-106.50
87.08,-105.06
87.09,-105.13
87.10,-105.71
87.11,-104.46
87.12,-105.52
87.13,-104.38
87.14,-104.06
87.15,-104.51
87.16,-105.80
87.17,-105.69
87.18,-106.41
87.19,-102.15
87.20,-105.51
87.21,-104.12
87.22,-106.99
87.23,-106.18
87.24,-104.33
87.25,-102.05
87.26,-104.40
87.27,-103.50
87.28,-104.80
87.29,-106.83
87.30,-105.21
87.31,-105.97
87.32,-104.05
87.33,-106.14
87.34,-103.50
87.35,-104.21
87.36,-105.62
87.37,-106.55
87.38,-106.28
87.39,-107.35
87.40,-104.95
87.41,-106.57
87.42,-105.97
87.43,-106.24
87.44,-104.29
87.45,-106.74
87.46,-105.35
87.47,-105.42
87.48,-104.53
87.49,-103.48
87.50,-107.15
87.51,-104.91
87.52,-105.59
87.53,-103.39
87.54,-103.32
87.55,-104.89
87.56,-103.07
87.57,-105.79
87.58,-103.92
87.59,-105.96
87.60,-105.87
87.60,-105.87
87.61,-106.02
87.62,-105.45
87.63,-104.72
87.64,-104.18
87.65,-105.62
87.66,-103.37
87.67,-102.87
87.68,-105.75
87.69,-105.37
87.70,-105.49
87.71,-104.93
87.72,-104.76
87.73,-103.28
87.74,-106.85
87.75,-106.41
87.76,-106.69
87.77,-106.08
87.78,-105.45
87.79,-104.74
87.80,-104.57
87.81,-106.40
87.82,-103.53
87.83,-105.86
87.84,-106.40
87.85,-104.28
87.86,-106.01
87.87,-103.09
87.88,-103.67
87.89,-102.66
87.90,-103.19
87.91,-105.23
87.92,-105.36
87.93,-106.06
87.94,-103.34
87.95,-102.06
87.96,-100.57
87.97,-105.18
87.98,-102.80
87.99,-105.74
88.00,-104.14
88.01,-101.30
88.02,-100.96
88.03,-99.92
88.04,-100.37
88.05,-101.90
88.06,-105.00
88.07,-106.02
88.08,-105.69
88.09,-103.98
88.10,-103.86
88.11,-105.29
88.12,-102.40
88.13,-103.77
88.14,-105.07
88.15,-104.28
88.16,-104.68
88.17,-105.05
88.18,-104.63
88.19,-104.69
88.20,-103.81
88.21,-104.51
88.22,-104.41
88.23,-104.07
88.24,-105.56
88.25,-101.92
88.26,-105.99
88.27,-105.65
88.28,-105.09
88.29,-103.22
88.30,-104.32
88.31,-103.17
88.32,-105.80
88.33,-106.27
88.34,-105.42
88.35,-104.22
88.36,-104.28
88.37,-104.90
88.38,-105.22
88.39,-103.84
88.40,-106.66
88.40,-106.29
88.41,-105.14
88.42,-103.33
88.43,-103.10
88.44,-104.92
88.45,-105.29
88.46,-103.79
88.47,-100.70
88.48,-101.24
88.49,-102.65
88.50,-101.10
88.51,-104.69
88.52,-102.53
88.53,-106.48
88.54,-104.77
88.55,-106.04
88.56,-105.82
88.57,-105.18
88.58,-105.72
88.59,-102.74
88.60,-104.91
88.61,-104.99
88.62,-102.62
88.63,-105.13
88.64,-104.46
88.65,-104.51
88.66,-104.98
88.67,-104.96
88.68,-105.62
88.69,-104.57
88.70,-105.79
88.71,-103.05
88.72,-105.17
88.73,-104.93
88.74,-106.22
88.75,-104.19
88.76,-103.41
88.77,-104.31
88.78,-104.13
88.79,-104.23
88.80,-105.48
88.81,-104.91
88.82,-105.32
88.83,-105.09
88.84,-104.99
88.85,-104.38
88.86,-106.11
88.87,-103.61
88.88,-104.52
88.89,-104.20
88.90,-104.28
88.91,-104.68
88.92,-105.87
88.93,-104.37
88.94,-104.30
88.95,-103.95
88.96,-104.17
88.97,-101.88
88.98,-104.50
88.99,-105.42
89.00,-105.21
89.01,-105.77
89.02,-105.95
89.03,-103.95
89.04,-106.26
89.05,-104.98
89.06,-104.88
89.07,-101.61
89.08,-100.10
89.09,-98.93
89.10,-98.72
89.11,-102.66
89.12,-103.78
89.13,-104.23
89.14,-105.27
89.15,-103.52
89.16,-105.28
89.17,-105.20
89.18,-103.41
89.19,-103.63
89.20,-106.02
89.20,-106.02
89.21,-105.15
89.22,-102.82
89.23,-104.06
89.24,-106.45
89.25,-103.78
89.26,-103.47
89.27,-107.46
89.28,-103.25
89.29,-104.88
89.30,-104.62
89.31,-105.29
89.32,-103.96
89.33,-106.53
89.34,-103.44
89.35,-103.85
89.36,-105.68
89.37,-103.74
89.38,-102.38
89.39,-103.67
89.40,-102.90
89.41,-104.20
89.42,-103.13
89.43,-104.64
89.44,-104.91
89.45,-104.01
89.46,-103.59
89.47,-104.83
89.48,-104.06
89.49,-104.96
89.50,-103.23
89.51,-102.36
89.52,-103.63
89.53,-104.17
89.54,-104.84
89.55,-104.93
89.56,-105.14
89.57,-106.04
89.58,-104.46
89.59,-104.92
89.60,-104.52
89.61,-106.59
89.62,-105.07
89.63,-106.04
89.64,-103.70
89.65,-104.12
89.66,-103.21
89.67,-103.48
89.68,-104.98
89.69,-105.37
89.70,-104.72
89.71,-102.07
89.72,-103.03
89.73,-104.37
89.74,-103.22
89.75,-103.39
89.76,-105.05
89.77,-105.03
89.78,-103.70
89.79,-100.20
89.80,-103.36
89.81,-104.51
89.82,-101.67
89.83,-103.72
89.84,-105.63
89.85,-105.69
89.86,-103.69
89.87,-101.19
89.88,-102.67
89.89,-102.71
89.90,-105.57
89.91,-101.90
89.92,-105.31
89.93,-101.46
89.94,-105.59
89.95,-103.01
89.96,-105.23
89.97,-104.97
89.98,-104.82
89.99,-105.11
90.00,-104.62
90.00,-105.10
90.01,-104.07
90.02,-103.98
90.03,-105.41
90.04,-104.16
90.05,-105.88
90.06,-104.30
90.07,-104.77
90.08,-107.32
90.09,-104.29
90.10,-105.15
90.11,-105.44
90.12,-106.36
90.13,-106.42
90.14,-105.50
90.15,-105.51
90.16,-105.53
90.17,-105.82
90.18,-104.30
90.19,-104.58
90.20,-105.93
90.21,-104.51
90.22,-105.97
90.23,-105.47
90.24,-105.33
90.25,-105.53
90.26,-104.30
90.27,-104.97
90.28,-105.21
90.29,-103.89
90.30,-104.91
90.31,-104.05
90.32,-102.81
90.33,-105.30
90.34,-105.50
90.35,-106.30
90.36,-105.14
90.37,-103.36
90.38,-105.54
90.39,-104.58
90.40,-104.38
90.41,-103.57
90.42,-105.90
90.43,-101.12
90.44,-105.26
90.45,-104.84
90.46,-104.89
90.47,-104.30
90.48,-106.33
90.49,-104.53
90.50,-107.19
90.51,-105.69
90.52,-105.10
90.53,-103.02
90.54,-104.59
90.55,-107.22
90.56,-103.52
90.57,-106.07
90.58,-103.72
90.59,-105.42
90.60,-102.87
90.61,-104.51
90.62,-103.02
90.63,-102.81
90.64,-105.04
90.65,-104.46
90.66,-105.18
90.67,-104.17
90.68,-105.53
90.69,-105.86
90.70,-104.12
90.71,-105.93
90.72,-104.97
90.73,-104.98
90.74,-105.39
90.75,-105.91
90.76,-105.08
90.77,-104.00
90.78,-105.64
90.79,-104.12
90.80,-104.22
90.80,-104.22
90.81,-104.49
90.82,-103.45
90.83,-106.39
90.84,-106.83
90.85,-105.59
90.86,-104.22
90.87,-105.22
90.88,-103.97
90.89,-104.62
90.90,-104.99
90.91,-105.14
90.92,-103.76
90.93,-104.60
90.94,-104.55
90.95,-102.41
90.96,-106.06
90.97,-106.97
90.98,-107.27
90.99,-107.23
91.00,-107.48
91.01,-106.57
91.02,-105.12
91.03,-104.58
91.04,-103.75
91.05,-103.93
91.06,-104.10
91.07,-104.08
91.08,-101.95
91.09,-103.29
91.10,-104.38
91.11,-102.30
91.12,-103.37
91.13,-104.62
91.14,-103.41
91.15,-104.27
91.16,-105.93
91.17,-106.25
91.18,-105.52
91.19,-105.58
91.20,-104.37
91.21,-104.95
91.22,-105.58
91.23,-107.20
91.24,-102.24
91.25,-102.62
91.26,-106.23
91.27,-102.04
91.28,-98.69
91.29,-98.50
91.30,-98.36
91.31,-99.01
91.32,-102.45
91.33,-105.75
91.34,-104.79
91.35,-103.86
91.36,-105.26
91.37,-104.62
91.38,-106.11
91.39,-106.64
91.40,-105.09
91.41,-106.00
91.42,-103.18
91.43,-104.39
91.44,-104.19
91.45,-106.57
91.46,-105.66
91.47,-104.92
91.48,-105.95
91.49,-107.38
91.50,-103.80
91.51,-107.22
91.52,-106.61
91.53,-106.38
91.54,-106.34
91.55,-103.31
91.56,-103.77
91.57,-104.00
91.58,-106.87
91.59,-105.54
91.60,-103.82
91.60,-103.82
91.61,-104.32
91.62,-104.89
91.63,-106.07
91.64,-107.22
91.65,-103.27
91.66,-107.11
91.67,-106.59
91.68,-105.41
91.69,-106.59
91.70,-106.18
91.71,-104.79
91.72,-103.42
91.73,-107.61
91.74,-105.14
91.75,-102.92
91.76,-103.35
91.77,-103.76
91.78,-102.96
91.79,-103.35
91.80,-104.18
91.81,-103.64
91.82,-105.25
91.83,-104.11
91.84,-105.38
91.85,-106.82
91.86,-105.44
91.87,-103.94
91.88,-106.69
91.89,-104.72
91.90,-101.52
91.91,-103.87
91.92,-102.12
91.93,-105.63
91.94,-104.20
91.95,-104.00
91.96,-106.44
91.97,-105.03
91.98,-107.56
91.99,-103.48
92.00,-105.86
92.01,-105.79
92.02,-104.00
92.03,-106.89
92.04,-105.40
92.05,-108.62
92.06,-104.23
92.07,-105.44
92.08,-106.82
92.09,-104.73
92.10,-103.97
92.11,-107.11
92.12,-105.21
92.13,-105.48
92.14,-101.63
92.15,-99.42
92.16,-99.51
92.17,-99.24
92.18,-100.80
92.19,-105.68
92.20,-105.00
92.21,-104.99
92.22,-105.44
92.23,-105.54
92.24,-107.25
92.25,-104.53
92.26,-105.69
92.27,-104.86
92.28,-101.07
92.29,-104.15
92.30,-104.35
92.31,-103.93
92.32,-105.66
92.33,-103.97
92.34,-103.60
92.35,-104.27
92.36,-103.53
92.37,-105.32
92.38,-101.73
92.39,-104.18
92.40,-105.76
92.40,-105.76
92.41,-104.90
92.42,-105.95
92.43,-106.38
92.44,-105.02
92.45,-107.10
92.46,-104.59
92.47,-101.66
92.48,-105.01
92.49,-106.01
92.50,-104.51
92.51,-106.88
92.52,-107.15
92.53,-106.04
92.54,-104.64
92.55,-105.27
92.56,-104.29
92.57,-104.24
92.58,-105.27
92.59,-105.69
92.60,-102.52
92.61,-104.69
92.62,-103.74
92.63,-104.74
92.64,-104.53
92.65,-103.08
92.66,-104.36
92.67,-104.49
92.68,-105.35
92.69,-106.12
92.70,-104.77
92.71,-103.47
92.72,-101.89
92.73,-104.77
92.74,-104.02
92.75,-103.29
92.76,-103.91
92.77,-103.68
92.78,-105.23
92.79,-104.32
92.80,-104.13
92.81,-105.06
92.82,-102.97
92.83,-104.92
92.84,-104.83
92.85,-105.53
92.86,-101.64
92.87,-105.57
92.88,-106.06
92.89,-106.02
92.90,-102.19
92.91,-106.20
92.92,-104.27
92.93,-105.11
92.94,-105.24
92.95,-104.77
92.96,-105.53
92.97,-104.45
92.98,-104.56
92.99,-104.32
93.00,-102.58
93.01,-106.11
93.02,-105.07
93.03,-104.02
93.04,-104.75
93.05,-103.89
93.06,-105.34
93.07,-103.61
93.08,-106.35
93.09,-102.44
93.10,-105.67
93.11,-102.52
93.12,-106.28
93.13,-104.50
93.14,-103.77
93.15,-106.69
93.16,-104.42
93.17,-105.89
93.18,-103.01
93.19,-103.92
93.20,-103.93
93.20,-103.93
93.21,-104.30
93.22,-104.97
93.23,-104.01
93.24,-105.08
93.25,-105.18
93.26,-106.65
93.27,-105.88
93.28,-104.05
93.29,-102.41
93.30,-105.35
93.31,-104.60
93.32,-105.27
93.33,-102.56
93.34,-105.27
93.35,-105.00
93.36,-106.30
93.37,-106.17
93.38,-107.06
93.39,-106.15
93.40,-102.14
93.41,-105.94
93.42,-102.84
93.43,-103.45
93.44,-104.31
93.45,-105.60
93.46,-103.09
93.47,-106.47
93.48,-103.78
93.49,-103.55
93.50,-103.38
93.51,-103.40
93.52,-103.81
93.53,-104.10
93.54,-105.00
93.55,-106.47
93.56,-105.73
93.57,-105.57
93.58,-102.60
93.59,-105.02
93.60,-103.53
93.61,-105.09
93.62,-105.68
93.63,-104.71
93.64,-104.79
93.65,-103.64
93.66,-105.08
93.67,-102.28
93.68,-103.81
93.69,-102.44
93.70,-100.99
93.71,-103.48
93.72,-105.17
93.73,-102.09
93.74,-104.16
93.75,-106.52
93.76,-103.70
93.77,-105.22
93.78,-101.60
93.79,-104.31
93.80,-103.81
93.81,-106.05
93.82,-103.95
93.83,-105.95
93.84,-104.39
93.85,-103.24
93.86,-105.99
93.87,-102.62
93.88,-103.09
93.89,-102.53
93.90,-104.63
93.91,-103.78
93.92,-104.18
93.93,-105.03
93.94,-105.38
93.95,-105.27
93.96,-105.85
93.97,-103.20
93.98,-103.66
93.99,-105.08
94.00,-105.56
94.00,-104.60
94.01,-105.43
94.02,-102.93
94.03,-105.65
94.04,-103.15
94.05,-104.74
94.06,-104.14
94.07,-102.28
94.08,-102.57
94.09,-104.60
94.10,-101.61
94.11,-101.71
94.12,-101.22
94.13,-105.05
94.14,-103.75
94.15,-105.77
94.16,-104.03
94.17,-104.16
94.18,-104.09
94.19,-105.86
94.20,-105.08
94.21,-105.61
94.22,-105.40
94.23,-104.48
94.24,-105.38
94.25,-103.98
94.26,-105.04
94.27,-105.28
94.28,-103.66
94.29,-104.61
94.30,-104.72
94.31,-102.25
94.32,-104.70
94.33,-106.18
94.34,-104.72
94.35,-104.97
94.36,-104.16
94.37,-103.19
94.38,-103.55
94.39,-104.83
94.40,-103.82
94.41,-104.77
94.42,-101.77
94.43,-102.74
94.44,-105.80
94.45,-103.77
94.46,-103.48
94.47,-103.79
94.48,-104.26
94.49,-103.50
94.50,-104.86
94.51,-106.49
94.52,-104.97
94.53,-105.42
94.54,-102.93
94.55,-105.65
94.56,-103.05
94.57,-103.68
94.58,-104.24
94.59,-105.72
94.60,-103.17
94.61,-103.15
94.62,-102.74
94.63,-103.79
94.64,-104.76
94.65,-103.92
94.66,-104.59
94.67,-104.32
94.68,-103.88
94.69,-103.21
94.70,-104.96
94.71,-103.44
94.72,-104.80
94.73,-106.50
94.74,-104.40
94.75,-103.32
94.76,-103.67
94.77,-103.49
94.78,-104.93
94.79,-104.17
94.80,-105.71
94.80,-105.71
94.81,-105.11
94.82,-103.97
94.83,-101.85
94.84,-104.37
94.85,-100.92
94.86,-100.45
94.87,-98.58
94.88,-100.07
94.89,-99.33
94.90,-99.05
94.91,-97.95
94.92,-99.46
94.93,-101.73
94.94,-102.00
94.95,-103.89
94.96,-104.34
94.97,-105.73
94.98,-105.22
94.99,-103.48
95.00,-104.79
95.01,-105.75
95.02,-104.12
95.03,-105.05
95.04,-106.77
95.05,-106.09
95.06,-104.49
95.07,-105.86
95.08,-105.03
95.09,-105.30
95.10,-102.65
95.11,-105.41
95.12,-106.31
95.13,-105.23
95.14,-102.21
95.15,-104.16
95.16,-104.70
95.17,-105.68
95.18,-106.16
95.19,-103.84
95.20,-105.36
95.21,-104.26
95.22,-102.74
95.23,-102.75
95.24,-102.08
95.25,-103.37
95.26,-102.80
95.27,-104.24
95.28,-105.15
95.29,-103.67
95.30,-106.97
95.31,-102.34
95.32,-106.45
95.33,-102.86
95.34,-104.90
95.35,-103.61
95.36,-105.03
95.37,-103.47
95.38,-105.34
95.39,-105.83
95.40,-106.32
95.41,-104.85
95.42,-105.47
95.43,-103.64
95.44,-105.18
95.45,-105.01
95.46,-106.67
95.47,-104.91
95.48,-104.46
95.49,-105.83
95.50,-103.51
95.51,-106.32
95.52,-104.11
95.53,-103.66
95.54,-103.04
95.55,-105.00
95.56,-104.33
95.57,-105.90
95.58,-105.11
95.59,-106.01
95.60,-106.12
95.60,-106.12
95.61,-106.33
95.62,-105.17
95.63,-106.68
95.64,-105.70
95.65,-104.58
95.66,-105.32
95.67,-103.36
95.68,-105.17
95.69,-103.98
95.70,-102.99
95.71,-105.52
95.72,-105.19
95.73,-103.73
95.74,-103.79
95.75,-104.07
95.76,-103.20
95.77,-103.37
95.78,-103.68
95.79,-102.07
95.80,-106.56
95.81,-104.22
95.82,-105.72
95.83,-104.52
95.84,-102.16
95.85,-103.94
95.86,-100.82
95.87,-100.57
95.88,-100.82
95.89,-100.17
95.90,-101.03
95.91,-100.47
95.92,-98.02
95.93,-100.31
95.94,-100.20
95.95,-102.58
95.96,-100.52
95.97,-101.15
95.98,-103.43
95.99,-102.74
96.00,-100.73
96.01,-101.26
96.02,-102.49
96.03,-103.09
96.04,-104.34
96.05,-103.48
96.06,-103.80
96.07,-103.43
96.08,-102.55
96.09,-105.31
96.10,-104.30
96.11,-105.42
96.12,-107.76
96.13,-104.09
96.14,-105.29
96.15,-106.11
96.16,-103.91
96.17,-101.68
96.18,-105.31
96.19,-105.14
96.20,-104.52
96.21,-102.89
96.22,-105.63
96.23,-106.38
96.24,-105.26
96.25,-105.50
96.26,-103.65
96.27,-105.15
96.28,-105.95
96.29,-104.28
96.30,-106.96
96.31,-106.34
96.32,-105.61
96.33,-105.78
96.34,-104.56
96.35,-104.46
96.36,-106.22
96.37,-103.61
96.38,-105.87
96.39,-106.05
96.40,-106.21
96.40,-106.21
96.41,-106.73
96.42,-105.73
96.43,-104.41
96.44,-104.22
96.45,-106.11
96.46,-105.14
96.47,-105.81
96.48,-106.85
96.49,-105.77
96.50,-103.51
96.51,-107.15
96.52,-105.86
96.53,-106.63
96.54,-104.73
96.55,-106.48
96.56,-106.52
96.57,-105.95
96.58,-104.71
96.59,-105.01
96.60,-105.72
96.61,-106.37
96.62,-104.94
96.63,-104.03
96.64,-104.29
96.65,-102.84
96.66,-103.68
96.67,-104.25
96.68,-104.02
96.69,-105.28
96.70,-105.90
96.71,-104.84
96.72,-105.53
96.73,-102.59
96.74,-104.85
96.75,-104.74
96.76,-104.34
96.77,-102.61
96.78,-103.41
96.79,-105.01
96.80,-105.68
96.81,-103.39
96.82,-105.06
96.83,-105.04
96.84,-103.70
96.85,-106.27
96.86,-105.62
96.87,-106.83
96.88,-104.83
96.89,-105.06
96.90,-106.36
96.91,-102.70
96.92,-103.40
96.93,-103.62
96.94,-101.11
96.95,-104.34
96.96,-105.56
96.97,-105.69
96.98,-106.92
96.99,-105.62
97.00,-105.19
97.01,-104.18
97.02,-105.42
97.03,-105.31
97.04,-105.38
97.05,-103.65
97.06,-103.81
97.07,-107.23
97.08,-103.55
97.09,-105.32
97.10,-105.00
97.11,-103.66
97.12,-105.29
97.13,-103.81
97.14,-104.63
97.15,-103.19
97.16,-105.69
97.17,-104.07
97.18,-106.09
97.19,-105.46
97.20,-105.64
97.20,-104.77
97.21,-105.65
97.22,-105.76
97.23,-103.12
97.24,-103.01
97.25,-104.77
97.26,-103.27
97.27,-103.35
97.28,-103.89
97.29,-104.73
97.30,-103.07
97.31,-100.60
97.32,-103.16
97.33,-100.74
97.34,-103.57
97.35,-105.02
97.36,-102.61
97.37,-107.17
97.38,-105.54
97.39,-104.54
97.40,-103.92
97.41,-102.88
97.42,-103.38
97.43,-104.14
97.44,-105.35
97.45,-104.79
97.46,-102.85
97.47,-104.15
97.48,-104.57
97.49,-105.21
97.50,-103.63
97.51,-105.00
97.52,-102.63
97.53,-106.30
97.54,-105.19
97.55,-105.71
97.56,-106.49
97.57,-104.62
97.58,-105.69
97.59,-104.25
97.60,-105.35
97.61,-102.02
97.62,-104.92
97.63,-106.10
97.64,-106.02
97.65,-106.41
97.66,-104.56
97.67,-104.01
97.68,-103.77
97.69,-105.41
97.70,-105.50
97.71,-107.39
97.72,-106.56
97.73,-103.68
97.74,-105.97
97.75,-106.55
97.76,-105.94
97.77,-104.66
97.78,-105.52
97.79,-103.20
97.80,-105.62
97.81,-104.80
97.82,-106.36
97.83,-103.77
97.84,-105.76
97.85,-105.58
97.86,-103.66
97.87,-105.54
97.88,-104.76
97.89,-105.66
97.90,-104.57
97.91,-104.01
97.92,-103.23
97.93,-106.87
97.94,-103.84
97.95,-105.04
97.96,-105.59
97.97,-103.83
97.98,-105.05
97.99,-105.94
98.00,-105.18
98.00,-105.46
98.01,-104.35
98.02,-105.35
98.03,-106.00
98.04,-102.57
98.05,-103.87
98.06,-100.62
98.07,-102.43
98.08,-102.99
98.09,-102.68
98.10,-100.36
98.11,-102.94
98.12,-100.18
98.13,-104.97
98.14,-103.76
98.15,-102.59
98.16,-102.13
98.17,-99.17
98.18,-101.98
98.19,-105.35
98.20,-104.88
98.21,-104.22
98.22,-102.54
98.23,-102.12
98.24,-104.82
98.25,-101.73
98.26,-104.31
98.27,-104.81
98.28,-101.17
98.29,-102.33
98.30,-100.82
98.31,-101.55
98.32,-102.74
98.33,-103.29
98.34,-104.74
98.35,-107.20
98.36,-103.97
98.37,-103.19
98.38,-106.33
98.39,-107.33
98.40,-105.06
98.41,-105.82
98.42,-102.32
98.43,-104.45
98.44,-105.15
98.45,-104.76
98.46,-104.58
98.47,-105.48
98.48,-104.75
98.49,-102.61
98.50,-103.01
98.51,-103.39
98.52,-106.14
98.53,-104.36
98.54,-105.60
98.55,-105.00
98.56,-105.96
98.57,-104.75
98.58,-106.13
98.59,-102.84
98.60,-104.14
98.61,-103.86
98.62,-102.80
98.63,-102.74
98.64,-103.87
98.65,-102.79
98.66,-103.55
98.67,-105.17
98.68,-103.14
98.69,-103.70
98.70,-103.98
98.71,-105.19
98.72,-104.68
98.73,-105.58
98.74,-107.64
98.75,-107.16
98.76,-107.98
98.77,-106.99
98.78,-104.76
98.79,-107.58
98.80,-106.52
98.80,-106.52
98.81,-105.97
98.82,-105.71
98.83,-106.76
98.84,-102.76
98.85,-104.28
98.86,-104.40
98.87,-105.80
98.88,-102.27
98.89,-105.97
98.90,-105.12
98.91,-102.46
98.92,-102.34
98.93,-102.91
98.94,-105.63
98.95,-105.92
98.96,-104.44
98.97,-104.61
98.98,-104.34
98.99,-106.26
99.00,-102.77
99.01,-104.31
99.02,-107.45
99.03,-105.44
99.04,-103.69
99.05,-104.51
99.06,-103.33
99.07,-101.69
99.08,-103.62
99.09,-102.21
99.10,-99.58
99.11,-101.23
99.12,-99.92
99.13,-103.06
99.14,-100.46
99.15,-102.90
99.16,-101.70
99.17,-100.35
99.18,-103.72
99.19,-105.95
99.20,-104.38
99.21,-104.79
99.22,-106.33
99.23,-103.63
99.24,-105.11
99.25,-104.50
99.26,-106.55
99.27,-105.56
99.28,-104.59
99.29,-106.37
99.30,-104.48
99.31,-106.53
99.32,-105.93
99.33,-104.91
99.34,-104.33
99.35,-104.39
99.36,-104.89
99.37,-104.61
99.38,-104.89
99.39,-105.10
99.40,-104.47
99.41,-103.95
99.42,-104.71
99.43,-102.87
99.44,-104.24
99.45,-107.49
99.46,-105.42
99.47,-105.62
99.48,-105.09
99.49,-105.64
99.50,-105.06
99.51,-105.52
99.52,-104.95
99.53,-104.52
99.54,-103.14
99.55,-105.91
99.56,-106.17
99.57,-103.54
99.58,-105.74
99.59,-105.13
99.60,-105.26
99.60,-105.26
99.61,-106.02
99.62,-103.03
99.63,-103.41
99.64,-105.21
99.65,-106.50
99.66,-105.89
99.67,-105.11
99.68,-101.64
99.69,-105.19
99.70,-105.10
99.71,-105.57
99.72,-106.00
99.73,-106.51
99.74,-104.38
99.75,-103.68
99.76,-105.21
99.77,-103.04
99.78,-103.52
99.79,-104.54
99.80,-105.41
99.81,-103.86
99.82,-100.61
99.83,-103.73
99.84,-99.60
99.85,-102.59
99.86,-99.51
99.87,-100.39
99.88,-99.22
99.89,-98.09
99.90,-98.20
99.91,-99.54
99.92,-98.63
99.93,-99.81
99.94,-98.80
99.95,-99.44
99.96,-99.92
99.97,-99.79
99.98,-102.14
99.99,-101.74
100.00,-100.37
100.01,-101.48
100.02,-100.31
100.03,-102.81
100.04,-102.42
100.05,-105.06
100.06,-103.48
100.07,-105.90
100.08,-103.71
100.09,-105.62
100.10,-105.38
100.11,-105.46
100.12,-102.75
100.13,-105.52
100.14,-104.61
100.15,-104.03
100.16,-103.66
100.17,-105.62
100.18,-106.20
100.19,-105.32
100.20,-105.54
100.21,-106.25
100.22,-106.37
100.23,-104.89
100.24,-105.21
100.25,-102.41
100.26,-103.05
100.27,-105.48
100.28,-105.22
100.29,-106.59
100.30,-104.93
100.31,-105.15
100.32,-103.14
100.33,-104.56
100.34,-105.91
100.35,-106.69
100.36,-103.72
100.37,-104.09
100.38,-103.92
100.39,-105.84
100.40,-104.79
100.40,-104.79
100.41,-103.97
100.42,-103.36
100.43,-104.05
100.44,-103.87
100.45,-106.10
100.46,-104.30
100.47,-103.04
100.48,-104.43
100.49,-106.11
100.50,-103.33
100.51,-105.40
100.52,-103.83
100.53,-105.35
100.54,-106.37
100.55,-105.58
100.56,-105.44
100.57,-104.36
100.58,-106.14
100.59,-105.82
100.60,-106.37
100.61,-101.99
100.62,-105.35
100.63,-106.54
100.64,-104.15
100.65,-105.57
100.66,-105.99
100.67,-104.19
100.68,-104.75
100.69,-104.18
100.70,-100.73
100.71,-103.92
100.72,-106.62
100.73,-104.35
100.74,-104.05
100.75,-105.48
100.76,-105.40
100.77,-104.86
100.78,-104.80
100.79,-101.72
100.80,-102.42
100.81,-106.18
100.82,-103.81
100.83,-106.21
100.84,-106.23
100.85,-103.67
100.86,-106.13
100.87,-103.75
100.88,-106.86
100.89,-106.52
100.90,-105.30
100.91,-103.15
100.92,-106.37
100.93,-105.39
100.94,-105.30
100.95,-106.07
100.96,-105.53
100.97,-106.61
100.98,-104.71
100.99,-104.66
101.00,-106.09
101.01,-106.30
101.02,-105.83
101.03,-105.68
101.04,-104.06
101.05,-103.92
101.06,-105.44
101.07,-104.90
101.08,-105.41
101.09,-103.36
101.10,-103.37
101.11,-105.47
101.12,-104.64
101.13,-105.43
101.14,-104.80
101.15,-105.34
101.16,-106.41
101.17,-104.95
101.18,-104.68
101.19,-103.98
101.20,-106.00
101.20,-106.00
101.21,-105.72
101.22,-104.79
101.23,-106.12
101.24,-104.60
101.25,-105.69
101.26,-105.49
101.27,-104.28
101.28,-105.25
101.29,-103.56
101.30,-104.15
101.31,-105.74
101.32,-103.26
101.33,-103.57
101.34,-104.56
101.35,-105.55
101.36,-104.89
101.37,-102.86
101.38,-103.92
101.39,-104.15
101.40,-105.94
101.41,-103.58
101.42,-105.69
101.43,-106.95
101.44,-104.33
101.45,-106.31
101.46,-103.90
101.47,-104.33
101.48,-104.83
101.49,-104.75
101.50,-103.28
101.51,-105.02
101.52,-107.77
101.53,-105.25
101.54,-105.00
101.55,-104.95
101.56,-106.13
101.57,-104.83
101.58,-105.94
101.59,-104.89
101.60,-103.73
101.61,-105.59
101.62,-103.90
101.63,-106.99
101.64,-105.83
101.65,-104.91
101.66,-104.75
101.67,-104.22
101.68,-105.95
101.69,-105.71
101.70,-106.30
101.71,-105.11
101.72,-102.72
101.73,-104.78
101.74,-104.71
101.75,-104.83
101.76,-105.91
101.77,-103.80
101.78,-106.64
101.79,-105.77
101.80,-103.33
101.81,-105.03
101.82,-104.67
101.83,-103.99
101.84,-104.85
101.85,-104.72
101.86,-103.74
101.87,-105.15
101.88,-105.68
101.89,-104.56
101.90,-104.11
101.91,-104.38
101.92,-103.31
101.93,-104.42
101.94,-105.37
101.95,-105.63
101.96,-103.06
101.97,-107.44
101.98,-106.21
101.99,-106.16
102.00,-104.60
102.00,-106.33
102.01,-103.91
102.02,-106.88
102.03,-101.58
102.04,-103.61
102.05,-101.80
102.06,-104.07
102.07,-101.37
102.08,-101.85
102.09,-102.46
102.10,-101.08
102.11,-100.31
102.12,-100.48
102.13,-103.59
102.14,-102.51
102.15,-105.54
102.16,-103.56
102.17,-103.85
102.18,-105.66
102.19,-106.38
102.20,-106.11
102.21,-106.19
102.22,-105.25
102.23,-105.84
102.24,-105.61
102.25,-106.50
102.26,-106.78
102.27,-101.53
102.28,-104.77
102.29,-105.70
102.30,-104.51
102.31,-106.22
102.32,-104.89
102.33,-103.51
102.34,-106.23
102.35,-105.61
102.36,-105.59
102.37,-103.71
102.38,-106.34
102.39,-106.38
102.40,-107.03
102.41,-103.83
102.42,-105.72
102.43,-105.85
102.44,-105.37
102.45,-106.67
102.46,-105.53
102.47,-105.22
102.48,-106.04
102.49,-106.25
102.50,-106.13
102.51,-103.14
102.52,-105.78
102.53,-103.32
102.54,-104.77
102.55,-106.73
102.56,-104.02
102.57,-104.18
102.58,-104.50
102.59,-106.91
102.60,-105.52
102.61,-103.73
102.62,-102.81
102.63,-106.03
102.64,-106.53
102.65,-104.53
102.66,-103.35
102.67,-103.76
102.68,-104.71
102.69,-103.10
102.70,-105.60
102.71,-106.74
102.72,-105.64
102.73,-103.73
102.74,-106.75
102.75,-105.52
102.76,-105.07
102.77,-102.88
102.78,-103.72
102.79,-103.62
102.80,-104.65
102.80,-104.65
102.81,-105.92
102.82,-105.65
102.83,-105.12
102.84,-106.49
102.85,-106.21
102.86,-103.75
102.87,-105.57
102.88,-104.66
102.89,-103.84
102.90,-104.39
102.91,-103.03
102.92,-104.37
102.93,-104.37
102.94,-106.04
102.95,-107.06
102.96,-106.01
102.97,-106.92
102.98,-104.05
102.99,-106.60
103.00,-106.56
103.01,-107.05
103.02,-105.07
103.03,-104.83
103.04,-105.14
103.05,-104.26
103.06,-102.32
103.07,-102.97
103.08,-104.50
103.09,-103.57
103.10,-104.95
103.11,-104.87
103.12,-106.61
103.13,-105.77
103.14,-105.26
103.15,-105.48
103.16,-103.87
103.17,-105.69
103.18,-105.18
103.19,-102.92
103.20,-105.59
103.21,-104.37
103.22,-107.41
103.23,-106.00
103.24,-105.51
103.25,-103.95
103.26,-102.87
103.27,-104.93
103.28,-105.67
103.29,-103.64
103.30,-105.16
103.31,-105.51
103.32,-106.10
103.33,-105.44
103.34,-104.70
103.35,-104.05
103.36,-104.28
103.37,-104.26
103.38,-101.85
103.39,-104.93
103.40,-106.24
103.41,-103.64
103.42,-104.36
103.43,-104.60
103.44,-106.71
103.45,-104.87
103.46,-105.12
103.47,-104.52
103.48,-104.32
103.49,-107.15
103.50,-103.59
103.51,-105.90
103.52,-106.35
103.53,-103.53
103.54,-104.58
103.55,-103.52
103.56,-103.18
103.57,-103.61
103.58,-103.81
103.59,-105.38
103.60,-103.90
103.60,-103.90
103.61,-103.80
103.62,-103.95
103.63,-105.29
103.64,-106.08
103.65,-105.49
103.66,-102.52
103.67,-107.41
103.68,-105.26
103.69,-105.37
103.70,-103.73
103.71,-104.20
103.72,-104.54
103.73,-104.21
103.74,-102.07
103.75,-103.85
103.76,-104.67
103.77,-105.86
103.78,-105.46
103.79,-104.82
103.80,-106.89
103.81,-105.84
103.82,-102.78
103.83,-102.41
103.84,-103.05
103.85,-104.85
103.86,-103.30
103.87,-104.76
103.88,-104.40
103.89,-107.01
103.90,-105.97
103.91,-103.24
103.92,-104.94
103.93,-104.19
103.94,-104.06
103.95,-102.96
103.96,-106.73
103.97,-105.25
103.98,-106.46
103.99,-103.85
104.00,-105.25
104.01,-104.19
104.02,-102.74
104.03,-103.26
104.04,-102.18
104.05,-104.63
104.06,-106.22
104.07,-102.34
104.08,-103.54
104.09,-104.93
104.10,-104.50
104.11,-105.66
104.12,-106.03
104.13,-103.31
104.14,-104.20
104.15,-103.65
104.16,-104.74
104.17,-107.10
104.18,-104.69
104.19,-106.06
104.20,-104.31
104.21,-102.08
104.22,-104.24
104.23,-103.84
104.24,-103.57
104.25,-104.61
104.26,-106.89
104.27,-104.44
104.28,-104.45
104.29,-103.53
104.30,-103.43
104.31,-103.15
104.32,-100.11
104.33,-104.09
104.34,-104.84
104.35,-104.20
104.36,-106.52
104.37,-103.52
104.38,-103.75
104.39,-102.81
104.40,-103.66
104.40,-103.66
104.41,-103.12
104.42,-103.56
104.43,-103.88
104.44,-104.96
104.45,-102.81
104.46,-102.59
104.47,-101.47
104.48,-101.95
104.49,-101.95
104.50,-102.74
104.51,-103.38
104.52,-101.89
104.53,-101.75
104.54,-102.91
104.55,-103.54
104.56,-101.02
104.57,-101.79
104.58,-101.31
104.59,-102.31
104.60,-102.06
104.61,-102.02
104.62,-103.95
104.63,-104.16
104.64,-105.03
104.65,-102.93
104.66,-104.52
104.67,-106.08
104.68,-103.85
104.69,-102.80
104.70,-101.01
104.71,-105.63
104.72,-104.40
104.73,-105.90
104.74,-102.65
104.75,-102.58
104.76,-104.10
104.77,-102.10
104.78,-105.09
104.79,-103.51
104.80,-103.76
104.81,-102.42
104.82,-100.99
104.83,-100.61
104.84,-103.74
104.85,-105.08
104.86,-103.37
104.87,-102.55
104.88,-103.28
104.89,-104.10
104.90,-105.75
104.91,-103.19
104.92,-104.31
104.93,-105.43
104.94,-103.48
104.95,-101.72
104.96,-101.94
104.97,-100.91
104.98,-101.91
104.99,-103.90
105.00,-105.22
105.01,-103.72
105.02,-103.81
105.03,-102.92
105.04,-102.33
105.05,-104.87
105.06,-103.91
105.07,-103.44
105.08,-101.18
105.09,-105.12
105.10,-102.27
105.11,-104.30
105.12,-104.47
105.13,-105.01
105.14,-104.76
105.15,-102.34
105.16,-103.07
105.17,-103.29
105.18,-100.25
105.19,-105.28
105.20,-103.41
105.20,-103.41
105.21,-104.00
105.22,-104.59
105.23,-102.12
105.24,-102.63
105.25,-102.49
105.26,-100.68
105.27,-102.85
105.28,-102.11
105.29,-103.32
105.30,-103.78
105.31,-103.41
105.32,-102.48
105.33,-102.42
105.34,-101.84
105.35,-102.14
105.36,-102.74
105.37,-104.77
105.38,-103.61
105.39,-103.34
105.40,-103.92
105.41,-102.26
105.42,-101.27
105.43,-102.05
105.44,-102.05
105.45,-100.74
105.46,-102.62
105.47,-101.96
105.48,-104.20
105.49,-105.36
105.50,-103.35
105.51,-104.02
105.52,-103.20
105.53,-100.45
105.54,-101.56
105.55,-103.21
105.56,-101.25
105.57,-103.47
105.58,-103.26
105.59,-103.61
105.60,-103.38
105.61,-101.74
105.62,-102.13
105.63,-102.80
105.64,-101.68
105.65,-99.87
105.66,-101.85
105.67,-101.33
105.68,-103.19
105.69,-105.97
105.70,-100.97
105.71,-104.04
105.72,-101.36
105.73,-100.88
105.74,-101.43
105.75,-102.93
105.76,-104.18
105.77,-103.42
105.78,-104.73
105.79,-103.44
105.80,-101.31
105.81,-103.60
105.82,-102.15
105.83,-102.60
105.84,-101.36
105.85,-104.33
105.86,-103.70
105.87,-103.47
105.88,-102.81
105.89,-104.32
105.90,-101.61
105.91,-103.53
105.92,-104.17
105.93,-101.34
105.94,-102.70
105.95,-101.87
105.96,-103.84
105.97,-103.97
105.98,-101.52
105.99,-100.44
106.00,-100.99
106.00,-102.35
106.01,-101.76
106.02,-101.36
106.03,-100.19
106.04,-101.10
106.05,-102.82
106.06,-103.60
106.07,-103.18
106.08,-100.58
106.09,-100.38
106.10,-102.69
106.11,-101.88
106.12,-101.30
106.13,-101.92
106.14,-102.61
106.15,-102.68
106.16,-102.89
106.17,-103.66
106.18,-101.59
106.19,-102.47
106.20,-102.10
106.21,-102.06
106.22,-101.56
106.23,-102.03
106.24,-103.50
106.25,-103.03
106.26,-101.58
106.27,-102.95
106.28,-100.51
106.29,-101.79
106.30,-101.33
106.31,-103.39
106.32,-103.05
106.33,-101.86
106.34,-103.82
106.35,-103.47
106.36,-103.97
106.37,-103.30
106.38,-102.55
106.39,-101.36
106.40,-103.46
106.41,-101.89
106.42,-102.47
106.43,-102.13
106.44,-100.88
106.45,-102.34
106.46,-101.22
106.47,-101.47
106.48,-100.40
106.49,-100.23
106.50,-101.63
106.51,-102.38
106.52,-104.10
106.53,-102.71
106.54,-102.59
106.55,-103.47
106.56,-103.76
106.57,-104.56
106.58,-102.65
106.59,-101.46
106.60,-100.40
106.61,-102.37
106.62,-102.85
106.63,-102.40
106.64,-100.04
106.65,-101.17
106.66,-100.73
106.67,-103.89
106.68,-102.30
106.69,-104.63
106.70,-100.43
106.71,-102.51
106.72,-104.56
106.73,-103.14
106.74,-103.63
106.75,-103.06
106.76,-100.37
106.77,-101.84
106.78,-101.30
106.79,-102.59
106.80,-100.96
106.80,-100.96
106.81,-103.25
106.82,-103.02
106.83,-102.34
106.84,-103.18
106.85,-101.66
106.86,-102.14
106.87,-103.11
106.88,-104.78
106.89,-102.96
106.90,-104.55
106.91,-103.42
106.92,-104.30
106.93,-103.50
106.94,-99.88
106.95,-101.93
106.96,-100.14
106.97,-100.68
106.98,-101.32
106.99,-101.28
107.00,-102.80
107.01,-103.70
107.02,-102.40
107.03,-104.68
107.04,-101.29
107.05,-102.33
107.06,-103.65
107.07,-102.66
107.08,-101.14
107.09,-101.59
107.10,-101.49
107.11,-103.32
107.12,-101.03
107.13,-101.19
107.14,-101.18
107.15,-100.83
107.16,-100.87
107.17,-104.04
107.18,-101.36
107.19,-103.47
107.20,-101.14
107.21,-101.29
107.22,-102.93
107.23,-102.52
107.24,-101.20
107.25,-103.03
107.26,-102.13
107.27,-102.97
107.28,-103.80
107.29,-101.51
107.30,-100.68
107.31,-101.37
107.32,-101.21
107.33,-101.12
107.34,-100.34
107.35,-101.66
107.36,-100.94
107.37,-103.33
107.38,-101.90
107.39,-104.34
107.40,-102.94
107.41,-102.73
107.42,-103.26
107.43,-101.49
107.44,-101.87
107.45,-102.87
107.46,-104.44
107.47,-104.79
107.48,-105.70
107.49,-102.87
107.50,-101.17
107.51,-101.30
107.52,-99.33
107.53,-102.79
107.54,-105.27
107.55,-103.12
107.56,-103.33
107.57,-104.30
107.58,-104.21
107.59,-104.07
107.60,-101.01
107.60,-101.01
107.61,-103.10
107.62,-102.52
107.63,-102.25
107.64,-101.76
107.65,-102.61
107.66,-103.58
107.67,-102.82
107.68,-102.78
107.69,-102.00
107.70,-100.44
107.71,-100.97
107.72,-100.74
107.73,-103.79
107.74,-102.79
107.75,-99.76
107.76,-102.90
107.77,-102.19
107.78,-104.65
107.79,-103.45
107.80,-104.24
107.81,-100.61
107.82,-103.32
107.83,-102.54
107.84,-102.78
107.85,-105.62
107.86,-104.13
107.87,-103.31
107.88,-103.23
107.89,-103.30
107.90,-105.44
107.91,-102.71
107.92,-101.50
107.93,-104.82
107.94,-105.63
107.95,-104.21
107.96,-105.57
107.97,-104.59
107.98,-103.73
107.99,-103.07
108.00,-102.43
108.01,-102.52
108.02,-101.17
108.03,-104.66
108.04,-102.94
108.05,-103.46
108.06,-104.06
108.07,-102.49
108.08,-106.21
108.09,-102.93
108.10,-106.53
108.11,-102.14
108.12,-101.24
108.13,-106.01
108.14,-103.24
108.15,-103.78
108.16,-102.93
108.17,-102.79
108.18,-103.63
108.19,-102.49
108.20,-102.97
108.21,-103.77
108.22,-103.84
108.23,-102.84
108.24,-103.67
108.25,-104.62
108.26,-106.90
108.27,-104.87
108.28,-102.99
108.29,-101.81
108.30,-103.50
108.31,-105.58
108.32,-103.24
108.33,-104.55
108.34,-103.19
108.35,-103.54
108.36,-103.12
108.37,-103.17
108.38,-98.37
108.39,-104.86
108.40,-104.14
108.40,-104.14
108.41,-104.18
108.42,-105.27
108.43,-105.48
108.44,-105.33
108.45,-105.17
108.46,-104.80
108.47,-102.13
108.48,-104.56
108.49,-104.44
108.50,-101.61
108.51,-103.27
108.52,-103.43
108.53,-103.55
108.54,-103.82
108.55,-102.99
108.56,-103.72
108.57,-103.07
108.58,-104.82
108.59,-103.55
108.60,-102.49
108.61,-104.19
108.62,-105.00
108.63,-105.02
108.64,-103.84
108.65,-104.87
108.66,-101.46
108.67,-102.72
108.68,-104.22
108.69,-102.74
108.70,-102.42
108.71,-103.70
108.72,-101.51
108.73,-102.82
108.74,-103.26
108.75,-103.28
108.76,-102.56
108.77,-105.05
108.78,-103.25
108.79,-104.16
108.80,-101.89
108.81,-106.59
108.82,-105.87
108.83,-102.82
108.84,-104.33
108.85,-101.51
108.86,-100.79
108.87,-101.56
108.88,-104.30
108.89,-102.83
108.90,-105.87
108.91,-103.95
108.92,-105.25
108.93,-105.90
108.94,-106.04
108.95,-102.46
108.96,-105.32
108.97,-104.98
108.98,-106.15
108.99,-105.84
109.00,-104.29
109.01,-103.34
109.02,-104.62
109.03,-101.99
109.04,-101.89
109.05,-103.98
109.06,-102.12
109.07,-105.29
109.08,-104.23
109.09,-103.77
109.10,-104.99
109.11,-105.51
109.12,-101.74
109.13,-104.16
109.14,-103.62
109.15,-103.06
109.16,-104.80
109.17,-106.76
109.18,-103.80
109.19,-103.93
109.20,-103.36
109.20,-103.36
109.21,-101.83
109.22,-102.67
109.23,-103.60
109.24,-102.01
109.25,-104.33
109.26,-104.99
109.27,-104.92
109.28,-104.32
109.29,-105.10
109.30,-105.78
109.31,-103.55
109.32,-104.14
109.33,-105.44
109.34,-105.22
109.35,-103.75
109.36,-104.57
109.37,-103.54
109.38,-103.12
109.39,-104.70
109.40,-101.74
109.41,-104.66
109.42,-104.35
109.43,-102.09
109.44,-104.65
109.45,-103.33
109.46,-104.26
109.47,-105.67
109.48,-104.26
109.49,-104.56
109.50,-103.18
109.51,-104.07
109.52,-102.77
109.53,-103.24
109.54,-103.54
109.55,-102.73
109.56,-104.38
109.57,-103.64
109.58,-103.50
109.59,-104.18
109.60,-103.48
109.61,-104.34
109.62,-103.81
109.63,-103.85
109.64,-103.27
109.65,-103.50
109.66,-103.68
109.67,-100.67
109.68,-103.19
109.69,-100.38
109.70,-102.24
109.71,-102.12
109.72,-102.12
109.73,-100.81
109.74,-100.78
109.75,-103.25
109.76,-101.38
109.77,-103.16
109.78,-104.71
109.79,-104.02
109.80,-103.22
109.81,-104.03
109.82,-104.78
109.83,-100.91
109.84,-103.04
109.85,-103.69
109.86,-101.05
109.87,-102.50
109.88,-102.49
109.89,-98.93
109.90,-103.17
109.91,-101.05
109.92,-103.74
109.93,-104.24
109.94,-103.04
109.95,-99.63
109.96,-103.52
109.97,-103.56
109.98,-103.55
109.99,-100.07
110.00,-103.45
170.00,-97.90
170.01,-98.33
170.02,-94.86
170.03,-95.13
170.04,-98.90
170.05,-96.72
170.06,-96.02
170.07,-98.72
170.08,-97.57
170.09,-100.07
170.10,-99.00
170.11,-98.77
170.12,-97.37
170.13,-99.43
170.14,-97.01
170.15,-97.29
170.16,-98.13
170.17,-98.40
170.18,-98.55
170.19,-100.20
170.20,-96.57
170.21,-99.91
170.22,-101.19
170.23,-98.25
170.24,-99.60
170.25,-100.09
170.26,-101.30
170.27,-97.54
170.28,-99.65
170.29,-97.69
170.30,-99.51
170.31,-99.46
170.32,-99.02
170.33,-99.31
170.34,-97.16
170.35,-99.00
170.36,-96.84
170.37,-96.69
170.38,-98.60
170.39,-98.91
170.40,-99.80
170.41,-98.42
170.42,-98.61
170.43,-99.52
170.44,-100.04
170.45,-98.78
170.46,-98.61
170.47,-98.84
170.48,-96.01
170.49,-95.01
170.50,-97.00
170.51,-94.42
170.52,-97.64
170.53,-100.11
170.54,-102.53
170.55,-97.07
170.56,-100.00
170.57,-100.19
170.58,-99.08
170.59,-97.64
170.60,-99.18
170.61,-100.09
170.62,-99.50
170.63,-101.98
170.64,-99.00
170.65,-100.13
170.66,-100.79
170.67,-98.58
170.68,-99.69
170.69,-100.92
170.70,-98.21
170.71,-98.72
170.72,-98.00
170.73,-100.33
170.74,-95.42
170.75,-100.94
170.76,-99.43
170.77,-96.78
170.78,-99.23
170.79,-100.12
170.80,-98.37
170.80,-98.37
170.81,-98.46
170.82,-99.63
170.83,-100.11
170.84,-97.41
170.85,-99.84
170.86,-98.17
170.87,-99.46
170.88,-98.84
170.89,-100.07
170.90,-99.84
170.91,-99.16
170.92,-100.06
170.93,-100.89
170.94,-100.08
170.95,-101.11
170.96,-100.89
170.97,-102.98
170.98,-102.77
170.99,-101.34
171.00,-101.99
171.01,-100.73
171.02,-98.15
171.03,-100.66
171.04,-98.66
171.05,-98.71
171.06,-98.91
171.07,-99.41
171.08,-99.35
171.09,-99.87
171.10,-100.68
171.11,-100.24
171.12,-99.22
171.13,-102.08
171.14,-98.27
171.15,-99.65
171.16,-100.11
171.17,-101.54
171.18,-102.46
171.19,-100.32
171.20,-98.97
171.21,-98.66
171.22,-99.87
171.23,-96.01
171.24,-100.27
171.25,-101.75
171.26,-97.65
171.27,-96.41
171.28,-95.10
171.29,-93.22
171.30,-92.21
171.31,-96.94
171.32,-96.12
171.33,-98.79
171.34,-101.34
171.35,-100.59
171.36,-100.58
171.37,-98.19
171.38,-100.64
171.39,-100.45
171.40,-98.84
171.41,-100.90
171.42,-100.87
171.43,-98.66
171.44,-100.89
171.45,-101.35
171.46,-101.20
171.47,-100.47
171.48,-98.81
171.49,-97.94
171.50,-98.16
171.51,-96.55
171.52,-99.53
171.53,-99.98
171.54,-97.89
171.55,-100.22
171.56,-99.10
171.57,-100.28
171.58,-99.28
171.59,-99.39
171.60,-100.93
171.60,-100.93
171.61,-98.82
171.62,-98.84
171.63,-99.19
171.64,-100.80
171.65,-98.59
171.66,-100.03
171.67,-98.79
171.68,-100.59
171.69,-97.43
171.70,-97.69
171.71,-100.74
171.72,-97.96
171.73,-96.95
171.74,-98.30
171.75,-98.23
171.76,-97.25
171.77,-95.92
171.78,-96.64
171.79,-98.21
171.80,-100.98
171.81,-100.40
171.82,-96.01
171.83,-98.61
171.84,-100.38
171.85,-100.72
171.86,-99.73
171.87,-97.40
171.88,-99.85
171.89,-98.54
171.90,-101.09
171.91,-98.07
171.92,-100.02
171.93,-98.06
171.94,-98.95
171.95,-98.69
171.96,-97.77
171.97,-96.95
171.98,-99.16
171.99,-97.75
172.00,-100.38
172.01,-98.75
172.02,-98.28
172.03,-97.38
172.04,-98.23
172.05,-98.50
172.06,-99.92
172.07,-99.61
172.08,-100.27
172.09,-97.05
172.10,-98.33
172.11,-98.59
172.12,-99.81
172.13,-97.24
172.14,-97.76
172.15,-100.03
172.16,-99.00
172.17,-97.97
172.18,-99.02
172.19,-96.71
172.20,-97.64
172.21,-94.21
172.22,-96.84
172.23,-97.01
172.24,-98.13
172.25,-98.35
172.26,-98.21
172.27,-97.39
172.28,-96.80
172.29,-97.06
172.30,-98.37
172.31,-95.39
172.32,-95.01
172.33,-97.71
172.34,-98.70
172.35,-98.14
172.36,-99.54
172.37,-99.05
172.38,-97.82
172.39,-97.80
172.40,-95.87
172.40,-95.87
172.41,-98.52
172.42,-96.66
172.43,-95.00
172.44,-96.16
172.45,-97.11
172.46,-96.70
172.47,-98.38
172.48,-98.28
172.49,-98.40
172.50,-98.54
172.51,-97.21
172.52,-98.50
172.53,-94.73
172.54,-96.92
172.55,-97.88
172.56,-95.18
172.57,-96.81
172.58,-94.85
172.59,-96.29
172.60,-95.82
172.61,-93.11
172.62,-92.43
172.63,-94.27
172.64,-93.76
172.65,-94.64
172.66,-95.61
172.67,-94.04
172.68,-94.05
172.69,-93.23
172.70,-90.32
172.71,-89.79
172.72,-91.88
172.73,-93.81
172.74,-94.96
172.75,-93.48
172.76,-95.34
172.77,-92.50
172.78,-90.81
172.79,-92.25
172.80,-90.11
172.81,-94.09
172.82,-93.66
172.83,-95.25
172.84,-96.33
172.85,-96.44
172.86,-94.97
172.87,-94.59
172.88,-93.21
172.89,-92.15
172.90,-95.62
172.91,-95.62
172.92,-92.61
172.93,-94.19
172.94,-96.04
172.95,-95.45
172.96,-96.62
172.97,-94.50
172.98,-94.99
172.99,-95.70
173.00,-96.53
173.01,-95.16
173.02,-95.63
173.03,-98.01
173.04,-95.04
173.05,-95.42
173.06,-95.84
173.07,-96.10
173.08,-94.02
173.09,-93.87
173.10,-93.40
173.11,-93.39
173.12,-96.34
173.13,-95.04
173.14,-93.86
173.15,-93.09
173.16,-94.45
173.17,-93.80
173.18,-94.27
173.19,-92.58
173.20,-93.67
173.20,-93.67
173.21,-93.63
173.22,-93.55
173.23,-93.80
173.24,-95.34
173.25,-96.04
173.26,-93.59
173.27,-94.25
173.28,-91.75
173.29,-94.20
173.30,-92.97
173.31,-94.18
173.32,-96.03
173.33,-93.81
173.34,-94.00
173.35,-93.42
173.36,-93.60
173.37,-93.63
173.38,-95.60
173.39,-94.73
173.40,-92.66
173.41,-93.43
173.42,-94.20
173.43,-95.75
173.44,-92.46
173.45,-95.18
173.46,-95.18
173.47,-94.15
173.48,-94.39
173.49,-94.60
173.50,-93.93
173.51,-94.15
173.52,-96.16
173.53,-94.01
173.54,-93.71
173.55,-94.84
173.56,-94.54
173.57,-93.93
173.58,-94.98
173.59,-92.71
173.60,-94.30
173.61,-93.67
173.62,-91.76
173.63,-93.34
173.64,-93.43
173.65,-93.88
173.66,-88.94
173.67,-91.24
173.68,-92.88
173.69,-92.52
173.70,-95.10
173.71,-94.82
173.72,-93.34
173.73,-92.81
173.74,-92.91
173.75,-92.53
173.76,-93.67
173.77,-93.25
173.78,-92.68
173.79,-92.30
173.80,-92.47
173.81,-91.92
173.82,-92.16
173.83,-93.45
173.84,-91.16
173.85,-90.41
173.86,-91.94
173.87,-92.14
173.88,-92.06
173.89,-91.98
173.90,-93.09
173.91,-90.85
173.92,-90.79
173.93,-94.33
173.94,-93.31
173.95,-90.68
173.96,-92.09
173.97,-92.38
173.98,-92.37
173.99,-93.43
174.00,-92.64
174.00,-91.55
174.01,-93.48
174.02,-92.03
174.03,-93.47
174.04,-93.81
174.05,-92.21
174.06,-91.74
174.07,-91.56
174.08,-91.58
174.09,-92.71
174.10,-93.54
174.11,-91.45
174.12,-91.79
174.13,-92.87
174.14,-92.28
174.15,-92.21
174.16,-94.30
174.17,-92.88
174.18,-93.34
174.19,-94.78
174.20,-91.83
174.21,-91.57
174.22,-93.72
174.23,-93.73
174.24,-93.38
174.25,-89.86
174.26,-91.25
174.27,-91.73
174.28,-93.52
174.29,-91.92
174.30,-89.80
174.31,-90.93
174.32,-90.52
174.33,-90.41
174.34,-91.98
174.35,-92.33
174.36,-91.78
174.37,-91.39
174.38,-90.81
174.39,-87.96
174.40,-94.14
174.41,-91.48
174.42,-89.71
174.43,-90.86
174.44,-91.44
174.45,-90.24
174.46,-92.41
174.47,-93.62
174.48,-93.50
174.49,-92.56
174.50,-91.90
174.51,-92.50
174.52,-92.83
174.53,-93.67
174.54,-91.84
174.55,-94.24
174.56,-93.53
174.57,-92.58
174.58,-91.11
174.59,-93.45
174.60,-90.94
174.61,-89.26
174.62,-93.44
174.63,-90.44
174.64,-91.74
174.65,-92.21
174.66,-92.25
174.67,-93.77
174.68,-91.64
174.69,-91.00
174.70,-93.59
174.71,-93.37
174.72,-93.72
174.73,-93.80
174.74,-93.15
174.75,-93.83
174.76,-92.49
174.77,-91.17
174.78,-94.28
174.79,-91.81
174.80,-91.82
174.80,-91.82
174.81,-92.09
174.82,-88.94
174.83,-92.06
174.84,-92.83
174.85,-92.34
174.86,-91.60
174.87,-93.03
174.88,-93.54
174.89,-91.96
174.90,-94.07
174.91,-91.89
174.92,-91.47
174.93,-89.69
174.94,-91.98
174.95,-89.20
174.96,-92.40
174.97,-91.51
174.98,-93.84
174.99,-88.69
175.00,-93.07
175.01,-93.75
175.02,-93.40
175.03,-93.24
175.04,-90.10
175.05,-92.62
175.06,-93.39
175.07,-92.90
175.08,-93.66
175.09,-90.94
175.10,-91.44
175.11,-94.79
175.12,-93.07
175.13,-94.73
175.14,-93.31
175.15,-92.49
175.16,-92.16
175.17,-90.47
175.18,-92.84
175.19,-92.08
175.20,-92.51
175.21,-94.21
175.22,-95.14
175.23,-92.48
175.24,-93.18
175.25,-91.07
175.26,-94.18
175.27,-93.24
175.28,-93.69
175.29,-91.96
175.30,-91.85
175.31,-92.16
175.32,-90.77
175.33,-90.74
175.34,-90.09
175.35,-90.07
175.36,-88.36
175.37,-91.03
175.38,-91.15
175.39,-91.53
175.40,-91.04
175.41,-91.59
175.42,-89.80
175.43,-88.07
175.44,-88.93
175.45,-88.66
175.46,-89.33
175.47,-91.18
175.48,-89.54
175.49,-91.77
175.50,-92.45
175.51,-88.87
175.52,-89.10
175.53,-89.22
175.54,-88.55
175.55,-91.45
175.56,-91.99
175.57,-93.41
175.58,-93.41
175.59,-91.89
175.60,-89.85
175.60,-89.85
175.61,-90.25
175.62,-92.13
175.63,-91.66
175.64,-92.35
175.65,-90.96
175.66,-89.25
175.67,-92.78
175.68,-93.09
175.69,-94.49
175.70,-92.78
175.71,-93.44
175.72,-93.68
175.73,-91.74
175.74,-95.50
175.75,-95.68
175.76,-92.58
175.77,-92.92
175.78,-92.63
175.79,-93.02
175.80,-93.35
175.81,-93.75
175.82,-91.27
175.83,-92.39
175.84,-91.59
175.85,-91.01
175.86,-91.47
175.87,-92.31
175.88,-94.02
175.89,-93.96
175.90,-94.32
175.91,-93.02
175.92,-92.27
175.93,-89.51
175.94,-91.88
175.95,-95.02
175.96,-92.39
175.97,-92.87
175.98,-89.32
175.99,-92.23
176.00,-88.17
176.01,-90.04
176.02,-90.38
176.03,-90.95
176.04,-95.14
176.05,-93.13
176.06,-95.06
176.07,-94.79
176.08,-95.21
176.09,-93.34
176.10,-93.65
176.11,-94.17
176.12,-93.87
176.13,-92.16
176.14,-93.79
176.15,-94.69
176.16,-95.97
176.17,-93.94
176.18,-92.37
176.19,-94.26
176.20,-93.99
176.21,-95.28
176.22,-95.42
176.23,-94.58
176.24,-96.14
176.25,-94.40
176.26,-96.89
176.27,-96.30
176.28,-94.37
176.29,-96.55
176.30,-95.76
176.31,-93.93
176.32,-91.37
176.33,-93.98
176.34,-94.83
176.35,-95.08
176.36,-94.54
176.37,-95.61
176.38,-95.78
176.39,-94.52
176.40,-96.36
176.40,-96.36
176.41,-94.26
176.42,-96.05
176.43,-96.62
176.44,-94.99
176.45,-95.34
176.46,-93.53
176.47,-94.21
176.48,-93.29
176.49,-92.64
176.50,-91.27
176.51,-93.23
176.52,-95.13
176.53,-95.15
176.54,-96.50
176.55,-97.38
176.56,-95.48
176.57,-96.64
176.58,-97.35
176.59,-95.24
176.60,-95.65
176.61,-95.33
176.62,-93.48
176.63,-91.81
176.64,-89.09
176.65,-93.24
176.66,-93.01
176.67,-95.14
176.68,-93.26
176.69,-94.44
176.70,-94.85
176.71,-97.44
176.72,-94.38
176.73,-96.79
176.74,-98.14
176.75,-96.77
176.76,-98.32
176.77,-97.39
176.78,-98.84
176.79,-98.28
176.80,-95.09
176.81,-96.48
176.82,-95.41
176.83,-94.77
176.84,-97.57
176.85,-96.83
176.86,-94.96
176.87,-95.76
176.88,-97.40
176.89,-95.49
176.90,-93.60
176.91,-94.10
176.92,-95.71
176.93,-94.21
176.94,-92.49
176.95,-94.15
176.96,-94.99
176.97,-95.09
176.98,-94.96
176.99,-95.99
177.00,-95.68
177.01,-95.35
177.02,-97.18
177.03,-95.35
177.04,-94.49
177.05,-94.17
177.06,-93.88
177.07,-95.46
177.08,-95.81
177.09,-97.31
177.10,-97.19
177.11,-98.81
177.12,-97.89
177.13,-96.72
177.14,-97.91
177.15,-96.23
177.16,-95.30
177.17,-96.86
177.18,-95.27
177.19,-97.48
177.20,-97.43
177.20,-97.43
177.21,-95.91
177.22,-98.14
177.23,-94.28
177.24,-94.06
177.25,-94.70
177.26,-96.11
177.27,-96.09
177.28,-94.95
177.29,-95.60
177.30,-96.23
177.31,-96.60
177.32,-98.73
177.33,-97.06
177.34,-94.81
177.35,-94.13
177.36,-91.97
177.37,-93.83
177.38,-95.06
177.39,-95.04
177.40,-94.85
177.41,-91.63
177.42,-91.40
177.43,-90.44
177.44,-93.76
177.45,-95.16
177.46,-92.61
177.47,-94.65
177.48,-96.24
177.49,-96.34
177.50,-93.40
177.51,-95.95
177.52,-92.60
177.53,-95.10
177.54,-93.79
177.55,-92.57
177.56,-97.75
177.57,-95.06
177.58,-98.67
177.59,-98.08
177.60,-95.09
177.61,-97.48
177.62,-96.15
177.63,-97.06
177.64,-98.16
177.65,-96.55
177.66,-96.51
177.67,-98.39
177.68,-96.34
177.69,-95.45
177.70,-95.98
177.71,-93.81
177.72,-91.59
177.73,-92.18
177.74,-94.89
177.75,-93.57
177.76,-96.50
177.77,-97.13
177.78,-94.93
177.79,-96.29
177.80,-94.45
177.81,-94.62
177.82,-96.50
177.83,-94.67
177.84,-95.57
177.85,-94.33
177.86,-92.22
177.87,-94.05
177.88,-94.78
177.89,-95.90
177.90,-94.13
177.91,-93.44
177.92,-93.01
177.93,-93.76
177.94,-93.39
177.95,-93.92
177.96,-93.22
177.97,-96.18
177.98,-97.11
177.99,-95.80
178.00,-95.85
178.00,-91.78
178.01,-92.14
178.02,-90.78
178.03,-91.79
178.04,-95.47
178.05,-94.35
178.06,-95.59
178.07,-93.50
178.08,-94.87
178.09,-93.87
178.10,-94.75
178.11,-93.03
178.12,-94.73
178.13,-95.02
178.14,-94.13
178.15,-92.88
178.16,-93.17
178.17,-90.84
178.18,-89.15
178.19,-90.20
178.20,-92.31
178.21,-92.35
178.22,-94.14
178.23,-94.63
178.24,-94.91
178.25,-94.02
178.26,-92.26
178.27,-89.37
178.28,-94.10
178.29,-93.05
178.30,-92.92
178.31,-93.13
178.32,-94.18
178.33,-90.40
178.34,-90.23
178.35,-90.88
178.36,-89.03
178.37,-90.62
178.38,-90.84
178.39,-89.45
178.40,-94.16
178.41,-90.26
178.42,-89.73
178.43,-90.18
178.44,-90.60
178.45,-90.47
178.46,-93.43
178.47,-92.60
178.48,-93.23
178.49,-93.49
178.50,-93.53
178.51,-93.86
178.52,-91.01
178.53,-93.38
178.54,-92.29
178.55,-92.56
178.56,-90.61
178.57,-91.03
178.58,-90.64
178.59,-91.59
178.60,-92.97
178.61,-95.32
178.62,-93.69
178.63,-94.17
178.64,-93.17
178.65,-94.52
178.66,-91.34
178.67,-92.15
178.68,-90.57
178.69,-93.45
178.70,-92.61
178.71,-93.76
178.72,-91.02
178.73,-91.99
178.74,-90.91
178.75,-93.08
178.76,-91.23
178.77,-94.67
178.78,-93.39
178.79,-92.45
178.80,-92.03
178.80,-92.03
178.81,-92.75
178.82,-92.38
178.83,-92.34
178.84,-89.13
178.85,-89.58
178.86,-91.80
178.87,-90.93
178.88,-92.42
178.89,-92.53
178.90,-94.38
178.91,-92.30
178.92,-89.93
178.93,-88.90
178.94,-90.40
178.95,-93.24
178.96,-89.70
178.97,-92.57
178.98,-93.20
178.99,-93.42
179.00,-91.61
179.01,-92.66
179.02,-92.35
179.03,-93.11
179.04,-92.37
179.05,-89.99
179.06,-90.33
179.07,-92.68
179.08,-88.84
179.09,-91.98
179.10,-92.79
179.11,-93.12
179.12,-93.61
179.13,-93.23
179.14,-94.29
179.15,-94.55
179.16,-96.01
179.17,-93.23
179.18,-92.20
179.19,-91.20
179.20,-95.11
179.21,-94.08
179.22,-92.95
179.23,-93.58
179.24,-90.06
179.25,-93.18
179.26,-91.63
179.27,-94.99
179.28,-90.21
179.29,-93.11
179.30,-93.57
179.31,-94.25
179.32,-95.30
179.33,-92.35
179.34,-94.83
179.35,-92.00
179.36,-92.31
179.37,-93.09
179.38,-93.33
179.39,-94.44
179.40,-91.14
179.41,-91.67
179.42,-90.15
179.43,-91.45
179.44,-92.59
179.45,-90.57
179.46,-95.00
179.47,-92.01
179.48,-92.80
179.49,-90.00
179.50,-92.92
179.51,-92.30
179.52,-92.48
179.53,-90.42
179.54,-89.63
179.55,-93.72
179.56,-92.84
179.57,-91.67
179.58,-93.89
179.59,-94.47
179.60,-91.37
179.60,-91.37
179.61,-93.70
179.62,-93.34
179.63,-92.09
179.64,-90.67
179.65,-94.69
179.66,-92.80
179.67,-93.47
179.68,-92.10
179.69,-92.57
179.70,-92.26
179.71,-92.89
179.72,-92.50
179.73,-92.04
179.74,-94.24
179.75,-90.09
179.76,-91.62
179.77,-92.87
179.78,-93.04
179.79,-94.19
179.80,-92.89
179.81,-92.16
179.82,-94.09
179.83,-94.76
179.84,-93.62
179.85,-93.92
179.86,-91.49
179.87,-94.04
179.88,-91.05
179.89,-91.22
179.90,-92.64
179.91,-91.17
179.92,-91.40
179.93,-94.01
179.94,-93.22
179.95,-94.53
179.96,-91.42
179.97,-93.10
179.98,-91.80
179.99,-92.16
180.00,-89.21
180.01,-89.05
180.02,-89.97
180.03,-91.56
180.04,-90.47
180.05,-94.52
180.06,-92.82
180.07,-91.77
180.08,-90.31
180.09,-90.26
180.10,-92.99
180.11,-90.60
180.12,-92.09
180.13,-93.48
180.14,-93.59
180.15,-94.32
180.16,-94.04
180.17,-94.61
180.18,-93.20
180.19,-94.88
180.20,-93.57
180.21,-93.25
180.22,-93.47
180.23,-92.95
180.24,-93.92
180.25,-92.59
180.26,-94.83
180.27,-91.74
180.28,-92.03
180.29,-92.26
180.30,-92.27
180.31,-92.78
180.32,-92.13
180.33,-93.88
180.34,-92.68
180.35,-94.33
180.36,-94.38
180.37,-92.69
180.38,-91.71
180.39,-95.70
180.40,-94.01
180.40,-94.01
180.41,-93.59
180.42,-95.17
180.43,-93.05
180.44,-93.29
180.45,-95.56
180.46,-92.75
180.47,-92.62
180.48,-90.90
180.49,-95.04
180.50,-93.89
180.51,-94.44
180.52,-93.89
180.53,-92.62
180.54,-94.49
180.55,-92.23
180.56,-93.66
180.57,-91.74
180.58,-92.91
180.59,-93.06
180.60,-92.49
180.61,-95.02
180.62,-93.14
180.63,-93.10
180.64,-93.87
180.65,-93.30
180.66,-93.70
180.67,-94.69
180.68,-92.58
180.69,-93.55
180.70,-94.15
180.71,-92.06
180.72,-95.04
180.73,-94.80
180.74,-96.52
180.75,-93.54
180.76,-92.81
180.77,-91.78
180.78,-94.30
180.79,-96.79
180.80,-96.98
180.81,-94.21
180.82,-94.57
180.83,-92.72
180.84,-94.71
180.85,-93.90
180.86,-94.36
180.87,-94.13
180.88,-95.76
180.89,-96.07
180.90,-94.95
180.91,-93.54
180.92,-92.76
180.93,-94.20
180.94,-93.62
180.95,-94.55
180.96,-91.92
180.97,-91.02
180.98,-96.04
180.99,-90.85
181.00,-91.60
181.01,-92.33
181.02,-95.29
181.03,-94.91
181.04,-94.28
181.05,-94.97
181.06,-93.87
181.07,-91.34
181.08,-92.59
181.09,-92.95
181.10,-92.20
181.11,-93.27
181.12,-93.72
181.13,-95.19
181.14,-93.39
181.15,-94.15
181.16,-91.69
181.17,-91.11
181.18,-92.25
181.19,-91.30
181.20,-93.78
181.20,-93.78
181.21,-94.33
181.22,-93.46
181.23,-92.15
181.24,-89.84
181.25,-88.73
181.26,-88.02
181.27,-91.76
181.28,-94.15
181.29,-95.72
181.30,-92.66
181.31,-94.83
181.32,-91.68
181.33,-95.34
181.34,-93.36
181.35,-91.97
181.36,-95.17
181.37,-93.50
181.38,-94.27
181.39,-93.45
181.40,-95.30
181.41,-94.11
181.42,-93.49
181.43,-94.32
181.44,-93.67
181.45,-96.68
181.46,-94.47
181.47,-93.90
181.48,-94.58
181.49,-93.94
181.50,-96.15
181.51,-94.06
181.52,-94.00
181.53,-92.16
181.54,-94.19
181.55,-93.93
181.56,-90.98
181.57,-89.83
181.58,-91.32
181.59,-92.38
181.60,-91.90
181.61,-91.37
181.62,-95.01
181.63,-92.34
181.64,-93.66
181.65,-93.15
181.66,-92.25
181.67,-92.36
181.68,-94.75
181.69,-93.69
181.70,-94.72
181.71,-93.28
181.72,-95.11
181.73,-93.03
181.74,-93.12
181.75,-93.04
181.76,-96.06
181.77,-95.37
181.78,-92.91
181.79,-93.47
181.80,-92.42
181.81,-94.45
181.82,-90.80
181.83,-93.47
181.84,-92.10
181.85,-94.64
181.86,-94.00
181.87,-95.04
181.88,-94.84
181.89,-95.76
181.90,-97.76
181.91,-96.16
181.92,-94.46
181.93,-92.53
181.94,-96.44
181.95,-96.38
181.96,-96.65
181.97,-94.08
181.98,-95.69
181.99,-94.30
182.00,-93.19
182.00,-95.14
182.01,-94.49
182.02,-94.88
182.03,-94.86
182.04,-93.68
182.05,-94.56
182.06,-94.34
182.07,-92.18
182.08,-92.71
182.09,-94.34
182.10,-95.97
182.11,-95.00
182.12,-93.51
182.13,-95.96
182.14,-96.47
182.15,-94.67
182.16,-97.06
182.17,-96.77
182.18,-95.92
182.19,-97.15
182.20,-93.86
182.21,-97.75
182.22,-95.51
182.23,-94.76
182.24,-93.97
182.25,-94.82
182.26,-94.78
182.27,-96.72
182.28,-95.20
182.29,-96.26
182.30,-96.72
182.31,-97.15
182.32,-98.19
182.33,-96.40
182.34,-95.64
182.35,-95.69
182.36,-95.46
182.37,-97.94
182.38,-97.63
182.39,-95.40
182.40,-96.17
182.41,-95.97
182.42,-94.08
182.43,-97.90
182.44,-95.93
182.45,-97.59
182.46,-93.37
182.47,-95.77
182.48,-94.85
182.49,-95.62
182.50,-94.89
182.51,-94.19
182.52,-97.70
182.53,-97.69
182.54,-94.97
182.55,-96.41
182.56,-94.80
182.57,-92.98
182.58,-91.86
182.59,-93.80
182.60,-94.93
182.61,-94.15
182.62,-93.90
182.63,-94.70
182.64,-95.82
182.65,-94.60
182.66,-96.60
182.67,-96.09
182.68,-94.60
182.69,-96.58
182.70,-96.86
182.71,-97.23
182.72,-97.21
182.73,-95.67
182.74,-94.71
182.75,-95.06
182.76,-93.47
182.77,-88.54
182.78,-89.52
182.79,-88.14
182.80,-91.28
182.80,-91.28
182.81,-94.37
182.82,-96.68
182.83,-95.93
182.84,-95.93
182.85,-97.15
182.86,-94.98
182.87,-95.29
182.88,-96.01
182.89,-95.39
182.90,-95.82
182.91,-97.55
182.92,-94.62
182.93,-96.93
182.94,-95.75
182.95,-95.32
182.96,-96.78
182.97,-95.28
182.98,-98.01
182.99,-94.66
183.00,-98.00
183.01,-96.41
183.02,-96.32
183.03,-93.06
183.04,-95.79
183.05,-93.88
183.06,-93.89
183.07,-91.00
183.08,-93.62
183.09,-96.11
183.10,-96.70
183.11,-96.12
183.12,-94.02
183.13,-94.41
183.14,-95.31
183.15,-95.92
183.16,-95.89
183.17,-94.99
183.18,-95.98
183.19,-94.21
183.20,-94.84
183.21,-96.60
183.22,-96.74
183.23,-95.55
183.24,-96.18
183.25,-95.97
183.26,-98.00
183.27,-96.79
183.28,-95.84
183.29,-97.07
183.30,-98.05
183.31,-96.81
183.32,-96.81
183.33,-93.36
183.34,-98.64
183.35,-97.51
183.36,-97.38
183.37,-96.04
183.38,-96.03
183.39,-95.19
183.40,-96.52
183.41,-94.73
183.42,-91.60
183.43,-94.80
183.44,-96.56
183.45,-98.89
183.46,-98.35
183.47,-94.39
183.48,-94.64
183.49,-95.45
183.50,-93.04
183.51,-92.83
183.52,-92.43
183.53,-94.01
183.54,-94.50
183.55,-94.83
183.56,-93.02
183.57,-94.35
183.58,-93.98
183.59,-93.01
183.60,-93.88
183.60,-93.88
183.61,-93.48
183.62,-93.49
183.63,-95.13
183.64,-99.02
183.65,-96.74
183.66,-99.08
183.67,-95.05
183.68,-96.26
183.69,-95.51
183.70,-96.96
183.71,-94.65
183.72,-93.84
183.73,-92.53
183.74,-96.05
183.75,-92.78
183.76,-95.09
183.77,-94.84
183.78,-94.68
183.79,-94.00
183.80,-94.49
183.81,-93.64
183.82,-95.53
183.83,-94.90
183.84,-96.88
183.85,-93.20
183.86,-94.55
183.87,-93.47
183.88,-93.13
183.89,-94.18
183.90,-92.37
183.91,-93.46
183.92,-93.78
183.93,-95.58
183.94,-93.53
183.95,-91.91
183.96,-93.43
183.97,-93.85
183.98,-91.93
183.99,-91.84
184.00,-90.37
184.01,-93.55
184.02,-92.44
184.03,-90.83
184.04,-88.74
184.05,-91.74
184.06,-92.06
184.07,-89.02
184.08,-89.47
184.09,-88.93
184.10,-93.18
184.11,-92.45
184.12,-92.86
184.13,-92.31
184.14,-93.53
184.15,-92.51
184.16,-92.70
184.17,-93.13
184.18,-92.81
184.19,-93.47
184.20,-93.39
184.21,-90.79
184.22,-90.78
184.23,-92.67
184.24,-90.26
184.25,-91.15
184.26,-91.53
184.27,-93.99
184.28,-88.09
184.29,-92.44
184.30,-91.97
184.31,-90.31
184.32,-90.55
184.33,-89.91
184.34,-92.16
184.35,-92.51
184.36,-92.88
184.37,-91.17
184.38,-91.80
184.39,-89.72
184.40,-89.37
184.40,-89.37
184.41,-90.05
184.42,-90.17
184.43,-91.42
184.44,-91.53
184.45,-89.47
184.46,-86.99
184.47,-86.20
184.48,-87.36
184.49,-88.70
184.50,-92.15
184.51,-93.41
184.52,-94.60
184.53,-93.12
184.54,-90.40
184.55,-87.66
184.56,-85.75
184.57,-86.36
184.58,-85.40
184.59,-87.60
184.60,-90.78
184.61,-89.66
184.62,-90.20
184.63,-87.86
184.64,-89.71
184.65,-89.57
184.66,-87.49
184.67,-92.04
184.68,-93.45
184.69,-92.40
184.70,-89.35
184.71,-92.77
184.72,-92.06
184.73,-88.50
184.74,-90.69
184.75,-89.96
184.76,-92.94
184.77,-91.35
184.78,-91.14
184.79,-91.89
184.80,-92.65
184.81,-91.35
184.82,-91.04
184.83,-93.19
184.84,-91.11
184.85,-92.67
184.86,-96.23
184.87,-92.36
184.88,-89.28
184.89,-90.97
184.90,-92.62
184.91,-90.55
184.92,-89.31
184.93,-87.33
184.94,-90.11
184.95,-91.01
184.96,-90.49
184.97,-91.91
184.98,-90.77
184.99,-90.14
185.00,-90.11
185.01,-90.13
185.02,-91.25
185.03,-90.34
185.04,-91.95
185.05,-91.80
185.06,-89.67
185.07,-90.26
185.08,-88.68
185.09,-88.24
185.10,-87.28
185.11,-89.79
185.12,-90.68
185.13,-89.36
185.14,-91.09
185.15,-89.83
185.16,-91.81
185.17,-90.08
185.18,-90.29
185.19,-93.40
185.20,-92.69
185.20,-92.69
185.21,-90.35
185.22,-89.82
185.23,-89.10
185.24,-88.79
185.25,-90.11
185.26,-90.28
185.27,-86.93
185.28,-88.23
185.29,-91.74
185.30,-90.69
185.31,-91.27
185.32,-88.48
185.33,-89.73
185.34,-89.15
185.35,-91.62
185.36,-92.21
185.37,-92.23
185.38,-90.68
185.39,-91.69
185.40,-88.21
185.41,-92.51
185.42,-86.97
185.43,-90.12
185.44,-88.85
185.45,-87.56
185.46,-88.00
185.47,-90.01
185.48,-89.55
185.49,-90.32
185.50,-89.30
185.51,-89.39
185.52,-89.35
185.53,-90.63
185.54,-91.50
185.55,-92.05
185.56,-92.02
185.57,-89.45
185.58,-90.16
185.59,-88.83
185.60,-87.58
185.61,-87.55
185.62,-87.17
185.63,-88.02
185.64,-87.93
185.65,-91.32
185.66,-86.54
185.67,-83.35
185.68,-88.95
185.69,-90.48
185.70,-87.85
185.71,-89.97
185.72,-90.37
185.73,-88.77
185.74,-89.18
185.75,-88.37
185.76,-87.18
185.77,-86.52
185.78,-87.73
185.79,-89.89
185.80,-89.23
185.81,-90.20
185.82,-89.73
185.83,-90.02
185.84,-88.02
185.85,-87.92
185.86,-85.58
185.87,-87.86
185.88,-89.61
185.89,-90.33
185.90,-91.13
185.91,-93.01
185.92,-90.92
185.93,-88.84
185.94,-87.42
185.95,-87.83
185.96,-88.39
185.97,-90.21
185.98,-89.26
185.99,-85.77
186.00,-88.48
186.00,-91.77
186.01,-89.37
186.02,-90.09
186.03,-91.16
186.04,-87.64
186.05,-90.67
186.06,-91.40
186.07,-88.29
186.08,-90.37
186.09,-87.51
186.10,-90.17
186.11,-89.92
186.12,-86.98
186.13,-88.71
186.14,-89.54
186.15,-89.68
186.16,-89.54
186.17,-89.89
186.18,-91.07
186.19,-90.06
186.20,-89.58
186.21,-91.01
186.22,-89.74
186.23,-89.71
186.24,-89.61
186.25,-89.08
186.26,-88.56
186.27,-88.42
186.28,-90.58
186.29,-89.59
186.30,-89.28
186.31,-90.51
186.32,-89.68
186.33,-90.98
186.34,-91.03
186.35,-91.96
186.36,-92.49
186.37,-92.70
186.38,-91.14
186.39,-91.63
186.40,-91.77
186.41,-89.20
186.42,-91.61
186.43,-91.44
186.44,-88.94
186.45,-91.65
186.46,-92.41
186.47,-92.70
186.48,-91.66
186.49,-89.71
186.50,-91.71
186.51,-92.76
186.52,-90.53
186.53,-91.37
186.54,-91.94
186.55,-91.03
186.56,-93.64
186.57,-91.37
186.58,-87.77
186.59,-91.84
186.60,-92.43
186.61,-91.51
186.62,-92.82
186.63,-91.41
186.64,-91.96
186.65,-90.96
186.66,-92.31
186.67,-91.52
186.68,-92.81
186.69,-94.24
186.70,-90.88
186.71,-92.15
186.72,-89.97
186.73,-88.27
186.74,-90.98
186.75,-91.98
186.76,-92.11
186.77,-90.94
186.78,-90.35
186.79,-92.07
186.80,-92.34
186.80,-92.34
186.81,-91.59
186.82,-90.33
186.83,-92.25
186.84,-95.06
186.85,-91.21
186.86,-92.68
186.87,-90.82
186.88,-93.92
186.89,-92.24
186.90,-92.04
186.91,-91.81
186.92,-94.80
186.93,-91.80
186.94,-90.31
186.95,-92.53
186.96,-91.94
186.97,-92.64
186.98,-92.74
186.99,-92.43
187.00,-91.30
187.01,-94.89
187.02,-94.34
187.03,-93.18
187.04,-94.60
187.05,-93.80
187.06,-91.32
187.07,-91.80
187.08,-90.87
187.09,-93.54
187.10,-91.09
187.11,-90.02
187.12,-88.52
187.13,-90.43
187.14,-91.01
187.15,-90.75
187.16,-93.44
187.17,-91.66
187.18,-93.27
187.19,-89.45
187.20,-90.40
187.21,-88.31
187.22,-87.66
187.23,-89.92
187.24,-92.23
187.25,-92.87
187.26,-91.51
187.27,-87.87
187.28,-90.55
187.29,-86.79
187.30,-84.24
187.31,-85.05
187.32,-87.73
187.33,-90.99
187.34,-91.12
187.35,-92.77
187.36,-92.83
187.37,-91.22
187.38,-88.97
187.39,-88.21
187.40,-89.39
187.41,-90.36
187.42,-92.03
187.43,-93.26
187.44,-93.00
187.45,-92.96
187.46,-96.92
187.47,-93.28
187.48,-94.23
187.49,-94.28
187.50,-94.95
187.51,-97.42
187.52,-95.70
187.53,-97.63
187.54,-94.88
187.55,-94.06
187.56,-94.81
187.57,-92.97
187.58,-94.93
187.59,-95.63
187.60,-96.71
187.60,-96.71
187.61,-94.62
187.62,-95.23
187.63,-96.78
187.64,-95.86
187.65,-94.04
187.66,-95.59
187.67,-97.98
187.68,-98.41
187.69,-96.34
187.70,-96.43
187.71,-95.91
187.72,-98.10
187.73,-94.71
187.74,-93.82
187.75,-93.74
187.76,-96.01
187.77,-97.30
187.78,-94.93
187.79,-95.20
187.80,-97.37
187.81,-96.95
187.82,-95.96
187.83,-94.55
187.84,-96.84
187.85,-97.62
187.86,-96.35
187.87,-97.66
187.88,-96.97
187.89,-97.48
187.90,-95.84
187.91,-97.94
187.92,-98.04
187.93,-97.67
187.94,-98.89
187.95,-99.56
187.96,-98.66
187.97,-98.31
187.98,-98.63
187.99,-99.12
188.00,-98.07
188.01,-97.16
188.02,-98.37
188.03,-100.16
188.04,-98.46
188.05,-97.74
188.06,-98.69
188.07,-97.57
188.08,-96.91
188.09,-99.27
188.10,-98.96
188.11,-98.59
188.12,-97.59
188.13,-99.90
188.14,-99.25
188.15,-97.23
188.16,-99.49
188.17,-98.01
188.18,-96.94
188.19,-97.63
188.20,-97.07
188.21,-95.70
188.22,-95.74
188.23,-94.18
188.24,-97.24
188.25,-93.89
188.26,-94.16
188.27,-96.23
188.28,-99.52
188.29,-99.37
188.30,-100.34
188.31,-98.75
188.32,-96.77
188.33,-98.76
188.34,-98.10
188.35,-99.11
188.36,-98.91
188.37,-98.79
188.38,-98.07
188.39,-100.60
188.40,-100.44
188.40,-100.44
188.41,-97.61
188.42,-99.06
188.43,-99.99
188.44,-99.87
188.45,-98.78
188.46,-100.18
188.47,-98.77
188.48,-99.27
188.49,-98.64
188.50,-97.32
188.51,-98.25
188.52,-100.39
188.53,-97.95
188.54,-98.12
188.55,-95.87
188.56,-99.71
188.57,-100.21
188.58,-99.34
188.59,-97.65
188.60,-95.28
188.61,-98.64
188.62,-98.90
188.63,-98.57
188.64,-98.91
188.65,-97.95
188.66,-95.41
188.67,-96.29
188.68,-94.73
188.69,-92.28
188.70,-89.61
188.71,-86.95
188.72,-86.82
188.73,-89.92
188.74,-94.64
188.75,-96.58
188.76,-97.79
188.77,-97.74
188.78,-96.57
188.79,-96.86
188.80,-97.99
188.81,-95.96
188.82,-99.73
188.83,-97.02
188.84,-96.82
188.85,-97.83
188.86,-98.10
188.87,-98.92
188.88,-99.92
188.89,-98.51
188.90,-93.90
188.91,-90.60
188.92,-87.85
188.93,-86.60
188.94,-87.36
188.95,-89.94
188.96,-95.75
188.97,-98.65
188.98,-98.53
188.99,-98.75
189.00,-100.88
189.01,-99.51
189.02,-99.36
189.03,-97.32
189.04,-96.30
189.05,-101.23
189.06,-100.33
189.07,-99.22
189.08,-98.00
189.09,-100.11
189.10,-100.08
189.11,-99.94
189.12,-98.04
189.13,-99.83
189.14,-99.42
189.15,-98.22
189.16,-99.76
189.17,-98.94
189.18,-97.33
189.19,-96.78
189.20,-98.26
189.20,-97.44
189.21,-96.43
189.22,-96.99
189.23,-96.52
189.24,-97.95
189.25,-98.92
189.26,-97.30
189.27,-98.56
189.28,-96.02
189.29,-95.53
189.30,-97.83
189.31,-99.61
189.32,-97.23
189.33,-97.55
189.34,-98.87
189.35,-99.73
189.36,-96.65
189.37,-97.96
189.38,-98.66
189.39,-95.77
189.40,-98.59
189.41,-97.69
189.42,-98.69
189.43,-96.96
189.44,-97.07
189.45,-96.14
189.46,-98.25
189.47,-98.36
189.48,-98.69
189.49,-98.45
189.50,-98.04
189.51,-97.68
189.52,-100.87
189.53,-95.65
189.54,-96.64
189.55,-98.43
189.56,-98.72
189.57,-100.00
189.58,-98.70
189.59,-95.55
189.60,-98.73
189.61,-97.12
189.62,-97.36
189.63,-96.73
189.64,-96.02
189.65,-94.81
189.66,-96.78
189.67,-98.06
189.68,-93.86
189.69,-93.95
189.70,-95.66
189.71,-92.34
189.72,-95.00
189.73,-91.88
189.74,-94.35
189.75,-97.95
189.76,-96.77
189.77,-96.03
189.78,-98.93
189.79,-98.19
189.80,-97.96
189.81,-95.23
189.82,-94.12
189.83,-94.33
189.84,-96.60
189.85,-96.77
189.86,-93.31
189.87,-91.07
189.88,-95.63
189.89,-94.59
189.90,-98.96
189.91,-98.35
189.92,-97.74
189.93,-97.51
189.94,-94.76
189.95,-96.83
189.96,-97.42
189.97,-95.52
189.98,-96.24
189.99,-94.63
190.00,-95.13
190.00,-92.99
190.01,-93.64
190.02,-92.18
190.03,-91.10
190.04,-91.56
190.05,-91.35
190.06,-93.07
190.07,-93.01
190.08,-93.16
190.09,-92.59
190.10,-89.77
190.11,-88.66
190.12,-86.29
190.13,-85.61
190.14,-87.75
190.15,-89.74
190.16,-90.12
190.17,-91.44
190.18,-92.19
190.19,-92.62
190.20,-87.77
190.21,-86.80
190.22,-88.18
190.23,-89.83
190.24,-91.91
190.25,-92.63
190.26,-89.72
190.27,-92.08
190.28,-90.95
190.29,-90.70
190.30,-90.42
190.31,-88.78
190.32,-88.82
190.33,-92.10
190.34,-89.47
190.35,-93.56
190.36,-91.86
190.37,-93.30
190.38,-91.67
190.39,-92.99
190.40,-94.50
190.41,-93.08
190.42,-94.05
190.43,-92.52
190.44,-92.05
190.45,-91.30
190.46,-90.11
190.47,-89.58
190.48,-91.11
190.49,-89.82
190.50,-92.27
190.51,-93.21
190.52,-94.03
190.53,-94.31
190.54,-95.71
190.55,-93.69
190.56,-92.76
190.57,-93.38
190.58,-92.93
190.59,-92.12
190.60,-94.22
190.61,-91.90
190.62,-91.47
190.63,-93.62
190.64,-91.40
190.65,-93.16
190.66,-92.06
190.67,-91.46
190.68,-90.73
190.69,-90.64
190.70,-89.83
190.71,-92.31
190.72,-93.49
190.73,-92.30
190.74,-93.67
190.75,-94.74
190.76,-92.03
190.77,-92.02
190.78,-92.55
190.79,-91.44
190.80,-92.00
190.80,-92.00
190.81,-90.82
190.82,-90.88
190.83,-89.42
190.84,-91.41
190.85,-92.47
190.86,-91.66
190.87,-92.62
190.88,-90.74
190.89,-94.31
190.90,-93.04
190.91,-90.58
190.92,-92.54
190.93,-93.39
190.94,-92.07
190.95,-92.79
190.96,-92.23
190.97,-93.71
190.98,-92.85
190.99,-93.10
191.00,-91.56
191.01,-91.55
191.02,-91.37
191.03,-90.76
191.04,-92.70
191.05,-92.01
191.06,-93.39
191.07,-92.52
191.08,-92.55
191.09,-88.93
191.10,-89.62
191.11,-91.18
191.12,-92.93
191.13,-88.66
191.14,-91.75
191.15,-91.39
191.16,-90.81
191.17,-88.51
191.18,-90.53
191.19,-90.68
191.20,-89.73
191.21,-90.86
191.22,-91.26
191.23,-92.19
191.24,-90.77
191.25,-90.73
191.26,-92.63
191.27,-89.92
191.28,-91.56
191.29,-92.10
191.30,-89.91
191.31,-92.14
191.32,-90.03
191.33,-91.83
191.34,-89.80
191.35,-87.90
191.36,-90.84
191.37,-89.56
191.38,-91.09
191.39,-93.16
191.40,-92.23
191.41,-91.15
191.42,-93.60
191.43,-91.00
191.44,-91.49
191.45,-93.00
191.46,-89.89
191.47,-90.80
191.48,-92.49
191.49,-88.86
191.50,-90.16
191.51,-92.92
191.52,-93.15
191.53,-91.35
191.54,-91.59
191.55,-89.53
191.56,-92.90
191.57,-91.32
191.58,-95.21
191.59,-91.36
191.60,-94.25
191.60,-91.17
191.61,-93.72
191.62,-90.27
191.63,-91.23
191.64,-91.19
191.65,-90.28
191.66,-92.38
191.67,-91.65
191.68,-91.30
191.69,-92.44
191.70,-91.37
191.71,-88.31
191.72,-87.85
191.73,-91.52
191.74,-91.92
191.75,-90.98
191.76,-92.05
191.77,-93.75
191.78,-93.31
191.79,-91.11
191.80,-92.35
191.81,-93.13
191.82,-90.33
191.83,-91.51
191.84,-90.43
191.85,-91.95
191.86,-90.60
191.87,-90.98
191.88,-89.69
191.89,-91.80
191.90,-91.22
191.91,-93.18
191.92,-91.50
191.93,-93.98
191.94,-93.28
191.95,-93.36
191.96,-92.43
191.97,-91.54
191.98,-86.74
191.99,-84.65
192.00,-81.83
192.01,-82.52
192.02,-85.33
192.03,-88.24
192.04,-91.54
192.05,-92.12
192.06,-94.04
192.07,-92.80
192.08,-95.71
192.09,-94.29
192.10,-92.20
192.11,-93.24
192.12,-93.19
192.13,-93.96
192.14,-91.45
192.15,-93.05
192.16,-95.00
192.17,-94.68
192.18,-93.39
192.19,-93.26
192.20,-91.65
192.21,-93.06
192.22,-93.81
192.23,-93.57
192.24,-94.22
192.25,-93.90
192.26,-95.51
192.27,-94.74
192.28,-94.00
192.29,-92.57
192.30,-97.16
192.31,-95.64
192.32,-95.09
192.33,-96.39
192.34,-94.16
192.35,-92.24
192.36,-93.16
192.37,-94.22
192.38,-91.13
192.39,-94.66
192.40,-94.16
192.40,-94.16
192.41,-93.49
192.42,-94.04
192.43,-91.08
192.44,-93.59
192.45,-95.82
192.46,-93.01
192.47,-93.78
192.48,-93.37
192.49,-93.39
192.50,-90.76
192.51,-91.35
192.52,-91.08
192.53,-93.84
192.54,-93.59
192.55,-93.09
192.56,-95.28
192.57,-93.03
192.58,-97.58
192.59,-95.71
192.60,-95.00
192.61,-93.85
192.62,-96.29
192.63,-97.13
192.64,-95.86
192.65,-93.29
192.66,-96.19
192.67,-92.92
192.68,-95.92
192.69,-95.18
192.70,-93.29
192.71,-95.02
192.72,-94.06
192.73,-96.25
192.74,-93.67
192.75,-93.01
192.76,-91.58
192.77,-90.22
192.78,-91.87
192.79,-93.59
192.80,-96.21
192.81,-97.08
192.82,-95.12
192.83,-93.61
192.84,-93.06
192.85,-89.32
192.86,-89.59
192.87,-92.01
192.88,-91.97
192.89,-94.17
192.90,-93.43
192.91,-94.49
192.92,-94.86
192.93,-94.50
192.94,-92.17
192.95,-89.98
192.96,-91.71
192.97,-94.65
192.98,-95.00
192.99,-93.83
193.00,-96.60
193.01,-96.68
193.02,-95.92
193.03,-92.84
193.04,-94.40
193.05,-95.07
193.06,-94.80
193.07,-95.91
193.08,-98.21
193.09,-96.31
193.10,-95.31
193.11,-98.09
193.12,-96.89
193.13,-98.55
193.14,-97.75
193.15,-97.21
193.16,-99.49
193.17,-97.93
193.18,-98.35
193.19,-99.20
193.20,-96.71
193.20,-96.71
193.21,-98.53
193.22,-99.81
193.23,-99.26
193.24,-99.26
193.25,-98.25
193.26,-97.38
193.27,-97.91
193.28,-97.31
193.29,-97.61
193.30,-100.22
193.31,-99.20
193.32,-97.00
193.33,-99.39
193.34,-98.69
193.35,-98.90
193.36,-99.30
193.37,-98.07
193.38,-98.18
193.39,-98.08
193.40,-99.07
193.41,-99.82
193.42,-101.16
193.43,-99.48
193.44,-100.05
193.45,-97.73
193.46,-98.86
193.47,-99.80
193.48,-97.33
193.49,-98.55
193.50,-100.31
193.51,-97.32
193.52,-96.41
193.53,-94.93
193.54,-93.32
193.55,-97.03
193.56,-98.71
193.57,-99.55
193.58,-99.02
193.59,-100.71
193.60,-101.88
193.61,-101.71
193.62,-98.98
193.63,-99.19
193.64,-99.61
193.65,-101.48
193.66,-101.35
193.67,-100.42
193.68,-100.72
193.69,-100.75
193.70,-101.63
193.71,-101.24
193.72,-99.00
193.73,-98.43
193.74,-101.59
193.75,-99.45
193.76,-101.56
193.77,-100.99
193.78,-100.84
193.79,-101.82
193.80,-99.44
193.81,-101.79
193.82,-102.21
193.83,-100.40
193.84,-103.37
193.85,-98.80
193.86,-101.63
193.87,-98.64
193.88,-98.49
193.89,-100.49
193.90,-101.67
193.91,-101.46
193.92,-102.26
193.93,-101.92
193.94,-101.95
193.95,-102.11
193.96,-101.93
193.97,-99.89
193.98,-102.97
193.99,-103.35
194.00,-100.84
194.00,-100.41
194.01,-100.72
194.02,-102.78
194.03,-101.89
194.04,-100.69
194.05,-102.41
194.06,-101.32
194.07,-99.67
194.08,-103.45
194.09,-100.79
194.10,-101.63
194.11,-100.72
194.12,-98.48
194.13,-102.16
194.14,-102.85
194.15,-103.06
194.16,-103.27
194.17,-100.60
194.18,-98.88
194.19,-103.01
194.20,-102.15
194.21,-100.84
194.22,-102.55
194.23,-103.07
194.24,-103.66
194.25,-99.30
194.26,-99.37
194.27,-101.17
194.28,-101.80
194.29,-100.52
194.30,-97.72
194.31,-99.45
194.32,-102.48
194.33,-98.27
194.34,-94.29
194.35,-94.06
194.36,-94.00
194.37,-93.87
194.38,-96.01
194.39,-98.80
194.40,-102.58
194.41,-99.42
194.42,-99.70
194.43,-99.05
194.44,-101.86
194.45,-98.14
194.46,-99.80
194.47,-99.67
194.48,-104.12
194.49,-101.03
194.50,-101.96
194.51,-101.74
194.52,-102.98
194.53,-101.75
194.54,-102.25
194.55,-101.34
194.56,-101.78
194.57,-102.47
194.58,-100.90
194.59,-101.26
194.60,-100.66
194.61,-100.57
194.62,-101.30
194.63,-100.25
194.64,-101.11
194.65,-102.66
194.66,-102.86
194.67,-97.54
194.68,-101.04
194.69,-98.86
194.70,-100.74
194.71,-103.43
194.72,-101.56
194.73,-100.98
194.74,-102.87
194.75,-102.05
194.76,-101.72
194.77,-102.53
194.78,-102.57
194.79,-100.36
194.80,-98.79
194.80,-98.79
194.81,-99.15
194.82,-102.94
194.83,-103.17
194.84,-103.81
194.85,-100.45
194.86,-100.02
194.87,-98.53
194.88,-102.09
194.89,-98.78
194.90,-101.62
194.91,-100.13
194.92,-101.66
194.93,-101.17
194.94,-101.63
194.95,-99.08
194.96,-98.78
194.97,-100.27
194.98,-100.18
194.99,-98.99
195.00,-98.53
195.01,-101.61
195.02,-103.37
195.03,-101.60
195.04,-101.54
195.05,-97.70
195.06,-93.66
195.07,-91.83
195.08,-91.44
195.09,-93.69
195.10,-96.74
195.11,-101.26
195.12,-101.29
195.13,-105.60
195.14,-102.08
195.15,-98.82
195.16,-99.14
195.17,-99.74
195.18,-103.15
195.19,-100.64
195.20,-103.27
195.21,-104.70
195.22,-102.46
195.23,-101.22
195.24,-101.76
195.25,-100.78
195.26,-101.49
195.27,-102.20
195.28,-101.99
195.29,-101.46
195.30,-99.96
195.31,-103.34
195.32,-99.69
195.33,-97.32
195.34,-101.64
195.35,-102.09
195.36,-99.65
195.37,-98.55
195.38,-101.16
195.39,-103.58
195.40,-100.07
195.41,-102.46
195.42,-102.77
195.43,-101.64
195.44,-101.15
195.45,-101.28
195.46,-99.99
195.47,-99.88
195.48,-100.15
195.49,-102.89
195.50,-100.40
195.51,-97.35
195.52,-98.87
195.53,-102.17
195.54,-100.88
195.55,-103.37
195.56,-102.47
195.57,-103.29
195.58,-100.81
195.59,-98.06
195.60,-100.96
195.60,-100.96
195.61,-100.63
195.62,-99.82
195.63,-100.34
195.64,-100.94
195.65,-99.99
195.66,-99.62
195.67,-98.06
195.68,-95.80
195.69,-98.25
195.70,-100.55
195.71,-101.00
195.72,-101.32
195.73,-98.34
195.74,-99.33
195.75,-98.00
195.76,-96.87
195.77,-96.30
195.78,-96.72
195.79,-95.70
195.80,-98.51
195.81,-96.00
195.82,-99.42
195.83,-96.74
195.84,-94.60
195.85,-92.78
195.86,-92.58
195.87,-96.64
195.88,-98.70
195.89,-101.70
195.90,-101.15
195.91,-101.90
195.92,-99.96
195.93,-99.53
195.94,-94.29
195.95,-96.36
195.96,-100.32
195.97,-99.14
195.98,-99.06
195.99,-98.75
196.00,-100.09
196.01,-100.14
196.02,-97.92
196.03,-98.68
196.04,-100.48
196.05,-99.47
196.06,-100.96
196.07,-97.54
196.08,-101.45
196.09,-102.64
196.10,-98.50
196.11,-101.10
196.12,-101.35
196.13,-98.43
196.14,-99.36
196.15,-99.75
196.16,-100.96
196.17,-100.89
196.18,-97.83
196.19,-99.98
196.20,-97.01
196.21,-99.66
196.22,-101.08
196.23,-100.32
196.24,-100.60
196.25,-100.28
196.26,-101.57
196.27,-100.46
196.28,-101.06
196.29,-100.28
196.30,-98.85
196.31,-98.09
196.32,-100.49
196.33,-97.59
196.34,-99.55
196.35,-98.90
196.36,-98.09
196.37,-99.65
196.38,-99.26
196.39,-102.27
196.40,-99.15
196.40,-99.15
196.41,-100.87
196.42,-101.11
196.43,-101.35
196.44,-103.01
196.45,-102.78
196.46,-102.13
196.47,-101.55
196.48,-99.09
196.49,-99.91
196.50,-98.46
196.51,-100.07
196.52,-98.17
196.53,-101.28
196.54,-100.54
196.55,-98.30
196.56,-100.91
196.57,-100.09
196.58,-101.68
196.59,-101.26
196.60,-97.00
196.61,-96.17
196.62,-97.39
196.63,-96.78
196.64,-97.84
196.65,-98.56
196.66,-98.55
196.67,-97.49
196.68,-100.20
196.69,-99.07
196.70,-97.60
196.71,-95.83
196.72,-99.07
196.73,-99.58
196.74,-101.21
196.75,-99.41
196.76,-100.88
196.77,-98.24
196.78,-99.68
196.79,-100.69
196.80,-100.52
196.81,-100.29
196.82,-100.85
196.83,-99.66
196.84,-98.33
196.85,-98.07
196.86,-97.27
196.87,-97.41
196.88,-96.12
196.89,-97.01
196.90,-99.48
196.91,-99.16
196.92,-96.33
196.93,-100.48
196.94,-100.41
196.95,-100.79
196.96,-99.81
196.97,-99.00
196.98,-99.36
196.99,-99.50
197.00,-96.50
197.01,-97.47
197.02,-96.68
197.03,-97.43
197.04,-97.89
197.05,-97.13
197.06,-96.07
197.07,-99.54
197.08,-99.50
197.09,-97.64
197.10,-100.41
197.11,-100.43
197.12,-98.04
197.13,-100.23
197.14,-102.56
197.15,-99.49
197.16,-98.52
197.17,-98.98
197.18,-99.59
197.19,-99.68
197.20,-100.00
197.20,-100.00
197.21,-100.11
197.22,-98.01
197.23,-97.33
197.24,-99.12
197.25,-99.27
197.26,-98.66
197.27,-101.68
197.28,-101.41
197.29,-99.80
197.30,-99.69
197.31,-101.28
197.32,-99.41
197.33,-100.37
197.34,-95.37
197.35,-97.96
197.36,-97.62
197.37,-98.55
197.38,-100.32
197.39,-98.48
197.40,-98.34
197.41,-98.88
197.42,-100.00
197.43,-98.31
197.44,-96.95
197.45,-101.10
197.46,-99.66
197.47,-100.49
197.48,-100.05
197.49,-96.96
197.50,-98.33
197.51,-99.36
197.52,-99.01
197.53,-97.69
197.54,-98.56
197.55,-97.16
197.56,-99.09
197.57,-97.78
197.58,-98.72
197.59,-99.84
197.60,-102.79
197.61,-100.77
197.62,-101.15
197.63,-97.37
197.64,-101.16
197.65,-101.67
197.66,-101.15
197.67,-98.61
197.68,-99.26
197.69,-100.40
197.70,-97.79
197.71,-101.56
197.72,-99.18
197.73,-100.04
197.74,-98.03
197.75,-97.45
197.76,-97.42
197.77,-97.75
197.78,-100.45
197.79,-99.28
197.80,-99.05
197.81,-101.52
197.82,-100.18
197.83,-98.70
197.84,-99.60
197.85,-97.94
197.86,-99.75
197.87,-97.53
197.88,-100.04
197.89,-96.92
197.90,-99.22
197.91,-98.21
197.92,-98.11
197.93,-100.35
197.94,-101.34
197.95,-100.00
197.96,-100.71
197.97,-98.18
197.98,-98.61
197.99,-95.95
198.00,-96.37
198.00,-94.09
198.01,-97.13
198.02,-96.90
198.03,-99.33
198.04,-99.13
198.05,-100.77
198.06,-102.17
198.07,-99.81
198.08,-98.89
198.09,-102.26
198.10,-100.76
198.11,-98.11
198.12,-96.66
198.13,-93.16
198.14,-91.89
198.15,-91.34
198.16,-93.09
198.17,-94.43
198.18,-98.37
198.19,-99.66
198.20,-100.09
198.21,-100.01
198.22,-101.40
198.23,-100.30
198.24,-99.88
198.25,-100.01
198.26,-99.31
198.27,-98.81
198.28,-99.42
198.29,-98.52
198.30,-101.13
198.31,-101.01
198.32,-100.81
198.33,-98.01
198.34,-100.51
198.35,-100.32
198.36,-99.58
198.37,-100.12
198.38,-99.95
198.39,-100.72
198.40,-98.65
198.41,-99.95
198.42,-101.21
198.43,-98.37
198.44,-100.59
198.45,-100.19
198.46,-98.55
198.47,-97.60
198.48,-98.08
198.49,-96.78
198.50,-95.07
198.51,-94.21
198.52,-95.40
198.53,-98.48
198.54,-98.16
198.55,-98.68
198.56,-99.10
198.57,-97.70
198.58,-96.08
198.59,-97.70
198.60,-97.54
198.61,-97.83
198.62,-100.48
198.63,-98.37
198.64,-101.11
198.65,-101.51
198.66,-100.74
198.67,-97.70
198.68,-98.28
198.69,-98.36
198.70,-98.80
198.71,-100.85
198.72,-101.68
198.73,-101.94
198.74,-101.80
198.75,-101.89
198.76,-100.80
198.77,-99.82
198.78,-102.73
198.79,-101.42
198.80,-102.65
198.80,-102.65
198.81,-101.58
198.82,-102.59
198.83,-101.36
198.84,-103.20
198.85,-100.67
198.86,-96.71
198.87,-98.84
198.88,-101.01
198.89,-101.88
198.90,-102.36
198.91,-103.07
198.92,-102.12
198.93,-102.55
198.94,-100.92
198.95,-102.23
198.96,-102.03
198.97,-98.98
198.98,-100.67
198.99,-100.26
199.00,-102.35
199.01,-100.64
199.02,-102.88
199.03,-101.44
199.04,-99.12
199.05,-103.25
199.06,-99.98
199.07,-103.45
199.08,-103.52
199.09,-101.95
199.10,-103.24
199.11,-101.20
199.12,-102.24
199.13,-102.20
199.14,-101.68
199.15,-102.90
199.16,-100.90
199.17,-101.72
199.18,-102.68
199.19,-101.40
199.20,-103.02
199.21,-103.44
199.22,-102.64
199.23,-102.27
199.24,-101.65
199.25,-102.56
199.26,-102.75
199.27,-101.93
199.28,-101.14
199.29,-103.96
199.30,-103.14
199.31,-100.21
199.32,-99.98
199.33,-103.20
199.34,-102.33
199.35,-101.42
199.36,-102.58
199.37,-102.86
199.38,-101.74
199.39,-101.97
199.40,-100.40
199.41,-102.84
199.42,-101.54
199.43,-102.75
199.44,-104.10
199.45,-103.91
199.46,-103.36
199.47,-103.30
199.48,-101.25
199.49,-102.31
199.50,-101.04
199.51,-102.89
199.52,-100.41
199.53,-102.85
199.54,-103.89
199.55,-103.97
199.56,-103.61
199.57,-102.86
199.58,-103.83
199.59,-100.44
199.60,-99.79
199.60,-99.79
199.61,-100.60
199.62,-103.93
199.63,-103.31
199.64,-104.08
199.65,-103.12
199.66,-100.13
199.67,-98.44
199.68,-97.80
199.69,-99.19
199.70,-100.21
199.71,-99.76
199.72,-101.46
199.73,-103.40
199.74,-102.91
199.75,-102.32
199.76,-101.13
199.77,-99.88
199.78,-104.28
199.79,-98.01
199.80,-103.96
199.81,-103.21
199.82,-102.31
199.83,-103.40
199.84,-103.82
199.85,-102.66
199.86,-104.46
199.87,-102.57
199.88,-101.71
199.89,-101.46
199.90,-102.12
199.91,-102.00
199.92,-102.00
199.93,-101.61
199.94,-102.14
199.95,-104.05
199.96,-104.37
199.97,-101.23
199.98,-101.09
199.99,-97.17
200.00,-93.64
200.01,-91.84
200.02,-94.26
200.03,-93.65
200.04,-93.98
200.05,-97.85
200.06,-101.58
200.07,-100.15
200.08,-102.36
200.09,-102.28
200.10,-100.81
200.11,-104.70
200.12,-102.49
200.13,-104.26
200.14,-101.89
200.15,-102.79
200.16,-104.31
200.17,-102.26
200.18,-102.32
200.19,-103.05
200.20,-104.78
200.21,-103.04
200.22,-103.00
200.23,-104.38
200.24,-102.66
200.25,-102.03
200.26,-102.21
200.27,-102.13
200.28,-101.60
200.29,-102.37
200.30,-102.73
200.31,-101.98
200.32,-103.76
200.33,-101.21
200.34,-101.81
200.35,-100.54
200.36,-101.95
200.37,-103.23
200.38,-102.30
200.39,-103.18
200.40,-103.26
200.40,-103.26
200.41,-102.55
200.42,-103.35
200.43,-104.32
200.44,-102.38
200.45,-99.30
200.46,-102.70
200.47,-102.78
200.48,-101.27
200.49,-103.62
200.50,-104.52
200.51,-103.83
200.52,-102.38
200.53,-103.48
200.54,-102.57
200.55,-102.53
200.56,-102.08
200.57,-103.41
200.58,-102.81
200.59,-102.09
200.60,-103.46
200.61,-104.14
200.62,-102.66
200.63,-101.29
200.64,-102.33
200.65,-101.52
200.66,-102.34
200.67,-102.63
200.68,-103.28
200.69,-98.88
200.70,-100.45
200.71,-101.69
200.72,-103.75
200.73,-101.26
200.74,-103.00
200.75,-101.60
200.76,-102.71
200.77,-103.38
200.78,-100.89
200.79,-102.46
200.80,-104.15
200.81,-104.17
200.82,-104.28
200.83,-102.56
200.84,-105.29
200.85,-103.26
200.86,-102.81
200.87,-102.11
200.88,-103.28
200.89,-101.10
200.90,-103.38
200.91,-101.44
200.92,-102.60
200.93,-102.07
200.94,-99.49
200.95,-101.72
200.96,-101.36
200.97,-100.37
200.98,-100.57
200.99,-102.25
201.00,-104.32
201.01,-103.75
201.02,-101.41
201.03,-102.83
201.04,-100.38
201.05,-100.68
201.06,-101.93
201.07,-100.88
201.08,-102.16
201.09,-101.71
201.10,-102.59
201.11,-102.56
201.12,-99.62
201.13,-102.02
201.14,-101.12
201.15,-101.42
201.16,-103.43
201.17,-104.26
201.18,-101.77
201.19,-100.55
201.20,-97.21
201.20,-97.21
201.21,-98.99
201.22,-97.27
201.23,-97.85
201.24,-99.35
201.25,-101.76
201.26,-102.37
201.27,-102.07
201.28,-103.77
201.29,-100.95
201.30,-100.92
201.31,-100.84
201.32,-100.65
201.33,-99.51
201.34,-101.39
201.35,-98.15
201.36,-100.26
201.37,-101.27
201.38,-100.25
201.39,-99.39
201.40,-98.02
201.41,-95.34
201.42,-94.40
201.43,-96.85
201.44,-98.04
201.45,-100.44
201.46,-98.81
201.47,-100.55
201.48,-97.38
201.49,-98.47
201.50,-95.59
201.51,-96.32
201.52,-96.59
201.53,-99.28
201.54,-99.21
201.55,-99.46
201.56,-99.53
201.57,-100.16
201.58,-99.06
201.59,-96.86
201.60,-98.51
201.61,-98.01
201.62,-100.76
201.63,-100.12
201.64,-101.32
201.65,-100.47
201.66,-99.72
201.67,-101.96
201.68,-100.95
201.69,-102.30
201.70,-102.43
201.71,-103.03
201.72,-101.44
201.73,-100.01
201.74,-100.85
201.75,-99.67
201.76,-101.29
201.77,-100.33
201.78,-99.88
201.79,-101.44
201.80,-99.94
201.81,-101.36
201.82,-100.55
201.83,-100.54
201.84,-100.67
201.85,-100.56
201.86,-99.35
201.87,-100.36
201.88,-102.98
201.89,-101.63
201.90,-101.77
201.91,-100.38
201.92,-100.64
201.93,-101.91
201.94,-98.98
201.95,-101.09
201.96,-99.85
201.97,-100.86
201.98,-98.86
201.99,-101.77
202.00,-101.22
202.00,-97.47
202.01,-99.76
202.02,-100.94
202.03,-99.55
202.04,-101.88
202.05,-99.19
202.06,-100.34
202.07,-99.55
202.08,-100.54
202.09,-100.15
202.10,-100.52
202.11,-100.93
202.12,-100.21
202.13,-97.83
202.14,-100.35
202.15,-100.93
202.16,-100.25
202.17,-100.93
202.18,-98.97
202.19,-101.57
202.20,-99.15
202.21,-101.09
202.22,-100.12
202.23,-100.56
202.24,-101.44
202.25,-98.52
202.26,-100.30
202.27,-101.25
202.28,-101.87
202.29,-100.46
202.30,-99.03
202.31,-99.23
202.32,-101.38
202.33,-100.00
202.34,-94.13
202.35,-100.27
202.36,-100.49
202.37,-99.42
202.38,-100.05
202.39,-99.79
202.40,-100.20
202.41,-99.62
202.42,-98.30
202.43,-100.08
202.44,-100.21
202.45,-99.24
202.46,-99.63
202.47,-99.83
202.48,-100.70
202.49,-99.85
202.50,-97.83
202.51,-98.62
202.52,-101.61
202.53,-98.30
202.54,-99.32
202.55,-97.82
202.56,-97.24
202.57,-99.96
202.58,-97.64
202.59,-100.23
202.60,-97.81
202.61,-97.15
202.62,-99.97
202.63,-97.74
202.64,-100.40
202.65,-96.96
202.66,-96.74
202.67,-99.87
202.68,-100.27
202.69,-98.02
202.70,-98.82
202.71,-98.38
202.72,-100.27
202.73,-96.76
202.74,-96.23
202.75,-96.88
202.76,-96.17
202.77,-98.07
202.78,-96.15
202.79,-97.42
202.80,-99.44
202.80,-99.44
202.81,-100.19
202.82,-99.49
202.83,-97.22
202.84,-100.34
202.85,-98.97
202.86,-98.67
202.87,-101.05
202.88,-100.99
202.89,-98.40
202.90,-98.61
202.91,-100.79
202.92,-99.85
202.93,-98.79
202.94,-97.98
202.95,-97.56
202.96,-98.87
202.97,-97.94
202.98,-97.76
202.99,-99.74
203.00,-96.91
203.01,-98.80
203.02,-97.58
203.03,-99.90
203.04,-99.49
203.05,-98.51
203.06,-98.47
203.07,-96.96
203.08,-97.53
203.09,-98.37
203.10,-97.34
203.11,-97.06
203.12,-98.83
203.13,-98.73
203.14,-96.34
203.15,-98.01
203.16,-99.11
203.17,-98.43
203.18,-97.02
203.19,-98.86
203.20,-97.24
203.21,-97.45
203.22,-98.33
203.23,-98.22
203.24,-98.77
203.25,-96.61
203.26,-99.43
203.27,-97.78
203.28,-99.73
203.29,-97.98
203.30,-96.75
203.31,-98.32
203.32,-98.15
203.33,-98.53
203.34,-100.11
203.35,-98.39
203.36,-97.86
203.37,-97.65
203.38,-99.31
203.39,-98.83
203.40,-97.61
203.41,-99.31
203.42,-97.05
203.43,-98.97
203.44,-97.92
203.45,-101.02
203.46,-98.42
203.47,-99.09
203.48,-97.67
203.49,-96.80
203.50,-98.57
203.51,-99.99
203.52,-100.55
203.53,-99.39
203.54,-100.54
203.55,-101.05
203.56,-99.68
203.57,-99.39
203.58,-98.67
203.59,-99.24
203.60,-101.15
203.60,-101.15
203.61,-99.63
203.62,-101.57
203.63,-99.26
203.64,-101.01
203.65,-99.30
203.66,-100.49
203.67,-100.36
203.68,-97.69
203.69,-101.01
203.70,-99.81
203.71,-101.62
203.72,-100.13
203.73,-101.16
203.74,-100.54
203.75,-100.36
203.76,-102.26
203.77,-100.19
203.78,-102.17
203.79,-99.58
203.80,-100.27
203.81,-100.48
203.82,-102.36
203.83,-97.02
203.84,-99.93
203.85,-101.70
203.86,-101.43
203.87,-99.45
203.88,-100.74
203.89,-101.50
203.90,-101.61
203.91,-100.10
203.92,-101.62
203.93,-100.97
203.94,-100.30
203.95,-102.74
203.96,-100.47
203.97,-100.87
203.98,-99.80
203.99,-98.99
204.00,-96.63
204.01,-97.90
204.02,-99.16
204.03,-101.13
204.04,-97.62
204.05,-97.68
204.06,-98.40
204.07,-99.23
204.08,-98.51
204.09,-101.21
204.10,-99.68
204.11,-100.23
204.12,-97.88
204.13,-95.77
204.14,-95.97
204.15,-96.06
204.16,-96.63
204.17,-95.82
204.18,-98.93
204.19,-99.51
204.20,-99.21
204.21,-99.23
204.22,-97.74
204.23,-94.59
204.24,-95.74
204.25,-96.98
204.26,-98.87
204.27,-94.44
204.28,-95.47
204.29,-94.96
204.30,-95.35
204.31,-96.77
204.32,-99.00
204.33,-98.27
204.34,-100.93
204.35,-102.73
204.36,-100.40
204.37,-102.66
204.38,-100.45
204.39,-101.67
204.40,-98.67
204.40,-98.67
204.41,-101.33
204.42,-100.48
204.43,-101.12
204.44,-101.50
204.45,-103.20
204.46,-103.54
204.47,-101.32
204.48,-101.45
204.49,-101.70
204.50,-101.91
204.51,-101.83
204.52,-102.48
204.53,-102.09
204.54,-103.56
204.55,-102.31
204.56,-102.83
204.57,-102.30
204.58,-102.70
204.59,-102.02
204.60,-102.32
204.61,-102.56
204.62,-101.64
204.63,-101.27
204.64,-104.08
204.65,-103.79
204.66,-103.82
204.67,-100.96
204.68,-101.62
204.69,-102.39
204.70,-102.77
204.71,-103.54
204.72,-101.81
204.73,-102.31
204.74,-102.27
204.75,-99.92
204.76,-100.41
204.77,-103.06
204.78,-100.79
204.79,-103.31
204.80,-102.77
204.81,-103.19
204.82,-104.73
204.83,-103.25
204.84,-103.60
204.85,-101.20
204.86,-103.20
204.87,-102.01
204.88,-102.05
204.89,-104.84
204.90,-101.68
204.91,-99.80
204.92,-102.98
204.93,-103.68
204.94,-103.82
204.95,-102.29
204.96,-101.28
204.97,-103.76
204.98,-103.05
204.99,-102.12
205.00,-101.25
205.01,-100.75
205.02,-103.15
205.03,-101.19
205.04,-104.84
205.05,-101.80
205.06,-101.26
205.07,-103.09
205.08,-100.57
205.09,-99.85
205.10,-102.23
205.11,-103.16
205.12,-101.39
205.13,-99.12
205.14,-101.69
205.15,-102.51
205.16,-102.66
205.17,-104.46
205.18,-103.69
205.19,-100.00
205.20,-103.39
205.20,-103.39
205.21,-102.66
205.22,-103.58
205.23,-103.81
205.24,-102.72
205.25,-102.79
205.26,-100.96
205.27,-104.26
205.28,-104.01
205.29,-101.71
205.30,-102.65
205.31,-105.99
205.32,-102.42
205.33,-102.63
205.34,-102.90
205.35,-91.32
205.36,-89.99
205.37,-97.87
205.38,-102.02
205.39,-100.13
205.40,-93.38
205.41,-101.69
205.42,-97.80
205.43,-100.71
205.44,-101.03
205.45,-100.99
205.46,-101.14
205.47,-102.11
205.48,-103.07
205.49,-103.19
205.50,-102.47
205.51,-102.22
205.52,-102.88
205.53,-100.45
205.54,-103.23
205.55,-104.89
205.56,-100.63
205.57,-102.67
205.58,-101.89
205.59,-103.86
205.60,-101.75
205.61,-103.00
205.62,-99.35
205.63,-98.10
205.64,-97.80
205.65,-96.11
205.66,-96.04
205.67,-100.45
205.68,-103.55
205.69,-101.56
205.70,-102.99
205.71,-103.15
205.72,-102.16
205.73,-100.98
205.74,-101.14
205.75,-100.36
205.76,-102.47
205.77,-103.65
205.78,-102.43
205.79,-103.77
205.80,-100.46
205.81,-97.92
205.82,-95.39
205.83,-96.13
205.84,-95.17
205.85,-99.66
205.86,-100.29
205.87,-101.31
205.88,-101.79
205.89,-102.42
205.90,-102.81
205.91,-104.92
205.92,-102.00
205.93,-102.72
205.94,-102.01
205.95,-104.63
205.96,-101.87
205.97,-104.02
205.98,-104.42
205.99,-102.55
206.00,-103.61
206.00,-103.10
206.01,-104.58
206.02,-104.27
206.03,-105.24
206.04,-102.97
206.05,-105.24
206.06,-103.83
206.07,-102.83
206.08,-103.26
206.09,-104.02
206.10,-102.03
206.11,-103.09
206.12,-103.03
206.13,-103.18
206.14,-101.11
206.15,-104.93
206.16,-104.69
206.17,-103.91
206.18,-102.03
206.19,-105.27
206.20,-104.90
206.21,-101.73
206.22,-103.09
206.23,-102.23
206.24,-102.74
206.25,-100.88
206.26,-102.63
206.27,-105.43
206.28,-104.80
206.29,-102.84
206.30,-101.95
206.31,-103.69
206.32,-100.56
206.33,-105.92
206.34,-102.65
206.35,-100.59
206.36,-103.21
206.37,-104.31
206.38,-102.32
206.39,-104.49
206.40,-103.71
206.41,-104.76
206.42,-103.47
206.43,-101.74
206.44,-103.83
206.45,-102.42
206.46,-103.34
206.47,-102.39
206.48,-102.83
206.49,-102.48
206.50,-103.11
206.51,-103.21
206.52,-105.01
206.53,-102.07
206.54,-101.82
206.55,-102.91
206.56,-105.33
206.57,-105.00
206.58,-103.98
206.59,-102.60
206.60,-101.67
206.61,-102.34
206.62,-102.67
206.63,-101.32
206.64,-104.11
206.65,-102.74
206.66,-102.49
206.67,-101.69
206.68,-102.79
206.69,-100.18
206.70,-101.43
206.71,-100.75
206.72,-102.05
206.73,-105.21
206.74,-103.44
206.75,-104.52
206.76,-102.37
206.77,-104.19
206.78,-99.54
206.79,-99.34
206.80,-103.15
206.80,-103.15
206.81,-103.99
206.82,-103.62
206.83,-101.87
206.84,-102.47
206.85,-104.32
206.86,-100.63
206.87,-103.09
206.88,-101.05
206.89,-100.84
206.90,-102.32
206.91,-102.70
206.92,-98.87
206.93,-99.35
206.94,-100.57
206.95,-101.77
206.96,-99.80
206.97,-100.15
206.98,-96.93
206.99,-97.79
207.00,-97.97
207.01,-101.62
207.02,-100.70
207.03,-100.45
207.04,-99.47
207.05,-97.55
207.06,-96.53
207.07,-99.09
207.08,-100.67
207.09,-97.58
207.10,-100.61
207.11,-100.60
207.12,-99.29
207.13,-99.24
207.14,-97.42
207.15,-95.54
207.16,-97.89
207.17,-97.62
207.18,-100.13
207.19,-99.86
207.20,-100.21
207.21,-99.73
207.22,-98.79
207.23,-97.31
207.24,-98.90
207.25,-99.54
207.26,-99.43
207.27,-101.62
207.28,-100.71
207.29,-102.16
207.30,-102.76
207.31,-103.32
207.32,-101.52
207.33,-97.94
207.34,-94.92
207.35,-93.83
207.36,-93.43
207.37,-93.23
207.38,-94.70
207.39,-98.13
207.40,-100.45
207.41,-101.98
207.42,-99.73
207.43,-102.21
207.44,-103.36
207.45,-102.05
207.46,-101.51
207.47,-103.16
207.48,-101.89
207.49,-99.70
207.50,-100.07
207.51,-101.84
207.52,-99.92
207.53,-101.99
207.54,-101.22
207.55,-96.73
207.56,-100.59
207.57,-102.39
207.58,-100.19
207.59,-102.38
207.60,-101.93
207.60,-101.93
207.61,-100.26
207.62,-99.36
207.63,-101.22
207.64,-101.28
207.65,-100.51
207.66,-98.18
207.67,-104.74
207.68,-102.29
207.69,-101.25
207.70,-105.12
207.71,-100.57
207.72,-100.81
207.73,-100.84
207.74,-102.63
207.75,-100.44
207.76,-100.58
207.77,-101.21
207.78,-103.36
207.79,-101.26
207.80,-102.44
207.81,-99.95
207.82,-103.37
207.83,-102.08
207.84,-100.72
207.85,-98.46
207.86,-100.30
207.87,-101.00
207.88,-99.27
207.89,-101.53
207.90,-101.50
207.91,-101.59
207.92,-101.78
207.93,-102.00
207.94,-102.71
207.95,-100.62
207.96,-100.31
207.97,-101.65
207.98,-101.03
207.99,-102.09
208.00,-102.51
208.01,-100.54
208.02,-98.58
208.03,-100.40
208.04,-101.31
208.05,-100.15
208.06,-101.75
208.07,-99.64
208.08,-101.77
208.09,-101.65
208.10,-103.71
208.11,-99.08
208.12,-99.84
208.13,-100.95
208.14,-101.29
208.15,-100.24
208.16,-99.91
208.17,-100.63
208.18,-103.41
208.19,-102.28
208.20,-99.28
208.21,-99.75
208.22,-99.29
208.23,-99.62
208.24,-100.76
208.25,-101.15
208.26,-101.44
208.27,-98.97
208.28,-98.31
208.29,-100.53
208.30,-99.30
208.31,-99.95
208.32,-101.68
208.33,-100.21
208.34,-100.62
208.35,-100.34
208.36,-102.62
208.37,-101.87
208.38,-101.30
208.39,-100.18
208.40,-101.12
208.40,-101.12
208.41,-99.16
208.42,-100.45
208.43,-98.80
208.44,-101.43
208.45,-101.61
208.46,-102.55
208.47,-101.88
208.48,-98.72
208.49,-98.26
208.50,-101.13
208.51,-100.93
208.52,-101.53
208.53,-103.38
208.54,-101.38
208.55,-99.56
208.56,-101.16
208.57,-99.01
208.58,-101.76
208.59,-100.88
208.60,-99.14
208.61,-99.37
208.62,-100.96
208.63,-99.64
208.64,-99.63
208.65,-101.60
208.66,-99.28
208.67,-102.77
208.68,-98.78
208.69,-99.26
208.70,-102.09
208.71,-102.18
208.72,-102.78
208.73,-101.96
208.74,-98.14
208.75,-99.60
208.76,-98.84
208.77,-100.23
208.78,-100.89
208.79,-101.78
208.80,-99.22
208.81,-101.47
208.82,-102.51
208.83,-102.78
208.84,-102.06
208.85,-102.63
208.86,-102.39
208.87,-98.43
208.88,-96.42
208.89,-95.25
208.90,-95.79
208.91,-97.25
208.92,-97.69
208.93,-100.65
208.94,-99.89
208.95,-97.02
208.96,-101.53
208.97,-102.30
208.98,-100.25
208.99,-100.29
209.00,-102.88
209.01,-101.47
209.02,-102.57
209.03,-103.08
209.04,-100.25
209.05,-104.15
209.06,-103.67
209.07,-100.28
209.08,-100.17
209.09,-102.48
209.10,-100.03
209.11,-99.00
209.12,-101.98
209.13,-102.31
209.14,-101.82
209.15,-102.63
209.16,-102.00
209.17,-103.75
209.18,-101.61
209.19,-101.10
209.20,-102.05
209.20,-102.05
209.21,-101.88
209.22,-102.32
209.23,-104.60
209.24,-100.13
209.25,-102.09
209.26,-101.96
209.27,-100.10
209.28,-102.98
209.29,-102.20
209.30,-100.49
209.31,-102.75
209.32,-102.16
209.33,-101.59
209.34,-100.46
209.35,-102.66
209.36,-101.86
209.37,-102.81
209.38,-102.82
209.39,-103.45
209.40,-99.95
209.41,-104.06
209.42,-102.88
209.43,-102.50
209.44,-101.51
209.45,-100.87
209.46,-100.94
209.47,-102.23
209.48,-101.14
209.49,-102.12
209.50,-104.04
209.51,-102.26
209.52,-101.96
209.53,-101.60
209.54,-104.40
209.55,-101.40
209.56,-101.83
209.57,-102.09
209.58,-101.76
209.59,-100.20
209.60,-103.09
209.61,-101.56
209.62,-101.80
209.63,-102.54
209.64,-103.21
209.65,-101.71
209.66,-102.84
209.67,-102.36
209.68,-101.18
209.69,-103.80
209.70,-100.79
209.71,-100.93
209.72,-98.89
209.73,-101.74
209.74,-99.97
209.75,-104.00
209.76,-102.33
209.77,-100.76
209.78,-101.18
209.79,-98.75
209.80,-98.07
209.81,-99.64
209.82,-101.72
209.83,-102.03
209.84,-100.81
209.85,-100.58
209.86,-100.31
209.87,-99.29
209.88,-99.25
209.89,-100.23
209.90,-101.16
209.91,-103.56
209.92,-103.67
209.93,-101.78
209.94,-102.74
209.95,-102.58
209.96,-101.38
209.97,-101.74
209.98,-101.02
209.99,-102.57
210.00,-101.43
210.00,-100.76
210.01,-101.23
210.02,-103.29
210.03,-103.50
210.04,-101.95
210.05,-102.75
210.06,-100.03
210.07,-101.51
210.08,-102.97
210.09,-102.33
210.10,-104.04
210.11,-104.24
210.12,-102.72
210.13,-101.62
210.14,-102.48
210.15,-101.49
210.16,-104.67
210.17,-103.21
210.18,-104.72
210.19,-105.33
210.20,-102.61
210.21,-102.61
210.22,-102.47
210.23,-101.95
210.24,-103.21
210.25,-102.71
210.26,-103.78
210.27,-101.49
210.28,-101.90
210.29,-100.96
210.30,-102.66
210.31,-103.87
210.32,-103.99
210.33,-101.93
210.34,-104.71
210.35,-103.69
210.36,-104.04
210.37,-102.92
210.38,-103.62
210.39,-102.21
210.40,-99.57
210.41,-97.47
210.42,-94.72
210.43,-93.06
210.44,-93.95
210.45,-94.74
210.46,-101.76
210.47,-102.72
210.48,-104.51
210.49,-103.30
210.50,-102.72
210.51,-104.80
210.52,-103.78
210.53,-104.11
210.54,-102.98
210.55,-105.48
210.56,-103.02
210.57,-104.77
210.58,-103.43
210.59,-102.70
210.60,-105.23
210.61,-101.98
210.62,-103.30
210.63,-103.61
210.64,-103.80
210.65,-103.90
210.66,-103.85
210.67,-102.69
210.68,-103.37
210.69,-103.39
210.70,-104.98
210.71,-105.55
210.72,-104.99
210.73,-103.48
210.74,-105.44
210.75,-102.09
210.76,-103.54
210.77,-103.59
210.78,-104.01
210.79,-106.08
210.80,-105.02
210.80,-105.02
210.81,-103.94
210.82,-104.78
210.83,-103.23
210.84,-105.89
210.85,-105.60
210.86,-100.44
210.87,-102.83
210.88,-100.94
210.89,-105.37
210.90,-104.34
210.91,-103.62
210.92,-102.75
210.93,-104.91
210.94,-103.33
210.95,-105.43
210.96,-104.53
210.97,-104.14
210.98,-102.81
210.99,-101.04
211.00,-103.99
211.01,-104.22
211.02,-104.27
211.03,-105.21
211.04,-104.74
211.05,-105.41
211.06,-103.42
211.07,-104.93
211.08,-104.58
211.09,-103.97
211.10,-102.46
211.11,-102.72
211.12,-101.82
211.13,-104.03
211.14,-105.18
211.15,-104.29
211.16,-102.56
211.17,-103.93
211.18,-104.75
211.19,-105.41
211.20,-102.53
211.21,-101.70
211.22,-104.55
211.23,-101.57
211.24,-104.26
211.25,-102.18
211.26,-104.25
211.27,-104.05
211.28,-101.63
211.29,-98.18
211.30,-99.90
211.31,-99.76
211.32,-103.36
211.33,-105.08
211.34,-102.98
211.35,-106.00
211.36,-103.26
211.37,-103.74
211.38,-104.46
211.39,-102.66
211.40,-104.68
211.41,-105.03
211.42,-104.17
211.43,-104.28
211.44,-103.08
211.45,-104.23
211.46,-104.70
211.47,-102.94
211.48,-103.63
211.49,-103.40
211.50,-103.82
211.51,-103.47
211.52,-106.50
211.53,-103.15
211.54,-102.51
211.55,-104.43
211.56,-105.02
211.57,-104.14
211.58,-105.36
211.59,-103.10
211.60,-103.91
211.60,-103.91
211.61,-103.85
211.62,-102.78
211.63,-101.90
211.64,-103.78
211.65,-102.88
211.66,-106.74
211.67,-103.36
211.68,-105.87
211.69,-106.71
211.70,-106.51
211.71,-105.20
211.72,-104.53
211.73,-104.49
211.74,-105.43
211.75,-103.31
211.76,-102.04
211.77,-103.01
211.78,-99.68
211.79,-102.64
211.80,-105.12
211.81,-103.40
211.82,-103.30
211.83,-101.68
211.84,-102.66
211.85,-103.73
211.86,-103.91
211.87,-103.11
211.88,-104.09
211.89,-102.92
211.90,-103.18
211.91,-103.31
211.92,-102.66
211.93,-104.47
211.94,-102.21
211.95,-97.28
211.96,-96.44
211.97,-96.30
211.98,-97.91
211.99,-98.55
212.00,-102.54
212.01,-106.34
212.02,-103.53
212.03,-105.93
212.04,-102.89
212.05,-102.09
212.06,-102.99
212.07,-103.09
212.08,-103.41
212.09,-104.92
212.10,-103.79
212.11,-105.09
212.12,-103.46
212.13,-103.75
212.14,-103.66
212.15,-104.79
212.16,-101.26
212.17,-104.42
212.18,-101.93
212.19,-103.30
212.20,-103.64
212.21,-103.96
212.22,-103.67
212.23,-102.91
212.24,-102.66
212.25,-101.89
212.26,-103.71
212.27,-103.36
212.28,-104.16
212.29,-102.73
212.30,-103.35
212.31,-101.73
212.32,-103.12
212.33,-104.68
212.34,-102.09
212.35,-103.27
212.36,-104.56
212.37,-105.00
212.38,-105.32
212.39,-104.39
212.40,-102.17
212.40,-102.17
212.41,-104.47
212.42,-102.86
212.43,-104.71
212.44,-100.38
212.45,-104.84
212.46,-102.40
212.47,-102.39
212.48,-104.33
212.49,-101.62
212.50,-102.73
212.51,-102.55
212.52,-101.93
212.53,-103.59
212.54,-102.69
212.55,-104.18
212.56,-103.95
212.57,-104.91
212.58,-101.41
212.59,-102.72
212.60,-102.25
212.61,-104.14
212.62,-101.09
212.63,-101.61
212.64,-102.19
212.65,-102.85
212.66,-102.90
212.67,-102.36
212.68,-101.86
212.69,-100.98
212.70,-99.07
212.71,-99.06
212.72,-100.85
212.73,-100.85
212.74,-101.95
212.75,-102.79
212.76,-103.25
212.77,-101.19
212.78,-100.51
212.79,-98.68
212.80,-100.29
212.81,-101.40
212.82,-101.51
212.83,-102.47
212.84,-100.91
212.85,-101.95
212.86,-103.18
212.87,-102.26
212.88,-101.49
212.89,-102.33
212.90,-101.58
212.91,-99.91
212.92,-101.65
212.93,-101.30
212.94,-101.08
212.95,-101.94
212.96,-102.69
212.97,-102.07
212.98,-103.32
212.99,-99.76
213.00,-101.61
213.01,-102.79
213.02,-102.48
213.03,-100.43
213.04,-104.50
213.05,-103.86
213.06,-102.89
213.07,-103.20
213.08,-102.66
213.09,-103.41
213.10,-101.81
213.11,-102.66
213.12,-103.52
213.13,-104.55
213.14,-102.22
213.15,-102.69
213.16,-100.90
213.17,-102.16
213.18,-101.36
213.19,-99.71
213.20,-103.01
213.20,-100.11
213.21,-102.58
213.22,-102.83
213.23,-100.99
213.24,-103.05
213.25,-102.74
213.26,-104.04
213.27,-102.67
213.28,-102.67
213.29,-103.15
213.30,-101.74
213.31,-102.08
213.32,-102.98
213.33,-104.87
213.34,-101.98
213.35,-101.61
213.36,-102.07
213.37,-102.75
213.38,-100.97
213.39,-101.10
213.40,-102.02
213.41,-101.56
213.42,-102.61
213.43,-103.54
213.44,-102.51
213.45,-103.41
213.46,-103.02
213.47,-101.83
213.48,-98.82
213.49,-96.57
213.50,-95.96
213.51,-94.40
213.52,-96.81
213.53,-98.29
213.54,-102.82
213.55,-103.79
213.56,-104.24
213.57,-103.74
213.58,-103.62
213.59,-103.66
213.60,-101.84
213.61,-102.43
213.62,-101.89
213.63,-101.07
213.64,-101.42
213.65,-103.90
213.66,-101.49
213.67,-102.63
213.68,-101.67
213.69,-102.22
213.70,-101.96
213.71,-102.68
213.72,-101.23
213.73,-102.65
213.74,-102.65
213.75,-102.68
213.76,-102.57
213.77,-103.46
213.78,-102.89
213.79,-102.65
213.80,-101.12
213.81,-101.28
213.82,-104.60
213.83,-103.73
213.84,-101.40
213.85,-102.84
213.86,-100.39
213.87,-101.56
213.88,-100.17
213.89,-103.62
213.90,-103.43
213.91,-102.62
213.92,-103.93
213.93,-102.14
213.94,-102.03
213.95,-102.46
213.96,-102.71
213.97,-102.65
213.98,-102.97
213.99,-101.07
214.00,-103.02
214.00,-103.43
214.01,-102.66
214.02,-101.48
214.03,-100.81
214.04,-102.68
214.05,-103.56
214.06,-103.30
214.07,-103.49
214.08,-102.54
214.09,-98.99
214.10,-102.39
214.11,-100.32
214.12,-100.83
214.13,-101.56
214.14,-105.08
214.15,-102.69
214.16,-103.42
214.17,-102.89
214.18,-101.40
214.19,-103.47
214.20,-102.16
214.21,-101.42
214.22,-103.18
214.23,-100.22
214.24,-102.73
214.25,-101.93
214.26,-101.94
214.27,-102.49
214.28,-101.26
214.29,-101.65
214.30,-101.49
214.31,-103.70
214.32,-102.58
214.33,-101.50
214.34,-100.74
214.35,-102.49
214.36,-103.17
214.37,-102.48
214.38,-101.78
214.39,-101.69
214.40,-102.85
214.41,-100.90
214.42,-102.11
214.43,-101.44
214.44,-101.28
214.45,-103.41
214.46,-103.03
214.47,-100.35
214.48,-103.16
214.49,-100.91
214.50,-102.18
214.51,-104.50
214.52,-103.37
214.53,-104.59
214.54,-102.78
214.55,-102.21
214.56,-101.66
214.57,-100.67
214.58,-104.02
214.59,-103.66
214.60,-102.62
214.61,-103.17
214.62,-103.67
214.63,-103.21
214.64,-102.84
214.65,-100.49
214.66,-103.98
214.67,-100.86
214.68,-102.02
214.69,-102.60
214.70,-104.32
214.71,-103.06
214.72,-102.14
214.73,-102.58
214.74,-102.26
214.75,-101.85
214.76,-102.52
214.77,-98.36
214.78,-96.69
214.79,-99.27
214.80,-101.64
214.80,-101.64
214.81,-100.28
214.82,-104.05
214.83,-102.70
214.84,-100.53
214.85,-102.50
214.86,-100.83
214.87,-99.29
214.88,-101.36
214.89,-102.42
214.90,-104.20
214.91,-102.67
214.92,-103.30
214.93,-102.79
214.94,-102.75
214.95,-103.16
214.96,-103.29
214.97,-101.42
214.98,-103.18
214.99,-103.11
215.00,-102.59
215.01,-102.32
215.02,-99.59
215.03,-98.31
215.04,-98.06
215.05,-98.36
215.06,-100.21
215.07,-104.22
215.08,-103.82
215.09,-105.32
215.10,-102.62
215.11,-101.89
215.12,-105.34
215.13,-101.57
215.14,-103.38
215.15,-104.50
215.16,-103.06
215.17,-102.57
215.18,-104.03
215.19,-102.54
215.20,-102.23
215.21,-104.32
215.22,-103.26
215.23,-103.86
215.24,-103.64
215.25,-104.92
215.26,-103.22
215.27,-101.84
215.28,-105.98
215.29,-104.12
215.30,-104.28
215.31,-103.93
215.32,-104.23
215.33,-103.12
215.34,-102.47
215.35,-102.75
215.36,-102.29
215.37,-102.97
215.38,-101.26
215.39,-104.41
215.40,-103.59
215.41,-103.37
215.42,-102.05
215.43,-99.35
215.44,-99.27
215.45,-99.57
215.46,-100.44
215.47,-101.21
215.48,-101.65
215.49,-103.44
215.50,-101.38
215.51,-99.34
215.52,-99.15
215.53,-100.75
215.54,-100.43
215.55,-102.79
215.56,-101.33
215.57,-99.51
215.58,-100.19
215.59,-98.64
215.60,-99.95
215.60,-99.95
215.61,-99.69
215.62,-101.98
215.63,-101.98
215.64,-104.14
215.65,-103.44
215.66,-103.42
215.67,-101.48
215.68,-104.42
215.69,-103.78
215.70,-102.84
215.71,-101.77
215.72,-104.40
215.73,-103.74
215.74,-102.87
215.75,-103.45
215.76,-104.06
215.77,-102.81
215.78,-102.26
215.79,-104.30
215.80,-103.99
215.81,-102.60
215.82,-101.94
215.83,-103.84
215.84,-102.41
215.85,-103.96
215.86,-104.85
215.87,-102.59
215.88,-103.39
215.89,-104.19
215.90,-103.10
215.91,-105.54
215.92,-100.49
215.93,-102.65
215.94,-103.53
215.95,-102.86
215.96,-103.66
215.97,-103.86
215.98,-102.06
215.99,-99.72
216.00,-98.93
216.01,-101.70
216.02,-102.29
216.03,-103.85
216.04,-103.64
216.05,-104.22
216.06,-104.89
216.07,-103.34
216.08,-105.68
216.09,-103.69
216.10,-105.23
216.11,-103.41
216.12,-105.18
216.13,-105.99
216.14,-103.17
216.15,-102.49
216.16,-104.19
216.17,-104.34
216.18,-105.31
216.19,-102.75
216.20,-104.35
216.21,-102.58
216.22,-103.15
216.23,-104.26
216.24,-105.28
216.25,-102.86
216.26,-104.84
216.27,-103.50
216.28,-103.46
216.29,-105.41
216.30,-103.07
216.31,-103.94
216.32,-103.96
216.33,-102.88
216.34,-105.11
216.35,-105.65
216.36,-104.54
216.37,-103.64
216.38,-100.92
216.39,-103.19
216.40,-102.69
216.40,-102.69
216.41,-105.11
216.42,-104.21
216.43,-104.77
216.44,-104.66
216.45,-103.06
216.46,-103.67
216.47,-104.60
216.48,-104.29
216.49,-101.35
216.50,-105.52
216.51,-102.05
216.52,-101.33
216.53,-104.51
216.54,-102.50
216.55,-100.85
216.56,-99.67
216.57,-97.35
216.58,-96.73
216.59,-99.30
216.60,-103.31
216.61,-105.47
216.62,-103.49
216.63,-104.22
216.64,-104.84
216.65,-104.58
216.66,-105.84
216.67,-102.72
216.68,-102.50
216.69,-100.96
216.70,-102.37
216.71,-104.57
216.72,-102.85
216.73,-105.35
216.74,-102.70
216.75,-103.74
216.76,-101.76
216.77,-104.12
216.78,-100.27
216.79,-105.04
216.80,-103.90
216.81,-105.38
216.82,-104.36
216.83,-105.35
216.84,-105.21
216.85,-103.42
216.86,-103.38
216.87,-104.52
216.88,-105.19
216.89,-103.03
216.90,-103.21
216.91,-102.61
216.92,-104.77
216.93,-99.84
216.94,-100.66
216.95,-102.00
216.96,-101.04
216.97,-101.37
216.98,-104.10
216.99,-100.90
217.00,-103.79
217.01,-102.67
217.02,-103.68
217.03,-104.30
217.04,-103.43
217.05,-106.72
217.06,-103.17
217.07,-103.38
217.08,-105.68
217.09,-104.99
217.10,-104.77
217.11,-105.03
217.12,-104.79
217.13,-103.04
217.14,-103.49
217.15,-106.39
217.16,-101.71
217.17,-103.36
217.18,-102.78
217.19,-104.64
217.20,-105.65
217.20,-105.60
217.21,-104.40
217.22,-102.86
217.23,-102.49
217.24,-105.06
217.25,-105.05
217.26,-103.34
217.27,-105.71
217.28,-103.60
217.29,-105.40
217.30,-104.94
217.31,-103.76
217.32,-106.06
217.33,-104.22
217.34,-103.79
217.35,-106.23
217.36,-103.35
217.37,-103.63
217.38,-104.15
217.39,-105.64
217.40,-103.52
217.41,-103.81
217.42,-102.24
217.43,-104.21
217.44,-102.43
217.45,-103.66
217.46,-104.00
217.47,-105.46
217.48,-103.68
217.49,-104.64
217.50,-104.29
217.51,-104.04
217.52,-102.87
217.53,-104.40
217.54,-105.92
217.55,-101.54
217.56,-103.43
217.57,-103.12
217.58,-102.96
217.59,-106.10
217.60,-104.63
217.61,-105.36
217.62,-104.97
217.63,-104.25
217.64,-104.56
217.65,-103.95
217.66,-105.75
217.67,-103.48
217.68,-104.08
217.69,-104.73
217.70,-101.50
217.71,-104.23
217.72,-106.10
217.73,-103.58
217.74,-105.88
217.75,-104.55
217.76,-105.82
217.77,-104.24
217.78,-105.09
217.79,-103.17
217.80,-105.66
217.81,-104.70
217.82,-105.76
217.83,-105.30
217.84,-102.07
217.85,-101.69
217.86,-103.63
217.87,-103.40
217.88,-103.61
217.89,-102.78
217.90,-105.28
217.91,-103.66
217.92,-103.94
217.93,-101.61
217.94,-102.53
217.95,-102.41
217.96,-104.57
217.97,-104.95
217.98,-104.36
217.99,-105.09
218.00,-105.61
218.00,-104.27
218.01,-104.92
218.02,-104.34
218.03,-103.98
218.04,-105.88
218.05,-106.31
218.06,-104.99
218.07,-105.88
218.08,-104.07
218.09,-102.08
218.10,-104.62
218.11,-101.29
218.12,-100.57
218.13,-103.80
218.14,-103.40
218.15,-105.28
218.16,-105.47
218.17,-103.28
218.18,-104.74
218.19,-103.08
218.20,-103.21
218.21,-105.02
218.22,-104.37
218.23,-103.14
218.24,-100.23
218.25,-103.49
218.26,-105.56
218.27,-102.98
218.28,-105.76
218.29,-104.97
218.30,-105.64
218.31,-104.67
218.32,-104.79
218.33,-103.60
218.34,-104.44
218.35,-100.13
218.36,-102.44
218.37,-103.43
218.38,-103.38
218.39,-102.60
218.40,-102.74
218.40,-102.74
218.41,-104.81
218.42,-104.59
218.43,-104.22
218.44,-103.53
218.45,-104.17
218.46,-104.04
218.47,-104.58
218.48,-104.04
218.49,-104.71
218.50,-101.18
218.51,-104.75
218.52,-103.39
218.53,-101.59
218.54,-104.29
218.55,-104.30
218.56,-103.58
218.57,-103.34
218.58,-104.06
218.59,-103.90
218.60,-104.02
218.61,-103.74
218.62,-103.53
218.63,-104.90
218.64,-103.99
218.65,-102.76
218.66,-101.47
218.67,-103.99
218.68,-104.21
218.69,-103.29
218.70,-103.35
218.71,-104.19
218.72,-103.02
218.73,-103.71
218.74,-103.36
218.75,-103.53
218.76,-103.49
218.77,-105.20
218.78,-104.14
218.79,-105.31
218.80,-105.93
218.80,-105.93
218.81,-105.00
218.82,-103.00
218.83,-103.89
218.84,-101.87
218.85,-102.60
218.86,-99.50
218.87,-103.22
218.88,-104.42
218.89,-103.89
218.90,-103.38
218.91,-102.17
218.92,-101.75
218.93,-102.68
218.94,-102.46
218.95,-105.29
218.96,-102.79
218.97,-103.64
218.98,-103.46
218.99,-102.15
219.00,-103.07
219.01,-105.08
219.02,-101.57
219.03,-101.96
219.04,-105.99
219.05,-102.24
219.06,-103.33
219.07,-102.01
219.08,-105.27
219.09,-102.24
219.10,-104.72
219.11,-104.43
219.12,-104.46
219.13,-106.17
219.14,-102.98
219.15,-103.94
219.16,-105.81
219.17,-103.32
219.18,-104.05
219.19,-103.06
219.20,-104.78
219.20,-104.78
219.21,-105.21
219.22,-102.97
219.23,-101.28
219.24,-102.36
219.25,-103.18
219.26,-105.33
219.27,-103.43
219.28,-102.36
219.29,-103.50
219.30,-103.56
219.31,-104.64
219.32,-103.93
219.33,-104.25
219.34,-103.84
219.35,-104.98
219.36,-103.45
219.37,-103.07
219.38,-103.92
219.39,-102.80
219.40,-102.08
219.41,-103.38
219.42,-102.78
219.43,-102.83
219.44,-100.44
219.45,-104.16
219.46,-100.11
219.47,-103.26
219.48,-100.52
219.49,-103.33
219.50,-104.71
219.51,-103.31
219.52,-102.54
219.53,-103.14
219.54,-102.28
219.55,-101.19
219.56,-103.20
219.57,-103.30
219.58,-102.69
219.59,-104.72
219.60,-103.89
219.60,-103.89
219.61,-102.80
219.62,-103.78
219.63,-102.76
219.64,-99.38
219.65,-98.40
219.66,-100.17
219.67,-102.32
219.68,-101.28
219.69,-102.61
219.70,-103.62
219.71,-102.08
219.72,-102.64
219.73,-103.69
219.74,-102.44
219.75,-102.43
219.76,-104.02
219.77,-103.47
219.78,-103.59
219.79,-103.24
219.80,-102.23
219.81,-97.89
219.82,-102.62
219.83,-102.93
219.84,-103.87
219.85,-101.66
219.86,-102.71
219.87,-101.08
219.88,-102.72
219.89,-101.36
219.90,-101.36
219.91,-100.23
219.92,-102.88
219.93,-103.02
219.94,-97.37
219.95,-98.84
219.96,-99.81
219.97,-100.54
219.98,-101.73
219.99,-103.51
220.00,-99.99
