50.00,-98.14
50.01,-99.39
50.02,-97.93
50.03,-97.00
50.04,-98.21
50.05,-99.05
50.06,-99.53
50.07,-100.47
50.08,-100.26
50.09,-101.66
50.10,-99.24
50.11,-102.15
50.12,-99.17
50.13,-100.18
50.14,-102.23
50.15,-102.76
50.16,-100.09
50.17,-100.59
50.18,-101.04
50.19,-101.11
50.20,-98.57
50.21,-97.16
50.22,-98.11
50.23,-99.90
50.24,-99.99
50.25,-101.14
50.26,-99.12
50.27,-99.78
50.28,-99.08
50.29,-100.20
50.30,-99.28
50.31,-100.93
50.32,-101.13
50.33,-100.09
50.34,-102.08
50.35,-102.06
50.36,-102.44
50.37,-101.13
50.38,-101.32
50.39,-96.92
50.40,-97.56
50.41,-98.47
50.42,-96.94
50.43,-101.43
50.44,-101.53
50.45,-101.85
50.46,-99.66
50.47,-100.66
50.48,-99.65
50.49,-100.87
50.50,-100.27
50.51,-101.27
50.52,-99.66
50.53,-104.64
50.54,-104.37
50.55,-101.72
50.56,-99.71
50.57,-99.17
50.58,-98.29
50.59,-97.75
50.60,-101.58
50.61,-99.16
50.62,-99.42
50.63,-102.12
50.64,-99.99
50.65,-103.73
50.66,-99.85
50.67,-98.15
50.68,-96.28
50.69,-96.43
50.70,-98.29
50.71,-98.48
50.72,-100.71
50.73,-101.67
50.74,-100.35
50.75,-97.85
50.76,-99.21
50.77,-99.30
50.78,-101.11
50.79,-101.06
50.80,-101.58
50.80,-101.58
50.81,-101.77
50.82,-101.13
50.83,-102.13
50.84,-99.41
50.85,-102.61
50.86,-100.28
50.87,-99.47
50.88,-99.76
50.89,-98.94
50.90,-102.04
50.91,-101.31
50.92,-102.43
50.93,-100.87
50.94,-98.28
50.95,-99.49
50.96,-100.14
50.97,-102.82
50.98,-102.44
50.99,-99.87
51.00,-100.90
51.01,-101.35
51.02,-100.93
51.03,-99.43
51.04,-102.40
51.05,-100.35
51.06,-99.60
51.07,-97.16
51.08,-98.70
51.09,-103.51
51.10,-102.81
51.11,-102.40
51.12,-102.07
51.13,-99.71
51.14,-99.44
51.15,-102.58
51.16,-100.84
51.17,-101.25
51.18,-101.67
51.19,-100.68
51.20,-101.63
51.21,-101.68
51.22,-102.33
51.23,-100.42
51.24,-99.83
51.25,-98.34
51.26,-97.96
51.27,-99.72
51.28,-100.04
51.29,-100.91
51.30,-99.61
51.31,-98.57
51.32,-100.19
51.33,-100.75
51.34,-100.26
51.35,-100.91
51.36,-99.19
51.37,-102.26
51.38,-100.77
51.39,-101.80
51.40,-100.62
51.41,-100.44
51.42,-99.08
51.43,-99.26
51.44,-97.82
51.45,-101.13
51.46,-103.00
51.47,-103.85
51.48,-102.12
51.49,-102.56
51.50,-102.25
51.51,-101.85
51.52,-101.33
51.53,-103.43
51.54,-100.66
51.55,-100.69
51.56,-102.10
51.57,-103.76
51.58,-102.80
51.59,-103.05
51.60,-100.04
51.60,-98.86
51.61,-99.36
51.62,-99.59
51.63,-102.13
51.64,-102.06
51.65,-100.46
51.66,-102.57
51.67,-102.21
51.68,-100.80
51.69,-102.64
51.70,-102.23
51.71,-99.52
51.72,-100.98
51.73,-98.54
51.74,-99.28
51.75,-99.42
51.76,-103.41
51.77,-100.65
51.78,-99.65
51.79,-98.58
51.80,-99.01
51.81,-101.30
51.82,-100.24
51.83,-100.19
51.84,-100.87
51.85,-103.17
51.86,-102.16
51.87,-102.12
51.88,-100.81
51.89,-101.61
51.90,-97.66
51.91,-103.62
51.92,-99.44
51.93,-98.32
51.94,-101.48
51.95,-101.57
51.96,-101.00
51.97,-102.04
51.98,-100.65
51.99,-100.91
52.00,-103.41
52.01,-100.84
52.02,-100.76
52.03,-101.33
52.04,-102.71
52.05,-101.80
52.06,-101.44
52.07,-101.17
52.08,-101.66
52.09,-99.68
52.10,-98.65
52.11,-98.98
52.12,-98.95
52.13,-102.24
52.14,-102.99
52.15,-103.12
52.16,-99.59
52.17,-100.30
52.18,-99.23
52.19,-102.15
52.20,-99.52
52.21,-99.86
52.22,-96.77
52.23,-98.45
52.24,-99.16
52.25,-100.94
52.26,-98.67
52.27,-100.64
52.28,-99.64
52.29,-97.42
52.30,-99.91
52.31,-99.87
52.32,-101.57
52.33,-101.37
52.34,-101.08
52.35,-99.24
52.36,-100.64
52.37,-101.85
52.38,-102.23
52.39,-101.17
52.40,-98.46
52.40,-98.46
52.41,-103.87
52.42,-103.31
52.43,-103.01
52.44,-103.81
52.45,-103.11
52.46,-100.68
52.47,-97.59
52.48,-98.94
52.49,-102.01
52.50,-101.53
52.51,-101.82
52.52,-102.20
52.53,-102.92
52.54,-102.12
52.55,-102.03
52.56,-98.24
52.57,-99.44
52.58,-99.79
52.59,-99.42
52.60,-100.05
52.61,-101.64
52.62,-100.20
52.63,-99.84
52.64,-100.68
52.65,-100.66
52.66,-100.01
52.67,-98.07
52.68,-97.83
52.69,-100.72
52.70,-98.93
52.71,-100.94
52.72,-100.13
52.73,-101.05
52.74,-99.22
52.75,-98.37
52.76,-97.02
52.77,-99.64
52.78,-98.12
52.79,-98.00
52.80,-99.27
52.81,-100.83
52.82,-102.31
52.83,-99.19
52.84,-100.88
52.85,-100.47
52.86,-99.01
52.87,-99.86
52.88,-100.01
52.89,-101.67
52.90,-99.13
52.91,-100.63
52.92,-99.94
52.93,-99.98
52.94,-100.41
52.95,-100.54
52.96,-97.95
52.97,-99.05
52.98,-100.30
52.99,-101.80
53.00,-100.88
53.01,-99.89
53.02,-98.84
53.03,-101.09
53.04,-101.20
53.05,-101.42
53.06,-100.25
53.07,-101.12
53.08,-101.40
53.09,-100.18
53.10,-102.28
53.11,-101.21
53.12,-100.92
53.13,-100.70
53.14,-98.81
53.15,-96.92
53.16,-100.46
53.17,-99.44
53.18,-102.32
53.19,-99.43
53.20,-100.44
53.20,-100.44
53.21,-99.70
53.22,-99.35
53.23,-98.64
53.24,-100.46
53.25,-100.08
53.26,-99.27
53.27,-101.32
53.28,-102.02
53.29,-99.44
53.30,-101.03
53.31,-99.86
53.32,-101.29
53.33,-100.62
53.34,-100.50
53.35,-99.94
53.36,-99.92
53.37,-100.38
53.38,-98.57
53.39,-98.77
53.40,-101.45
53.41,-102.75
53.42,-98.66
53.43,-98.21
53.44,-99.34
53.45,-97.73
53.46,-100.95
53.47,-99.21
53.48,-99.52
53.49,-99.60
53.50,-101.19
53.51,-98.85
53.52,-99.98
53.53,-100.16
53.54,-100.33
53.55,-100.30
53.56,-99.46
53.57,-100.91
53.58,-101.35
53.59,-102.37
53.60,-101.05
53.61,-101.26
53.62,-100.04
53.63,-99.34
53.64,-100.69
53.65,-101.28
53.66,-99.46
53.67,-99.75
53.68,-100.51
53.69,-99.33
53.70,-99.35
53.71,-99.35
53.72,-100.69
53.73,-101.01
53.74,-99.63
53.75,-97.09
53.76,-96.51
53.77,-96.25
53.78,-97.76
53.79,-98.33
53.80,-100.38
53.81,-101.13
53.82,-99.37
53.83,-99.09
53.84,-99.02
53.85,-99.90
53.86,-100.47
53.87,-96.29
53.88,-99.89
53.89,-97.97
53.90,-100.48
53.91,-97.73
53.92,-97.93
53.93,-99.13
53.94,-100.82
53.95,-98.61
53.96,-100.28
53.97,-100.14
53.98,-101.34
53.99,-101.02
54.00,-99.76
54.00,-100.75
54.01,-99.35
54.02,-101.73
54.03,-101.34
54.04,-101.16
54.05,-99.63
54.06,-98.84
54.07,-100.88
54.08,-101.34
54.09,-100.24
54.10,-101.94
54.11,-98.62
54.12,-100.53
54.13,-100.87
54.14,-100.21
54.15,-100.95
54.16,-99.50
54.17,-99.59
54.18,-100.42
54.19,-98.24
54.20,-100.50
54.21,-101.63
54.22,-101.19
54.23,-99.68
54.24,-100.49
54.25,-99.78
54.26,-98.79
54.27,-98.52
54.28,-99.55
54.29,-99.99
54.30,-101.98
54.31,-101.11
54.32,-100.42
54.33,-97.81
54.34,-100.92
54.35,-101.03
54.36,-101.91
54.37,-100.02
54.38,-99.32
54.39,-102.16
54.40,-100.31
54.41,-99.55
54.42,-102.06
54.43,-99.52
54.44,-101.89
54.45,-100.82
54.46,-100.08
54.47,-101.03
54.48,-100.55
54.49,-100.98
54.50,-102.76
54.51,-100.48
54.52,-100.48
54.53,-101.58
54.54,-102.03
54.55,-103.34
54.56,-99.22
54.57,-100.22
54.58,-102.83
54.59,-97.33
54.60,-101.48
54.61,-101.73
54.62,-99.94
54.63,-100.88
54.64,-100.75
54.65,-101.89
54.66,-99.99
54.67,-101.69
54.68,-98.38
54.69,-100.02
54.70,-100.74
54.71,-103.11
54.72,-101.91
54.73,-99.91
54.74,-103.87
54.75,-101.33
54.76,-101.62
54.77,-96.24
54.78,-100.55
54.79,-101.38
54.80,-101.07
54.80,-101.07
54.81,-103.19
54.82,-100.21
54.83,-101.32
54.84,-102.12
54.85,-101.34
54.86,-100.30
54.87,-102.66
54.88,-102.53
54.89,-101.61
54.90,-102.09
54.91,-100.98
54.92,-99.10
54.93,-100.90
54.94,-100.30
54.95,-101.08
54.96,-101.77
54.97,-101.99
54.98,-102.08
54.99,-100.04
55.00,-98.95
55.01,-101.76
55.02,-102.15
55.03,-103.75
55.04,-99.37
55.05,-99.45
55.06,-101.80
55.07,-101.10
55.08,-101.11
55.09,-102.50
55.10,-101.20
55.11,-101.69
55.12,-101.96
55.13,-100.72
55.14,-99.36
55.15,-99.81
55.16,-99.71
55.17,-100.23
55.18,-100.70
55.19,-104.29
55.20,-100.87
55.21,-101.57
55.22,-100.11
55.23,-101.06
55.24,-100.79
55.25,-99.95
55.26,-100.55
55.27,-101.86
55.28,-97.62
55.29,-99.03
55.30,-97.95
55.31,-98.34
55.32,-98.68
55.33,-102.53
55.34,-101.45
55.35,-100.45
55.36,-101.07
55.37,-99.49
55.38,-100.86
55.39,-101.91
55.40,-101.84
55.41,-101.57
55.42,-100.35
55.43,-100.01
55.44,-99.22
55.45,-99.91
55.46,-100.67
55.47,-100.78
55.48,-100.74
55.49,-103.85
55.50,-99.50
55.51,-97.44
55.52,-100.16
55.53,-99.06
55.54,-102.85
55.55,-102.23
55.56,-102.46
55.57,-102.83
55.58,-101.53
55.59,-102.27
55.60,-100.93
55.60,-100.93
55.61,-100.87
55.62,-98.59
55.63,-99.49
55.64,-100.00
55.65,-103.16
55.66,-101.24
55.67,-101.23
55.68,-101.10
55.69,-99.91
55.70,-102.86
55.71,-102.35
55.72,-103.81
55.73,-100.59
55.74,-101.36
55.75,-100.68
55.76,-102.25
55.77,-101.97
55.78,-102.96
55.79,-100.96
55.80,-102.34
55.81,-101.54
55.82,-103.17
55.83,-101.03
55.84,-105.02
55.85,-101.83
55.86,-101.07
55.87,-100.44
55.88,-102.66
55.89,-101.11
55.90,-101.13
55.91,-100.65
55.92,-102.31
55.93,-102.77
55.94,-102.79
55.95,-101.56
55.96,-101.40
55.97,-101.01
55.98,-101.34
55.99,-105.11
56.00,-102.08
56.01,-101.96
56.02,-101.77
56.03,-100.16
56.04,-103.09
56.05,-101.18
56.06,-99.76
56.07,-103.42
56.08,-99.04
56.09,-99.85
56.10,-101.75
56.11,-102.72
56.12,-103.50
56.13,-103.46
56.14,-101.79
56.15,-100.47
56.16,-101.28
56.17,-100.04
56.18,-101.56
56.19,-102.36
56.20,-103.29
56.21,-103.01
56.22,-103.76
56.23,-102.64
56.24,-102.09
56.25,-100.77
56.26,-100.59
56.27,-99.11
56.28,-102.20
56.29,-100.22
56.30,-98.34
56.31,-102.30
56.32,-101.95
56.33,-102.48
56.34,-99.34
56.35,-98.70
56.36,-100.49
56.37,-103.15
56.38,-103.23
56.39,-103.34
56.40,-103.56
56.40,-103.56
56.41,-102.10
56.42,-102.03
56.43,-100.96
56.44,-103.85
56.45,-99.25
56.46,-99.89
56.47,-101.78
56.48,-103.06
56.49,-102.62
56.50,-101.53
56.51,-100.01
56.52,-101.73
56.53,-101.56
56.54,-102.25
56.55,-101.76
56.56,-100.02
56.57,-100.88
56.58,-104.65
56.59,-101.44
56.60,-105.81
56.61,-104.13
56.62,-104.46
56.63,-101.11
56.64,-99.40
56.65,-101.18
56.66,-99.62
56.67,-103.59
56.68,-103.35
56.69,-103.70
56.70,-102.11
56.71,-103.41
56.72,-100.29
56.73,-101.13
56.74,-101.40
56.75,-100.97
56.76,-101.37
56.77,-99.69
56.78,-100.24
56.79,-102.14
56.80,-99.76
56.81,-92.53
56.82,-88.67
56.83,-85.90
56.84,-86.95
56.85,-91.25
56.86,-94.26
56.87,-102.72
56.88,-103.16
56.89,-102.02
56.90,-102.83
56.91,-101.70
56.92,-99.10
56.93,-101.11
56.94,-100.20
56.95,-100.16
56.96,-103.88
56.97,-101.59
56.98,-99.97
56.99,-96.94
57.00,-102.65
57.01,-99.13
57.02,-100.76
57.03,-100.12
57.04,-101.86
57.05,-102.67
57.06,-100.27
57.07,-103.18
57.08,-100.10
57.09,-100.54
57.10,-102.01
57.11,-99.29
57.12,-98.10
57.13,-100.49
57.14,-101.05
57.15,-102.44
57.16,-102.27
57.17,-103.11
57.18,-103.51
57.19,-102.89
57.20,-100.81
57.20,-100.81
57.21,-102.47
57.22,-102.58
57.23,-100.28
57.24,-103.10
57.25,-103.71
57.26,-103.27
57.27,-103.79
57.28,-102.13
57.29,-102.00
57.30,-103.92
57.31,-99.14
57.32,-101.16
57.33,-102.73
57.34,-101.45
57.35,-101.50
57.36,-104.13
57.37,-101.00
57.38,-100.15
57.39,-101.79
57.40,-102.67
57.41,-101.11
57.42,-101.33
57.43,-101.28
57.44,-100.60
57.45,-98.79
57.46,-101.57
57.47,-100.97
57.48,-101.93
57.49,-101.74
57.50,-101.26
57.51,-101.45
57.52,-102.40
57.53,-102.09
57.54,-105.23
57.55,-103.72
57.56,-103.05
57.57,-103.36
57.58,-102.02
57.59,-103.52
57.60,-101.40
57.61,-103.32
57.62,-104.59
57.63,-103.02
57.64,-102.16
57.65,-104.16
57.66,-101.94
57.67,-100.14
57.68,-100.12
57.69,-101.08
57.70,-102.39
57.71,-102.65
57.72,-103.77
57.73,-104.29
57.74,-102.85
57.75,-102.81
57.76,-102.77
57.77,-102.98
57.78,-102.33
57.79,-100.70
57.80,-101.20
57.81,-101.26
57.82,-102.68
57.83,-102.89
57.84,-98.14
57.85,-101.23
57.86,-103.30
57.87,-103.63
57.88,-101.43
57.89,-101.43
57.90,-100.92
57.91,-102.65
57.92,-104.12
57.93,-102.90
57.94,-102.37
57.95,-103.48
57.96,-102.75
57.97,-102.42
57.98,-101.00
57.99,-103.48
58.00,-102.38
58.00,-101.29
58.01,-101.90
58.02,-102.76
58.03,-103.38
58.04,-101.40
58.05,-101.91
58.06,-102.28
58.07,-101.05
58.08,-99.58
58.09,-100.48
58.10,-102.17
58.11,-102.44
58.12,-102.63
58.13,-102.20
58.14,-101.78
58.15,-103.64
58.16,-103.07
58.17,-101.64
58.18,-100.17
58.19,-101.74
58.20,-104.99
58.21,-104.24
58.22,-100.09
58.23,-99.66
58.24,-100.33
58.25,-100.79
58.26,-99.66
58.27,-98.88
58.28,-99.16
58.29,-102.21
58.30,-101.48
58.31,-100.69
58.32,-103.18
58.33,-102.63
58.34,-100.50
58.35,-99.32
58.36,-95.27
58.37,-96.43
58.38,-97.13
58.39,-99.09
58.40,-101.09
58.41,-101.64
58.42,-103.53
58.43,-101.14
58.44,-101.15
58.45,-102.95
58.46,-102.96
58.47,-100.28
58.48,-101.98
58.49,-102.12
58.50,-103.14
58.51,-102.38
58.52,-100.42
58.53,-103.19
58.54,-101.51
58.55,-100.68
58.56,-102.18
58.57,-101.67
58.58,-102.14
58.59,-99.80
58.60,-99.44
58.61,-100.43
58.62,-102.92
58.63,-104.22
58.64,-100.16
58.65,-102.30
58.66,-99.51
58.67,-101.93
58.68,-101.77
58.69,-100.15
58.70,-101.93
58.71,-101.55
58.72,-100.96
58.73,-100.60
58.74,-99.46
58.75,-102.69
58.76,-101.78
58.77,-100.24
58.78,-102.18
58.79,-103.99
58.80,-102.51
58.80,-102.51
58.81,-103.49
58.82,-103.72
58.83,-102.75
58.84,-102.05
58.85,-100.42
58.86,-102.95
58.87,-103.81
58.88,-102.82
58.89,-103.22
58.90,-103.09
58.91,-101.03
58.92,-101.71
58.93,-101.00
58.94,-100.41
58.95,-100.12
58.96,-102.91
58.97,-100.65
58.98,-101.90
58.99,-103.34
59.00,-99.59
59.01,-102.71
59.02,-99.96
59.03,-100.64
59.04,-102.56
59.05,-100.11
59.06,-101.85
59.07,-102.04
59.08,-100.62
59.09,-102.46
59.10,-102.03
59.11,-102.14
59.12,-102.06
59.13,-103.00
59.14,-103.21
59.15,-103.38
59.16,-101.58
59.17,-101.48
59.18,-101.58
59.19,-103.71
59.20,-103.49
59.21,-103.46
59.22,-101.36
59.23,-103.23
59.24,-102.45
59.25,-100.62
59.26,-101.93
59.27,-101.74
59.28,-101.22
59.29,-102.66
59.30,-103.06
59.31,-102.45
59.32,-102.46
59.33,-104.33
59.34,-103.51
59.35,-101.59
59.36,-101.48
59.37,-101.94
59.38,-102.05
59.39,-101.88
59.40,-102.79
59.41,-99.35
59.42,-101.22
59.43,-100.84
59.44,-100.59
59.45,-101.51
59.46,-102.57
59.47,-101.51
59.48,-101.44
59.49,-100.73
59.50,-104.44
59.51,-103.79
59.52,-103.43
59.53,-104.18
59.54,-101.62
59.55,-101.94
59.56,-103.85
59.57,-103.16
59.58,-103.43
59.59,-102.16
59.60,-99.33
59.60,-99.33
59.61,-99.32
59.62,-100.74
59.63,-101.70
59.64,-102.62
59.65,-101.58
59.66,-103.23
59.67,-101.80
59.68,-101.91
59.69,-103.26
59.70,-100.94
59.71,-102.11
59.72,-99.97
59.73,-99.27
59.74,-99.33
59.75,-100.78
59.76,-102.01
59.77,-101.20
59.78,-100.11
59.79,-100.93
59.80,-100.53
59.81,-99.63
59.82,-101.37
59.83,-103.67
59.84,-102.99
59.85,-104.00
59.86,-102.67
59.87,-103.74
59.88,-100.31
59.89,-98.91
59.90,-94.31
59.91,-94.80
59.92,-92.53
59.93,-98.70
59.94,-100.42
59.95,-102.69
59.96,-100.36
59.97,-100.35
59.98,-100.33
59.99,-101.00
60.00,-97.58
60.01,-98.55
60.02,-98.96
60.03,-101.18
60.04,-97.88
60.05,-101.54
60.06,-103.26
60.07,-100.90
60.08,-100.83
60.09,-101.43
60.10,-98.07
60.11,-101.20
60.12,-100.01
60.13,-98.81
60.14,-98.85
60.15,-99.17
60.16,-102.75
60.17,-102.70
60.18,-102.23
60.19,-102.54
60.20,-100.89
60.21,-100.55
60.22,-99.67
60.23,-101.03
60.24,-98.87
60.25,-98.67
60.26,-99.49
60.27,-97.20
60.28,-100.56
60.29,-100.13
60.30,-100.71
60.31,-98.50
60.32,-98.96
60.33,-98.33
60.34,-102.14
60.35,-99.38
60.36,-102.14
60.37,-101.13
60.38,-100.41
60.39,-101.47
60.40,-103.27
60.40,-99.50
60.41,-101.39
60.42,-99.98
60.43,-103.65
60.44,-99.94
60.45,-99.63
60.46,-99.33
60.47,-103.38
60.48,-100.83
60.49,-98.72
60.50,-99.48
60.51,-99.19
60.52,-99.64
60.53,-102.98
60.54,-104.68
60.55,-102.01
60.56,-102.26
60.57,-101.62
60.58,-103.05
60.59,-101.83
60.60,-100.25
60.61,-98.53
60.62,-99.51
60.63,-100.31
60.64,-98.20
60.65,-99.40
60.66,-102.37
60.67,-97.94
60.68,-101.02
60.69,-101.73
60.70,-101.86
60.71,-101.29
60.72,-101.17
60.73,-100.86
60.74,-99.58
60.75,-102.92
60.76,-100.26
60.77,-100.18
60.78,-103.69
60.79,-102.83
60.80,-100.59
60.81,-99.54
60.82,-99.62
60.83,-97.36
60.84,-99.59
60.85,-104.79
60.86,-102.51
60.87,-100.47
60.88,-101.79
60.89,-103.09
60.90,-101.86
60.91,-101.73
60.92,-101.14
60.93,-99.44
60.94,-100.62
60.95,-102.44
60.96,-101.42
60.97,-100.26
60.98,-98.15
60.99,-97.76
61.00,-97.41
61.01,-98.38
61.02,-99.27
61.03,-97.17
61.04,-100.44
61.05,-101.87
61.06,-100.89
61.07,-102.27
61.08,-99.01
61.09,-100.25
61.10,-96.16
61.11,-98.09
61.12,-98.27
61.13,-100.27
61.14,-102.72
61.15,-100.24
61.16,-96.59
61.17,-96.32
61.18,-98.80
61.19,-99.33
61.20,-95.67
61.20,-95.67
61.21,-101.37
61.22,-101.42
61.23,-101.85
61.24,-100.59
61.25,-101.38
61.26,-102.02
61.27,-99.08
61.28,-97.56
61.29,-95.86
61.30,-97.89
61.31,-97.94
61.32,-99.16
61.33,-101.02
61.34,-99.23
61.35,-94.29
61.36,-96.24
61.37,-95.86
61.38,-95.54
61.39,-99.80
61.40,-97.28
61.41,-97.58
61.42,-98.33
61.43,-96.44
61.44,-93.84
61.45,-92.48
61.46,-93.83
61.47,-98.63
61.48,-97.18
61.49,-95.92
61.50,-96.89
61.51,-98.57
61.52,-102.66
61.53,-97.63
61.54,-95.39
61.55,-95.22
61.56,-98.43
61.57,-96.06
61.58,-100.94
61.59,-102.75
61.60,-100.68
61.61,-100.94
61.62,-101.99
61.63,-99.64
61.64,-99.47
61.65,-101.00
61.66,-95.86
61.67,-93.74
61.68,-94.18
61.69,-95.18
61.70,-99.56
61.71,-99.53
61.72,-98.15
61.73,-97.14
61.74,-94.81
61.75,-97.42
61.76,-98.84
61.77,-97.95
61.78,-97.26
61.79,-97.94
61.80,-99.60
61.81,-100.52
61.82,-101.82
61.83,-96.79
61.84,-96.18
61.85,-95.48
61.86,-93.97
61.87,-96.72
61.88,-95.77
61.89,-98.16
61.90,-96.78
61.91,-95.45
61.92,-95.70
61.93,-97.61
61.94,-100.98
61.95,-97.79
61.96,-96.75
61.97,-96.00
61.98,-97.10
61.99,-97.28
62.00,-97.71
62.00,-94.77
62.01,-96.82
62.02,-96.59
62.03,-95.70
62.04,-94.59
62.05,-93.98
62.06,-95.73
62.07,-94.80
62.08,-100.53
62.09,-95.90
62.10,-96.01
62.11,-96.58
62.12,-95.42
62.13,-96.21
62.14,-99.93
62.15,-96.90
62.16,-96.58
62.17,-96.26
62.18,-100.37
62.19,-98.24
62.20,-101.86
62.21,-93.59
62.22,-92.97
62.23,-92.34
62.24,-92.00
62.25,-92.10
62.26,-99.14
62.27,-98.90
62.28,-96.85
62.29,-93.10
62.30,-94.04
62.31,-96.43
62.32,-96.62
62.33,-96.00
62.34,-96.01
62.35,-94.62
62.36,-94.18
62.37,-97.64
62.38,-101.75
62.39,-98.25
62.40,-90.69
62.41,-92.91
62.42,-93.13
62.43,-92.86
62.44,-93.93
62.45,-94.74
62.46,-94.07
62.47,-95.64
62.48,-93.69
62.49,-93.91
62.50,-96.25
62.51,-97.87
62.52,-93.31
62.53,-94.18
62.54,-93.88
62.55,-96.96
62.56,-99.40
62.57,-97.68
62.58,-92.07
62.59,-89.62
62.60,-91.58
62.61,-91.78
62.62,-92.16
62.63,-99.26
62.64,-96.80
62.65,-95.07
62.66,-95.14
62.67,-97.31
62.68,-94.65
62.69,-96.13
62.70,-94.08
62.71,-92.27
62.72,-90.09
62.73,-93.69
62.74,-96.17
62.75,-99.29
62.76,-93.13
62.77,-91.87
62.78,-91.67
62.79,-90.58
62.80,-96.59
62.80,-95.44
62.81,-92.67
62.82,-94.04
62.83,-96.17
62.84,-98.34
62.85,-99.52
62.86,-95.42
62.87,-94.96
62.88,-94.34
62.89,-92.76
62.90,-90.92
62.91,-90.94
62.92,-91.53
62.93,-97.56
62.94,-91.73
62.95,-91.03
62.96,-87.79
62.97,-87.31
62.98,-90.54
62.99,-88.30
63.00,-94.69
63.01,-95.78
63.02,-93.47
63.03,-97.35
63.04,-94.92
63.05,-96.63
63.06,-93.38
63.07,-94.50
63.08,-90.20
63.09,-90.24
63.10,-90.64
63.11,-92.77
63.12,-93.73
63.13,-95.48
63.14,-94.58
63.15,-91.80
63.16,-92.75
63.17,-93.47
63.18,-95.58
63.19,-94.98
63.20,-94.73
63.21,-97.18
63.22,-94.05
63.23,-95.63
63.24,-98.87
63.25,-94.39
63.26,-91.22
63.27,-90.14
63.28,-88.11
63.29,-89.28
63.30,-91.99
63.31,-96.04
63.32,-94.93
63.33,-94.44
63.34,-93.10
63.35,-92.96
63.36,-92.26
63.37,-92.88
63.38,-93.64
63.39,-92.31
63.40,-96.11
63.41,-98.45
63.42,-98.11
63.43,-93.75
63.44,-90.03
63.45,-89.34
63.46,-90.81
63.47,-90.35
63.48,-92.42
63.49,-94.62
63.50,-93.58
63.51,-94.29
63.52,-93.07
63.53,-95.80
63.54,-93.98
63.55,-93.59
63.56,-94.64
63.57,-91.98
63.58,-91.10
63.59,-90.73
63.60,-96.42
63.60,-96.42
63.61,-92.19
63.62,-89.96
63.63,-88.95
63.64,-88.35
63.65,-90.58
63.66,-90.75
63.67,-93.26
63.68,-91.34
63.69,-93.18
63.70,-95.64
63.71,-101.23
63.72,-96.10
63.73,-95.50
63.74,-93.82
63.75,-90.68
63.76,-89.65
63.77,-90.45
63.78,-93.56
63.79,-92.32
63.80,-90.05
63.81,-90.77
63.82,-89.19
63.83,-90.79
63.84,-95.77
63.85,-91.68
63.86,-90.40
63.87,-95.87
63.88,-97.36
63.89,-94.51
63.90,-93.84
63.91,-92.62
63.92,-92.41
63.93,-93.79
63.94,-89.49
63.95,-89.43
63.96,-89.07
63.97,-91.06
63.98,-92.41
63.99,-90.65
64.00,-92.30
64.01,-93.17
64.02,-90.67
64.03,-95.41
64.04,-95.52
64.05,-94.07
64.06,-93.60
64.07,-96.97
64.08,-95.05
64.09,-93.19
64.10,-97.48
64.11,-96.88
64.12,-90.56
64.13,-90.07
64.14,-89.53
64.15,-90.98
64.16,-93.98
64.17,-96.58
64.18,-93.27
64.19,-91.61
64.20,-93.61
64.21,-95.58
64.22,-94.68
64.23,-94.28
64.24,-94.18
64.25,-94.34
64.26,-93.63
64.27,-97.93
64.28,-98.45
64.29,-89.20
64.30,-90.13
64.31,-89.69
64.32,-87.93
64.33,-88.62
64.34,-92.75
64.35,-96.00
64.36,-92.05
64.37,-91.67
64.38,-92.15
64.39,-94.45
64.40,-94.38
64.40,-94.38
64.41,-94.52
64.42,-93.16
64.43,-92.71
64.44,-93.65
64.45,-95.42
64.46,-99.57
64.47,-88.98
64.48,-90.34
64.49,-88.14
64.50,-88.34
64.51,-87.77
64.52,-88.27
64.53,-94.06
64.54,-94.35
64.55,-94.78
64.56,-94.82
64.57,-94.90
64.58,-93.76
64.59,-94.98
64.60,-93.72
64.61,-90.33
64.62,-93.79
64.63,-94.12
64.64,-95.59
64.65,-95.36
64.66,-90.91
64.67,-89.35
64.68,-89.13
64.69,-90.26
64.70,-92.13
64.71,-92.13
64.72,-95.43
64.73,-91.92
64.74,-98.72
64.75,-94.34
64.76,-93.52
64.77,-96.02
64.78,-93.72
64.79,-91.93
64.80,-91.04
64.81,-90.81
64.82,-93.35
64.83,-96.59
64.84,-94.09
64.85,-90.56
64.86,-89.87
64.87,-93.23
64.88,-92.52
64.89,-94.11
64.90,-95.61
64.91,-94.55
64.92,-96.79
64.93,-95.60
64.94,-94.90
64.95,-93.78
64.96,-96.61
64.97,-93.75
64.98,-89.67
64.99,-89.33
65.00,-90.47
65.01,-93.45
65.02,-95.20
65.03,-93.12
65.04,-94.45
65.05,-92.73
65.06,-93.13
65.07,-95.86
65.08,-94.67
65.09,-95.33
65.10,-95.22
65.11,-97.72
65.12,-94.12
65.13,-93.85
65.14,-100.58
65.15,-92.35
65.16,-90.99
65.17,-89.55
65.18,-88.18
65.19,-90.72
65.20,-98.59
65.20,-98.59
65.21,-93.66
65.22,-91.38
65.23,-91.52
65.24,-93.16
65.25,-94.94
65.26,-95.29
65.27,-97.01
65.28,-93.65
65.29,-94.26
65.30,-94.52
65.31,-99.24
65.32,-94.31
65.33,-95.09
65.34,-91.04
65.35,-89.62
65.36,-90.34
65.37,-90.47
65.38,-92.80
65.39,-94.75
65.40,-93.87
65.41,-93.38
65.42,-96.13
65.43,-98.47
65.44,-94.19
65.45,-96.54
65.46,-95.23
65.47,-94.32
65.48,-95.55
65.49,-100.01
65.50,-98.09
65.51,-92.04
65.52,-90.29
65.53,-90.85
65.54,-92.27
65.55,-93.57
65.56,-97.46
65.57,-96.08
65.58,-94.98
65.59,-93.76
65.60,-97.24
65.61,-98.11
65.62,-94.74
65.63,-97.45
65.64,-98.06
65.65,-91.95
65.66,-95.09
65.67,-95.08
65.68,-97.84
65.69,-98.51
65.70,-92.54
65.71,-89.83
65.72,-91.54
65.73,-92.78
65.74,-92.07
65.75,-95.85
65.76,-95.29
65.77,-94.80
65.78,-98.29
65.79,-97.14
65.80,-95.71
65.81,-96.12
65.82,-93.81
65.83,-92.88
65.84,-92.22
65.85,-91.05
65.86,-92.42
65.87,-94.99
65.88,-94.81
65.89,-93.44
65.90,-95.07
65.91,-94.92
65.92,-94.27
65.93,-97.30
65.94,-94.80
65.95,-93.82
65.96,-93.63
65.97,-92.56
65.98,-95.14
65.99,-91.95
66.00,-93.14
66.00,-95.49
66.01,-96.71
66.02,-93.87
66.03,-90.30
66.04,-90.28
66.05,-94.56
66.06,-95.46
66.07,-97.74
66.08,-100.06
66.09,-91.06
66.10,-92.65
66.11,-93.81
66.12,-92.90
66.13,-93.89
66.14,-95.47
66.15,-96.37
66.16,-97.84
66.17,-99.97
66.18,-97.31
66.19,-97.27
66.20,-95.89
66.21,-92.83
66.22,-93.67
66.23,-92.12
66.24,-93.54
66.25,-95.32
66.26,-95.07
66.27,-92.94
66.28,-92.41
66.29,-97.51
66.30,-93.11
66.31,-93.47
66.32,-97.64
66.33,-95.73
66.34,-98.57
66.35,-98.05
66.36,-98.57
66.37,-94.61
66.38,-95.89
66.39,-97.70
66.40,-90.62
66.41,-91.43
66.42,-91.65
66.43,-93.04
66.44,-94.46
66.45,-96.79
66.46,-97.05
66.47,-91.93
66.48,-95.92
66.49,-95.96
66.50,-98.27
66.51,-93.41
66.52,-95.23
66.53,-95.53
66.54,-97.87
66.55,-95.72
66.56,-100.91
66.57,-97.77
66.58,-93.55
66.59,-91.58
66.60,-89.79
66.61,-91.78
66.62,-94.51
66.63,-100.26
66.64,-93.28
66.65,-92.78
66.66,-93.81
66.67,-98.53
66.68,-96.71
66.69,-95.31
66.70,-92.18
66.71,-93.84
66.72,-96.40
66.73,-97.64
66.74,-100.82
66.75,-97.08
66.76,-93.68
66.77,-94.71
66.78,-92.23
66.79,-91.48
66.80,-97.58
66.80,-95.32
66.81,-98.07
66.82,-97.69
66.83,-94.81
66.84,-98.18
66.85,-98.67
66.86,-101.49
66.87,-97.09
66.88,-96.17
66.89,-95.27
66.90,-96.17
66.91,-97.33
66.92,-99.93
66.93,-96.14
66.94,-94.23
66.95,-93.26
66.96,-91.31
66.97,-93.01
66.98,-91.42
66.99,-96.10
67.00,-97.75
67.01,-98.40
67.02,-98.08
67.03,-100.08
67.04,-98.67
67.05,-96.92
67.06,-97.30
67.07,-93.64
67.08,-92.71
67.09,-94.28
67.10,-95.46
67.11,-98.98
67.12,-97.74
67.13,-94.16
67.14,-95.19
67.15,-95.68
67.16,-93.57
67.17,-93.66
67.18,-94.48
67.19,-95.76
67.20,-101.67
67.21,-99.72
67.22,-99.13
67.23,-99.02
67.24,-97.10
67.25,-95.07
67.26,-93.15
67.27,-92.01
67.28,-94.28
67.29,-96.54
67.30,-96.66
67.31,-95.02
67.32,-98.27
67.33,-94.98
67.34,-93.61
67.35,-94.65
67.36,-98.42
67.37,-95.02
67.38,-97.08
67.39,-99.07
67.40,-96.93
67.41,-101.99
67.42,-100.19
67.43,-98.13
67.44,-94.29
67.45,-91.77
67.46,-92.21
67.47,-94.90
67.48,-95.91
67.49,-96.32
67.50,-92.95
67.51,-94.39
67.52,-95.50
67.53,-98.69
67.54,-94.89
67.55,-94.99
67.56,-99.62
67.57,-96.04
67.58,-96.45
67.59,-95.45
67.60,-99.02
67.60,-99.02
67.61,-97.73
67.62,-93.82
67.63,-92.56
67.64,-91.75
67.65,-92.26
67.66,-92.29
67.67,-96.18
67.68,-96.64
67.69,-95.16
67.70,-98.35
67.71,-99.98
67.72,-100.51
67.73,-95.73
67.74,-95.26
67.75,-95.62
67.76,-98.19
67.77,-102.04
67.78,-102.31
67.79,-99.77
67.80,-96.86
67.81,-95.37
67.82,-94.01
67.83,-94.32
67.84,-93.68
67.85,-98.39
67.86,-97.66
67.87,-98.00
67.88,-96.72
67.89,-100.52
67.90,-98.63
67.91,-100.13
67.92,-101.26
67.93,-93.25
67.94,-95.55
67.95,-98.08
67.96,-101.27
67.97,-98.27
67.98,-94.51
67.99,-95.47
68.00,-96.09
68.01,-93.25
68.02,-94.86
68.03,-95.25
68.04,-96.03
68.05,-99.51
68.06,-99.64
68.07,-99.43
68.08,-100.60
68.09,-98.03
68.10,-96.14
68.11,-94.57
68.12,-95.51
68.13,-95.75
68.14,-97.12
68.15,-96.81
68.16,-98.11
68.17,-95.09
68.18,-97.62
68.19,-96.12
68.20,-94.20
68.21,-96.91
68.22,-100.58
68.23,-101.19
68.24,-104.05
68.25,-100.37
68.26,-98.89
68.27,-96.03
68.28,-94.31
68.29,-95.39
68.30,-91.90
68.31,-93.00
68.32,-92.57
68.33,-91.87
68.34,-99.02
68.35,-97.91
68.36,-94.79
68.37,-93.73
68.38,-96.99
68.39,-98.58
68.40,-99.75
68.40,-99.75
68.41,-97.28
68.42,-101.88
68.43,-101.24
68.44,-99.17
68.45,-96.90
68.46,-100.87
68.47,-93.74
68.48,-94.41
68.49,-93.29
68.50,-93.99
68.51,-94.61
68.52,-94.75
68.53,-101.41
68.54,-94.47
68.55,-96.74
68.56,-100.40
68.57,-100.17
68.58,-101.96
68.59,-95.78
68.60,-99.67
68.61,-96.07
68.62,-98.85
68.63,-101.27
68.64,-103.45
68.65,-95.49
68.66,-97.37
68.67,-93.04
68.68,-92.92
68.69,-92.47
68.70,-93.24
68.71,-96.77
68.72,-96.45
68.73,-95.29
68.74,-98.11
68.75,-99.55
68.76,-100.24
68.77,-99.40
68.78,-98.16
68.79,-94.88
68.80,-97.46
68.81,-100.93
68.82,-100.81
68.83,-102.02
68.84,-95.94
68.85,-97.19
68.86,-94.51
68.87,-93.14
68.88,-95.01
68.89,-98.61
68.90,-100.30
68.91,-100.69
68.92,-102.81
68.93,-101.89
68.94,-97.81
68.95,-97.27
68.96,-93.01
68.97,-93.46
68.98,-92.49
68.99,-95.30
69.00,-98.63
69.01,-99.92
69.02,-96.51
69.03,-96.79
69.04,-95.55
69.05,-94.34
69.06,-95.21
69.07,-99.38
69.08,-101.64
69.09,-102.63
69.10,-99.78
69.11,-101.38
69.12,-98.58
69.13,-94.75
69.14,-94.73
69.15,-93.35
69.16,-93.71
69.17,-93.06
69.18,-93.67
69.19,-96.65
69.20,-98.54
69.20,-98.54
69.21,-94.08
69.22,-94.06
69.23,-99.85
69.24,-103.64
69.25,-97.89
69.26,-100.00
69.27,-101.16
69.28,-100.60
69.29,-99.27
69.30,-95.61
69.31,-95.34
69.32,-96.15
69.33,-97.20
69.34,-93.07
69.35,-92.72
69.36,-92.81
69.37,-100.37
69.38,-97.05
69.39,-97.01
69.40,-99.48
69.41,-99.84
69.42,-97.26
69.43,-94.83
69.44,-99.32
69.45,-99.54
69.46,-96.97
69.47,-102.75
69.48,-102.82
69.49,-100.02
69.50,-97.74
69.51,-97.86
69.52,-97.52
69.53,-94.08
69.54,-98.60
69.55,-99.34
69.56,-98.80
69.57,-95.85
69.58,-98.81
69.59,-102.80
69.60,-100.30
69.61,-101.95
69.62,-98.58
69.63,-95.86
69.64,-93.44
69.65,-97.67
69.66,-101.19
69.67,-100.98
69.68,-94.30
69.69,-94.62
69.70,-95.45
69.71,-95.98
69.72,-94.15
69.73,-94.50
69.74,-100.53
69.75,-101.20
69.76,-102.29
69.77,-101.86
69.78,-101.14
69.79,-98.78
69.80,-94.73
69.81,-95.92
69.82,-94.36
69.83,-92.85
69.84,-94.36
69.85,-97.26
69.86,-100.62
69.87,-95.82
69.88,-93.23
69.89,-94.17
69.90,-97.86
69.91,-98.60
69.92,-100.47
69.93,-96.84
69.94,-102.29
69.95,-101.78
69.96,-97.12
69.97,-95.19
69.98,-96.73
69.99,-94.82
70.00,-92.66
70.00,-98.22
70.01,-98.39
70.02,-94.37
70.03,-97.35
70.04,-100.68
70.05,-103.21
70.06,-97.28
70.07,-96.95
70.08,-96.32
70.09,-93.85
70.10,-94.45
70.11,-94.01
70.12,-98.37
70.13,-97.35
70.14,-98.35
70.15,-100.91
70.16,-101.62
70.17,-102.59
70.18,-102.69
70.19,-101.42
70.20,-91.64
70.21,-92.85
70.22,-95.69
70.23,-94.98
70.24,-101.02
70.25,-98.19
70.26,-96.20
70.27,-95.99
70.28,-94.47
70.29,-92.49
70.30,-94.54
70.31,-97.01
70.32,-99.21
70.33,-102.38
70.34,-101.69
70.35,-99.10
70.36,-100.92
70.37,-99.71
70.38,-93.31
70.39,-94.10
70.40,-94.15
70.41,-95.87
70.42,-98.51
70.43,-99.80
70.44,-96.56
70.45,-95.80
70.46,-92.15
70.47,-95.55
70.48,-97.76
70.49,-98.20
70.50,-99.47
70.51,-101.47
70.52,-102.00
70.53,-98.34
70.54,-94.94
70.55,-96.83
70.56,-94.44
70.57,-93.19
70.58,-91.75
70.59,-92.00
70.60,-96.03
70.61,-97.37
70.62,-96.58
70.63,-92.38
70.64,-92.39
70.65,-93.59
70.66,-94.65
70.67,-96.10
70.68,-96.89
70.69,-101.26
70.70,-100.27
70.71,-98.38
70.72,-95.31
70.73,-93.61
70.74,-95.30
70.75,-96.26
70.76,-93.19
70.77,-92.41
70.78,-91.92
70.79,-92.90
70.80,-95.99
70.80,-95.99
70.81,-93.72
70.82,-94.66
70.83,-96.43
70.84,-100.05
70.85,-101.58
70.86,-101.49
70.87,-99.60
70.88,-97.55
70.89,-98.34
70.90,-101.01
70.91,-101.30
70.92,-96.67
70.93,-96.77
70.94,-95.32
70.95,-92.74
70.96,-93.19
70.97,-94.77
70.98,-99.03
70.99,-96.05
71.00,-97.56
71.01,-101.93
71.02,-99.93
71.03,-101.96
71.04,-100.66
71.05,-97.41
71.06,-95.07
71.07,-96.41
71.08,-101.38
71.09,-99.32
71.10,-101.79
71.11,-99.92
71.12,-95.42
71.13,-96.87
71.14,-95.09
71.15,-94.41
71.16,-96.06
71.17,-98.13
71.18,-96.93
71.19,-99.27
71.20,-98.60
71.21,-96.77
71.22,-100.59
71.23,-98.13
71.24,-93.40
71.25,-92.76
71.26,-97.21
71.27,-97.35
71.28,-97.27
71.29,-97.89
71.30,-95.08
71.31,-96.21
71.32,-94.97
71.33,-93.60
71.34,-96.74
71.35,-96.02
71.36,-96.59
71.37,-99.68
71.38,-100.18
71.39,-96.92
71.40,-94.06
71.41,-94.47
71.42,-92.28
71.43,-93.42
71.44,-92.80
71.45,-94.90
71.46,-96.48
71.47,-97.24
71.48,-94.32
71.49,-92.05
71.50,-92.96
71.51,-93.24
71.52,-97.25
71.53,-93.86
71.54,-97.07
71.55,-98.85
71.56,-97.21
71.57,-98.48
71.58,-95.34
71.59,-94.87
71.60,-94.40
71.60,-94.40
71.61,-94.14
71.62,-93.06
71.63,-92.97
71.64,-95.90
71.65,-93.70
71.66,-95.63
71.67,-91.59
71.68,-93.86
71.69,-96.22
71.70,-97.89
71.71,-98.29
71.72,-94.92
71.73,-97.79
71.74,-95.76
71.75,-97.15
71.76,-99.47
71.77,-98.94
71.78,-96.10
71.79,-95.63
71.80,-95.43
71.81,-95.31
71.82,-93.88
71.83,-100.51
71.84,-95.03
71.85,-96.20
71.86,-94.84
71.87,-100.46
71.88,-100.08
71.89,-100.54
71.90,-96.30
71.91,-100.29
71.92,-97.18
71.93,-96.43
71.94,-101.33
71.95,-95.98
71.96,-99.59
71.97,-95.60
71.98,-93.75
71.99,-91.68
72.00,-92.24
72.01,-91.18
72.02,-93.78
72.03,-97.02
72.04,-99.48
72.05,-97.61
72.06,-99.58
72.07,-99.12
72.08,-99.98
72.09,-96.63
72.10,-94.31
72.11,-95.44
72.12,-98.04
72.13,-99.97
72.14,-97.71
72.15,-96.40
72.16,-96.23
72.17,-94.71
72.18,-93.57
72.19,-90.20
72.20,-92.54
72.21,-93.30
72.22,-98.30
72.23,-99.79
72.24,-99.98
72.25,-96.90
72.26,-97.88
72.27,-95.17
72.28,-92.65
72.29,-92.85
72.30,-94.45
72.31,-96.18
72.32,-98.09
72.33,-96.58
72.34,-94.10
72.35,-93.27
72.36,-93.95
72.37,-93.97
72.38,-94.73
72.39,-94.89
72.40,-100.47
72.40,-100.47
72.41,-100.73
72.42,-102.34
72.43,-100.70
72.44,-95.64
72.45,-97.87
72.46,-94.61
72.47,-94.12
72.48,-94.26
72.49,-93.61
72.50,-96.83
72.51,-98.28
72.52,-95.47
72.53,-93.40
72.54,-96.42
72.55,-97.37
72.56,-98.11
72.57,-100.42
72.58,-98.56
72.59,-98.47
72.60,-99.03
72.61,-95.82
72.62,-99.36
72.63,-95.65
72.64,-97.10
72.65,-94.81
72.66,-95.02
72.67,-92.61
72.68,-95.66
72.69,-96.13
72.70,-96.98
72.71,-95.57
72.72,-95.10
72.73,-100.03
72.74,-97.21
72.75,-96.36
72.76,-97.40
72.77,-96.60
72.78,-96.28
72.79,-97.86
72.80,-99.96
72.81,-99.25
72.82,-97.13
72.83,-95.35
72.84,-91.97
72.85,-91.21
72.86,-92.58
72.87,-95.62
72.88,-97.04
72.89,-97.16
72.90,-98.25
72.91,-102.00
72.92,-101.54
72.93,-97.91
72.94,-94.23
72.95,-93.31
72.96,-92.55
72.97,-94.99
72.98,-97.69
72.99,-100.44
73.00,-96.79
73.01,-95.97
73.02,-94.82
73.03,-94.71
73.04,-94.80
73.05,-94.76
73.06,-96.39
73.07,-98.08
73.08,-101.36
73.09,-102.03
73.10,-102.62
73.11,-97.75
73.12,-99.88
73.13,-94.87
73.14,-94.96
73.15,-95.86
73.16,-99.93
73.17,-98.71
73.18,-99.38
73.19,-97.67
73.20,-97.46
73.20,-97.46
73.21,-96.63
73.22,-96.52
73.23,-97.12
73.24,-98.33
73.25,-101.16
73.26,-103.09
73.27,-103.58
73.28,-102.13
73.29,-100.27
73.30,-101.13
73.31,-97.78
73.32,-96.21
73.33,-95.77
73.34,-97.72
73.35,-98.64
73.36,-97.18
73.37,-97.37
73.38,-96.15
73.39,-95.84
73.40,-96.31
73.41,-101.18
73.42,-100.71
73.43,-101.79
73.44,-101.12
73.45,-100.99
73.46,-102.10
73.47,-99.15
73.48,-99.42
73.49,-97.36
73.50,-97.55
73.51,-96.23
73.52,-97.49
73.53,-97.98
73.54,-97.85
73.55,-98.90
73.56,-97.48
73.57,-97.65
73.58,-99.59
73.59,-103.25
73.60,-104.61
73.61,-102.39
73.62,-103.84
73.63,-102.55
73.64,-99.71
73.65,-100.02
73.66,-100.48
73.67,-97.38
73.68,-98.12
73.69,-97.86
73.70,-96.71
73.71,-94.07
73.72,-92.86
73.73,-91.64
73.74,-92.38
73.75,-96.54
73.76,-100.00
73.77,-103.22
73.78,-103.43
73.79,-103.24
73.80,-102.02
73.81,-99.46
73.82,-100.42
73.83,-101.92
73.84,-102.82
73.85,-100.47
73.86,-100.01
73.87,-99.97
73.88,-98.04
73.89,-97.02
73.90,-98.11
73.91,-100.15
73.92,-99.70
73.93,-101.26
73.94,-105.51
73.95,-102.00
73.96,-102.42
73.97,-102.50
73.98,-99.43
73.99,-99.61
74.00,-98.74
74.00,-103.32
74.01,-101.97
74.02,-100.80
74.03,-104.42
74.04,-100.89
74.05,-98.39
74.06,-97.96
74.07,-98.93
74.08,-98.82
74.09,-100.88
74.10,-102.46
74.11,-101.18
74.12,-99.13
74.13,-101.85
74.14,-99.24
74.15,-101.65
74.16,-100.58
74.17,-104.71
74.18,-100.95
74.19,-99.14
74.20,-99.01
74.21,-92.84
74.22,-86.91
74.23,-81.98
74.24,-79.46
74.25,-78.86
74.26,-81.39
74.27,-85.74
74.28,-90.80
74.29,-98.37
74.30,-99.02
74.31,-99.81
74.32,-100.79
74.33,-98.81
74.34,-96.08
74.35,-94.96
74.36,-93.45
74.37,-93.96
74.38,-95.31
74.39,-98.19
74.40,-101.70
74.41,-100.60
74.42,-98.26
74.43,-99.07
74.44,-100.20
74.45,-98.87
74.46,-100.64
74.47,-102.00
74.48,-102.49
74.49,-101.81
74.50,-102.72
74.51,-100.75
74.52,-98.82
74.53,-101.01
74.54,-100.88
74.55,-99.91
74.56,-98.30
74.57,-98.64
74.58,-101.38
74.59,-99.02
74.60,-100.20
74.61,-98.97
74.62,-100.36
74.63,-101.29
74.64,-101.10
74.65,-100.12
74.66,-102.67
74.67,-100.80
74.68,-101.57
74.69,-101.30
74.70,-100.49
74.71,-100.11
74.72,-100.75
74.73,-100.25
74.74,-98.67
74.75,-99.91
74.76,-100.67
74.77,-100.82
74.78,-101.26
74.79,-98.96
74.80,-98.86
74.80,-98.86
74.81,-100.39
74.82,-104.64
74.83,-101.87
74.84,-102.51
74.85,-102.26
74.86,-104.05
74.87,-100.55
74.88,-100.91
74.89,-99.70
74.90,-101.37
74.91,-101.36
74.92,-99.52
74.93,-99.69
74.94,-99.23
74.95,-98.51
74.96,-101.07
74.97,-98.78
74.98,-97.20
74.99,-98.35
75.00,-100.00
75.01,-101.79
75.02,-102.76
75.03,-104.14
75.04,-101.79
75.05,-101.09
75.06,-100.13
75.07,-97.88
75.08,-98.27
75.09,-98.95
75.10,-99.58
75.11,-99.16
75.12,-100.86
75.13,-99.49
75.14,-98.13
75.15,-100.13
75.16,-98.28
75.17,-98.70
75.18,-98.72
75.19,-101.75
75.20,-100.08
75.21,-100.44
75.22,-99.01
75.23,-93.88
75.24,-93.32
75.25,-88.45
75.26,-86.84
75.27,-85.60
75.28,-87.49
75.29,-89.98
75.30,-95.52
75.31,-98.87
75.32,-98.74
75.33,-97.20
75.34,-98.66
75.35,-97.47
75.36,-96.98
75.37,-96.51
75.38,-97.40
75.39,-97.45
75.40,-98.05
75.41,-97.81
75.42,-99.41
75.43,-98.41
75.44,-99.45
75.45,-97.99
75.46,-94.76
75.47,-96.42
75.48,-96.33
75.49,-95.02
75.50,-95.45
75.51,-96.22
75.52,-97.78
75.53,-97.95
75.54,-97.25
75.55,-95.80
75.56,-95.96
75.57,-93.91
75.58,-95.84
75.59,-95.07
75.60,-94.48
75.60,-94.48
75.61,-94.89
75.62,-98.51
75.63,-94.89
75.64,-93.37
75.65,-93.18
75.66,-94.27
75.67,-92.50
75.68,-93.96
75.69,-92.87
75.70,-93.87
75.71,-95.64
75.72,-94.64
75.73,-94.27
75.74,-92.33
75.75,-90.57
75.76,-86.75
75.77,-89.36
75.78,-89.78
75.79,-89.70
75.80,-93.15
75.81,-95.43
75.82,-93.21
75.83,-95.30
75.84,-90.95
75.85,-88.65
75.86,-88.94
75.87,-89.51
75.88,-92.57
75.89,-92.69
75.90,-92.87
75.91,-94.63
75.92,-94.27
75.93,-91.15
75.94,-89.08
75.95,-91.44
75.96,-91.25
75.97,-94.75
75.98,-93.34
75.99,-92.63
76.00,-95.22
76.01,-96.48
76.02,-94.59
76.03,-93.69
76.04,-94.64
76.05,-95.50
76.06,-95.36
76.07,-95.95
76.08,-96.58
76.09,-94.98
76.10,-94.68
76.11,-95.27
76.12,-95.47
76.13,-95.17
76.14,-96.80
76.15,-94.95
76.16,-95.00
76.17,-93.60
76.18,-94.84
76.19,-94.58
76.20,-96.21
76.21,-94.01
76.22,-93.21
76.23,-95.73
76.24,-93.84
76.25,-95.32
76.26,-93.72
76.27,-94.93
76.28,-93.91
76.29,-93.04
76.30,-92.71
76.31,-91.76
76.32,-96.29
76.33,-94.66
76.34,-94.66
76.35,-95.00
76.36,-94.89
76.37,-94.37
76.38,-96.19
76.39,-95.47
76.40,-94.74
76.40,-94.74
76.41,-93.91
76.42,-94.51
76.43,-95.96
76.44,-96.03
76.45,-94.28
76.46,-93.96
76.47,-92.96
76.48,-94.40
76.49,-94.44
76.50,-93.72
76.51,-91.99
76.52,-92.64
76.53,-93.41
76.54,-92.57
76.55,-92.74
76.56,-93.90
76.57,-96.13
76.58,-94.93
76.59,-93.51
76.60,-94.60
76.61,-95.36
76.62,-94.92
76.63,-96.66
76.64,-95.45
76.65,-96.16
76.66,-94.65
76.67,-93.05
76.68,-93.04
76.69,-93.58
76.70,-93.35
76.71,-95.23
76.72,-93.32
76.73,-95.08
76.74,-93.51
76.75,-94.82
76.76,-93.80
76.77,-94.27
76.78,-90.79
76.79,-89.13
76.80,-87.73
76.81,-89.08
76.82,-90.69
76.83,-92.37
76.84,-95.66
76.85,-94.57
76.86,-93.64
76.87,-93.33
76.88,-91.09
76.89,-93.72
76.90,-94.06
76.91,-93.92
76.92,-93.56
76.93,-92.20
76.94,-93.74
76.95,-95.47
76.96,-91.27
76.97,-95.08
76.98,-94.12
76.99,-93.29
77.00,-90.70
77.01,-92.27
77.02,-92.76
77.03,-91.35
77.04,-91.55
77.05,-93.24
77.06,-91.27
77.07,-93.73
77.08,-92.68
77.09,-92.20
77.10,-93.02
77.11,-92.77
77.12,-92.40
77.13,-92.79
77.14,-91.52
77.15,-94.39
77.16,-93.32
77.17,-91.56
77.18,-94.13
77.19,-94.13
77.20,-94.91
77.20,-94.91
77.21,-96.11
77.22,-95.66
77.23,-93.52
77.24,-94.85
77.25,-94.02
77.26,-95.40
77.27,-92.28
77.28,-92.83
77.29,-93.19
77.30,-93.37
77.31,-91.09
77.32,-92.41
77.33,-93.89
77.34,-93.58
77.35,-94.31
77.36,-91.47
77.37,-93.76
77.38,-91.41
77.39,-93.40
77.40,-94.48
77.41,-93.36
77.42,-95.36
77.43,-94.96
77.44,-92.98
77.45,-92.57
77.46,-94.67
77.47,-94.68
77.48,-94.41
77.49,-95.97
77.50,-94.56
77.51,-93.93
77.52,-94.19
77.53,-94.88
77.54,-93.93
77.55,-95.49
77.56,-95.25
77.57,-95.97
77.58,-95.00
77.59,-96.93
77.60,-94.20
77.61,-93.51
77.62,-96.95
77.63,-95.36
77.64,-96.15
77.65,-94.83
77.66,-95.67
77.67,-95.34
77.68,-97.27
77.69,-94.93
77.70,-95.46
77.71,-95.67
77.72,-95.25
77.73,-95.94
77.74,-95.90
77.75,-95.30
77.76,-94.74
77.77,-94.54
77.78,-96.96
77.79,-96.10
77.80,-95.20
77.81,-96.87
77.82,-97.25
77.83,-97.43
77.84,-98.41
77.85,-96.87
77.86,-96.89
77.87,-96.96
77.88,-94.19
77.89,-97.67
77.90,-94.29
77.91,-98.18
77.92,-94.53
77.93,-95.74
77.94,-96.22
77.95,-96.47
77.96,-95.53
77.97,-98.91
77.98,-97.26
77.99,-98.01
78.00,-96.74
78.00,-98.68
78.01,-94.36
78.02,-95.93
78.03,-94.59
78.04,-96.21
78.05,-96.27
78.06,-96.28
78.07,-96.61
78.08,-97.34
78.09,-95.83
78.10,-95.29
78.11,-98.09
78.12,-98.71
78.13,-97.16
78.14,-96.81
78.15,-97.97
78.16,-98.36
78.17,-94.96
78.18,-98.54
78.19,-98.89
78.20,-97.40
78.21,-98.51
78.22,-97.94
78.23,-97.45
78.24,-95.95
78.25,-96.70
78.26,-98.18
78.27,-99.67
78.28,-96.71
78.29,-98.45
78.30,-99.20
78.31,-96.82
78.32,-93.94
78.33,-89.21
78.34,-90.30
78.35,-90.71
78.36,-92.73
78.37,-95.77
78.38,-98.61
78.39,-97.02
78.40,-95.69
78.41,-94.51
78.42,-95.64
78.43,-95.59
78.44,-96.79
78.45,-98.19
78.46,-98.78
78.47,-97.93
78.48,-93.12
78.49,-92.39
78.50,-90.78
78.51,-91.70
78.52,-93.41
78.53,-96.59
78.54,-99.08
78.55,-97.31
78.56,-97.89
78.57,-95.95
78.58,-92.08
78.59,-92.48
78.60,-91.78
78.61,-96.27
78.62,-98.01
78.63,-100.18
78.64,-99.11
78.65,-98.15
78.66,-96.08
78.67,-94.74
78.68,-96.38
78.69,-98.31
78.70,-97.43
78.71,-98.58
78.72,-97.45
78.73,-98.56
78.74,-99.33
78.75,-99.33
78.76,-99.31
78.77,-100.26
78.78,-100.63
78.79,-102.32
78.80,-100.83
78.80,-100.83
78.81,-99.31
78.82,-99.64
78.83,-99.74
78.84,-101.63
78.85,-99.49
78.86,-98.55
78.87,-101.71
78.88,-99.32
78.89,-101.77
78.90,-101.96
78.91,-100.86
78.92,-101.31
78.93,-99.30
78.94,-100.69
78.95,-100.50
78.96,-100.03
78.97,-99.21
78.98,-99.85
78.99,-101.49
79.00,-101.95
79.01,-102.83
79.02,-102.53
79.03,-99.89
79.04,-101.52
79.05,-101.41
79.06,-101.99
79.07,-105.70
79.08,-103.22
79.09,-104.13
79.10,-103.46
79.11,-100.31
79.12,-98.28
79.13,-101.13
79.14,-103.42
79.15,-104.60
79.16,-103.95
79.17,-104.53
79.18,-104.07
79.19,-101.68
79.20,-99.33
79.21,-100.35
79.22,-102.02
79.23,-102.56
79.24,-103.77
79.25,-105.30
79.26,-104.12
79.27,-103.48
79.28,-104.10
79.29,-102.69
79.30,-102.92
79.31,-104.18
79.32,-104.63
79.33,-106.37
79.34,-104.98
79.35,-104.69
79.36,-103.74
79.37,-103.51
79.38,-101.00
79.39,-101.72
79.40,-101.58
79.41,-103.29
79.42,-104.15
79.43,-103.70
79.44,-104.22
79.45,-102.28
79.46,-102.63
79.47,-103.38
79.48,-102.53
79.49,-102.98
79.50,-103.36
79.51,-106.43
79.52,-105.43
79.53,-103.27
79.54,-104.83
79.55,-102.81
79.56,-105.65
79.57,-102.08
79.58,-103.02
79.59,-104.15
79.60,-104.07
79.60,-104.07
79.61,-104.53
79.62,-103.31
79.63,-105.53
79.64,-104.14
79.65,-106.66
79.66,-106.22
79.67,-103.17
79.68,-104.54
79.69,-105.91
79.70,-105.44
79.71,-103.35
79.72,-105.77
79.73,-103.25
79.74,-103.56
79.75,-105.75
79.76,-104.50
79.77,-102.85
79.78,-105.13
79.79,-104.00
79.80,-103.49
79.81,-104.75
79.82,-103.57
79.83,-103.96
79.84,-103.21
79.85,-101.58
79.86,-97.54
79.87,-95.11
79.88,-95.73
79.89,-96.90
79.90,-99.36
79.91,-103.76
79.92,-103.27
79.93,-100.56
79.94,-103.97
79.95,-104.40
79.96,-104.37
79.97,-101.79
79.98,-99.63
79.99,-95.80
80.00,-94.73
80.01,-95.86
80.02,-95.92
80.03,-100.45
80.04,-103.74
80.05,-104.20
80.06,-103.35
80.07,-104.08
80.08,-103.82
80.09,-102.98
80.10,-103.80
80.11,-103.16
80.12,-105.01
80.13,-103.71
80.14,-103.28
80.15,-105.40
80.16,-104.59
80.17,-103.83
80.18,-102.33
80.19,-105.27
80.20,-104.61
80.21,-103.07
80.22,-102.88
80.23,-102.52
80.24,-101.75
80.25,-101.63
80.26,-105.63
80.27,-102.57
80.28,-103.70
80.29,-104.43
80.30,-104.88
80.31,-102.94
80.32,-106.50
80.33,-105.38
80.34,-104.63
80.35,-104.66
80.36,-103.71
80.37,-101.85
80.38,-104.61
80.39,-101.93
80.40,-104.22
80.40,-104.22
80.41,-105.63
80.42,-104.84
80.43,-103.90
80.44,-102.04
80.45,-103.68
80.46,-104.53
80.47,-105.47
80.48,-102.22
80.49,-103.60
80.50,-104.89
80.51,-103.63
80.52,-106.01
80.53,-104.23
80.54,-104.76
80.55,-104.16
80.56,-103.55
80.57,-103.38
80.58,-105.18
80.59,-102.91
80.60,-104.44
80.61,-102.79
80.62,-103.27
80.63,-103.18
80.64,-104.21
80.65,-103.56
80.66,-103.50
80.67,-100.81
80.68,-104.24
80.69,-103.34
80.70,-104.07
80.71,-101.79
80.72,-103.05
80.73,-102.54
80.74,-102.02
80.75,-104.43
80.76,-103.79
80.77,-105.17
80.78,-103.53
80.79,-102.01
80.80,-103.02
80.81,-101.89
80.82,-101.39
80.83,-107.06
80.84,-104.29
80.85,-104.80
80.86,-105.41
80.87,-105.15
80.88,-101.68
80.89,-103.39
80.90,-105.11
80.91,-101.43
80.92,-104.88
80.93,-103.44
80.94,-103.68
80.95,-102.89
80.96,-101.81
80.97,-101.18
80.98,-102.38
80.99,-102.12
81.00,-103.09
81.01,-103.26
81.02,-101.16
81.03,-103.83
81.04,-103.40
81.05,-102.24
81.06,-104.86
81.07,-103.76
81.08,-103.97
81.09,-103.36
81.10,-101.59
81.11,-103.25
81.12,-102.04
81.13,-104.16
81.14,-101.66
81.15,-100.40
81.16,-103.19
81.17,-100.68
81.18,-102.84
81.19,-102.86
81.20,-101.67
81.20,-101.67
81.21,-104.53
81.22,-101.56
81.23,-103.85
81.24,-103.01
81.25,-101.12
81.26,-102.39
81.27,-101.17
81.28,-101.27
81.29,-102.44
81.30,-103.51
81.31,-100.38
81.32,-101.24
81.33,-98.91
81.34,-101.64
81.35,-102.33
81.36,-102.77
81.37,-100.76
81.38,-102.97
81.39,-99.90
81.40,-96.00
81.41,-95.20
81.42,-95.53
81.43,-98.75
81.44,-99.59
81.45,-100.34
81.46,-102.10
81.47,-100.48
81.48,-99.74
81.49,-97.30
81.50,-97.21
81.51,-97.73
81.52,-99.94
81.53,-99.83
81.54,-98.73
81.55,-101.98
81.56,-102.95
81.57,-101.56
81.58,-99.95
81.59,-98.77
81.60,-101.35
81.61,-99.67
81.62,-101.73
81.63,-101.67
81.64,-101.11
81.65,-102.06
81.66,-101.76
81.67,-100.89
81.68,-101.80
81.69,-101.85
81.70,-101.17
81.71,-103.37
81.72,-99.15
81.73,-102.43
81.74,-102.62
81.75,-103.81
81.76,-102.41
81.77,-104.10
81.78,-102.63
81.79,-102.46
81.80,-101.87
81.81,-100.14
81.82,-98.76
81.83,-103.50
81.84,-101.11
81.85,-100.59
81.86,-101.38
81.87,-102.19
81.88,-101.89
81.89,-99.39
81.90,-101.68
81.91,-104.19
81.92,-105.34
81.93,-101.59
81.94,-102.42
81.95,-99.46
81.96,-103.14
81.97,-102.29
81.98,-101.77
81.99,-103.03
82.00,-102.16
82.00,-102.61
82.01,-103.54
82.02,-102.70
82.03,-102.09
82.04,-102.06
82.05,-102.33
82.06,-103.04
82.07,-100.68
82.08,-102.52
82.09,-100.24
82.10,-103.26
82.11,-102.29
82.12,-102.02
82.13,-102.78
82.14,-102.49
82.15,-103.35
82.16,-102.15
82.17,-101.72
82.18,-100.98
82.19,-103.01
82.20,-102.50
82.21,-101.60
82.22,-102.83
82.23,-102.75
82.24,-101.20
82.25,-102.30
82.26,-101.24
82.27,-103.05
82.28,-102.99
82.29,-100.86
82.30,-101.04
82.31,-102.35
82.32,-102.53
82.33,-101.45
82.34,-103.32
82.35,-101.97
82.36,-99.02
82.37,-99.77
82.38,-99.99
82.39,-99.85
82.40,-101.54
82.41,-100.10
82.42,-100.06
82.43,-102.33
82.44,-100.28
82.45,-99.41
82.46,-102.91
82.47,-100.82
82.48,-101.02
82.49,-102.59
82.50,-102.33
82.51,-102.48
82.52,-101.11
82.53,-98.65
82.54,-103.81
82.55,-100.78
82.56,-101.60
82.57,-100.90
82.58,-100.90
82.59,-100.93
82.60,-103.19
82.61,-103.38
82.62,-103.10
82.63,-100.02
82.64,-100.45
82.65,-100.85
82.66,-98.19
82.67,-101.28
82.68,-102.42
82.69,-100.83
82.70,-101.87
82.71,-102.21
82.72,-101.86
82.73,-100.66
82.74,-101.11
82.75,-100.37
82.76,-101.05
82.77,-99.99
82.78,-102.04
82.79,-100.27
82.80,-99.45
82.80,-99.45
82.81,-96.32
82.82,-95.23
82.83,-95.77
82.84,-96.38
82.85,-98.70
82.86,-99.64
82.87,-102.09
82.88,-101.10
82.89,-100.89
82.90,-100.74
82.91,-97.97
82.92,-99.79
82.93,-97.78
82.94,-97.35
82.95,-98.43
82.96,-98.94
82.97,-98.01
82.98,-102.59
82.99,-104.51
83.00,-99.09
83.01,-102.59
83.02,-102.15
83.03,-103.96
83.04,-102.24
83.05,-103.18
83.06,-104.24
83.07,-101.54
83.08,-100.72
83.09,-102.11
83.10,-101.03
83.11,-100.77
83.12,-102.45
83.13,-101.81
83.14,-104.51
83.15,-100.57
83.16,-100.35
83.17,-103.50
83.18,-100.88
83.19,-102.63
83.20,-105.29
83.21,-101.99
83.22,-105.95
83.23,-103.99
83.24,-102.61
83.25,-100.61
83.26,-102.58
83.27,-101.24
83.28,-101.25
83.29,-101.91
83.30,-102.63
83.31,-103.70
83.32,-102.74
83.33,-101.61
83.34,-102.55
83.35,-103.12
83.36,-102.83
83.37,-101.26
83.38,-102.74
83.39,-102.79
83.40,-103.54
83.41,-103.17
83.42,-100.78
83.43,-103.99
83.44,-104.22
83.45,-104.04
83.46,-101.20
83.47,-104.81
83.48,-100.61
83.49,-102.28
83.50,-102.04
83.51,-103.65
83.52,-102.86
83.53,-103.50
83.54,-105.44
83.55,-103.73
83.56,-103.05
83.57,-103.90
83.58,-104.38
83.59,-102.90
83.60,-102.27
83.60,-102.27
83.61,-100.85
83.62,-103.30
83.63,-103.00
83.64,-102.24
83.65,-102.90
83.66,-103.08
83.67,-102.97
83.68,-103.85
83.69,-102.27
83.70,-103.74
83.71,-102.97
83.72,-104.06
83.73,-105.44
83.74,-104.60
83.75,-101.56
83.76,-104.87
83.77,-101.77
83.78,-104.35
83.79,-102.17
83.80,-102.22
83.81,-103.16
83.82,-102.95
83.83,-102.47
83.84,-102.97
83.85,-102.50
83.86,-104.25
83.87,-104.19
83.88,-102.74
83.89,-103.45
83.90,-103.82
83.91,-103.67
83.92,-104.87
83.93,-102.62
83.94,-103.02
83.95,-102.05
83.96,-103.48
83.97,-104.73
83.98,-102.60
83.99,-98.43
84.00,-97.21
84.01,-99.85
84.02,-102.90
84.03,-102.46
84.04,-104.63
84.05,-103.74
84.06,-103.83
84.07,-102.99
84.08,-103.32
84.09,-103.50
84.10,-101.03
84.11,-101.70
84.12,-101.57
84.13,-103.05
84.14,-102.51
84.15,-99.74
84.16,-102.74
84.17,-104.71
84.18,-103.40
84.19,-104.25
84.20,-101.81
84.21,-104.41
84.22,-103.95
84.23,-102.27
84.24,-101.71
84.25,-103.23
84.26,-103.24
84.27,-103.68
84.28,-100.93
84.29,-103.10
84.30,-102.58
84.31,-102.37
84.32,-101.99
84.33,-103.52
84.34,-103.65
84.35,-103.97
84.36,-102.83
84.37,-102.76
84.38,-102.33
84.39,-102.32
84.40,-104.87
84.40,-103.34
84.41,-102.58
84.42,-102.92
84.43,-102.87
84.44,-102.79
84.45,-102.23
84.46,-101.54
84.47,-97.70
84.48,-96.63
84.49,-97.17
84.50,-99.47
84.51,-100.24
84.52,-101.41
84.53,-100.45
84.54,-101.80
84.55,-101.82
84.56,-103.06
84.57,-102.96
84.58,-104.20
84.59,-102.48
84.60,-103.09
84.61,-101.13
84.62,-103.67
84.63,-106.39
84.64,-103.10
84.65,-104.53
84.66,-101.34
84.67,-101.08
84.68,-104.69
84.69,-102.40
84.70,-104.21
84.71,-105.03
84.72,-102.27
84.73,-100.78
84.74,-103.73
84.75,-103.48
84.76,-101.99
84.77,-104.15
84.78,-101.73
84.79,-103.57
84.80,-103.77
84.81,-103.84
84.82,-104.20
84.83,-104.92
84.84,-101.92
84.85,-101.07
84.86,-102.60
84.87,-101.19
84.88,-102.99
84.89,-103.25
84.90,-103.01
84.91,-102.07
84.92,-103.83
84.93,-104.45
84.94,-102.86
84.95,-99.39
84.96,-102.52
84.97,-103.38
84.98,-105.01
84.99,-103.59
85.00,-102.50
85.01,-104.49
85.02,-104.01
85.03,-101.72
85.04,-100.96
85.05,-104.02
85.06,-103.43
85.07,-102.96
85.08,-105.50
85.09,-102.14
85.10,-104.12
85.11,-101.24
85.12,-103.87
85.13,-104.83
85.14,-101.18
85.15,-102.31
85.16,-102.65
85.17,-101.28
85.18,-103.03
85.19,-103.54
85.20,-101.70
85.20,-101.70
85.21,-103.42
85.22,-103.95
85.23,-102.98
85.24,-103.03
85.25,-101.67
85.26,-102.56
85.27,-104.67
85.28,-104.77
85.29,-104.15
85.30,-103.71
85.31,-104.38
85.32,-103.48
85.33,-103.19
85.34,-106.19
85.35,-102.61
85.36,-104.25
85.37,-105.01
85.38,-105.62
85.39,-101.82
85.40,-102.53
85.41,-103.88
85.42,-104.81
85.43,-102.65
85.44,-102.14
85.45,-100.25
85.46,-102.13
85.47,-102.37
85.48,-105.00
85.49,-103.17
85.50,-101.92
85.51,-103.83
85.52,-102.82
85.53,-102.55
85.54,-101.54
85.55,-102.38
85.56,-103.49
85.57,-100.72
85.58,-102.90
85.59,-102.86
85.60,-104.05
85.61,-100.80
85.62,-98.62
85.63,-95.32
85.64,-92.56
85.65,-92.29
85.66,-92.70
85.67,-97.56
85.68,-102.57
85.69,-104.94
85.70,-102.57
85.71,-103.50
85.72,-104.37
85.73,-102.86
85.74,-101.05
85.75,-103.57
85.76,-102.00
85.77,-104.52
85.78,-101.79
85.79,-102.12
85.80,-103.54
85.81,-103.97
85.82,-103.59
85.83,-103.76
85.84,-105.02
85.85,-104.41
85.86,-101.16
85.87,-101.51
85.88,-103.84
85.89,-102.03
85.90,-103.72
85.91,-102.39
85.92,-100.54
85.93,-102.97
85.94,-101.73
85.95,-102.10
85.96,-103.75
85.97,-100.81
85.98,-104.68
85.99,-99.88
86.00,-99.32
86.00,-102.59
86.01,-98.86
86.02,-101.26
86.03,-99.57
86.04,-101.69
86.05,-103.37
86.06,-101.92
86.07,-102.75
86.08,-103.90
86.09,-103.29
86.10,-103.16
86.11,-104.67
86.12,-101.02
86.13,-100.70
86.14,-101.53
86.15,-101.09
86.16,-101.82
86.17,-102.95
86.18,-102.95
86.19,-103.82
86.20,-103.71
86.21,-104.65
86.22,-101.05
86.23,-103.35
86.24,-103.28
86.25,-104.20
86.26,-102.56
86.27,-104.74
86.28,-100.38
86.29,-103.65
86.30,-101.74
86.31,-102.46
86.32,-103.08
86.33,-102.31
86.34,-103.72
86.35,-103.11
86.36,-102.74
86.37,-102.86
86.38,-102.65
86.39,-101.82
86.40,-106.04
86.41,-104.33
86.42,-103.64
86.43,-103.02
86.44,-102.88
86.45,-103.91
86.46,-102.64
86.47,-102.50
86.48,-103.95
86.49,-103.40
86.50,-100.21
86.51,-102.53
86.52,-102.39
86.53,-103.81
86.54,-104.25
86.55,-104.65
86.56,-104.38
86.57,-101.90
86.58,-102.35
86.59,-104.92
86.60,-102.06
86.61,-102.98
86.62,-101.94
86.63,-100.31
86.64,-104.62
86.65,-103.89
86.66,-102.56
86.67,-101.78
86.68,-101.86
86.69,-101.65
86.70,-100.67
86.71,-103.72
86.72,-101.84
86.73,-102.77
86.74,-104.49
86.75,-104.69
86.76,-102.30
86.77,-102.24
86.78,-101.92
86.79,-102.66
86.80,-104.30
86.80,-104.30
86.81,-100.97
86.82,-104.68
86.83,-102.21
86.84,-102.70
86.85,-104.50
86.86,-102.31
86.87,-102.36
86.88,-102.90
86.89,-101.41
86.90,-103.22
86.91,-102.84
86.92,-102.65
86.93,-101.35
86.94,-101.60
86.95,-100.65
86.96,-102.08
86.97,-102.72
86.98,-102.27
86.99,-101.75
87.00,-104.62
87.01,-101.84
87.02,-102.83
87.03,-100.24
87.04,-100.64
87.05,-99.48
87.06,-97.67
87.07,-103.16
87.08,-100.04
87.09,-102.46
87.10,-104.37
87.11,-101.85
87.12,-103.25
87.13,-100.91
87.14,-99.73
87.15,-98.56
87.16,-99.47
87.17,-101.42
87.18,-104.30
87.19,-101.43
87.20,-103.67
87.21,-102.79
87.22,-100.92
87.23,-101.21
87.24,-99.48
87.25,-103.18
87.26,-104.20
87.27,-100.95
87.28,-104.26
87.29,-102.52
87.30,-103.00
87.31,-104.06
87.32,-104.55
87.33,-102.49
87.34,-100.52
87.35,-102.26
87.36,-101.84
87.37,-102.64
87.38,-100.81
87.39,-103.93
87.40,-101.69
87.41,-103.70
87.42,-102.08
87.43,-103.71
87.44,-101.06
87.45,-101.98
87.46,-101.04
87.47,-100.97
87.48,-102.32
87.49,-102.12
87.50,-100.57
87.51,-101.87
87.52,-102.33
87.53,-99.38
87.54,-100.94
87.55,-100.48
87.56,-101.89
87.57,-102.30
87.58,-103.10
87.59,-101.37
87.60,-100.90
87.60,-100.90
87.61,-101.69
87.62,-103.39
87.63,-100.65
87.64,-102.25
87.65,-101.82
87.66,-101.13
87.67,-100.08
87.68,-101.87
87.69,-103.90
87.70,-101.27
87.71,-103.19
87.72,-103.06
87.73,-102.01
87.74,-99.70
87.75,-99.00
87.76,-102.15
87.77,-101.89
87.78,-100.87
87.79,-100.74
87.80,-101.74
87.81,-99.84
87.82,-102.18
87.83,-100.97
87.84,-100.28
87.85,-100.02
87.86,-101.26
87.87,-100.25
87.88,-100.18
87.89,-100.90
87.90,-102.47
87.91,-100.88
87.92,-100.52
87.93,-97.64
87.94,-94.51
87.95,-94.73
87.96,-94.25
87.97,-96.02
87.98,-93.81
87.99,-95.54
88.00,-93.80
88.01,-95.00
88.02,-92.44
88.03,-91.58
88.04,-93.42
88.05,-96.06
88.06,-98.07
88.07,-98.04
88.08,-99.41
88.09,-98.34
88.10,-98.58
88.11,-99.35
88.12,-99.89
88.13,-98.70
88.14,-100.81
88.15,-98.97
88.16,-99.26
88.17,-99.65
88.18,-99.39
88.19,-100.49
88.20,-97.26
88.21,-99.16
88.22,-100.39
88.23,-99.41
88.24,-99.87
88.25,-99.20
88.26,-99.67
88.27,-98.86
88.28,-98.50
88.29,-98.52
88.30,-98.57
88.31,-99.38
88.32,-100.11
88.33,-100.37
88.34,-101.45
88.35,-98.23
88.36,-99.86
88.37,-99.72
88.38,-100.54
88.39,-98.31
88.40,-100.11
88.40,-100.11
88.41,-100.12
88.42,-101.67
88.43,-100.35
88.44,-101.38
88.45,-98.24
88.46,-97.16
88.47,-93.84
88.48,-95.56
88.49,-97.06
88.50,-99.37
88.51,-99.59
88.52,-100.82
88.53,-98.94
88.54,-98.50
88.55,-100.41
88.56,-99.75
88.57,-100.35
88.58,-98.80
88.59,-99.25
88.60,-98.69
88.61,-100.19
88.62,-100.30
88.63,-98.54
88.64,-99.88
88.65,-98.25
88.66,-98.54
88.67,-100.56
88.68,-100.14
88.69,-99.10
88.70,-98.72
88.71,-98.48
88.72,-99.21
88.73,-98.26
88.74,-99.30
88.75,-99.49
88.76,-98.79
88.77,-99.67
88.78,-100.24
88.79,-99.24
88.80,-101.00
88.81,-98.18
88.82,-99.23
88.83,-99.26
88.84,-100.49
88.85,-97.10
88.86,-98.79
88.87,-98.63
88.88,-99.46
88.89,-101.33
88.90,-99.57
88.91,-98.49
88.92,-98.32
88.93,-100.04
88.94,-98.59
88.95,-98.59
88.96,-97.45
88.97,-99.13
88.98,-100.68
88.99,-100.52
89.00,-97.24
89.01,-100.30
89.02,-101.31
89.03,-100.86
89.04,-99.65
89.05,-99.87
89.06,-97.06
89.07,-94.60
89.08,-94.37
89.09,-94.74
89.10,-95.34
89.11,-97.05
89.12,-98.98
89.13,-102.01
89.14,-97.27
89.15,-101.15
89.16,-101.68
89.17,-99.78
89.18,-98.82
89.19,-99.66
89.20,-99.91
89.20,-99.91
89.21,-96.71
89.22,-97.71
89.23,-98.91
89.24,-97.89
89.25,-100.16
89.26,-97.43
89.27,-99.38
89.28,-99.01
89.29,-99.00
89.30,-102.16
89.31,-99.07
89.32,-99.81
89.33,-99.84
89.34,-100.08
89.35,-98.24
89.36,-99.68
89.37,-100.82
89.38,-98.55
89.39,-100.21
89.40,-100.06
89.41,-99.86
89.42,-100.67
89.43,-100.07
89.44,-97.63
89.45,-99.56
89.46,-99.42
89.47,-99.84
89.48,-99.32
89.49,-98.89
89.50,-99.27
89.51,-101.69
89.52,-99.03
89.53,-100.05
89.54,-99.24
89.55,-100.76
89.56,-99.30
89.57,-99.41
89.58,-99.47
89.59,-98.60
89.60,-100.64
89.61,-96.98
89.62,-100.70
89.63,-98.53
89.64,-100.06
89.65,-97.92
89.66,-99.41
89.67,-100.64
89.68,-98.60
89.69,-98.16
89.70,-98.58
89.71,-96.44
89.72,-97.17
89.73,-98.58
89.74,-99.62
89.75,-101.73
89.76,-98.32
89.77,-99.78
89.78,-96.97
89.79,-96.02
89.80,-96.24
89.81,-96.51
89.82,-98.21
89.83,-97.76
89.84,-98.67
89.85,-97.78
89.86,-97.11
89.87,-94.93
89.88,-94.54
89.89,-95.88
89.90,-96.84
89.91,-98.09
89.92,-99.00
89.93,-98.26
89.94,-99.65
89.95,-98.57
89.96,-98.74
89.97,-97.09
89.98,-99.31
89.99,-100.11
90.00,-100.58
90.00,-99.42
90.01,-100.25
90.02,-99.01
90.03,-100.71
90.04,-99.22
90.05,-99.06
90.06,-100.76
90.07,-100.30
90.08,-99.99
90.09,-101.14
90.10,-98.15
90.11,-100.97
90.12,-100.68
90.13,-100.66
90.14,-100.21
90.15,-99.56
90.16,-100.87
90.17,-100.63
90.18,-100.87
90.19,-100.84
90.20,-101.39
90.21,-102.10
90.22,-100.79
90.23,-101.72
90.24,-101.66
90.25,-102.00
90.26,-100.97
90.27,-98.03
90.28,-99.38
90.29,-100.33
90.30,-100.14
90.31,-99.62
90.32,-97.61
90.33,-100.20
90.34,-99.74
90.35,-100.49
90.36,-99.35
90.37,-98.29
90.38,-101.15
90.39,-99.96
90.40,-97.77
90.41,-99.81
90.42,-100.07
90.43,-99.02
90.44,-102.82
90.45,-102.04
90.46,-99.89
90.47,-99.80
90.48,-101.82
90.49,-99.68
90.50,-99.35
90.51,-98.66
90.52,-103.18
90.53,-102.75
90.54,-99.45
90.55,-101.67
90.56,-102.06
90.57,-102.09
90.58,-97.90
90.59,-99.88
90.60,-99.14
90.61,-98.21
90.62,-98.40
90.63,-98.15
90.64,-98.57
90.65,-100.23
90.66,-101.41
90.67,-101.01
90.68,-101.82
90.69,-100.78
90.70,-100.71
90.71,-100.86
90.72,-101.80
90.73,-101.91
90.74,-102.76
90.75,-102.51
90.76,-101.04
90.77,-99.50
90.78,-101.05
90.79,-101.34
90.80,-97.28
90.80,-97.28
90.81,-98.60
90.82,-99.36
90.83,-100.88
90.84,-100.32
90.85,-99.22
90.86,-101.32
90.87,-99.69
90.88,-101.01
90.89,-100.73
90.90,-101.46
90.91,-101.81
90.92,-102.93
90.93,-102.45
90.94,-102.64
90.95,-101.35
90.96,-102.32
90.97,-102.41
90.98,-102.97
90.99,-101.88
91.00,-98.98
91.01,-100.69
91.02,-102.47
91.03,-100.01
91.04,-99.70
91.05,-99.49
91.06,-100.64
91.07,-99.99
91.08,-99.76
91.09,-99.56
91.10,-98.63
91.11,-98.69
91.12,-99.80
91.13,-102.61
91.14,-99.40
91.15,-102.45
91.16,-101.94
91.17,-102.60
91.18,-102.81
91.19,-101.93
91.20,-100.58
91.21,-101.70
91.22,-100.73
91.23,-101.84
91.24,-100.92
91.25,-100.25
91.26,-101.48
91.27,-92.28
91.28,-90.10
91.29,-88.84
91.30,-89.23
91.31,-91.41
91.32,-94.28
91.33,-101.57
91.34,-102.96
91.35,-101.85
91.36,-101.07
91.37,-100.51
91.38,-99.80
91.39,-100.12
91.40,-99.43
91.41,-102.96
91.42,-102.46
91.43,-101.15
91.44,-101.18
91.45,-102.03
91.46,-102.75
91.47,-102.00
91.48,-103.74
91.49,-104.62
91.50,-102.30
91.51,-104.36
91.52,-101.28
91.53,-103.36
91.54,-101.98
91.55,-99.78
91.56,-100.02
91.57,-96.68
91.58,-100.92
91.59,-101.77
91.60,-101.98
91.60,-101.98
91.61,-101.74
91.62,-102.15
91.63,-102.90
91.64,-103.77
91.65,-100.92
91.66,-103.00
91.67,-103.01
91.68,-101.48
91.69,-101.33
91.70,-101.15
91.71,-100.80
91.72,-102.91
91.73,-101.89
91.74,-98.07
91.75,-98.68
91.76,-95.92
91.77,-95.44
91.78,-94.67
91.79,-94.46
91.80,-97.73
91.81,-101.08
91.82,-98.34
91.83,-101.48
91.84,-99.87
91.85,-101.78
91.86,-103.49
91.87,-102.91
91.88,-102.77
91.89,-99.54
91.90,-101.73
91.91,-100.90
91.92,-100.99
91.93,-101.63
91.94,-98.81
91.95,-103.72
91.96,-101.78
91.97,-102.71
91.98,-101.81
91.99,-102.10
92.00,-101.46
92.01,-101.98
92.02,-102.97
92.03,-101.64
92.04,-102.02
92.05,-101.49
92.06,-101.80
92.07,-101.53
92.08,-99.83
92.09,-99.29
92.10,-100.23
92.11,-101.18
92.12,-101.97
92.13,-99.20
92.14,-96.05
92.15,-93.41
92.16,-93.77
92.17,-93.24
92.18,-95.02
92.19,-97.67
92.20,-101.00
92.21,-100.53
92.22,-102.50
92.23,-102.68
92.24,-98.62
92.25,-101.61
92.26,-96.98
92.27,-97.34
92.28,-99.05
92.29,-99.82
92.30,-100.83
92.31,-99.69
92.32,-101.65
92.33,-100.51
92.34,-104.01
92.35,-103.29
92.36,-104.03
92.37,-103.30
92.38,-100.41
92.39,-100.69
92.40,-100.68
92.40,-100.68
92.41,-99.79
92.42,-99.38
92.43,-101.42
92.44,-98.87
92.45,-102.27
92.46,-99.38
92.47,-99.86
92.48,-99.18
92.49,-100.00
92.50,-100.63
92.51,-101.71
92.52,-101.98
92.53,-102.43
92.54,-99.89
92.55,-98.51
92.56,-100.22
92.57,-100.34
92.58,-100.32
92.59,-101.16
92.60,-99.06
92.61,-98.81
92.62,-98.32
92.63,-98.65
92.64,-100.39
92.65,-99.88
92.66,-99.36
92.67,-100.62
92.68,-100.14
92.69,-98.17
92.70,-98.23
92.71,-96.06
92.72,-99.58
92.73,-97.86
92.74,-97.99
92.75,-100.16
92.76,-100.99
92.77,-100.05
92.78,-98.53
92.79,-97.99
92.80,-97.63
92.81,-98.93
92.82,-101.09
92.83,-101.17
92.84,-99.00
92.85,-99.32
92.86,-101.48
92.87,-100.04
92.88,-98.78
92.89,-99.72
92.90,-99.03
92.91,-97.44
92.92,-98.74
92.93,-98.26
92.94,-100.71
92.95,-99.93
92.96,-98.34
92.97,-97.55
92.98,-99.87
92.99,-101.24
93.00,-101.63
93.01,-100.41
93.02,-100.88
93.03,-99.88
93.04,-100.27
93.05,-101.09
93.06,-99.59
93.07,-100.77
93.08,-101.27
93.09,-100.47
93.10,-97.43
93.11,-99.33
93.12,-100.28
93.13,-101.57
93.14,-98.79
93.15,-100.32
93.16,-97.87
93.17,-98.93
93.18,-100.29
93.19,-99.30
93.20,-100.66
93.20,-100.66
93.21,-100.27
93.22,-101.30
93.23,-101.17
93.24,-100.39
93.25,-98.39
93.26,-99.51
93.27,-99.21
93.28,-96.44
93.29,-97.26
93.30,-101.50
93.31,-100.48
93.32,-99.39
93.33,-99.41
93.34,-101.45
93.35,-99.52
93.36,-98.87
93.37,-101.00
93.38,-100.40
93.39,-101.17
93.40,-100.02
93.41,-101.09
93.42,-101.74
93.43,-98.47
93.44,-100.97
93.45,-98.18
93.46,-102.19
93.47,-101.22
93.48,-100.51
93.49,-100.95
93.50,-101.61
93.51,-102.03
93.52,-99.79
93.53,-99.38
93.54,-100.76
93.55,-101.65
93.56,-100.30
93.57,-100.48
93.58,-100.14
93.59,-99.98
93.60,-101.10
93.61,-100.30
93.62,-99.03
93.63,-99.57
93.64,-96.74
93.65,-96.52
93.66,-98.79
93.67,-98.36
93.68,-97.52
93.69,-95.88
93.70,-97.46
93.71,-96.36
93.72,-98.09
93.73,-99.85
93.74,-100.29
93.75,-100.07
93.76,-99.61
93.77,-100.12
93.78,-97.07
93.79,-97.59
93.80,-101.25
93.81,-100.70
93.82,-100.41
93.83,-99.86
93.84,-98.03
93.85,-98.43
93.86,-97.79
93.87,-99.62
93.88,-98.85
93.89,-96.74
93.90,-97.69
93.91,-100.77
93.92,-99.27
93.93,-99.12
93.94,-100.96
93.95,-100.79
93.96,-100.02
93.97,-98.96
93.98,-100.80
93.99,-100.26
94.00,-99.74
94.00,-98.33
94.01,-101.10
94.02,-98.26
94.03,-100.31
94.04,-99.13
94.05,-99.53
94.06,-99.20
94.07,-99.73
94.08,-97.67
94.09,-97.24
94.10,-96.07
94.11,-93.76
94.12,-95.19
94.13,-97.25
94.14,-97.95
94.15,-99.25
94.16,-98.38
94.17,-100.26
94.18,-99.18
94.19,-101.13
94.20,-96.86
94.21,-97.88
94.22,-99.96
94.23,-99.27
94.24,-102.06
94.25,-99.78
94.26,-101.82
94.27,-100.25
94.28,-100.38
94.29,-98.55
94.30,-100.13
94.31,-102.43
94.32,-100.10
94.33,-100.24
94.34,-100.78
94.35,-97.75
94.36,-98.53
94.37,-99.35
94.38,-99.11
94.39,-100.99
94.40,-99.24
94.41,-99.74
94.42,-97.93
94.43,-98.81
94.44,-100.70
94.45,-99.13
94.46,-99.81
94.47,-99.01
94.48,-99.86
94.49,-102.52
94.50,-99.25
94.51,-100.97
94.52,-101.44
94.53,-98.58
94.54,-98.94
94.55,-99.72
94.56,-99.84
94.57,-102.16
94.58,-99.66
94.59,-99.56
94.60,-97.94
94.61,-98.70
94.62,-99.34
94.63,-99.76
94.64,-102.54
94.65,-102.09
94.66,-99.93
94.67,-98.00
94.68,-100.75
94.69,-100.76
94.70,-100.38
94.71,-101.12
94.72,-99.40
94.73,-99.44
94.74,-99.20
94.75,-102.02
94.76,-103.02
94.77,-101.10
94.78,-99.49
94.79,-102.31
94.80,-99.38
94.80,-99.38
94.81,-102.68
94.82,-101.41
94.83,-96.35
94.84,-97.58
94.85,-90.96
94.86,-92.41
94.87,-90.31
94.88,-90.09
94.89,-90.99
94.90,-91.36
94.91,-90.65
94.92,-90.32
94.93,-89.08
94.94,-89.75
94.95,-89.68
94.96,-91.01
94.97,-98.64
94.98,-95.08
94.99,-100.64
95.00,-102.17
95.01,-101.95
95.02,-102.81
95.03,-99.68
95.04,-101.16
95.05,-100.03
95.06,-99.03
95.07,-98.69
95.08,-101.00
95.09,-99.50
95.10,-101.76
95.11,-102.69
95.12,-101.06
95.13,-101.39
95.14,-103.57
95.15,-101.99
95.16,-101.10
95.17,-101.46
95.18,-100.91
95.19,-102.60
95.20,-98.25
95.21,-97.60
95.22,-97.00
95.23,-97.02
95.24,-97.03
95.25,-95.24
95.26,-101.78
95.27,-102.84
95.28,-101.15
95.29,-101.30
95.30,-100.50
95.31,-101.86
95.32,-102.43
95.33,-100.71
95.34,-102.66
95.35,-102.62
95.36,-103.16
95.37,-100.47
95.38,-101.55
95.39,-98.71
95.40,-101.75
95.41,-100.12
95.42,-101.03
95.43,-100.88
95.44,-98.13
95.45,-98.70
95.46,-101.89
95.47,-101.08
95.48,-99.27
95.49,-102.21
95.50,-103.48
95.51,-100.44
95.52,-101.56
95.53,-101.03
95.54,-101.07
95.55,-100.41
95.56,-102.39
95.57,-101.68
95.58,-99.79
95.59,-99.70
95.60,-99.34
95.60,-99.34
95.61,-99.91
95.62,-99.16
95.63,-100.90
95.64,-102.00
95.65,-102.03
95.66,-102.15
95.67,-102.31
95.68,-102.55
95.69,-100.48
95.70,-102.09
95.71,-101.81
95.72,-104.05
95.73,-99.10
95.74,-101.02
95.75,-100.98
95.76,-100.09
95.77,-100.33
95.78,-99.96
95.79,-100.75
95.80,-101.88
95.81,-103.45
95.82,-99.65
95.83,-97.62
95.84,-96.88
95.85,-97.77
95.86,-96.40
95.87,-96.89
95.88,-95.85
95.89,-95.46
95.90,-96.84
95.91,-95.42
95.92,-93.86
95.93,-96.91
95.94,-96.98
95.95,-97.36
95.96,-96.74
95.97,-95.04
95.98,-98.54
95.99,-99.06
96.00,-97.66
96.01,-97.11
96.02,-97.62
96.03,-100.89
96.04,-102.05
96.05,-100.42
96.06,-99.69
96.07,-97.02
96.08,-101.24
96.09,-100.41
96.10,-99.46
96.11,-100.28
96.12,-100.34
96.13,-101.28
96.14,-100.44
96.15,-102.59
96.16,-100.75
96.17,-101.10
96.18,-102.07
96.19,-101.71
96.20,-102.52
96.21,-101.51
96.22,-102.74
96.23,-100.24
96.24,-100.96
96.25,-98.18
96.26,-100.76
96.27,-102.14
96.28,-100.29
96.29,-99.02
96.30,-100.27
96.31,-101.72
96.32,-97.95
96.33,-100.72
96.34,-101.86
96.35,-101.24
96.36,-102.07
96.37,-100.59
96.38,-100.62
96.39,-101.56
96.40,-102.68
96.40,-102.68
96.41,-102.92
96.42,-103.57
96.43,-103.01
96.44,-101.03
96.45,-102.31
96.46,-99.63
96.47,-100.44
96.48,-104.74
96.49,-101.87
96.50,-102.40
96.51,-100.83
96.52,-103.19
96.53,-102.95
96.54,-101.59
96.55,-102.31
96.56,-102.32
96.57,-101.78
96.58,-101.47
96.59,-101.02
96.60,-103.63
96.61,-101.89
96.62,-101.42
96.63,-103.73
96.64,-102.71
96.65,-103.59
96.66,-100.62
96.67,-100.10
96.68,-101.74
96.69,-101.70
96.70,-101.73
96.71,-99.65
96.72,-102.26
96.73,-102.46
96.74,-101.91
96.75,-100.28
96.76,-96.25
96.77,-98.68
96.78,-99.49
96.79,-100.83
96.80,-103.92
96.81,-102.00
96.82,-103.01
96.83,-101.45
96.84,-103.66
96.85,-103.42
96.86,-102.33
96.87,-101.78
96.88,-102.22
96.89,-101.79
96.90,-102.36
96.91,-98.39
96.92,-97.34
96.93,-94.96
96.94,-95.92
96.95,-96.50
96.96,-97.90
96.97,-101.29
96.98,-103.18
96.99,-101.58
97.00,-102.46
97.01,-102.51
97.02,-100.49
97.03,-101.16
97.04,-101.39
97.05,-102.92
97.06,-102.51
97.07,-101.68
97.08,-100.36
97.09,-103.05
97.10,-101.48
97.11,-101.09
97.12,-99.82
97.13,-101.21
97.14,-101.31
97.15,-100.67
97.16,-103.22
97.17,-103.12
97.18,-104.48
97.19,-103.12
97.20,-102.20
97.20,-102.20
97.21,-101.97
97.22,-103.81
97.23,-101.84
97.24,-101.18
97.25,-102.04
97.26,-101.25
97.27,-99.69
97.28,-99.44
97.29,-100.44
97.30,-100.83
97.31,-100.40
97.32,-99.14
97.33,-97.75
97.34,-97.49
97.35,-99.25
97.36,-101.71
97.37,-101.63
97.38,-103.55
97.39,-101.21
97.40,-97.93
97.41,-99.20
97.42,-96.52
97.43,-96.05
97.44,-97.64
97.45,-99.91
97.46,-102.78
97.47,-101.65
97.48,-101.65
97.49,-101.59
97.50,-99.56
97.51,-103.91
97.52,-102.84
97.53,-102.57
97.54,-101.81
97.55,-99.94
97.56,-101.80
97.57,-104.48
97.58,-102.30
97.59,-103.16
97.60,-98.74
97.61,-100.78
97.62,-100.84
97.63,-101.32
97.64,-104.76
97.65,-104.38
97.66,-99.84
97.67,-103.87
97.68,-103.49
97.69,-102.36
97.70,-103.33
97.71,-102.96
97.72,-104.22
97.73,-103.32
97.74,-102.28
97.75,-102.57
97.76,-100.24
97.77,-102.09
97.78,-103.11
97.79,-100.74
97.80,-103.80
97.81,-102.21
97.82,-102.93
97.83,-101.74
97.84,-102.72
97.85,-102.80
97.86,-104.13
97.87,-101.30
97.88,-101.61
97.89,-102.51
97.90,-101.56
97.91,-100.73
97.92,-100.71
97.93,-102.59
97.94,-101.13
97.95,-100.59
97.96,-101.58
97.97,-101.30
97.98,-103.90
97.99,-102.11
98.00,-104.65
98.00,-103.95
98.01,-101.65
98.02,-104.19
98.03,-101.32
98.04,-102.30
98.05,-99.69
98.06,-95.72
98.07,-98.17
98.08,-96.70
98.09,-96.17
98.10,-95.34
98.11,-97.78
98.12,-96.55
98.13,-97.33
98.14,-95.26
98.15,-96.37
98.16,-98.29
98.17,-97.69
98.18,-100.64
98.19,-103.58
98.20,-100.97
98.21,-101.17
98.22,-102.51
98.23,-101.29
98.24,-101.62
98.25,-100.68
98.26,-100.84
98.27,-98.52
98.28,-100.05
98.29,-97.37
98.30,-96.58
98.31,-95.79
98.32,-96.80
98.33,-101.86
98.34,-100.56
98.35,-99.50
98.36,-101.66
98.37,-102.45
98.38,-101.87
98.39,-102.47
98.40,-99.70
98.41,-102.91
98.42,-102.49
98.43,-101.04
98.44,-99.62
98.45,-101.62
98.46,-101.85
98.47,-103.25
98.48,-101.92
98.49,-102.30
98.50,-102.61
98.51,-101.52
98.52,-102.31
98.53,-102.98
98.54,-103.26
98.55,-103.20
98.56,-103.52
98.57,-101.33
98.58,-100.52
98.59,-102.48
98.60,-103.91
98.61,-102.56
98.62,-105.15
98.63,-104.55
98.64,-102.50
98.65,-103.19
98.66,-102.57
98.67,-103.28
98.68,-102.91
98.69,-102.39
98.70,-101.46
98.71,-100.06
98.72,-97.63
98.73,-101.17
98.74,-101.40
98.75,-101.23
98.76,-101.48
98.77,-101.16
98.78,-102.92
98.79,-101.80
98.80,-105.10
98.80,-105.10
98.81,-103.54
98.82,-101.07
98.83,-100.71
98.84,-100.14
98.85,-100.89
98.86,-102.56
98.87,-100.83
98.88,-102.98
98.89,-99.21
98.90,-101.55
98.91,-100.04
98.92,-97.52
98.93,-99.22
98.94,-100.22
98.95,-100.74
98.96,-101.08
98.97,-101.90
98.98,-103.12
98.99,-101.66
99.00,-102.58
99.01,-99.72
99.02,-102.03
99.03,-100.20
99.04,-97.67
99.05,-99.87
99.06,-97.05
99.07,-97.55
99.08,-96.57
99.09,-96.51
99.10,-94.83
99.11,-94.77
99.12,-96.31
99.13,-96.11
99.14,-100.73
99.15,-99.08
99.16,-96.72
99.17,-103.05
99.18,-101.48
99.19,-102.64
99.20,-102.74
99.21,-100.96
99.22,-97.75
99.23,-102.78
99.24,-101.62
99.25,-100.31
99.26,-100.83
99.27,-101.24
99.28,-100.12
99.29,-96.87
99.30,-101.33
99.31,-100.47
99.32,-102.09
99.33,-102.61
99.34,-102.32
99.35,-101.02
99.36,-101.28
99.37,-103.18
99.38,-101.43
99.39,-101.60
99.40,-100.10
99.41,-100.85
99.42,-101.21
99.43,-100.47
99.44,-100.48
99.45,-101.37
99.46,-101.36
99.47,-100.72
99.48,-100.37
99.49,-101.22
99.50,-101.11
99.51,-101.58
99.52,-100.07
99.53,-101.28
99.54,-102.28
99.55,-103.06
99.56,-100.52
99.57,-100.86
99.58,-100.94
99.59,-102.63
99.60,-101.85
99.60,-101.85
99.61,-100.56
99.62,-101.97
99.63,-101.78
99.64,-100.28
99.65,-99.92
99.66,-103.16
99.67,-101.11
99.68,-100.36
99.69,-101.51
99.70,-102.04
99.71,-100.67
99.72,-100.36
99.73,-98.80
99.74,-99.29
99.75,-96.76
99.76,-96.22
99.77,-100.44
99.78,-99.03
99.79,-99.14
99.80,-102.80
99.81,-100.66
99.82,-98.64
99.83,-99.88
99.84,-96.22
99.85,-95.57
99.86,-97.07
99.87,-93.66
99.88,-92.44
99.89,-92.21
99.90,-91.73
99.91,-92.07
99.92,-92.74
99.93,-91.93
99.94,-94.96
99.95,-93.41
99.96,-98.01
99.97,-97.30
99.98,-99.84
99.99,-98.77
100.00,-96.37
100.01,-95.09
100.02,-96.03
100.03,-96.26
100.04,-98.32
100.05,-99.83
100.06,-100.42
100.07,-101.78
100.08,-99.31
100.09,-100.73
100.10,-101.19
100.11,-100.43
100.12,-99.89
100.13,-99.74
100.14,-101.71
100.15,-101.05
100.16,-99.36
100.17,-100.31
100.18,-102.84
100.19,-101.27
100.20,-100.86
100.21,-101.61
100.22,-102.68
100.23,-99.87
100.24,-98.98
100.25,-98.40
100.26,-98.87
100.27,-102.41
100.28,-101.99
100.29,-101.65
100.30,-103.46
100.31,-101.74
100.32,-102.26
100.33,-102.49
100.34,-100.47
100.35,-101.68
100.36,-102.55
100.37,-102.23
100.38,-99.72
100.39,-103.84
100.40,-101.92
100.40,-101.92
100.41,-102.25
100.42,-99.45
100.43,-98.44
100.44,-100.60
100.45,-100.20
100.46,-102.19
100.47,-101.73
100.48,-102.00
100.49,-102.41
100.50,-100.99
100.51,-100.61
100.52,-102.12
100.53,-101.61
100.54,-103.83
100.55,-102.31
100.56,-101.82
100.57,-102.47
100.58,-104.79
100.59,-104.09
100.60,-100.54
100.61,-103.40
100.62,-100.66
100.63,-101.32
100.64,-102.05
100.65,-101.01
100.66,-100.12
100.67,-98.18
100.68,-96.39
100.69,-98.77
100.70,-98.11
100.71,-97.15
100.72,-100.88
100.73,-100.80
100.74,-100.73
100.75,-102.09
100.76,-102.79
100.77,-101.57
100.78,-100.60
100.79,-99.94
100.80,-101.72
100.81,-101.73
100.82,-100.46
100.83,-101.10
100.84,-103.04
100.85,-101.34
100.86,-103.21
100.87,-100.92
100.88,-102.36
100.89,-100.45
100.90,-101.44
100.91,-102.57
100.92,-100.07
100.93,-103.40
100.94,-102.03
100.95,-101.30
100.96,-101.93
100.97,-100.72
100.98,-102.48
100.99,-101.47
101.00,-100.45
101.01,-102.68
101.02,-99.93
101.03,-100.86
101.04,-101.47
101.05,-104.33
101.06,-103.29
101.07,-101.46
101.08,-103.22
101.09,-101.35
101.10,-99.57
101.11,-101.95
101.12,-101.87
101.13,-102.50
101.14,-101.03
101.15,-100.64
101.16,-102.94
101.17,-102.14
101.18,-100.83
101.19,-101.47
101.20,-99.05
101.20,-99.05
101.21,-101.03
101.22,-103.75
101.23,-102.20
101.24,-103.54
101.25,-102.10
101.26,-102.63
101.27,-101.27
101.28,-102.40
101.29,-99.95
101.30,-103.28
101.31,-101.93
101.32,-101.71
101.33,-103.97
101.34,-100.97
101.35,-101.25
101.36,-101.15
101.37,-99.02
101.38,-97.83
101.39,-99.34
101.40,-100.66
101.41,-104.96
101.42,-103.35
101.43,-101.96
101.44,-103.45
101.45,-101.79
101.46,-103.30
101.47,-101.84
101.48,-103.27
101.49,-100.27
101.50,-99.59
101.51,-100.49
101.52,-103.40
101.53,-100.92
101.54,-101.88
101.55,-103.00
101.56,-99.38
101.57,-100.18
101.58,-101.52
101.59,-102.46
101.60,-103.74
101.61,-103.65
101.62,-104.83
101.63,-100.12
101.64,-101.90
101.65,-100.72
101.66,-100.00
101.67,-100.95
101.68,-102.55
101.69,-102.96
101.70,-102.04
101.71,-102.70
101.72,-102.50
101.73,-102.17
101.74,-102.03
101.75,-102.31
101.76,-101.89
101.77,-101.05
101.78,-104.47
101.79,-105.03
101.80,-102.78
101.81,-101.28
101.82,-99.94
101.83,-101.70
101.84,-101.77
101.85,-102.27
101.86,-101.01
101.87,-99.45
101.88,-99.75
101.89,-101.10
101.90,-102.02
101.91,-101.43
101.92,-101.83
101.93,-103.53
101.94,-101.88
101.95,-101.22
101.96,-102.90
101.97,-103.36
101.98,-102.10
101.99,-102.18
102.00,-102.65
102.00,-104.05
102.01,-103.34
102.02,-99.51
102.03,-98.64
102.04,-100.97
102.05,-100.71
102.06,-100.25
102.07,-95.84
102.08,-96.24
102.09,-96.20
102.10,-96.19
102.11,-97.77
102.12,-97.07
102.13,-99.37
102.14,-100.13
102.15,-100.75
102.16,-101.80
102.17,-99.93
102.18,-102.69
102.19,-101.32
102.20,-100.59
102.21,-103.46
102.22,-103.40
102.23,-102.30
102.24,-99.66
102.25,-103.34
102.26,-99.42
102.27,-99.58
102.28,-103.59
102.29,-103.02
102.30,-100.72
102.31,-104.12
102.32,-102.62
102.33,-104.14
102.34,-103.55
102.35,-101.29
102.36,-100.68
102.37,-102.06
102.38,-102.33
102.39,-103.71
102.40,-99.96
102.41,-100.59
102.42,-102.51
102.43,-101.89
102.44,-101.26
102.45,-100.31
102.46,-103.15
102.47,-102.93
102.48,-103.55
102.49,-105.85
102.50,-101.61
102.51,-102.93
102.52,-102.31
102.53,-100.76
102.54,-103.35
102.55,-102.19
102.56,-99.54
102.57,-101.14
102.58,-102.75
102.59,-99.78
102.60,-101.30
102.61,-100.67
102.62,-100.73
102.63,-100.75
102.64,-102.68
102.65,-99.84
102.66,-102.30
102.67,-103.11
102.68,-103.16
102.69,-102.72
102.70,-100.11
102.71,-101.93
102.72,-104.27
102.73,-103.21
102.74,-102.37
102.75,-101.53
102.76,-101.77
102.77,-99.54
102.78,-102.57
102.79,-102.26
102.80,-101.25
102.80,-101.25
102.81,-102.68
102.82,-103.76
102.83,-103.99
102.84,-103.80
102.85,-103.68
102.86,-103.98
102.87,-102.06
102.88,-99.68
102.89,-100.99
102.90,-102.37
102.91,-102.85
102.92,-100.98
102.93,-102.24
102.94,-101.39
102.95,-102.33
102.96,-101.50
102.97,-100.73
102.98,-102.32
102.99,-104.08
103.00,-102.19
103.01,-103.05
103.02,-101.39
103.03,-100.94
103.04,-101.72
103.05,-101.04
103.06,-99.73
103.07,-98.99
103.08,-99.30
103.09,-99.52
103.10,-99.31
103.11,-101.17
103.12,-101.07
103.13,-99.90
103.14,-100.04
103.15,-101.10
103.16,-98.89
103.17,-102.95
103.18,-101.65
103.19,-102.26
103.20,-105.62
103.21,-102.57
103.22,-102.88
103.23,-103.20
103.24,-103.01
103.25,-100.31
103.26,-100.23
103.27,-102.86
103.28,-101.27
103.29,-99.43
103.30,-100.31
103.31,-100.11
103.32,-102.69
103.33,-102.04
103.34,-100.10
103.35,-102.25
103.36,-100.24
103.37,-100.69
103.38,-99.68
103.39,-101.17
103.40,-98.78
103.41,-101.67
103.42,-101.33
103.43,-99.72
103.44,-99.02
103.45,-99.33
103.46,-100.02
103.47,-97.57
103.48,-97.05
103.49,-100.55
103.50,-102.64
103.51,-99.25
103.52,-101.37
103.53,-102.40
103.54,-101.43
103.55,-99.93
103.56,-98.79
103.57,-97.99
103.58,-101.52
103.59,-98.88
103.60,-100.14
103.60,-100.14
103.61,-102.53
103.62,-101.60
103.63,-100.41
103.64,-101.91
103.65,-102.07
103.66,-100.05
103.67,-98.04
103.68,-99.89
103.69,-101.13
103.70,-101.84
103.71,-103.98
103.72,-102.82
103.73,-100.58
103.74,-99.43
103.75,-101.05
103.76,-101.87
103.77,-102.16
103.78,-101.42
103.79,-98.06
103.80,-100.49
103.81,-100.68
103.82,-100.78
103.83,-100.85
103.84,-99.51
103.85,-99.38
103.86,-100.62
103.87,-102.25
103.88,-99.77
103.89,-97.76
103.90,-100.29
103.91,-99.01
103.92,-99.55
103.93,-101.73
103.94,-99.82
103.95,-100.48
103.96,-101.23
103.97,-100.77
103.98,-100.87
103.99,-98.17
104.00,-99.34
104.01,-98.23
104.02,-99.06
104.03,-100.64
104.04,-97.59
104.05,-98.81
104.06,-99.94
104.07,-96.52
104.08,-95.42
104.09,-99.20
104.10,-98.53
104.11,-99.67
104.12,-99.57
104.13,-97.51
104.14,-100.77
104.15,-99.22
104.16,-97.40
104.17,-96.61
104.18,-99.35
104.19,-100.04
104.20,-98.27
104.21,-97.59
104.22,-98.96
104.23,-102.25
104.24,-100.46
104.25,-99.31
104.26,-100.07
104.27,-100.90
104.28,-98.28
104.29,-98.42
104.30,-99.75
104.31,-100.18
104.32,-99.30
104.33,-99.45
104.34,-98.50
104.35,-98.37
104.36,-99.18
104.37,-96.12
104.38,-98.66
104.39,-97.95
104.40,-96.87
104.40,-96.87
104.41,-99.86
104.42,-100.20
104.43,-97.10
104.44,-94.17
104.45,-96.29
104.46,-95.26
104.47,-94.00
104.48,-95.25
104.49,-94.56
104.50,-97.10
104.51,-98.10
104.52,-97.00
104.53,-95.48
104.54,-98.00
104.55,-95.41
104.56,-94.94
104.57,-96.35
104.58,-95.54
104.59,-96.83
104.60,-98.11
104.61,-98.31
104.62,-97.14
104.63,-98.40
104.64,-96.66
104.65,-96.78
104.66,-97.97
104.67,-97.94
104.68,-98.12
104.69,-96.94
104.70,-96.13
104.71,-98.99
104.72,-99.48
104.73,-99.13
104.74,-98.86
104.75,-98.83
104.76,-99.05
104.77,-98.88
104.78,-95.06
104.79,-96.38
104.80,-97.71
104.81,-97.88
104.82,-97.63
104.83,-95.26
104.84,-98.21
104.85,-99.17
104.86,-97.99
104.87,-98.59
104.88,-97.23
104.89,-99.57
104.90,-98.84
104.91,-99.05
104.92,-99.43
104.93,-97.46
104.94,-96.64
104.95,-96.01
104.96,-95.10
104.97,-95.73
104.98,-96.92
104.99,-99.71
105.00,-95.33
105.01,-95.57
105.02,-98.78
105.03,-97.80
105.04,-97.22
105.05,-96.11
105.06,-97.44
105.07,-97.70
105.08,-97.40
105.09,-96.77
105.10,-99.73
105.11,-99.77
105.12,-97.68
105.13,-97.07
105.14,-97.29
105.15,-97.75
105.16,-98.50
105.17,-98.61
105.18,-98.53
105.19,-95.46
105.20,-94.51
105.20,-94.51
105.21,-97.80
105.22,-99.00
105.23,-98.37
105.24,-97.12
105.25,-97.27
105.26,-97.98
105.27,-97.20
105.28,-97.20
105.29,-96.96
105.30,-97.97
105.31,-95.79
105.32,-96.11
105.33,-98.22
105.34,-98.12
105.35,-98.36
105.36,-95.78
105.37,-96.38
105.38,-96.83
105.39,-97.58
105.40,-97.11
105.41,-97.28
105.42,-97.31
105.43,-97.37
105.44,-94.17
105.45,-97.20
105.46,-98.22
105.47,-96.17
105.48,-94.99
105.49,-94.47
105.50,-95.55
105.51,-95.19
105.52,-98.30
105.53,-97.15
105.54,-97.42
105.55,-95.56
105.56,-95.39
105.57,-98.44
105.58,-95.98
105.59,-96.71
105.60,-96.40
105.61,-96.49
105.62,-97.26
105.63,-95.28
105.64,-92.80
105.65,-93.38
105.66,-96.36
105.67,-93.78
105.68,-97.09
105.69,-96.98
105.70,-96.15
105.71,-97.40
105.72,-96.53
105.73,-95.42
105.74,-98.33
105.75,-95.99
105.76,-96.34
105.77,-97.88
105.78,-99.55
105.79,-99.84
105.80,-97.96
105.81,-96.24
105.82,-95.51
105.83,-98.23
105.84,-97.86
105.85,-98.17
105.86,-95.10
105.87,-97.34
105.88,-93.82
105.89,-94.96
105.90,-96.89
105.91,-97.96
105.92,-96.47
105.93,-97.54
105.94,-98.25
105.95,-97.01
105.96,-98.82
105.97,-97.58
105.98,-95.48
105.99,-96.65
106.00,-96.72
106.00,-94.99
106.01,-95.28
106.02,-96.95
106.03,-96.80
106.04,-96.54
106.05,-95.35
106.06,-97.88
106.07,-96.23
106.08,-95.47
106.09,-96.60
106.10,-97.31
106.11,-96.22
106.12,-96.75
106.13,-97.82
106.14,-97.82
106.15,-97.92
106.16,-97.95
106.17,-98.84
106.18,-97.04
106.19,-96.45
106.20,-94.24
106.21,-98.49
106.22,-94.66
106.23,-93.58
106.24,-94.90
106.25,-95.70
106.26,-98.00
106.27,-96.34
106.28,-97.27
106.29,-95.12
106.30,-98.40
106.31,-98.70
106.32,-97.25
106.33,-97.88
106.34,-97.12
106.35,-94.85
106.36,-96.75
106.37,-97.20
106.38,-95.05
106.39,-96.43
106.40,-96.32
106.41,-94.77
106.42,-93.88
106.43,-93.72
106.44,-95.52
106.45,-97.21
106.46,-98.90
106.47,-97.85
106.48,-97.78
106.49,-98.56
106.50,-95.70
106.51,-94.10
106.52,-96.31
106.53,-96.47
106.54,-97.15
106.55,-97.14
106.56,-95.25
106.57,-95.76
106.58,-94.34
106.59,-95.48
106.60,-95.96
106.61,-95.99
106.62,-99.38
106.63,-94.91
106.64,-97.13
106.65,-96.59
106.66,-97.60
106.67,-96.22
106.68,-94.43
106.69,-95.26
106.70,-95.38
106.71,-96.98
106.72,-95.22
106.73,-93.14
106.74,-96.86
106.75,-94.85
106.76,-95.29
106.77,-96.04
106.78,-95.56
106.79,-94.93
106.80,-95.41
106.80,-95.41
106.81,-96.85
106.82,-93.87
106.83,-97.63
106.84,-98.68
106.85,-97.50
106.86,-98.40
106.87,-96.24
106.88,-94.29
106.89,-96.57
106.90,-98.23
106.91,-96.45
106.92,-97.00
106.93,-96.41
106.94,-94.05
106.95,-95.62
106.96,-96.91
106.97,-97.51
106.98,-98.51
106.99,-100.27
107.00,-99.75
107.01,-99.08
107.02,-97.09
107.03,-97.89
107.04,-96.89
107.05,-94.37
107.06,-97.24
107.07,-96.53
107.08,-95.44
107.09,-95.41
107.10,-95.63
107.11,-95.22
107.12,-93.68
107.13,-95.04
107.14,-95.16
107.15,-95.60
107.16,-97.76
107.17,-97.17
107.18,-99.68
107.19,-96.85
107.20,-95.21
107.21,-93.62
107.22,-94.36
107.23,-93.67
107.24,-94.93
107.25,-96.66
107.26,-98.40
107.27,-95.92
107.28,-93.08
107.29,-94.76
107.30,-93.17
107.31,-93.78
107.32,-94.62
107.33,-98.75
107.34,-98.18
107.35,-97.38
107.36,-98.06
107.37,-98.46
107.38,-98.86
107.39,-96.45
107.40,-96.89
107.41,-97.42
107.42,-93.79
107.43,-94.32
107.44,-97.35
107.45,-94.25
107.46,-96.68
107.47,-93.91
107.48,-96.46
107.49,-98.00
107.50,-95.88
107.51,-93.96
107.52,-92.82
107.53,-93.60
107.54,-96.27
107.55,-97.02
107.56,-96.78
107.57,-98.45
107.58,-100.93
107.59,-97.45
107.60,-95.81
107.60,-95.81
107.61,-98.44
107.62,-97.70
107.63,-94.07
107.64,-97.73
107.65,-97.05
107.66,-96.51
107.67,-97.32
107.68,-96.99
107.69,-96.39
107.70,-94.91
107.71,-95.78
107.72,-95.76
107.73,-96.49
107.74,-96.67
107.75,-96.86
107.76,-97.18
107.77,-96.44
107.78,-94.28
107.79,-97.75
107.80,-96.84
107.81,-97.32
107.82,-99.89
107.83,-98.75
107.84,-99.27
107.85,-100.38
107.86,-97.63
107.87,-100.47
107.88,-101.08
107.89,-101.22
107.90,-98.91
107.91,-98.91
107.92,-99.07
107.93,-97.25
107.94,-96.69
107.95,-97.10
107.96,-96.78
107.97,-100.16
107.98,-100.04
107.99,-97.00
108.00,-99.85
108.01,-98.68
108.02,-100.08
108.03,-99.70
108.04,-100.00
108.05,-101.59
108.06,-100.97
108.07,-97.98
108.08,-98.93
108.09,-96.43
108.10,-98.15
108.11,-100.29
108.12,-98.16
108.13,-97.60
108.14,-99.04
108.15,-97.92
108.16,-95.72
108.17,-98.72
108.18,-99.40
108.19,-98.97
108.20,-101.53
108.21,-97.07
108.22,-94.60
108.23,-99.33
108.24,-97.26
108.25,-100.45
108.26,-97.84
108.27,-96.03
108.28,-98.15
108.29,-98.68
108.30,-97.93
108.31,-98.45
108.32,-97.86
108.33,-95.02
108.34,-100.89
108.35,-97.85
108.36,-98.95
108.37,-101.87
108.38,-99.67
108.39,-100.63
108.40,-100.87
108.40,-100.87
108.41,-99.43
108.42,-98.79
108.43,-98.99
108.44,-100.15
108.45,-98.39
108.46,-99.41
108.47,-97.87
108.48,-99.21
108.49,-99.86
108.50,-97.90
108.51,-98.44
108.52,-98.96
108.53,-100.34
108.54,-102.29
108.55,-101.49
108.56,-100.91
108.57,-101.91
108.58,-101.38
108.59,-100.11
108.60,-101.38
108.61,-100.85
108.62,-97.30
108.63,-98.13
108.64,-97.98
108.65,-97.84
108.66,-97.28
108.67,-97.46
108.68,-99.26
108.69,-97.99
108.70,-95.20
108.71,-93.80
108.72,-93.09
108.73,-96.17
108.74,-101.41
108.75,-100.09
108.76,-98.01
108.77,-96.93
108.78,-97.62
108.79,-97.87
108.80,-97.42
108.81,-97.69
108.82,-97.27
108.83,-98.01
108.84,-97.59
108.85,-96.27
108.86,-98.86
108.87,-99.12
108.88,-101.91
108.89,-100.69
108.90,-100.74
108.91,-98.89
108.92,-100.75
108.93,-100.81
108.94,-98.69
108.95,-100.76
108.96,-101.41
108.97,-102.23
108.98,-102.22
108.99,-98.75
109.00,-98.07
109.01,-100.56
109.02,-98.24
109.03,-101.08
109.04,-99.53
109.05,-98.97
109.06,-99.17
109.07,-98.32
109.08,-99.97
109.09,-101.00
109.10,-100.72
109.11,-100.02
109.12,-99.90
109.13,-100.11
109.14,-97.47
109.15,-97.63
109.16,-97.52
109.17,-99.61
109.18,-98.82
109.19,-97.63
109.20,-98.07
109.20,-98.07
109.21,-98.52
109.22,-99.93
109.23,-102.38
109.24,-96.23
109.25,-98.46
109.26,-100.76
109.27,-99.68
109.28,-101.05
109.29,-98.89
109.30,-100.88
109.31,-98.39
109.32,-99.73
109.33,-97.02
109.34,-98.19
109.35,-97.12
109.36,-97.57
109.37,-97.37
109.38,-97.61
109.39,-96.71
109.40,-99.70
109.41,-100.25
109.42,-100.58
109.43,-101.09
109.44,-101.99
109.45,-98.09
109.46,-97.38
109.47,-100.50
109.48,-98.64
109.49,-99.28
109.50,-98.57
109.51,-96.17
109.52,-100.91
109.53,-99.74
109.54,-99.10
109.55,-97.39
109.56,-97.64
109.57,-98.33
109.58,-98.30
109.59,-97.04
109.60,-97.73
109.61,-99.65
109.62,-97.44
109.63,-96.54
109.64,-95.96
109.65,-96.27
109.66,-96.88
109.67,-97.37
109.68,-96.51
109.69,-97.48
109.70,-96.19
109.71,-98.82
109.72,-96.17
109.73,-95.93
109.74,-95.28
109.75,-99.43
109.76,-96.69
109.77,-96.76
109.78,-98.47
109.79,-95.69
109.80,-94.39
109.81,-97.10
109.82,-96.51
109.83,-97.31
109.84,-98.04
109.85,-94.76
109.86,-95.26
109.87,-96.26
109.88,-97.78
109.89,-99.82
109.90,-96.30
109.91,-99.38
109.92,-96.35
109.93,-97.34
109.94,-94.83
109.95,-95.27
109.96,-95.19
109.97,-95.48
109.98,-95.17
109.99,-94.56
110.00,-96.99
170.00,-96.89
170.01,-94.87
170.02,-95.07
170.03,-94.16
170.04,-96.81
170.05,-95.85
170.06,-95.60
170.07,-95.81
170.08,-95.23
170.09,-95.20
170.10,-97.86
170.11,-98.77
170.12,-96.15
170.13,-94.97
170.14,-96.06
170.15,-95.82
170.16,-95.80
170.17,-94.60
170.18,-94.42
170.19,-95.21
170.20,-95.18
170.21,-94.74
170.22,-96.26
170.23,-96.66
170.24,-94.99
170.25,-95.65
170.26,-96.21
170.27,-95.35
170.28,-95.91
170.29,-95.49
170.30,-97.57
170.31,-99.36
170.32,-96.34
170.33,-97.85
170.34,-96.84
170.35,-95.07
170.36,-94.00
170.37,-95.84
170.38,-94.89
170.39,-94.05
170.40,-96.64
170.41,-95.66
170.42,-96.53
170.43,-97.16
170.44,-96.01
170.45,-95.75
170.46,-97.30
170.47,-95.99
170.48,-96.08
170.49,-94.09
170.50,-96.14
170.51,-94.52
170.52,-95.69
170.53,-96.78
170.54,-96.87
170.55,-98.09
170.56,-98.16
170.57,-97.98
170.58,-94.96
170.59,-95.36
170.60,-98.23
170.61,-98.14
170.62,-96.30
170.63,-98.15
170.64,-97.93
170.65,-97.64
170.66,-96.78
170.67,-97.57
170.68,-99.68
170.69,-97.05
170.70,-98.63
170.71,-98.98
170.72,-98.06
170.73,-99.24
170.74,-97.57
170.75,-99.15
170.76,-97.65
170.77,-97.83
170.78,-98.06
170.79,-96.57
170.80,-99.27
170.80,-99.27
170.81,-97.68
170.82,-101.31
170.83,-97.56
170.84,-98.63
170.85,-97.33
170.86,-96.88
170.87,-97.05
170.88,-96.62
170.89,-97.82
170.90,-95.75
170.91,-95.95
170.92,-97.67
170.93,-100.54
170.94,-99.53
170.95,-98.34
170.96,-98.96
170.97,-98.34
170.98,-100.09
170.99,-99.43
171.00,-99.25
171.01,-99.17
171.02,-100.54
171.03,-101.58
171.04,-100.70
171.05,-99.47
171.06,-99.45
171.07,-97.75
171.08,-100.01
171.09,-97.88
171.10,-97.91
171.11,-96.79
171.12,-98.86
171.13,-98.72
171.14,-98.58
171.15,-98.88
171.16,-97.76
171.17,-97.47
171.18,-98.90
171.19,-99.17
171.20,-97.96
171.21,-96.60
171.22,-99.60
171.23,-97.09
171.24,-95.08
171.25,-97.18
171.26,-97.17
171.27,-93.15
171.28,-92.49
171.29,-90.98
171.30,-91.64
171.31,-93.60
171.32,-96.74
171.33,-96.30
171.34,-98.19
171.35,-98.09
171.36,-96.82
171.37,-97.64
171.38,-98.54
171.39,-96.62
171.40,-98.92
171.41,-99.20
171.42,-101.12
171.43,-97.25
171.44,-95.55
171.45,-97.10
171.46,-93.20
171.47,-99.87
171.48,-99.37
171.49,-100.80
171.50,-101.20
171.51,-100.60
171.52,-101.62
171.53,-98.86
171.54,-99.25
171.55,-98.45
171.56,-94.99
171.57,-96.99
171.58,-98.29
171.59,-97.35
171.60,-99.21
171.60,-99.21
171.61,-97.98
171.62,-97.44
171.63,-101.23
171.64,-101.06
171.65,-98.57
171.66,-99.96
171.67,-98.03
171.68,-101.25
171.69,-99.74
171.70,-98.06
171.71,-99.88
171.72,-99.30
171.73,-97.16
171.74,-97.78
171.75,-97.74
171.76,-96.56
171.77,-97.96
171.78,-94.89
171.79,-94.79
171.80,-96.46
171.81,-95.64
171.82,-98.31
171.83,-96.80
171.84,-98.10
171.85,-98.98
171.86,-100.03
171.87,-99.34
171.88,-97.82
171.89,-98.33
171.90,-98.34
171.91,-98.57
171.92,-98.77
171.93,-97.93
171.94,-98.18
171.95,-98.06
171.96,-96.49
171.97,-98.26
171.98,-100.46
171.99,-98.26
172.00,-97.38
172.01,-98.64
172.02,-96.97
172.03,-95.69
172.04,-97.66
172.05,-96.71
172.06,-98.14
172.07,-95.89
172.08,-98.70
172.09,-98.77
172.10,-97.62
172.11,-95.89
172.12,-96.19
172.13,-97.23
172.14,-97.67
172.15,-98.36
172.16,-99.14
172.17,-96.22
172.18,-98.28
172.19,-97.56
172.20,-96.65
172.21,-95.36
172.22,-95.19
172.23,-93.34
172.24,-96.97
172.25,-97.24
172.26,-95.20
172.27,-95.42
172.28,-93.49
172.29,-96.05
172.30,-95.42
172.31,-95.76
172.32,-95.45
172.33,-96.01
172.34,-98.21
172.35,-97.80
172.36,-98.34
172.37,-97.38
172.38,-98.34
172.39,-98.53
172.40,-96.42
172.40,-96.42
172.41,-97.53
172.42,-95.80
172.43,-96.52
172.44,-94.71
172.45,-95.27
172.46,-95.40
172.47,-96.95
172.48,-98.67
172.49,-94.86
172.50,-94.58
172.51,-95.44
172.52,-95.22
172.53,-94.28
172.54,-95.22
172.55,-98.50
172.56,-96.12
172.57,-98.21
172.58,-95.51
172.59,-92.32
172.60,-92.47
172.61,-89.82
172.62,-91.11
172.63,-92.87
172.64,-92.50
172.65,-91.26
172.66,-93.22
172.67,-94.55
172.68,-90.72
172.69,-90.16
172.70,-90.18
172.71,-90.38
172.72,-90.42
172.73,-92.04
172.74,-93.96
172.75,-91.35
172.76,-92.52
172.77,-92.99
172.78,-88.38
172.79,-87.54
172.80,-88.89
172.81,-90.96
172.82,-91.11
172.83,-93.28
172.84,-93.56
172.85,-93.76
172.86,-93.85
172.87,-90.57
172.88,-91.76
172.89,-92.59
172.90,-94.02
172.91,-93.53
172.92,-95.41
172.93,-93.18
172.94,-93.92
172.95,-91.60
172.96,-92.49
172.97,-91.70
172.98,-93.47
172.99,-94.00
173.00,-94.52
173.01,-94.31
173.02,-96.55
173.03,-95.72
173.04,-94.13
173.05,-93.98
173.06,-95.60
173.07,-93.17
173.08,-94.71
173.09,-90.85
173.10,-93.78
173.11,-93.02
173.12,-93.74
173.13,-91.36
173.14,-92.96
173.15,-91.44
173.16,-93.92
173.17,-92.44
173.18,-90.95
173.19,-91.08
173.20,-92.47
173.20,-92.04
173.21,-93.16
173.22,-91.22
173.23,-95.14
173.24,-94.66
173.25,-96.25
173.26,-95.27
173.27,-91.99
173.28,-89.79
173.29,-91.17
173.30,-93.33
173.31,-95.09
173.32,-93.17
173.33,-92.26
173.34,-93.55
173.35,-94.15
173.36,-93.06
173.37,-92.70
173.38,-93.94
173.39,-94.72
173.40,-92.50
173.41,-92.48
173.42,-93.44
173.43,-94.07
173.44,-92.35
173.45,-94.06
173.46,-94.53
173.47,-92.58
173.48,-95.90
173.49,-93.40
173.50,-93.99
173.51,-94.18
173.52,-94.79
173.53,-94.42
173.54,-92.54
173.55,-92.60
173.56,-92.18
173.57,-90.47
173.58,-90.96
173.59,-91.58
173.60,-94.24
173.61,-92.37
173.62,-94.59
173.63,-90.89
173.64,-90.34
173.65,-92.17
173.66,-89.99
173.67,-91.71
173.68,-92.16
173.69,-92.03
173.70,-93.96
173.71,-93.55
173.72,-93.51
173.73,-91.67
173.74,-92.94
173.75,-93.04
173.76,-92.01
173.77,-92.59
173.78,-91.22
173.79,-93.12
173.80,-93.12
173.81,-91.80
173.82,-90.98
173.83,-91.50
173.84,-91.25
173.85,-90.28
173.86,-91.24
173.87,-91.88
173.88,-90.99
173.89,-92.44
173.90,-93.57
173.91,-93.26
173.92,-93.51
173.93,-94.29
173.94,-92.13
173.95,-92.37
173.96,-88.24
173.97,-92.27
173.98,-92.78
173.99,-91.07
174.00,-92.73
174.00,-90.96
174.01,-92.11
174.02,-92.01
174.03,-91.46
174.04,-92.18
174.05,-89.28
174.06,-92.43
174.07,-90.76
174.08,-94.36
174.09,-93.13
174.10,-92.61
174.11,-91.08
174.12,-92.06
174.13,-91.85
174.14,-91.42
174.15,-88.94
174.16,-92.15
174.17,-91.51
174.18,-91.65
174.19,-91.56
174.20,-90.99
174.21,-90.27
174.22,-89.04
174.23,-91.64
174.24,-92.02
174.25,-89.83
174.26,-92.65
174.27,-90.74
174.28,-92.64
174.29,-91.46
174.30,-91.79
174.31,-90.04
174.32,-92.22
174.33,-90.97
174.34,-88.89
174.35,-93.57
174.36,-91.50
174.37,-92.67
174.38,-90.99
174.39,-90.37
174.40,-91.57
174.41,-92.42
174.42,-92.45
174.43,-91.51
174.44,-93.31
174.45,-94.12
174.46,-91.67
174.47,-91.41
174.48,-92.31
174.49,-91.11
174.50,-92.34
174.51,-91.03
174.52,-91.57
174.53,-91.65
174.54,-92.75
174.55,-88.43
174.56,-90.42
174.57,-93.55
174.58,-91.15
174.59,-93.39
174.60,-94.03
174.61,-91.58
174.62,-92.57
174.63,-93.05
174.64,-94.77
174.65,-93.18
174.66,-92.76
174.67,-91.95
174.68,-92.13
174.69,-91.22
174.70,-90.95
174.71,-92.82
174.72,-92.98
174.73,-91.54
174.74,-93.03
174.75,-91.48
174.76,-91.36
174.77,-93.70
174.78,-91.71
174.79,-91.80
174.80,-93.66
174.80,-93.66
174.81,-92.74
174.82,-92.26
174.83,-92.69
174.84,-91.99
174.85,-89.59
174.86,-91.70
174.87,-87.48
174.88,-89.58
174.89,-91.63
174.90,-92.21
174.91,-93.47
174.92,-93.25
174.93,-92.05
174.94,-92.78
174.95,-90.95
174.96,-93.67
174.97,-92.48
174.98,-92.44
174.99,-91.52
175.00,-90.50
175.01,-94.29
175.02,-94.23
175.03,-92.56
175.04,-92.37
175.05,-90.83
175.06,-90.71
175.07,-92.75
175.08,-91.28
175.09,-89.87
175.10,-91.14
175.11,-92.13
175.12,-92.85
175.13,-93.83
175.14,-93.88
175.15,-96.02
175.16,-93.79
175.17,-94.76
175.18,-95.30
175.19,-92.54
175.20,-92.69
175.21,-91.86
175.22,-93.47
175.23,-93.68
175.24,-92.79
175.25,-90.39
175.26,-93.67
175.27,-91.09
175.28,-92.97
175.29,-92.77
175.30,-92.05
175.31,-94.50
175.32,-93.77
175.33,-92.79
175.34,-92.75
175.35,-91.47
175.36,-92.15
175.37,-92.32
175.38,-92.69
175.39,-93.34
175.40,-93.14
175.41,-91.04
175.42,-88.78
175.43,-87.93
175.44,-88.28
175.45,-88.40
175.46,-91.90
175.47,-92.77
175.48,-91.79
175.49,-93.03
175.50,-91.75
175.51,-91.09
175.52,-88.73
175.53,-87.19
175.54,-90.37
175.55,-92.67
175.56,-92.41
175.57,-93.18
175.58,-92.15
175.59,-93.24
175.60,-93.23
175.60,-93.23
175.61,-91.98
175.62,-90.73
175.63,-93.06
175.64,-92.73
175.65,-94.85
175.66,-94.17
175.67,-96.42
175.68,-92.26
175.69,-95.31
175.70,-93.58
175.71,-92.10
175.72,-93.78
175.73,-91.27
175.74,-95.52
175.75,-92.57
175.76,-92.16
175.77,-93.46
175.78,-95.64
175.79,-94.91
175.80,-93.01
175.81,-96.69
175.82,-95.54
175.83,-94.03
175.84,-94.12
175.85,-92.57
175.86,-93.96
175.87,-92.72
175.88,-93.53
175.89,-94.28
175.90,-91.70
175.91,-90.07
175.92,-91.54
175.93,-91.18
175.94,-93.24
175.95,-94.42
175.96,-92.21
175.97,-94.62
175.98,-93.51
175.99,-94.14
176.00,-93.61
176.01,-90.50
176.02,-92.65
176.03,-92.86
176.04,-95.28
176.05,-94.63
176.06,-92.39
176.07,-93.52
176.08,-95.25
176.09,-91.88
176.10,-94.60
176.11,-93.94
176.12,-94.45
176.13,-95.94
176.14,-96.42
176.15,-97.46
176.16,-96.18
176.17,-96.31
176.18,-97.19
176.19,-95.33
176.20,-95.56
176.21,-93.72
176.22,-96.26
176.23,-93.49
176.24,-94.15
176.25,-94.03
176.26,-96.64
176.27,-94.67
176.28,-95.64
176.29,-94.29
176.30,-95.20
176.31,-95.00
176.32,-96.73
176.33,-95.88
176.34,-96.32
176.35,-97.80
176.36,-95.66
176.37,-97.72
176.38,-94.55
176.39,-96.11
176.40,-94.24
176.40,-94.24
176.41,-93.33
176.42,-94.42
176.43,-95.66
176.44,-96.82
176.45,-94.49
176.46,-96.56
176.47,-95.56
176.48,-98.89
176.49,-95.73
176.50,-93.53
176.51,-97.16
176.52,-97.72
176.53,-95.91
176.54,-96.74
176.55,-96.40
176.56,-95.02
176.57,-96.64
176.58,-95.51
176.59,-95.15
176.60,-95.06
176.61,-94.71
176.62,-94.66
176.63,-92.16
176.64,-90.51
176.65,-90.65
176.66,-92.76
176.67,-95.49
176.68,-98.47
176.69,-96.92
176.70,-98.59
176.71,-97.29
176.72,-97.28
176.73,-96.22
176.74,-94.01
176.75,-93.49
176.76,-95.77
176.77,-94.49
176.78,-96.20
176.79,-96.22
176.80,-98.46
176.81,-96.41
176.82,-98.17
176.83,-96.56
176.84,-97.17
176.85,-96.28
176.86,-98.55
176.87,-97.07
176.88,-95.21
176.89,-97.03
176.90,-96.32
176.91,-95.81
176.92,-96.71
176.93,-93.06
176.94,-91.61
176.95,-91.52
176.96,-94.94
176.97,-94.08
176.98,-96.77
176.99,-97.74
177.00,-98.65
177.01,-97.52
177.02,-98.39
177.03,-98.59
177.04,-99.20
177.05,-94.99
177.06,-96.13
177.07,-95.46
177.08,-97.53
177.09,-96.01
177.10,-96.61
177.11,-94.83
177.12,-97.43
177.13,-95.78
177.14,-97.07
177.15,-99.31
177.16,-95.59
177.17,-95.45
177.18,-98.62
177.19,-97.88
177.20,-97.43
177.20,-97.43
177.21,-99.29
177.22,-97.51
177.23,-96.48
177.24,-95.76
177.25,-94.55
177.26,-96.70
177.27,-98.98
177.28,-97.90
177.29,-99.11
177.30,-96.77
177.31,-95.80
177.32,-96.96
177.33,-95.70
177.34,-99.18
177.35,-96.59
177.36,-99.47
177.37,-96.95
177.38,-98.30
177.39,-96.70
177.40,-94.79
177.41,-92.62
177.42,-92.88
177.43,-90.96
177.44,-92.19
177.45,-95.05
177.46,-93.65
177.47,-97.11
177.48,-96.96
177.49,-98.02
177.50,-96.30
177.51,-97.76
177.52,-100.57
177.53,-100.04
177.54,-96.43
177.55,-96.11
177.56,-97.95
177.57,-96.09
177.58,-97.82
177.59,-96.48
177.60,-95.31
177.61,-94.93
177.62,-94.94
177.63,-94.81
177.64,-95.85
177.65,-95.69
177.66,-95.39
177.67,-96.69
177.68,-95.21
177.69,-97.55
177.70,-98.20
177.71,-98.06
177.72,-96.15
177.73,-98.88
177.74,-94.65
177.75,-97.59
177.76,-97.87
177.77,-95.14
177.78,-97.62
177.79,-94.12
177.80,-95.05
177.81,-95.40
177.82,-95.81
177.83,-95.05
177.84,-97.62
177.85,-96.99
177.86,-97.13
177.87,-97.92
177.88,-98.71
177.89,-96.55
177.90,-95.37
177.91,-95.12
177.92,-92.73
177.93,-93.96
177.94,-95.15
177.95,-95.34
177.96,-94.47
177.97,-96.81
177.98,-96.44
177.99,-94.48
178.00,-96.76
178.00,-93.37
178.01,-94.59
178.02,-95.09
178.03,-96.06
178.04,-97.41
178.05,-98.30
178.06,-96.43
178.07,-96.85
178.08,-96.44
178.09,-96.10
178.10,-97.43
178.11,-96.77
178.12,-99.12
178.13,-94.54
178.14,-96.92
178.15,-94.60
178.16,-93.85
178.17,-90.93
178.18,-90.59
178.19,-91.46
178.20,-94.43
178.21,-95.51
178.22,-94.71
178.23,-97.24
178.24,-97.59
178.25,-96.04
178.26,-93.82
178.27,-95.07
178.28,-97.87
178.29,-92.95
178.30,-97.04
178.31,-96.68
178.32,-95.42
178.33,-92.39
178.34,-92.23
178.35,-89.93
178.36,-93.04
178.37,-92.33
178.38,-93.94
178.39,-92.80
178.40,-94.37
178.41,-95.12
178.42,-95.88
178.43,-93.68
178.44,-93.09
178.45,-92.32
178.46,-96.36
178.47,-97.47
178.48,-96.97
178.49,-95.91
178.50,-96.58
178.51,-94.29
178.52,-95.33
178.53,-93.07
178.54,-91.18
178.55,-94.16
178.56,-92.88
178.57,-93.74
178.58,-94.42
178.59,-96.26
178.60,-95.56
178.61,-97.14
178.62,-97.82
178.63,-97.86
178.64,-97.78
178.65,-94.70
178.66,-97.12
178.67,-94.93
178.68,-94.99
178.69,-95.51
178.70,-94.51
178.71,-96.18
178.72,-96.87
178.73,-94.00
178.74,-93.45
178.75,-95.57
178.76,-94.56
178.77,-96.86
178.78,-95.72
178.79,-94.72
178.80,-97.29
178.80,-97.29
178.81,-97.42
178.82,-95.55
178.83,-93.06
178.84,-93.21
178.85,-93.82
178.86,-93.01
178.87,-95.56
178.88,-96.64
178.89,-95.81
178.90,-93.54
178.91,-95.64
178.92,-91.88
178.93,-93.99
178.94,-96.86
178.95,-97.16
178.96,-96.47
178.97,-95.59
178.98,-96.03
178.99,-96.30
179.00,-94.07
179.01,-94.88
179.02,-95.29
179.03,-94.73
179.04,-94.65
179.05,-93.66
179.06,-94.31
179.07,-92.09
179.08,-97.20
179.09,-95.33
179.10,-97.07
179.11,-96.88
179.12,-97.20
179.13,-95.18
179.14,-95.45
179.15,-96.08
179.16,-93.71
179.17,-96.76
179.18,-97.94
179.19,-95.29
179.20,-95.75
179.21,-95.46
179.22,-95.36
179.23,-94.66
179.24,-93.83
179.25,-92.70
179.26,-96.61
179.27,-95.41
179.28,-96.25
179.29,-97.54
179.30,-95.61
179.31,-98.14
179.32,-95.45
179.33,-96.00
179.34,-95.38
179.35,-96.71
179.36,-94.17
179.37,-92.83
179.38,-97.09
179.39,-95.10
179.40,-96.38
179.41,-93.96
179.42,-94.53
179.43,-97.45
179.44,-95.98
179.45,-95.04
179.46,-96.65
179.47,-96.60
179.48,-96.68
179.49,-95.21
179.50,-96.75
179.51,-93.95
179.52,-93.69
179.53,-95.21
179.54,-96.59
179.55,-95.68
179.56,-98.03
179.57,-96.35
179.58,-93.54
179.59,-93.14
179.60,-95.66
179.60,-95.66
179.61,-97.83
179.62,-96.39
179.63,-95.73
179.64,-97.32
179.65,-99.10
179.66,-97.88
179.67,-98.54
179.68,-94.96
179.69,-93.97
179.70,-95.58
179.71,-96.57
179.72,-94.66
179.73,-95.12
179.74,-98.89
179.75,-96.48
179.76,-98.03
179.77,-96.70
179.78,-97.12
179.79,-95.21
179.80,-97.34
179.81,-96.36
179.82,-94.22
179.83,-95.88
179.84,-98.84
179.85,-95.11
179.86,-95.50
179.87,-93.43
179.88,-96.59
179.89,-94.65
179.90,-97.81
179.91,-95.68
179.92,-97.39
179.93,-95.33
179.94,-98.47
179.95,-97.05
179.96,-97.86
179.97,-94.60
179.98,-97.67
179.99,-94.63
180.00,-96.22
180.01,-93.43
180.02,-96.68
180.03,-96.29
180.04,-96.84
180.05,-94.71
180.06,-96.36
180.07,-94.41
180.08,-94.65
180.09,-96.54
180.10,-95.72
180.11,-97.33
180.12,-96.76
180.13,-95.59
180.14,-98.97
180.15,-97.49
180.16,-97.85
180.17,-97.54
180.18,-97.95
180.19,-98.26
180.20,-94.80
180.21,-93.32
180.22,-97.76
180.23,-97.58
180.24,-96.12
180.25,-96.52
180.26,-95.90
180.27,-96.32
180.28,-94.76
180.29,-97.49
180.30,-96.34
180.31,-96.20
180.32,-98.39
180.33,-97.17
180.34,-97.56
180.35,-97.18
180.36,-98.76
180.37,-96.44
180.38,-96.67
180.39,-98.03
180.40,-98.89
180.40,-98.89
180.41,-97.21
180.42,-97.56
180.43,-99.30
180.44,-96.26
180.45,-98.17
180.46,-95.82
180.47,-94.74
180.48,-99.54
180.49,-95.87
180.50,-99.24
180.51,-97.72
180.52,-98.42
180.53,-99.99
180.54,-96.88
180.55,-97.81
180.56,-97.71
180.57,-98.58
180.58,-93.25
180.59,-96.77
180.60,-99.52
180.61,-97.49
180.62,-98.88
180.63,-98.69
180.64,-97.44
180.65,-98.73
180.66,-97.18
180.67,-98.47
180.68,-100.93
180.69,-97.41
180.70,-100.13
180.71,-98.84
180.72,-98.01
180.73,-97.33
180.74,-96.74
180.75,-96.04
180.76,-95.65
180.77,-97.21
180.78,-96.48
180.79,-97.30
180.80,-99.23
180.81,-98.81
180.82,-95.44
180.83,-99.33
180.84,-96.91
180.85,-99.72
180.86,-99.26
180.87,-98.22
180.88,-96.52
180.89,-95.73
180.90,-97.48
180.91,-97.50
180.92,-99.78
180.93,-99.56
180.94,-98.78
180.95,-99.34
180.96,-97.58
180.97,-99.46
180.98,-98.59
180.99,-97.44
181.00,-98.73
181.01,-95.78
181.02,-99.05
181.03,-98.77
181.04,-96.96
181.05,-98.64
181.06,-100.18
181.07,-97.78
181.08,-93.97
181.09,-96.59
181.10,-95.60
181.11,-97.25
181.12,-98.16
181.13,-97.65
181.14,-98.11
181.15,-98.15
181.16,-97.88
181.17,-97.44
181.18,-98.26
181.19,-98.13
181.20,-100.72
181.20,-100.72
181.21,-101.59
181.22,-97.80
181.23,-97.12
181.24,-93.81
181.25,-93.71
181.26,-93.67
181.27,-97.58
181.28,-99.78
181.29,-98.77
181.30,-97.99
181.31,-96.92
181.32,-97.02
181.33,-99.07
181.34,-96.99
181.35,-96.88
181.36,-98.61
181.37,-100.95
181.38,-99.25
181.39,-97.82
181.40,-97.00
181.41,-97.70
181.42,-98.92
181.43,-94.62
181.44,-97.68
181.45,-100.35
181.46,-100.36
181.47,-99.73
181.48,-99.96
181.49,-99.22
181.50,-98.16
181.51,-98.63
181.52,-97.10
181.53,-99.51
181.54,-99.75
181.55,-96.48
181.56,-96.60
181.57,-98.55
181.58,-96.35
181.59,-98.22
181.60,-97.88
181.61,-99.93
181.62,-98.93
181.63,-99.31
181.64,-99.02
181.65,-99.87
181.66,-98.43
181.67,-97.36
181.68,-98.83
181.69,-100.39
181.70,-99.59
181.71,-101.08
181.72,-100.62
181.73,-99.02
181.74,-97.95
181.75,-96.73
181.76,-96.94
181.77,-99.31
181.78,-97.37
181.79,-99.29
181.80,-100.05
181.81,-100.45
181.82,-98.91
181.83,-101.87
181.84,-99.46
181.85,-100.30
181.86,-99.64
181.87,-96.21
181.88,-99.90
181.89,-100.65
181.90,-100.65
181.91,-101.24
181.92,-99.82
181.93,-99.09
181.94,-97.65
181.95,-99.94
181.96,-99.45
181.97,-99.16
181.98,-97.33
181.99,-101.07
182.00,-100.12
182.00,-100.35
182.01,-99.82
182.02,-100.55
182.03,-100.41
182.04,-98.56
182.05,-98.32
182.06,-99.81
182.07,-100.43
182.08,-100.71
182.09,-100.61
182.10,-99.46
182.11,-102.52
182.12,-101.29
182.13,-100.81
182.14,-102.79
182.15,-100.18
182.16,-98.16
182.17,-97.53
182.18,-101.37
182.19,-99.53
182.20,-100.11
182.21,-101.41
182.22,-100.50
182.23,-101.63
182.24,-100.19
182.25,-99.50
182.26,-101.49
182.27,-101.20
182.28,-100.18
182.29,-101.37
182.30,-100.39
182.31,-102.41
182.32,-101.07
182.33,-100.09
182.34,-101.49
182.35,-100.57
182.36,-101.92
182.37,-96.87
182.38,-99.54
182.39,-102.08
182.40,-100.40
182.41,-100.20
182.42,-100.96
182.43,-99.13
182.44,-103.59
182.45,-100.30
182.46,-99.85
182.47,-98.56
182.48,-101.33
182.49,-99.78
182.50,-99.37
182.51,-101.90
182.52,-100.64
182.53,-98.30
182.54,-99.57
182.55,-98.62
182.56,-99.65
182.57,-101.91
182.58,-97.83
182.59,-99.21
182.60,-99.17
182.61,-100.95
182.62,-99.85
182.63,-99.45
182.64,-98.10
182.65,-101.03
182.66,-99.32
182.67,-101.48
182.68,-101.96
182.69,-100.18
182.70,-100.12
182.71,-99.42
182.72,-100.94
182.73,-99.32
182.74,-99.95
182.75,-100.81
182.76,-98.58
182.77,-95.51
182.78,-94.08
182.79,-93.79
182.80,-97.00
182.80,-92.84
182.81,-98.36
182.82,-101.06
182.83,-99.71
182.84,-99.15
182.85,-103.28
182.86,-98.89
182.87,-99.77
182.88,-100.18
182.89,-101.47
182.90,-101.29
182.91,-99.12
182.92,-101.90
182.93,-102.24
182.94,-100.94
182.95,-104.27
182.96,-102.79
182.97,-101.06
182.98,-99.85
182.99,-100.09
183.00,-97.75
183.01,-98.80
183.02,-101.77
183.03,-98.73
183.04,-100.42
183.05,-102.75
183.06,-100.88
183.07,-97.13
183.08,-102.12
183.09,-98.75
183.10,-99.99
183.11,-100.01
183.12,-99.71
183.13,-98.95
183.14,-101.48
183.15,-102.12
183.16,-101.77
183.17,-101.02
183.18,-101.98
183.19,-99.73
183.20,-98.60
183.21,-100.31
183.22,-102.32
183.23,-101.45
183.24,-101.38
183.25,-103.14
183.26,-102.66
183.27,-103.75
183.28,-102.80
183.29,-101.96
183.30,-102.96
183.31,-103.83
183.32,-100.26
183.33,-99.04
183.34,-101.71
183.35,-102.70
183.36,-101.45
183.37,-103.40
183.38,-101.19
183.39,-101.66
183.40,-101.46
183.41,-103.80
183.42,-99.67
183.43,-103.87
183.44,-101.27
183.45,-101.12
183.46,-101.90
183.47,-99.94
183.48,-101.13
183.49,-98.94
183.50,-98.47
183.51,-100.31
183.52,-100.92
183.53,-100.17
183.54,-101.21
183.55,-100.43
183.56,-101.78
183.57,-100.78
183.58,-102.58
183.59,-101.86
183.60,-99.57
183.60,-99.57
183.61,-101.31
183.62,-102.22
183.63,-103.70
183.64,-102.13
183.65,-102.20
183.66,-102.86
183.67,-101.05
183.68,-99.68
183.69,-99.29
183.70,-103.28
183.71,-101.35
183.72,-100.91
183.73,-101.98
183.74,-100.99
183.75,-100.46
183.76,-100.78
183.77,-101.26
183.78,-100.98
183.79,-103.16
183.80,-100.40
183.81,-98.03
183.82,-102.41
183.83,-101.48
183.84,-101.18
183.85,-99.57
183.86,-100.22
183.87,-102.69
183.88,-103.20
183.89,-100.11
183.90,-99.81
183.91,-102.59
183.92,-101.59
183.93,-100.37
183.94,-99.41
183.95,-99.83
183.96,-99.72
183.97,-99.72
183.98,-99.15
183.99,-97.91
184.00,-98.61
184.01,-98.20
184.02,-98.78
184.03,-98.70
184.04,-100.14
184.05,-101.53
184.06,-101.28
184.07,-98.92
184.08,-100.36
184.09,-99.95
184.10,-99.90
184.11,-99.58
184.12,-99.05
184.13,-98.45
184.14,-100.45
184.15,-99.74
184.16,-98.55
184.17,-99.42
184.18,-99.17
184.19,-100.65
184.20,-99.71
184.21,-102.03
184.22,-101.36
184.23,-100.46
184.24,-100.93
184.25,-102.99
184.26,-99.43
184.27,-98.16
184.28,-100.98
184.29,-99.52
184.30,-95.40
184.31,-94.26
184.32,-95.41
184.33,-95.96
184.34,-96.41
184.35,-98.26
184.36,-99.13
184.37,-98.76
184.38,-100.42
184.39,-99.23
184.40,-101.78
184.40,-101.78
184.41,-99.93
184.42,-102.59
184.43,-99.13
184.44,-98.43
184.45,-99.23
184.46,-96.95
184.47,-93.44
184.48,-93.20
184.49,-94.89
184.50,-97.23
184.51,-98.65
184.52,-97.89
184.53,-98.19
184.54,-97.98
184.55,-99.13
184.56,-96.06
184.57,-96.50
184.58,-98.00
184.59,-100.22
184.60,-98.77
184.61,-100.67
184.62,-101.84
184.63,-97.15
184.64,-98.01
184.65,-96.91
184.66,-97.08
184.67,-95.44
184.68,-99.81
184.69,-99.99
184.70,-97.83
184.71,-99.32
184.72,-97.43
184.73,-98.73
184.74,-101.07
184.75,-101.25
184.76,-99.97
184.77,-99.23
184.78,-98.96
184.79,-96.91
184.80,-98.75
184.81,-99.48
184.82,-99.24
184.83,-98.08
184.84,-98.95
184.85,-96.98
184.86,-99.80
184.87,-99.67
184.88,-100.00
184.89,-99.47
184.90,-101.03
184.91,-98.25
184.92,-101.72
184.93,-99.84
184.94,-101.25
184.95,-99.72
184.96,-99.37
184.97,-99.33
184.98,-98.96
184.99,-97.54
185.00,-95.93
185.01,-98.31
185.02,-101.10
185.03,-99.78
185.04,-99.91
185.05,-98.30
185.06,-96.61
185.07,-99.67
185.08,-101.65
185.09,-99.20
185.10,-100.54
185.11,-98.83
185.12,-99.29
185.13,-100.02
185.14,-97.94
185.15,-97.13
185.16,-97.26
185.17,-96.92
185.18,-96.75
185.19,-98.35
185.20,-97.06
185.20,-97.06
185.21,-99.04
185.22,-98.79
185.23,-98.50
185.24,-100.78
185.25,-102.14
185.26,-100.56
185.27,-99.64
185.28,-101.84
185.29,-98.02
185.30,-98.27
185.31,-99.08
185.32,-98.82
185.33,-98.53
185.34,-99.35
185.35,-97.42
185.36,-97.93
185.37,-98.35
185.38,-97.83
185.39,-98.84
185.40,-98.91
185.41,-97.90
185.42,-98.34
185.43,-99.52
185.44,-99.62
185.45,-102.60
185.46,-101.20
185.47,-99.74
185.48,-99.56
185.49,-98.30
185.50,-98.66
185.51,-97.08
185.52,-98.61
185.53,-95.31
185.54,-96.70
185.55,-98.01
185.56,-100.88
185.57,-99.53
185.58,-99.68
185.59,-98.93
185.60,-99.50
185.61,-99.09
185.62,-99.05
185.63,-98.47
185.64,-98.47
185.65,-100.21
185.66,-97.84
185.67,-97.45
185.68,-97.66
185.69,-96.92
185.70,-97.09
185.71,-98.24
185.72,-94.54
185.73,-97.55
185.74,-97.63
185.75,-99.10
185.76,-99.25
185.77,-100.80
185.78,-101.80
185.79,-100.37
185.80,-100.49
185.81,-100.10
185.82,-97.26
185.83,-95.90
185.84,-92.40
185.85,-91.18
185.86,-91.02
185.87,-93.96
185.88,-97.01
185.89,-97.50
185.90,-99.04
185.91,-101.09
185.92,-98.65
185.93,-98.61
185.94,-100.87
185.95,-101.20
185.96,-100.99
185.97,-100.32
185.98,-98.08
185.99,-100.11
186.00,-99.28
186.00,-97.91
186.01,-98.14
186.02,-97.77
186.03,-98.66
186.04,-97.84
186.05,-96.17
186.06,-97.31
186.07,-98.05
186.08,-97.60
186.09,-100.19
186.10,-99.56
186.11,-100.51
186.12,-98.56
186.13,-101.24
186.14,-99.18
186.15,-98.62
186.16,-99.96
186.17,-99.56
186.18,-96.19
186.19,-99.93
186.20,-97.33
186.21,-97.01
186.22,-98.23
186.23,-97.33
186.24,-97.57
186.25,-99.11
186.26,-99.51
186.27,-101.47
186.28,-99.16
186.29,-99.64
186.30,-99.21
186.31,-97.91
186.32,-100.95
186.33,-99.12
186.34,-97.78
186.35,-100.19
186.36,-99.29
186.37,-100.77
186.38,-98.32
186.39,-99.44
186.40,-99.89
186.41,-100.70
186.42,-99.33
186.43,-100.88
186.44,-99.17
186.45,-100.78
186.46,-101.82
186.47,-100.42
186.48,-101.09
186.49,-99.99
186.50,-102.79
186.51,-100.13
186.52,-100.28
186.53,-99.72
186.54,-99.44
186.55,-98.98
186.56,-100.55
186.57,-99.45
186.58,-101.08
186.59,-99.44
186.60,-98.87
186.61,-101.68
186.62,-99.74
186.63,-99.22
186.64,-101.57
186.65,-100.44
186.66,-101.41
186.67,-101.69
186.68,-100.31
186.69,-101.36
186.70,-99.08
186.71,-99.47
186.72,-98.23
186.73,-96.40
186.74,-97.95
186.75,-100.45
186.76,-100.66
186.77,-100.76
186.78,-100.29
186.79,-100.29
186.80,-101.22
186.80,-101.22
186.81,-102.34
186.82,-99.72
186.83,-99.40
186.84,-100.44
186.85,-101.58
186.86,-99.34
186.87,-101.06
186.88,-101.74
186.89,-101.46
186.90,-100.58
186.91,-99.30
186.92,-100.49
186.93,-100.36
186.94,-100.87
186.95,-101.77
186.96,-100.58
186.97,-99.85
186.98,-102.42
186.99,-103.33
187.00,-100.36
187.01,-102.08
187.02,-102.64
187.03,-102.18
187.04,-102.34
187.05,-98.69
187.06,-101.10
187.07,-102.32
187.08,-102.08
187.09,-98.99
187.10,-100.02
187.11,-98.79
187.12,-98.68
187.13,-98.84
187.14,-100.32
187.15,-98.42
187.16,-102.49
187.17,-103.03
187.18,-101.93
187.19,-101.35
187.20,-97.95
187.21,-98.82
187.22,-98.75
187.23,-98.85
187.24,-99.71
187.25,-100.94
187.26,-98.20
187.27,-101.44
187.28,-99.95
187.29,-98.63
187.30,-97.18
187.31,-99.97
187.32,-98.74
187.33,-101.22
187.34,-104.09
187.35,-103.87
187.36,-100.08
187.37,-97.79
187.38,-96.45
187.39,-94.90
187.40,-94.64
187.41,-97.82
187.42,-98.68
187.43,-103.34
187.44,-102.83
187.45,-101.61
187.46,-101.08
187.47,-102.77
187.48,-102.48
187.49,-101.60
187.50,-102.96
187.51,-100.86
187.52,-103.51
187.53,-102.17
187.54,-103.49
187.55,-103.16
187.56,-102.52
187.57,-101.43
187.58,-102.97
187.59,-103.17
187.60,-104.05
187.60,-104.05
187.61,-102.95
187.62,-104.02
187.63,-103.63
187.64,-103.86
187.65,-102.88
187.66,-103.25
187.67,-104.20
187.68,-101.39
187.69,-104.23
187.70,-101.94
187.71,-105.42
187.72,-102.78
187.73,-103.09
187.74,-101.81
187.75,-105.40
187.76,-103.37
187.77,-104.44
187.78,-103.63
187.79,-102.66
187.80,-103.80
187.81,-103.73
187.82,-102.95
187.83,-104.01
187.84,-101.39
187.85,-101.27
187.86,-101.84
187.87,-103.28
187.88,-100.16
187.89,-104.42
187.90,-98.78
187.91,-103.34
187.92,-102.20
187.93,-102.91
187.94,-102.82
187.95,-102.03
187.96,-103.84
187.97,-103.53
187.98,-103.15
187.99,-98.50
188.00,-105.31
188.01,-102.08
188.02,-102.51
188.03,-102.37
188.04,-104.07
188.05,-105.00
188.06,-102.55
188.07,-102.91
188.08,-102.71
188.09,-104.53
188.10,-102.90
188.11,-103.49
188.12,-103.97
188.13,-102.69
188.14,-102.94
188.15,-103.75
188.16,-105.76
188.17,-104.58
188.18,-103.65
188.19,-105.81
188.20,-104.18
188.21,-101.82
188.22,-101.72
188.23,-102.21
188.24,-103.34
188.25,-103.65
188.26,-104.33
188.27,-104.98
188.28,-103.34
188.29,-103.13
188.30,-100.67
188.31,-104.78
188.32,-103.92
188.33,-101.87
188.34,-102.50
188.35,-103.96
188.36,-103.80
188.37,-103.44
188.38,-105.89
188.39,-102.30
188.40,-104.11
188.40,-104.11
188.41,-101.96
188.42,-103.59
188.43,-104.41
188.44,-102.89
188.45,-102.49
188.46,-103.68
188.47,-106.79
188.48,-104.04
188.49,-105.26
188.50,-105.21
188.51,-105.06
188.52,-105.80
188.53,-103.30
188.54,-103.66
188.55,-101.24
188.56,-102.81
188.57,-105.68
188.58,-106.44
188.59,-102.90
188.60,-105.43
188.61,-103.62
188.62,-103.89
188.63,-102.63
188.64,-100.24
188.65,-102.63
188.66,-104.56
188.67,-103.36
188.68,-103.49
188.69,-103.25
188.70,-101.15
188.71,-100.17
188.72,-99.85
188.73,-98.57
188.74,-98.39
188.75,-102.66
188.76,-103.61
188.77,-104.22
188.78,-103.09
188.79,-104.89
188.80,-106.89
188.81,-100.44
188.82,-103.34
188.83,-102.94
188.84,-103.24
188.85,-101.79
188.86,-102.88
188.87,-103.78
188.88,-104.56
188.89,-103.08
188.90,-99.70
188.91,-94.28
188.92,-93.31
188.93,-90.83
188.94,-93.54
188.95,-96.56
188.96,-100.37
188.97,-104.38
188.98,-104.28
188.99,-105.55
189.00,-102.96
189.01,-102.74
189.02,-102.71
189.03,-102.76
189.04,-105.08
189.05,-104.39
189.06,-102.34
189.07,-104.77
189.08,-102.57
189.09,-102.04
189.10,-101.23
189.11,-104.52
189.12,-103.09
189.13,-104.18
189.14,-104.34
189.15,-102.33
189.16,-103.56
189.17,-104.15
189.18,-104.15
189.19,-104.57
189.20,-103.52
189.20,-103.52
189.21,-103.39
189.22,-102.94
189.23,-103.63
189.24,-103.74
189.25,-103.32
189.26,-104.61
189.27,-102.98
189.28,-103.54
189.29,-105.34
189.30,-105.10
189.31,-104.77
189.32,-102.52
189.33,-105.86
189.34,-103.99
189.35,-106.03
189.36,-104.05
189.37,-104.47
189.38,-102.97
189.39,-102.02
189.40,-102.59
189.41,-101.11
189.42,-103.05
189.43,-102.32
189.44,-103.52
189.45,-104.22
189.46,-102.75
189.47,-103.98
189.48,-104.58
189.49,-102.91
189.50,-106.07
189.51,-103.23
189.52,-106.33
189.53,-102.54
189.54,-103.51
189.55,-103.21
189.56,-106.88
189.57,-103.91
189.58,-104.40
189.59,-103.83
189.60,-104.86
189.61,-102.30
189.62,-103.01
189.63,-103.88
189.64,-106.27
189.65,-102.80
189.66,-102.22
189.67,-104.01
189.68,-105.56
189.69,-104.07
189.70,-104.72
189.71,-103.14
189.72,-105.28
189.73,-104.23
189.74,-101.57
189.75,-103.71
189.76,-103.56
189.77,-104.07
189.78,-103.99
189.79,-104.24
189.80,-104.35
189.81,-103.36
189.82,-105.12
189.83,-103.88
189.84,-103.53
189.85,-103.43
189.86,-105.35
189.87,-105.85
189.88,-101.70
189.89,-102.76
189.90,-103.06
189.91,-103.54
189.92,-103.51
189.93,-103.39
189.94,-99.67
189.95,-102.60
189.96,-103.97
189.97,-104.85
189.98,-102.21
189.99,-103.65
190.00,-104.08
190.00,-101.16
190.01,-102.90
190.02,-104.92
190.03,-103.49
190.04,-103.85
190.05,-106.44
190.06,-103.73
190.07,-103.62
190.08,-103.43
190.09,-102.37
190.10,-99.47
190.11,-97.56
190.12,-99.14
190.13,-95.47
190.14,-97.30
190.15,-103.37
190.16,-102.96
190.17,-102.85
190.18,-101.29
190.19,-102.18
190.20,-101.05
190.21,-100.61
190.22,-97.48
190.23,-101.73
190.24,-101.63
190.25,-103.29
190.26,-102.34
190.27,-101.66
190.28,-101.47
190.29,-100.97
190.30,-96.95
190.31,-98.46
190.32,-99.08
190.33,-101.63
190.34,-103.57
190.35,-102.86
190.36,-102.28
190.37,-101.32
190.38,-99.79
190.39,-103.68
190.40,-102.37
190.41,-104.48
190.42,-103.43
190.43,-103.41
190.44,-101.25
190.45,-100.19
190.46,-97.70
190.47,-96.49
190.48,-97.77
190.49,-101.03
190.50,-101.23
190.51,-101.80
190.52,-103.58
190.53,-102.89
190.54,-103.02
190.55,-104.07
190.56,-104.60
190.57,-104.58
190.58,-104.21
190.59,-103.02
190.60,-103.76
190.61,-100.52
190.62,-100.70
190.63,-101.01
190.64,-102.51
190.65,-100.98
190.66,-101.84
190.67,-102.02
190.68,-101.97
190.69,-102.91
190.70,-104.48
190.71,-104.35
190.72,-101.35
190.73,-102.01
190.74,-101.34
190.75,-101.52
190.76,-103.21
190.77,-102.63
190.78,-102.30
190.79,-100.47
190.80,-102.20
190.80,-102.20
190.81,-100.09
190.82,-99.06
190.83,-98.37
190.84,-101.57
190.85,-104.01
190.86,-101.21
190.87,-103.47
190.88,-106.11
190.89,-105.07
190.90,-105.10
190.91,-102.66
190.92,-99.65
190.93,-102.48
190.94,-100.50
190.95,-101.14
190.96,-103.69
190.97,-98.85
190.98,-99.31
190.99,-102.48
191.00,-101.67
191.01,-104.03
191.02,-101.69
191.03,-101.02
191.04,-97.49
191.05,-100.32
191.06,-103.50
191.07,-103.31
191.08,-97.76
191.09,-102.41
191.10,-99.42
191.11,-100.73
191.12,-99.50
191.13,-100.80
191.14,-100.81
191.15,-101.78
191.16,-98.70
191.17,-98.38
191.18,-99.59
191.19,-102.29
191.20,-102.86
191.21,-101.13
191.22,-100.80
191.23,-100.21
191.24,-99.93
191.25,-99.70
191.26,-102.76
191.27,-101.21
191.28,-101.32
191.29,-97.89
191.30,-99.43
191.31,-100.07
191.32,-100.26
191.33,-99.47
191.34,-97.75
191.35,-101.36
191.36,-96.98
191.37,-100.38
191.38,-99.95
191.39,-100.50
191.40,-100.84
191.41,-101.35
191.42,-101.18
191.43,-102.08
191.44,-99.75
191.45,-100.71
191.46,-99.76
191.47,-99.48
191.48,-100.87
191.49,-99.32
191.50,-100.21
191.51,-99.53
191.52,-100.73
191.53,-102.45
191.54,-102.29
191.55,-101.07
191.56,-102.69
191.57,-103.26
191.58,-102.68
191.59,-102.57
191.60,-101.30
191.60,-101.05
191.61,-99.42
191.62,-98.27
191.63,-99.44
191.64,-98.41
191.65,-101.05
191.66,-96.77
191.67,-99.38
191.68,-96.24
191.69,-96.61
191.70,-99.67
191.71,-97.58
191.72,-98.96
191.73,-101.19
191.74,-102.00
191.75,-100.38
191.76,-102.62
191.77,-100.42
191.78,-101.83
191.79,-97.38
191.80,-97.97
191.81,-97.06
191.82,-97.94
191.83,-99.44
191.84,-99.03
191.85,-98.73
191.86,-99.60
191.87,-98.48
191.88,-99.48
191.89,-99.13
191.90,-100.56
191.91,-99.88
191.92,-102.10
191.93,-102.22
191.94,-100.78
191.95,-99.72
191.96,-101.57
191.97,-99.78
191.98,-96.31
191.99,-91.11
192.00,-89.96
192.01,-89.06
192.02,-92.08
192.03,-95.52
192.04,-99.49
192.05,-98.45
192.06,-100.91
192.07,-104.13
192.08,-99.30
192.09,-102.50
192.10,-99.38
192.11,-102.21
192.12,-99.79
192.13,-101.09
192.14,-99.47
192.15,-99.20
192.16,-101.07
192.17,-99.13
192.18,-99.24
192.19,-102.17
192.20,-97.26
192.21,-99.55
192.22,-100.04
192.23,-102.20
192.24,-101.82
192.25,-97.41
192.26,-97.41
192.27,-100.59
192.28,-100.22
192.29,-98.59
192.30,-99.79
192.31,-101.17
192.32,-99.58
192.33,-100.69
192.34,-100.41
192.35,-100.87
192.36,-98.35
192.37,-100.16
192.38,-98.79
192.39,-100.69
192.40,-102.16
192.40,-102.16
192.41,-99.14
192.42,-102.47
192.43,-100.78
192.44,-100.52
192.45,-100.70
192.46,-100.96
192.47,-99.28
192.48,-100.65
192.49,-97.71
192.50,-93.48
192.51,-95.30
192.52,-98.08
192.53,-96.93
192.54,-100.17
192.55,-96.36
192.56,-101.04
192.57,-99.06
192.58,-101.78
192.59,-100.20
192.60,-100.31
192.61,-99.96
192.62,-101.98
192.63,-99.57
192.64,-100.43
192.65,-99.16
192.66,-98.87
192.67,-101.31
192.68,-98.50
192.69,-98.68
192.70,-98.40
192.71,-100.88
192.72,-100.11
192.73,-98.85
192.74,-99.19
192.75,-98.56
192.76,-97.73
192.77,-98.22
192.78,-98.70
192.79,-98.22
192.80,-102.11
192.81,-99.25
192.82,-99.36
192.83,-99.91
192.84,-96.81
192.85,-94.91
192.86,-94.14
192.87,-97.62
192.88,-98.05
192.89,-97.39
192.90,-97.60
192.91,-97.52
192.92,-98.15
192.93,-99.14
192.94,-97.30
192.95,-95.92
192.96,-96.99
192.97,-100.09
192.98,-102.01
192.99,-98.87
193.00,-98.42
193.01,-100.15
193.02,-100.30
193.03,-98.08
193.04,-97.20
193.05,-97.98
193.06,-99.65
193.07,-98.86
193.08,-101.11
193.09,-101.09
193.10,-102.36
193.11,-102.34
193.12,-102.44
193.13,-102.11
193.14,-101.00
193.15,-104.04
193.16,-102.40
193.17,-102.99
193.18,-102.36
193.19,-100.92
193.20,-101.23
193.20,-101.23
193.21,-98.28
193.22,-100.99
193.23,-100.91
193.24,-100.80
193.25,-104.19
193.26,-100.00
193.27,-104.72
193.28,-103.96
193.29,-102.22
193.30,-102.11
193.31,-104.93
193.32,-102.04
193.33,-102.14
193.34,-103.47
193.35,-100.66
193.36,-102.23
193.37,-100.28
193.38,-102.17
193.39,-102.67
193.40,-102.35
193.41,-100.80
193.42,-102.00
193.43,-100.91
193.44,-101.23
193.45,-102.25
193.46,-102.80
193.47,-101.84
193.48,-100.02
193.49,-102.05
193.50,-105.52
193.51,-102.49
193.52,-102.35
193.53,-101.76
193.54,-101.60
193.55,-102.32
193.56,-100.95
193.57,-104.56
193.58,-104.53
193.59,-101.60
193.60,-104.00
193.61,-103.77
193.62,-102.15
193.63,-100.58
193.64,-103.00
193.65,-102.60
193.66,-103.63
193.67,-103.20
193.68,-105.33
193.69,-105.60
193.70,-103.95
193.71,-102.88
193.72,-102.59
193.73,-100.55
193.74,-102.22
193.75,-103.51
193.76,-98.95
193.77,-103.88
193.78,-103.58
193.79,-102.36
193.80,-104.71
193.81,-102.72
193.82,-97.93
193.83,-102.24
193.84,-103.52
193.85,-101.99
193.86,-102.96
193.87,-100.82
193.88,-100.83
193.89,-102.14
193.90,-101.46
193.91,-101.59
193.92,-102.05
193.93,-100.88
193.94,-103.34
193.95,-103.21
193.96,-104.56
193.97,-102.84
193.98,-105.03
193.99,-102.79
194.00,-104.00
194.00,-106.06
194.01,-104.46
194.02,-102.37
194.03,-106.14
194.04,-104.17
194.05,-102.47
194.06,-101.87
194.07,-100.78
194.08,-103.32
194.09,-104.16
194.10,-101.47
194.11,-103.33
194.12,-102.41
194.13,-100.73
194.14,-104.06
194.15,-99.99
194.16,-103.59
194.17,-104.94
194.18,-103.69
194.19,-104.91
194.20,-105.35
194.21,-104.38
194.22,-103.54
194.23,-103.36
194.24,-102.86
194.25,-103.79
194.26,-103.31
194.27,-104.87
194.28,-103.34
194.29,-104.23
194.30,-102.50
194.31,-103.59
194.32,-102.78
194.33,-98.69
194.34,-97.21
194.35,-95.38
194.36,-94.77
194.37,-94.68
194.38,-98.22
194.39,-101.20
194.40,-101.53
194.41,-100.42
194.42,-103.42
194.43,-103.15
194.44,-102.71
194.45,-101.90
194.46,-103.11
194.47,-101.74
194.48,-104.42
194.49,-103.71
194.50,-100.94
194.51,-104.15
194.52,-103.58
194.53,-105.30
194.54,-104.27
194.55,-106.32
194.56,-102.30
194.57,-102.08
194.58,-102.78
194.59,-104.15
194.60,-103.38
194.61,-100.61
194.62,-104.02
194.63,-103.75
194.64,-103.03
194.65,-103.19
194.66,-104.04
194.67,-102.39
194.68,-104.04
194.69,-101.50
194.70,-102.12
194.71,-102.43
194.72,-102.78
194.73,-102.36
194.74,-101.97
194.75,-100.63
194.76,-102.89
194.77,-103.39
194.78,-100.90
194.79,-101.26
194.80,-100.12
194.80,-100.12
194.81,-105.70
194.82,-102.98
194.83,-102.85
194.84,-99.58
194.85,-100.84
194.86,-101.33
194.87,-102.05
194.88,-101.92
194.89,-103.63
194.90,-103.10
194.91,-102.14
194.92,-100.80
194.93,-102.78
194.94,-104.18
194.95,-102.15
194.96,-104.79
194.97,-102.05
194.98,-100.56
194.99,-100.86
195.00,-101.18
195.01,-101.01
195.02,-101.14
195.03,-101.74
195.04,-102.87
195.05,-97.09
195.06,-95.01
195.07,-92.56
195.08,-92.65
195.09,-94.84
195.10,-96.65
195.11,-101.23
195.12,-104.25
195.13,-102.25
195.14,-105.22
195.15,-101.37
195.16,-99.64
195.17,-100.31
195.18,-101.42
195.19,-102.30
195.20,-104.79
195.21,-104.99
195.22,-102.22
195.23,-101.11
195.24,-102.96
195.25,-100.59
195.26,-101.61
195.27,-102.84
195.28,-101.19
195.29,-102.37
195.30,-102.45
195.31,-105.07
195.32,-100.07
195.33,-101.68
195.34,-102.03
195.35,-100.94
195.36,-102.23
195.37,-100.81
195.38,-103.37
195.39,-101.65
195.40,-102.17
195.41,-102.86
195.42,-102.15
195.43,-102.99
195.44,-98.23
195.45,-96.58
195.46,-98.97
195.47,-102.89
195.48,-104.30
195.49,-99.71
195.50,-102.41
195.51,-99.92
195.52,-102.46
195.53,-103.30
195.54,-101.94
195.55,-99.08
195.56,-100.18
195.57,-102.86
195.58,-102.13
195.59,-101.34
195.60,-101.54
195.60,-101.54
195.61,-98.85
195.62,-100.03
195.63,-100.25
195.64,-100.77
195.65,-98.95
195.66,-100.22
195.67,-97.48
195.68,-96.95
195.69,-97.33
195.70,-97.16
195.71,-97.62
195.72,-99.61
195.73,-99.34
195.74,-97.64
195.75,-97.58
195.76,-95.38
195.77,-94.47
195.78,-93.23
195.79,-94.92
195.80,-98.87
195.81,-97.19
195.82,-98.22
195.83,-96.65
195.84,-96.02
195.85,-94.41
195.86,-94.75
195.87,-94.70
195.88,-98.51
195.89,-99.16
195.90,-98.34
195.91,-101.49
195.92,-100.04
195.93,-98.65
195.94,-96.76
195.95,-95.82
195.96,-98.57
195.97,-99.69
195.98,-98.20
195.99,-97.74
196.00,-99.74
196.01,-98.57
196.02,-99.00
196.03,-100.59
196.04,-100.71
196.05,-101.74
196.06,-98.95
196.07,-98.72
196.08,-101.96
196.09,-99.27
196.10,-100.19
196.11,-98.69
196.12,-99.13
196.13,-98.62
196.14,-99.57
196.15,-100.98
196.16,-100.14
196.17,-99.12
196.18,-99.24
196.19,-98.22
196.20,-99.47
196.21,-98.92
196.22,-99.49
196.23,-99.10
196.24,-99.43
196.25,-98.03
196.26,-100.95
196.27,-100.26
196.28,-96.79
196.29,-99.61
196.30,-100.34
196.31,-97.42
196.32,-98.57
196.33,-98.06
196.34,-98.71
196.35,-98.02
196.36,-99.69
196.37,-99.32
196.38,-99.66
196.39,-97.37
196.40,-99.33
196.40,-99.33
196.41,-98.84
196.42,-100.73
196.43,-97.35
196.44,-101.52
196.45,-97.52
196.46,-100.28
196.47,-98.10
196.48,-97.07
196.49,-98.19
196.50,-99.73
196.51,-97.56
196.52,-98.95
196.53,-99.64
196.54,-98.83
196.55,-99.00
196.56,-98.82
196.57,-98.55
196.58,-99.31
196.59,-101.14
196.60,-96.14
196.61,-98.56
196.62,-97.58
196.63,-97.01
196.64,-97.33
196.65,-99.78
196.66,-98.75
196.67,-96.36
196.68,-98.69
196.69,-98.89
196.70,-95.67
196.71,-100.74
196.72,-98.66
196.73,-97.37
196.74,-98.27
196.75,-98.00
196.76,-99.58
196.77,-99.35
196.78,-98.33
196.79,-99.25
196.80,-97.41
196.81,-98.75
196.82,-99.19
196.83,-95.66
196.84,-98.47
196.85,-96.39
196.86,-97.73
196.87,-96.50
196.88,-97.67
196.89,-95.59
196.90,-96.18
196.91,-98.74
196.92,-94.64
196.93,-95.34
196.94,-97.99
196.95,-99.74
196.96,-95.24
196.97,-95.96
196.98,-97.23
196.99,-94.90
197.00,-98.22
197.01,-97.47
197.02,-96.51
197.03,-94.75
197.04,-97.14
197.05,-95.60
197.06,-98.81
197.07,-99.05
197.08,-98.46
197.09,-97.49
197.10,-98.31
197.11,-96.77
197.12,-97.00
197.13,-97.46
197.14,-97.75
197.15,-98.38
197.16,-100.07
197.17,-94.18
197.18,-98.81
197.19,-97.31
197.20,-98.02
197.20,-98.02
197.21,-100.18
197.22,-98.46
197.23,-95.44
197.24,-98.19
197.25,-98.07
197.26,-98.60
197.27,-98.54
197.28,-99.56
197.29,-98.69
197.30,-97.15
197.31,-99.58
197.32,-97.47
197.33,-98.56
197.34,-96.09
197.35,-96.98
197.36,-96.60
197.37,-95.57
197.38,-97.44
197.39,-97.87
197.40,-97.97
197.41,-97.79
197.42,-98.23
197.43,-98.50
197.44,-97.65
197.45,-96.54
197.46,-96.93
197.47,-97.75
197.48,-96.99
197.49,-97.41
197.50,-97.22
197.51,-94.95
197.52,-96.07
197.53,-94.42
197.54,-100.89
197.55,-98.24
197.56,-96.86
197.57,-97.74
197.58,-96.67
197.59,-98.25
197.60,-97.94
197.61,-97.50
197.62,-97.92
197.63,-98.80
197.64,-98.75
197.65,-99.80
197.66,-98.10
197.67,-99.71
197.68,-98.70
197.69,-99.44
197.70,-99.11
197.71,-97.94
197.72,-99.17
197.73,-100.42
197.74,-100.16
197.75,-98.95
197.76,-98.17
197.77,-99.22
197.78,-99.48
197.79,-99.69
197.80,-98.45
197.81,-98.03
197.82,-100.24
197.83,-97.92
197.84,-100.92
197.85,-97.92
197.86,-99.33
197.87,-100.29
197.88,-96.78
197.89,-97.65
197.90,-99.36
197.91,-98.91
197.92,-98.73
197.93,-98.87
197.94,-99.52
197.95,-98.58
197.96,-98.77
197.97,-98.10
197.98,-98.45
197.99,-97.16
198.00,-95.70
198.00,-95.90
198.01,-96.13
198.02,-94.85
198.03,-98.87
198.04,-100.23
198.05,-100.43
198.06,-98.22
198.07,-99.70
198.08,-99.13
198.09,-98.26
198.10,-97.45
198.11,-99.02
198.12,-98.36
198.13,-92.75
198.14,-91.90
198.15,-91.18
198.16,-93.26
198.17,-97.17
198.18,-98.04
198.19,-99.88
198.20,-100.59
198.21,-101.09
198.22,-99.95
198.23,-99.03
198.24,-100.08
198.25,-97.96
198.26,-99.97
198.27,-100.72
198.28,-99.23
198.29,-99.04
198.30,-99.24
198.31,-98.76
198.32,-100.39
198.33,-99.01
198.34,-98.27
198.35,-99.30
198.36,-100.33
198.37,-97.39
198.38,-99.95
198.39,-97.45
198.40,-97.13
198.41,-97.51
198.42,-96.70
198.43,-96.68
198.44,-96.69
198.45,-95.51
198.46,-100.03
198.47,-99.44
198.48,-98.17
198.49,-93.36
198.50,-93.84
198.51,-95.09
198.52,-95.23
198.53,-98.38
198.54,-97.04
198.55,-96.30
198.56,-99.43
198.57,-96.86
198.58,-95.21
198.59,-95.14
198.60,-94.02
198.61,-97.64
198.62,-99.63
198.63,-99.13
198.64,-100.84
198.65,-97.58
198.66,-99.10
198.67,-98.30
198.68,-98.22
198.69,-98.39
198.70,-100.82
198.71,-101.86
198.72,-98.70
198.73,-99.80
198.74,-99.91
198.75,-100.16
198.76,-101.07
198.77,-99.39
198.78,-97.11
198.79,-100.34
198.80,-102.72
198.80,-102.72
198.81,-101.37
198.82,-100.57
198.83,-103.30
198.84,-102.30
198.85,-100.65
198.86,-102.08
198.87,-102.79
198.88,-102.48
198.89,-104.43
198.90,-102.89
198.91,-103.40
198.92,-102.62
198.93,-102.81
198.94,-102.55
198.95,-102.78
198.96,-104.23
198.97,-103.09
198.98,-104.23
198.99,-102.32
199.00,-102.72
199.01,-100.54
199.02,-102.63
199.03,-102.72
199.04,-102.05
199.05,-105.63
199.06,-102.52
199.07,-103.28
199.08,-100.57
199.09,-101.03
199.10,-100.90
199.11,-102.49
199.12,-101.00
199.13,-101.81
199.14,-102.06
199.15,-103.70
199.16,-106.32
199.17,-103.85
199.18,-103.77
199.19,-102.40
199.20,-103.50
199.21,-104.01
199.22,-102.58
199.23,-103.39
199.24,-104.87
199.25,-106.07
199.26,-102.38
199.27,-104.33
199.28,-103.78
199.29,-102.98
199.30,-103.11
199.31,-104.27
199.32,-103.23
199.33,-102.76
199.34,-105.25
199.35,-103.03
199.36,-101.88
199.37,-100.47
199.38,-103.84
199.39,-103.98
199.40,-104.25
199.41,-104.21
199.42,-104.39
199.43,-103.65
199.44,-104.39
199.45,-102.10
199.46,-100.80
199.47,-101.01
199.48,-102.47
199.49,-104.76
199.50,-102.84
199.51,-104.42
199.52,-103.29
199.53,-103.87
199.54,-104.34
199.55,-102.44
199.56,-102.21
199.57,-102.31
199.58,-102.01
199.59,-101.85
199.60,-105.00
199.60,-102.14
199.61,-105.10
199.62,-102.55
199.63,-105.36
199.64,-103.44
199.65,-106.37
199.66,-103.76
199.67,-100.49
199.68,-99.25
199.69,-99.27
199.70,-103.06
199.71,-103.38
199.72,-104.35
199.73,-102.07
199.74,-102.05
199.75,-103.42
199.76,-104.82
199.77,-101.06
199.78,-104.05
199.79,-105.39
199.80,-104.96
199.81,-101.54
199.82,-104.04
199.83,-102.17
199.84,-104.01
199.85,-103.91
199.86,-103.30
199.87,-103.49
199.88,-103.02
199.89,-105.05
199.90,-103.62
199.91,-102.64
199.92,-101.09
199.93,-103.37
199.94,-104.73
199.95,-104.60
199.96,-104.40
199.97,-101.97
199.98,-100.44
199.99,-97.26
200.00,-94.35
200.01,-95.42
200.02,-95.80
200.03,-96.93
200.04,-99.54
200.05,-100.45
200.06,-101.95
200.07,-102.82
200.08,-102.14
200.09,-104.14
200.10,-101.73
200.11,-105.59
200.12,-105.20
200.13,-101.73
200.14,-104.07
200.15,-102.65
200.16,-102.80
200.17,-102.19
200.18,-105.21
200.19,-104.43
200.20,-105.76
200.21,-105.10
200.22,-105.18
200.23,-104.27
200.24,-103.31
200.25,-102.47
200.26,-104.00
200.27,-103.38
200.28,-102.04
200.29,-103.18
200.30,-102.57
200.31,-99.28
200.32,-104.18
200.33,-103.48
200.34,-103.19
200.35,-104.76
200.36,-100.94
200.37,-104.62
200.38,-104.13
200.39,-104.46
200.40,-104.22
200.40,-104.22
200.41,-104.04
200.42,-105.88
200.43,-104.42
200.44,-104.77
200.45,-102.37
200.46,-103.68
200.47,-107.44
200.48,-102.32
200.49,-102.09
200.50,-106.96
200.51,-103.21
200.52,-102.92
200.53,-104.78
200.54,-102.93
200.55,-102.30
200.56,-105.17
200.57,-103.62
200.58,-104.13
200.59,-104.78
200.60,-104.37
200.61,-103.40
200.62,-103.44
200.63,-103.96
200.64,-102.00
200.65,-102.05
200.66,-105.13
200.67,-105.01
200.68,-105.97
200.69,-103.47
200.70,-105.01
200.71,-105.18
200.72,-103.80
200.73,-102.08
200.74,-104.08
200.75,-102.56
200.76,-103.03
200.77,-102.72
200.78,-103.64
200.79,-104.66
200.80,-103.65
200.81,-103.53
200.82,-103.33
200.83,-102.66
200.84,-104.82
200.85,-101.80
200.86,-102.51
200.87,-106.20
200.88,-102.05
200.89,-102.15
200.90,-103.87
200.91,-102.73
200.92,-102.05
200.93,-104.66
200.94,-101.18
200.95,-101.09
200.96,-101.08
200.97,-103.61
200.98,-102.93
200.99,-102.55
201.00,-101.59
201.01,-102.61
201.02,-103.92
201.03,-103.56
201.04,-103.82
201.05,-105.58
201.06,-100.99
201.07,-101.15
201.08,-104.67
201.09,-104.14
201.10,-102.03
201.11,-103.50
201.12,-104.13
201.13,-102.15
201.14,-101.33
201.15,-100.77
201.16,-99.44
201.17,-101.93
201.18,-102.08
201.19,-102.48
201.20,-100.41
201.20,-98.32
201.21,-98.14
201.22,-97.29
201.23,-98.43
201.24,-99.07
201.25,-99.37
201.26,-100.51
201.27,-101.35
201.28,-102.97
201.29,-103.24
201.30,-101.64
201.31,-99.31
201.32,-99.35
201.33,-99.75
201.34,-100.43
201.35,-99.61
201.36,-99.33
201.37,-100.72
201.38,-101.50
201.39,-101.30
201.40,-96.06
201.41,-94.79
201.42,-96.51
201.43,-98.56
201.44,-95.67
201.45,-99.78
201.46,-99.42
201.47,-97.92
201.48,-95.82
201.49,-96.24
201.50,-95.62
201.51,-95.02
201.52,-96.76
201.53,-99.53
201.54,-100.61
201.55,-99.44
201.56,-100.62
201.57,-98.03
201.58,-98.44
201.59,-97.02
201.60,-99.62
201.61,-99.86
201.62,-100.21
201.63,-101.45
201.64,-102.00
201.65,-101.03
201.66,-102.09
201.67,-100.11
201.68,-101.55
201.69,-99.67
201.70,-100.88
201.71,-101.27
201.72,-102.29
201.73,-100.50
201.74,-100.01
201.75,-102.04
201.76,-100.49
201.77,-100.05
201.78,-98.00
201.79,-101.62
201.80,-101.93
201.81,-103.18
201.82,-100.31
201.83,-101.89
201.84,-101.67
201.85,-103.21
201.86,-99.70
201.87,-101.01
201.88,-99.37
201.89,-101.72
201.90,-98.88
201.91,-100.59
201.92,-102.36
201.93,-100.18
201.94,-101.06
201.95,-99.87
201.96,-100.53
201.97,-101.71
201.98,-99.52
201.99,-100.52
202.00,-101.50
202.00,-102.21
202.01,-99.66
202.02,-102.43
202.03,-103.16
202.04,-99.90
202.05,-99.01
202.06,-101.18
202.07,-98.73
202.08,-102.36
202.09,-103.11
202.10,-102.26
202.11,-102.17
202.12,-99.80
202.13,-100.69
202.14,-103.09
202.15,-100.19
202.16,-101.19
202.17,-100.84
202.18,-100.79
202.19,-100.42
202.20,-101.56
202.21,-100.37
202.22,-102.15
202.23,-101.14
202.24,-100.39
202.25,-99.64
202.26,-101.42
202.27,-102.76
202.28,-101.10
202.29,-102.49
202.30,-100.45
202.31,-101.44
202.32,-101.86
202.33,-100.88
202.34,-101.40
202.35,-101.25
202.36,-101.50
202.37,-101.26
202.38,-99.57
202.39,-100.10
202.40,-99.79
202.41,-100.23
202.42,-99.89
202.43,-100.44
202.44,-100.28
202.45,-101.48
202.46,-100.31
202.47,-99.13
202.48,-101.07
202.49,-98.81
202.50,-100.13
202.51,-99.07
202.52,-98.42
202.53,-102.41
202.54,-98.49
202.55,-99.89
202.56,-98.40
202.57,-100.26
202.58,-98.54
202.59,-98.83
202.60,-101.86
202.61,-100.80
202.62,-98.74
202.63,-100.40
202.64,-98.83
202.65,-99.19
202.66,-99.00
202.67,-99.83
202.68,-98.00
202.69,-97.65
202.70,-101.22
202.71,-99.73
202.72,-101.31
202.73,-94.64
202.74,-98.02
202.75,-95.29
202.76,-96.96
202.77,-97.26
202.78,-99.37
202.79,-99.79
202.80,-98.87
202.80,-98.87
202.81,-99.88
202.82,-101.07
202.83,-99.53
202.84,-99.57
202.85,-97.51
202.86,-102.83
202.87,-101.31
202.88,-101.58
202.89,-100.48
202.90,-102.01
202.91,-100.02
202.92,-100.52
202.93,-102.30
202.94,-100.41
202.95,-99.94
202.96,-99.20
202.97,-96.69
202.98,-99.31
202.99,-98.60
203.00,-99.31
203.01,-97.54
203.02,-98.60
203.03,-97.98
203.04,-100.46
203.05,-99.19
203.06,-97.62
203.07,-97.26
203.08,-97.38
203.09,-97.65
203.10,-97.29
203.11,-97.30
203.12,-96.24
203.13,-96.67
203.14,-99.74
203.15,-97.07
203.16,-97.35
203.17,-96.62
203.18,-99.79
203.19,-96.16
203.20,-97.85
203.21,-98.20
203.22,-98.15
203.23,-99.52
203.24,-97.29
203.25,-97.39
203.26,-97.13
203.27,-98.16
203.28,-96.03
203.29,-96.56
203.30,-98.21
203.31,-100.34
203.32,-98.96
203.33,-100.52
203.34,-97.33
203.35,-100.77
203.36,-97.39
203.37,-100.04
203.38,-97.58
203.39,-98.13
203.40,-97.55
203.41,-102.47
203.42,-98.71
203.43,-100.02
203.44,-99.13
203.45,-99.29
203.46,-99.99
203.47,-103.39
203.48,-101.65
203.49,-99.23
203.50,-100.57
203.51,-100.22
203.52,-103.47
203.53,-103.04
203.54,-102.07
203.55,-102.50
203.56,-102.15
203.57,-101.72
203.58,-102.31
203.59,-101.97
203.60,-101.34
203.60,-101.34
203.61,-102.28
203.62,-99.15
203.63,-103.25
203.64,-103.06
203.65,-101.36
203.66,-101.20
203.67,-102.35
203.68,-103.15
203.69,-101.73
203.70,-102.34
203.71,-102.99
203.72,-102.48
203.73,-101.05
203.74,-100.96
203.75,-104.97
203.76,-101.31
203.77,-102.19
203.78,-102.67
203.79,-101.13
203.80,-103.43
203.81,-101.51
203.82,-101.54
203.83,-103.94
203.84,-101.21
203.85,-102.71
203.86,-101.42
203.87,-101.26
203.88,-103.59
203.89,-102.70
203.90,-101.60
203.91,-101.05
203.92,-103.58
203.93,-103.82
203.94,-103.86
203.95,-99.86
203.96,-102.29
203.97,-102.47
203.98,-103.14
203.99,-100.75
204.00,-100.05
204.01,-99.68
204.02,-100.55
204.03,-103.97
204.04,-99.32
204.05,-101.84
204.06,-99.79
204.07,-100.86
204.08,-102.39
204.09,-103.90
204.10,-99.28
204.11,-99.30
204.12,-102.51
204.13,-99.13
204.14,-97.45
204.15,-98.87
204.16,-97.40
204.17,-100.28
204.18,-101.09
204.19,-102.85
204.20,-101.39
204.21,-102.38
204.22,-99.09
204.23,-97.56
204.24,-97.49
204.25,-97.97
204.26,-99.47
204.27,-97.45
204.28,-94.92
204.29,-94.81
204.30,-95.85
204.31,-97.73
204.32,-99.74
204.33,-100.02
204.34,-100.88
204.35,-103.29
204.36,-103.87
204.37,-102.65
204.38,-102.05
204.39,-104.14
204.40,-102.07
204.40,-102.07
204.41,-101.22
204.42,-103.74
204.43,-102.99
204.44,-102.62
204.45,-103.97
204.46,-103.71
204.47,-103.22
204.48,-103.19
204.49,-102.40
204.50,-101.33
204.51,-103.46
204.52,-103.30
204.53,-102.89
204.54,-103.61
204.55,-103.35
204.56,-103.29
204.57,-102.22
204.58,-104.09
204.59,-105.01
204.60,-102.55
204.61,-101.96
204.62,-103.58
204.63,-103.92
204.64,-100.42
204.65,-103.22
204.66,-104.99
204.67,-103.93
204.68,-103.63
204.69,-103.57
204.70,-102.77
204.71,-103.33
204.72,-105.25
204.73,-103.64
204.74,-105.53
204.75,-104.34
204.76,-102.84
204.77,-102.27
204.78,-103.33
204.79,-102.10
204.80,-104.26
204.81,-103.96
204.82,-101.98
204.83,-104.16
204.84,-104.45
204.85,-102.65
204.86,-102.10
204.87,-102.25
204.88,-105.87
204.89,-104.94
204.90,-104.64
204.91,-105.59
204.92,-103.98
204.93,-102.06
204.94,-102.07
204.95,-103.87
204.96,-101.88
204.97,-104.16
204.98,-103.89
204.99,-101.66
205.00,-101.16
205.01,-101.21
205.02,-103.29
205.03,-103.03
205.04,-103.35
205.05,-103.40
205.06,-99.76
205.07,-96.44
205.08,-99.26
205.09,-98.29
205.10,-102.14
205.11,-99.79
205.12,-103.20
205.13,-102.39
205.14,-96.24
205.15,-97.10
205.16,-97.15
205.17,-98.92
205.18,-99.06
205.19,-99.24
205.20,-98.33
205.20,-98.33
205.21,-96.52
205.22,-93.90
205.23,-93.68
205.24,-94.77
205.25,-95.03
205.26,-97.17
205.27,-93.30
205.28,-90.24
205.29,-88.98
205.30,-89.38
205.31,-89.78
205.32,-93.58
205.33,-93.07
205.34,-95.36
205.35,-93.41
205.36,-91.20
205.37,-91.09
205.38,-91.51
205.39,-92.77
205.40,-98.63
205.41,-100.97
205.42,-96.56
205.43,-95.03
205.44,-95.76
205.45,-95.26
205.46,-97.99
205.47,-103.46
205.48,-102.77
205.49,-101.75
205.50,-101.40
205.51,-98.86
205.52,-96.43
205.53,-98.37
205.54,-98.15
205.55,-101.62
205.56,-102.49
205.57,-100.94
205.58,-101.65
205.59,-100.35
205.60,-101.41
205.61,-101.36
205.62,-103.78
205.63,-100.99
205.64,-96.72
205.65,-97.78
205.66,-99.70
205.67,-100.69
205.68,-101.83
205.69,-102.11
205.70,-99.26
205.71,-103.90
205.72,-104.43
205.73,-101.40
205.74,-103.54
205.75,-103.94
205.76,-104.85
205.77,-104.56
205.78,-102.95
205.79,-105.19
205.80,-100.42
205.81,-98.39
205.82,-97.33
205.83,-97.46
205.84,-97.89
205.85,-101.12
205.86,-101.08
205.87,-104.68
205.88,-103.08
205.89,-102.33
205.90,-101.98
205.91,-105.54
205.92,-104.21
205.93,-103.77
205.94,-103.36
205.95,-103.61
205.96,-105.22
205.97,-101.08
205.98,-103.74
205.99,-104.70
206.00,-103.60
206.00,-104.31
206.01,-103.75
206.02,-104.58
206.03,-103.67
206.04,-103.41
206.05,-103.03
206.06,-105.09
206.07,-104.61
206.08,-105.04
206.09,-104.59
206.10,-103.57
206.11,-104.84
206.12,-102.45
206.13,-104.54
206.14,-102.46
206.15,-104.44
206.16,-105.73
206.17,-105.18
206.18,-104.70
206.19,-104.38
206.20,-102.53
206.21,-103.49
206.22,-104.10
206.23,-106.67
206.24,-106.40
206.25,-105.37
206.26,-103.90
206.27,-102.86
206.28,-105.45
206.29,-104.99
206.30,-104.29
206.31,-103.95
206.32,-105.59
206.33,-101.38
206.34,-104.93
206.35,-105.77
206.36,-104.22
206.37,-105.27
206.38,-105.57
206.39,-104.24
206.40,-103.56
206.41,-103.93
206.42,-105.49
206.43,-104.94
206.44,-104.85
206.45,-103.91
206.46,-104.93
206.47,-104.04
206.48,-104.27
206.49,-103.65
206.50,-103.92
206.51,-106.78
206.52,-103.05
206.53,-104.49
206.54,-104.39
206.55,-105.55
206.56,-105.76
206.57,-104.61
206.58,-104.25
206.59,-103.70
206.60,-103.02
206.61,-102.81
206.62,-104.53
206.63,-102.76
206.64,-105.43
206.65,-104.32
206.66,-105.14
206.67,-105.12
206.68,-102.28
206.69,-104.51
206.70,-103.67
206.71,-103.67
206.72,-104.37
206.73,-102.33
206.74,-104.31
206.75,-102.74
206.76,-105.75
206.77,-103.91
206.78,-103.87
206.79,-102.27
206.80,-103.82
206.80,-103.82
206.81,-104.55
206.82,-106.08
206.83,-103.03
206.84,-105.39
206.85,-102.73
206.86,-102.56
206.87,-103.10
206.88,-102.63
206.89,-101.05
206.90,-104.37
206.91,-103.73
206.92,-103.49
206.93,-103.53
206.94,-103.57
206.95,-101.78
206.96,-103.13
206.97,-100.79
206.98,-100.20
206.99,-102.55
207.00,-103.34
207.01,-103.41
207.02,-100.73
207.03,-102.11
207.04,-102.64
207.05,-101.38
207.06,-101.70
207.07,-98.35
207.08,-99.70
207.09,-102.81
207.10,-103.85
207.11,-103.29
207.12,-102.62
207.13,-99.91
207.14,-99.14
207.15,-99.31
207.16,-101.25
207.17,-101.81
207.18,-99.91
207.19,-102.65
207.20,-104.11
207.21,-101.38
207.22,-101.61
207.23,-103.32
207.24,-100.98
207.25,-101.75
207.26,-103.59
207.27,-103.04
207.28,-103.29
207.29,-101.42
207.30,-103.34
207.31,-104.49
207.32,-103.56
207.33,-101.67
207.34,-97.06
207.35,-94.76
207.36,-94.35
207.37,-95.04
207.38,-96.18
207.39,-98.80
207.40,-102.53
207.41,-102.81
207.42,-104.17
207.43,-104.18
207.44,-103.00
207.45,-102.25
207.46,-101.88
207.47,-102.49
207.48,-103.80
207.49,-104.32
207.50,-102.50
207.51,-101.83
207.52,-102.93
207.53,-102.65
207.54,-102.93
207.55,-102.81
207.56,-102.43
207.57,-102.73
207.58,-101.99
207.59,-103.84
207.60,-103.95
207.60,-103.95
207.61,-102.99
207.62,-102.69
207.63,-104.47
207.64,-105.14
207.65,-103.08
207.66,-104.10
207.67,-104.24
207.68,-105.69
207.69,-104.03
207.70,-102.66
207.71,-101.97
207.72,-102.89
207.73,-104.98
207.74,-101.88
207.75,-104.40
207.76,-103.98
207.77,-104.24
207.78,-103.46
207.79,-103.51
207.80,-101.83
207.81,-104.68
207.82,-104.38
207.83,-103.22
207.84,-103.81
207.85,-103.53
207.86,-104.63
207.87,-102.14
207.88,-104.45
207.89,-104.31
207.90,-104.32
207.91,-104.98
207.92,-104.86
207.93,-103.66
207.94,-103.10
207.95,-102.80
207.96,-103.20
207.97,-104.21
207.98,-104.68
207.99,-102.25
208.00,-103.21
208.01,-103.57
208.02,-102.16
208.03,-103.86
208.04,-101.80
208.05,-101.59
208.06,-102.27
208.07,-103.49
208.08,-102.40
208.09,-103.10
208.10,-103.05
208.11,-102.99
208.12,-103.01
208.13,-104.60
208.14,-102.35
208.15,-101.44
208.16,-103.17
208.17,-103.06
208.18,-102.76
208.19,-103.01
208.20,-101.10
208.21,-101.18
208.22,-102.03
208.23,-101.83
208.24,-101.93
208.25,-102.12
208.26,-103.51
208.27,-103.34
208.28,-103.79
208.29,-102.63
208.30,-101.30
208.31,-103.15
208.32,-104.38
208.33,-102.38
208.34,-101.78
208.35,-103.65
208.36,-101.65
208.37,-105.63
208.38,-104.12
208.39,-103.09
208.40,-103.58
208.40,-103.58
208.41,-103.87
208.42,-103.98
208.43,-104.73
208.44,-104.01
208.45,-104.20
208.46,-104.89
208.47,-103.02
208.48,-103.36
208.49,-104.14
208.50,-105.27
208.51,-102.50
208.52,-103.01
208.53,-101.14
208.54,-104.46
208.55,-100.70
208.56,-103.65
208.57,-98.58
208.58,-101.52
208.59,-101.94
208.60,-103.51
208.61,-100.75
208.62,-100.93
208.63,-104.61
208.64,-101.57
208.65,-104.47
208.66,-101.11
208.67,-101.84
208.68,-100.31
208.69,-103.39
208.70,-102.12
208.71,-101.64
208.72,-101.17
208.73,-101.32
208.74,-101.29
208.75,-100.97
208.76,-103.23
208.77,-102.93
208.78,-104.59
208.79,-105.60
208.80,-104.50
208.81,-103.95
208.82,-104.64
208.83,-104.01
208.84,-105.43
208.85,-104.54
208.86,-103.30
208.87,-101.45
208.88,-99.87
208.89,-97.31
208.90,-96.17
208.91,-97.38
208.92,-100.11
208.93,-101.36
208.94,-103.87
208.95,-104.21
208.96,-102.98
208.97,-102.28
208.98,-103.55
208.99,-104.15
209.00,-105.36
209.01,-105.45
209.02,-102.38
209.03,-103.73
209.04,-103.83
209.05,-103.68
209.06,-105.35
209.07,-102.21
209.08,-102.15
209.09,-105.72
209.10,-103.45
209.11,-103.31
209.12,-103.39
209.13,-104.53
209.14,-106.03
209.15,-102.72
209.16,-104.24
209.17,-105.23
209.18,-103.07
209.19,-102.81
209.20,-103.49
209.20,-103.49
209.21,-102.89
209.22,-103.75
209.23,-102.95
209.24,-104.02
209.25,-103.27
209.26,-104.22
209.27,-104.95
209.28,-103.64
209.29,-106.23
209.30,-104.52
209.31,-102.23
209.32,-102.62
209.33,-100.52
209.34,-105.37
209.35,-102.56
209.36,-103.65
209.37,-101.59
209.38,-103.19
209.39,-103.65
209.40,-103.62
209.41,-102.26
209.42,-103.68
209.43,-104.09
209.44,-103.21
209.45,-104.37
209.46,-103.91
209.47,-103.46
209.48,-103.55
209.49,-103.92
209.50,-104.73
209.51,-106.13
209.52,-103.51
209.53,-103.53
209.54,-104.67
209.55,-104.49
209.56,-102.66
209.57,-104.44
209.58,-103.61
209.59,-104.54
209.60,-106.47
209.61,-103.47
209.62,-103.47
209.63,-104.78
209.64,-104.63
209.65,-103.93
209.66,-101.67
209.67,-102.68
209.68,-103.82
209.69,-103.58
209.70,-103.28
209.71,-103.06
209.72,-101.68
209.73,-102.85
209.74,-102.88
209.75,-103.39
209.76,-104.92
209.77,-103.39
209.78,-102.52
209.79,-100.78
209.80,-101.72
209.81,-103.06
209.82,-106.46
209.83,-105.47
209.84,-104.56
209.85,-104.03
209.86,-107.00
209.87,-100.58
209.88,-100.51
209.89,-102.32
209.90,-102.37
209.91,-102.20
209.92,-105.25
209.93,-103.98
209.94,-102.50
209.95,-104.26
209.96,-102.89
209.97,-102.09
209.98,-105.23
209.99,-103.73
210.00,-105.01
210.00,-102.82
210.01,-103.95
210.02,-104.12
210.03,-105.81
210.04,-105.01
210.05,-102.95
210.06,-104.56
210.07,-103.78
210.08,-105.98
210.09,-106.03
210.10,-104.12
210.11,-103.63
210.12,-105.66
210.13,-102.89
210.14,-102.71
210.15,-105.81
210.16,-103.86
210.17,-105.31
210.18,-107.68
210.19,-102.95
210.20,-105.91
210.21,-103.90
210.22,-103.96
210.23,-102.40
210.24,-104.74
210.25,-106.22
210.26,-103.95
210.27,-103.40
210.28,-103.30
210.29,-103.15
210.30,-105.66
210.31,-107.34
210.32,-102.98
210.33,-104.86
210.34,-104.32
210.35,-104.92
210.36,-104.86
210.37,-104.11
210.38,-105.07
210.39,-104.88
210.40,-101.55
210.41,-97.77
210.42,-96.21
210.43,-94.34
210.44,-95.44
210.45,-96.80
210.46,-101.71
210.47,-105.13
210.48,-102.54
210.49,-106.25
210.50,-106.07
210.51,-103.40
210.52,-104.78
210.53,-103.98
210.54,-104.43
210.55,-103.39
210.56,-103.48
210.57,-104.14
210.58,-104.44
210.59,-107.01
210.60,-103.65
210.61,-103.60
210.62,-104.91
210.63,-104.15
210.64,-103.35
210.65,-103.41
210.66,-106.35
210.67,-106.30
210.68,-106.42
210.69,-104.37
210.70,-104.27
210.71,-104.24
210.72,-105.06
210.73,-103.16
210.74,-105.30
210.75,-102.07
210.76,-103.17
210.77,-104.73
210.78,-105.41
210.79,-104.09
210.80,-104.30
210.80,-104.30
210.81,-104.31
210.82,-104.21
210.83,-105.17
210.84,-105.10
210.85,-105.35
210.86,-105.40
210.87,-104.35
210.88,-104.94
210.89,-104.92
210.90,-106.12
210.91,-106.66
210.92,-103.61
210.93,-106.03
210.94,-105.52
210.95,-103.92
210.96,-102.75
210.97,-105.99
210.98,-104.71
210.99,-104.79
211.00,-105.28
211.01,-105.50
211.02,-105.52
211.03,-104.07
211.04,-104.41
211.05,-105.61
211.06,-104.15
211.07,-106.27
211.08,-105.50
211.09,-103.98
211.10,-105.56
211.11,-104.82
211.12,-104.71
211.13,-105.00
211.14,-104.48
211.15,-107.07
211.16,-107.85
211.17,-104.38
211.18,-104.82
211.19,-106.61
211.20,-105.88
211.21,-103.10
211.22,-106.19
211.23,-105.76
211.24,-104.17
211.25,-105.55
211.26,-104.91
211.27,-103.31
211.28,-101.61
211.29,-101.82
211.30,-101.81
211.31,-103.17
211.32,-103.41
211.33,-106.07
211.34,-105.28
211.35,-104.08
211.36,-105.61
211.37,-103.38
211.38,-105.40
211.39,-104.02
211.40,-105.58
211.41,-104.14
211.42,-104.23
211.43,-105.45
211.44,-102.97
211.45,-105.37
211.46,-104.28
211.47,-103.26
211.48,-105.18
211.49,-104.34
211.50,-104.81
211.51,-104.17
211.52,-105.34
211.53,-102.08
211.54,-103.54
211.55,-106.20
211.56,-104.02
211.57,-106.85
211.58,-105.51
211.59,-104.05
211.60,-105.79
211.60,-105.79
211.61,-103.67
211.62,-104.63
211.63,-105.43
211.64,-103.66
211.65,-104.26
211.66,-106.69
211.67,-102.21
211.68,-103.90
211.69,-105.15
211.70,-106.41
211.71,-105.23
211.72,-104.74
211.73,-104.75
211.74,-104.79
211.75,-105.31
211.76,-105.63
211.77,-102.57
211.78,-103.63
211.79,-102.45
211.80,-105.39
211.81,-105.59
211.82,-106.14
211.83,-105.46
211.84,-103.86
211.85,-105.21
211.86,-104.35
211.87,-104.64
211.88,-105.06
211.89,-102.75
211.90,-103.69
211.91,-105.08
211.92,-104.64
211.93,-104.71
211.94,-102.75
211.95,-99.55
211.96,-98.67
211.97,-96.66
211.98,-98.37
211.99,-99.60
212.00,-106.53
212.01,-103.68
212.02,-104.42
212.03,-104.59
212.04,-105.98
212.05,-102.02
212.06,-102.82
212.07,-106.30
212.08,-102.74
212.09,-104.17
212.10,-105.55
212.11,-103.34
212.12,-106.44
212.13,-105.69
212.14,-105.01
212.15,-103.98
212.16,-104.26
212.17,-104.49
212.18,-105.02
212.19,-102.33
212.20,-105.26
212.21,-101.80
212.22,-106.36
212.23,-104.72
212.24,-104.67
212.25,-104.88
212.26,-100.39
212.27,-105.62
212.28,-106.33
212.29,-104.73
212.30,-103.37
212.31,-103.61
212.32,-105.29
212.33,-105.15
212.34,-104.15
212.35,-103.14
212.36,-103.59
212.37,-104.63
212.38,-104.30
212.39,-104.59
212.40,-105.69
212.40,-105.69
212.41,-103.53
212.42,-105.54
212.43,-104.53
212.44,-104.54
212.45,-103.58
212.46,-105.36
212.47,-106.31
212.48,-104.05
212.49,-103.37
212.50,-103.53
212.51,-104.08
212.52,-103.11
212.53,-104.18
212.54,-103.44
212.55,-102.97
212.56,-104.04
212.57,-102.60
212.58,-103.78
212.59,-103.38
212.60,-105.00
212.61,-101.84
212.62,-104.16
212.63,-105.84
212.64,-102.33
212.65,-102.64
212.66,-105.20
212.67,-100.70
212.68,-103.23
212.69,-101.90
212.70,-103.24
212.71,-100.97
212.72,-103.14
212.73,-102.84
212.74,-102.99
212.75,-103.65
212.76,-103.76
212.77,-104.85
212.78,-101.79
212.79,-100.59
212.80,-102.17
212.81,-104.63
212.82,-102.95
212.83,-104.93
212.84,-103.60
212.85,-105.13
212.86,-104.22
212.87,-103.32
212.88,-103.37
212.89,-104.91
212.90,-105.74
212.91,-102.52
212.92,-103.89
212.93,-102.76
212.94,-103.97
212.95,-103.21
212.96,-104.75
212.97,-101.35
212.98,-100.51
212.99,-102.03
213.00,-102.22
213.01,-104.27
213.02,-102.79
213.03,-103.10
213.04,-104.89
213.05,-104.98
213.06,-105.35
213.07,-105.15
213.08,-104.10
213.09,-106.01
213.10,-105.33
213.11,-104.67
213.12,-104.03
213.13,-102.54
213.14,-103.71
213.15,-105.75
213.16,-104.34
213.17,-103.96
213.18,-103.77
213.19,-100.83
213.20,-103.42
213.20,-103.42
213.21,-103.08
213.22,-103.48
213.23,-103.34
213.24,-103.34
213.25,-105.22
213.26,-103.49
213.27,-104.00
213.28,-103.81
213.29,-103.16
213.30,-104.45
213.31,-101.52
213.32,-103.90
213.33,-101.65
213.34,-103.28
213.35,-104.05
213.36,-105.08
213.37,-102.89
213.38,-102.24
213.39,-103.57
213.40,-104.46
213.41,-102.36
213.42,-102.25
213.43,-104.42
213.44,-103.77
213.45,-103.31
213.46,-104.31
213.47,-102.44
213.48,-100.49
213.49,-97.75
213.50,-96.76
213.51,-96.01
213.52,-97.87
213.53,-99.99
213.54,-101.75
213.55,-104.78
213.56,-104.74
213.57,-101.50
213.58,-105.45
213.59,-103.81
213.60,-103.89
213.61,-103.86
213.62,-103.64
213.63,-102.18
213.64,-101.96
213.65,-100.74
213.66,-102.63
213.67,-102.51
213.68,-104.95
213.69,-103.55
213.70,-104.24
213.71,-103.01
213.72,-104.10
213.73,-103.04
213.74,-103.53
213.75,-103.01
213.76,-104.46
213.77,-104.37
213.78,-105.64
213.79,-103.10
213.80,-105.81
213.81,-104.44
213.82,-104.12
213.83,-103.87
213.84,-103.40
213.85,-103.91
213.86,-103.06
213.87,-103.77
213.88,-103.24
213.89,-103.25
213.90,-105.10
213.91,-104.23
213.92,-103.94
213.93,-103.56
213.94,-103.20
213.95,-105.18
213.96,-103.09
213.97,-104.22
213.98,-103.51
213.99,-102.73
214.00,-103.25
214.00,-104.41
214.01,-104.94
214.02,-105.57
214.03,-103.33
214.04,-103.61
214.05,-105.79
214.06,-104.70
214.07,-104.22
214.08,-104.62
214.09,-105.33
214.10,-104.78
214.11,-102.92
214.12,-104.20
214.13,-103.93
214.14,-102.82
214.15,-102.36
214.16,-103.67
214.17,-103.27
214.18,-103.69
214.19,-103.57
214.20,-104.51
214.21,-101.93
214.22,-102.32
214.23,-102.80
214.24,-103.65
214.25,-104.48
214.26,-104.61
214.27,-101.69
214.28,-104.12
214.29,-104.19
214.30,-103.49
214.31,-104.74
214.32,-104.62
214.33,-101.73
214.34,-105.47
214.35,-102.14
214.36,-103.62
214.37,-102.72
214.38,-102.41
214.39,-102.18
214.40,-104.38
214.41,-103.83
214.42,-104.42
214.43,-106.99
214.44,-104.02
214.45,-104.68
214.46,-104.29
214.47,-102.73
214.48,-103.65
214.49,-102.48
214.50,-105.56
214.51,-102.86
214.52,-106.31
214.53,-103.53
214.54,-104.68
214.55,-104.76
214.56,-104.72
214.57,-103.45
214.58,-102.27
214.59,-106.49
214.60,-105.17
214.61,-105.27
214.62,-104.86
214.63,-104.42
214.64,-102.15
214.65,-105.50
214.66,-103.16
214.67,-103.63
214.68,-104.85
214.69,-103.40
214.70,-104.72
214.71,-103.85
214.72,-106.41
214.73,-103.95
214.74,-102.71
214.75,-102.33
214.76,-100.51
214.77,-98.58
214.78,-97.61
214.79,-100.07
214.80,-102.41
214.80,-102.28
214.81,-104.28
214.82,-103.82
214.83,-105.32
214.84,-103.52
214.85,-104.59
214.86,-106.92
214.87,-104.87
214.88,-104.46
214.89,-104.82
214.90,-106.13
214.91,-103.93
214.92,-103.49
214.93,-104.96
214.94,-107.17
214.95,-105.08
214.96,-104.95
214.97,-104.27
214.98,-103.23
214.99,-103.14
215.00,-102.96
215.01,-102.71
215.02,-102.30
215.03,-99.05
215.04,-98.11
215.05,-99.60
215.06,-101.00
215.07,-103.45
215.08,-101.02
215.09,-105.09
215.10,-105.66
215.11,-104.53
215.12,-105.83
215.13,-102.69
215.14,-105.45
215.15,-106.07
215.16,-103.35
215.17,-102.97
215.18,-103.03
215.19,-103.95
215.20,-101.13
215.21,-103.95
215.22,-101.90
215.23,-104.27
215.24,-104.27
215.25,-101.80
215.26,-103.82
215.27,-104.28
215.28,-104.25
215.29,-104.91
215.30,-103.81
215.31,-106.51
215.32,-104.52
215.33,-101.33
215.34,-105.52
215.35,-101.46
215.36,-101.63
215.37,-105.40
215.38,-105.36
215.39,-104.79
215.40,-103.66
215.41,-101.82
215.42,-103.49
215.43,-101.96
215.44,-101.62
215.45,-103.13
215.46,-103.16
215.47,-102.96
215.48,-105.12
215.49,-104.70
215.50,-104.74
215.51,-102.62
215.52,-102.09
215.53,-102.80
215.54,-104.26
215.55,-103.33
215.56,-105.78
215.57,-104.70
215.58,-104.43
215.59,-102.62
215.60,-103.17
215.60,-103.17
215.61,-102.80
215.62,-104.22
215.63,-102.08
215.64,-106.42
215.65,-105.00
215.66,-104.02
215.67,-104.36
215.68,-103.08
215.69,-106.28
215.70,-104.85
215.71,-105.51
215.72,-105.27
215.73,-103.89
215.74,-103.80
215.75,-105.11
215.76,-105.28
215.77,-104.85
215.78,-106.02
215.79,-104.69
215.80,-103.40
215.81,-104.78
215.82,-104.21
215.83,-104.30
215.84,-104.78
215.85,-104.93
215.86,-105.41
215.87,-103.00
215.88,-106.05
215.89,-105.35
215.90,-105.08
215.91,-102.82
215.92,-103.10
215.93,-105.04
215.94,-104.81
215.95,-105.30
215.96,-104.30
215.97,-103.13
215.98,-104.95
215.99,-101.93
216.00,-101.66
216.01,-101.91
216.02,-102.47
216.03,-105.05
216.04,-105.14
216.05,-104.38
216.06,-105.73
216.07,-104.40
216.08,-103.66
216.09,-106.80
216.10,-104.14
216.11,-104.61
216.12,-103.91
216.13,-106.44
216.14,-104.80
216.15,-104.34
216.16,-106.07
216.17,-104.59
216.18,-106.37
216.19,-104.06
216.20,-105.96
216.21,-105.73
216.22,-105.12
216.23,-106.68
216.24,-102.44
216.25,-104.47
216.26,-103.95
216.27,-106.18
216.28,-104.38
216.29,-104.01
216.30,-104.95
216.31,-102.54
216.32,-105.24
216.33,-105.79
216.34,-105.22
216.35,-105.49
216.36,-106.38
216.37,-104.77
216.38,-104.64
216.39,-104.70
216.40,-104.60
216.40,-104.60
216.41,-106.22
216.42,-106.08
216.43,-105.23
216.44,-103.86
216.45,-106.14
216.46,-104.90
216.47,-104.54
216.48,-106.14
216.49,-105.75
216.50,-104.06
216.51,-105.90
216.52,-105.06
216.53,-105.54
216.54,-104.57
216.55,-101.87
216.56,-99.29
216.57,-98.70
216.58,-98.27
216.59,-99.26
216.60,-102.70
216.61,-105.52
216.62,-103.87
216.63,-107.29
216.64,-105.34
216.65,-106.51
216.66,-105.71
216.67,-103.96
216.68,-103.29
216.69,-101.84
216.70,-103.20
216.71,-105.10
216.72,-102.30
216.73,-104.33
216.74,-103.37
216.75,-105.20
216.76,-104.02
216.77,-102.91
216.78,-103.99
216.79,-105.28
216.80,-106.27
216.81,-106.40
216.82,-106.82
216.83,-102.94
216.84,-103.69
216.85,-105.69
216.86,-105.77
216.87,-105.04
216.88,-105.60
216.89,-106.41
216.90,-103.52
216.91,-103.96
216.92,-103.51
216.93,-100.01
216.94,-101.21
216.95,-102.00
216.96,-102.04
216.97,-103.71
216.98,-101.80
216.99,-103.52
217.00,-103.80
217.01,-103.66
217.02,-104.54
217.03,-105.22
217.04,-106.54
217.05,-106.62
217.06,-104.31
217.07,-106.86
217.08,-106.08
217.09,-106.12
217.10,-104.96
217.11,-102.75
217.12,-104.52
217.13,-104.25
217.14,-104.46
217.15,-103.94
217.16,-104.97
217.17,-104.14
217.18,-105.93
217.19,-104.72
217.20,-106.54
217.20,-106.54
217.21,-103.58
217.22,-106.23
217.23,-106.75
217.24,-104.50
217.25,-105.07
217.26,-105.67
217.27,-104.83
217.28,-104.53
217.29,-105.21
217.30,-105.51
217.31,-104.58
217.32,-104.31
217.33,-106.52
217.34,-104.14
217.35,-104.99
217.36,-106.26
217.37,-105.61
217.38,-105.24
217.39,-104.57
217.40,-106.02
217.41,-102.64
217.42,-103.63
217.43,-104.64
217.44,-105.38
217.45,-106.16
217.46,-105.06
217.47,-105.79
217.48,-104.25
217.49,-106.09
217.50,-104.86
217.51,-104.38
217.52,-103.72
217.53,-105.14
217.54,-104.33
217.55,-102.87
217.56,-105.69
217.57,-106.33
217.58,-106.20
217.59,-104.69
217.60,-104.54
217.61,-106.26
217.62,-106.23
217.63,-104.83
217.64,-105.50
217.65,-105.12
217.66,-106.24
217.67,-105.19
217.68,-104.61
217.69,-104.84
217.70,-105.59
217.71,-104.89
217.72,-107.47
217.73,-104.55
217.74,-101.64
217.75,-103.12
217.76,-106.07
217.77,-105.83
217.78,-104.90
217.79,-107.24
217.80,-104.65
217.81,-104.97
217.82,-103.17
217.83,-105.33
217.84,-104.48
217.85,-104.13
217.86,-105.13
217.87,-104.61
217.88,-103.74
217.89,-102.38
217.90,-103.92
217.91,-102.93
217.92,-105.18
217.93,-105.07
217.94,-104.16
217.95,-102.74
217.96,-104.20
217.97,-104.74
217.98,-104.84
217.99,-105.39
218.00,-105.86
218.00,-104.23
218.01,-104.37
218.02,-104.33
218.03,-107.06
218.04,-108.34
218.05,-104.10
218.06,-105.85
218.07,-104.35
218.08,-106.26
218.09,-104.56
218.10,-104.63
218.11,-103.77
218.12,-103.19
218.13,-102.00
218.14,-103.97
218.15,-102.49
218.16,-107.89
218.17,-106.92
218.18,-103.39
218.19,-103.52
218.20,-104.56
218.21,-104.56
218.22,-104.12
218.23,-104.42
218.24,-105.36
218.25,-104.87
218.26,-105.49
218.27,-105.02
218.28,-106.40
218.29,-106.88
218.30,-105.21
218.31,-105.61
218.32,-104.51
218.33,-105.79
218.34,-103.38
218.35,-101.85
218.36,-102.47
218.37,-104.53
218.38,-105.02
218.39,-101.46
218.40,-104.64
218.40,-104.64
218.41,-104.60
218.42,-105.26
218.43,-105.71
218.44,-103.03
218.45,-102.96
218.46,-105.27
218.47,-103.53
218.48,-106.10
218.49,-105.31
218.50,-105.24
218.51,-104.27
218.52,-104.95
218.53,-103.08
218.54,-104.68
218.55,-106.88
218.56,-104.21
218.57,-103.06
218.58,-104.76
218.59,-105.08
218.60,-103.33
218.61,-103.64
218.62,-104.77
218.63,-103.43
218.64,-104.34
218.65,-105.69
218.66,-107.05
218.67,-106.33
218.68,-103.36
218.69,-105.76
218.70,-103.04
218.71,-103.05
218.72,-103.57
218.73,-104.11
218.74,-104.73
218.75,-101.84
218.76,-104.00
218.77,-105.25
218.78,-104.88
218.79,-103.56
218.80,-105.54
218.80,-105.54
218.81,-106.82
218.82,-104.66
218.83,-103.40
218.84,-104.12
218.85,-105.97
218.86,-104.35
218.87,-105.70
218.88,-104.65
218.89,-104.96
218.90,-103.73
218.91,-105.54
218.92,-99.46
218.93,-103.53
218.94,-105.06
218.95,-106.22
218.96,-106.48
218.97,-103.02
218.98,-101.28
218.99,-104.24
219.00,-104.99
219.01,-104.10
219.02,-104.01
219.03,-106.05
219.04,-105.86
219.05,-105.56
219.06,-103.79
219.07,-102.53
219.08,-104.04
219.09,-105.71
219.10,-104.78
219.11,-104.83
219.12,-105.40
219.13,-106.82
219.14,-104.27
219.15,-107.25
219.16,-102.71
219.17,-103.92
219.18,-106.15
219.19,-104.32
219.20,-106.36
219.20,-106.36
219.21,-104.54
219.22,-103.99
219.23,-106.06
219.24,-105.73
219.25,-105.86
219.26,-104.48
219.27,-109.12
219.28,-105.47
219.29,-106.04
219.30,-105.58
219.31,-102.89
219.32,-105.91
219.33,-103.03
219.34,-105.41
219.35,-101.68
219.36,-105.16
219.37,-104.65
219.38,-101.33
219.39,-104.79
219.40,-103.91
219.41,-102.44
219.42,-104.29
219.43,-104.75
219.44,-103.64
219.45,-104.00
219.46,-104.87
219.47,-104.19
219.48,-103.11
219.49,-103.65
219.50,-103.75
219.51,-104.77
219.52,-105.86
219.53,-102.69
219.54,-102.30
219.55,-103.41
219.56,-105.93
219.57,-103.59
219.58,-105.77
219.59,-103.26
219.60,-106.47
219.60,-106.47
219.61,-106.01
219.62,-104.97
219.63,-100.97
219.64,-99.36
219.65,-97.59
219.66,-99.52
219.67,-101.96
219.68,-101.14
219.69,-106.54
219.70,-105.78
219.71,-104.91
219.72,-105.04
219.73,-103.48
219.74,-103.83
219.75,-102.89
219.76,-104.56
219.77,-104.46
219.78,-105.23
219.79,-103.41
219.80,-103.42
219.81,-103.61
219.82,-102.18
219.83,-104.99
219.84,-103.30
219.85,-102.75
219.86,-104.71
219.87,-103.40
219.88,-103.45
219.89,-100.56
219.90,-102.64
219.91,-103.80
219.92,-104.36
219.93,-101.75
219.94,-99.95
219.95,-95.51
219.96,-96.41
219.97,-98.47
219.98,-99.95
219.99,-102.00
220.00,-101.47
